affine rows 65 -> distinct directions 16 ; multiplicities [1, 1, 1, 1, 1, 1, 1, 1, 1, 1, 1, 1, 11, 13, 13, 16]
rank of all directions: 11 (unknowns 15, cost-free kernel 4)
  budget 1: no admissible violated-set (0s)
  budget 2: no admissible violated-set (0s)
  budget 3: no admissible violated-set (0s)
  budget 4: no admissible violated-set (1s)
  budget 5: no admissible violated-set (2s)
   violated 6 eqs [2554, 6816, 8124, 9123, 9421, 12231] -> cubics zeroable: False (0)
   violated 6 eqs [2554, 6816, 8124, 9123, 9421, 12270] -> cubics zeroable: False (0)
   violated 6 eqs [2554, 6816, 8124, 9123, 9421, 12350] -> cubics zeroable: False (0)
   violated 6 eqs [2554, 6816, 8124, 9123, 9421, 14584] -> cubics zeroable: False (0)
   violated 6 eqs [2554, 6816, 8124, 9123, 9421, 18673] -> cubics zeroable: False (0)
   violated 6 eqs [2554, 6816, 8124, 9123, 9421, 22044] -> cubics zeroable: False (0)
   violated 6 eqs [2554, 6816, 8124, 9123, 9421, 29125] -> cubics zeroable: False (0)
   violated 6 eqs [2554, 6816, 8124, 9123, 12231, 12270] -> cubics zeroable: False (0)
   violated 6 eqs [2554, 6816, 8124, 9123, 12231, 12350] -> cubics zeroable: False (0)
   violated 6 eqs [2554, 6816, 8124, 9123, 12231, 14584] -> cubics zeroable: False (0)
   violated 6 eqs [2554, 6816, 8124, 9123, 12231, 18673] -> cubics zeroable: False (0)
   violated 6 eqs [2554, 6816, 8124, 9123, 12231, 22044] -> cubics zeroable: False (0)
   violated 6 eqs [2554, 6816, 8124, 9123, 12231, 29125] -> cubics zeroable: False (0)
   violated 6 eqs [2554, 6816, 8124, 9123, 12270, 12350] -> cubics zeroable: False (0)
   violated 6 eqs [2554, 6816, 8124, 9123, 12270, 14584] -> cubics zeroable: False (0)
   violated 6 eqs [2554, 6816, 8124, 9123, 12270, 18673] -> cubics zeroable: False (0)
   violated 6 eqs [2554, 6816, 8124, 9123, 12270, 22044] -> cubics zeroable: False (0)
   violated 6 eqs [2554, 6816, 8124, 9123, 12270, 29125] -> cubics zeroable: False (0)
   violated 6 eqs [2554, 6816, 8124, 9123, 12350, 14584] -> cubics zeroable: False (0)
   violated 6 eqs [2554, 6816, 8124, 9123, 12350, 18673] -> cubics zeroable: False (0)
   violated 6 eqs [2554, 6816, 8124, 9123, 12350, 22044] -> cubics zeroable: False (0)
   violated 6 eqs [2554, 6816, 8124, 9123, 12350, 29125] -> cubics zeroable: False (0)
   violated 6 eqs [2554, 6816, 8124, 9123, 14584, 18673] -> cubics zeroable: False (0)
   violated 6 eqs [2554, 6816, 8124, 9123, 14584, 22044] -> cubics zeroable: False (0)
   violated 6 eqs [2554, 6816, 8124, 9123, 14584, 29125] -> cubics zeroable: False (0)
   violated 6 eqs [2554, 6816, 8124, 9123, 18673, 22044] -> cubics zeroable: False (0)
   violated 6 eqs [2554, 6816, 8124, 9123, 18673, 29125] -> cubics zeroable: False (0)
   violated 6 eqs [2554, 6816, 8124, 9123, 22044, 29125] -> cubics zeroable: False (0)
   violated 6 eqs [2554, 6816, 8124, 9421, 12231, 12270] -> cubics zeroable: False (0)
   violated 6 eqs [2554, 6816, 8124, 9421, 12231, 12350] -> cubics zeroable: False (0)
   violated 6 eqs [2554, 6816, 8124, 9421, 12231, 14584] -> cubics zeroable: False (0)
   violated 6 eqs [2554, 6816, 8124, 9421, 12231, 18673] -> cubics zeroable: False (0)
   violated 6 eqs [2554, 6816, 8124, 9421, 12231, 22044] -> cubics zeroable: False (0)
   violated 6 eqs [2554, 6816, 8124, 9421, 12231, 29125] -> cubics zeroable: False (0)
   violated 6 eqs [2554, 6816, 8124, 9421, 12270, 12350] -> cubics zeroable: False (0)
   violated 6 eqs [2554, 6816, 8124, 9421, 12270, 14584] -> cubics zeroable: False (0)
   violated 6 eqs [2554, 6816, 8124, 9421, 12270, 18673] -> cubics zeroable: False (0)
   violated 6 eqs [2554, 6816, 8124, 9421, 12270, 22044] -> cubics zeroable: False (0)
   violated 6 eqs [2554, 6816, 8124, 9421, 12270, 29125] -> cubics zeroable: False (0)
   violated 6 eqs [2554, 6816, 8124, 9421, 12350, 14584] -> cubics zeroable: False (0)
   violated 6 eqs [2554, 6816, 8124, 9421, 12350, 18673] -> cubics zeroable: False (0)
   violated 6 eqs [2554, 6816, 8124, 9421, 12350, 22044] -> cubics zeroable: False (0)
   violated 6 eqs [2554, 6816, 8124, 9421, 12350, 29125] -> cubics zeroable: False (0)
   violated 6 eqs [2554, 6816, 8124, 9421, 14584, 18673] -> cubics zeroable: False (0)
   violated 6 eqs [2554, 6816, 8124, 9421, 14584, 22044] -> cubics zeroable: False (0)
   violated 6 eqs [2554, 6816, 8124, 9421, 14584, 29125] -> cubics zeroable: False (0)
   violated 6 eqs [2554, 6816, 8124, 9421, 18673, 22044] -> cubics zeroable: False (0)
   violated 6 eqs [2554, 6816, 8124, 9421, 18673, 29125] -> cubics zeroable: False (0)
   violated 6 eqs [2554, 6816, 8124, 9421, 22044, 29125] -> cubics zeroable: False (0)
   violated 6 eqs [2554, 6816, 8124, 12231, 12270, 12350] -> cubics zeroable: False (0)
   violated 6 eqs [2554, 6816, 8124, 12231, 12270, 14584] -> cubics zeroable: False (0)
   violated 6 eqs [2554, 6816, 8124, 12231, 12270, 18673] -> cubics zeroable: False (0)
   violated 6 eqs [2554, 6816, 8124, 12231, 12270, 22044] -> cubics zeroable: False (0)
   violated 6 eqs [2554, 6816, 8124, 12231, 12270, 29125] -> cubics zeroable: False (0)
   violated 6 eqs [2554, 6816, 8124, 12231, 12350, 14584] -> cubics zeroable: False (0)
   violated 6 eqs [2554, 6816, 8124, 12231, 12350, 18673] -> cubics zeroable: False (0)
   violated 6 eqs [2554, 6816, 8124, 12231, 12350, 22044] -> cubics zeroable: False (0)
   violated 6 eqs [2554, 6816, 8124, 12231, 12350, 29125] -> cubics zeroable: False (0)
   violated 6 eqs [2554, 6816, 8124, 12231, 14584, 18673] -> cubics zeroable: False (0)
   violated 6 eqs [2554, 6816, 8124, 12231, 14584, 22044] -> cubics zeroable: False (0)
   violated 6 eqs [2554, 6816, 8124, 12231, 14584, 29125] -> cubics zeroable: False (0)
   violated 6 eqs [2554, 6816, 8124, 12231, 18673, 22044] -> cubics zeroable: False (0)
   violated 6 eqs [2554, 6816, 8124, 12231, 18673, 29125] -> cubics zeroable: False (0)
   violated 6 eqs [2554, 6816, 8124, 12231, 22044, 29125] -> cubics zeroable: False (0)
   violated 6 eqs [2554, 6816, 8124, 12270, 12350, 14584] -> cubics zeroable: False (0)
   violated 6 eqs [2554, 6816, 8124, 12270, 12350, 18673] -> cubics zeroable: False (0)
   violated 6 eqs [2554, 6816, 8124, 12270, 12350, 22044] -> cubics zeroable: False (0)
   violated 6 eqs [2554, 6816, 8124, 12270, 12350, 29125] -> cubics zeroable: False (0)
   violated 6 eqs [2554, 6816, 8124, 12270, 14584, 18673] -> cubics zeroable: False (0)
   violated 6 eqs [2554, 6816, 8124, 12270, 14584, 22044] -> cubics zeroable: False (0)
   violated 6 eqs [2554, 6816, 8124, 12270, 14584, 29125] -> cubics zeroable: False (0)
   violated 6 eqs [2554, 6816, 8124, 12270, 18673, 22044] -> cubics zeroable: False (0)
   violated 6 eqs [2554, 6816, 8124, 12270, 18673, 29125] -> cubics zeroable: False (0)
   violated 6 eqs [2554, 6816, 8124, 12270, 22044, 29125] -> cubics zeroable: False (0)
   violated 6 eqs [2554, 6816, 8124, 12350, 14584, 18673] -> cubics zeroable: False (0)
   violated 6 eqs [2554, 6816, 8124, 12350, 14584, 22044] -> cubics zeroable: False (0)
   violated 6 eqs [2554, 6816, 8124, 12350, 14584, 29125] -> cubics zeroable: False (0)
   violated 6 eqs [2554, 6816, 8124, 12350, 18673, 22044] -> cubics zeroable: False (0)
   violated 6 eqs [2554, 6816, 8124, 12350, 18673, 29125] -> cubics zeroable: False (0)
   violated 6 eqs [2554, 6816, 8124, 12350, 22044, 29125] -> cubics zeroable: False (0)
   violated 6 eqs [2554, 6816, 8124, 14584, 18673, 22044] -> cubics zeroable: False (0)
   violated 6 eqs [2554, 6816, 8124, 14584, 18673, 29125] -> cubics zeroable: False (0)
   violated 6 eqs [2554, 6816, 8124, 14584, 22044, 29125] -> cubics zeroable: False (0)
   violated 6 eqs [2554, 6816, 8124, 18673, 22044, 29125] -> cubics zeroable: False (0)
   violated 6 eqs [2554, 6816, 9123, 9421, 12231, 12270] -> cubics zeroable: False (0)
   violated 6 eqs [2554, 6816, 9123, 9421, 12231, 12350] -> cubics zeroable: False (0)
   violated 6 eqs [2554, 6816, 9123, 9421, 12231, 14584] -> cubics zeroable: False (0)
   violated 6 eqs [2554, 6816, 9123, 9421, 12231, 18673] -> cubics zeroable: False (0)
   violated 6 eqs [2554, 6816, 9123, 9421, 12231, 22044] -> cubics zeroable: False (0)
   violated 6 eqs [2554, 6816, 9123, 9421, 12231, 29125] -> cubics zeroable: False (0)
   violated 6 eqs [2554, 6816, 9123, 9421, 12270, 12350] -> cubics zeroable: False (0)
   violated 6 eqs [2554, 6816, 9123, 9421, 12270, 14584] -> cubics zeroable: False (0)
   violated 6 eqs [2554, 6816, 9123, 9421, 12270, 18673] -> cubics zeroable: False (0)
   violated 6 eqs [2554, 6816, 9123, 9421, 12270, 22044] -> cubics zeroable: False (0)
   violated 6 eqs [2554, 6816, 9123, 9421, 12270, 29125] -> cubics zeroable: False (0)
   violated 6 eqs [2554, 6816, 9123, 9421, 12350, 14584] -> cubics zeroable: False (0)
   violated 6 eqs [2554, 6816, 9123, 9421, 12350, 18673] -> cubics zeroable: False (0)
   violated 6 eqs [2554, 6816, 9123, 9421, 12350, 22044] -> cubics zeroable: False (0)
   violated 6 eqs [2554, 6816, 9123, 9421, 12350, 29125] -> cubics zeroable: False (0)
   violated 6 eqs [2554, 6816, 9123, 9421, 14584, 18673] -> cubics zeroable: False (0)
   violated 6 eqs [2554, 6816, 9123, 9421, 14584, 22044] -> cubics zeroable: False (0)
   violated 6 eqs [2554, 6816, 9123, 9421, 14584, 29125] -> cubics zeroable: False (0)
   violated 6 eqs [2554, 6816, 9123, 9421, 18673, 22044] -> cubics zeroable: False (0)
   violated 6 eqs [2554, 6816, 9123, 9421, 18673, 29125] -> cubics zeroable: False (0)
   violated 6 eqs [2554, 6816, 9123, 9421, 22044, 29125] -> cubics zeroable: False (0)
   violated 6 eqs [2554, 6816, 9123, 12231, 12270, 12350] -> cubics zeroable: False (0)
   violated 6 eqs [2554, 6816, 9123, 12231, 12270, 14584] -> cubics zeroable: False (0)
   violated 6 eqs [2554, 6816, 9123, 12231, 12270, 18673] -> cubics zeroable: False (0)
   violated 6 eqs [2554, 6816, 9123, 12231, 12270, 22044] -> cubics zeroable: False (0)
   violated 6 eqs [2554, 6816, 9123, 12231, 12270, 29125] -> cubics zeroable: False (0)
   violated 6 eqs [2554, 6816, 9123, 12231, 12350, 14584] -> cubics zeroable: False (0)
   violated 6 eqs [2554, 6816, 9123, 12231, 12350, 18673] -> cubics zeroable: False (0)
   violated 6 eqs [2554, 6816, 9123, 12231, 12350, 22044] -> cubics zeroable: False (0)
   violated 6 eqs [2554, 6816, 9123, 12231, 12350, 29125] -> cubics zeroable: False (0)
   violated 6 eqs [2554, 6816, 9123, 12231, 14584, 18673] -> cubics zeroable: False (0)
   violated 6 eqs [2554, 6816, 9123, 12231, 14584, 22044] -> cubics zeroable: False (0)
   violated 6 eqs [2554, 6816, 9123, 12231, 14584, 29125] -> cubics zeroable: False (0)
   violated 6 eqs [2554, 6816, 9123, 12231, 18673, 22044] -> cubics zeroable: False (0)
   violated 6 eqs [2554, 6816, 9123, 12231, 18673, 29125] -> cubics zeroable: False (0)
   violated 6 eqs [2554, 6816, 9123, 12231, 22044, 29125] -> cubics zeroable: False (0)
   violated 6 eqs [2554, 6816, 9123, 12270, 12350, 14584] -> cubics zeroable: False (0)
   violated 6 eqs [2554, 6816, 9123, 12270, 12350, 18673] -> cubics zeroable: False (0)
   violated 6 eqs [2554, 6816, 9123, 12270, 12350, 22044] -> cubics zeroable: False (0)
   violated 6 eqs [2554, 6816, 9123, 12270, 12350, 29125] -> cubics zeroable: False (0)
   violated 6 eqs [2554, 6816, 9123, 12270, 14584, 18673] -> cubics zeroable: False (0)
   violated 6 eqs [2554, 6816, 9123, 12270, 14584, 22044] -> cubics zeroable: False (0)
   violated 6 eqs [2554, 6816, 9123, 12270, 14584, 29125] -> cubics zeroable: False (0)
   violated 6 eqs [2554, 6816, 9123, 12270, 18673, 22044] -> cubics zeroable: False (0)
   violated 6 eqs [2554, 6816, 9123, 12270, 18673, 29125] -> cubics zeroable: False (0)
   violated 6 eqs [2554, 6816, 9123, 12270, 22044, 29125] -> cubics zeroable: False (0)
   violated 6 eqs [2554, 6816, 9123, 12350, 14584, 18673] -> cubics zeroable: False (0)
   violated 6 eqs [2554, 6816, 9123, 12350, 14584, 22044] -> cubics zeroable: False (0)
   violated 6 eqs [2554, 6816, 9123, 12350, 14584, 29125] -> cubics zeroable: False (0)
   violated 6 eqs [2554, 6816, 9123, 12350, 18673, 22044] -> cubics zeroable: False (0)
   violated 6 eqs [2554, 6816, 9123, 12350, 18673, 29125] -> cubics zeroable: False (0)
   violated 6 eqs [2554, 6816, 9123, 12350, 22044, 29125] -> cubics zeroable: False (0)
   violated 6 eqs [2554, 6816, 9123, 14584, 18673, 22044] -> cubics zeroable: False (0)
   violated 6 eqs [2554, 6816, 9123, 14584, 18673, 29125] -> cubics zeroable: False (0)
   violated 6 eqs [2554, 6816, 9123, 14584, 22044, 29125] -> cubics zeroable: False (0)
   violated 6 eqs [2554, 6816, 9123, 18673, 22044, 29125] -> cubics zeroable: False (0)
   violated 6 eqs [2554, 6816, 9421, 12231, 12270, 12350] -> cubics zeroable: False (0)
   violated 6 eqs [2554, 6816, 9421, 12231, 12270, 14584] -> cubics zeroable: False (0)
   violated 6 eqs [2554, 6816, 9421, 12231, 12270, 18673] -> cubics zeroable: False (0)
   violated 6 eqs [2554, 6816, 9421, 12231, 12270, 22044] -> cubics zeroable: False (0)
   violated 6 eqs [2554, 6816, 9421, 12231, 12270, 29125] -> cubics zeroable: False (0)
   violated 6 eqs [2554, 6816, 9421, 12231, 12350, 14584] -> cubics zeroable: False (0)
   violated 6 eqs [2554, 6816, 9421, 12231, 12350, 18673] -> cubics zeroable: False (0)
   violated 6 eqs [2554, 6816, 9421, 12231, 12350, 22044] -> cubics zeroable: False (0)
   violated 6 eqs [2554, 6816, 9421, 12231, 12350, 29125] -> cubics zeroable: False (0)
   violated 6 eqs [2554, 6816, 9421, 12231, 14584, 18673] -> cubics zeroable: False (0)
   violated 6 eqs [2554, 6816, 9421, 12231, 14584, 22044] -> cubics zeroable: False (0)
   violated 6 eqs [2554, 6816, 9421, 12231, 14584, 29125] -> cubics zeroable: False (0)
   violated 6 eqs [2554, 6816, 9421, 12231, 18673, 22044] -> cubics zeroable: False (0)
   violated 6 eqs [2554, 6816, 9421, 12231, 18673, 29125] -> cubics zeroable: False (0)
   violated 6 eqs [2554, 6816, 9421, 12231, 22044, 29125] -> cubics zeroable: False (0)
   violated 6 eqs [2554, 6816, 9421, 12270, 12350, 14584] -> cubics zeroable: False (0)
   violated 6 eqs [2554, 6816, 9421, 12270, 12350, 18673] -> cubics zeroable: False (0)
   violated 6 eqs [2554, 6816, 9421, 12270, 12350, 22044] -> cubics zeroable: False (0)
   violated 6 eqs [2554, 6816, 9421, 12270, 12350, 29125] -> cubics zeroable: False (0)
   violated 6 eqs [2554, 6816, 9421, 12270, 14584, 18673] -> cubics zeroable: False (0)
   violated 6 eqs [2554, 6816, 9421, 12270, 14584, 22044] -> cubics zeroable: False (0)
   violated 6 eqs [2554, 6816, 9421, 12270, 14584, 29125] -> cubics zeroable: False (0)
   violated 6 eqs [2554, 6816, 9421, 12270, 18673, 22044] -> cubics zeroable: False (0)
   violated 6 eqs [2554, 6816, 9421, 12270, 18673, 29125] -> cubics zeroable: False (0)
   violated 6 eqs [2554, 6816, 9421, 12270, 22044, 29125] -> cubics zeroable: False (0)
   violated 6 eqs [2554, 6816, 9421, 12350, 14584, 18673] -> cubics zeroable: False (0)
   violated 6 eqs [2554, 6816, 9421, 12350, 14584, 22044] -> cubics zeroable: False (0)
   violated 6 eqs [2554, 6816, 9421, 12350, 14584, 29125] -> cubics zeroable: False (0)
   violated 6 eqs [2554, 6816, 9421, 12350, 18673, 22044] -> cubics zeroable: False (0)
   violated 6 eqs [2554, 6816, 9421, 12350, 18673, 29125] -> cubics zeroable: False (0)
   violated 6 eqs [2554, 6816, 9421, 12350, 22044, 29125] -> cubics zeroable: False (0)
   violated 6 eqs [2554, 6816, 9421, 14584, 18673, 22044] -> cubics zeroable: False (0)
   violated 6 eqs [2554, 6816, 9421, 14584, 18673, 29125] -> cubics zeroable: False (0)
   violated 6 eqs [2554, 6816, 9421, 14584, 22044, 29125] -> cubics zeroable: False (0)
   violated 6 eqs [2554, 6816, 9421, 18673, 22044, 29125] -> cubics zeroable: False (0)
   violated 6 eqs [2554, 6816, 12231, 12270, 12350, 14584] -> cubics zeroable: False (0)
   violated 6 eqs [2554, 6816, 12231, 12270, 12350, 18673] -> cubics zeroable: False (0)
   violated 6 eqs [2554, 6816, 12231, 12270, 12350, 22044] -> cubics zeroable: False (0)
   violated 6 eqs [2554, 6816, 12231, 12270, 12350, 29125] -> cubics zeroable: False (0)
   violated 6 eqs [2554, 6816, 12231, 12270, 14584, 18673] -> cubics zeroable: False (0)
   violated 6 eqs [2554, 6816, 12231, 12270, 14584, 22044] -> cubics zeroable: False (0)
   violated 6 eqs [2554, 6816, 12231, 12270, 14584, 29125] -> cubics zeroable: False (0)
   violated 6 eqs [2554, 6816, 12231, 12270, 18673, 22044] -> cubics zeroable: False (0)
   violated 6 eqs [2554, 6816, 12231, 12270, 18673, 29125] -> cubics zeroable: False (0)
   violated 6 eqs [2554, 6816, 12231, 12270, 22044, 29125] -> cubics zeroable: False (0)
   violated 6 eqs [2554, 6816, 12231, 12350, 14584, 18673] -> cubics zeroable: False (0)
   violated 6 eqs [2554, 6816, 12231, 12350, 14584, 22044] -> cubics zeroable: False (0)
   violated 6 eqs [2554, 6816, 12231, 12350, 14584, 29125] -> cubics zeroable: False (0)
   violated 6 eqs [2554, 6816, 12231, 12350, 18673, 22044] -> cubics zeroable: False (0)
   violated 6 eqs [2554, 6816, 12231, 12350, 18673, 29125] -> cubics zeroable: False (0)
   violated 6 eqs [2554, 6816, 12231, 12350, 22044, 29125] -> cubics zeroable: False (0)
   violated 6 eqs [2554, 6816, 12231, 14584, 18673, 22044] -> cubics zeroable: False (0)
   violated 6 eqs [2554, 6816, 12231, 14584, 18673, 29125] -> cubics zeroable: False (0)
   violated 6 eqs [2554, 6816, 12231, 14584, 22044, 29125] -> cubics zeroable: False (0)
   violated 6 eqs [2554, 6816, 12231, 18673, 22044, 29125] -> cubics zeroable: False (0)
   violated 6 eqs [2554, 6816, 12270, 12350, 14584, 18673] -> cubics zeroable: False (0)
   violated 6 eqs [2554, 6816, 12270, 12350, 14584, 22044] -> cubics zeroable: False (0)
   violated 6 eqs [2554, 6816, 12270, 12350, 14584, 29125] -> cubics zeroable: False (0)
   violated 6 eqs [2554, 6816, 12270, 12350, 18673, 22044] -> cubics zeroable: False (0)
   violated 6 eqs [2554, 6816, 12270, 12350, 18673, 29125] -> cubics zeroable: False (0)
   violated 6 eqs [2554, 6816, 12270, 12350, 22044, 29125] -> cubics zeroable: False (0)
   violated 6 eqs [2554, 6816, 12270, 14584, 18673, 22044] -> cubics zeroable: False (0)
   violated 6 eqs [2554, 6816, 12270, 14584, 18673, 29125] -> cubics zeroable: False (0)
   violated 6 eqs [2554, 6816, 12270, 14584, 22044, 29125] -> cubics zeroable: False (0)
   violated 6 eqs [2554, 6816, 12270, 18673, 22044, 29125] -> cubics zeroable: False (0)
   violated 6 eqs [2554, 6816, 12350, 14584, 18673, 22044] -> cubics zeroable: False (0)
   violated 6 eqs [2554, 6816, 12350, 14584, 18673, 29125] -> cubics zeroable: False (0)
   violated 6 eqs [2554, 6816, 12350, 14584, 22044, 29125] -> cubics zeroable: False (0)
   violated 6 eqs [2554, 6816, 12350, 18673, 22044, 29125] -> cubics zeroable: False (0)
   violated 6 eqs [2554, 6816, 14584, 18673, 22044, 29125] -> cubics zeroable: False (0)
   violated 6 eqs [2554, 8124, 9123, 9421, 12231, 12270] -> cubics zeroable: False (0)
   violated 6 eqs [2554, 8124, 9123, 9421, 12231, 12350] -> cubics zeroable: False (0)
   violated 6 eqs [2554, 8124, 9123, 9421, 12231, 14584] -> cubics zeroable: False (0)
   violated 6 eqs [2554, 8124, 9123, 9421, 12231, 18673] -> cubics zeroable: False (0)
   violated 6 eqs [2554, 8124, 9123, 9421, 12231, 22044] -> cubics zeroable: False (0)
   violated 6 eqs [2554, 8124, 9123, 9421, 12231, 29125] -> cubics zeroable: False (0)
   violated 6 eqs [2554, 8124, 9123, 9421, 12270, 12350] -> cubics zeroable: False (0)
   violated 6 eqs [2554, 8124, 9123, 9421, 12270, 14584] -> cubics zeroable: False (0)
   violated 6 eqs [2554, 8124, 9123, 9421, 12270, 18673] -> cubics zeroable: False (0)
   violated 6 eqs [2554, 8124, 9123, 9421, 12270, 22044] -> cubics zeroable: False (0)
   violated 6 eqs [2554, 8124, 9123, 9421, 12270, 29125] -> cubics zeroable: False (0)
   violated 6 eqs [2554, 8124, 9123, 9421, 12350, 14584] -> cubics zeroable: False (0)
   violated 6 eqs [2554, 8124, 9123, 9421, 12350, 18673] -> cubics zeroable: False (0)
   violated 6 eqs [2554, 8124, 9123, 9421, 12350, 22044] -> cubics zeroable: False (0)
   violated 6 eqs [2554, 8124, 9123, 9421, 12350, 29125] -> cubics zeroable: False (0)
   violated 6 eqs [2554, 8124, 9123, 9421, 14584, 18673] -> cubics zeroable: False (0)
   violated 6 eqs [2554, 8124, 9123, 9421, 14584, 22044] -> cubics zeroable: False (0)
   violated 6 eqs [2554, 8124, 9123, 9421, 14584, 29125] -> cubics zeroable: False (0)
   violated 6 eqs [2554, 8124, 9123, 9421, 18673, 22044] -> cubics zeroable: False (0)
   violated 6 eqs [2554, 8124, 9123, 9421, 18673, 29125] -> cubics zeroable: False (0)
   violated 6 eqs [2554, 8124, 9123, 9421, 22044, 29125] -> cubics zeroable: False (0)
   violated 6 eqs [2554, 8124, 9123, 12231, 12270, 12350] -> cubics zeroable: False (0)
   violated 6 eqs [2554, 8124, 9123, 12231, 12270, 14584] -> cubics zeroable: False (0)
   violated 6 eqs [2554, 8124, 9123, 12231, 12270, 18673] -> cubics zeroable: False (0)
   violated 6 eqs [2554, 8124, 9123, 12231, 12270, 22044] -> cubics zeroable: False (0)
   violated 6 eqs [2554, 8124, 9123, 12231, 12270, 29125] -> cubics zeroable: False (0)
   violated 6 eqs [2554, 8124, 9123, 12231, 12350, 14584] -> cubics zeroable: False (0)
   violated 6 eqs [2554, 8124, 9123, 12231, 12350, 18673] -> cubics zeroable: False (0)
   violated 6 eqs [2554, 8124, 9123, 12231, 12350, 22044] -> cubics zeroable: False (0)
   violated 6 eqs [2554, 8124, 9123, 12231, 12350, 29125] -> cubics zeroable: False (0)
   violated 6 eqs [2554, 8124, 9123, 12231, 14584, 18673] -> cubics zeroable: False (0)
   violated 6 eqs [2554, 8124, 9123, 12231, 14584, 22044] -> cubics zeroable: False (0)
   violated 6 eqs [2554, 8124, 9123, 12231, 14584, 29125] -> cubics zeroable: False (0)
   violated 6 eqs [2554, 8124, 9123, 12231, 18673, 22044] -> cubics zeroable: False (0)
   violated 6 eqs [2554, 8124, 9123, 12231, 18673, 29125] -> cubics zeroable: False (0)
   violated 6 eqs [2554, 8124, 9123, 12231, 22044, 29125] -> cubics zeroable: False (0)
   violated 6 eqs [2554, 8124, 9123, 12270, 12350, 14584] -> cubics zeroable: False (0)
   violated 6 eqs [2554, 8124, 9123, 12270, 12350, 18673] -> cubics zeroable: False (0)
   violated 6 eqs [2554, 8124, 9123, 12270, 12350, 22044] -> cubics zeroable: False (0)
   violated 6 eqs [2554, 8124, 9123, 12270, 12350, 29125] -> cubics zeroable: False (0)
   violated 6 eqs [2554, 8124, 9123, 12270, 14584, 18673] -> cubics zeroable: False (0)
   violated 6 eqs [2554, 8124, 9123, 12270, 14584, 22044] -> cubics zeroable: False (0)
   violated 6 eqs [2554, 8124, 9123, 12270, 14584, 29125] -> cubics zeroable: False (0)
   violated 6 eqs [2554, 8124, 9123, 12270, 18673, 22044] -> cubics zeroable: False (0)
   violated 6 eqs [2554, 8124, 9123, 12270, 18673, 29125] -> cubics zeroable: False (0)
   violated 6 eqs [2554, 8124, 9123, 12270, 22044, 29125] -> cubics zeroable: False (0)
   violated 6 eqs [2554, 8124, 9123, 12350, 14584, 18673] -> cubics zeroable: False (0)
   violated 6 eqs [2554, 8124, 9123, 12350, 14584, 22044] -> cubics zeroable: False (0)
   violated 6 eqs [2554, 8124, 9123, 12350, 14584, 29125] -> cubics zeroable: False (0)
   violated 6 eqs [2554, 8124, 9123, 12350, 18673, 22044] -> cubics zeroable: False (0)
   violated 6 eqs [2554, 8124, 9123, 12350, 18673, 29125] -> cubics zeroable: False (0)
   violated 6 eqs [2554, 8124, 9123, 12350, 22044, 29125] -> cubics zeroable: False (0)
   violated 6 eqs [2554, 8124, 9123, 14584, 18673, 22044] -> cubics zeroable: False (0)
   violated 6 eqs [2554, 8124, 9123, 14584, 18673, 29125] -> cubics zeroable: False (0)
   violated 6 eqs [2554, 8124, 9123, 14584, 22044, 29125] -> cubics zeroable: False (0)
   violated 6 eqs [2554, 8124, 9123, 18673, 22044, 29125] -> cubics zeroable: False (0)
   violated 6 eqs [2554, 8124, 9421, 12231, 12270, 12350] -> cubics zeroable: False (0)
   violated 6 eqs [2554, 8124, 9421, 12231, 12270, 14584] -> cubics zeroable: False (0)
   violated 6 eqs [2554, 8124, 9421, 12231, 12270, 18673] -> cubics zeroable: False (0)
   violated 6 eqs [2554, 8124, 9421, 12231, 12270, 22044] -> cubics zeroable: False (0)
   violated 6 eqs [2554, 8124, 9421, 12231, 12270, 29125] -> cubics zeroable: False (0)
   violated 6 eqs [2554, 8124, 9421, 12231, 12350, 14584] -> cubics zeroable: False (0)
   violated 6 eqs [2554, 8124, 9421, 12231, 12350, 18673] -> cubics zeroable: False (0)
   violated 6 eqs [2554, 8124, 9421, 12231, 12350, 22044] -> cubics zeroable: False (0)
   violated 6 eqs [2554, 8124, 9421, 12231, 12350, 29125] -> cubics zeroable: False (0)
   violated 6 eqs [2554, 8124, 9421, 12231, 14584, 18673] -> cubics zeroable: False (0)
   violated 6 eqs [2554, 8124, 9421, 12231, 14584, 22044] -> cubics zeroable: False (0)
   violated 6 eqs [2554, 8124, 9421, 12231, 14584, 29125] -> cubics zeroable: False (0)
   violated 6 eqs [2554, 8124, 9421, 12231, 18673, 22044] -> cubics zeroable: False (0)
   violated 6 eqs [2554, 8124, 9421, 12231, 18673, 29125] -> cubics zeroable: False (0)
   violated 6 eqs [2554, 8124, 9421, 12231, 22044, 29125] -> cubics zeroable: False (0)
   violated 6 eqs [2554, 8124, 9421, 12270, 12350, 14584] -> cubics zeroable: False (0)
   violated 6 eqs [2554, 8124, 9421, 12270, 12350, 18673] -> cubics zeroable: False (0)
   violated 6 eqs [2554, 8124, 9421, 12270, 12350, 22044] -> cubics zeroable: False (0)
   violated 6 eqs [2554, 8124, 9421, 12270, 12350, 29125] -> cubics zeroable: False (0)
   violated 6 eqs [2554, 8124, 9421, 12270, 14584, 18673] -> cubics zeroable: False (0)
   violated 6 eqs [2554, 8124, 9421, 12270, 14584, 22044] -> cubics zeroable: False (0)
   violated 6 eqs [2554, 8124, 9421, 12270, 14584, 29125] -> cubics zeroable: False (0)
   violated 6 eqs [2554, 8124, 9421, 12270, 18673, 22044] -> cubics zeroable: False (0)
   violated 6 eqs [2554, 8124, 9421, 12270, 18673, 29125] -> cubics zeroable: False (0)
   violated 6 eqs [2554, 8124, 9421, 12270, 22044, 29125] -> cubics zeroable: False (0)
   violated 6 eqs [2554, 8124, 9421, 12350, 14584, 18673] -> cubics zeroable: False (0)
   violated 6 eqs [2554, 8124, 9421, 12350, 14584, 22044] -> cubics zeroable: False (0)
   violated 6 eqs [2554, 8124, 9421, 12350, 14584, 29125] -> cubics zeroable: False (0)
   violated 6 eqs [2554, 8124, 9421, 12350, 18673, 22044] -> cubics zeroable: False (0)
   violated 6 eqs [2554, 8124, 9421, 12350, 18673, 29125] -> cubics zeroable: False (0)
   violated 6 eqs [2554, 8124, 9421, 12350, 22044, 29125] -> cubics zeroable: False (0)
   violated 6 eqs [2554, 8124, 9421, 14584, 18673, 22044] -> cubics zeroable: False (0)
   violated 6 eqs [2554, 8124, 9421, 14584, 18673, 29125] -> cubics zeroable: False (0)
   violated 6 eqs [2554, 8124, 9421, 14584, 22044, 29125] -> cubics zeroable: False (0)
   violated 6 eqs [2554, 8124, 9421, 18673, 22044, 29125] -> cubics zeroable: False (0)
   violated 6 eqs [2554, 8124, 12231, 12270, 12350, 14584] -> cubics zeroable: False (0)
   violated 6 eqs [2554, 8124, 12231, 12270, 12350, 18673] -> cubics zeroable: False (0)
   violated 6 eqs [2554, 8124, 12231, 12270, 12350, 22044] -> cubics zeroable: False (0)
   violated 6 eqs [2554, 8124, 12231, 12270, 12350, 29125] -> cubics zeroable: False (0)
   violated 6 eqs [2554, 8124, 12231, 12270, 14584, 18673] -> cubics zeroable: False (0)
   violated 6 eqs [2554, 8124, 12231, 12270, 14584, 22044] -> cubics zeroable: False (0)
   violated 6 eqs [2554, 8124, 12231, 12270, 14584, 29125] -> cubics zeroable: False (0)
   violated 6 eqs [2554, 8124, 12231, 12270, 18673, 22044] -> cubics zeroable: False (0)
   violated 6 eqs [2554, 8124, 12231, 12270, 18673, 29125] -> cubics zeroable: False (0)
   violated 6 eqs [2554, 8124, 12231, 12270, 22044, 29125] -> cubics zeroable: False (0)
   violated 6 eqs [2554, 8124, 12231, 12350, 14584, 18673] -> cubics zeroable: False (0)
   violated 6 eqs [2554, 8124, 12231, 12350, 14584, 22044] -> cubics zeroable: False (0)
   violated 6 eqs [2554, 8124, 12231, 12350, 14584, 29125] -> cubics zeroable: False (0)
   violated 6 eqs [2554, 8124, 12231, 12350, 18673, 22044] -> cubics zeroable: False (0)
   violated 6 eqs [2554, 8124, 12231, 12350, 18673, 29125] -> cubics zeroable: False (0)
   violated 6 eqs [2554, 8124, 12231, 12350, 22044, 29125] -> cubics zeroable: False (0)
   violated 6 eqs [2554, 8124, 12231, 14584, 18673, 22044] -> cubics zeroable: False (0)
   violated 6 eqs [2554, 8124, 12231, 14584, 18673, 29125] -> cubics zeroable: False (0)
   violated 6 eqs [2554, 8124, 12231, 14584, 22044, 29125] -> cubics zeroable: False (0)
   violated 6 eqs [2554, 8124, 12231, 18673, 22044, 29125] -> cubics zeroable: False (0)
   violated 6 eqs [2554, 8124, 12270, 12350, 14584, 18673] -> cubics zeroable: False (0)
   violated 6 eqs [2554, 8124, 12270, 12350, 14584, 22044] -> cubics zeroable: False (0)
   violated 6 eqs [2554, 8124, 12270, 12350, 14584, 29125] -> cubics zeroable: False (0)
   violated 6 eqs [2554, 8124, 12270, 12350, 18673, 22044] -> cubics zeroable: False (0)
   violated 6 eqs [2554, 8124, 12270, 12350, 18673, 29125] -> cubics zeroable: False (0)
   violated 6 eqs [2554, 8124, 12270, 12350, 22044, 29125] -> cubics zeroable: False (0)
   violated 6 eqs [2554, 8124, 12270, 14584, 18673, 22044] -> cubics zeroable: False (0)
   violated 6 eqs [2554, 8124, 12270, 14584, 18673, 29125] -> cubics zeroable: False (0)
   violated 6 eqs [2554, 8124, 12270, 14584, 22044, 29125] -> cubics zeroable: False (0)
   violated 6 eqs [2554, 8124, 12270, 18673, 22044, 29125] -> cubics zeroable: False (0)
   violated 6 eqs [2554, 8124, 12350, 14584, 18673, 22044] -> cubics zeroable: False (0)
   violated 6 eqs [2554, 8124, 12350, 14584, 18673, 29125] -> cubics zeroable: False (0)
   violated 6 eqs [2554, 8124, 12350, 14584, 22044, 29125] -> cubics zeroable: False (0)
   violated 6 eqs [2554, 8124, 12350, 18673, 22044, 29125] -> cubics zeroable: False (0)
   violated 6 eqs [2554, 8124, 14584, 18673, 22044, 29125] -> cubics zeroable: False (0)
   violated 6 eqs [2554, 9123, 9421, 12231, 12270, 12350] -> cubics zeroable: False (0)
   violated 6 eqs [2554, 9123, 9421, 12231, 12270, 14584] -> cubics zeroable: False (0)
   violated 6 eqs [2554, 9123, 9421, 12231, 12270, 18673] -> cubics zeroable: False (0)
   violated 6 eqs [2554, 9123, 9421, 12231, 12270, 22044] -> cubics zeroable: False (0)
   violated 6 eqs [2554, 9123, 9421, 12231, 12270, 29125] -> cubics zeroable: False (0)
   violated 6 eqs [2554, 9123, 9421, 12231, 12350, 14584] -> cubics zeroable: False (0)
   violated 6 eqs [2554, 9123, 9421, 12231, 12350, 18673] -> cubics zeroable: False (0)
   violated 6 eqs [2554, 9123, 9421, 12231, 12350, 22044] -> cubics zeroable: False (0)
   violated 6 eqs [2554, 9123, 9421, 12231, 12350, 29125] -> cubics zeroable: False (0)
   violated 6 eqs [2554, 9123, 9421, 12231, 14584, 18673] -> cubics zeroable: False (0)
   violated 6 eqs [2554, 9123, 9421, 12231, 14584, 22044] -> cubics zeroable: False (0)
   violated 6 eqs [2554, 9123, 9421, 12231, 14584, 29125] -> cubics zeroable: False (0)
   violated 6 eqs [2554, 9123, 9421, 12231, 18673, 22044] -> cubics zeroable: False (0)
   violated 6 eqs [2554, 9123, 9421, 12231, 18673, 29125] -> cubics zeroable: False (0)
   violated 6 eqs [2554, 9123, 9421, 12231, 22044, 29125] -> cubics zeroable: False (0)
   violated 6 eqs [2554, 9123, 9421, 12270, 12350, 14584] -> cubics zeroable: False (0)
   violated 6 eqs [2554, 9123, 9421, 12270, 12350, 18673] -> cubics zeroable: False (0)
   violated 6 eqs [2554, 9123, 9421, 12270, 12350, 22044] -> cubics zeroable: False (0)
   violated 6 eqs [2554, 9123, 9421, 12270, 12350, 29125] -> cubics zeroable: False (0)
   violated 6 eqs [2554, 9123, 9421, 12270, 14584, 18673] -> cubics zeroable: False (0)
   violated 6 eqs [2554, 9123, 9421, 12270, 14584, 22044] -> cubics zeroable: False (0)
   violated 6 eqs [2554, 9123, 9421, 12270, 14584, 29125] -> cubics zeroable: False (0)
   violated 6 eqs [2554, 9123, 9421, 12270, 18673, 22044] -> cubics zeroable: False (0)
   violated 6 eqs [2554, 9123, 9421, 12270, 18673, 29125] -> cubics zeroable: False (0)
   violated 6 eqs [2554, 9123, 9421, 12270, 22044, 29125] -> cubics zeroable: False (0)
   violated 6 eqs [2554, 9123, 9421, 12350, 14584, 18673] -> cubics zeroable: False (0)
   violated 6 eqs [2554, 9123, 9421, 12350, 14584, 22044] -> cubics zeroable: False (0)
   violated 6 eqs [2554, 9123, 9421, 12350, 14584, 29125] -> cubics zeroable: False (0)
   violated 6 eqs [2554, 9123, 9421, 12350, 18673, 22044] -> cubics zeroable: False (0)
   violated 6 eqs [2554, 9123, 9421, 12350, 18673, 29125] -> cubics zeroable: False (0)
   violated 6 eqs [2554, 9123, 9421, 12350, 22044, 29125] -> cubics zeroable: False (0)
   violated 6 eqs [2554, 9123, 9421, 14584, 18673, 22044] -> cubics zeroable: False (0)
   violated 6 eqs [2554, 9123, 9421, 14584, 18673, 29125] -> cubics zeroable: False (0)
   violated 6 eqs [2554, 9123, 9421, 14584, 22044, 29125] -> cubics zeroable: False (0)
   violated 6 eqs [2554, 9123, 9421, 18673, 22044, 29125] -> cubics zeroable: False (0)
   violated 6 eqs [2554, 9123, 12231, 12270, 12350, 14584] -> cubics zeroable: False (0)
   violated 6 eqs [2554, 9123, 12231, 12270, 12350, 18673] -> cubics zeroable: False (0)
   violated 6 eqs [2554, 9123, 12231, 12270, 12350, 22044] -> cubics zeroable: False (0)
   violated 6 eqs [2554, 9123, 12231, 12270, 12350, 29125] -> cubics zeroable: False (0)
   violated 6 eqs [2554, 9123, 12231, 12270, 14584, 18673] -> cubics zeroable: False (0)
   violated 6 eqs [2554, 9123, 12231, 12270, 14584, 22044] -> cubics zeroable: False (0)
   violated 6 eqs [2554, 9123, 12231, 12270, 14584, 29125] -> cubics zeroable: False (0)
   violated 6 eqs [2554, 9123, 12231, 12270, 18673, 22044] -> cubics zeroable: False (0)
   violated 6 eqs [2554, 9123, 12231, 12270, 18673, 29125] -> cubics zeroable: False (0)
   violated 6 eqs [2554, 9123, 12231, 12270, 22044, 29125] -> cubics zeroable: False (0)
   violated 6 eqs [2554, 9123, 12231, 12350, 14584, 18673] -> cubics zeroable: False (0)
   violated 6 eqs [2554, 9123, 12231, 12350, 14584, 22044] -> cubics zeroable: False (0)
   violated 6 eqs [2554, 9123, 12231, 12350, 14584, 29125] -> cubics zeroable: False (0)
   violated 6 eqs [2554, 9123, 12231, 12350, 18673, 22044] -> cubics zeroable: False (0)
   violated 6 eqs [2554, 9123, 12231, 12350, 18673, 29125] -> cubics zeroable: False (0)
   violated 6 eqs [2554, 9123, 12231, 12350, 22044, 29125] -> cubics zeroable: False (0)
   violated 6 eqs [2554, 9123, 12231, 14584, 18673, 22044] -> cubics zeroable: False (0)
   violated 6 eqs [2554, 9123, 12231, 14584, 18673, 29125] -> cubics zeroable: False (0)
   violated 6 eqs [2554, 9123, 12231, 14584, 22044, 29125] -> cubics zeroable: False (0)
   violated 6 eqs [2554, 9123, 12231, 18673, 22044, 29125] -> cubics zeroable: False (0)
   violated 6 eqs [2554, 9123, 12270, 12350, 14584, 18673] -> cubics zeroable: False (0)
   violated 6 eqs [2554, 9123, 12270, 12350, 14584, 22044] -> cubics zeroable: False (0)
   violated 6 eqs [2554, 9123, 12270, 12350, 14584, 29125] -> cubics zeroable: False (0)
   violated 6 eqs [2554, 9123, 12270, 12350, 18673, 22044] -> cubics zeroable: False (0)
   violated 6 eqs [2554, 9123, 12270, 12350, 18673, 29125] -> cubics zeroable: False (0)
   violated 6 eqs [2554, 9123, 12270, 12350, 22044, 29125] -> cubics zeroable: False (0)
   violated 6 eqs [2554, 9123, 12270, 14584, 18673, 22044] -> cubics zeroable: False (0)
   violated 6 eqs [2554, 9123, 12270, 14584, 18673, 29125] -> cubics zeroable: False (0)
   violated 6 eqs [2554, 9123, 12270, 14584, 22044, 29125] -> cubics zeroable: False (0)
   violated 6 eqs [2554, 9123, 12270, 18673, 22044, 29125] -> cubics zeroable: False (0)
   violated 6 eqs [2554, 9123, 12350, 14584, 18673, 22044] -> cubics zeroable: False (0)
   violated 6 eqs [2554, 9123, 12350, 14584, 18673, 29125] -> cubics zeroable: False (0)
   violated 6 eqs [2554, 9123, 12350, 14584, 22044, 29125] -> cubics zeroable: False (0)
   violated 6 eqs [2554, 9123, 12350, 18673, 22044, 29125] -> cubics zeroable: False (0)
   violated 6 eqs [2554, 9123, 14584, 18673, 22044, 29125] -> cubics zeroable: False (0)
   violated 6 eqs [2554, 9421, 12231, 12270, 12350, 14584] -> cubics zeroable: False (0)
   violated 6 eqs [2554, 9421, 12231, 12270, 12350, 18673] -> cubics zeroable: False (0)
   violated 6 eqs [2554, 9421, 12231, 12270, 12350, 22044] -> cubics zeroable: False (0)
   violated 6 eqs [2554, 9421, 12231, 12270, 12350, 29125] -> cubics zeroable: False (0)
   violated 6 eqs [2554, 9421, 12231, 12270, 14584, 18673] -> cubics zeroable: False (0)
   violated 6 eqs [2554, 9421, 12231, 12270, 14584, 22044] -> cubics zeroable: False (0)
   violated 6 eqs [2554, 9421, 12231, 12270, 14584, 29125] -> cubics zeroable: False (0)
   violated 6 eqs [2554, 9421, 12231, 12270, 18673, 22044] -> cubics zeroable: False (0)
   violated 6 eqs [2554, 9421, 12231, 12270, 18673, 29125] -> cubics zeroable: False (0)
   violated 6 eqs [2554, 9421, 12231, 12270, 22044, 29125] -> cubics zeroable: False (0)
   violated 6 eqs [2554, 9421, 12231, 12350, 14584, 18673] -> cubics zeroable: False (0)
   violated 6 eqs [2554, 9421, 12231, 12350, 14584, 22044] -> cubics zeroable: False (0)
   violated 6 eqs [2554, 9421, 12231, 12350, 14584, 29125] -> cubics zeroable: False (0)
   violated 6 eqs [2554, 9421, 12231, 12350, 18673, 22044] -> cubics zeroable: False (0)
   violated 6 eqs [2554, 9421, 12231, 12350, 18673, 29125] -> cubics zeroable: False (0)
   violated 6 eqs [2554, 9421, 12231, 12350, 22044, 29125] -> cubics zeroable: False (0)
   violated 6 eqs [2554, 9421, 12231, 14584, 18673, 22044] -> cubics zeroable: False (0)
   violated 6 eqs [2554, 9421, 12231, 14584, 18673, 29125] -> cubics zeroable: False (0)
   violated 6 eqs [2554, 9421, 12231, 14584, 22044, 29125] -> cubics zeroable: False (0)
   violated 6 eqs [2554, 9421, 12231, 18673, 22044, 29125] -> cubics zeroable: False (0)
   violated 6 eqs [2554, 9421, 12270, 12350, 14584, 18673] -> cubics zeroable: False (0)
   violated 6 eqs [2554, 9421, 12270, 12350, 14584, 22044] -> cubics zeroable: False (0)
   violated 6 eqs [2554, 9421, 12270, 12350, 14584, 29125] -> cubics zeroable: False (0)
   violated 6 eqs [2554, 9421, 12270, 12350, 18673, 22044] -> cubics zeroable: False (0)
   violated 6 eqs [2554, 9421, 12270, 12350, 18673, 29125] -> cubics zeroable: False (0)
   violated 6 eqs [2554, 9421, 12270, 12350, 22044, 29125] -> cubics zeroable: False (0)
   violated 6 eqs [2554, 9421, 12270, 14584, 18673, 22044] -> cubics zeroable: False (0)
   violated 6 eqs [2554, 9421, 12270, 14584, 18673, 29125] -> cubics zeroable: False (0)
   violated 6 eqs [2554, 9421, 12270, 14584, 22044, 29125] -> cubics zeroable: False (0)
   violated 6 eqs [2554, 9421, 12270, 18673, 22044, 29125] -> cubics zeroable: False (0)
   violated 6 eqs [2554, 9421, 12350, 14584, 18673, 22044] -> cubics zeroable: False (0)
   violated 6 eqs [2554, 9421, 12350, 14584, 18673, 29125] -> cubics zeroable: False (0)
   violated 6 eqs [2554, 9421, 12350, 14584, 22044, 29125] -> cubics zeroable: False (0)
   violated 6 eqs [2554, 9421, 12350, 18673, 22044, 29125] -> cubics zeroable: False (0)
   violated 6 eqs [2554, 9421, 14584, 18673, 22044, 29125] -> cubics zeroable: False (0)
   violated 6 eqs [2554, 12231, 12270, 12350, 14584, 18673] -> cubics zeroable: False (0)
   violated 6 eqs [2554, 12231, 12270, 12350, 14584, 22044] -> cubics zeroable: False (0)
   violated 6 eqs [2554, 12231, 12270, 12350, 14584, 29125] -> cubics zeroable: False (0)
   violated 6 eqs [2554, 12231, 12270, 12350, 18673, 22044] -> cubics zeroable: False (0)
   violated 6 eqs [2554, 12231, 12270, 12350, 18673, 29125] -> cubics zeroable: False (0)
   violated 6 eqs [2554, 12231, 12270, 12350, 22044, 29125] -> cubics zeroable: False (0)
   violated 6 eqs [2554, 12231, 12270, 14584, 18673, 22044] -> cubics zeroable: False (0)
   violated 6 eqs [2554, 12231, 12270, 14584, 18673, 29125] -> cubics zeroable: False (0)
   violated 6 eqs [2554, 12231, 12270, 14584, 22044, 29125] -> cubics zeroable: False (0)
   violated 6 eqs [2554, 12231, 12270, 18673, 22044, 29125] -> cubics zeroable: False (0)
   violated 6 eqs [2554, 12231, 12350, 14584, 18673, 22044] -> cubics zeroable: False (0)
   violated 6 eqs [2554, 12231, 12350, 14584, 18673, 29125] -> cubics zeroable: False (0)
   violated 6 eqs [2554, 12231, 12350, 14584, 22044, 29125] -> cubics zeroable: False (0)
   violated 6 eqs [2554, 12231, 12350, 18673, 22044, 29125] -> cubics zeroable: False (0)
   violated 6 eqs [2554, 12231, 14584, 18673, 22044, 29125] -> cubics zeroable: False (0)
   violated 6 eqs [2554, 12270, 12350, 14584, 18673, 22044] -> cubics zeroable: False (0)
   violated 6 eqs [2554, 12270, 12350, 14584, 18673, 29125] -> cubics zeroable: False (0)
   violated 6 eqs [2554, 12270, 12350, 14584, 22044, 29125] -> cubics zeroable: False (0)
   violated 6 eqs [2554, 12270, 12350, 18673, 22044, 29125] -> cubics zeroable: False (0)
   violated 6 eqs [2554, 12270, 14584, 18673, 22044, 29125] -> cubics zeroable: False (0)
   violated 6 eqs [2554, 12350, 14584, 18673, 22044, 29125] -> cubics zeroable: False (0)
   violated 6 eqs [6816, 8124, 9123, 9421, 12231, 12270] -> cubics zeroable: False (20)
   violated 6 eqs [6816, 8124, 9123, 9421, 12231, 12350] -> cubics zeroable: False (20)
   violated 6 eqs [6816, 8124, 9123, 9421, 12231, 14584] -> cubics zeroable: False (20)
   violated 6 eqs [6816, 8124, 9123, 9421, 12231, 18673] -> cubics zeroable: False (20)
   violated 6 eqs [6816, 8124, 9123, 9421, 12231, 22044] -> cubics zeroable: False (0)
   violated 6 eqs [6816, 8124, 9123, 9421, 12231, 29125] -> cubics zeroable: False (0)
   violated 6 eqs [6816, 8124, 9123, 9421, 12270, 12350] -> cubics zeroable: False (20)
   violated 6 eqs [6816, 8124, 9123, 9421, 12270, 14584] -> cubics zeroable: False (20)
   violated 6 eqs [6816, 8124, 9123, 9421, 12270, 18673] -> cubics zeroable: False (20)
   violated 6 eqs [6816, 8124, 9123, 9421, 12270, 22044] -> cubics zeroable: False (0)
   violated 6 eqs [6816, 8124, 9123, 9421, 12270, 29125] -> cubics zeroable: False (0)
   violated 6 eqs [6816, 8124, 9123, 9421, 12350, 14584] -> cubics zeroable: False (20)
   violated 6 eqs [6816, 8124, 9123, 9421, 12350, 18673] -> cubics zeroable: False (20)
   violated 6 eqs [6816, 8124, 9123, 9421, 12350, 22044] -> cubics zeroable: False (0)
   violated 6 eqs [6816, 8124, 9123, 9421, 12350, 29125] -> cubics zeroable: False (0)
   violated 6 eqs [6816, 8124, 9123, 9421, 14584, 18673] -> cubics zeroable: False (20)
   violated 6 eqs [6816, 8124, 9123, 9421, 14584, 22044] -> cubics zeroable: False (0)
   violated 6 eqs [6816, 8124, 9123, 9421, 14584, 29125] -> cubics zeroable: False (0)
   violated 6 eqs [6816, 8124, 9123, 9421, 18673, 22044] -> cubics zeroable: False (0)
   violated 6 eqs [6816, 8124, 9123, 9421, 18673, 29125] -> cubics zeroable: False (0)
   violated 6 eqs [6816, 8124, 9123, 9421, 22044, 29125] -> cubics zeroable: False (0)
   violated 6 eqs [6816, 8124, 9123, 12231, 12270, 12350] -> cubics zeroable: False (20)
   violated 6 eqs [6816, 8124, 9123, 12231, 12270, 14584] -> cubics zeroable: False (20)
   violated 6 eqs [6816, 8124, 9123, 12231, 12270, 18673] -> cubics zeroable: False (20)
   violated 6 eqs [6816, 8124, 9123, 12231, 12270, 22044] -> cubics zeroable: False (0)
   violated 6 eqs [6816, 8124, 9123, 12231, 12270, 29125] -> cubics zeroable: False (0)
   violated 6 eqs [6816, 8124, 9123, 12231, 12350, 14584] -> cubics zeroable: False (20)
   violated 6 eqs [6816, 8124, 9123, 12231, 12350, 18673] -> cubics zeroable: False (20)
   violated 6 eqs [6816, 8124, 9123, 12231, 12350, 22044] -> cubics zeroable: False (0)
   violated 6 eqs [6816, 8124, 9123, 12231, 12350, 29125] -> cubics zeroable: False (0)
   violated 6 eqs [6816, 8124, 9123, 12231, 14584, 18673] -> cubics zeroable: False (20)
   violated 6 eqs [6816, 8124, 9123, 12231, 14584, 22044] -> cubics zeroable: False (0)
   violated 6 eqs [6816, 8124, 9123, 12231, 14584, 29125] -> cubics zeroable: False (0)
   violated 6 eqs [6816, 8124, 9123, 12231, 18673, 22044] -> cubics zeroable: False (0)
   violated 6 eqs [6816, 8124, 9123, 12231, 18673, 29125] -> cubics zeroable: False (0)
   violated 6 eqs [6816, 8124, 9123, 12231, 22044, 29125] -> cubics zeroable: False (0)
   violated 6 eqs [6816, 8124, 9123, 12270, 12350, 14584] -> cubics zeroable: False (20)
   violated 6 eqs [6816, 8124, 9123, 12270, 12350, 18673] -> cubics zeroable: False (20)
   violated 6 eqs [6816, 8124, 9123, 12270, 12350, 22044] -> cubics zeroable: False (0)
   violated 6 eqs [6816, 8124, 9123, 12270, 12350, 29125] -> cubics zeroable: False (0)
   violated 6 eqs [6816, 8124, 9123, 12270, 14584, 18673] -> cubics zeroable: False (20)
   violated 6 eqs [6816, 8124, 9123, 12270, 14584, 22044] -> cubics zeroable: False (0)
   violated 6 eqs [6816, 8124, 9123, 12270, 14584, 29125] -> cubics zeroable: False (0)
   violated 6 eqs [6816, 8124, 9123, 12270, 18673, 22044] -> cubics zeroable: False (0)
   violated 6 eqs [6816, 8124, 9123, 12270, 18673, 29125] -> cubics zeroable: False (0)
   violated 6 eqs [6816, 8124, 9123, 12270, 22044, 29125] -> cubics zeroable: False (0)
   violated 6 eqs [6816, 8124, 9123, 12350, 14584, 18673] -> cubics zeroable: False (20)
   violated 6 eqs [6816, 8124, 9123, 12350, 14584, 22044] -> cubics zeroable: False (0)
   violated 6 eqs [6816, 8124, 9123, 12350, 14584, 29125] -> cubics zeroable: False (0)
   violated 6 eqs [6816, 8124, 9123, 12350, 18673, 22044] -> cubics zeroable: False (0)
   violated 6 eqs [6816, 8124, 9123, 12350, 18673, 29125] -> cubics zeroable: False (0)
   violated 6 eqs [6816, 8124, 9123, 12350, 22044, 29125] -> cubics zeroable: False (0)
   violated 6 eqs [6816, 8124, 9123, 14584, 18673, 22044] -> cubics zeroable: False (0)
   violated 6 eqs [6816, 8124, 9123, 14584, 18673, 29125] -> cubics zeroable: False (0)
   violated 6 eqs [6816, 8124, 9123, 14584, 22044, 29125] -> cubics zeroable: False (0)
   violated 6 eqs [6816, 8124, 9123, 18673, 22044, 29125] -> cubics zeroable: False (0)
   violated 6 eqs [6816, 8124, 9421, 12231, 12270, 12350] -> cubics zeroable: False (20)
   violated 6 eqs [6816, 8124, 9421, 12231, 12270, 14584] -> cubics zeroable: False (20)
   violated 6 eqs [6816, 8124, 9421, 12231, 12270, 18673] -> cubics zeroable: False (20)
   violated 6 eqs [6816, 8124, 9421, 12231, 12270, 22044] -> cubics zeroable: False (0)
   violated 6 eqs [6816, 8124, 9421, 12231, 12270, 29125] -> cubics zeroable: False (0)
   violated 6 eqs [6816, 8124, 9421, 12231, 12350, 14584] -> cubics zeroable: False (20)
   violated 6 eqs [6816, 8124, 9421, 12231, 12350, 18673] -> cubics zeroable: False (20)
   violated 6 eqs [6816, 8124, 9421, 12231, 12350, 22044] -> cubics zeroable: False (0)
   violated 6 eqs [6816, 8124, 9421, 12231, 12350, 29125] -> cubics zeroable: False (0)
   violated 6 eqs [6816, 8124, 9421, 12231, 14584, 18673] -> cubics zeroable: False (20)
   violated 6 eqs [6816, 8124, 9421, 12231, 14584, 22044] -> cubics zeroable: False (0)
   violated 6 eqs [6816, 8124, 9421, 12231, 14584, 29125] -> cubics zeroable: False (0)
   violated 6 eqs [6816, 8124, 9421, 12231, 18673, 22044] -> cubics zeroable: False (0)
   violated 6 eqs [6816, 8124, 9421, 12231, 18673, 29125] -> cubics zeroable: False (0)
   violated 6 eqs [6816, 8124, 9421, 12231, 22044, 29125] -> cubics zeroable: False (0)
   violated 6 eqs [6816, 8124, 9421, 12270, 12350, 14584] -> cubics zeroable: False (20)
   violated 6 eqs [6816, 8124, 9421, 12270, 12350, 18673] -> cubics zeroable: False (20)
   violated 6 eqs [6816, 8124, 9421, 12270, 12350, 22044] -> cubics zeroable: False (0)
   violated 6 eqs [6816, 8124, 9421, 12270, 12350, 29125] -> cubics zeroable: False (0)
   violated 6 eqs [6816, 8124, 9421, 12270, 14584, 18673] -> cubics zeroable: False (20)
   violated 6 eqs [6816, 8124, 9421, 12270, 14584, 22044] -> cubics zeroable: False (0)
   violated 6 eqs [6816, 8124, 9421, 12270, 14584, 29125] -> cubics zeroable: False (0)
   violated 6 eqs [6816, 8124, 9421, 12270, 18673, 22044] -> cubics zeroable: False (0)
   violated 6 eqs [6816, 8124, 9421, 12270, 18673, 29125] -> cubics zeroable: False (0)
   violated 6 eqs [6816, 8124, 9421, 12270, 22044, 29125] -> cubics zeroable: False (0)
   violated 6 eqs [6816, 8124, 9421, 12350, 14584, 18673] -> cubics zeroable: False (20)
   violated 6 eqs [6816, 8124, 9421, 12350, 14584, 22044] -> cubics zeroable: False (0)
   violated 6 eqs [6816, 8124, 9421, 12350, 14584, 29125] -> cubics zeroable: False (0)
   violated 6 eqs [6816, 8124, 9421, 12350, 18673, 22044] -> cubics zeroable: False (0)
   violated 6 eqs [6816, 8124, 9421, 12350, 18673, 29125] -> cubics zeroable: False (0)
   violated 6 eqs [6816, 8124, 9421, 12350, 22044, 29125] -> cubics zeroable: False (0)
   violated 6 eqs [6816, 8124, 9421, 14584, 18673, 22044] -> cubics zeroable: False (0)
   violated 6 eqs [6816, 8124, 9421, 14584, 18673, 29125] -> cubics zeroable: False (0)
   violated 6 eqs [6816, 8124, 9421, 14584, 22044, 29125] -> cubics zeroable: False (0)
   violated 6 eqs [6816, 8124, 9421, 18673, 22044, 29125] -> cubics zeroable: False (0)
   violated 6 eqs [6816, 8124, 12231, 12270, 12350, 14584] -> cubics zeroable: False (20)
   violated 6 eqs [6816, 8124, 12231, 12270, 12350, 18673] -> cubics zeroable: False (20)
   violated 6 eqs [6816, 8124, 12231, 12270, 12350, 22044] -> cubics zeroable: False (0)
   violated 6 eqs [6816, 8124, 12231, 12270, 12350, 29125] -> cubics zeroable: False (0)
   violated 6 eqs [6816, 8124, 12231, 12270, 14584, 18673] -> cubics zeroable: False (20)
   violated 6 eqs [6816, 8124, 12231, 12270, 14584, 22044] -> cubics zeroable: False (0)
   violated 6 eqs [6816, 8124, 12231, 12270, 14584, 29125] -> cubics zeroable: False (0)
   violated 6 eqs [6816, 8124, 12231, 12270, 18673, 22044] -> cubics zeroable: False (0)
   violated 6 eqs [6816, 8124, 12231, 12270, 18673, 29125] -> cubics zeroable: False (0)
   violated 6 eqs [6816, 8124, 12231, 12270, 22044, 29125] -> cubics zeroable: False (0)
   violated 6 eqs [6816, 8124, 12231, 12350, 14584, 18673] -> cubics zeroable: False (20)
   violated 6 eqs [6816, 8124, 12231, 12350, 14584, 22044] -> cubics zeroable: False (0)
   violated 6 eqs [6816, 8124, 12231, 12350, 14584, 29125] -> cubics zeroable: False (0)
   violated 6 eqs [6816, 8124, 12231, 12350, 18673, 22044] -> cubics zeroable: False (0)
   violated 6 eqs [6816, 8124, 12231, 12350, 18673, 29125] -> cubics zeroable: False (0)
   violated 6 eqs [6816, 8124, 12231, 12350, 22044, 29125] -> cubics zeroable: False (0)
   violated 6 eqs [6816, 8124, 12231, 14584, 18673, 22044] -> cubics zeroable: False (0)
   violated 6 eqs [6816, 8124, 12231, 14584, 18673, 29125] -> cubics zeroable: False (0)
   violated 6 eqs [6816, 8124, 12231, 14584, 22044, 29125] -> cubics zeroable: False (0)
   violated 6 eqs [6816, 8124, 12231, 18673, 22044, 29125] -> cubics zeroable: False (0)
   violated 6 eqs [6816, 8124, 12270, 12350, 14584, 18673] -> cubics zeroable: False (20)
   violated 6 eqs [6816, 8124, 12270, 12350, 14584, 22044] -> cubics zeroable: False (0)
   violated 6 eqs [6816, 8124, 12270, 12350, 14584, 29125] -> cubics zeroable: False (0)
   violated 6 eqs [6816, 8124, 12270, 12350, 18673, 22044] -> cubics zeroable: False (0)
   violated 6 eqs [6816, 8124, 12270, 12350, 18673, 29125] -> cubics zeroable: False (0)
   violated 6 eqs [6816, 8124, 12270, 12350, 22044, 29125] -> cubics zeroable: False (0)
   violated 6 eqs [6816, 8124, 12270, 14584, 18673, 22044] -> cubics zeroable: False (0)
   violated 6 eqs [6816, 8124, 12270, 14584, 18673, 29125] -> cubics zeroable: False (0)
   violated 6 eqs [6816, 8124, 12270, 14584, 22044, 29125] -> cubics zeroable: False (0)
   violated 6 eqs [6816, 8124, 12270, 18673, 22044, 29125] -> cubics zeroable: False (0)
   violated 6 eqs [6816, 8124, 12350, 14584, 18673, 22044] -> cubics zeroable: False (0)
   violated 6 eqs [6816, 8124, 12350, 14584, 18673, 29125] -> cubics zeroable: False (0)
   violated 6 eqs [6816, 8124, 12350, 14584, 22044, 29125] -> cubics zeroable: False (0)
   violated 6 eqs [6816, 8124, 12350, 18673, 22044, 29125] -> cubics zeroable: False (0)
   violated 6 eqs [6816, 8124, 14584, 18673, 22044, 29125] -> cubics zeroable: False (0)
   violated 6 eqs [6816, 9123, 9421, 12231, 12270, 12350] -> cubics zeroable: False (20)
   violated 6 eqs [6816, 9123, 9421, 12231, 12270, 14584] -> cubics zeroable: False (20)
   violated 6 eqs [6816, 9123, 9421, 12231, 12270, 18673] -> cubics zeroable: False (20)
   violated 6 eqs [6816, 9123, 9421, 12231, 12270, 22044] -> cubics zeroable: False (0)
   violated 6 eqs [6816, 9123, 9421, 12231, 12270, 29125] -> cubics zeroable: False (0)
   violated 6 eqs [6816, 9123, 9421, 12231, 12350, 14584] -> cubics zeroable: False (20)
   violated 6 eqs [6816, 9123, 9421, 12231, 12350, 18673] -> cubics zeroable: False (20)
   violated 6 eqs [6816, 9123, 9421, 12231, 12350, 22044] -> cubics zeroable: False (0)
   violated 6 eqs [6816, 9123, 9421, 12231, 12350, 29125] -> cubics zeroable: False (0)
   violated 6 eqs [6816, 9123, 9421, 12231, 14584, 18673] -> cubics zeroable: False (20)
   violated 6 eqs [6816, 9123, 9421, 12231, 14584, 22044] -> cubics zeroable: False (0)
   violated 6 eqs [6816, 9123, 9421, 12231, 14584, 29125] -> cubics zeroable: False (0)
   violated 6 eqs [6816, 9123, 9421, 12231, 18673, 22044] -> cubics zeroable: False (0)
   violated 6 eqs [6816, 9123, 9421, 12231, 18673, 29125] -> cubics zeroable: False (0)
   violated 6 eqs [6816, 9123, 9421, 12231, 22044, 29125] -> cubics zeroable: False (0)
   violated 6 eqs [6816, 9123, 9421, 12270, 12350, 14584] -> cubics zeroable: False (20)
   violated 6 eqs [6816, 9123, 9421, 12270, 12350, 18673] -> cubics zeroable: False (20)
   violated 6 eqs [6816, 9123, 9421, 12270, 12350, 22044] -> cubics zeroable: False (0)
   violated 6 eqs [6816, 9123, 9421, 12270, 12350, 29125] -> cubics zeroable: False (0)
   violated 6 eqs [6816, 9123, 9421, 12270, 14584, 18673] -> cubics zeroable: False (20)
   violated 6 eqs [6816, 9123, 9421, 12270, 14584, 22044] -> cubics zeroable: False (0)
   violated 6 eqs [6816, 9123, 9421, 12270, 14584, 29125] -> cubics zeroable: False (0)
   violated 6 eqs [6816, 9123, 9421, 12270, 18673, 22044] -> cubics zeroable: False (0)
   violated 6 eqs [6816, 9123, 9421, 12270, 18673, 29125] -> cubics zeroable: False (0)
   violated 6 eqs [6816, 9123, 9421, 12270, 22044, 29125] -> cubics zeroable: False (0)
   violated 6 eqs [6816, 9123, 9421, 12350, 14584, 18673] -> cubics zeroable: False (20)
   violated 6 eqs [6816, 9123, 9421, 12350, 14584, 22044] -> cubics zeroable: False (0)
   violated 6 eqs [6816, 9123, 9421, 12350, 14584, 29125] -> cubics zeroable: False (0)
   violated 6 eqs [6816, 9123, 9421, 12350, 18673, 22044] -> cubics zeroable: False (0)
   violated 6 eqs [6816, 9123, 9421, 12350, 18673, 29125] -> cubics zeroable: False (0)
   violated 6 eqs [6816, 9123, 9421, 12350, 22044, 29125] -> cubics zeroable: False (0)
   violated 6 eqs [6816, 9123, 9421, 14584, 18673, 22044] -> cubics zeroable: False (0)
   violated 6 eqs [6816, 9123, 9421, 14584, 18673, 29125] -> cubics zeroable: False (0)
   violated 6 eqs [6816, 9123, 9421, 14584, 22044, 29125] -> cubics zeroable: False (0)
   violated 6 eqs [6816, 9123, 9421, 18673, 22044, 29125] -> cubics zeroable: False (0)
   violated 6 eqs [6816, 9123, 12231, 12270, 12350, 14584] -> cubics zeroable: False (20)
   violated 6 eqs [6816, 9123, 12231, 12270, 12350, 18673] -> cubics zeroable: False (20)
   violated 6 eqs [6816, 9123, 12231, 12270, 12350, 22044] -> cubics zeroable: False (0)
   violated 6 eqs [6816, 9123, 12231, 12270, 12350, 29125] -> cubics zeroable: False (0)
   violated 6 eqs [6816, 9123, 12231, 12270, 14584, 18673] -> cubics zeroable: False (20)
   violated 6 eqs [6816, 9123, 12231, 12270, 14584, 22044] -> cubics zeroable: False (0)
   violated 6 eqs [6816, 9123, 12231, 12270, 14584, 29125] -> cubics zeroable: False (0)
   violated 6 eqs [6816, 9123, 12231, 12270, 18673, 22044] -> cubics zeroable: False (0)
   violated 6 eqs [6816, 9123, 12231, 12270, 18673, 29125] -> cubics zeroable: False (0)
   violated 6 eqs [6816, 9123, 12231, 12270, 22044, 29125] -> cubics zeroable: False (0)
   violated 6 eqs [6816, 9123, 12231, 12350, 14584, 18673] -> cubics zeroable: False (20)
   violated 6 eqs [6816, 9123, 12231, 12350, 14584, 22044] -> cubics zeroable: False (0)
   violated 6 eqs [6816, 9123, 12231, 12350, 14584, 29125] -> cubics zeroable: False (0)
   violated 6 eqs [6816, 9123, 12231, 12350, 18673, 22044] -> cubics zeroable: False (0)
   violated 6 eqs [6816, 9123, 12231, 12350, 18673, 29125] -> cubics zeroable: False (0)
   violated 6 eqs [6816, 9123, 12231, 12350, 22044, 29125] -> cubics zeroable: False (0)
   violated 6 eqs [6816, 9123, 12231, 14584, 18673, 22044] -> cubics zeroable: False (0)
   violated 6 eqs [6816, 9123, 12231, 14584, 18673, 29125] -> cubics zeroable: False (0)
   violated 6 eqs [6816, 9123, 12231, 14584, 22044, 29125] -> cubics zeroable: False (0)
   violated 6 eqs [6816, 9123, 12231, 18673, 22044, 29125] -> cubics zeroable: False (0)
   violated 6 eqs [6816, 9123, 12270, 12350, 14584, 18673] -> cubics zeroable: False (20)
   violated 6 eqs [6816, 9123, 12270, 12350, 14584, 22044] -> cubics zeroable: False (0)
   violated 6 eqs [6816, 9123, 12270, 12350, 14584, 29125] -> cubics zeroable: False (0)
   violated 6 eqs [6816, 9123, 12270, 12350, 18673, 22044] -> cubics zeroable: False (0)
   violated 6 eqs [6816, 9123, 12270, 12350, 18673, 29125] -> cubics zeroable: False (0)
   violated 6 eqs [6816, 9123, 12270, 12350, 22044, 29125] -> cubics zeroable: False (0)
   violated 6 eqs [6816, 9123, 12270, 14584, 18673, 22044] -> cubics zeroable: False (0)
   violated 6 eqs [6816, 9123, 12270, 14584, 18673, 29125] -> cubics zeroable: False (0)
   violated 6 eqs [6816, 9123, 12270, 14584, 22044, 29125] -> cubics zeroable: False (0)
   violated 6 eqs [6816, 9123, 12270, 18673, 22044, 29125] -> cubics zeroable: False (0)
   violated 6 eqs [6816, 9123, 12350, 14584, 18673, 22044] -> cubics zeroable: False (0)
   violated 6 eqs [6816, 9123, 12350, 14584, 18673, 29125] -> cubics zeroable: False (0)
   violated 6 eqs [6816, 9123, 12350, 14584, 22044, 29125] -> cubics zeroable: False (0)
   violated 6 eqs [6816, 9123, 12350, 18673, 22044, 29125] -> cubics zeroable: False (0)
   violated 6 eqs [6816, 9123, 14584, 18673, 22044, 29125] -> cubics zeroable: False (0)
   violated 6 eqs [6816, 9421, 12231, 12270, 12350, 14584] -> cubics zeroable: False (20)
   violated 6 eqs [6816, 9421, 12231, 12270, 12350, 18673] -> cubics zeroable: False (20)
   violated 6 eqs [6816, 9421, 12231, 12270, 12350, 22044] -> cubics zeroable: False (0)
   violated 6 eqs [6816, 9421, 12231, 12270, 12350, 29125] -> cubics zeroable: False (0)
   violated 6 eqs [6816, 9421, 12231, 12270, 14584, 18673] -> cubics zeroable: False (20)
   violated 6 eqs [6816, 9421, 12231, 12270, 14584, 22044] -> cubics zeroable: False (0)
   violated 6 eqs [6816, 9421, 12231, 12270, 14584, 29125] -> cubics zeroable: False (0)
   violated 6 eqs [6816, 9421, 12231, 12270, 18673, 22044] -> cubics zeroable: False (0)
   violated 6 eqs [6816, 9421, 12231, 12270, 18673, 29125] -> cubics zeroable: False (0)
   violated 6 eqs [6816, 9421, 12231, 12270, 22044, 29125] -> cubics zeroable: False (0)
   violated 6 eqs [6816, 9421, 12231, 12350, 14584, 18673] -> cubics zeroable: False (20)
   violated 6 eqs [6816, 9421, 12231, 12350, 14584, 22044] -> cubics zeroable: False (0)
   violated 6 eqs [6816, 9421, 12231, 12350, 14584, 29125] -> cubics zeroable: False (0)
   violated 6 eqs [6816, 9421, 12231, 12350, 18673, 22044] -> cubics zeroable: False (0)
   violated 6 eqs [6816, 9421, 12231, 12350, 18673, 29125] -> cubics zeroable: False (0)
   violated 6 eqs [6816, 9421, 12231, 12350, 22044, 29125] -> cubics zeroable: False (0)
   violated 6 eqs [6816, 9421, 12231, 14584, 18673, 22044] -> cubics zeroable: False (0)
   violated 6 eqs [6816, 9421, 12231, 14584, 18673, 29125] -> cubics zeroable: False (0)
   violated 6 eqs [6816, 9421, 12231, 14584, 22044, 29125] -> cubics zeroable: False (0)
   violated 6 eqs [6816, 9421, 12231, 18673, 22044, 29125] -> cubics zeroable: False (0)
   violated 6 eqs [6816, 9421, 12270, 12350, 14584, 18673] -> cubics zeroable: False (20)
   violated 6 eqs [6816, 9421, 12270, 12350, 14584, 22044] -> cubics zeroable: False (0)
   violated 6 eqs [6816, 9421, 12270, 12350, 14584, 29125] -> cubics zeroable: False (0)
   violated 6 eqs [6816, 9421, 12270, 12350, 18673, 22044] -> cubics zeroable: False (0)
   violated 6 eqs [6816, 9421, 12270, 12350, 18673, 29125] -> cubics zeroable: False (0)
   violated 6 eqs [6816, 9421, 12270, 12350, 22044, 29125] -> cubics zeroable: False (0)
   violated 6 eqs [6816, 9421, 12270, 14584, 18673, 22044] -> cubics zeroable: False (0)
   violated 6 eqs [6816, 9421, 12270, 14584, 18673, 29125] -> cubics zeroable: False (0)
   violated 6 eqs [6816, 9421, 12270, 14584, 22044, 29125] -> cubics zeroable: False (0)
   violated 6 eqs [6816, 9421, 12270, 18673, 22044, 29125] -> cubics zeroable: False (0)
   violated 6 eqs [6816, 9421, 12350, 14584, 18673, 22044] -> cubics zeroable: False (0)
   violated 6 eqs [6816, 9421, 12350, 14584, 18673, 29125] -> cubics zeroable: False (0)
   violated 6 eqs [6816, 9421, 12350, 14584, 22044, 29125] -> cubics zeroable: False (0)
   violated 6 eqs [6816, 9421, 12350, 18673, 22044, 29125] -> cubics zeroable: False (0)
   violated 6 eqs [6816, 9421, 14584, 18673, 22044, 29125] -> cubics zeroable: False (0)
   violated 6 eqs [6816, 12231, 12270, 12350, 14584, 18673] -> cubics zeroable: False (20)
   violated 6 eqs [6816, 12231, 12270, 12350, 14584, 22044] -> cubics zeroable: False (0)
   violated 6 eqs [6816, 12231, 12270, 12350, 14584, 29125] -> cubics zeroable: False (0)
   violated 6 eqs [6816, 12231, 12270, 12350, 18673, 22044] -> cubics zeroable: False (0)
   violated 6 eqs [6816, 12231, 12270, 12350, 18673, 29125] -> cubics zeroable: False (0)
   violated 6 eqs [6816, 12231, 12270, 12350, 22044, 29125] -> cubics zeroable: False (0)
   violated 6 eqs [6816, 12231, 12270, 14584, 18673, 22044] -> cubics zeroable: False (0)
   violated 6 eqs [6816, 12231, 12270, 14584, 18673, 29125] -> cubics zeroable: False (0)
   violated 6 eqs [6816, 12231, 12270, 14584, 22044, 29125] -> cubics zeroable: False (0)
   violated 6 eqs [6816, 12231, 12270, 18673, 22044, 29125] -> cubics zeroable: False (0)
   violated 6 eqs [6816, 12231, 12350, 14584, 18673, 22044] -> cubics zeroable: False (0)
   violated 6 eqs [6816, 12231, 12350, 14584, 18673, 29125] -> cubics zeroable: False (0)
   violated 6 eqs [6816, 12231, 12350, 14584, 22044, 29125] -> cubics zeroable: False (0)
   violated 6 eqs [6816, 12231, 12350, 18673, 22044, 29125] -> cubics zeroable: False (0)
   violated 6 eqs [6816, 12231, 14584, 18673, 22044, 29125] -> cubics zeroable: False (0)
   violated 6 eqs [6816, 12270, 12350, 14584, 18673, 22044] -> cubics zeroable: False (0)
   violated 6 eqs [6816, 12270, 12350, 14584, 18673, 29125] -> cubics zeroable: False (0)
   violated 6 eqs [6816, 12270, 12350, 14584, 22044, 29125] -> cubics zeroable: False (0)
   violated 6 eqs [6816, 12270, 12350, 18673, 22044, 29125] -> cubics zeroable: False (0)
   violated 6 eqs [6816, 12270, 14584, 18673, 22044, 29125] -> cubics zeroable: False (0)
   violated 6 eqs [6816, 12350, 14584, 18673, 22044, 29125] -> cubics zeroable: False (0)
   violated 6 eqs [8124, 9123, 9421, 12231, 12270, 12350] -> cubics zeroable: False (20)
   violated 6 eqs [8124, 9123, 9421, 12231, 12270, 14584] -> cubics zeroable: False (20)
   violated 6 eqs [8124, 9123, 9421, 12231, 12270, 18673] -> cubics zeroable: False (20)
   violated 6 eqs [8124, 9123, 9421, 12231, 12270, 22044] -> cubics zeroable: False (0)
   violated 6 eqs [8124, 9123, 9421, 12231, 12270, 29125] -> cubics zeroable: False (0)
   violated 6 eqs [8124, 9123, 9421, 12231, 12350, 14584] -> cubics zeroable: False (20)
   violated 6 eqs [8124, 9123, 9421, 12231, 12350, 18673] -> cubics zeroable: False (20)
   violated 6 eqs [8124, 9123, 9421, 12231, 12350, 22044] -> cubics zeroable: False (0)
   violated 6 eqs [8124, 9123, 9421, 12231, 12350, 29125] -> cubics zeroable: False (0)
   violated 6 eqs [8124, 9123, 9421, 12231, 14584, 18673] -> cubics zeroable: False (20)
   violated 6 eqs [8124, 9123, 9421, 12231, 14584, 22044] -> cubics zeroable: False (0)
   violated 6 eqs [8124, 9123, 9421, 12231, 14584, 29125] -> cubics zeroable: False (0)
   violated 6 eqs [8124, 9123, 9421, 12231, 18673, 22044] -> cubics zeroable: False (0)
   violated 6 eqs [8124, 9123, 9421, 12231, 18673, 29125] -> cubics zeroable: False (0)
   violated 6 eqs [8124, 9123, 9421, 12231, 22044, 29125] -> cubics zeroable: False (0)
   violated 6 eqs [8124, 9123, 9421, 12270, 12350, 14584] -> cubics zeroable: False (20)
   violated 6 eqs [8124, 9123, 9421, 12270, 12350, 18673] -> cubics zeroable: False (20)
   violated 6 eqs [8124, 9123, 9421, 12270, 12350, 22044] -> cubics zeroable: False (0)
   violated 6 eqs [8124, 9123, 9421, 12270, 12350, 29125] -> cubics zeroable: False (0)
   violated 6 eqs [8124, 9123, 9421, 12270, 14584, 18673] -> cubics zeroable: False (20)
   violated 6 eqs [8124, 9123, 9421, 12270, 14584, 22044] -> cubics zeroable: False (0)
   violated 6 eqs [8124, 9123, 9421, 12270, 14584, 29125] -> cubics zeroable: False (0)
   violated 6 eqs [8124, 9123, 9421, 12270, 18673, 22044] -> cubics zeroable: False (0)
   violated 6 eqs [8124, 9123, 9421, 12270, 18673, 29125] -> cubics zeroable: False (0)
   violated 6 eqs [8124, 9123, 9421, 12270, 22044, 29125] -> cubics zeroable: False (0)
   violated 6 eqs [8124, 9123, 9421, 12350, 14584, 18673] -> cubics zeroable: False (20)
   violated 6 eqs [8124, 9123, 9421, 12350, 14584, 22044] -> cubics zeroable: False (0)
   violated 6 eqs [8124, 9123, 9421, 12350, 14584, 29125] -> cubics zeroable: False (0)
   violated 6 eqs [8124, 9123, 9421, 12350, 18673, 22044] -> cubics zeroable: False (0)
   violated 6 eqs [8124, 9123, 9421, 12350, 18673, 29125] -> cubics zeroable: False (0)
   violated 6 eqs [8124, 9123, 9421, 12350, 22044, 29125] -> cubics zeroable: False (0)
   violated 6 eqs [8124, 9123, 9421, 14584, 18673, 22044] -> cubics zeroable: False (0)
   violated 6 eqs [8124, 9123, 9421, 14584, 18673, 29125] -> cubics zeroable: False (0)
   violated 6 eqs [8124, 9123, 9421, 14584, 22044, 29125] -> cubics zeroable: False (0)
   violated 6 eqs [8124, 9123, 9421, 18673, 22044, 29125] -> cubics zeroable: False (0)
   violated 6 eqs [8124, 9123, 12231, 12270, 12350, 14584] -> cubics zeroable: False (20)
   violated 6 eqs [8124, 9123, 12231, 12270, 12350, 18673] -> cubics zeroable: False (20)
   violated 6 eqs [8124, 9123, 12231, 12270, 12350, 22044] -> cubics zeroable: False (0)
   violated 6 eqs [8124, 9123, 12231, 12270, 12350, 29125] -> cubics zeroable: False (0)
   violated 6 eqs [8124, 9123, 12231, 12270, 14584, 18673] -> cubics zeroable: False (20)
   violated 6 eqs [8124, 9123, 12231, 12270, 14584, 22044] -> cubics zeroable: False (0)
   violated 6 eqs [8124, 9123, 12231, 12270, 14584, 29125] -> cubics zeroable: False (0)
   violated 6 eqs [8124, 9123, 12231, 12270, 18673, 22044] -> cubics zeroable: False (0)
   violated 6 eqs [8124, 9123, 12231, 12270, 18673, 29125] -> cubics zeroable: False (0)
   violated 6 eqs [8124, 9123, 12231, 12270, 22044, 29125] -> cubics zeroable: False (0)
   violated 6 eqs [8124, 9123, 12231, 12350, 14584, 18673] -> cubics zeroable: False (20)
   violated 6 eqs [8124, 9123, 12231, 12350, 14584, 22044] -> cubics zeroable: False (0)
   violated 6 eqs [8124, 9123, 12231, 12350, 14584, 29125] -> cubics zeroable: False (0)
   violated 6 eqs [8124, 9123, 12231, 12350, 18673, 22044] -> cubics zeroable: False (0)
   violated 6 eqs [8124, 9123, 12231, 12350, 18673, 29125] -> cubics zeroable: False (0)
   violated 6 eqs [8124, 9123, 12231, 12350, 22044, 29125] -> cubics zeroable: False (0)
   violated 6 eqs [8124, 9123, 12231, 14584, 18673, 22044] -> cubics zeroable: False (0)
   violated 6 eqs [8124, 9123, 12231, 14584, 18673, 29125] -> cubics zeroable: False (0)
   violated 6 eqs [8124, 9123, 12231, 14584, 22044, 29125] -> cubics zeroable: False (0)
   violated 6 eqs [8124, 9123, 12231, 18673, 22044, 29125] -> cubics zeroable: False (0)
   violated 6 eqs [8124, 9123, 12270, 12350, 14584, 18673] -> cubics zeroable: False (20)
   violated 6 eqs [8124, 9123, 12270, 12350, 14584, 22044] -> cubics zeroable: False (0)
   violated 6 eqs [8124, 9123, 12270, 12350, 14584, 29125] -> cubics zeroable: False (0)
   violated 6 eqs [8124, 9123, 12270, 12350, 18673, 22044] -> cubics zeroable: False (0)
   violated 6 eqs [8124, 9123, 12270, 12350, 18673, 29125] -> cubics zeroable: False (0)
   violated 6 eqs [8124, 9123, 12270, 12350, 22044, 29125] -> cubics zeroable: False (0)
   violated 6 eqs [8124, 9123, 12270, 14584, 18673, 22044] -> cubics zeroable: False (0)
   violated 6 eqs [8124, 9123, 12270, 14584, 18673, 29125] -> cubics zeroable: False (0)
   violated 6 eqs [8124, 9123, 12270, 14584, 22044, 29125] -> cubics zeroable: False (0)
   violated 6 eqs [8124, 9123, 12270, 18673, 22044, 29125] -> cubics zeroable: False (0)
   violated 6 eqs [8124, 9123, 12350, 14584, 18673, 22044] -> cubics zeroable: False (0)
   violated 6 eqs [8124, 9123, 12350, 14584, 18673, 29125] -> cubics zeroable: False (0)
   violated 6 eqs [8124, 9123, 12350, 14584, 22044, 29125] -> cubics zeroable: False (0)
   violated 6 eqs [8124, 9123, 12350, 18673, 22044, 29125] -> cubics zeroable: False (0)
   violated 6 eqs [8124, 9123, 14584, 18673, 22044, 29125] -> cubics zeroable: False (0)
   violated 6 eqs [8124, 9421, 12231, 12270, 12350, 14584] -> cubics zeroable: False (20)
   violated 6 eqs [8124, 9421, 12231, 12270, 12350, 18673] -> cubics zeroable: False (20)
   violated 6 eqs [8124, 9421, 12231, 12270, 12350, 22044] -> cubics zeroable: False (0)
   violated 6 eqs [8124, 9421, 12231, 12270, 12350, 29125] -> cubics zeroable: False (0)
   violated 6 eqs [8124, 9421, 12231, 12270, 14584, 18673] -> cubics zeroable: False (20)
   violated 6 eqs [8124, 9421, 12231, 12270, 14584, 22044] -> cubics zeroable: False (0)
   violated 6 eqs [8124, 9421, 12231, 12270, 14584, 29125] -> cubics zeroable: False (0)
   violated 6 eqs [8124, 9421, 12231, 12270, 18673, 22044] -> cubics zeroable: False (0)
   violated 6 eqs [8124, 9421, 12231, 12270, 18673, 29125] -> cubics zeroable: False (0)
   violated 6 eqs [8124, 9421, 12231, 12270, 22044, 29125] -> cubics zeroable: False (0)
   violated 6 eqs [8124, 9421, 12231, 12350, 14584, 18673] -> cubics zeroable: False (20)
   violated 6 eqs [8124, 9421, 12231, 12350, 14584, 22044] -> cubics zeroable: False (0)
   violated 6 eqs [8124, 9421, 12231, 12350, 14584, 29125] -> cubics zeroable: False (0)
   violated 6 eqs [8124, 9421, 12231, 12350, 18673, 22044] -> cubics zeroable: False (0)
   violated 6 eqs [8124, 9421, 12231, 12350, 18673, 29125] -> cubics zeroable: False (0)
   violated 6 eqs [8124, 9421, 12231, 12350, 22044, 29125] -> cubics zeroable: False (0)
   violated 6 eqs [8124, 9421, 12231, 14584, 18673, 22044] -> cubics zeroable: False (0)
   violated 6 eqs [8124, 9421, 12231, 14584, 18673, 29125] -> cubics zeroable: False (0)
   violated 6 eqs [8124, 9421, 12231, 14584, 22044, 29125] -> cubics zeroable: False (0)
   violated 6 eqs [8124, 9421, 12231, 18673, 22044, 29125] -> cubics zeroable: False (0)
   violated 6 eqs [8124, 9421, 12270, 12350, 14584, 18673] -> cubics zeroable: False (20)
   violated 6 eqs [8124, 9421, 12270, 12350, 14584, 22044] -> cubics zeroable: False (0)
   violated 6 eqs [8124, 9421, 12270, 12350, 14584, 29125] -> cubics zeroable: False (0)
   violated 6 eqs [8124, 9421, 12270, 12350, 18673, 22044] -> cubics zeroable: False (0)
   violated 6 eqs [8124, 9421, 12270, 12350, 18673, 29125] -> cubics zeroable: False (0)
   violated 6 eqs [8124, 9421, 12270, 12350, 22044, 29125] -> cubics zeroable: False (0)
   violated 6 eqs [8124, 9421, 12270, 14584, 18673, 22044] -> cubics zeroable: False (0)
   violated 6 eqs [8124, 9421, 12270, 14584, 18673, 29125] -> cubics zeroable: False (0)
   violated 6 eqs [8124, 9421, 12270, 14584, 22044, 29125] -> cubics zeroable: False (0)
   violated 6 eqs [8124, 9421, 12270, 18673, 22044, 29125] -> cubics zeroable: False (0)
   violated 6 eqs [8124, 9421, 12350, 14584, 18673, 22044] -> cubics zeroable: False (0)
   violated 6 eqs [8124, 9421, 12350, 14584, 18673, 29125] -> cubics zeroable: False (0)
   violated 6 eqs [8124, 9421, 12350, 14584, 22044, 29125] -> cubics zeroable: False (0)
   violated 6 eqs [8124, 9421, 12350, 18673, 22044, 29125] -> cubics zeroable: False (0)
   violated 6 eqs [8124, 9421, 14584, 18673, 22044, 29125] -> cubics zeroable: False (0)
   violated 6 eqs [8124, 12231, 12270, 12350, 14584, 18673] -> cubics zeroable: False (20)
   violated 6 eqs [8124, 12231, 12270, 12350, 14584, 22044] -> cubics zeroable: False (0)
   violated 6 eqs [8124, 12231, 12270, 12350, 14584, 29125] -> cubics zeroable: False (0)
   violated 6 eqs [8124, 12231, 12270, 12350, 18673, 22044] -> cubics zeroable: False (0)
   violated 6 eqs [8124, 12231, 12270, 12350, 18673, 29125] -> cubics zeroable: False (0)
   violated 6 eqs [8124, 12231, 12270, 12350, 22044, 29125] -> cubics zeroable: False (0)
   violated 6 eqs [8124, 12231, 12270, 14584, 18673, 22044] -> cubics zeroable: False (0)
   violated 6 eqs [8124, 12231, 12270, 14584, 18673, 29125] -> cubics zeroable: False (0)
   violated 6 eqs [8124, 12231, 12270, 14584, 22044, 29125] -> cubics zeroable: False (0)
   violated 6 eqs [8124, 12231, 12270, 18673, 22044, 29125] -> cubics zeroable: False (0)
   violated 6 eqs [8124, 12231, 12350, 14584, 18673, 22044] -> cubics zeroable: False (0)
   violated 6 eqs [8124, 12231, 12350, 14584, 18673, 29125] -> cubics zeroable: False (0)
   violated 6 eqs [8124, 12231, 12350, 14584, 22044, 29125] -> cubics zeroable: False (0)
   violated 6 eqs [8124, 12231, 12350, 18673, 22044, 29125] -> cubics zeroable: False (0)
   violated 6 eqs [8124, 12231, 14584, 18673, 22044, 29125] -> cubics zeroable: False (0)
   violated 6 eqs [8124, 12270, 12350, 14584, 18673, 22044] -> cubics zeroable: False (0)
   violated 6 eqs [8124, 12270, 12350, 14584, 18673, 29125] -> cubics zeroable: False (0)
   violated 6 eqs [8124, 12270, 12350, 14584, 22044, 29125] -> cubics zeroable: False (0)
   violated 6 eqs [8124, 12270, 12350, 18673, 22044, 29125] -> cubics zeroable: False (0)
   violated 6 eqs [8124, 12270, 14584, 18673, 22044, 29125] -> cubics zeroable: False (0)
   violated 6 eqs [8124, 12350, 14584, 18673, 22044, 29125] -> cubics zeroable: False (0)
   violated 6 eqs [9123, 9421, 12231, 12270, 12350, 14584] -> cubics zeroable: False (20)
   violated 6 eqs [9123, 9421, 12231, 12270, 12350, 18673] -> cubics zeroable: False (20)
   violated 6 eqs [9123, 9421, 12231, 12270, 12350, 22044] -> cubics zeroable: False (0)
   violated 6 eqs [9123, 9421, 12231, 12270, 12350, 29125] -> cubics zeroable: False (0)
   violated 6 eqs [9123, 9421, 12231, 12270, 14584, 18673] -> cubics zeroable: False (20)
   violated 6 eqs [9123, 9421, 12231, 12270, 14584, 22044] -> cubics zeroable: False (0)
   violated 6 eqs [9123, 9421, 12231, 12270, 14584, 29125] -> cubics zeroable: False (0)
   violated 6 eqs [9123, 9421, 12231, 12270, 18673, 22044] -> cubics zeroable: False (0)
   violated 6 eqs [9123, 9421, 12231, 12270, 18673, 29125] -> cubics zeroable: False (0)
   violated 6 eqs [9123, 9421, 12231, 12270, 22044, 29125] -> cubics zeroable: False (0)
   violated 6 eqs [9123, 9421, 12231, 12350, 14584, 18673] -> cubics zeroable: False (20)
   violated 6 eqs [9123, 9421, 12231, 12350, 14584, 22044] -> cubics zeroable: False (0)
   violated 6 eqs [9123, 9421, 12231, 12350, 14584, 29125] -> cubics zeroable: False (0)
   violated 6 eqs [9123, 9421, 12231, 12350, 18673, 22044] -> cubics zeroable: False (0)
   violated 6 eqs [9123, 9421, 12231, 12350, 18673, 29125] -> cubics zeroable: False (0)
   violated 6 eqs [9123, 9421, 12231, 12350, 22044, 29125] -> cubics zeroable: False (0)
   violated 6 eqs [9123, 9421, 12231, 14584, 18673, 22044] -> cubics zeroable: False (0)
   violated 6 eqs [9123, 9421, 12231, 14584, 18673, 29125] -> cubics zeroable: False (0)
   violated 6 eqs [9123, 9421, 12231, 14584, 22044, 29125] -> cubics zeroable: False (0)
   violated 6 eqs [9123, 9421, 12231, 18673, 22044, 29125] -> cubics zeroable: False (0)
   violated 6 eqs [9123, 9421, 12270, 12350, 14584, 18673] -> cubics zeroable: False (20)
   violated 6 eqs [9123, 9421, 12270, 12350, 14584, 22044] -> cubics zeroable: False (0)
   violated 6 eqs [9123, 9421, 12270, 12350, 14584, 29125] -> cubics zeroable: False (0)
   violated 6 eqs [9123, 9421, 12270, 12350, 18673, 22044] -> cubics zeroable: False (0)
   violated 6 eqs [9123, 9421, 12270, 12350, 18673, 29125] -> cubics zeroable: False (0)
   violated 6 eqs [9123, 9421, 12270, 12350, 22044, 29125] -> cubics zeroable: False (0)
   violated 6 eqs [9123, 9421, 12270, 14584, 18673, 22044] -> cubics zeroable: False (0)
   violated 6 eqs [9123, 9421, 12270, 14584, 18673, 29125] -> cubics zeroable: False (0)
   violated 6 eqs [9123, 9421, 12270, 14584, 22044, 29125] -> cubics zeroable: False (0)
   violated 6 eqs [9123, 9421, 12270, 18673, 22044, 29125] -> cubics zeroable: False (0)
   violated 6 eqs [9123, 9421, 12350, 14584, 18673, 22044] -> cubics zeroable: False (0)
   violated 6 eqs [9123, 9421, 12350, 14584, 18673, 29125] -> cubics zeroable: False (0)
   violated 6 eqs [9123, 9421, 12350, 14584, 22044, 29125] -> cubics zeroable: False (0)
   violated 6 eqs [9123, 9421, 12350, 18673, 22044, 29125] -> cubics zeroable: False (0)
   violated 6 eqs [9123, 9421, 14584, 18673, 22044, 29125] -> cubics zeroable: False (0)
   violated 6 eqs [9123, 12231, 12270, 12350, 14584, 18673] -> cubics zeroable: False (20)
   violated 6 eqs [9123, 12231, 12270, 12350, 14584, 22044] -> cubics zeroable: False (0)
   violated 6 eqs [9123, 12231, 12270, 12350, 14584, 29125] -> cubics zeroable: False (0)
   violated 6 eqs [9123, 12231, 12270, 12350, 18673, 22044] -> cubics zeroable: False (0)
   violated 6 eqs [9123, 12231, 12270, 12350, 18673, 29125] -> cubics zeroable: False (0)
   violated 6 eqs [9123, 12231, 12270, 12350, 22044, 29125] -> cubics zeroable: False (0)
   violated 6 eqs [9123, 12231, 12270, 14584, 18673, 22044] -> cubics zeroable: False (0)
   violated 6 eqs [9123, 12231, 12270, 14584, 18673, 29125] -> cubics zeroable: False (0)
   violated 6 eqs [9123, 12231, 12270, 14584, 22044, 29125] -> cubics zeroable: False (0)
   violated 6 eqs [9123, 12231, 12270, 18673, 22044, 29125] -> cubics zeroable: False (0)
   violated 6 eqs [9123, 12231, 12350, 14584, 18673, 22044] -> cubics zeroable: False (0)
   violated 6 eqs [9123, 12231, 12350, 14584, 18673, 29125] -> cubics zeroable: False (0)
   violated 6 eqs [9123, 12231, 12350, 14584, 22044, 29125] -> cubics zeroable: False (0)
   violated 6 eqs [9123, 12231, 12350, 18673, 22044, 29125] -> cubics zeroable: False (0)
   violated 6 eqs [9123, 12231, 14584, 18673, 22044, 29125] -> cubics zeroable: False (0)
   violated 6 eqs [9123, 12270, 12350, 14584, 18673, 22044] -> cubics zeroable: False (0)
   violated 6 eqs [9123, 12270, 12350, 14584, 18673, 29125] -> cubics zeroable: False (0)
   violated 6 eqs [9123, 12270, 12350, 14584, 22044, 29125] -> cubics zeroable: False (0)
   violated 6 eqs [9123, 12270, 12350, 18673, 22044, 29125] -> cubics zeroable: False (0)
   violated 6 eqs [9123, 12270, 14584, 18673, 22044, 29125] -> cubics zeroable: False (0)
   violated 6 eqs [9123, 12350, 14584, 18673, 22044, 29125] -> cubics zeroable: False (0)
   violated 6 eqs [9421, 12231, 12270, 12350, 14584, 18673] -> cubics zeroable: False (20)
   violated 6 eqs [9421, 12231, 12270, 12350, 14584, 22044] -> cubics zeroable: False (0)
   violated 6 eqs [9421, 12231, 12270, 12350, 14584, 29125] -> cubics zeroable: False (0)
   violated 6 eqs [9421, 12231, 12270, 12350, 18673, 22044] -> cubics zeroable: False (0)
   violated 6 eqs [9421, 12231, 12270, 12350, 18673, 29125] -> cubics zeroable: False (0)
   violated 6 eqs [9421, 12231, 12270, 12350, 22044, 29125] -> cubics zeroable: False (0)
   violated 6 eqs [9421, 12231, 12270, 14584, 18673, 22044] -> cubics zeroable: False (0)
   violated 6 eqs [9421, 12231, 12270, 14584, 18673, 29125] -> cubics zeroable: False (0)
   violated 6 eqs [9421, 12231, 12270, 14584, 22044, 29125] -> cubics zeroable: False (0)
   violated 6 eqs [9421, 12231, 12270, 18673, 22044, 29125] -> cubics zeroable: False (0)
   violated 6 eqs [9421, 12231, 12350, 14584, 18673, 22044] -> cubics zeroable: False (0)
   violated 6 eqs [9421, 12231, 12350, 14584, 18673, 29125] -> cubics zeroable: False (0)
   violated 6 eqs [9421, 12231, 12350, 14584, 22044, 29125] -> cubics zeroable: False (0)
   violated 6 eqs [9421, 12231, 12350, 18673, 22044, 29125] -> cubics zeroable: False (0)
   violated 6 eqs [9421, 12231, 14584, 18673, 22044, 29125] -> cubics zeroable: False (0)
   violated 6 eqs [9421, 12270, 12350, 14584, 18673, 22044] -> cubics zeroable: False (0)
   violated 6 eqs [9421, 12270, 12350, 14584, 18673, 29125] -> cubics zeroable: False (0)
   violated 6 eqs [9421, 12270, 12350, 14584, 22044, 29125] -> cubics zeroable: False (0)
   violated 6 eqs [9421, 12270, 12350, 18673, 22044, 29125] -> cubics zeroable: False (0)
   violated 6 eqs [9421, 12270, 14584, 18673, 22044, 29125] -> cubics zeroable: False (0)
   violated 6 eqs [9421, 12350, 14584, 18673, 22044, 29125] -> cubics zeroable: False (0)
   violated 6 eqs [12231, 12270, 12350, 14584, 18673, 22044] -> cubics zeroable: False (0)
   violated 6 eqs [12231, 12270, 12350, 14584, 18673, 29125] -> cubics zeroable: False (0)
   violated 6 eqs [12231, 12270, 12350, 14584, 22044, 29125] -> cubics zeroable: False (0)
   violated 6 eqs [12231, 12270, 12350, 18673, 22044, 29125] -> cubics zeroable: False (0)
   violated 6 eqs [12231, 12270, 14584, 18673, 22044, 29125] -> cubics zeroable: False (0)
   violated 6 eqs [12231, 12350, 14584, 18673, 22044, 29125] -> cubics zeroable: False (0)
   violated 6 eqs [12270, 12350, 14584, 18673, 22044, 29125] -> cubics zeroable: False (0)
  budget 6: no admissible violated-set (14s)
   violated 6 eqs [2554, 6816, 8124, 9123, 9421, 12231] -> cubics zeroable: False (0)
   violated 7 eqs [2554, 6816, 8124, 9123, 9421, 12231, 12270] -> cubics zeroable: None (2)
   violated 7 eqs [2554, 6816, 8124, 9123, 9421, 12231, 12350] -> cubics zeroable: None (2)
   violated 7 eqs [2554, 6816, 8124, 9123, 9421, 12231, 14584] -> cubics zeroable: None (2)
   violated 7 eqs [2554, 6816, 8124, 9123, 9421, 12231, 18673] -> cubics zeroable: None (2)
   violated 7 eqs [2554, 6816, 8124, 9123, 9421, 12231, 22044] -> cubics zeroable: None (2)
   violated 7 eqs [2554, 6816, 8124, 9123, 9421, 12231, 29125] -> cubics zeroable: None (2)
   violated 6 eqs [2554, 6816, 8124, 9123, 9421, 12270] -> cubics zeroable: False (0)
   violated 7 eqs [2554, 6816, 8124, 9123, 9421, 12270, 12350] -> cubics zeroable: None (2)
   violated 7 eqs [2554, 6816, 8124, 9123, 9421, 12270, 14584] -> cubics zeroable: None (2)
   violated 7 eqs [2554, 6816, 8124, 9123, 9421, 12270, 18673] -> cubics zeroable: None (2)
   violated 7 eqs [2554, 6816, 8124, 9123, 9421, 12270, 22044] -> cubics zeroable: None (2)
   violated 7 eqs [2554, 6816, 8124, 9123, 9421, 12270, 29125] -> cubics zeroable: None (2)
   violated 6 eqs [2554, 6816, 8124, 9123, 9421, 12350] -> cubics zeroable: False (0)
   violated 7 eqs [2554, 6816, 8124, 9123, 9421, 12350, 14584] -> cubics zeroable: None (2)
   violated 7 eqs [2554, 6816, 8124, 9123, 9421, 12350, 18673] -> cubics zeroable: None (2)
   violated 7 eqs [2554, 6816, 8124, 9123, 9421, 12350, 22044] -> cubics zeroable: None (2)
   violated 7 eqs [2554, 6816, 8124, 9123, 9421, 12350, 29125] -> cubics zeroable: None (2)
   violated 6 eqs [2554, 6816, 8124, 9123, 9421, 14584] -> cubics zeroable: False (0)
   violated 7 eqs [2554, 6816, 8124, 9123, 9421, 14584, 18673] -> cubics zeroable: None (2)
   violated 7 eqs [2554, 6816, 8124, 9123, 9421, 14584, 22044] -> cubics zeroable: None (2)
   violated 7 eqs [2554, 6816, 8124, 9123, 9421, 14584, 29125] -> cubics zeroable: None (2)
   violated 6 eqs [2554, 6816, 8124, 9123, 9421, 18673] -> cubics zeroable: False (0)
   violated 7 eqs [2554, 6816, 8124, 9123, 9421, 18673, 22044] -> cubics zeroable: None (2)
   violated 7 eqs [2554, 6816, 8124, 9123, 9421, 18673, 29125] -> cubics zeroable: None (2)
   violated 6 eqs [2554, 6816, 8124, 9123, 9421, 22044] -> cubics zeroable: False (0)
   violated 7 eqs [2554, 6816, 8124, 9123, 9421, 22044, 29125] -> cubics zeroable: None (2)
   violated 6 eqs [2554, 6816, 8124, 9123, 9421, 29125] -> cubics zeroable: False (0)
   violated 6 eqs [2554, 6816, 8124, 9123, 12231, 12270] -> cubics zeroable: False (0)
   violated 7 eqs [2554, 6816, 8124, 9123, 12231, 12270, 12350] -> cubics zeroable: None (2)
   violated 7 eqs [2554, 6816, 8124, 9123, 12231, 12270, 14584] -> cubics zeroable: None (2)
   violated 7 eqs [2554, 6816, 8124, 9123, 12231, 12270, 18673] -> cubics zeroable: None (2)
   violated 7 eqs [2554, 6816, 8124, 9123, 12231, 12270, 22044] -> cubics zeroable: None (2)
   violated 7 eqs [2554, 6816, 8124, 9123, 12231, 12270, 29125] -> cubics zeroable: None (2)
   violated 6 eqs [2554, 6816, 8124, 9123, 12231, 12350] -> cubics zeroable: False (0)
   violated 7 eqs [2554, 6816, 8124, 9123, 12231, 12350, 14584] -> cubics zeroable: None (2)
   violated 7 eqs [2554, 6816, 8124, 9123, 12231, 12350, 18673] -> cubics zeroable: None (2)
   violated 7 eqs [2554, 6816, 8124, 9123, 12231, 12350, 22044] -> cubics zeroable: None (2)
   violated 7 eqs [2554, 6816, 8124, 9123, 12231, 12350, 29125] -> cubics zeroable: None (2)
   violated 6 eqs [2554, 6816, 8124, 9123, 12231, 14584] -> cubics zeroable: False (0)
   violated 7 eqs [2554, 6816, 8124, 9123, 12231, 14584, 18673] -> cubics zeroable: None (2)
   violated 7 eqs [2554, 6816, 8124, 9123, 12231, 14584, 22044] -> cubics zeroable: None (2)
   violated 7 eqs [2554, 6816, 8124, 9123, 12231, 14584, 29125] -> cubics zeroable: None (2)
   violated 6 eqs [2554, 6816, 8124, 9123, 12231, 18673] -> cubics zeroable: False (0)
   violated 7 eqs [2554, 6816, 8124, 9123, 12231, 18673, 22044] -> cubics zeroable: None (2)
   violated 7 eqs [2554, 6816, 8124, 9123, 12231, 18673, 29125] -> cubics zeroable: None (2)
   violated 6 eqs [2554, 6816, 8124, 9123, 12231, 22044] -> cubics zeroable: False (0)
   violated 7 eqs [2554, 6816, 8124, 9123, 12231, 22044, 29125] -> cubics zeroable: None (2)
   violated 6 eqs [2554, 6816, 8124, 9123, 12231, 29125] -> cubics zeroable: False (0)
   violated 6 eqs [2554, 6816, 8124, 9123, 12270, 12350] -> cubics zeroable: False (0)
   violated 7 eqs [2554, 6816, 8124, 9123, 12270, 12350, 14584] -> cubics zeroable: None (2)
   violated 7 eqs [2554, 6816, 8124, 9123, 12270, 12350, 18673] -> cubics zeroable: None (2)
   violated 7 eqs [2554, 6816, 8124, 9123, 12270, 12350, 22044] -> cubics zeroable: None (2)
   violated 7 eqs [2554, 6816, 8124, 9123, 12270, 12350, 29125] -> cubics zeroable: None (2)
   violated 6 eqs [2554, 6816, 8124, 9123, 12270, 14584] -> cubics zeroable: False (0)
   violated 7 eqs [2554, 6816, 8124, 9123, 12270, 14584, 18673] -> cubics zeroable: None (2)
   violated 7 eqs [2554, 6816, 8124, 9123, 12270, 14584, 22044] -> cubics zeroable: None (2)
   violated 7 eqs [2554, 6816, 8124, 9123, 12270, 14584, 29125] -> cubics zeroable: None (2)
   violated 6 eqs [2554, 6816, 8124, 9123, 12270, 18673] -> cubics zeroable: False (0)
   violated 7 eqs [2554, 6816, 8124, 9123, 12270, 18673, 22044] -> cubics zeroable: None (2)
   violated 7 eqs [2554, 6816, 8124, 9123, 12270, 18673, 29125] -> cubics zeroable: None (2)
   violated 6 eqs [2554, 6816, 8124, 9123, 12270, 22044] -> cubics zeroable: False (0)
   violated 7 eqs [2554, 6816, 8124, 9123, 12270, 22044, 29125] -> cubics zeroable: None (2)
   violated 6 eqs [2554, 6816, 8124, 9123, 12270, 29125] -> cubics zeroable: False (0)
   violated 6 eqs [2554, 6816, 8124, 9123, 12350, 14584] -> cubics zeroable: False (0)
   violated 7 eqs [2554, 6816, 8124, 9123, 12350, 14584, 18673] -> cubics zeroable: None (2)
   violated 7 eqs [2554, 6816, 8124, 9123, 12350, 14584, 22044] -> cubics zeroable: None (2)
   violated 7 eqs [2554, 6816, 8124, 9123, 12350, 14584, 29125] -> cubics zeroable: None (2)
   violated 6 eqs [2554, 6816, 8124, 9123, 12350, 18673] -> cubics zeroable: False (0)
   violated 7 eqs [2554, 6816, 8124, 9123, 12350, 18673, 22044] -> cubics zeroable: None (2)
   violated 7 eqs [2554, 6816, 8124, 9123, 12350, 18673, 29125] -> cubics zeroable: None (2)
   violated 6 eqs [2554, 6816, 8124, 9123, 12350, 22044] -> cubics zeroable: False (0)
   violated 7 eqs [2554, 6816, 8124, 9123, 12350, 22044, 29125] -> cubics zeroable: None (2)
   violated 6 eqs [2554, 6816, 8124, 9123, 12350, 29125] -> cubics zeroable: False (0)
   violated 6 eqs [2554, 6816, 8124, 9123, 14584, 18673] -> cubics zeroable: False (0)
   violated 7 eqs [2554, 6816, 8124, 9123, 14584, 18673, 22044] -> cubics zeroable: None (2)
   violated 7 eqs [2554, 6816, 8124, 9123, 14584, 18673, 29125] -> cubics zeroable: None (2)
   violated 6 eqs [2554, 6816, 8124, 9123, 14584, 22044] -> cubics zeroable: False (0)
   violated 7 eqs [2554, 6816, 8124, 9123, 14584, 22044, 29125] -> cubics zeroable: None (2)
   violated 6 eqs [2554, 6816, 8124, 9123, 14584, 29125] -> cubics zeroable: False (0)
   violated 6 eqs [2554, 6816, 8124, 9123, 18673, 22044] -> cubics zeroable: False (0)
   violated 7 eqs [2554, 6816, 8124, 9123, 18673, 22044, 29125] -> cubics zeroable: None (2)
   violated 6 eqs [2554, 6816, 8124, 9123, 18673, 29125] -> cubics zeroable: False (0)
   violated 6 eqs [2554, 6816, 8124, 9123, 22044, 29125] -> cubics zeroable: False (0)
   violated 6 eqs [2554, 6816, 8124, 9421, 12231, 12270] -> cubics zeroable: False (0)
   violated 7 eqs [2554, 6816, 8124, 9421, 12231, 12270, 12350] -> cubics zeroable: None (2)
   violated 7 eqs [2554, 6816, 8124, 9421, 12231, 12270, 14584] -> cubics zeroable: None (2)
   violated 7 eqs [2554, 6816, 8124, 9421, 12231, 12270, 18673] -> cubics zeroable: None (2)
   violated 7 eqs [2554, 6816, 8124, 9421, 12231, 12270, 22044] -> cubics zeroable: None (2)
   violated 7 eqs [2554, 6816, 8124, 9421, 12231, 12270, 29125] -> cubics zeroable: None (2)
   violated 6 eqs [2554, 6816, 8124, 9421, 12231, 12350] -> cubics zeroable: False (0)
   violated 7 eqs [2554, 6816, 8124, 9421, 12231, 12350, 14584] -> cubics zeroable: None (2)
   violated 7 eqs [2554, 6816, 8124, 9421, 12231, 12350, 18673] -> cubics zeroable: None (2)
   violated 7 eqs [2554, 6816, 8124, 9421, 12231, 12350, 22044] -> cubics zeroable: None (2)
   violated 7 eqs [2554, 6816, 8124, 9421, 12231, 12350, 29125] -> cubics zeroable: None (2)
   violated 6 eqs [2554, 6816, 8124, 9421, 12231, 14584] -> cubics zeroable: False (0)
   violated 7 eqs [2554, 6816, 8124, 9421, 12231, 14584, 18673] -> cubics zeroable: None (2)
   violated 7 eqs [2554, 6816, 8124, 9421, 12231, 14584, 22044] -> cubics zeroable: None (2)
   violated 7 eqs [2554, 6816, 8124, 9421, 12231, 14584, 29125] -> cubics zeroable: None (2)
   violated 6 eqs [2554, 6816, 8124, 9421, 12231, 18673] -> cubics zeroable: False (0)
   violated 7 eqs [2554, 6816, 8124, 9421, 12231, 18673, 22044] -> cubics zeroable: None (2)
   violated 7 eqs [2554, 6816, 8124, 9421, 12231, 18673, 29125] -> cubics zeroable: None (2)
   violated 6 eqs [2554, 6816, 8124, 9421, 12231, 22044] -> cubics zeroable: False (0)
   violated 7 eqs [2554, 6816, 8124, 9421, 12231, 22044, 29125] -> cubics zeroable: None (2)
   violated 6 eqs [2554, 6816, 8124, 9421, 12231, 29125] -> cubics zeroable: False (0)
   violated 6 eqs [2554, 6816, 8124, 9421, 12270, 12350] -> cubics zeroable: False (0)
   violated 7 eqs [2554, 6816, 8124, 9421, 12270, 12350, 14584] -> cubics zeroable: None (2)
   violated 7 eqs [2554, 6816, 8124, 9421, 12270, 12350, 18673] -> cubics zeroable: None (2)
   violated 7 eqs [2554, 6816, 8124, 9421, 12270, 12350, 22044] -> cubics zeroable: None (2)
   violated 7 eqs [2554, 6816, 8124, 9421, 12270, 12350, 29125] -> cubics zeroable: None (2)
   violated 6 eqs [2554, 6816, 8124, 9421, 12270, 14584] -> cubics zeroable: False (0)
   violated 7 eqs [2554, 6816, 8124, 9421, 12270, 14584, 18673] -> cubics zeroable: None (2)
   violated 7 eqs [2554, 6816, 8124, 9421, 12270, 14584, 22044] -> cubics zeroable: None (2)
   violated 7 eqs [2554, 6816, 8124, 9421, 12270, 14584, 29125] -> cubics zeroable: None (2)
   violated 6 eqs [2554, 6816, 8124, 9421, 12270, 18673] -> cubics zeroable: False (0)
   violated 7 eqs [2554, 6816, 8124, 9421, 12270, 18673, 22044] -> cubics zeroable: None (2)
   violated 7 eqs [2554, 6816, 8124, 9421, 12270, 18673, 29125] -> cubics zeroable: None (2)
   violated 6 eqs [2554, 6816, 8124, 9421, 12270, 22044] -> cubics zeroable: False (0)
   violated 7 eqs [2554, 6816, 8124, 9421, 12270, 22044, 29125] -> cubics zeroable: None (2)
   violated 6 eqs [2554, 6816, 8124, 9421, 12270, 29125] -> cubics zeroable: False (0)
   violated 6 eqs [2554, 6816, 8124, 9421, 12350, 14584] -> cubics zeroable: False (0)
   violated 7 eqs [2554, 6816, 8124, 9421, 12350, 14584, 18673] -> cubics zeroable: None (2)
   violated 7 eqs [2554, 6816, 8124, 9421, 12350, 14584, 22044] -> cubics zeroable: None (2)
   violated 7 eqs [2554, 6816, 8124, 9421, 12350, 14584, 29125] -> cubics zeroable: None (2)
   violated 6 eqs [2554, 6816, 8124, 9421, 12350, 18673] -> cubics zeroable: False (0)
   violated 7 eqs [2554, 6816, 8124, 9421, 12350, 18673, 22044] -> cubics zeroable: None (2)
   violated 7 eqs [2554, 6816, 8124, 9421, 12350, 18673, 29125] -> cubics zeroable: None (2)
   violated 6 eqs [2554, 6816, 8124, 9421, 12350, 22044] -> cubics zeroable: False (0)
   violated 7 eqs [2554, 6816, 8124, 9421, 12350, 22044, 29125] -> cubics zeroable: None (2)
   violated 6 eqs [2554, 6816, 8124, 9421, 12350, 29125] -> cubics zeroable: False (0)
   violated 6 eqs [2554, 6816, 8124, 9421, 14584, 18673] -> cubics zeroable: False (0)
   violated 7 eqs [2554, 6816, 8124, 9421, 14584, 18673, 22044] -> cubics zeroable: None (2)
   violated 7 eqs [2554, 6816, 8124, 9421, 14584, 18673, 29125] -> cubics zeroable: None (2)
   violated 6 eqs [2554, 6816, 8124, 9421, 14584, 22044] -> cubics zeroable: False (0)
   violated 7 eqs [2554, 6816, 8124, 9421, 14584, 22044, 29125] -> cubics zeroable: None (2)
   violated 6 eqs [2554, 6816, 8124, 9421, 14584, 29125] -> cubics zeroable: False (0)
   violated 6 eqs [2554, 6816, 8124, 9421, 18673, 22044] -> cubics zeroable: False (0)
   violated 7 eqs [2554, 6816, 8124, 9421, 18673, 22044, 29125] -> cubics zeroable: None (2)
   violated 6 eqs [2554, 6816, 8124, 9421, 18673, 29125] -> cubics zeroable: False (0)
   violated 6 eqs [2554, 6816, 8124, 9421, 22044, 29125] -> cubics zeroable: False (0)
   violated 6 eqs [2554, 6816, 8124, 12231, 12270, 12350] -> cubics zeroable: False (0)
   violated 7 eqs [2554, 6816, 8124, 12231, 12270, 12350, 14584] -> cubics zeroable: None (2)
   violated 7 eqs [2554, 6816, 8124, 12231, 12270, 12350, 18673] -> cubics zeroable: None (2)
   violated 7 eqs [2554, 6816, 8124, 12231, 12270, 12350, 22044] -> cubics zeroable: None (2)
   violated 7 eqs [2554, 6816, 8124, 12231, 12270, 12350, 29125] -> cubics zeroable: None (2)
   violated 6 eqs [2554, 6816, 8124, 12231, 12270, 14584] -> cubics zeroable: False (0)
   violated 7 eqs [2554, 6816, 8124, 12231, 12270, 14584, 18673] -> cubics zeroable: None (2)
   violated 7 eqs [2554, 6816, 8124, 12231, 12270, 14584, 22044] -> cubics zeroable: None (2)
   violated 7 eqs [2554, 6816, 8124, 12231, 12270, 14584, 29125] -> cubics zeroable: None (2)
   violated 6 eqs [2554, 6816, 8124, 12231, 12270, 18673] -> cubics zeroable: False (0)
   violated 7 eqs [2554, 6816, 8124, 12231, 12270, 18673, 22044] -> cubics zeroable: None (2)
   violated 7 eqs [2554, 6816, 8124, 12231, 12270, 18673, 29125] -> cubics zeroable: None (2)
   violated 6 eqs [2554, 6816, 8124, 12231, 12270, 22044] -> cubics zeroable: False (0)
   violated 7 eqs [2554, 6816, 8124, 12231, 12270, 22044, 29125] -> cubics zeroable: None (2)
   violated 6 eqs [2554, 6816, 8124, 12231, 12270, 29125] -> cubics zeroable: False (0)
   violated 6 eqs [2554, 6816, 8124, 12231, 12350, 14584] -> cubics zeroable: False (0)
   violated 7 eqs [2554, 6816, 8124, 12231, 12350, 14584, 18673] -> cubics zeroable: None (2)
   violated 7 eqs [2554, 6816, 8124, 12231, 12350, 14584, 22044] -> cubics zeroable: None (2)
   violated 7 eqs [2554, 6816, 8124, 12231, 12350, 14584, 29125] -> cubics zeroable: None (2)
   violated 6 eqs [2554, 6816, 8124, 12231, 12350, 18673] -> cubics zeroable: False (0)
   violated 7 eqs [2554, 6816, 8124, 12231, 12350, 18673, 22044] -> cubics zeroable: None (2)
   violated 7 eqs [2554, 6816, 8124, 12231, 12350, 18673, 29125] -> cubics zeroable: None (2)
   violated 6 eqs [2554, 6816, 8124, 12231, 12350, 22044] -> cubics zeroable: False (0)
   violated 7 eqs [2554, 6816, 8124, 12231, 12350, 22044, 29125] -> cubics zeroable: None (2)
   violated 6 eqs [2554, 6816, 8124, 12231, 12350, 29125] -> cubics zeroable: False (0)
   violated 6 eqs [2554, 6816, 8124, 12231, 14584, 18673] -> cubics zeroable: False (0)
   violated 7 eqs [2554, 6816, 8124, 12231, 14584, 18673, 22044] -> cubics zeroable: None (2)
   violated 7 eqs [2554, 6816, 8124, 12231, 14584, 18673, 29125] -> cubics zeroable: None (2)
   violated 6 eqs [2554, 6816, 8124, 12231, 14584, 22044] -> cubics zeroable: False (0)
   violated 7 eqs [2554, 6816, 8124, 12231, 14584, 22044, 29125] -> cubics zeroable: None (2)
   violated 6 eqs [2554, 6816, 8124, 12231, 14584, 29125] -> cubics zeroable: False (0)
   violated 6 eqs [2554, 6816, 8124, 12231, 18673, 22044] -> cubics zeroable: False (0)
   violated 7 eqs [2554, 6816, 8124, 12231, 18673, 22044, 29125] -> cubics zeroable: None (2)
   violated 6 eqs [2554, 6816, 8124, 12231, 18673, 29125] -> cubics zeroable: False (0)
   violated 6 eqs [2554, 6816, 8124, 12231, 22044, 29125] -> cubics zeroable: False (0)
   violated 6 eqs [2554, 6816, 8124, 12270, 12350, 14584] -> cubics zeroable: False (0)
   violated 7 eqs [2554, 6816, 8124, 12270, 12350, 14584, 18673] -> cubics zeroable: None (2)
   violated 7 eqs [2554, 6816, 8124, 12270, 12350, 14584, 22044] -> cubics zeroable: None (2)
   violated 7 eqs [2554, 6816, 8124, 12270, 12350, 14584, 29125] -> cubics zeroable: None (2)
   violated 6 eqs [2554, 6816, 8124, 12270, 12350, 18673] -> cubics zeroable: False (0)
   violated 7 eqs [2554, 6816, 8124, 12270, 12350, 18673, 22044] -> cubics zeroable: None (2)
   violated 7 eqs [2554, 6816, 8124, 12270, 12350, 18673, 29125] -> cubics zeroable: None (2)
   violated 6 eqs [2554, 6816, 8124, 12270, 12350, 22044] -> cubics zeroable: False (0)
   violated 7 eqs [2554, 6816, 8124, 12270, 12350, 22044, 29125] -> cubics zeroable: None (2)
   violated 6 eqs [2554, 6816, 8124, 12270, 12350, 29125] -> cubics zeroable: False (0)
   violated 6 eqs [2554, 6816, 8124, 12270, 14584, 18673] -> cubics zeroable: False (0)
   violated 7 eqs [2554, 6816, 8124, 12270, 14584, 18673, 22044] -> cubics zeroable: None (2)
   violated 7 eqs [2554, 6816, 8124, 12270, 14584, 18673, 29125] -> cubics zeroable: None (2)
   violated 6 eqs [2554, 6816, 8124, 12270, 14584, 22044] -> cubics zeroable: False (0)
   violated 7 eqs [2554, 6816, 8124, 12270, 14584, 22044, 29125] -> cubics zeroable: None (2)
   violated 6 eqs [2554, 6816, 8124, 12270, 14584, 29125] -> cubics zeroable: False (0)
   violated 6 eqs [2554, 6816, 8124, 12270, 18673, 22044] -> cubics zeroable: False (0)
   violated 7 eqs [2554, 6816, 8124, 12270, 18673, 22044, 29125] -> cubics zeroable: None (2)
   violated 6 eqs [2554, 6816, 8124, 12270, 18673, 29125] -> cubics zeroable: False (0)
   violated 6 eqs [2554, 6816, 8124, 12270, 22044, 29125] -> cubics zeroable: False (0)
   violated 6 eqs [2554, 6816, 8124, 12350, 14584, 18673] -> cubics zeroable: False (0)
   violated 7 eqs [2554, 6816, 8124, 12350, 14584, 18673, 22044] -> cubics zeroable: None (2)
   violated 7 eqs [2554, 6816, 8124, 12350, 14584, 18673, 29125] -> cubics zeroable: None (2)
   violated 6 eqs [2554, 6816, 8124, 12350, 14584, 22044] -> cubics zeroable: False (0)
   violated 7 eqs [2554, 6816, 8124, 12350, 14584, 22044, 29125] -> cubics zeroable: None (2)
   violated 6 eqs [2554, 6816, 8124, 12350, 14584, 29125] -> cubics zeroable: False (0)
   violated 6 eqs [2554, 6816, 8124, 12350, 18673, 22044] -> cubics zeroable: False (0)
   violated 7 eqs [2554, 6816, 8124, 12350, 18673, 22044, 29125] -> cubics zeroable: None (2)
   violated 6 eqs [2554, 6816, 8124, 12350, 18673, 29125] -> cubics zeroable: False (0)
   violated 6 eqs [2554, 6816, 8124, 12350, 22044, 29125] -> cubics zeroable: False (0)
   violated 6 eqs [2554, 6816, 8124, 14584, 18673, 22044] -> cubics zeroable: False (0)
   violated 7 eqs [2554, 6816, 8124, 14584, 18673, 22044, 29125] -> cubics zeroable: None (2)
   violated 6 eqs [2554, 6816, 8124, 14584, 18673, 29125] -> cubics zeroable: False (0)
   violated 6 eqs [2554, 6816, 8124, 14584, 22044, 29125] -> cubics zeroable: False (0)
   violated 6 eqs [2554, 6816, 8124, 18673, 22044, 29125] -> cubics zeroable: False (0)
   violated 6 eqs [2554, 6816, 9123, 9421, 12231, 12270] -> cubics zeroable: False (0)
   violated 7 eqs [2554, 6816, 9123, 9421, 12231, 12270, 12350] -> cubics zeroable: None (2)
   violated 7 eqs [2554, 6816, 9123, 9421, 12231, 12270, 14584] -> cubics zeroable: None (2)
   violated 7 eqs [2554, 6816, 9123, 9421, 12231, 12270, 18673] -> cubics zeroable: None (2)
   violated 7 eqs [2554, 6816, 9123, 9421, 12231, 12270, 22044] -> cubics zeroable: None (2)
   violated 7 eqs [2554, 6816, 9123, 9421, 12231, 12270, 29125] -> cubics zeroable: None (2)
   violated 6 eqs [2554, 6816, 9123, 9421, 12231, 12350] -> cubics zeroable: False (0)
   violated 7 eqs [2554, 6816, 9123, 9421, 12231, 12350, 14584] -> cubics zeroable: None (2)
   violated 7 eqs [2554, 6816, 9123, 9421, 12231, 12350, 18673] -> cubics zeroable: None (2)
   violated 7 eqs [2554, 6816, 9123, 9421, 12231, 12350, 22044] -> cubics zeroable: None (2)
   violated 7 eqs [2554, 6816, 9123, 9421, 12231, 12350, 29125] -> cubics zeroable: None (2)
   violated 6 eqs [2554, 6816, 9123, 9421, 12231, 14584] -> cubics zeroable: False (0)
   violated 7 eqs [2554, 6816, 9123, 9421, 12231, 14584, 18673] -> cubics zeroable: None (2)
   violated 7 eqs [2554, 6816, 9123, 9421, 12231, 14584, 22044] -> cubics zeroable: None (2)
   violated 7 eqs [2554, 6816, 9123, 9421, 12231, 14584, 29125] -> cubics zeroable: None (2)
   violated 6 eqs [2554, 6816, 9123, 9421, 12231, 18673] -> cubics zeroable: False (0)
   violated 7 eqs [2554, 6816, 9123, 9421, 12231, 18673, 22044] -> cubics zeroable: None (2)
   violated 7 eqs [2554, 6816, 9123, 9421, 12231, 18673, 29125] -> cubics zeroable: None (2)
   violated 6 eqs [2554, 6816, 9123, 9421, 12231, 22044] -> cubics zeroable: False (0)
   violated 7 eqs [2554, 6816, 9123, 9421, 12231, 22044, 29125] -> cubics zeroable: None (2)
   violated 6 eqs [2554, 6816, 9123, 9421, 12231, 29125] -> cubics zeroable: False (0)
   violated 6 eqs [2554, 6816, 9123, 9421, 12270, 12350] -> cubics zeroable: False (0)
   violated 7 eqs [2554, 6816, 9123, 9421, 12270, 12350, 14584] -> cubics zeroable: False (0)
   violated 7 eqs [2554, 6816, 9123, 9421, 12270, 12350, 18673] -> cubics zeroable: False (0)
   violated 7 eqs [2554, 6816, 9123, 9421, 12270, 12350, 22044] -> cubics zeroable: None (2)
   violated 7 eqs [2554, 6816, 9123, 9421, 12270, 12350, 29125] -> cubics zeroable: None (2)
   violated 6 eqs [2554, 6816, 9123, 9421, 12270, 14584] -> cubics zeroable: False (0)
   violated 7 eqs [2554, 6816, 9123, 9421, 12270, 14584, 18673] -> cubics zeroable: False (0)
   violated 7 eqs [2554, 6816, 9123, 9421, 12270, 14584, 22044] -> cubics zeroable: None (2)
   violated 7 eqs [2554, 6816, 9123, 9421, 12270, 14584, 29125] -> cubics zeroable: None (2)
   violated 6 eqs [2554, 6816, 9123, 9421, 12270, 18673] -> cubics zeroable: False (0)
   violated 7 eqs [2554, 6816, 9123, 9421, 12270, 18673, 22044] -> cubics zeroable: None (2)
   violated 7 eqs [2554, 6816, 9123, 9421, 12270, 18673, 29125] -> cubics zeroable: None (2)
   violated 6 eqs [2554, 6816, 9123, 9421, 12270, 22044] -> cubics zeroable: False (0)
   violated 7 eqs [2554, 6816, 9123, 9421, 12270, 22044, 29125] -> cubics zeroable: None (2)
   violated 6 eqs [2554, 6816, 9123, 9421, 12270, 29125] -> cubics zeroable: False (0)
   violated 6 eqs [2554, 6816, 9123, 9421, 12350, 14584] -> cubics zeroable: False (0)
   violated 7 eqs [2554, 6816, 9123, 9421, 12350, 14584, 18673] -> cubics zeroable: False (0)
   violated 7 eqs [2554, 6816, 9123, 9421, 12350, 14584, 22044] -> cubics zeroable: None (2)
   violated 7 eqs [2554, 6816, 9123, 9421, 12350, 14584, 29125] -> cubics zeroable: None (2)
   violated 6 eqs [2554, 6816, 9123, 9421, 12350, 18673] -> cubics zeroable: False (0)
   violated 7 eqs [2554, 6816, 9123, 9421, 12350, 18673, 22044] -> cubics zeroable: None (2)
   violated 7 eqs [2554, 6816, 9123, 9421, 12350, 18673, 29125] -> cubics zeroable: None (2)
   violated 6 eqs [2554, 6816, 9123, 9421, 12350, 22044] -> cubics zeroable: False (0)
   violated 7 eqs [2554, 6816, 9123, 9421, 12350, 22044, 29125] -> cubics zeroable: None (2)
   violated 6 eqs [2554, 6816, 9123, 9421, 12350, 29125] -> cubics zeroable: False (0)
   violated 6 eqs [2554, 6816, 9123, 9421, 14584, 18673] -> cubics zeroable: False (0)
   violated 7 eqs [2554, 6816, 9123, 9421, 14584, 18673, 22044] -> cubics zeroable: None (2)
   violated 7 eqs [2554, 6816, 9123, 9421, 14584, 18673, 29125] -> cubics zeroable: None (2)
   violated 6 eqs [2554, 6816, 9123, 9421, 14584, 22044] -> cubics zeroable: False (0)
   violated 7 eqs [2554, 6816, 9123, 9421, 14584, 22044, 29125] -> cubics zeroable: None (2)
   violated 6 eqs [2554, 6816, 9123, 9421, 14584, 29125] -> cubics zeroable: False (0)
   violated 6 eqs [2554, 6816, 9123, 9421, 18673, 22044] -> cubics zeroable: False (0)
   violated 7 eqs [2554, 6816, 9123, 9421, 18673, 22044, 29125] -> cubics zeroable: None (2)
   violated 6 eqs [2554, 6816, 9123, 9421, 18673, 29125] -> cubics zeroable: False (0)
   violated 6 eqs [2554, 6816, 9123, 9421, 22044, 29125] -> cubics zeroable: False (0)
   violated 6 eqs [2554, 6816, 9123, 12231, 12270, 12350] -> cubics zeroable: False (0)
   violated 7 eqs [2554, 6816, 9123, 12231, 12270, 12350, 14584] -> cubics zeroable: None (2)
   violated 7 eqs [2554, 6816, 9123, 12231, 12270, 12350, 18673] -> cubics zeroable: None (2)
   violated 7 eqs [2554, 6816, 9123, 12231, 12270, 12350, 22044] -> cubics zeroable: None (2)
   violated 7 eqs [2554, 6816, 9123, 12231, 12270, 12350, 29125] -> cubics zeroable: None (2)
   violated 6 eqs [2554, 6816, 9123, 12231, 12270, 14584] -> cubics zeroable: False (0)
   violated 7 eqs [2554, 6816, 9123, 12231, 12270, 14584, 18673] -> cubics zeroable: None (2)
   violated 7 eqs [2554, 6816, 9123, 12231, 12270, 14584, 22044] -> cubics zeroable: None (2)
   violated 7 eqs [2554, 6816, 9123, 12231, 12270, 14584, 29125] -> cubics zeroable: None (2)
   violated 6 eqs [2554, 6816, 9123, 12231, 12270, 18673] -> cubics zeroable: False (0)
   violated 7 eqs [2554, 6816, 9123, 12231, 12270, 18673, 22044] -> cubics zeroable: None (2)
   violated 7 eqs [2554, 6816, 9123, 12231, 12270, 18673, 29125] -> cubics zeroable: None (2)
   violated 6 eqs [2554, 6816, 9123, 12231, 12270, 22044] -> cubics zeroable: False (0)
   violated 7 eqs [2554, 6816, 9123, 12231, 12270, 22044, 29125] -> cubics zeroable: None (2)
   violated 6 eqs [2554, 6816, 9123, 12231, 12270, 29125] -> cubics zeroable: False (0)
   violated 6 eqs [2554, 6816, 9123, 12231, 12350, 14584] -> cubics zeroable: False (0)
   violated 7 eqs [2554, 6816, 9123, 12231, 12350, 14584, 18673] -> cubics zeroable: None (2)
   violated 7 eqs [2554, 6816, 9123, 12231, 12350, 14584, 22044] -> cubics zeroable: None (2)
   violated 7 eqs [2554, 6816, 9123, 12231, 12350, 14584, 29125] -> cubics zeroable: None (2)
   violated 6 eqs [2554, 6816, 9123, 12231, 12350, 18673] -> cubics zeroable: False (0)
   violated 7 eqs [2554, 6816, 9123, 12231, 12350, 18673, 22044] -> cubics zeroable: None (2)
   violated 7 eqs [2554, 6816, 9123, 12231, 12350, 18673, 29125] -> cubics zeroable: None (2)
   violated 6 eqs [2554, 6816, 9123, 12231, 12350, 22044] -> cubics zeroable: False (0)
   violated 7 eqs [2554, 6816, 9123, 12231, 12350, 22044, 29125] -> cubics zeroable: None (2)
   violated 6 eqs [2554, 6816, 9123, 12231, 12350, 29125] -> cubics zeroable: False (0)
   violated 6 eqs [2554, 6816, 9123, 12231, 14584, 18673] -> cubics zeroable: False (0)
   violated 7 eqs [2554, 6816, 9123, 12231, 14584, 18673, 22044] -> cubics zeroable: None (2)
   violated 7 eqs [2554, 6816, 9123, 12231, 14584, 18673, 29125] -> cubics zeroable: None (2)
   violated 6 eqs [2554, 6816, 9123, 12231, 14584, 22044] -> cubics zeroable: False (0)
   violated 7 eqs [2554, 6816, 9123, 12231, 14584, 22044, 29125] -> cubics zeroable: None (2)
   violated 6 eqs [2554, 6816, 9123, 12231, 14584, 29125] -> cubics zeroable: False (0)
   violated 6 eqs [2554, 6816, 9123, 12231, 18673, 22044] -> cubics zeroable: False (0)
   violated 7 eqs [2554, 6816, 9123, 12231, 18673, 22044, 29125] -> cubics zeroable: None (2)
   violated 6 eqs [2554, 6816, 9123, 12231, 18673, 29125] -> cubics zeroable: False (0)
   violated 6 eqs [2554, 6816, 9123, 12231, 22044, 29125] -> cubics zeroable: False (0)
   violated 6 eqs [2554, 6816, 9123, 12270, 12350, 14584] -> cubics zeroable: False (0)
   violated 7 eqs [2554, 6816, 9123, 12270, 12350, 14584, 18673] -> cubics zeroable: False (0)
   violated 7 eqs [2554, 6816, 9123, 12270, 12350, 14584, 22044] -> cubics zeroable: None (2)
   violated 7 eqs [2554, 6816, 9123, 12270, 12350, 14584, 29125] -> cubics zeroable: None (2)
   violated 6 eqs [2554, 6816, 9123, 12270, 12350, 18673] -> cubics zeroable: False (0)
   violated 7 eqs [2554, 6816, 9123, 12270, 12350, 18673, 22044] -> cubics zeroable: None (2)
   violated 7 eqs [2554, 6816, 9123, 12270, 12350, 18673, 29125] -> cubics zeroable: None (2)
   violated 6 eqs [2554, 6816, 9123, 12270, 12350, 22044] -> cubics zeroable: False (0)
   violated 7 eqs [2554, 6816, 9123, 12270, 12350, 22044, 29125] -> cubics zeroable: None (2)
   violated 6 eqs [2554, 6816, 9123, 12270, 12350, 29125] -> cubics zeroable: False (0)
   violated 6 eqs [2554, 6816, 9123, 12270, 14584, 18673] -> cubics zeroable: False (0)
   violated 7 eqs [2554, 6816, 9123, 12270, 14584, 18673, 22044] -> cubics zeroable: None (2)
   violated 7 eqs [2554, 6816, 9123, 12270, 14584, 18673, 29125] -> cubics zeroable: None (2)
   violated 6 eqs [2554, 6816, 9123, 12270, 14584, 22044] -> cubics zeroable: False (0)
   violated 7 eqs [2554, 6816, 9123, 12270, 14584, 22044, 29125] -> cubics zeroable: None (2)
   violated 6 eqs [2554, 6816, 9123, 12270, 14584, 29125] -> cubics zeroable: False (0)
   violated 6 eqs [2554, 6816, 9123, 12270, 18673, 22044] -> cubics zeroable: False (0)
   violated 7 eqs [2554, 6816, 9123, 12270, 18673, 22044, 29125] -> cubics zeroable: None (2)
   violated 6 eqs [2554, 6816, 9123, 12270, 18673, 29125] -> cubics zeroable: False (0)
   violated 6 eqs [2554, 6816, 9123, 12270, 22044, 29125] -> cubics zeroable: False (0)
   violated 6 eqs [2554, 6816, 9123, 12350, 14584, 18673] -> cubics zeroable: False (0)
   violated 7 eqs [2554, 6816, 9123, 12350, 14584, 18673, 22044] -> cubics zeroable: None (2)
   violated 7 eqs [2554, 6816, 9123, 12350, 14584, 18673, 29125] -> cubics zeroable: None (2)
   violated 6 eqs [2554, 6816, 9123, 12350, 14584, 22044] -> cubics zeroable: False (0)
   violated 7 eqs [2554, 6816, 9123, 12350, 14584, 22044, 29125] -> cubics zeroable: None (2)
   violated 6 eqs [2554, 6816, 9123, 12350, 14584, 29125] -> cubics zeroable: False (0)
   violated 6 eqs [2554, 6816, 9123, 12350, 18673, 22044] -> cubics zeroable: False (0)
   violated 7 eqs [2554, 6816, 9123, 12350, 18673, 22044, 29125] -> cubics zeroable: None (2)
   violated 6 eqs [2554, 6816, 9123, 12350, 18673, 29125] -> cubics zeroable: False (0)
   violated 6 eqs [2554, 6816, 9123, 12350, 22044, 29125] -> cubics zeroable: False (0)
   violated 6 eqs [2554, 6816, 9123, 14584, 18673, 22044] -> cubics zeroable: False (0)
   violated 7 eqs [2554, 6816, 9123, 14584, 18673, 22044, 29125] -> cubics zeroable: None (2)
   violated 6 eqs [2554, 6816, 9123, 14584, 18673, 29125] -> cubics zeroable: False (0)
   violated 6 eqs [2554, 6816, 9123, 14584, 22044, 29125] -> cubics zeroable: False (0)
   violated 6 eqs [2554, 6816, 9123, 18673, 22044, 29125] -> cubics zeroable: False (0)
   violated 6 eqs [2554, 6816, 9421, 12231, 12270, 12350] -> cubics zeroable: False (0)
   violated 7 eqs [2554, 6816, 9421, 12231, 12270, 12350, 14584] -> cubics zeroable: None (2)
   violated 7 eqs [2554, 6816, 9421, 12231, 12270, 12350, 18673] -> cubics zeroable: None (2)
   violated 7 eqs [2554, 6816, 9421, 12231, 12270, 12350, 22044] -> cubics zeroable: None (2)
   violated 7 eqs [2554, 6816, 9421, 12231, 12270, 12350, 29125] -> cubics zeroable: None (2)
   violated 6 eqs [2554, 6816, 9421, 12231, 12270, 14584] -> cubics zeroable: False (0)
   violated 7 eqs [2554, 6816, 9421, 12231, 12270, 14584, 18673] -> cubics zeroable: None (2)
   violated 7 eqs [2554, 6816, 9421, 12231, 12270, 14584, 22044] -> cubics zeroable: None (2)
   violated 7 eqs [2554, 6816, 9421, 12231, 12270, 14584, 29125] -> cubics zeroable: None (2)
   violated 6 eqs [2554, 6816, 9421, 12231, 12270, 18673] -> cubics zeroable: False (0)
   violated 7 eqs [2554, 6816, 9421, 12231, 12270, 18673, 22044] -> cubics zeroable: None (2)
   violated 7 eqs [2554, 6816, 9421, 12231, 12270, 18673, 29125] -> cubics zeroable: None (2)
   violated 6 eqs [2554, 6816, 9421, 12231, 12270, 22044] -> cubics zeroable: False (0)
   violated 7 eqs [2554, 6816, 9421, 12231, 12270, 22044, 29125] -> cubics zeroable: None (2)
   violated 6 eqs [2554, 6816, 9421, 12231, 12270, 29125] -> cubics zeroable: False (0)
   violated 6 eqs [2554, 6816, 9421, 12231, 12350, 14584] -> cubics zeroable: False (0)
   violated 7 eqs [2554, 6816, 9421, 12231, 12350, 14584, 18673] -> cubics zeroable: None (2)
   violated 7 eqs [2554, 6816, 9421, 12231, 12350, 14584, 22044] -> cubics zeroable: None (2)
   violated 7 eqs [2554, 6816, 9421, 12231, 12350, 14584, 29125] -> cubics zeroable: None (2)
   violated 6 eqs [2554, 6816, 9421, 12231, 12350, 18673] -> cubics zeroable: False (0)
   violated 7 eqs [2554, 6816, 9421, 12231, 12350, 18673, 22044] -> cubics zeroable: None (2)
   violated 7 eqs [2554, 6816, 9421, 12231, 12350, 18673, 29125] -> cubics zeroable: None (2)
   violated 6 eqs [2554, 6816, 9421, 12231, 12350, 22044] -> cubics zeroable: False (0)
   violated 7 eqs [2554, 6816, 9421, 12231, 12350, 22044, 29125] -> cubics zeroable: None (2)
   violated 6 eqs [2554, 6816, 9421, 12231, 12350, 29125] -> cubics zeroable: False (0)
   violated 6 eqs [2554, 6816, 9421, 12231, 14584, 18673] -> cubics zeroable: False (0)
   violated 7 eqs [2554, 6816, 9421, 12231, 14584, 18673, 22044] -> cubics zeroable: None (2)
   violated 7 eqs [2554, 6816, 9421, 12231, 14584, 18673, 29125] -> cubics zeroable: None (2)
   violated 6 eqs [2554, 6816, 9421, 12231, 14584, 22044] -> cubics zeroable: False (0)
   violated 7 eqs [2554, 6816, 9421, 12231, 14584, 22044, 29125] -> cubics zeroable: None (2)
   violated 6 eqs [2554, 6816, 9421, 12231, 14584, 29125] -> cubics zeroable: False (0)
   violated 6 eqs [2554, 6816, 9421, 12231, 18673, 22044] -> cubics zeroable: False (0)
   violated 7 eqs [2554, 6816, 9421, 12231, 18673, 22044, 29125] -> cubics zeroable: None (2)
   violated 6 eqs [2554, 6816, 9421, 12231, 18673, 29125] -> cubics zeroable: False (0)
   violated 6 eqs [2554, 6816, 9421, 12231, 22044, 29125] -> cubics zeroable: False (0)
   violated 6 eqs [2554, 6816, 9421, 12270, 12350, 14584] -> cubics zeroable: False (0)
   violated 7 eqs [2554, 6816, 9421, 12270, 12350, 14584, 18673] -> cubics zeroable: False (0)
   violated 7 eqs [2554, 6816, 9421, 12270, 12350, 14584, 22044] -> cubics zeroable: None (2)
   violated 7 eqs [2554, 6816, 9421, 12270, 12350, 14584, 29125] -> cubics zeroable: None (2)
   violated 6 eqs [2554, 6816, 9421, 12270, 12350, 18673] -> cubics zeroable: False (0)
   violated 7 eqs [2554, 6816, 9421, 12270, 12350, 18673, 22044] -> cubics zeroable: None (2)
   violated 7 eqs [2554, 6816, 9421, 12270, 12350, 18673, 29125] -> cubics zeroable: None (2)
   violated 6 eqs [2554, 6816, 9421, 12270, 12350, 22044] -> cubics zeroable: False (0)
   violated 7 eqs [2554, 6816, 9421, 12270, 12350, 22044, 29125] -> cubics zeroable: None (2)
   violated 6 eqs [2554, 6816, 9421, 12270, 12350, 29125] -> cubics zeroable: False (0)
   violated 6 eqs [2554, 6816, 9421, 12270, 14584, 18673] -> cubics zeroable: False (0)
   violated 7 eqs [2554, 6816, 9421, 12270, 14584, 18673, 22044] -> cubics zeroable: None (2)
   violated 7 eqs [2554, 6816, 9421, 12270, 14584, 18673, 29125] -> cubics zeroable: None (2)
   violated 6 eqs [2554, 6816, 9421, 12270, 14584, 22044] -> cubics zeroable: False (0)
   violated 7 eqs [2554, 6816, 9421, 12270, 14584, 22044, 29125] -> cubics zeroable: None (2)
   violated 6 eqs [2554, 6816, 9421, 12270, 14584, 29125] -> cubics zeroable: False (0)
   violated 6 eqs [2554, 6816, 9421, 12270, 18673, 22044] -> cubics zeroable: False (0)
   violated 7 eqs [2554, 6816, 9421, 12270, 18673, 22044, 29125] -> cubics zeroable: None (2)
   violated 6 eqs [2554, 6816, 9421, 12270, 18673, 29125] -> cubics zeroable: False (0)
   violated 6 eqs [2554, 6816, 9421, 12270, 22044, 29125] -> cubics zeroable: False (0)
   violated 6 eqs [2554, 6816, 9421, 12350, 14584, 18673] -> cubics zeroable: False (0)
   violated 7 eqs [2554, 6816, 9421, 12350, 14584, 18673, 22044] -> cubics zeroable: None (2)
   violated 7 eqs [2554, 6816, 9421, 12350, 14584, 18673, 29125] -> cubics zeroable: None (2)
   violated 6 eqs [2554, 6816, 9421, 12350, 14584, 22044] -> cubics zeroable: False (0)
   violated 7 eqs [2554, 6816, 9421, 12350, 14584, 22044, 29125] -> cubics zeroable: None (2)
   violated 6 eqs [2554, 6816, 9421, 12350, 14584, 29125] -> cubics zeroable: False (0)
   violated 6 eqs [2554, 6816, 9421, 12350, 18673, 22044] -> cubics zeroable: False (0)
   violated 7 eqs [2554, 6816, 9421, 12350, 18673, 22044, 29125] -> cubics zeroable: None (2)
   violated 6 eqs [2554, 6816, 9421, 12350, 18673, 29125] -> cubics zeroable: False (0)
   violated 6 eqs [2554, 6816, 9421, 12350, 22044, 29125] -> cubics zeroable: False (0)
   violated 6 eqs [2554, 6816, 9421, 14584, 18673, 22044] -> cubics zeroable: False (0)
   violated 7 eqs [2554, 6816, 9421, 14584, 18673, 22044, 29125] -> cubics zeroable: None (2)
   violated 6 eqs [2554, 6816, 9421, 14584, 18673, 29125] -> cubics zeroable: False (0)
   violated 6 eqs [2554, 6816, 9421, 14584, 22044, 29125] -> cubics zeroable: False (0)
   violated 6 eqs [2554, 6816, 9421, 18673, 22044, 29125] -> cubics zeroable: False (0)
   violated 6 eqs [2554, 6816, 12231, 12270, 12350, 14584] -> cubics zeroable: False (0)
   violated 7 eqs [2554, 6816, 12231, 12270, 12350, 14584, 18673] -> cubics zeroable: None (2)
   violated 7 eqs [2554, 6816, 12231, 12270, 12350, 14584, 22044] -> cubics zeroable: None (2)
   violated 7 eqs [2554, 6816, 12231, 12270, 12350, 14584, 29125] -> cubics zeroable: None (2)
   violated 6 eqs [2554, 6816, 12231, 12270, 12350, 18673] -> cubics zeroable: False (0)
   violated 7 eqs [2554, 6816, 12231, 12270, 12350, 18673, 22044] -> cubics zeroable: None (2)
   violated 7 eqs [2554, 6816, 12231, 12270, 12350, 18673, 29125] -> cubics zeroable: None (2)
   violated 6 eqs [2554, 6816, 12231, 12270, 12350, 22044] -> cubics zeroable: False (0)
   violated 7 eqs [2554, 6816, 12231, 12270, 12350, 22044, 29125] -> cubics zeroable: None (2)
   violated 6 eqs [2554, 6816, 12231, 12270, 12350, 29125] -> cubics zeroable: False (0)
   violated 6 eqs [2554, 6816, 12231, 12270, 14584, 18673] -> cubics zeroable: False (0)
   violated 7 eqs [2554, 6816, 12231, 12270, 14584, 18673, 22044] -> cubics zeroable: None (2)
   violated 7 eqs [2554, 6816, 12231, 12270, 14584, 18673, 29125] -> cubics zeroable: None (2)
   violated 6 eqs [2554, 6816, 12231, 12270, 14584, 22044] -> cubics zeroable: False (0)
   violated 7 eqs [2554, 6816, 12231, 12270, 14584, 22044, 29125] -> cubics zeroable: None (2)
   violated 6 eqs [2554, 6816, 12231, 12270, 14584, 29125] -> cubics zeroable: False (0)
   violated 6 eqs [2554, 6816, 12231, 12270, 18673, 22044] -> cubics zeroable: False (0)
   violated 7 eqs [2554, 6816, 12231, 12270, 18673, 22044, 29125] -> cubics zeroable: None (2)
   violated 6 eqs [2554, 6816, 12231, 12270, 18673, 29125] -> cubics zeroable: False (0)
   violated 6 eqs [2554, 6816, 12231, 12270, 22044, 29125] -> cubics zeroable: False (0)
   violated 6 eqs [2554, 6816, 12231, 12350, 14584, 18673] -> cubics zeroable: False (0)
   violated 7 eqs [2554, 6816, 12231, 12350, 14584, 18673, 22044] -> cubics zeroable: None (2)
   violated 7 eqs [2554, 6816, 12231, 12350, 14584, 18673, 29125] -> cubics zeroable: None (2)
   violated 6 eqs [2554, 6816, 12231, 12350, 14584, 22044] -> cubics zeroable: False (0)
   violated 7 eqs [2554, 6816, 12231, 12350, 14584, 22044, 29125] -> cubics zeroable: None (2)
   violated 6 eqs [2554, 6816, 12231, 12350, 14584, 29125] -> cubics zeroable: False (0)
   violated 6 eqs [2554, 6816, 12231, 12350, 18673, 22044] -> cubics zeroable: False (0)
   violated 7 eqs [2554, 6816, 12231, 12350, 18673, 22044, 29125] -> cubics zeroable: None (2)
   violated 6 eqs [2554, 6816, 12231, 12350, 18673, 29125] -> cubics zeroable: False (0)
   violated 6 eqs [2554, 6816, 12231, 12350, 22044, 29125] -> cubics zeroable: False (0)
   violated 6 eqs [2554, 6816, 12231, 14584, 18673, 22044] -> cubics zeroable: False (0)
   violated 7 eqs [2554, 6816, 12231, 14584, 18673, 22044, 29125] -> cubics zeroable: None (2)
   violated 6 eqs [2554, 6816, 12231, 14584, 18673, 29125] -> cubics zeroable: False (0)
   violated 6 eqs [2554, 6816, 12231, 14584, 22044, 29125] -> cubics zeroable: False (0)
   violated 6 eqs [2554, 6816, 12231, 18673, 22044, 29125] -> cubics zeroable: False (0)
   violated 6 eqs [2554, 6816, 12270, 12350, 14584, 18673] -> cubics zeroable: False (0)
   violated 7 eqs [2554, 6816, 12270, 12350, 14584, 18673, 22044] -> cubics zeroable: None (2)
   violated 7 eqs [2554, 6816, 12270, 12350, 14584, 18673, 29125] -> cubics zeroable: None (2)
   violated 6 eqs [2554, 6816, 12270, 12350, 14584, 22044] -> cubics zeroable: False (0)
   violated 7 eqs [2554, 6816, 12270, 12350, 14584, 22044, 29125] -> cubics zeroable: None (2)
   violated 6 eqs [2554, 6816, 12270, 12350, 14584, 29125] -> cubics zeroable: False (0)
   violated 6 eqs [2554, 6816, 12270, 12350, 18673, 22044] -> cubics zeroable: False (0)
   violated 7 eqs [2554, 6816, 12270, 12350, 18673, 22044, 29125] -> cubics zeroable: None (2)
   violated 6 eqs [2554, 6816, 12270, 12350, 18673, 29125] -> cubics zeroable: False (0)
   violated 6 eqs [2554, 6816, 12270, 12350, 22044, 29125] -> cubics zeroable: False (0)
   violated 6 eqs [2554, 6816, 12270, 14584, 18673, 22044] -> cubics zeroable: False (0)
   violated 7 eqs [2554, 6816, 12270, 14584, 18673, 22044, 29125] -> cubics zeroable: None (2)
   violated 6 eqs [2554, 6816, 12270, 14584, 18673, 29125] -> cubics zeroable: False (0)
   violated 6 eqs [2554, 6816, 12270, 14584, 22044, 29125] -> cubics zeroable: False (0)
   violated 6 eqs [2554, 6816, 12270, 18673, 22044, 29125] -> cubics zeroable: False (0)
   violated 6 eqs [2554, 6816, 12350, 14584, 18673, 22044] -> cubics zeroable: False (0)
   violated 7 eqs [2554, 6816, 12350, 14584, 18673, 22044, 29125] -> cubics zeroable: None (2)
   violated 6 eqs [2554, 6816, 12350, 14584, 18673, 29125] -> cubics zeroable: False (0)
   violated 6 eqs [2554, 6816, 12350, 14584, 22044, 29125] -> cubics zeroable: False (0)
   violated 6 eqs [2554, 6816, 12350, 18673, 22044, 29125] -> cubics zeroable: False (0)
   violated 6 eqs [2554, 6816, 14584, 18673, 22044, 29125] -> cubics zeroable: False (0)
   violated 6 eqs [2554, 8124, 9123, 9421, 12231, 12270] -> cubics zeroable: False (0)
   violated 7 eqs [2554, 8124, 9123, 9421, 12231, 12270, 12350] -> cubics zeroable: None (2)
   violated 7 eqs [2554, 8124, 9123, 9421, 12231, 12270, 14584] -> cubics zeroable: None (2)
   violated 7 eqs [2554, 8124, 9123, 9421, 12231, 12270, 18673] -> cubics zeroable: None (2)
   violated 7 eqs [2554, 8124, 9123, 9421, 12231, 12270, 22044] -> cubics zeroable: None (2)
   violated 7 eqs [2554, 8124, 9123, 9421, 12231, 12270, 29125] -> cubics zeroable: None (2)
   violated 6 eqs [2554, 8124, 9123, 9421, 12231, 12350] -> cubics zeroable: False (0)
   violated 7 eqs [2554, 8124, 9123, 9421, 12231, 12350, 14584] -> cubics zeroable: None (2)
   violated 7 eqs [2554, 8124, 9123, 9421, 12231, 12350, 18673] -> cubics zeroable: None (2)
   violated 7 eqs [2554, 8124, 9123, 9421, 12231, 12350, 22044] -> cubics zeroable: None (2)
   violated 7 eqs [2554, 8124, 9123, 9421, 12231, 12350, 29125] -> cubics zeroable: None (2)
   violated 6 eqs [2554, 8124, 9123, 9421, 12231, 14584] -> cubics zeroable: False (0)
   violated 7 eqs [2554, 8124, 9123, 9421, 12231, 14584, 18673] -> cubics zeroable: None (2)
   violated 7 eqs [2554, 8124, 9123, 9421, 12231, 14584, 22044] -> cubics zeroable: None (2)
   violated 7 eqs [2554, 8124, 9123, 9421, 12231, 14584, 29125] -> cubics zeroable: None (2)
   violated 6 eqs [2554, 8124, 9123, 9421, 12231, 18673] -> cubics zeroable: False (0)
   violated 7 eqs [2554, 8124, 9123, 9421, 12231, 18673, 22044] -> cubics zeroable: None (2)
   violated 7 eqs [2554, 8124, 9123, 9421, 12231, 18673, 29125] -> cubics zeroable: None (2)
   violated 6 eqs [2554, 8124, 9123, 9421, 12231, 22044] -> cubics zeroable: False (0)
   violated 7 eqs [2554, 8124, 9123, 9421, 12231, 22044, 29125] -> cubics zeroable: None (2)
   violated 6 eqs [2554, 8124, 9123, 9421, 12231, 29125] -> cubics zeroable: False (0)
   violated 6 eqs [2554, 8124, 9123, 9421, 12270, 12350] -> cubics zeroable: False (0)
   violated 7 eqs [2554, 8124, 9123, 9421, 12270, 12350, 14584] -> cubics zeroable: None (2)
   violated 7 eqs [2554, 8124, 9123, 9421, 12270, 12350, 18673] -> cubics zeroable: None (2)
   violated 7 eqs [2554, 8124, 9123, 9421, 12270, 12350, 22044] -> cubics zeroable: None (2)
   violated 7 eqs [2554, 8124, 9123, 9421, 12270, 12350, 29125] -> cubics zeroable: None (2)
   violated 6 eqs [2554, 8124, 9123, 9421, 12270, 14584] -> cubics zeroable: False (0)
   violated 7 eqs [2554, 8124, 9123, 9421, 12270, 14584, 18673] -> cubics zeroable: None (2)
   violated 7 eqs [2554, 8124, 9123, 9421, 12270, 14584, 22044] -> cubics zeroable: None (2)
   violated 7 eqs [2554, 8124, 9123, 9421, 12270, 14584, 29125] -> cubics zeroable: None (2)
   violated 6 eqs [2554, 8124, 9123, 9421, 12270, 18673] -> cubics zeroable: False (0)
   violated 7 eqs [2554, 8124, 9123, 9421, 12270, 18673, 22044] -> cubics zeroable: None (2)
   violated 7 eqs [2554, 8124, 9123, 9421, 12270, 18673, 29125] -> cubics zeroable: None (2)
   violated 6 eqs [2554, 8124, 9123, 9421, 12270, 22044] -> cubics zeroable: False (0)
   violated 7 eqs [2554, 8124, 9123, 9421, 12270, 22044, 29125] -> cubics zeroable: None (2)
   violated 6 eqs [2554, 8124, 9123, 9421, 12270, 29125] -> cubics zeroable: False (0)
   violated 6 eqs [2554, 8124, 9123, 9421, 12350, 14584] -> cubics zeroable: False (0)
   violated 7 eqs [2554, 8124, 9123, 9421, 12350, 14584, 18673] -> cubics zeroable: None (2)
   violated 7 eqs [2554, 8124, 9123, 9421, 12350, 14584, 22044] -> cubics zeroable: None (2)
   violated 7 eqs [2554, 8124, 9123, 9421, 12350, 14584, 29125] -> cubics zeroable: None (2)
   violated 6 eqs [2554, 8124, 9123, 9421, 12350, 18673] -> cubics zeroable: False (0)
   violated 7 eqs [2554, 8124, 9123, 9421, 12350, 18673, 22044] -> cubics zeroable: None (2)
   violated 7 eqs [2554, 8124, 9123, 9421, 12350, 18673, 29125] -> cubics zeroable: None (2)
   violated 6 eqs [2554, 8124, 9123, 9421, 12350, 22044] -> cubics zeroable: False (0)
   violated 7 eqs [2554, 8124, 9123, 9421, 12350, 22044, 29125] -> cubics zeroable: None (2)
   violated 6 eqs [2554, 8124, 9123, 9421, 12350, 29125] -> cubics zeroable: False (0)
   violated 6 eqs [2554, 8124, 9123, 9421, 14584, 18673] -> cubics zeroable: False (0)
   violated 7 eqs [2554, 8124, 9123, 9421, 14584, 18673, 22044] -> cubics zeroable: None (2)
   violated 7 eqs [2554, 8124, 9123, 9421, 14584, 18673, 29125] -> cubics zeroable: None (2)
   violated 6 eqs [2554, 8124, 9123, 9421, 14584, 22044] -> cubics zeroable: False (0)
   violated 7 eqs [2554, 8124, 9123, 9421, 14584, 22044, 29125] -> cubics zeroable: None (2)
   violated 6 eqs [2554, 8124, 9123, 9421, 14584, 29125] -> cubics zeroable: False (0)
   violated 6 eqs [2554, 8124, 9123, 9421, 18673, 22044] -> cubics zeroable: False (0)
   violated 7 eqs [2554, 8124, 9123, 9421, 18673, 22044, 29125] -> cubics zeroable: None (2)
   violated 6 eqs [2554, 8124, 9123, 9421, 18673, 29125] -> cubics zeroable: False (0)
   violated 6 eqs [2554, 8124, 9123, 9421, 22044, 29125] -> cubics zeroable: False (0)
   violated 6 eqs [2554, 8124, 9123, 12231, 12270, 12350] -> cubics zeroable: False (0)
   violated 7 eqs [2554, 8124, 9123, 12231, 12270, 12350, 14584] -> cubics zeroable: None (2)
   violated 7 eqs [2554, 8124, 9123, 12231, 12270, 12350, 18673] -> cubics zeroable: None (2)
   violated 7 eqs [2554, 8124, 9123, 12231, 12270, 12350, 22044] -> cubics zeroable: None (2)
   violated 7 eqs [2554, 8124, 9123, 12231, 12270, 12350, 29125] -> cubics zeroable: None (2)
   violated 6 eqs [2554, 8124, 9123, 12231, 12270, 14584] -> cubics zeroable: False (0)
   violated 7 eqs [2554, 8124, 9123, 12231, 12270, 14584, 18673] -> cubics zeroable: None (2)
   violated 7 eqs [2554, 8124, 9123, 12231, 12270, 14584, 22044] -> cubics zeroable: None (2)
   violated 7 eqs [2554, 8124, 9123, 12231, 12270, 14584, 29125] -> cubics zeroable: None (2)
   violated 6 eqs [2554, 8124, 9123, 12231, 12270, 18673] -> cubics zeroable: False (0)
   violated 7 eqs [2554, 8124, 9123, 12231, 12270, 18673, 22044] -> cubics zeroable: None (2)
   violated 7 eqs [2554, 8124, 9123, 12231, 12270, 18673, 29125] -> cubics zeroable: None (2)
   violated 6 eqs [2554, 8124, 9123, 12231, 12270, 22044] -> cubics zeroable: False (0)
   violated 7 eqs [2554, 8124, 9123, 12231, 12270, 22044, 29125] -> cubics zeroable: None (2)
   violated 6 eqs [2554, 8124, 9123, 12231, 12270, 29125] -> cubics zeroable: False (0)
   violated 6 eqs [2554, 8124, 9123, 12231, 12350, 14584] -> cubics zeroable: False (0)
   violated 7 eqs [2554, 8124, 9123, 12231, 12350, 14584, 18673] -> cubics zeroable: None (2)
   violated 7 eqs [2554, 8124, 9123, 12231, 12350, 14584, 22044] -> cubics zeroable: None (2)
   violated 7 eqs [2554, 8124, 9123, 12231, 12350, 14584, 29125] -> cubics zeroable: None (2)
   violated 6 eqs [2554, 8124, 9123, 12231, 12350, 18673] -> cubics zeroable: False (0)
   violated 7 eqs [2554, 8124, 9123, 12231, 12350, 18673, 22044] -> cubics zeroable: None (2)
   violated 7 eqs [2554, 8124, 9123, 12231, 12350, 18673, 29125] -> cubics zeroable: None (2)
   violated 6 eqs [2554, 8124, 9123, 12231, 12350, 22044] -> cubics zeroable: False (0)
   violated 7 eqs [2554, 8124, 9123, 12231, 12350, 22044, 29125] -> cubics zeroable: None (2)
   violated 6 eqs [2554, 8124, 9123, 12231, 12350, 29125] -> cubics zeroable: False (0)
   violated 6 eqs [2554, 8124, 9123, 12231, 14584, 18673] -> cubics zeroable: False (0)
   violated 7 eqs [2554, 8124, 9123, 12231, 14584, 18673, 22044] -> cubics zeroable: None (2)
   violated 7 eqs [2554, 8124, 9123, 12231, 14584, 18673, 29125] -> cubics zeroable: None (2)
   violated 6 eqs [2554, 8124, 9123, 12231, 14584, 22044] -> cubics zeroable: False (0)
   violated 7 eqs [2554, 8124, 9123, 12231, 14584, 22044, 29125] -> cubics zeroable: None (2)
   violated 6 eqs [2554, 8124, 9123, 12231, 14584, 29125] -> cubics zeroable: False (0)
   violated 6 eqs [2554, 8124, 9123, 12231, 18673, 22044] -> cubics zeroable: False (0)
   violated 7 eqs [2554, 8124, 9123, 12231, 18673, 22044, 29125] -> cubics zeroable: None (2)
   violated 6 eqs [2554, 8124, 9123, 12231, 18673, 29125] -> cubics zeroable: False (0)
   violated 6 eqs [2554, 8124, 9123, 12231, 22044, 29125] -> cubics zeroable: False (0)
   violated 6 eqs [2554, 8124, 9123, 12270, 12350, 14584] -> cubics zeroable: False (0)
   violated 7 eqs [2554, 8124, 9123, 12270, 12350, 14584, 18673] -> cubics zeroable: None (2)
   violated 7 eqs [2554, 8124, 9123, 12270, 12350, 14584, 22044] -> cubics zeroable: None (2)
   violated 7 eqs [2554, 8124, 9123, 12270, 12350, 14584, 29125] -> cubics zeroable: None (2)
   violated 6 eqs [2554, 8124, 9123, 12270, 12350, 18673] -> cubics zeroable: False (0)
   violated 7 eqs [2554, 8124, 9123, 12270, 12350, 18673, 22044] -> cubics zeroable: None (2)
   violated 7 eqs [2554, 8124, 9123, 12270, 12350, 18673, 29125] -> cubics zeroable: None (2)
   violated 6 eqs [2554, 8124, 9123, 12270, 12350, 22044] -> cubics zeroable: False (0)
   violated 7 eqs [2554, 8124, 9123, 12270, 12350, 22044, 29125] -> cubics zeroable: None (2)
   violated 6 eqs [2554, 8124, 9123, 12270, 12350, 29125] -> cubics zeroable: False (0)
   violated 6 eqs [2554, 8124, 9123, 12270, 14584, 18673] -> cubics zeroable: False (0)
   violated 7 eqs [2554, 8124, 9123, 12270, 14584, 18673, 22044] -> cubics zeroable: None (2)
   violated 7 eqs [2554, 8124, 9123, 12270, 14584, 18673, 29125] -> cubics zeroable: None (2)
   violated 6 eqs [2554, 8124, 9123, 12270, 14584, 22044] -> cubics zeroable: False (0)
   violated 7 eqs [2554, 8124, 9123, 12270, 14584, 22044, 29125] -> cubics zeroable: None (2)
   violated 6 eqs [2554, 8124, 9123, 12270, 14584, 29125] -> cubics zeroable: False (0)
   violated 6 eqs [2554, 8124, 9123, 12270, 18673, 22044] -> cubics zeroable: False (0)
   violated 7 eqs [2554, 8124, 9123, 12270, 18673, 22044, 29125] -> cubics zeroable: None (2)
   violated 6 eqs [2554, 8124, 9123, 12270, 18673, 29125] -> cubics zeroable: False (0)
   violated 6 eqs [2554, 8124, 9123, 12270, 22044, 29125] -> cubics zeroable: False (0)
   violated 6 eqs [2554, 8124, 9123, 12350, 14584, 18673] -> cubics zeroable: False (0)
   violated 7 eqs [2554, 8124, 9123, 12350, 14584, 18673, 22044] -> cubics zeroable: None (2)
   violated 7 eqs [2554, 8124, 9123, 12350, 14584, 18673, 29125] -> cubics zeroable: None (2)
   violated 6 eqs [2554, 8124, 9123, 12350, 14584, 22044] -> cubics zeroable: False (0)
   violated 7 eqs [2554, 8124, 9123, 12350, 14584, 22044, 29125] -> cubics zeroable: None (2)
   violated 6 eqs [2554, 8124, 9123, 12350, 14584, 29125] -> cubics zeroable: False (0)
   violated 6 eqs [2554, 8124, 9123, 12350, 18673, 22044] -> cubics zeroable: False (0)
   violated 7 eqs [2554, 8124, 9123, 12350, 18673, 22044, 29125] -> cubics zeroable: None (2)
   violated 6 eqs [2554, 8124, 9123, 12350, 18673, 29125] -> cubics zeroable: False (0)
   violated 6 eqs [2554, 8124, 9123, 12350, 22044, 29125] -> cubics zeroable: False (0)
   violated 6 eqs [2554, 8124, 9123, 14584, 18673, 22044] -> cubics zeroable: False (0)
   violated 7 eqs [2554, 8124, 9123, 14584, 18673, 22044, 29125] -> cubics zeroable: None (2)
   violated 6 eqs [2554, 8124, 9123, 14584, 18673, 29125] -> cubics zeroable: False (0)
   violated 6 eqs [2554, 8124, 9123, 14584, 22044, 29125] -> cubics zeroable: False (0)
   violated 6 eqs [2554, 8124, 9123, 18673, 22044, 29125] -> cubics zeroable: False (0)
   violated 6 eqs [2554, 8124, 9421, 12231, 12270, 12350] -> cubics zeroable: False (0)
   violated 7 eqs [2554, 8124, 9421, 12231, 12270, 12350, 14584] -> cubics zeroable: None (2)
   violated 7 eqs [2554, 8124, 9421, 12231, 12270, 12350, 18673] -> cubics zeroable: None (2)
   violated 7 eqs [2554, 8124, 9421, 12231, 12270, 12350, 22044] -> cubics zeroable: None (2)
   violated 7 eqs [2554, 8124, 9421, 12231, 12270, 12350, 29125] -> cubics zeroable: None (2)
   violated 6 eqs [2554, 8124, 9421, 12231, 12270, 14584] -> cubics zeroable: False (0)
   violated 7 eqs [2554, 8124, 9421, 12231, 12270, 14584, 18673] -> cubics zeroable: None (2)
   violated 7 eqs [2554, 8124, 9421, 12231, 12270, 14584, 22044] -> cubics zeroable: None (2)
   violated 7 eqs [2554, 8124, 9421, 12231, 12270, 14584, 29125] -> cubics zeroable: None (2)
   violated 6 eqs [2554, 8124, 9421, 12231, 12270, 18673] -> cubics zeroable: False (0)
   violated 7 eqs [2554, 8124, 9421, 12231, 12270, 18673, 22044] -> cubics zeroable: None (2)
   violated 7 eqs [2554, 8124, 9421, 12231, 12270, 18673, 29125] -> cubics zeroable: None (2)
   violated 6 eqs [2554, 8124, 9421, 12231, 12270, 22044] -> cubics zeroable: False (0)
   violated 7 eqs [2554, 8124, 9421, 12231, 12270, 22044, 29125] -> cubics zeroable: None (2)
   violated 6 eqs [2554, 8124, 9421, 12231, 12270, 29125] -> cubics zeroable: False (0)
   violated 6 eqs [2554, 8124, 9421, 12231, 12350, 14584] -> cubics zeroable: False (0)
   violated 7 eqs [2554, 8124, 9421, 12231, 12350, 14584, 18673] -> cubics zeroable: None (2)
   violated 7 eqs [2554, 8124, 9421, 12231, 12350, 14584, 22044] -> cubics zeroable: None (2)
   violated 7 eqs [2554, 8124, 9421, 12231, 12350, 14584, 29125] -> cubics zeroable: None (2)
   violated 6 eqs [2554, 8124, 9421, 12231, 12350, 18673] -> cubics zeroable: False (0)
   violated 7 eqs [2554, 8124, 9421, 12231, 12350, 18673, 22044] -> cubics zeroable: None (2)
   violated 7 eqs [2554, 8124, 9421, 12231, 12350, 18673, 29125] -> cubics zeroable: None (2)
   violated 6 eqs [2554, 8124, 9421, 12231, 12350, 22044] -> cubics zeroable: False (0)
   violated 7 eqs [2554, 8124, 9421, 12231, 12350, 22044, 29125] -> cubics zeroable: None (2)
   violated 6 eqs [2554, 8124, 9421, 12231, 12350, 29125] -> cubics zeroable: False (0)
   violated 6 eqs [2554, 8124, 9421, 12231, 14584, 18673] -> cubics zeroable: False (0)
   violated 7 eqs [2554, 8124, 9421, 12231, 14584, 18673, 22044] -> cubics zeroable: None (2)
   violated 7 eqs [2554, 8124, 9421, 12231, 14584, 18673, 29125] -> cubics zeroable: None (2)
   violated 6 eqs [2554, 8124, 9421, 12231, 14584, 22044] -> cubics zeroable: False (0)
   violated 7 eqs [2554, 8124, 9421, 12231, 14584, 22044, 29125] -> cubics zeroable: None (2)
   violated 6 eqs [2554, 8124, 9421, 12231, 14584, 29125] -> cubics zeroable: False (0)
   violated 6 eqs [2554, 8124, 9421, 12231, 18673, 22044] -> cubics zeroable: False (0)
   violated 7 eqs [2554, 8124, 9421, 12231, 18673, 22044, 29125] -> cubics zeroable: None (2)
   violated 6 eqs [2554, 8124, 9421, 12231, 18673, 29125] -> cubics zeroable: False (0)
   violated 6 eqs [2554, 8124, 9421, 12231, 22044, 29125] -> cubics zeroable: False (0)
   violated 6 eqs [2554, 8124, 9421, 12270, 12350, 14584] -> cubics zeroable: False (0)
   violated 7 eqs [2554, 8124, 9421, 12270, 12350, 14584, 18673] -> cubics zeroable: None (2)
   violated 7 eqs [2554, 8124, 9421, 12270, 12350, 14584, 22044] -> cubics zeroable: None (2)
   violated 7 eqs [2554, 8124, 9421, 12270, 12350, 14584, 29125] -> cubics zeroable: None (2)
   violated 6 eqs [2554, 8124, 9421, 12270, 12350, 18673] -> cubics zeroable: False (0)
   violated 7 eqs [2554, 8124, 9421, 12270, 12350, 18673, 22044] -> cubics zeroable: None (2)
   violated 7 eqs [2554, 8124, 9421, 12270, 12350, 18673, 29125] -> cubics zeroable: None (2)
   violated 6 eqs [2554, 8124, 9421, 12270, 12350, 22044] -> cubics zeroable: False (0)
   violated 7 eqs [2554, 8124, 9421, 12270, 12350, 22044, 29125] -> cubics zeroable: None (2)
   violated 6 eqs [2554, 8124, 9421, 12270, 12350, 29125] -> cubics zeroable: False (0)
   violated 6 eqs [2554, 8124, 9421, 12270, 14584, 18673] -> cubics zeroable: False (0)
   violated 7 eqs [2554, 8124, 9421, 12270, 14584, 18673, 22044] -> cubics zeroable: None (2)
   violated 7 eqs [2554, 8124, 9421, 12270, 14584, 18673, 29125] -> cubics zeroable: None (2)
   violated 6 eqs [2554, 8124, 9421, 12270, 14584, 22044] -> cubics zeroable: False (0)
   violated 7 eqs [2554, 8124, 9421, 12270, 14584, 22044, 29125] -> cubics zeroable: None (2)
   violated 6 eqs [2554, 8124, 9421, 12270, 14584, 29125] -> cubics zeroable: False (0)
   violated 6 eqs [2554, 8124, 9421, 12270, 18673, 22044] -> cubics zeroable: False (0)
   violated 7 eqs [2554, 8124, 9421, 12270, 18673, 22044, 29125] -> cubics zeroable: None (2)
   violated 6 eqs [2554, 8124, 9421, 12270, 18673, 29125] -> cubics zeroable: False (0)
   violated 6 eqs [2554, 8124, 9421, 12270, 22044, 29125] -> cubics zeroable: False (0)
   violated 6 eqs [2554, 8124, 9421, 12350, 14584, 18673] -> cubics zeroable: False (0)
   violated 7 eqs [2554, 8124, 9421, 12350, 14584, 18673, 22044] -> cubics zeroable: None (2)
   violated 7 eqs [2554, 8124, 9421, 12350, 14584, 18673, 29125] -> cubics zeroable: None (2)
   violated 6 eqs [2554, 8124, 9421, 12350, 14584, 22044] -> cubics zeroable: False (0)
   violated 7 eqs [2554, 8124, 9421, 12350, 14584, 22044, 29125] -> cubics zeroable: None (2)
   violated 6 eqs [2554, 8124, 9421, 12350, 14584, 29125] -> cubics zeroable: False (0)
   violated 6 eqs [2554, 8124, 9421, 12350, 18673, 22044] -> cubics zeroable: False (0)
   violated 7 eqs [2554, 8124, 9421, 12350, 18673, 22044, 29125] -> cubics zeroable: None (2)
   violated 6 eqs [2554, 8124, 9421, 12350, 18673, 29125] -> cubics zeroable: False (0)
   violated 6 eqs [2554, 8124, 9421, 12350, 22044, 29125] -> cubics zeroable: False (0)
   violated 6 eqs [2554, 8124, 9421, 14584, 18673, 22044] -> cubics zeroable: False (0)
   violated 7 eqs [2554, 8124, 9421, 14584, 18673, 22044, 29125] -> cubics zeroable: None (2)
   violated 6 eqs [2554, 8124, 9421, 14584, 18673, 29125] -> cubics zeroable: False (0)
   violated 6 eqs [2554, 8124, 9421, 14584, 22044, 29125] -> cubics zeroable: False (0)
   violated 6 eqs [2554, 8124, 9421, 18673, 22044, 29125] -> cubics zeroable: False (0)
   violated 6 eqs [2554, 8124, 12231, 12270, 12350, 14584] -> cubics zeroable: False (0)
   violated 7 eqs [2554, 8124, 12231, 12270, 12350, 14584, 18673] -> cubics zeroable: None (2)
   violated 7 eqs [2554, 8124, 12231, 12270, 12350, 14584, 22044] -> cubics zeroable: None (2)
   violated 7 eqs [2554, 8124, 12231, 12270, 12350, 14584, 29125] -> cubics zeroable: None (2)
   violated 6 eqs [2554, 8124, 12231, 12270, 12350, 18673] -> cubics zeroable: False (0)
   violated 7 eqs [2554, 8124, 12231, 12270, 12350, 18673, 22044] -> cubics zeroable: None (2)
   violated 7 eqs [2554, 8124, 12231, 12270, 12350, 18673, 29125] -> cubics zeroable: None (2)
   violated 6 eqs [2554, 8124, 12231, 12270, 12350, 22044] -> cubics zeroable: False (0)
   violated 7 eqs [2554, 8124, 12231, 12270, 12350, 22044, 29125] -> cubics zeroable: None (2)
   violated 6 eqs [2554, 8124, 12231, 12270, 12350, 29125] -> cubics zeroable: False (0)
   violated 6 eqs [2554, 8124, 12231, 12270, 14584, 18673] -> cubics zeroable: False (0)
   violated 7 eqs [2554, 8124, 12231, 12270, 14584, 18673, 22044] -> cubics zeroable: None (2)
   violated 7 eqs [2554, 8124, 12231, 12270, 14584, 18673, 29125] -> cubics zeroable: None (2)
   violated 6 eqs [2554, 8124, 12231, 12270, 14584, 22044] -> cubics zeroable: False (0)
   violated 7 eqs [2554, 8124, 12231, 12270, 14584, 22044, 29125] -> cubics zeroable: None (2)
   violated 6 eqs [2554, 8124, 12231, 12270, 14584, 29125] -> cubics zeroable: False (0)
   violated 6 eqs [2554, 8124, 12231, 12270, 18673, 22044] -> cubics zeroable: False (0)
   violated 7 eqs [2554, 8124, 12231, 12270, 18673, 22044, 29125] -> cubics zeroable: None (2)
   violated 6 eqs [2554, 8124, 12231, 12270, 18673, 29125] -> cubics zeroable: False (0)
   violated 6 eqs [2554, 8124, 12231, 12270, 22044, 29125] -> cubics zeroable: False (0)
   violated 6 eqs [2554, 8124, 12231, 12350, 14584, 18673] -> cubics zeroable: False (0)
   violated 7 eqs [2554, 8124, 12231, 12350, 14584, 18673, 22044] -> cubics zeroable: None (2)
   violated 7 eqs [2554, 8124, 12231, 12350, 14584, 18673, 29125] -> cubics zeroable: None (2)
   violated 6 eqs [2554, 8124, 12231, 12350, 14584, 22044] -> cubics zeroable: False (0)
   violated 7 eqs [2554, 8124, 12231, 12350, 14584, 22044, 29125] -> cubics zeroable: None (2)
   violated 6 eqs [2554, 8124, 12231, 12350, 14584, 29125] -> cubics zeroable: False (0)
   violated 6 eqs [2554, 8124, 12231, 12350, 18673, 22044] -> cubics zeroable: False (0)
   violated 7 eqs [2554, 8124, 12231, 12350, 18673, 22044, 29125] -> cubics zeroable: None (2)
   violated 6 eqs [2554, 8124, 12231, 12350, 18673, 29125] -> cubics zeroable: False (0)
   violated 6 eqs [2554, 8124, 12231, 12350, 22044, 29125] -> cubics zeroable: False (0)
   violated 6 eqs [2554, 8124, 12231, 14584, 18673, 22044] -> cubics zeroable: False (0)
   violated 7 eqs [2554, 8124, 12231, 14584, 18673, 22044, 29125] -> cubics zeroable: None (2)
   violated 6 eqs [2554, 8124, 12231, 14584, 18673, 29125] -> cubics zeroable: False (0)
   violated 6 eqs [2554, 8124, 12231, 14584, 22044, 29125] -> cubics zeroable: False (0)
   violated 6 eqs [2554, 8124, 12231, 18673, 22044, 29125] -> cubics zeroable: False (0)
   violated 6 eqs [2554, 8124, 12270, 12350, 14584, 18673] -> cubics zeroable: False (0)
   violated 7 eqs [2554, 8124, 12270, 12350, 14584, 18673, 22044] -> cubics zeroable: None (2)
   violated 7 eqs [2554, 8124, 12270, 12350, 14584, 18673, 29125] -> cubics zeroable: None (2)
   violated 6 eqs [2554, 8124, 12270, 12350, 14584, 22044] -> cubics zeroable: False (0)
   violated 7 eqs [2554, 8124, 12270, 12350, 14584, 22044, 29125] -> cubics zeroable: None (2)
   violated 6 eqs [2554, 8124, 12270, 12350, 14584, 29125] -> cubics zeroable: False (0)
   violated 6 eqs [2554, 8124, 12270, 12350, 18673, 22044] -> cubics zeroable: False (0)
   violated 7 eqs [2554, 8124, 12270, 12350, 18673, 22044, 29125] -> cubics zeroable: None (2)
   violated 6 eqs [2554, 8124, 12270, 12350, 18673, 29125] -> cubics zeroable: False (0)
   violated 6 eqs [2554, 8124, 12270, 12350, 22044, 29125] -> cubics zeroable: False (0)
   violated 6 eqs [2554, 8124, 12270, 14584, 18673, 22044] -> cubics zeroable: False (0)
   violated 7 eqs [2554, 8124, 12270, 14584, 18673, 22044, 29125] -> cubics zeroable: None (2)
   violated 6 eqs [2554, 8124, 12270, 14584, 18673, 29125] -> cubics zeroable: False (0)
   violated 6 eqs [2554, 8124, 12270, 14584, 22044, 29125] -> cubics zeroable: False (0)
   violated 6 eqs [2554, 8124, 12270, 18673, 22044, 29125] -> cubics zeroable: False (0)
   violated 6 eqs [2554, 8124, 12350, 14584, 18673, 22044] -> cubics zeroable: False (0)
   violated 7 eqs [2554, 8124, 12350, 14584, 18673, 22044, 29125] -> cubics zeroable: None (2)
   violated 6 eqs [2554, 8124, 12350, 14584, 18673, 29125] -> cubics zeroable: False (0)
   violated 6 eqs [2554, 8124, 12350, 14584, 22044, 29125] -> cubics zeroable: False (0)
   violated 6 eqs [2554, 8124, 12350, 18673, 22044, 29125] -> cubics zeroable: False (0)
   violated 6 eqs [2554, 8124, 14584, 18673, 22044, 29125] -> cubics zeroable: False (0)
   violated 6 eqs [2554, 9123, 9421, 12231, 12270, 12350] -> cubics zeroable: False (0)
   violated 7 eqs [2554, 9123, 9421, 12231, 12270, 12350, 14584] -> cubics zeroable: None (2)
   violated 7 eqs [2554, 9123, 9421, 12231, 12270, 12350, 18673] -> cubics zeroable: None (2)
   violated 7 eqs [2554, 9123, 9421, 12231, 12270, 12350, 22044] -> cubics zeroable: None (2)
   violated 7 eqs [2554, 9123, 9421, 12231, 12270, 12350, 29125] -> cubics zeroable: None (2)
   violated 6 eqs [2554, 9123, 9421, 12231, 12270, 14584] -> cubics zeroable: False (0)
   violated 7 eqs [2554, 9123, 9421, 12231, 12270, 14584, 18673] -> cubics zeroable: None (2)
   violated 7 eqs [2554, 9123, 9421, 12231, 12270, 14584, 22044] -> cubics zeroable: None (2)
   violated 7 eqs [2554, 9123, 9421, 12231, 12270, 14584, 29125] -> cubics zeroable: None (2)
   violated 6 eqs [2554, 9123, 9421, 12231, 12270, 18673] -> cubics zeroable: False (0)
   violated 7 eqs [2554, 9123, 9421, 12231, 12270, 18673, 22044] -> cubics zeroable: None (2)
   violated 7 eqs [2554, 9123, 9421, 12231, 12270, 18673, 29125] -> cubics zeroable: None (2)
   violated 6 eqs [2554, 9123, 9421, 12231, 12270, 22044] -> cubics zeroable: False (0)
   violated 7 eqs [2554, 9123, 9421, 12231, 12270, 22044, 29125] -> cubics zeroable: None (2)
   violated 6 eqs [2554, 9123, 9421, 12231, 12270, 29125] -> cubics zeroable: False (0)
   violated 6 eqs [2554, 9123, 9421, 12231, 12350, 14584] -> cubics zeroable: False (0)
   violated 7 eqs [2554, 9123, 9421, 12231, 12350, 14584, 18673] -> cubics zeroable: None (2)
   violated 7 eqs [2554, 9123, 9421, 12231, 12350, 14584, 22044] -> cubics zeroable: None (2)
   violated 7 eqs [2554, 9123, 9421, 12231, 12350, 14584, 29125] -> cubics zeroable: None (2)
   violated 6 eqs [2554, 9123, 9421, 12231, 12350, 18673] -> cubics zeroable: False (0)
   violated 7 eqs [2554, 9123, 9421, 12231, 12350, 18673, 22044] -> cubics zeroable: None (2)
   violated 7 eqs [2554, 9123, 9421, 12231, 12350, 18673, 29125] -> cubics zeroable: None (2)
   violated 6 eqs [2554, 9123, 9421, 12231, 12350, 22044] -> cubics zeroable: False (0)
   violated 7 eqs [2554, 9123, 9421, 12231, 12350, 22044, 29125] -> cubics zeroable: None (2)
   violated 6 eqs [2554, 9123, 9421, 12231, 12350, 29125] -> cubics zeroable: False (0)
   violated 6 eqs [2554, 9123, 9421, 12231, 14584, 18673] -> cubics zeroable: False (0)
   violated 7 eqs [2554, 9123, 9421, 12231, 14584, 18673, 22044] -> cubics zeroable: None (2)
   violated 7 eqs [2554, 9123, 9421, 12231, 14584, 18673, 29125] -> cubics zeroable: None (2)
   violated 6 eqs [2554, 9123, 9421, 12231, 14584, 22044] -> cubics zeroable: False (0)
   violated 7 eqs [2554, 9123, 9421, 12231, 14584, 22044, 29125] -> cubics zeroable: None (2)
   violated 6 eqs [2554, 9123, 9421, 12231, 14584, 29125] -> cubics zeroable: False (0)
   violated 6 eqs [2554, 9123, 9421, 12231, 18673, 22044] -> cubics zeroable: False (0)
   violated 7 eqs [2554, 9123, 9421, 12231, 18673, 22044, 29125] -> cubics zeroable: None (2)
   violated 6 eqs [2554, 9123, 9421, 12231, 18673, 29125] -> cubics zeroable: False (0)
   violated 6 eqs [2554, 9123, 9421, 12231, 22044, 29125] -> cubics zeroable: False (0)
   violated 6 eqs [2554, 9123, 9421, 12270, 12350, 14584] -> cubics zeroable: False (0)
   violated 7 eqs [2554, 9123, 9421, 12270, 12350, 14584, 18673] -> cubics zeroable: False (0)
   violated 7 eqs [2554, 9123, 9421, 12270, 12350, 14584, 22044] -> cubics zeroable: None (2)
   violated 7 eqs [2554, 9123, 9421, 12270, 12350, 14584, 29125] -> cubics zeroable: None (2)
   violated 6 eqs [2554, 9123, 9421, 12270, 12350, 18673] -> cubics zeroable: False (0)
   violated 7 eqs [2554, 9123, 9421, 12270, 12350, 18673, 22044] -> cubics zeroable: None (2)
   violated 7 eqs [2554, 9123, 9421, 12270, 12350, 18673, 29125] -> cubics zeroable: None (2)
   violated 6 eqs [2554, 9123, 9421, 12270, 12350, 22044] -> cubics zeroable: False (0)
   violated 7 eqs [2554, 9123, 9421, 12270, 12350, 22044, 29125] -> cubics zeroable: None (2)
   violated 6 eqs [2554, 9123, 9421, 12270, 12350, 29125] -> cubics zeroable: False (0)
   violated 6 eqs [2554, 9123, 9421, 12270, 14584, 18673] -> cubics zeroable: False (0)
   violated 7 eqs [2554, 9123, 9421, 12270, 14584, 18673, 22044] -> cubics zeroable: None (2)
   violated 7 eqs [2554, 9123, 9421, 12270, 14584, 18673, 29125] -> cubics zeroable: None (2)
   violated 6 eqs [2554, 9123, 9421, 12270, 14584, 22044] -> cubics zeroable: False (0)
   violated 7 eqs [2554, 9123, 9421, 12270, 14584, 22044, 29125] -> cubics zeroable: None (2)
   violated 6 eqs [2554, 9123, 9421, 12270, 14584, 29125] -> cubics zeroable: False (0)
   violated 6 eqs [2554, 9123, 9421, 12270, 18673, 22044] -> cubics zeroable: False (0)
   violated 7 eqs [2554, 9123, 9421, 12270, 18673, 22044, 29125] -> cubics zeroable: None (2)
   violated 6 eqs [2554, 9123, 9421, 12270, 18673, 29125] -> cubics zeroable: False (0)
   violated 6 eqs [2554, 9123, 9421, 12270, 22044, 29125] -> cubics zeroable: False (0)
   violated 6 eqs [2554, 9123, 9421, 12350, 14584, 18673] -> cubics zeroable: False (0)
   violated 7 eqs [2554, 9123, 9421, 12350, 14584, 18673, 22044] -> cubics zeroable: None (2)
   violated 7 eqs [2554, 9123, 9421, 12350, 14584, 18673, 29125] -> cubics zeroable: None (2)
   violated 6 eqs [2554, 9123, 9421, 12350, 14584, 22044] -> cubics zeroable: False (0)
   violated 7 eqs [2554, 9123, 9421, 12350, 14584, 22044, 29125] -> cubics zeroable: None (2)
   violated 6 eqs [2554, 9123, 9421, 12350, 14584, 29125] -> cubics zeroable: False (0)
   violated 6 eqs [2554, 9123, 9421, 12350, 18673, 22044] -> cubics zeroable: False (0)
   violated 7 eqs [2554, 9123, 9421, 12350, 18673, 22044, 29125] -> cubics zeroable: None (2)
   violated 6 eqs [2554, 9123, 9421, 12350, 18673, 29125] -> cubics zeroable: False (0)
   violated 6 eqs [2554, 9123, 9421, 12350, 22044, 29125] -> cubics zeroable: False (0)
   violated 6 eqs [2554, 9123, 9421, 14584, 18673, 22044] -> cubics zeroable: False (0)
   violated 7 eqs [2554, 9123, 9421, 14584, 18673, 22044, 29125] -> cubics zeroable: None (2)
   violated 6 eqs [2554, 9123, 9421, 14584, 18673, 29125] -> cubics zeroable: False (0)
   violated 6 eqs [2554, 9123, 9421, 14584, 22044, 29125] -> cubics zeroable: False (0)
   violated 6 eqs [2554, 9123, 9421, 18673, 22044, 29125] -> cubics zeroable: False (0)
   violated 6 eqs [2554, 9123, 12231, 12270, 12350, 14584] -> cubics zeroable: False (0)
   violated 7 eqs [2554, 9123, 12231, 12270, 12350, 14584, 18673] -> cubics zeroable: None (2)
   violated 7 eqs [2554, 9123, 12231, 12270, 12350, 14584, 22044] -> cubics zeroable: None (2)
   violated 7 eqs [2554, 9123, 12231, 12270, 12350, 14584, 29125] -> cubics zeroable: None (2)
   violated 6 eqs [2554, 9123, 12231, 12270, 12350, 18673] -> cubics zeroable: False (0)
   violated 7 eqs [2554, 9123, 12231, 12270, 12350, 18673, 22044] -> cubics zeroable: None (2)
   violated 7 eqs [2554, 9123, 12231, 12270, 12350, 18673, 29125] -> cubics zeroable: None (2)
   violated 6 eqs [2554, 9123, 12231, 12270, 12350, 22044] -> cubics zeroable: False (0)
   violated 7 eqs [2554, 9123, 12231, 12270, 12350, 22044, 29125] -> cubics zeroable: None (2)
   violated 6 eqs [2554, 9123, 12231, 12270, 12350, 29125] -> cubics zeroable: False (0)
   violated 6 eqs [2554, 9123, 12231, 12270, 14584, 18673] -> cubics zeroable: False (0)
   violated 7 eqs [2554, 9123, 12231, 12270, 14584, 18673, 22044] -> cubics zeroable: None (2)
   violated 7 eqs [2554, 9123, 12231, 12270, 14584, 18673, 29125] -> cubics zeroable: None (2)
   violated 6 eqs [2554, 9123, 12231, 12270, 14584, 22044] -> cubics zeroable: False (0)
   violated 7 eqs [2554, 9123, 12231, 12270, 14584, 22044, 29125] -> cubics zeroable: None (2)
   violated 6 eqs [2554, 9123, 12231, 12270, 14584, 29125] -> cubics zeroable: False (0)
   violated 6 eqs [2554, 9123, 12231, 12270, 18673, 22044] -> cubics zeroable: False (0)
   violated 7 eqs [2554, 9123, 12231, 12270, 18673, 22044, 29125] -> cubics zeroable: None (2)
   violated 6 eqs [2554, 9123, 12231, 12270, 18673, 29125] -> cubics zeroable: False (0)
   violated 6 eqs [2554, 9123, 12231, 12270, 22044, 29125] -> cubics zeroable: False (0)
   violated 6 eqs [2554, 9123, 12231, 12350, 14584, 18673] -> cubics zeroable: False (0)
   violated 7 eqs [2554, 9123, 12231, 12350, 14584, 18673, 22044] -> cubics zeroable: None (2)
   violated 7 eqs [2554, 9123, 12231, 12350, 14584, 18673, 29125] -> cubics zeroable: None (2)
   violated 6 eqs [2554, 9123, 12231, 12350, 14584, 22044] -> cubics zeroable: False (0)
   violated 7 eqs [2554, 9123, 12231, 12350, 14584, 22044, 29125] -> cubics zeroable: None (2)
   violated 6 eqs [2554, 9123, 12231, 12350, 14584, 29125] -> cubics zeroable: False (0)
   violated 6 eqs [2554, 9123, 12231, 12350, 18673, 22044] -> cubics zeroable: False (0)
   violated 7 eqs [2554, 9123, 12231, 12350, 18673, 22044, 29125] -> cubics zeroable: None (2)
   violated 6 eqs [2554, 9123, 12231, 12350, 18673, 29125] -> cubics zeroable: False (0)
   violated 6 eqs [2554, 9123, 12231, 12350, 22044, 29125] -> cubics zeroable: False (0)
   violated 6 eqs [2554, 9123, 12231, 14584, 18673, 22044] -> cubics zeroable: False (0)
   violated 7 eqs [2554, 9123, 12231, 14584, 18673, 22044, 29125] -> cubics zeroable: None (2)
   violated 6 eqs [2554, 9123, 12231, 14584, 18673, 29125] -> cubics zeroable: False (0)
   violated 6 eqs [2554, 9123, 12231, 14584, 22044, 29125] -> cubics zeroable: False (0)
   violated 6 eqs [2554, 9123, 12231, 18673, 22044, 29125] -> cubics zeroable: False (0)
   violated 6 eqs [2554, 9123, 12270, 12350, 14584, 18673] -> cubics zeroable: False (0)
   violated 7 eqs [2554, 9123, 12270, 12350, 14584, 18673, 22044] -> cubics zeroable: None (2)
   violated 7 eqs [2554, 9123, 12270, 12350, 14584, 18673, 29125] -> cubics zeroable: None (2)
   violated 6 eqs [2554, 9123, 12270, 12350, 14584, 22044] -> cubics zeroable: False (0)
   violated 7 eqs [2554, 9123, 12270, 12350, 14584, 22044, 29125] -> cubics zeroable: None (2)
   violated 6 eqs [2554, 9123, 12270, 12350, 14584, 29125] -> cubics zeroable: False (0)
   violated 6 eqs [2554, 9123, 12270, 12350, 18673, 22044] -> cubics zeroable: False (0)
   violated 7 eqs [2554, 9123, 12270, 12350, 18673, 22044, 29125] -> cubics zeroable: None (2)
   violated 6 eqs [2554, 9123, 12270, 12350, 18673, 29125] -> cubics zeroable: False (0)
   violated 6 eqs [2554, 9123, 12270, 12350, 22044, 29125] -> cubics zeroable: False (0)
   violated 6 eqs [2554, 9123, 12270, 14584, 18673, 22044] -> cubics zeroable: False (0)
   violated 7 eqs [2554, 9123, 12270, 14584, 18673, 22044, 29125] -> cubics zeroable: None (2)
   violated 6 eqs [2554, 9123, 12270, 14584, 18673, 29125] -> cubics zeroable: False (0)
   violated 6 eqs [2554, 9123, 12270, 14584, 22044, 29125] -> cubics zeroable: False (0)
   violated 6 eqs [2554, 9123, 12270, 18673, 22044, 29125] -> cubics zeroable: False (0)
   violated 6 eqs [2554, 9123, 12350, 14584, 18673, 22044] -> cubics zeroable: False (0)
   violated 7 eqs [2554, 9123, 12350, 14584, 18673, 22044, 29125] -> cubics zeroable: None (2)
   violated 6 eqs [2554, 9123, 12350, 14584, 18673, 29125] -> cubics zeroable: False (0)
   violated 6 eqs [2554, 9123, 12350, 14584, 22044, 29125] -> cubics zeroable: False (0)
   violated 6 eqs [2554, 9123, 12350, 18673, 22044, 29125] -> cubics zeroable: False (0)
   violated 6 eqs [2554, 9123, 14584, 18673, 22044, 29125] -> cubics zeroable: False (0)
   violated 6 eqs [2554, 9421, 12231, 12270, 12350, 14584] -> cubics zeroable: False (0)
   violated 7 eqs [2554, 9421, 12231, 12270, 12350, 14584, 18673] -> cubics zeroable: None (2)
   violated 7 eqs [2554, 9421, 12231, 12270, 12350, 14584, 22044] -> cubics zeroable: None (2)
   violated 7 eqs [2554, 9421, 12231, 12270, 12350, 14584, 29125] -> cubics zeroable: None (2)
   violated 6 eqs [2554, 9421, 12231, 12270, 12350, 18673] -> cubics zeroable: False (0)
   violated 7 eqs [2554, 9421, 12231, 12270, 12350, 18673, 22044] -> cubics zeroable: None (2)
   violated 7 eqs [2554, 9421, 12231, 12270, 12350, 18673, 29125] -> cubics zeroable: None (2)
   violated 6 eqs [2554, 9421, 12231, 12270, 12350, 22044] -> cubics zeroable: False (0)
   violated 7 eqs [2554, 9421, 12231, 12270, 12350, 22044, 29125] -> cubics zeroable: None (2)
   violated 6 eqs [2554, 9421, 12231, 12270, 12350, 29125] -> cubics zeroable: False (0)
   violated 6 eqs [2554, 9421, 12231, 12270, 14584, 18673] -> cubics zeroable: False (0)
   violated 7 eqs [2554, 9421, 12231, 12270, 14584, 18673, 22044] -> cubics zeroable: None (2)
   violated 7 eqs [2554, 9421, 12231, 12270, 14584, 18673, 29125] -> cubics zeroable: None (2)
   violated 6 eqs [2554, 9421, 12231, 12270, 14584, 22044] -> cubics zeroable: False (0)
   violated 7 eqs [2554, 9421, 12231, 12270, 14584, 22044, 29125] -> cubics zeroable: None (2)
   violated 6 eqs [2554, 9421, 12231, 12270, 14584, 29125] -> cubics zeroable: False (0)
   violated 6 eqs [2554, 9421, 12231, 12270, 18673, 22044] -> cubics zeroable: False (0)
   violated 7 eqs [2554, 9421, 12231, 12270, 18673, 22044, 29125] -> cubics zeroable: None (2)
   violated 6 eqs [2554, 9421, 12231, 12270, 18673, 29125] -> cubics zeroable: False (0)
   violated 6 eqs [2554, 9421, 12231, 12270, 22044, 29125] -> cubics zeroable: False (0)
   violated 6 eqs [2554, 9421, 12231, 12350, 14584, 18673] -> cubics zeroable: False (0)
   violated 7 eqs [2554, 9421, 12231, 12350, 14584, 18673, 22044] -> cubics zeroable: None (2)
   violated 7 eqs [2554, 9421, 12231, 12350, 14584, 18673, 29125] -> cubics zeroable: None (2)
   violated 6 eqs [2554, 9421, 12231, 12350, 14584, 22044] -> cubics zeroable: False (0)
   violated 7 eqs [2554, 9421, 12231, 12350, 14584, 22044, 29125] -> cubics zeroable: None (2)
   violated 6 eqs [2554, 9421, 12231, 12350, 14584, 29125] -> cubics zeroable: False (0)
   violated 6 eqs [2554, 9421, 12231, 12350, 18673, 22044] -> cubics zeroable: False (0)
   violated 7 eqs [2554, 9421, 12231, 12350, 18673, 22044, 29125] -> cubics zeroable: None (2)
   violated 6 eqs [2554, 9421, 12231, 12350, 18673, 29125] -> cubics zeroable: False (0)
   violated 6 eqs [2554, 9421, 12231, 12350, 22044, 29125] -> cubics zeroable: False (0)
   violated 6 eqs [2554, 9421, 12231, 14584, 18673, 22044] -> cubics zeroable: False (0)
   violated 7 eqs [2554, 9421, 12231, 14584, 18673, 22044, 29125] -> cubics zeroable: None (2)
   violated 6 eqs [2554, 9421, 12231, 14584, 18673, 29125] -> cubics zeroable: False (0)
   violated 6 eqs [2554, 9421, 12231, 14584, 22044, 29125] -> cubics zeroable: False (0)
   violated 6 eqs [2554, 9421, 12231, 18673, 22044, 29125] -> cubics zeroable: False (0)
   violated 6 eqs [2554, 9421, 12270, 12350, 14584, 18673] -> cubics zeroable: False (0)
   violated 7 eqs [2554, 9421, 12270, 12350, 14584, 18673, 22044] -> cubics zeroable: None (2)
   violated 7 eqs [2554, 9421, 12270, 12350, 14584, 18673, 29125] -> cubics zeroable: None (2)
   violated 6 eqs [2554, 9421, 12270, 12350, 14584, 22044] -> cubics zeroable: False (0)
   violated 7 eqs [2554, 9421, 12270, 12350, 14584, 22044, 29125] -> cubics zeroable: None (2)
   violated 6 eqs [2554, 9421, 12270, 12350, 14584, 29125] -> cubics zeroable: False (0)
   violated 6 eqs [2554, 9421, 12270, 12350, 18673, 22044] -> cubics zeroable: False (0)
   violated 7 eqs [2554, 9421, 12270, 12350, 18673, 22044, 29125] -> cubics zeroable: None (2)
   violated 6 eqs [2554, 9421, 12270, 12350, 18673, 29125] -> cubics zeroable: False (0)
   violated 6 eqs [2554, 9421, 12270, 12350, 22044, 29125] -> cubics zeroable: False (0)
   violated 6 eqs [2554, 9421, 12270, 14584, 18673, 22044] -> cubics zeroable: False (0)
   violated 7 eqs [2554, 9421, 12270, 14584, 18673, 22044, 29125] -> cubics zeroable: None (2)
   violated 6 eqs [2554, 9421, 12270, 14584, 18673, 29125] -> cubics zeroable: False (0)
   violated 6 eqs [2554, 9421, 12270, 14584, 22044, 29125] -> cubics zeroable: False (0)
   violated 6 eqs [2554, 9421, 12270, 18673, 22044, 29125] -> cubics zeroable: False (0)
   violated 6 eqs [2554, 9421, 12350, 14584, 18673, 22044] -> cubics zeroable: False (0)
   violated 7 eqs [2554, 9421, 12350, 14584, 18673, 22044, 29125] -> cubics zeroable: None (2)
   violated 6 eqs [2554, 9421, 12350, 14584, 18673, 29125] -> cubics zeroable: False (0)
   violated 6 eqs [2554, 9421, 12350, 14584, 22044, 29125] -> cubics zeroable: False (0)
   violated 6 eqs [2554, 9421, 12350, 18673, 22044, 29125] -> cubics zeroable: False (0)
   violated 6 eqs [2554, 9421, 14584, 18673, 22044, 29125] -> cubics zeroable: False (0)
   violated 6 eqs [2554, 12231, 12270, 12350, 14584, 18673] -> cubics zeroable: False (0)
   violated 7 eqs [2554, 12231, 12270, 12350, 14584, 18673, 22044] -> cubics zeroable: None (2)
   violated 7 eqs [2554, 12231, 12270, 12350, 14584, 18673, 29125] -> cubics zeroable: None (2)
   violated 6 eqs [2554, 12231, 12270, 12350, 14584, 22044] -> cubics zeroable: False (0)
   violated 7 eqs [2554, 12231, 12270, 12350, 14584, 22044, 29125] -> cubics zeroable: None (2)
   violated 6 eqs [2554, 12231, 12270, 12350, 14584, 29125] -> cubics zeroable: False (0)
   violated 6 eqs [2554, 12231, 12270, 12350, 18673, 22044] -> cubics zeroable: False (0)
   violated 7 eqs [2554, 12231, 12270, 12350, 18673, 22044, 29125] -> cubics zeroable: None (2)
   violated 6 eqs [2554, 12231, 12270, 12350, 18673, 29125] -> cubics zeroable: False (0)
   violated 6 eqs [2554, 12231, 12270, 12350, 22044, 29125] -> cubics zeroable: False (0)
   violated 6 eqs [2554, 12231, 12270, 14584, 18673, 22044] -> cubics zeroable: False (0)
   violated 7 eqs [2554, 12231, 12270, 14584, 18673, 22044, 29125] -> cubics zeroable: None (2)
   violated 6 eqs [2554, 12231, 12270, 14584, 18673, 29125] -> cubics zeroable: False (0)
   violated 6 eqs [2554, 12231, 12270, 14584, 22044, 29125] -> cubics zeroable: False (0)
   violated 6 eqs [2554, 12231, 12270, 18673, 22044, 29125] -> cubics zeroable: False (0)
   violated 6 eqs [2554, 12231, 12350, 14584, 18673, 22044] -> cubics zeroable: False (0)
   violated 7 eqs [2554, 12231, 12350, 14584, 18673, 22044, 29125] -> cubics zeroable: None (2)
   violated 6 eqs [2554, 12231, 12350, 14584, 18673, 29125] -> cubics zeroable: False (0)
   violated 6 eqs [2554, 12231, 12350, 14584, 22044, 29125] -> cubics zeroable: False (0)
   violated 6 eqs [2554, 12231, 12350, 18673, 22044, 29125] -> cubics zeroable: False (0)
   violated 6 eqs [2554, 12231, 14584, 18673, 22044, 29125] -> cubics zeroable: False (0)
   violated 6 eqs [2554, 12270, 12350, 14584, 18673, 22044] -> cubics zeroable: False (0)
   violated 7 eqs [2554, 12270, 12350, 14584, 18673, 22044, 29125] -> cubics zeroable: None (2)
   violated 6 eqs [2554, 12270, 12350, 14584, 18673, 29125] -> cubics zeroable: False (0)
   violated 6 eqs [2554, 12270, 12350, 14584, 22044, 29125] -> cubics zeroable: False (0)
   violated 6 eqs [2554, 12270, 12350, 18673, 22044, 29125] -> cubics zeroable: False (0)
   violated 6 eqs [2554, 12270, 14584, 18673, 22044, 29125] -> cubics zeroable: False (0)
   violated 6 eqs [2554, 12350, 14584, 18673, 22044, 29125] -> cubics zeroable: False (0)
   violated 6 eqs [6816, 8124, 9123, 9421, 12231, 12270] -> cubics zeroable: False (20)
   violated 7 eqs [6816, 8124, 9123, 9421, 12231, 12270, 12350] -> cubics zeroable: False (20)
   violated 7 eqs [6816, 8124, 9123, 9421, 12231, 12270, 14584] -> cubics zeroable: False (20)
   violated 7 eqs [6816, 8124, 9123, 9421, 12231, 12270, 18673] -> cubics zeroable: False (20)
   violated 7 eqs [6816, 8124, 9123, 9421, 12231, 12270, 22044] -> cubics zeroable: None (2)
   violated 7 eqs [6816, 8124, 9123, 9421, 12231, 12270, 29125] -> cubics zeroable: False (0)
   violated 6 eqs [6816, 8124, 9123, 9421, 12231, 12350] -> cubics zeroable: False (20)
   violated 7 eqs [6816, 8124, 9123, 9421, 12231, 12350, 14584] -> cubics zeroable: False (20)
   violated 7 eqs [6816, 8124, 9123, 9421, 12231, 12350, 18673] -> cubics zeroable: False (20)
   violated 7 eqs [6816, 8124, 9123, 9421, 12231, 12350, 22044] -> cubics zeroable: None (2)
   violated 7 eqs [6816, 8124, 9123, 9421, 12231, 12350, 29125] -> cubics zeroable: False (0)
   violated 6 eqs [6816, 8124, 9123, 9421, 12231, 14584] -> cubics zeroable: False (20)
   violated 7 eqs [6816, 8124, 9123, 9421, 12231, 14584, 18673] -> cubics zeroable: False (20)
   violated 7 eqs [6816, 8124, 9123, 9421, 12231, 14584, 22044] -> cubics zeroable: None (2)
   violated 7 eqs [6816, 8124, 9123, 9421, 12231, 14584, 29125] -> cubics zeroable: False (0)
   violated 6 eqs [6816, 8124, 9123, 9421, 12231, 18673] -> cubics zeroable: False (20)
   violated 7 eqs [6816, 8124, 9123, 9421, 12231, 18673, 22044] -> cubics zeroable: None (2)
   violated 7 eqs [6816, 8124, 9123, 9421, 12231, 18673, 29125] -> cubics zeroable: False (0)
   violated 6 eqs [6816, 8124, 9123, 9421, 12231, 22044] -> cubics zeroable: False (0)
   violated 7 eqs [6816, 8124, 9123, 9421, 12231, 22044, 29125] -> cubics zeroable: None (2)
   violated 6 eqs [6816, 8124, 9123, 9421, 12231, 29125] -> cubics zeroable: False (0)
   violated 6 eqs [6816, 8124, 9123, 9421, 12270, 12350] -> cubics zeroable: False (20)
   violated 7 eqs [6816, 8124, 9123, 9421, 12270, 12350, 14584] -> cubics zeroable: False (20)
   violated 7 eqs [6816, 8124, 9123, 9421, 12270, 12350, 18673] -> cubics zeroable: False (20)
   violated 7 eqs [6816, 8124, 9123, 9421, 12270, 12350, 22044] -> cubics zeroable: None (2)
   violated 7 eqs [6816, 8124, 9123, 9421, 12270, 12350, 29125] -> cubics zeroable: False (0)
   violated 6 eqs [6816, 8124, 9123, 9421, 12270, 14584] -> cubics zeroable: False (20)
   violated 7 eqs [6816, 8124, 9123, 9421, 12270, 14584, 18673] -> cubics zeroable: False (20)
   violated 7 eqs [6816, 8124, 9123, 9421, 12270, 14584, 22044] -> cubics zeroable: None (2)
   violated 7 eqs [6816, 8124, 9123, 9421, 12270, 14584, 29125] -> cubics zeroable: False (0)
   violated 6 eqs [6816, 8124, 9123, 9421, 12270, 18673] -> cubics zeroable: False (20)
   violated 7 eqs [6816, 8124, 9123, 9421, 12270, 18673, 22044] -> cubics zeroable: None (2)
   violated 7 eqs [6816, 8124, 9123, 9421, 12270, 18673, 29125] -> cubics zeroable: False (0)
   violated 6 eqs [6816, 8124, 9123, 9421, 12270, 22044] -> cubics zeroable: False (0)
   violated 7 eqs [6816, 8124, 9123, 9421, 12270, 22044, 29125] -> cubics zeroable: None (2)
   violated 6 eqs [6816, 8124, 9123, 9421, 12270, 29125] -> cubics zeroable: False (0)
   violated 6 eqs [6816, 8124, 9123, 9421, 12350, 14584] -> cubics zeroable: False (20)
   violated 7 eqs [6816, 8124, 9123, 9421, 12350, 14584, 18673] -> cubics zeroable: False (20)
   violated 7 eqs [6816, 8124, 9123, 9421, 12350, 14584, 22044] -> cubics zeroable: None (2)
   violated 7 eqs [6816, 8124, 9123, 9421, 12350, 14584, 29125] -> cubics zeroable: False (0)
   violated 6 eqs [6816, 8124, 9123, 9421, 12350, 18673] -> cubics zeroable: False (20)
   violated 7 eqs [6816, 8124, 9123, 9421, 12350, 18673, 22044] -> cubics zeroable: None (2)
   violated 7 eqs [6816, 8124, 9123, 9421, 12350, 18673, 29125] -> cubics zeroable: False (0)
   violated 6 eqs [6816, 8124, 9123, 9421, 12350, 22044] -> cubics zeroable: False (0)
   violated 7 eqs [6816, 8124, 9123, 9421, 12350, 22044, 29125] -> cubics zeroable: None (2)
   violated 6 eqs [6816, 8124, 9123, 9421, 12350, 29125] -> cubics zeroable: False (0)
   violated 6 eqs [6816, 8124, 9123, 9421, 14584, 18673] -> cubics zeroable: False (20)
   violated 7 eqs [6816, 8124, 9123, 9421, 14584, 18673, 22044] -> cubics zeroable: None (2)
   violated 7 eqs [6816, 8124, 9123, 9421, 14584, 18673, 29125] -> cubics zeroable: False (0)
   violated 6 eqs [6816, 8124, 9123, 9421, 14584, 22044] -> cubics zeroable: False (0)
   violated 7 eqs [6816, 8124, 9123, 9421, 14584, 22044, 29125] -> cubics zeroable: None (2)
   violated 6 eqs [6816, 8124, 9123, 9421, 14584, 29125] -> cubics zeroable: False (0)
   violated 6 eqs [6816, 8124, 9123, 9421, 18673, 22044] -> cubics zeroable: False (0)
   violated 7 eqs [6816, 8124, 9123, 9421, 18673, 22044, 29125] -> cubics zeroable: None (2)
   violated 6 eqs [6816, 8124, 9123, 9421, 18673, 29125] -> cubics zeroable: False (0)
   violated 6 eqs [6816, 8124, 9123, 9421, 22044, 29125] -> cubics zeroable: False (0)
   violated 6 eqs [6816, 8124, 9123, 12231, 12270, 12350] -> cubics zeroable: False (20)
   violated 7 eqs [6816, 8124, 9123, 12231, 12270, 12350, 14584] -> cubics zeroable: False (20)
   violated 7 eqs [6816, 8124, 9123, 12231, 12270, 12350, 18673] -> cubics zeroable: False (20)
   violated 7 eqs [6816, 8124, 9123, 12231, 12270, 12350, 22044] -> cubics zeroable: None (2)
   violated 7 eqs [6816, 8124, 9123, 12231, 12270, 12350, 29125] -> cubics zeroable: False (0)
   violated 6 eqs [6816, 8124, 9123, 12231, 12270, 14584] -> cubics zeroable: False (20)
   violated 7 eqs [6816, 8124, 9123, 12231, 12270, 14584, 18673] -> cubics zeroable: False (20)
   violated 7 eqs [6816, 8124, 9123, 12231, 12270, 14584, 22044] -> cubics zeroable: None (2)
   violated 7 eqs [6816, 8124, 9123, 12231, 12270, 14584, 29125] -> cubics zeroable: False (0)
   violated 6 eqs [6816, 8124, 9123, 12231, 12270, 18673] -> cubics zeroable: False (20)
   violated 7 eqs [6816, 8124, 9123, 12231, 12270, 18673, 22044] -> cubics zeroable: None (2)
   violated 7 eqs [6816, 8124, 9123, 12231, 12270, 18673, 29125] -> cubics zeroable: False (0)
   violated 6 eqs [6816, 8124, 9123, 12231, 12270, 22044] -> cubics zeroable: False (0)
   violated 7 eqs [6816, 8124, 9123, 12231, 12270, 22044, 29125] -> cubics zeroable: None (2)
   violated 6 eqs [6816, 8124, 9123, 12231, 12270, 29125] -> cubics zeroable: False (0)
   violated 6 eqs [6816, 8124, 9123, 12231, 12350, 14584] -> cubics zeroable: False (20)
   violated 7 eqs [6816, 8124, 9123, 12231, 12350, 14584, 18673] -> cubics zeroable: False (20)
   violated 7 eqs [6816, 8124, 9123, 12231, 12350, 14584, 22044] -> cubics zeroable: None (2)
   violated 7 eqs [6816, 8124, 9123, 12231, 12350, 14584, 29125] -> cubics zeroable: False (0)
   violated 6 eqs [6816, 8124, 9123, 12231, 12350, 18673] -> cubics zeroable: False (20)
   violated 7 eqs [6816, 8124, 9123, 12231, 12350, 18673, 22044] -> cubics zeroable: None (2)
   violated 7 eqs [6816, 8124, 9123, 12231, 12350, 18673, 29125] -> cubics zeroable: False (0)
   violated 6 eqs [6816, 8124, 9123, 12231, 12350, 22044] -> cubics zeroable: False (0)
   violated 7 eqs [6816, 8124, 9123, 12231, 12350, 22044, 29125] -> cubics zeroable: None (2)
   violated 6 eqs [6816, 8124, 9123, 12231, 12350, 29125] -> cubics zeroable: False (0)
   violated 6 eqs [6816, 8124, 9123, 12231, 14584, 18673] -> cubics zeroable: False (20)
   violated 7 eqs [6816, 8124, 9123, 12231, 14584, 18673, 22044] -> cubics zeroable: None (2)
   violated 7 eqs [6816, 8124, 9123, 12231, 14584, 18673, 29125] -> cubics zeroable: False (0)
   violated 6 eqs [6816, 8124, 9123, 12231, 14584, 22044] -> cubics zeroable: False (0)
   violated 7 eqs [6816, 8124, 9123, 12231, 14584, 22044, 29125] -> cubics zeroable: None (2)
   violated 6 eqs [6816, 8124, 9123, 12231, 14584, 29125] -> cubics zeroable: False (0)
   violated 6 eqs [6816, 8124, 9123, 12231, 18673, 22044] -> cubics zeroable: False (0)
   violated 7 eqs [6816, 8124, 9123, 12231, 18673, 22044, 29125] -> cubics zeroable: None (2)
   violated 6 eqs [6816, 8124, 9123, 12231, 18673, 29125] -> cubics zeroable: False (0)
   violated 6 eqs [6816, 8124, 9123, 12231, 22044, 29125] -> cubics zeroable: False (0)
   violated 6 eqs [6816, 8124, 9123, 12270, 12350, 14584] -> cubics zeroable: False (20)
   violated 7 eqs [6816, 8124, 9123, 12270, 12350, 14584, 18673] -> cubics zeroable: False (20)
   violated 7 eqs [6816, 8124, 9123, 12270, 12350, 14584, 22044] -> cubics zeroable: None (2)
   violated 7 eqs [6816, 8124, 9123, 12270, 12350, 14584, 29125] -> cubics zeroable: False (0)
   violated 6 eqs [6816, 8124, 9123, 12270, 12350, 18673] -> cubics zeroable: False (20)
   violated 7 eqs [6816, 8124, 9123, 12270, 12350, 18673, 22044] -> cubics zeroable: None (2)
   violated 7 eqs [6816, 8124, 9123, 12270, 12350, 18673, 29125] -> cubics zeroable: False (0)
   violated 6 eqs [6816, 8124, 9123, 12270, 12350, 22044] -> cubics zeroable: False (0)
   violated 7 eqs [6816, 8124, 9123, 12270, 12350, 22044, 29125] -> cubics zeroable: None (2)
   violated 6 eqs [6816, 8124, 9123, 12270, 12350, 29125] -> cubics zeroable: False (0)
   violated 6 eqs [6816, 8124, 9123, 12270, 14584, 18673] -> cubics zeroable: False (20)
   violated 7 eqs [6816, 8124, 9123, 12270, 14584, 18673, 22044] -> cubics zeroable: None (2)
   violated 7 eqs [6816, 8124, 9123, 12270, 14584, 18673, 29125] -> cubics zeroable: False (0)
   violated 6 eqs [6816, 8124, 9123, 12270, 14584, 22044] -> cubics zeroable: False (0)
   violated 7 eqs [6816, 8124, 9123, 12270, 14584, 22044, 29125] -> cubics zeroable: None (2)
   violated 6 eqs [6816, 8124, 9123, 12270, 14584, 29125] -> cubics zeroable: False (0)
   violated 6 eqs [6816, 8124, 9123, 12270, 18673, 22044] -> cubics zeroable: False (0)
   violated 7 eqs [6816, 8124, 9123, 12270, 18673, 22044, 29125] -> cubics zeroable: None (2)
   violated 6 eqs [6816, 8124, 9123, 12270, 18673, 29125] -> cubics zeroable: False (0)
   violated 6 eqs [6816, 8124, 9123, 12270, 22044, 29125] -> cubics zeroable: False (0)
   violated 6 eqs [6816, 8124, 9123, 12350, 14584, 18673] -> cubics zeroable: False (20)
   violated 7 eqs [6816, 8124, 9123, 12350, 14584, 18673, 22044] -> cubics zeroable: None (2)
   violated 7 eqs [6816, 8124, 9123, 12350, 14584, 18673, 29125] -> cubics zeroable: False (0)
   violated 6 eqs [6816, 8124, 9123, 12350, 14584, 22044] -> cubics zeroable: False (0)
   violated 7 eqs [6816, 8124, 9123, 12350, 14584, 22044, 29125] -> cubics zeroable: None (2)
   violated 6 eqs [6816, 8124, 9123, 12350, 14584, 29125] -> cubics zeroable: False (0)
   violated 6 eqs [6816, 8124, 9123, 12350, 18673, 22044] -> cubics zeroable: False (0)
   violated 7 eqs [6816, 8124, 9123, 12350, 18673, 22044, 29125] -> cubics zeroable: None (2)
   violated 6 eqs [6816, 8124, 9123, 12350, 18673, 29125] -> cubics zeroable: False (0)
   violated 6 eqs [6816, 8124, 9123, 12350, 22044, 29125] -> cubics zeroable: False (0)
   violated 6 eqs [6816, 8124, 9123, 14584, 18673, 22044] -> cubics zeroable: False (0)
   violated 7 eqs [6816, 8124, 9123, 14584, 18673, 22044, 29125] -> cubics zeroable: None (2)
   violated 6 eqs [6816, 8124, 9123, 14584, 18673, 29125] -> cubics zeroable: False (0)
   violated 6 eqs [6816, 8124, 9123, 14584, 22044, 29125] -> cubics zeroable: False (0)
   violated 6 eqs [6816, 8124, 9123, 18673, 22044, 29125] -> cubics zeroable: False (0)
   violated 6 eqs [6816, 8124, 9421, 12231, 12270, 12350] -> cubics zeroable: False (20)
   violated 7 eqs [6816, 8124, 9421, 12231, 12270, 12350, 14584] -> cubics zeroable: False (20)
   violated 7 eqs [6816, 8124, 9421, 12231, 12270, 12350, 18673] -> cubics zeroable: False (20)
   violated 7 eqs [6816, 8124, 9421, 12231, 12270, 12350, 22044] -> cubics zeroable: None (2)
   violated 7 eqs [6816, 8124, 9421, 12231, 12270, 12350, 29125] -> cubics zeroable: False (0)
   violated 6 eqs [6816, 8124, 9421, 12231, 12270, 14584] -> cubics zeroable: False (20)
   violated 7 eqs [6816, 8124, 9421, 12231, 12270, 14584, 18673] -> cubics zeroable: False (20)
   violated 7 eqs [6816, 8124, 9421, 12231, 12270, 14584, 22044] -> cubics zeroable: None (2)
   violated 7 eqs [6816, 8124, 9421, 12231, 12270, 14584, 29125] -> cubics zeroable: False (0)
   violated 6 eqs [6816, 8124, 9421, 12231, 12270, 18673] -> cubics zeroable: False (20)
   violated 7 eqs [6816, 8124, 9421, 12231, 12270, 18673, 22044] -> cubics zeroable: None (2)
   violated 7 eqs [6816, 8124, 9421, 12231, 12270, 18673, 29125] -> cubics zeroable: False (0)
   violated 6 eqs [6816, 8124, 9421, 12231, 12270, 22044] -> cubics zeroable: False (0)
   violated 7 eqs [6816, 8124, 9421, 12231, 12270, 22044, 29125] -> cubics zeroable: None (2)
   violated 6 eqs [6816, 8124, 9421, 12231, 12270, 29125] -> cubics zeroable: False (0)
   violated 6 eqs [6816, 8124, 9421, 12231, 12350, 14584] -> cubics zeroable: False (20)
   violated 7 eqs [6816, 8124, 9421, 12231, 12350, 14584, 18673] -> cubics zeroable: False (20)
   violated 7 eqs [6816, 8124, 9421, 12231, 12350, 14584, 22044] -> cubics zeroable: None (2)
   violated 7 eqs [6816, 8124, 9421, 12231, 12350, 14584, 29125] -> cubics zeroable: False (0)
   violated 6 eqs [6816, 8124, 9421, 12231, 12350, 18673] -> cubics zeroable: False (20)
   violated 7 eqs [6816, 8124, 9421, 12231, 12350, 18673, 22044] -> cubics zeroable: None (2)
   violated 7 eqs [6816, 8124, 9421, 12231, 12350, 18673, 29125] -> cubics zeroable: False (0)
   violated 6 eqs [6816, 8124, 9421, 12231, 12350, 22044] -> cubics zeroable: False (0)
   violated 7 eqs [6816, 8124, 9421, 12231, 12350, 22044, 29125] -> cubics zeroable: None (2)
   violated 6 eqs [6816, 8124, 9421, 12231, 12350, 29125] -> cubics zeroable: False (0)
   violated 6 eqs [6816, 8124, 9421, 12231, 14584, 18673] -> cubics zeroable: False (20)
   violated 7 eqs [6816, 8124, 9421, 12231, 14584, 18673, 22044] -> cubics zeroable: None (2)
   violated 7 eqs [6816, 8124, 9421, 12231, 14584, 18673, 29125] -> cubics zeroable: False (0)
   violated 6 eqs [6816, 8124, 9421, 12231, 14584, 22044] -> cubics zeroable: False (0)
   violated 7 eqs [6816, 8124, 9421, 12231, 14584, 22044, 29125] -> cubics zeroable: None (2)
   violated 6 eqs [6816, 8124, 9421, 12231, 14584, 29125] -> cubics zeroable: False (0)
   violated 6 eqs [6816, 8124, 9421, 12231, 18673, 22044] -> cubics zeroable: False (0)
   violated 7 eqs [6816, 8124, 9421, 12231, 18673, 22044, 29125] -> cubics zeroable: None (2)
   violated 6 eqs [6816, 8124, 9421, 12231, 18673, 29125] -> cubics zeroable: False (0)
   violated 6 eqs [6816, 8124, 9421, 12231, 22044, 29125] -> cubics zeroable: False (0)
   violated 6 eqs [6816, 8124, 9421, 12270, 12350, 14584] -> cubics zeroable: False (20)
   violated 7 eqs [6816, 8124, 9421, 12270, 12350, 14584, 18673] -> cubics zeroable: False (20)
   violated 7 eqs [6816, 8124, 9421, 12270, 12350, 14584, 22044] -> cubics zeroable: None (2)
   violated 7 eqs [6816, 8124, 9421, 12270, 12350, 14584, 29125] -> cubics zeroable: False (0)
   violated 6 eqs [6816, 8124, 9421, 12270, 12350, 18673] -> cubics zeroable: False (20)
   violated 7 eqs [6816, 8124, 9421, 12270, 12350, 18673, 22044] -> cubics zeroable: None (2)
   violated 7 eqs [6816, 8124, 9421, 12270, 12350, 18673, 29125] -> cubics zeroable: False (0)
   violated 6 eqs [6816, 8124, 9421, 12270, 12350, 22044] -> cubics zeroable: False (0)
   violated 7 eqs [6816, 8124, 9421, 12270, 12350, 22044, 29125] -> cubics zeroable: None (2)
   violated 6 eqs [6816, 8124, 9421, 12270, 12350, 29125] -> cubics zeroable: False (0)
   violated 6 eqs [6816, 8124, 9421, 12270, 14584, 18673] -> cubics zeroable: False (20)
   violated 7 eqs [6816, 8124, 9421, 12270, 14584, 18673, 22044] -> cubics zeroable: None (2)
   violated 7 eqs [6816, 8124, 9421, 12270, 14584, 18673, 29125] -> cubics zeroable: False (0)
   violated 6 eqs [6816, 8124, 9421, 12270, 14584, 22044] -> cubics zeroable: False (0)
   violated 7 eqs [6816, 8124, 9421, 12270, 14584, 22044, 29125] -> cubics zeroable: None (2)
   violated 6 eqs [6816, 8124, 9421, 12270, 14584, 29125] -> cubics zeroable: False (0)
   violated 6 eqs [6816, 8124, 9421, 12270, 18673, 22044] -> cubics zeroable: False (0)
   violated 7 eqs [6816, 8124, 9421, 12270, 18673, 22044, 29125] -> cubics zeroable: None (2)
   violated 6 eqs [6816, 8124, 9421, 12270, 18673, 29125] -> cubics zeroable: False (0)
   violated 6 eqs [6816, 8124, 9421, 12270, 22044, 29125] -> cubics zeroable: False (0)
   violated 6 eqs [6816, 8124, 9421, 12350, 14584, 18673] -> cubics zeroable: False (20)
   violated 7 eqs [6816, 8124, 9421, 12350, 14584, 18673, 22044] -> cubics zeroable: None (2)
   violated 7 eqs [6816, 8124, 9421, 12350, 14584, 18673, 29125] -> cubics zeroable: False (0)
   violated 6 eqs [6816, 8124, 9421, 12350, 14584, 22044] -> cubics zeroable: False (0)
   violated 7 eqs [6816, 8124, 9421, 12350, 14584, 22044, 29125] -> cubics zeroable: None (2)
   violated 6 eqs [6816, 8124, 9421, 12350, 14584, 29125] -> cubics zeroable: False (0)
   violated 6 eqs [6816, 8124, 9421, 12350, 18673, 22044] -> cubics zeroable: False (0)
   violated 7 eqs [6816, 8124, 9421, 12350, 18673, 22044, 29125] -> cubics zeroable: None (2)
   violated 6 eqs [6816, 8124, 9421, 12350, 18673, 29125] -> cubics zeroable: False (0)
   violated 6 eqs [6816, 8124, 9421, 12350, 22044, 29125] -> cubics zeroable: False (0)
   violated 6 eqs [6816, 8124, 9421, 14584, 18673, 22044] -> cubics zeroable: False (0)
   violated 7 eqs [6816, 8124, 9421, 14584, 18673, 22044, 29125] -> cubics zeroable: None (2)
   violated 6 eqs [6816, 8124, 9421, 14584, 18673, 29125] -> cubics zeroable: False (0)
   violated 6 eqs [6816, 8124, 9421, 14584, 22044, 29125] -> cubics zeroable: False (0)
   violated 6 eqs [6816, 8124, 9421, 18673, 22044, 29125] -> cubics zeroable: False (0)
   violated 6 eqs [6816, 8124, 12231, 12270, 12350, 14584] -> cubics zeroable: False (20)
   violated 7 eqs [6816, 8124, 12231, 12270, 12350, 14584, 18673] -> cubics zeroable: False (20)
   violated 7 eqs [6816, 8124, 12231, 12270, 12350, 14584, 22044] -> cubics zeroable: None (2)
   violated 7 eqs [6816, 8124, 12231, 12270, 12350, 14584, 29125] -> cubics zeroable: False (0)
   violated 6 eqs [6816, 8124, 12231, 12270, 12350, 18673] -> cubics zeroable: False (20)
   violated 7 eqs [6816, 8124, 12231, 12270, 12350, 18673, 22044] -> cubics zeroable: None (2)
   violated 7 eqs [6816, 8124, 12231, 12270, 12350, 18673, 29125] -> cubics zeroable: False (0)
   violated 6 eqs [6816, 8124, 12231, 12270, 12350, 22044] -> cubics zeroable: False (0)
   violated 7 eqs [6816, 8124, 12231, 12270, 12350, 22044, 29125] -> cubics zeroable: None (2)
   violated 6 eqs [6816, 8124, 12231, 12270, 12350, 29125] -> cubics zeroable: False (0)
   violated 6 eqs [6816, 8124, 12231, 12270, 14584, 18673] -> cubics zeroable: False (20)
   violated 7 eqs [6816, 8124, 12231, 12270, 14584, 18673, 22044] -> cubics zeroable: None (2)
   violated 7 eqs [6816, 8124, 12231, 12270, 14584, 18673, 29125] -> cubics zeroable: False (0)
   violated 6 eqs [6816, 8124, 12231, 12270, 14584, 22044] -> cubics zeroable: False (0)
   violated 7 eqs [6816, 8124, 12231, 12270, 14584, 22044, 29125] -> cubics zeroable: None (2)
   violated 6 eqs [6816, 8124, 12231, 12270, 14584, 29125] -> cubics zeroable: False (0)
   violated 6 eqs [6816, 8124, 12231, 12270, 18673, 22044] -> cubics zeroable: False (0)
   violated 7 eqs [6816, 8124, 12231, 12270, 18673, 22044, 29125] -> cubics zeroable: None (2)
   violated 6 eqs [6816, 8124, 12231, 12270, 18673, 29125] -> cubics zeroable: False (0)
   violated 6 eqs [6816, 8124, 12231, 12270, 22044, 29125] -> cubics zeroable: False (0)
   violated 6 eqs [6816, 8124, 12231, 12350, 14584, 18673] -> cubics zeroable: False (20)
   violated 7 eqs [6816, 8124, 12231, 12350, 14584, 18673, 22044] -> cubics zeroable: None (2)
   violated 7 eqs [6816, 8124, 12231, 12350, 14584, 18673, 29125] -> cubics zeroable: False (0)
   violated 6 eqs [6816, 8124, 12231, 12350, 14584, 22044] -> cubics zeroable: False (0)
   violated 7 eqs [6816, 8124, 12231, 12350, 14584, 22044, 29125] -> cubics zeroable: None (2)
   violated 6 eqs [6816, 8124, 12231, 12350, 14584, 29125] -> cubics zeroable: False (0)
   violated 6 eqs [6816, 8124, 12231, 12350, 18673, 22044] -> cubics zeroable: False (0)
   violated 7 eqs [6816, 8124, 12231, 12350, 18673, 22044, 29125] -> cubics zeroable: None (2)
   violated 6 eqs [6816, 8124, 12231, 12350, 18673, 29125] -> cubics zeroable: False (0)
   violated 6 eqs [6816, 8124, 12231, 12350, 22044, 29125] -> cubics zeroable: False (0)
   violated 6 eqs [6816, 8124, 12231, 14584, 18673, 22044] -> cubics zeroable: False (0)
   violated 7 eqs [6816, 8124, 12231, 14584, 18673, 22044, 29125] -> cubics zeroable: None (2)
   violated 6 eqs [6816, 8124, 12231, 14584, 18673, 29125] -> cubics zeroable: False (0)
   violated 6 eqs [6816, 8124, 12231, 14584, 22044, 29125] -> cubics zeroable: False (0)
   violated 6 eqs [6816, 8124, 12231, 18673, 22044, 29125] -> cubics zeroable: False (0)
   violated 6 eqs [6816, 8124, 12270, 12350, 14584, 18673] -> cubics zeroable: False (20)
   violated 7 eqs [6816, 8124, 12270, 12350, 14584, 18673, 22044] -> cubics zeroable: None (2)
   violated 7 eqs [6816, 8124, 12270, 12350, 14584, 18673, 29125] -> cubics zeroable: False (0)
   violated 6 eqs [6816, 8124, 12270, 12350, 14584, 22044] -> cubics zeroable: False (0)
   violated 7 eqs [6816, 8124, 12270, 12350, 14584, 22044, 29125] -> cubics zeroable: None (2)
   violated 6 eqs [6816, 8124, 12270, 12350, 14584, 29125] -> cubics zeroable: False (0)
   violated 6 eqs [6816, 8124, 12270, 12350, 18673, 22044] -> cubics zeroable: False (0)
   violated 7 eqs [6816, 8124, 12270, 12350, 18673, 22044, 29125] -> cubics zeroable: None (2)
   violated 6 eqs [6816, 8124, 12270, 12350, 18673, 29125] -> cubics zeroable: False (0)
   violated 6 eqs [6816, 8124, 12270, 12350, 22044, 29125] -> cubics zeroable: False (0)
   violated 6 eqs [6816, 8124, 12270, 14584, 18673, 22044] -> cubics zeroable: False (0)
   violated 7 eqs [6816, 8124, 12270, 14584, 18673, 22044, 29125] -> cubics zeroable: None (2)
   violated 6 eqs [6816, 8124, 12270, 14584, 18673, 29125] -> cubics zeroable: False (0)
   violated 6 eqs [6816, 8124, 12270, 14584, 22044, 29125] -> cubics zeroable: False (0)
   violated 6 eqs [6816, 8124, 12270, 18673, 22044, 29125] -> cubics zeroable: False (0)
   violated 6 eqs [6816, 8124, 12350, 14584, 18673, 22044] -> cubics zeroable: False (0)
   violated 7 eqs [6816, 8124, 12350, 14584, 18673, 22044, 29125] -> cubics zeroable: None (2)
   violated 6 eqs [6816, 8124, 12350, 14584, 18673, 29125] -> cubics zeroable: False (0)
   violated 6 eqs [6816, 8124, 12350, 14584, 22044, 29125] -> cubics zeroable: False (0)
   violated 6 eqs [6816, 8124, 12350, 18673, 22044, 29125] -> cubics zeroable: False (0)
   violated 6 eqs [6816, 8124, 14584, 18673, 22044, 29125] -> cubics zeroable: False (0)
   violated 6 eqs [6816, 9123, 9421, 12231, 12270, 12350] -> cubics zeroable: False (20)
   violated 7 eqs [6816, 9123, 9421, 12231, 12270, 12350, 14584] -> cubics zeroable: False (20)
   violated 7 eqs [6816, 9123, 9421, 12231, 12270, 12350, 18673] -> cubics zeroable: False (20)
   violated 7 eqs [6816, 9123, 9421, 12231, 12270, 12350, 22044] -> cubics zeroable: None (2)
   violated 7 eqs [6816, 9123, 9421, 12231, 12270, 12350, 29125] -> cubics zeroable: False (0)
   violated 6 eqs [6816, 9123, 9421, 12231, 12270, 14584] -> cubics zeroable: False (20)
   violated 7 eqs [6816, 9123, 9421, 12231, 12270, 14584, 18673] -> cubics zeroable: False (20)
   violated 7 eqs [6816, 9123, 9421, 12231, 12270, 14584, 22044] -> cubics zeroable: None (2)
   violated 7 eqs [6816, 9123, 9421, 12231, 12270, 14584, 29125] -> cubics zeroable: False (0)
   violated 6 eqs [6816, 9123, 9421, 12231, 12270, 18673] -> cubics zeroable: False (20)
   violated 7 eqs [6816, 9123, 9421, 12231, 12270, 18673, 22044] -> cubics zeroable: None (2)
   violated 7 eqs [6816, 9123, 9421, 12231, 12270, 18673, 29125] -> cubics zeroable: False (0)
   violated 6 eqs [6816, 9123, 9421, 12231, 12270, 22044] -> cubics zeroable: False (0)
   violated 7 eqs [6816, 9123, 9421, 12231, 12270, 22044, 29125] -> cubics zeroable: None (2)
   violated 6 eqs [6816, 9123, 9421, 12231, 12270, 29125] -> cubics zeroable: False (0)
   violated 6 eqs [6816, 9123, 9421, 12231, 12350, 14584] -> cubics zeroable: False (20)
   violated 7 eqs [6816, 9123, 9421, 12231, 12350, 14584, 18673] -> cubics zeroable: False (20)
   violated 7 eqs [6816, 9123, 9421, 12231, 12350, 14584, 22044] -> cubics zeroable: None (2)
   violated 7 eqs [6816, 9123, 9421, 12231, 12350, 14584, 29125] -> cubics zeroable: False (0)
   violated 6 eqs [6816, 9123, 9421, 12231, 12350, 18673] -> cubics zeroable: False (20)
   violated 7 eqs [6816, 9123, 9421, 12231, 12350, 18673, 22044] -> cubics zeroable: None (2)
   violated 7 eqs [6816, 9123, 9421, 12231, 12350, 18673, 29125] -> cubics zeroable: False (0)
   violated 6 eqs [6816, 9123, 9421, 12231, 12350, 22044] -> cubics zeroable: False (0)
   violated 7 eqs [6816, 9123, 9421, 12231, 12350, 22044, 29125] -> cubics zeroable: None (2)
   violated 6 eqs [6816, 9123, 9421, 12231, 12350, 29125] -> cubics zeroable: False (0)
   violated 6 eqs [6816, 9123, 9421, 12231, 14584, 18673] -> cubics zeroable: False (20)
   violated 7 eqs [6816, 9123, 9421, 12231, 14584, 18673, 22044] -> cubics zeroable: None (2)
   violated 7 eqs [6816, 9123, 9421, 12231, 14584, 18673, 29125] -> cubics zeroable: False (0)
   violated 6 eqs [6816, 9123, 9421, 12231, 14584, 22044] -> cubics zeroable: False (0)
   violated 7 eqs [6816, 9123, 9421, 12231, 14584, 22044, 29125] -> cubics zeroable: None (2)
   violated 6 eqs [6816, 9123, 9421, 12231, 14584, 29125] -> cubics zeroable: False (0)
   violated 6 eqs [6816, 9123, 9421, 12231, 18673, 22044] -> cubics zeroable: False (0)
   violated 7 eqs [6816, 9123, 9421, 12231, 18673, 22044, 29125] -> cubics zeroable: None (2)
   violated 6 eqs [6816, 9123, 9421, 12231, 18673, 29125] -> cubics zeroable: False (0)
   violated 6 eqs [6816, 9123, 9421, 12231, 22044, 29125] -> cubics zeroable: False (0)
   violated 6 eqs [6816, 9123, 9421, 12270, 12350, 14584] -> cubics zeroable: False (20)
   violated 7 eqs [6816, 9123, 9421, 12270, 12350, 14584, 18673] -> cubics zeroable: False (20)
   violated 7 eqs [6816, 9123, 9421, 12270, 12350, 14584, 22044] -> cubics zeroable: False (0)
   violated 7 eqs [6816, 9123, 9421, 12270, 12350, 14584, 29125] -> cubics zeroable: False (0)
   violated 6 eqs [6816, 9123, 9421, 12270, 12350, 18673] -> cubics zeroable: False (20)
   violated 7 eqs [6816, 9123, 9421, 12270, 12350, 18673, 22044] -> cubics zeroable: False (0)
   violated 7 eqs [6816, 9123, 9421, 12270, 12350, 18673, 29125] -> cubics zeroable: False (0)
   violated 6 eqs [6816, 9123, 9421, 12270, 12350, 22044] -> cubics zeroable: False (0)
   violated 7 eqs [6816, 9123, 9421, 12270, 12350, 22044, 29125] -> cubics zeroable: None (2)
   violated 6 eqs [6816, 9123, 9421, 12270, 12350, 29125] -> cubics zeroable: False (0)
   violated 6 eqs [6816, 9123, 9421, 12270, 14584, 18673] -> cubics zeroable: False (20)
   violated 7 eqs [6816, 9123, 9421, 12270, 14584, 18673, 22044] -> cubics zeroable: False (0)
   violated 7 eqs [6816, 9123, 9421, 12270, 14584, 18673, 29125] -> cubics zeroable: False (0)
   violated 6 eqs [6816, 9123, 9421, 12270, 14584, 22044] -> cubics zeroable: False (0)
   violated 7 eqs [6816, 9123, 9421, 12270, 14584, 22044, 29125] -> cubics zeroable: None (2)
   violated 6 eqs [6816, 9123, 9421, 12270, 14584, 29125] -> cubics zeroable: False (0)
   violated 6 eqs [6816, 9123, 9421, 12270, 18673, 22044] -> cubics zeroable: False (0)
   violated 7 eqs [6816, 9123, 9421, 12270, 18673, 22044, 29125] -> cubics zeroable: None (2)
   violated 6 eqs [6816, 9123, 9421, 12270, 18673, 29125] -> cubics zeroable: False (0)
   violated 6 eqs [6816, 9123, 9421, 12270, 22044, 29125] -> cubics zeroable: False (0)
   violated 6 eqs [6816, 9123, 9421, 12350, 14584, 18673] -> cubics zeroable: False (20)
   violated 7 eqs [6816, 9123, 9421, 12350, 14584, 18673, 22044] -> cubics zeroable: False (0)
   violated 7 eqs [6816, 9123, 9421, 12350, 14584, 18673, 29125] -> cubics zeroable: False (0)
   violated 6 eqs [6816, 9123, 9421, 12350, 14584, 22044] -> cubics zeroable: False (0)
   violated 7 eqs [6816, 9123, 9421, 12350, 14584, 22044, 29125] -> cubics zeroable: None (2)
   violated 6 eqs [6816, 9123, 9421, 12350, 14584, 29125] -> cubics zeroable: False (0)
   violated 6 eqs [6816, 9123, 9421, 12350, 18673, 22044] -> cubics zeroable: False (0)
   violated 7 eqs [6816, 9123, 9421, 12350, 18673, 22044, 29125] -> cubics zeroable: None (2)
   violated 6 eqs [6816, 9123, 9421, 12350, 18673, 29125] -> cubics zeroable: False (0)
   violated 6 eqs [6816, 9123, 9421, 12350, 22044, 29125] -> cubics zeroable: False (0)
   violated 6 eqs [6816, 9123, 9421, 14584, 18673, 22044] -> cubics zeroable: False (0)
   violated 7 eqs [6816, 9123, 9421, 14584, 18673, 22044, 29125] -> cubics zeroable: None (2)
   violated 6 eqs [6816, 9123, 9421, 14584, 18673, 29125] -> cubics zeroable: False (0)
   violated 6 eqs [6816, 9123, 9421, 14584, 22044, 29125] -> cubics zeroable: False (0)
   violated 6 eqs [6816, 9123, 9421, 18673, 22044, 29125] -> cubics zeroable: False (0)
   violated 6 eqs [6816, 9123, 12231, 12270, 12350, 14584] -> cubics zeroable: False (20)
   violated 7 eqs [6816, 9123, 12231, 12270, 12350, 14584, 18673] -> cubics zeroable: False (20)
   violated 7 eqs [6816, 9123, 12231, 12270, 12350, 14584, 22044] -> cubics zeroable: None (2)
   violated 7 eqs [6816, 9123, 12231, 12270, 12350, 14584, 29125] -> cubics zeroable: False (0)
   violated 6 eqs [6816, 9123, 12231, 12270, 12350, 18673] -> cubics zeroable: False (20)
   violated 7 eqs [6816, 9123, 12231, 12270, 12350, 18673, 22044] -> cubics zeroable: None (2)
   violated 7 eqs [6816, 9123, 12231, 12270, 12350, 18673, 29125] -> cubics zeroable: False (0)
   violated 6 eqs [6816, 9123, 12231, 12270, 12350, 22044] -> cubics zeroable: False (0)
   violated 7 eqs [6816, 9123, 12231, 12270, 12350, 22044, 29125] -> cubics zeroable: None (2)
   violated 6 eqs [6816, 9123, 12231, 12270, 12350, 29125] -> cubics zeroable: False (0)
   violated 6 eqs [6816, 9123, 12231, 12270, 14584, 18673] -> cubics zeroable: False (20)
   violated 7 eqs [6816, 9123, 12231, 12270, 14584, 18673, 22044] -> cubics zeroable: None (2)
   violated 7 eqs [6816, 9123, 12231, 12270, 14584, 18673, 29125] -> cubics zeroable: False (0)
   violated 6 eqs [6816, 9123, 12231, 12270, 14584, 22044] -> cubics zeroable: False (0)
   violated 7 eqs [6816, 9123, 12231, 12270, 14584, 22044, 29125] -> cubics zeroable: None (2)
   violated 6 eqs [6816, 9123, 12231, 12270, 14584, 29125] -> cubics zeroable: False (0)
   violated 6 eqs [6816, 9123, 12231, 12270, 18673, 22044] -> cubics zeroable: False (0)
   violated 7 eqs [6816, 9123, 12231, 12270, 18673, 22044, 29125] -> cubics zeroable: None (2)
   violated 6 eqs [6816, 9123, 12231, 12270, 18673, 29125] -> cubics zeroable: False (0)
   violated 6 eqs [6816, 9123, 12231, 12270, 22044, 29125] -> cubics zeroable: False (0)
   violated 6 eqs [6816, 9123, 12231, 12350, 14584, 18673] -> cubics zeroable: False (20)
   violated 7 eqs [6816, 9123, 12231, 12350, 14584, 18673, 22044] -> cubics zeroable: None (2)
   violated 7 eqs [6816, 9123, 12231, 12350, 14584, 18673, 29125] -> cubics zeroable: False (0)
   violated 6 eqs [6816, 9123, 12231, 12350, 14584, 22044] -> cubics zeroable: False (0)
   violated 7 eqs [6816, 9123, 12231, 12350, 14584, 22044, 29125] -> cubics zeroable: None (2)
   violated 6 eqs [6816, 9123, 12231, 12350, 14584, 29125] -> cubics zeroable: False (0)
   violated 6 eqs [6816, 9123, 12231, 12350, 18673, 22044] -> cubics zeroable: False (0)
   violated 7 eqs [6816, 9123, 12231, 12350, 18673, 22044, 29125] -> cubics zeroable: None (2)
   violated 6 eqs [6816, 9123, 12231, 12350, 18673, 29125] -> cubics zeroable: False (0)
   violated 6 eqs [6816, 9123, 12231, 12350, 22044, 29125] -> cubics zeroable: False (0)
   violated 6 eqs [6816, 9123, 12231, 14584, 18673, 22044] -> cubics zeroable: False (0)
   violated 7 eqs [6816, 9123, 12231, 14584, 18673, 22044, 29125] -> cubics zeroable: None (2)
   violated 6 eqs [6816, 9123, 12231, 14584, 18673, 29125] -> cubics zeroable: False (0)
   violated 6 eqs [6816, 9123, 12231, 14584, 22044, 29125] -> cubics zeroable: False (0)
   violated 6 eqs [6816, 9123, 12231, 18673, 22044, 29125] -> cubics zeroable: False (0)
   violated 6 eqs [6816, 9123, 12270, 12350, 14584, 18673] -> cubics zeroable: False (20)
   violated 7 eqs [6816, 9123, 12270, 12350, 14584, 18673, 22044] -> cubics zeroable: False (0)
   violated 7 eqs [6816, 9123, 12270, 12350, 14584, 18673, 29125] -> cubics zeroable: False (0)
   violated 6 eqs [6816, 9123, 12270, 12350, 14584, 22044] -> cubics zeroable: False (0)
   violated 7 eqs [6816, 9123, 12270, 12350, 14584, 22044, 29125] -> cubics zeroable: None (2)
   violated 6 eqs [6816, 9123, 12270, 12350, 14584, 29125] -> cubics zeroable: False (0)
   violated 6 eqs [6816, 9123, 12270, 12350, 18673, 22044] -> cubics zeroable: False (0)
   violated 7 eqs [6816, 9123, 12270, 12350, 18673, 22044, 29125] -> cubics zeroable: None (2)
   violated 6 eqs [6816, 9123, 12270, 12350, 18673, 29125] -> cubics zeroable: False (0)
   violated 6 eqs [6816, 9123, 12270, 12350, 22044, 29125] -> cubics zeroable: False (0)
   violated 6 eqs [6816, 9123, 12270, 14584, 18673, 22044] -> cubics zeroable: False (0)
   violated 7 eqs [6816, 9123, 12270, 14584, 18673, 22044, 29125] -> cubics zeroable: None (2)
   violated 6 eqs [6816, 9123, 12270, 14584, 18673, 29125] -> cubics zeroable: False (0)
   violated 6 eqs [6816, 9123, 12270, 14584, 22044, 29125] -> cubics zeroable: False (0)
   violated 6 eqs [6816, 9123, 12270, 18673, 22044, 29125] -> cubics zeroable: False (0)
   violated 6 eqs [6816, 9123, 12350, 14584, 18673, 22044] -> cubics zeroable: False (0)
   violated 7 eqs [6816, 9123, 12350, 14584, 18673, 22044, 29125] -> cubics zeroable: None (2)
   violated 6 eqs [6816, 9123, 12350, 14584, 18673, 29125] -> cubics zeroable: False (0)
   violated 6 eqs [6816, 9123, 12350, 14584, 22044, 29125] -> cubics zeroable: False (0)
   violated 6 eqs [6816, 9123, 12350, 18673, 22044, 29125] -> cubics zeroable: False (0)
   violated 6 eqs [6816, 9123, 14584, 18673, 22044, 29125] -> cubics zeroable: False (0)
   violated 6 eqs [6816, 9421, 12231, 12270, 12350, 14584] -> cubics zeroable: False (20)
   violated 7 eqs [6816, 9421, 12231, 12270, 12350, 14584, 18673] -> cubics zeroable: False (20)
   violated 7 eqs [6816, 9421, 12231, 12270, 12350, 14584, 22044] -> cubics zeroable: None (2)
   violated 7 eqs [6816, 9421, 12231, 12270, 12350, 14584, 29125] -> cubics zeroable: False (0)
   violated 6 eqs [6816, 9421, 12231, 12270, 12350, 18673] -> cubics zeroable: False (20)
   violated 7 eqs [6816, 9421, 12231, 12270, 12350, 18673, 22044] -> cubics zeroable: None (2)
   violated 7 eqs [6816, 9421, 12231, 12270, 12350, 18673, 29125] -> cubics zeroable: False (0)
   violated 6 eqs [6816, 9421, 12231, 12270, 12350, 22044] -> cubics zeroable: False (0)
   violated 7 eqs [6816, 9421, 12231, 12270, 12350, 22044, 29125] -> cubics zeroable: None (2)
   violated 6 eqs [6816, 9421, 12231, 12270, 12350, 29125] -> cubics zeroable: False (0)
   violated 6 eqs [6816, 9421, 12231, 12270, 14584, 18673] -> cubics zeroable: False (20)
   violated 7 eqs [6816, 9421, 12231, 12270, 14584, 18673, 22044] -> cubics zeroable: None (2)
   violated 7 eqs [6816, 9421, 12231, 12270, 14584, 18673, 29125] -> cubics zeroable: False (0)
   violated 6 eqs [6816, 9421, 12231, 12270, 14584, 22044] -> cubics zeroable: False (0)
   violated 7 eqs [6816, 9421, 12231, 12270, 14584, 22044, 29125] -> cubics zeroable: None (2)
   violated 6 eqs [6816, 9421, 12231, 12270, 14584, 29125] -> cubics zeroable: False (0)
   violated 6 eqs [6816, 9421, 12231, 12270, 18673, 22044] -> cubics zeroable: False (0)
   violated 7 eqs [6816, 9421, 12231, 12270, 18673, 22044, 29125] -> cubics zeroable: None (2)
   violated 6 eqs [6816, 9421, 12231, 12270, 18673, 29125] -> cubics zeroable: False (0)
   violated 6 eqs [6816, 9421, 12231, 12270, 22044, 29125] -> cubics zeroable: False (0)
   violated 6 eqs [6816, 9421, 12231, 12350, 14584, 18673] -> cubics zeroable: False (20)
   violated 7 eqs [6816, 9421, 12231, 12350, 14584, 18673, 22044] -> cubics zeroable: None (2)
   violated 7 eqs [6816, 9421, 12231, 12350, 14584, 18673, 29125] -> cubics zeroable: False (0)
   violated 6 eqs [6816, 9421, 12231, 12350, 14584, 22044] -> cubics zeroable: False (0)
   violated 7 eqs [6816, 9421, 12231, 12350, 14584, 22044, 29125] -> cubics zeroable: None (2)
   violated 6 eqs [6816, 9421, 12231, 12350, 14584, 29125] -> cubics zeroable: False (0)
   violated 6 eqs [6816, 9421, 12231, 12350, 18673, 22044] -> cubics zeroable: False (0)
   violated 7 eqs [6816, 9421, 12231, 12350, 18673, 22044, 29125] -> cubics zeroable: None (2)
   violated 6 eqs [6816, 9421, 12231, 12350, 18673, 29125] -> cubics zeroable: False (0)
   violated 6 eqs [6816, 9421, 12231, 12350, 22044, 29125] -> cubics zeroable: False (0)
   violated 6 eqs [6816, 9421, 12231, 14584, 18673, 22044] -> cubics zeroable: False (0)
   violated 7 eqs [6816, 9421, 12231, 14584, 18673, 22044, 29125] -> cubics zeroable: None (2)
   violated 6 eqs [6816, 9421, 12231, 14584, 18673, 29125] -> cubics zeroable: False (0)
   violated 6 eqs [6816, 9421, 12231, 14584, 22044, 29125] -> cubics zeroable: False (0)
   violated 6 eqs [6816, 9421, 12231, 18673, 22044, 29125] -> cubics zeroable: False (0)
   violated 6 eqs [6816, 9421, 12270, 12350, 14584, 18673] -> cubics zeroable: False (20)
   violated 7 eqs [6816, 9421, 12270, 12350, 14584, 18673, 22044] -> cubics zeroable: False (0)
   violated 7 eqs [6816, 9421, 12270, 12350, 14584, 18673, 29125] -> cubics zeroable: False (0)
   violated 6 eqs [6816, 9421, 12270, 12350, 14584, 22044] -> cubics zeroable: False (0)
   violated 7 eqs [6816, 9421, 12270, 12350, 14584, 22044, 29125] -> cubics zeroable: None (2)
   violated 6 eqs [6816, 9421, 12270, 12350, 14584, 29125] -> cubics zeroable: False (0)
   violated 6 eqs [6816, 9421, 12270, 12350, 18673, 22044] -> cubics zeroable: False (0)
   violated 7 eqs [6816, 9421, 12270, 12350, 18673, 22044, 29125] -> cubics zeroable: None (2)
   violated 6 eqs [6816, 9421, 12270, 12350, 18673, 29125] -> cubics zeroable: False (0)
   violated 6 eqs [6816, 9421, 12270, 12350, 22044, 29125] -> cubics zeroable: False (0)
   violated 6 eqs [6816, 9421, 12270, 14584, 18673, 22044] -> cubics zeroable: False (0)
   violated 7 eqs [6816, 9421, 12270, 14584, 18673, 22044, 29125] -> cubics zeroable: None (2)
   violated 6 eqs [6816, 9421, 12270, 14584, 18673, 29125] -> cubics zeroable: False (0)
   violated 6 eqs [6816, 9421, 12270, 14584, 22044, 29125] -> cubics zeroable: False (0)
   violated 6 eqs [6816, 9421, 12270, 18673, 22044, 29125] -> cubics zeroable: False (0)
   violated 6 eqs [6816, 9421, 12350, 14584, 18673, 22044] -> cubics zeroable: False (0)
   violated 7 eqs [6816, 9421, 12350, 14584, 18673, 22044, 29125] -> cubics zeroable: None (2)
   violated 6 eqs [6816, 9421, 12350, 14584, 18673, 29125] -> cubics zeroable: False (0)
   violated 6 eqs [6816, 9421, 12350, 14584, 22044, 29125] -> cubics zeroable: False (0)
   violated 6 eqs [6816, 9421, 12350, 18673, 22044, 29125] -> cubics zeroable: False (0)
   violated 6 eqs [6816, 9421, 14584, 18673, 22044, 29125] -> cubics zeroable: False (0)
   violated 6 eqs [6816, 12231, 12270, 12350, 14584, 18673] -> cubics zeroable: False (20)
   violated 7 eqs [6816, 12231, 12270, 12350, 14584, 18673, 22044] -> cubics zeroable: None (2)
   violated 7 eqs [6816, 12231, 12270, 12350, 14584, 18673, 29125] -> cubics zeroable: False (0)
   violated 6 eqs [6816, 12231, 12270, 12350, 14584, 22044] -> cubics zeroable: False (0)
   violated 7 eqs [6816, 12231, 12270, 12350, 14584, 22044, 29125] -> cubics zeroable: None (2)
   violated 6 eqs [6816, 12231, 12270, 12350, 14584, 29125] -> cubics zeroable: False (0)
   violated 6 eqs [6816, 12231, 12270, 12350, 18673, 22044] -> cubics zeroable: False (0)
   violated 7 eqs [6816, 12231, 12270, 12350, 18673, 22044, 29125] -> cubics zeroable: None (2)
   violated 6 eqs [6816, 12231, 12270, 12350, 18673, 29125] -> cubics zeroable: False (0)
   violated 6 eqs [6816, 12231, 12270, 12350, 22044, 29125] -> cubics zeroable: False (0)
   violated 6 eqs [6816, 12231, 12270, 14584, 18673, 22044] -> cubics zeroable: False (0)
   violated 7 eqs [6816, 12231, 12270, 14584, 18673, 22044, 29125] -> cubics zeroable: None (2)
   violated 6 eqs [6816, 12231, 12270, 14584, 18673, 29125] -> cubics zeroable: False (0)
   violated 6 eqs [6816, 12231, 12270, 14584, 22044, 29125] -> cubics zeroable: False (0)
   violated 6 eqs [6816, 12231, 12270, 18673, 22044, 29125] -> cubics zeroable: False (0)
   violated 6 eqs [6816, 12231, 12350, 14584, 18673, 22044] -> cubics zeroable: False (0)
   violated 7 eqs [6816, 12231, 12350, 14584, 18673, 22044, 29125] -> cubics zeroable: None (2)
   violated 6 eqs [6816, 12231, 12350, 14584, 18673, 29125] -> cubics zeroable: False (0)
   violated 6 eqs [6816, 12231, 12350, 14584, 22044, 29125] -> cubics zeroable: False (0)
   violated 6 eqs [6816, 12231, 12350, 18673, 22044, 29125] -> cubics zeroable: False (0)
   violated 6 eqs [6816, 12231, 14584, 18673, 22044, 29125] -> cubics zeroable: False (0)
   violated 6 eqs [6816, 12270, 12350, 14584, 18673, 22044] -> cubics zeroable: False (0)
   violated 7 eqs [6816, 12270, 12350, 14584, 18673, 22044, 29125] -> cubics zeroable: None (2)
   violated 6 eqs [6816, 12270, 12350, 14584, 18673, 29125] -> cubics zeroable: False (0)
   violated 6 eqs [6816, 12270, 12350, 14584, 22044, 29125] -> cubics zeroable: False (0)
   violated 6 eqs [6816, 12270, 12350, 18673, 22044, 29125] -> cubics zeroable: False (0)
   violated 6 eqs [6816, 12270, 14584, 18673, 22044, 29125] -> cubics zeroable: False (0)
   violated 6 eqs [6816, 12350, 14584, 18673, 22044, 29125] -> cubics zeroable: False (0)
   violated 6 eqs [8124, 9123, 9421, 12231, 12270, 12350] -> cubics zeroable: False (20)
   violated 7 eqs [8124, 9123, 9421, 12231, 12270, 12350, 14584] -> cubics zeroable: False (20)
   violated 7 eqs [8124, 9123, 9421, 12231, 12270, 12350, 18673] -> cubics zeroable: False (20)
   violated 7 eqs [8124, 9123, 9421, 12231, 12270, 12350, 22044] -> cubics zeroable: None (2)
   violated 7 eqs [8124, 9123, 9421, 12231, 12270, 12350, 29125] -> cubics zeroable: False (0)
   violated 6 eqs [8124, 9123, 9421, 12231, 12270, 14584] -> cubics zeroable: False (20)
   violated 7 eqs [8124, 9123, 9421, 12231, 12270, 14584, 18673] -> cubics zeroable: False (20)
   violated 7 eqs [8124, 9123, 9421, 12231, 12270, 14584, 22044] -> cubics zeroable: None (2)
   violated 7 eqs [8124, 9123, 9421, 12231, 12270, 14584, 29125] -> cubics zeroable: False (0)
   violated 6 eqs [8124, 9123, 9421, 12231, 12270, 18673] -> cubics zeroable: False (20)
   violated 7 eqs [8124, 9123, 9421, 12231, 12270, 18673, 22044] -> cubics zeroable: None (2)
   violated 7 eqs [8124, 9123, 9421, 12231, 12270, 18673, 29125] -> cubics zeroable: False (0)
   violated 6 eqs [8124, 9123, 9421, 12231, 12270, 22044] -> cubics zeroable: False (0)
   violated 7 eqs [8124, 9123, 9421, 12231, 12270, 22044, 29125] -> cubics zeroable: None (2)
   violated 6 eqs [8124, 9123, 9421, 12231, 12270, 29125] -> cubics zeroable: False (0)
   violated 6 eqs [8124, 9123, 9421, 12231, 12350, 14584] -> cubics zeroable: False (20)
   violated 7 eqs [8124, 9123, 9421, 12231, 12350, 14584, 18673] -> cubics zeroable: False (20)
   violated 7 eqs [8124, 9123, 9421, 12231, 12350, 14584, 22044] -> cubics zeroable: None (2)
   violated 7 eqs [8124, 9123, 9421, 12231, 12350, 14584, 29125] -> cubics zeroable: False (0)
   violated 6 eqs [8124, 9123, 9421, 12231, 12350, 18673] -> cubics zeroable: False (20)
   violated 7 eqs [8124, 9123, 9421, 12231, 12350, 18673, 22044] -> cubics zeroable: None (2)
   violated 7 eqs [8124, 9123, 9421, 12231, 12350, 18673, 29125] -> cubics zeroable: False (0)
   violated 6 eqs [8124, 9123, 9421, 12231, 12350, 22044] -> cubics zeroable: False (0)
   violated 7 eqs [8124, 9123, 9421, 12231, 12350, 22044, 29125] -> cubics zeroable: None (2)
   violated 6 eqs [8124, 9123, 9421, 12231, 12350, 29125] -> cubics zeroable: False (0)
   violated 6 eqs [8124, 9123, 9421, 12231, 14584, 18673] -> cubics zeroable: False (20)
   violated 7 eqs [8124, 9123, 9421, 12231, 14584, 18673, 22044] -> cubics zeroable: None (2)
   violated 7 eqs [8124, 9123, 9421, 12231, 14584, 18673, 29125] -> cubics zeroable: False (0)
   violated 6 eqs [8124, 9123, 9421, 12231, 14584, 22044] -> cubics zeroable: False (0)
   violated 7 eqs [8124, 9123, 9421, 12231, 14584, 22044, 29125] -> cubics zeroable: None (2)
   violated 6 eqs [8124, 9123, 9421, 12231, 14584, 29125] -> cubics zeroable: False (0)
   violated 6 eqs [8124, 9123, 9421, 12231, 18673, 22044] -> cubics zeroable: False (0)
   violated 7 eqs [8124, 9123, 9421, 12231, 18673, 22044, 29125] -> cubics zeroable: None (2)
   violated 6 eqs [8124, 9123, 9421, 12231, 18673, 29125] -> cubics zeroable: False (0)
   violated 6 eqs [8124, 9123, 9421, 12231, 22044, 29125] -> cubics zeroable: False (0)
   violated 6 eqs [8124, 9123, 9421, 12270, 12350, 14584] -> cubics zeroable: False (20)
   violated 7 eqs [8124, 9123, 9421, 12270, 12350, 14584, 18673] -> cubics zeroable: False (20)
   violated 7 eqs [8124, 9123, 9421, 12270, 12350, 14584, 22044] -> cubics zeroable: None (2)
   violated 7 eqs [8124, 9123, 9421, 12270, 12350, 14584, 29125] -> cubics zeroable: False (0)
   violated 6 eqs [8124, 9123, 9421, 12270, 12350, 18673] -> cubics zeroable: False (20)
   violated 7 eqs [8124, 9123, 9421, 12270, 12350, 18673, 22044] -> cubics zeroable: None (2)
   violated 7 eqs [8124, 9123, 9421, 12270, 12350, 18673, 29125] -> cubics zeroable: False (0)
   violated 6 eqs [8124, 9123, 9421, 12270, 12350, 22044] -> cubics zeroable: False (0)
   violated 7 eqs [8124, 9123, 9421, 12270, 12350, 22044, 29125] -> cubics zeroable: None (2)
   violated 6 eqs [8124, 9123, 9421, 12270, 12350, 29125] -> cubics zeroable: False (0)
   violated 6 eqs [8124, 9123, 9421, 12270, 14584, 18673] -> cubics zeroable: False (20)
   violated 7 eqs [8124, 9123, 9421, 12270, 14584, 18673, 22044] -> cubics zeroable: None (2)
   violated 7 eqs [8124, 9123, 9421, 12270, 14584, 18673, 29125] -> cubics zeroable: False (0)
   violated 6 eqs [8124, 9123, 9421, 12270, 14584, 22044] -> cubics zeroable: False (0)
   violated 7 eqs [8124, 9123, 9421, 12270, 14584, 22044, 29125] -> cubics zeroable: None (2)
   violated 6 eqs [8124, 9123, 9421, 12270, 14584, 29125] -> cubics zeroable: False (0)
   violated 6 eqs [8124, 9123, 9421, 12270, 18673, 22044] -> cubics zeroable: False (0)
   violated 7 eqs [8124, 9123, 9421, 12270, 18673, 22044, 29125] -> cubics zeroable: None (2)
   violated 6 eqs [8124, 9123, 9421, 12270, 18673, 29125] -> cubics zeroable: False (0)
   violated 6 eqs [8124, 9123, 9421, 12270, 22044, 29125] -> cubics zeroable: False (0)
   violated 6 eqs [8124, 9123, 9421, 12350, 14584, 18673] -> cubics zeroable: False (20)
   violated 7 eqs [8124, 9123, 9421, 12350, 14584, 18673, 22044] -> cubics zeroable: None (2)
   violated 7 eqs [8124, 9123, 9421, 12350, 14584, 18673, 29125] -> cubics zeroable: False (0)
   violated 6 eqs [8124, 9123, 9421, 12350, 14584, 22044] -> cubics zeroable: False (0)
   violated 7 eqs [8124, 9123, 9421, 12350, 14584, 22044, 29125] -> cubics zeroable: None (2)
   violated 6 eqs [8124, 9123, 9421, 12350, 14584, 29125] -> cubics zeroable: False (0)
   violated 6 eqs [8124, 9123, 9421, 12350, 18673, 22044] -> cubics zeroable: False (0)
   violated 7 eqs [8124, 9123, 9421, 12350, 18673, 22044, 29125] -> cubics zeroable: None (2)
   violated 6 eqs [8124, 9123, 9421, 12350, 18673, 29125] -> cubics zeroable: False (0)
   violated 6 eqs [8124, 9123, 9421, 12350, 22044, 29125] -> cubics zeroable: False (0)
   violated 6 eqs [8124, 9123, 9421, 14584, 18673, 22044] -> cubics zeroable: False (0)
   violated 7 eqs [8124, 9123, 9421, 14584, 18673, 22044, 29125] -> cubics zeroable: None (2)
   violated 6 eqs [8124, 9123, 9421, 14584, 18673, 29125] -> cubics zeroable: False (0)
   violated 6 eqs [8124, 9123, 9421, 14584, 22044, 29125] -> cubics zeroable: False (0)
   violated 6 eqs [8124, 9123, 9421, 18673, 22044, 29125] -> cubics zeroable: False (0)
   violated 6 eqs [8124, 9123, 12231, 12270, 12350, 14584] -> cubics zeroable: False (20)
   violated 7 eqs [8124, 9123, 12231, 12270, 12350, 14584, 18673] -> cubics zeroable: False (20)
   violated 7 eqs [8124, 9123, 12231, 12270, 12350, 14584, 22044] -> cubics zeroable: None (2)
   violated 7 eqs [8124, 9123, 12231, 12270, 12350, 14584, 29125] -> cubics zeroable: False (0)
   violated 6 eqs [8124, 9123, 12231, 12270, 12350, 18673] -> cubics zeroable: False (20)
   violated 7 eqs [8124, 9123, 12231, 12270, 12350, 18673, 22044] -> cubics zeroable: None (2)
   violated 7 eqs [8124, 9123, 12231, 12270, 12350, 18673, 29125] -> cubics zeroable: False (0)
   violated 6 eqs [8124, 9123, 12231, 12270, 12350, 22044] -> cubics zeroable: False (0)
   violated 7 eqs [8124, 9123, 12231, 12270, 12350, 22044, 29125] -> cubics zeroable: None (2)
   violated 6 eqs [8124, 9123, 12231, 12270, 12350, 29125] -> cubics zeroable: False (0)
   violated 6 eqs [8124, 9123, 12231, 12270, 14584, 18673] -> cubics zeroable: False (20)
   violated 7 eqs [8124, 9123, 12231, 12270, 14584, 18673, 22044] -> cubics zeroable: None (2)
   violated 7 eqs [8124, 9123, 12231, 12270, 14584, 18673, 29125] -> cubics zeroable: False (0)
   violated 6 eqs [8124, 9123, 12231, 12270, 14584, 22044] -> cubics zeroable: False (0)
   violated 7 eqs [8124, 9123, 12231, 12270, 14584, 22044, 29125] -> cubics zeroable: None (2)
   violated 6 eqs [8124, 9123, 12231, 12270, 14584, 29125] -> cubics zeroable: False (0)
   violated 6 eqs [8124, 9123, 12231, 12270, 18673, 22044] -> cubics zeroable: False (0)
   violated 7 eqs [8124, 9123, 12231, 12270, 18673, 22044, 29125] -> cubics zeroable: None (2)
   violated 6 eqs [8124, 9123, 12231, 12270, 18673, 29125] -> cubics zeroable: False (0)
   violated 6 eqs [8124, 9123, 12231, 12270, 22044, 29125] -> cubics zeroable: False (0)
   violated 6 eqs [8124, 9123, 12231, 12350, 14584, 18673] -> cubics zeroable: False (20)
   violated 7 eqs [8124, 9123, 12231, 12350, 14584, 18673, 22044] -> cubics zeroable: None (2)
   violated 7 eqs [8124, 9123, 12231, 12350, 14584, 18673, 29125] -> cubics zeroable: False (0)
   violated 6 eqs [8124, 9123, 12231, 12350, 14584, 22044] -> cubics zeroable: False (0)
   violated 7 eqs [8124, 9123, 12231, 12350, 14584, 22044, 29125] -> cubics zeroable: None (2)
   violated 6 eqs [8124, 9123, 12231, 12350, 14584, 29125] -> cubics zeroable: False (0)
   violated 6 eqs [8124, 9123, 12231, 12350, 18673, 22044] -> cubics zeroable: False (0)
   violated 7 eqs [8124, 9123, 12231, 12350, 18673, 22044, 29125] -> cubics zeroable: None (2)
   violated 6 eqs [8124, 9123, 12231, 12350, 18673, 29125] -> cubics zeroable: False (0)
   violated 6 eqs [8124, 9123, 12231, 12350, 22044, 29125] -> cubics zeroable: False (0)
   violated 6 eqs [8124, 9123, 12231, 14584, 18673, 22044] -> cubics zeroable: False (0)
   violated 7 eqs [8124, 9123, 12231, 14584, 18673, 22044, 29125] -> cubics zeroable: None (2)
   violated 6 eqs [8124, 9123, 12231, 14584, 18673, 29125] -> cubics zeroable: False (0)
   violated 6 eqs [8124, 9123, 12231, 14584, 22044, 29125] -> cubics zeroable: False (0)
   violated 6 eqs [8124, 9123, 12231, 18673, 22044, 29125] -> cubics zeroable: False (0)
   violated 6 eqs [8124, 9123, 12270, 12350, 14584, 18673] -> cubics zeroable: False (20)
   violated 7 eqs [8124, 9123, 12270, 12350, 14584, 18673, 22044] -> cubics zeroable: None (2)
   violated 7 eqs [8124, 9123, 12270, 12350, 14584, 18673, 29125] -> cubics zeroable: False (0)
   violated 6 eqs [8124, 9123, 12270, 12350, 14584, 22044] -> cubics zeroable: False (0)
   violated 7 eqs [8124, 9123, 12270, 12350, 14584, 22044, 29125] -> cubics zeroable: None (2)
   violated 6 eqs [8124, 9123, 12270, 12350, 14584, 29125] -> cubics zeroable: False (0)
   violated 6 eqs [8124, 9123, 12270, 12350, 18673, 22044] -> cubics zeroable: False (0)
   violated 7 eqs [8124, 9123, 12270, 12350, 18673, 22044, 29125] -> cubics zeroable: None (2)
   violated 6 eqs [8124, 9123, 12270, 12350, 18673, 29125] -> cubics zeroable: False (0)
   violated 6 eqs [8124, 9123, 12270, 12350, 22044, 29125] -> cubics zeroable: False (0)
   violated 6 eqs [8124, 9123, 12270, 14584, 18673, 22044] -> cubics zeroable: False (0)
   violated 7 eqs [8124, 9123, 12270, 14584, 18673, 22044, 29125] -> cubics zeroable: None (2)
   violated 6 eqs [8124, 9123, 12270, 14584, 18673, 29125] -> cubics zeroable: False (0)
   violated 6 eqs [8124, 9123, 12270, 14584, 22044, 29125] -> cubics zeroable: False (0)
   violated 6 eqs [8124, 9123, 12270, 18673, 22044, 29125] -> cubics zeroable: False (0)
   violated 6 eqs [8124, 9123, 12350, 14584, 18673, 22044] -> cubics zeroable: False (0)
   violated 7 eqs [8124, 9123, 12350, 14584, 18673, 22044, 29125] -> cubics zeroable: None (2)
   violated 6 eqs [8124, 9123, 12350, 14584, 18673, 29125] -> cubics zeroable: False (0)
   violated 6 eqs [8124, 9123, 12350, 14584, 22044, 29125] -> cubics zeroable: False (0)
   violated 6 eqs [8124, 9123, 12350, 18673, 22044, 29125] -> cubics zeroable: False (0)
   violated 6 eqs [8124, 9123, 14584, 18673, 22044, 29125] -> cubics zeroable: False (0)
   violated 6 eqs [8124, 9421, 12231, 12270, 12350, 14584] -> cubics zeroable: False (20)
   violated 7 eqs [8124, 9421, 12231, 12270, 12350, 14584, 18673] -> cubics zeroable: False (20)
   violated 7 eqs [8124, 9421, 12231, 12270, 12350, 14584, 22044] -> cubics zeroable: None (2)
   violated 7 eqs [8124, 9421, 12231, 12270, 12350, 14584, 29125] -> cubics zeroable: False (0)
   violated 6 eqs [8124, 9421, 12231, 12270, 12350, 18673] -> cubics zeroable: False (20)
   violated 7 eqs [8124, 9421, 12231, 12270, 12350, 18673, 22044] -> cubics zeroable: None (2)
   violated 7 eqs [8124, 9421, 12231, 12270, 12350, 18673, 29125] -> cubics zeroable: False (0)
   violated 6 eqs [8124, 9421, 12231, 12270, 12350, 22044] -> cubics zeroable: False (0)
   violated 7 eqs [8124, 9421, 12231, 12270, 12350, 22044, 29125] -> cubics zeroable: None (2)
   violated 6 eqs [8124, 9421, 12231, 12270, 12350, 29125] -> cubics zeroable: False (0)
   violated 6 eqs [8124, 9421, 12231, 12270, 14584, 18673] -> cubics zeroable: False (20)
   violated 7 eqs [8124, 9421, 12231, 12270, 14584, 18673, 22044] -> cubics zeroable: None (2)
   violated 7 eqs [8124, 9421, 12231, 12270, 14584, 18673, 29125] -> cubics zeroable: False (0)
   violated 6 eqs [8124, 9421, 12231, 12270, 14584, 22044] -> cubics zeroable: False (0)
   violated 7 eqs [8124, 9421, 12231, 12270, 14584, 22044, 29125] -> cubics zeroable: None (2)
   violated 6 eqs [8124, 9421, 12231, 12270, 14584, 29125] -> cubics zeroable: False (0)
   violated 6 eqs [8124, 9421, 12231, 12270, 18673, 22044] -> cubics zeroable: False (0)
   violated 7 eqs [8124, 9421, 12231, 12270, 18673, 22044, 29125] -> cubics zeroable: None (2)
   violated 6 eqs [8124, 9421, 12231, 12270, 18673, 29125] -> cubics zeroable: False (0)
   violated 6 eqs [8124, 9421, 12231, 12270, 22044, 29125] -> cubics zeroable: False (0)
   violated 6 eqs [8124, 9421, 12231, 12350, 14584, 18673] -> cubics zeroable: False (20)
   violated 7 eqs [8124, 9421, 12231, 12350, 14584, 18673, 22044] -> cubics zeroable: None (2)
   violated 7 eqs [8124, 9421, 12231, 12350, 14584, 18673, 29125] -> cubics zeroable: False (0)
   violated 6 eqs [8124, 9421, 12231, 12350, 14584, 22044] -> cubics zeroable: False (0)
   violated 7 eqs [8124, 9421, 12231, 12350, 14584, 22044, 29125] -> cubics zeroable: None (2)
   violated 6 eqs [8124, 9421, 12231, 12350, 14584, 29125] -> cubics zeroable: False (0)
   violated 6 eqs [8124, 9421, 12231, 12350, 18673, 22044] -> cubics zeroable: False (0)
   violated 7 eqs [8124, 9421, 12231, 12350, 18673, 22044, 29125] -> cubics zeroable: None (2)
   violated 6 eqs [8124, 9421, 12231, 12350, 18673, 29125] -> cubics zeroable: False (0)
   violated 6 eqs [8124, 9421, 12231, 12350, 22044, 29125] -> cubics zeroable: False (0)
   violated 6 eqs [8124, 9421, 12231, 14584, 18673, 22044] -> cubics zeroable: False (0)
   violated 7 eqs [8124, 9421, 12231, 14584, 18673, 22044, 29125] -> cubics zeroable: None (2)
   violated 6 eqs [8124, 9421, 12231, 14584, 18673, 29125] -> cubics zeroable: False (0)
   violated 6 eqs [8124, 9421, 12231, 14584, 22044, 29125] -> cubics zeroable: False (0)
   violated 6 eqs [8124, 9421, 12231, 18673, 22044, 29125] -> cubics zeroable: False (0)
   violated 6 eqs [8124, 9421, 12270, 12350, 14584, 18673] -> cubics zeroable: False (20)
   violated 7 eqs [8124, 9421, 12270, 12350, 14584, 18673, 22044] -> cubics zeroable: None (2)
   violated 7 eqs [8124, 9421, 12270, 12350, 14584, 18673, 29125] -> cubics zeroable: False (0)
   violated 6 eqs [8124, 9421, 12270, 12350, 14584, 22044] -> cubics zeroable: False (0)
   violated 7 eqs [8124, 9421, 12270, 12350, 14584, 22044, 29125] -> cubics zeroable: None (2)
   violated 6 eqs [8124, 9421, 12270, 12350, 14584, 29125] -> cubics zeroable: False (0)
   violated 6 eqs [8124, 9421, 12270, 12350, 18673, 22044] -> cubics zeroable: False (0)
   violated 7 eqs [8124, 9421, 12270, 12350, 18673, 22044, 29125] -> cubics zeroable: None (2)
   violated 6 eqs [8124, 9421, 12270, 12350, 18673, 29125] -> cubics zeroable: False (0)
   violated 6 eqs [8124, 9421, 12270, 12350, 22044, 29125] -> cubics zeroable: False (0)
   violated 6 eqs [8124, 9421, 12270, 14584, 18673, 22044] -> cubics zeroable: False (0)
   violated 7 eqs [8124, 9421, 12270, 14584, 18673, 22044, 29125] -> cubics zeroable: None (2)
   violated 6 eqs [8124, 9421, 12270, 14584, 18673, 29125] -> cubics zeroable: False (0)
   violated 6 eqs [8124, 9421, 12270, 14584, 22044, 29125] -> cubics zeroable: False (0)
   violated 6 eqs [8124, 9421, 12270, 18673, 22044, 29125] -> cubics zeroable: False (0)
   violated 6 eqs [8124, 9421, 12350, 14584, 18673, 22044] -> cubics zeroable: False (0)
   violated 7 eqs [8124, 9421, 12350, 14584, 18673, 22044, 29125] -> cubics zeroable: None (2)
   violated 6 eqs [8124, 9421, 12350, 14584, 18673, 29125] -> cubics zeroable: False (0)
   violated 6 eqs [8124, 9421, 12350, 14584, 22044, 29125] -> cubics zeroable: False (0)
   violated 6 eqs [8124, 9421, 12350, 18673, 22044, 29125] -> cubics zeroable: False (0)
   violated 6 eqs [8124, 9421, 14584, 18673, 22044, 29125] -> cubics zeroable: False (0)
   violated 6 eqs [8124, 12231, 12270, 12350, 14584, 18673] -> cubics zeroable: False (20)
   violated 7 eqs [8124, 12231, 12270, 12350, 14584, 18673, 22044] -> cubics zeroable: None (2)
   violated 7 eqs [8124, 12231, 12270, 12350, 14584, 18673, 29125] -> cubics zeroable: False (0)
   violated 6 eqs [8124, 12231, 12270, 12350, 14584, 22044] -> cubics zeroable: False (0)
   violated 7 eqs [8124, 12231, 12270, 12350, 14584, 22044, 29125] -> cubics zeroable: None (2)
   violated 6 eqs [8124, 12231, 12270, 12350, 14584, 29125] -> cubics zeroable: False (0)
   violated 6 eqs [8124, 12231, 12270, 12350, 18673, 22044] -> cubics zeroable: False (0)
   violated 7 eqs [8124, 12231, 12270, 12350, 18673, 22044, 29125] -> cubics zeroable: None (2)
   violated 6 eqs [8124, 12231, 12270, 12350, 18673, 29125] -> cubics zeroable: False (0)
   violated 6 eqs [8124, 12231, 12270, 12350, 22044, 29125] -> cubics zeroable: False (0)
   violated 6 eqs [8124, 12231, 12270, 14584, 18673, 22044] -> cubics zeroable: False (0)
   violated 7 eqs [8124, 12231, 12270, 14584, 18673, 22044, 29125] -> cubics zeroable: None (2)
   violated 6 eqs [8124, 12231, 12270, 14584, 18673, 29125] -> cubics zeroable: False (0)
   violated 6 eqs [8124, 12231, 12270, 14584, 22044, 29125] -> cubics zeroable: False (0)
   violated 6 eqs [8124, 12231, 12270, 18673, 22044, 29125] -> cubics zeroable: False (0)
   violated 6 eqs [8124, 12231, 12350, 14584, 18673, 22044] -> cubics zeroable: False (0)
   violated 7 eqs [8124, 12231, 12350, 14584, 18673, 22044, 29125] -> cubics zeroable: None (2)
   violated 6 eqs [8124, 12231, 12350, 14584, 18673, 29125] -> cubics zeroable: False (0)
   violated 6 eqs [8124, 12231, 12350, 14584, 22044, 29125] -> cubics zeroable: False (0)
   violated 6 eqs [8124, 12231, 12350, 18673, 22044, 29125] -> cubics zeroable: False (0)
   violated 6 eqs [8124, 12231, 14584, 18673, 22044, 29125] -> cubics zeroable: False (0)
   violated 6 eqs [8124, 12270, 12350, 14584, 18673, 22044] -> cubics zeroable: False (0)
   violated 7 eqs [8124, 12270, 12350, 14584, 18673, 22044, 29125] -> cubics zeroable: None (2)
   violated 6 eqs [8124, 12270, 12350, 14584, 18673, 29125] -> cubics zeroable: False (0)
   violated 6 eqs [8124, 12270, 12350, 14584, 22044, 29125] -> cubics zeroable: False (0)
   violated 6 eqs [8124, 12270, 12350, 18673, 22044, 29125] -> cubics zeroable: False (0)
   violated 6 eqs [8124, 12270, 14584, 18673, 22044, 29125] -> cubics zeroable: False (0)
   violated 6 eqs [8124, 12350, 14584, 18673, 22044, 29125] -> cubics zeroable: False (0)
   violated 6 eqs [9123, 9421, 12231, 12270, 12350, 14584] -> cubics zeroable: False (20)
   violated 7 eqs [9123, 9421, 12231, 12270, 12350, 14584, 18673] -> cubics zeroable: False (20)
   violated 7 eqs [9123, 9421, 12231, 12270, 12350, 14584, 22044] -> cubics zeroable: None (2)
   violated 7 eqs [9123, 9421, 12231, 12270, 12350, 14584, 29125] -> cubics zeroable: False (0)
   violated 6 eqs [9123, 9421, 12231, 12270, 12350, 18673] -> cubics zeroable: False (20)
   violated 7 eqs [9123, 9421, 12231, 12270, 12350, 18673, 22044] -> cubics zeroable: None (2)
   violated 7 eqs [9123, 9421, 12231, 12270, 12350, 18673, 29125] -> cubics zeroable: False (0)
   violated 6 eqs [9123, 9421, 12231, 12270, 12350, 22044] -> cubics zeroable: False (0)
   violated 7 eqs [9123, 9421, 12231, 12270, 12350, 22044, 29125] -> cubics zeroable: None (2)
   violated 6 eqs [9123, 9421, 12231, 12270, 12350, 29125] -> cubics zeroable: False (0)
   violated 6 eqs [9123, 9421, 12231, 12270, 14584, 18673] -> cubics zeroable: False (20)
   violated 7 eqs [9123, 9421, 12231, 12270, 14584, 18673, 22044] -> cubics zeroable: None (2)
   violated 7 eqs [9123, 9421, 12231, 12270, 14584, 18673, 29125] -> cubics zeroable: False (0)
   violated 6 eqs [9123, 9421, 12231, 12270, 14584, 22044] -> cubics zeroable: False (0)
   violated 7 eqs [9123, 9421, 12231, 12270, 14584, 22044, 29125] -> cubics zeroable: None (2)
   violated 6 eqs [9123, 9421, 12231, 12270, 14584, 29125] -> cubics zeroable: False (0)
   violated 6 eqs [9123, 9421, 12231, 12270, 18673, 22044] -> cubics zeroable: False (0)
   violated 7 eqs [9123, 9421, 12231, 12270, 18673, 22044, 29125] -> cubics zeroable: None (2)
   violated 6 eqs [9123, 9421, 12231, 12270, 18673, 29125] -> cubics zeroable: False (0)
   violated 6 eqs [9123, 9421, 12231, 12270, 22044, 29125] -> cubics zeroable: False (0)
   violated 6 eqs [9123, 9421, 12231, 12350, 14584, 18673] -> cubics zeroable: False (20)
   violated 7 eqs [9123, 9421, 12231, 12350, 14584, 18673, 22044] -> cubics zeroable: None (2)
   violated 7 eqs [9123, 9421, 12231, 12350, 14584, 18673, 29125] -> cubics zeroable: False (0)
   violated 6 eqs [9123, 9421, 12231, 12350, 14584, 22044] -> cubics zeroable: False (0)
   violated 7 eqs [9123, 9421, 12231, 12350, 14584, 22044, 29125] -> cubics zeroable: None (2)
   violated 6 eqs [9123, 9421, 12231, 12350, 14584, 29125] -> cubics zeroable: False (0)
   violated 6 eqs [9123, 9421, 12231, 12350, 18673, 22044] -> cubics zeroable: False (0)
   violated 7 eqs [9123, 9421, 12231, 12350, 18673, 22044, 29125] -> cubics zeroable: None (2)
   violated 6 eqs [9123, 9421, 12231, 12350, 18673, 29125] -> cubics zeroable: False (0)
   violated 6 eqs [9123, 9421, 12231, 12350, 22044, 29125] -> cubics zeroable: False (0)
   violated 6 eqs [9123, 9421, 12231, 14584, 18673, 22044] -> cubics zeroable: False (0)
   violated 7 eqs [9123, 9421, 12231, 14584, 18673, 22044, 29125] -> cubics zeroable: None (2)
   violated 6 eqs [9123, 9421, 12231, 14584, 18673, 29125] -> cubics zeroable: False (0)
   violated 6 eqs [9123, 9421, 12231, 14584, 22044, 29125] -> cubics zeroable: False (0)
   violated 6 eqs [9123, 9421, 12231, 18673, 22044, 29125] -> cubics zeroable: False (0)
   violated 6 eqs [9123, 9421, 12270, 12350, 14584, 18673] -> cubics zeroable: False (20)
   violated 7 eqs [9123, 9421, 12270, 12350, 14584, 18673, 22044] -> cubics zeroable: False (0)
   violated 7 eqs [9123, 9421, 12270, 12350, 14584, 18673, 29125] -> cubics zeroable: False (0)
   violated 6 eqs [9123, 9421, 12270, 12350, 14584, 22044] -> cubics zeroable: False (0)
   violated 7 eqs [9123, 9421, 12270, 12350, 14584, 22044, 29125] -> cubics zeroable: None (2)
   violated 6 eqs [9123, 9421, 12270, 12350, 14584, 29125] -> cubics zeroable: False (0)
   violated 6 eqs [9123, 9421, 12270, 12350, 18673, 22044] -> cubics zeroable: False (0)
   violated 7 eqs [9123, 9421, 12270, 12350, 18673, 22044, 29125] -> cubics zeroable: None (2)
   violated 6 eqs [9123, 9421, 12270, 12350, 18673, 29125] -> cubics zeroable: False (0)
   violated 6 eqs [9123, 9421, 12270, 12350, 22044, 29125] -> cubics zeroable: False (0)
   violated 6 eqs [9123, 9421, 12270, 14584, 18673, 22044] -> cubics zeroable: False (0)
   violated 7 eqs [9123, 9421, 12270, 14584, 18673, 22044, 29125] -> cubics zeroable: None (2)
   violated 6 eqs [9123, 9421, 12270, 14584, 18673, 29125] -> cubics zeroable: False (0)
   violated 6 eqs [9123, 9421, 12270, 14584, 22044, 29125] -> cubics zeroable: False (0)
   violated 6 eqs [9123, 9421, 12270, 18673, 22044, 29125] -> cubics zeroable: False (0)
   violated 6 eqs [9123, 9421, 12350, 14584, 18673, 22044] -> cubics zeroable: False (0)
   violated 7 eqs [9123, 9421, 12350, 14584, 18673, 22044, 29125] -> cubics zeroable: None (2)
   violated 6 eqs [9123, 9421, 12350, 14584, 18673, 29125] -> cubics zeroable: False (0)
   violated 6 eqs [9123, 9421, 12350, 14584, 22044, 29125] -> cubics zeroable: False (0)
   violated 6 eqs [9123, 9421, 12350, 18673, 22044, 29125] -> cubics zeroable: False (0)
   violated 6 eqs [9123, 9421, 14584, 18673, 22044, 29125] -> cubics zeroable: False (0)
   violated 6 eqs [9123, 12231, 12270, 12350, 14584, 18673] -> cubics zeroable: False (20)
   violated 7 eqs [9123, 12231, 12270, 12350, 14584, 18673, 22044] -> cubics zeroable: None (2)
   violated 7 eqs [9123, 12231, 12270, 12350, 14584, 18673, 29125] -> cubics zeroable: False (0)
   violated 6 eqs [9123, 12231, 12270, 12350, 14584, 22044] -> cubics zeroable: False (0)
   violated 7 eqs [9123, 12231, 12270, 12350, 14584, 22044, 29125] -> cubics zeroable: None (2)
   violated 6 eqs [9123, 12231, 12270, 12350, 14584, 29125] -> cubics zeroable: False (0)
   violated 6 eqs [9123, 12231, 12270, 12350, 18673, 22044] -> cubics zeroable: False (0)
   violated 7 eqs [9123, 12231, 12270, 12350, 18673, 22044, 29125] -> cubics zeroable: None (2)
   violated 6 eqs [9123, 12231, 12270, 12350, 18673, 29125] -> cubics zeroable: False (0)
   violated 6 eqs [9123, 12231, 12270, 12350, 22044, 29125] -> cubics zeroable: False (0)
   violated 6 eqs [9123, 12231, 12270, 14584, 18673, 22044] -> cubics zeroable: False (0)
   violated 7 eqs [9123, 12231, 12270, 14584, 18673, 22044, 29125] -> cubics zeroable: None (2)
   violated 6 eqs [9123, 12231, 12270, 14584, 18673, 29125] -> cubics zeroable: False (0)
   violated 6 eqs [9123, 12231, 12270, 14584, 22044, 29125] -> cubics zeroable: False (0)
   violated 6 eqs [9123, 12231, 12270, 18673, 22044, 29125] -> cubics zeroable: False (0)
   violated 6 eqs [9123, 12231, 12350, 14584, 18673, 22044] -> cubics zeroable: False (0)
   violated 7 eqs [9123, 12231, 12350, 14584, 18673, 22044, 29125] -> cubics zeroable: None (2)
   violated 6 eqs [9123, 12231, 12350, 14584, 18673, 29125] -> cubics zeroable: False (0)
   violated 6 eqs [9123, 12231, 12350, 14584, 22044, 29125] -> cubics zeroable: False (0)
   violated 6 eqs [9123, 12231, 12350, 18673, 22044, 29125] -> cubics zeroable: False (0)
   violated 6 eqs [9123, 12231, 14584, 18673, 22044, 29125] -> cubics zeroable: False (0)
   violated 6 eqs [9123, 12270, 12350, 14584, 18673, 22044] -> cubics zeroable: False (0)
   violated 7 eqs [9123, 12270, 12350, 14584, 18673, 22044, 29125] -> cubics zeroable: None (2)
   violated 6 eqs [9123, 12270, 12350, 14584, 18673, 29125] -> cubics zeroable: False (0)
   violated 6 eqs [9123, 12270, 12350, 14584, 22044, 29125] -> cubics zeroable: False (0)
   violated 6 eqs [9123, 12270, 12350, 18673, 22044, 29125] -> cubics zeroable: False (0)
   violated 6 eqs [9123, 12270, 14584, 18673, 22044, 29125] -> cubics zeroable: False (0)
   violated 6 eqs [9123, 12350, 14584, 18673, 22044, 29125] -> cubics zeroable: False (0)
   violated 6 eqs [9421, 12231, 12270, 12350, 14584, 18673] -> cubics zeroable: False (20)
   violated 7 eqs [9421, 12231, 12270, 12350, 14584, 18673, 22044] -> cubics zeroable: None (2)
   violated 7 eqs [9421, 12231, 12270, 12350, 14584, 18673, 29125] -> cubics zeroable: False (0)
   violated 6 eqs [9421, 12231, 12270, 12350, 14584, 22044] -> cubics zeroable: False (0)
   violated 7 eqs [9421, 12231, 12270, 12350, 14584, 22044, 29125] -> cubics zeroable: None (2)
   violated 6 eqs [9421, 12231, 12270, 12350, 14584, 29125] -> cubics zeroable: False (0)
   violated 6 eqs [9421, 12231, 12270, 12350, 18673, 22044] -> cubics zeroable: False (0)
   violated 7 eqs [9421, 12231, 12270, 12350, 18673, 22044, 29125] -> cubics zeroable: None (2)
   violated 6 eqs [9421, 12231, 12270, 12350, 18673, 29125] -> cubics zeroable: False (0)
   violated 6 eqs [9421, 12231, 12270, 12350, 22044, 29125] -> cubics zeroable: False (0)
   violated 6 eqs [9421, 12231, 12270, 14584, 18673, 22044] -> cubics zeroable: False (0)
   violated 7 eqs [9421, 12231, 12270, 14584, 18673, 22044, 29125] -> cubics zeroable: None (2)
   violated 6 eqs [9421, 12231, 12270, 14584, 18673, 29125] -> cubics zeroable: False (0)
   violated 6 eqs [9421, 12231, 12270, 14584, 22044, 29125] -> cubics zeroable: False (0)
   violated 6 eqs [9421, 12231, 12270, 18673, 22044, 29125] -> cubics zeroable: False (0)
   violated 6 eqs [9421, 12231, 12350, 14584, 18673, 22044] -> cubics zeroable: False (0)
   violated 7 eqs [9421, 12231, 12350, 14584, 18673, 22044, 29125] -> cubics zeroable: None (2)
   violated 6 eqs [9421, 12231, 12350, 14584, 18673, 29125] -> cubics zeroable: False (0)
   violated 6 eqs [9421, 12231, 12350, 14584, 22044, 29125] -> cubics zeroable: False (0)
   violated 6 eqs [9421, 12231, 12350, 18673, 22044, 29125] -> cubics zeroable: False (0)
   violated 6 eqs [9421, 12231, 14584, 18673, 22044, 29125] -> cubics zeroable: False (0)
   violated 6 eqs [9421, 12270, 12350, 14584, 18673, 22044] -> cubics zeroable: False (0)
   violated 7 eqs [9421, 12270, 12350, 14584, 18673, 22044, 29125] -> cubics zeroable: None (2)
   violated 6 eqs [9421, 12270, 12350, 14584, 18673, 29125] -> cubics zeroable: False (0)
   violated 6 eqs [9421, 12270, 12350, 14584, 22044, 29125] -> cubics zeroable: False (0)
   violated 6 eqs [9421, 12270, 12350, 18673, 22044, 29125] -> cubics zeroable: False (0)
   violated 6 eqs [9421, 12270, 14584, 18673, 22044, 29125] -> cubics zeroable: False (0)
   violated 6 eqs [9421, 12350, 14584, 18673, 22044, 29125] -> cubics zeroable: False (0)
   violated 6 eqs [12231, 12270, 12350, 14584, 18673, 22044] -> cubics zeroable: False (0)
   violated 7 eqs [12231, 12270, 12350, 14584, 18673, 22044, 29125] -> cubics zeroable: None (2)
   violated 6 eqs [12231, 12270, 12350, 14584, 18673, 29125] -> cubics zeroable: False (0)
   violated 6 eqs [12231, 12270, 12350, 14584, 22044, 29125] -> cubics zeroable: False (0)
   violated 6 eqs [12231, 12270, 12350, 18673, 22044, 29125] -> cubics zeroable: False (0)
   violated 6 eqs [12231, 12270, 14584, 18673, 22044, 29125] -> cubics zeroable: False (0)
   violated 6 eqs [12231, 12350, 14584, 18673, 22044, 29125] -> cubics zeroable: False (0)
   violated 6 eqs [12270, 12350, 14584, 18673, 22044, 29125] -> cubics zeroable: False (0)
  budget 7: no admissible violated-set (60s)
