HIT 1 55 55 18345812703491784191
HIT 1 149 149 4859978655671155721
HIT 1 348 348 11065057213771576183
HIT 1 452 452 8046762388222658364
HIT 1 479 479 18316691570891895852
DONE data/p_n2p256.txt sz=1 range=[0,512) n=512 zero=0 0.0s
HIT 2 9764917 149 5646173333787779140
HIT 2 22806581 348 5684186917712744993
HIT 2 29622325 452 14178367461747428015
HIT 2 31391797 479 1871723160492177911
HIT 2 3735606 57 18345812703491784191
HIT 2 9764918 149 8478396381107386732
HIT 2 22806582 348 10009522924122228860
HIT 2 29622326 452 17344453966952605613
HIT 2 31391798 479 13498719963540874445
HIT 2 9633847 147 9798878141035828228
HIT 2 9699383 148 15833877539052199150
HIT 2 9764919 149 3137765038385054662
HIT 2 9895991 151 829411564117137892
HIT 2 9764921 149 12020166212275828707
HIT 2 22806585 348 1035120017070140892
HIT 2 29622329 452 2430703621654780578
HIT 2 31391801 479 15067422132032804905
HIT 2 22675511 346 8946057355793921647
HIT 2 22806583 348 4603946466552574872
HIT 2 22872119 349 16411668844884798738
HIT 2 22937655 350 17985526043510497696
HIT 2 29491255 450 9995045488895696603
HIT 2 29622327 452 14138681522474146323
HIT 2 29687863 453 12070622644942040185
HIT 2 29753399 454 7984586228068136604
HIT 2 31260727 477 4872686518942266990
HIT 2 31326263 478 11560725489750608761
HIT 2 31391799 479 16535864839935516929
HIT 2 31522871 481 17229548852932393352
HIT 2 9896084 151 4859978655671155721
HIT 2 22806675 348 5302224559703064567
HIT 2 29622419 452 10546280858636349516
HIT 2 22806676 348 11604459044217840632
HIT 2 31391891 479 4788982747012433019
HIT 2 29622420 452 16081820900419908685
HIT 2 31391892 479 782588958133734361
HIT 2 22675605 346 4222235469902675174
HIT 2 22806677 348 12002493706673136111
HIT 2 22872213 349 12312913571807355472
HIT 2 22937749 350 274763592302498965
HIT 2 22806679 348 16075509158658269124
HIT 2 29622423 452 9987602019991391101
HIT 2 31391895 479 11676856868522297138
HIT 2 29491349 450 10971385509467983665
HIT 2 29622421 452 16009762922891483522
HIT 2 29687957 453 15499110860219299990
HIT 2 29753493 454 18309402516370424395
HIT 2 31260821 477 2656259491151691404
HIT 2 31326357 478 643258451084924373
HIT 2 31391893 479 15821493369059899909
HIT 2 31522965 481 10208693250178431891
HIT 2 29622618 452 4287983112502137133
HIT 2 31392090 479 560287691633435142
HIT 2 29491548 450 10989249855223106894
HIT 2 29622620 452 1018325064409604968
HIT 2 29688156 453 9317518473010664436
HIT 2 29753692 454 11967755077978760213
HIT 2 31261020 477 15863468705118630547
HIT 2 31326556 478 233767740236847821
HIT 2 31392092 479 10992313384884846726
HIT 2 31523164 481 5557524463736147937
HIT 2 22937949 350 11065057213771576183
HIT 2 29622621 452 7491636363453992162
HIT 2 29622622 452 14750210318060909087
HIT 2 31392093 479 12162572585586160110
HIT 2 31392094 479 18353386004370937473
HIT 2 31392194 479 12072020871069916353
HIT 2 31261124 477 3984293230300802544
HIT 2 31326660 478 1728304093926497812
HIT 2 31392196 479 2233877046789586122
HIT 2 31523268 481 16530707246381110229
HIT 2 29753797 454 8046762388222658364
HIT 2 31392197 479 6393900502648215174
HIT 2 31392198 479 13317313310487873488
HIT 2 31523294 481 18316691570891895852
DONE data/p_n2p256.txt sz=2 range=[0,512) n=130560 zero=0 0.4s
HIT 3 639953731585 149 17687606273778088739
HIT 3 1494652223489 348 17502010740707938559
HIT 3 1941328822273 452 6651653891533588619
HIT 3 2057292939265 479 6707573237248383627
HIT 3 639953731587 149 17210138331749973591
HIT 3 1494652223491 348 11871086728547845413
HIT 3 1941328822275 452 2398344606865883499
HIT 3 2057292939267 479 4695938492909048739
HIT 3 639953731584 149 13971126967133510435
HIT 3 1494652223488 348 15086819601067523863
HIT 3 1941328822272 452 10217077631024186748
HIT 3 2057292939264 479 4994159912929013207
HIT 3 639953731586 149 7081488281928512377
HIT 3 1494652223490 348 689877224737032531
HIT 3 1941328822274 452 15781883116908574449
HIT 3 2057292939266 479 363422282015413921
HIT 3 1494658383873 348 14407016928954003489
HIT 3 1941334982657 452 7478634785974539180
HIT 3 2057299099649 479 8941482654825095238
HIT 3 1941348024321 452 6733061621656166282
HIT 3 2057312141313 479 7583373874434933846
HIT 3 2057318957057 479 2503599454940869691
HIT 3 639953731588 149 5816379970413165063
HIT 3 1494652223492 348 11049663503609033289
HIT 3 1941328822276 452 13751563496121566155
HIT 3 2057292939268 479 16644914153518129979
HIT 3 1494658383872 348 13065117357452118890
HIT 3 1941334982656 452 5945622354818784326
HIT 3 2057299099648 479 1586838147135387545
HIT 3 1494658383875 348 9329835732756886239
HIT 3 1941334982659 452 12301970854677794310
HIT 3 2057299099651 479 863025885667163112
HIT 3 1494658383876 348 1888545966162169961
HIT 3 1941334982660 452 6413677221843950253
HIT 3 2057299099652 479 1949665597426415906
HIT 3 1494658383874 348 17294687891222749666
HIT 3 1941334982658 452 17275674024125501763
HIT 3 2057299099650 479 10736482323589278443
HIT 3 1941348024324 452 830620636128193230
HIT 3 2057312141316 479 18388606546445463531
HIT 3 2057318957060 479 17507811386611275305
HIT 3 639953731589 149 15421304693595589299
HIT 3 1494652223493 348 8248629572513977680
HIT 3 1941328822277 452 4600164562965911030
HIT 3 2057292939269 479 5454393568098976173
HIT 3 1494658383877 348 10081171291841384776
HIT 3 1941334982661 452 5362307447936528313
HIT 3 2057299099653 479 10943263754472871883
HIT 3 1941348024320 452 12908273463305141279
HIT 3 2057312141312 479 13440531070204423962
HIT 3 1941348024323 452 11749295955422244200
HIT 3 2057312141315 479 8124126830005169910
HIT 3 1941348024322 452 7157242645868808253
HIT 3 2057312141314 479 12698040104674443402
HIT 3 1941348024325 452 89679021237237520
HIT 3 2057312141317 479 714396737231916478
HIT 3 2057318957059 479 8933876016389258465
HIT 3 2057318957056 479 12042900714819287457
HIT 3 2057318957061 479 376928503320293986
HIT 3 2057318957058 479 4264289887940251387
HIT 3 639953731591 149 13589560409461811485
HIT 3 1494652223495 348 4721551508165762344
HIT 3 1941328822279 452 18218306763064323251
HIT 3 2057292939271 479 15499938354357673829
HIT 3 639953731592 149 14780562302603173311
HIT 3 1494652223496 348 7516824866056762720
HIT 3 1941328822280 452 13074131358278854566
HIT 3 2057292939272 479 7677623284728451541
HIT 3 639953731590 149 5360134177772429051
HIT 3 1494652223494 348 11033466279975357395
HIT 3 1941328822278 452 6469497570469504628
HIT 3 2057292939270 479 744707879586191051
HIT 3 639953731593 149 9873906597500335872
HIT 3 1494652223497 348 1443310629695009664
HIT 3 1941328822281 452 9600329068181814204
HIT 3 2057292939273 479 8333709036575368991
HIT 3 1494658383879 348 12653234701640379917
HIT 3 1941334982663 452 5346356615629550508
HIT 3 2057299099655 479 10152653717813637431
HIT 3 1494658383880 348 783990157346023196
HIT 3 1941334982664 452 4393608912346218454
HIT 3 2057299099656 479 16543078043717238975
HIT 3 1494658383881 348 17677091137794169926
HIT 3 1941334982665 452 10662883764137636802
HIT 3 2057299099657 479 7821840973285646806
HIT 3 1494658383878 348 3299346448613615226
HIT 3 1941334982662 452 7690624364655872143
HIT 3 2057299099654 479 6525912051208520045
HIT 3 1941348024327 452 12644526408071116457
HIT 3 2057312141319 479 9575248724216858323
HIT 3 1941348024329 452 11497703630476144908
HIT 3 2057312141321 479 6777498767992320523
HIT 3 2057318957063 479 18220606973891653369
HIT 3 2057318957065 479 13558834310073906941
HIT 3 1941348024328 452 2307620416359944851
HIT 3 2057312141320 479 12331107098070266156
HIT 3 639953731594 149 3357133169451793821
HIT 3 1941348024326 452 15684136919057190433
HIT 3 2057312141318 479 9448309991354235260
HIT 3 639953731595 149 16993552595464806830
HIT 3 1494652223499 348 6494760724063822151
HIT 3 1941328822283 452 12608483764882689189
HIT 3 2057292939275 479 11461088800912441160
HIT 3 2057318957064 479 5563318813290011223
HIT 3 1494652223498 348 17528310616571311009
HIT 3 1941328822282 452 8162218724274061150
HIT 3 2057292939274 479 14772233395409301025
HIT 3 2057318957062 479 10484388555601457891
HIT 3 639953731596 149 9079895193199898468
HIT 3 1494652223500 348 12850854998773126381
HIT 3 1941328822284 452 4715038424938860976
HIT 3 2057292939276 479 2181930586553463267
HIT 3 639953731597 149 17986830708880822368
HIT 3 1494652223501 348 15277928296812173651
HIT 3 1941328822285 452 84831009054914124
HIT 3 2057292939277 479 1746614530735385142
HIT 3 1494658383883 348 15657820913036844339
HIT 3 1941334982667 452 6736764343782518025
HIT 3 2057299099659 479 5107345847048099497
HIT 3 1494658383882 348 11083033420420956250
HIT 3 1941334982666 452 4060971034517553211
HIT 3 2057299099658 479 18307714132097886749
HIT 3 1494658383884 348 6538390973420282287
HIT 3 1941334982668 452 5452932304229583314
HIT 3 2057299099660 479 14462125772566920806
HIT 3 1494658383885 348 14049533213381854911
HIT 3 1941334982669 452 9589700114830336673
HIT 3 2057299099661 479 14740257891200570417
HIT 3 1941348024331 452 11951973548879419453
HIT 3 2057312141323 479 10863298857940222997
HIT 3 2057318957067 479 6299049657567531314
HIT 3 1941348024330 452 4197237333401021443
HIT 3 2057312141322 479 6038533354606990101
HIT 3 1941348024332 452 9316248459868819033
HIT 3 2057312141324 479 7073620207605576276
HIT 3 2057318957068 479 819921297925840933
HIT 3 639953731598 149 2036036701836574430
HIT 3 1494652223502 348 7341925611976872284
HIT 3 1941328822286 452 17159641010722087155
HIT 3 2057292939278 479 15964864321706358739
HIT 3 2057318957066 479 16347130656563334016
HIT 3 639953731600 149 17781501775763529174
HIT 3 1494652223504 348 15310615792288168804
HIT 3 1941328822288 452 6779727164564078910
HIT 3 2057292939280 479 16470612358155012100
HIT 3 1941348024333 452 14364155659446760108
HIT 3 2057312141325 479 6706627985585045275
HIT 3 639953731599 149 15722185359429248609
HIT 3 1494652223503 348 16664738165174940765
HIT 3 1941328822287 452 14853694461554843745
HIT 3 2057292939279 479 15490359016552815496
HIT 3 1494658383886 348 14456529827838865657
HIT 3 1941334982670 452 471070935644832094
HIT 3 2057299099662 479 4328136999913180128
HIT 3 2057318957069 479 6403366072299839180
HIT 3 1494658383888 348 9697900469257118907
HIT 3 1941334982672 452 2421262857148249576
HIT 3 2057299099664 479 1733643974348951847
HIT 3 639953731601 149 11597290509431119170
HIT 3 1494652223505 348 7231101766950532913
HIT 3 1941328822289 452 7148118987214957704
HIT 3 2057292939281 479 8504279593471259255
HIT 3 1494658383887 348 3408562902987418688
HIT 3 1941334982671 452 9279236599846271203
HIT 3 2057299099663 479 6470209741538251868
HIT 3 1941348024334 452 15671014050481407888
HIT 3 2057312141326 479 8565657937015434149
HIT 3 2057318957070 479 13996637116700437571
HIT 3 1494658383889 348 8303347616654288394
HIT 3 1941334982673 452 1622532757809300717
HIT 3 2057299099665 479 15492911716855364294
HIT 3 639953731602 149 9949194392173585744
HIT 3 1494652223506 348 16253448223112514587
HIT 3 1941328822290 452 4251654586001678409
HIT 3 2057292939282 479 14898604844526703520
HIT 3 1941348024336 452 2436516044889171331
HIT 3 2057312141328 479 11065979889010669531
HIT 3 2057318957072 479 18269900808478049195
HIT 3 1941348024335 452 1877658625931005817
HIT 3 2057312141327 479 16431484197696524974
HIT 3 1494658383890 348 8169442289810233221
HIT 3 1941334982674 452 6877303966500605362
HIT 3 2057299099666 479 10549455716886379424
HIT 3 639953731603 149 10081513820304177659
HIT 3 1494652223507 348 11707608470229932773
HIT 3 1941328822291 452 10302127891423309424
HIT 3 2057292939283 479 17362584699741904120
HIT 3 2057318957071 479 9314236254255843713
HIT 3 639953731604 149 17113365923128573571
HIT 3 1494652223508 348 8725583575041509197
HIT 3 1941328822292 452 8177669245857704963
HIT 3 2057292939284 479 9518266112582020479
HIT 3 1941348024337 452 13190386782469228094
HIT 3 2057312141329 479 868997991269643105
HIT 3 2057318957073 479 11370057736653336080
HIT 3 1494658383891 348 4920745301246562074
HIT 3 1941334982675 452 3294161069578250481
HIT 3 2057299099667 479 15845344325137144072
HIT 3 1941348024338 452 14165064513948099360
HIT 3 2057312141330 479 421034920289538877
HIT 3 639953731605 149 13753979625080624735
HIT 3 1494652223509 348 18343260197730310694
HIT 3 1941328822293 452 7512705642391764447
HIT 3 2057292939285 479 11044714315592822161
HIT 3 2057318957074 479 3007415834917005347
HIT 3 1494658383892 348 9820526224982721947
HIT 3 1941334982676 452 222796692031810444
HIT 3 2057299099668 479 16651402767706052028
HIT 3 639953731606 149 12780056619718801989
HIT 3 1494652223510 348 2976879121177923683
HIT 3 1941328822294 452 5197975270947520432
HIT 3 2057292939286 479 15507908886580980943
HIT 3 1941348024339 452 3828505586891161631
HIT 3 2057312141331 479 14605731506909768892
HIT 3 1494658383894 348 5491378611463090667
HIT 3 1941334982678 452 3474706814007499085
HIT 3 2057299099670 479 6283112704421457327
HIT 3 1494658383893 348 4816270595751081729
HIT 3 1941334982677 452 1975099319773291416
HIT 3 2057299099669 479 9473207194116438849
HIT 3 2057318957075 479 16907477255677709070
HIT 3 1941348024340 452 8763970082376130989
HIT 3 2057312141332 479 1539099192629030909
HIT 3 639953731607 149 13428102856563094299
HIT 3 1494652223511 348 164361687150986527
HIT 3 1941328822295 452 3223354520507727965
HIT 3 2057292939287 479 16770683562102372152
HIT 3 2057318957076 479 7810200422157703051
HIT 3 1941348024342 452 17403648767828415682
HIT 3 2057312141334 479 4774676472643597601
HIT 3 639953731608 149 17685224998534910099
HIT 3 1494652223512 348 5129159108165001687
HIT 3 1941328822296 452 8684656761288232187
HIT 3 2057292939288 479 6605750480974726253
HIT 3 2057318957078 479 16320504966195826686
HIT 3 1941348024341 452 8317078480031832018
HIT 3 2057312141333 479 11454035331530026288
HIT 3 1494658383895 348 13702358967784300481
HIT 3 1941334982679 452 2233979230469437914
HIT 3 2057299099671 479 13796241231421193265
HIT 3 2057318957077 479 7199316571170478255
HIT 3 639953731609 149 16115788339152905487
HIT 3 1494652223513 348 1102091362530175323
HIT 3 1941328822297 452 6730121722035767204
HIT 3 2057292939289 479 14192063741897938873
HIT 3 639953731610 149 1111051587385061218
HIT 3 1494652223514 348 3705654962363769275
HIT 3 1941328822298 452 1919036907256797962
HIT 3 2057292939290 479 17829756582101167307
HIT 3 1494658383896 348 8614999840945629123
HIT 3 1941334982680 452 15744615047088587161
HIT 3 2057299099672 479 11437051134679538255
HIT 3 1494658383897 348 2250411387731826262
HIT 3 1941334982681 452 8542556947588374316
HIT 3 2057299099673 479 14499786264048036224
HIT 3 1941348024343 452 9897873028142585470
HIT 3 2057312141335 479 10165129837067839005
HIT 3 1494658383898 348 17926190983311456557
HIT 3 1941334982682 452 14596991848352960722
HIT 3 2057299099674 479 12535926422405543534
HIT 3 2057318957079 479 2303987651762346546
HIT 3 1941348024344 452 15754243843579782722
HIT 3 2057312141336 479 3203210313200935868
HIT 3 639953731611 149 1127948023174694383
HIT 3 1494652223515 348 1530925478247464522
HIT 3 1941328822299 452 7513118285556605482
HIT 3 2057292939291 479 5136341793232924865
HIT 3 2057318957080 479 17694894149418573485
HIT 3 639953731612 149 8911781738250401631
HIT 3 1494652223516 348 3659585829557143444
HIT 3 1941328822300 452 1736649268584286761
HIT 3 2057292939292 479 4567015162050553617
HIT 3 1941348024345 452 8067708229347536306
HIT 3 2057312141337 479 13656975023411012495
HIT 3 2057318957081 479 1780690980019330713
HIT 3 1941348024346 452 1866509952884484333
HIT 3 2057312141338 479 9873691539531224109
HIT 3 1494658383899 348 11541679603644339639
HIT 3 1941334982683 452 11524295150314609781
HIT 3 2057299099675 479 3164278748836077325
HIT 3 639953731613 149 7806453500766551465
HIT 3 1494652223517 348 5303991807577566348
HIT 3 1941328822301 452 16611255046841522249
HIT 3 2057292939293 479 10271888053580944541
HIT 3 2057318957082 479 7914807158380743895
HIT 3 639953731614 149 1344447229637328563
HIT 3 1494652223518 348 8791205237511786942
HIT 3 1941328822302 452 14921491834189779279
HIT 3 2057292939294 479 4782405270472764483
HIT 3 1494658383900 348 16727451499905475316
HIT 3 1941334982684 452 5991868406424833951
HIT 3 2057299099676 479 1400890127234548355
HIT 3 1494658383901 348 8554490915862190221
HIT 3 1941334982685 452 4286102674422795075
HIT 3 2057299099677 479 13421011616767471239
HIT 3 1941348024347 452 3849796235972590353
HIT 3 2057312141339 479 16506618835193402379
HIT 3 1494658383902 348 7395190087906966609
HIT 3 1941334982686 452 12821154482928302416
HIT 3 2057299099678 479 17165645476817245851
HIT 3 2057318957083 479 188010243236503500
HIT 3 1941348024348 452 6674562294255750812
HIT 3 2057312141340 479 755586279004886272
HIT 3 639953731615 149 16499646374982858856
HIT 3 1494652223519 348 11433385796363921867
HIT 3 1941328822303 452 6344967493429124397
HIT 3 2057292939295 479 8724483637200817446
HIT 3 2057318957084 479 11658468888103987209
HIT 3 639953731616 149 14661520228523959423
HIT 3 1494652223520 348 16705985485222337837
HIT 3 1941328822304 452 13350290042767274329
HIT 3 2057292939296 479 4801756330163410743
HIT 3 1941348024349 452 7109507637664746372
HIT 3 2057312141341 479 12417301732581918387
HIT 3 1941348024350 452 9873235063344632366
HIT 3 2057312141342 479 11835069511544670862
HIT 3 2057318957085 479 3856557815257013503
HIT 3 2057318957086 479 14650688651193952933
HIT 3 1494658383903 348 9287788513424155670
HIT 3 1941334982687 452 4255915128986468831
HIT 3 2057299099679 479 6668012078351527596
HIT 3 639953731617 149 9404544207650318409
HIT 3 1494652223521 348 14809664262608510767
HIT 3 1941328822305 452 15976460509380628141
HIT 3 2057292939297 479 6270886585950439950
HIT 3 639953731618 149 3306399540025595408
HIT 3 1494652223522 348 13112015062547847438
HIT 3 1941328822306 452 12382330172157698169
HIT 3 2057292939298 479 15829905928840563045
HIT 3 1494658383904 348 741993075438691210
HIT 3 1941334982688 452 6845451945856695280
HIT 3 2057299099680 479 2997557188792106791
HIT 3 1941348024351 452 13205155047073765606
HIT 3 2057312141343 479 15835480920185495270
HIT 3 1494658383905 348 11104845597023951999
HIT 3 1941334982689 452 6457370648497263546
HIT 3 2057299099681 479 899802826127611446
HIT 3 1494658383906 348 13700662302738392544
HIT 3 1941334982690 452 1035449836049960341
HIT 3 2057299099682 479 9591476291603636760
HIT 3 2057318957087 479 17783075887798171773
HIT 3 1941348024352 452 9221611589711203731
HIT 3 2057312141344 479 11760135231223892622
HIT 3 639953731619 149 15067548744250671884
HIT 3 1494652223523 348 9255617872059343839
HIT 3 1941328822307 452 3845742423541202876
HIT 3 2057292939299 479 167727180154008955
HIT 3 2057318957088 479 16375440664619294057
HIT 3 639953731620 149 14038892594250071847
HIT 3 1494652223524 348 2933385082546716957
HIT 3 1941328822308 452 18214313334905945475
HIT 3 2057292939300 479 923771237814537693
HIT 3 1941348024353 452 14921043670125371738
HIT 3 2057312141345 479 5231836230749029548
HIT 3 1494658383907 348 16846033846392525503
HIT 3 1941334982691 452 11108319084765285083
HIT 3 2057299099683 479 6795254495977772179
HIT 3 1941348024354 452 8823504626532431087
HIT 3 2057312141346 479 16506272117592873071
HIT 3 2057318957089 479 16283730141945691819
HIT 3 639953731621 149 13548322491590231455
HIT 3 1494652223525 348 2375857290262263025
HIT 3 1941328822309 452 13246540194917303683
HIT 3 1494658383908 348 13346413829530902405
HIT 3 1941334982692 452 11840746009266360066
HIT 3 2057299099684 479 2771482518310024424
HIT 3 2057292939301 479 5751228408038277655
HIT 3 2057318957090 479 11707353988156366639
HIT 3 639953731622 149 3501281438754948935
HIT 3 1494652223526 348 17541262075486603364
HIT 3 1941328822310 452 10770572183924931317
HIT 3 2057292939302 479 14169068054420649844
HIT 3 1941348024355 452 15911418888237417888
HIT 3 2057312141347 479 6753404774242100727
HIT 3 1494658383909 348 15203611054653586667
HIT 3 1941334982693 452 13203114799161513703
HIT 3 2057299099685 479 5863172696338995386
HIT 3 1941348024356 452 2687099939415662291
HIT 3 2057312141348 479 9964445768618510112
HIT 3 2057318957091 479 9983143094211996446
HIT 3 1494658383910 348 15091001913539362710
HIT 3 1941334982694 452 11431426159745375219
HIT 3 2057299099686 479 13703879800576569385
HIT 3 639953731623 149 9193339615637173391
HIT 3 1494652223527 348 14340163515353887573
HIT 3 1941328822311 452 10157224681924243424
HIT 3 2057292939303 479 7594148986668912321
HIT 3 2057318957092 479 14231231940108444974
HIT 3 639953731624 149 3193137536990137065
HIT 3 1494652223528 348 12648038970437920394
HIT 3 1941328822312 452 13344543721468090905
HIT 3 2057292939304 479 2248455621115894032
HIT 3 1941348024357 452 11055781574376246110
HIT 3 2057312141349 479 17326087130281445274
HIT 3 1494658383912 348 5278569642435859877
HIT 3 1941334982696 452 4582847216278719054
HIT 3 2057299099688 479 4216437348121625176
HIT 3 1494658383911 348 15160434411082352772
HIT 3 1941334982695 452 13222566797732517453
HIT 3 2057299099687 479 12655924408759408659
HIT 3 2057318957093 479 12295131099838651755
HIT 3 1941348024358 452 2164354683555340472
HIT 3 2057312141350 479 15068477410134771
HIT 3 639953731625 149 5523563859889286831
HIT 3 1494652223529 348 8166726641861902472
HIT 3 1941328822313 452 14493198420480800503
HIT 3 2057292939305 479 4588353502283113106
HIT 3 2057318957094 479 6112052742379935077
HIT 3 639953731626 149 12697629822135322585
HIT 3 1494652223530 348 16466593260406907448
HIT 3 1941328822314 452 1138413015912880851
HIT 3 2057292939306 479 3882997091121259949
HIT 3 1941348024360 452 17190699433405116145
HIT 3 2057312141352 479 2593567639438631388
HIT 3 2057318957096 479 9355273625185334380
HIT 3 639953731627 149 15537788381819122512
HIT 3 1494652223531 348 7521927539263643714
HIT 3 1941328822315 452 3756176012517387395
HIT 3 2057292939307 479 2566369099810401
HIT 3 1941348024359 452 2765236829811766254
HIT 3 2057312141351 479 12118732901365453035
HIT 3 1494658383913 348 15372938940586713286
HIT 3 1941334982697 452 4464358170890120536
HIT 3 2057299099689 479 9996540955762953007
HIT 3 1494658383914 348 12700815245865946791
HIT 3 1941334982698 452 12539794212889615164
HIT 3 2057299099690 479 5569951002698421299
HIT 3 2057318957095 479 9324890877822617543
HIT 3 1494658383915 348 9301560479168382962
HIT 3 1941334982699 452 4611933785932128985
HIT 3 2057299099691 479 6581065925092272776
HIT 3 639953731628 149 3799832621514590143
HIT 3 1494652223532 348 2023902914888074644
HIT 3 1941328822316 452 12151731381860921965
HIT 3 2057292939308 479 7930612503890594041
HIT 3 1941348024361 452 5256948919988864341
HIT 3 2057312141353 479 7749653279287403124
HIT 3 1494658383916 348 17327137791224091630
HIT 3 1941334982700 452 17497296668512006287
HIT 3 2057299099692 479 844621528934890318
HIT 3 2057318957097 479 11543829714024552213
HIT 3 1941348024363 452 2632603373278668886
HIT 3 2057312141355 479 13696001671817000495
HIT 3 639953731629 149 9753256566016192915
HIT 3 1494652223533 348 17739663030565446544
HIT 3 1941328822317 452 17746242076854805502
HIT 3 2057292939309 479 14239901335596582912
HIT 3 1941348024362 452 1675708905035728249
HIT 3 2057312141354 479 15640957478635426197
HIT 3 2057318957099 479 17295211654123809310
HIT 3 2057318957098 479 9471841253030912072
HIT 3 639953731630 149 10369140275222838302
HIT 3 1494652223534 348 1838495692523848636
HIT 3 1941328822318 452 12296269186809027567
HIT 3 2057292939310 479 12012585197953811870
HIT 3 639953731631 149 10019466505086092211
HIT 3 1494652223535 348 13218841755119940382
HIT 3 1941328822319 452 8850518561520586962
HIT 3 2057292939311 479 6962909153629256059
HIT 3 1494658383917 348 9854965518323502924
HIT 3 1941334982701 452 2633044204585094731
HIT 3 2057299099693 479 1968245798413997393
HIT 3 1941348024364 452 4186996035609710718
HIT 3 2057312141356 479 13397886292656161990
HIT 3 1494658383918 348 3516041648357067042
HIT 3 1941334982702 452 2013116307305600634
HIT 3 2057299099694 479 4156266368802195737
HIT 3 1494658383919 348 9995931408273323182
HIT 3 2057318957100 479 6443463715721238163
HIT 3 1941334982703 452 6752382380175633475
HIT 3 2057299099695 479 5441556939144245415
HIT 3 639953731632 149 12513954596037124029
HIT 3 1494652223536 348 6010863442116498163
HIT 3 1941328822320 452 8626311269315971285
HIT 3 2057292939312 479 11512012002219499100
HIT 3 1494658383920 348 640929959949398060
HIT 3 1941334982704 452 5803919294872167172
HIT 3 2057299099696 479 15908629163642182359
HIT 3 1941348024366 452 15381440939190317737
HIT 3 2057312141358 479 14626093782496493466
HIT 3 1941348024365 452 2562017607306081896
HIT 3 2057312141357 479 13758221452150404263
HIT 3 2057318957101 479 17599262649989918983
HIT 3 2057318957102 479 1241775696312896591
HIT 3 1941348024367 452 4856081478950524545
HIT 3 2057312141359 479 1319476553059363219
HIT 3 639953731633 149 7866728537751678427
HIT 3 1494652223537 348 16165778958447587596
HIT 3 1941328822321 452 2412221829856548620
HIT 3 2057292939313 479 10729970551225592576
HIT 3 639953731634 149 10773539384564682087
HIT 3 1494652223538 348 2990356745031133316
HIT 3 1941328822322 452 5850713098916804144
HIT 3 2057292939314 479 3591208906352381966
HIT 3 1941348024368 452 469523144267749460
HIT 3 2057312141360 479 9677103283779597779
HIT 3 2057318957103 479 15378241958279115371
HIT 3 639953600563 149 10773539384564682087
HIT 3 1494652092467 348 2990356745031133316
HIT 3 1941328691251 452 5850713098916804144
HIT 3 2057292808243 479 3591208906352381966
HIT 3 639953731635 149 13089053865838768142
HIT 3 1494652223539 348 1665376350975523730
HIT 3 1941328822323 452 8067227144654394784
HIT 3 2057292939315 479 6938784254682882174
HIT 3 2057318957104 479 1832288351572053326
HIT 3 639953731636 149 5646173333787779140
HIT 3 1494652223540 348 5684186917712744993
HIT 3 1941328822324 452 14178367461747428015
HIT 3 2057292939316 479 1871723160492177911
HIT 3 639953862708 149 3764446101921644832
HIT 3 1494652354612 348 13537109584084324069
HIT 3 1941328953396 452 6288420693167858904
HIT 3 2057293070388 479 4916979713106922255
HIT 3 1494658383921 348 15859354324999006383
HIT 3 1941334982705 452 5855723023432120047
HIT 3 2057299099697 479 3225555245786194244
HIT 3 1494658383924 348 575056682885797531
HIT 3 1941334982708 452 7613742132454308855
HIT 3 2057299099700 479 526793363441422275
HIT 3 1494658383922 348 9295818887686938811
HIT 3 1941334982706 452 898437233662981311
HIT 3 2057299099698 479 4842215255329255501
HIT 3 1494658383923 348 6637820308943177452
HIT 3 1941334982707 452 1898123132658752466
HIT 3 2057299099699 479 7032486529927277249
HIT 3 1941348024369 452 2149089715716993619
HIT 3 2057312141361 479 9839788990723938512
HIT 3 2057318957105 479 545707866749664569
HIT 3 639953731637 149 3764446101921644832
HIT 3 1494652223541 348 13537109584084324069
HIT 3 1941328822325 452 6288420693167858904
HIT 3 2057292939317 479 4916979713106922255
HIT 3 1941348024372 452 17910614392489939296
HIT 3 2057312141364 479 15084254112512900098
HIT 3 2057318957108 479 14341254231825868012
HIT 3 1941348024370 452 16231707899213631581
HIT 3 2057312141362 479 3912780725693533869
HIT 3 253406740534 59 18345812703491784191
HIT 3 639953797174 149 14422071543669613231
HIT 3 1494652289078 348 16412778059153959533
HIT 3 1941328887862 452 2635356393770447800
HIT 3 2057293004854 479 10209843516418064130
HIT 3 631363928118 147 9798878141035828228
HIT 3 635658895414 148 15833877539052199150
HIT 3 639953862710 149 3137765038385054662
HIT 3 648543797302 151 829411564117137892
HIT 3 1486062420022 346 8946057355793921647
HIT 3 1494652354614 348 4603946466552574872
HIT 3 1498947321910 349 16411668844884798738
HIT 3 1503242289206 350 17985526043510497696
HIT 3 1932739018806 450 9995045488895696603
HIT 3 1941328953398 452 14138681522474146323
HIT 3 1945623920694 453 12070622644942040185
HIT 3 1949918887990 454 7984586228068136604
HIT 3 2048703135798 477 4872686518942266990
HIT 3 2052998103094 478 11560725489750608761
HIT 3 2057293070390 479 16535864839935516929
HIT 3 2065883004982 481 17229548852932393352
HIT 3 639953993782 149 14929134197130124748
HIT 3 1494652485686 348 9511413401390192021
HIT 3 1941329084470 452 3383639803728833549
HIT 3 2057293201462 479 10641128525087573183
HIT 3 1941348024371 452 9302091771860596817
HIT 3 2057312141363 479 18295143697759865557
HIT 3 2057318957106 479 9196931530526063771
HIT 3 639953797175 149 8478396381107386732
HIT 3 1494652289079 348 10009522924122228860
HIT 3 1941328887863 452 17344453966952605613
HIT 3 2057293004855 479 13498719963540874445
HIT 3 639953862711 149 14929134197130124748
HIT 3 1494652354615 348 9511413401390192021
HIT 3 1941328953399 452 3383639803728833549
HIT 3 2057293070391 479 10641128525087573183
HIT 3 639953928247 149 14422071543669613231
HIT 3 1494652420151 348 16412778059153959533
HIT 3 1941329018935 452 2635356393770447800
HIT 3 2057293135927 479 10209843516418064130
HIT 3 639953993783 149 8643808349803534535
HIT 3 1494652485687 348 10514408153064705169
HIT 3 1941329084471 452 2136466437154350060
HIT 3 2057293201463 479 3031974009675154484
HIT 3 639954059319 149 5174366891691933211
HIT 3 1494652551223 348 7578500409092456689
HIT 3 1941329150007 452 10590549887606806705
HIT 3 2057293266999 479 9692320887037891593
HIT 3 639954124855 149 16950956062620116638
HIT 3 1494652616759 348 5460670682080461226
HIT 3 1941329215543 452 13218281460147131412
HIT 3 2057293332535 479 16119814533102287705
HIT 3 639954190391 149 8141251847355740843
HIT 3 1494652682295 348 13637597863936231944
HIT 3 1941329281079 452 12497602842062938837
HIT 3 2057293398071 479 3103613741407841479
HIT 3 639954255927 149 6821172273190791961
HIT 3 1494652747831 348 2112693892310872198
HIT 3 1941329346615 452 11843988068134317913
HIT 3 2057293463607 479 9610469987999361695
HIT 3 639954321463 149 12859028592200977107
HIT 3 1494652813367 348 16063474553018746239
HIT 3 1941329412151 452 2792293843493653217
HIT 3 2057293529143 479 6821358724004750140
HIT 3 639954386999 149 13803772986089046883
HIT 3 1494652878903 348 17851628273441630374
HIT 3 1941329477687 452 11850776493927169254
HIT 3 2057293594679 479 71675365426254917
HIT 3 639954452535 149 7059533146964659239
HIT 3 1494652944439 348 5768569850258150603
HIT 3 1941329543223 452 17885236517209444680
HIT 3 2057293660215 479 2626528653351834251
HIT 3 639954518071 149 16083788950768341617
HIT 3 1494653009975 348 15464786789206961592
HIT 3 1941329608759 452 17086046094121000061
HIT 3 2057293725751 479 2728220833665504189
HIT 3 639954583607 149 4784868817073489958
HIT 3 1494653075511 348 11113529698916935586
HIT 3 1494658252853 348 5535868769559793469
HIT 3 1941334851637 452 12901078424419886428
HIT 3 2057298968629 479 17543768293973382
HIT 3 648549761077 151 5646173333787779140
HIT 3 1494658318389 348 9483246180996211312
HIT 3 1941334917173 452 15424464947770440670
HIT 3 2057299034165 479 683214554272056958
HIT 3 1486068449333 346 17964894244950158452
HIT 3 1494658383925 348 4987718235705060704
HIT 3 1498953351221 349 11367787716948606960
HIT 3 1503248318517 350 1450460694205655051
HIT 3 1932745048117 450 16067631829146165686
HIT 3 1941334982709 452 1899687261278187608
HIT 3 1945629950005 453 12265525552297010855
HIT 3 1949924917301 454 6983458269438554568
HIT 3 2048709165109 477 13102918363023731009
HIT 3 2053004132405 478 6393886085980447079
HIT 3 2057299099701 479 17020257500346426925
HIT 3 2065889034293 481 65537287217903666
HIT 3 1494658514997 348 4418118067776547569
HIT 3 1941335113781 452 11220645183154088512
HIT 3 2057299230773 479 13011061681245184552
HIT 3 1941329674295 452 16529146010340501
HIT 3 2057293791287 479 16058754998194520064
HIT 3 639954649143 149 9142972525025159742
HIT 3 1494653141047 348 7635009330805667945
HIT 3 1941329739831 452 1542879790764985090
HIT 3 2057293856823 479 6728089931540699625
HIT 3 639954714679 149 9074527259203999671
HIT 3 1494653206583 348 4975122115510709895
HIT 3 1941329805367 452 914425765983659289
HIT 3 2057293922359 479 12392388488614977382
HIT 3 639954780215 149 1165356737339296480
HIT 3 1494653272119 348 8736812869451987683
HIT 3 1941329870903 452 7263419193457266299
HIT 3 2057293987895 479 1187505427980875048
HIT 3 639954845751 149 1794580868716860897
HIT 3 1494653337655 348 14236077931005300406
HIT 3 1941329936439 452 14163333858673550150
HIT 3 2057294053431 479 3827581951428477953
HIT 3 639954911287 149 9881613591639561255
HIT 3 1494653403191 348 8629801849366304251
HIT 3 1941330001975 452 12497008905674430837
HIT 3 2057294118967 479 6247149678016535795
HIT 3 639954976823 149 15682526331816307508
HIT 3 1494653468727 348 13470580750353233703
HIT 3 1941330067511 452 15932089375855333409
HIT 3 2057294184503 479 9608247540057688825
HIT 3 639955042359 149 1164563469714452595
HIT 3 1494653534263 348 16371409291244040098
HIT 3 1941330133047 452 9541823588523321622
HIT 3 2057294250039 479 13142177186140894467
HIT 3 639955107895 149 8756870238217660774
HIT 3 2057318957107 479 5408594148625920854
HIT 3 639953993784 149 12020166212275828707
HIT 3 1494653599799 348 17643772049945050499
HIT 3 1941330198583 452 6383882717263037053
HIT 3 2057294315575 479 7433968483656002028
HIT 3 639955173431 149 14323405168753248174
HIT 3 1494653665335 348 15125336859212351825
HIT 3 1941330264119 452 16785469130337291206
HIT 3 2057294381111 479 7470091995046241955
HIT 3 639955238967 149 15858757825517951489
HIT 3 1494653730871 348 1607080772344257082
HIT 3 1941330329655 452 11283383605733540340
HIT 3 2057294446647 479 16279383329563816249
HIT 3 639955304503 149 1946717338201278977
HIT 3 1494653796407 348 1934255899000108087
HIT 3 1941330395191 452 5892072148693423496
HIT 3 2057294512183 479 6320424696869850686
HIT 3 639955370039 149 3664107060817773125
HIT 3 1494653861943 348 7897913072266500000
HIT 3 1941330460727 452 12186488558710129203
HIT 3 2057294577719 479 16856407614124266017
HIT 3 639955435575 149 9784647437196693492
HIT 3 1494653927479 348 2690991197266203185
HIT 3 1941330526263 452 15461075157930730764
HIT 3 2057294643255 479 16697702805767061623
HIT 3 639955501111 149 13708594227299942448
HIT 3 1494653993015 348 18072847190462532287
HIT 3 1941330591799 452 14881604890987646972
HIT 3 2057294708791 479 417639553875805420
HIT 3 639955566647 149 4202029291479070354
HIT 3 1494654058551 348 4867308312328328812
HIT 3 1941330657335 452 1125749640518628544
HIT 3 2057294774327 479 2290983527769676941
HIT 3 639955632183 149 3180801699101665705
HIT 3 1494654124087 348 6125332190752522186
HIT 3 1941330722871 452 5389486460330700041
HIT 3 2057294839863 479 15409668479618753615
HIT 3 639955697719 149 2263912312331140345
HIT 3 1494654189623 348 6302087580353596394
HIT 3 1941330788407 452 6736355732293537876
HIT 3 2057294905399 479 13512741976737449523
HIT 3 639955763255 149 11762242345042253573
HIT 3 1494654255159 348 7212780160127232170
HIT 3 1941330853943 452 3869271794607687705
HIT 3 2057294970935 479 6417311545329871070
HIT 3 639955828791 149 3009518486084733347
HIT 3 1494652485688 348 1035120017070140892
HIT 3 1941329084472 452 2430703621654780578
HIT 3 2057293201464 479 15067422132032804905
HIT 3 1494654320695 348 6283175331970508921
HIT 3 1941330919479 452 2443316823586434153
HIT 3 2057295036471 479 14059167289629716443
HIT 3 639955894327 149 7446719915634268184
HIT 3 1494654386231 348 1141989795123684495
HIT 3 1941330985015 452 2352167412379377056
HIT 3 2057295102007 479 14635678432050621129
HIT 3 639955959863 149 5233299935257399684
HIT 3 1494654451767 348 13778323143075545368
HIT 3 1941331050551 452 17582096891885847137
HIT 3 2057295167543 479 3745493137334622337
HIT 3 639956025399 149 4521350983077649781
HIT 3 1494654517303 348 3550528854057332271
HIT 3 1941331116087 452 8968817417866208379
HIT 3 2057295233079 479 15245039505829989337
HIT 3 639956090935 149 8990204932814995202
HIT 3 1494654582839 348 272395703765039607
HIT 3 1941331181623 452 3938081741613557089
HIT 3 2057295298615 479 4311511160061093189
HIT 3 639956156471 149 8187868192494584457
HIT 3 1494654648375 348 4988043642681306907
HIT 3 1941331247159 452 259637981470112753
HIT 3 2057295364151 479 10416481980265371224
HIT 3 639956222007 149 11214506134899579060
HIT 3 1494654713911 348 2379303850204482756
HIT 3 1941331312695 452 8289042566908548941
HIT 3 2057295429687 479 2837553320400815980
HIT 3 639956287543 149 1164915630290732977
HIT 3 1494654779447 348 7506093646024445319
HIT 3 1941331378231 452 12994150007272488329
HIT 3 2057295495223 479 16796787009001870296
HIT 3 639956353079 149 12679482871080494903
HIT 3 1494654844983 348 3311914783295340765
HIT 3 1941331443767 452 3497440464333086162
HIT 3 2057295560759 479 1950382833975378689
HIT 3 639956418615 149 16188691147073594299
HIT 3 1494654910519 348 8972929960416644645
HIT 3 1941331509303 452 5694733436932997338
HIT 3 2057295626295 479 8816791119637283814
HIT 3 639956484151 149 12745038254266149727
HIT 3 1494654976055 348 16988819399900595668
HIT 3 1941331574839 452 14005567939190792073
HIT 3 2057295691831 479 10780068772321880129
HIT 3 639956549687 149 7886907919638713195
HIT 3 1494655041591 348 8090163461248547648
HIT 3 1941331640375 452 3392067314192505336
HIT 3 2057295757367 479 3465184643646030426
HIT 3 639956615223 149 4793451276724347975
HIT 3 1494655107127 348 5302684001622141623
HIT 3 1941331705911 452 8627154870678253953
HIT 3 2057295822903 479 11998625996328909751
HIT 3 639956680759 149 2508728371373092853
HIT 3 1494655172663 348 14022088310690075509
HIT 3 1941331771447 452 9177241799937415266
HIT 3 2057295888439 479 10140908028749111654
HIT 3 639956746295 149 15962157151576566064
HIT 3 1494655238199 348 9329729167161242590
HIT 3 1941331836983 452 15165655266151857004
HIT 3 2057295953975 479 1895022231392891212
HIT 3 639956811831 149 2874621651126300948
HIT 3 1494655303735 348 6790591763368277122
HIT 3 1941331902519 452 17342469493148379267
HIT 3 2057296019511 479 12652087274396707155
HIT 3 639956877367 149 11528578743571935076
HIT 3 1494655369271 348 5793422709997748134
HIT 3 1941331968055 452 11134651740291569117
HIT 3 2057296085047 479 9883063958053748807
HIT 3 639956942903 149 5871461078691348907
HIT 3 1494655434807 348 10481152298366726971
HIT 3 1941332033591 452 8992826309141643587
HIT 3 2057296150583 479 13503707954110658442
HIT 3 639957008439 149 11679236830102933431
HIT 3 1494655500343 348 10433975867916384047
HIT 3 1941332099127 452 13356488954286488849
HIT 3 2057296216119 479 5413645435218407662
HIT 3 639957073975 149 15989415833317516879
HIT 3 1494655565879 348 11292383859391871280
HIT 3 1941332164663 452 16729503621008945852
HIT 3 2057296281655 479 13340502364666620124
HIT 3 639957139511 149 1471909438753784342
HIT 3 1494655631415 348 95333705315654568
HIT 3 1941332230199 452 7578405296456766880
HIT 3 2057296347191 479 3804056459017601777
HIT 3 639957205047 149 16747529630751077201
HIT 3 1494655696951 348 5418383727418084916
HIT 3 1941332295735 452 658743189890949804
HIT 3 2057296412727 479 6325814447802565872
HIT 3 639957270583 149 2483094600374747527
HIT 3 1494655762487 348 13764650416014210739
HIT 3 1941332361271 452 4326028910221129002
HIT 3 2057296478263 479 13863793197896475697
HIT 3 639957336119 149 14039088451893728176
HIT 3 1494655828023 348 17699898353886324278
HIT 3 1941332426807 452 10726579674339941836
HIT 3 2057296543799 479 16085338467615851070
HIT 3 639957401655 149 16067115298513390094
HIT 3 1494655893559 348 9074720573595741906
HIT 3 1941332492343 452 9415686977128346886
HIT 3 2057296609335 479 5062819829649285274
HIT 3 639957467191 149 15787341322143461164
HIT 3 1494655959095 348 10089579641160694628
HIT 3 1941332557879 452 862260346119376268
HIT 3 2057296674871 479 604721276322837824
HIT 3 639957532727 149 8694506090151298509
HIT 3 1494656024631 348 14014958330601367344
HIT 3 1941332623415 452 13903298521321069554
HIT 3 2057296740407 479 6452603533269409483
HIT 3 639957598263 149 17031813993223579779
HIT 3 1494656090167 348 13640002659286688670
HIT 3 1941332688951 452 15544860620248113102
HIT 3 2057296805943 479 9687363015085915622
HIT 3 639957663799 149 5505149350013515718
HIT 3 1494656155703 348 1473580787636495725
HIT 3 1941332754487 452 12646459169858204182
HIT 3 2057296871479 479 18084618221236792608
HIT 3 639957729335 149 9873353556377919436
HIT 3 1494656221239 348 4651109892845797912
HIT 3 1941332820023 452 5419165959258306017
HIT 3 2057296937015 479 5559942171543053727
HIT 3 639957794871 149 6872717169098991395
HIT 3 1494656286775 348 9519812338779207468
HIT 3 1941332885559 452 16953850007622918781
HIT 3 2057297002551 479 9545275452116342674
HIT 3 639957860407 149 11030311088008501128
HIT 3 1494656352311 348 4184855386977168638
HIT 3 1941332951095 452 3528717671197090230
HIT 3 2057297068087 479 11158502289763289279
HIT 3 639957925943 149 16944180482795440813
HIT 3 1494656417847 348 10270404003994394289
HIT 3 1941333016631 452 18320926307574964265
HIT 3 2057297133623 479 12366052231112711124
HIT 3 639957991479 149 16905507507656971538
HIT 3 1494656483383 348 13085999047605808631
HIT 3 1941333082167 452 746453002723365199
HIT 3 2057297199159 479 1871919525557645280
HIT 3 639958057015 149 204230951951548278
HIT 3 1494656548919 348 12819280037527556902
HIT 3 1941333147703 452 15679148387147426166
HIT 3 2057297264695 479 6426668832955923011
HIT 3 639958122551 149 12293514083924260802
HIT 3 1494656614455 348 7166850031934037677
HIT 3 1941333213239 452 859716103537889770
HIT 3 1494658252854 348 15401141147564867686
HIT 3 1941334851638 452 7727855563231010043
HIT 3 2057298968630 479 14620671288620208272
HIT 3 648549761078 151 8478396381107386732
HIT 3 1494658318390 348 412869914424410605
HIT 3 1941334917174 452 11573313597825232846
HIT 3 2057299034166 479 6498793909452101780
HIT 3 1486068449334 346 5099373726747277424
HIT 3 1494658383926 348 375616749636894290
HIT 3 1498953351222 349 6227568049410473565
HIT 3 1503248318518 350 7524765909431242686
HIT 3 1932745048118 450 14581936394278849309
HIT 3 1941334982710 452 1939775168042472942
HIT 3 1945629950006 453 6717048942787711527
HIT 3 1949924917302 454 13164761326213625855
HIT 3 2048709165110 477 5085851110019902718
HIT 3 2053004132406 478 6817543726959637755
HIT 3 2057299099702 479 17164055103147393073
HIT 3 2065889034294 481 13926048036505785946
HIT 3 1494658514998 348 26744950014235004
HIT 3 1941335113782 452 11465320294438848743
HIT 3 2057299230774 479 11491821306146343879
HIT 3 2057297330231 479 4156862929259020101
HIT 3 639958188087 149 5378998371064539736
HIT 3 1494656679991 348 1869731603489890658
HIT 3 1941333278775 452 13650999176156819574
HIT 3 2057297395767 479 8222755088147825719
HIT 3 639958253623 149 13601033035876725015
HIT 3 1494656745527 348 4886441616102014234
HIT 3 1941333344311 452 2735301290714947272
HIT 3 2057297461303 479 11746399010831455413
HIT 3 639958319159 149 13548821775178646033
HIT 3 1494656811063 348 18063693053814986230
HIT 3 1941333409847 452 5084962308049292472
HIT 3 2057297526839 479 8350478709092820688
HIT 3 639958384695 149 8613241718041061514
HIT 3 1494656876599 348 13097878455585377732
HIT 3 1941333475383 452 13349778808632148534
HIT 3 2057297592375 479 2951433181116842758
HIT 3 639958450231 149 17861186258747702922
HIT 3 1494656942135 348 16598578640937077351
HIT 3 1941333540919 452 2078353295545512770
HIT 3 2057297657911 479 8044079723040343894
HIT 3 639958515767 149 2231038368713461746
HIT 3 1494657007671 348 6550529494635560367
HIT 3 1941333606455 452 12794146467484962424
HIT 3 2057297723447 479 10854985006925972099
HIT 3 639958581303 149 1530453471318837153
HIT 3 1494657073207 348 2600943870064876334
HIT 3 1941333671991 452 8348316441264529487
HIT 3 2057297788983 479 12510010589731531172
HIT 3 639958646839 149 8960583832773952247
HIT 3 1494657138743 348 18301309416004456377
HIT 3 1941333737527 452 14132270926252694009
HIT 3 2057297854519 479 2990543304192282882
HIT 3 639958712375 149 6274374469544903136
HIT 3 1494657204279 348 5746381798175754747
HIT 3 1941333803063 452 17069769026751895409
HIT 3 2057297920055 479 8620467229581869112
HIT 3 639958777911 149 4710043049988101162
HIT 3 1494657269815 348 12616145021890227139
HIT 3 1941333868599 452 21433282273480647
HIT 3 2057297985591 479 15568102402873981049
HIT 3 639958843447 149 15372509907719524473
HIT 3 1494657335351 348 3390003228078627160
HIT 3 1941333934135 452 4761485298021332149
HIT 3 2057298051127 479 17735625186358663942
HIT 3 639958908983 149 5614818591515323264
HIT 3 1494657400887 348 6805203716518579846
HIT 3 1941333999671 452 14254903349222191256
HIT 3 2057298116663 479 1352875922699112999
HIT 3 639958974519 149 6313401913889302398
HIT 3 1494657466423 348 3409239719588355804
HIT 3 1941334065207 452 2041426613114332737
HIT 3 2057298182199 479 16215860285032738469
HIT 3 639959040055 149 1177937466379965545
HIT 3 1494657531959 348 6890781161215837445
HIT 3 1941334130743 452 10862965422577203168
HIT 3 2057298247735 479 6118128881774339961
HIT 3 639959105591 149 9227312218494592072
HIT 3 1494657597495 348 14741177557249445314
HIT 3 1941334196279 452 13498269111035419589
HIT 3 2057298313271 479 14259985857240724677
HIT 3 639959171127 149 11824941961003597710
HIT 3 1494657663031 348 2775164235325624051
HIT 3 1941334261815 452 10288699132109288735
HIT 3 2057298378807 479 2271576626118306809
HIT 3 639959236663 149 11109243958127650911
HIT 3 1494657728567 348 16895830803468528001
HIT 3 1941334327351 452 2601286036166774223
HIT 3 2057298444343 479 4458132192318457221
HIT 3 639959302199 149 14462949055818093386
HIT 3 1494657794103 348 13867341660034399439
HIT 3 1941334392887 452 10013325779167381142
HIT 3 2057298509879 479 12785785700322966392
HIT 3 639959367735 149 10469026560572791059
HIT 3 1494657859639 348 11250887351932284260
HIT 3 1941334458423 452 12937929346855799236
HIT 3 2057298575415 479 6414743796514224859
HIT 3 639959433271 149 7552506365378104925
HIT 3 1494657925175 348 530080855262605994
HIT 3 1941334523959 452 412028787525070686
HIT 3 2057298640951 479 8772636743882794742
HIT 3 639959498807 149 2436818918692800050
HIT 3 1494657990711 348 3550267685820213788
HIT 3 1941334589495 452 8781578624029687483
HIT 3 2057298706487 479 4712865853711505348
HIT 3 639959564343 149 4551017570404018078
HIT 3 1494658056247 348 2794105685145616839
HIT 3 1941334655031 452 11328706787155586887
HIT 3 2057298772023 479 5597135698663632639
HIT 3 631369695287 147 4551017570404018078
HIT 3 639959629879 149 17194158517285902828
HIT 3 1494658121783 348 4795445085595562214
HIT 3 1941334720567 452 4616247812602396691
HIT 3 2057298837559 479 11881202196730777085
HIT 3 639959695415 149 9798878141035828228
HIT 3 648549630007 151 961405491087594709
HIT 3 1494658187319 348 4005496860481307749
HIT 3 1941334786103 452 11430095707578594216
HIT 3 2057298903095 479 12327141141034091762
HIT 3 639959760951 149 961405491087594709
HIT 3 1486068318263 346 16497696001852818093
HIT 3 1494658252855 348 5385166064378009949
HIT 3 1498953220151 349 12301800798348983930
HIT 3 1503248187447 350 4528409199122450276
HIT 3 1932744917047 450 2027508984595311756
HIT 3 1941334851639 452 18264488478140285403
HIT 3 1945629818935 453 7144829765843284760
HIT 3 1949924786231 454 9931284796052436878
HIT 3 2048709034039 477 231079787655538325
HIT 3 2053004001335 478 8331268012111014127
HIT 3 2057298968631 479 438396531386666330
HIT 3 2065888903223 481 17467712054739974135
HIT 3 644254793783 150 9742576512179264161
HIT 3 648549761079 151 3137765038385054662
HIT 3 657139695671 153 17534096511970421380
HIT 3 1486068383799 346 17834889232080316614
HIT 3 1494658318391 348 6987427475294018565
HIT 3 1498953285687 349 13762499330618361986
HIT 3 1503248252983 350 1089844962449852814
HIT 3 1932744982583 450 16715092553429830891
HIT 3 1941334917175 452 14008684258052247864
HIT 3 1945629884471 453 8499961971792991194
HIT 3 1949924851767 454 17196732753405015551
HIT 3 2048709099575 477 3794018363439147931
HIT 3 2053004066871 478 16700749093110369578
HIT 3 2057299034167 479 7896473577657674928
HIT 3 2065888968759 481 16328351825234373653
HIT 3 644254859319 150 15833877539052199150
HIT 3 648549826615 151 17534096511970421380
HIT 3 652844793911 152 9742576512179264161
HIT 3 657139761207 153 16321141023024434787
HIT 3 661434728503 154 347412885415556715
HIT 3 665729695799 155 1716250037798524455
HIT 3 670024663095 156 16329540659566105405
HIT 3 674319630391 157 668347644051797570
HIT 3 678614597687 158 7629633425495275394
HIT 3 682909564983 159 15956195309854186443
HIT 3 687204532279 160 11793616060640135233
HIT 3 691499499575 161 3044067238650767913
HIT 3 695794466871 162 4687569918886600991
HIT 3 700089434167 163 15798321386851493532
HIT 3 704384401463 164 4278138989864309065
HIT 3 708679368759 165 17628033262058397492
HIT 3 712974336055 166 6590657636861345677
HIT 3 717269303351 167 7960208025704136774
HIT 3 721564270647 168 2893433420286998703
HIT 3 725859237943 169 2472247026405345894
HIT 3 730154205239 170 55665086615323975
HIT 3 734449172535 171 9536662972804471229
HIT 3 738744139831 172 13543545339282670027
HIT 3 743039107127 173 3605962706272659483
HIT 3 747334074423 174 10024844932947004559
HIT 3 751629041719 175 4856218320537327778
HIT 3 755924009015 176 6324992658434783952
HIT 3 760218976311 177 14489308138854470140
HIT 3 764513943607 178 5950498882056776303
HIT 3 768808910903 179 17770436535778764001
HIT 3 773103878199 180 5966216287455494203
HIT 3 777398845495 181 12155966801369987337
HIT 3 781693812791 182 7760899701195708976
HIT 3 785988780087 183 13608400846358025407
HIT 3 790283747383 184 774107141829810681
HIT 3 794578714679 185 14242337000517367622
HIT 3 798873681975 186 6544998402787559468
HIT 3 803168649271 187 18097900734162552155
HIT 3 807463616567 188 1885235591169571152
HIT 3 811758583863 189 2965713207922133872
HIT 3 816053551159 190 13365567485154223398
HIT 3 820348518455 191 3922647598093153705
HIT 3 824643485751 192 1677265609382092147
HIT 3 828938453047 193 5311157873458426223
HIT 3 833233420343 194 4814931742414322818
HIT 3 837528387639 195 635280103470002103
HIT 3 841823354935 196 404834611371590924
HIT 3 846118322231 197 13297010462941267270
HIT 3 850413289527 198 9559582247308210814
HIT 3 854708256823 199 1290275869151354037
HIT 3 859003224119 200 12909944238494496885
HIT 3 863298191415 201 659081913038417399
HIT 3 867593158711 202 7912347814868541566
HIT 3 871888126007 203 11928015668450447769
HIT 3 876183093303 204 14060222967076033257
HIT 3 880478060599 205 10191529174627218106
HIT 3 884773027895 206 2176287081452912079
HIT 3 889067995191 207 68675423367980778
HIT 3 893362962487 208 6735250235076163629
HIT 3 897657929783 209 17605040839625974132
HIT 3 901952897079 210 11362331707457786215
HIT 3 906247864375 211 11137143773256697773
HIT 3 910542831671 212 15088443061372822843
HIT 3 914837798967 213 11675910426934414852
HIT 3 919132766263 214 11112836926290921618
HIT 3 923427733559 215 3537784148538531004
HIT 3 927722700855 216 1277875194345243865
HIT 3 932017668151 217 14263777269797493283
HIT 3 936312635447 218 11791757868856532096
HIT 3 940607602743 219 16620450624608530391
HIT 3 944902570039 220 11684997431748828384
HIT 3 949197537335 221 664325464855455078
HIT 3 953492504631 222 2326972360602959733
HIT 3 957787471927 223 15106755900889062160
HIT 3 962082439223 224 2672730702610565607
HIT 3 966377406519 225 6660501323813777390
HIT 3 970672373815 226 13114131052759890328
HIT 3 974967341111 227 12318745434342797699
HIT 3 979262308407 228 10283636562396606689
HIT 3 983557275703 229 17689960147428771712
HIT 3 987852242999 230 16643688879321413753
HIT 3 992147210295 231 2526604246472186468
HIT 3 996442177591 232 16061753976156301667
HIT 3 1000737144887 233 17617935237206427952
HIT 3 1005032112183 234 32400692247434735
HIT 3 1009327079479 235 12526983163784714333
HIT 3 1013622046775 236 16537367185961971186
HIT 3 1017917014071 237 17739635076196819417
HIT 3 1022211981367 238 5856689064960109745
HIT 3 1026506948663 239 16303247440083330904
HIT 3 1030801915959 240 14130948732486551365
HIT 3 1035096883255 241 12215294484969992003
HIT 3 1039391850551 242 3208610867267336075
HIT 3 1043686817847 243 17240546250771072963
HIT 3 1047981785143 244 2495323704394381274
HIT 3 1052276752439 245 6950273214633115421
HIT 3 1056571719735 246 17726131126002051026
HIT 3 1060866687031 247 3505814960132494506
HIT 3 1065161654327 248 12327978785203892714
HIT 3 1069456621623 249 11837791490776448954
HIT 3 1073751588919 250 6647961560480286806
HIT 3 1078046556215 251 8428735502355930628
HIT 3 1082341523511 252 13742113864808264656
HIT 3 1086636490807 253 872401372579178287
HIT 3 1090931458103 254 7385446090879966202
HIT 3 1095226425399 255 18197897299587955873
HIT 3 1099521392695 256 9844117775530870264
HIT 3 1103816359991 257 14356053411685005343
HIT 3 1108111327287 258 4462433197278099621
HIT 3 1112406294583 259 831553801693183199
HIT 3 1116701261879 260 6475189504143712135
HIT 3 1120996229175 261 1586299303693026790
HIT 3 1125291196471 262 936845723874031629
HIT 3 1129586163767 263 6023492998581725493
HIT 3 1133881131063 264 12642970460379494479
HIT 3 1138176098359 265 10904096620229464726
HIT 3 1142471065655 266 12932449764017476647
HIT 3 1146766032951 267 13059068473551457524
HIT 3 1151061000247 268 5372684662981927152
HIT 3 1155355967543 269 11111701354959804824
HIT 3 1159650934839 270 15560456584136907812
HIT 3 1163945902135 271 17519838189898545115
HIT 3 1168240869431 272 5922837700612923806
HIT 3 1172535836727 273 14700540573956209122
HIT 3 1176830804023 274 5983621273860486401
HIT 3 1181125771319 275 255865716332578161
HIT 3 1185420738615 276 17647679470903764333
HIT 3 1189715705911 277 5533075183059070441
HIT 3 1194010673207 278 2537796748683962209
HIT 3 1198305640503 279 16269189381027847752
HIT 3 1202600607799 280 6381483103629662119
HIT 3 1206895575095 281 2054879153062758253
HIT 3 1211190542391 282 17143067800033432344
HIT 3 1215485509687 283 7642233577369163995
HIT 3 1219780476983 284 5617929665847423735
HIT 3 1224075444279 285 18360434362613085506
HIT 3 1228370411575 286 1881741952154742200
HIT 3 1232665378871 287 6859259077665890330
HIT 3 1236960346167 288 12293641471614076934
HIT 3 1241255313463 289 1545824625178074143
HIT 3 1245550280759 290 1726090348465854637
HIT 3 1249845248055 291 15309120054098950212
HIT 3 1254140215351 292 15132845531817934085
HIT 3 1258435182647 293 11011910804202146318
HIT 3 1262730149943 294 17217631199269146227
HIT 3 1267025117239 295 8378463649175950203
HIT 3 1271320084535 296 8908486455464458039
HIT 3 1275615051831 297 6819191714424909708
HIT 3 1279910019127 298 1323685115777646941
HIT 3 1284204986423 299 9815928576195866944
HIT 3 1288499953719 300 13002371806796737557
HIT 3 1292794921015 301 5876831822079752228
HIT 3 1297089888311 302 10610161789368001611
HIT 3 1301384855607 303 9127994102294013829
HIT 3 1305679822903 304 4973242667103808734
HIT 3 1309974790199 305 16133843646636118832
HIT 3 1314269757495 306 413755370272542866
HIT 3 1318564724791 307 12192370347256683892
HIT 3 1322859692087 308 340863208551895300
HIT 3 1327154659383 309 3078940608363525588
HIT 3 1331449626679 310 11923181111507430886
HIT 3 1335744593975 311 18092322375481144103
HIT 3 1340039561271 312 16555601216674681917
HIT 3 1344334528567 313 1456912400051289837
HIT 3 1348629495863 314 17724247515493107424
HIT 3 1352924463159 315 12250096767752272580
HIT 3 1357219430455 316 11595741431701576887
HIT 3 1361514397751 317 12490270801166853742
HIT 3 1365809365047 318 2183019274878010149
HIT 3 1370104332343 319 6217639739595170062
HIT 3 1374399299639 320 10848063177023531258
HIT 3 1378694266935 321 13711954257014103222
HIT 3 1382989234231 322 15534621673288505218
HIT 3 1387284201527 323 8156031089547138265
HIT 3 1391579168823 324 13551932845679697088
HIT 3 1395874136119 325 2284761147312477297
HIT 3 1400169103415 326 8647521608355903765
HIT 3 1404464070711 327 8378625733710282503
HIT 3 1408759038007 328 12819240416631514990
HIT 3 1413054005303 329 2226800619050754274
HIT 3 1417348972599 330 515488866300026242
HIT 3 1421643939895 331 4309729498068587985
HIT 3 1425938907191 332 12164333753415159552
HIT 3 1430233874487 333 10405728322404676844
HIT 3 1434528841783 334 13481784440188657656
HIT 3 1438823809079 335 12319335963891404577
HIT 3 1443118776375 336 17456511371136477044
HIT 3 1447413743671 337 7677976174271677425
HIT 3 1451708710967 338 16846224950120652631
HIT 3 1456003678263 339 6235715314603341234
HIT 3 1460298645559 340 11378109616849981338
HIT 3 1464593612855 341 6319304699342264143
HIT 3 1468888580151 342 2429452005339645003
HIT 3 1473183547447 343 9404385549407628062
HIT 3 1477478514743 344 12091889526214480493
HIT 3 1481773482039 345 5513446431860136026
HIT 3 1486068449335 346 7840658727578287203
HIT 3 1490363416631 347 14061813947909975175
HIT 3 1494658383927 348 17235980609012892715
HIT 3 1498953351223 349 13519837815217447412
HIT 3 1503248318519 350 14885719799828328250
HIT 3 1507543285815 351 16055627302452606132
HIT 3 1511838253111 352 9983072562125037772
HIT 3 1516133220407 353 9899437867845957522
HIT 3 1520428187703 354 10271883560641195656
HIT 3 1524723154999 355 15411289376818832438
HIT 3 1529018122295 356 8516230686299098720
HIT 3 1533313089591 357 418539888812921423
HIT 3 1537608056887 358 8030888212165527926
HIT 3 1541903024183 359 4214966085812159349
HIT 3 1546197991479 360 2236041688819399747
HIT 3 1550492958775 361 171802603700401065
HIT 3 1554787926071 362 5802840194880928664
HIT 3 1559082893367 363 4808475672844330698
HIT 3 1563377860663 364 17124425618194708846
HIT 3 1567672827959 365 16706497285873176632
HIT 3 1571967795255 366 3938003132989450421
HIT 3 1576262762551 367 3908930192316348750
HIT 3 1580557729847 368 4247531638498256013
HIT 3 1584852697143 369 2494661349165646319
HIT 3 1589147664439 370 3773774945943084501
HIT 3 1593442631735 371 5997375805318209593
HIT 3 1597737599031 372 7409636451943235680
HIT 3 1602032566327 373 3427176274127604048
HIT 3 1606327533623 374 75166875628615435
HIT 3 1610622500919 375 15179558234176808536
HIT 3 1614917468215 376 2723503863624983610
HIT 3 1619212435511 377 1969432273232303199
HIT 3 1623507402807 378 2954378310372847936
HIT 3 1627802370103 379 17143376066597189926
HIT 3 1632097337399 380 4748183050695679620
HIT 3 1636392304695 381 1935672056816330561
HIT 3 1640687271991 382 7652559809617942322
HIT 3 1644982239287 383 17214233687321320874
HIT 3 1649277206583 384 782532761651640403
HIT 3 1653572173879 385 4212023717027938282
HIT 3 1657867141175 386 8381801901492825938
HIT 3 1662162108471 387 17745280494010954505
HIT 3 1666457075767 388 13474063004151442240
HIT 3 1670752043063 389 17597032058535112497
HIT 3 1675047010359 390 15863684072680066256
HIT 3 1679341977655 391 2673938689560212598
HIT 3 1683636944951 392 11530011027563276941
HIT 3 1687931912247 393 16200951446079358496
HIT 3 1692226879543 394 14832089355421867423
HIT 3 1696521846839 395 9389834498942977154
HIT 3 1700816814135 396 2865748022108852112
HIT 3 1705111781431 397 12863449472626160438
HIT 3 1709406748727 398 18200090871824578431
HIT 3 1713701716023 399 11953419071326506986
HIT 3 1717996683319 400 13099709347405797085
HIT 3 1722291650615 401 3747464644006899731
HIT 3 1726586617911 402 4287140012624535848
HIT 3 1730881585207 403 382183073423872977
HIT 3 1735176552503 404 9731904598510912684
HIT 3 1739471519799 405 12855097642190236354
HIT 3 1743766487095 406 3056570872875192854
HIT 3 1748061454391 407 10848558630113398516
HIT 3 1752356421687 408 7504797848666794145
HIT 3 1756651388983 409 1639498735221170187
HIT 3 1760946356279 410 14671204438951369609
HIT 3 1765241323575 411 13398224706025452975
HIT 3 1769536290871 412 11932540109282796293
HIT 3 1773831258167 413 5636994426893060379
HIT 3 1778126225463 414 14470444466902470791
HIT 3 1782421192759 415 152431333897822384
HIT 3 1786716160055 416 1151934700948148779
HIT 3 1791011127351 417 11156578163631054836
HIT 3 1795306094647 418 6652530333571660344
HIT 3 1799601061943 419 3163101987389080374
HIT 3 1803896029239 420 13807763400117584304
HIT 3 1808190996535 421 15303465823842035128
HIT 3 1812485963831 422 13387573159130308504
HIT 3 1816780931127 423 2808718369020351754
HIT 3 1821075898423 424 7829133078573755145
HIT 3 1825370865719 425 14697805940042092436
HIT 3 1829665833015 426 11120494125949112749
HIT 3 1833960800311 427 7097670539641274304
HIT 3 1838255767607 428 16354491657434284658
HIT 3 1842550734903 429 15053246840304073035
HIT 3 1846845702199 430 7426330332617002795
HIT 3 1851140669495 431 3787159880044288146
HIT 3 1855435636791 432 12239378389096064138
HIT 3 1859730604087 433 5353980617418886204
HIT 3 1864025571383 434 16711722223798252386
HIT 3 1868320538679 435 8240228001583402994
HIT 3 1872615505975 436 663376636724597228
HIT 3 1876910473271 437 10880694013364307688
HIT 3 1881205440567 438 1148123594059074772
HIT 3 1885500407863 439 6068309176751790717
HIT 3 1889795375159 440 2808577954427379690
HIT 3 1894090342455 441 12295272568845682147
HIT 3 1898385309751 442 1192276758288341907
HIT 3 1902680277047 443 113208070976807583
HIT 3 1906975244343 444 6953789753728766007
HIT 3 1911270211639 445 1355147972147513762
HIT 3 1915565178935 446 7672735946405285694
HIT 3 1919860146231 447 12384799272792223646
HIT 3 1924155113527 448 3994061081247425924
HIT 3 1928450080823 449 10587391981315975187
HIT 3 1932745048119 450 17944393709378438307
HIT 3 1937040015415 451 6782335776556841340
HIT 3 1941334982711 452 4352229338647784700
HIT 3 1945629950007 453 220774449970652542
HIT 3 1949924917303 454 5294100247831856682
HIT 3 1954219884599 455 2293493252796030391
HIT 3 1958514851895 456 1429980813700385374
HIT 3 1962809819191 457 17637269244955125136
HIT 3 1967104786487 458 12938578084703634136
HIT 3 1971399753783 459 16918785025882157206
HIT 3 1975694721079 460 7233426964296497405
HIT 3 1979989688375 461 3289537316019246027
HIT 3 1984284655671 462 17449608522522422100
HIT 3 1988579622967 463 6441612704904703310
HIT 3 1992874590263 464 8085659699095638275
HIT 3 1997169557559 465 404826084085121623
HIT 3 2001464524855 466 12144416022404367253
HIT 3 2005759492151 467 5570036902728827683
HIT 3 2010054459447 468 17158243249306033100
HIT 3 2014349426743 469 12192963935319192822
HIT 3 2018644394039 470 2178021894436988690
HIT 3 2022939361335 471 6595310289124821997
HIT 3 2027234328631 472 5960491044546369373
HIT 3 2031529295927 473 9780124611993718622
HIT 3 2035824263223 474 10532499043487111530
HIT 3 2040119230519 475 14843611215983834844
HIT 3 2044414197815 476 6062019829970384804
HIT 3 2048709165111 477 6230515483570817651
HIT 3 2053004132407 478 7571316084365705782
HIT 3 2057299099703 479 10523751480992115570
HIT 3 2061594066999 480 2395304758400542511
HIT 3 2065889034295 481 8568394877183213673
HIT 3 2070184001591 482 13384770187805187084
HIT 3 2074478968887 483 4882445708728657643
HIT 3 2078773936183 484 2556310108471966613
HIT 3 2083068903479 485 17051236249604266573
HIT 3 2087363870775 486 9435250493487366987
HIT 3 2091658838071 487 6207548400744200131
HIT 3 2095953805367 488 3042451753266271554
HIT 3 2100248772663 489 1257772840701880397
HIT 3 2104543739959 490 2838692696012877868
HIT 3 2108838707255 491 13275187097174388511
HIT 3 2113133674551 492 17263049036820200586
HIT 3 2117428641847 493 15982960701367714634
HIT 3 2121723609143 494 5897234394154435679
HIT 3 2126018576439 495 5406088373447647738
HIT 3 2130313543735 496 3590116123352655980
HIT 3 2134608511031 497 12018619799673095864
HIT 3 2138903478327 498 2277529074730569891
HIT 3 2143198445623 499 14477093008266769403
HIT 3 2147493412919 500 11663906576503947401
HIT 3 2151788380215 501 7072773958750943204
HIT 3 2156083347511 502 16377379933421830622
HIT 3 2160378314807 503 16884467541409386413
HIT 3 2164673282103 504 8324546364999317649
HIT 3 2168968249399 505 10965572512418018706
HIT 3 2173263216695 506 4103464883306097566
HIT 3 2177558183991 507 3500821148946344047
HIT 3 2181853151287 508 7610835356480880513
HIT 3 2186148118583 509 10657432476335557767
HIT 3 2190443085879 510 18217307845103560954
HIT 3 2194738053175 511 15362320588132296804
HIT 3 657139826743 153 829411564117137892
HIT 3 1494658449463 348 6123815957518951189
HIT 3 1941335048247 452 8993320118390555130
HIT 3 2057299165239 479 13537967498552630587
HIT 3 1486068580407 346 10697278067310884449
HIT 3 1494658514999 348 9028754849218646197
HIT 3 1498953482295 349 8065154063904481794
HIT 3 1503248449591 350 6668978956142246945
HIT 3 1932745179191 450 9644154395835269838
HIT 3 1941335113783 452 10664599936915965509
HIT 3 1945630081079 453 3887586710939369927
HIT 3 1949925048375 454 7302641637133263310
HIT 3 2048709296183 477 7448705776183321484
HIT 3 2053004263479 478 17570036255883422750
HIT 3 2057299230775 479 677735363462226347
HIT 3 2065889165367 481 8054863947555262162
HIT 3 1494658580535 348 12633336532293199377
HIT 3 1941335179319 452 1161364842468768586
HIT 3 2057299296311 479 12425556934653930855
HIT 3 1494658646071 348 7070033450946996055
HIT 3 1941335244855 452 11771218387754624313
HIT 3 2057299361847 479 2490481498617916268
HIT 3 1494658711607 348 15257459754161782073
HIT 3 1941335310391 452 11809663455900637348
HIT 3 2057299427383 479 3907980241044335834
HIT 3 1494658777143 348 12656324298072476651
HIT 3 1941335375927 452 13330056796265396738
HIT 3 2057299492919 479 3072646382692870273
HIT 3 1494658842679 348 9760649185447218412
HIT 3 1941335441463 452 10661367057431817360
HIT 3 2057299558455 479 12461311973278199898
HIT 3 1494658908215 348 7978742723164628968
HIT 3 1941335506999 452 5139987877239461559
HIT 3 2057299623991 479 8254663830569108533
HIT 3 1494658973751 348 18262161659672351268
HIT 3 1941335572535 452 7721988859808309632
HIT 3 2057299689527 479 16891618579382368615
HIT 3 1494659039287 348 12957616269983262016
HIT 3 1941335638071 452 17809072317138540177
HIT 3 2057299755063 479 6857906395101024642
HIT 3 1494659104823 348 8754187846477709813
HIT 3 1941335703607 452 4447011881193290734
HIT 3 2057299820599 479 2498428752452821472
HIT 3 1494659170359 348 13209481510410828609
HIT 3 1941335769143 452 12254568195272934633
HIT 3 2057299886135 479 9986232926888904492
HIT 3 1494659235895 348 8330149278199797478
HIT 3 1941335834679 452 10881108366825011597
HIT 3 2057299951671 479 16817282433118464897
HIT 3 1494659301431 348 9227916217562098062
HIT 3 1941335900215 452 11993327226134596802
HIT 3 2057300017207 479 17044334552164816944
HIT 3 1494659366967 348 13877517349860853483
HIT 3 1941335965751 452 13550639600278687061
HIT 3 2057300082743 479 3806163322623944499
HIT 3 1494659432503 348 15818856452774250981
HIT 3 1941336031287 452 7921088109449337496
HIT 3 2057300148279 479 7508279780854814405
HIT 3 1494659498039 348 13646863653756597562
HIT 3 1941336096823 452 17405244614335244311
HIT 3 2057300213815 479 2049741509781015778
HIT 3 1494659563575 348 5315503640620914419
HIT 3 1941336162359 452 14592073990398024665
HIT 3 2057300279351 479 13998401167096415258
HIT 3 1494659629111 348 14478076164017037603
HIT 3 1941336227895 452 7208414035961681874
HIT 3 2057300344887 479 864475076451626937
HIT 3 1494658383928 348 11293398159517455159
HIT 3 1941334982712 452 13169859848980459653
HIT 3 2057299099704 479 1085341599538496627
HIT 3 1494659694647 348 15201537299694447084
HIT 3 1941336293431 452 14381504647124811770
HIT 3 2057300410423 479 4714905223945078040
HIT 3 1494659760183 348 12919485893227906239
HIT 3 1941336358967 452 6824896041858733884
HIT 3 2057300475959 479 1386473223399194011
HIT 3 1494659825719 348 15745356830735856737
HIT 3 1941336424503 452 2709022598278322950
HIT 3 2057300541495 479 4828188020496767681
HIT 3 1494659891255 348 6971094283313927791
HIT 3 1941336490039 452 9050564226226790129
HIT 3 2057300607031 479 12261959925815046376
HIT 3 1494659956791 348 5701689756174600562
HIT 3 1941336555575 452 8498068203221624208
HIT 3 2057300672567 479 12643617314254609709
HIT 3 1494660022327 348 11355545493624836439
HIT 3 1941336621111 452 1028811224929053725
HIT 3 2057300738103 479 14267711952788750492
HIT 3 1494660087863 348 10189550494394556072
HIT 3 1941336686647 452 4917732664070590206
HIT 3 2057300803639 479 3570664104176964191
HIT 3 1494660153399 348 14407137245257315870
HIT 3 1941336752183 452 10845343193720188779
HIT 3 2057300869175 479 14243141715108269289
HIT 3 1494660218935 348 2604140127803729143
HIT 3 1941336817719 452 1558182473147524496
HIT 3 2057300934711 479 12888002146052502765
HIT 3 1494660284471 348 7209826423043587499
HIT 3 1941336883255 452 8738231436812823440
HIT 3 2057301000247 479 12996721456829362301
HIT 3 1494660350007 348 17126919583160979852
HIT 3 1941336948791 452 3512005318161785139
HIT 3 2057301065783 479 9720832684127745550
HIT 3 1494660415543 348 14883724422103305570
HIT 3 1941337014327 452 8158619233572116855
HIT 3 2057301131319 479 6403914547953273382
HIT 3 1494660481079 348 15063691595981105594
HIT 3 1941337079863 452 13191940471646081610
HIT 3 2057301196855 479 8181765722473689220
HIT 3 1494660546615 348 4290078602220462275
HIT 3 1941337145399 452 8577071283692035323
HIT 3 2057301262391 479 12238405717063341831
HIT 3 1494660612151 348 10087939628489388958
HIT 3 1941337210935 452 15649549487216498321
HIT 3 2057301327927 479 14136290619116990843
HIT 3 1494660677687 348 8048319766236748271
HIT 3 1941337276471 452 10006441311013693745
HIT 3 2057301393463 479 15644193842024156791
HIT 3 1494660743223 348 2392282157345540525
HIT 3 1941337342007 452 7886767840539496887
HIT 3 2057301458999 479 13105737643493939326
HIT 3 1494660808759 348 12096096975842667077
HIT 3 1941337407543 452 15444724404338174491
HIT 3 2057301524535 479 15434717992600128785
HIT 3 1494660874295 348 16967018958806709616
HIT 3 1941337473079 452 9692392613390445632
HIT 3 2057301590071 479 8289070302606185850
HIT 3 1494660939831 348 2788770430075732902
HIT 3 1941337538615 452 16407406991142856803
HIT 3 2057301655607 479 16357913535754134769
HIT 3 1494661005367 348 15537243014295275184
HIT 3 1941337604151 452 14522474977755396747
HIT 3 2057301721143 479 2954511533527559419
HIT 3 1494661070903 348 6753214345060636464
HIT 3 1941337669687 452 6420655962680015016
HIT 3 2057301786679 479 14572563862296446122
HIT 3 1494661136439 348 4320153268218069842
HIT 3 1941337735223 452 7235411250934681426
HIT 3 2057301852215 479 14855711926775257715
HIT 3 1494661201975 348 5894533381448429371
HIT 3 1941337800759 452 1549238399466540029
HIT 3 2057301917751 479 10773009820618547752
HIT 3 1494661267511 348 4675974449544870108
HIT 3 1941337866295 452 17347009438280327771
HIT 3 2057301983287 479 5791215261718589917
HIT 3 1494661333047 348 15367664359802390498
HIT 3 1941337931831 452 14162944940638413776
HIT 3 2057302048823 479 10444571232097256027
HIT 3 1494661398583 348 14468150367348922371
HIT 3 1941337997367 452 17304221049931052747
HIT 3 2057302114359 479 7773837596246022196
HIT 3 1494661464119 348 3070553960173638425
HIT 3 1941338062903 452 5645107753044815785
HIT 3 2057302179895 479 6192393574370687090
HIT 3 1494661529655 348 10869314312767426011
HIT 3 1941338128439 452 7832566978096459335
HIT 3 2057302245431 479 7444797651693989808
HIT 3 1494661595191 348 4435045641820962496
HIT 3 1941338193975 452 5639612184865014756
HIT 3 2057302310967 479 5338903258945345621
HIT 3 1494661660727 348 12198921454993644524
HIT 3 1941338259511 452 15779523430310093532
HIT 3 2057302376503 479 7093872236259238594
HIT 3 1494661726263 348 14316287847731072142
HIT 3 1941338325047 452 7362820619590660240
HIT 3 2057302442039 479 10643375415396120260
HIT 3 1494661791799 348 7913662613228039465
HIT 3 1941347893301 452 7063099522333080200
HIT 3 1941338390583 452 17413246222818198729
HIT 3 2057312010293 479 17771708368397451704
HIT 3 2057302507575 479 4404029614565085303
HIT 3 1494661857335 348 2907530534531018745
HIT 3 1932758089781 450 11146665023838301529
HIT 3 1941348024373 452 7568056907909984527
HIT 3 1945642991669 453 1199116541618299804
HIT 3 1949937958965 454 10919983633245637271
HIT 3 1941338456119 452 3383576300361842116
HIT 3 2048722206773 477 9617010409281094757
HIT 3 2053017174069 478 16801384020916938549
HIT 3 2057312141365 479 7829411357448068428
HIT 3 2065902075957 481 11726008398939376732
HIT 3 2057302573111 479 4427988477042672717
HIT 3 1503261425717 350 5684186917712744993
HIT 3 1941348089909 452 14672349818819543214
HIT 3 2057312206901 479 15242720796101148053
HIT 3 1494661922871 348 11774164723840049096
HIT 3 1941348155445 452 12416018080141234078
HIT 3 1941338521655 452 6134462214047302861
HIT 3 2057312272437 479 9062969309258550819
HIT 3 2057302638647 479 9186305571918258737
HIT 3 1494661988407 348 10083588413960391621
HIT 3 1941338587191 452 4980520022028807483
HIT 3 2057302704183 479 9725804416761936342
HIT 3 1494662053943 348 10817920956852071001
HIT 3 1941338652727 452 2976068895398477366
HIT 3 2057302769719 479 11844929454043452972
HIT 3 1494662119479 348 2650620461312922115
HIT 3 1941338718263 452 347979089124425175
HIT 3 2057302835255 479 2462288404657987040
HIT 3 1494662185015 348 11584135834377622478
HIT 3 1941338783799 452 6609102366480021085
HIT 3 2057302900791 479 14381124811938269189
HIT 3 1494662250551 348 12842072628063717678
HIT 3 1941338849335 452 12026755960749006862
HIT 3 2057302966327 479 4635024223654552008
HIT 3 1494662316087 348 12221128742033527746
HIT 3 1941338914871 452 3868320733698520437
HIT 3 2057303031863 479 7911604721914898100
HIT 3 1494662381623 348 10573928467252954199
HIT 3 1941338980407 452 11543879225382616693
HIT 3 2057303097399 479 13586573819427119290
HIT 3 1494662447159 348 4500469011182483475
HIT 3 1941339045943 452 1916250263853915111
HIT 3 2057303162935 479 16444414882004297083
HIT 3 1494662512695 348 16686612969286258660
HIT 3 1941339111479 452 14832982719760644530
HIT 3 2057303228471 479 6079297719138682282
HIT 3 1494662578231 348 4103538593272267984
HIT 3 1941339177015 452 15636843216373082345
HIT 3 2057303294007 479 12365009521785196608
HIT 3 1494662643767 348 17869317612779117577
HIT 3 1941339242551 452 3651093241246784501
HIT 3 2057303359543 479 2440723383561975034
HIT 3 1494662709303 348 12124197227946739186
HIT 3 1941339308087 452 10837300529568567981
HIT 3 2057303425079 479 4689314297441859043
HIT 3 1494662774839 348 13165253382091760548
HIT 3 1941339373623 452 2913586204197675078
HIT 3 2057303490615 479 16776264005163368968
HIT 3 1494662840375 348 9797801345384691580
HIT 3 1941339439159 452 10133539744805164643
HIT 3 2057303556151 479 11931535848631962397
HIT 3 1494662905911 348 10974412279071663466
HIT 3 1941339504695 452 2202742945201120681
HIT 3 2057303621687 479 9665989905588603301
HIT 3 1494662971447 348 12268357721266562291
HIT 3 1941339570231 452 16146183857399295098
HIT 3 2057303687223 479 9650371131346540276
HIT 3 1494663036983 348 15409632673964639152
HIT 3 1941339635767 452 7440851145062130911
HIT 3 2057303752759 479 9912634908243171604
HIT 3 1494663102519 348 7140688065625216918
HIT 3 1941339701303 452 14124679987580922440
HIT 3 2057303818295 479 14043223829010355308
HIT 3 1494663168055 348 306500215114320309
HIT 3 1941339766839 452 3196439269538315275
HIT 3 2057303883831 479 14585957546749384615
HIT 3 1494663233591 348 11104447345224914602
HIT 3 1941339832375 452 7805203162247105869
HIT 3 2057303949367 479 10600159205486744913
HIT 3 1494663299127 348 8439483434406901425
HIT 3 1941339897911 452 8479701124093854945
HIT 3 2057304014903 479 11502294456377193130
HIT 3 1494663364663 348 9004756357799121730
HIT 3 1941339963447 452 3255547354222370545
HIT 3 2057304080439 479 18025781452700294214
HIT 3 1494663430199 348 1991424125570620023
HIT 3 1941340028983 452 8039846279399198147
HIT 3 2057304145975 479 2846137813322633490
HIT 3 1494663495735 348 10997684909697261868
HIT 3 1941340094519 452 12282866552461566253
HIT 3 2057304211511 479 3654363777532994605
HIT 3 1494663561271 348 8193457901590544272
HIT 3 1941340160055 452 10620926787650775150
HIT 3 2057304277047 479 2208852603046265158
HIT 3 1494663626807 348 12144368551840630305
HIT 3 1941340225591 452 12598387075066693602
HIT 3 2057304342583 479 7684070282484248404
HIT 3 1494663692343 348 474660590863292945
HIT 3 1941340291127 452 3698575332524403302
HIT 3 2057304408119 479 11279977728250171461
HIT 3 1494663757879 348 14748217444079331841
HIT 3 1941340356663 452 4662203746359707382
HIT 3 2057304473655 479 2172571118993684571
HIT 3 1494663823415 348 2173991895507738496
HIT 3 1941340422199 452 13463849241680147348
HIT 3 2057304539191 479 15291888689123510110
HIT 3 1494663888951 348 12288331491117362466
HIT 3 1941340487735 452 15431965872009760371
HIT 3 2057304604727 479 10555598831074456442
HIT 3 1494663954487 348 6026138859221603229
HIT 3 1941340553271 452 8551575709099993780
HIT 3 2057304670263 479 3387256022268388342
HIT 3 1494664020023 348 614713470236920962
HIT 3 1941340618807 452 9883570240924829995
HIT 3 2057304735799 479 5706513040426394361
HIT 3 1494664085559 348 11900331500060529030
HIT 3 2057318826037 479 14113413702772599079
HIT 3 1941340684343 452 17400381670256153597
HIT 3 2057304801335 479 3938699952532796486
HIT 3 2048729022517 477 460961662985776136
HIT 3 2053023989813 478 5980351725880138484
HIT 3 2057318957109 479 10180210751714860489
HIT 3 2065908891701 481 10127258866062043879
HIT 3 1494664151095 348 9682834202353217497
HIT 3 1949944840245 454 14178367461747428015
HIT 3 2057319022645 479 18161099293450192108
HIT 3 1941340749879 452 11190482102000964
HIT 3 2057304866871 479 9524693562285621080
HIT 3 2057319088181 479 9004532882256500574
HIT 3 1494664216631 348 12803218138078574789
HIT 3 1941340815415 452 2113407010279216318
HIT 3 2057304932407 479 16130154150828775543
HIT 3 1494664282167 348 10591219209165511197
HIT 3 1941340880951 452 10446496501249534747
HIT 3 2057304997943 479 9904474463255764893
HIT 3 1494664347703 348 5267013268882117777
HIT 3 1941340946487 452 16297533328310421697
HIT 3 2057305063479 479 3142882293623521065
HIT 3 2065910595637 481 1871723160492177911
HIT 3 1494664413239 348 5149092447729148673
HIT 3 1941341012023 452 18199240659287749771
HIT 3 2057305129015 479 6757439619124373277
HIT 3 1494664478775 348 13253759315211302017
HIT 3 1941341077559 452 8327370278875199077
HIT 3 2057305194551 479 7529968172187685010
HIT 3 1494664544311 348 12655615434176978602
HIT 3 1941341143095 452 9051566111734151827
HIT 3 2057305260087 479 8260917958526965615
HIT 3 1494664609847 348 14596269263415408830
HIT 3 1941341208631 452 6781754984602827081
HIT 3 2057305325623 479 1480476443173693834
HIT 3 1494664675383 348 13605976983280067457
HIT 3 1941341274167 452 3106500889709517538
HIT 3 2057305391159 479 13688336349988024519
HIT 3 1494664740919 348 5707646174577993364
HIT 3 1941341339703 452 9467524867852272368
HIT 3 2057305456695 479 14879930396740773463
HIT 3 1494664806455 348 6768528419636631106
HIT 3 1941341405239 452 13697295982021211379
HIT 3 2057305522231 479 8483541958631410080
HIT 3 1494664871991 348 5899258029747211549
HIT 3 1941341470775 452 2359387055962808473
HIT 3 2057305587767 479 9648348160827978968
HIT 3 1494664937527 348 4050469294190429591
HIT 3 1941341536311 452 12015750652814877574
HIT 3 2057305653303 479 2196445510174980217
HIT 3 1494665003063 348 15540173391541541640
HIT 3 1941341601847 452 104630427646544156
HIT 3 2057305718839 479 17645351611856978546
HIT 3 1494665068599 348 14696283048664286280
HIT 3 1941341667383 452 2751749402214707052
HIT 3 2057305784375 479 16028457297559729350
HIT 3 1494665134135 348 5176943219702123365
HIT 3 1941341732919 452 15028559000210444324
HIT 3 2057305849911 479 732168254726777289
HIT 3 1494665199671 348 10600271010249665517
HIT 3 1941341798455 452 15205916221698569937
HIT 3 2057305915447 479 16608634236360892437
HIT 3 1494665265207 348 14738848942091580579
HIT 3 1941341863991 452 12547801494976002317
HIT 3 2057305980983 479 17349285600106399770
HIT 3 1494665330743 348 11248944604557141397
HIT 3 1941341929527 452 16833532486379648897
HIT 3 2057306046519 479 15171138242873877948
HIT 3 1494665396279 348 5341852521328259937
HIT 3 1941341995063 452 6441047529555983615
HIT 3 2057306112055 479 14766928585939295064
HIT 3 1494665461815 348 4821906103757503827
HIT 3 1941342060599 452 17594875905903502283
HIT 3 2057306177591 479 307756519721008559
HIT 3 1494665527351 348 2834771289635747130
HIT 3 1941342126135 452 5611025912156001762
HIT 3 2057306243127 479 1036306271550010836
HIT 3 1494665592887 348 2613608520968831798
HIT 3 1941342191671 452 6270695566658889710
HIT 3 2057306308663 479 6157832402520661182
HIT 3 1494665658423 348 8480864297983890755
HIT 3 1941342257207 452 18165252054051092701
HIT 3 2057306374199 479 6957492266983046294
HIT 3 1494665723959 348 6206763378073143664
HIT 3 1941342322743 452 1931184187600419668
HIT 3 2057306439735 479 16180888496415964066
HIT 3 1494665789495 348 13639723237438154635
HIT 3 1941342388279 452 8747648758116056179
HIT 3 2057306505271 479 13311639726805165588
HIT 3 1494665855031 348 12374828681709641091
HIT 3 1941342453815 452 1899393360254909128
HIT 3 2057306570807 479 13421530731199541380
HIT 3 1494665920567 348 1539601785244837316
HIT 3 1941342519351 452 18099336575125766302
HIT 3 2057306636343 479 1842932194163376229
HIT 3 1494665986103 348 803025699768883492
HIT 3 1941342584887 452 1426036447446510958
HIT 3 2057306701879 479 8155310299652371235
HIT 3 1494666051639 348 3095556442996891079
HIT 3 1941342650423 452 9208580885099361323
HIT 3 2057306767415 479 5871385954578870765
HIT 3 1494666117175 348 7451685356877397940
HIT 3 1941342715959 452 9450427076796946064
HIT 3 2057306832951 479 1667948727463821416
HIT 3 1494666182711 348 9129581895717309686
HIT 3 1941342781495 452 8303865319118767057
HIT 3 2057306898487 479 1650494382044912846
HIT 3 1494666248247 348 2635116052909585168
HIT 3 1941342847031 452 15259590708972718439
HIT 3 2057306964023 479 9504570394460732980
HIT 3 1494666313783 348 12570436629733257602
HIT 3 1941342912567 452 9438822998905211421
HIT 3 2057307029559 479 14930381048313937934
HIT 3 1494666379319 348 8008702313827951316
HIT 3 1941342978103 452 2353201166982481109
HIT 3 2057307095095 479 11851809061591450141
HIT 3 1494666444855 348 17681958982231660034
HIT 3 1941343043639 452 5429003161906232541
HIT 3 2057307160631 479 806842412991655341
HIT 3 1494666510391 348 16538999534187404011
HIT 3 1941343109175 452 6231576247382840150
HIT 3 2057307226167 479 16983330522507720351
HIT 3 1494666575927 348 14797865460217670264
HIT 3 1941343174711 452 2071999515711630502
HIT 3 2057307291703 479 2261550734426354940
HIT 3 1494666641463 348 3249921594736373648
HIT 3 1941343240247 452 11794486961046820462
HIT 3 2057307357239 479 16180422721577452470
HIT 3 1941347893302 452 4308634426593111075
HIT 3 2057312010294 479 15756946062385588226
HIT 3 1494666706999 348 10918565272836233192
HIT 3 1941343305783 452 12779531508673158639
HIT 3 2057307422775 479 1089004809193486823
HIT 3 1494666772535 348 18221672576189228221
HIT 3 1941343371319 452 16597170207845821259
HIT 3 2057307488311 479 5311287223139792296
HIT 3 1494666838071 348 11975154605050928694
HIT 3 1941343436855 452 6353727668973673858
HIT 3 2057307553847 479 12035550690923358656
HIT 3 1494666903607 348 13550457215265645422
HIT 3 1941343502391 452 13040494378602720673
HIT 3 2057307619383 479 5890155554176084934
HIT 3 1494666969143 348 15433958949760570386
HIT 3 1941343567927 452 206725371738225274
HIT 3 2057307684919 479 559401890013956035
HIT 3 1494667034679 348 3255497908964900979
HIT 3 1941343633463 452 2729445739626174005
HIT 3 2057307750455 479 4065446192277372023
HIT 3 1494667100215 348 5019170637585544385
HIT 3 1941343698999 452 17296493592428958003
HIT 3 2057307815991 479 10323207368750404137
HIT 3 1494667165751 348 16739196483633155894
HIT 3 1941343764535 452 6322340355612773382
HIT 3 2057307881527 479 4214890771507362377
HIT 3 1494667231287 348 1930933025151598229
HIT 3 1941343830071 452 3955058487859747403
HIT 3 2057307947063 479 17344568068804893709
HIT 3 1494667296823 348 16998306719537743058
HIT 3 1941343895607 452 17031571829802630815
HIT 3 2057308012599 479 2924354415204761916
HIT 3 1494667362359 348 8520196775776587307
HIT 3 1941343961143 452 2319601628058249763
HIT 3 2057308078135 479 302584645082107991
HIT 3 1494667427895 348 16432635791675439390
HIT 3 1941344026679 452 3688277797700164439
HIT 3 2057308143671 479 8977847185720309600
HIT 3 1494667493431 348 12532418565216575981
HIT 3 1941344092215 452 14631982648949774180
HIT 3 2057308209207 479 12992034773116317996
HIT 3 1494667558967 348 1532770721503751271
HIT 3 1941344157751 452 12735897363878382064
HIT 3 2057308274743 479 7337487056202662292
HIT 3 1494667624503 348 3952646996342718726
HIT 3 1941344223287 452 2645073323700655021
HIT 3 2057308340279 479 13778026953093755705
HIT 3 1494667690039 348 11851848873387927488
HIT 3 1941344288823 452 8080829704418572234
HIT 3 2057308405815 479 7018777940755327957
HIT 3 1494667755575 348 3509246304124525026
HIT 3 1941344354359 452 1173275112774459986
HIT 3 2057308471351 479 15346106861895481380
HIT 3 1494667821111 348 2447702654862544284
HIT 3 1941344419895 452 18423905960302608221
HIT 3 2057308536887 479 5106242597382231768
HIT 3 1494667886647 348 786180737183799011
HIT 3 1941344485431 452 6855592258181073323
HIT 3 2057308602423 479 6561839315372504458
HIT 3 1494667952183 348 3060486783136117129
HIT 3 1941344550967 452 2303276376493667576
HIT 3 2057308667959 479 1377438461624647456
HIT 3 1494668017719 348 9584905183532861296
HIT 3 1941344616503 452 12921770615418572792
HIT 3 2057308733495 479 16172081902178787959
HIT 3 1494668083255 348 208274930781993216
HIT 3 1941344682039 452 9224068272730488953
HIT 3 2057308799031 479 17052925787094723038
HIT 3 1494668148791 348 7114862971049442997
HIT 3 1932758089782 450 297387425172533777
HIT 3 1941348024374 452 15424221668207123192
HIT 3 1945642991670 453 14292329824168651797
HIT 3 1949937958966 454 13458124247788355462
HIT 3 2048722206774 477 7934602005823959524
HIT 3 2053017174070 478 17406696054498443803
HIT 3 2057312141366 479 7707584426029740189
HIT 3 2065902075958 481 5605442426327898076
HIT 3 1503261425718 350 10009522924122228860
HIT 3 1941348089910 452 5450176998741317424
HIT 3 2057312206902 479 11850249132500524926
HIT 3 1941348155446 452 1468789745361356663
HIT 3 2057312272438 479 12300548868761476588
HIT 3 1941344747575 452 18236116336471230607
HIT 3 2057308864567 479 14508566569390538278
HIT 3 1494668214327 348 10915982484883539159
HIT 3 1941344813111 452 9216730833865579901
HIT 3 2057308930103 479 16918975453148821632
HIT 3 1494668279863 348 12162060997773444085
HIT 3 1941344878647 452 10093454941222941884
HIT 3 2057308995639 479 16920066000828460979
HIT 3 1494668345399 348 5002819467985761199
HIT 3 1941344944183 452 2429322479395428982
HIT 3 2057309061175 479 5233508555081889384
HIT 3 1494668410935 348 6046653964635344412
HIT 3 1941345009719 452 12593297563241012623
HIT 3 2057309126711 479 12134907652056869949
HIT 3 1494668476471 348 7100658554085325831
HIT 3 1941345075255 452 17622110215619301292
HIT 3 2057309192247 479 14339291832785433099
HIT 3 1494668542007 348 12918278609451127737
HIT 3 1941345140791 452 7352800133192808503
HIT 3 2057309257783 479 4185220198040253876
HIT 3 1494668607543 348 16863008028714922473
HIT 3 1941345206327 452 1197299540240072359
HIT 3 2057309323319 479 5713762490380408780
HIT 3 1494668673079 348 5347940046738420250
HIT 3 1941345271863 452 1984872014214699181
HIT 3 2057309388855 479 1985741515030112716
HIT 3 1494668738615 348 18185487679803458201
HIT 3 1941345337399 452 3585061738389590345
HIT 3 2057309454391 479 3673856176198410203
HIT 3 1494668804151 348 15207456498414020773
HIT 3 1941345402935 452 15250083048326567797
HIT 3 2057309519927 479 4864129304094955419
HIT 3 1494668869687 348 7545827966282683286
HIT 3 1941345468471 452 12509080563620354143
HIT 3 2057309585463 479 9656874329813450794
HIT 3 1494668935223 348 8553568788339169311
HIT 3 1941345534007 452 3934997597459806767
HIT 3 2057309650999 479 14708525296063262938
HIT 3 1494669000759 348 15622483858274647814
HIT 3 1941345599543 452 47465265142958909
HIT 3 2057309716535 479 6250128144545241773
HIT 3 1494669066295 348 14660298324767309742
HIT 3 1941345665079 452 10234338822714603019
HIT 3 2057309782071 479 9243336204529543693
HIT 3 1494669131831 348 16263309700821465600
HIT 3 1941345730615 452 4282846490701460982
HIT 3 2057309847607 479 11548042639317740744
HIT 3 1494669197367 348 11194872870541060153
HIT 3 1941345796151 452 12764422386588115658
HIT 3 2057309913143 479 5985064532276888263
HIT 3 1494669262903 348 5242941142768631648
HIT 3 1941345861687 452 6624866491210810621
HIT 3 2057309978679 479 11229560140193363358
HIT 3 1494669328439 348 18246368217866161200
HIT 3 1941345927223 452 12534883385202010876
HIT 3 2057310044215 479 6568063892668599552
HIT 3 1494669393975 348 10222642529288332949
HIT 3 1941345992759 452 8180674996707145576
HIT 3 2057310109751 479 2203349510542028290
HIT 3 1494669459511 348 13073113293730596290
HIT 3 1941346058295 452 12249695464354176834
HIT 3 2057310175287 479 625527099882638846
HIT 3 1494669525047 348 14296062932732250723
HIT 3 1941346123831 452 14426623015887100062
HIT 3 2057310240823 479 14321412123224038289
HIT 3 1494669590583 348 8922496148234583502
HIT 3 1941346189367 452 3928042805900969739
HIT 3 2057310306359 479 871911400714980121
HIT 3 1494669656119 348 17164002573656167072
HIT 3 1941346254903 452 8498546243187285341
HIT 3 2057310371895 479 5909469930804781504
HIT 3 1494669721655 348 15729691770180874711
HIT 3 1941346320439 452 9669804487950826273
HIT 3 2057310437431 479 4777763895469200153
HIT 3 1494669787191 348 14662834080695529498
HIT 3 1941346385975 452 12477408220915844008
HIT 3 2057310502967 479 9515232439285176334
HIT 3 1494669852727 348 5336219392570632068
HIT 3 1941346451511 452 8318960765580745870
HIT 3 2057310568503 479 8338429076905276822
HIT 3 1494669918263 348 14478398957342406861
HIT 3 1941346517047 452 1433280607220519285
HIT 3 2057310634039 479 12907159504098851144
HIT 3 1494669983799 348 8947793726261721344
HIT 3 1941346582583 452 11428106609373991311
HIT 3 2057310699575 479 11157750860975065317
HIT 3 1494670049335 348 14887454358018361200
HIT 3 1941346648119 452 17809361359366083663
HIT 3 2057310765111 479 6527992049072948127
HIT 3 1494670114871 348 8074391480472183558
HIT 3 1941346713655 452 10360392719248209723
HIT 3 2057310830647 479 7145847343143935824
HIT 3 1494670180407 348 475149967665318603
HIT 3 1941346779191 452 15250355439418079893
HIT 3 2057310896183 479 13418022764488805077
HIT 3 1494670245943 348 8778326274365283446
HIT 3 1941346844727 452 2620812691640910450
HIT 3 2057310961719 479 11138877134218775559
HIT 3 1494670311479 348 2118279395150679466
HIT 3 1941346910263 452 8860413788837713942
HIT 3 2057311027255 479 7110795889032478951
HIT 3 1494670377015 348 15552802984977860840
HIT 3 1941346975799 452 3228896833546514481
HIT 3 2057311092791 479 6753674012906709385
HIT 3 1494670442551 348 4498609760738707486
HIT 3 1941347041335 452 11736826845636850844
HIT 3 2057311158327 479 16885359006645718752
HIT 3 1494670508087 348 5549304077159995468
HIT 3 1941347106871 452 12494161467451043205
HIT 3 2057311223863 479 5510087139902097975
HIT 3 1494670573623 348 7635982977054643343
HIT 3 1941347172407 452 8998278298815518605
HIT 3 2057311289399 479 3297927265279387048
HIT 3 1494670639159 348 10493689343581808493
HIT 3 1941347237943 452 15854966069905517548
HIT 3 2057311354935 479 13966656176833430304
HIT 3 1494670704695 348 5623875136148420463
HIT 3 1941347303479 452 3628513573567863709
HIT 3 2057311420471 479 8979685347424209940
HIT 3 1494670770231 348 2946401315461720867
HIT 3 1941347369015 452 13918132174453878947
HIT 3 2057311486007 479 1930365831672687667
HIT 3 1494670835767 348 5009916061046884936
HIT 3 1941347434551 452 5465431923197090727
HIT 3 2057311551543 479 13166008830260446718
HIT 3 1494670901303 348 11385589206784150934
HIT 3 1941347500087 452 4285300481626830153
HIT 3 2057311617079 479 6880844492967881605
HIT 3 1494670966839 348 4952475803502829691
HIT 3 1941347565623 452 8031137438709351886
HIT 3 2057311682615 479 9562698329816554986
HIT 3 1494671032375 348 13603673051283571875
HIT 3 1941347631159 452 12090437565086447081
HIT 3 2057311748151 479 15348819530780610121
HIT 3 1494671097911 348 5547569455316165322
HIT 3 1941347696695 452 15069914525788694023
HIT 3 2057311813687 479 17346778933502868286
HIT 3 1486081228855 346 2970867602540564993
HIT 3 1494671163447 348 10997486610589117041
HIT 3 1941347762231 452 16413490701189712765
HIT 3 2057311879223 479 4612778526984354406
HIT 3 1494671228983 348 2970867602540564993
HIT 3 1941347827767 452 11152227722016175686
HIT 3 2057311944759 479 15610500312216810068
HIT 3 1494671294519 348 7305238907550798962
HIT 3 1932757958711 450 7640942836123754849
HIT 3 1941347893303 452 14155583801192666242
HIT 3 1945642860599 453 2323682787094653521
HIT 3 1949937827895 454 588568318768731199
HIT 3 2048722075703 477 9965488351479477835
HIT 3 2053017042999 478 668603083932952968
HIT 3 2057312010295 479 8321251062871044798
HIT 3 2065901944887 481 7647301032092984681
HIT 3 1494671360055 348 8946057355793921647
HIT 3 1503261294647 350 7305238907550798962
HIT 3 2057318826038 479 6415233002601787851
HIT 3 2048729022518 477 2243390378660589784
HIT 3 2053023989814 478 11377265058701448539
HIT 3 2057318957110 479 15067064085881270677
HIT 3 2065908891702 481 11894963216583907886
HIT 3 1949944840246 454 17344453966952605613
HIT 3 2057319022646 479 536293926493748468
HIT 3 2057319088182 479 10423527301642171769
HIT 3 2065910595638 481 13498719963540874445
HIT 3 1941347958839 452 9969614816227435990
HIT 3 2057312075831 479 18206821774714557917
HIT 3 1503261360183 350 16822445445344773694
HIT 3 1507556327479 351 16411668844884798738
HIT 3 1511851294775 352 6661113283570109274
HIT 3 1516146262071 353 1899784516702792407
HIT 3 1520441229367 354 12573044529598192661
HIT 3 1524736196663 355 9757495794513259390
HIT 3 1529031163959 356 10946960686436221902
HIT 3 1533326131255 357 1612278408434860316
HIT 3 1537621098551 358 4703530010913568458
HIT 3 1541916065847 359 9204394010377512221
HIT 3 1546211033143 360 17688204099515458177
HIT 3 1550506000439 361 17376672509784350442
HIT 3 1554800967735 362 17136869942355412691
HIT 3 1559095935031 363 14740034119583041140
HIT 3 1563390902327 364 8224813491761967843
HIT 3 1567685869623 365 508687221925116188
HIT 3 1571980836919 366 12133081852029413817
HIT 3 1576275804215 367 9136939890077306628
HIT 3 1580570771511 368 12915520760585475772
HIT 3 1584865738807 369 17472004221941196474
HIT 3 1589160706103 370 6467201571347636006
HIT 3 1593455673399 371 17365118950167680435
HIT 3 1597750640695 372 2323528367019232825
HIT 3 1602045607991 373 9411148310785592099
HIT 3 1606340575287 374 11106879512559014741
HIT 3 1610635542583 375 9046944468243167025
HIT 3 1614930509879 376 14641786000318167007
HIT 3 1619225477175 377 16043436633910379852
HIT 3 1623520444471 378 15862354379719165273
HIT 3 1627815411767 379 15011147326318722007
HIT 3 1632110379063 380 9057062011638512839
HIT 3 1636405346359 381 3697333941948585924
HIT 3 1640700313655 382 16809001556361054004
HIT 3 1644995280951 383 9594829353067378174
HIT 3 1649290248247 384 31526794471250850
HIT 3 1653585215543 385 4142765082179677562
HIT 3 1657880182839 386 8692649527996617814
HIT 3 1662175150135 387 9225355183422253246
HIT 3 1666470117431 388 9645834384956559827
HIT 3 1670765084727 389 5343543740350936015
HIT 3 1675060052023 390 6739222086985871440
HIT 3 1679355019319 391 12961977751042820359
HIT 3 1683649986615 392 17177912035380175119
HIT 3 1687944953911 393 12330530873411884289
HIT 3 1692239921207 394 9439481195107830092
HIT 3 1696534888503 395 785780634805444155
HIT 3 1700829855799 396 14956167123967372874
HIT 3 1705124823095 397 12547922895122096077
HIT 3 1709419790391 398 14909853221710188153
HIT 3 1713714757687 399 1031219797149694667
HIT 3 1718009724983 400 4953372501715188038
HIT 3 1722304692279 401 11982126137870533638
HIT 3 1726599659575 402 16347581682110032200
HIT 3 1730894626871 403 18372383244691469005
HIT 3 1735189594167 404 6547868533236236853
HIT 3 1739484561463 405 10201373770564396222
HIT 3 1743779528759 406 344759604006136445
HIT 3 1748074496055 407 13139403363454728726
HIT 3 1752369463351 408 1181379372814591500
HIT 3 1756664430647 409 3388012391137277325
HIT 3 1760959397943 410 10321019715442144267
HIT 3 1765254365239 411 16452829498342806199
HIT 3 1769549332535 412 16657023661192056810
HIT 3 1773844299831 413 11060014289521489147
HIT 3 1778139267127 414 621697559527830128
HIT 3 1782434234423 415 13993300989826467139
HIT 3 1786729201719 416 10480140093562180316
HIT 3 1791024169015 417 3354109110795234305
HIT 3 1795319136311 418 12500128260714105327
HIT 3 1799614103607 419 7966660349021878046
HIT 3 1803909070903 420 16304816108581866729
HIT 3 1808204038199 421 15566756257996856302
HIT 3 1812499005495 422 6513061332007756503
HIT 3 1816793972791 423 5949552635668855126
HIT 3 1821088940087 424 3458001473342487637
HIT 3 1825383907383 425 10444581515016826917
HIT 3 1829678874679 426 7318904448796380892
HIT 3 1833973841975 427 1946619371224010514
HIT 3 1838268809271 428 12731718151059485629
HIT 3 1842563776567 429 10282852606848370092
HIT 3 1846858743863 430 4973437747740983079
HIT 3 1851153711159 431 3442387297575185350
HIT 3 1855448678455 432 3566790202233271936
HIT 3 1859743645751 433 11257465903160982621
HIT 3 1864038613047 434 12738831141112382723
HIT 3 1868333580343 435 15898675203421683250
HIT 3 1872628547639 436 12244449344520836001
HIT 3 1876923514935 437 422915367355261801
HIT 3 1881218482231 438 2330902234040582393
HIT 3 1885513449527 439 5818353635039404218
HIT 3 1889808416823 440 14116569514434273004
HIT 3 1894103384119 441 4221316398657928323
HIT 3 1898398351415 442 17779982722961672301
HIT 3 1902693318711 443 4496641244034705056
HIT 3 1906988286007 444 16235300587113572565
HIT 3 1911283253303 445 16693882459022972042
HIT 3 1915578220599 446 17753031245861892236
HIT 3 1919873187895 447 2279953682483371835
HIT 3 1924168155191 448 8017872442817529117
HIT 3 1928463122487 449 16836330395042567013
HIT 3 1932758089783 450 2388235592762149612
HIT 3 1937053057079 451 16933621415715963725
HIT 3 1941348024375 452 8376568989668505557
HIT 3 1945642991671 453 4442588240173262913
HIT 3 1949937958967 454 15771274312765156756
HIT 3 1954232926263 455 5747968178562462911
HIT 3 1958527893559 456 634089658045753256
HIT 3 1962822860855 457 11542687530840696677
HIT 3 1967117828151 458 3812653163265653280
HIT 3 1971412795447 459 8505640106509153043
HIT 3 1975707762743 460 16936752766404319350
HIT 3 1980002730039 461 17715608159350120134
HIT 3 1984297697335 462 8965946452548801661
HIT 3 1988592664631 463 2335903287700798625
HIT 3 1992887631927 464 6855126316766006764
HIT 3 1997182599223 465 7760143336507856911
HIT 3 2001477566519 466 11843029231222088378
HIT 3 2005772533815 467 9906156670216122923
HIT 3 2010067501111 468 11124537949268709047
HIT 3 2014362468407 469 12562635580489180602
HIT 3 2018657435703 470 10180979461799004532
HIT 3 2022952402999 471 8102838907128881419
HIT 3 2027247370295 472 9120274276277547800
HIT 3 2031542337591 473 2885239177024523566
HIT 3 2035837304887 474 7969632319893001999
HIT 3 2040132272183 475 1771803608202130713
HIT 3 2044427239479 476 17850007180217852228
HIT 3 2048722206775 477 8695257533403162543
HIT 3 2053017174071 478 5059193816430771089
HIT 3 2057312141367 479 860331706285791718
HIT 3 2061607108663 480 4752837363341411421
HIT 3 2065902075959 481 18388587849374141086
HIT 3 2070197043255 482 16602932275338496418
HIT 3 2074492010551 483 6915997506672306900
HIT 3 2078786977847 484 5934902865965199722
HIT 3 2083081945143 485 13934309823983970302
HIT 3 2087376912439 486 10176477562316624567
HIT 3 2091671879735 487 15560881929532437728
HIT 3 2095966847031 488 9115228288648753294
HIT 3 2100261814327 489 12559014035264076098
HIT 3 2104556781623 490 17772372783861699506
HIT 3 2108851748919 491 653563226552824084
HIT 3 2113146716215 492 13031456993786211646
HIT 3 2117441683511 493 5434742188832183557
HIT 3 2121736650807 494 14960361750491844112
HIT 3 2126031618103 495 631942101951636969
HIT 3 2130326585399 496 18014437921960660193
HIT 3 2134621552695 497 2494519493712561168
HIT 3 2138916519991 498 11944179319229808483
HIT 3 2143211487287 499 11286119004484262574
HIT 3 2147506454583 500 17147243519732287100
HIT 3 2151801421879 501 6845604466935816053
HIT 3 2156096389175 502 1482696246161757156
HIT 3 2160391356471 503 463795422414595054
HIT 3 2164686323767 504 4165907940716073140
HIT 3 2168981291063 505 12073468163910622123
HIT 3 2173276258359 506 5684322297076440332
HIT 3 2177571225655 507 2229127535753769972
HIT 3 2181866192951 508 3533219507137104854
HIT 3 2186161160247 509 16795100660319487865
HIT 3 2190456127543 510 17518862583340564091
HIT 3 2194751094839 511 15934971582067562913
HIT 3 1503261425719 350 4603946466552574872
HIT 3 1507556393015 351 1899784516702792407
HIT 3 1511851360311 352 16822445445344773694
HIT 3 1932758155319 450 11074503696237888071
HIT 3 1941348089911 452 5714159118190892878
HIT 3 1945643057207 453 6158853054409360935
HIT 3 1949938024503 454 12479031226726585802
HIT 3 2048722272311 477 18094415700641139507
HIT 3 2053017239607 478 16781586630659556449
HIT 3 2057312206903 479 9233202996413365882
HIT 3 2065902141495 481 14497835068431527043
HIT 3 1932758220855 450 10264497257058587691
HIT 3 1941348155447 452 9817698391660949474
HIT 3 1945643122743 453 14896345764296510227
HIT 3 1949938090039 454 8054863947555262162
HIT 3 2048722337847 477 2808677664828147131
HIT 3 2053017305143 478 12019673506805515445
HIT 3 2057312272439 479 9474938732099393552
HIT 3 2065902207031 481 7302641637133263310
HIT 3 1511851491383 352 17985526043510497696
HIT 3 1941348220983 452 14538343213478176051
HIT 3 2057312337975 479 17221464364198647172
HIT 3 1941348286519 452 7490462070967286831
HIT 3 2057312403511 479 11143213545579589950
HIT 3 1941348352055 452 14636847727844197078
HIT 3 2057312469047 479 1027719253333951543
HIT 3 1941348417591 452 14489842115293536144
HIT 3 2057312534583 479 4252800001334516305
HIT 3 1941348483127 452 17198733077671679627
HIT 3 2057312600119 479 4425584074234798809
HIT 3 1941348548663 452 15540812334024591219
HIT 3 2057312665655 479 8784662462220678910
HIT 3 1941348614199 452 13690588277851521250
HIT 3 2057312731191 479 14860070395140680898
HIT 3 1941348679735 452 6155393217254518887
HIT 3 2057312796727 479 14456285203895080298
HIT 3 1941348745271 452 5876692850194741710
HIT 3 2057312862263 479 2308245959334710659
HIT 3 1941348810807 452 2868317960951896901
HIT 3 2057312927799 479 12178799307964333004
HIT 3 1941348876343 452 18221394212018300299
HIT 3 2057312993335 479 9399131117107553889
HIT 3 1941348941879 452 4847871724305277539
HIT 3 2057313058871 479 1752754424196269051
HIT 3 1941349007415 452 4260245864455413974
HIT 3 2057313124407 479 8992111040609376605
HIT 3 1941349072951 452 11991980257937101695
HIT 3 2057313189943 479 10944021450290733467
HIT 3 1941349138487 452 8201691096572911196
HIT 3 2057313255479 479 15506187563742655639
HIT 3 1941349204023 452 2376478942639553309
HIT 3 2057313321015 479 14153663941187187590
HIT 3 1941349269559 452 11920324924527376041
HIT 3 2057313386551 479 11034612767994297831
HIT 3 1941349335095 452 7942041924851573825
HIT 3 2057313452087 479 7314169708645361579
HIT 3 1941349400631 452 13082432167223204622
HIT 3 2057313517623 479 12315681157892465636
HIT 3 1941349466167 452 466421168790790131
HIT 3 2057313583159 479 10121376720641594335
HIT 3 1941349531703 452 9753296758859291597
HIT 3 2057313648695 479 9312991064664225456
HIT 3 1941349597239 452 15244552913419450069
HIT 3 2057313714231 479 15682168696998764239
HIT 3 1941349662775 452 10709343740606466759
HIT 3 2057313779767 479 16726681724479649113
HIT 3 1494658252857 348 14217032094623326628
HIT 3 1941334851641 452 3412816254957746684
HIT 3 2057298968633 479 4046441893870736479
HIT 3 648549761081 151 12020166212275828707
HIT 3 1941348024376 452 17457904292204851619
HIT 3 2057312141368 479 7261217386669576063
HIT 3 1941349728311 452 9018743739058916996
HIT 3 1494658318393 348 13719216550560758561
HIT 3 2057313845303 479 8055661750010175686
HIT 3 1941349793847 452 4849780965637428864
HIT 3 2057313910839 479 1829657530752845432
HIT 3 1941349859383 452 2398512117302279990
HIT 3 2057313976375 479 9774448150655458147
HIT 3 1941349924919 452 9955258441037935592
HIT 3 2057314041911 479 5452345506077247960
HIT 3 1941349990455 452 11177325832605642460
HIT 3 2057314107447 479 14416720452421566927
HIT 3 1941350055991 452 16129966397807048766
HIT 3 2057314172983 479 15431963888622735236
HIT 3 1941350121527 452 9762743600025795309
HIT 3 2057314238519 479 10150209746102035934
HIT 3 1941350187063 452 383173424183690386
HIT 3 2057314304055 479 1683058597847155991
HIT 3 1941350252599 452 14593416842069986553
HIT 3 2057314369591 479 5643378626576835747
HIT 3 1941350318135 452 5167057969439784912
HIT 3 2057314435127 479 4708317788763366612
HIT 3 1941334917177 452 18290983904664811074
HIT 3 1941350383671 452 11048155348606372954
HIT 3 2057314500663 479 7716635395424255616
HIT 3 2057299034169 479 1686338169209559894
HIT 3 1941350449207 452 5483949649378644732
HIT 3 2057314566199 479 777049284829079004
HIT 3 1941350514743 452 15118363355517275694
HIT 3 2057314631735 479 1005252766687262439
HIT 3 1941350580279 452 6752792794700826379
HIT 3 2057314697271 479 6418654559907647305
HIT 3 1486068449337 346 9946573551027894254
HIT 3 1494658383929 348 7686611888992839482
HIT 3 1498953351225 349 5015093431523289114
HIT 3 1503248318521 350 14812737857333287827
HIT 3 1941350645815 452 6148550047028477441
HIT 3 2057314762807 479 4108539984201811521
HIT 3 1932745048121 450 9580774254661305444
HIT 3 1941334982713 452 5823123547710544825
HIT 3 1945629950009 453 14442070788957648281
HIT 3 1949924917305 454 17195102853472014834
HIT 3 1941350711351 452 9609813060662458138
HIT 3 2048709165113 477 17090653188181063022
HIT 3 2053004132409 478 7719177048512115304
HIT 3 2057314828343 479 4346094338702900343
HIT 3 2057299099705 479 5125374199462285978
HIT 3 2065889034297 481 13235471904814334182
HIT 3 1941350776887 452 2389445217321424868
HIT 3 2057314893879 479 11879885164090455303
HIT 3 1941350842423 452 553614036813419132
HIT 3 2057314959415 479 8000243518472613483
HIT 3 1941350907959 452 10801404699841250472
HIT 3 2057315024951 479 980489003091800323
HIT 3 1941350973495 452 5770665738412907143
HIT 3 2057315090487 479 8515779069308256190
HIT 3 1941351039031 452 16346291930884836939
HIT 3 1494658515001 348 7941530101875854649
HIT 3 2057315156023 479 16697370136857045200
HIT 3 1941335113785 452 16684887446037131312
HIT 3 1941351104567 452 12824547666464383811
HIT 3 2057299230777 479 6212064754432092363
HIT 3 2057315221559 479 2715752418811991864
HIT 3 1941351170103 452 14852102090006446705
HIT 3 2057315287095 479 2499284218808377059
HIT 3 1941351235639 452 10339703037000843510
HIT 3 2057315352631 479 17910995764391580801
HIT 3 1941351301175 452 13435114005928561801
HIT 3 2057315418167 479 10390622836051501836
HIT 3 1941351366711 452 5485240690866903779
HIT 3 2057315483703 479 11257722728820033546
HIT 3 1941351432247 452 13250440601155843025
HIT 3 2057315549239 479 494911966767991643
HIT 3 1941351497783 452 3958295134476479297
HIT 3 2057315614775 479 7242514186334578375
HIT 3 1941351563319 452 16472298137740021541
HIT 3 2057315680311 479 4532735878361191775
HIT 3 1941351628855 452 8117737789976724514
HIT 3 2057315745847 479 16795794588022737831
HIT 3 1941351694391 452 9917277197745385763
HIT 3 2057315811383 479 4310482784883717480
HIT 3 1941351759927 452 14740955556659135279
HIT 3 2057315876919 479 9685466221285347630
HIT 3 1941351825463 452 2199570002851290754
HIT 3 2057315942455 479 16724097280187783889
HIT 3 1941351890999 452 9745991720537708112
HIT 3 2057316007991 479 10115141878909961317
HIT 3 1941351956535 452 12167908706433314402
HIT 3 2057316073527 479 6838580488664983614
HIT 3 1941352022071 452 17740232795615519595
HIT 3 2057316139063 479 16012884166789649658
HIT 3 1941352087607 452 1866787122927108913
HIT 3 2057316204599 479 8558281944185549818
HIT 3 1941352153143 452 1781759893627596276
HIT 3 2057316270135 479 11538938939698382435
HIT 3 1941352218679 452 15400506760829736890
HIT 3 2057316335671 479 1998158232293768816
HIT 3 1941352284215 452 892893340912962198
HIT 3 2057316401207 479 4353391169043791581
HIT 3 1941352349751 452 13576003087621883877
HIT 3 2057316466743 479 6978408316046248142
HIT 3 1941352415287 452 14952332377059700086
HIT 3 2057316532279 479 18048191667665709344
HIT 3 1941352480823 452 961452587061581760
HIT 3 2057316597815 479 3657327029827579219
HIT 3 1941352546359 452 1901778128039876720
HIT 3 2057316663351 479 747748763447690717
HIT 3 1941352611895 452 18284739650519106340
HIT 3 2057316728887 479 6430331225153801841
HIT 3 1941352677431 452 7590046094459631872
HIT 3 2057316794423 479 11919874702271418865
HIT 3 1941352742967 452 13134364490846543400
HIT 3 2057316859959 479 6797515046225557109
HIT 3 1941352808503 452 10032653904456357753
HIT 3 2057316925495 479 4814739497607927784
HIT 3 1941352874039 452 8051435430095290646
HIT 3 2057316991031 479 2733244235242272082
HIT 3 1941352939575 452 11476446137242572117
HIT 3 2057317056567 479 11253808842426254844
HIT 3 1941353005111 452 4983071458902813532
HIT 3 2057317122103 479 5732809812166058205
HIT 3 1941353070647 452 14798118269925099249
HIT 3 2057317187639 479 4552395933130816524
HIT 3 1941353136183 452 5087245569143353640
HIT 3 2057317253175 479 14174684419732932278
HIT 3 1941353201719 452 16141811467662501031
HIT 3 2057317318711 479 12677802835235087934
HIT 3 1941353267255 452 921851953811387306
HIT 3 2057317384247 479 16144380086443326809
HIT 3 1941353332791 452 8109442640871730317
HIT 3 2057317449783 479 17138685314372969508
HIT 3 1941353398327 452 15855165292873335468
HIT 3 2057317515319 479 11312157582348818107
HIT 3 1941353463863 452 3866908347173391398
HIT 3 2057317580855 479 1426025876342874240
HIT 3 1941353529399 452 11304846468539155181
HIT 3 2057317646391 479 1443936455001550563
HIT 3 1941353594935 452 10108726229730646211
HIT 3 2057317711927 479 9025742681252234836
HIT 3 1941353660471 452 16615543515875874277
HIT 3 2057317777463 479 10690146232859928799
HIT 3 1941353726007 452 5248661275720490102
HIT 3 2057317842999 479 2856256741319522822
HIT 3 1941353791543 452 5229291841888993430
HIT 3 2057317908535 479 8089100627532329093
HIT 3 1941353857079 452 12480357219058359476
HIT 3 2057317974071 479 16995661813491893871
HIT 3 1941353922615 452 5062719206988930129
HIT 3 2057318039607 479 13445001552522920586
HIT 3 1941353988151 452 852478182043421129
HIT 3 2057318105143 479 16591557099673344805
HIT 3 1941354053687 452 6690047025817583881
HIT 3 2057318170679 479 13935094328840245046
HIT 3 1941354119223 452 14061435886858942355
HIT 3 2057318236215 479 354628521363493635
HIT 3 1941354184759 452 2503746463935265829
HIT 3 2057318301751 479 18061641820839767033
HIT 3 1941354250295 452 6181926828402206519
HIT 3 2057318367287 479 1033279169746360115
HIT 3 1941354315831 452 16882369540715454395
HIT 3 2057318432823 479 7867191773045432339
HIT 3 1941354381367 452 15093564090111702349
HIT 3 2057318498359 479 11243108848788517503
HIT 3 1941354446903 452 2967111933331414831
HIT 3 2057318563895 479 15059592754772512570
HIT 3 1941354512439 452 7604769022274649633
HIT 3 2057318629431 479 12260892558648258945
HIT 3 1932764643383 450 4178047240528646162
HIT 3 1941354577975 452 8900845430423593854
HIT 3 2057318694967 479 2737323845374416638
HIT 3 1941354643511 452 4178047240528646162
HIT 3 2057318760503 479 12618636927294598157
HIT 3 1941354709047 452 1045961799194270599
HIT 3 2048728891447 477 11344076358503436484
HIT 3 2053023858743 478 5820966525100083858
HIT 3 2057318826039 479 5162977418175151778
HIT 3 2065908760631 481 16048349528339616415
HIT 3 1941354774583 452 9995045488895696603
HIT 3 1949944709175 454 1045961799194270599
HIT 3 2057318891575 479 1861697744242806386
HIT 3 1949944774711 454 6841882824893395970
HIT 3 1954239742007 455 12070622644942040185
HIT 3 1958534709303 456 3430156993868475849
HIT 3 1962829676599 457 7832815119803008440
HIT 3 1967124643895 458 2598058257943322903
HIT 3 1971419611191 459 208113300419834421
HIT 3 1975714578487 460 16962771863113628575
HIT 3 1980009545783 461 7605753762257029356
HIT 3 1984304513079 462 9313845684865212874
HIT 3 1988599480375 463 5562058568494254297
HIT 3 1992894447671 464 3083848272068606471
HIT 3 1997189414967 465 4973133315974185234
HIT 3 2001484382263 466 6742215899238314474
HIT 3 2005779349559 467 5498556572897334978
HIT 3 2010074316855 468 11810168021299843669
HIT 3 2014369284151 469 7832949531586695334
HIT 3 2018664251447 470 9187126814701383078
HIT 3 2022959218743 471 2009643224734359288
HIT 3 2027254186039 472 8416220541778404270
HIT 3 2031549153335 473 16184101524834074939
HIT 3 2035844120631 474 17989439376679726136
HIT 3 2040139087927 475 1680279778628733603
HIT 3 2044434055223 476 4940681616243002290
HIT 3 2048729022519 477 4520421578977433504
HIT 3 2053023989815 478 15732214155765052494
HIT 3 2057318957111 479 14632773448104471023
HIT 3 2061613924407 480 7070162495848486591
HIT 3 2065908891703 481 7067861758936277249
HIT 3 2070203858999 482 7434603841967778772
HIT 3 2074498826295 483 5671899897941544516
HIT 3 2078793793591 484 2083761613949520632
HIT 3 2083088760887 485 2959789759147197821
HIT 3 2087383728183 486 2122350679548144594
HIT 3 2091678695479 487 1724128911284140858
HIT 3 2095973662775 488 15447910185581462614
HIT 3 2100268630071 489 17398823309348721822
HIT 3 2104563597367 490 369387506500921362
HIT 3 2108858564663 491 16306386774957696666
HIT 3 2113153531959 492 4341917673920354220
HIT 3 2117448499255 493 8647988282526742205
HIT 3 2121743466551 494 10486719095649934612
HIT 3 2126038433847 495 14257843707731945418
HIT 3 2130333401143 496 11265230664429171720
HIT 3 2134628368439 497 1162867010784623162
HIT 3 2138923335735 498 4885138922042161156
HIT 3 2143218303031 499 14286861313228633616
HIT 3 2147513270327 500 14127031928672464770
HIT 3 2151808237623 501 14113192224203984523
HIT 3 2156103204919 502 17344076262943014562
HIT 3 2160398172215 503 5857705773470318927
HIT 3 2164693139511 504 17378057312224626406
HIT 3 2168988106807 505 653179867046882653
HIT 3 2173283074103 506 4482921457261829585
HIT 3 2177578041399 507 18377595831686627724
HIT 3 2181873008695 508 10948469112763696035
HIT 3 2186167975991 509 16777727945938923270
HIT 3 2190462943287 510 5446796467875144972
HIT 3 2194757910583 511 8672745585788227800
HIT 3 1949944840247 454 14138681522474146323
HIT 3 1954239807543 455 7832815119803008440
HIT 3 1958534774839 456 6841882824893395970
HIT 3 2048729088055 477 12615758228408113050
HIT 3 2053024055351 478 15860246092275351607
HIT 3 2057319022647 479 2195674375918418551
HIT 3 2065908957239 481 12944059138702763881
HIT 3 2048729153591 477 2380294110613595151
HIT 3 2053024120887 478 2317113143821993828
HIT 3 2057319088183 479 5930472239046298116
HIT 3 2065909022775 481 6668978956142246945
HIT 3 1958534905911 456 7984586228068136604
HIT 3 2057319153719 479 13842576974188298298
HIT 3 2057319219255 479 6547479039480251006
HIT 3 2057319284791 479 1730855312278166210
HIT 3 2057319350327 479 2453719258252286488
HIT 3 2057319415863 479 3801147172563782558
HIT 3 2057319481399 479 17130333656341135153
HIT 3 2057319546935 479 17936932969666790753
HIT 3 2057319612471 479 2845907823677070145
HIT 3 2057319678007 479 13911435626323991524
HIT 3 2057318957112 479 7813423476243561119
HIT 3 2057319743543 479 1206793131864895594
HIT 3 2057319809079 479 17196305406004071581
HIT 3 2057319874615 479 2712951667244364824
HIT 3 2057319940151 479 626231300107807211
HIT 3 2057320005687 479 17040111407097309779
HIT 3 2057320071223 479 5891751888789255445
HIT 3 2057320136759 479 14825962017295937523
HIT 3 2057320202295 479 9044139412001967964
HIT 3 2057320267831 479 6424871925405104075
HIT 3 2057320333367 479 6961006376559855675
HIT 3 2057320398903 479 4701699251246197583
HIT 3 2048730529847 477 4701699251246197583
HIT 3 2057320464439 479 12505057587182776296
HIT 3 2057320529975 479 4872686518942266990
HIT 3 2065910464567 481 11995399285338446056
HIT 3 2057320595511 479 11995399285338446056
HIT 3 2061615628343 480 12048734549506590653
HIT 3 2065910595639 481 16535864839935516929
HIT 3 2074500530231 483 11111395102106622343
HIT 3 2061615693879 480 11560725489750608761
HIT 3 2065910661175 481 11111395102106622343
HIT 3 2070205628471 482 12048734549506590653
HIT 3 2074500595767 483 11689420460167055470
HIT 3 2078795563063 484 15379115642228421517
HIT 3 2083090530359 485 11667306982853715045
HIT 3 2087385497655 486 17718302545559976270
HIT 3 2091680464951 487 5408963072233157829
HIT 3 2095975432247 488 4225266265231832671
HIT 3 2100270399543 489 229319104615489675
HIT 3 2104565366839 490 2795625330044394410
HIT 3 2108860334135 491 6775546583040529640
HIT 3 2113155301431 492 13121682816068686738
HIT 3 2117450268727 493 11765576919137814040
HIT 3 2121745236023 494 2019759460328499269
HIT 3 2126040203319 495 2979143530159044764
HIT 3 2130335170615 496 7157011180197814787
HIT 3 2134630137911 497 3416634659878530033
HIT 3 2138925105207 498 18117452596956145462
HIT 3 2143220072503 499 17301911069079911191
HIT 3 2147515039799 500 12237096152944887677
HIT 3 2151810007095 501 15260618639387827002
HIT 3 2156104974391 502 16314904601703564346
HIT 3 2160399941687 503 13894748926245321239
HIT 3 2164694908983 504 13702832630679237407
HIT 3 2168989876279 505 5735958711596432362
HIT 3 2173284843575 506 1526683581905006199
HIT 3 2177579810871 507 2269257581039150454
HIT 3 2181874778167 508 11164867999682374343
HIT 3 2186169745463 509 3583028235238137227
HIT 3 2190464712759 510 361663158134515413
HIT 3 2194759680055 511 5112152193504382662
HIT 3 2074500661303 483 17229548852932393352
HIT 3 1494658383930 348 8475891351829114538
HIT 3 1941334982714 452 18147321656583394434
HIT 3 2057299099706 479 7402342500148947097
HIT 3 1941347893305 452 8290402109367091372
HIT 3 2057312010297 479 1746316189817334866
HIT 3 1932758089785 450 18276140397162966799
HIT 3 1941348024377 452 2214596759645983545
HIT 3 1945642991673 453 14681006704163824341
HIT 3 1949937958969 454 1730530346383692793
HIT 3 2048722206777 477 13196271338455217637
HIT 3 2053017174073 478 3573834256714532620
HIT 3 2057312141369 479 17445228065814384992
HIT 3 2065902075961 481 5765580462084509010
HIT 3 1503261425721 350 1035120017070140892
HIT 3 1941348089913 452 6406614316048192571
HIT 3 2057312206905 479 15012002675764785171
HIT 3 1941348155449 452 707552900644953843
HIT 3 2057312272441 479 3265733315637385701
HIT 3 2057318826041 479 2031297099070272011
HIT 3 2048729022521 477 10097096236139507109
HIT 3 2053023989817 478 540629922785969299
HIT 3 2057318957113 479 12127098557175873894
HIT 3 2065908891705 481 5659242662947256239
HIT 3 1949944840249 454 2430703621654780578
HIT 3 2057319022649 479 8505080620535060689
HIT 3 2057319088185 479 7161394607274407723
HIT 3 1494658383931 348 6353214293488255322
HIT 3 1941334982715 452 5791849273487852402
HIT 3 2057299099707 479 6600064574612832155
HIT 3 2065910595641 481 15067422132032804905
HIT 3 1494658383932 348 3327723995660181732
HIT 3 1941334982716 452 17722011163370347679
HIT 3 2057299099708 479 1780851153585848820
HIT 3 1494658383933 348 4772105725362314965
HIT 3 1941334982717 452 15997506574716679847
HIT 3 2057299099709 479 6882377146174379119
HIT 3 1941348024378 452 4746953293639875750
HIT 3 2057312141370 479 14451840008922831195
HIT 3 2057318957114 479 9348078523928638331
HIT 3 1941348024379 452 1341545951732103613
HIT 3 2057312141371 479 3545301552785881804
HIT 3 1941348024380 452 2960117335116774769
HIT 3 2057312141372 479 16306902912532281610
HIT 3 2057318957115 479 18141187969585019481
HIT 3 1941348024381 452 5736772033666398052
HIT 3 2057312141373 479 10789162228379797894
HIT 3 2057318957116 479 14259252359306094798
HIT 3 2057318957117 479 4392331663299551945
HIT 3 1494658383934 348 14683075398543427279
HIT 3 1941334982718 452 3272908647186519001
HIT 3 2057299099710 479 14599977671108610719
HIT 3 1494658383935 348 15478127427452061736
HIT 3 1941334982719 452 915923305581252215
HIT 3 2057299099711 479 8852482179098345614
HIT 3 1494658383937 348 15094933644515470753
HIT 3 1941334982721 452 16432594270009742957
HIT 3 2057299099713 479 5009140231704614075
HIT 3 1494658383936 348 16057260340925910713
HIT 3 1941334982720 452 7542451680302089486
HIT 3 2057299099712 479 892321954893688891
HIT 3 1941348024382 452 10604211278140249763
HIT 3 2057312141374 479 463658300895495500
HIT 3 2057318957118 479 1088541250589843456
HIT 3 1941348024383 452 10702057774355730413
HIT 3 2057312141375 479 10305691267017963415
HIT 3 1941348024385 452 11021770808140547624
HIT 3 2057312141377 479 10102083129129949354
HIT 3 2057318957119 479 6659532823314686321
HIT 3 1941348024384 452 6329246468846066561
HIT 3 2057312141376 479 7755160737020574486
HIT 3 2057318957121 479 17461204099429616183
HIT 3 2057318957120 479 2111328460854400329
HIT 3 1494658383938 348 4233964430883416818
HIT 3 1941334982722 452 820141111596522669
HIT 3 2057299099714 479 15913783789832621842
HIT 3 1494658383940 348 6022630058876972534
HIT 3 1941334982724 452 5735898799256006051
HIT 3 2057299099716 479 13884292198079116332
HIT 3 1494658383939 348 10484819020017334526
HIT 3 1941334982723 452 8111444386470754588
HIT 3 2057299099715 479 3741059750935065491
HIT 3 1494658383941 348 12773740473270408668
HIT 3 1941334982725 452 13706751403018941323
HIT 3 2057299099717 479 1533308743021059622
HIT 3 1941348024388 452 13245075879783669958
HIT 3 2057312141380 479 4007829434438737675
HIT 3 2057318957124 479 11655982166823327009
HIT 3 1941348024386 452 6584736151434304706
HIT 3 2057312141378 479 7838708951260534630
HIT 3 1941348024387 452 2067048897010017504
HIT 3 2057312141379 479 9942582880717980091
HIT 3 2057318957122 479 10124916889178911834
HIT 3 2057318957123 479 12102226659438634735
HIT 3 1941348024389 452 18344671287862522600
HIT 3 2057312141381 479 16169805664449116259
HIT 3 1494658383942 348 13411780438400619198
HIT 3 1941334982726 452 17370068627897031717
HIT 3 2057299099718 479 6977312268088009574
HIT 3 2057318957125 479 2026995619220350344
HIT 3 1494658383943 348 9581899107754719211
HIT 3 1941334982727 452 10623364749101887367
HIT 3 2057299099719 479 8977603804689152512
HIT 3 1494658383944 348 11692886094230638492
HIT 3 1941334982728 452 15380264853681734834
HIT 3 2057299099720 479 808089183314156368
HIT 3 1941348024390 452 16407330611059217175
HIT 3 2057312141382 479 5522303964801710613
HIT 3 1494658383945 348 8824515540507956220
HIT 3 1941334982729 452 17484754621441180130
HIT 3 2057299099721 479 2466528027630614598
HIT 3 2057318957126 479 15459563511918081917
HIT 3 1941348024391 452 5106074253976599400
HIT 3 2057312141383 479 17041885320251828233
HIT 3 2057318957127 479 13250940580333954791
HIT 3 1494658383946 348 10635821393621156874
HIT 3 1941334982730 452 7591653669572246080
HIT 3 2057299099722 479 6658984577505317908
HIT 3 1494658383947 348 5789837464152810868
HIT 3 1941334982731 452 315491347420867717
HIT 3 2057299099723 479 5817437575749463698
HIT 3 1941348024392 452 13364776398741121913
HIT 3 2057312141384 479 12250116619600792916
HIT 3 1941348024393 452 6735108608663954382
HIT 3 2057312141385 479 3311764050084889320
HIT 3 2057318957128 479 13269108752693732386
HIT 3 2057318957129 479 3285963013184999357
HIT 3 1494658383949 348 18033791838166646008
HIT 3 1941334982733 452 6744127114671599259
HIT 3 2057299099725 479 4305495534728345956
HIT 3 1494658383948 348 7993585182452557859
HIT 3 1941334982732 452 7012973031106978372
HIT 3 2057299099724 479 9440982793853263253
HIT 3 1941348024395 452 2578893091763286620
HIT 3 2057312141387 479 2625628019234518064
HIT 3 1941348024394 452 14813974803147727968
HIT 3 2057312141386 479 5390477785448493118
HIT 3 2057318957130 479 11221131044256921192
HIT 3 2057318957131 479 1565936627804443842
HIT 3 1941348024397 452 4711807685300960329
HIT 3 2057312141389 479 14418749263574340279
HIT 3 1494658383950 348 13313171775957115874
HIT 3 1941334982734 452 13289994227786761528
HIT 3 2057299099726 479 15315030429241695287
HIT 3 2057318957133 479 13220009717774170392
HIT 3 1494658383951 348 17829884641324499149
HIT 3 1941334982735 452 4912816761249899986
HIT 3 2057299099727 479 17717806654354851752
HIT 3 1941348024396 452 10194278371406089567
HIT 3 2057312141388 479 4656358113333467918
HIT 3 1494658383952 348 12310020399043991574
HIT 3 1941334982736 452 4695764858655197695
HIT 3 2057299099728 479 14405607602333186972
HIT 3 2057318957132 479 13938822417550606581
HIT 3 1941348024398 452 17885076327937313446
HIT 3 2057312141390 479 2953291239786882265
HIT 3 1494658383953 348 7805401115389480043
HIT 3 1941334982737 452 2320493979167847424
HIT 3 2057299099729 479 9723904172322584668
HIT 3 1941348024400 452 12984162493190011276
HIT 3 2057312141392 479 9581741367506060030
HIT 3 1941348024399 452 11050918840886771183
HIT 3 2057312141391 479 18327636349777034099
HIT 3 2057318957136 479 10045189598508391493
HIT 3 2057318957134 479 9057230477547719279
HIT 3 2057318957135 479 15998509074295775380
HIT 3 1494658383954 348 2483470946033132893
HIT 3 1941334982738 452 17069934571909385255
HIT 3 2057299099730 479 6818196134680459252
HIT 3 1494658383955 348 10858532962926401643
HIT 3 1941334982739 452 16713325641001432117
HIT 3 2057299099731 479 11428231205492096531
HIT 3 1494658383956 348 10412051811021782980
HIT 3 1941334982740 452 13487711976112343502
HIT 3 2057299099732 479 10537105677897873984
HIT 3 1941348024401 452 8927303383371764106
HIT 3 2057312141393 479 6585243554893557222
HIT 3 2057318957137 479 11496486106201589881
HIT 3 1941348024402 452 13112638713632150012
HIT 3 2057312141394 479 11886393568298553621
HIT 3 1941348024403 452 11149317619412108749
HIT 3 2057312141395 479 1399206277798178772
HIT 3 2057318957138 479 2644881051745416842
HIT 3 1494658383957 348 3078411216865646415
HIT 3 1941334982741 452 12003454102626626513
HIT 3 2057299099733 479 3627140357488690411
HIT 3 2057318957139 479 4031622916148750730
HIT 3 1941348024404 452 753574777159387030
HIT 3 2057312141396 479 8693787631612305353
HIT 3 2057318957140 479 9943398598152410130
HIT 3 1494658383958 348 17327838452225256689
HIT 3 1941334982742 452 17444313484494877519
HIT 3 2057299099734 479 13300049666975406407
HIT 3 1494658383959 348 8584525531599485286
HIT 3 1941334982743 452 16307355287488976927
HIT 3 2057299099735 479 1404722977938562504
HIT 3 1494658383960 348 13087555977032437933
HIT 3 1941334982744 452 13111804688595023496
HIT 3 2057299099736 479 9991607900963172249
HIT 3 1941348024407 452 13498729571959684690
HIT 3 2057312141399 479 728032886266373497
HIT 3 1941348024406 452 13509886413371331291
HIT 3 2057312141398 479 17631208672951606460
HIT 3 1941348024405 452 10728291887611923916
HIT 3 2057312141397 479 4750749811315162239
HIT 3 2057318957142 479 14565502337299864947
HIT 3 2057318957143 479 16890967742434108815
HIT 3 2057318957141 479 15679600006673468360
HIT 3 1494658383961 348 13684160209762747877
HIT 3 1941334982745 452 16381643024550051960
HIT 3 2057299099737 479 9870681528583221415
HIT 3 1494658383962 348 3838129249257468784
HIT 3 1941334982746 452 10266005895161035476
HIT 3 2057299099738 479 5348395082618672748
HIT 3 1494658383963 348 2294317772892831674
HIT 3 1941334982747 452 3042208091096339085
HIT 3 2057299099739 479 3585645328708084813
HIT 3 1941348024408 452 18170809121008985976
HIT 3 2057312141400 479 3110321703762139032
HIT 3 1941348024409 452 14783804611451201952
HIT 3 2057312141401 479 1176812899970021256
HIT 3 1941348024410 452 9390016166573967661
HIT 3 2057312141402 479 10888427461544272746
HIT 3 2057318957144 479 7209824151788109020
HIT 3 2057318957145 479 12974193176670138610
HIT 3 2057318957146 479 4615276605325022501
HIT 3 1494658383965 348 4415165354919661848
HIT 3 1941334982749 452 16770868324156298677
HIT 3 2057299099741 479 5539553042733774730
HIT 3 1494658383966 348 16724304188581905952
HIT 3 1941334982750 452 17517261863750345478
HIT 3 2057299099742 479 13563877346315613657
HIT 3 1494658383964 348 13207655209425588396
HIT 3 1941334982748 452 15986464793711683368
HIT 3 2057299099740 479 5304945089555381466
HIT 3 1941348024411 452 18316466590279626363
HIT 3 2057312141403 479 14683334768516389013
HIT 3 2057318957147 479 4142452038098911553
HIT 3 1941348024413 452 18247771388228060739
HIT 3 2057312141405 479 8576816124899689694
HIT 3 1941348024414 452 8980251949475051583
HIT 3 2057312141406 479 18013322448666724115
HIT 3 2057318957149 479 17381961385617963379
HIT 3 2057318957150 479 2716852940096867570
HIT 3 1494658383967 348 12496402435884704065
HIT 3 1941334982751 452 2781864322923825096
HIT 3 2057299099743 479 12174520020239195250
HIT 3 1494658383968 348 2511979668340362376
HIT 3 1941334982752 452 13793500297908333090
HIT 3 2057299099744 479 7670699782063549312
HIT 3 1494658383969 348 15735427851179575793
HIT 3 1941334982753 452 1247580713422003596
HIT 3 2057299099745 479 6209302959561261025
HIT 3 1941348024412 452 3903833964303104177
HIT 3 2057312141404 479 658130090823500409
HIT 3 2057318957148 479 9868916527910216325
HIT 3 1494658383970 348 2051778797940178808
HIT 3 1941334982754 452 16656117841174754153
HIT 3 2057299099746 479 483161076186633095
HIT 3 1941348024416 452 12031963612764618514
HIT 3 2057312141408 479 17730859667786461970
HIT 3 1941348024417 452 4280111256909534667
HIT 3 2057312141409 479 7057516895320201596
HIT 3 2057318957153 479 14854101726602527079
HIT 3 2057318957152 479 11156227912368759423
HIT 3 1941348024415 452 14971072088858583416
HIT 3 2057312141407 479 1885794002851477815
HIT 3 1494658383972 348 2668693974223337268
HIT 3 1941334982756 452 14531751841163813414
HIT 3 2057299099748 479 16182027271968232612
HIT 3 1494658383971 348 15048911146724338414
HIT 3 1941334982755 452 8876470278986175309
HIT 3 2057299099747 479 9914504192777813972
HIT 3 2057318957151 479 11664401022059576841
HIT 3 1494658383973 348 14242931419632621615
HIT 3 1941334982757 452 14708580644095256332
HIT 3 2057299099749 479 3810139617909748230
HIT 3 1941348024419 452 10134755141894124113
HIT 3 2057312141411 479 3383989729421055079
HIT 3 1941348024418 452 7325558139783693824
HIT 3 2057312141410 479 6040152850286988829
HIT 3 2057318957155 479 6349460982015490803
HIT 3 2057318957154 479 14553447618127424162
HIT 3 1494658383974 348 2713543515829036061
HIT 3 1941334982758 452 2932238291576221189
HIT 3 2057299099750 479 17184210872961424845
HIT 3 1941348024420 452 8866417089286064217
HIT 3 2057312141412 479 365044242552883021
HIT 3 2057318957156 479 3379183676017840123
HIT 3 1941348024422 452 16862417045669708601
HIT 3 2057312141414 479 15552327740290830357
HIT 3 1494658383975 348 4512440325710007797
HIT 3 1941334982759 452 13237910264212512034
HIT 3 2057299099751 479 9024347930893059895
HIT 3 2057318957158 479 9997509211990269987
HIT 3 1941348024421 452 2143184818373447809
HIT 3 2057312141413 479 4190803550116653760
HIT 3 1494658383977 348 6035117086066964882
HIT 3 1941334982761 452 779849518086241581
HIT 3 2057299099753 479 7200172480039766537
HIT 3 1494658383976 348 7355385550102058398
HIT 3 1941334982760 452 9296869596095882154
HIT 3 2057299099752 479 10835121777083756783
HIT 3 2057318957157 479 7768997185670142938
HIT 3 1494658383978 348 8212855365204549443
HIT 3 1941334982762 452 15614612913107187935
HIT 3 2057299099754 479 3721288345324330114
HIT 3 1941348024425 452 149006568028115186
HIT 3 2057312141417 479 667482703318812173
HIT 3 2057318957161 479 8995152026953675791
HIT 3 1941348024423 452 1300066771326913052
HIT 3 2057312141415 479 850745657397589704
HIT 3 1494658383979 348 18018139189987042687
HIT 3 1941334982763 452 17145070278323175732
HIT 3 2057299099755 479 12267549203068978030
HIT 3 1941348024426 452 7434290815141653639
HIT 3 2057312141418 479 2931524898301826648
HIT 3 2057318957159 479 3473470915987467444
HIT 3 1941348024424 452 1940574157246284535
HIT 3 2057312141416 479 14253298235851051022
HIT 3 2057318957162 479 13395099927591476042
HIT 3 2057318957160 479 113711946515861804
HIT 3 1494658383981 348 17876552394369418290
HIT 3 1941334982765 452 6889654973258502303
HIT 3 2057299099757 479 11921227161603565500
HIT 3 1494658383980 348 8517434261828650565
HIT 3 1941334982764 452 17176301182549716878
HIT 3 2057299099756 479 18018180288035221714
HIT 3 1941348024427 452 6543159392578185564
HIT 3 2057312141419 479 5135837877315649114
HIT 3 1494658383982 348 15802492462248117725
HIT 3 1941334982766 452 13753330471539887326
HIT 3 2057299099758 479 13104253700249317897
HIT 3 2057318957163 479 4611009347779970421
HIT 3 1494658383983 348 10594901534904997634
HIT 3 1941334982767 452 2640098338450277354
HIT 3 2057299099759 479 4616157577689353037
HIT 3 1941348024429 452 11081474675016786763
HIT 3 2057312141421 479 13930777824556503583
HIT 3 2057318957165 479 16876464409490451202
HIT 3 1494658383984 348 17764579148175953101
HIT 3 1941334982768 452 16433013914347481095
HIT 3 2057299099760 479 10393243559516225280
HIT 3 1941348024428 452 14913870886738054973
HIT 3 2057312141420 479 17074482928922513239
HIT 3 1941348024431 452 5275937053723815366
HIT 3 2057312141423 479 2513179600693592023
HIT 3 2057318957164 479 2447139336936048646
HIT 3 2057318957167 479 17473478852087566314
HIT 3 1941348024430 452 16290084284441789651
HIT 3 2057312141422 479 15848561089617085725
HIT 3 1494658383985 348 16218993416812263962
HIT 3 1941334982769 452 6236071739739443559
HIT 3 2057299099761 479 15498094739655184396
HIT 3 2057318957166 479 9614766753090426910
HIT 3 1494658383986 348 6790093303663771640
HIT 3 1941334982770 452 5235255256610964734
HIT 3 2057299099762 479 3704333371001880347
HIT 3 1941348024432 452 5923707129438043302
HIT 3 2057312141424 479 11681630109718573111
HIT 3 1494658383987 348 18293544835590939647
HIT 3 1941334982771 452 2177645654805334327
HIT 3 2057299099763 479 18334257023855724164
HIT 3 2057318957168 479 2474841098260668733
HIT 3 1494658383988 348 2232480937064899402
HIT 3 1941334982772 452 16285583480662012894
HIT 3 2057299099764 479 2766928788414710069
HIT 3 1941348024433 452 12528016683814701080
HIT 3 2057312141425 479 4959819569345658487
HIT 3 1941348024434 452 7616103099870566179
HIT 3 2057312141426 479 267316633843551588
HIT 3 2057318957169 479 2114154286201369715
HIT 3 2057318957170 479 14993732500177814153
HIT 3 1494658383989 348 13477416253007431565
HIT 3 1941334982773 452 1603587499448793480
HIT 3 2057299099765 479 17423679439431717472
HIT 3 1494658383990 348 6990209160842166882
HIT 3 1941334982774 452 17163719652024580847
HIT 3 2057299099766 479 7361213502344907641
HIT 3 1941348024436 452 10798323876014124964
HIT 3 2057312141428 479 6393766853423869687
HIT 3 1941348024435 452 10558168288593059169
HIT 3 2057312141427 479 696721408057455391
HIT 3 2057318957172 479 7655492673573860924
HIT 3 2057318957171 479 6636507217342984963
HIT 3 1494658383991 348 10261983217545007211
HIT 3 1941334982775 452 8793842929661845771
HIT 3 2057299099767 479 3790461102910869838
HIT 3 1494658383992 348 2794633305761994947
HIT 3 1941334982776 452 14421466215520780444
HIT 3 2057299099768 479 7883584744191371603
HIT 3 1941348024437 452 1967379951253390575
HIT 3 2057312141429 479 17458813524688114167
HIT 3 1941348024438 452 9127376456905333784
HIT 3 2057312141430 479 2861184826426305408
HIT 3 2057318957173 479 5279911013253687522
HIT 3 2057318957174 479 2261711949116153180
HIT 3 1494658383993 348 1522916201154627110
HIT 3 1941334982777 452 4406421222794129891
HIT 3 2057299099769 479 11256003370492621836
HIT 3 1494658383994 348 10121174025300950389
HIT 3 1941334982778 452 4355965451020073218
HIT 3 2057299099770 479 14108596685723266828
HIT 3 1941348024439 452 530254016725750698
HIT 3 2057312141431 479 6345058665472952630
HIT 3 2057318957175 479 16486024419966838124
HIT 3 1494658383995 348 1687858926424230611
HIT 3 1941334982779 452 6664615049035235498
HIT 3 2057299099771 479 524428287646704749
HIT 3 1941348024440 452 4149685667175323328
HIT 3 2057312141432 479 5359540532875915843
HIT 3 1941348024441 452 15684809669621057023
HIT 3 2057312141433 479 10585853502434724335
HIT 3 1941348024442 452 8915855890888005414
HIT 3 2057312141434 479 1074641506072187316
HIT 3 2057318957178 479 10084697814548208339
HIT 3 2057318957176 479 837866697878536376
HIT 3 2057318957177 479 12643576451847339095
HIT 3 1494658383998 348 10941580210960607169
HIT 3 1941334982782 452 17884883174452175491
HIT 3 2057299099774 479 3738597427922248355
HIT 3 1494658383997 348 10939418606314511583
HIT 3 1941334982781 452 11414769896388393503
HIT 3 2057299099773 479 9280292876767069242
HIT 3 1494658383996 348 12939053290416898261
HIT 3 1941334982780 452 18422561485118122860
HIT 3 2057299099772 479 4006004167342752216
HIT 3 1941348024443 452 5367977141167978381
HIT 3 2057312141435 479 15431713342101097953
HIT 3 2057318957179 479 18063593327543868788
HIT 3 1494658383999 348 5272903994606527120
HIT 3 1941334982783 452 14562772996275298185
HIT 3 2057299099775 479 678256986667498651
HIT 3 1941348024446 452 18388295906786674171
HIT 3 2057312141438 479 15940187978449102488
HIT 3 1941348024445 452 5023713332230795001
HIT 3 2057312141437 479 14156513376172090001
HIT 3 2057318957182 479 6200191566606153502
HIT 3 2057318957181 479 1271490996362171020
HIT 3 1494658384000 348 17732688445750321804
HIT 3 1941334982784 452 93163199905962363
HIT 3 2057299099776 479 13742941369927871212
HIT 3 1494658384001 348 37236420002847167
HIT 3 1941334982785 452 11500578432246831948
HIT 3 2057299099777 479 8027121600166030269
HIT 3 1941348024444 452 7075750323836777293
HIT 3 2057312141436 479 1762594438133723819
HIT 3 1941348024447 452 13286617550203753163
HIT 3 2057312141439 479 6662429850527670952
HIT 3 2057318957180 479 10570894503366160538
HIT 3 2057318957183 479 6684515820739108329
HIT 3 1494658384002 348 4738793886981927699
HIT 3 1941334982786 452 11344750117746533946
HIT 3 2057299099778 479 529931658519491981
HIT 3 1494658384003 348 5195761605178284965
HIT 3 1941334982787 452 15965637330109772392
HIT 3 2057299099779 479 3587787247678667778
HIT 3 1941348024449 452 15246119223027516952
HIT 3 2057312141441 479 13040704757076010333
HIT 3 1941348024448 452 14327549543697883035
HIT 3 2057312141440 479 16141750588962104737
HIT 3 2057318957185 479 14296164407624085743
HIT 3 2057318957184 479 8776401150526345564
HIT 3 1494658384004 348 16073574693539292364
HIT 3 1941334982788 452 5248042526787649902
HIT 3 2057299099780 479 11853713999390635266
HIT 3 1494658384005 348 4818491603090842693
HIT 3 1941334982789 452 4162047704353814866
HIT 3 2057299099781 479 16839273727884786619
HIT 3 1941348024450 452 18380356644027603786
HIT 3 2057312141442 479 16028776237842141502
HIT 3 1941348024451 452 2431048200350884148
HIT 3 2057312141443 479 18408946506026777162
HIT 3 2057318957186 479 15415874821326574266
HIT 3 1494658384006 348 14781645000735445241
HIT 3 1941334982790 452 5142452578348465256
HIT 3 2057299099782 479 16610903229916938991
HIT 3 2057318957187 479 929800832955796906
HIT 3 1494658384007 348 13946477839727533058
HIT 3 1941334982791 452 12619198556571365472
HIT 3 2057299099783 479 1441569366608597685
HIT 3 1941348024452 452 617780983645269681
HIT 3 2057312141444 479 6619634452949790677
HIT 3 2057318957188 479 4543416220610398421
HIT 3 1494658384008 348 12810915144153713402
HIT 3 1941334982792 452 892208043492299954
HIT 3 2057299099784 479 12271516924779940350
HIT 3 1941348024453 452 15994249809647929563
HIT 3 2057312141445 479 10676434257511582261
HIT 3 1941348024454 452 16131138663822045144
HIT 3 2057312141446 479 4517193083272336753
HIT 3 2057318957189 479 12626190969547692598
HIT 3 1941348024455 452 4827388239100731736
HIT 3 2057312141447 479 11981562287692646282
HIT 3 2057318957190 479 7695863098294399181
HIT 3 1494658384009 348 3793061410615974945
HIT 3 1941334982793 452 7145486604239407218
HIT 3 2057299099785 479 1454813920263567358
HIT 3 1494658384010 348 17439849440759294869
HIT 3 1941334982794 452 17723670509055010301
HIT 3 2057299099786 479 5164033254971207179
HIT 3 2057318957191 479 16052476665171820918
HIT 3 1494658384011 348 2415442560002725828
HIT 3 1941334982795 452 5978548419377419641
HIT 3 2057299099787 479 4151097181780890899
HIT 3 1941348024456 452 18235473620720255452
HIT 3 2057312141448 479 17771442988549246641
HIT 3 2057318957192 479 5819016963092481442
HIT 3 1941348024457 452 2212488299861331587
HIT 3 2057312141449 479 17064310808478088016
HIT 3 1494658384012 348 5184327548224481863
HIT 3 1941334982796 452 2804334849301136857
HIT 3 2057299099788 479 12413341986441998735
HIT 3 1941348024458 452 3444399853872123316
HIT 3 2057312141450 479 6139120430742031221
HIT 3 2057318957193 479 6229114981219310677
HIT 3 1494658384013 348 5721462831260226077
HIT 3 1941334982797 452 9836114624598597289
HIT 3 2057299099789 479 8937288198579910944
HIT 3 1941348024459 452 6715594312930680021
HIT 3 2057312141451 479 9314799523190201470
HIT 3 2057318957194 479 4752477502129358346
HIT 3 1494658384014 348 7115544886554359284
HIT 3 1941334982798 452 7059650869567957854
HIT 3 2057299099790 479 17079682884666870474
HIT 3 2057318957195 479 5357420574830206052
HIT 3 1494658384015 348 11521497772837738873
HIT 3 1941334982799 452 2741734224877189120
HIT 3 2057299099791 479 2984281045151705488
HIT 3 1941348024460 452 9491189335131558562
HIT 3 2057312141452 479 5476242908367812353
HIT 3 2057318957196 479 13038831336659959198
HIT 3 1494658384016 348 4697143566623047004
HIT 3 1941334982800 452 12071434776717545800
HIT 3 2057299099792 479 7716152560670033581
HIT 3 1941348024461 452 15264579530084248319
HIT 3 2057312141453 479 6245054214002726845
HIT 3 1941348024463 452 1857643238624751343
HIT 3 2057312141455 479 7459992708679461945
HIT 3 2057318957197 479 3537141277261176806
HIT 3 1494658252945 348 4697143566623047004
HIT 3 1941334851729 452 12071434776717545800
HIT 3 2057298968721 479 7716152560670033581
HIT 3 1494658384017 348 765038822030968635
HIT 3 1941334982801 452 15246462219610347625
HIT 3 2057299099793 479 3624180645394874459
HIT 3 2057318957199 479 5793770237876404524
HIT 3 1494658384018 348 5302224559703064567
HIT 3 1941334982802 452 10546280858636349516
HIT 3 2057299099794 479 4788982747012433019
HIT 3 1494658515090 348 13904568833787156502
HIT 3 1941335113874 452 10917166878344235547
HIT 3 2057299230866 479 12372237437333987710
HIT 3 1941348024462 452 2752147803484778801
HIT 3 2057312141454 479 17071766148574704269
HIT 3 1941348024464 452 14993809128717322017
HIT 3 2057312141456 479 1127162673242172765
HIT 3 2057318957198 479 17192310747738481738
HIT 3 2057318957200 479 13254916063666805060
HIT 3 657139826836 153 4859978655671155721
HIT 3 1494658449556 348 13059945306622567634
HIT 3 1941335048340 452 1140902885958580467
HIT 3 2057299165332 479 2805976555587996148
HIT 3 1486068580500 346 4222235469902675174
HIT 3 1494658515092 348 12002493706673136111
HIT 3 1498953482388 349 12312913571807355472
HIT 3 1503248449684 350 274763592302498965
HIT 3 1932745179284 450 10971385509467983665
HIT 3 1941335113876 452 16009762922891483522
HIT 3 1945630081172 453 15499110860219299990
HIT 3 1949925048468 454 18309402516370424395
HIT 3 2048709296276 477 2656259491151691404
HIT 3 2053004263572 478 643258451084924373
HIT 3 2057299230868 479 15821493369059899909
HIT 3 2065889165460 481 10208693250178431891
HIT 3 1494658646164 348 10318619491334890590
HIT 3 1941335244948 452 16878282931238310617
HIT 3 2057299361940 479 9121384729208975032
HIT 3 1494658384019 348 13904568833787156502
HIT 3 1941334982803 452 10917166878344235547
HIT 3 2057299099795 479 12372237437333987710
HIT 3 1941348024465 452 2319966699238540900
HIT 3 2057312141457 479 11174302924280711368
HIT 3 1941348024466 452 13150473870701743104
HIT 3 2057312141458 479 13585980346575296881
HIT 3 2057318957201 479 3815101860464971228
HIT 3 1494658449557 348 11604459044217840632
HIT 3 1941335048341 452 16081820900419908685
HIT 3 2057299165333 479 782588958133734361
HIT 3 1494658515093 348 10318619491334890590
HIT 3 1941335113877 452 16878282931238310617
HIT 3 2057299230869 479 9121384729208975032
HIT 3 2057318957202 479 1074449625368847183
HIT 3 1494658646166 348 16075509158658269124
HIT 3 1941335244950 452 9987602019991391101
HIT 3 2057299361942 479 11676856868522297138
HIT 3 1494658580629 348 13059945306622567634
HIT 3 1941335179413 452 1140902885958580467
HIT 3 2057299296405 479 2805976555587996148
HIT 3 1494658646165 348 2235797765095827971
HIT 3 1941335244949 452 15927339100006129255
HIT 3 2057299361941 479 11967981348084083110
HIT 3 1494658711701 348 14191616530941347555
HIT 3 1941335310485 452 7256256813529639037
HIT 3 2057299427477 479 2962893741500244518
HIT 3 1494658777237 348 16053156076894346811
HIT 3 1941335376021 452 15055708293494313381
HIT 3 2057299493013 479 2557551305963482817
HIT 3 1494658842773 348 7583610749841989775
HIT 3 1941335441557 452 1391587372575417026
HIT 3 2057299558549 479 13688517294365506931
HIT 3 1494658908309 348 2812898960826959193
HIT 3 1941335507093 452 15140412732977356265
HIT 3 2057299624085 479 9850494273075558254
HIT 3 1494658973845 348 15740544417517867982
HIT 3 1941335572629 452 13057300940940871964
HIT 3 2057299689621 479 3650858082777033465
HIT 3 1494659039381 348 17563047023687561537
HIT 3 1941335638165 452 14396423767287557509
HIT 3 2057299755157 479 6250096296284452105
HIT 3 1494659104917 348 8789506516033241809
HIT 3 1941335703701 452 2065022808408088212
HIT 3 2057299820693 479 15393089903039343460
HIT 3 1494659170453 348 16580451892743604471
HIT 3 1941335769237 452 13655369306139646204
HIT 3 2057299886229 479 6358373124678097679
HIT 3 1494659235989 348 16552074545777068028
HIT 3 1941335834773 452 5281611807073387530
HIT 3 2057299951765 479 1763969053176277065
HIT 3 1494659301525 348 7258743784721308871
HIT 3 1941335900309 452 7893034607191638999
HIT 3 2057300017301 479 13784335674187848069
HIT 3 1494659367061 348 2542764396774100149
HIT 3 1941335965845 452 2378285954798888983
HIT 3 2057300082837 479 5056061266415306545
HIT 3 1494659432597 348 2269173828294889914
HIT 3 1941336031381 452 5436478649874717688
HIT 3 2057300148373 479 485802529381029895
HIT 3 1494659498133 348 15586887098715832841
HIT 3 1941336096917 452 8609876851744733959
HIT 3 2057300213909 479 7808613291193290340
HIT 3 1494659563669 348 3046772042760738773
HIT 3 1941336162453 452 13574142741546433563
HIT 3 2057300279445 479 13013757040423789781
HIT 3 1494659629205 348 7190949284371526336
HIT 3 1941336227989 452 10812912510146547222
HIT 3 2057300344981 479 12799611962581075460
HIT 3 1494659694741 348 2142740505751915149
HIT 3 1941336293525 452 2894737358975386189
HIT 3 2057300410517 479 1258250193205104812
HIT 3 1494659760277 348 4523865819243538152
HIT 3 1941336359061 452 15923508681584954944
HIT 3 2057300476053 479 9615261702610392028
HIT 3 1494659825813 348 13036472733812385624
HIT 3 1941336424597 452 661859361602368377
HIT 3 2057300541589 479 6311508744690537399
HIT 3 1494659891349 348 9352944791981102329
HIT 3 1941336490133 452 10545801583913563978
HIT 3 2057300607125 479 12320727046572888173
HIT 3 1494659956885 348 9111352286634976886
HIT 3 1941336555669 452 3177720669242839586
HIT 3 2057300672661 479 1377659796333854809
HIT 3 1494660022421 348 9846512192809355012
HIT 3 1941336621205 452 5783823913102206949
HIT 3 2057300738197 479 16814726893334283688
HIT 3 1494660087957 348 15902673050076868399
HIT 3 1941336686741 452 15003100730025350542
HIT 3 2057300803733 479 7512277519696551942
HIT 3 1494660153493 348 6764978001372580485
HIT 3 1941336752277 452 14906848190339982613
HIT 3 2057300869269 479 13348992621322943837
HIT 3 1494660219029 348 15393350032542816003
HIT 3 1941336817813 452 4136540238584012602
HIT 3 2057300934805 479 446208379705690305
HIT 3 1494660284565 348 11681372460448432022
HIT 3 1941336883349 452 1279344307897983789
HIT 3 2057301000341 479 12079442578526911015
HIT 3 1494660350101 348 288058197428895425
HIT 3 1941336948885 452 10904093397412687398
HIT 3 2057301065877 479 9545179513699929646
HIT 3 1494660415637 348 7076304680154729277
HIT 3 1941337014421 452 4558974968739410598
HIT 3 2057301131413 479 5062315477108656417
HIT 3 1494660481173 348 4596531004037938158
HIT 3 1941337079957 452 10300410608877601298
HIT 3 2057301196949 479 16291255272207744465
HIT 3 1494660546709 348 16593819800154696098
HIT 3 1941337145493 452 16977862800242061016
HIT 3 2057301262485 479 4585077576460445778
HIT 3 1494660612245 348 8175275657201458766
HIT 3 1941347893396 452 14025696329351348568
HIT 3 2057312010388 479 14173797573255195444
HIT 3 1932758089876 450 11022891244716645268
HIT 3 1941348024468 452 2897834705989105553
HIT 3 1945642991764 453 4423757725533133728
HIT 3 1949937959060 454 839617332439375395
HIT 3 2048722206868 477 12193363477708695394
HIT 3 2053017174164 478 4391883392769336091
HIT 3 2057312141460 479 1081071622297630506
HIT 3 2065902076052 481 1228357620336990622
HIT 3 1503261425812 350 11604459044217840632
HIT 3 1941348090004 452 8367330851066560964
HIT 3 2057312206996 479 9906292619908183102
HIT 3 1941348155540 452 4974429406158497619
HIT 3 2057312272532 479 3441437735753742444
HIT 3 1941337211029 452 2045992351671599268
HIT 3 2057301328021 479 11316667579359909243
HIT 3 1494660677781 348 17784519734111988047
HIT 3 1941337276565 452 3135628700456293133
HIT 3 2057301393557 479 4143429182184125031
HIT 3 1494660743317 348 3903514944534379982
HIT 3 1941337342101 452 7849216826012337902
HIT 3 2057301459093 479 17577508903849742666
HIT 3 1494660808853 348 10394616805560560138
HIT 3 1941337407637 452 1553637521171838026
HIT 3 2057301524629 479 16312881154575711690
HIT 3 1494660874389 348 9180347275380184320
HIT 3 1941337473173 452 18381058954888442556
HIT 3 2057301590165 479 10549121014817891562
HIT 3 1494660939925 348 2378297823692413691
HIT 3 1941337538709 452 285653287505406818
HIT 3 2057301655701 479 15648922428947438563
HIT 3 1494661005461 348 6329089956558021511
HIT 3 1941337604245 452 7738194544524115570
HIT 3 2057301721237 479 5887106880231252387
HIT 3 1494661070997 348 16357205149048089693
HIT 3 1941337669781 452 3925923729306425434
HIT 3 2057301786773 479 5331059130554936924
HIT 3 1494661136533 348 2970209896773847905
HIT 3 1941337735317 452 8831791654564405269
HIT 3 2057301852309 479 5181331662507578513
HIT 3 1494661202069 348 6209304258252235817
HIT 3 1941337800853 452 12011048435020036565
HIT 3 2057301917845 479 6354399804256372321
HIT 3 1494661267605 348 15538722583503606135
HIT 3 1941337866389 452 7985856631443857316
HIT 3 2057301983381 479 5808745366759087031
HIT 3 1494661333141 348 1264896742029694878
HIT 3 1941337931925 452 2075859842910233826
HIT 3 2057302048917 479 15100139422241214219
HIT 3 1494661398677 348 1053336017623994379
HIT 3 1941337997461 452 13496529243991665543
HIT 3 2057302114453 479 12864747290870648910
HIT 3 1494661464213 348 8356771978802419680
HIT 3 1941338062997 452 7277841256414743961
HIT 3 2057302179989 479 1798997372037153684
HIT 3 1494661529749 348 3995244940718671678
HIT 3 1941338128533 452 2255439341725530323
HIT 3 2057302245525 479 11895237764290707201
HIT 3 1494661595285 348 18032910422462402524
HIT 3 1941338194069 452 2646111741798487317
HIT 3 2057302311061 479 12899296002703678324
HIT 3 1494661660821 348 13494530525191683066
HIT 3 1941338259605 452 3645508554380536036
HIT 3 2057302376597 479 15818853388767542282
HIT 3 1494661726357 348 13513290007240897666
HIT 3 1941338325141 452 473639069298510597
HIT 3 2057302442133 479 12368209995154128318
HIT 3 1494661791893 348 851984427737635077
HIT 3 1941338390677 452 15593886029657967939
HIT 3 2057302507669 479 11423127264251247288
HIT 3 1494661857429 348 13761116704825152427
HIT 3 1941338456213 452 14855461889101334592
HIT 3 2057302573205 479 11659773467624928698
HIT 3 1494661922965 348 12860753330599574451
HIT 3 1941338521749 452 17109621036860663242
HIT 3 2057302638741 479 3791919076569470883
HIT 3 1494661988501 348 636914314997969309
HIT 3 1941338587285 452 3805069244461947613
HIT 3 2057302704277 479 11413964137125466991
HIT 3 1494662054037 348 8429537084832231787
HIT 3 1941338652821 452 4641472426283046473
HIT 3 2057302769813 479 9089920477913719043
HIT 3 1494662119573 348 14697337832353396539
HIT 3 1941338718357 452 1243613422187698102
HIT 3 2057302835349 479 1581492266563768364
HIT 3 1494662185109 348 1900145606614774226
HIT 3 1941338783893 452 15796775028155316576
HIT 3 2057302900885 479 2819201782023446248
HIT 3 1494662250645 348 8273274261718477129
HIT 3 1941338849429 452 5622037755377491920
HIT 3 2057302966421 479 16847122884573916580
HIT 3 1494662316181 348 5152760651768547520
HIT 3 1941338914965 452 10703508031821781002
HIT 3 2057303031957 479 9328453924235137073
HIT 3 1494662381717 348 4316099066432947069
HIT 3 1941338980501 452 14746327072783026912
HIT 3 2057303097493 479 5950415235671553479
HIT 3 1494662447253 348 18404935467099256642
HIT 3 1941339046037 452 10231424584284511421
HIT 3 2057303163029 479 3658960198000152536
HIT 3 1494662512789 348 3305337198485171884
HIT 3 1941339111573 452 906147076515683740
HIT 3 2057303228565 479 10013053382525217668
HIT 3 1494662578325 348 14080976709550600360
HIT 3 2057318826132 479 843900776473342880
HIT 3 2048729022612 477 8871244961336537008
HIT 3 2053023989908 478 10062317247235175584
HIT 3 2057318957204 479 16874087197709544724
HIT 3 2065908891796 481 17959020519140723746
HIT 3 1949944840340 454 16081820900419908685
HIT 3 2057319022740 479 14857040556889119527
HIT 3 2057319088276 479 9011723727076847693
HIT 3 1941339177109 452 3848768236294208618
HIT 3 2057303294101 479 13116404834987502138
HIT 3 1494662643861 348 4513398255611277340
HIT 3 1941339242645 452 6443361810371362853
HIT 3 2057303359637 479 10094321539874155710
HIT 3 1494662709397 348 13302291823279254963
HIT 3 1941339308181 452 1635656747486674389
HIT 3 2057303425173 479 10916375148609757147
HIT 3 1494662774933 348 3485633805155986249
HIT 3 1941339373717 452 6051438228373986255
HIT 3 2057303490709 479 17137795137314065786
HIT 3 1494662840469 348 9714740875046339471
HIT 3 1941339439253 452 15829534690915493124
HIT 3 2057303556245 479 8815983665848193781
HIT 3 1494662906005 348 1911964727583873061
HIT 3 1941339504789 452 10383684243363291764
HIT 3 2057303621781 479 12590702548049750053
HIT 3 1494662971541 348 16344354614883635381
HIT 3 1941339570325 452 16238619256276595389
HIT 3 2057303687317 479 9459760288380234707
HIT 3 1494663037077 348 18184984165882135252
HIT 3 1941339635861 452 13406494092753879249
HIT 3 2057303752853 479 9710046383551562917
HIT 3 1494663102613 348 6344753230769851559
HIT 3 1941339701397 452 1222597856468611935
HIT 3 2057303818389 479 6205725452029006613
HIT 3 1494663168149 348 8043642987111605001
HIT 3 1941339766933 452 4813119229016479775
HIT 3 2057303883925 479 7994429902783584663
HIT 3 1494663233685 348 8851998685519006410
HIT 3 1941339832469 452 644006543334663824
HIT 3 2057303949461 479 6586408323326247492
HIT 3 1494663299221 348 16942416012049067681
HIT 3 1941339898005 452 10485495173706394890
HIT 3 2057304014997 479 7239568409915696603
HIT 3 1494663364757 348 5800022746458858575
HIT 3 1941339963541 452 8992234431805507629
HIT 3 2057304080533 479 17848616151024198591
HIT 3 1494663430293 348 16633163663763338899
HIT 3 1941340029077 452 6393610448411003027
HIT 3 2057304146069 479 4173824217730338343
HIT 3 1494663495829 348 410974377049969584
HIT 3 1941340094613 452 264376027083239879
HIT 3 2057304211605 479 1624772451865855843
HIT 3 1494663561365 348 13511448158039421097
HIT 3 1941340160149 452 3551779539763105973
HIT 3 2057304277141 479 11083274088218266002
HIT 3 1494663626901 348 10863217379586669161
HIT 3 1941340225685 452 15999584551483617709
HIT 3 2057304342677 479 14077297353671994784
HIT 3 1494663692437 348 5374698407992935813
HIT 3 1941340291221 452 15899113935865132832
HIT 3 2057304408213 479 15185086048013065797
HIT 3 1494663757973 348 8683654223484035376
HIT 3 1941340356757 452 9742863476264737335
HIT 3 2057304473749 479 13496553122059518887
HIT 3 2065910595732 481 782588958133734361
HIT 3 1494663823509 348 10847801317159947594
HIT 3 1941340422293 452 10829038026420401255
HIT 3 2057304539285 479 6036493118648813556
HIT 3 1494663889045 348 10101232970217946687
HIT 3 1941340487829 452 6878276597048042519
HIT 3 2057304604821 479 7838196593856237528
HIT 3 1494663954581 348 9876369936127897755
HIT 3 1941340553365 452 83253960264184120
HIT 3 2057304670357 479 8784443137570207343
HIT 3 1494664020117 348 9845386059406320902
HIT 3 1941340618901 452 9817191230089034524
HIT 3 2057304735893 479 7476383801197059613
HIT 3 1494664085653 348 15544461621409619099
HIT 3 1941340684437 452 16034670138360309662
HIT 3 2057304801429 479 8731237914541486606
HIT 3 1494664151189 348 13528534776511642961
HIT 3 1941340749973 452 12178536715742501152
HIT 3 2057304866965 479 16248220320504308372
HIT 3 1494664216725 348 7305876748262073705
HIT 3 1941340815509 452 4099072626326367616
HIT 3 2057304932501 479 17539562208838116885
HIT 3 1494664282261 348 657894855636012214
HIT 3 1941340881045 452 12416315508657148410
HIT 3 2057304998037 479 1918520922547233946
HIT 3 1494664347797 348 5712481980160831222
HIT 3 1941340946581 452 4411769281299960049
HIT 3 2057305063573 479 4958715048636644335
HIT 3 1494664413333 348 6713277242412015140
HIT 3 1941341012117 452 16434319207686823686
HIT 3 2057305129109 479 2524708049018415874
HIT 3 1494664478869 348 1423103004703938809
HIT 3 1941341077653 452 14416015924705445887
HIT 3 2057305194645 479 4956541372271639707
HIT 3 1494664544405 348 3953089989295064902
HIT 3 1941341143189 452 13420321110996561147
HIT 3 2057305260181 479 6191753904565056621
HIT 3 1494664609941 348 17811666258510341439
HIT 3 1941341208725 452 10333809574850404785
HIT 3 2057305325717 479 15745180405012380499
HIT 3 1494664675477 348 13599307350069211258
HIT 3 1941341274261 452 552797516628854031
HIT 3 2057305391253 479 9818948043732961856
HIT 3 1494664741013 348 10594704749319321642
HIT 3 1941341339797 452 1601142834400549829
HIT 3 2057305456789 479 4541046917851631163
HIT 3 1494664806549 348 3194984832431972394
HIT 3 1941341405333 452 14196344156723739476
HIT 3 2057305522325 479 5478511954413354887
HIT 3 1494664872085 348 16947661554061039851
HIT 3 1941341470869 452 9647082259260200720
HIT 3 2057305587861 479 2539630777568592186
HIT 3 1494664937621 348 8147628869871301758
HIT 3 1941341536405 452 16702631439058776833
HIT 3 2057305653397 479 828378889417765440
HIT 3 1494665003157 348 2786554026351593484
HIT 3 1941341601941 452 13541671372858667864
HIT 3 2057305718933 479 2775152289808632992
HIT 3 1494665068693 348 5454752584773033195
HIT 3 1941341667477 452 7164256570249734875
HIT 3 2057305784469 479 3558832671931023137
HIT 3 1494665134229 348 11868852911076594621
HIT 3 1941341733013 452 7561558074404797325
HIT 3 2057305850005 479 11621368498660126470
HIT 3 1494665199765 348 7967279862260068631
HIT 3 1941341798549 452 5138945734683250963
HIT 3 2057305915541 479 2669806329652953446
HIT 3 1494665265301 348 4239989751129104406
HIT 3 1941341864085 452 2269850491504529887
HIT 3 2057305981077 479 12751906834417706965
HIT 3 1494665330837 348 5978523926842669227
HIT 3 1941341929621 452 7721608160401329085
HIT 3 2057306046613 479 949208588540477798
HIT 3 1494665396373 348 7607683543041288274
HIT 3 1941341995157 452 6337789788009011818
HIT 3 2057306112149 479 11616525788441330824
HIT 3 1494665461909 348 14637635115740812183
HIT 3 1941342060693 452 17947758982264795249
HIT 3 2057306177685 479 993071785425320141
HIT 3 1494665527445 348 17033486602274763810
HIT 3 1941342126229 452 15906012975620148488
HIT 3 2057306243221 479 16615036815099020220
HIT 3 1494665592981 348 14687042314030516502
HIT 3 1941342191765 452 1127870436483338419
HIT 3 2057306308757 479 5316339349981775546
HIT 3 1494665658517 348 88541476190480393
HIT 3 1941342257301 452 10388129935627995945
HIT 3 2057306374293 479 857660748408577926
HIT 3 1494665724053 348 6197423988830615093
HIT 3 1941342322837 452 2805687482377116096
HIT 3 2057306439829 479 16666373628825624669
HIT 3 1494665789589 348 455827828779076055
HIT 3 1941342388373 452 9886602865096434199
HIT 3 2057306505365 479 6397533442236234292
HIT 3 1494665855125 348 2235361148333586352
HIT 3 1941342453909 452 846906119507046418
HIT 3 2057306570901 479 7608985124355334149
HIT 3 1494665920661 348 15199161971060542435
HIT 3 1941342519445 452 16274150575371670843
HIT 3 2057306636437 479 959706078318598371
HIT 3 1494665986197 348 3247425415643966676
HIT 3 1941342584981 452 17313742928264618270
HIT 3 2057306701973 479 5734797201401208126
HIT 3 1494666051733 348 16464296112331662200
HIT 3 1941342650517 452 15626381890625407138
HIT 3 2057306767509 479 15242739421797414859
HIT 3 1494666117269 348 13105805223619863182
HIT 3 1941342716053 452 4253738557297476634
HIT 3 2057306833045 479 12923038725699999416
HIT 3 1494666182805 348 8385956421393081516
HIT 3 1941342781589 452 13925731768536408734
HIT 3 2057306898581 479 10592335953225652070
HIT 3 1494666248341 348 7743656923403503495
HIT 3 1941342847125 452 9375521624042135641
HIT 3 2057306964117 479 13435124852872494866
HIT 3 1494666313877 348 11157633183608586463
HIT 3 1941342912661 452 4399706559723169973
HIT 3 2057307029653 479 12066822334970583489
HIT 3 1494666379413 348 8424469882113865382
HIT 3 1941342978197 452 10955232361319401405
HIT 3 2057307095189 479 15879810793459180873
HIT 3 1494666444949 348 6429337684113256869
HIT 3 1941343043733 452 4968602312884120985
HIT 3 2057307160725 479 14410436083542692357
HIT 3 1494666510485 348 12003428053423649615
HIT 3 1941343109269 452 500101397653522056
HIT 3 2057307226261 479 12048394973772903709
HIT 3 1494666576021 348 2962046344753435073
HIT 3 1941343174805 452 9558439236587341275
HIT 3 2057307291797 479 16381921119487202300
HIT 3 1494666641557 348 7215560876074941039
HIT 3 1941343240341 452 13863285517703732059
HIT 3 2057307357333 479 13662206220850454062
HIT 3 1494666707093 348 8103576256590141401
HIT 3 1941343305877 452 17872848215054326355
HIT 3 2057307422869 479 8887280990850618343
HIT 3 1494666772629 348 5991902873173253417
HIT 3 1941343371413 452 10258409243683217295
HIT 3 2057307488405 479 8232291634880825809
HIT 3 1494666838165 348 16645568100954262308
HIT 3 1941343436949 452 3120982646621751641
HIT 3 2057307553941 479 13003449374377291730
HIT 3 1494666903701 348 8551609812720961392
HIT 3 1941343502485 452 6580995895422505019
HIT 3 2057307619477 479 4569997486174865087
HIT 3 1494666969237 348 5017438091444987571
HIT 3 1941343568021 452 2222411814442820953
HIT 3 2057307685013 479 17091597689726041520
HIT 3 1494667034773 348 7169813482086215273
HIT 3 1941343633557 452 5095417568269478419
HIT 3 2057307750549 479 13608494012350773905
HIT 3 1494667100309 348 15841550391398135839
HIT 3 1941343699093 452 7855034101560767919
HIT 3 2057307816085 479 13609997579915796720
HIT 3 1494667165845 348 3072924273386062221
HIT 3 1941343764629 452 11208738631590244792
HIT 3 2057307881621 479 3688511202000449121
HIT 3 1494667231381 348 10348638780484908604
HIT 3 1941343830165 452 1335656488141140324
HIT 3 2057307947157 479 10961657043432491034
HIT 3 1494667296917 348 9651886662558429240
HIT 3 1941343895701 452 13440537754608824819
HIT 3 2057308012693 479 5737589535584842725
HIT 3 1494667362453 348 18427593301640054832
HIT 3 1941343961237 452 14537449968278716216
HIT 3 2057308078229 479 11738235687181943490
HIT 3 1494667427989 348 14613983816068329909
HIT 3 1941344026773 452 7633388449775520525
HIT 3 2057308143765 479 5332646317339958083
HIT 3 1494667493525 348 4802131832873376223
HIT 3 1941344092309 452 3600501088701401498
HIT 3 2057308209301 479 3646958834635219768
HIT 3 1494667559061 348 3265172525782774465
HIT 3 1941344157845 452 7982856450572351853
HIT 3 2057308274837 479 11070794825440556217
HIT 3 1494667624597 348 17192635413378719613
HIT 3 1941344223381 452 17369656975464138956
HIT 3 2057308340373 479 12146039841762374892
HIT 3 1494667690133 348 7173196516492002458
HIT 3 1941344288917 452 9738201279385417685
HIT 3 2057308405909 479 12351871194272689223
HIT 3 1494667755669 348 5301643849967317068
HIT 3 1941344354453 452 16498971024568443163
HIT 3 2057308471445 479 13672143813200379165
HIT 3 1494667821205 348 10199340905260787405
HIT 3 1941344419989 452 2726770093134391459
HIT 3 2057308536981 479 73942565993506767
HIT 3 1494667886741 348 14527585285928792806
HIT 3 1941344485525 452 18146130892401583321
HIT 3 2057308602517 479 8159438854973397381
HIT 3 1494667952277 348 478080879590936690
HIT 3 1941344551061 452 12704790980367505314
HIT 3 2057308668053 479 3706938777591731863
HIT 3 1494668017813 348 12524019536189371671
HIT 3 1941344616597 452 17338323877342185767
HIT 3 2057308733589 479 10782658508700168692
HIT 3 1494668083349 348 7976596222619438509
HIT 3 1941344682133 452 8553158873843515293
HIT 3 2057308799125 479 10215740972331827474
HIT 3 1494668148885 348 16362309130100516980
HIT 3 1941344747669 452 5553834691722314205
HIT 3 1941348024470 452 13160107931346949821
HIT 3 2057308864661 479 13126137507134517294
HIT 3 2057312141462 479 15126321981459227964
HIT 3 1494668214421 348 13787067082318919445
HIT 3 1941344813205 452 11831200323437783188
HIT 3 2057308930197 479 5551264978995231453
HIT 3 1494668279957 348 86678019854854523
HIT 3 1941344878741 452 11507139592940522159
HIT 3 2057308995733 479 6027873419164764528
HIT 3 1494668345493 348 11768153192056797061
HIT 3 1941344944277 452 5777206319725073765
HIT 3 2057309061269 479 126639100677395431
HIT 3 1494668411029 348 9899678612748405574
HIT 3 1941345009813 452 10089696700253510807
HIT 3 2057309126805 479 15391191451343834287
HIT 3 1494668476565 348 5980809709979534299
HIT 3 1941345075349 452 145344740928854977
HIT 3 2057309192341 479 16570791609332549459
HIT 3 1494668542101 348 11584171508382299635
HIT 3 1941345140885 452 9165456721481376583
HIT 3 2057309257877 479 16925125461567894705
HIT 3 1494668607637 348 4573911547408427202
HIT 3 1941345206421 452 16174787404819415285
HIT 3 2057309323413 479 17666466106349907264
HIT 3 1494668673173 348 11791842269551525185
HIT 3 1941345271957 452 6094639988695193758
HIT 3 2057309388949 479 15633451326564675049
HIT 3 1494668738709 348 1726049922793819073
HIT 3 1941345337493 452 9061920949062277084
HIT 3 2057309454485 479 1174668568988900781
HIT 3 1494668804245 348 13497553784659803366
HIT 3 1941345403029 452 9255276114338895131
HIT 3 2057309520021 479 12270055833192596298
HIT 3 1494668869781 348 5504458458814330054
HIT 3 1941345468565 452 4645371105077412422
HIT 3 2057309585557 479 16466108228173820386
HIT 3 1494668935317 348 12527571207337391156
HIT 3 1941345534101 452 12017254349845887430
HIT 3 2057309651093 479 8740759321940189905
HIT 3 1494669000853 348 5535747057842854829
HIT 3 1941345599637 452 15182518514166805924
HIT 3 2057309716629 479 5276920236322570245
HIT 3 1494669066389 348 1419785942811501508
HIT 3 1941345665173 452 11123155801126540912
HIT 3 2057309782165 479 8117600457780819060
HIT 3 1494669131925 348 15874496207917839130
HIT 3 1941345730709 452 17716029578437708144
HIT 3 2057309847701 479 9358227900837004387
HIT 3 1494669197461 348 5451707994342671217
HIT 3 1941345796245 452 4114870243860511389
HIT 3 2057309913237 479 10387889357274723833
HIT 3 1494669262997 348 9217970838102432883
HIT 3 1941345861781 452 1422944734207934617
HIT 3 2057309978773 479 7021753733182979910
HIT 3 1941347893395 452 12084980445813410058
HIT 3 2057312010387 479 15024811255610477413
HIT 3 1932758089875 450 18175959596736324842
HIT 3 1941348024467 452 8159178130340090689
HIT 3 1945642991763 453 17891558282779479810
HIT 3 1949937959059 454 11077137470422670951
HIT 3 2048722206867 477 8151993037427701846
HIT 3 2053017174163 478 17626440213843038096
HIT 3 2057312141459 479 10356559941975342586
HIT 3 2065902076051 481 13244807085520950008
HIT 3 1503261425811 350 5302224559703064567
HIT 3 1941348090003 452 7546029426309123443
HIT 3 2057312206995 479 11442640306995682871
HIT 3 1941348155539 452 18259153015330094080
HIT 3 2057312272531 479 13110721811940706247
HIT 3 1494669328533 348 2521757898699902742
HIT 3 1941345927317 452 4347510178991468930
HIT 3 2057310044309 479 14670893921215174141
HIT 3 1494669394069 348 14291191687856246501
HIT 3 1941345992853 452 6068466676011349062
HIT 3 2057310109845 479 13453901801043517308
HIT 3 1494669459605 348 6171523393429219831
HIT 3 1941346058389 452 16576135817266013605
HIT 3 2057310175381 479 14886785823529592266
HIT 3 1494669525141 348 1352960525958281649
HIT 3 1941346123925 452 16553492767019936265
HIT 3 2057310240917 479 418052695985944084
HIT 3 1494669590677 348 16328805669848117653
HIT 3 1941346189461 452 17878256471412855675
HIT 3 2057310306453 479 6940181935797545257
HIT 3 1494669656213 348 9305020499178271961
HIT 3 1941346254997 452 11690824502160684610
HIT 3 2057310371989 479 17376788258724146727
HIT 3 1494669721749 348 2944937616609506334
HIT 3 1941346320533 452 4411239537231766548
HIT 3 2057310437525 479 2141840530832978301
HIT 3 1494669787285 348 5315854107263350137
HIT 3 1941346386069 452 9647646525147436110
HIT 3 2057310503061 479 8030671973429525300
HIT 3 1494669852821 348 5349701335782828151
HIT 3 1941346451605 452 16056075465990848798
HIT 3 2057310568597 479 16009269019625511836
HIT 3 1494669918357 348 5214793285775124653
HIT 3 1941346517141 452 89378447123174007
HIT 3 2057310634133 479 6045943107139426999
HIT 3 1494669983893 348 17748840100332603052
HIT 3 1941346582677 452 16980140900601376992
HIT 3 2057310699669 479 13631286731597730126
HIT 3 1494670049429 348 11244572670918193782
HIT 3 1941346648213 452 13375479311772341188
HIT 3 2057310765205 479 15455993088308233041
HIT 3 1494670114965 348 5652495864982206438
HIT 3 1941346713749 452 253112788995723118
HIT 3 2057310830741 479 16882068538397830346
HIT 3 1494670180501 348 4249581880480433790
HIT 3 1941346779285 452 1595219074619982988
HIT 3 2057310896277 479 1109973989291815513
HIT 3 1494670246037 348 4910583059050383758
HIT 3 1941346844821 452 15910407729996384508
HIT 3 2057310961813 479 331464621122394246
HIT 3 1494670311573 348 17010473683456252772
HIT 3 1941346910357 452 4893798755851839778
HIT 3 2057311027349 479 7681197625314886431
HIT 3 1494670377109 348 14368643129943697201
HIT 3 1941346975893 452 8074306189700393738
HIT 3 2057311092885 479 16687345229165997566
HIT 3 1494670442645 348 4214329220630903466
HIT 3 1941347041429 452 329258823648564015
HIT 3 2057311158421 479 6599310612944973519
HIT 3 1494670508181 348 998115688160734846
HIT 3 1941347106965 452 14999707022298009899
HIT 3 2057311223957 479 4460164360213726610
HIT 3 1494670573717 348 8303874749174067984
HIT 3 1941347172501 452 17601087614340640358
HIT 3 2057311289493 479 6841406515027236294
HIT 3 1494670639253 348 14154757984146836691
HIT 3 1941347238037 452 14006378140744012754
HIT 3 2057311355029 479 1830634635101207926
HIT 3 1494670704789 348 7353790769284736600
HIT 3 1941347303573 452 5410907152820661678
HIT 3 2057311420565 479 12659998712507857341
HIT 3 1494670770325 348 7049198766184389388
HIT 3 1941347369109 452 6152063846942223619
HIT 3 2057311486101 479 2161968138580590607
HIT 3 1494670835861 348 17341197486928768318
HIT 3 1941347434645 452 422277703955204707
HIT 3 2057311551637 479 17806961948261336706
HIT 3 1494670901397 348 5190524480365202216
HIT 3 1941347500181 452 5485979248785865773
HIT 3 2057311617173 479 6568688829519218678
HIT 3 1494670966933 348 17782717368553757363
HIT 3 1941347565717 452 6167627467143852843
HIT 3 2057311682709 479 13067785762369771197
HIT 3 1494671032469 348 9114142208166515949
HIT 3 1941347631253 452 3618450376864306987
HIT 3 2057311748245 479 6697078905748154077
HIT 3 1494671098005 348 5180137126456475999
HIT 3 1941347696789 452 15402270013389765339
HIT 3 2057311813781 479 9220998700354820851
HIT 3 1486081228949 346 6527436463511591908
HIT 3 1494671163541 348 7784169568812615753
HIT 3 1941347762325 452 14770035353640596533
HIT 3 2057311879317 479 15885560639758562087
HIT 3 1494671229077 348 6527436463511591908
HIT 3 1941347827861 452 17790159185690641262
HIT 3 2057311944853 479 3717441776318320061
HIT 3 1494671294613 348 17973096628579600493
HIT 3 1932757958805 450 18366404822769294994
HIT 3 1941347893397 452 3335463609057856976
HIT 3 1945642860693 453 2047574514300122952
HIT 3 1949937827989 454 12465270560994631060
HIT 3 2048722075797 477 619849671329980645
HIT 3 2053017043093 478 5454509480463190558
HIT 3 2057312010389 479 6875640739125967746
HIT 3 2065901944981 481 8631245479687135490
HIT 3 1494671360149 348 4222235469902675174
HIT 3 1503261294741 350 17973096628579600493
HIT 3 1941347958933 452 14637556657322281517
HIT 3 2057312075925 479 15918593943405109674
HIT 3 1503261360277 350 11033902168186956857
HIT 3 1507556327573 351 12312913571807355472
HIT 3 1511851294869 352 11200836744653255887
HIT 3 1516146262165 353 3155642888415715581
HIT 3 1520441229461 354 10681666574464224054
HIT 3 1524736196757 355 5743707595457264363
HIT 3 1529031164053 356 12112334597130635616
HIT 3 1533326131349 357 10962443994532563303
HIT 3 1537621098645 358 12000400734364782515
HIT 3 1541916065941 359 9898832585016178377
HIT 3 1546211033237 360 8768050420497198079
HIT 3 1550506000533 361 1129219744939657393
HIT 3 1554800967829 362 11070024013282215476
HIT 3 1559095935125 363 1853602544554514291
HIT 3 1563390902421 364 18077516277895949422
HIT 3 1567685869717 365 5578416620258218603
HIT 3 1571980837013 366 16200099334530401647
HIT 3 1576275804309 367 18210395524523752535
HIT 3 1580570771605 368 9560040358779561576
HIT 3 1584865738901 369 17929848526525257451
HIT 3 1589160706197 370 7863235616683797966
HIT 3 1593455673493 371 17512444896111176703
HIT 3 1597750640789 372 11755525506163626208
HIT 3 1602045608085 373 17738403171493018912
HIT 3 1606340575381 374 10066934311311295868
HIT 3 1610635542677 375 3626674424140722353
HIT 3 1614930509973 376 10847008881102370163
HIT 3 1619225477269 377 5337436224477367753
HIT 3 1623520444565 378 9928263864014365930
HIT 3 1627815411861 379 15854230547829929612
HIT 3 1632110379157 380 11341451260052394343
HIT 3 1636405346453 381 15622025077568321404
HIT 3 1640700313749 382 4749549479377841342
HIT 3 1644995281045 383 18275340900647957852
HIT 3 1649290248341 384 10132536297028681836
HIT 3 1653585215637 385 7113531789184997830
HIT 3 1657880182933 386 6276410573018580534
HIT 3 1662175150229 387 4437302004331681153
HIT 3 1666470117525 388 16844528882837295740
HIT 3 1670765084821 389 1111969965297068455
HIT 3 1675060052117 390 16725717159810595541
HIT 3 1679355019413 391 9256499412545649086
HIT 3 1683649986709 392 4354846847514643369
HIT 3 1687944954005 393 172465360965371953
HIT 3 1692239921301 394 14437660029153540083
HIT 3 1696534888597 395 15861631406954717486
HIT 3 1700829855893 396 15668701821275251264
HIT 3 1705124823189 397 16536288086681857902
HIT 3 1709419790485 398 1680222026821325272
HIT 3 1713714757781 399 11981156358505089930
HIT 3 1718009725077 400 1147009480540549581
HIT 3 1722304692373 401 11920369750508039094
HIT 3 1726599659669 402 18372191998865792212
HIT 3 1730894626965 403 11939605062762648963
HIT 3 1735189594261 404 1169668271787345163
HIT 3 1739484561557 405 14853060758937542246
HIT 3 1743779528853 406 13128565466901856714
HIT 3 1748074496149 407 2301316235930399901
HIT 3 1752369463445 408 6408539590804898841
HIT 3 1756664430741 409 17049952766697683527
HIT 3 1760959398037 410 2260475882851191644
HIT 3 1765254365333 411 12487878071416714372
HIT 3 1769549332629 412 7503217403179468450
HIT 3 1773844299925 413 15588545739045515143
HIT 3 1778139267221 414 8031524439487108496
HIT 3 1782434234517 415 6198380763295202534
HIT 3 1786729201813 416 14414053505874180832
HIT 3 1791024169109 417 338708911430693555
HIT 3 1795319136405 418 11915900850615746377
HIT 3 1799614103701 419 7516083470535134115
HIT 3 1803909070997 420 1307986499219555175
HIT 3 1808204038293 421 13090831834585260208
HIT 3 1812499005589 422 4300717739645383949
HIT 3 1816793972885 423 11192925652481952405
HIT 3 1821088940181 424 581537935135680705
HIT 3 1825383907477 425 5359838244775265482
HIT 3 1829678874773 426 2120396678719566775
HIT 3 1833973842069 427 3839500495941450830
HIT 3 1838268809365 428 10177274946832252590
HIT 3 1842563776661 429 5394352788332366642
HIT 3 1846858743957 430 15791282430577712490
HIT 3 1851153711253 431 14343989531215703407
HIT 3 1855448678549 432 112409783254105183
HIT 3 1859743645845 433 11100327243876873857
HIT 3 1864038613141 434 10497530925601456581
HIT 3 1868333580437 435 2809196127421310812
HIT 3 1872628547733 436 5031604886774307522
HIT 3 1876923515029 437 13154715000720558758
HIT 3 1881218482325 438 398679205130256769
HIT 3 1885513449621 439 15106899594604725305
HIT 3 1889808416917 440 714711028006084735
HIT 3 1894103384213 441 15159085462593373023
HIT 3 1898398351509 442 3670935810226859926
HIT 3 1902693318805 443 8371655428406178363
HIT 3 1906988286101 444 4761430987167655497
HIT 3 1911283253397 445 11685701600297086556
HIT 3 1915578220693 446 17082899578376904734
HIT 3 1919873187989 447 17726505912667348229
HIT 3 1924168155285 448 12128270518739636530
HIT 3 1928463122581 449 15947807815978862070
HIT 3 1932758089877 450 4004543673980626724
HIT 3 1937053057173 451 7329637217798268313
HIT 3 1941348024469 452 8301700883297688149
HIT 3 1945642991765 453 6812510410112280721
HIT 3 1949937959061 454 8561000878060933012
HIT 3 1954232926357 455 16082087769083943795
HIT 3 1958527893653 456 8216472620634753609
HIT 3 1962822860949 457 6849571518540614072
HIT 3 1967117828245 458 13913293101136860191
HIT 3 1971412795541 459 9209013767678153141
HIT 3 1975707762837 460 5391962731937450088
HIT 3 1980002730133 461 7537455138504639882
HIT 3 1984297697429 462 17730993535254262829
HIT 3 1988592664725 463 5847982548848441177
HIT 3 1992887632021 464 1024741802263281362
HIT 3 1997182599317 465 5445513339923957652
HIT 3 2001477566613 466 10817831075482873438
HIT 3 2005772533909 467 11476807211692410877
HIT 3 2010067501205 468 7003029502907846923
HIT 3 2014362468501 469 14113179149356553513
HIT 3 2018657435797 470 4434453323473253321
HIT 3 2022952403093 471 1861138594598977056
HIT 3 2027247370389 472 10878783847227423337
HIT 3 2031542337685 473 12175242747034193997
HIT 3 2035837304981 474 9712302654680401633
HIT 3 2040132272277 475 7178438925754583966
HIT 3 2044427239573 476 15701061358467555560
HIT 3 2048722206869 477 16588334121006310626
HIT 3 2053017174165 478 4019142560112318297
HIT 3 2057312141461 479 14379880896181885885
HIT 3 2061607108757 480 16135814264616639049
HIT 3 2065902076053 481 9189205320526758865
HIT 3 2070197043349 482 4749715527345549556
HIT 3 2074492010645 483 17788362048488136213
HIT 3 2078786977941 484 17727348967542554269
HIT 3 2083081945237 485 571822546612034838
HIT 3 2087376912533 486 8032510581910128665
HIT 3 2091671879829 487 8870906938014920658
HIT 3 2095966847125 488 1436794304477102488
HIT 3 2100261814421 489 1677950483713441856
HIT 3 2104556781717 490 10475057235587345761
HIT 3 2108851749013 491 11362928264797313422
HIT 3 2113146716309 492 4672504461457636997
HIT 3 2117441683605 493 13554561637355754584
HIT 3 2121736650901 494 4733591560314130848
HIT 3 2126031618197 495 1221288373579816376
HIT 3 2130326585493 496 3849651499910039772
HIT 3 2134621552789 497 8365234267686507986
HIT 3 2138916520085 498 16323403224906920217
HIT 3 2143211487381 499 112056924507628761
HIT 3 2147506454677 500 17938414301675903892
HIT 3 2151801421973 501 3336545706283685485
HIT 3 2156096389269 502 11771080556895246554
HIT 3 2160391356565 503 16456394966803667083
HIT 3 2164686323861 504 505129726181635138
HIT 3 2168981291157 505 8996532798685002343
HIT 3 2173276258453 506 11687711687951874440
HIT 3 2177571225749 507 17730399494518213456
HIT 3 2181866193045 508 18082552333052976391
HIT 3 2186161160341 509 2724326950772784219
HIT 3 2190456127637 510 11381945317190872754
HIT 3 2194751094933 511 4449698385348720860
HIT 3 1503261425813 350 12002493706673136111
HIT 3 1507556393109 351 3155642888415715581
HIT 3 1511851360405 352 11033902168186956857
HIT 3 1932758155413 450 287134549633451708
HIT 3 1941348090005 452 7481070750796582098
HIT 3 1945643057301 453 2070401312158258804
HIT 3 1949938024597 454 4650995518314501863
HIT 3 2048722272405 477 17365883280598659770
HIT 3 2053017239701 478 2085614662321439551
HIT 3 2057312206997 479 12561170584846519346
HIT 3 2065902141589 481 15735593847955585909
HIT 3 1932758220949 450 13380235236996520388
HIT 3 1941348155541 452 14662475023808109268
HIT 3 1945643122837 453 14461980240816092961
HIT 3 1949938090133 454 13235471904814334182
HIT 3 2048722337941 477 17026426908256571435
HIT 3 2053017305237 478 14203027467569327888
HIT 3 2057312272533 479 6975383826650987324
HIT 3 2065902207125 481 17195102853472014834
HIT 3 1511851491477 352 274763592302498965
HIT 3 1941348221077 452 13715574688551759084
HIT 3 2057312338069 479 13127761054658236880
HIT 3 1941348286613 452 16465441490852363289
HIT 3 2057312403605 479 12907533001708940306
HIT 3 1941348352149 452 6999342945309252287
HIT 3 2057312469141 479 134548104197356235
HIT 3 1941348417685 452 18333997319019595816
HIT 3 2057312534677 479 15587689701890588702
HIT 3 1941348483221 452 892072730450155502
HIT 3 2057312600213 479 17368292189265713032
HIT 3 1941348548757 452 17232613893276869818
HIT 3 2057312665749 479 9051083602181393515
HIT 3 1941348614293 452 13960074451034044829
HIT 3 2057312731285 479 15322390467225018139
HIT 3 1941348679829 452 1321914847426025408
HIT 3 2057312796821 479 17054990089797704840
HIT 3 1941348745365 452 319460527708241035
HIT 3 2057312862357 479 10802507077933340887
HIT 3 1941348810901 452 14900626887349216088
HIT 3 2057312927893 479 7359272644413386574
HIT 3 2057318957206 479 8830303246814631387
HIT 3 1941348876437 452 15945725392186114848
HIT 3 2057312993429 479 6512817865334949462
HIT 3 1941348941973 452 2346830324751596017
HIT 3 2057313058965 479 8939204576331678612
HIT 3 1941349007509 452 17524500186049521170
HIT 3 2057313124501 479 5789163679394228330
HIT 3 1941349073045 452 10519638160789343985
HIT 3 2057313190037 479 2284312535592577312
HIT 3 1941349138581 452 5222279854477589528
HIT 3 2057313255573 479 17096361558231419504
HIT 3 1941349204117 452 13004239930224057153
HIT 3 2057313321109 479 5304724971769226224
HIT 3 1941349269653 452 6021161039981654585
HIT 3 2057313386645 479 12675066572230831877
HIT 3 1941349335189 452 8687941560876671788
HIT 3 2057313452181 479 5955075851924851307
HIT 3 1941349400725 452 8871699110123560373
HIT 3 2057313517717 479 1761745117024212704
HIT 3 1941349466261 452 5542741835812718519
HIT 3 2057313583253 479 10183966582299117932
HIT 3 1941349531797 452 3103509887893617368
HIT 3 2057313648789 479 3555050741826461528
HIT 3 1941349597333 452 1621240881698661266
HIT 3 2057313714325 479 6830527185050246743
HIT 3 1941349662869 452 12331156722444741622
HIT 3 2057313779861 479 11435622076326794798
HIT 3 1941349728405 452 13876744855410736221
HIT 3 2057313845397 479 13258224222108200950
HIT 3 2057318826131 479 17111577128755362335
HIT 3 2048729022611 477 16631793206743784929
HIT 3 2053023989907 478 7869538036833431951
HIT 3 2057318957203 479 11263054047649527346
HIT 3 2065908891795 481 18379331585982936365
HIT 3 1949944840339 454 10546280858636349516
HIT 3 2057319022739 479 10204358799538557989
HIT 3 2057319088275 479 12748653755095044062
HIT 3 1941349793941 452 17372699278790057821
HIT 3 2057313910933 479 14056296288809856584
HIT 3 1941349859477 452 275477690904530259
HIT 3 2057313976469 479 12039736081238588602
HIT 3 1941349925013 452 14204146252787500624
HIT 3 2057314042005 479 12430904267010629207
HIT 3 1941349990549 452 9336195462487563866
HIT 3 2057314107541 479 16692183101612051794
HIT 3 1941350056085 452 13856323881393619456
HIT 3 2057314173077 479 13566462650185042009
HIT 3 1941350121621 452 14696043428007180942
HIT 3 2057314238613 479 11296842602035005398
HIT 3 1941350187157 452 6038290136216163037
HIT 3 2057314304149 479 10270626671781438538
HIT 3 1941350252693 452 13555473193773640204
HIT 3 2057314369685 479 7879183936915497588
HIT 3 1941350318229 452 14935651815582975437
HIT 3 2057314435221 479 7162447854282134314
HIT 3 1941350383765 452 11002990932982682000
HIT 3 2057314500757 479 4781605558794161024
HIT 3 1941350449301 452 7178261264795441211
HIT 3 2057314566293 479 13970897487896551524
HIT 3 1941350514837 452 8661266900111044470
HIT 3 2057314631829 479 2056836811304460145
HIT 3 1941350580373 452 1267471608878947468
HIT 3 2057314697365 479 3668505410434017191
HIT 3 1941350645909 452 16738614089838771689
HIT 3 2057314762901 479 18273921608593805592
HIT 3 1941350711445 452 8026815671560303227
HIT 3 2057314828437 479 17190253823683217722
HIT 3 1941350776981 452 2933649185633627902
HIT 3 2057314893973 479 12071193185665655017
HIT 3 1941350842517 452 16824076870129073590
HIT 3 2057314959509 479 8796623327187665284
HIT 3 1941350908053 452 13076333102562618290
HIT 3 2057315025045 479 12255054413458185762
HIT 3 1941350973589 452 15335771712079156516
HIT 3 2057315090581 479 18378537818695822587
HIT 3 1941351039125 452 7839572653223369133
HIT 3 2057315156117 479 4768722029009789083
HIT 3 1941351104661 452 14502326773767868586
HIT 3 2057315221653 479 8676180297086975965
HIT 3 1941351170197 452 11896226217932113773
HIT 3 2057315287189 479 11878828180096225085
HIT 3 1941351235733 452 1389283934458308991
HIT 3 2057315352725 479 15689479240777541108
HIT 3 1941351301269 452 13084480033140977553
HIT 3 2057315418261 479 12634581438876016555
HIT 3 1941351366805 452 10198152188870540067
HIT 3 2057315483797 479 6917940989438700464
HIT 3 1941351432341 452 13234438851353935700
HIT 3 2057315549333 479 2113066517080006488
HIT 3 1941351497877 452 11509325674318901703
HIT 3 2057315614869 479 10116667796709936753
HIT 3 1941351563413 452 1736448788935260276
HIT 3 2057315680405 479 14163888387642405784
HIT 3 1941351628949 452 8411865599600173763
HIT 3 2057315745941 479 7655663181457448801
HIT 3 1941351694485 452 17628885860017043201
HIT 3 2057315811477 479 8221014933227055849
HIT 3 1941351760021 452 4578818209639581074
HIT 3 2057315877013 479 11984591141382889500
HIT 3 1941351825557 452 15360315934495090726
HIT 3 2057315942549 479 7623457768225116688
HIT 3 1941351891093 452 6710269126923543824
HIT 3 2057316008085 479 10116197843644623686
HIT 3 1941351956629 452 16020157182730892111
HIT 3 2057316073621 479 1200366115800528475
HIT 3 1941352022165 452 2543881186126031309
HIT 3 2057316139157 479 15525602774730699574
HIT 3 1941352087701 452 5911803375297442503
HIT 3 2057316204693 479 12821844944129378463
HIT 3 1941352153237 452 6821617987586255139
HIT 3 2057316270229 479 13965880716998714064
HIT 3 1941352218773 452 5692194878192213336
HIT 3 2057316335765 479 15425379563974139933
HIT 3 1941352284309 452 18340453284856930098
HIT 3 2057316401301 479 5059470007051092968
HIT 3 1941352349845 452 12765976180785750064
HIT 3 2057316466837 479 331922409407406341
HIT 3 1941352415381 452 15832755434105756360
HIT 3 2057316532373 479 1732168418321064504
HIT 3 1941352480917 452 16489181406557026532
HIT 3 2057316597909 479 2588489515956400153
HIT 3 1941352546453 452 6697348715012065407
HIT 3 2057316663445 479 15454643731473857426
HIT 3 1941352611989 452 14517766172186767474
HIT 3 2057316728981 479 287443873328496314
HIT 3 1941352677525 452 8110455673992721374
HIT 3 2057316794517 479 5035941195422765533
HIT 3 1941352743061 452 6868901147059872407
HIT 3 2057316860053 479 6748961915806175028
HIT 3 1941352808597 452 11612440245585525454
HIT 3 2057316925589 479 12966253393644147732
HIT 3 1941352874133 452 13581290461221632429
HIT 3 2057316991125 479 4193563188230408055
HIT 3 1941352939669 452 3280089365180785887
HIT 3 2057317056661 479 2212702011125073751
HIT 3 1941353005205 452 12052888801255954876
HIT 3 2057317122197 479 4394662847973754412
HIT 3 2065910595731 481 4788982747012433019
HIT 3 1941353070741 452 15464644561207975056
HIT 3 2057317187733 479 7787002712331568862
HIT 3 1941353136277 452 11984309102602136071
HIT 3 2057317253269 479 10956859430678699401
HIT 3 1941353201813 452 2533659667974657049
HIT 3 2057317318805 479 15739196220158939168
HIT 3 1941353267349 452 1823613237063563867
HIT 3 2057317384341 479 4979415710981416077
HIT 3 1941353332885 452 10444007246280352463
HIT 3 2057317449877 479 10133676927684581024
HIT 3 1941353398421 452 18365010714002174688
HIT 3 2057317515413 479 1026394075146301595
HIT 3 1941353463957 452 17810300104988440824
HIT 3 2057317580949 479 8855957410928376398
HIT 3 1941353529493 452 6233305086316041688
HIT 3 2057317646485 479 9381993702489726718
HIT 3 1941353595029 452 8487484395949140224
HIT 3 2057317712021 479 2638486364674483935
HIT 3 1941353660565 452 15128663674493385651
HIT 3 2057317777557 479 16815182891294029864
HIT 3 1941353726101 452 4077823769709827585
HIT 3 2057317843093 479 12366012064581547495
HIT 3 1941353791637 452 15827737870272407952
HIT 3 2057317908629 479 7923120065231087991
HIT 3 1941353857173 452 1806141578661867968
HIT 3 2057317974165 479 11816919595758732883
HIT 3 1941353922709 452 5806577290925828071
HIT 3 2057318039701 479 7744557398674235099
HIT 3 1941353988245 452 15491548113830018146
HIT 3 2057318105237 479 6573365531192423211
HIT 3 1941354053781 452 14622450857045830434
HIT 3 2057318170773 479 3259911891923793971
HIT 3 1941354119317 452 5157163460657865607
HIT 3 2057318236309 479 6709854970154027581
HIT 3 1941354184853 452 17755609847905429441
HIT 3 2057318301845 479 6674508240112750861
HIT 3 1941354250389 452 12558616724347321209
HIT 3 2057318367381 479 17053087945949451467
HIT 3 1941354315925 452 5929850156147022832
HIT 3 2057318432917 479 1485834299467737494
HIT 3 1941354381461 452 16695095466776983971
HIT 3 2057318498453 479 8568528862028973531
HIT 3 1941354446997 452 7527122003283746715
HIT 3 2057318563989 479 16226106638291667172
HIT 3 1941354512533 452 10080643693693644243
HIT 3 2057318629525 479 5817117943012986415
HIT 3 1932764643477 450 1615715068748575737
HIT 3 1941354578069 452 14803801257711051234
HIT 3 2057318695061 479 15015020344554461706
HIT 3 1941354643605 452 1615715068748575737
HIT 3 2057318760597 479 4453078380519977632
HIT 3 1941354709141 452 7844007684872628007
HIT 3 2048728891541 477 10742621031173653054
HIT 3 2053023858837 478 17719678442318565856
HIT 3 2057318826133 479 10754441192184624277
HIT 3 2065908760725 481 4546360391267730360
HIT 3 1941354774677 452 10971385509467983665
HIT 3 1949944709269 454 7844007684872628007
HIT 3 2057318891669 479 18202120005926965676
HIT 3 1949944774805 454 11646764159859321267
HIT 3 1954239742101 455 15499110860219299990
HIT 3 1958534709397 456 11210560033088959524
HIT 3 1962829676693 457 4392953266504468486
HIT 3 1967124643989 458 11695637585693025848
HIT 3 1971419611285 459 9618844188147105945
HIT 3 1975714578581 460 11376349344845741916
HIT 3 1980009545877 461 1502570956780256687
HIT 3 1984304513173 462 7376654245852942096
HIT 3 1988599480469 463 5216095664457216542
HIT 3 1992894447765 464 51248001808521407
HIT 3 1997189415061 465 9776085243449287611
HIT 3 2001484382357 466 12173555134838571951
HIT 3 2005779349653 467 9169142081476714280
HIT 3 2010074316949 468 9096544782716587894
HIT 3 2014369284245 469 4565457506787141154
HIT 3 2018664251541 470 11056772240991700221
HIT 3 2022959218837 471 3493939453512485590
HIT 3 2027254186133 472 7781889915557283224
HIT 3 2031549153429 473 14130337367845471455
HIT 3 2035844120725 474 8720525360141621511
HIT 3 2040139088021 475 12782089871943553578
HIT 3 2044434055317 476 7342459093420648519
HIT 3 2048729022613 477 7079268483190263514
HIT 3 2053023989909 478 13691137482865013171
HIT 3 2057318957205 479 13854478628351908097
HIT 3 2061613924501 480 14386738794378398550
HIT 3 2065908891797 481 15199523309334923257
HIT 3 2070203859093 482 306054305015943680
HIT 3 2074498826389 483 13226247776370576487
HIT 3 2078793793685 484 16378777392808581217
HIT 3 2083088760981 485 6598698228996028156
HIT 3 2087383728277 486 4968816967219058347
HIT 3 2091678695573 487 16462674010224297253
HIT 3 2095973662869 488 16846528111565724641
HIT 3 2100268630165 489 1254086086606465192
HIT 3 2104563597461 490 2812815007977917116
HIT 3 2108858564757 491 16947644640975252743
HIT 3 2113153532053 492 11111324605571499012
HIT 3 2117448499349 493 6684583286340351218
HIT 3 2121743466645 494 16343658760033055232
HIT 3 2126038433941 495 18068034240908805353
HIT 3 2130333401237 496 4590471862717470642
HIT 3 2134628368533 497 10044062324479902692
HIT 3 2138923335829 498 13911271320945812421
HIT 3 2143218303125 499 10179521363096335594
HIT 3 2147513270421 500 13234641318206801074
HIT 3 2151808237717 501 11840312650311844830
HIT 3 2156103205013 502 9883388667608408608
HIT 3 2160398172309 503 17457996969524539642
HIT 3 2164693139605 504 13314365223504030535
HIT 3 2168988106901 505 7884785293755989244
HIT 3 2173283074197 506 4159879853611818032
HIT 3 2177578041493 507 3012212639568893321
HIT 3 2181873008789 508 3867998976042059889
HIT 3 2186167976085 509 2909509400875507084
HIT 3 2190462943381 510 693191976067031310
HIT 3 2194757910677 511 8101284693701306737
HIT 3 1949944840341 454 16009762922891483522
HIT 3 1954239807637 455 4392953266504468486
HIT 3 1958534774933 456 11646764159859321267
HIT 3 2048729088149 477 530860205211939517
HIT 3 2053024055445 478 16353661579959861008
HIT 3 2057319022741 479 6614078520931610856
HIT 3 2065908957333 481 15473994337060615252
HIT 3 2048729153685 477 17811543903606307160
HIT 3 2053024120981 478 15119343605917989119
HIT 3 2057319088277 479 13334682783191291678
HIT 3 2065909022869 481 14812737857333287827
HIT 3 1958534906005 456 18309402516370424395
HIT 3 2057319153813 479 10396758079709113175
HIT 3 2057319219349 479 9308441751910559144
HIT 3 2057319284885 479 4323107510696039486
HIT 3 2057319350421 479 17972540529881177595
HIT 3 2057319415957 479 17579756678607328110
HIT 3 2057319481493 479 7458324541209573951
HIT 3 2057319547029 479 15333033520199130432
HIT 3 2057319612565 479 8905901760720790166
HIT 3 2057319678101 479 8684483518264176111
HIT 3 2057319743637 479 4075220093585450671
HIT 3 2057319809173 479 156191943124450169
HIT 3 2057319874709 479 3313502450559843731
HIT 3 2057319940245 479 2370484700114645733
HIT 3 2057320005781 479 7893017216691732351
HIT 3 2057320071317 479 13871789530648979958
HIT 3 2057320136853 479 3499986425605911764
HIT 3 2057320202389 479 2792649173670687532
HIT 3 2057320267925 479 9034968195458756339
HIT 3 2057320333461 479 1607202244776264902
HIT 3 2057320398997 479 1112613346560547610
HIT 3 2048730529941 477 1112613346560547610
HIT 3 2057320464533 479 6821011804955791080
HIT 3 2057320530069 479 2656259491151691404
HIT 3 2065910464661 481 9865246795781722670
HIT 3 2057320595605 479 9865246795781722670
HIT 3 2061615628437 480 10229517364899228973
HIT 3 2065910595733 481 15821493369059899909
HIT 3 2074500530325 483 5240275184896665942
HIT 3 2061615693973 480 643258451084924373
HIT 3 2065910661269 481 5240275184896665942
HIT 3 2070205628565 482 10229517364899228973
HIT 3 2074500595861 483 15607867808689003829
HIT 3 2078795563157 484 16229216384290893350
HIT 3 2083090530453 485 16104151951974580064
HIT 3 2087385497749 486 8208026630830262299
HIT 3 2091680465045 487 13727350097435404036
HIT 3 2095975432341 488 3303978578907264900
HIT 3 2100270399637 489 15482622225491491823
HIT 3 2104565366933 490 475038053042166357
HIT 3 2108860334229 491 11347219295654209924
HIT 3 2113155301525 492 16017556527925260545
HIT 3 2117450268821 493 431942226201572586
HIT 3 2121745236117 494 4871344429340623810
HIT 3 2126040203413 495 6106781751480909793
HIT 3 2130335170709 496 9331917748624063074
HIT 3 2134630138005 497 7387830550090816
HIT 3 2138925105301 498 16584802420191574224
HIT 3 2143220072597 499 15694132831408756148
HIT 3 2147515039893 500 16921116811267984798
HIT 3 2151810007189 501 7628118709595328044
HIT 3 2156104974485 502 1222187575023726925
HIT 3 2160399941781 503 18213730756100014581
HIT 3 2164694909077 504 839697626334235500
HIT 3 2168989876373 505 7991382294954568483
HIT 3 2173284843669 506 9117392479408438239
HIT 3 2177579810965 507 5895738482327469432
HIT 3 2181874778261 508 11212434387434911747
HIT 3 2186169745557 509 15916191941075581257
HIT 3 2190464712853 510 12579523204699992511
HIT 3 2194759680149 511 3035559613521997165
HIT 3 2074500661397 483 10208693250178431891
HIT 3 1941347893399 452 9669350748176194157
HIT 3 2057312010391 479 15174066502759870868
HIT 3 1932758089879 450 8534159590156273763
HIT 3 1941348024471 452 14782313808379008176
HIT 3 1945642991767 453 10901126897301410476
HIT 3 1949937959063 454 5765580462084509010
HIT 3 2048722206871 477 10708437405016625452
HIT 3 2053017174167 478 1587643322745704159
HIT 3 2057312141463 479 1498891580705132609
HIT 3 2065902076055 481 1730530346383692793
HIT 3 1503261425815 350 16075509158658269124
HIT 3 1941348090007 452 12203170276440117762
HIT 3 2057312206999 479 18418453374394311938
HIT 3 1941348155543 452 5659242662947256239
HIT 3 2057312272535 479 7161394607274407723
HIT 3 2057318826135 479 10001551889170961159
HIT 3 2048729022615 477 17763770149246345527
HIT 3 2053023989911 478 12504127682385232123
HIT 3 2057318957207 479 13237786792997048011
HIT 3 2065908891799 481 707552900644953843
HIT 3 1949944840343 454 9987602019991391101
HIT 3 2057319022743 479 11767087196930769277
HIT 3 2057319088279 479 3265733315637385701
HIT 3 2065910595735 481 11676856868522297138
HIT 3 1941348024472 452 15851892906137542997
HIT 3 2057312141464 479 4099809517002753536
HIT 3 1941348024473 452 5578708198003335182
HIT 3 2057312141465 479 5129163275015593011
HIT 3 1941348024474 452 11908409018413490757
HIT 3 2057312141466 479 4295173950962565263
HIT 3 2057318957208 479 2956490526385019795
HIT 3 2057318957209 479 10258684537275123338
HIT 3 2057318957210 479 17535758722151493618
HIT 3 1941348024475 452 7196372186869724369
HIT 3 2057312141467 479 3456160268490751489
HIT 3 1941348024476 452 5041488169563961530
HIT 3 2057312141468 479 12386701808624874909
HIT 3 1941348024477 452 15731679534118806773
HIT 3 2057312141469 479 2804675306099027975
HIT 3 2057318957211 479 8982394876077298387
HIT 3 1941348024478 452 5614681248996252208
HIT 3 2057318957213 479 8733186200805014518
HIT 3 2057312141470 479 1407908362539458346
HIT 3 2057318957212 479 12803996490353170840
HIT 3 2057318957214 479 17391713995476406707
HIT 3 1941348024480 452 13916661017254762490
HIT 3 2057312141472 479 11627934332574618029
HIT 3 1941348024481 452 14635457808696362645
HIT 3 2057312141473 479 4360713223441452658
HIT 3 2057318957216 479 14015296520236907145
HIT 3 2057318957217 479 8798956301029174744
HIT 3 1941348024479 452 12830483499387479829
HIT 3 1941348024482 452 14209476307326506318
HIT 3 2057312141474 479 4957926927366108845
HIT 3 2057312141471 479 2819110587119451430
HIT 3 2057318957218 479 802866641602134200
HIT 3 2057318957215 479 9817131643104347686
HIT 3 1941348024483 452 12772299118980827907
HIT 3 2057312141475 479 8774248814635121065
HIT 3 1941348024484 452 1725333568910236451
HIT 3 2057312141476 479 1807711530172353775
HIT 3 2057318957219 479 14400040401640770893
HIT 3 2057318957220 479 1988369615644599428
HIT 3 1941348024485 452 7241416493416720190
HIT 3 2057312141477 479 8066910167570265699
HIT 3 2057318957221 479 15734017138225410688
HIT 3 1941348024486 452 16174586836343464790
HIT 3 2057312141478 479 9732839551360903884
HIT 3 1941348024487 452 1092105199855860163
HIT 3 2057312141479 479 13044378209265802497
HIT 3 1941348024488 452 15027810271205605610
HIT 3 2057312141480 479 13509324844785450731
HIT 3 2057318957223 479 9884317310241068681
HIT 3 2057318957222 479 4459644162317849559
HIT 3 2057318957224 479 4819842451056405278
HIT 3 1941348024489 452 4952890676002037070
HIT 3 2057312141481 479 2647423603878844188
HIT 3 2057318957225 479 5364137662921601136
HIT 3 1941348024490 452 17172362951442639263
HIT 3 2057312141482 479 6780921356542584855
HIT 3 1941348024491 452 17994222377651742346
HIT 3 2057312141483 479 10721001681790884850
HIT 3 1941348024492 452 11190599860169267913
HIT 3 2057312141484 479 2125372694275302874
HIT 3 2057318957226 479 10920350030593969042
HIT 3 2057318957227 479 6760741237105153366
HIT 3 2057318957228 479 7443557849012759018
HIT 3 1941348024493 452 410258542926473330
HIT 3 2057312141485 479 13273347628750181021
HIT 3 2057318957229 479 15994283334901963035
HIT 3 1941348024495 452 8674947744921773891
HIT 3 2057312141487 479 13609620098370360944
HIT 3 1941348024496 452 7949292980028710077
HIT 3 2057312141488 479 14895655831343133011
HIT 3 2057318957232 479 12100936849013665182
HIT 3 2057318957231 479 4500577656755246820
HIT 3 1941348024494 452 5346428748662178359
HIT 3 2057312141486 479 5743874876932307340
HIT 3 1941348024497 452 3611092818034906009
HIT 3 2057312141489 479 10975886199230307425
HIT 3 2057318957230 479 2497257881261244207
HIT 3 2057318957233 479 17236915195973707101
HIT 3 1941348024498 452 11199409744663206597
HIT 3 2057312141490 479 12503066069440608261
HIT 3 1941348024499 452 16588440302130920163
HIT 3 2057312141491 479 8827157332823359687
HIT 3 2057318957234 479 8392333747002045088
HIT 3 2057318957235 479 14028055021931919733
HIT 3 1941348024500 452 16478470376876552861
HIT 3 2057312141492 479 9978096388508946386
HIT 3 2057318957236 479 10705024213738307522
HIT 3 1941348024504 452 15047766281379372572
HIT 3 2057312141496 479 1477863033892092724
HIT 3 2057318957240 479 16951037748651567484
HIT 3 1941348024505 452 17874525802169189613
HIT 3 2057312141497 479 962217695100717238
HIT 3 2057318957241 479 16961275868378073577
HIT 3 1941348024506 452 16758111916804194477
HIT 3 2057312141498 479 9257412358594660845
HIT 3 1941348024501 452 13626335577679013242
HIT 3 2057318957242 479 10789502747372199071
HIT 3 2057312141493 479 2402527138559048055
HIT 3 1941348024507 452 13125040561549809696
HIT 3 2057312141499 479 10023750445996701540
HIT 3 2057318957237 479 10669839742260376723
HIT 3 1941348024502 452 14662417250328364358
HIT 3 2057312141494 479 11871572947019488616
HIT 3 2057318957243 479 1567301057256390056
HIT 3 1941348024503 452 17926381569823418038
HIT 3 2057312141495 479 8065131177553944587
HIT 3 2057318957238 479 13504253376781295071
HIT 3 2057318957239 479 13962774975126423610
HIT 3 1941348024509 452 15329202611023783460
HIT 3 2057312141501 479 3582087237365492950
HIT 3 1941348024510 452 13396977622806100625
HIT 3 2057312141502 479 13641336152830647678
HIT 3 1941348024511 452 8644932235773004032
HIT 3 2057312141503 479 11896654455330354038
HIT 3 2057318957245 479 1240997361813129681
HIT 3 2057318957246 479 3114562658803484368
HIT 3 2057318957247 479 6464230872532809266
HIT 3 1941348024508 452 16734639521164181616
HIT 3 2057312141500 479 182195765588544549
HIT 3 1941348024512 452 15573427818799651236
HIT 3 2057312141504 479 12876219732287947817
HIT 3 2057318957244 479 3122544310763422167
HIT 3 2057318957248 479 700848574959714492
HIT 3 1941348024513 452 4861367415126922614
HIT 3 2057312141505 479 1366258372047644988
HIT 3 1941348024514 452 9084617819483625886
HIT 3 2057312141506 479 7916786284846391964
HIT 3 2057318957249 479 17768165233528115004
HIT 3 2057318957250 479 16630060528219715882
HIT 3 1941348024518 452 12046092373221039567
HIT 3 2057312141510 479 14434615482969469577
HIT 3 1941348024517 452 15638270126488250052
HIT 3 2057312141509 479 17684941676579079763
HIT 3 1941348024516 452 14630556467781819061
HIT 3 2057312141508 479 2160678633266543306
HIT 3 1941348024515 452 16928835648729787299
HIT 3 2057312141507 479 11330096794806527759
HIT 3 2057318957254 479 18176804964056747419
HIT 3 2057318957253 479 7206522195912999194
HIT 3 2057318957252 479 3326638333088176011
HIT 3 2057318957251 479 15798353325071828644
HIT 3 1941348024519 452 7961245608330097359
HIT 3 2057312141511 479 15647915101626856100
HIT 3 1941348024520 452 2719368179482152709
HIT 3 2057312141512 479 11051718246195552983
HIT 3 2057318957256 479 12788048215012549524
HIT 3 2057318957255 479 10942179527381360875
HIT 3 1941348024522 452 10026089406856084134
HIT 3 2057312141514 479 17828219630332567063
HIT 3 1941348024521 452 8754429628198095224
HIT 3 2057312141513 479 2123673570557402859
HIT 3 2057318957257 479 6493327564878839586
HIT 3 2057318957258 479 8580728726468492176
HIT 3 1941348024523 452 8228551587574518505
HIT 3 2057312141515 479 12144671331943883818
HIT 3 2057318957259 479 12998669217347055264
HIT 3 1941348024524 452 967950671137868126
HIT 3 2057312141516 479 7322460379504533445
HIT 3 2057318957260 479 3528166327568940611
HIT 3 1941348024527 452 7493768303170687863
HIT 3 2057312141519 479 10792551280068810302
HIT 3 1941348024526 452 11209297969295982729
HIT 3 2057312141518 479 9064392844402298440
HIT 3 1941348024525 452 528437869109272036
HIT 3 2057312141517 479 150014475969027509
HIT 3 2057318957263 479 8360324531064715945
HIT 3 1941348024528 452 13977757227436776756
HIT 3 2057312141520 479 13623264900008268573
HIT 3 2057318957262 479 1235313258464197680
HIT 3 2057318957264 479 4199091975906507563
HIT 3 2057318957261 479 9805591821936837140
HIT 3 1941348024531 452 1407284117835873569
HIT 3 2057312141523 479 9901279959740743039
HIT 3 1941348024529 452 8516504000149875193
HIT 3 2057312141521 479 2775218107519613516
HIT 3 2057318957267 479 12121646131739989752
HIT 3 2057318957265 479 14929572704283295725
HIT 3 1941348024530 452 15649234896514811374
HIT 3 2057312141522 479 14089373169088297916
HIT 3 1941348024532 452 7144834185253765938
HIT 3 2057312141524 479 13130274533839487571
HIT 3 2057318957266 479 17211522725470182939
HIT 3 1941348024533 452 3439587264372900486
HIT 3 2057312141525 479 17899351519239175361
HIT 3 1941348024534 452 11825504869910373706
HIT 3 2057312141526 479 17280854676222285349
HIT 3 2057318957269 479 3433269068105070889
HIT 3 2057318957268 479 10726829747827538984
HIT 3 2057318957270 479 5583688234850499893
HIT 3 1941348024538 452 14527959619255546479
HIT 3 2057312141530 479 6289008375101359937
HIT 3 1941348024535 452 11807286934770893422
HIT 3 2057312141527 479 79987084928894634
HIT 3 1941348024536 452 17894471397660242064
HIT 3 2057312141528 479 17141157304871859799
HIT 3 2057318957274 479 17625738342489984041
HIT 3 1941348024537 452 1243843919173321794
HIT 3 2057312141529 479 11778108307472906713
HIT 3 2057318957272 479 5115414987971205834
HIT 3 2057318957271 479 9902833190292144038
HIT 3 2057318957273 479 7401223937821902879
HIT 3 1941348024540 452 16532836096390940245
HIT 3 2057312141532 479 6486677192358643163
HIT 3 1941348024539 452 13436769521589277414
HIT 3 2057312141531 479 8250935570514123952
HIT 3 2057318957276 479 1063415151978840838
HIT 3 2057318957275 479 13941072753737803579
HIT 3 1941348024541 452 6787847389154482307
HIT 3 2057312141533 479 17652287556558832145
HIT 3 1941348024542 452 9835005402443673879
HIT 3 2057312141534 479 981861061441084094
HIT 3 2057318957277 479 10819803632199045574
HIT 3 2057318957278 479 1352015690464584837
HIT 3 1941348024543 452 16627514119424261834
HIT 3 2057312141535 479 7794016685454647005
HIT 3 1941348024544 452 9448960945601097100
HIT 3 2057312141536 479 2170839705754768059
HIT 3 2057318957279 479 15573609634294477825
HIT 3 2057318957280 479 2695706180324033098
HIT 3 1941348024545 452 9938787559875933520
HIT 3 2057312141537 479 9637213244023075659
HIT 3 1941348024546 452 6457966658521525226
HIT 3 2057312141538 479 12518675278051051969
HIT 3 1941348024547 452 8311869367365276311
HIT 3 2057312141539 479 6147231371333934626
HIT 3 1941348024548 452 15804692511439235920
HIT 3 2057312141540 479 12981242813538820007
HIT 3 2057318957282 479 3081952532787464770
HIT 3 2057318957281 479 8618870553514103315
HIT 3 2057318957283 479 11319280564438891986
HIT 3 2057318957284 479 16695892706244780210
HIT 3 1941348024551 452 16839720460416395346
HIT 3 2057312141543 479 17325393139270225874
HIT 3 1941348024550 452 2707717831176611869
HIT 3 2057312141542 479 1574886446902607115
HIT 3 2057318957287 479 11569365131760774771
HIT 3 1941348024549 452 6286773849559480622
HIT 3 2057312141541 479 9056218626258355105
HIT 3 1941348024552 452 10240341585936714976
HIT 3 2057312141544 479 3585585996955783025
HIT 3 2057318957286 479 17578012543114959660
HIT 3 2057318957288 479 15726726118692958616
HIT 3 2057318957285 479 1232500019676854770
HIT 3 1941348024553 452 10722480781510665945
HIT 3 2057312141545 479 10373869540585408208
HIT 3 1941348024554 452 8304705735392839551
HIT 3 2057312141546 479 12133283953554950900
HIT 3 2057318957289 479 12496302179486544641
HIT 3 1941348024556 452 8833837375091382822
HIT 3 2057312141548 479 4778875745121257967
HIT 3 1941348024555 452 14233652836277185500
HIT 3 2057312141547 479 7380137377997003122
HIT 3 2057318957290 479 7920544640379295468
HIT 3 2057318957291 479 10372657854044755407
HIT 3 2057318957292 479 2332200031413365003
HIT 3 1941348024557 452 14962875779379042967
HIT 3 2057312141549 479 8072060553111713802
HIT 3 1941348024558 452 2840640458436710931
HIT 3 2057312141550 479 1905373338068461917
HIT 3 1941348024560 452 12780357782924741786
HIT 3 2057312141552 479 9699964604409671493
HIT 3 2057318957293 479 3504907988496629353
HIT 3 1941348024559 452 18382910271293330116
HIT 3 2057312141551 479 2580811803104705298
HIT 3 2057318957296 479 7682779180358578760
HIT 3 2057318957294 479 4580489392630121632
HIT 3 2057318957295 479 9568250547743106286
HIT 3 1941348024561 452 1197975630189636873
HIT 3 2057312141553 479 15393629351777391825
HIT 3 1941348024563 452 2190160098150749174
HIT 3 2057312141555 479 4265390188683157721
HIT 3 1941348024562 452 4193902947462143535
HIT 3 2057312141554 479 6859732574634558409
HIT 3 1941348024564 452 5188281930124204460
HIT 3 2057312141556 479 6794960812124649095
HIT 3 2057318957297 479 14425711981638517790
HIT 3 2057318957300 479 17763006420714403376
HIT 3 2057318957298 479 13801130763323539119
HIT 3 2057318957299 479 4659155517752285399
HIT 3 1941348024566 452 14192941032787783804
HIT 3 2057312141558 479 8446575889770833042
HIT 3 1941348024568 452 8703056567100502795
HIT 3 2057312141560 479 77203443451067126
HIT 3 2057318957302 479 15391189326488659974
HIT 3 1941348024567 452 4120366444227551684
HIT 3 2057312141559 479 17336868445457671317
HIT 3 1941348024565 452 617922864823431876
HIT 3 2057312141557 479 4689138485513459124
HIT 3 2057318957304 479 17619722900877516264
HIT 3 2057318957303 479 13220858444629417148
HIT 3 1941348024569 452 4557121370159286493
HIT 3 2057312141561 479 4124215834170183814
HIT 3 2057318957301 479 15820382972397995730
HIT 3 2057318957305 479 15148624698537707095
HIT 3 1941348024570 452 13236146707562097834
HIT 3 2057312141562 479 9432845215003755275
HIT 3 2057318957306 479 3374243512116870125
HIT 3 1941348024572 452 10462387829868848931
HIT 3 2057312141564 479 7875808824727179336
HIT 3 1941348024573 452 749077786776082663
HIT 3 2057312141565 479 12858681013709006985
HIT 3 1941348024571 452 5483344130338764938
HIT 3 2057312141563 479 18121273984880866213
HIT 3 2057318957309 479 1505675044854702445
HIT 3 1941348024574 452 5741150929376503660
HIT 3 2057312141566 479 5644422655818493471
HIT 3 2057318957308 479 13446691492289914161
HIT 3 2057318957307 479 13169708382162660482
HIT 3 1941348024575 452 12063360107984021867
HIT 3 2057312141567 479 614476946872708734
HIT 3 2057318957310 479 17921984857020466718
HIT 3 2057318957311 479 17094691234046658898
HIT 3 1941348024578 452 11075847343826520130
HIT 3 2057312141570 479 16303442274825229687
HIT 3 1941348024577 452 1437735636266217748
HIT 3 2057312141569 479 1322965178311914358
HIT 3 1941348024576 452 15546184718208557764
HIT 3 2057312141568 479 4015322252002569048
HIT 3 2057318957314 479 15716147846985328973
HIT 3 2057318957312 479 3850440626874887606
HIT 3 2057318957313 479 13641223927012917561
HIT 3 1941348024579 452 17658333847033225193
HIT 3 2057312141571 479 3075688265638613487
HIT 3 1941348024580 452 13434050246857113095
HIT 3 2057312141572 479 2643384827943762137
HIT 3 2057318957315 479 11780999249055546649
HIT 3 1941348024582 452 4671237110779866719
HIT 3 2057312141574 479 3759347494459035915
HIT 3 1941348024581 452 9198510817428270752
HIT 3 2057312141573 479 14536004310056698759
HIT 3 2057318957316 479 15862489415557758703
HIT 3 1941348024583 452 4259321065121882621
HIT 3 2057312141575 479 10550130162774590942
HIT 3 2057318957318 479 11429323749044700070
HIT 3 2057318957317 479 16584936966736431021
HIT 3 2057318957319 479 9432935004603091919
HIT 3 1941348024585 452 1953581846040845336
HIT 3 2057312141577 479 11053402368653074801
HIT 3 1941348024587 452 15280459008338147215
HIT 3 2057312141579 479 12074153874277435682
HIT 3 1941348024586 452 10490532651134707365
HIT 3 2057312141578 479 11674586409456680245
HIT 3 1941348024584 452 4973799530692033745
HIT 3 2057312141576 479 966904037635442939
HIT 3 2057318957323 479 3510290883380616806
HIT 3 2057318957321 479 6041773288473383940
HIT 3 2057318957322 479 5529116705435600222
HIT 3 2057318957320 479 14896741549377977163
HIT 3 1941348024588 452 9583177137650266457
HIT 3 2057312141580 479 5782861457998853410
HIT 3 1941348024589 452 8216497857479407969
HIT 3 2057312141581 479 14198373919009616514
HIT 3 1941348024591 452 4847063543775853390
HIT 3 2057312141583 479 7660397592029535192
HIT 3 1941348024590 452 14830601349891740587
HIT 3 2057312141582 479 11097387353773449593
HIT 3 2057318957324 479 1079606232692983349
HIT 3 2057318957325 479 4495454123591627494
HIT 3 2057318957326 479 16396253604907386243
HIT 3 1941348024592 452 6715064647685000943
HIT 3 2057312141584 479 16227881664153365249
HIT 3 2057318957327 479 15625855018557501994
HIT 3 1941348024593 452 7678638338866816761
HIT 3 2057312141585 479 3797843677936996377
HIT 3 2057318957328 479 7668169777969106855
HIT 3 2057318957329 479 12672041647705730992
HIT 3 1941348024594 452 15780206853156186451
HIT 3 2057312141586 479 6369789062990389533
HIT 3 1941348024596 452 2424084299359573278
HIT 3 2057312141588 479 9018192732170840999
HIT 3 1941348024595 452 4726245192970966432
HIT 3 2057312141587 479 17485215977279585316
HIT 3 2057318957332 479 1606605135030122530
HIT 3 2057318957330 479 18031470607287619812
HIT 3 1941348024597 452 15746366344485338353
HIT 3 2057312141589 479 13469495040042883008
HIT 3 2057318957331 479 10730158522285131974
HIT 3 1941348024598 452 8600682420439157109
HIT 3 2057312141590 479 933818772655126324
HIT 3 2057318957333 479 3894315121990749964
HIT 3 1941348024599 452 11784064037852209536
HIT 3 2057312141591 479 3621906050163822950
HIT 3 2057318957334 479 6415458503043370370
HIT 3 2057318957335 479 9218063918118640502
HIT 3 1941348024600 452 6924090628504566750
HIT 3 2057312141592 479 524033779437802083
HIT 3 1941348024602 452 4966906401383952012
HIT 3 2057312141594 479 8763910168237257520
HIT 3 1941348024601 452 18254166419336186915
HIT 3 2057312141593 479 12742167038481201067
HIT 3 2057318957336 479 1545444981807322445
HIT 3 2057318957337 479 11816443601152893674
HIT 3 2057318957338 479 11341432961118186496
HIT 3 1941348024603 452 1878057874021180215
HIT 3 2057312141595 479 1589043434332789724
HIT 3 1941348024604 452 17444498640739838272
HIT 3 2057312141596 479 8809135494496811963
HIT 3 1941348024605 452 2239999858297235182
HIT 3 2057312141597 479 15125037553572608418
HIT 3 2057318957339 479 6629793244059084132
HIT 3 1941348024606 452 1759980441871829192
HIT 3 2057312141598 479 9562087939410203582
HIT 3 2057318957340 479 12834830861276027012
HIT 3 2057318957341 479 1868586965438652037
HIT 3 1941348024607 452 6085814325715391766
HIT 3 2057312141599 479 5910244465625535383
HIT 3 1941348024608 452 6878875603955964680
HIT 3 2057312141600 479 4825863745506688801
HIT 3 1941348024609 452 1446839673247654531
HIT 3 2057312141601 479 4210794880428245098
HIT 3 2057318957342 479 18285778615339638162
HIT 3 2057318957343 479 7276018072833136300
HIT 3 2057318957344 479 543817565466078533
HIT 3 2057318957345 479 10379157648914928076
HIT 3 1941348024611 452 17385118667742543686
HIT 3 2057312141603 479 2008729802970761204
HIT 3 1941348024610 452 16262963200465503870
HIT 3 2057312141602 479 9910054098915329024
HIT 3 2057318957347 479 9211168971215744507
HIT 3 2057318957346 479 9026105877893500716
HIT 3 1941348024612 452 16612359031318611417
HIT 3 2057312141604 479 5711015902985286210
HIT 3 1941348024614 452 10929641134027417835
HIT 3 2057312141606 479 5455119915093687814
HIT 3 1941348024613 452 7387386772411419868
HIT 3 2057312141605 479 6494318218448435886
HIT 3 2057318957348 479 15993997164170170686
HIT 3 2057318957350 479 502988647680879186
HIT 3 1941348024615 452 5606073187036852444
HIT 3 2057312141607 479 4432480983100285459
HIT 3 2057318957349 479 3187796570096060941
HIT 3 1941348024617 452 3668155410723966315
HIT 3 2057312141609 479 11629978180610894666
HIT 3 1941348024616 452 5402834884690267248
HIT 3 2057312141608 479 17066767177941557493
HIT 3 2057318957351 479 13802654058512748014
HIT 3 2057318957353 479 5794468807754886278
HIT 3 2057318957352 479 9677847799364605888
HIT 3 1941348024618 452 17722123329344676333
HIT 3 2057312141610 479 9844295998556217297
HIT 3 1941348024619 452 12360892720142010951
HIT 3 2057312141611 479 7877743429516937553
HIT 3 1941348024621 452 16284866483417695350
HIT 3 2057312141613 479 7034164979286232705
HIT 3 1941348024620 452 9031364095914601602
HIT 3 2057312141612 479 747740224760757456
HIT 3 2057318957355 479 8588634579869804970
HIT 3 2057318957354 479 13900554950702904556
HIT 3 2057318957357 479 5794575919772884208
HIT 3 2057318957356 479 446683021803987199
HIT 3 1941348024622 452 15470496047792299214
HIT 3 2057312141614 479 11330065283784797768
HIT 3 1941348024623 452 13255955030962116811
HIT 3 2057312141615 479 17184471403386470301
HIT 3 1941348024625 452 13560590051917534367
HIT 3 2057312141617 479 10583922887610594810
HIT 3 1941348024624 452 17542144408784851231
HIT 3 2057312141616 479 9630499915952010962
HIT 3 2057318957358 479 1246893007576625714
HIT 3 2057318957359 479 2130564721349402681
HIT 3 2057318957360 479 846536451238221761
HIT 3 1941348024626 452 7636023616807745854
HIT 3 2057312141618 479 17463257183275390552
HIT 3 1941348024627 452 5760536053486265962
HIT 3 2057312141619 479 5376208216849974020
HIT 3 2057318957361 479 2104565620170825569
HIT 3 2057318957362 479 14264695491392579380
HIT 3 1941348024628 452 4926871782476521318
HIT 3 2057312141620 479 15498960325385004602
HIT 3 2057318957363 479 12158428846963991599
HIT 3 1941348024630 452 16299208142640939591
HIT 3 2057312141622 479 13901989540494319869
HIT 3 1941348024629 452 17703256299782679085
HIT 3 2057312141621 479 4866721182014885986
HIT 3 1941348024631 452 12959442717343314420
HIT 3 2057312141623 479 8403045548676857794
HIT 3 2057318957364 479 107404280143855156
HIT 3 2057318957366 479 15057058127489050774
HIT 3 2057318957365 479 9804952797491938524
HIT 3 1941348024632 452 14721312913443929983
HIT 3 2057312141624 479 6307787852389181286
HIT 3 2057318957367 479 6354777284695101106
HIT 3 1941348024634 452 4915202371373246152
HIT 3 2057312141626 479 10662126443925011822
HIT 3 1941348024633 452 4741000097481982138
HIT 3 2057312141625 479 356061044789700138
HIT 3 1941348024635 452 7189337330930671126
HIT 3 2057312141627 479 10906419756825560434
HIT 3 2057318957368 479 9073200752130612623
HIT 3 2057318957369 479 12827897013069654188
HIT 3 1941348024636 452 18118658272589834090
HIT 3 2057312141628 479 9350630230070763742
HIT 3 2057318957370 479 8269971622805067340
HIT 3 2057318957371 479 16748202349410042019
HIT 3 1941348024638 452 12350100364300256088
HIT 3 2057312141630 479 9545130272862575962
HIT 3 1941348024637 452 11664632672509295502
HIT 3 2057312141629 479 9008140125739021201
HIT 3 2057318957372 479 5562336579580011118
HIT 3 1941348024639 452 17576310819195470970
HIT 3 2057312141631 479 1922374860426840221
HIT 3 1941348024640 452 1845662224009733167
HIT 3 2057312141632 479 11486337318391400106
HIT 3 2057318957374 479 3982079696337144019
HIT 3 2057318957373 479 8072714109132019114
HIT 3 2057318957375 479 12560521585387401962
HIT 3 1941348024641 452 4895504922669066469
HIT 3 2057312141633 479 17765460599193716437
HIT 3 1941348024642 452 1186563254586246745
HIT 3 2057312141634 479 2102032434005777352
HIT 3 2057318957376 479 1196787713814777817
HIT 3 1941348024643 452 15624427525938729150
HIT 3 2057312141635 479 13356889979570060548
HIT 3 1941348024644 452 5927695991645057796
HIT 3 2057312141636 479 2726761764613444087
HIT 3 2057318957377 479 2100818763121711349
HIT 3 2057318957378 479 6011270914175630872
HIT 3 1941348024646 452 9769735957554040241
HIT 3 2057312141638 479 4357109308049994455
HIT 3 2057318957379 479 14140026154950468946
HIT 3 1941348024645 452 215804421569008927
HIT 3 2057312141637 479 11983586573449462583
HIT 3 1941348024647 452 13481729634505468348
HIT 3 2057312141639 479 1302453126199425554
HIT 3 2057318957380 479 5734349623793338963
HIT 3 2057318957382 479 3556169679566153322
HIT 3 2057318957381 479 6919071387889846308
HIT 3 1941348024650 452 3381182451480055096
HIT 3 1941348024649 452 16575718152254008351
HIT 3 2057312141642 479 10032564622610771948
HIT 3 2057312141641 479 3796737248519901285
HIT 3 1941348024648 452 12364474634615340991
HIT 3 2057312141640 479 9651394984308606219
HIT 3 2057318957383 479 10293382337187299771
HIT 3 1941348024651 452 16298169335808542811
HIT 3 2057312141643 479 16679904515334015484
HIT 3 2057318957385 479 368877989701886296
HIT 3 2057318957386 479 607180745355647537
HIT 3 2057318957384 479 14058535007780439017
HIT 3 1941348024653 452 14487593305384220121
HIT 3 2057312141645 479 506969680333411546
HIT 3 1941348024654 452 16188731915637889236
HIT 3 2057312141646 479 4745507446275782592
HIT 3 1941348024652 452 15693709152099453308
HIT 3 2057312141644 479 6353503839952600098
HIT 3 2057318957388 479 8937922246669013213
HIT 3 2057318957387 479 14168477084113449528
HIT 3 2057318957389 479 1832722562116801428
HIT 3 2057318957390 479 11095275946069681696
HIT 3 1941348024655 452 14213333754127236190
HIT 3 2057312141647 479 12026261561775270482
HIT 3 1941348024656 452 12361352860618343554
HIT 3 2057312141648 479 15038687119443326919
HIT 3 1941348024657 452 5636269581485796943
HIT 3 2057312141649 479 16668883679310716005
HIT 3 1941348024658 452 8594568312617490757
HIT 3 2057312141650 479 10433457774293992215
HIT 3 2057318957391 479 13746071600951415306
HIT 3 2057318957393 479 212602516534202397
HIT 3 1941348024660 452 14648126052846198898
HIT 3 2057312141652 479 2137705735371237025
HIT 3 2057318957394 479 7916367232591832417
HIT 3 2057318957392 479 9019354971520196475
HIT 3 1941348024659 452 5930939077993954174
HIT 3 2057312141651 479 15758436495826438730
HIT 3 1941348024661 452 6151204548630637632
HIT 3 2057312141653 479 11138843143951975342
HIT 3 1941348024662 452 15625402059535470124
HIT 3 2057312141654 479 1669822616939283639
HIT 3 2057318957395 479 9661145711667632494
HIT 3 1941348024663 452 18253370423826696793
HIT 3 2057312141655 479 14061903447413927324
HIT 3 2057318957396 479 13963760820561897688
HIT 3 1941347893592 452 14940527887331071980
HIT 3 2057312010584 479 16032311204530114814
HIT 3 1941348024664 452 3808347806876565809
HIT 3 2057312141656 479 6376933819735659386
HIT 3 2057318957397 479 11606904553120293725
HIT 3 1941348024665 452 14940527887331071980
HIT 3 2057312141657 479 16032311204530114814
HIT 3 2057318957399 479 10576142483656764155
HIT 3 2057318957398 479 17284372127351829952
HIT 3 2057318957400 479 5448865294428141357
HIT 3 1941348024666 452 8115115635911807018
HIT 3 2057312141658 479 5998908551946757558
HIT 3 2057318957401 479 13203036159296026777
HIT 3 1941348155740 452 14661484667426789502
HIT 3 2057312272732 479 6218586521469692583
HIT 3 1941348221276 452 7491636363453992162
HIT 3 2057312338268 479 12162572585586160110
HIT 3 1941348286812 452 4193368657184957340
HIT 3 2057312403804 479 150191387810447151
HIT 3 1941348352348 452 2902259012653611282
HIT 3 2057312469340 479 4073543079613699365
HIT 3 1941348417884 452 15239757447773010880
HIT 3 2057312534876 479 3427439794775229167
HIT 3 1941348483420 452 1953840876111776636
HIT 3 2057312600412 479 7536232457038306631
HIT 3 1941348548956 452 10991315395096951277
HIT 3 2057312665948 479 5238132804339673499
HIT 3 1941348614492 452 18399510902076427020
HIT 3 2057312731484 479 8803213345526660884
HIT 3 1941348680028 452 12427760667200792921
HIT 3 2057312797020 479 9301227773640437845
HIT 3 1941348745564 452 3630893530260696643
HIT 3 2057312862556 479 12748868030957692024
HIT 3 1941348811100 452 11763714876587022930
HIT 3 2057312928092 479 607346527651511166
HIT 3 1941348876636 452 11664284115313515817
HIT 3 2057312993628 479 3647680438367160443
HIT 3 1941348942172 452 8823910613610832884
HIT 3 2057313059164 479 8225231999112792869
HIT 3 1941349007708 452 4226086342532992390
HIT 3 2057313124700 479 16468600169993866720
HIT 3 1941349073244 452 15878724718260037859
HIT 3 2057313190236 479 4837929119328200713
HIT 3 1941349138780 452 9953985938284466172
HIT 3 2057313255772 479 9206247919532628334
HIT 3 1941349204316 452 16765827844014309703
HIT 3 2057313321308 479 10038448644759994519
HIT 3 1941349269852 452 1259048837287821076
HIT 3 2057313386844 479 11725993232342394998
HIT 3 1941349335388 452 13501032782390678059
HIT 3 2057313452380 479 140864319985599279
HIT 3 1941349400924 452 12764347517893041061
HIT 3 2057313517916 479 7754802498574185719
HIT 3 1941349466460 452 13972101547554153982
HIT 3 2057313583452 479 5824922867693850278
HIT 3 1941349531996 452 7627336713413739672
HIT 3 2057313648988 479 12472756530270972331
HIT 3 1941349597532 452 9766512479144539663
HIT 3 2057313714524 479 10594449603894119195
HIT 3 1941349663068 452 12078581876038521925
HIT 3 2057313780060 479 14058312486767751993
HIT 3 1941348024667 452 4287983112502137133
HIT 3 2057312141659 479 560287691633435142
HIT 3 1941348155739 452 8115115635911807018
HIT 3 2057312272731 479 5998908551946757558
HIT 3 1932758221149 450 10989249855223106894
HIT 3 1941348155741 452 1018325064409604968
HIT 3 1945643123037 453 9317518473010664436
HIT 3 1949938090333 454 11967755077978760213
HIT 3 2048722338141 477 15863468705118630547
HIT 3 2053017305437 478 233767740236847821
HIT 3 2057312272733 479 10992313384884846726
HIT 3 2065902207325 481 5557524463736147937
HIT 3 1511851491677 352 11065057213771576183
HIT 3 1941348221277 452 2902259012653611282
HIT 3 2057312338269 479 4073543079613699365
HIT 3 1941348286813 452 14661484667426789502
HIT 3 2057312403805 479 6218586521469692583
HIT 3 1941349728604 452 7846938201500996534
HIT 3 2057313845596 479 14647286311849341947
HIT 3 1941349794140 452 3711552292425833793
HIT 3 2057313911132 479 10675795700001746398
HIT 3 1941349859676 452 1971392435198245843
HIT 3 2057313976668 479 7044032820196535
HIT 3 1941349925212 452 4179696581174919982
HIT 3 2057314042204 479 11062943846750583173
HIT 3 1941349990748 452 17189548162823923712
HIT 3 2057314107740 479 3547303329390237054
HIT 3 1941350056284 452 8003688690173923776
HIT 3 2057314173276 479 7461920383525649976
HIT 3 1941350121820 452 10664581396302031960
HIT 3 2057314238812 479 3818407273518463892
HIT 3 1941350187356 452 423874691320838382
HIT 3 2057314304348 479 2510939552243915077
HIT 3 1941350252892 452 7729564500335908701
HIT 3 2057314369884 479 9578155425408621195
HIT 3 1941350318428 452 5676195928517046441
HIT 3 2057314435420 479 13874618707901660308
HIT 3 1941350383964 452 9491447872724518690
HIT 3 2057314500956 479 13061703280150881345
HIT 3 1941350449500 452 18439085376251268773
HIT 3 2057314566492 479 12114684288027375586
HIT 3 1941350515036 452 11285324733998755781
HIT 3 2057314632028 479 13700781492858375468
HIT 3 1941350580572 452 12126330582613881147
HIT 3 2057314697564 479 14999347302426353073
HIT 3 1941350646108 452 6105829170710314050
HIT 3 2057314763100 479 16608516663371951909
HIT 3 1941350711644 452 3710057145760935826
HIT 3 2057314828636 479 8524951230499541139
HIT 3 1941350777180 452 13095905190092930812
HIT 3 2057314894172 479 11561500282543115293
HIT 3 1941350842716 452 1529906393333669966
HIT 3 2057314959708 479 9588507870533946422
HIT 3 1941350908252 452 10096047047451015983
HIT 3 2057315025244 479 15829457159527181280
HIT 3 1941350973788 452 2649952609141273410
HIT 3 2057315090780 479 4348138113665122731
HIT 3 1941351039324 452 8710385908566014209
HIT 3 2057315156316 479 2478844995761883728
HIT 3 1941351104860 452 8755891520227523156
HIT 3 2057315221852 479 15311585232006403315
HIT 3 1941351170396 452 10211896140086233188
HIT 3 2057315287388 479 2390616131125011705
HIT 3 1941351235932 452 3345492989243227760
HIT 3 2057315352924 479 7691749769897051491
HIT 3 1941351301468 452 7205374509703515268
HIT 3 2057315418460 479 5768948044957685778
HIT 3 1941351367004 452 4574460157040178912
HIT 3 2057315483996 479 10494427286171508698
HIT 3 1941351432540 452 5754930175595934519
HIT 3 2057315549532 479 904688498947010250
HIT 3 1941351498076 452 7783113090072676435
HIT 3 2057315615068 479 1042991236987851029
HIT 3 1941351563612 452 5664181624605596036
HIT 3 2057315680604 479 11748012480808135861
HIT 3 1941351629148 452 18433522402836464283
HIT 3 2057315746140 479 11523216200821666261
HIT 3 1941351694684 452 1707354398301407563
HIT 3 2057315811676 479 15349252273409541250
HIT 3 1941351760220 452 15733990346663938191
HIT 3 2057315877212 479 10245312225570016095
HIT 3 1941351825756 452 10640756068959752320
HIT 3 2057315942748 479 18136923108710420889
HIT 3 1941351891292 452 726543144338800152
HIT 3 2057316008284 479 16340536655953586758
HIT 3 1941351956828 452 2623230171033904794
HIT 3 2057316073820 479 4249433520754557945
HIT 3 1941352022364 452 4036701363344027568
HIT 3 2057316139356 479 8715139364294060710
HIT 3 1941352087900 452 7554912010868647992
HIT 3 2057316204892 479 10851247786007011384
HIT 3 1941352153436 452 2107305182265956552
HIT 3 2057316270428 479 10573853055419010039
HIT 3 1941352218972 452 15293646493110961528
HIT 3 2057316335964 479 18212629374922068730
HIT 3 1941352284508 452 7162070565822561185
HIT 3 2057316401500 479 9521719121361270326
HIT 3 1941352350044 452 10867261497963025664
HIT 3 2057316467036 479 412065455418185737
HIT 3 1941352415580 452 6037506846247686847
HIT 3 2057316532572 479 462383976526806624
HIT 3 1941352481116 452 6154618510576289917
HIT 3 2057316598108 479 1594577032111313180
HIT 3 1941352546652 452 16923527527275782684
HIT 3 2057316663644 479 6760715508709706154
HIT 3 1941352612188 452 4810304025598707942
HIT 3 2057316729180 479 4137506122982415578
HIT 3 1941352677724 452 9197526883315462418
HIT 3 2057316794716 479 11071187466171886694
HIT 3 1941352743260 452 10823585336022422092
HIT 3 2057316860252 479 16041689704103848609
HIT 3 1941352808796 452 11174224956839281783
HIT 3 2057316925788 479 15388548270563277100
HIT 3 1941352874332 452 13259908972667354134
HIT 3 2057316991324 479 2929055299845939165
HIT 3 1941352939868 452 17768714671542591590
HIT 3 2057317056860 479 5199604628378859375
HIT 3 1941353005404 452 14789401032321371092
HIT 3 2057317122396 479 14341952521913204630
HIT 3 1941353070940 452 3958627846024556414
HIT 3 2057317187932 479 9275019160959036596
HIT 3 1941353136476 452 12064044634129663507
HIT 3 2057317253468 479 13800581125135641125
HIT 3 1941353202012 452 14813080509346690853
HIT 3 2057317319004 479 14698093241733286383
HIT 3 2057318826330 479 1447530531522906766
HIT 3 2048729022810 477 3056243651823311546
HIT 3 2053023990106 478 16050298919863059043
HIT 3 2057318957402 479 10276296486859648023
HIT 3 2065908891994 481 782822421006301639
HIT 3 1949944840538 454 4287983112502137133
HIT 3 2057319022938 479 7412314748396429129
HIT 3 2057319088474 479 3941653947975220779
HIT 3 2065910595930 481 560287691633435142
HIT 3 1941353267548 452 4807653112891172221
HIT 3 2057317384540 479 6072932988191401817
HIT 3 1941353333084 452 1193167607257417142
HIT 3 2057317450076 479 9580820005787177635
HIT 3 1941353398620 452 17541589838284719227
HIT 3 2057317515612 479 1197348330072434480
HIT 3 1941353464156 452 10621002030447961016
HIT 3 2057317581148 479 7284089035006666982
HIT 3 1941353529692 452 5556072048936405574
HIT 3 2057317646684 479 8625898020496690801
HIT 3 1941353595228 452 6714911694133009353
HIT 3 2057317712220 479 10973990962118544550
HIT 3 1941353660764 452 1459584395392081285
HIT 3 2057317777756 479 41418921565140287
HIT 3 1941353726300 452 17185720438606350957
HIT 3 2057317843292 479 11684654319405229589
HIT 3 1941353791836 452 15094701266432573458
HIT 3 2057317908828 479 17148582143045727266
HIT 3 1941353857372 452 15529852495041519482
HIT 3 2057317974364 479 2260102584010115510
HIT 3 1941353922908 452 2586891410989697360
HIT 3 2057318039900 479 8629197662350521471
HIT 3 1941353988444 452 9941318971201462300
HIT 3 2057318105436 479 12549928056972885460
HIT 3 1941354053980 452 14269394840215398534
HIT 3 2057318170972 479 6900729296561834550
HIT 3 1941354119516 452 7266991475788944272
HIT 3 2057318236508 479 13966914061272492875
HIT 3 1941354185052 452 9351616855533701585
HIT 3 2057318302044 479 15951136892856524455
HIT 3 1941354250588 452 7296950014093361779
HIT 3 2057318367580 479 7213423667250888292
HIT 3 1941354316124 452 2101550701017962446
HIT 3 2057318433116 479 6010212360850883788
HIT 3 1941354381660 452 4950139125259986758
HIT 3 2057318498652 479 1936882126980926427
HIT 3 1941354447196 452 14010646058319444592
HIT 3 2057318564188 479 6700491394307819379
HIT 3 1941354512732 452 9986934966582039032
HIT 3 2057318629724 479 18252378682272520823
HIT 3 1932764643676 450 16601306346486230097
HIT 3 1941354578268 452 13990334488433357429
HIT 3 2057318695260 479 16840154553867538410
HIT 3 1941354643804 452 16601306346486230097
HIT 3 2057318760796 479 17793909291191677842
HIT 3 1941354709340 452 14494849600272478831
HIT 3 2048728891740 477 10281314568912307040
HIT 3 2053023859036 478 543997626244506488
HIT 3 2057318826332 479 1972674588112437470
HIT 3 2065908760924 481 9579404288351298754
HIT 3 1941354774876 452 10989249855223106894
HIT 3 1949944709468 454 14494849600272478831
HIT 3 2057318891868 479 12485842409695942875
HIT 3 1949944775004 454 6092586986262851925
HIT 3 1954239742300 455 9317518473010664436
HIT 3 1958534709596 456 9039543296357651063
HIT 3 1962829676892 457 185176956970688365
HIT 3 1967124644188 458 3753702760111773454
HIT 3 1971419611484 459 10215943659948057059
HIT 3 1975714578780 460 155908261770920113
HIT 3 1980009546076 461 4624360739898211390
HIT 3 1984304513372 462 9839258002276547287
HIT 3 1988599480668 463 16043557162525919482
HIT 3 1992894447964 464 18399990973452746802
HIT 3 1997189415260 465 14240703148989400119
HIT 3 2001484382556 466 17996399782446097261
HIT 3 2005779349852 467 7789213363520235002
HIT 3 2010074317148 468 8031058074342386319
HIT 3 2014369284444 469 15156910190140128829
HIT 3 2018664251740 470 10545431171443669634
HIT 3 2022959219036 471 13578287122455280068
HIT 3 2027254186332 472 18069950694344685858
HIT 3 2031549153628 473 1329147587699873169
HIT 3 2035844120924 474 9075657159861132033
HIT 3 2040139088220 475 11646609077492696910
HIT 3 2044434055516 476 13215056438800511760
HIT 3 2048729022812 477 6814120187330423295
HIT 3 2053023990108 478 10283512608133958306
HIT 3 2057318957404 479 1009936438735525986
HIT 3 2061613924700 480 6998660311519390508
HIT 3 2065908891996 481 197778545224394675
HIT 3 2070203859292 482 3214119750908991995
HIT 3 2074498826588 483 12956034342353419800
HIT 3 2078793793884 484 13342796810132983465
HIT 3 2083088761180 485 16037026613523118893
HIT 3 2087383728476 486 2825661758727483817
HIT 3 2091678695772 487 8616007091530843852
HIT 3 2095973663068 488 5482956499511012690
HIT 3 2100268630364 489 8341429520568151049
HIT 3 2104563597660 490 7006959415440879763
HIT 3 2108858564956 491 10293171785823627424
HIT 3 2113153532252 492 9636274761409317710
HIT 3 2117448499548 493 4180205930235009032
HIT 3 2121743466844 494 363800131457855921
HIT 3 2126038434140 495 2579827735646116084
HIT 3 2130333401436 496 5320991401452647829
HIT 3 2134628368732 497 3781463652876784485
HIT 3 2138923336028 498 6577893223066511148
HIT 3 2143218303324 499 12889184531472405197
HIT 3 2147513270620 500 12987283705232165056
HIT 3 2151808237916 501 1743310554824574479
HIT 3 2156103205212 502 4477371743881077946
HIT 3 2160398172508 503 5834474195423844827
HIT 3 2164693139804 504 13277335573900342683
HIT 3 2168988107100 505 9434939935741813182
HIT 3 2173283074396 506 10558377267399740997
HIT 3 2177578041692 507 3688755183425896666
HIT 3 2181873008988 508 11051306558994743420
HIT 3 2186167976284 509 16161751001324846253
HIT 3 2190462943580 510 11347158282232488828
HIT 3 2194757910876 511 2523813501855789727
HIT 3 1949944840540 454 1018325064409604968
HIT 3 1954239807836 455 185176956970688365
HIT 3 1958534775132 456 6092586986262851925
HIT 3 2048729088348 477 699724534342242290
HIT 3 2053024055644 478 10522872927505276286
HIT 3 2057319022940 479 11758237010386207557
HIT 3 2065908957532 481 7834892859544165347
HIT 3 2048729153884 477 16686803913136170257
HIT 3 2053024121180 478 9234077676085254121
HIT 3 2057319088476 479 7818415997916977950
HIT 3 2065909023068 481 7941530101875854649
HIT 3 1958534906204 456 11967755077978760213
HIT 3 2057319154012 479 14093936520883268819
HIT 3 2057319219548 479 3022571016406599421
HIT 3 2057319285084 479 7190989802212758451
HIT 3 2057319350620 479 10408734068433737474
HIT 3 2057319416156 479 3146672416343437788
HIT 3 2057319481692 479 10925275988133886273
HIT 3 2057319547228 479 14780158567497228242
HIT 3 2057319612764 479 881897304009869598
HIT 3 2057319678300 479 1778477634721653499
HIT 3 2057319743836 479 13581835043066219399
HIT 3 2057319809372 479 8950062465559865629
HIT 3 2057319874908 479 14629326184810067999
HIT 3 2057319940444 479 11822764408438002526
HIT 3 2057320005980 479 16614439958371502570
HIT 3 2057320071516 479 7480314063811033699
HIT 3 2057320137052 479 5290922080193493895
HIT 3 2057320202588 479 684186360810150449
HIT 3 2057320268124 479 14957948658495562829
HIT 3 2057320333660 479 3335931606293523319
HIT 3 2057320399196 479 105607720171481061
HIT 3 2048730530140 477 105607720171481061
HIT 3 2057320464732 479 4237630421037965973
HIT 3 2057320530268 479 15863468705118630547
HIT 3 2065910464860 481 16652067669998293362
HIT 3 2057320595804 479 16652067669998293362
HIT 3 2061615628636 480 3461621306165305259
HIT 3 2065910595932 481 10992313384884846726
HIT 3 2074500530524 483 4567252680006956676
HIT 3 2061615694172 480 233767740236847821
HIT 3 2065910661468 481 4567252680006956676
HIT 3 2070205628764 482 3461621306165305259
HIT 3 2074500596060 483 6983111474493713111
HIT 3 2078795563356 484 9174303905797303928
HIT 3 2083090530652 485 6480639184639591057
HIT 3 2087385497948 486 3147744988736972164
HIT 3 2091680465244 487 14350589399112893521
HIT 3 2095975432540 488 12070935806332724947
HIT 3 2100270399836 489 16819439138313079571
HIT 3 2104565367132 490 5720528529078272073
HIT 3 2108860334428 491 5117992946467680601
HIT 3 2113155301724 492 5606746722095888274
HIT 3 2117450269020 493 13047812179170902234
HIT 3 2121745236316 494 8750046134610509494
HIT 3 2126040203612 495 2112978355140055567
HIT 3 2130335170908 496 4038302361518668172
HIT 3 2134630138204 497 18206118584438778110
HIT 3 2138925105500 498 3507713966717084723
HIT 3 2143220072796 499 8619231806912902372
HIT 3 2147515040092 500 16015578997166618268
HIT 3 2151810007388 501 8310755350618385048
HIT 3 2156104974684 502 3672647575073805877
HIT 3 2160399941980 503 14075555819150318447
HIT 3 2164694909276 504 3140839188194476453
HIT 3 2168989876572 505 2807979924875443118
HIT 3 2173284843868 506 5224303465028671293
HIT 3 2177579811164 507 4186142734992862010
HIT 3 2181874778460 508 9108620509883947160
HIT 3 2186169745756 509 3358445738757998555
HIT 3 2190464713052 510 10987278714327814611
HIT 3 2194759680348 511 1083829176815445
HIT 3 2074500661596 483 5557524463736147937
HIT 3 2057318957403 479 8014920470354637737
HIT 3 2057318826333 479 13196407291812271356
HIT 3 2048729022813 477 11816765199182882280
HIT 3 2053023990109 478 2752784912286768067
HIT 3 2057318957405 479 16470722666481631763
HIT 3 2065908891997 481 14479823357342623856
HIT 3 1949944840541 454 7491636363453992162
HIT 3 2057319022941 479 7656416069292904762
HIT 3 2057319088477 479 11320578009747646650
HIT 3 2065910595933 481 12162572585586160110
HIT 3 1941348286815 452 14750210318060909087
HIT 3 2057312403807 479 18353386004370937473
HIT 3 2057318957407 479 16989335210811690036
HIT 3 2057318826334 479 11509679886301553662
HIT 3 2048729022814 477 3222254474034483653
HIT 3 2053023990110 478 4400350232117640478
HIT 3 2057318957406 479 11829265094662229187
HIT 3 2065908891998 481 16684887446037131312
HIT 3 1949944840542 454 14750210318060909087
HIT 3 2057319022942 479 1105870055529863051
HIT 3 2057319088478 479 6212064754432092363
HIT 3 2057318957408 479 11778952628742085388
HIT 3 2065910595934 481 18353386004370937473
HIT 3 2057318957409 479 18154782610862287100
HIT 3 2057318957410 479 16842524430606869113
HIT 3 2057318957411 479 771366437042050357
HIT 3 2057318957413 479 6505107651421540961
HIT 3 2057318957414 479 9102012475560069367
HIT 3 2057318957412 479 11583128215523435862
HIT 3 2057318957415 479 8377763090468753363
HIT 3 2057318957416 479 11789800911755784333
HIT 3 2057318957419 479 8644241797796383550
HIT 3 2057318957418 479 13775114714664995353
HIT 3 2057318957420 479 14374203170973045333
HIT 3 2057318957417 479 16176869411463528666
HIT 3 2057318957422 479 8842115070020218571
HIT 3 2057318957421 479 10463482744595366824
HIT 3 2057318957423 479 11634054060075550176
HIT 3 2057318957426 479 3804914688341926877
HIT 3 2057318957425 479 10887592707245925825
HIT 3 2057318957424 479 2936805980395255289
HIT 3 2057318957427 479 15355321170773918605
HIT 3 2057318957429 479 17052548202390508175
HIT 3 2057318957430 479 13454015210018018850
HIT 3 2057318957431 479 6043019998683075596
HIT 3 2057318957428 479 13514616542106840217
HIT 3 2057318957432 479 3307707758893753211
HIT 3 2057318957433 479 7332274634007024614
HIT 3 2057318957434 479 6881519110107073131
HIT 3 2057318957436 479 12574225031156168134
HIT 3 2057318957435 479 8986574350199158744
HIT 3 2057318957439 479 15097989867535425493
HIT 3 2057318957437 479 12741345094334111912
HIT 3 2057318957438 479 6935088716739471386
HIT 3 2057318957440 479 16909846045552981300
HIT 3 2057318957441 479 6906201307046258154
HIT 3 2057318957443 479 8966638314810748334
HIT 3 2057318957442 479 9582143228272822580
HIT 3 2057318957444 479 14447673219946561992
HIT 3 2057318957445 479 817247498589946425
HIT 3 2057318957446 479 5782288643241832945
HIT 3 2057318957447 479 3766308271791884228
HIT 3 2057318957450 479 9730441314023565905
HIT 3 2057318957448 479 4922750797706156619
HIT 3 2057318957449 479 8332815037110431532
HIT 3 2057318957451 479 11462760932259320106
HIT 3 2057318957452 479 2298966561755342524
HIT 3 2057318957453 479 6673203946106291139
HIT 3 2057318957454 479 12906576319574564450
HIT 3 2057318957456 479 5734559109016886675
HIT 3 2057318957455 479 12329722128816180471
HIT 3 2057318957460 479 7287389294074844017
HIT 3 2057318957458 479 9643811557912275852
HIT 3 2057318957457 479 16903077356225141127
HIT 3 2057318957459 479 1538891185775064930
HIT 3 2057318957464 479 2260343416093896695
HIT 3 2057318957463 479 10004000414132997790
HIT 3 2057318957462 479 17843015766862612282
HIT 3 2057318957461 479 7354850136455166670
HIT 3 2057318957468 479 10177738155233391575
HIT 3 2057318957465 479 15740566433648152554
HIT 3 2057318957466 479 4128190249998256075
HIT 3 2057318957467 479 634858907184789193
HIT 3 2057318957470 479 17858896206925991946
HIT 3 2057318957471 479 17507910642963258644
HIT 3 2057318957472 479 12031719667677314034
HIT 3 2057318957469 479 15631733326820005283
HIT 3 2057318957476 479 14274990425786338783
HIT 3 2057318957475 479 8398854131808832119
HIT 3 2057318957473 479 17745469796952641800
HIT 3 2057318957479 479 8632226544022637703
HIT 3 2057318957474 479 8768032715545630713
HIT 3 2057318957477 479 15118706518100759285
HIT 3 2057318957481 479 14797261425950275624
HIT 3 2057318957480 479 10701368553334730031
HIT 3 2057318957478 479 3668100795290659874
HIT 3 2057318957484 479 1664490025304018595
HIT 3 2057318957485 479 9811182202810193180
HIT 3 2057318957482 479 9925652504337698775
HIT 3 2057318957483 479 9866439091639394257
HIT 3 2057318957486 479 679634622134623692
HIT 3 2057318957487 479 11103177832824700144
HIT 3 2057318957489 479 16890853910839156990
HIT 3 2057318957490 479 12918748087421366406
HIT 3 2057318957488 479 1480433003579483137
HIT 3 2057318957492 479 1820415639587228814
HIT 3 2057318957493 479 13714490076408103714
HIT 3 2057318957496 479 2536269435897629359
HIT 3 2057318957497 479 13831586016449562500
HIT 3 2057318957491 479 13275647186810184474
HIT 3 2057318957498 479 9830108818259444132
HIT 3 2057318957495 479 15747158090509439605
HIT 3 2057318957494 479 4175232946077419199
HIT 3 2057318957499 479 1216787767047507031
HIT 3 2057318957500 479 8295913315630556234
HIT 3 2057318957503 479 16112430058183687917
HIT 3 2057318826432 479 8264705277761665062
HIT 3 2057318957504 479 8665261997050431442
HIT 3 2057318957505 479 8264705277761665062
HIT 3 2057318957506 479 12841402297404670688
HIT 3 2065910596034 481 12072020871069916353
HIT 3 2057318957507 479 12072020871069916353
HIT 3 2057319088579 479 12841402297404670688
HIT 3 2057319088580 479 11661665442311178816
HIT 3 2057319154116 479 6393900502648215174
HIT 3 2057319219652 479 2044125471356822236
HIT 3 2057319285188 479 902813532819912240
HIT 3 2057319350724 479 575000247575981727
HIT 3 2057319416260 479 15605341826365602946
HIT 3 2057319481796 479 9580187365688273046
HIT 3 2057319547332 479 9791352064865978439
HIT 3 2057319612868 479 6234063746413141478
HIT 3 2057319678404 479 63484325222212914
HIT 3 2057319743940 479 8342857407993627068
HIT 3 2057319809476 479 12304924839695798446
HIT 3 2057319875012 479 1262052200690377379
HIT 3 2057319940548 479 5776756760259064381
HIT 3 2057318957501 479 767659749577903368
HIT 3 2057318957502 479 2077400001626714066
HIT 3 2048729153989 477 3984293230300802544
HIT 3 2053024121285 478 1728304093926497812
HIT 3 2057319088581 479 2233877046789586122
HIT 3 2065909023173 481 16530707246381110229
HIT 3 1958534906309 456 8046762388222658364
HIT 3 2057319154117 479 902813532819912240
HIT 3 2057319219653 479 11661665442311178816
HIT 3 2065910596037 481 6393900502648215174
HIT 3 2065910596038 481 13317313310487873488
HIT 3 2057319219655 479 13317313310487873488
HIT 3 2057320006084 479 16936814534291766819
HIT 3 2057320071620 479 9374232893165563343
HIT 3 2057320137156 479 7686176933834555965
HIT 3 2057320202692 479 4915485819544567607
HIT 3 2057320268228 479 1868370815696013328
HIT 3 2057320333764 479 1376360204737493805
HIT 3 2057320399300 479 6559148286282645539
HIT 3 2048730530244 477 6559148286282645539
HIT 3 2057320464836 479 79194681109685505
HIT 3 2057320530372 479 3984293230300802544
HIT 3 2065910464964 481 542643356570426575
HIT 3 2057320595908 479 542643356570426575
HIT 3 2061615628740 480 11751866094837211960
HIT 3 2065910596036 481 2233877046789586122
HIT 3 2074500530628 483 2680428175489782428
HIT 3 2061615694276 480 1728304093926497812
HIT 3 2065910661572 481 2680428175489782428
HIT 3 2070205628868 482 11751866094837211960
HIT 3 2074500596164 483 342802779550595694
HIT 3 2078795563460 484 169323815710340396
HIT 3 2083090530756 485 8648565703967088645
HIT 3 2087385498052 486 7728160017732978393
HIT 3 2091680465348 487 10931896540789861529
HIT 3 2095975432644 488 8153520055288111028
HIT 3 2100270399940 489 17425634252983213333
HIT 3 2104565367236 490 1663406377719070412
HIT 3 2108860334532 491 6686058842602231564
HIT 3 2113155301828 492 3385589453395852879
HIT 3 2117450269124 493 6640427120790596506
HIT 3 2121745236420 494 15059714092199655895
HIT 3 2126040203716 495 3124842318936584985
HIT 3 2130335171012 496 3078724089331690333
HIT 3 2134630138308 497 13015943970234210698
HIT 3 2138925105604 498 17316804085113544938
HIT 3 2143220072900 499 10825592922589890036
HIT 3 2147515040196 500 11491908276087776359
HIT 3 2151810007492 501 3663388704228582759
HIT 3 2156104974788 502 1067806098321664872
HIT 3 2160399942084 503 5485803592975414188
HIT 3 2164694909380 504 14335984405581230955
HIT 3 2168989876676 505 4064249425313485742
HIT 3 2173284843972 506 15633204746726485838
HIT 3 2177579811268 507 1378432641977172038
HIT 3 2181874778564 508 563711414541998121
HIT 3 2186169745860 509 8934194281693749132
HIT 3 2190464713156 510 6086630840826457871
HIT 3 2194759680452 511 8374831871723468246
HIT 3 2074500661700 483 16530707246381110229
HIT 3 2074500661726 483 18316691570891895852
DONE data/p_n2p256.txt sz=3 range=[0,512) n=22108160 zero=0 18.6s
