HIT 1 151 151 16044136684152326711
HIT 1 181 181 6125279462484908066
HIT 1 374 374 14299571279580584807
HIT 1 400 400 3403857386743756569
HIT 1 465 465 16390144129150407025
DONE data/p_p2p257.txt sz=1 range=[0,512) n=512 zero=0 0.0s
HIT 2 11862165 181 17234683479424247883
HIT 2 24510613 374 3153564792507271340
HIT 2 26214549 400 14569675299444462695
HIT 2 30474389 465 434225367272589141
HIT 2 10027158 153 16044136684152326711
HIT 2 11862166 181 17688320780476821017
HIT 2 24510614 374 11318460069596902424
HIT 2 26214550 400 7521270245835111820
HIT 2 30474390 465 13918144798819936008
HIT 2 11731095 179 9806067880678104250
HIT 2 11796631 180 14391360669565452120
HIT 2 11862167 181 14897862670886415341
HIT 2 11993239 183 6539430776467258177
HIT 2 24379543 372 3742142698597683894
HIT 2 24510615 374 8684367193501878839
HIT 2 24576151 375 13920808399804688890
HIT 2 24641687 376 14340935445289513482
HIT 2 26083479 398 5816849376531516296
HIT 2 26214551 400 13314215572325796265
HIT 2 26280087 401 10587721084596392414
HIT 2 26345623 402 389671953395396374
HIT 2 30343319 463 11138959875952512519
HIT 2 30408855 464 7418853577964529182
HIT 2 30474391 465 1064159681505951454
HIT 2 30605463 467 12228100646307689810
HIT 2 11862169 181 15499165290841396296
HIT 2 24510617 374 6701838943700336051
HIT 2 11993268 183 6125279462484908066
HIT 2 24510643 374 14885583714655097986
HIT 2 26214579 400 10188845145294885585
HIT 2 30474419 465 719851720353232582
HIT 2 24510644 374 8498382458307308838
HIT 2 26214580 400 455057169332043991
HIT 2 30474420 465 12683446120531442375
HIT 2 24379573 372 3833620734397853387
HIT 2 24510645 374 12487943387330944458
HIT 2 24576181 375 18414331155581844316
HIT 2 24641717 376 377476954068639279
HIT 2 26083509 398 15044165160764280277
HIT 2 26214581 400 12639198784185426595
HIT 2 26280117 401 7087213291070376939
HIT 2 26345653 402 815642215656656378
HIT 2 30343349 463 2726711298546911930
HIT 2 30408885 464 17225628161405241804
HIT 2 30474421 465 9387922843538330167
HIT 2 30605493 467 9370162831864342653
HIT 2 24510647 374 334293063537685213
HIT 2 26214583 400 9573086346029836350
HIT 2 30474423 465 12524105044091568743
HIT 2 26214553 400 3267400440906673056
HIT 2 30474393 465 3295305902778115372
HIT 2 26214772 400 6463266896421820010
HIT 2 30474612 465 7364082345187665380
HIT 2 26083702 398 3133010311425138804
HIT 2 26214774 400 12347635229727955902
HIT 2 26280310 401 7331108597894652400
HIT 2 26345846 402 5520099594945532271
HIT 2 24641911 376 14299571279580584807
HIT 2 26214775 400 1014635305131076186
HIT 2 30343542 463 4629958700166662460
HIT 2 30409078 464 6953497135985973061
HIT 2 30474614 465 15358111608505565687
HIT 2 30605686 467 15703729931084711989
HIT 2 30474615 465 13581529962505572746
HIT 2 26214776 400 581644418677795952
HIT 2 30474616 465 12831674547040344681
HIT 2 30474638 465 10431941216405592704
HIT 2 30343568 463 9600638295902055355
HIT 2 26345873 402 3403857386743756569
HIT 2 30409104 464 311728628121073519
HIT 2 30474640 465 11348985865388293104
HIT 2 30605712 467 7682358028957086904
HIT 2 30474642 465 14602751745495918384
HIT 2 30474641 465 12976515201246104693
HIT 2 30605776 467 16390144129150407025
DONE data/p_p2p257.txt sz=2 range=[0,512) n=130560 zero=0 0.3s
HIT 3 777398976515 181 16172393328565582209
HIT 3 1606327664643 374 6193695119152439135
HIT 3 1717996814339 400 14964457553510788889
HIT 3 1997169688579 465 10673273130211485375
HIT 3 777398976514 181 3232652857230382646
HIT 3 1606327664642 374 7941631142960390424
HIT 3 1717996814338 400 18324624543103443054
HIT 3 1997169688578 465 7332673211680396115
HIT 3 777398976512 181 6278445369691671977
HIT 3 1606327664640 374 8880481646829466297
HIT 3 1717996814336 400 2171844350585731170
HIT 3 1997169688576 465 14268482215037993247
HIT 3 1606329630723 374 5596753054357708994
HIT 3 1717998780419 400 4231855740579406569
HIT 3 1997171654659 465 6720213009745240865
HIT 3 1606329630722 374 17440769044281176032
HIT 3 1717998780418 400 18164660657482071483
HIT 3 1997171654658 465 7818993850358260948
HIT 3 1606329630720 374 9132849649553201543
HIT 3 1717998780416 400 17781406294965507103
HIT 3 1997171654656 465 9200517245940213535
HIT 3 777398976513 181 13897950132189902169
HIT 3 1606327664641 374 8023887766731010964
HIT 3 1717996814337 400 15882128022903604187
HIT 3 1997169688577 465 16081948462407101252
HIT 3 1606329630721 374 1176221623651786866
HIT 3 1717998780417 400 17207798056288257098
HIT 3 1997171654657 465 2007452421776390533
HIT 3 1718011428867 400 11337123712128148403
HIT 3 1997184303107 465 2685085731737323786
HIT 3 1997186007043 465 11838283074655947907
HIT 3 1718011428866 400 15494111528918071071
HIT 3 1997184303106 465 2829080092239288270
HIT 3 1997186007042 465 7947958765931369852
HIT 3 1718011428864 400 3572416120776585724
HIT 3 1997184303104 465 18042621518040608185
HIT 3 1997186007040 465 16646704763863488136
HIT 3 1718011428865 400 1645177977651152732
HIT 3 1997184303105 465 1845011480473236536
HIT 3 1997186007041 465 4081604982369378216
HIT 3 777398976517 181 12958352227117759783
HIT 3 1606327664645 374 2127604723717384227
HIT 3 1717996814341 400 16282442543760924097
HIT 3 1997169688581 465 16762026926796467601
HIT 3 777398976516 181 770049523501679978
HIT 3 1606327664644 374 5589465196315142756
HIT 3 1717996814340 400 3573463598542587627
HIT 3 1997169688580 465 12260788019519347865
HIT 3 1606329630725 374 7772235280053417673
HIT 3 1717998780421 400 8197154692395818881
HIT 3 1997171654661 465 5152780439909594681
HIT 3 1606329630724 374 11456162380305214435
HIT 3 1717998780420 400 15674167711714277004
HIT 3 1997171654660 465 13702049583357380669
HIT 3 1718011428869 400 12281692158363500022
HIT 3 1997184303109 465 8260609103261131463
HIT 3 1997186007045 465 1844190311399887321
HIT 3 777398976518 181 14948502838374090151
HIT 3 1606327664646 374 4424488472253121703
HIT 3 1717996814342 400 5061221264961187693
HIT 3 1997169688582 465 13662460127024264979
HIT 3 1718011428868 400 17661742366821366010
HIT 3 1997184303108 465 4651552850462559296
HIT 3 1997186007044 465 1606306059429422696
HIT 3 1606329630726 374 17786534191068861121
HIT 3 1717998780422 400 11519154275186478605
HIT 3 1997171654662 465 582912238758607905
HIT 3 777398976519 181 7424306400911317948
HIT 3 1606327664647 374 5313811668776578615
HIT 3 1717996814343 400 1734555827004965293
HIT 3 1997169688583 465 9299066370075734423
HIT 3 1606329630727 374 18293962933796224816
HIT 3 1717998780423 400 1474277453732163253
HIT 3 1997171654663 465 226530976160213353
HIT 3 1718011428870 400 427791477272812765
HIT 3 1997184303110 465 2829813930233479394
HIT 3 777398976521 181 6505371762561525284
HIT 3 1606327664649 374 11028365542025303199
HIT 3 1717996814345 400 11947203031082436549
HIT 3 1997169688585 465 14857415048645249823
HIT 3 777398976520 181 3635645184287659867
HIT 3 1606327664648 374 5423769329804990258
HIT 3 1717996814344 400 4776510184036690450
HIT 3 1997169688584 465 13733988692120272330
HIT 3 1997186007046 465 5704463110304399513
HIT 3 1606329630728 374 9385418788938505449
HIT 3 1717998780424 400 14788762329099600338
HIT 3 1997171654664 465 11387435645686699470
HIT 3 1606329630729 374 16912696691151694737
HIT 3 1717998780425 400 12392009035855187042
HIT 3 1997171654665 465 6613464258637252599
HIT 3 1718011428871 400 11743363580536586628
HIT 3 1997184303111 465 14931531427014353096
HIT 3 1997186007047 465 547503875806018065
HIT 3 1718011428872 400 2778804480850962156
HIT 3 1997184303112 465 10596610177289213996
HIT 3 1718011428873 400 883739833508767801
HIT 3 1997184303113 465 7816729493694339498
HIT 3 1997186007048 465 7174302001687719392
HIT 3 1997186007049 465 9311834696270664579
HIT 3 777398976522 181 14869430375421107724
HIT 3 1606327664650 374 9384246918100986970
HIT 3 1717996814346 400 3183540246742119128
HIT 3 1997169688586 465 3367453403738173689
HIT 3 1606329630730 374 11573685316629808966
HIT 3 1717998780426 400 13157568386576120906
HIT 3 1997171654666 465 15476519117392822021
HIT 3 777398976523 181 3929683240768729156
HIT 3 1606327664651 374 4594342761839554336
HIT 3 1717996814347 400 12976938210187254940
HIT 3 1997169688587 465 11252019450344976972
HIT 3 1606329630731 374 260549697496671536
HIT 3 1717998780427 400 4223797955246788696
HIT 3 1997171654667 465 13581584198108643751
HIT 3 777398976524 181 17562428792724061779
HIT 3 1606327664652 374 7149870404974927397
HIT 3 1717996814348 400 9224251277934711977
HIT 3 1997169688588 465 7162645273015641061
HIT 3 777398976525 181 4828594584131481808
HIT 3 1606327664653 374 5175661842312058493
HIT 3 1717996814349 400 14051618409213853809
HIT 3 1997169688589 465 3761430565248295716
HIT 3 1718011428874 400 12778503449707900902
HIT 3 1997184303114 465 5701123796733321248
HIT 3 1606329630732 374 14495083276775640597
HIT 3 1717998780428 400 3900182865489460680
HIT 3 1997171654668 465 5729942031782482270
HIT 3 1997186007050 465 4734858813110887893
HIT 3 1606329630733 374 9158066247621819140
HIT 3 1717998780429 400 14384279464264960179
HIT 3 1997171654669 465 123048755275382458
HIT 3 1718011428875 400 6636908782588886737
HIT 3 1997184303115 465 4126405292094030986
HIT 3 1997186007051 465 13234487943706084424
HIT 3 1718011428876 400 13614031237189080985
HIT 3 1997184303116 465 9739962182426815951
HIT 3 1718011428877 400 57056733530719078
HIT 3 1997184303117 465 10786387017521658576
HIT 3 1997186007053 465 3314648509263498349
HIT 3 1997186007052 465 6952220244356166589
HIT 3 777398976526 181 3576682623383318828
HIT 3 1606327664654 374 14885729695469344267
HIT 3 1717996814350 400 15173483478071426390
HIT 3 1997169688590 465 14805604825872255778
HIT 3 1606329630734 374 1855032571229541619
HIT 3 1717998780430 400 12687510146252758489
HIT 3 1997171654670 465 3592704608468724856
HIT 3 777398976527 181 3177020836511680353
HIT 3 1606327664655 374 4459156252079225591
HIT 3 1717996814351 400 18310104990406162629
HIT 3 1997169688591 465 14684260151094247618
HIT 3 777398976528 181 14802924362244324919
HIT 3 1606327664656 374 8388818447357975991
HIT 3 1717996814352 400 3921134773879670912
HIT 3 1997169688592 465 1170959386669906575
HIT 3 777398976529 181 1594396984773412564
HIT 3 1606327664657 374 7391999672710844470
HIT 3 1717996814353 400 7778260260383243526
HIT 3 1997169688593 465 4228368655574798877
HIT 3 1606329630735 374 15547575298788828729
HIT 3 1717998780431 400 2314803122051147281
HIT 3 1997171654671 465 3776218293649073600
HIT 3 1606329630736 374 17026536206539031395
HIT 3 1717998780432 400 6374405464315320506
HIT 3 1997171654672 465 4238388176762005025
HIT 3 1606329630737 374 6768278463648929268
HIT 3 1717998780433 400 11424952019493948557
HIT 3 1997171654673 465 7029972407135792753
HIT 3 1718011428878 400 1843214598270086583
HIT 3 1997184303118 465 17323998298033889174
HIT 3 1997186007054 465 4356769262430476344
HIT 3 1718011428881 400 12248301722422659788
HIT 3 1997184303121 465 15960839804944600941
HIT 3 1718011428880 400 6567845273596101523
HIT 3 1997184303120 465 17588720808898001384
HIT 3 1718011428879 400 8213937360275754198
HIT 3 1997184303119 465 13497021155082131005
HIT 3 1997186007056 465 13155833994490681824
HIT 3 1997186007057 465 15318323566383383811
HIT 3 1997186007055 465 15475587869862681325
HIT 3 777398976530 181 2019815427568358612
HIT 3 1606327664658 374 2869297057966247456
HIT 3 1717996814354 400 1656826020353200826
HIT 3 1997169688594 465 13286156591320663068
HIT 3 1606329630738 374 15879141532838752784
HIT 3 1717998780434 400 12146160399132433247
HIT 3 1997171654674 465 18313534015727271391
HIT 3 777398976532 181 3750713192195899221
HIT 3 1606327664660 374 16956301538376557848
HIT 3 1717996814356 400 10823584354496112554
HIT 3 1997169688596 465 13827790387033452137
HIT 3 777398976531 181 2686451315716984361
HIT 3 1606327664659 374 15516921270114686840
HIT 3 1717996814355 400 3193367097133248523
HIT 3 1997169688595 465 1351046173061410546
HIT 3 1606329630739 374 6014735632272937327
HIT 3 1717998780435 400 3283790340045278568
HIT 3 1997171654675 465 9780378461620582434
HIT 3 1606329630740 374 4512100306150851117
HIT 3 1717998780436 400 2382403383285394906
HIT 3 1997171654676 465 9166406279544355323
HIT 3 777398976533 181 1264083472128760733
HIT 3 1606327664661 374 15703637856751454064
HIT 3 1717996814357 400 5680053219590345597
HIT 3 1997169688597 465 4318748312634616680
HIT 3 1606329630741 374 5028299126972426292
HIT 3 1717998780437 400 12473956178082945934
HIT 3 1997171654677 465 12927675508101307938
HIT 3 1718011428882 400 10016820945187797711
HIT 3 1997184303122 465 18037175997078757404
HIT 3 1997186007058 465 9224809042085533679
HIT 3 1718011428883 400 16126785157318219758
HIT 3 1997184303123 465 15587438107185064786
HIT 3 1997186007059 465 9185395350962173313
HIT 3 1718011428884 400 6147455453239377358
HIT 3 1997184303124 465 13011732151593025770
HIT 3 1997186007060 465 13081779594697265261
HIT 3 1718011428885 400 4299283151797385388
HIT 3 1997184303125 465 7286981171584834481
HIT 3 1997186007061 465 3042361032445490907
HIT 3 777398976534 181 1928441097901144303
HIT 3 1606327664662 374 14854133208654202665
HIT 3 1717996814358 400 3530748882235368866
HIT 3 1997169688598 465 16276683640194903659
HIT 3 777398976535 181 3612025852611276389
HIT 3 1606327664663 374 9344263067828176969
HIT 3 1717996814359 400 6992288749870505692
HIT 3 1997169688599 465 7643500018913058031
HIT 3 1606329630743 374 6083830977075079875
HIT 3 1717998780439 400 7080398304058993750
HIT 3 1997171654679 465 5325414507506621488
HIT 3 1606329630742 374 17896176033262611927
HIT 3 1717998780438 400 6088562755416228346
HIT 3 1997171654678 465 2204915524315259236
HIT 3 777398976536 181 11662497706178815250
HIT 3 1606327664664 374 12438466321854357139
HIT 3 1717996814360 400 16946614477351876760
HIT 3 1997169688600 465 11025047031309119340
HIT 3 1606329630744 374 17745436671853632894
HIT 3 1717998780440 400 12825267674932471606
HIT 3 1997171654680 465 3653641872707097544
HIT 3 777398976537 181 603255658599732300
HIT 3 1606327664665 374 14184919815739379054
HIT 3 1717996814361 400 7718436602442656301
HIT 3 1997169688601 465 18370286555115568889
HIT 3 1718011428886 400 14630582951029589116
HIT 3 1997184303126 465 4131832137460741963
HIT 3 1606329630745 374 9117041238574175767
HIT 3 1717998780441 400 12798643394378499596
HIT 3 1997171654681 465 14053895752655451072
HIT 3 1997186007062 465 3163945331133848279
HIT 3 1718011428887 400 13858023112020669435
HIT 3 1997184303127 465 9896117231230732561
HIT 3 1997186007063 465 4112719234840912505
HIT 3 1718011428888 400 11593124695274786089
HIT 3 1997184303128 465 9385168519785036769
HIT 3 1997186007064 465 10470049374755382271
HIT 3 1718011428889 400 6483295649497892328
HIT 3 1997184303129 465 12465298136203857585
HIT 3 1997186007065 465 4538547679638223393
HIT 3 777398976538 181 9458059682128036833
HIT 3 1606327664666 374 9638310710543948240
HIT 3 1717996814362 400 194595591942412351
HIT 3 1997169688602 465 8563593169612875211
HIT 3 777398976539 181 13969618189888535611
HIT 3 1606327664667 374 17753006917209997657
HIT 3 1717996814363 400 13497476533958123784
HIT 3 1997169688603 465 12180957957283452011
HIT 3 1606329630746 374 2265468212866703716
HIT 3 1717998780442 400 10600461468547883807
HIT 3 1997171654682 465 6858738686519338166
HIT 3 1606329630747 374 18363379151964939453
HIT 3 1717998780443 400 9727793340425092367
HIT 3 1997171654683 465 16368207323938132321
HIT 3 777398976540 181 10487913878092620957
HIT 3 1606327664668 374 794902770261635827
HIT 3 1717996814364 400 9095483437284179267
HIT 3 1997169688604 465 1217024505684668259
HIT 3 1606329630748 374 9269636572478359831
HIT 3 1717998780444 400 16197640627860387526
HIT 3 1997171654684 465 3526437314382983049
HIT 3 1718011428891 400 16182400033884497283
HIT 3 1997184303131 465 967980178776833996
HIT 3 1997186007067 465 17760418747623654012
HIT 3 777398976541 181 3788619103451732049
HIT 3 1606327664669 374 18247685990028444701
HIT 3 1717996814365 400 15563011517162440259
HIT 3 1997169688605 465 13612748388985228728
HIT 3 1606329630749 374 11333570400742569103
HIT 3 1717998780445 400 963382175573437458
HIT 3 1997171654685 465 3406695974626449645
HIT 3 1718011428890 400 16922148228212857615
HIT 3 1997184303130 465 15559529786646741601
HIT 3 1997186007066 465 13637381045081327219
HIT 3 777398976542 181 1354398822526392362
HIT 3 1606327664670 374 18152696380380739209
HIT 3 1717996814366 400 3592638984676404998
HIT 3 1997169688606 465 12070077244570769765
HIT 3 1606329630750 374 9215317619688928013
HIT 3 1717998780446 400 11031838950938279414
HIT 3 1997171654686 465 5892222251790614538
HIT 3 1718011428892 400 14393761134787505627
HIT 3 1997184303132 465 7335497097574863919
HIT 3 1997186007068 465 12991850284839357506
HIT 3 1718011428893 400 12459314074332087832
HIT 3 1997184303133 465 699167640534048202
HIT 3 1997186007069 465 10032647458219919287
HIT 3 1718011428894 400 10228442458793401429
HIT 3 1997184303134 465 12396689043777024361
HIT 3 1997186007070 465 10847785015771759009
HIT 3 777398976543 181 13432309715363405211
HIT 3 1606327664671 374 10966158973938652477
HIT 3 1717996814367 400 13515633627221418962
HIT 3 1997169688607 465 17618617830015444239
HIT 3 1606329630751 374 2492676471260540244
HIT 3 1717998780447 400 3466939670624342383
HIT 3 1997171654687 465 8032693895476994574
HIT 3 777398976544 181 5827273507243329091
HIT 3 1606327664672 374 13241391064365559610
HIT 3 1717996814368 400 756766390000071629
HIT 3 1997169688608 465 1157855780935469028
HIT 3 777398976545 181 16898903248816854746
HIT 3 1606327664673 374 5410814742259437894
HIT 3 1717996814369 400 3720648957200443253
HIT 3 1997169688609 465 619087851176440529
HIT 3 1606329630752 374 11629551090790435442
HIT 3 1717998780448 400 16616953200644277188
HIT 3 1997171654688 465 7614370266941814560
HIT 3 777398976546 181 2525464955908623347
HIT 3 1606327664674 374 11893699236982280862
HIT 3 1717996814370 400 6495886746810722137
HIT 3 1997169688610 465 7429419826278561854
HIT 3 1606329630753 374 44176347995077268
HIT 3 1717998780449 400 12690038944968968588
HIT 3 1997171654689 465 10042988540565313574
HIT 3 1718011428895 400 10386250528265658430
HIT 3 1997184303135 465 5072293938515099220
HIT 3 1606329630754 374 1005469913745778148
HIT 3 1717998780450 400 5183898254596975688
HIT 3 1997171654690 465 6364767624462591726
HIT 3 1997186007071 465 15303349887609562026
HIT 3 1718011428896 400 1009603320413803842
HIT 3 1997184303136 465 16676148413827332028
HIT 3 1997186007072 465 16630867429451211718
HIT 3 1718011428897 400 15365193594863612258
HIT 3 1997184303137 465 10777584225506016109
HIT 3 1997186007073 465 5546257652677699881
HIT 3 1718011428898 400 1207501544095832425
HIT 3 1997184303138 465 8679922565844336672
HIT 3 1997186007074 465 16738674920059732658
HIT 3 777398976547 181 13903153856047871002
HIT 3 1606327664675 374 16419019017031633835
HIT 3 1717996814371 400 4112270466833535728
HIT 3 1997169688611 465 15797285731653040228
HIT 3 1606329630755 374 13863748838426439105
HIT 3 1717998780451 400 955647168502631473
HIT 3 1997171654691 465 12750441640811298827
HIT 3 777398976549 181 16477686596454191649
HIT 3 1606327664677 374 10166818622903953417
HIT 3 1717996814373 400 7765145943298610766
HIT 3 1997169688613 465 6247605020181734336
HIT 3 777398976548 181 16815115474697089616
HIT 3 1606327664676 374 15343115118565179939
HIT 3 1717996814372 400 797001764573151194
HIT 3 1997169688612 465 2889021664814686887
HIT 3 777398976550 181 13982182752038714717
HIT 3 1606327664678 374 7236559954871341056
HIT 3 1717996814374 400 17616059555285860980
HIT 3 1997169688614 465 17786041969799966009
HIT 3 1606329630757 374 11409917542304933657
HIT 3 1717998780453 400 10209484325082496012
HIT 3 1997171654693 465 14277178157375335778
HIT 3 1606329630756 374 741772074689624834
HIT 3 1717998780452 400 5502557724404739027
HIT 3 1997171654692 465 14997682701480927829
HIT 3 1606329630758 374 2218749784800401381
HIT 3 1717998780454 400 13455340551450278964
HIT 3 1997171654694 465 2436315755961466859
HIT 3 1718011428899 400 4165865007087207635
HIT 3 1997184303139 465 14989134883889852588
HIT 3 1997186007075 465 13664105682415198640
HIT 3 1718011428901 400 16962324071018604421
HIT 3 1997184303141 465 15663541917993541588
HIT 3 1997186007077 465 2386910452145364853
HIT 3 1718011428902 400 9852601619164058136
HIT 3 1997184303142 465 1888441832170002770
HIT 3 1997186007078 465 3429511982099851638
HIT 3 1718011428900 400 822033676028942794
HIT 3 1997184303140 465 277209798896478497
HIT 3 1997186007076 465 13452177529905210948
HIT 3 777398976551 181 6001092967667485786
HIT 3 1606327664679 374 4671134332283396460
HIT 3 1717996814375 400 8027289329930388563
HIT 3 1997169688615 465 2474483463898250159
HIT 3 777398976552 181 9892765417440000079
HIT 3 1606327664680 374 15236111109822097989
HIT 3 1717996814376 400 2342746112895773608
HIT 3 1997169688616 465 1124339770589916423
HIT 3 1606329630759 374 28946210661750949
HIT 3 1717998780455 400 9199162382231635551
HIT 3 1997171654695 465 8908231173116565295
HIT 3 777398976553 181 18309935236637542629
HIT 3 1606327664681 374 17927949169371567291
HIT 3 1717996814377 400 5937373229316637672
HIT 3 1997169688617 465 1412464105345939514
HIT 3 1606329630760 374 11922312779923780581
HIT 3 1717998780456 400 11094158001151858875
HIT 3 1997171654696 465 11364259880029951949
HIT 3 777398976554 181 978891015079530762
HIT 3 1606327664682 374 18118587607665853976
HIT 3 1717996814378 400 17366942441737173028
HIT 3 1997169688618 465 12879936327585000273
HIT 3 1606329630761 374 10563484338154215911
HIT 3 1717998780457 400 892291154871079071
HIT 3 1997171654697 465 6646691832286859680
HIT 3 1606329630762 374 5973922575713963975
HIT 3 1717998780458 400 18063871727308961826
HIT 3 1997171654698 465 12896056220251584829
HIT 3 1718011428903 400 326503809535038454
HIT 3 1997184303143 465 15729222630241189752
HIT 3 1997186007079 465 6984198366631740661
HIT 3 1718011428904 400 1077683148672566517
HIT 3 1997184303144 465 17756473689327324960
HIT 3 1997186007080 465 15708794252249398289
HIT 3 1718011428905 400 11998191162787591346
HIT 3 1997184303145 465 3861416452090890490
HIT 3 1997186007081 465 3871199117741055226
HIT 3 1718011428906 400 4881435347468140295
HIT 3 1997184303146 465 13884644243747046458
HIT 3 1997186007082 465 15630109779832214780
HIT 3 777398976555 181 1411773459454747266
HIT 3 1606327664683 374 12415426435978990356
HIT 3 1717996814379 400 14907832942490053973
HIT 3 1997169688619 465 9722587010383026174
HIT 3 777398976556 181 1181291043556695588
HIT 3 1606327664684 374 11488185331716305252
HIT 3 1717996814380 400 1098869794735061616
HIT 3 1997169688620 465 10643323314574182160
HIT 3 1606329630763 374 10751021568576948323
HIT 3 1717998780459 400 13078345750011410493
HIT 3 1997171654699 465 1433581987960223524
HIT 3 777398976557 181 2582439945500563972
HIT 3 1606327664685 374 4306728032073598940
HIT 3 1717996814381 400 18253000207638469456
HIT 3 1997169688621 465 5925385580080692502
HIT 3 1606329630764 374 516184688942252925
HIT 3 1717998780460 400 8781849392989692322
HIT 3 1997171654700 465 12439400919539508430
HIT 3 1606329630765 374 11820991689562927862
HIT 3 1717998780461 400 10649858938814602767
HIT 3 1997171654701 465 9019893074942596244
HIT 3 777398976558 181 13183850974003489716
HIT 3 1606327664686 374 1836394865372996924
HIT 3 1717996814382 400 13266882479038944332
HIT 3 1997169688622 465 14949920604935744880
HIT 3 1606329630766 374 383505746439998664
HIT 3 1717998780462 400 2543880351720950995
HIT 3 1997171654702 465 17198148841991401841
HIT 3 1718011428907 400 17782594373505341247
HIT 3 1997184303147 465 12646820040261331246
HIT 3 1997186007083 465 9755958209539461425
HIT 3 1718011428908 400 15032329579316441603
HIT 3 1997184303148 465 1798560207356211317
HIT 3 1997186007084 465 10783215680896039679
HIT 3 1718011428909 400 5445762475133755435
HIT 3 1997184303149 465 3090892394959884276
HIT 3 1997186007085 465 17892709541903563996
HIT 3 1718011428910 400 12916990575891968678
HIT 3 1997184303150 465 3131460756200494665
HIT 3 1997186007086 465 15429297138893552273
HIT 3 777398976559 181 3239847184187534168
HIT 3 1606327664687 374 6993703061917613340
HIT 3 1717996814383 400 1366270463274997397
HIT 3 1997169688623 465 11058138347470262813
HIT 3 777398976560 181 16557272353725780433
HIT 3 1606327664688 374 14043584419430746427
HIT 3 1717996814384 400 1210549371383817778
HIT 3 1997169688624 465 9756251909034765902
HIT 3 777398976561 181 8295485322807427098
HIT 3 1606327664689 374 15745007968198735836
HIT 3 1717996814385 400 14306310821070570521
HIT 3 1997169688625 465 13661871537369151684
HIT 3 777398976562 181 16189703158008949403
HIT 3 1606327664690 374 16121773238956768318
HIT 3 1717996814386 400 16575711156468197846
HIT 3 1997169688626 465 9685323803638006859
HIT 3 1606329630767 374 3097050811253706941
HIT 3 1717998780463 400 5407336963529767138
HIT 3 1997171654703 465 14797679368032788494
HIT 3 1606329630768 374 14439007729437097959
HIT 3 1717998780464 400 14701737194811205889
HIT 3 1997171654704 465 17022217386522702637
HIT 3 1606329630770 374 5242137140965297866
HIT 3 1717998780466 400 18308920682181416319
HIT 3 1997171654706 465 13887216159789652441
HIT 3 1606329630769 374 15291909964579285614
HIT 3 1717998780465 400 5598937865910163154
HIT 3 1997171654705 465 308685195739492560
HIT 3 1718011428914 400 8320121886053017259
HIT 3 1997184303154 465 2367969758823437424
HIT 3 1997186007090 465 16596576766214651001
HIT 3 777398976563 181 12299068667205423175
HIT 3 1606327664691 374 16209873354568324894
HIT 3 1717996814387 400 16409870824298057952
HIT 3 1997169688627 465 18284255855643925979
HIT 3 1718011428911 400 13231768022232163713
HIT 3 1997184303151 465 9852378432089292475
HIT 3 1997186007087 465 11097318316425608888
HIT 3 1606329630771 374 14336497074206804441
HIT 3 1717998780467 400 3271922421837776417
HIT 3 1997171654707 465 2104303533147603160
HIT 3 1718011428912 400 10206569674206209350
HIT 3 1997184303152 465 5214686336700224662
HIT 3 1997186007088 465 6388000850100804289
HIT 3 1718011428915 400 16143990114303900157
HIT 3 1997184303155 465 12741386664026753490
HIT 3 1997186007091 465 639325136477131173
HIT 3 1718011428913 400 1594003274903546628
HIT 3 1997184303153 465 14626842407186352779
HIT 3 1997186007089 465 11620456806589645018
HIT 3 777398976566 181 13115894639206020887
HIT 3 1606327664694 374 14666661544957810358
HIT 3 1717996814390 400 8307906531828535277
HIT 3 1997169688630 465 12854028578172749103
HIT 3 1606329630774 374 10775053974145204943
HIT 3 1717998780470 400 3437460100856962324
HIT 3 1997171654710 465 3603295831799483581
HIT 3 1718011428918 400 17284815353121116578
HIT 3 1997184303158 465 8375246386326824376
HIT 3 1997186007094 465 4546312506145867588
HIT 3 777398976564 181 14307668624255442754
HIT 3 1606327664692 374 15368897312354587048
HIT 3 1717996814388 400 12113855381891361104
HIT 3 1997169688628 465 8840548495969945784
HIT 3 777398976565 181 5094978340422647485
HIT 3 1606327664693 374 13778993422684184438
HIT 3 1717996814389 400 6023971712779810206
HIT 3 1997169688629 465 10648557227432295376
HIT 3 1606329630772 374 4359122448288438899
HIT 3 1717998780468 400 3284430357139816185
HIT 3 1997171654708 465 17938870395230459962
HIT 3 1606329630773 374 114015928676450642
HIT 3 1717998780469 400 3019562405929029778
HIT 3 1997171654709 465 18236680028336099507
HIT 3 777398976567 181 13090874468523823378
HIT 3 1606327664695 374 13971900891059147381
HIT 3 1717996814391 400 6038157874981902499
HIT 3 1997169688631 465 5692132883442053873
HIT 3 777398976568 181 2946008611401910544
HIT 3 1606327664696 374 702565046458822643
HIT 3 1717996814392 400 16622275610057111686
HIT 3 1997169688632 465 8543430002472398617
HIT 3 1606329630776 374 2122177769326593865
HIT 3 1717998780472 400 9904792804973313343
HIT 3 1997171654712 465 14134937221726433303
HIT 3 1606329630775 374 13393725291004948106
HIT 3 1717998780471 400 11014562144802023446
HIT 3 1997171654711 465 12363304817430498948
HIT 3 1718011428920 400 2800503863995438307
HIT 3 1997184303160 465 8613286722564642505
HIT 3 1997186007096 465 1004006678017279679
HIT 3 777398976569 181 4035739521389827401
HIT 3 1606327664697 374 4152632101459126706
HIT 3 1717996814393 400 3539353333901924898
HIT 3 1997169688633 465 6919445884683736686
HIT 3 1606329630777 374 5376509039873556358
HIT 3 1717998780473 400 4159265507528832833
HIT 3 1997171654713 465 7538756680490868345
HIT 3 1718011428916 400 13205376114203340310
HIT 3 1997184303156 465 11691406982240754533
HIT 3 1718011428917 400 11799735270653445039
HIT 3 1997184303157 465 10625939575009213097
HIT 3 1997186007092 465 1637752316929217881
HIT 3 1997186007093 465 17337006325045608995
HIT 3 1718011428921 400 7997089383555411938
HIT 3 1997184303161 465 18210498252700275455
HIT 3 1997186007097 465 15834505624986785314
HIT 3 1718011428919 400 11151133641891402486
HIT 3 1997184303159 465 2770470159143702507
HIT 3 777398976571 181 8163107174863954625
HIT 3 1606327664699 374 2739935510673237676
HIT 3 1717996814395 400 16281913535986937633
HIT 3 1997169688635 465 17501623715001347063
HIT 3 1997186007095 465 14257536602638868161
HIT 3 1606329630779 374 6668719968080136897
HIT 3 1717998780475 400 11283879585791587318
HIT 3 1997171654715 465 9956947355955231680
HIT 3 1718011428923 400 3349271110311005027
HIT 3 1997184303163 465 14753931361126502042
HIT 3 1997186007099 465 15300222324432479815
HIT 3 777398976570 181 3586666412262686631
HIT 3 1606327664698 374 14857800533171822284
HIT 3 1717996814394 400 1788940425125251815
HIT 3 1997169688634 465 3495905199649746585
HIT 3 777398976574 181 13293911605934315148
HIT 3 1606327664702 374 15170280790674463314
HIT 3 1717996814398 400 9940613325094808653
HIT 3 1997169688638 465 369688546695835579
HIT 3 777398976572 181 2746839572335230085
HIT 3 1606327664700 374 12368118644145252856
HIT 3 1717996814396 400 8526990771940831099
HIT 3 1997169688636 465 5230870443134827474
HIT 3 1606329630782 374 15873557891475782473
HIT 3 1717998780478 400 5932169603223247532
HIT 3 1997171654718 465 8246432314964723879
HIT 3 1606329630778 374 13539520925076174957
HIT 3 1717998780474 400 16732412787077437575
HIT 3 1997171654714 465 1698549781152474828
HIT 3 1606329630780 374 15205441264959553425
HIT 3 1717998780476 400 18292394199591721387
HIT 3 1997171654716 465 17513436615798414293
HIT 3 777398976573 181 534624125098630773
HIT 3 1606327664701 374 5253398490114123423
HIT 3 1717996814397 400 13551848485445080554
HIT 3 1997169688637 465 594143853542637730
HIT 3 1606329630781 374 9978989192526301444
HIT 3 1717998780477 400 4812752939325685653
HIT 3 1997171654717 465 6318046733568934183
HIT 3 1718011428926 400 15314590958214467284
HIT 3 1997184303166 465 7814850286964418866
HIT 3 1997186007102 465 13075332050328118481
HIT 3 1718011428922 400 15218780628876511859
HIT 3 1997184303162 465 14359677877945489763
HIT 3 1718011428924 400 1704038750296997290
HIT 3 1997184303164 465 1683881800626790998
HIT 3 1997186007100 465 1903685538424713192
HIT 3 1997186007098 465 17390762373929015672
HIT 3 777398976575 181 12883326550851034657
HIT 3 1606327664703 374 1746902553595316010
HIT 3 1717996814399 400 5832648542692788678
HIT 3 1997169688639 465 2850417398518793154
HIT 3 1718011428925 400 12267734066195998443
HIT 3 1997184303165 465 13096321911896249370
HIT 3 1997186007101 465 10062066065424274886
HIT 3 1606329630783 374 18418365529339970138
HIT 3 1717998780479 400 11753092086540319669
HIT 3 1997171654719 465 17258783226053718711
HIT 3 777398976576 181 4265999228346695470
HIT 3 1606327664704 374 11907821050382029263
HIT 3 1717996814400 400 14978920800032272923
HIT 3 1997169688640 465 8359625308669487855
HIT 3 777398976577 181 17364082562591459516
HIT 3 1606327664705 374 14539738616240958751
HIT 3 1717996814401 400 7009749801213783975
HIT 3 1997169688641 465 1064662378250033526
HIT 3 1606329630784 374 2723035736945396602
HIT 3 1717998780480 400 7749054992456709881
HIT 3 1997171654720 465 6153667457208052402
HIT 3 1606329630785 374 1306989553294230264
HIT 3 1717998780481 400 2854932029226057693
HIT 3 1997171654721 465 1665641043898189825
HIT 3 777398976578 181 1945718244809569891
HIT 3 1606327664706 374 7917879238331045557
HIT 3 1717996814402 400 1121622745234654218
HIT 3 1997169688642 465 2713285613330347407
HIT 3 1718011428927 400 5308753347625072485
HIT 3 1997184303167 465 5676209938419234831
HIT 3 1997186007103 465 13374873916460767418
HIT 3 1606329630786 374 6703259672695932109
HIT 3 1717998780482 400 17094899329012181866
HIT 3 1997171654722 465 3735830852095551785
HIT 3 1718011428928 400 15251487416831658050
HIT 3 1997184303168 465 2254462404290831376
HIT 3 777398976579 181 2285938247222626198
HIT 3 1606327664707 374 5383160375867143647
HIT 3 1717996814403 400 13308010667139994328
HIT 3 1997169688643 465 9958696693624719317
HIT 3 1718011428929 400 234800205514569219
HIT 3 1997184303169 465 15132931794146871038
HIT 3 1718011428930 400 12412798539673042313
HIT 3 1997184303170 465 3852252827824794375
HIT 3 1997186007104 465 11847131268550856636
HIT 3 1606329630787 374 1410093691281709204
HIT 3 1717998780483 400 15904419898923318334
HIT 3 1997171654723 465 15117022809954724439
HIT 3 1997186007105 465 5894182666668512881
HIT 3 1997186007106 465 3313245475036607897
HIT 3 777398976581 181 12681663747448654980
HIT 3 1606327664709 374 12343913298399275218
HIT 3 1717996814405 400 794775595949879611
HIT 3 1997169688645 465 8750455432601902718
HIT 3 1718011428931 400 15645785223713423004
HIT 3 1997184303171 465 9263315195210582039
HIT 3 1997186007107 465 8159291762205903033
HIT 3 1606329630789 374 18139573231341357159
HIT 3 1717998780485 400 937071265153062878
HIT 3 1997171654725 465 14735525887792554364
HIT 3 777398976582 181 8287562245244166343
HIT 3 1606327664710 374 17850646379953208074
HIT 3 1717996814406 400 10637325999741757303
HIT 3 1997169688646 465 11153236337514613843
HIT 3 777398976580 181 3828427107641356757
HIT 3 1606327664708 374 2144501111207850750
HIT 3 1717996814404 400 17800839863356805104
HIT 3 1997169688644 465 16572349689270579923
HIT 3 1606329630790 374 6686854396067023758
HIT 3 1717998780486 400 6963155031456237647
HIT 3 1997171654726 465 8822880074582052760
HIT 3 777398976583 181 7870504371357510363
HIT 3 1606327664711 374 8597332868267112332
HIT 3 1717996814407 400 14471577538732436672
HIT 3 1997169688647 465 2856860519837024846
HIT 3 1606329630788 374 15673946793322510251
HIT 3 1717998780484 400 3165227569601698832
HIT 3 1997171654724 465 10469208513910151786
HIT 3 1718011428933 400 6403009925663890167
HIT 3 1997184303173 465 5837973347961092696
HIT 3 1606329630791 374 9838796356300926228
HIT 3 1717998780487 400 13387372459037108819
HIT 3 1997171654727 465 1789824792922120335
HIT 3 1997186007109 465 14753566261248634523
HIT 3 777398976584 181 7763349155483237484
HIT 3 1606327664712 374 15349814833337027453
HIT 3 1717996814408 400 10171793803531501024
HIT 3 1997169688648 465 13375499592825122767
HIT 3 1718011428935 400 9764253898933883621
HIT 3 1997184303175 465 1747541678362057043
HIT 3 1997186007111 465 3571338941054372283
HIT 3 1606329630792 374 5768152301035153734
HIT 3 1717998780488 400 14325895812267292384
HIT 3 1997171654728 465 11508203640138113004
HIT 3 1718011428934 400 15478814227835583107
HIT 3 1997184303174 465 14542706039915033231
HIT 3 1997186007110 465 651624313839766196
HIT 3 1718011428932 400 1973225931260483157
HIT 3 1997184303172 465 3350955365484894065
HIT 3 1997186007108 465 2617186619362902573
HIT 3 777398976585 181 14941460282802768350
HIT 3 1606327664713 374 6929696829841306235
HIT 3 1717996814409 400 13611947214013572158
HIT 3 1997169688649 465 15104584124785238121
HIT 3 1718011428936 400 16807735927570586173
HIT 3 1997184303176 465 10940188782502657837
HIT 3 1997186007112 465 13643002043844200192
HIT 3 1606329630793 374 7560816983616795273
HIT 3 1717998780489 400 1536190310501100810
HIT 3 1997171654729 465 7814453157595340081
HIT 3 777398976586 181 8432949352535304913
HIT 3 1606327664714 374 1753510489150680519
HIT 3 1717996814410 400 16429589969109602162
HIT 3 1997169688650 465 3511686080429296061
HIT 3 1606329630794 374 403532821235832239
HIT 3 1717998780490 400 15705178815413031
HIT 3 1997171654730 465 5408550948237044929
HIT 3 777398976587 181 1849590167354533979
HIT 3 1606327664715 374 17035065206028884704
HIT 3 1717996814411 400 16248901026349258172
HIT 3 1997169688651 465 8943687372413828197
HIT 3 777398976588 181 16297799824953214637
HIT 3 1606327664716 374 11700158149804894174
HIT 3 1717996814412 400 8463447238956717096
HIT 3 1997169688652 465 17591215062985418532
HIT 3 1606329630796 374 4329880613126466683
HIT 3 1717998780492 400 15882569398159039541
HIT 3 1997171654732 465 12110288243847074321
HIT 3 1606329630795 374 11615853192141422603
HIT 3 1717998780491 400 6724344543359654620
HIT 3 1997171654731 465 12443722748439560560
HIT 3 1718011428937 400 936398448271111280
HIT 3 1997184303177 465 17081851094302181896
HIT 3 1997186007113 465 15855100814411135350
HIT 3 1718011428938 400 13032207820780319543
HIT 3 1997184303178 465 1871197310529432808
HIT 3 1997186007114 465 1081296150515541797
HIT 3 777398976589 181 8729903005629486475
HIT 3 1606327664717 374 2988927957223438695
HIT 3 1717996814413 400 3028675608895527740
HIT 3 1997169688653 465 3038117509490086584
HIT 3 1718011428940 400 14064427920315972925
HIT 3 1997184303180 465 2025219066631767451
HIT 3 1606329630797 374 16991820694445560229
HIT 3 1717998780493 400 15504587717289101197
HIT 3 1997171654733 465 11822011188975212987
HIT 3 1997186007116 465 3312012798069314493
HIT 3 1718011428939 400 5236392546693155264
HIT 3 1997184303179 465 7931557608172221126
HIT 3 1997186007115 465 15023586353311147435
HIT 3 777398976590 181 8374598643811585072
HIT 3 1606327664718 374 17565186181854153251
HIT 3 1717996814414 400 14872559008825111662
HIT 3 1997169688654 465 2277949805995844904
HIT 3 1718011428941 400 16824904035471022154
HIT 3 1997184303181 465 17890763604370128463
HIT 3 1997186007117 465 7360819344674861626
HIT 3 1606329630798 374 5721854295395419908
HIT 3 1717998780494 400 1163031829182235097
HIT 3 1997171654734 465 12759025750772402485
HIT 3 777398976591 181 4730708670931136352
HIT 3 1606327664719 374 2788076931519297212
HIT 3 1717996814415 400 3307692902531742724
HIT 3 1997169688655 465 12135523738141767468
HIT 3 777398976593 181 11841707764923024028
HIT 3 1606327664721 374 5055830166834305606
HIT 3 1717996814417 400 14653615220771629007
HIT 3 1997169688657 465 8071014228892779995
HIT 3 1606329630799 374 14467169161824684986
HIT 3 1717998780495 400 8286708517459105495
HIT 3 777398976592 181 205996173254145887
HIT 3 1997171654735 465 12005246275141970857
HIT 3 1606327664720 374 9990398170684055822
HIT 3 1717996814416 400 13483148387307911555
HIT 3 1997169688656 465 10224652587440189370
HIT 3 1606329630801 374 13332251562736820509
HIT 3 1717998780497 400 2479424280747855566
HIT 3 1997171654737 465 10943335275002162940
HIT 3 1606329630800 374 10582341227242002335
HIT 3 1717998780496 400 17557057312514262626
HIT 3 1997171654736 465 17951168772855261537
HIT 3 1718011428945 400 9899840588043311430
HIT 3 1997184303185 465 13771315855957693398
HIT 3 1997186007121 465 9886018801851966489
HIT 3 1718011428942 400 2342997216852153030
HIT 3 1997184303182 465 7591001764235486389
HIT 3 1997186007118 465 4372129624205600857
HIT 3 1718011428944 400 1850695607738947256
HIT 3 1997184303184 465 7117742510823391886
HIT 3 1997186007120 465 10758658432010384246
HIT 3 1718011428943 400 2828334939474739861
HIT 3 1997184303183 465 8227802898800897919
HIT 3 1997186007119 465 10574112279580629524
HIT 3 777398976594 181 3421571548984557565
HIT 3 1606327664722 374 9986086257967426690
HIT 3 1717996814418 400 692047038644469962
HIT 3 1997169688658 465 10771096302361882397
HIT 3 1606329630802 374 1028748545674462592
HIT 3 1717998780498 400 13332711418153103303
HIT 3 1997171654738 465 8968230109988763070
HIT 3 777398976595 181 14833162334357382551
HIT 3 1606327664723 374 6736907576228841419
HIT 3 1717996814419 400 2870897053147698755
HIT 3 1997169688659 465 12886431934340125074
HIT 3 777398976596 181 11063412438317753633
HIT 3 1606327664724 374 12095811149250358058
HIT 3 1717996814420 400 6761573012879207085
HIT 3 1997169688660 465 10190408750538054469
HIT 3 777398976597 181 5603701915484118630
HIT 3 1606327664725 374 2646284621243852760
HIT 3 1717996814421 400 8244468823902308017
HIT 3 1997169688661 465 13777813566962870006
HIT 3 1606329630804 374 13743359583063326896
HIT 3 1717998780500 400 8355603250678534555
HIT 3 1997171654740 465 10031535651441673525
HIT 3 1606329630805 374 3337425750228936949
HIT 3 1717998780501 400 14341756988707328647
HIT 3 1997171654741 465 6269573375324222069
HIT 3 1606329630803 374 17385365886606947538
HIT 3 1717998780499 400 5870946388946756897
HIT 3 1997171654739 465 13256854378454932512
HIT 3 1718011428946 400 6044383564274622505
HIT 3 1997184303186 465 1936972765644718118
HIT 3 1997186007122 465 12769092078946450178
HIT 3 1718011428948 400 3458885915572266292
HIT 3 1997184303188 465 12527633667325604455
HIT 3 1718011428949 400 15348404669114293859
HIT 3 1997184303189 465 2827291935704680348
HIT 3 1997186007124 465 6703156303616669919
HIT 3 1718011428947 400 2629644266398753495
HIT 3 1997184303187 465 2664711080124240204
HIT 3 1997186007123 465 1270217457748457076
HIT 3 1997186007125 465 8451575804252524408
HIT 3 777398976598 181 15064526402742176111
HIT 3 1606327664726 374 18254342411659492091
HIT 3 1717996814422 400 16597706037648494513
HIT 3 1997169688662 465 17960154745728921863
HIT 3 1606329630806 374 14678569013263718868
HIT 3 1717998780502 400 5948993187792700254
HIT 3 1997171654742 465 7578558493831945184
HIT 3 777398976599 181 10505591702278508416
HIT 3 1606327664727 374 1817504206399145401
HIT 3 1717996814423 400 7700948683273750680
HIT 3 1997169688663 465 15355219166819554678
HIT 3 777398976601 181 17534704634600562539
HIT 3 1606327664729 374 11815413340213740647
HIT 3 1717996814425 400 10374755994430751165
HIT 3 1997169688665 465 17173215556728405775
HIT 3 777398976600 181 5089055140702472003
HIT 3 1606327664728 374 13243493763406136699
HIT 3 1717996814424 400 2100754573822198080
HIT 3 1997169688664 465 6686066624293007254
HIT 3 1606329630807 374 3981148868544811586
HIT 3 1717998780503 400 14514346181049169232
HIT 3 1997171654743 465 4054654908783128149
HIT 3 1606329630809 374 14128593752276904949
HIT 3 1717998780505 400 6858860991276990620
HIT 3 1997171654745 465 6846417056378527974
HIT 3 1606329630808 374 9569143296474534744
HIT 3 1717998780504 400 16007860155989064848
HIT 3 1997171654744 465 12934591341349655276
HIT 3 1718011428950 400 127549613653638086
HIT 3 1997184303190 465 5767046833004412173
HIT 3 1997186007126 465 2016396761049156716
HIT 3 1718011428951 400 6305977443861148857
HIT 3 1997184303191 465 12121452734132783279
HIT 3 1997186007127 465 12119088983666156546
HIT 3 777398976602 181 7876643256474052097
HIT 3 1606327664730 374 15413668319659932435
HIT 3 1717996814426 400 7407793619510071426
HIT 3 1997169688666 465 13245664713491854641
HIT 3 1718011428953 400 17779148978167625704
HIT 3 1997184303193 465 5797309993565874330
HIT 3 1718011428952 400 12478381326535642991
HIT 3 1997184303192 465 4175049622950958322
HIT 3 1606329630810 374 13384015388636494438
HIT 3 1717998780506 400 2236223527002993292
HIT 3 1997171654746 465 8189038487557822769
HIT 3 1997186007129 465 723506466680573691
HIT 3 1997186007128 465 2161721600548613985
HIT 3 777398976603 181 374252689356200610
HIT 3 1606327664731 374 14015143468068987683
HIT 3 1717996814427 400 12087602793285301501
HIT 3 1997169688667 465 7655482232321003182
HIT 3 1718011428954 400 14664713778971531291
HIT 3 1997184303194 465 17358560360006814230
HIT 3 1606329630811 374 4312189049089250938
HIT 3 1717998780507 400 10201512765962943793
HIT 3 1997171654747 465 10418581477242558442
HIT 3 1997186007130 465 2081993673607685384
HIT 3 777398976604 181 8037416882189796101
HIT 3 1606327664732 374 13963649285315786843
HIT 3 1717996814428 400 17587360119061649457
HIT 3 1997169688668 465 5002827942229325679
HIT 3 777398976605 181 18104856380455742121
HIT 3 1606327664733 374 8074731127283655713
HIT 3 1717996814429 400 5341465397995579565
HIT 3 1997169688669 465 11247250907036911587
HIT 3 1606329630812 374 8851618007193749330
HIT 3 1717998780508 400 12816445751006941836
HIT 3 1997171654748 465 12201471883354255763
HIT 3 777398976606 181 14925454585456023149
HIT 3 1606327664734 374 16447010738693574047
HIT 3 1717996814430 400 856473773834406142
HIT 3 1997169688670 465 764828047029158867
HIT 3 1606329630813 374 626607610632491441
HIT 3 1717998780509 400 15591638203944293264
HIT 3 1997171654749 465 9877773540280202878
HIT 3 1606329630814 374 7428903561941102930
HIT 3 1717998780510 400 16564246954055658246
HIT 3 1997171654750 465 9321082333506965536
HIT 3 1718011428958 400 5747613334884653740
HIT 3 1997184303198 465 8863427536490130715
HIT 3 1997186007134 465 12527502602145407130
HIT 3 1718011428955 400 17135256493815096014
HIT 3 1997184303195 465 3678071523885810412
HIT 3 1997186007131 465 11041284862085915570
HIT 3 1718011428957 400 4756474836987725254
HIT 3 1997184303197 465 13772003987606281690
HIT 3 1718011428956 400 4526616544516042964
HIT 3 1997184303196 465 7071365776028799209
HIT 3 1997186007132 465 11713735413058004897
HIT 3 1997186007133 465 2728690818681538751
HIT 3 777398976607 181 5697995392724735419
HIT 3 1606327664735 374 16748354207552998246
HIT 3 1717996814431 400 9502696902652726562
HIT 3 1997169688671 465 993792546532385012
HIT 3 1606329630815 374 13116501457862509881
HIT 3 1717998780511 400 8072166212894756836
HIT 3 1997171654751 465 14112429919602912303
HIT 3 777398976609 181 17750966482672539549
HIT 3 1606327664737 374 9491592449325895942
HIT 3 1717996814433 400 8190062671514048965
HIT 3 1997169688673 465 17823677174070855675
HIT 3 777398976608 181 2775353530838152578
HIT 3 1606327664736 374 1504135053672788244
HIT 3 1717996814432 400 16103231783727065161
HIT 3 1997169688672 465 7027513217440463916
HIT 3 1606329630817 374 7986797373449259266
HIT 3 1717998780513 400 6274197049250273503
HIT 3 1997171654753 465 5798703030058386528
HIT 3 777398976610 181 9817871593731804800
HIT 3 1606327664738 374 13046081997464065322
HIT 3 1717996814434 400 3813058341377199572
HIT 3 1997169688674 465 3846462102001300964
HIT 3 1718011428959 400 5418684655740722777
HIT 3 1997184303199 465 4153775175982838980
HIT 3 1606329630816 374 12331839909705715950
HIT 3 1717998780512 400 13563030807497991965
HIT 3 1997171654752 465 6446704060230517315
HIT 3 1997186007135 465 14622891970165098139
HIT 3 1606329630818 374 16794100346211094783
HIT 3 1717998780514 400 956327224539699332
HIT 3 1997171654754 465 4794684979132319558
HIT 3 1718011428961 400 16280758285109917001
HIT 3 1997184303201 465 15326335251249887714
HIT 3 1997186007137 465 16640236740392182281
HIT 3 777398976611 181 292129211382117385
HIT 3 1606327664739 374 18039231986037408122
HIT 3 1717996814435 400 10839870850439142428
HIT 3 1997169688675 465 18431260744090482792
HIT 3 1606329630819 374 1743862731634509982
HIT 3 1717998780515 400 3870451852923149502
HIT 3 1997171654755 465 586356292342633988
HIT 3 777398976612 181 3074672126360237001
HIT 3 1606327664740 374 11508834231151395020
HIT 3 1717996814436 400 18187184709099589080
HIT 3 1997169688676 465 1668731743625129859
HIT 3 1606329630820 374 6107623012981087501
HIT 3 1717998780516 400 11717104102887594241
HIT 3 1997171654756 465 10718304321313239270
HIT 3 1718011428963 400 8545454341541321252
HIT 3 1997184303203 465 10769264029970688842
HIT 3 1997186007139 465 9022069610876906330
HIT 3 1718011428960 400 791089631911169913
HIT 3 1997184303200 465 10656294394928724669
HIT 3 1718011428962 400 1559261752930246680
HIT 3 1997184303202 465 6361131862093146870
HIT 3 1997186007136 465 8112386191352609362
HIT 3 1997186007138 465 9117139810310474200
HIT 3 1718011428964 400 12745976042494266892
HIT 3 1997184303204 465 15379512543104823176
HIT 3 1997186007140 465 2357396867018753275
HIT 3 777398976613 181 4319098886811030073
HIT 3 1606327664741 374 13688299326807572534
HIT 3 1717996814437 400 7964244568104907924
HIT 3 1997169688677 465 12675515729891742568
HIT 3 1606329630821 374 12417834979892047798
HIT 3 1717998780517 400 2215419429800410630
HIT 3 1997171654757 465 11739180134926807109
HIT 3 777398976614 181 13564739237005182725
HIT 3 1606327664742 374 15422697025584293107
HIT 3 1717996814438 400 9035899125892746901
HIT 3 1997169688678 465 15494669561367113485
HIT 3 777398976616 181 2639335019555232244
HIT 3 1606327664744 374 8206607681148839040
HIT 3 1717996814440 400 7665283151322224804
HIT 3 1997169688680 465 3501174413029234237
HIT 3 777398976615 181 634718019142130986
HIT 3 1606327664743 374 11173055281194134984
HIT 3 1717996814439 400 5847397938901709448
HIT 3 1997169688679 465 1966493465744855258
HIT 3 1606329630822 374 11812159512155887671
HIT 3 1717998780518 400 17771438893638142222
HIT 3 1997171654758 465 15976833928858623474
HIT 3 1606329630824 374 6149765289707592288
HIT 3 1717998780520 400 7743618210664980411
HIT 3 1997171654760 465 12415387033680457893
HIT 3 1606329630823 374 11038821218902801455
HIT 3 1717998780519 400 6245585410362120531
HIT 3 1997171654759 465 11672955159051065684
HIT 3 1718011428965 400 6449999486553845710
HIT 3 1997184303205 465 14736957478209665331
HIT 3 1997186007141 465 1213194525177615645
HIT 3 1718011428968 400 15938600074677364214
HIT 3 1997184303208 465 13669184215706265648
HIT 3 1718011428966 400 3723079082164841531
HIT 3 1997184303206 465 9378136172298896127
HIT 3 1997186007142 465 11881933968659632844
HIT 3 1997186007144 465 16795601644765325599
HIT 3 1718011428967 400 7111333530033188258
HIT 3 1997184303207 465 7784687129588302491
HIT 3 1997186007143 465 3913825562200887438
HIT 3 777398976617 181 8438080515660201007
HIT 3 1606327664745 374 3062680538356008378
HIT 3 1717996814441 400 14510089421907260918
HIT 3 1997169688681 465 6557328723927765728
HIT 3 777398976619 181 8377308949922364537
HIT 3 1606327664747 374 1057509777508095455
HIT 3 1717996814443 400 14728222808413090215
HIT 3 1997169688683 465 4505966649118693611
HIT 3 777398976618 181 16468266263553575785
HIT 3 1606327664746 374 16276619200627549195
HIT 3 1717996814442 400 14472677476140994519
HIT 3 1997169688682 465 16183162150603929212
HIT 3 1606329630825 374 18216701845737128769
HIT 3 1717998780521 400 6948585713488285302
HIT 3 1997171654761 465 5572771411328326766
HIT 3 1606329630827 374 11519048118069444248
HIT 3 1717998780523 400 4436388795943655305
HIT 3 1997171654763 465 9658486934522623030
HIT 3 1606329630826 374 6800580670216453860
HIT 3 1717998780522 400 6684097834746159309
HIT 3 1997171654762 465 15375582674557334992
HIT 3 777398976620 181 8206266875803511626
HIT 3 1606327664748 374 9064532294435376166
HIT 3 1717996814444 400 16423203611881898844
HIT 3 1997169688684 465 9192716584142879482
HIT 3 1606329630828 374 16719942817375372085
HIT 3 1717998780524 400 2764578721286083209
HIT 3 1997171654764 465 1995808541750616953
HIT 3 1718011428971 400 16631527373348154853
HIT 3 1997184303211 465 16348375910690721684
HIT 3 1997186007147 465 11986693045528069680
HIT 3 777398976621 181 6884024827413067762
HIT 3 1606327664749 374 16419163353569071415
HIT 3 1717996814445 400 13168352308761928974
HIT 3 1997169688685 465 16549108134626225201
HIT 3 1718011428969 400 556109397320133230
HIT 3 1997184303209 465 13720188757115929778
HIT 3 1718011428970 400 5170199099719163752
HIT 3 1997184303210 465 9620171955082404470
HIT 3 1997186007145 465 636907000549494773
HIT 3 1606329630829 374 13352548777517208659
HIT 3 1717998780525 400 17683213858786577510
HIT 3 1997171654765 465 9313328448335382103
HIT 3 1997186007146 465 16570347749977324216
HIT 3 1718011428972 400 17048261454224086338
HIT 3 1997184303212 465 3538487901386919187
HIT 3 1997186007148 465 17911168009389664815
HIT 3 777398976622 181 1364691544617060860
HIT 3 1606327664750 374 13790055515591510241
HIT 3 1717996814446 400 4457859734395876530
HIT 3 1997169688686 465 16213856258926295960
HIT 3 777398976623 181 7021505817911758778
HIT 3 1606327664751 374 7178325325532887826
HIT 3 1717996814447 400 11863630052578207393
HIT 3 1997169688687 465 6040851659377716254
HIT 3 777398976624 181 2844685675763223390
HIT 3 1606327664752 374 14157566281748969172
HIT 3 1717996814448 400 6394608216449076079
HIT 3 1997169688688 465 487310111670906873
HIT 3 1606329630830 374 11318095100964351857
HIT 3 1717998780526 400 13014076110024681146
HIT 3 1997171654766 465 2140016011939942643
HIT 3 1606329630831 374 3685328913914551352
HIT 3 1717998780527 400 6558086371827570882
HIT 3 1997171654767 465 16796503449552743012
HIT 3 1606329630832 374 16390714876615909926
HIT 3 1717998780528 400 3848824612684821692
HIT 3 1997171654768 465 708126887441259751
HIT 3 1718011428973 400 4894440907119552145
HIT 3 1997184303213 465 217701404736136588
HIT 3 1997186007149 465 14448773813462808677
HIT 3 777398976625 181 6332009733334394737
HIT 3 1606327664753 374 6588808444372393126
HIT 3 1717996814449 400 6585397867395737287
HIT 3 1997169688689 465 9340648281135501126
HIT 3 1606329630833 374 7524268481059217549
HIT 3 1717998780529 400 2500219852177362497
HIT 3 1997171654769 465 14845743103150624620
HIT 3 1718011428976 400 12857328263325862156
HIT 3 1997184303216 465 14270631999286682780
HIT 3 1997186007152 465 13447642163289758370
HIT 3 777398976626 181 4593938423537154993
HIT 3 1606327664754 374 1246130333644619921
HIT 3 1717996814450 400 12358504354234731838
HIT 3 1997169688690 465 16305028008084821472
HIT 3 1718011428977 400 14863173479771242356
HIT 3 1997184303217 465 15648629310363420989
HIT 3 1606329630834 374 12136802487401547995
HIT 3 1717998780530 400 4206411287037869096
HIT 3 1997171654770 465 1407942906941709377
HIT 3 1997186007153 465 13299495553431609152
HIT 3 1718011428974 400 14976986515021204317
HIT 3 1997184303214 465 12184146902303750925
HIT 3 1997186007150 465 4925648748456627621
HIT 3 777398976627 181 8691840927825659134
HIT 3 1606327664755 374 5531686502906953014
HIT 3 1717996814451 400 17567288040355412343
HIT 3 1997169688691 465 3977287996953984568
HIT 3 1718011428975 400 17744789761352631436
HIT 3 1997184303215 465 13148723639622092469
HIT 3 1606329630835 374 10088859645720957153
HIT 3 1717998780531 400 8314192882737221301
HIT 3 1997171654771 465 12847427741441531555
HIT 3 1997186007151 465 13368313109220625754
HIT 3 1718011428978 400 9846485166723989760
HIT 3 1997184303218 465 5750653490220591656
HIT 3 1997186007154 465 4039264229949569642
HIT 3 777398976630 181 5051668503073094896
HIT 3 1606327664758 374 11413863298352894652
HIT 3 1717996814454 400 12339257656282533263
HIT 3 1997169688694 465 8692536673258134700
HIT 3 777398976628 181 2775055467423800041
HIT 3 1606327664756 374 17397829055205751191
HIT 3 1717996814452 400 4431840822311430315
HIT 3 1997169688692 465 1421377334696926363
HIT 3 1718011428979 400 3713264283942097989
HIT 3 1997184303219 465 3459695352369509176
HIT 3 1997186007155 465 16945123386408248011
HIT 3 777398976629 181 14645688152688640717
HIT 3 1606327664757 374 10863188630093711206
HIT 3 1717996814453 400 11723256585819574020
HIT 3 1997169688693 465 2446214360145248821
HIT 3 1606329630838 374 12382175313599307445
HIT 3 1717998780534 400 14036574930238358212
HIT 3 1997171654774 465 12975169359722463307
HIT 3 1606329630836 374 17604507079003271766
HIT 3 1717998780532 400 13537381233979439396
HIT 3 1997171654772 465 1931232202983539093
HIT 3 777398976631 181 9518958344843146558
HIT 3 1606327664759 374 5173442681755543128
HIT 3 1717996814455 400 11550551601397237187
HIT 3 1997169688695 465 13468832222780480981
HIT 3 1606329630837 374 219388863630063536
HIT 3 1717998780533 400 15775926153890160109
HIT 3 1997171654773 465 6614362360975416206
HIT 3 1606329630839 374 10044351687511295339
HIT 3 1717998780535 400 16792768109474832750
HIT 3 1997171654775 465 5584780698094238209
HIT 3 1718011428982 400 2939269017730104557
HIT 3 1997184303222 465 11285511117761443470
HIT 3 1997186007158 465 2853048518314408696
HIT 3 777398976632 181 3547815660401841515
HIT 3 1606327664760 374 5194261134762193728
HIT 3 1717996814456 400 16352501762374741478
HIT 3 1997169688696 465 10008272904182645395
HIT 3 1718011428980 400 18116160385995845092
HIT 3 1997184303220 465 16429691937986414567
HIT 3 1718011428983 400 11394325255101961334
HIT 3 1997184303223 465 4279504611722491183
HIT 3 1997186007156 465 8798298121258157762
HIT 3 1606329630840 374 369207931770283063
HIT 3 1717998780536 400 8190193454941631911
HIT 3 1997171654776 465 5926571971654802905
HIT 3 1997186007159 465 8288506978799417407
HIT 3 1718011428981 400 15204064373614371538
HIT 3 1997184303221 465 9299205358154018847
HIT 3 1997186007157 465 13137876530518571704
HIT 3 777398976634 181 12292502538737695996
HIT 3 1606327664762 374 17545699966338524808
HIT 3 1717996814458 400 350912860017114561
HIT 3 1997169688698 465 1289504439348311512
HIT 3 777398976633 181 2053886532407115274
HIT 3 1606327664761 374 10211543839830263019
HIT 3 1717996814457 400 849036341003987779
HIT 3 1997169688697 465 9471289146456262900
HIT 3 1606329630842 374 6245642275666287183
HIT 3 1717998780538 400 11433533253754551788
HIT 3 1997171654778 465 9350159669894636936
HIT 3 777398976635 181 4511540781906030343
HIT 3 1606327664763 374 14051969658089968186
HIT 3 1717996814459 400 15617440891940252517
HIT 3 1997169688699 465 3150730524896907551
HIT 3 1606329630841 374 12233969847970830590
HIT 3 1717998780537 400 15511349921997199393
HIT 3 1997171654777 465 4097093723428722905
HIT 3 1718011428984 400 6987117675412102824
HIT 3 1997184303224 465 14746545717582072031
HIT 3 1997186007160 465 2983195334713665303
HIT 3 1606329630843 374 8134741463348458048
HIT 3 1717998780539 400 3322346084780772984
HIT 3 1997171654779 465 257084907750382614
HIT 3 777398976636 181 13581875679279730441
HIT 3 1606327664764 374 16007673710294499535
HIT 3 1717996814460 400 6227678797913213374
HIT 3 1997169688700 465 14267344938514321188
HIT 3 1606329630844 374 17958094628226704254
HIT 3 1717998780540 400 17626871723113386721
HIT 3 1997171654780 465 11447591075706323872
HIT 3 1718011428986 400 9411129321029168010
HIT 3 1997184303226 465 16045110047714076937
HIT 3 1997186007162 465 15993263965130356060
HIT 3 777398976637 181 10924474529972425281
HIT 3 1606327664765 374 9961886017014839621
HIT 3 1717996814461 400 9711204834170274476
HIT 3 1997169688701 465 14646575543116204743
HIT 3 1718011428985 400 6806075128214189216
HIT 3 1997184303225 465 1298290063143481406
HIT 3 1606329630845 374 11552320879953322734
HIT 3 1717998780541 400 6553976490310938641
HIT 3 1997171654781 465 10019912328827689961
HIT 3 1997186007161 465 14747209513729505079
HIT 3 1718011428987 400 8627323293136026851
HIT 3 1997184303227 465 5241831992792561496
HIT 3 1997186007163 465 9980027294661583731
HIT 3 777398976638 181 10290646389859301341
HIT 3 1606327664766 374 3693242058273356553
HIT 3 1717996814462 400 6085207545517391855
HIT 3 1997169688702 465 2054214898065958658
HIT 3 1718011428988 400 5933044876428014430
HIT 3 1997184303228 465 13191199165020167648
HIT 3 777398976639 181 2683512597778215301
HIT 3 1606327664767 374 10284167919008620511
HIT 3 1717996814463 400 9080502083775249963
HIT 3 1997169688703 465 16888320082762252331
HIT 3 1997186007164 465 7409351612381513162
HIT 3 1606329630846 374 881198304121564268
HIT 3 1717998780542 400 16727660884516944931
HIT 3 1997171654782 465 5954559178572224103
HIT 3 1606329630847 374 4397916796645222097
HIT 3 1717998780543 400 5998603270799581757
HIT 3 1997171654783 465 13916050621212646187
HIT 3 1718011428989 400 3730417511708530273
HIT 3 1997184303229 465 2444535783269859495
HIT 3 1997186007165 465 11696752372411503918
HIT 3 777398976641 181 6927940258190928327
HIT 3 1606327664769 374 6203219868743469702
HIT 3 1717996814465 400 5075377228960913203
HIT 3 1997169688705 465 16096924725267919004
HIT 3 777398976640 181 13063545109516289084
HIT 3 1606327664768 374 4955525142393579397
HIT 3 1717996814464 400 74676141532646248
HIT 3 1997169688704 465 16211535657445684637
HIT 3 1606329630849 374 12825635673102536547
HIT 3 1717998780545 400 3314461968048398928
HIT 3 1997171654785 465 15818531206263205726
HIT 3 1606329630848 374 17832528034834445199
HIT 3 1717998780544 400 4476093889214900688
HIT 3 1997171654784 465 7551488549868475904
HIT 3 1718011428993 400 268814968252015432
HIT 3 1997184303233 465 13618951109841877711
HIT 3 1997186007169 465 12489562407028029633
HIT 3 1718011428990 400 6519285213126596001
HIT 3 1997184303230 465 14637317403428423638
HIT 3 777398976642 181 18208516222124056945
HIT 3 1606327664770 374 9424434611518480369
HIT 3 1717996814466 400 4012618687277608087
HIT 3 1997169688706 465 6417831629561060507
HIT 3 1997186007166 465 2964052105907174033
HIT 3 1718011428991 400 15565905608307580236
HIT 3 1997184303231 465 13927270712066875876
HIT 3 1606329630850 374 7191194593637979129
HIT 3 1717998780546 400 4986091522975720926
HIT 3 1997171654786 465 6333119344264906288
HIT 3 1997186007167 465 8061561443195556587
HIT 3 777398976643 181 12803367453435486925
HIT 3 1606327664771 374 4368718758881300079
HIT 3 1717996814467 400 3077541752851800065
HIT 3 1997169688707 465 4782581719313296153
HIT 3 1718011428992 400 2857341325817620520
HIT 3 1997184303232 465 18069542423681979985
HIT 3 1997186007168 465 17162158596866285053
HIT 3 1606329630851 374 13118174364583696527
HIT 3 1717998780547 400 667985174106607641
HIT 3 1997171654787 465 16581375882297937337
HIT 3 777398976644 181 12443736781678553505
HIT 3 1606327664772 374 9981769712964765067
HIT 3 1717996814468 400 6141220630862445600
HIT 3 1997169688708 465 9401915878301446429
HIT 3 777398976645 181 11007412993238972483
HIT 3 1606327664773 374 6917172455143265756
HIT 3 1717996814469 400 17501677243954353364
HIT 3 1997169688709 465 10011675150284511058
HIT 3 1718011428994 400 1841861239142798414
HIT 3 1997184303234 465 12289065308253993223
HIT 3 1606329630852 374 2392936424459193485
HIT 3 1717998780548 400 11181402804004039118
HIT 3 1997171654788 465 5113378257923429272
HIT 3 1997186007170 465 8927362284847892681
HIT 3 1606329630853 374 14558306439000096859
HIT 3 1717998780549 400 17598715958171424143
HIT 3 1997171654789 465 3324288784668068160
HIT 3 777398976646 181 14781574346296804919
HIT 3 1606327664774 374 13991574294908540294
HIT 3 1717996814470 400 996456444804763148
HIT 3 1997169688710 465 16162610996569608269
HIT 3 1606329630854 374 11502807593972068636
HIT 3 1717998780550 400 6651802664304857489
HIT 3 1997171654790 465 18166120680718195280
HIT 3 1718011428997 400 2785320336298276996
HIT 3 1997184303237 465 10534303896224987035
HIT 3 1997186007173 465 4189677657095353286
HIT 3 1718011428998 400 5569838949638331746
HIT 3 1997184303238 465 6838462624796511662
HIT 3 777398976647 181 491366974118877059
HIT 3 1606327664775 374 8895113095001533120
HIT 3 1717996814471 400 6168132092882438530
HIT 3 1997169688711 465 10550790166715821852
HIT 3 1718011428995 400 6867036946338615555
HIT 3 1997184303235 465 11888328938119376930
HIT 3 1997186007174 465 123353308849875106
HIT 3 1997186007171 465 4294007078616604007
HIT 3 1606329630855 374 14800121163954395746
HIT 3 1717998780551 400 15306561945503827241
HIT 3 1997171654791 465 9477126456669470294
HIT 3 777398976648 181 11329355676981634733
HIT 3 1606327664776 374 5321776763765949841
HIT 3 1717996814472 400 8749272279661808513
HIT 3 1997169688712 465 6215113868278207988
HIT 3 777398976649 181 10509316908254731819
HIT 3 1606327664777 374 14680833043968383304
HIT 3 1717996814473 400 2781595429828836387
HIT 3 1997169688713 465 13288756005096238621
HIT 3 1606329630856 374 17829548752160104982
HIT 3 1717998780552 400 18012137963590838949
HIT 3 1997171654792 465 4981572022658366541
HIT 3 1718011428996 400 7817327355433200641
HIT 3 1997184303236 465 12449688979036072832
HIT 3 1997186007172 465 12228443735558544745
HIT 3 1606329630857 374 6635731584228208564
HIT 3 1717998780553 400 18064470358078054662
HIT 3 1997171654793 465 10488435871816565746
HIT 3 1718011428999 400 4290264328115646570
HIT 3 1997184303239 465 14736315409060496576
HIT 3 1997186007175 465 3709048301742533580
HIT 3 777398976650 181 4201285893429459895
HIT 3 1606327664778 374 2370669868998661846
HIT 3 1717996814474 400 16556773949593072791
HIT 3 1997169688714 465 6361235394330773187
HIT 3 777398976651 181 18295472667237023005
HIT 3 1606327664779 374 7818933878460731508
HIT 3 1717996814475 400 9038148324025611256
HIT 3 1997169688715 465 3997859652356332760
HIT 3 1718011429000 400 12505558350738917988
HIT 3 1997184303240 465 1218810603020290609
HIT 3 1997186007176 465 11999059268313872086
HIT 3 1606329630859 374 12507190802114127127
HIT 3 1717998780555 400 9947315236767819791
HIT 3 1997171654795 465 7763927225808443096
HIT 3 1606329630858 374 2086980078455984750
HIT 3 1717998780554 400 16239880625434162845
HIT 3 1997171654794 465 2709825619973423255
HIT 3 777398976652 181 14826286691134930338
HIT 3 1606327664780 374 12755357143997144412
HIT 3 1717996814476 400 16092864465677041356
HIT 3 1997169688716 465 6111578493270538895
HIT 3 1606329630860 374 16848275491914536079
HIT 3 1717998780556 400 17165593750263197235
HIT 3 1997171654796 465 18433216695706051612
HIT 3 1718011429003 400 13024416137527847874
HIT 3 1997184303243 465 5430802673904114819
HIT 3 1997186007179 465 10408931911268706764
HIT 3 1718011429001 400 17990756013144848608
HIT 3 1997184303241 465 5076790821349300380
HIT 3 777398976653 181 9912057452801670399
HIT 3 1606327664781 374 3317577787948357377
HIT 3 1717996814477 400 471678986897508943
HIT 3 1997169688717 465 9056468714448857726
HIT 3 1718011429004 400 4327250742572639861
HIT 3 1997184303244 465 16351853974469829820
HIT 3 1997186007177 465 7151011911249517619
HIT 3 1997186007180 465 5509478265574002459
HIT 3 777398976654 181 18396398534974474143
HIT 3 1606327664782 374 8225063729123964291
HIT 3 1717996814478 400 8881482210190791136
HIT 3 1997169688718 465 12138006241388228449
HIT 3 777398976655 181 13674334360223895149
HIT 3 1606327664783 374 3089925048955856360
HIT 3 1717996814479 400 16807457124556570060
HIT 3 1997169688719 465 16664781234986984290
HIT 3 1606329630861 374 3190554637876895877
HIT 3 1717998780557 400 14068207762940018757
HIT 3 1997171654797 465 12422861199128562383
HIT 3 1606329630862 374 12134172498377924551
HIT 3 1717998780558 400 2191031771634779819
HIT 3 1997171654798 465 14458516869171986265
HIT 3 1718011429002 400 6194280309602859484
HIT 3 1997184303242 465 5812607100505748317
HIT 3 1606329630863 374 9307771807394711852
HIT 3 1717998780559 400 14332299452926697956
HIT 3 1997171654799 465 17032347236971601870
HIT 3 1997186007178 465 3354687340070369017
HIT 3 777398976656 181 7619359421772576658
HIT 3 1606327664784 374 7347769532805274197
HIT 3 1717996814480 400 8103030034830220923
HIT 3 1997169688720 465 13607934559701213297
HIT 3 1718011429006 400 1231331403248013266
HIT 3 1997184303246 465 12332400821063394959
HIT 3 1997186007182 465 18027576178950421429
HIT 3 777398976657 181 329076902949305030
HIT 3 1606327664785 374 3907765896798920394
HIT 3 1717996814481 400 12587463167644689652
HIT 3 1997169688721 465 7621377060655307624
HIT 3 1606329630864 374 6876448761417840135
HIT 3 1717998780560 400 14743213969803488089
HIT 3 1997171654800 465 14067316448237725310
HIT 3 1606329630865 374 8776721241383558512
HIT 3 1717998780561 400 4502354453549909887
HIT 3 1997171654801 465 3163167439119095442
HIT 3 1718011429005 400 15160715050764745320
HIT 3 1997184303245 465 13083047536483284293
HIT 3 1997186007181 465 16017035634040575150
HIT 3 777398976658 181 696887278699105355
HIT 3 1606327664786 374 14741935855497750031
HIT 3 1717996814482 400 14944351479036937260
HIT 3 1997169688722 465 16614126492556126325
HIT 3 1718011429007 400 17313075493984487788
HIT 3 1997184303247 465 536943181012053000
HIT 3 1997186007183 465 3393399340331873878
HIT 3 1606329630866 374 10742184363438305904
HIT 3 1717998780562 400 164613981608056262
HIT 3 1997171654802 465 8074246218916043088
HIT 3 1718011429009 400 11391390992124336501
HIT 3 1997184303249 465 13716437962612337404
HIT 3 777398845587 181 696887278699105355
HIT 3 1606327533715 374 14741935855497750031
HIT 3 1717996683411 400 14944351479036937260
HIT 3 1997169557651 465 16614126492556126325
HIT 3 777398976659 181 5446914579393014947
HIT 3 1606327664787 374 6299162375064056230
HIT 3 1717996814483 400 2505052942953445177
HIT 3 1997169688723 465 8562753151086393605
HIT 3 1997186007185 465 8968627029709843276
HIT 3 1718011429010 400 9311978574334347524
HIT 3 1997184303250 465 9927883108198888259
HIT 3 1997186007186 465 5646958738699334669
HIT 3 777398976660 181 17234683479424247883
HIT 3 1606327664788 374 3153564792507271340
HIT 3 1717996814484 400 14569675299444462695
HIT 3 1997169688724 465 434225367272589141
HIT 3 777399107732 181 13132355572170005500
HIT 3 1606327795860 374 1161761571528108357
HIT 3 1717996945556 400 14425932318061659763
HIT 3 1997169819796 465 4111223176039778014
HIT 3 777398976661 181 13132355572170005500
HIT 3 1606327664789 374 1161761571528108357
HIT 3 1717996814485 400 14425932318061659763
HIT 3 1997169688725 465 4111223176039778014
HIT 3 1606329630868 374 17306825024880352726
HIT 3 1717998780564 400 13953335095115257466
HIT 3 1997171654804 465 13220759924396041622
HIT 3 1606329630867 374 14519061843589255952
HIT 3 1717998780563 400 17119010627181308655
HIT 3 1997171654803 465 14850149398975410204
HIT 3 1718011429008 400 17439021175751841948
HIT 3 1997184303248 465 16744537582122404696
HIT 3 1606329499797 374 14669555083300065869
HIT 3 1717998649493 400 13572308317302262110
HIT 3 1997171523733 465 7482186862867986662
HIT 3 785990811797 183 17234683479424247883
HIT 3 1606329565333 374 2560966277368179512
HIT 3 1717998715029 400 12995468193964004477
HIT 3 1997171589269 465 10964702599833148105
HIT 3 1597739696277 372 767191735922600923
HIT 3 1606329630869 374 17319650990365990053
HIT 3 1610624598165 375 17785490616860692295
HIT 3 1614919565461 376 17879848250742974595
HIT 3 1709408845973 398 16724813630634131259
HIT 3 1717998780565 400 13590580869432749428
HIT 3 1722293747861 401 12261415575676381717
HIT 3 1726588715157 402 12436332532392591761
HIT 3 1988581720213 463 4554084491261365115
HIT 3 1992876687509 464 17817332716337248258
HIT 3 1997171654805 465 17431310229527771791
HIT 3 2005761589397 467 12548772587590148914
HIT 3 1997186007184 465 5287618350544394277
HIT 3 1718011429012 400 537541734110318502
HIT 3 1997184303252 465 15619107992373668820
HIT 3 1997186007188 465 12779062703771500924
HIT 3 1606329761941 374 12835048309058497248
HIT 3 1717998911637 400 4747983310631191273
HIT 3 1997171785877 465 18135393650981388250
HIT 3 665729892502 155 16044136684152326711
HIT 3 777399042198 181 344108720603056318
HIT 3 1606327730326 374 17108600995175091337
HIT 3 1717996880022 400 10300997196631913306
HIT 3 1997169754262 465 2441629178413365705
HIT 3 768809173142 179 9806067880678104250
HIT 3 773104140438 180 14391360669565452120
HIT 3 777399107734 181 14897862670886415341
HIT 3 785989042326 183 6539430776467258177
HIT 3 1597737861270 372 3742142698597683894
HIT 3 1606327795862 374 8684367193501878839
HIT 3 1610622763158 375 13920808399804688890
HIT 3 1614917730454 376 14340935445289513482
HIT 3 1709407010966 398 5816849376531516296
HIT 3 1717996945558 400 13314215572325796265
HIT 3 1722291912854 401 10587721084596392414
HIT 3 1726586880150 402 389671953395396374
HIT 3 1988579885206 463 11138959875952512519
HIT 3 1992874852502 464 7418853577964529182
HIT 3 1997169819798 465 1064159681505951454
HIT 3 2005759754390 467 12228100646307689810
HIT 3 777399238806 181 13736510552559275100
HIT 3 1606327926934 374 4043488626200030462
HIT 3 1717997076630 400 12237314492546492595
HIT 3 1997169950870 465 15999205956796567662
HIT 3 1606329499798 374 4528310659760259397
HIT 3 1717998649494 400 18233594032319910842
HIT 3 1997171523734 465 503174900959104400
HIT 3 785990811798 183 17688320780476821017
HIT 3 1606329565334 374 12550976231680440868
HIT 3 777399042199 181 17688320780476821017
HIT 3 1717998715030 400 53435192918761447
HIT 3 1997171589270 465 3289986896947317620
HIT 3 1597739696278 372 15119566393966936110
HIT 3 1606329630870 374 64174268889968663
HIT 3 1610624598166 375 7770998751938252200
HIT 3 1614919565462 376 2964743064794009613
HIT 3 1709408845974 398 7383484769503759803
HIT 3 1717998780566 400 5121504810956084636
HIT 3 1722293747862 401 8327896745687040999
HIT 3 1726588715158 402 4919100367112817712
HIT 3 1988581720214 463 10867713672862121273
HIT 3 1992876687510 464 17606038056444337639
HIT 3 1997171654806 465 13179722064404358115
HIT 3 2005761589398 467 5277010465517153322
HIT 3 1606329761942 374 14468644266684238226
HIT 3 1717998911638 400 1241369575662466227
HIT 3 1997171785878 465 2903740682608291132
HIT 3 1606327730327 374 11318460069596902424
HIT 3 1717996880023 400 7521270245835111820
HIT 3 1997169754263 465 13918144798819936008
HIT 3 777399107735 181 13736510552559275100
HIT 3 1606327795863 374 4043488626200030462
HIT 3 1717996945559 400 12237314492546492595
HIT 3 1997169819799 465 15999205956796567662
HIT 3 777399173271 181 344108720603056318
HIT 3 1606327861399 374 17108600995175091337
HIT 3 1717997011095 400 10300997196631913306
HIT 3 1997169885335 465 2441629178413365705
HIT 3 777399238807 181 16694730731489996546
HIT 3 1606327926935 374 17553544683822500629
HIT 3 1717997076631 400 15294059161106174628
HIT 3 1997169950871 465 7765608214562479693
HIT 3 777399304343 181 15551085269313900563
HIT 3 1606327992471 374 1195766680211928153
HIT 3 1717997142167 400 7705444166639944681
HIT 3 1997170016407 465 8474244733124590989
HIT 3 777399369879 181 11359811131937180646
HIT 3 1606328058007 374 12736224131088225551
HIT 3 1717997207703 400 6133108763519539830
HIT 3 1997170081943 465 3038564568207169889
HIT 3 777399435415 181 8007313503946261031
HIT 3 1606328123543 374 91668118887816956
HIT 3 1717997273239 400 2159880120467738331
HIT 3 1997170147479 465 16579693636074635636
HIT 3 777399500951 181 5324232398763553030
HIT 3 1606328189079 374 12312726018791937445
HIT 3 1717997338775 400 13700200480024746389
HIT 3 1997170213015 465 4914627041392672212
HIT 3 777399566487 181 8424344436120166990
HIT 3 1606328254615 374 5280768454275078004
HIT 3 1717997404311 400 16895012315522425846
HIT 3 1997170278551 465 1865680174221500154
HIT 3 777399632023 181 1499791046194918204
HIT 3 1606328320151 374 14024936731367491846
HIT 3 1717997469847 400 7891585134099770940
HIT 3 1997170344087 465 16297819980346072996
HIT 3 777399697559 181 403477298027866832
HIT 3 1606328385687 374 559512078687104097
HIT 3 1717997535383 400 4823475657704475311
HIT 3 1997170409623 465 2480977153770098179
HIT 3 777399763095 181 5019022813158672300
HIT 3 1606328451223 374 17547222036643416013
HIT 3 1717997600919 400 12009440374507442249
HIT 3 1997170475159 465 12874211922955908770
HIT 3 777399828631 181 7560764371292668128
HIT 3 1606328516759 374 9236172960976184512
HIT 3 1717997666455 400 17801842996564663130
HIT 3 1997170540695 465 7849525624649339309
HIT 3 777399894167 181 12303008220907997605
HIT 3 1606328582295 374 11520897742233458048
HIT 3 1717997731991 400 12655882230961733392
HIT 3 1997170606231 465 7517428441583617310
HIT 3 777399959703 181 8744404605651330516
HIT 3 1606328647831 374 16011850272643222590
HIT 3 1717997797527 400 5789278281005384351
HIT 3 1997170671767 465 6586005686079243262
HIT 3 777400025239 181 37106356080974203
HIT 3 1606328713367 374 17301230833190470692
HIT 3 1717997863063 400 5293624765269897850
HIT 3 1997170737303 465 3178875669694126166
HIT 3 777400090775 181 4684455443312711851
HIT 3 1606328778903 374 5095829160817047800
HIT 3 1717997928599 400 7944133581333410442
HIT 3 1997170802839 465 13647073770415683240
HIT 3 777400156311 181 14070702732124246004
HIT 3 1606328844439 374 13997509760994812455
HIT 3 1717997994135 400 17977756450072421982
HIT 3 1997170868375 465 3815809204718386850
HIT 3 777400221847 181 4737279884937892052
HIT 3 1606328909975 374 1970739363100629408
HIT 3 1717998059671 400 7180361969944988001
HIT 3 1997170933911 465 2817178933982391026
HIT 3 777400287383 181 15093580883026254919
HIT 3 1606328975511 374 8252546032371194324
HIT 3 1717998125207 400 4362784698637693408
HIT 3 1997170999447 465 3603174552885170258
HIT 3 777400352919 181 8913511002535981926
HIT 3 1606329041047 374 8327448229998546189
HIT 3 1717998190743 400 17250231277785982528
HIT 3 1997171064983 465 15507063105642563842
HIT 3 777400418455 181 3517318395212284759
HIT 3 1606329106583 374 14185426368037767126
HIT 3 1717998256279 400 3650548008142228102
HIT 3 1997171130519 465 11905543971198208328
HIT 3 777400483991 181 838597994616493656
HIT 3 1606329172119 374 3532775181523928907
HIT 3 1717998321815 400 15570276225988042270
HIT 3 1997171196055 465 3093672564868837597
HIT 3 777400549527 181 9121484596339108529
HIT 3 1606329237655 374 5794040965246899928
HIT 3 1717998387351 400 5561555009134370773
HIT 3 1997171261591 465 17031646887564150865
HIT 3 777400615063 181 14056726329154179464
HIT 3 1606329303191 374 1752443535478813097
HIT 3 1717998452887 400 310457774038650322
HIT 3 1997171327127 465 1129814061112512526
HIT 3 768810746007 179 14056726329154179464
HIT 3 777400680599 181 3383904640847633285
HIT 3 1606329368727 374 17016663884939225532
HIT 3 1717998518423 400 11614763269978470921
HIT 3 1997171392663 465 6032958604720650863
HIT 3 777400746135 181 9806067880678104250
HIT 3 785990680727 183 11160962983075606174
HIT 3 1606329434263 374 11156823144769126082
HIT 3 1717998583959 400 14066344288201230359
HIT 3 1997171458199 465 5222966207346962183
HIT 3 777400811671 181 11160962983075606174
HIT 3 1597739565207 372 15015105528179470875
HIT 3 1606329499799 374 3267430557061259572
HIT 3 1610624467095 375 15046685780818605362
HIT 3 1614919434391 376 6650067969331026274
HIT 3 1709408714903 398 1604398412979703640
HIT 3 1717998649495 400 4476798598094628390
HIT 3 1722293616791 401 12939345279862517832
HIT 3 1726588584087 402 6552468705093975149
HIT 3 1988581589143 463 8981730095582831027
HIT 3 1992876556439 464 12227869988725266243
HIT 3 1997171523735 465 7506294792862592124
HIT 3 2005761458327 467 18331210747868945635
HIT 3 781695844503 182 1198508264239613368
HIT 3 785990811799 183 14897862670886415341
HIT 3 794580746391 185 4684333965527396609
HIT 3 1597739630743 372 16597250268975187779
HIT 3 1606329565335 374 5794331270453881364
HIT 3 1610624532631 375 14207303294853683227
HIT 3 1614919499927 376 13245756228759139496
HIT 3 1709408780439 398 4143660646749369603
HIT 3 1717998715031 400 11252849500214832237
HIT 3 1722293682327 401 2579907305522512038
HIT 3 1726588649623 402 2789065568243347783
HIT 3 1988581654679 463 16181140254742084080
HIT 3 1992876621975 464 13284542375822257194
HIT 3 1997171589271 465 549273464902924240
HIT 3 2005761523863 467 14120661731754266872
HIT 3 781695910039 182 14391360669565452120
HIT 3 785990877335 183 4684333965527396609
HIT 3 790285844631 184 1198508264239613368
HIT 3 794580811927 185 9284878514371754894
HIT 3 798875779223 186 5780405284772014271
HIT 3 803170746519 187 15737660014658443229
HIT 3 807465713815 188 92872039740533390
HIT 3 811760681111 189 11378573461656850404
HIT 3 816055648407 190 6562126503787252476
HIT 3 820350615703 191 12181727445022696620
HIT 3 824645582999 192 12128619162824525510
HIT 3 828940550295 193 10279132135880617964
HIT 3 833235517591 194 14943586747789591128
HIT 3 837530484887 195 6549073818950671971
HIT 3 841825452183 196 2006660671370699709
HIT 3 846120419479 197 4050984349329644231
HIT 3 850415386775 198 16661313606523766907
HIT 3 854710354071 199 3833468382001651942
HIT 3 859005321367 200 3142820106539465327
HIT 3 863300288663 201 4590679071405166612
HIT 3 867595255959 202 282046665555557026
HIT 3 871890223255 203 14405030152594444624
HIT 3 876185190551 204 3009103781901314856
HIT 3 880480157847 205 3589876210111218767
HIT 3 884775125143 206 8105188073631818099
HIT 3 889070092439 207 77201129893759415
HIT 3 893365059735 208 5964360734431828938
HIT 3 897660027031 209 5785833041769258168
HIT 3 901954994327 210 12186512271571373804
HIT 3 906249961623 211 3894885246042877134
HIT 3 910544928919 212 6782310300435553986
HIT 3 914839896215 213 11434076560803983607
HIT 3 919134863511 214 13110292688767459094
HIT 3 923429830807 215 5730911574032714602
HIT 3 927724798103 216 6906852762569617423
HIT 3 932019765399 217 4378588709392069002
HIT 3 936314732695 218 6683744493381780423
HIT 3 940609699991 219 13045089798258970319
HIT 3 944904667287 220 6659579921095579690
HIT 3 949199634583 221 2510068529437926197
HIT 3 953494601879 222 15316865003660713734
HIT 3 957789569175 223 16688203049109771149
HIT 3 962084536471 224 9291312747152617131
HIT 3 966379503767 225 11275216352305911464
HIT 3 970674471063 226 17019736283693678197
HIT 3 974969438359 227 17582053508821130577
HIT 3 979264405655 228 6227252074893376809
HIT 3 983559372951 229 5208708348040880440
HIT 3 987854340247 230 8755051415611544474
HIT 3 992149307543 231 5076180831055234483
HIT 3 996444274839 232 15035566163866428795
HIT 3 1000739242135 233 8465952082282557287
HIT 3 1005034209431 234 12469003416554230573
HIT 3 1009329176727 235 13669940823404149923
HIT 3 1013624144023 236 16648579964936243949
HIT 3 1017919111319 237 15235213832983042077
HIT 3 1022214078615 238 10765349730575777639
HIT 3 1026509045911 239 17772915886719802761
HIT 3 1030804013207 240 3912963131965274259
HIT 3 1035098980503 241 1478515334916444557
HIT 3 1039393947799 242 17035568857742072929
HIT 3 1043688915095 243 16958393926169516346
HIT 3 1047983882391 244 3001845598352829239
HIT 3 1052278849687 245 18118438189672714749
HIT 3 1056573816983 246 11212979560051824506
HIT 3 1060868784279 247 16788667631326584734
HIT 3 1065163751575 248 950260811598003301
HIT 3 1069458718871 249 3013275968115619989
HIT 3 1073753686167 250 10985060461136819608
HIT 3 1078048653463 251 16920350616252902065
HIT 3 1082343620759 252 17125949000085952754
HIT 3 1086638588055 253 6487938814148578347
HIT 3 1090933555351 254 8896831710836373931
HIT 3 1095228522647 255 8839795891606070499
HIT 3 1099523489943 256 9054551249312359924
HIT 3 1103818457239 257 4044154202846086697
HIT 3 1108113424535 258 1066841473414671459
HIT 3 1112408391831 259 6170761045659280459
HIT 3 1116703359127 260 16456034036680764669
HIT 3 1120998326423 261 15721034944112737436
HIT 3 1125293293719 262 12164616529307137421
HIT 3 1129588261015 263 3864073232958841814
HIT 3 1133883228311 264 3091258454085688116
HIT 3 1138178195607 265 6336609493395987881
HIT 3 1142473162903 266 6134074461992833864
HIT 3 1146768130199 267 9828052127305554172
HIT 3 1151063097495 268 4927919560947591357
HIT 3 1155358064791 269 967191473785092875
HIT 3 1159653032087 270 3997780378500338631
HIT 3 1163947999383 271 16492307073004745817
HIT 3 1168242966679 272 2862857911509404761
HIT 3 1172537933975 273 18333282384150044857
HIT 3 1176832901271 274 11664930104983853734
HIT 3 1181127868567 275 15373109181795274501
HIT 3 1185422835863 276 12081754680232612691
HIT 3 1189717803159 277 12630917008774973421
HIT 3 1194012770455 278 14121166044543901802
HIT 3 1198307737751 279 6276615157081612195
HIT 3 1202602705047 280 11692018996151262276
HIT 3 1206897672343 281 6807828553847232623
HIT 3 1211192639639 282 10652604153811532845
HIT 3 1215487606935 283 14789453044741519305
HIT 3 1219782574231 284 15154631185929431388
HIT 3 1224077541527 285 3720781290833852976
HIT 3 1228372508823 286 9329648838268446415
HIT 3 1232667476119 287 11951750342823979978
HIT 3 1236962443415 288 10877125644485936091
HIT 3 1241257410711 289 1446119896741996352
HIT 3 1245552378007 290 12172280935664608019
HIT 3 1249847345303 291 3493400385099801036
HIT 3 1254142312599 292 5171967614379433301
HIT 3 1258437279895 293 1823918889926596013
HIT 3 1262732247191 294 18333064458534142648
HIT 3 1267027214487 295 15798855714364439839
HIT 3 1271322181783 296 9342861301194886854
HIT 3 1275617149079 297 14522567367051802299
HIT 3 1279912116375 298 3082395769262717616
HIT 3 1284207083671 299 15589022736048219467
HIT 3 1288502050967 300 18332994768937440499
HIT 3 1292797018263 301 4822800926381673552
HIT 3 1297091985559 302 1642633304089865248
HIT 3 1301386952855 303 14046333866816118978
HIT 3 1305681920151 304 10994855173369502390
HIT 3 1309976887447 305 16100843739257443918
HIT 3 1314271854743 306 13748398266641795323
HIT 3 1318566822039 307 17241479518397753935
HIT 3 1322861789335 308 12439917233572574968
HIT 3 1327156756631 309 7761812364740986705
HIT 3 1331451723927 310 5482414986315569983
HIT 3 1335746691223 311 2057978866810817868
HIT 3 1340041658519 312 9648056182793547472
HIT 3 1344336625815 313 15671886254215678564
HIT 3 1348631593111 314 13402167630100996655
HIT 3 1352926560407 315 13858531618744814334
HIT 3 1357221527703 316 12770875515181952834
HIT 3 1361516494999 317 9216731489934378900
HIT 3 1365811462295 318 14999567131326756651
HIT 3 1370106429591 319 608699476170174496
HIT 3 1374401396887 320 2110674316462644352
HIT 3 1378696364183 321 12812486506718171155
HIT 3 1382991331479 322 13697928828753312350
HIT 3 1387286298775 323 2857492819773819923
HIT 3 1391581266071 324 3558804738078944673
HIT 3 1395876233367 325 7264542371297539300
HIT 3 1400171200663 326 14893633946047179045
HIT 3 1404466167959 327 9166884024144956873
HIT 3 1408761135255 328 2770904035054498088
HIT 3 1413056102551 329 17911805947246871269
HIT 3 1417351069847 330 4494586501785314571
HIT 3 1421646037143 331 12063075090063522709
HIT 3 1425941004439 332 12136919032947831228
HIT 3 1430235971735 333 12984619264145200487
HIT 3 1434530939031 334 2500127521977128509
HIT 3 1438825906327 335 16202426532160926565
HIT 3 1443120873623 336 6799211923045087791
HIT 3 1447415840919 337 3470048240722077860
HIT 3 1451710808215 338 11399063081329952553
HIT 3 1456005775511 339 10055069279838516957
HIT 3 1460300742807 340 12088127959453182435
HIT 3 1464595710103 341 10378619085147764097
HIT 3 1468890677399 342 9173560299380301836
HIT 3 1473185644695 343 3441402407074231703
HIT 3 1477480611991 344 7004142480198569606
HIT 3 1481775579287 345 12811262515692158368
HIT 3 1486070546583 346 950290626673247798
HIT 3 1490365513879 347 16679641769260379152
HIT 3 1494660481175 348 6990140284424552228
HIT 3 1498955448471 349 17224846816777822558
HIT 3 1503250415767 350 14119385336429832593
HIT 3 1507545383063 351 13050528867777444357
HIT 3 1511840350359 352 11650626580400220304
HIT 3 1516135317655 353 5797454131329162379
HIT 3 1520430284951 354 517820042772452660
HIT 3 1524725252247 355 648738264144999520
HIT 3 1529020219543 356 16237697540237090042
HIT 3 1533315186839 357 866193600631653250
HIT 3 1537610154135 358 17570223418922086223
HIT 3 1541905121431 359 15101494835753342318
HIT 3 1546200088727 360 8796406012368335713
HIT 3 1550495056023 361 3296153970780148250
HIT 3 1554790023319 362 11999334231915181470
HIT 3 1559084990615 363 14304151130902014960
HIT 3 1563379957911 364 16643477750671852205
HIT 3 1567674925207 365 13850671648193797192
HIT 3 1571969892503 366 4683843223639662111
HIT 3 1576264859799 367 1892609094667125561
HIT 3 1580559827095 368 722808323005974342
HIT 3 1584854794391 369 9429006914789515447
HIT 3 1589149761687 370 11637297316572148509
HIT 3 1593444728983 371 18040428280197605231
HIT 3 1597739696279 372 9192825056572056776
HIT 3 1602034663575 373 7583094807233713484
HIT 3 1606329630871 374 9390008513024686643
HIT 3 1610624598167 375 1184023708673911798
HIT 3 1614919565463 376 3422009378750680457
HIT 3 1619214532759 377 16796264310984527712
HIT 3 1623509500055 378 18408356484323186548
HIT 3 1627804467351 379 13509904356498437241
HIT 3 1632099434647 380 10305157619986563682
HIT 3 1636394401943 381 3561883436505145470
HIT 3 1640689369239 382 13296110054636715072
HIT 3 1644984336535 383 13996801450100482004
HIT 3 1649279303831 384 12454537002233335631
HIT 3 1653574271127 385 9367466830745246852
HIT 3 1657869238423 386 6256429054523745574
HIT 3 1662164205719 387 12664400079340753672
HIT 3 1666459173015 388 14664804014858938040
HIT 3 1670754140311 389 14258329421606890352
HIT 3 1675049107607 390 9113395228263446736
HIT 3 1679344074903 391 16620730017328449351
HIT 3 1683639042199 392 4911858539863466015
HIT 3 1687934009495 393 5379085979832579582
HIT 3 1692228976791 394 9970557704477911719
HIT 3 1696523944087 395 585354107936439465
HIT 3 1700818911383 396 6627765464257913596
HIT 3 1705113878679 397 7895463294134265508
HIT 3 1709408845975 398 2739998909505596333
HIT 3 1713703813271 399 636730009480962606
HIT 3 1717998780567 400 976905081082670549
HIT 3 1722293747863 401 4082010598986706992
HIT 3 1726588715159 402 17687521028093957347
HIT 3 1730883682455 403 1397844704320907364
HIT 3 1735178649751 404 11343137201127913600
HIT 3 1739473617047 405 9280024773869466049
HIT 3 1743768584343 406 14950759482825169110
HIT 3 1748063551639 407 8039678823256429383
HIT 3 1752358518935 408 4469229336328159965
HIT 3 1756653486231 409 12093907410776818990
HIT 3 1760948453527 410 15677976736860295966
HIT 3 1765243420823 411 823979279277502989
HIT 3 1769538388119 412 11209955323590340008
HIT 3 1773833355415 413 9655519728744064082
HIT 3 1778128322711 414 9855769998877322262
HIT 3 1782423290007 415 11554421028985362364
HIT 3 1786718257303 416 16170776166566230457
HIT 3 1791013224599 417 9968773610934967907
HIT 3 1795308191895 418 13297153424433206396
HIT 3 1799603159191 419 7668985879228297570
HIT 3 1803898126487 420 5989828323926378047
HIT 3 1808193093783 421 2155018973378759963
HIT 3 1812488061079 422 238504172219024797
HIT 3 1816783028375 423 4616331674255061430
HIT 3 1821077995671 424 2207809776976758718
HIT 3 1825372962967 425 14749231422417684633
HIT 3 1829667930263 426 14513929020455570882
HIT 3 1833962897559 427 6160915948603329014
HIT 3 1838257864855 428 14126916029097303819
HIT 3 1842552832151 429 5506241070217948555
HIT 3 1846847799447 430 8680846682416786581
HIT 3 1851142766743 431 2066288031202586668
HIT 3 1855437734039 432 8124383472689302166
HIT 3 1859732701335 433 13780484000034270039
HIT 3 1864027668631 434 2007235174206326934
HIT 3 1868322635927 435 17207027335157688445
HIT 3 1872617603223 436 1159543321674635089
HIT 3 1876912570519 437 11365157755952756298
HIT 3 1881207537815 438 2391849916490046123
HIT 3 1885502505111 439 9444219486271353540
HIT 3 1889797472407 440 1186264757431938534
HIT 3 1894092439703 441 11440286946024754185
HIT 3 1898387406999 442 7450722908393711373
HIT 3 1902682374295 443 12788548357242990005
HIT 3 1906977341591 444 4743103405965949781
HIT 3 1911272308887 445 7440518620685176074
HIT 3 1915567276183 446 426703514383803169
HIT 3 1919862243479 447 15786176022579387834
HIT 3 1924157210775 448 5786170592295029979
HIT 3 1928452178071 449 8614447271658162772
HIT 3 1932747145367 450 8491937015215251879
HIT 3 1937042112663 451 3713713583120343406
HIT 3 1941337079959 452 8410071517620157039
HIT 3 1945632047255 453 11099142377918498383
HIT 3 1949927014551 454 3443319174519067875
HIT 3 1954221981847 455 10111961776881838417
HIT 3 1958516949143 456 3592729783501720146
HIT 3 1962811916439 457 4737078647601749671
HIT 3 1967106883735 458 17995582759725586304
HIT 3 1971401851031 459 17151070171726755281
HIT 3 1975696818327 460 2813589249094486467
HIT 3 1979991785623 461 6403579214550073836
HIT 3 1984286752919 462 5546730822339388981
HIT 3 1988581720215 463 17492920989289511136
HIT 3 1992876687511 464 14318404975784944331
HIT 3 1997171654807 465 6169907581770040086
HIT 3 2001466622103 466 3397768047861870811
HIT 3 2005761589399 467 4444814516228986703
HIT 3 2010056556695 468 13827415693220524276
HIT 3 2014351523991 469 16774677604138128702
HIT 3 2018646491287 470 7548038489786695857
HIT 3 2022941458583 471 12487524743747400660
HIT 3 2027236425879 472 17878503765888837092
HIT 3 2031531393175 473 18295753540145113277
HIT 3 2035826360471 474 8379062583367352876
HIT 3 2040121327767 475 4334555968268993260
HIT 3 2044416295063 476 7914495508768082073
HIT 3 2048711262359 477 8745914316054994548
HIT 3 2053006229655 478 5773751730028149964
HIT 3 2057301196951 479 188630801296310115
HIT 3 2061596164247 480 16926345704615136052
HIT 3 2065891131543 481 8962972069734517648
HIT 3 2070186098839 482 5585403049019309855
HIT 3 2074481066135 483 13017937321193993910
HIT 3 2078776033431 484 5433346365579283931
HIT 3 2083071000727 485 13403005619224317689
HIT 3 2087365968023 486 6554126533540313444
HIT 3 2091660935319 487 16941707911469404741
HIT 3 2095955902615 488 5710936899893083908
HIT 3 2100250869911 489 6359810638357595635
HIT 3 2104545837207 490 9867020332321597570
HIT 3 2108840804503 491 15270540297060350292
HIT 3 2113135771799 492 2529162018827771051
HIT 3 2117430739095 493 2557903417834806010
HIT 3 2121725706391 494 11431932488168935852
HIT 3 2126020673687 495 5261897577223461434
HIT 3 2130315640983 496 5699163206328152789
HIT 3 2134610608279 497 11305488055627914349
HIT 3 2138905575575 498 11665657073894854701
HIT 3 2143200542871 499 14731668911701533762
HIT 3 2147495510167 500 11099251603671646997
HIT 3 2151790477463 501 13175591371165327943
HIT 3 2156085444759 502 3770086298814257637
HIT 3 2160380412055 503 15649941834115717307
HIT 3 2164675379351 504 5629027843850634389
HIT 3 2168970346647 505 2301760346998773666
HIT 3 2173265313943 506 12264766857112944062
HIT 3 2177560281239 507 2301572381546820961
HIT 3 2181855248535 508 14627298071861280963
HIT 3 2186150215831 509 10042102354299557290
HIT 3 2190445183127 510 7018356298819107376
HIT 3 2194740150423 511 4805704532640634943
HIT 3 794580877463 185 6539430776467258177
HIT 3 1606329696407 374 9331039030448552167
HIT 3 1717998846103 400 4031533529074415715
HIT 3 1997171720343 465 2854032338195663897
HIT 3 1597739827351 372 12953148331742392013
HIT 3 1606329761943 374 4125251193335140823
HIT 3 1610624729239 375 4927117444392111823
HIT 3 1614919696535 376 14634185527672104521
HIT 3 1709408977047 398 7322293390405125107
HIT 3 1717998911639 400 15461330515000031250
HIT 3 1722293878935 401 17872170183076450329
HIT 3 1726588846231 402 7067058586168577860
HIT 3 1988581851287 463 9138729080842966547
HIT 3 1992876818583 464 6636677902475374720
HIT 3 1997171785879 465 10579868286096212580
HIT 3 2005761720471 467 6446940089079540655
HIT 3 1606329827479 374 2231235727880983829
HIT 3 1717998977175 400 13233300848050441704
HIT 3 1997171851415 465 14265202584140264670
HIT 3 1606329893015 374 3151048001799075905
HIT 3 1717999042711 400 6637466733743672584
HIT 3 1997171916951 465 1613455449107746415
HIT 3 1606329958551 374 4852087131729726915
HIT 3 1717999108247 400 9898203929560284456
HIT 3 1997171982487 465 3854250164696485289
HIT 3 1606330024087 374 4246857716269839494
HIT 3 1717999173783 400 5457838968030468786
HIT 3 1997172048023 465 12665506293395895003
HIT 3 1606330089623 374 18060550902434337005
HIT 3 1717999239319 400 1944835394553055875
HIT 3 1997172113559 465 15619493972324259159
HIT 3 1606330155159 374 10900226918157685267
HIT 3 1717999304855 400 1445065897696177624
HIT 3 1997172179095 465 4028621437826451115
HIT 3 1606330220695 374 17048135118077658020
HIT 3 1717999370391 400 4581412352616205923
HIT 3 1997172244631 465 1203716880812154907
HIT 3 1606330286231 374 5962297640029539447
HIT 3 1717999435927 400 14809789712096015790
HIT 3 1718011297942 400 6687374496215581430
HIT 3 1997184172182 465 15524853082280210868
HIT 3 1709421494422 398 5008917294530678715
HIT 3 1718011429014 400 8501274908218207159
HIT 3 1722306396310 401 10668806465013418310
HIT 3 1726601363606 402 6988072965469994230
HIT 3 1988594368662 463 3273088112952681560
HIT 3 1992889335958 464 11977931500571036672
HIT 3 1997184303254 465 15143908933326432938
HIT 3 2005774237846 467 5264243755927906323
HIT 3 1614932279446 376 11318460069596902424
HIT 3 1718011494550 400 1896391360831959281
HIT 3 1997184368790 465 11711240681301319437
HIT 3 1718011560086 400 18378910901798908636
HIT 3 1997184434326 465 5910234515625324928
HIT 3 1997185876118 465 7004712162256655291
HIT 3 1988596072598 463 15967368350924468224
HIT 3 1992891039894 464 9748646665038694656
HIT 3 1997186007190 465 3975648127448319942
HIT 3 2005775941782 467 2466318624835595619
HIT 3 1726603133078 402 7521270245835111820
HIT 3 1997186072726 465 6311385514416730414
HIT 3 1997186138262 465 1129298107782797837
HIT 3 1997172310167 465 5118072255665661954
HIT 3 1606330351767 374 10465964841988662798
HIT 3 1717999501463 400 4202010368994626084
HIT 3 1997172375703 465 3658577441148781666
HIT 3 1606330417303 374 7064287794000792963
HIT 3 1717999566999 400 18168244034199531939
HIT 3 1997172441239 465 14400088490121472966
HIT 3 1606330482839 374 4647480342027842363
HIT 3 1717999632535 400 12371579352057438476
HIT 3 1997172506775 465 10190541028343125750
HIT 3 1606330548375 374 15334713142807911299
HIT 3 1717999698071 400 1518925073239291456
HIT 3 1997172572311 465 13425147532787825540
HIT 3 1606330613911 374 113385260775826402
HIT 3 1717999763607 400 10561746303197903566
HIT 3 1997172637847 465 5452511904030123605
HIT 3 1606330679447 374 9069267548033095521
HIT 3 1717999829143 400 16974650929421932040
HIT 3 1997172703383 465 2766081807408890142
HIT 3 1606330744983 374 6013323860617115608
HIT 3 1717999894679 400 5894927238492541775
HIT 3 1997172768919 465 9244426764038296254
HIT 3 1606330810519 374 1655112693603178912
HIT 3 1717999960215 400 9400682847252471582
HIT 3 1997172834455 465 17750672188945679881
HIT 3 1606330876055 374 3626578248082172494
HIT 3 1718000025751 400 4676743805840137642
HIT 3 1997172899991 465 7983270670964886613
HIT 3 1606330941591 374 6636854431627165
HIT 3 1718000091287 400 11666953587696019329
HIT 3 1997172965527 465 422373729046314613
HIT 3 1606331007127 374 221594800397370777
HIT 3 1718000156823 400 15822918414912130626
HIT 3 1997173031063 465 13105398509475652450
HIT 3 1606331072663 374 6831321752905073712
HIT 3 1718000222359 400 17847696926395098009
HIT 3 1997173096599 465 1457639525747275987
HIT 3 1606331138199 374 608149111038403994
HIT 3 1718000287895 400 244127748471750520
HIT 3 1997173162135 465 1907028192290054482
HIT 3 1606331203735 374 13951025124440143950
HIT 3 1718000353431 400 3253575629126424770
HIT 3 1997173227671 465 16958093908084183312
HIT 3 1606331269271 374 11043341019129981863
HIT 3 1718000418967 400 9138208791573672005
HIT 3 1997173293207 465 16723913836871950609
HIT 3 1606331334807 374 13104342917207096298
HIT 3 1718000484503 400 2031652287894522031
HIT 3 1997173358743 465 283734374065869313
HIT 3 1718011429011 400 10077190440287713441
HIT 3 1997184303251 465 14484878781967537705
HIT 3 2005780136086 467 13918144798819936008
HIT 3 1606331400343 374 13808332113864836242
HIT 3 1718000550039 400 13686146147534587686
HIT 3 1997173424279 465 4723966273515028779
HIT 3 1606331465879 374 6658452832347343375
HIT 3 1718000615575 400 16217738365903552927
HIT 3 1997173489815 465 10093085069847080080
HIT 3 1606331531415 374 14560560496529504686
HIT 3 1718000681111 400 14853028289107346819
HIT 3 1997173555351 465 7953020176388696396
HIT 3 1606331596951 374 9358046428748279335
HIT 3 1718000746647 400 4340727944844917901
HIT 3 1997173620887 465 2146324318817141115
HIT 3 1606331662487 374 1858849840565887858
HIT 3 1718000812183 400 17657846334498130437
HIT 3 1997173686423 465 7458111408106410301
HIT 3 1606331728023 374 1286732704090617698
HIT 3 1718000877719 400 407717162764692708
HIT 3 1997173751959 465 4477503995888512170
HIT 3 1606331793559 374 13745135866846616136
HIT 3 1718000943255 400 979641925465279512
HIT 3 1997173817495 465 5580786555707558344
HIT 3 1606331859095 374 14418294495564411061
HIT 3 1718001008791 400 11470443289131217628
HIT 3 1997173883031 465 5102621208690097030
HIT 3 1606331924631 374 3054177926135511929
HIT 3 1718001074327 400 5626955789872249949
HIT 3 1997173948567 465 12132078461711082365
HIT 3 1606331990167 374 17895276140494801697
HIT 3 1718001139863 400 16880199734897031102
HIT 3 1997174014103 465 3108460659364311498
HIT 3 1606332055703 374 6747514262388897686
HIT 3 1718001205399 400 11129084486637540652
HIT 3 1997174079639 465 8662411305978278235
HIT 3 1606332121239 374 7518807854044681480
HIT 3 1718001270935 400 6024982499639824230
HIT 3 1997174145175 465 10782836948322493314
HIT 3 1606332186775 374 12662840934229481960
HIT 3 1718001336471 400 2593703797571260231
HIT 3 1997174210711 465 11354046941038620772
HIT 3 1606332252311 374 14996237570106536048
HIT 3 1997186007187 465 12579959465038269611
HIT 3 1718001402007 400 1349177949652137070
HIT 3 1997174276247 465 10523227549546662978
HIT 3 1606332317847 374 6326987521818307878
HIT 3 1718001467543 400 2534129440492207324
HIT 3 1997174341783 465 12424888255184571020
HIT 3 1606332383383 374 7426132426671790536
HIT 3 1718001533079 400 1186091322643410975
HIT 3 777399238808 181 15499165290841396296
HIT 3 1606327926936 374 6701838943700336051
HIT 3 1717997076632 400 3267400440906673056
HIT 3 1997169950872 465 3295305902778115372
HIT 3 1997174407319 465 904541635130938260
HIT 3 1606332448919 374 2452523340575364973
HIT 3 1718001598615 400 10325323546179497359
HIT 3 1997174472855 465 1213128947317061930
HIT 3 1606332514455 374 444866455702287660
HIT 3 1718001664151 400 17192278745226304031
HIT 3 1997174538391 465 17595435449163811510
HIT 3 1606332579991 374 6690862705926323421
HIT 3 1718001729687 400 15886877315333651336
HIT 3 1997174603927 465 7022414465282989240
HIT 3 1606332645527 374 9335693372604459073
HIT 3 1718001795223 400 18142928145264109510
HIT 3 1997174669463 465 9123129028120040026
HIT 3 1606332711063 374 4581786514996849755
HIT 3 1718001860759 400 6716901215240810862
HIT 3 1997174734999 465 6388979334213988389
HIT 3 1606332776599 374 6174901163848850211
HIT 3 1718001926295 400 14668746043194070155
HIT 3 1997174800535 465 16563073046243183155
HIT 3 1606332842135 374 13851483838868391023
HIT 3 1718001991831 400 16015765939191614343
HIT 3 1997174866071 465 11765185466038720624
HIT 3 1606332907671 374 2728093387642316126
HIT 3 1718002057367 400 15650175180358433974
HIT 3 1997174931607 465 9911330154043788097
HIT 3 1606332973207 374 9129453047730705997
HIT 3 1718002122903 400 10305398677159947936
HIT 3 1997174997143 465 601245171626636967
HIT 3 1606333038743 374 12305658579757644348
HIT 3 1718002188439 400 9161731396753466841
HIT 3 1997175062679 465 14492498066415702878
HIT 3 1606333104279 374 18271416817586559427
HIT 3 1718002253975 400 1131758781776988708
HIT 3 1997175128215 465 15403271333437476115
HIT 3 1606333169815 374 9411941241191538897
HIT 3 1718002319511 400 12344701966960441950
HIT 3 1997175193751 465 18337191430362141751
HIT 3 1606333235351 374 11314874231588248257
HIT 3 1718002385047 400 17106434247592817470
HIT 3 1997175259287 465 5973189791556273996
HIT 3 1606333300887 374 17684118149698974196
HIT 3 1718002450583 400 18410662902493492568
HIT 3 1997175324823 465 17847142751211093146
HIT 3 1606333366423 374 15639451171283016090
HIT 3 1718002516119 400 1708685069437910076
HIT 3 1997175390359 465 9263580128431511762
HIT 3 1606333431959 374 4080445089055200261
HIT 3 1718002581655 400 4936307233914162760
HIT 3 1997175455895 465 14794459656114907958
HIT 3 1606333497495 374 15007533043236723792
HIT 3 1718002647191 400 18253536704629358589
HIT 3 1997175521431 465 3026986955636672923
HIT 3 1606329499801 374 23826037745295628
HIT 3 1717998649497 400 12386308073463138125
HIT 3 1997171523737 465 15028825937083084959
HIT 3 785990811801 183 15499165290841396296
HIT 3 1606329630872 374 17984190333202523645
HIT 3 1717998780568 400 16834059573061565168
HIT 3 1997171654808 465 7735366098694420741
HIT 3 1606329565337 374 12916767089981418750
HIT 3 1717998715033 400 13835301388068525344
HIT 3 1997171589273 465 13733257892595255216
HIT 3 1597739696281 372 9389908506237596043
HIT 3 1606329630873 374 17539401557084167673
HIT 3 1610624598169 375 11734701759023956610
HIT 3 1614919565465 376 1224977743435063290
HIT 3 1709408845977 398 16444924967384062299
HIT 3 1717998780569 400 14294595583727630859
HIT 3 1722293747865 401 5175047947595450521
HIT 3 1726588715161 402 4080701224001786858
HIT 3 1988581720217 463 13054098436044394505
HIT 3 1992876687513 464 1530066707618837325
HIT 3 1997171654809 465 16544210723766296235
HIT 3 2005761589401 467 2543991299995663956
HIT 3 1606329761945 374 14282225475801519712
HIT 3 1717998911641 400 2709070736624882376
HIT 3 1997171785881 465 6909892778146513014
HIT 3 1606333563031 374 16695799647677858879
HIT 3 1718002712727 400 2652742031957677213
HIT 3 1997175586967 465 1218985256266552399
HIT 3 1606333628567 374 6759086456144658215
HIT 3 1718002778263 400 18031263295840795746
HIT 3 1997175652503 465 10877353614927899193
HIT 3 1606333694103 374 3931250435987978641
HIT 3 1718002843799 400 17787394505492211383
HIT 3 1997175718039 465 1755510615015307644
HIT 3 1606333759639 374 6551816273093200621
HIT 3 1718002909335 400 17700200460004006017
HIT 3 1997175783575 465 15864272731183718145
HIT 3 1606333825175 374 6238524538467311197
HIT 3 1718002974871 400 3849737950592961040
HIT 3 1997175849111 465 6467758935265762246
HIT 3 1606333890711 374 16277422037580642468
HIT 3 1718003040407 400 8417174195814501962
HIT 3 1997175914647 465 5597990114812269172
HIT 3 1606333956247 374 8318657450992226065
HIT 3 1718003105943 400 10508662410645935357
HIT 3 1997175980183 465 15709026390442403861
HIT 3 1606334021783 374 4952983898019651238
HIT 3 1718003171479 400 11211268965710581820
HIT 3 1997176045719 465 17341970885648605623
HIT 3 1606334087319 374 11204122518078864836
HIT 3 1718003237015 400 4364814113518977042
HIT 3 1997176111255 465 5621879541556921391
HIT 3 1606334152855 374 10376464450115987090
HIT 3 1718003302551 400 14930245024440104065
HIT 3 1997176176791 465 8998881911216103931
HIT 3 1606334218391 374 11032515992569592770
HIT 3 1718003368087 400 14320584612285998806
HIT 3 1997176242327 465 5714405732047115280
HIT 3 1606334283927 374 3618671974823566610
HIT 3 1718003433623 400 15522089342217523452
HIT 3 1997176307863 465 10329671389998849437
HIT 3 1606334349463 374 1787845939390807354
HIT 3 1718003499159 400 10172482036739986750
HIT 3 1997176373399 465 1062943545416009901
HIT 3 1606334414999 374 13554057085494161451
HIT 3 1718003564695 400 10131749596430836534
HIT 3 1997176438935 465 8304092171658408854
HIT 3 1606334480535 374 11739583235129999851
HIT 3 1718003630231 400 926546310364381066
HIT 3 1997176504471 465 17869926769955804906
HIT 3 1606334546071 374 2756994959538088005
HIT 3 1718003695767 400 772770511239559277
HIT 3 1997176570007 465 5605560418638735202
HIT 3 1718011297941 400 16772735704332700990
HIT 3 1997184172181 465 4845937985695695704
HIT 3 1709421494421 398 2796603144216224679
HIT 3 1718011429013 400 6736904213057630824
HIT 3 1722306396309 401 6388761794442449845
HIT 3 1726601363605 402 16639739663026014785
HIT 3 1988594368661 463 6651053734904104390
HIT 3 1992889335957 464 2343031228531185994
HIT 3 1997184303253 465 906660522792323004
HIT 3 2005774237845 467 16242956477372675905
HIT 3 1614932279445 376 3153564792507271340
HIT 3 1718011494549 400 9168762615118163332
HIT 3 1997184368789 465 10299172267979407256
HIT 3 1718011560085 400 8748543845683784853
HIT 3 1997184434325 465 5236555696730990679
HIT 3 1997185876117 465 9954580142306123216
HIT 3 1988596072597 463 8705726279736331885
HIT 3 1992891039893 464 15598053836159008163
HIT 3 1997186007189 465 10091011142763070872
HIT 3 2005775941781 467 3702647153157245378
HIT 3 1726603133077 402 14569675299444462695
HIT 3 1997186072725 465 2292758397712536004
HIT 3 1997186138261 465 2399962203126168393
HIT 3 1606334611607 374 2612468775970738903
HIT 3 1718003761303 400 3271427579108108682
HIT 3 1997176635543 465 16068123630397570512
HIT 3 1606334677143 374 10108914879241340949
HIT 3 1718003826839 400 18091986993748743643
HIT 3 1997176701079 465 15002514720933816235
HIT 3 1606334742679 374 5269422630087487887
HIT 3 1718003892375 400 931563049690025686
HIT 3 1997176766615 465 674490900869840951
HIT 3 1606334808215 374 15651228568750056993
HIT 3 1718003957911 400 10228690839051880395
HIT 3 1997176832151 465 1363797016171490433
HIT 3 1606334873751 374 3559022911554947173
HIT 3 1718004023447 400 11444368812929336297
HIT 3 1997176897687 465 14079388607713315957
HIT 3 1606334939287 374 3084606263309128776
HIT 3 1718004088983 400 5721635963847313198
HIT 3 1997176963223 465 10217898747083328599
HIT 3 1606335004823 374 12243211919768113960
HIT 3 1718004154519 400 8103546067341650056
HIT 3 1997177028759 465 4788530139374876072
HIT 3 1606335070359 374 5021067298819413740
HIT 3 1718004220055 400 10735219973098681163
HIT 3 1997177094295 465 11337462399932813740
HIT 3 1606335135895 374 9890896740056139177
HIT 3 1718004285591 400 17350017475850768903
HIT 3 1997177159831 465 3982404445845141127
HIT 3 1606335201431 374 13682251129759034454
HIT 3 1718004351127 400 963493318978774089
HIT 3 1997177225367 465 6180781581024439270
HIT 3 1606335266967 374 11844732525804409272
HIT 3 1718004416663 400 9268193081955950097
HIT 3 1997177290903 465 11469796847254147906
HIT 3 1606335332503 374 17749594228421241552
HIT 3 1718004482199 400 4347093699459088798
HIT 3 1997177356439 465 15539874148343304330
HIT 3 1606335398039 374 14756266605560296080
HIT 3 1718004547735 400 12009060856887751446
HIT 3 1997177421975 465 14063759857348367518
HIT 3 1606335463575 374 11628053240303806228
HIT 3 1718004613271 400 8429007818444045545
HIT 3 1997177487511 465 9113387059290330813
HIT 3 1606335529111 374 14936689635263989200
HIT 3 1718004678807 400 10489957401058403187
HIT 3 1997177553047 465 13541876911057730974
HIT 3 1606335594647 374 14951259212997348219
HIT 3 1718004744343 400 10918195475727385162
HIT 3 1997177618583 465 17328032400120536452
HIT 3 1606335660183 374 14809795517301791165
HIT 3 1718004809879 400 7234885360661828368
HIT 3 1997177684119 465 7853530059929830594
HIT 3 1606335725719 374 5398295767191667503
HIT 3 1718004875415 400 11825785648435774006
HIT 3 1997177749655 465 15595752907584020068
HIT 3 1606335791255 374 5896392736873550752
HIT 3 1718004940951 400 3535221509003366725
HIT 3 1997177815191 465 15050592710764193572
HIT 3 2005780136085 467 434225367272589141
HIT 3 1606335856791 374 4867062482928432222
HIT 3 1718005006487 400 4172131197988824334
HIT 3 1997177880727 465 17704692321627570738
HIT 3 1606335922327 374 18111092819488124346
HIT 3 1718005072023 400 7855878424828051956
HIT 3 1997177946263 465 13285721086242553042
HIT 3 1606335987863 374 5134556737504355843
HIT 3 1718005137559 400 12953360781413676646
HIT 3 1997178011799 465 17590402737921901526
HIT 3 1606336053399 374 4145367787753725519
HIT 3 1718005203095 400 7283312286611148196
HIT 3 1997178077335 465 12704795185249848397
HIT 3 1606336118935 374 4332335820877836745
HIT 3 1718005268631 400 8103806802242654645
HIT 3 1997178142871 465 414471648307806213
HIT 3 1606336184471 374 5646095879362626985
HIT 3 1718005334167 400 9914189375970084359
HIT 3 1997178208407 465 16061779545589586553
HIT 3 1606336250007 374 4656394019931534580
HIT 3 1718005399703 400 11631785640844666887
HIT 3 1997178273943 465 17176492422478462077
HIT 3 1606336315543 374 14283248548840749587
HIT 3 1718005465239 400 2991639800765856515
HIT 3 1997178339479 465 3156084675369054319
HIT 3 1606336381079 374 14565361785422347430
HIT 3 1718005530775 400 3266324132128176895
HIT 3 1997178405015 465 6353187104691892064
HIT 3 1606336446615 374 3120413020267438430
HIT 3 1718005596311 400 14563942092863396250
HIT 3 1997178470551 465 3194436782215753955
HIT 3 1606336512151 374 12867616940073117537
HIT 3 1718005661847 400 5354081451088173892
HIT 3 1997178536087 465 1446911964828957853
HIT 3 1606336577687 374 6100848114414522729
HIT 3 1718005727383 400 9322338768947477790
HIT 3 1997178601623 465 3001065772576129799
HIT 3 1606336643223 374 17393000297627223041
HIT 3 1718005792919 400 16445386229577342059
HIT 3 1997178667159 465 12644758145831518068
HIT 3 1606336708759 374 4253594776069803999
HIT 3 1718005858455 400 14517451348096505908
HIT 3 1997178732695 465 10750947850496516566
HIT 3 1606336774295 374 9408044202670674464
HIT 3 1718005923991 400 3411779813893736339
HIT 3 1997178798231 465 12228660221638944471
HIT 3 1606336839831 374 14278721603036285481
HIT 3 1718005989527 400 9150723979690388253
HIT 3 1997178863767 465 15341708694745132270
HIT 3 1606336905367 374 1173551387135989371
HIT 3 1718006055063 400 7486385929235129415
HIT 3 1997178929303 465 17849565464691505270
HIT 3 1606336970903 374 17809810632349797256
HIT 3 1718006120599 400 16524800674991901331
HIT 3 1997178994839 465 729298466680083579
HIT 3 1606337036439 374 5705058061623800237
HIT 3 1718006186135 400 13855322700888487371
HIT 3 1997179060375 465 11546421061519554842
HIT 3 1606337101975 374 16764028735282953125
HIT 3 1718006251671 400 13958578957624652773
HIT 3 1997179125911 465 12731846675370624038
HIT 3 1606337167511 374 14566081703524648235
HIT 3 1718006317207 400 14553009316012689183
HIT 3 1997179191447 465 8107084174787034242
HIT 3 1606337233047 374 5225793667781991302
HIT 3 1718006382743 400 1785686142937773689
HIT 3 1997179256983 465 10129097326874127282
HIT 3 1606337298583 374 17933062758744721154
HIT 3 1718006448279 400 18354939917081980379
HIT 3 1997179322519 465 10912283271311603282
HIT 3 1606337364119 374 13501503991771370859
HIT 3 1718006513815 400 9729440295822020217
HIT 3 1997179388055 465 8455373096908585569
HIT 3 1606337429655 374 2567478290121885192
HIT 3 1718006579351 400 16743138301762640741
HIT 3 1997179453591 465 10562384922076949019
HIT 3 1606337495191 374 5026085316711063185
HIT 3 1718006644887 400 1635228068656024873
HIT 3 1997179519127 465 18144182344262156041
HIT 3 1606337560727 374 16023768795552499485
HIT 3 1718006710423 400 4465413516755493275
HIT 3 1997179584663 465 16947705014074755004
HIT 3 1606337626263 374 10114531140332698369
HIT 3 1718006775959 400 4635858685607604653
HIT 3 1997179650199 465 1231115835985254173
HIT 3 1606337691799 374 6070246148719643263
HIT 3 1718006841495 400 17288313493605193657
HIT 3 1997179715735 465 1865650444241255054
HIT 3 1606337757335 374 9870139996440019542
HIT 3 1718006907031 400 3768279142413002454
HIT 3 1997179781271 465 10727454153820815123
HIT 3 1606337822871 374 16934258759625918360
HIT 3 1718006972567 400 7543469183680919269
HIT 3 1997179846807 465 9089868751384085617
HIT 3 1606337888407 374 3511069147447460762
HIT 3 1718007038103 400 9495776591149952897
HIT 3 1997179912343 465 16592466542563511368
HIT 3 1606337953943 374 13669302083534513561
HIT 3 1718007103639 400 13097551651639029518
HIT 3 1997179977879 465 5025499763923370230
HIT 3 1606338019479 374 13445445689690230213
HIT 3 1718007169175 400 3175175414542729310
HIT 3 1997180043415 465 1699650134756619193
HIT 3 1606338085015 374 13019403693465578067
HIT 3 1718007234711 400 10707450723672554476
HIT 3 1997180108951 465 16075730836719274632
HIT 3 1606338150551 374 4280441595375379474
HIT 3 1718007300247 400 3310573040116317392
HIT 3 1997180174487 465 10555739786796848345
HIT 3 1606338216087 374 10243068751721128053
HIT 3 1718007365783 400 12230003888844600450
HIT 3 1997180240023 465 8734915389676080008
HIT 3 1606338281623 374 8045731564224178100
HIT 3 1718007431319 400 15213105299883485811
HIT 3 1997180305559 465 2139681198941002493
HIT 3 1606329630874 374 12407361093412612257
HIT 3 1717998780570 400 13383854656576464803
HIT 3 1997171654810 465 5754528031224272863
HIT 3 1606338347159 374 749716276753739176
HIT 3 1718007496855 400 9542582930329280084
HIT 3 1997180371095 465 17840786394482425093
HIT 3 1606338412695 374 7205457179541236872
HIT 3 1718007562391 400 15398057821766434288
HIT 3 1997180436631 465 7836835820490919607
HIT 3 1606338478231 374 9984519189863408657
HIT 3 1718007627927 400 394582289411294030
HIT 3 1997180502167 465 9530808382034470581
HIT 3 1606338543767 374 18125107258458803310
HIT 3 1718007693463 400 5642188555241853039
HIT 3 1997180567703 465 1995331601765781360
HIT 3 1606338609303 374 5274063076680869690
HIT 3 1718007758999 400 5203849923606559067
HIT 3 1997180633239 465 16304646738019660127
HIT 3 1606338674839 374 15187538828679986762
HIT 3 1718007824535 400 4158335857331972298
HIT 3 1997180698775 465 9746438088064028330
HIT 3 1606338740375 374 5411186826962437583
HIT 3 1718007890071 400 10912804293024464566
HIT 3 1997180764311 465 1080892199701958677
HIT 3 1606338805911 374 12924135424993222824
HIT 3 1718007955607 400 8020271291081513124
HIT 3 1997180829847 465 7321088264113736816
HIT 3 1606338871447 374 9286565676887106182
HIT 3 1718008021143 400 15491500832943490641
HIT 3 1997180895383 465 16950130045943926094
HIT 3 1606338936983 374 318276462658566561
HIT 3 1718008086679 400 10079218662668262432
HIT 3 1997180960919 465 4275219482074727870
HIT 3 1606339002519 374 7767447054259149802
HIT 3 1718008152215 400 18268658145355414970
HIT 3 1997181026455 465 12101305473531067052
HIT 3 1606339068055 374 3195371691872754059
HIT 3 1718008217751 400 14420307340816732698
HIT 3 1997181091991 465 2864489259298292247
HIT 3 1606339133591 374 10632999292593292869
HIT 3 1718008283287 400 7525541381067554562
HIT 3 1997181157527 465 12128077046239023414
HIT 3 1606339199127 374 9550099725833564444
HIT 3 1718008348823 400 5688928923319635787
HIT 3 1997181223063 465 17472810163465189265
HIT 3 1606339264663 374 5492313881270124562
HIT 3 1718008414359 400 11113690713325915079
HIT 3 1997181288599 465 4613833407319638414
HIT 3 1606339330199 374 7312811473789826540
HIT 3 1718008479895 400 5610907439650369799
HIT 3 1997181354135 465 6796829494343035126
HIT 3 1606339395735 374 6415910838572961788
HIT 3 1718008545431 400 2291829793002153063
HIT 3 1997181419671 465 15144833737390957932
HIT 3 1606339461271 374 8407232635205632250
HIT 3 1718008610967 400 927891890439384924
HIT 3 1997181485207 465 16389544424211058518
HIT 3 1606339526807 374 3176274935156887600
HIT 3 1718008676503 400 12550942259856602596
HIT 3 1997181550743 465 10075701051228545147
HIT 3 1606339592343 374 8998360186944203399
HIT 3 1718008742039 400 11382759906571811659
HIT 3 1997181616279 465 16212787481036180443
HIT 3 1606339657879 374 17133447234754215349
HIT 3 1718008807575 400 14291378346519017271
HIT 3 1997181681815 465 1402308787790956318
HIT 3 1606339723415 374 11801887736563364633
HIT 3 1718008873111 400 5578884511014717803
HIT 3 1997181747351 465 15993872186531378258
HIT 3 1606339788951 374 12330383881783119169
HIT 3 1718008938647 400 17806408682419971053
HIT 3 1997181812887 465 8779986209708683367
HIT 3 1606339854487 374 14260091533464133997
HIT 3 1718009004183 400 1563805145257304597
HIT 3 1997181878423 465 12504117745291614207
HIT 3 1606339920023 374 5438347599855447461
HIT 3 1718009069719 400 10026208224096867572
HIT 3 1997181943959 465 14938059498603287993
HIT 3 1606339985559 374 13805597634733098128
HIT 3 1718009135255 400 16862582860820985008
HIT 3 1997182009495 465 15420973772314742800
HIT 3 1606340051095 374 17522831732843928306
HIT 3 1718009200791 400 3654789295392777781
HIT 3 1718011297945 400 3732275304225851664
HIT 3 1997184172185 465 7878673275710929461
HIT 3 1709421494425 398 10345728371832524305
HIT 3 1718011429017 400 15249459336709782074
HIT 3 1722306396313 401 6979497273678549185
HIT 3 1726601363609 402 8360091133810084991
HIT 3 1988594368665 463 17570001646423456599
HIT 3 1992889335961 464 15796147844136013577
HIT 3 1997184303257 465 6038712508863310611
HIT 3 2005774237849 467 8243538263034369829
HIT 3 1614932279449 376 6701838943700336051
HIT 3 1718011494553 400 1690891481281207189
HIT 3 1997184368793 465 10763411797659429503
HIT 3 1718011560089 400 15116673023872194104
HIT 3 1997184434329 465 1694533149032167125
HIT 3 1997182075031 465 12045590516243322299
HIT 3 1606340116631 374 14468100377100880098
HIT 3 1718009266327 400 6477435086555405276
HIT 3 1997182140567 465 13398483295929126645
HIT 3 1606340182167 374 8673318626528887699
HIT 3 1718009331863 400 2930924188733507667
HIT 3 1997182206103 465 13739521402951336756
HIT 3 1606340247703 374 15772113979918899764
HIT 3 1718009397399 400 1674177498762294412
HIT 3 1997182271639 465 8126339587413366476
HIT 3 1606340313239 374 8516260998087050946
HIT 3 1718009462935 400 13371040147347967787
HIT 3 1997182337175 465 13401743933467831442
HIT 3 1606340378775 374 7796664906487653355
HIT 3 1718009528471 400 1569167852678411235
HIT 3 1997182402711 465 9263174302435652675
HIT 3 1606340444311 374 17274022103930765009
HIT 3 1718009594007 400 8574413376659200072
HIT 3 1997182468247 465 5114916524506759807
HIT 3 1606340509847 374 14548095192066120658
HIT 3 1718009659543 400 1903865037594184889
HIT 3 1997182533783 465 2015355338901185019
HIT 3 1606340575383 374 14716268723824408158
HIT 3 1718009725079 400 13674519576600702406
HIT 3 1997182599319 465 7552965149123264443
HIT 3 1606340640919 374 5306372021599862773
HIT 3 1718009790615 400 17710524906850210990
HIT 3 1997182664855 465 7328704219351109851
HIT 3 1606340706455 374 4003167120805813261
HIT 3 1718009856151 400 17362625997736708076
HIT 3 1997182730391 465 6079922248649794147
HIT 3 1606340771991 374 15794508140438953895
HIT 3 1718009921687 400 15171739201833797285
HIT 3 1997182795927 465 9357793129424996144
HIT 3 1606340837527 374 3806832106517286433
HIT 3 1718009987223 400 7121601546662545858
HIT 3 1997182861463 465 2072729747848291321
HIT 3 1606340903063 374 10911767340547921338
HIT 3 1718010052759 400 11073980720361339150
HIT 3 1997182926999 465 9247849534433818361
HIT 3 1606340968599 374 12971851264533767132
HIT 3 1718010118295 400 13120723379860427990
HIT 3 1997182992535 465 8424443976654565307
HIT 3 1606341034135 374 2625192961304728916
HIT 3 1718010183831 400 15564613198378088055
HIT 3 1997183058071 465 15390789570610716940
HIT 3 1606341099671 374 6609565884538281505
HIT 3 1718010249367 400 2456570429019364830
HIT 3 1997183123607 465 18312376450986795530
HIT 3 1606341165207 374 15209780981734094817
HIT 3 1718010314903 400 15563486471454046334
HIT 3 1997183189143 465 9154947513061498334
HIT 3 1606341230743 374 8406983300936177350
HIT 3 1718010380439 400 6859486859187247441
HIT 3 1997183254679 465 14346593648634959461
HIT 3 1606341296279 374 11912513560693201445
HIT 3 1718010445975 400 3839165804020836104
HIT 3 1997183320215 465 979493891787910074
HIT 3 1606341361815 374 6235452187342197479
HIT 3 1718010511511 400 7007030117162093569
HIT 3 1997183385751 465 16960253998397436411
HIT 3 1606341427351 374 6913509534714790193
HIT 3 1718010577047 400 1042619489429255294
HIT 3 1997183451287 465 13242435984188743737
HIT 3 1606341492887 374 14766975380497320342
HIT 3 1718010642583 400 5980859778696449536
HIT 3 1997183516823 465 7609384964661080030
HIT 3 1606341558423 374 17907189161048143635
HIT 3 1718010708119 400 15139429965035306296
HIT 3 1997183582359 465 10875808029598407909
HIT 3 1606341623959 374 17013733055465935732
HIT 3 1718010773655 400 6628127138495945902
HIT 3 1997183647895 465 11959489214908952089
HIT 3 1606341689495 374 3520862267945798868
HIT 3 1718010839191 400 7072619083208665842
HIT 3 1997183713431 465 2015173488358279406
HIT 3 1606341755031 374 11487803921863326304
HIT 3 1718010904727 400 14541372034380616395
HIT 3 1997183778967 465 10349188318866661180
HIT 3 1606341820567 374 7494197088891408957
HIT 3 1718010970263 400 14946124962206153726
HIT 3 1997183844503 465 10162330864084487658
HIT 3 1606341886103 374 6606552530917053234
HIT 3 1718011035799 400 18022095260975623067
HIT 3 1997183910039 465 11668148117339746266
HIT 3 1606341951639 374 9302830261037168106
HIT 3 1718011101335 400 15539547556988726413
HIT 3 1997183975575 465 2879877960710567063
HIT 3 1597752082583 372 6766740215811316467
HIT 3 1606342017175 374 14491334662936851477
HIT 3 1718011166871 400 16007958091476342126
HIT 3 1997184041111 465 2067861235767272385
HIT 3 1606342082711 374 6766740215811316467
HIT 3 1718011232407 400 13515033907377112337
HIT 3 1997184106647 465 3859016442077805817
HIT 3 1606342148247 374 10753492473419858783
HIT 3 1709421363351 398 16004070544318128636
HIT 3 1718011297943 400 13270223103630034553
HIT 3 1722306265239 401 14473134145855626184
HIT 3 1726601232535 402 1255573203685408281
HIT 3 1988594237591 463 3017314395940060198
HIT 3 1992889204887 464 11166938072416882869
HIT 3 1997185876121 465 13666869586851375711
HIT 3 1988596072601 463 13038843154735946732
HIT 3 1992891039897 464 8797132479061075703
HIT 3 1997186007193 465 14039254125855543171
HIT 3 2005775941785 467 288745165742006887
HIT 3 1726603133081 402 3267400440906673056
HIT 3 1997186072729 465 2093769504365735887
HIT 3 1997186138265 465 3432599224005684805
HIT 3 2005780136089 467 3295305902778115372
HIT 3 1997184172183 465 4126655454546808172
HIT 3 2005774106775 467 7348783865912123651
HIT 3 1606342213783 374 3742142698597683894
HIT 3 1614932148375 376 10753492473419858783
HIT 3 1718011363479 400 11981852171301484089
HIT 3 1997184237719 465 6982726835449242959
HIT 3 1614932213911 376 16062900465408150120
HIT 3 1619227181207 377 13920808399804688890
HIT 3 1623522148503 378 7424593810297237613
HIT 3 1627817115799 379 7540935824401208050
HIT 3 1632112083095 380 14441875511203365488
HIT 3 1636407050391 381 17358708935773839811
HIT 3 1640702017687 382 10322265637123815124
HIT 3 1644996984983 383 11661254115884008903
HIT 3 1649291952279 384 17524950119836775833
HIT 3 1653586919575 385 16751602827765760292
HIT 3 1657881886871 386 14535875324577842303
HIT 3 1662176854167 387 7020429143378510710
HIT 3 1666471821463 388 4284196482129822775
HIT 3 1670766788759 389 10411332073903587796
HIT 3 1675061756055 390 12245942182572360812
HIT 3 1679356723351 391 13199565297002205705
HIT 3 1683651690647 392 14671375001171102818
HIT 3 1687946657943 393 15565431871168837715
HIT 3 1692241625239 394 6447928492090435479
HIT 3 1696536592535 395 4298485839941218666
HIT 3 1700831559831 396 8657618790765170064
HIT 3 1705126527127 397 15479600759416919439
HIT 3 1709421494423 398 12733786801641131033
HIT 3 1713716461719 399 2735182636436257179
HIT 3 1718011429015 400 4088580739517391023
HIT 3 1722306396311 401 15687315345301135332
HIT 3 1726601363607 402 10027707167470145271
HIT 3 1730896330903 403 13556419230337812584
HIT 3 1735191298199 404 16372153320003277098
HIT 3 1739486265495 405 13807284606581867821
HIT 3 1743781232791 406 16088356294146613174
HIT 3 1748076200087 407 5955071891387396079
HIT 3 1752371167383 408 10458597037257003663
HIT 3 1756666134679 409 10306780790773346949
HIT 3 1760961101975 410 9984925258882961060
HIT 3 1765256069271 411 17256157152641486479
HIT 3 1769551036567 412 16774919415504072332
HIT 3 1773846003863 413 17362399128146729142
HIT 3 1778140971159 414 7618174599631551419
HIT 3 1782435938455 415 3451965970629821252
HIT 3 1786730905751 416 2916965054218529539
HIT 3 1791025873047 417 7468042056345511566
HIT 3 1795320840343 418 837493366713634948
HIT 3 1799615807639 419 18158101713055973271
HIT 3 1803910774935 420 810530114532719133
HIT 3 1808205742231 421 10851752214856405030
HIT 3 1812500709527 422 8643413159613274109
HIT 3 1816795676823 423 9760169030288396691
HIT 3 1821090644119 424 14264415502314156780
HIT 3 1825385611415 425 17946939065815444670
HIT 3 1829680578711 426 9862465293149510632
HIT 3 1833975546007 427 12866164851832157939
HIT 3 1838270513303 428 5532348050400105218
HIT 3 1842565480599 429 11510706058253376989
HIT 3 1846860447895 430 8504649668140526941
HIT 3 1851155415191 431 3888564451344649304
HIT 3 1855450382487 432 397476798068111204
HIT 3 1859745349783 433 5788334577271898465
HIT 3 1864040317079 434 8215113767929463324
HIT 3 1868335284375 435 2780967660189989622
HIT 3 1872630251671 436 17996255526435325389
HIT 3 1876925218967 437 14606193553452175855
HIT 3 1881220186263 438 11098671814252069230
HIT 3 1885515153559 439 7372885193016524083
HIT 3 1889810120855 440 9935433570291071713
HIT 3 1894105088151 441 1691874313237414073
HIT 3 1898400055447 442 3234695529776983362
HIT 3 1902695022743 443 6282708534426984100
HIT 3 1906989990039 444 9754401723791485067
HIT 3 1911284957335 445 16217170861923704523
HIT 3 1915579924631 446 11322515843024734969
HIT 3 1919874891927 447 11550957489958647056
HIT 3 1924169859223 448 13621920284297051181
HIT 3 1928464826519 449 6482962260650608711
HIT 3 1932759793815 450 4172017176129148727
HIT 3 1937054761111 451 814839471356136942
HIT 3 1941349728407 452 160624600523024737
HIT 3 1945644695703 453 17298359279278788567
HIT 3 1949939662999 454 15216843568692458552
HIT 3 1954234630295 455 14679038357780875440
HIT 3 1958529597591 456 13342794952627434175
HIT 3 1962824564887 457 9418084347198039826
HIT 3 1967119532183 458 14805643447159913953
HIT 3 1971414499479 459 9466555854050512039
HIT 3 1975709466775 460 13585539774925859666
HIT 3 1980004434071 461 14204037897200141907
HIT 3 1984299401367 462 6291732135597631621
HIT 3 1988594368663 463 15762590493531724532
HIT 3 1992889335959 464 9414381558097205276
HIT 3 1997184303255 465 1442934240325377219
HIT 3 2001479270551 466 12464855010420114198
HIT 3 2005774237847 467 10424778359596945595
HIT 3 2010069205143 468 11265160665184685699
HIT 3 2014364172439 469 5478839534122978279
HIT 3 2018659139735 470 2586338749891436392
HIT 3 2022954107031 471 3380636598086778600
HIT 3 2027249074327 472 1510802999839811762
HIT 3 2031544041623 473 15042891641089943813
HIT 3 2035839008919 474 14208036616869587689
HIT 3 2040133976215 475 9309575280044722000
HIT 3 2044428943511 476 6287522794120095588
HIT 3 2048723910807 477 4569720475180448327
HIT 3 2053018878103 478 4773000729352173882
HIT 3 2057313845399 479 6574078541792591309
HIT 3 2061608812695 480 5286482745447328836
HIT 3 2065903779991 481 11304311859455151719
HIT 3 2070198747287 482 2426867030912708808
HIT 3 2074493714583 483 4249708930337474115
HIT 3 2078788681879 484 7018049441212488191
HIT 3 2083083649175 485 7570577242700653614
HIT 3 2087378616471 486 8594033261777575089
HIT 3 2091673583767 487 15477987997707149749
HIT 3 2095968551063 488 7612630352885014293
HIT 3 2100263518359 489 9160405080152872510
HIT 3 2104558485655 490 8047588613193337855
HIT 3 2108853452951 491 15179244839696695030
HIT 3 2113148420247 492 6031448302024566945
HIT 3 2117443387543 493 4036580556501151139
HIT 3 2121738354839 494 5864035626383813746
HIT 3 2126033322135 495 4010715199222979519
HIT 3 2130328289431 496 12207633947157789843
HIT 3 2134623256727 497 17063531851014071088
HIT 3 2138918224023 498 11622390240117326155
HIT 3 2143213191319 499 5356182034287771584
HIT 3 2147508158615 500 4300076135029597508
HIT 3 2151803125911 501 11205396427294077893
HIT 3 2156098093207 502 15946659040714815316
HIT 3 2160393060503 503 3871539139570469256
HIT 3 2164688027799 504 15312872676069818455
HIT 3 2168982995095 505 8655816653926168486
HIT 3 2173277962391 506 16269261070686830562
HIT 3 2177572929687 507 13252364647045985701
HIT 3 2181867896983 508 12920794870992921819
HIT 3 2186162864279 509 17688031065998630335
HIT 3 2190457831575 510 8575064353265266833
HIT 3 2194752798871 511 13577602387739084976
HIT 3 1614932279447 376 8684367193501878839
HIT 3 1619227246743 377 7540935824401208050
HIT 3 1623522214039 378 16062900465408150120
HIT 3 1709421559959 398 5026651128952124793
HIT 3 1718011494551 400 701502678400162006
HIT 3 1722306461847 401 16384734252915703844
HIT 3 1726601429143 402 1988114016573042448
HIT 3 1988594434199 463 4566511638752838319
HIT 3 1992889401495 464 8254522882294630978
HIT 3 1997184368791 465 7423729840825921052
HIT 3 2005774303383 467 9743549570837542263
HIT 3 1709421625495 398 14066506744105296790
HIT 3 1718011560087 400 14651409900151420493
HIT 3 1722306527383 401 5248405488691389216
HIT 3 1726601494679 402 6446940089079540655
HIT 3 1988594499735 463 3348417256265568722
HIT 3 1992889467031 464 12240758975328054004
HIT 3 1997184434327 465 1608272285389136387
HIT 3 2005774368919 467 7067058586168577860
HIT 3 1623522345111 378 14340935445289513482
HIT 3 1718011625623 400 8447512697820270082
HIT 3 1997184499863 465 5765330077565053979
HIT 3 1718011691159 400 10899283124368772982
HIT 3 1997184565399 465 13104880362708086026
HIT 3 1718011756695 400 1747463615362796852
HIT 3 1997184630935 465 17861040998729454411
HIT 3 1718011822231 400 16545875206197835655
HIT 3 1997184696471 465 17872641841958621278
HIT 3 1718011887767 400 12659938363887445305
HIT 3 1997184762007 465 10460306424867034713
HIT 3 1718011953303 400 10840424599460158729
HIT 3 1997184827543 465 13578591206262918310
HIT 3 1718012018839 400 5918682574643533643
HIT 3 1997184893079 465 17166377711297011116
HIT 3 1718012084375 400 8260651417782897136
HIT 3 1997184958615 465 3027334920027003356
HIT 3 1718012149911 400 5177842872832504132
HIT 3 1997185024151 465 5409668965024760994
HIT 3 1718012215447 400 6556288780653915844
HIT 3 1997185089687 465 7687810426904505305
HIT 3 1718012280983 400 16696415024805720117
HIT 3 1997185155223 465 212131756786220009
HIT 3 1718012346519 400 10519606916370658815
HIT 3 1997185220759 465 12026892189960701607
HIT 3 1718012412055 400 15018840441432672650
HIT 3 1997185286295 465 971860458065916711
HIT 3 1718012477591 400 1815511161220993799
HIT 3 1997185351831 465 18267704806516363972
HIT 3 1718012543127 400 1701354672853819264
HIT 3 1997185417367 465 6159895102568086415
HIT 3 1718012608663 400 17967545967538404461
HIT 3 1997185482903 465 10960690729759599617
HIT 3 1718012674199 400 8157715338126570693
HIT 3 1997185548439 465 15121459297391855716
HIT 3 1718012739735 400 5790504423180953497
HIT 3 1997185613975 465 1071158066656494628
HIT 3 1718012805271 400 10839678544494345413
HIT 3 1997185679511 465 18092922272028049342
HIT 3 1709422936215 398 9566512379921594103
HIT 3 1718012870807 400 11331191363527372379
HIT 3 1997185745047 465 12669941565006626121
HIT 3 1718012936343 400 9566512379921594103
HIT 3 1997185810583 465 2413412604155008207
HIT 3 1718013001879 400 2314924680559618263
HIT 3 1988595941527 463 14271610486689658916
HIT 3 1992890908823 464 1303439237760575665
HIT 3 1997185876119 465 9662029538187484347
HIT 3 2005775810711 467 11678962310363419912
HIT 3 1718013067415 400 5816849376531516296
HIT 3 1726603002007 402 2314924680559618263
HIT 3 1997185941655 465 16668079651619470293
HIT 3 1726603067543 402 15913595291062477622
HIT 3 1730898034839 403 10587721084596392414
HIT 3 1735193002135 404 7670820587483390746
HIT 3 1739487969431 405 3935123774273461232
HIT 3 1743782936727 406 14880239727199045782
HIT 3 1748077904023 407 14791312831839875494
HIT 3 1752372871319 408 17432583524731685731
HIT 3 1756667838615 409 6930913757444882250
HIT 3 1760962805911 410 5183597264636906673
HIT 3 1765257773207 411 15207105791022844822
HIT 3 1769552740503 412 16801292087216805807
HIT 3 1773847707799 413 7752659173952329578
HIT 3 1778142675095 414 10243967877485119964
HIT 3 1782437642391 415 14050584780912555332
HIT 3 1786732609687 416 12422437023692714767
HIT 3 1791027576983 417 17923662695390111581
HIT 3 1795322544279 418 7165701723969194953
HIT 3 1799617511575 419 18019797918011846996
HIT 3 1803912478871 420 4120335241967804977
HIT 3 1808207446167 421 10507940075723160116
HIT 3 1812502413463 422 14621113341570164287
HIT 3 1816797380759 423 15442806033864485016
HIT 3 1821092348055 424 15774574945123139047
HIT 3 1825387315351 425 14040615770827123867
HIT 3 1829682282647 426 6289584077187247411
HIT 3 1833977249943 427 11587221180083090993
HIT 3 1838272217239 428 18299712710189838294
HIT 3 1842567184535 429 6354817727198804334
HIT 3 1846862151831 430 16494920416228451918
HIT 3 1851157119127 431 3232430317737080323
HIT 3 1855452086423 432 16851526355442645886
HIT 3 1859747053719 433 18013844785314203938
HIT 3 1864042021015 434 15147692077350510838
HIT 3 1868336988311 435 10975905207275842189
HIT 3 1872631955607 436 2375841614296761318
HIT 3 1876926922903 437 7525137411623941001
HIT 3 1881221890199 438 10906381942749409715
HIT 3 1885516857495 439 7928478153101117251
HIT 3 1889811824791 440 3390988488680946431
HIT 3 1894106792087 441 5043265933228349962
HIT 3 1898401759383 442 18067895415808073908
HIT 3 1902696726679 443 4832888999905641402
HIT 3 1906991693975 444 15819938720992144290
HIT 3 1911286661271 445 13889787780767000731
HIT 3 1915581628567 446 8688455502182038197
HIT 3 1919876595863 447 7408504197008604536
HIT 3 1924171563159 448 12114396308773247380
HIT 3 1928466530455 449 15205881605641222207
HIT 3 1932761497751 450 6465440557199492609
HIT 3 1937056465047 451 14023443010094150809
HIT 3 1941351432343 452 14278337550501869300
HIT 3 1945646399639 453 8604009641302036412
HIT 3 1949941366935 454 807882251816030545
HIT 3 1954236334231 455 10413190402045686213
HIT 3 1958531301527 456 6307711915786946753
HIT 3 1962826268823 457 11429497837691658161
HIT 3 1967121236119 458 17457862386267770186
HIT 3 1971416203415 459 317456274872152731
HIT 3 1975711170711 460 4363994294770139359
HIT 3 1980006138007 461 9079570995351141514
HIT 3 1984301105303 462 11081504364322905200
HIT 3 1988596072599 463 2151161226713076795
HIT 3 1992891039895 464 3890548641128881801
HIT 3 1997186007191 465 7985586674671460592
HIT 3 2001480974487 466 10030113933776139270
HIT 3 2005775941783 467 8450322078058619314
HIT 3 2010070909079 468 1008648220251851231
HIT 3 2014365876375 469 265277117284121465
HIT 3 2018660843671 470 6766612624644225283
HIT 3 2022955810967 471 693274756193425961
HIT 3 2027250778263 472 10948951591693871303
HIT 3 2031545745559 473 12602885963901698895
HIT 3 2035840712855 474 225767458052886917
HIT 3 2040135680151 475 8937147862772583708
HIT 3 2044430647447 476 17384953270810094455
HIT 3 2048725614743 477 4468746501053516273
HIT 3 2053020582039 478 13221385385043391245
HIT 3 2057315549335 479 12209123688094638127
HIT 3 2061610516631 480 17956954638550608105
HIT 3 1606329630875 374 14362529885778828495
HIT 3 2065905483927 481 12975879514012505151
HIT 3 2070200451223 482 9469883472935582434
HIT 3 2074495418519 483 15473733674592980268
HIT 3 2078790385815 484 12485122392640366561
HIT 3 2083085353111 485 15828676023391997200
HIT 3 1717998780571 400 3213046840192597328
HIT 3 2087380320407 486 7860634213976771890
HIT 3 2091675287703 487 2443660247918283669
HIT 3 2095970254999 488 10580787581851635735
HIT 3 2100265222295 489 14854047474725160265
HIT 3 2104560189591 490 4600081801536857761
HIT 3 2108855156887 491 5367024004975059661
HIT 3 2113150124183 492 17239210294254888682
HIT 3 2117445091479 493 12481286247261806149
HIT 3 2121740058775 494 17972720127401614111
HIT 3 2126035026071 495 6374374830580128121
HIT 3 2130329993367 496 18093597622878996605
HIT 3 1997171654811 465 10766026326602265534
HIT 3 2134624960663 497 8217200986635041676
HIT 3 2138919927959 498 6716723031155424434
HIT 3 2143214895255 499 16467860083661198648
HIT 3 2147509862551 500 2850023234057380670
HIT 3 2151804829847 501 16817826958169057342
HIT 3 2156099797143 502 6141082791621989440
HIT 3 2160394764439 503 14773975283298213394
HIT 3 2164689731735 504 9254510811340568655
HIT 3 2168984699031 505 430013606944317019
HIT 3 2173279666327 506 4956025078904057871
HIT 3 2177574633623 507 2691773782125600329
HIT 3 2181869600919 508 3193294322872661501
HIT 3 2186164568215 509 571598412836749807
HIT 3 2190459535511 510 3980709715355383074
HIT 3 2194754502807 511 5085916526758951224
HIT 3 1726603133079 402 13314215572325796265
HIT 3 1730898100375 403 3935123774273461232
HIT 3 1735193067671 404 15913595291062477622
HIT 3 1988596138135 463 2984316120313518873
HIT 3 1992891105431 464 14947843658591918544
HIT 3 1997186072727 465 5312344632903509694
HIT 3 2005776007319 467 292797775091776210
HIT 3 1988596203671 463 9729049108025315364
HIT 3 1992891170967 464 10713706763216253539
HIT 3 1997186138263 465 5786493209576204848
HIT 3 2005776072855 467 14634185527672104521
HIT 3 1735193198743 404 389671953395396374
HIT 3 1997186203799 465 9181542417177746924
HIT 3 1997186269335 465 3763677045264181076
HIT 3 1997186334871 465 11859636930465601932
HIT 3 1997186400407 465 17431069226970504746
HIT 3 1997186465943 465 17497292718450593877
HIT 3 1997186531479 465 7632244510178724522
HIT 3 1997186597015 465 11427964008730777008
HIT 3 1997186662551 465 10363164053842507512
HIT 3 1997186728087 465 4104172829862783145
HIT 3 1997186793623 465 15345404150019733174
HIT 3 1997186859159 465 13638058820068094318
HIT 3 1997186924695 465 2098859428826191702
HIT 3 1997186990231 465 2988095868655077654
HIT 3 1997187055767 465 18282668009598117779
HIT 3 1997187121303 465 2121831001712367577
HIT 3 1997187186839 465 2138043895488338683
HIT 3 1997187252375 465 18323568836141423661
HIT 3 1997187317911 465 14517905086925796987
HIT 3 1997187383447 465 6827339988996603073
HIT 3 1997187448983 465 18250319448884490510
HIT 3 1997187514519 465 6235857178543416176
HIT 3 1997187580055 465 12460908667299706274
HIT 3 1997187645591 465 14264818417891439368
HIT 3 1997187711127 465 16545470835725397675
HIT 3 1997187776663 465 10764778303667902218
HIT 3 1997187842199 465 8249626623797815489
HIT 3 1997187907735 465 13814482072686645752
HIT 3 1997187973271 465 3356427846414872647
HIT 3 1997188038807 465 13083381047386089984
HIT 3 1997188104343 465 8022271531823459370
HIT 3 1997188169879 465 674919239334596725
HIT 3 1997188235415 465 409799718336204169
HIT 3 1997188300951 465 15285561994925943311
HIT 3 1997188366487 465 9174883377854703098
HIT 3 1997188432023 465 3615302590492565467
HIT 3 1997188497559 465 9451998337345468988
HIT 3 1997188563095 465 855414710386539644
HIT 3 1997188628631 465 9700689560245938604
HIT 3 1997188694167 465 8057730648177538921
HIT 3 1997188759703 465 6414663090777464230
HIT 3 1997188825239 465 16434600506037304245
HIT 3 1997188890775 465 15252889989274110570
HIT 3 1997188956311 465 6840737192888500279
HIT 3 1997189021847 465 8049542161290641025
HIT 3 1997189087383 465 8965535573023288368
HIT 3 1997189152919 465 16121728341129055459
HIT 3 1997189218455 465 13100564359684154348
HIT 3 1997189283991 465 12019987030924252318
HIT 3 1997189349527 465 14751606810003992929
HIT 3 1997189415063 465 13898985922522601259
HIT 3 1997189480599 465 17460444818372811047
HIT 3 1997189546135 465 9262273583444493411
HIT 3 1997189611671 465 12065746820182194381
HIT 3 1997189677207 465 16049532334787398991
HIT 3 1997189742743 465 11261078361347171836
HIT 3 1997189808279 465 12602414158968418934
HIT 3 1997189873815 465 15714013328427335928
HIT 3 1997189939351 465 12581766456415682826
HIT 3 1988600070295 463 12581766456415682826
HIT 3 1997190004887 465 2572900554828865679
HIT 3 1997190070423 465 11138959875952512519
HIT 3 2005780005015 467 14714069985147723267
HIT 3 1997190135959 465 14714069985147723267
HIT 3 2001485168791 466 16727184616386589823
HIT 3 2005780136087 467 1064159681505951454
HIT 3 2014370070679 469 14087573490947728942
HIT 3 2001485234327 466 7418853577964529182
HIT 3 2005780201623 467 14087573490947728942
HIT 3 2010075168919 468 16727184616386589823
HIT 3 2014370136215 469 11311980868006015241
HIT 3 2018665103511 470 6453786764539121102
HIT 3 2022960070807 471 12559817603446179757
HIT 3 2027255038103 472 6214226408563662528
HIT 3 2031550005399 473 2491545138998754874
HIT 3 2035844972695 474 14685793661227012243
HIT 3 2040139939991 475 13390003455497270424
HIT 3 2044434907287 476 8943165083376563731
HIT 3 2048729874583 477 16046934386048905515
HIT 3 2053024841879 478 6591720007146951697
HIT 3 2057319809175 479 14848701968339155187
HIT 3 2061614776471 480 367510411134456691
HIT 3 2065909743767 481 15216261899337784908
HIT 3 2070204711063 482 4801347386901015161
HIT 3 2074499678359 483 3460922507841319987
HIT 3 2078794645655 484 6837849412116671822
HIT 3 2083089612951 485 4349147375831874264
HIT 3 2087384580247 486 4322047853347438503
HIT 3 2091679547543 487 6016278716879977991
HIT 3 2095974514839 488 15234890279879972836
HIT 3 2100269482135 489 3057682264736690942
HIT 3 2104564449431 490 11983276337259683638
HIT 3 2108859416727 491 12023448481063438090
HIT 3 2113154384023 492 15160633050411680263
HIT 3 2117449351319 493 9189009256705778767
HIT 3 2121744318615 494 1801397443725859045
HIT 3 2126039285911 495 14856606626001606740
HIT 3 2130334253207 496 7362956627407946288
HIT 3 2134629220503 497 2845211314504401060
HIT 3 2138924187799 498 17781668690937874094
HIT 3 2143219155095 499 12122174833622695017
HIT 3 2147514122391 500 13631808494354341349
HIT 3 2151809089687 501 16956277589070276522
HIT 3 2156104056983 502 3612581505653321211
HIT 3 2160399024279 503 11099840854620604719
HIT 3 2164693991575 504 4016656045662093288
HIT 3 2168988958871 505 701316779608531206
HIT 3 2173283926167 506 10521673947407845329
HIT 3 2177578893463 507 1411914700147432453
HIT 3 2181873860759 508 6917931356563691404
HIT 3 2186168828055 509 15502103350467419036
HIT 3 2190463795351 510 704346973289528457
HIT 3 2194758762647 511 3770184583806016456
HIT 3 2014370201751 469 12228100646307689810
HIT 3 1606329630876 374 7252399642552693664
HIT 3 1717998780572 400 13706226022946297431
HIT 3 1997171654812 465 13224125135266811949
HIT 3 1718011429016 400 1110541825262684850
HIT 3 1997184303256 465 1338773844260420672
HIT 3 1997186007192 465 10627338827349730081
HIT 3 1718011429019 400 16768347946675267874
HIT 3 1997184303259 465 12746189493608705740
HIT 3 1997186007195 465 15874185677117922204
HIT 3 1606329630878 374 5241044608903212560
HIT 3 1717998780574 400 5190939914946515518
HIT 3 1997171654814 465 14043887151415759655
HIT 3 1606329630877 374 675661759890283217
HIT 3 1717998780573 400 16239567203441627358
HIT 3 1997171654813 465 9061452025519936953
HIT 3 1718011429018 400 16145440196655068923
HIT 3 1997184303258 465 12073697636323512418
HIT 3 1997186007194 465 101955974162881289
HIT 3 1718011429022 400 12879685264956812027
HIT 3 1997184303262 465 3674065460864244313
HIT 3 1997186007198 465 13149607337269236319
HIT 3 1606329630879 374 3121195242604889202
HIT 3 1717998780575 400 13493534807198359068
HIT 3 1997171654815 465 7090776176117604916
HIT 3 1718011429020 400 614197082902658125
HIT 3 1997184303260 465 6191960432401253911
HIT 3 1997186007196 465 17497414490409972921
HIT 3 1606329630880 374 9680145887210427864
HIT 3 1717998780576 400 10699210872928612586
HIT 3 1997171654816 465 10543269393012761223
HIT 3 1606329630881 374 18053445994699476887
HIT 3 1717998780577 400 15670040355122883287
HIT 3 1997171654817 465 13447670997813083502
HIT 3 1718011429021 400 3982788381859370234
HIT 3 1997184303261 465 8871660793128854065
HIT 3 1997186007197 465 1881732432044378915
HIT 3 1718011429024 400 13690160498323374634
HIT 3 1997184303264 465 8883545552526818775
HIT 3 1997186007200 465 14652253613043579239
HIT 3 1606329630883 374 15769627531407198555
HIT 3 1717998780579 400 1365249662112302673
HIT 3 1997171654819 465 5865356682919356250
HIT 3 1718011429023 400 12325479298318538179
HIT 3 1997184303263 465 3545396478702962395
HIT 3 1606329630882 374 6410729734130615883
HIT 3 1717998780578 400 7552140372698299166
HIT 3 1997171654818 465 4485491003139579473
HIT 3 1997186007199 465 12633477730958222039
HIT 3 1606329630884 374 8272424855497057909
HIT 3 1717998780580 400 9710674223528163252
HIT 3 1997171654820 465 8064701997098743159
HIT 3 1718011429025 400 12019050085371152562
HIT 3 1997184303265 465 17683128546540761028
HIT 3 1997186007201 465 8701792748250868864
HIT 3 1718011429027 400 7233198833077938160
HIT 3 1997184303267 465 2424857612244831768
HIT 3 1997186007203 465 18032704632885918273
HIT 3 1606329630885 374 5891298509193012023
HIT 3 1717998780581 400 14448242940649966681
HIT 3 1997171654821 465 11176328084452214606
HIT 3 1606329630886 374 6398947204682340091
HIT 3 1717998780582 400 5029120407926653205
HIT 3 1997171654822 465 4290620513670839617
HIT 3 1718011429028 400 18410775603704853439
HIT 3 1997184303268 465 11508847494439397664
HIT 3 1997186007204 465 418442796333789119
HIT 3 1718011429030 400 1697485533116386854
HIT 3 1997184303270 465 11396266173155457593
HIT 3 1997186007206 465 9316024523239595213
HIT 3 1606329630887 374 7604962511664558014
HIT 3 1717998780583 400 4418909142758915010
HIT 3 1997171654823 465 17808137791669205023
HIT 3 1718011429026 400 17975288489956138070
HIT 3 1997184303266 465 7029709922096010987
HIT 3 1997186007202 465 17693749391671715933
HIT 3 1606329630888 374 5197137204521318876
HIT 3 1717998780584 400 1385357171877663607
HIT 3 1997171654824 465 4816302586973033795
HIT 3 1606329630889 374 16093301791072517434
HIT 3 1717998780585 400 10391289736682038930
HIT 3 1997171654825 465 9658414288221146179
HIT 3 1718011429029 400 14504254408048317082
HIT 3 1997184303269 465 3333986317783160396
HIT 3 1997186007205 465 4239560454050786365
HIT 3 1606329630890 374 11733290934403031649
HIT 3 1717998780586 400 6447310865498543941
HIT 3 1997171654826 465 1185293287258624593
HIT 3 1718011429032 400 14284478722971815341
HIT 3 1997184303272 465 8305818882658990448
HIT 3 1997186007208 465 5177584601683434424
HIT 3 1718011429031 400 11176443608025936594
HIT 3 1997184303271 465 18006115618097254761
HIT 3 1997186007207 465 3815462647129065679
HIT 3 1606329630891 374 14787150613429051527
HIT 3 1717998780587 400 7551050860159397215
HIT 3 1997171654827 465 16544323293440064760
HIT 3 1606329630892 374 8260153519915587302
HIT 3 1717998780588 400 12412978801712501044
HIT 3 1997171654828 465 665504122212453912
HIT 3 1718011429034 400 14239639665740138329
HIT 3 1997184303274 465 12144951512847317480
HIT 3 1718011429033 400 4112391141243205820
HIT 3 1997184303273 465 785010832681132968
HIT 3 1997186007210 465 10491975879054380541
HIT 3 1997186007209 465 17384992228794284966
HIT 3 1606329630893 374 8077911723131755290
HIT 3 1717998780589 400 16215495818443078813
HIT 3 1997171654829 465 9926386359779488242
HIT 3 1606329630894 374 7459422795025354350
HIT 3 1717998780590 400 13627239817589939132
HIT 3 1997171654830 465 10442141212397717428
HIT 3 1718011429035 400 8827479602562851216
HIT 3 1997184303275 465 12094161369480255470
HIT 3 1997186007211 465 1154239836154517627
HIT 3 1718011429036 400 5703592780877697490
HIT 3 1997184303276 465 12343944192708451222
HIT 3 1997186007212 465 11493830679209450882
HIT 3 1606329630895 374 235459871730931006
HIT 3 1717998780591 400 11280429879812319081
HIT 3 1997171654831 465 1296912174248771647
HIT 3 1606329630896 374 14287236582784330266
HIT 3 1717998780592 400 16754868061670583785
HIT 3 1997171654832 465 1011307617586825764
HIT 3 1718011429038 400 12925757925488835623
HIT 3 1997184303278 465 8546845401430571691
HIT 3 1997186007214 465 4961726410122552820
HIT 3 1606329499825 374 14287236582784330266
HIT 3 1717998649521 400 16754868061670583785
HIT 3 1997171523761 465 1011307617586825764
HIT 3 1606329630897 374 15570257280378998240
HIT 3 1717998780593 400 2797602469332514435
HIT 3 1997171654833 465 16379556525061274736
HIT 3 1718011429037 400 10620395200423173206
HIT 3 1997184303277 465 16635564916558195642
HIT 3 1997186007213 465 2675318293321673412
HIT 3 1606329630898 374 14885583714655097986
HIT 3 1717998780594 400 10188845145294885585
HIT 3 1997171654834 465 719851720353232582
HIT 3 1606329761970 374 9672614789707556688
HIT 3 1717998911666 400 12056456449060030364
HIT 3 1997171785906 465 4250617512608489632
HIT 3 1718011429039 400 4587129238988616214
HIT 3 1997184303279 465 16034247306274378576
HIT 3 1718011429040 400 10179371964720092185
HIT 3 1997184303280 465 6410954405519544595
HIT 3 1718011429041 400 2774178743032173225
HIT 3 1997184303281 465 7770554154531914691
HIT 3 1997186007215 465 11534956105901863777
HIT 3 1997186007217 465 15585674676981105563
HIT 3 1997186007216 465 3837709174647371105
HIT 3 794580877492 185 6125279462484908066
HIT 3 1606329696436 374 2892328349274266773
HIT 3 1717998846132 400 3954976035190183512
HIT 3 1997171720372 465 12028020296883038019
HIT 3 1597739827380 372 3833620734397853387
HIT 3 1606329761972 374 12487943387330944458
HIT 3 1610624729268 375 18414331155581844316
HIT 3 1614919696564 376 377476954068639279
HIT 3 1709408977076 398 15044165160764280277
HIT 3 1717998911668 400 12639198784185426595
HIT 3 1722293878964 401 7087213291070376939
HIT 3 1726588846260 402 815642215656656378
HIT 3 1988581851316 463 2726711298546911930
HIT 3 1992876818612 464 17225628161405241804
HIT 3 1997171785908 465 9387922843538330167
HIT 3 2005761720500 467 9370162831864342653
HIT 3 1606329893044 374 1323831974482518002
HIT 3 1717999042740 400 9118615220386730186
HIT 3 1997171916980 465 2174892616665415505
HIT 3 1606329630899 374 9672614789707556688
HIT 3 1717998780595 400 12056456449060030364
HIT 3 1997171654835 465 4250617512608489632
HIT 3 1606329696437 374 8498382458307308838
HIT 3 1717998846133 400 455057169332043991
HIT 3 1997171720373 465 12683446120531442375
HIT 3 1606329761973 374 1323831974482518002
HIT 3 1717998911669 400 9118615220386730186
HIT 3 1997171785909 465 2174892616665415505
HIT 3 1606329827509 374 2892328349274266773
HIT 3 1717998977205 400 3954976035190183512
HIT 3 1997171851445 465 12028020296883038019
HIT 3 1606329893045 374 3075035897668533750
HIT 3 1717999042741 400 2864321868304130853
HIT 3 1997171916981 465 4219137276535805311
HIT 3 1606329958581 374 1454396658290143541
HIT 3 1717999108277 400 1358219337904041853
HIT 3 1997171982517 465 12377569188169608784
HIT 3 1606330024117 374 702069306153635009
HIT 3 1717999173813 400 16341240820645273789
HIT 3 1997172048053 465 12854141017944692640
HIT 3 1606330089653 374 16426676001988677325
HIT 3 1717999239349 400 13909481914797396699
HIT 3 1997172113589 465 16555011662458920342
HIT 3 1606330155189 374 1968370269078223460
HIT 3 1717999304885 400 13846626335326048572
HIT 3 1997172179125 465 1479525405962499914
HIT 3 1606330220725 374 3756628410304403829
HIT 3 1717999370421 400 8036482179698529525
HIT 3 1997172244661 465 1104984717829122438
HIT 3 1606330286261 374 1510455510119785789
HIT 3 1717999435957 400 18306921554809968979
HIT 3 1997172310197 465 5788243491154864267
HIT 3 1606330351797 374 6384623271043269451
HIT 3 1717999501493 400 1076538016992669140
HIT 3 1997172375733 465 7161606886213944119
HIT 3 1606330417333 374 12462264072752020676
HIT 3 1717999567029 400 14215737600328759092
HIT 3 1997172441269 465 4067385473188908034
HIT 3 1606330482869 374 6462153842119208455
HIT 3 1717999632565 400 14191011838592729990
HIT 3 1997172506805 465 5261048255874195442
HIT 3 1606330548405 374 2678089445765543155
HIT 3 1717999698101 400 6512379407407123060
HIT 3 1997172572341 465 7948999492562663538
HIT 3 1606330613941 374 16007151655589060796
HIT 3 1717999763637 400 15012655841072133644
HIT 3 1997172637877 465 10985507849699269940
HIT 3 1606330679477 374 5703984309513076782
HIT 3 1717999829173 400 10516277479805930886
HIT 3 1997172703413 465 11341965658631351191
HIT 3 1606330745013 374 11833980309139229499
HIT 3 1717999894709 400 14013059804971042319
HIT 3 1997172768949 465 11183599113276811251
HIT 3 1606330810549 374 11377065072490485852
HIT 3 1717999960245 400 11910436773629484824
HIT 3 1997172834485 465 15607868667959911740
HIT 3 1606330876085 374 1940885462526650641
HIT 3 1718000025781 400 9105379922857248541
HIT 3 1997172900021 465 15409507595412188202
HIT 3 1606330941621 374 16303643957188909733
HIT 3 1718000091317 400 9883627237813572227
HIT 3 1997172965557 465 2562737579328832976
HIT 3 1606331007157 374 17810177190089001880
HIT 3 1718000156853 400 15044509252926529639
HIT 3 1997173031093 465 5508155737824375367
HIT 3 1606331072693 374 5675641842359056947
HIT 3 1718000222389 400 10720443208712572917
HIT 3 1997173096629 465 1706463641143450213
HIT 3 1606331138229 374 18301782004102718610
HIT 3 1718000287925 400 4510656600948773103
HIT 3 1997173162165 465 6512839420315293600
HIT 3 1606331203765 374 12872567597454539346
HIT 3 1718000353461 400 8025458136723649243
HIT 3 1997173227701 465 1781861244478496941
HIT 3 1606331269301 374 16763471701681294985
HIT 3 1718000418997 400 6952193940450495545
HIT 3 1997173293237 465 18004456707537205087
HIT 3 1606331334837 374 17039262950220355916
HIT 3 1718000484533 400 5083387066605024856
HIT 3 1997173358773 465 6926713759041921919
HIT 3 1606331400373 374 12146212469495387407
HIT 3 1718000550069 400 11888151133996832089
HIT 3 1997173424309 465 8895092576499506182
HIT 3 1606331465909 374 5568469325451012023
HIT 3 1718000615605 400 633570735298088210
HIT 3 1997173489845 465 3704431895418231434
HIT 3 1606331531445 374 9698286377108804435
HIT 3 1718000681141 400 8513619350838477133
HIT 3 1997173555381 465 7961801880355636201
HIT 3 1606331596981 374 10747607896910580590
HIT 3 1718000746677 400 2542884253271310560
HIT 3 1997173620917 465 286745479534650544
HIT 3 1606331662517 374 18282250606007266371
HIT 3 1718000812213 400 10177621814621269246
HIT 3 1997173686453 465 17015389090916155850
HIT 3 1606331728053 374 843647406338631569
HIT 3 1718000877749 400 14952529734679121044
HIT 3 1997173751989 465 17972741493412066820
HIT 3 1606331793589 374 10820700403256252588
HIT 3 1718000943285 400 8417417501347228115
HIT 3 1997173817525 465 14568744917758790916
HIT 3 1606331859125 374 17164068546144495134
HIT 3 1718001008821 400 12540984630330752783
HIT 3 1997173883061 465 1591717765328572224
HIT 3 1606331924661 374 17133583401968567621
HIT 3 1718001074357 400 13704768575617276243
HIT 3 1997173948597 465 11969317455669031266
HIT 3 1606331990197 374 12319665901928152526
HIT 3 1718001139893 400 11427615028754849757
HIT 3 1997174014133 465 4694284943318609495
HIT 3 1606332055733 374 6269718477118215330
HIT 3 1718001205429 400 18397657888697072470
HIT 3 1997174079669 465 10793429381935790671
HIT 3 1606332121269 374 15912500055691615216
HIT 3 1718001270965 400 7979003910625295975
HIT 3 1997174145205 465 2282573066835703428
HIT 3 1606332186805 374 4589913829167729537
HIT 3 1718001336501 400 16062337508438783365
HIT 3 1997174210741 465 9630118436562091291
HIT 3 1606332252341 374 265218754003448666
HIT 3 1718001402037 400 4281314381831162239
HIT 3 1997174276277 465 4800142343684803396
HIT 3 1606332317877 374 1584889463368627482
HIT 3 1718001467573 400 17323564048486417641
HIT 3 1997174341813 465 15393015468315774614
HIT 3 1606332383413 374 2285078652385066293
HIT 3 1718001533109 400 15240427661439321153
HIT 3 1997174407349 465 18179690845427989713
HIT 3 1606332448949 374 14949455878401974815
HIT 3 1718001598645 400 17935011901870636990
HIT 3 1997174472885 465 14788022828379416332
HIT 3 1606332514485 374 6303920023890778674
HIT 3 1718001664181 400 16535165592971865556
HIT 3 1997174538421 465 10301453034336996896
HIT 3 1606332580021 374 8339664993758176264
HIT 3 1718001729717 400 1313362368065826552
HIT 3 1997174603957 465 13966715904642431428
HIT 3 1606332645557 374 352076522881203943
HIT 3 1718001795253 400 4426394240667560884
HIT 3 1997174669493 465 16654695203299754917
HIT 3 1606332711093 374 8960196862016070897
HIT 3 1718001860789 400 876171988968947376
HIT 3 1997174735029 465 6456689899932515858
HIT 3 1606332776629 374 8875945907963501245
HIT 3 1718001926325 400 821321098787020787
HIT 3 1997174800565 465 10270611695398927129
HIT 3 1606332842165 374 2514088261498612250
HIT 3 1718001991861 400 3248071264802722644
HIT 3 1997174866101 465 7968044059500192768
HIT 3 1606332907701 374 9024074163259057763
HIT 3 1718002057397 400 2771331619743748709
HIT 3 1997174931637 465 16173790090324989903
HIT 3 1606332973237 374 14626343543592097300
HIT 3 1718002122933 400 15180772538494992016
HIT 3 1997174997173 465 1202761093306889112
HIT 3 1606333038773 374 2018066667011739985
HIT 3 1718002188469 400 9499525995329448182
HIT 3 1997175062709 465 11600834029478552614
HIT 3 1606333104309 374 12384890044623606788
HIT 3 1718002254005 400 11931117872161630204
HIT 3 1997175128245 465 5868401916897898224
HIT 3 1606333169845 374 3099813820631617590
HIT 3 1718002319541 400 6502550191726440850
HIT 3 1997175193781 465 17812067360083542015
HIT 3 1606333235381 374 4835521658388952218
HIT 3 1718002385077 400 14592421232371992825
HIT 3 1997175259317 465 17800335655867127029
HIT 3 1606333300917 374 8522641764789129381
HIT 3 1718002450613 400 4497457739716538882
HIT 3 1997175324853 465 2289215453729324535
HIT 3 1606333366453 374 6538568329364401002
HIT 3 1718002516149 400 17166008203740438509
HIT 3 1997175390389 465 3918059131672821309
HIT 3 1606333431989 374 6920516086621791619
HIT 3 1718002581685 400 11580565028110309840
HIT 3 1997175455925 465 17898765538746382044
HIT 3 1606333497525 374 8830544970028015550
HIT 3 1718002647221 400 13457321589603633814
HIT 3 1997175521461 465 6292138741503501247
HIT 3 1606333563061 374 15801631906845499002
HIT 3 1718002712757 400 2770598084245051689
HIT 3 1997175586997 465 1207644635121645544
HIT 3 1606333628597 374 5388101333953034606
HIT 3 1718002778293 400 13491247582085599181
HIT 3 1997175652533 465 2721515517547277751
HIT 3 1606333694133 374 2453560283472358323
HIT 3 1718002843829 400 2267814198569170290
HIT 3 1997175718069 465 1120082754527967443
HIT 3 1606333759669 374 9223840004685576515
HIT 3 1718002909365 400 1559931863745318460
HIT 3 1997175783605 465 17537394365168103255
HIT 3 1606333825205 374 14338872537591977046
HIT 3 1718002974901 400 11982224129686179541
HIT 3 1997175849141 465 9236832856368621420
HIT 3 1606333890741 374 16915159702194914967
HIT 3 1718003040437 400 7900834020268116782
HIT 3 1997175914677 465 9221782305399431223
HIT 3 1606333956277 374 17453467509681557811
HIT 3 1718003105973 400 16705465669829947245
HIT 3 1997175980213 465 3111984229275862707
HIT 3 1606334021813 374 3490741648493269414
HIT 3 1718003171509 400 4410171141393007022
HIT 3 1997176045749 465 10749464728298915392
HIT 3 1606334087349 374 14684249324592628393
HIT 3 1718003237045 400 3751620246230532981
HIT 3 1997176111285 465 12345753115858089234
HIT 3 1606334152885 374 17649916416384678910
HIT 3 1718003302581 400 9089553918612947779
HIT 3 1718011429042 400 7165912692839887644
HIT 3 1997184303282 465 16901267214361894299
HIT 3 1997176176821 465 16033120563583970157
HIT 3 1606334218421 374 14787057094316728609
HIT 3 1718003368117 400 8236293031212770526
HIT 3 1997176242357 465 6894121177522753410
HIT 3 1606334283957 374 16670973666531202434
HIT 3 1718003433653 400 590771317642474765
HIT 3 1997176307893 465 12947712240506729483
HIT 3 1606334349493 374 2353533580137991410
HIT 3 1718003499189 400 1232005178864842552
HIT 3 1997176373429 465 16597912365708631527
HIT 3 1606334415029 374 6404782866993699885
HIT 3 1718003564725 400 2285367470809262266
HIT 3 1997176438965 465 9717958379396789647
HIT 3 1606334480565 374 2331537542604721336
HIT 3 1718003630261 400 3746211645190688285
HIT 3 1997176504501 465 10902038562760965168
HIT 3 1606334546101 374 3251827063289279942
HIT 3 1718003695797 400 10226162197694597150
HIT 3 1997176570037 465 5311751558433625287
HIT 3 1606334611637 374 17864825237225759124
HIT 3 1718003761333 400 3634343400190282447
HIT 3 1997176635573 465 5989040023269279650
HIT 3 1606334677173 374 1532759669792135074
HIT 3 1718003826869 400 3097360867769859895
HIT 3 1997176701109 465 4607722689802002225
HIT 3 1606334742709 374 18382183080997979850
HIT 3 1718003892405 400 13484210496465759359
HIT 3 1997176766645 465 1499088090780482929
HIT 3 1606334808245 374 623625996903141491
HIT 3 1718003957941 400 7335830554606257867
HIT 3 1997176832181 465 17904503326215335882
HIT 3 1606334873781 374 4944056266946859847
HIT 3 1718004023477 400 17808769909571522247
HIT 3 1997176897717 465 11042350762918132842
HIT 3 1606334939317 374 17695485657572955397
HIT 3 1718004089013 400 1421850601088056352
HIT 3 1997176963253 465 7364607720618396591
HIT 3 1606335004853 374 16644123699442010845
HIT 3 1718004154549 400 18150869649862548668
HIT 3 1997177028789 465 5859663137037900865
HIT 3 1997186007218 465 14529190954807130105
HIT 3 1606335070389 374 11022414126298101108
HIT 3 1718004220085 400 6836611799495687480
HIT 3 1997177094325 465 6925057278583014984
HIT 3 1606335135925 374 10106240270390852215
HIT 3 1718004285621 400 10460198149895631057
HIT 3 1997177159861 465 11429867175927277606
HIT 3 1606335201461 374 1844181296434152825
HIT 3 1718004351157 400 15891391699857535958
HIT 3 1997177225397 465 8022570292092659104
HIT 3 1606335266997 374 18064902660500015921
HIT 3 1718004416693 400 12352464980135886618
HIT 3 1997177290933 465 4933648037115421146
HIT 3 1606335332533 374 18188558141829580553
HIT 3 1718004482229 400 4448023920778452867
HIT 3 1997177356469 465 9589939609047977736
HIT 3 1606335398069 374 15031778894186512404
HIT 3 1718004547765 400 5189316287899966087
HIT 3 1997177422005 465 4451609365647217669
HIT 3 1606335463605 374 281953562668069083
HIT 3 1718004613301 400 16260580339724947268
HIT 3 1997177487541 465 1369682928213429560
HIT 3 1606335529141 374 8911888207087913467
HIT 3 1718004678837 400 698656802185084495
HIT 3 1997177553077 465 4049943965923058881
HIT 3 1606335594677 374 10322595971819625953
HIT 3 1718004744373 400 11556131366286897723
HIT 3 1997177618613 465 666228309203272400
HIT 3 1606335660213 374 11068508524023181467
HIT 3 1718004809909 400 227279591792524392
HIT 3 1997177684149 465 15519510485737221085
HIT 3 1606335725749 374 16402514453706120778
HIT 3 1718004875445 400 4783614371169467872
HIT 3 1997177749685 465 8405343422667999129
HIT 3 1606335791285 374 13720267909563307694
HIT 3 1718004940981 400 5937898102178440282
HIT 3 1997177815221 465 11218696122984498346
HIT 3 1606335856821 374 8849161559973729005
HIT 3 1718005006517 400 3833756270348263200
HIT 3 1997177880757 465 4110920163432119915
HIT 3 1606335922357 374 16307625914845820793
HIT 3 1718005072053 400 3711808730743769712
HIT 3 1997177946293 465 13395946920785183147
HIT 3 1606335987893 374 6138369670875890901
HIT 3 1718005137589 400 8370503368433221446
HIT 3 1997178011829 465 3273470021848712213
HIT 3 1606336053429 374 14005983858109028104
HIT 3 1718005203125 400 10137626157004489330
HIT 3 1997178077365 465 16590718377248301112
HIT 3 1606336118965 374 8301715998473554479
HIT 3 1718005268661 400 2137824597788809116
HIT 3 1997178142901 465 13712759988784414452
HIT 3 1606336184501 374 3411904607362042640
HIT 3 1718005334197 400 16137217081205553550
HIT 3 1997178208437 465 3363420130757079445
HIT 3 1606336250037 374 5517082314912379980
HIT 3 1718005399733 400 7892529807532817739
HIT 3 1997178273973 465 9754657896465389296
HIT 3 1606336315573 374 17823526519737709914
HIT 3 1718005465269 400 17483285682817042884
HIT 3 1997178339509 465 13574833693415523482
HIT 3 1606336381109 374 8542436259667960194
HIT 3 1718005530805 400 3045771957985257116
HIT 3 1997178405045 465 5574847782830775998
HIT 3 1606329893046 374 334293063537685213
HIT 3 1717999042742 400 9573086346029836350
HIT 3 1997171916982 465 12524105044091568743
HIT 3 1606336446645 374 9382606989113903468
HIT 3 1718005596341 400 5076542689139140326
HIT 3 1997178470581 465 9921293332849161126
HIT 3 1606336512181 374 14385598287760416238
HIT 3 1718005661877 400 16480159941874002204
HIT 3 1997178536117 465 12378595022847947527
HIT 3 1606336577717 374 3648881905289943986
HIT 3 1718005727413 400 8106303605224338869
HIT 3 1997178601653 465 1605840410396522681
HIT 3 1606336643253 374 4674973125111421239
HIT 3 1718005792949 400 2333454149633134537
HIT 3 1997178667189 465 4983464051908129342
HIT 3 1606336708789 374 5959319221514538074
HIT 3 1718005858485 400 1802636713518471965
HIT 3 1997178732725 465 5426963561953181063
HIT 3 1606336774325 374 13552725328461381502
HIT 3 1718005924021 400 13362274813215442187
HIT 3 1997178798261 465 17801593642515190430
HIT 3 1606336839861 374 18314787992020609655
HIT 3 1718005989557 400 17217153069243791294
HIT 3 1997178863797 465 14315839211724964953
HIT 3 1606336905397 374 7104536676896942650
HIT 3 1718006055093 400 9274143558924306274
HIT 3 1997178929333 465 17734500749673516705
HIT 3 1606336970933 374 10792966811312111775
HIT 3 1718006120629 400 8967434797632538863
HIT 3 1997178994869 465 5208651798081318159
HIT 3 1606337036469 374 11398860530267646288
HIT 3 1718006186165 400 3696499146990441362
HIT 3 1997179060405 465 6576796050922051256
HIT 3 1606337102005 374 7286232381031738785
HIT 3 1718006251701 400 7270433313396509518
HIT 3 1997179125941 465 13847740136579673119
HIT 3 1606337167541 374 14562291045749177835
HIT 3 1718006317237 400 11727252032518573009
HIT 3 1997179191477 465 8196814109697701586
HIT 3 1606337233077 374 8124813245192221180
HIT 3 1718006382773 400 13917997647967335629
HIT 3 1997179257013 465 5860582263413754638
HIT 3 1606337298613 374 10017162784841860609
HIT 3 1718006448309 400 15372407960041180035
HIT 3 1997179322549 465 16199188604398231278
HIT 3 1606337364149 374 7853841019775545146
HIT 3 1718006513845 400 17452398801326193326
HIT 3 1997179388085 465 3865817548096969209
HIT 3 1606337429685 374 12322486065558490375
HIT 3 1718006579381 400 14352819772760098604
HIT 3 1997179453621 465 537883236230028810
HIT 3 1606337495221 374 13981479165847602682
HIT 3 1718006644917 400 14199091837514254998
HIT 3 1997179519157 465 11485392511136717623
HIT 3 1606337560757 374 11364521078576329114
HIT 3 1718006710453 400 9835365250553917104
HIT 3 1997179584693 465 12923587854229609118
HIT 3 1606337626293 374 5172547542893437921
HIT 3 1718006775989 400 907007366368271519
HIT 3 1997179650229 465 6592659057475800407
HIT 3 1606337691829 374 16954145372898458831
HIT 3 1718006841525 400 4625832448601883461
HIT 3 1997179715765 465 5925977703418381890
HIT 3 1606337757365 374 1276231342104347141
HIT 3 1718006907061 400 4119798051391764422
HIT 3 1997179781301 465 7779223028962858690
HIT 3 1606337822901 374 10674958897226234320
HIT 3 1718006972597 400 4639915491152143780
HIT 3 1997179846837 465 13680068336133672755
HIT 3 1606337888437 374 13124593945975341111
HIT 3 1718007038133 400 4667069263599735844
HIT 3 1997179912373 465 15887595628688134983
HIT 3 1606337953973 374 7960453269743781544
HIT 3 1718007103669 400 12907158622740410190
HIT 3 1997179977909 465 12178440424466844053
HIT 3 1606338019509 374 384375409715793488
HIT 3 1718007169205 400 16837843437297365479
HIT 3 1997180043445 465 11718957062002085099
HIT 3 1606338085045 374 13793438488038269180
HIT 3 1718007234741 400 13936660647327210202
HIT 3 1997180108981 465 18264540038919825867
HIT 3 1606338150581 374 11755051915874923842
HIT 3 1718007300277 400 14554026079758214204
HIT 3 1997180174517 465 4544161642604650603
HIT 3 1606338216117 374 1613182643225749455
HIT 3 1718007365813 400 15293764700944662977
HIT 3 1997180240053 465 17922725279584332864
HIT 3 1606338281653 374 13291928845853522284
HIT 3 1718007431349 400 13416811557399857895
HIT 3 1997180305589 465 3359408007308637343
HIT 3 1606338347189 374 3637744590490976160
HIT 3 1718007496885 400 1642775765770920587
HIT 3 1997180371125 465 60516078181906607
HIT 3 1606338412725 374 1170808853863502422
HIT 3 1718007562421 400 10190947410097302772
HIT 3 1997180436661 465 2833342905723626575
HIT 3 1606338478261 374 15922459779771010775
HIT 3 1718007627957 400 16231921935868809200
HIT 3 1997180502197 465 9266647472715444556
HIT 3 1606338543797 374 15583200422275331676
HIT 3 1718007693493 400 4012734321569362431
HIT 3 1997180567733 465 7330764866615437669
HIT 3 1606338609333 374 11884008646206442122
HIT 3 1718007759029 400 16127795791931910253
HIT 3 1997180633269 465 974147486302364097
HIT 3 1606338674869 374 16459308652185135806
HIT 3 1718007824565 400 685174058816164862
HIT 3 1997180698805 465 1252460408189677463
HIT 3 1718011297971 400 1365428668642667179
HIT 3 1606338740405 374 16240949485014597887
HIT 3 1718007890101 400 218422846433818605
HIT 3 1997184172211 465 6215805406383887504
HIT 3 1997180764341 465 4015962325713235566
HIT 3 1606338805941 374 7517063858421922147
HIT 3 1718007955637 400 15195448913954464909
HIT 3 1709421494451 398 13880337070246559175
HIT 3 1718011429043 400 6331577674426914466
HIT 3 1722306396339 401 1212409755694286143
HIT 3 1726601363635 402 1259093389793194988
HIT 3 1988594368691 463 2729842610479338817
HIT 3 1992889335987 464 3613457566459446150
HIT 3 1997184303283 465 250910696543385912
HIT 3 2005774237875 467 4195164592298595771
HIT 3 1614932279475 376 14885583714655097986
HIT 3 1718011494579 400 14416444775173227027
HIT 3 1997184368819 465 13455695439547222993
HIT 3 1718011560115 400 17381143567586770104
HIT 3 1997180829877 465 15812497204242855112
HIT 3 1606338871477 374 7904223599591804130
HIT 3 1997184434355 465 16440821201913181854
HIT 3 1718008021173 400 16476232609097793474
HIT 3 1997180895413 465 1320477623350114750
HIT 3 1606338937013 374 9977315713495903542
HIT 3 1718008086709 400 1711918627534432413
HIT 3 1997180960949 465 9279194601005996161
HIT 3 1606339002549 374 17316664089469550358
HIT 3 1718008152245 400 17237584794639333611
HIT 3 1997181026485 465 14997712592020231293
HIT 3 1606339068085 374 17850976661981024784
HIT 3 1718008217781 400 10974221889886134317
HIT 3 1997181092021 465 15443713716503653342
HIT 3 1606339133621 374 15012736239282224101
HIT 3 1718008283317 400 14374000653991788171
HIT 3 1997181157557 465 17072583548675823775
HIT 3 1606339199157 374 3347503671822239996
HIT 3 1718008348853 400 18270067885462436277
HIT 3 1997181223093 465 120120889280334839
HIT 3 1606339264693 374 14211710655766604007
HIT 3 1718008414389 400 12846686861551094564
HIT 3 1997181288629 465 12262772944323963285
HIT 3 1606339330229 374 6643092660470353888
HIT 3 1718008479925 400 11256626761684503723
HIT 3 1997181354165 465 584194905540992371
HIT 3 1606339395765 374 145493026327526160
HIT 3 1718008545461 400 15313456500696847023
HIT 3 1997181419701 465 2725436984940726587
HIT 3 1606339461301 374 8614168496988163774
HIT 3 1718008610997 400 12767885813132164141
HIT 3 1997181485237 465 4509888384298542987
HIT 3 1606339526837 374 10725007308538381947
HIT 3 1718008676533 400 18121609046794153565
HIT 3 1997181550773 465 7223558900673697404
HIT 3 1606339592373 374 9923754035757982733
HIT 3 1718008742069 400 2957785650196850122
HIT 3 1997181616309 465 2566602159463271073
HIT 3 1606339657909 374 5428489432850414550
HIT 3 1718008807605 400 14632406020438719963
HIT 3 1997181681845 465 15165261066190036437
HIT 3 1606339723445 374 3874566011603356426
HIT 3 1718008873141 400 2002071652147455780
HIT 3 1997181747381 465 15974448621720246098
HIT 3 1606339788981 374 8281532346915986480
HIT 3 1718008938677 400 4727439898796940879
HIT 3 1997181812917 465 8613659459010221203
HIT 3 1606339854517 374 1427604328335072304
HIT 3 1718009004213 400 8040463831859450298
HIT 3 1997181878453 465 4261336470602275207
HIT 3 1997185876147 465 8375254985441408927
HIT 3 1988596072627 463 5323437735508900515
HIT 3 1992891039923 464 5448885001431929046
HIT 3 1997186007219 465 7395530332204368966
HIT 3 2005775941811 467 6308027371230019197
HIT 3 1726603133107 402 10188845145294885585
HIT 3 1997186072755 465 18021582493704408534
HIT 3 1997186138291 465 1929168909339133718
HIT 3 1606339920053 374 8623919569427078874
HIT 3 1718009069749 400 17318538967869829265
HIT 3 1997181943989 465 13633750793214350949
HIT 3 1606339985589 374 8101999979818584211
HIT 3 1718009135285 400 10955141499392880348
HIT 3 1997182009525 465 17955649746374276503
HIT 3 1606340051125 374 9699259461684052256
HIT 3 1718009200821 400 2433625355973455621
HIT 3 1997182075061 465 16209774461897657571
HIT 3 1606340116661 374 5539235989279486999
HIT 3 1718009266357 400 1163277783354126634
HIT 3 1997182140597 465 14247129976473182725
HIT 3 1606340182197 374 13973868033035454967
HIT 3 1718009331893 400 2749849894061641191
HIT 3 1997182206133 465 18368226915883125436
HIT 3 1606340247733 374 9594888574489269040
HIT 3 1718009397429 400 11238573159205241004
HIT 3 1997182271669 465 10110725685094855311
HIT 3 1606340313269 374 16382905488007493126
HIT 3 1718009462965 400 4059227876506399593
HIT 3 1997182337205 465 10404517222727334100
HIT 3 1606340378805 374 18095186501224939867
HIT 3 1718009528501 400 12861624042221994931
HIT 3 1997182402741 465 11681326718526128641
HIT 3 1606340444341 374 2395097028644293434
HIT 3 1718009594037 400 17698300537999473303
HIT 3 1997182468277 465 10253922429375959364
HIT 3 1606340509877 374 9787902566511672901
HIT 3 1718009659573 400 6869954650634680742
HIT 3 1997182533813 465 2016797869372260870
HIT 3 1606340575413 374 15350670074732804676
HIT 3 1718009725109 400 11728188191582025083
HIT 3 1997182599349 465 16051419241018335564
HIT 3 1606340640949 374 4591852268947775980
HIT 3 1718009790645 400 5208323918066488964
HIT 3 1997182664885 465 15056937339597961883
HIT 3 1606340706485 374 16559716676929580780
HIT 3 1718009856181 400 13427910651197982824
HIT 3 1997182730421 465 11364967071137836934
HIT 3 1606340772021 374 11511760597128320874
HIT 3 1718009921717 400 13624313150333910311
HIT 3 2005780136115 467 719851720353232582
HIT 3 1997182795957 465 2637676858988442497
HIT 3 1606340837557 374 9852701883154379909
HIT 3 1718009987253 400 11625176905262758437
HIT 3 1997182861493 465 275670481549041583
HIT 3 1718011297972 400 1962490336971712683
HIT 3 1997184172212 465 12956479398918635968
HIT 3 1709421494452 398 10040761187435917862
HIT 3 1718011429044 400 3429753618200611661
HIT 3 1722306396340 401 431963692817959896
HIT 3 1726601363636 402 5078724535390482393
HIT 3 1988594368692 463 17859005452604414375
HIT 3 1992889335988 464 7956958911357293487
HIT 3 1997184303284 465 4090362012042185676
HIT 3 2005774237876 467 354174647485415583
HIT 3 1614932279476 376 8498382458307308838
HIT 3 1718011494580 400 18011517435175064295
HIT 3 1997184368820 465 3847267542465798513
HIT 3 1718011560116 400 12704833673996170495
HIT 3 1606340903093 374 10984330712079550058
HIT 3 1718010052789 400 13065912553936222611
HIT 3 1997182927029 465 11759599707419128450
HIT 3 1606340968629 374 13884700854311916606
HIT 3 1718010118325 400 16570045239032596419
HIT 3 1997182992565 465 17131859731207674489
HIT 3 1606341034165 374 7782422150156732459
HIT 3 1718010183861 400 17230349162567997265
HIT 3 1997183058101 465 2715335736983018786
HIT 3 1997184434356 465 14930245181261638053
HIT 3 1606341099701 374 11680187309542467368
HIT 3 1718010249397 400 1701238832707833182
HIT 3 1997183123637 465 6056063687351439856
HIT 3 1606341165237 374 4382909951203466285
HIT 3 1718010314933 400 842802323329588594
HIT 3 1997183189173 465 14504017097178385297
HIT 3 1606341230773 374 14794316022577608471
HIT 3 1718010380469 400 1206522411471970677
HIT 3 1997183254709 465 11525556863908481767
HIT 3 1606341296309 374 12928764757034473024
HIT 3 1718010446005 400 6699091260435042061
HIT 3 1997183320245 465 9060504164345006911
HIT 3 1606341361845 374 10768159587552115535
HIT 3 1718010511541 400 5266377854443067145
HIT 3 1997183385781 465 4890506891088580310
HIT 3 1606341427381 374 2494559434467016220
HIT 3 1718010577077 400 9450252413561803323
HIT 3 1997183451317 465 8961646642637807054
HIT 3 1606341492917 374 13999845647655728185
HIT 3 1718010642613 400 14373109962886950597
HIT 3 1997183516853 465 11594150950729001396
HIT 3 1606341558453 374 5887596873586314956
HIT 3 1718010708149 400 17062990757097040785
HIT 3 1997183582389 465 4557782314807454331
HIT 3 1606341623989 374 6919018219057049318
HIT 3 1718010773685 400 17390348711596143084
HIT 3 1997183647925 465 14654854325271127885
HIT 3 1606341689525 374 14354256109657353910
HIT 3 1718010839221 400 13331446505036788168
HIT 3 1997183713461 465 15564979462057083536
HIT 3 1606341755061 374 3046142196110683045
HIT 3 1718010904757 400 17453493012413651776
HIT 3 1997183778997 465 9266586537142158197
HIT 3 1606341820597 374 5158535995337834992
HIT 3 1718010970293 400 5257732892425542648
HIT 3 1997183844533 465 12826405000760255798
HIT 3 1606341886133 374 10517245699851244163
HIT 3 1718011035829 400 7362012857277545610
HIT 3 1997183910069 465 2896655274887750185
HIT 3 1606341951669 374 4623504489078108595
HIT 3 1718011101365 400 5661174400074424209
HIT 3 1997183975605 465 16526973781525559397
HIT 3 1597752082613 372 8795411566491225718
HIT 3 1606342017205 374 5058946896329066033
HIT 3 1718011166901 400 3445547268927595333
HIT 3 1997184041141 465 16248644801556864428
HIT 3 1606342082741 374 8795411566491225718
HIT 3 1718011232437 400 5165940105734317893
HIT 3 1997184106677 465 13312498240968724611
HIT 3 1606342148277 374 14973229067845059607
HIT 3 1997185876148 465 12562272539369385322
HIT 3 1988596072628 463 11968348705237366324
HIT 3 1992891039924 464 10417743347443527861
HIT 3 1997186007220 465 7393404222478044321
HIT 3 2005775941812 467 13932598292585721689
HIT 3 1726603133108 402 455057169332043991
HIT 3 1997186072756 465 6979038530705905058
HIT 3 1997186138292 465 6178229981293656540
HIT 3 1709421363381 398 17379885777573896476
HIT 3 1718011297973 400 6308256000382475524
HIT 3 1722306265269 401 1524047887715248990
HIT 3 1726601232565 402 9525745894706163926
HIT 3 1988594237621 463 17070340765514713583
HIT 3 1992889204917 464 14046268966725929388
HIT 3 1997184172213 465 11008108710519559177
HIT 3 2005774106805 467 10076230922417058733
HIT 3 1606342213813 374 3833620734397853387
HIT 3 1614932148405 376 14973229067845059607
HIT 3 1718011363509 400 9488684203166640760
HIT 3 1997184237749 465 9302554345890204066
HIT 3 1614932213941 376 9255126503731925186
HIT 3 1619227181237 377 18414331155581844316
HIT 3 1623522148533 378 8128692747594043058
HIT 3 1627817115829 379 1044218970263543760
HIT 3 1632112083125 380 5744738616300658327
HIT 3 1636407050421 381 1572459158377674549
HIT 3 1640702017717 382 6386304325741852095
HIT 3 1644996985013 383 402904647376013155
HIT 3 1649291952309 384 4923686126682336382
HIT 3 1653586919605 385 17893769121697331620
HIT 3 1657881886901 386 1448015497202579786
HIT 3 1662176854197 387 5745902341808670582
HIT 3 1666471821493 388 5115650014231289445
HIT 3 1670766788789 389 6957898710505146781
HIT 3 1675061756085 390 2515708012550317996
HIT 3 1679356723381 391 974986354566751253
HIT 3 1683651690677 392 15589345881076442930
HIT 3 1687946657973 393 4329951472177121682
HIT 3 1692241625269 394 15337184106163575879
HIT 3 1696536592565 395 15737563374527344986
HIT 3 1700831559861 396 12372926768690373565
HIT 3 1705126527157 397 17453309576787306679
HIT 3 1709421494453 398 17635953804136813923
HIT 3 1713716461749 399 4890508091742453413
HIT 3 1718011429045 400 17221639939440228008
HIT 3 1722306396341 401 8660184620822201481
HIT 3 1726601363637 402 14710587140989331460
HIT 3 1730896330933 403 3467192948699379330
HIT 3 1735191298229 404 14825012201158881965
HIT 3 1739486265525 405 1757695729172080590
HIT 3 1743781232821 406 6314715031515260138
HIT 3 1748076200117 407 7306489351452751264
HIT 3 1752371167413 408 17332618748836337929
HIT 3 1756666134709 409 14015355462365887653
HIT 3 1760961102005 410 14802856930218524395
HIT 3 1765256069301 411 8013264436641743338
HIT 3 1769551036597 412 18261961663178883583
HIT 3 1773846003893 413 69381706326221226
HIT 3 1778140971189 414 1923071380009612660
HIT 3 1782435938485 415 5738384344202868345
HIT 3 1786730905781 416 11711219901253707659
HIT 3 1791025873077 417 3199173087320800566
HIT 3 1795320840373 418 2500489503880394746
HIT 3 1799615807669 419 6611203771006054657
HIT 3 1803910774965 420 5047096046778235656
HIT 3 1808205742261 421 11523081626427083646
HIT 3 1812500709557 422 697160512813371465
HIT 3 1816795676853 423 11947447577910978805
HIT 3 1821090644149 424 17467107796450897917
HIT 3 1825385611445 425 17300813160567094659
HIT 3 1829680578741 426 10536464649863861870
HIT 3 1833975546037 427 3478373073175300286
HIT 3 1838270513333 428 6807716960305798547
HIT 3 1842565480629 429 2916634260458832270
HIT 3 1846860447925 430 8245450405206082305
HIT 3 1851155415221 431 2886201947810203310
HIT 3 1855450382517 432 3963094372048685810
HIT 3 1859745349813 433 10839130341967240230
HIT 3 1864040317109 434 17270919794795349370
HIT 3 1868335284405 435 17203052166278522372
HIT 3 1872630251701 436 13496150624613083366
HIT 3 1876925218997 437 336670454663272158
HIT 3 1881220186293 438 2882480699735959002
HIT 3 1885515153589 439 17038631284964989906
HIT 3 1889810120885 440 11769434171614449369
HIT 3 1894105088181 441 2578594402964697155
HIT 3 1898400055477 442 17095486206286246466
HIT 3 1902695022773 443 15435616493433711771
HIT 3 1906989990069 444 13787740857038156908
HIT 3 1911284957365 445 12097331971715367718
HIT 3 1915579924661 446 14236955140216711524
HIT 3 1919874891957 447 10382511426246015281
HIT 3 1924169859253 448 2456149976981940995
HIT 3 1928464826549 449 2389252131670162754
HIT 3 1932759793845 450 3188460013195706458
HIT 3 1937054761141 451 7957176302809122761
HIT 3 1941349728437 452 16891072813915347679
HIT 3 1945644695733 453 18050408579998232806
HIT 3 1949939663029 454 12337062536160418923
HIT 3 1954234630325 455 8257077776638095278
HIT 3 1958529597621 456 1073033883103578222
HIT 3 1962824564917 457 6995642301776627951
HIT 3 1967119532213 458 11231937808862466170
HIT 3 1971414499509 459 17886718973983476362
HIT 3 1975709466805 460 7584018389172465641
HIT 3 1980004434101 461 2590871413508962446
HIT 3 1984299401397 462 5448513172588340952
HIT 3 1988594368693 463 11172796091466422333
HIT 3 1992889335989 464 913441233879830014
HIT 3 1997184303285 465 12778633377402840590
HIT 3 2001479270581 466 14197234783978228166
HIT 3 2005774237877 467 8768057952909838325
HIT 3 2010069205173 468 2189497021832961693
HIT 3 2014364172469 469 14913263580714911311
HIT 3 2018659139765 470 15295577028288277532
HIT 3 2022954107061 471 8914503507842507096
HIT 3 2027249074357 472 16939271993963397212
HIT 3 2031544041653 473 6052357727003710372
HIT 3 2035839008949 474 6600818804528531458
HIT 3 2040133976245 475 9464711530800840123
HIT 3 2044428943541 476 3199872559332702450
HIT 3 2048723910837 477 9385319862903710692
HIT 3 2053018878133 478 12087718178063724454
HIT 3 2057313845429 479 8892189780608765740
HIT 3 2061608812725 480 14669609732355098189
HIT 3 2065903780021 481 8539696569654364106
HIT 3 2070198747317 482 17127483396297240295
HIT 3 2074493714613 483 7549812412889645445
HIT 3 2078788681909 484 16777404147917223797
HIT 3 2083083649205 485 10858998335118210545
HIT 3 2087378616501 486 9032482464743194253
HIT 3 2091673583797 487 14251397724083477356
HIT 3 2095968551093 488 2809666500613747063
HIT 3 2100263518389 489 11536975197507432636
HIT 3 2104558485685 490 2102785545522357307
HIT 3 2108853452981 491 13941245532575707816
HIT 3 2113148420277 492 5882232442108841779
HIT 3 2117443387573 493 6653820712249401125
HIT 3 2121738354869 494 15672254379710883105
HIT 3 2126033322165 495 11790298096161961554
HIT 3 2130328289461 496 6706274227820885822
HIT 3 2134623256757 497 12822178868192702877
HIT 3 2138918224053 498 12042393291245587710
HIT 3 2143213191349 499 3336220277453127994
HIT 3 2147508158645 500 14465460736875972985
HIT 3 2151803125941 501 8601042485307009163
HIT 3 2156098093237 502 64151362264242149
HIT 3 2160393060533 503 13713187367131121558
HIT 3 2164688027829 504 14810025657631321774
HIT 3 2168982995125 505 9888371502044149078
HIT 3 2173277962421 506 3803997646037447011
HIT 3 2177572929717 507 8490285130491408029
HIT 3 2181867897013 508 16410785034723365341
HIT 3 2186162864309 509 15589679934318859050
HIT 3 2190457831605 510 5860606266867963361
HIT 3 2194752798901 511 13403566312079978582
HIT 3 1614932279477 376 12487943387330944458
HIT 3 1619227246773 377 1044218970263543760
HIT 3 1623522214069 378 9255126503731925186
HIT 3 1709421559989 398 12428498556097600157
HIT 3 1718011494581 400 877195111611877620
HIT 3 1722306461877 401 9540002530775388224
HIT 3 1726601429173 402 13572410310642575866
HIT 3 1988594434229 463 11096907260856262391
HIT 3 1992889401525 464 15576234914905654700
HIT 3 1997184368821 465 8949683987131676041
HIT 3 2005774303413 467 9441201996012976974
HIT 3 1709421625525 398 9609154495641094849
HIT 3 1718011560117 400 10202891869866993622
HIT 3 1722306527413 401 75873832754830691
HIT 3 1726601494709 402 2543991299995663956
HIT 3 1988594499765 463 15015022213075967947
HIT 3 1992889467061 464 18062913223656019699
HIT 3 1997184434357 465 3636448209976584425
HIT 3 2005774368949 467 4080701224001786858
HIT 3 1623522345141 378 377476954068639279
HIT 3 1718011625653 400 12157533375072813597
HIT 3 1997184499893 465 17667677200070281700
HIT 3 1718011691189 400 5150427654508706062
HIT 3 1997184565429 465 1956758204379808816
HIT 3 1718011756725 400 5146013689730732767
HIT 3 1997184630965 465 3403037435794450639
HIT 3 1718011822261 400 16651808037617142945
HIT 3 1997184696501 465 1155442322181312200
HIT 3 1718011887797 400 13954091006865600867
HIT 3 1997184762037 465 4509201586771195332
HIT 3 1718011953333 400 1862846354938208531
HIT 3 1997184827573 465 12295405074398737305
HIT 3 1718012018869 400 820661203324420464
HIT 3 1997184893109 465 16472480458548462777
HIT 3 1718012084405 400 16986464842245420764
HIT 3 1997184958645 465 11125631881569540659
HIT 3 1718012149941 400 9877209282786729316
HIT 3 1997185024181 465 15873888405750736504
HIT 3 1718012215477 400 797269551669389616
HIT 3 1997185089717 465 11038954817780919380
HIT 3 1718012281013 400 7318358547625240446
HIT 3 1997185155253 465 7746771474339538279
HIT 3 1718012346549 400 13856983147289987975
HIT 3 1997185220789 465 12827337919176358524
HIT 3 1718012412085 400 8457809088078527224
HIT 3 1997185286325 465 588405910910838971
HIT 3 1718012477621 400 9857220013056744088
HIT 3 1997185351861 465 16612795178259106390
HIT 3 1718012543157 400 1077586996770531734
HIT 3 1997185417397 465 7749649692749203859
HIT 3 1718012608693 400 314056966904040831
HIT 3 1997185482933 465 2246099533523368883
HIT 3 1718012674229 400 8391224461203493924
HIT 3 1997185548469 465 1507496096826157711
HIT 3 1718012739765 400 8540273643981958246
HIT 3 1997185614005 465 2769878040922822408
HIT 3 1718012805301 400 1799216068343452790
HIT 3 1997185679541 465 16194820824667576912
HIT 3 1709422936245 398 14368835308484620659
HIT 3 1718012870837 400 8297735926182173683
HIT 3 1997185745077 465 17602725823232172538
HIT 3 1718012936373 400 14368835308484620659
HIT 3 1997185810613 465 18226968137453959848
HIT 3 1718013001909 400 7254407703896554992
HIT 3 1988595941557 463 11741515003137207764
HIT 3 1992890908853 464 1948787696629786764
HIT 3 1997185876149 465 12142894478669754670
HIT 3 2005775810741 467 10622352432002170472
HIT 3 1718013067445 400 15044165160764280277
HIT 3 1726603002037 402 7254407703896554992
HIT 3 1997185941685 465 9676313986883854402
HIT 3 1726603067573 402 10365361479696049284
HIT 3 1730898034869 403 7087213291070376939
HIT 3 1735193002165 404 3773109422157221923
HIT 3 1739487969461 405 6247283683889196854
HIT 3 1743782936757 406 12757350248911421561
HIT 3 1748077904053 407 8435352897365079808
HIT 3 1752372871349 408 9364810360359841200
HIT 3 1756667838645 409 3929755627927645267
HIT 3 1760962805941 410 807888792337119040
HIT 3 1765257773237 411 6944105557084943498
HIT 3 1769552740533 412 13743058722506687315
HIT 3 1773847707829 413 8518268240597825787
HIT 3 1778142675125 414 10124007550963547668
HIT 3 1782437642421 415 4723119055975577345
HIT 3 1786732609717 416 9500347834935401644
HIT 3 1791027577013 417 9867151970324508332
HIT 3 1795322544309 418 5784911149710313239
HIT 3 1799617511605 419 4151080492449089128
HIT 3 1803912478901 420 15733749803315313026
HIT 3 1808207446197 421 11926108028559115822
HIT 3 1812502413493 422 9498835291237909042
HIT 3 1816797380789 423 1433352464092338679
HIT 3 1821092348085 424 9830604516781762320
HIT 3 1825387315381 425 15988986743621480403
HIT 3 1829682282677 426 4173400549995666235
HIT 3 1833977249973 427 1851141576477834010
HIT 3 1838272217269 428 6428261615578990769
HIT 3 1842567184565 429 13200194613456535904
HIT 3 1846862151861 430 5024200970449996872
HIT 3 1851157119157 431 18106949092433739166
HIT 3 1855452086453 432 15973831606628707541
HIT 3 1859747053749 433 10167144396175356523
HIT 3 1864042021045 434 4004138875062275658
HIT 3 1868336988341 435 17919238666792670180
HIT 3 1872631955637 436 15495023348603241133
HIT 3 1876926922933 437 12559834327601870833
HIT 3 1881221890229 438 18220306582261698532
HIT 3 1885516857525 439 2877492496646513522
HIT 3 1889811824821 440 4680049932222452094
HIT 3 1894106792117 441 11650055974072315607
HIT 3 1898401759413 442 5164906200556390981
HIT 3 1902696726709 443 8520402829238416370
HIT 3 1906991694005 444 16474306197050678893
HIT 3 1911286661301 445 12865734614418005340
HIT 3 1915581628597 446 6285903690020651876
HIT 3 1919876595893 447 15311178941534325411
HIT 3 1924171563189 448 18056364028544225747
HIT 3 1928466530485 449 6473254721513736197
HIT 3 1932761497781 450 13920128666797096500
HIT 3 1937056465077 451 10872382111679766962
HIT 3 1941351432373 452 2479255783280910362
HIT 3 1945646399669 453 6682066082712950264
HIT 3 1949941366965 454 10083542229012988457
HIT 3 1954236334261 455 2356480124920982245
HIT 3 1958531301557 456 18443740725884118146
HIT 3 1962826268853 457 7850475140721456693
HIT 3 1967121236149 458 3033588082905326115
HIT 3 1971416203445 459 16344423497169784418
HIT 3 1975711170741 460 12352701242020991623
HIT 3 1980006138037 461 234553165859553717
HIT 3 1984301105333 462 14165665551279655480
HIT 3 1988596072629 463 9494846086190110404
HIT 3 1992891039925 464 7958688078972904698
HIT 3 1997186007221 465 7794406137964386972
HIT 3 2001480974517 466 2789464747550883922
HIT 3 2005775941813 467 18030006165104859822
HIT 3 2010070909109 468 9663362395342881413
HIT 3 2014365876405 469 3190486322253423525
HIT 3 2018660843701 470 15005316380266507904
HIT 3 2022955810997 471 1143582904228154532
HIT 3 2027250778293 472 5016689648423016330
HIT 3 2031545745589 473 11809177766040555541
HIT 3 2035840712885 474 5994342467090922949
HIT 3 2040135680181 475 6641728562868294199
HIT 3 2044430647477 476 7553931549982687447
HIT 3 2048725614773 477 16660013242289026392
HIT 3 2053020582069 478 14155237944439800294
HIT 3 2057315549365 479 14428498372223793496
HIT 3 2061610516661 480 15543030836225600616
HIT 3 2065905483957 481 10636885208177746980
HIT 3 2070200451253 482 2898775967457360459
HIT 3 2074495418549 483 9743440116257598140
HIT 3 2078790385845 484 14575491719691821616
HIT 3 2083085353141 485 6361669371609766583
HIT 3 2087380320437 486 7733026628502520738
HIT 3 2091675287733 487 4608536849788561884
HIT 3 2095970255029 488 5934376172807804569
HIT 3 2100265222325 489 16004974785326047426
HIT 3 2104560189621 490 9426820444569066255
HIT 3 2108855156917 491 4594913687360569248
HIT 3 2113150124213 492 15735434143194305853
HIT 3 2117445091509 493 4174720037198516620
HIT 3 2121740058805 494 3961955016455216640
HIT 3 2126035026101 495 8199443584925896759
HIT 3 2130329993397 496 12002854967826742553
HIT 3 2134624960693 497 3433800882377115675
HIT 3 2138919927989 498 8855277495657591400
HIT 3 2143214895285 499 11122843913178605150
HIT 3 2147509862581 500 9376810632295857430
HIT 3 2151804829877 501 2193803438035498065
HIT 3 2156099797173 502 12347462200509217043
HIT 3 2160394764469 503 4710200960594479610
HIT 3 2164689731765 504 5797605714680714010
HIT 3 2168984699061 505 10970014574168965037
HIT 3 2173279666357 506 6578715885194419668
HIT 3 2177574633653 507 14890481209213777332
HIT 3 2181869600949 508 7536409050870243520
HIT 3 2186164568245 509 15734790088494549544
HIT 3 2190459535541 510 7035119516456648307
HIT 3 2194754502837 511 11408132293048863843
HIT 3 1726603133109 402 12639198784185426595
HIT 3 1730898100405 403 6247283683889196854
HIT 3 1735193067701 404 10365361479696049284
HIT 3 1988596138165 463 2648776910281270342
HIT 3 1992891105461 464 13801677524309174582
HIT 3 1997186072757 465 8512704226805715120
HIT 3 2005776007349 467 14519535766445007721
HIT 3 1988596203701 463 1760717812816410431
HIT 3 1992891170997 464 3628838781401971816
HIT 3 1997186138293 465 9794534780858900328
HIT 3 2005776072885 467 1224977743435063290
HIT 3 1735193198773 404 815642215656656378
HIT 3 1997186203829 465 3649402455607226905
HIT 3 1997186269365 465 13067988507511844560
HIT 3 1997186334901 465 2843085748916687702
HIT 3 1997186400437 465 2284256831377078150
HIT 3 2005780136116 467 12683446120531442375
HIT 3 1997186465973 465 3412295503637902588
HIT 3 1997186531509 465 12496461385959487146
HIT 3 1997186597045 465 12360227813722529936
HIT 3 1997186662581 465 12534001295518111598
HIT 3 1997186728117 465 12310445616314059364
HIT 3 1997186793653 465 13248183666920582370
HIT 3 1997186859189 465 4173558576876651485
HIT 3 1997186924725 465 4160448612627179243
HIT 3 1997186990261 465 4424951856005056215
HIT 3 1997187055797 465 9978872576139680069
HIT 3 1997187121333 465 16684339671799353699
HIT 3 1997187186869 465 11251985020638828742
HIT 3 1997187252405 465 5200511424948100490
HIT 3 1997187317941 465 7429823070446396193
HIT 3 1997187383477 465 3219560365911128034
HIT 3 1997187449013 465 17848365868536802082
HIT 3 1997187514549 465 16713198052008330653
HIT 3 1997187580085 465 10245277607182145743
HIT 3 1997187645621 465 12588730455102147374
HIT 3 1997187711157 465 13045222731119505575
HIT 3 1997187776693 465 6116003513356212850
HIT 3 1997187842229 465 15138984026440847290
HIT 3 1997187907765 465 7758938542920198280
HIT 3 1997187973301 465 12311997125967749756
HIT 3 1997188038837 465 12346477984978243677
HIT 3 1997188104373 465 12161258739613032031
HIT 3 1997188169909 465 10439845191980723411
HIT 3 1997188235445 465 17262301264204676176
HIT 3 1997188300981 465 15912254043592764782
HIT 3 1997188366517 465 7058162087004267803
HIT 3 1997188432053 465 12833824610041486761
HIT 3 1997188497589 465 15221654690237325937
HIT 3 1997188563125 465 2251775766745722231
HIT 3 1997188628661 465 8771926979952421981
HIT 3 1997188694197 465 6106527170917980413
HIT 3 1997188759733 465 12139743793369064099
HIT 3 1997188825269 465 15160995245556787877
HIT 3 1997188890805 465 12583831566827393232
HIT 3 1997188956341 465 9117037971499980059
HIT 3 1997189021877 465 402565838397800721
HIT 3 1997189087413 465 17133840948295134428
HIT 3 1997189152949 465 18200671896994815821
HIT 3 1997189218485 465 16172456995580944508
HIT 3 1997189284021 465 17742500358243195849
HIT 3 1997189349557 465 18159606017798892815
HIT 3 1997189415093 465 797123102798486542
HIT 3 1997189480629 465 1762804584291052439
HIT 3 1997189546165 465 4487353311395201835
HIT 3 1997189611701 465 14900607914205449144
HIT 3 1997189677237 465 2773580929392746808
HIT 3 1997189742773 465 4118683315457446198
HIT 3 1997189808309 465 7105358234889654536
HIT 3 1997189873845 465 1129569548189275180
HIT 3 1997189939381 465 2100192859244430724
HIT 3 1988600070325 463 2100192859244430724
HIT 3 1997190004917 465 13128637193658642936
HIT 3 1997190070453 465 2726711298546911930
HIT 3 2005780005045 467 14893056307438736249
HIT 3 1997190135989 465 14893056307438736249
HIT 3 2001485168821 466 18405090077661886443
HIT 3 2005780136117 467 9387922843538330167
HIT 3 2014370070709 469 3691935258693160763
HIT 3 2001485234357 466 17225628161405241804
HIT 3 2005780201653 467 3691935258693160763
HIT 3 2010075168949 468 18405090077661886443
HIT 3 2014370136245 469 12051731147453920608
HIT 3 2018665103541 470 10032262611364370420
HIT 3 2022960070837 471 6452381478038022920
HIT 3 2027255038133 472 4202146348923098108
HIT 3 2031550005429 473 17379808548689315025
HIT 3 2035844972725 474 436967421242907464
HIT 3 2040139940021 475 8555643323930246029
HIT 3 2044434907317 476 18223656457930640398
HIT 3 2048729874613 477 5673958406028188821
HIT 3 2053024841909 478 1527175612242101999
HIT 3 2057319809205 479 6870828437489444688
HIT 3 2061614776501 480 2323520677313631001
HIT 3 2065909743797 481 8830054783176413836
HIT 3 2070204711093 482 14537696119916334274
HIT 3 2074499678389 483 4947305867331021101
HIT 3 2078794645685 484 13871648570879826346
HIT 3 2083089612981 485 14564539968647803037
HIT 3 2087384580277 486 9941983946604230962
HIT 3 2091679547573 487 167919071952762025
HIT 3 2095974514869 488 1757440589253586891
HIT 3 2100269482165 489 16916443217853393881
HIT 3 2104564449461 490 3579761883845579360
HIT 3 2108859416757 491 15042418046460829691
HIT 3 2113154384053 492 6506808591068174785
HIT 3 2117449351349 493 4521729646149594422
HIT 3 2121744318645 494 9007880218563708343
HIT 3 2126039285941 495 4132042107118907083
HIT 3 2130334253237 496 1315415877802209871
HIT 3 2134629220533 497 14083500648763474621
HIT 3 2138924187829 498 9509651546659066653
HIT 3 2143219155125 499 2640494050156561104
HIT 3 2147514122421 500 17610815045071872025
HIT 3 2151809089717 501 13344104724874744388
HIT 3 2156104057013 502 17738718031430784397
HIT 3 2160399024309 503 10147186025244538340
HIT 3 2164693991605 504 12507739634575720194
HIT 3 2168988958901 505 7658136631425118071
HIT 3 2173283926197 506 9520979015826661943
HIT 3 2177578893493 507 2365901338998615268
HIT 3 2181873860789 508 6653963196513729503
HIT 3 2186168828085 509 240871904602559761
HIT 3 2190463795381 510 10799957920049887125
HIT 3 2194758762677 511 6360162912344360264
HIT 3 2014370201781 469 9370162831864342653
HIT 3 1718011429046 400 3041476007668978173
HIT 3 1997184303286 465 1503755090468302253
HIT 3 1997186007222 465 8064884407291497726
HIT 3 1718011297975 400 18160614512359140177
HIT 3 1997184172215 465 5218754548618394811
HIT 3 1709421494455 398 8557865405184057523
HIT 3 1718011429047 400 7577854392654251
HIT 3 1722306396343 401 17287250838842291691
HIT 3 1726601363639 402 8243538263034369829
HIT 3 1988594368695 463 17988847754400072333
HIT 3 1992889335991 464 13047360763755776776
HIT 3 1997184303287 465 17974949144203111364
HIT 3 2005774237879 467 8360091133810084991
HIT 3 1614932279479 376 334293063537685213
HIT 3 1718011494583 400 16541141894404205916
HIT 3 1997184368823 465 2996676929414779591
HIT 3 1718011560119 400 288745165742006887
HIT 3 1997184434359 465 3432599224005684805
HIT 3 1997185876151 465 14176288940193488177
HIT 3 1988596072631 463 9867224053634967765
HIT 3 1992891039927 464 1112788124647990596
HIT 3 1997186007223 465 14017127619207268681
HIT 3 2005775941815 467 15116673023872194104
HIT 3 1726603133111 402 9573086346029836350
HIT 3 1997186072759 465 13975656804141285890
HIT 3 1997186138295 465 1694533149032167125
HIT 3 2005780136119 467 12524105044091568743
HIT 3 1718011429050 400 7346064608419024691
HIT 3 1718011429048 400 9661258458872079988
HIT 3 1997184303290 465 17677964370536965078
HIT 3 1997184303288 465 984501297690798158
HIT 3 1997186007226 465 15490623151226699791
HIT 3 1997186007224 465 12401688402525505501
HIT 3 1718011429049 400 371741196255479452
HIT 3 1997184303289 465 8697883738873659493
HIT 3 1997186007225 465 13809811524663447074
HIT 3 1718011429051 400 14943639343534176692
HIT 3 1997184303291 465 4491113359438771492
HIT 3 1997186007227 465 7221390508002129553
HIT 3 1718011429052 400 6925855953061995803
HIT 3 1997184303292 465 17659229020681161610
HIT 3 1997186007228 465 7797499597502781670
HIT 3 1718011429053 400 8421808499145201789
HIT 3 1997184303293 465 13814540076427823690
HIT 3 1718011429055 400 18236984912275337724
HIT 3 1997184303295 465 12684800564752984840
HIT 3 1997186007231 465 4877729263013915188
HIT 3 1997186007229 465 12691955016397935451
HIT 3 1718011429054 400 17709476502860865249
HIT 3 1997184303294 465 3840864702359629254
HIT 3 1997186007230 465 894737834831727589
HIT 3 1718011429057 400 7678056953123783090
HIT 3 1997184303297 465 5683401954136324083
HIT 3 1997186007233 465 859255256567362288
HIT 3 1718011429060 400 12528938847707423649
HIT 3 1997184303300 465 8958866841295435388
HIT 3 1997186007236 465 8169274602166987457
HIT 3 1718011429056 400 5499170092079261161
HIT 3 1997184303296 465 17302348672213591863
HIT 3 1997186007232 465 7188508241822462234
HIT 3 1718011429061 400 10258452139369865797
HIT 3 1997184303301 465 14799442529670407396
HIT 3 1997186007237 465 1124716756787991423
HIT 3 1718011429058 400 5229890225103339654
HIT 3 1997184303298 465 12027339480513494141
HIT 3 1997186007234 465 12312123674189444050
HIT 3 1718011429062 400 3133262408234832218
HIT 3 1997184303302 465 3556897915371261283
HIT 3 1997186007238 465 1204009468506434458
HIT 3 1718011429059 400 2674082908004664777
HIT 3 1997184303299 465 18236440611387727393
HIT 3 1997186007235 465 15314257536794225855
HIT 3 1718011429064 400 9708934466194381944
HIT 3 1997184303304 465 7359791115702221996
HIT 3 1997186007240 465 9103416096625252234
HIT 3 1718011429067 400 2953109808600080279
HIT 3 1997184303307 465 13093737098900939005
HIT 3 1997186007243 465 11754612182986205501
HIT 3 1718011429063 400 17746637376046653045
HIT 3 1997184303303 465 2544693906796029012
HIT 3 1997186007239 465 10147952789074720881
HIT 3 1718011429065 400 1317770133795015446
HIT 3 1997184303305 465 413640774952279251
HIT 3 1997186007241 465 3549404764638912062
HIT 3 1718011429066 400 3797591230172756974
HIT 3 1997184303306 465 9581524329739044435
HIT 3 1997186007242 465 11935889755365871531
HIT 3 1718011429069 400 15619692569518963459
HIT 3 1997184303309 465 11975867137356192337
HIT 3 1997186007245 465 6345061155798888718
HIT 3 1718011429068 400 11511161222354336706
HIT 3 1997184303308 465 12725437014603223364
HIT 3 1997186007244 465 7910563914709596681
HIT 3 1718011429072 400 16039835489314229422
HIT 3 1997184303312 465 12776984205860276501
HIT 3 1997186007248 465 4229977176612097074
HIT 3 1718011429071 400 4269355494997456469
HIT 3 1997184303311 465 15313266422705705719
HIT 3 1718011429070 400 8445470461780677555
HIT 3 1997184303310 465 7872592065919796212
HIT 3 1718011429073 400 6240593466896436443
HIT 3 1997184303313 465 2358679624199491830
HIT 3 1997186007246 465 412667055680127367
HIT 3 1997186007249 465 4670330151568774346
HIT 3 1997186007247 465 4871839243224551454
HIT 3 1718011429074 400 17752443122207004574
HIT 3 1997184303314 465 9017143424655956627
HIT 3 1997186007250 465 10479366437154404848
HIT 3 1718011429075 400 13514482176288938770
HIT 3 1997184303315 465 2886871225526103646
HIT 3 1997186007251 465 14668362560399380300
HIT 3 1718011429078 400 3719038607061502030
HIT 3 1997184303318 465 1499421668000977144
HIT 3 1997186007254 465 7998022560498070223
HIT 3 1718011429077 400 15030909897052849051
HIT 3 1997184303317 465 1660592390857851548
HIT 3 1718011429076 400 18087850777233930610
HIT 3 1997184303316 465 5787821708222175841
HIT 3 1997186007253 465 8111823796739654750
HIT 3 1997186007252 465 17177449456615068471
HIT 3 1718011429079 400 4238449999767355584
HIT 3 1997184303319 465 2174853872495758438
HIT 3 1997186007255 465 12341768572987608475
HIT 3 1718011429080 400 8773716176842888628
HIT 3 1997184303320 465 2865983647230467920
HIT 3 1997186007256 465 6205588185346364327
HIT 3 1718011429081 400 11302279956830159475
HIT 3 1997184303321 465 17583467063060120082
HIT 3 1997186007257 465 10973690284321707841
HIT 3 1718011429084 400 9569567821291904558
HIT 3 1997184303324 465 5949077060236201516
HIT 3 1718011429083 400 8354547083332170912
HIT 3 1997184303323 465 6125250764332623072
HIT 3 1997186007260 465 8053861182294673690
HIT 3 1718011429082 400 2718265949065748527
HIT 3 1997184303322 465 2444588627310361342
HIT 3 1997186007259 465 15769446112754958266
HIT 3 1997186007258 465 1304590541403703587
HIT 3 1718011429087 400 10019043245255476639
HIT 3 1997184303327 465 17475676360469991671
HIT 3 1718011429086 400 5203146481956358155
HIT 3 1997184303326 465 227436096766104743
HIT 3 1997186007263 465 17142594525908140082
HIT 3 1718011429085 400 13263003611752067674
HIT 3 1997184303325 465 7432094811040766724
HIT 3 1997186007261 465 8554204783461535153
HIT 3 1997186007262 465 10565009923379830958
HIT 3 1718011429088 400 5509727351895461023
HIT 3 1997184303328 465 15496681249991416645
HIT 3 1997186007264 465 2399059917390790640
HIT 3 1718011429090 400 7354194735461561099
HIT 3 1997184303330 465 8506915609480602617
HIT 3 1997186007266 465 14827185603665949732
HIT 3 1718011429091 400 15595534611344727130
HIT 3 1997184303331 465 15322622947993841713
HIT 3 1997186007267 465 2852377984111087025
HIT 3 1718011429089 400 6464678822341228537
HIT 3 1997184303329 465 14793283566661256769
HIT 3 1718011429092 400 3922356273857923268
HIT 3 1997184303332 465 7584530235996372966
HIT 3 1997186007265 465 13041035479439466587
HIT 3 1997186007268 465 5644749625644045135
HIT 3 1718011429093 400 11039816174801786805
HIT 3 1997184303333 465 17596931443681844264
HIT 3 1997186007269 465 307833610966426888
HIT 3 1718011429095 400 15471232072659115898
HIT 3 1997184303335 465 736931207549916673
HIT 3 1718011429094 400 11014834290149169794
HIT 3 1997184303334 465 10160272810915157363
HIT 3 1997186007270 465 12428974412365089506
HIT 3 1997186007271 465 4224915734698086812
HIT 3 1718011429097 400 3528066618787560575
HIT 3 1997184303337 465 9537872530668472708
HIT 3 1997186007273 465 16978939021301636502
HIT 3 1718011429096 400 14812231650229931134
HIT 3 1997184303336 465 12568668715858551647
HIT 3 1997186007272 465 16101019846553106299
HIT 3 1718011429098 400 4915778283729417087
HIT 3 1997184303338 465 15570195034170284901
HIT 3 1997186007274 465 3142984675593120746
HIT 3 1718011429099 400 13913998582297552659
HIT 3 1997184303339 465 11854125889557955047
HIT 3 1997186007275 465 7813095108501544757
HIT 3 1718011429100 400 7161464463664890608
HIT 3 1997184303340 465 1797686109784432810
HIT 3 1997186007276 465 9434885917107002115
HIT 3 1718011429101 400 9388754717229176408
HIT 3 1997184303341 465 17162340644917885447
HIT 3 1997186007277 465 4123499923359492389
HIT 3 1718011429102 400 8904863408083707304
HIT 3 1997184303342 465 6761310898796720579
HIT 3 1997186007278 465 6689960256262276929
HIT 3 1718011429103 400 8492907234709821968
HIT 3 1997184303343 465 13031815275348403832
HIT 3 1997186007279 465 16372607414071097294
HIT 3 1718011429106 400 2198607267839305456
HIT 3 1997184303346 465 2664436866217799658
HIT 3 1718011429104 400 12121913887402563121
HIT 3 1997184303344 465 18272063203095585193
HIT 3 1997186007282 465 4970980065365284258
HIT 3 1718011429105 400 1724015305915040443
HIT 3 1997184303345 465 2177272865711336508
HIT 3 1997186007280 465 207814545694386077
HIT 3 1997186007281 465 6309934311640786935
HIT 3 1718011429107 400 108948133425124855
HIT 3 1997184303347 465 8712494199767847522
HIT 3 1997186007283 465 17085542994342378548
HIT 3 1718011429108 400 1114962018492855466
HIT 3 1997184303348 465 4180666554557281202
HIT 3 1997186007284 465 15352848493943456437
HIT 3 1718011429110 400 10623019492879787957
HIT 3 1997184303350 465 6313804106782206904
HIT 3 1997186007286 465 6216369316156757606
HIT 3 1718011429109 400 14311151898505057403
HIT 3 1997184303349 465 205730333907380190
HIT 3 1997186007285 465 16340867966383004399
HIT 3 1718011429113 400 1808831511378347962
HIT 3 1997184303353 465 2542222631667194339
HIT 3 1718011429112 400 4755019701788476014
HIT 3 1997184303352 465 17514783724620223634
HIT 3 1718011429111 400 14288926610545928385
HIT 3 1997184303351 465 3643026257645372288
HIT 3 1997186007289 465 17494409990278730344
HIT 3 1997186007288 465 10137221685443546360
HIT 3 1997186007287 465 10556541929361959802
HIT 3 1718011429114 400 3680711249636060491
HIT 3 1997184303354 465 7347216056165485957
HIT 3 1718011429115 400 7745314838465151612
HIT 3 1997184303355 465 12226012387158859374
HIT 3 1997186007290 465 6411178306002185316
HIT 3 1718011429117 400 3746828334483745916
HIT 3 1997186007291 465 12553869825657544830
HIT 3 1718011429116 400 4979139244482078012
HIT 3 1997184303356 465 722156144688935969
HIT 3 1997184303357 465 2407480273787740921
HIT 3 1997186007292 465 3380213478656347611
HIT 3 1997186007293 465 17582754995956795765
HIT 3 1718011429119 400 15136527536300213311
HIT 3 1997184303359 465 16704361240600892389
HIT 3 1718011429118 400 11460287729070005311
HIT 3 1997184303358 465 7661632119873568807
HIT 3 1997186007294 465 9690500109986625503
HIT 3 1997186007295 465 14501305487702238722
HIT 3 1718011429120 400 14336192511564425431
HIT 3 1997184303360 465 15135643200047775244
HIT 3 1718011429121 400 13693732882661872554
HIT 3 1997184303361 465 12344463290302130934
HIT 3 1997186007296 465 13693963933925315796
HIT 3 1997186007297 465 11201517682061536450
HIT 3 1718011429122 400 1404923519635176268
HIT 3 1997184303362 465 7032685742632658028
HIT 3 1997186007298 465 6447447757009363438
HIT 3 1718011429123 400 13839770072251742161
HIT 3 1997184303363 465 754738918792739515
HIT 3 1997186007299 465 6609957689134116261
HIT 3 1718011429125 400 13892143577075656832
HIT 3 1997184303365 465 3510454231995910162
HIT 3 1718011429124 400 12892971284658923123
HIT 3 1997184303364 465 15128137626832514649
HIT 3 1997186007301 465 1382709743528020825
HIT 3 1997186007300 465 1041965551630315581
HIT 3 1718011429126 400 13934008110243229817
HIT 3 1997184303366 465 3210077744487455961
HIT 3 1997186007302 465 7218462993946441421
HIT 3 1718011429127 400 15883713948580569044
HIT 3 1997184303367 465 7808499805178349167
HIT 3 1997186007303 465 14249381678872281461
HIT 3 1718011429129 400 1201828502217707228
HIT 3 1997184303369 465 15994205663691815584
HIT 3 1997186007305 465 1545641309379474875
HIT 3 1718011429128 400 8764850885519614148
HIT 3 1997184303368 465 3420615463282000954
HIT 3 1718011429130 400 12325951181493978721
HIT 3 1997184303370 465 3759966884334376763
HIT 3 1997186007306 465 14101107842618094860
HIT 3 1997186007304 465 13842238273431938373
HIT 3 1718011429131 400 9467377685242119622
HIT 3 1997184303371 465 1487004294716548189
HIT 3 1718011429133 400 15734396989013886839
HIT 3 1997184303373 465 10028473359158934389
HIT 3 1718011429132 400 4876680157170425686
HIT 3 1997184303372 465 10361919020994752124
HIT 3 1997186007307 465 14937773822863955240
HIT 3 1997186007309 465 6389872271260492878
HIT 3 1997186007308 465 4030487518889126449
HIT 3 1718011429134 400 202637832964760000
HIT 3 1997184303374 465 15712335636884153861
HIT 3 1997186007310 465 3294687210343355931
HIT 3 1718011429136 400 17207601517987594235
HIT 3 1997184303376 465 7238029892583709569
HIT 3 1997186007312 465 1984744953824296343
HIT 3 1718011429135 400 1483025608535879122
HIT 3 1997184303375 465 9836043202862698920
HIT 3 1997186007311 465 13116815843338008316
HIT 3 1718011429137 400 17486109128282684421
HIT 3 1997184303377 465 17022738084125625007
HIT 3 1997186007313 465 8909580036017845573
HIT 3 1718011429138 400 8783666220416416894
HIT 3 1997184303378 465 18382241916073467992
HIT 3 1718011429139 400 275921668414079270
HIT 3 1997184303379 465 16148719961481494481
HIT 3 1997186007315 465 15454960447632016246
HIT 3 1997186007314 465 11850424835477487355
HIT 3 1718011429140 400 10539365830491868046
HIT 3 1997184303380 465 2445385285007267340
HIT 3 1997186007316 465 17720642645081399905
HIT 3 1718011429141 400 6779193637907252942
HIT 3 1997184303381 465 2671602467332611571
HIT 3 1718011429142 400 14274970772212823555
HIT 3 1997184303382 465 2179020993327507373
HIT 3 1997186007318 465 6555542764583603374
HIT 3 1997186007317 465 2565533874026817436
HIT 3 1718011429143 400 2745899923726435738
HIT 3 1997184303383 465 9764834025817542850
HIT 3 1997186007319 465 1561050334308445193
HIT 3 1718011429144 400 17775953119475761357
HIT 3 1997184303384 465 893003011665349383
HIT 3 1997186007320 465 5120999023353182579
HIT 3 1718011429145 400 7994837776698076046
HIT 3 1997184303385 465 1849112339877888174
HIT 3 1718011429146 400 4727255202598246896
HIT 3 1997184303386 465 3868999765454985662
HIT 3 1997186007321 465 8021608714916166144
HIT 3 1718011429147 400 5597049900360378173
HIT 3 1997184303387 465 11273442560200307433
HIT 3 1997186007322 465 2520226047088059914
HIT 3 1997186007323 465 2603881077432865700
HIT 3 1718011429150 400 18413495383318387282
HIT 3 1997184303390 465 8975259388132783200
HIT 3 1718011429149 400 12797605302644730709
HIT 3 1997184303389 465 9324149229745910471
HIT 3 1997186007325 465 9689866025115484644
HIT 3 1997186007326 465 9789207887253081449
HIT 3 1718011429148 400 15093388004660032785
HIT 3 1997184303388 465 17378688481980105712
HIT 3 1718011429151 400 6952071802191881637
HIT 3 1997184303391 465 8369681954213073827
HIT 3 1997186007324 465 10536695781317495939
HIT 3 1997186007327 465 14323625290263725648
HIT 3 1718011429153 400 9986285004548623993
HIT 3 1997184303393 465 330727793269609934
HIT 3 1997186007329 465 18341542471411442268
HIT 3 1718011429152 400 11830689614510999948
HIT 3 1997184303392 465 2581250532966641347
HIT 3 1997186007328 465 12515904916447724962
HIT 3 1718011429154 400 3467900913048038272
HIT 3 1997184303394 465 8886368011127339319
HIT 3 1718011429155 400 2176848515730450356
HIT 3 1997184303395 465 4039350828633929385
HIT 3 1997186007330 465 7135710917162623370
HIT 3 1997186007331 465 11299562485546285361
HIT 3 1718011429156 400 10066695697776464539
HIT 3 1997184303396 465 15468198795208131014
HIT 3 1997186007332 465 2997460100421492535
HIT 3 1718011429157 400 17253279310805417626
HIT 3 1997184303397 465 4454558513780635886
HIT 3 1997186007333 465 7407965707246223942
HIT 3 1718011429159 400 5048210791917128991
HIT 3 1997184303399 465 5715620857536770749
HIT 3 1997186007335 465 9248226185357638340
HIT 3 1718011429158 400 334425539893067518
HIT 3 1997184303398 465 10506668524067783400
HIT 3 1718011429160 400 4939275464556374442
HIT 3 1997184303400 465 14308300138965170540
HIT 3 1997186007334 465 6335346708126766119
HIT 3 1718011429161 400 15099979028888526409
HIT 3 1997184303401 465 2488089341075913178
HIT 3 1997186007336 465 7409776111257969652
HIT 3 1997186007337 465 10238431197651385865
HIT 3 1718011429162 400 5304038437194845243
HIT 3 1997184303402 465 7444278470331087706
HIT 3 1997186007338 465 1458765664642377663
HIT 3 1718011429166 400 7042106849896834406
HIT 3 1997184303406 465 13180814884419562363
HIT 3 1718011429164 400 12554164262679895914
HIT 3 1997184303404 465 3103173020978343676
HIT 3 1997186007342 465 11484142439515104973
HIT 3 1718011429165 400 1633622962984239408
HIT 3 1997184303405 465 8659837939845916554
HIT 3 1718011429163 400 16071296495306113441
HIT 3 1997184303403 465 10633999497583494625
HIT 3 1997186007340 465 7058060350367646956
HIT 3 1997186007339 465 2723568703962193054
HIT 3 1997186007341 465 15923436477077564655
HIT 3 1718011429167 400 1741922678208984130
HIT 3 1997184303407 465 2348950884247053167
HIT 3 1997186007343 465 15843787989699490840
HIT 3 1718011429171 400 18389620151507335670
HIT 3 1997184303411 465 9222634662554616539
HIT 3 1997186007347 465 5159036607977561912
HIT 3 1718011429168 400 4595052135178911295
HIT 3 1997184303408 465 7485794582465512946
HIT 3 1718011429169 400 10964241936141180030
HIT 3 1997184303409 465 12393569303520460707
HIT 3 1718011429170 400 7496788273527183143
HIT 3 1997184303410 465 16538183401219120442
HIT 3 1997186007344 465 12454126930895266871
HIT 3 1997186007346 465 14048353384859344942
HIT 3 1718011429172 400 15598016061107089841
HIT 3 1997184303412 465 8725494625869967941
HIT 3 1997186007345 465 9929265056352544891
HIT 3 1997186007348 465 18179853453427865729
HIT 3 1718011429175 400 5897331635750321819
HIT 3 1997184303415 465 4942999510463101255
HIT 3 1718011429173 400 6879081398910230625
HIT 3 1997184303413 465 12763736380465079890
HIT 3 1718011429174 400 5191512540127994485
HIT 3 1997184303414 465 5857163698438805254
HIT 3 1997186007349 465 4276682674329336327
HIT 3 1997186007351 465 14771165536299289038
HIT 3 1718011429176 400 2361854346019422190
HIT 3 1997184303416 465 5580529968866729103
HIT 3 1997186007350 465 15439800790525330291
HIT 3 1997186007352 465 17620718666661866413
HIT 3 1718011429177 400 15105486230272333241
HIT 3 1997184303417 465 5345651642391680176
HIT 3 1997186007353 465 11751149559964475897
HIT 3 1718011429178 400 5761998171595847972
HIT 3 1997184303418 465 5170465689997299115
HIT 3 1997186007354 465 5331879728369148452
HIT 3 1718011429179 400 373485152403951213
HIT 3 1997184303419 465 15693510325940443432
HIT 3 1997186007355 465 12352296102946296934
HIT 3 1718011429181 400 17657465277537745821
HIT 3 1997184303421 465 8613624225601444487
HIT 3 1718011429180 400 833485482490045558
HIT 3 1997184303420 465 17294191213743455739
HIT 3 1997186007357 465 8014583219139505872
HIT 3 1997186007356 465 8727997594525774446
HIT 3 1718011429182 400 14502321198100445811
HIT 3 1997184303422 465 1938747670555715148
HIT 3 1997186007358 465 15162396956620561436
HIT 3 1718011429183 400 15008661166476927725
HIT 3 1997184303423 465 9200257367245572989
HIT 3 1718011429184 400 17412611898141670037
HIT 3 1997184303424 465 6205875643747213109
HIT 3 1997186007359 465 11243181839163773750
HIT 3 1997186007360 465 2225625337807582514
HIT 3 1718011429185 400 600762728090927907
HIT 3 1997184303425 465 1972228602159713209
HIT 3 1997186007361 465 9164531362022103207
HIT 3 1718011429186 400 9026792844526756919
HIT 3 1997184303426 465 4200169963669176701
HIT 3 1997186007362 465 9203489735463999149
HIT 3 1718011429187 400 12938257726835413682
HIT 3 1997184303427 465 9188361902541404876
HIT 3 1997186007363 465 16657139395420846338
HIT 3 1718011429188 400 1448148578171498838
HIT 3 1997184303428 465 9755424112006928096
HIT 3 1718011429189 400 10666425058386351239
HIT 3 1997184303429 465 13725327837570293474
HIT 3 1997186007364 465 12292736924794507458
HIT 3 1997186007365 465 6928864885156898729
HIT 3 1718011429190 400 16232180517112990506
HIT 3 1997184303430 465 3295942851506900010
HIT 3 1997186007366 465 6633589297805401694
HIT 3 1718011429191 400 3003993432582513147
HIT 3 1997184303431 465 12032026752495404017
HIT 3 1997186007367 465 10465999399910478990
HIT 3 1718011429193 400 14908558328113172163
HIT 3 1997184303433 465 11821808237585110269
HIT 3 1718011429192 400 18289040154643469716
HIT 3 1997184303432 465 10697129831578925182
HIT 3 1718011429194 400 17847640512637729832
HIT 3 1997184303434 465 1970569798063215919
HIT 3 1997186007369 465 4332101081378029739
HIT 3 1997186007370 465 17700782912829155945
HIT 3 1997186007368 465 2802199410204848197
HIT 3 1718011429196 400 13222554502882265373
HIT 3 1997184303436 465 8559622380370533211
HIT 3 1997186007372 465 5539118924804153409
HIT 3 1718011429195 400 17696742151579434292
HIT 3 1997184303435 465 5890912431170419896
HIT 3 1718011429198 400 4721908251322991653
HIT 3 1997184303438 465 8834206923209696742
HIT 3 1718011429197 400 6576992037612110849
HIT 3 1997184303437 465 2865086485747926572
HIT 3 1997186007371 465 10496809270650185194
HIT 3 1997186007373 465 3286923010525873617
HIT 3 1718011429199 400 1541675919035238095
HIT 3 1997184303439 465 488701447421854509
HIT 3 1997186007375 465 4254975760516374636
HIT 3 1997186007374 465 16421347181473950633
HIT 3 1718011429200 400 4713666698474867796
HIT 3 1997184303440 465 8647140232361276999
HIT 3 1718011429201 400 13332476983414898799
HIT 3 1997184303441 465 892801432656684405
HIT 3 1997186007376 465 12618530077765179518
HIT 3 1997186007377 465 4855762557344600117
HIT 3 1718011429203 400 12593977311605388066
HIT 3 1997184303443 465 12538488971510371833
HIT 3 1718011429202 400 7674325086526900316
HIT 3 1997184303442 465 8474170010007075347
HIT 3 1997186007379 465 14546168131771666299
HIT 3 1997186007378 465 2310199927273118035
HIT 3 1718011429204 400 8012040911793009587
HIT 3 1997184303444 465 11894157110227723603
HIT 3 1997186007380 465 6345989134436056370
HIT 3 1718011429206 400 2182720977886603367
HIT 3 1997184303446 465 5889712065410881128
HIT 3 1718011429205 400 15197584610489842413
HIT 3 1997184303445 465 4978403083941443465
HIT 3 1997186007382 465 4993748255385950335
HIT 3 1997186007381 465 4392622453210225489
HIT 3 1718011429207 400 7949190987454007435
HIT 3 1997184303447 465 8848545568448478842
HIT 3 1997186007383 465 14834422755481317534
HIT 3 1718011429208 400 8432609127327354434
HIT 3 1997184303448 465 11677085769207913840
HIT 3 1997186007384 465 16816562198273886868
HIT 3 1718011429210 400 15098154576775446598
HIT 3 1997184303450 465 11418720419095670664
HIT 3 1997186007386 465 12948442109816706660
HIT 3 1718011429212 400 35234202411280123
HIT 3 1997184303452 465 3609348617497788392
HIT 3 1718011429211 400 7644573600810581869
HIT 3 1997184303451 465 5540035799360451576
HIT 3 1997186007388 465 10748350886082753790
HIT 3 1718011429209 400 14978205026684330990
HIT 3 1997184303449 465 3027243404217287926
HIT 3 1997186007387 465 10633370833097156717
HIT 3 1718011429213 400 8061944180966652422
HIT 3 1997184303453 465 7477661395480106007
HIT 3 1997186007385 465 5504455202958577111
HIT 3 1718011429214 400 11865893987627682867
HIT 3 1997184303454 465 7670271392186916347
HIT 3 1997186007389 465 1124913874491741993
HIT 3 1997186007390 465 11445406124920045236
HIT 3 1718011429215 400 3418997502938691065
HIT 3 1997184303455 465 780422885678457833
HIT 3 1718011429216 400 18347871835305989149
HIT 3 1997184303456 465 13763815587792330109
HIT 3 1997186007391 465 4423275950399560944
HIT 3 1718011429217 400 11998538535238457433
HIT 3 1997184303457 465 14691184662363701771
HIT 3 1997186007393 465 11294226751698134471
HIT 3 1997186007392 465 14600551009887849251
HIT 3 1718011429218 400 3649185625223028131
HIT 3 1997184303458 465 10383577153469035628
HIT 3 1997186007394 465 2464466454599054361
HIT 3 1718011429219 400 5394218135503647979
HIT 3 1997184303459 465 15935163262988144046
HIT 3 1718011429220 400 11774290777466482613
HIT 3 1997184303460 465 15374591855679177940
HIT 3 1718011429221 400 4382844530859741387
HIT 3 1997184303461 465 14163961281009200252
HIT 3 1718011429222 400 5551327038451026893
HIT 3 1997184303462 465 15933877287027300373
HIT 3 1997186007395 465 3618983401049446957
HIT 3 1997186007396 465 2089666618316745646
HIT 3 1997186007397 465 3643274318140280701
HIT 3 1997186007398 465 2434489601700573502
HIT 3 1718011429223 400 7028339596114915664
HIT 3 1997184303463 465 8450933350498860345
HIT 3 1997186007399 465 2519842125534187833
HIT 3 1718011429224 400 8734042099475215552
HIT 3 1997184303464 465 17516670226190695101
HIT 3 1718011429225 400 11105247829312702713
HIT 3 1997184303465 465 16625331137557405047
HIT 3 1997186007401 465 14660845200532644516
HIT 3 1997186007400 465 7072499134947461083
HIT 3 1718011429226 400 6404097269499795713
HIT 3 1997184303466 465 7129791348849153272
HIT 3 1997186007402 465 9110773060470207419
HIT 3 1718011429228 400 10199650985856431085
HIT 3 1997184303468 465 7063324044588963566
HIT 3 1718011429227 400 158337070691737897
HIT 3 1997184303467 465 15342193070608170493
HIT 3 1718011429229 400 8175634931991858142
HIT 3 1997184303469 465 9768519743911888750
HIT 3 1997186007404 465 6668598318196447761
HIT 3 1997186007405 465 5089759589492657417
HIT 3 1997186007403 465 11589229384570894679
HIT 3 1718011429230 400 6924549031359135403
HIT 3 1997184303470 465 18282147470330752946
HIT 3 1718011429231 400 14392896539782643475
HIT 3 1997184303471 465 4359793813249476904
HIT 3 1997186007406 465 11828345480967417704
HIT 3 1718011429232 400 3249686373521937144
HIT 3 1997184303472 465 10760825125035345610
HIT 3 1718011429233 400 6515678687232451082
HIT 3 1997184303473 465 14800989815745641045
HIT 3 1997186007409 465 2644889017044237933
HIT 3 1997186007407 465 2777713042275382623
HIT 3 1997186007408 465 14942700745317159268
HIT 3 1718011298162 400 30325566283678129
HIT 3 1997184172402 465 13693158269361011511
HIT 3 1718011429234 400 882124898096736917
HIT 3 1997184303474 465 14916838178559162883
HIT 3 1997186007410 465 15470131924694511855
HIT 3 1718011429235 400 30325566283678129
HIT 3 1997184303475 465 13693158269361011511
HIT 3 1718011429236 400 7762136378873081406
HIT 3 1997184303476 465 2477723075482051348
HIT 3 1997186007411 465 7970621246317227045
HIT 3 1718011429237 400 6463266896421820010
HIT 3 1997184303477 465 7364082345187665380
HIT 3 1718011560309 400 7762136378873081406
HIT 3 1997184434549 465 2477723075482051348
HIT 3 1997185876340 465 3211406505036562960
HIT 3 1988596072820 463 2371648277636623338
HIT 3 1992891040116 464 11844322372992994834
HIT 3 1997186007412 465 10129706196444559386
HIT 3 2005775942004 467 14775611313325064759
HIT 3 1726603133300 402 6463266896421820010
HIT 3 1997186072948 465 5348682147868677228
HIT 3 1997186138484 465 9861518647478864833
HIT 3 1997186007413 465 6142176194951903798
HIT 3 1718011560310 400 12788804322356632001
HIT 3 1997184434550 465 5027700423072060365
HIT 3 1718011625846 400 1014635305131076186
HIT 3 1997184500086 465 13581529962505572746
HIT 3 1718011691382 400 11204738807138367499
HIT 3 1997184565622 465 6486836814765065788
HIT 3 1718011756918 400 10975261881358018
HIT 3 1997184631158 465 13365062936810639688
HIT 3 1718011822454 400 3180436469897758293
HIT 3 1997184696694 465 7449937958666983287
HIT 3 1718011887990 400 14316206676952818294
HIT 3 1997184762230 465 2171642542744407998
HIT 3 1718011953526 400 3104012877311389804
HIT 3 1997184827766 465 2183564715901790316
HIT 3 1718012019062 400 13524640161863344888
HIT 3 1997184893302 465 14636190608604265609
HIT 3 1718012084598 400 9766308903334182081
HIT 3 1997184958838 465 4622704343395509001
HIT 3 1718012150134 400 6047113491244774666
HIT 3 1997185024374 465 11939803344148019290
HIT 3 1718012215670 400 16500490237667206074
HIT 3 1997185089910 465 10194601875722056952
HIT 3 1718012281206 400 9857064469396992128
HIT 3 1997185155446 465 10963756563775906746
HIT 3 1718012346742 400 8207867558904481395
HIT 3 1997185220982 465 6555137988396628503
HIT 3 1718012412278 400 17218034609970930262
HIT 3 1997185286518 465 11244665763653241814
HIT 3 1718012477814 400 665194815162848037
HIT 3 1997185352054 465 11025821307091109028
HIT 3 1718012543350 400 13628849070234141771
HIT 3 1997185417590 465 16523552992530045146
HIT 3 1718012608886 400 15910429934545955136
HIT 3 1997185483126 465 7842734409364094325
HIT 3 1718012674422 400 2898876669047203326
HIT 3 1997185548662 465 17042390139042017790
HIT 3 1718012739958 400 16280427619544446632
HIT 3 1997185614198 465 12310990118727423714
HIT 3 1718012805494 400 12328951106004620887
HIT 3 1997185679734 465 3865956152138932176
HIT 3 1709422936438 398 12338326031520633335
HIT 3 1718012871030 400 10876430646347965456
HIT 3 1997185745270 465 12503277783735535633
HIT 3 1718012936566 400 12338326031520633335
HIT 3 1997185810806 465 11965007753530881041
HIT 3 1718013002102 400 8744623541009371474
HIT 3 1988595941750 463 14370341733215178026
HIT 3 1992890909046 464 12342242783821962654
HIT 3 1997185876342 465 372660647017011498
HIT 3 2005775810934 467 3659478586577725726
HIT 3 1718013067638 400 3133010311425138804
HIT 3 1726603002230 402 8744623541009371474
HIT 3 1997185941878 465 9930257588243029045
HIT 3 1726603067766 402 181483725964579431
HIT 3 1730898035062 403 7331108597894652400
HIT 3 1735193002358 404 4882762743626097413
HIT 3 1739487969654 405 3910491452782127816
HIT 3 1743782936950 406 7247842192215598565
HIT 3 1748077904246 407 6134242150646728276
HIT 3 1752372871542 408 5439424754005233159
HIT 3 1756667838838 409 17428707895491094022
HIT 3 1760962806134 410 14692408593999888395
HIT 3 1765257773430 411 4956804764183466471
HIT 3 1769552740726 412 16306971643309256540
HIT 3 1773847708022 413 5911438374386054456
HIT 3 1778142675318 414 5548895238655449733
HIT 3 1782437642614 415 425025360270226985
HIT 3 1786732609910 416 3916257575889634148
HIT 3 1791027577206 417 7181677614556383641
HIT 3 1795322544502 418 4288816560280406938
HIT 3 1799617511798 419 7040714196776519700
HIT 3 1803912479094 420 8353086652765765462
HIT 3 1808207446390 421 14449192593994382310
HIT 3 1812502413686 422 2699412263160643179
HIT 3 1816797380982 423 10893384450164308837
HIT 3 1821092348278 424 8294028711806900909
HIT 3 1825387315574 425 6520570506374288833
HIT 3 1829682282870 426 3993100492280066820
HIT 3 1833977250166 427 2812764514204648117
HIT 3 1838272217462 428 3890614903299412805
HIT 3 1842567184758 429 7143748491260233157
HIT 3 1846862152054 430 7305297455944843084
HIT 3 1851157119350 431 11892161392089658892
HIT 3 1855452086646 432 4758239333078681687
HIT 3 1859747053942 433 2430191139671391277
HIT 3 1864042021238 434 11068292482733542700
HIT 3 1868336988534 435 2165981029038482979
HIT 3 1872631955830 436 6166949026949115125
HIT 3 1876926923126 437 11076400257844596642
HIT 3 1881221890422 438 4861903476941599009
HIT 3 1885516857718 439 10697677922594939316
HIT 3 1889811825014 440 14820818603362970835
HIT 3 1894106792310 441 14801278000973044916
HIT 3 1898401759606 442 10960630277192487849
HIT 3 1902696726902 443 11519474427935218987
HIT 3 1906991694198 444 3278342475289437393
HIT 3 1911286661494 445 1440186696683190317
HIT 3 1915581628790 446 4932367579397107585
HIT 3 1919876596086 447 1630458406914327510
HIT 3 1924171563382 448 11318787550813482492
HIT 3 1928466530678 449 13565637275090469510
HIT 3 1932761497974 450 5998370744542547403
HIT 3 1937056465270 451 2074114337741511494
HIT 3 1941351432566 452 17660593786207588620
HIT 3 1945646399862 453 7988625902691384586
HIT 3 1949941367158 454 16251959026459955140
HIT 3 1954236334454 455 1776567174542611455
HIT 3 1958531301750 456 3357607418090199313
HIT 3 1962826269046 457 14723406469101346354
HIT 3 1967121236342 458 11596026745984842045
HIT 3 1971416203638 459 9469760987952904471
HIT 3 1975711170934 460 11614191920319259319
HIT 3 1980006138230 461 12747119352733077829
HIT 3 1984301105526 462 10060440618861594053
HIT 3 1988596072822 463 4082401454242033479
HIT 3 1992891040118 464 5670667618780307348
HIT 3 1997186007414 465 15952991872865531174
HIT 3 2001480974710 466 13253449861094740124
HIT 3 2005775942006 467 2105207229310798892
HIT 3 2010070909302 468 4335828797977039866
HIT 3 2014365876598 469 9414796417154583744
HIT 3 2018660843894 470 5443159349513603019
HIT 3 2022955811190 471 14552643622696138322
HIT 3 2027250778486 472 14160782111388145199
HIT 3 2031545745782 473 3767649402272955970
HIT 3 2035840713078 474 12666318704714687688
HIT 3 2040135680374 475 8532388488057884470
HIT 3 2044430647670 476 15656859552133524958
HIT 3 2048725614966 477 14787861039081624254
HIT 3 2053020582262 478 17382687407520645082
HIT 3 2057315549558 479 8372561364196134522
HIT 3 2061610516854 480 7957459084546267131
HIT 3 2065905484150 481 11185003083022817483
HIT 3 2070200451446 482 4007301522287629500
HIT 3 2074495418742 483 16261794259414933481
HIT 3 2078790386038 484 11197230822794771621
HIT 3 2083085353334 485 15742184762302009409
HIT 3 2087380320630 486 18116852303183984132
HIT 3 2091675287926 487 17355720536714215378
HIT 3 2095970255222 488 9236143002264898330
HIT 3 2100265222518 489 10118067080758225715
HIT 3 2104560189814 490 7010347288395145435
HIT 3 2108855157110 491 876739082213928004
HIT 3 2113150124406 492 4075359168628731240
HIT 3 2117445091702 493 12233166166680163992
HIT 3 2121740058998 494 11606064103796670192
HIT 3 2126035026294 495 11556569175600859775
HIT 3 2130329993590 496 495563935104195748
HIT 3 2134624960886 497 306248601436832330
HIT 3 2138919928182 498 6973056881365292482
HIT 3 2143214895478 499 782127731071198613
HIT 3 2147509862774 500 1458872651102374477
HIT 3 2151804830070 501 14651633981782428645
HIT 3 2156099797366 502 1676017599718213502
HIT 3 2160394764662 503 506481807928702253
HIT 3 2164689731958 504 2282998215198557623
HIT 3 2168984699254 505 7848989931002800725
HIT 3 2173279666550 506 1409753137586117436
HIT 3 2177574633846 507 3565459308165241691
HIT 3 2181869601142 508 14275876985824555412
HIT 3 2186164568438 509 992570190581935706
HIT 3 2190459535734 510 12819581518971147143
HIT 3 2194754503030 511 5801929188341961529
HIT 3 1726603133302 402 12347635229727955902
HIT 3 1730898100598 403 3910491452782127816
HIT 3 1735193067894 404 181483725964579431
HIT 3 1988596138358 463 2125026543780311399
HIT 3 1992891105654 464 9863370918055290822
HIT 3 1997186072950 465 1269149214600977772
HIT 3 2005776007542 467 17697728150085438440
HIT 3 1988596203894 463 12551501132189630543
HIT 3 1992891171190 464 3276358334889201689
HIT 3 1997186138486 465 5281563488114254280
HIT 3 2005776073078 467 14282225475801519712
HIT 3 1735193198966 404 5520099594945532271
HIT 3 1997186204022 465 3185605714797547663
HIT 3 1997186269558 465 2069976955635999526
HIT 3 1997186335094 465 7908726009643199702
HIT 3 1997186400630 465 16621252232210989947
HIT 3 1997186466166 465 5661502528986009350
HIT 3 1997186531702 465 17617270592217200005
HIT 3 1997186597238 465 8783605559267072722
HIT 3 1997186662774 465 6234925150813586942
HIT 3 2005780136308 467 7364082345187665380
HIT 3 1709421625719 398 3133010311425138804
HIT 3 1718011560311 400 12347635229727955902
HIT 3 1722306527607 401 7331108597894652400
HIT 3 1726601494903 402 5520099594945532271
HIT 3 1988594499959 463 4629958700166662460
HIT 3 1992889467255 464 6953497135985973061
HIT 3 1997184434551 465 15358111608505565687
HIT 3 2005774369143 467 15703729931084711989
HIT 3 1623522345335 378 14299571279580584807
HIT 3 1718011625847 400 10975261881358018
HIT 3 1997184500087 465 13365062936810639688
HIT 3 1718011691383 400 12788804322356632001
HIT 3 1997184565623 465 5027700423072060365
HIT 3 1997185876344 465 1466486977733859543
HIT 3 1988596072824 463 2525836042620755895
HIT 3 1992891040120 464 10437830277101381428
HIT 3 1997186007416 465 6421976927232084353
HIT 3 2005775942008 467 2709070736624882376
HIT 3 1726603133304 402 581644418677795952
HIT 3 1997186072952 465 6002328708653215668
HIT 3 1997186138488 465 6909892778146513014
HIT 3 1997185876343 465 14003189472314216600
HIT 3 1988596072823 463 131088975428712395
HIT 3 1992891040119 464 12213335340075181621
HIT 3 1997186007415 465 5454401161694704217
HIT 3 2005775942007 467 3177156423793764716
HIT 3 1726603133303 402 1014635305131076186
HIT 3 1997186728310 465 12444785722107104154
HIT 3 1997186072951 465 7656853927431931697
HIT 3 1997186793846 465 16459190002858644480
HIT 3 1997186859382 465 8987979359779590694
HIT 3 1997186138487 465 10606704445969979991
HIT 3 1997186924918 465 12033598804801558666
HIT 3 1997186990454 465 1306375256473639830
HIT 3 1997187055990 465 8199668998806236748
HIT 3 1997187121526 465 3750016351404028030
HIT 3 1997187187062 465 14132542277363796235
HIT 3 1997187252598 465 3326578012782240585
HIT 3 1997187318134 465 6324298141399692587
HIT 3 1997187383670 465 7614393437347236221
HIT 3 1997187449206 465 7239946357133921247
HIT 3 1997187514742 465 12183966760046569097
HIT 3 1997187580278 465 17109651268671722423
HIT 3 1997187645814 465 1999659802581688745
HIT 3 1997187711350 465 13665075929176388040
HIT 3 1997187776886 465 12692331342868240168
HIT 3 1997187842422 465 10650435281842027146
HIT 3 1997187907958 465 5357239115159521141
HIT 3 1997187973494 465 4446248094229366073
HIT 3 1997188039030 465 13444574507744251500
HIT 3 1997188104566 465 16222887627634870339
HIT 3 1997188170102 465 12596593517179564195
HIT 3 1997188235638 465 709704685112366393
HIT 3 1997188301174 465 11207086693757051563
HIT 3 1997188366710 465 6932699559431172958
HIT 3 1997188432246 465 18107605632792800750
HIT 3 1997188497782 465 15657981721341509558
HIT 3 1997188563318 465 3298420631282422070
HIT 3 1997188628854 465 14921637894652592958
HIT 3 1997188694390 465 5977723009643798392
HIT 3 1997188759926 465 2532373923911959747
HIT 3 1997188825462 465 2249274943892990510
HIT 3 1997188890998 465 13974014496648278751
HIT 3 1997188956534 465 13002912869303359796
HIT 3 1997189022070 465 9079540635309186512
HIT 3 1997189087606 465 13329213711509161082
HIT 3 1997189153142 465 18129309516471201062
HIT 3 1997189218678 465 10270772817888594128
HIT 3 1997189284214 465 16281768001466598261
HIT 3 1997189349750 465 7665017760864818152
HIT 3 1997189415286 465 10666786087566403951
HIT 3 1997189480822 465 2713005099270956993
HIT 3 1997189546358 465 1850198767055471119
HIT 3 1997189611894 465 17712446646923220186
HIT 3 1997189677430 465 6805475026207101669
HIT 3 1997189742966 465 1394360416502898019
HIT 3 1997189808502 465 15214325127688919810
HIT 3 1997189874038 465 4963697760312075347
HIT 3 1997189939574 465 18325156180990681651
HIT 3 1988600070518 463 18325156180990681651
HIT 3 1997190005110 465 1737518169243596107
HIT 3 1997190070646 465 4629958700166662460
HIT 3 2005780005238 467 8097304971578431657
HIT 3 1997190136182 465 8097304971578431657
HIT 3 2001485169014 466 659563290547808270
HIT 3 2005780136310 467 15358111608505565687
HIT 3 2014370070902 469 2707433506004878818
HIT 3 1718011691385 400 581644418677795952
HIT 3 1997184565625 465 12831674547040344681
HIT 3 2001485234550 466 6953497135985973061
HIT 3 2005780201846 467 2707433506004878818
HIT 3 2010075169142 468 659563290547808270
HIT 3 2014370136438 469 7463388984702449840
HIT 3 2018665103734 470 14427101456506138818
HIT 3 2022960071030 471 14754659504391922081
HIT 3 2027255038326 472 106615875336518251
HIT 3 2031550005622 473 12535692699307711584
HIT 3 2035844972918 474 5472039938063691485
HIT 3 2040139940214 475 16705942140030739754
HIT 3 2044434907510 476 11103399697478040026
HIT 3 2048729874806 477 9869968521362271651
HIT 3 2053024842102 478 6872811177601471509
HIT 3 2057319809398 479 6925024250125286813
HIT 3 2061614776694 480 13587599378065107703
HIT 3 2065909743990 481 13127709952494870608
HIT 3 2070204711286 482 10021530953777357560
HIT 3 2074499678582 483 14212760269155283068
HIT 3 2078794645878 484 3035852339005950373
HIT 3 2083089613174 485 18247151655971741893
HIT 3 2087384580470 486 15054244292306721657
HIT 3 2091679547766 487 4323502970320323675
HIT 3 2095974515062 488 7649802232250852470
HIT 3 2100269482358 489 9833789210318336447
HIT 3 2104564449654 490 3502618273403935135
HIT 3 2108859416950 491 17466370406023537040
HIT 3 2113154384246 492 1347994607640118391
HIT 3 2117449351542 493 13683155213753649686
HIT 3 2121744318838 494 14414879856121887687
HIT 3 2126039286134 495 13971518908963478201
HIT 3 2130334253430 496 12667329833891560308
HIT 3 2134629220726 497 10868569946171752841
HIT 3 2138924188022 498 15683159164319661077
HIT 3 2143219155318 499 12256363979757389580
HIT 3 2147514122614 500 17094758766863727398
HIT 3 2151809089910 501 6099551389970031768
HIT 3 2156104057206 502 13767036476449598608
HIT 3 2160399024502 503 3352615121256810544
HIT 3 2164693991798 504 9742259462299496670
HIT 3 2168988959094 505 5026110548157175788
HIT 3 2173283926390 506 16184833352601988826
HIT 3 2177578893686 507 195777720841684311
HIT 3 2181873860982 508 12694913405887616401
HIT 3 2186168828278 509 14542469997732239859
HIT 3 2190463795574 510 7299465470125782573
HIT 3 2194758762870 511 9538615161351758967
HIT 3 2014370201974 469 15703729931084711989
HIT 3 1997186007418 465 133663437957645103
HIT 3 2005780136311 467 13581529962505572746
HIT 3 1997186007417 465 9452106610776961947
HIT 3 2005780136312 467 12831674547040344681
HIT 3 1997186007419 465 13010991534472541229
HIT 3 1997186007422 465 6625176751581188175
HIT 3 1997186007421 465 3262774950905386928
HIT 3 1997186007420 465 1045190574641786030
HIT 3 1997186007423 465 1800143465913670957
HIT 3 1997186007424 465 16610527549017357787
HIT 3 1997186007425 465 12631130711031667113
HIT 3 1997186007426 465 4249531880619136229
HIT 3 1997186007427 465 8058357161878894927
HIT 3 1997186007428 465 1174492708936294666
HIT 3 1997186007429 465 7425956497794919049
HIT 3 1997186007430 465 15686826175312981527
HIT 3 1997186007431 465 15917445877706277214
HIT 3 1997186007433 465 3421324704517967921
HIT 3 1997186007434 465 13114022043275285702
HIT 3 1997186007432 465 15365860380979823787
HIT 3 1997185876364 465 2906558037586448411
HIT 3 1997186007436 465 8884287427730771268
HIT 3 1997186007435 465 17409465372159417856
HIT 3 1997186007437 465 2906558037586448411
HIT 3 1997186007438 465 14774710064175637882
HIT 3 1997186007439 465 10431941216405592704
HIT 3 1997186138511 465 14774710064175637882
HIT 3 1997186138512 465 5087862221800409795
HIT 3 1997186204048 465 12976515201246104693
HIT 3 1997186269584 465 15607841777777695214
HIT 3 1997186335120 465 16041947369164046146
HIT 3 1997186400656 465 15474082622261380637
HIT 3 1997186466192 465 18379241779668940150
HIT 3 1997186531728 465 1398498668183249657
HIT 3 1997186597264 465 10332628433798384546
HIT 3 1997186662800 465 6549659929248802691
HIT 3 1997186728336 465 1220741417703501430
HIT 3 1997186793872 465 14868256198323714758
HIT 3 2005780136334 467 10431941216405592704
HIT 3 1988596203921 463 9600638295902055355
HIT 3 1992891171217 464 311728628121073519
HIT 3 1997186138513 465 11348985865388293104
HIT 3 2005776073105 467 7682358028957086904
HIT 3 1735193198993 404 3403857386743756569
HIT 3 1997186204049 465 16041947369164046146
HIT 3 1997186269585 465 5087862221800409795
HIT 3 1997186859408 465 15953663253116329920
HIT 3 1997186924944 465 2313332524260283315
HIT 3 1997186990480 465 9811448126866276648
HIT 3 1997187056016 465 10012672467311968534
HIT 3 1997187121552 465 17212616748216173637
HIT 3 1997187187088 465 15484198577968097050
HIT 3 1997187252624 465 10064974552018144204
HIT 3 1997187318160 465 5525926258643348878
HIT 3 1997187383696 465 3554833657371312938
HIT 3 1997187449232 465 11701819479864304372
HIT 3 1997187514768 465 226049583626062813
HIT 3 1997187580304 465 1684900117238928811
HIT 3 1997187645840 465 3621087268834656048
HIT 3 1997187711376 465 6746688665923634312
HIT 3 1997187776912 465 14501197175053606041
HIT 3 1997187842448 465 6864073890110190969
HIT 3 1997187907984 465 1170932384046873677
HIT 3 1997187973520 465 16608684928491238557
HIT 3 1997188039056 465 14152817259616241858
HIT 3 1997188104592 465 6181369587395878808
HIT 3 1997188170128 465 11777709807530534532
HIT 3 1997188235664 465 9889079188357122298
HIT 3 1997188301200 465 7179985509859075340
HIT 3 1997188366736 465 3463310634720719057
HIT 3 1997188432272 465 17854617865908610754
HIT 3 1997188497808 465 13682195969855767028
HIT 3 1997188563344 465 5771212497088364916
HIT 3 1997188628880 465 9198312362149723662
HIT 3 1997188694416 465 6002042646417115833
HIT 3 1997188759952 465 17156891706604273618
HIT 3 1997188825488 465 14277080348001182433
HIT 3 1997188891024 465 18260059810033733198
HIT 3 1997188956560 465 11803523929132452220
HIT 3 1997189022096 465 7704444135424395111
HIT 3 1997189087632 465 8482831764515957749
HIT 3 1997189153168 465 18443859857779087977
HIT 3 1997189218704 465 2387489163520553746
HIT 3 1997189284240 465 12341791755613820150
HIT 3 1997189349776 465 5095796763641804858
HIT 3 1997189415312 465 15205083030537227241
HIT 3 1997189480848 465 17933367830175406775
HIT 3 1997189546384 465 2072227539791289440
HIT 3 1997189611920 465 11546885168939614359
HIT 3 1997189677456 465 8783980366624368786
HIT 3 1997189742992 465 14764630310077286765
HIT 3 1997189808528 465 16092624028443645210
HIT 3 1997189874064 465 9462256906181721703
HIT 3 1997189939600 465 15888229207838334840
HIT 3 1988600070544 463 15888229207838334840
HIT 3 1997190005136 465 13296934681678034921
HIT 3 1997190070672 465 9600638295902055355
HIT 3 2005780005264 467 15258806250396749458
HIT 3 1997190136208 465 15258806250396749458
HIT 3 2001485169040 466 8475615276637685878
HIT 3 2005780136336 467 11348985865388293104
HIT 3 2014370070928 469 18332114358825278863
HIT 3 2001485234576 466 311728628121073519
HIT 3 2005780201872 467 18332114358825278863
HIT 3 2010075169168 468 8475615276637685878
HIT 3 2014370136464 469 4544325393408561188
HIT 3 2018665103760 470 13938127391047222163
HIT 3 2022960071056 471 7913401502413044310
HIT 3 2027255038352 472 2811850978565001953
HIT 3 2031550005648 473 3837834978123618317
HIT 3 2035844972944 474 5732619414855718081
HIT 3 2040139940240 475 4390482920564422123
HIT 3 2044434907536 476 1503301322310326666
HIT 3 2048729874832 477 16889389195529008532
HIT 3 2053024842128 478 18135502885597156803
HIT 3 2057319809424 479 8658207521325766337
HIT 3 2061614776720 480 2121880700002203364
HIT 3 2065909744016 481 4530884863607820365
HIT 3 2070204711312 482 4313227230772236433
HIT 3 2074499678608 483 16864702642519403091
HIT 3 2078794645904 484 1405627254577085494
HIT 3 2083089613200 485 673881196398342235
HIT 3 2087384580496 486 8578801210512461095
HIT 3 2091679547792 487 9537634472631537878
HIT 3 2095974515088 488 14623834048797645940
HIT 3 2100269482384 489 2795666142520227247
HIT 3 2104564449680 490 13602790152756706311
HIT 3 2108859416976 491 2692873272558108777
HIT 3 2113154384272 492 17670047519199594955
HIT 3 2117449351568 493 14380291465015423230
HIT 3 2121744318864 494 13459207033074624045
HIT 3 2126039286160 495 15258672925126528267
HIT 3 2130334253456 496 16729625555352765704
HIT 3 2134629220752 497 11267798826326457908
HIT 3 2138924188048 498 15462855810712828796
HIT 3 2143219155344 499 16767603937967916246
HIT 3 2147514122640 500 13412886363277219537
HIT 3 2151809089936 501 9111851659530512433
HIT 3 2156104057232 502 11136862942621910493
HIT 3 2160399024528 503 13547769862512667462
HIT 3 2164693991824 504 13781138394209892207
HIT 3 2168988959120 505 11605019312373059646
HIT 3 2173283926416 506 7331986501183571223
HIT 3 2177578893712 507 6444735795317935032
HIT 3 2181873861008 508 3920717388348526175
HIT 3 2186168828304 509 17255542113862293686
HIT 3 2190463795600 510 5448363491557572553
HIT 3 2194758762896 511 697527666570637452
HIT 3 2014370202000 469 7682358028957086904
HIT 3 2005780136337 467 12976515201246104693
HIT 3 1997186269587 465 14602751745495918384
HIT 3 2005780136338 467 14602751745495918384
HIT 3 2014370202064 469 16390144129150407025
DONE data/p_p2p257.txt sz=3 range=[0,512) n=22108160 zero=0 27.2s
