HIT 1 80 80 4570655805559880429
HIT 1 102 102 15519609070041490962
HIT 1 304 304 12411490663021227802
HIT 1 335 335 67740830607344935
HIT 1 387 387 4774300659916185369
DONE data/p_n2p257.txt sz=1 range=[0,512) n=512 zero=0 0.0s
HIT 2 6684750 102 5901776415135516926
HIT 2 19923022 304 3127709298602003625
HIT 2 21954638 335 16087029705601834777
HIT 2 25362510 387 3820852476979539612
HIT 2 6553680 100 14512529863430461641
HIT 2 6684752 102 13801423868397288455
HIT 2 6750288 103 9711548875752669144
HIT 2 6815824 104 6331322170429112489
HIT 2 5374033 82 4570655805559880429
HIT 2 6684753 102 14827772232136362371
HIT 2 19923025 304 15535469747047293541
HIT 2 21954641 335 341851687848533536
HIT 2 25362513 387 651014235117797502
HIT 2 6684754 102 1829945289865299660
HIT 2 19923026 304 18285477698706496923
HIT 2 21954642 335 9749539875330560157
HIT 2 25362514 387 2765291891103021530
HIT 2 19791952 302 14279928256656277876
HIT 2 19923024 304 287517085742285185
HIT 2 19988560 305 63136359305666964
HIT 2 20054096 306 17967627660848807745
HIT 2 21823568 333 9357443800747951291
HIT 2 21889104 334 881656483066962073
HIT 2 21954640 335 4626631735935257053
HIT 2 22085712 337 2453072211373615887
HIT 2 25231440 385 1741440472143594355
HIT 2 25296976 386 6173509190827230350
HIT 2 25362512 387 1711062864335067018
HIT 2 25493584 389 888233932899525937
HIT 2 19923044 304 6127740940633785549
HIT 2 21954660 335 14877335491335925082
HIT 2 25362532 387 4825164392279057994
HIT 2 19791974 302 8551033031343356333
HIT 2 19923046 304 15408787662078907775
HIT 2 19988582 305 788560883525900472
HIT 2 20054118 306 2512571281113786263
HIT 2 21823590 333 6485510750954366818
HIT 2 21889126 334 10048724985175202750
HIT 2 21954662 335 9560829128905179175
HIT 2 22085734 337 9834270166967189615
HIT 2 25231462 385 5100775758197699114
HIT 2 25296998 386 9834957059104964456
HIT 2 25362534 387 2551025469409703684
HIT 2 25493606 389 18119860088704227192
HIT 2 6815847 104 15519609070041490962
HIT 2 19923047 304 15723186008075299872
HIT 2 21954663 335 8513747317843977720
HIT 2 25362535 387 8467588319808301080
HIT 2 19923048 304 7839695230309675133
HIT 2 21954664 335 11349937704099288660
HIT 2 25362536 387 13141683735622321041
HIT 2 21954862 335 9928090241617594021
HIT 2 25362734 387 7562983861423715898
HIT 2 21823792 333 16004004743500384988
HIT 2 21889328 334 17418960465033660965
HIT 2 21954864 335 13852432267646757130
HIT 2 22085936 337 14146305095918492402
HIT 2 20054321 306 12411490663021227802
HIT 2 21954865 335 8600119888164781171
HIT 2 25362737 387 16922192869544230807
HIT 2 21954866 335 3071510426222847690
HIT 2 25362738 387 17922995368192288728
HIT 2 25231664 385 7753030791112629815
HIT 2 25297200 386 11142349982408685609
HIT 2 25362736 387 15572092320501757979
HIT 2 25493808 389 690894407413468696
HIT 2 25362765 387 4990091348253065559
HIT 2 22085966 337 67740830607344935
HIT 2 25362766 387 13243505086039249814
HIT 2 25231695 385 15623713656180054816
HIT 2 25297231 386 5317381848885741214
HIT 2 25362767 387 15702713827695375249
HIT 2 25493839 389 4198048055608021290
HIT 2 25362769 387 17003071114692026425
HIT 2 25493890 389 4774300659916185369
DONE data/p_n2p257.txt sz=2 range=[0,512) n=130560 zero=0 0.4s
HIT 3 438091907074 102 5117786656657439420
HIT 3 1305675300866 304 6167329332237252717
HIT 3 1438819287042 335 12914630300123057941
HIT 3 1662157586434 387 9900763234563081251
HIT 3 438091907075 102 947380240828107099
HIT 3 1305675300867 304 16354504667580661781
HIT 3 1438819287043 335 12385480249728344734
HIT 3 1662157586435 387 7586099411583262966
HIT 3 1305676742658 304 10146326873376241942
HIT 3 1438820728834 335 7689223735222774690
HIT 3 1662159028226 387 3945557480894277091
HIT 3 438091907072 102 916700599955475045
HIT 3 438091907073 102 12110392417281790136
HIT 3 1305675300865 304 1052971688624327096
HIT 3 1438819287041 335 6875862298025212051
HIT 3 1662157586433 387 11855509534551208915
HIT 3 1305675300864 304 12272726489019967135
HIT 3 1438819287040 335 16310444628361845764
HIT 3 1662157586432 387 5626752958479450693
HIT 3 1305676742657 304 14181002558120621999
HIT 3 1438820728833 335 15000656288514713761
HIT 3 1662159028225 387 7165597709282424057
HIT 3 1305676742659 304 10185903491829746988
HIT 3 1438820728835 335 15448182083683001283
HIT 3 1662159028227 387 15824211590820940470
HIT 3 1305676742656 304 11599460495977949439
HIT 3 1438820728832 335 14010517106478537979
HIT 3 1662159028224 387 7685795814172965094
HIT 3 1438833967105 335 4080134917154442245
HIT 3 1662172266497 387 12856320039113906669
HIT 3 1662174298113 387 1581855151316305734
HIT 3 1438833967106 335 14261827800101847662
HIT 3 1662172266498 387 13151896182647221515
HIT 3 1662174298114 387 16665073137658953158
HIT 3 1438833967107 335 12027608523731946900
HIT 3 1662172266499 387 1089606329977986511
HIT 3 1438833967104 335 6622724476665370973
HIT 3 1662172266496 387 15510268719628516435
HIT 3 1662174298115 387 10002362588548119941
HIT 3 1662174298112 387 3242736311204103773
HIT 3 438091907076 102 10514372501106620009
HIT 3 1305675300868 304 12164457841885782495
HIT 3 1438819287044 335 4272572314007785597
HIT 3 1662157586436 387 3354496051377606382
HIT 3 438091907077 102 6086145560689421399
HIT 3 1305676742660 304 13071277862592142121
HIT 3 1438820728836 335 630255509352434325
HIT 3 1662159028228 387 3701451527132074074
HIT 3 1305675300869 304 1725365495561372275
HIT 3 1438819287045 335 13997577570813038200
HIT 3 1662157586437 387 407942534882350743
HIT 3 438091907078 102 17934908341092468711
HIT 3 1305675300870 304 4057749142540980373
HIT 3 1438819287046 335 2915217356034935237
HIT 3 1662157586438 387 10436356598589041406
HIT 3 1305676742662 304 8808708647104063792
HIT 3 1438820728838 335 966765124919027324
HIT 3 1662159028230 387 867621017128170951
HIT 3 1305676742661 304 1598555519423691240
HIT 3 1438820728837 335 3288998744945010956
HIT 3 1662159028229 387 11790158170360442885
HIT 3 438091907079 102 15845089564002052371
HIT 3 1305675300871 304 16710062881009196258
HIT 3 1438819287047 335 14037489508737939233
HIT 3 1662157586439 387 4515315442181299225
HIT 3 1305676742663 304 8203010772243203388
HIT 3 1438820728839 335 4764000398793775858
HIT 3 1662159028231 387 18010781806950155136
HIT 3 1438833967110 335 13769103164378256360
HIT 3 1662172266502 387 11646862318929099100
HIT 3 1662174298118 387 794301077482397539
HIT 3 1438833967108 335 9992445993021425328
HIT 3 1662172266500 387 1679839711839368546
HIT 3 1662174298116 387 7432612617141329456
HIT 3 1438833967109 335 2980207436471653319
HIT 3 1662172266501 387 15656029679397948283
HIT 3 1662174298117 387 4251518616309141312
HIT 3 1438833967111 335 5568708198106300678
HIT 3 1662172266503 387 18269861311366518442
HIT 3 1662174298119 387 16275674539194517722
HIT 3 438091907080 102 12852744174083200830
HIT 3 1305675300872 304 3022369267760652341
HIT 3 1438819287048 335 8647265440375316289
HIT 3 1662157586440 387 14336122927926527007
HIT 3 1305676742664 304 13841931228069579516
HIT 3 1438820728840 335 7865353510671044357
HIT 3 1662159028232 387 14308401942887025423
HIT 3 438091907081 102 12059391052657672785
HIT 3 1305675300873 304 497021406310378137
HIT 3 1438819287049 335 678643997125151756
HIT 3 1662157586441 387 4997880791654993483
HIT 3 438091907082 102 14244058594820124567
HIT 3 1305675300874 304 17777204851099428249
HIT 3 1438819287050 335 4862829948496609306
HIT 3 1662157586442 387 5066090210345661348
HIT 3 1305676742665 304 5535311301488195302
HIT 3 1438820728841 335 14056898660230198431
HIT 3 1662159028233 387 13087894965866491255
HIT 3 438091907083 102 13465161544613179248
HIT 3 1305675300875 304 10754222517074885490
HIT 3 1438819287051 335 16809926658031079059
HIT 3 1662157586443 387 8634707172172387851
HIT 3 1305676742666 304 14781503061174470891
HIT 3 1438820728842 335 16166001775656831777
HIT 3 1662159028234 387 2920041909284990861
HIT 3 1305676742667 304 7890392624403585097
HIT 3 1438820728843 335 4824514161617358240
HIT 3 1662159028235 387 7700488438394311912
HIT 3 1438833967112 335 8937410294531828562
HIT 3 1662172266504 387 561368572160737625
HIT 3 1662174298120 387 14557034861420078509
HIT 3 1438833967115 335 6993500455337908927
HIT 3 1662172266507 387 4963842136722996276
HIT 3 1438833967114 335 3658717876517923183
HIT 3 1662172266506 387 1828198850888040129
HIT 3 1438833967113 335 2503596975084418951
HIT 3 1662172266505 387 14259478491894230371
HIT 3 1662174298123 387 152220535406356235
HIT 3 1662174298122 387 1413467445280609605
HIT 3 1662174298121 387 1566041819489090794
HIT 3 438091907084 102 176396938476514648
HIT 3 1305675300876 304 9293643758142997599
HIT 3 1438819287052 335 9093866198926845437
HIT 3 1662157586444 387 13680066514431147912
HIT 3 1305676742668 304 8146484876839716168
HIT 3 1438820728844 335 11521538487743105979
HIT 3 1662159028236 387 756589712817520085
HIT 3 438091907085 102 18324810333501905139
HIT 3 1305675300877 304 11005740947243468973
HIT 3 1438819287053 335 12769522291663964944
HIT 3 1662157586445 387 11462827576701466790
HIT 3 438091907086 102 16374786520262499845
HIT 3 1305675300878 304 10920196101405746433
HIT 3 1438819287054 335 17378676076526766618
HIT 3 1662157586446 387 3676920962533288020
HIT 3 438091907087 102 12759994668075334616
HIT 3 1305675300879 304 4132649273245359324
HIT 3 1438819287055 335 5342346822094536554
HIT 3 1662157586447 387 13094881889309650574
HIT 3 1305676742669 304 5302267020367386212
HIT 3 1438820728845 335 15961368846749853392
HIT 3 1662159028237 387 9807184775231812834
HIT 3 1305676742670 304 3198421584959199318
HIT 3 1438820728846 335 11112340063198939558
HIT 3 1662159028238 387 4091041022860001718
HIT 3 1305676742671 304 9469087478977605176
HIT 3 1438820728847 335 4311409478773296760
HIT 3 1662159028239 387 7785618142247228817
HIT 3 1438833967119 335 5064135102731148254
HIT 3 1662172266511 387 8433504700140154050
HIT 3 1662174298127 387 7150569500630524629
HIT 3 438091907088 102 13120127825286138397
HIT 3 1305675300880 304 6547105454738932771
HIT 3 1438819287056 335 8486846819493758902
HIT 3 1662157586448 387 1953675317591586315
HIT 3 1305676742672 304 12764715021843564931
HIT 3 1438820728848 335 5137508152723512637
HIT 3 1662159028240 387 12232515582248214095
HIT 3 1438833967116 335 14246607304829662341
HIT 3 1662172266508 387 258748678767532253
HIT 3 1438833967120 335 9242887478388596881
HIT 3 1662172266512 387 424921406656128769
HIT 3 1662174298128 387 688150096223778430
HIT 3 1662174298124 387 904088797285956176
HIT 3 438091907089 102 3208448658243991827
HIT 3 1305675300881 304 14049393042632617368
HIT 3 1438819287057 335 2467558735388202062
HIT 3 1662157586449 387 2919826099289081681
HIT 3 1305676742673 304 825869389076470704
HIT 3 1438820728849 335 13576496674599358222
HIT 3 1662159028241 387 7816625633818290259
HIT 3 1438833967117 335 3364069643634409803
HIT 3 1662172266509 387 11241068742274198469
HIT 3 1662174298125 387 1572863723978389603
HIT 3 1438833967118 335 12934548359789548167
HIT 3 1662172266510 387 12636360009060706980
HIT 3 1662174298126 387 1170821357731587050
HIT 3 438091907090 102 5498787298996503240
HIT 3 1305675300882 304 3941404309658442045
HIT 3 1438819287058 335 10549004627668071506
HIT 3 1662157586450 387 12050261719696885619
HIT 3 1305676742674 304 5096626004571667348
HIT 3 1438820728850 335 10948471006292859528
HIT 3 1662159028242 387 6749547778366260078
HIT 3 1438833967121 335 9675678030099080948
HIT 3 1662172266513 387 9790998113403152415
HIT 3 438091907091 102 11380819888839126835
HIT 3 1305675300883 304 6879933706085665272
HIT 3 1438819287059 335 4281937381447895186
HIT 3 1662157586451 387 17736961697045574174
HIT 3 1662174298129 387 4008705618188320142
HIT 3 438091907092 102 17785195227247183095
HIT 3 1305675300884 304 12573357421875554034
HIT 3 1438819287060 335 14194722660891452360
HIT 3 1662157586452 387 16453295012002662901
HIT 3 1305676742675 304 1847848520983322700
HIT 3 1438820728851 335 8735250960418079638
HIT 3 1662159028243 387 12834892435033543331
HIT 3 1305676742676 304 2289225636047118835
HIT 3 1438820728852 335 16686044730924363681
HIT 3 1662159028244 387 18440169081310954630
HIT 3 438091907093 102 960497871818115741
HIT 3 1305675300885 304 12009878679107056947
HIT 3 1438819287061 335 12083163898923239385
HIT 3 1662157586453 387 9303262393235301420
HIT 3 1305676742677 304 16809504142313351373
HIT 3 1438820728853 335 15505854221217272182
HIT 3 1662159028245 387 11018838068411590664
HIT 3 1438833967122 335 6033158771969980790
HIT 3 1662172266514 387 17965480387487917768
HIT 3 1662174298130 387 9900169588861452022
HIT 3 1438833967123 335 18044312841764787135
HIT 3 1662172266515 387 4889614075179536976
HIT 3 1438833967124 335 3246441591074558161
HIT 3 1662172266516 387 2810934090048377397
HIT 3 1662174298132 387 3858534509871707786
HIT 3 1662174298131 387 844761365021335477
HIT 3 438091907095 102 7751871826983167035
HIT 3 1305675300887 304 10924407265118410474
HIT 3 1438819287063 335 5377093879942110423
HIT 3 1662157586455 387 3411862587549165296
HIT 3 1305676742679 304 9692985040924527532
HIT 3 1438820728855 335 11927033545113217579
HIT 3 1662159028247 387 5098896010038481757
HIT 3 438091907094 102 603753155747061244
HIT 3 1305675300886 304 10887926168908565712
HIT 3 1438819287062 335 14278601927334680789
HIT 3 1662157586454 387 1294458837188065083
HIT 3 1438833967127 335 13909498880464484962
HIT 3 1662172266519 387 14790746779705933089
HIT 3 1305676742678 304 7095509639588621469
HIT 3 1438820728854 335 12731402313811016422
HIT 3 1662159028246 387 9470931168513184597
HIT 3 1438833967125 335 15362016748898963803
HIT 3 1662172266517 387 13442925513660637448
HIT 3 1662174298135 387 14900491199260976219
HIT 3 1662174298133 387 11013444703749105521
HIT 3 438091907096 102 4320510430311169858
HIT 3 1305675300888 304 11817495815138910707
HIT 3 1438819287064 335 15796121523540794085
HIT 3 1662157586456 387 13152713943131611422
HIT 3 1305676742680 304 18015082688662209482
HIT 3 1438820728856 335 1987133732603328474
HIT 3 1662159028248 387 15759276607267777781
HIT 3 438091907097 102 2835019435010180651
HIT 3 1305675300889 304 14029443759876116197
HIT 3 1438819287065 335 16704671329672666074
HIT 3 1662157586457 387 14274290096477583506
HIT 3 1305676742681 304 13987973083258702421
HIT 3 1438820728857 335 10179497487547396049
HIT 3 1662159028249 387 8067643399200084214
HIT 3 438091907098 102 16168607390767104455
HIT 3 1305675300890 304 9300034575519298887
HIT 3 1438819287066 335 6178922522329611195
HIT 3 1662157586458 387 79080971633223715
HIT 3 1305676742682 304 8961437366565401223
HIT 3 1438820728858 335 12884569393863229861
HIT 3 1662159028250 387 3154274902204714751
HIT 3 1438833967129 335 4150724451519292923
HIT 3 1662172266521 387 4869183070161772714
HIT 3 1662174298137 387 16019416692280403372
HIT 3 1438833967126 335 16152793205911790865
HIT 3 1662172266518 387 6565813115486761099
HIT 3 1662174298134 387 4642620588210131145
HIT 3 438091907099 102 14760075360753586121
HIT 3 1305675300891 304 10507553223478192679
HIT 3 1438819287067 335 18333977080819532788
HIT 3 1662157586459 387 7099514456388051291
HIT 3 1305676742683 304 11007998386736806250
HIT 3 1438820728859 335 12771028367510698640
HIT 3 1662159028251 387 12183984030796762100
HIT 3 1438833967128 335 5133680769134127971
HIT 3 1662172266520 387 7565258344875560758
HIT 3 1662174298136 387 11637511855238692825
HIT 3 438091907100 102 3010040750560612235
HIT 3 1305675300892 304 3351493634354290616
HIT 3 1438819287068 335 10578986479901566846
HIT 3 1662157586460 387 14273497162125347399
HIT 3 1305676742684 304 14143262882370006056
HIT 3 1438820728860 335 14876247288478029774
HIT 3 1662159028252 387 2480446794707849349
HIT 3 1438833967130 335 1951140884119750832
HIT 3 1662172266522 387 10832446136407528966
HIT 3 1662174298138 387 10310380157172790334
HIT 3 438091907101 102 4627377575388240382
HIT 3 1305675300893 304 5587633427106092679
HIT 3 1438819287069 335 14873089118586757125
HIT 3 1662157586461 387 7916696971791762714
HIT 3 1438833967131 335 11762631339958239341
HIT 3 1662172266523 387 7440165122634724250
HIT 3 1305676742685 304 4622595889873226930
HIT 3 1438820728861 335 15636401887996607449
HIT 3 1662159028253 387 16608442992014133428
HIT 3 1662174298139 387 1023351703581927915
HIT 3 438091907102 102 14629616466150072836
HIT 3 1305675300894 304 7993026820517722179
HIT 3 1438819287070 335 8422671787603157446
HIT 3 1662157586462 387 13170969948700942685
HIT 3 1305676742686 304 8272643269760631857
HIT 3 1438820728862 335 8510724885622305804
HIT 3 1662159028254 387 16027703119585831816
HIT 3 1438833967132 335 9346977525127535864
HIT 3 1662172266524 387 16429162864204221200
HIT 3 1662174298140 387 6419348574642146754
HIT 3 438091907103 102 1028699634853273699
HIT 3 1305675300895 304 1051760646537570402
HIT 3 1438819287071 335 9226367594046608571
HIT 3 1662157586463 387 17443181779840046747
HIT 3 1305676742687 304 14100553064396762301
HIT 3 1438820728863 335 17626405046859570087
HIT 3 1662159028255 387 10191763288147352578
HIT 3 1438833967133 335 10251107061186231856
HIT 3 1662172266525 387 4595623541726241243
HIT 3 438091907104 102 6847164747015250625
HIT 3 1305675300896 304 8055888360119781629
HIT 3 1438819287072 335 8373484296623597779
HIT 3 1662157586464 387 12912312342456824126
HIT 3 1662174298141 387 10672117802545087375
HIT 3 1305676742688 304 17411167420211158726
HIT 3 1438820728864 335 5723626326536606194
HIT 3 1662159028256 387 11495606772900440154
HIT 3 1438833967134 335 4979560496392616652
HIT 3 1662172266526 387 16618709428106870580
HIT 3 1662174298142 387 8355294931728793777
HIT 3 438091907105 102 9574997871228482074
HIT 3 1305675300897 304 7455763390235224763
HIT 3 1438819287073 335 14844331029248895393
HIT 3 1662157586465 387 10014773785469350319
HIT 3 1305676742689 304 4738459296829464433
HIT 3 1438820728865 335 4606928523773189811
HIT 3 1662159028257 387 16154832519741401885
HIT 3 1438833967136 335 426998014692252187
HIT 3 1662172266528 387 5642693048594024164
HIT 3 1438833967135 335 17869076383551325946
HIT 3 1662172266527 387 1618440438370301003
HIT 3 1662174298143 387 11060523588231945583
HIT 3 1662174298144 387 4234067695060125411
HIT 3 438091907106 102 1707339694531679108
HIT 3 1305675300898 304 2714196944623012637
HIT 3 1438819287074 335 4207331033562603996
HIT 3 1438833967137 335 5360581985619728760
HIT 3 1662172266529 387 10638794544547560092
HIT 3 1662174298145 387 2069070296174261833
HIT 3 1662157586466 387 1060485768838088003
HIT 3 1305676742690 304 2572828764565652420
HIT 3 1438820728866 335 3368667795763833360
HIT 3 1662159028258 387 15276977032210155729
HIT 3 438091907107 102 6690974873741586341
HIT 3 1305675300899 304 9536652578676237108
HIT 3 1438819287075 335 9656424026539461000
HIT 3 1662157586467 387 9320693895567171880
HIT 3 438091907109 102 117112884274912360
HIT 3 1305675300901 304 4371130249010003229
HIT 3 1438819287077 335 17031146540055143640
HIT 3 1662157586469 387 820927691644747539
HIT 3 1305676742691 304 18199521926287617566
HIT 3 1438820728867 335 6411834155271001482
HIT 3 1662159028259 387 17603913163501800819
HIT 3 1305676742693 304 4581154406842299143
HIT 3 1438820728869 335 3804998770064151114
HIT 3 1662159028261 387 2673931632829201689
HIT 3 438091907108 102 551706291412008064
HIT 3 1305675300900 304 15460433779456065337
HIT 3 1438819287076 335 9888085646885595848
HIT 3 1662157586468 387 4528250155968477109
HIT 3 1305676742692 304 4065198195901027018
HIT 3 1438820728868 335 12107610673403451846
HIT 3 1662159028260 387 2153797852780401565
HIT 3 1438833967138 335 3142587101652552414
HIT 3 1662172266530 387 12196532994526107845
HIT 3 1662174298146 387 13928615862569303395
HIT 3 438091907110 102 12416071486760014174
HIT 3 1305675300902 304 14115703368979995981
HIT 3 1438819287078 335 5780583658223271781
HIT 3 1662157586470 387 16557167567223177784
HIT 3 1305676742694 304 3102647329742556510
HIT 3 1438820728870 335 16663342735869043493
HIT 3 1662159028262 387 14096106298147473657
HIT 3 1438833967141 335 3840833560007359380
HIT 3 1662172266533 387 767559417316079126
HIT 3 1438833967139 335 2033402529202709406
HIT 3 1662172266531 387 8425350035916251015
HIT 3 1438833967140 335 16720530775104549809
HIT 3 1662172266532 387 9965530894725192655
HIT 3 1662174298149 387 4487743458509462996
HIT 3 1662174298148 387 11808808984180045293
HIT 3 1662174298147 387 17351631629912103562
HIT 3 438091907111 102 1416958608166099357
HIT 3 1305675300903 304 11198975374255298959
HIT 3 1438819287079 335 12634800539622807744
HIT 3 1662157586471 387 18044086433323409277
HIT 3 1438833967142 335 15265838120350991243
HIT 3 1662172266534 387 16326286234614249802
HIT 3 438091907112 102 4280012323932789217
HIT 3 1305675300904 304 4678088542359144001
HIT 3 1438819287080 335 13118965625424290509
HIT 3 1662157586472 387 9969668231224815496
HIT 3 1305676742695 304 17280109428830354738
HIT 3 1438820728871 335 12087261796606550466
HIT 3 1662159028263 387 17182917769192649874
HIT 3 438091907113 102 4915398805159420259
HIT 3 1305675300905 304 6443782668726212146
HIT 3 1438819287081 335 4566820155106917535
HIT 3 1662157586473 387 1280104932959936777
HIT 3 1662174298150 387 15962764611048973681
HIT 3 1305676742696 304 11511270334018964588
HIT 3 1438820728872 335 13226879440734097558
HIT 3 1662159028264 387 14859841538977738097
HIT 3 1305676742697 304 15234880257492765678
HIT 3 1438820728873 335 9955260485585260710
HIT 3 1662159028265 387 3444847951920803163
HIT 3 438091907114 102 6358938163785424962
HIT 3 1305675300906 304 5962180863213840349
HIT 3 1438819287082 335 3629150674740374618
HIT 3 1662157586474 387 2869998319837614345
HIT 3 1305676742698 304 7277124265096409133
HIT 3 1438820728874 335 17638869722790365228
HIT 3 1662159028266 387 13043555544946426632
HIT 3 1438833967143 335 9337236835815374516
HIT 3 1662172266535 387 11437875467420840688
HIT 3 1438833967145 335 14794188646568571470
HIT 3 1662172266537 387 2505079826468143729
HIT 3 1662174298151 387 3072864001257460010
HIT 3 1438833967144 335 11385415889060426848
HIT 3 1662172266536 387 18041450924573560445
HIT 3 1662174298153 387 1951614327054673195
HIT 3 1662174298152 387 12652021196196931204
HIT 3 438091907115 102 13623547014837971131
HIT 3 1305675300907 304 17772251251735942407
HIT 3 1438819287083 335 10808852254899271062
HIT 3 1662157586475 387 16925248046197299437
HIT 3 1305676742699 304 17212221324706179500
HIT 3 1438820728875 335 5694641818391823958
HIT 3 1662159028267 387 8609305767923429913
HIT 3 1438833967146 335 5852053321755240312
HIT 3 1662172266538 387 16733431380631311415
HIT 3 438091907117 102 10741326633278765560
HIT 3 1305675300909 304 8991103983372317724
HIT 3 1438819287085 335 6210660806034149939
HIT 3 1662157586477 387 12307229264255165397
HIT 3 1662174298154 387 1940343308899688605
HIT 3 438091907116 102 9580339734070784096
HIT 3 1305675300908 304 9632566583363395403
HIT 3 1438819287084 335 12165257566241504073
HIT 3 1662157586476 387 2585945592135912647
HIT 3 1305676742700 304 1647895978235501922
HIT 3 1438820728876 335 16903929628061184006
HIT 3 1662159028268 387 7400612650569822598
HIT 3 1305676742701 304 17771296143277259712
HIT 3 1438820728877 335 5615765984870548985
HIT 3 1662159028269 387 6572871533869444819
HIT 3 438091907118 102 10369216167316052008
HIT 3 1305675300910 304 9312553992456516725
HIT 3 1438819287086 335 7584785849579903246
HIT 3 1662157586478 387 9017977902971961568
HIT 3 1305676742702 304 16864220590200207747
HIT 3 1438820728878 335 5379500727152370090
HIT 3 1662159028270 387 14362754202340112003
HIT 3 1438833967147 335 9920886574233203517
HIT 3 1662172266539 387 13402238903636761475
HIT 3 1438833967149 335 10481188780746151198
HIT 3 1662172266541 387 6745963278410972283
HIT 3 1662174298155 387 4449085491948193394
HIT 3 1438833967148 335 368538256095306053
HIT 3 1662172266540 387 15599197738991817109
HIT 3 1662174298157 387 15124588002955803163
HIT 3 1662174298156 387 7823822367689453755
HIT 3 1438833967150 335 14285358921942543423
HIT 3 1662172266542 387 9414079140152092978
HIT 3 438091907121 102 13372145034386613504
HIT 3 1305675300913 304 16244287066560564516
HIT 3 1438819287089 335 753467826448794832
HIT 3 1662157586481 387 2673199012957729998
HIT 3 438091907120 102 10784382782124989186
HIT 3 1305675300912 304 11940306537486965248
HIT 3 1438819287088 335 496200449755710540
HIT 3 1662157586480 387 2546701173947013654
HIT 3 1662174298158 387 3984342529849157796
HIT 3 438091907119 102 3315971249298173141
HIT 3 1305675300911 304 16591753999266189163
HIT 3 1438819287087 335 2614989215826204464
HIT 3 1662157586479 387 15924271654542310170
HIT 3 1305676742705 304 5853099373711941995
HIT 3 1438820728881 335 11546999879035273901
HIT 3 1662159028273 387 5594733027936392241
HIT 3 1305676742704 304 17172526073472110184
HIT 3 1438820728880 335 245642335170853208
HIT 3 1662159028272 387 13964502265995819908
HIT 3 1305676742703 304 1834111894672872697
HIT 3 1438820728879 335 6411188414807171873
HIT 3 1662159028271 387 10679131987744162252
HIT 3 438091907122 102 12768526341212774185
HIT 3 1305675300914 304 2699367295620280328
HIT 3 1438819287090 335 7420932741141237698
HIT 3 1662157586482 387 9249772398860494141
HIT 3 1305676742706 304 7163628767081484581
HIT 3 1438820728882 335 12982352182867872270
HIT 3 1662159028274 387 2804211463440661717
HIT 3 1438833967152 335 11645379333279083443
HIT 3 1662172266544 387 11475318575524327500
HIT 3 1662174298160 387 5947540148645385516
HIT 3 1438833967153 335 7161388812569865968
HIT 3 1662172266545 387 13962336430632898083
HIT 3 1662174298161 387 11403520532423434222
HIT 3 438091907123 102 8780645834157377582
HIT 3 1305675300915 304 7409510142190513962
HIT 3 1438819287091 335 1938220648164996962
HIT 3 1662157586483 387 16579924221761978063
HIT 3 1305676742707 304 13407897182089834974
HIT 3 1438820728883 335 9995025063267320067
HIT 3 1662159028275 387 10747844412266778117
HIT 3 438091907124 102 10276046355204456196
HIT 3 1305675300916 304 13365029700927194631
HIT 3 1438819287092 335 9498366750140556155
HIT 3 1662157586484 387 1896036490717965345
HIT 3 1438833967151 335 17781086206031232273
HIT 3 1662172266543 387 11556545044498674073
HIT 3 1305676742708 304 4151208786329448056
HIT 3 1438820728884 335 18369939059556574586
HIT 3 1662159028276 387 6350314094930035844
HIT 3 1662174298159 387 94015981822214283
HIT 3 1438833967154 335 10433311025268029408
HIT 3 1662172266546 387 14458079593889102765
HIT 3 1662174298162 387 3190451855847010985
HIT 3 438091907125 102 9147394663332155968
HIT 3 1305675300917 304 16102471100250709249
HIT 3 1438819287093 335 7382215696723576881
HIT 3 1662157586485 387 162962972793732737
HIT 3 438091907126 102 470241432698235981
HIT 3 1305675300918 304 10431882425184105813
HIT 3 1438819287094 335 815782469760877297
HIT 3 1662157586486 387 7431854618552703610
HIT 3 1305676742709 304 16872117568131100110
HIT 3 1438820728885 335 12586043949555352308
HIT 3 1662159028277 387 18219249003093328137
HIT 3 1438833967155 335 7248327338117339849
HIT 3 1662172266547 387 13392160036046656340
HIT 3 1305676742710 304 5325866166798621410
HIT 3 1438820728886 335 85810367019101027
HIT 3 1662159028278 387 14303945527587516174
HIT 3 1662174298163 387 9723586954816915532
HIT 3 1438833967156 335 18219279657691211644
HIT 3 1662172266548 387 17101873270823625301
HIT 3 1662174298164 387 15638398042186313229
HIT 3 438091907127 102 11037135430643717708
HIT 3 1305675300919 304 16871627075333057938
HIT 3 1438819287095 335 14639385162192661498
HIT 3 1662157586487 387 5065501914738298879
HIT 3 1305676742711 304 7689407420236391827
HIT 3 1438820728887 335 12220885626949013371
HIT 3 1662159028279 387 16569077793528348163
HIT 3 438091907128 102 9459144719228507834
HIT 3 1305675300920 304 13432724475392142465
HIT 3 1438819287096 335 4694746562168767608
HIT 3 1662157586488 387 12949802475332391306
HIT 3 1305676742712 304 10430750215215703256
HIT 3 1438820728888 335 4763361577908509728
HIT 3 1662159028280 387 15323496271216411280
HIT 3 1438833967157 335 2335160517025885890
HIT 3 1662172266549 387 4105144005755793621
HIT 3 1662174298165 387 7772314130303547565
HIT 3 1438833967158 335 11232748038466132126
HIT 3 1662172266550 387 6418640731283570355
HIT 3 1662174298166 387 18400863763397640438
HIT 3 1438833967159 335 1167711964677759503
HIT 3 1662172266551 387 12281870114325458955
HIT 3 1438833967160 335 17891704289607411607
HIT 3 1662172266552 387 14547526035791469291
HIT 3 1662174298167 387 7222062615403392778
HIT 3 1662174298168 387 16274594858020295010
HIT 3 438091907129 102 3710196804815073486
HIT 3 1305675300921 304 13766617623754375029
HIT 3 1438819287097 335 5043427746989717899
HIT 3 1662157586489 387 162372118645496054
HIT 3 438091907130 102 2760668215821124196
HIT 3 1305675300922 304 8378517972719873752
HIT 3 1438819287098 335 11259498460146454494
HIT 3 1662157586490 387 13545764257955263855
HIT 3 1305676742713 304 8547541805002465714
HIT 3 1438820728889 335 3234612508323744464
HIT 3 1662159028281 387 1112547973393510892
HIT 3 1305676742714 304 17317697768181804864
HIT 3 1438820728890 335 3149272580666256879
HIT 3 1662159028282 387 5464693188288687306
HIT 3 438091907131 102 6680866148707668682
HIT 3 1305675300923 304 5845351201599667118
HIT 3 1438819287099 335 1973931739128289844
HIT 3 1662157586491 387 10312727543202504279
HIT 3 1305676742715 304 1481863841121520520
HIT 3 1438820728891 335 5754923904560462452
HIT 3 1662159028283 387 16015220163376107263
HIT 3 438091907132 102 5374413794506460602
HIT 3 1305675300924 304 6420787306066617532
HIT 3 1438819287100 335 8197715602783804811
HIT 3 1662157586492 387 7234537252787743349
HIT 3 1305676742716 304 16551708180839977905
HIT 3 1438820728892 335 18047683095959654849
HIT 3 1662159028284 387 16827295692030332219
HIT 3 1438833967162 335 4885454649958991242
HIT 3 1662172266554 387 1053091743925166688
HIT 3 1662174298170 387 4410197413567699906
HIT 3 1438833967163 335 14277683939500612306
HIT 3 1662172266555 387 14482573918115106938
HIT 3 1662174298171 387 8627077618195324776
HIT 3 438091907133 102 5834337872329784858
HIT 3 1305675300925 304 3757170045378157055
HIT 3 1438819287101 335 1003138764488971988
HIT 3 1662157586493 387 8676089217457390643
HIT 3 1305676742717 304 6422629991423967583
HIT 3 1438820728893 335 7711219919738443469
HIT 3 1662159028285 387 8764505118672522862
HIT 3 1438833967161 335 4388652417673937513
HIT 3 1662172266553 387 3797379708297539179
HIT 3 438091907134 102 12380112842564748740
HIT 3 1305675300926 304 11995448302336593273
HIT 3 1438819287102 335 18398307496671781305
HIT 3 1662157586494 387 12679576630749443188
HIT 3 1438833967164 335 13924965589297027060
HIT 3 1662172266556 387 13140199737380375653
HIT 3 1662174298169 387 5967560038948414591
HIT 3 1662174298172 387 10003490149623274578
HIT 3 1305676742718 304 12526709508937355589
HIT 3 1438820728894 335 2803477126398502798
HIT 3 1662159028286 387 6671570922302989962
HIT 3 438091907136 102 15481210215136418870
HIT 3 1305675300928 304 9375878101159394536
HIT 3 1438819287104 335 45050592592291065
HIT 3 1662157586496 387 8136903888393028857
HIT 3 438091907135 102 6749779093992811167
HIT 3 1305675300927 304 2001027456513268115
HIT 3 1438819287103 335 16905312867809702562
HIT 3 1662157586495 387 12221948788774399462
HIT 3 1438833967165 335 14993824542746040349
HIT 3 1662172266557 387 5415267168424162921
HIT 3 1662174298173 387 6477106237206076184
HIT 3 1305676742720 304 14047304725401718416
HIT 3 1305676742719 304 11633771015984277151
HIT 3 1438820728896 335 12471258482894277573
HIT 3 1438820728895 335 7856801245744682425
HIT 3 1662159028287 387 9935238368997745100
HIT 3 1662159028288 387 11053047932058628245
HIT 3 1438833967166 335 786426985780734872
HIT 3 1662172266558 387 5268667275905306313
HIT 3 1662174298174 387 2479932198288931248
HIT 3 438091907137 102 16970881316535132009
HIT 3 1305675300929 304 5712763037074508150
HIT 3 1438819287105 335 6320885403036836228
HIT 3 1662157586497 387 8707444113329151497
HIT 3 1305676742721 304 5092503537054727733
HIT 3 1438820728897 335 12231757080830104795
HIT 3 1662159028289 387 3002321832078776291
HIT 3 438091907138 102 7380647579431012251
HIT 3 1305675300930 304 14953867113985229262
HIT 3 1438819287106 335 4995899856605582539
HIT 3 1662157586498 387 688208566106938831
HIT 3 1305676742722 304 1980996692507249259
HIT 3 1438820728898 335 5719851608858856052
HIT 3 1662159028290 387 13074200832425766671
HIT 3 1438833967168 335 8151473545138839744
HIT 3 1662172266560 387 1192240323938601727
HIT 3 1438833967167 335 9736281901243090257
HIT 3 1662172266559 387 834603990300090589
HIT 3 1662174298176 387 10531767523616159299
HIT 3 1662174298175 387 8017205598813121882
HIT 3 438091907139 102 12994563532316732489
HIT 3 1305675300931 304 18185876701306258003
HIT 3 1438819287107 335 4773320482858403260
HIT 3 1662157586499 387 12512471002808037587
HIT 3 1438833967169 335 4102503296741221821
HIT 3 1662172266561 387 9976061509046885273
HIT 3 438091907140 102 6853723310902555349
HIT 3 1305675300932 304 1605919679833913498
HIT 3 1438819287108 335 9308571542979164769
HIT 3 1662157586500 387 11348061585775305909
HIT 3 1662174298177 387 14631573105535543570
HIT 3 1305676742723 304 6023069866175846350
HIT 3 1438820728899 335 7778889926702946859
HIT 3 1662159028291 387 18018044306522560551
HIT 3 1305676742724 304 2060484769123376366
HIT 3 1438820728900 335 10053800455665696875
HIT 3 1662159028292 387 2291120470821460792
HIT 3 1438833967170 335 4783186532031791791
HIT 3 1662172266562 387 691909562093714116
HIT 3 1662174298178 387 8925248851983684717
HIT 3 438091907141 102 5360301536887962684
HIT 3 1305675300933 304 8067530305621011045
HIT 3 1438819287109 335 12258140316555419181
HIT 3 1662157586501 387 6685263466584934556
HIT 3 1305676742725 304 1028283928327703960
HIT 3 1438820728901 335 4825619579288198753
HIT 3 1662159028293 387 17743648527104991307
HIT 3 438091907142 102 7346801846131687613
HIT 3 1305675300934 304 589490740456521339
HIT 3 1438819287110 335 14303384709735366165
HIT 3 1662157586502 387 2154515053971342466
HIT 3 1305676742726 304 7986910136943476628
HIT 3 1438820728902 335 4948706981536544370
HIT 3 1662159028294 387 6788338205160027080
HIT 3 1438833967171 335 5826428901680192381
HIT 3 1662172266563 387 3445600796027163151
HIT 3 1438833967172 335 1825351882448038178
HIT 3 1662172266564 387 9847475081161952201
HIT 3 1662174298180 387 11742299434212764103
HIT 3 1662174298179 387 5810895358038933868
HIT 3 438091907143 102 3813127541569157831
HIT 3 1305675300935 304 12978459160848348387
HIT 3 1438819287111 335 13765896107532169616
HIT 3 1662157586503 387 2389393499776946573
HIT 3 1438833967173 335 4777498419413171700
HIT 3 1662172266565 387 9911982910927452811
HIT 3 1662174298181 387 12295753791046197946
HIT 3 1305676742727 304 2855003894453452203
HIT 3 1438820728903 335 7507694709510830225
HIT 3 1662159028295 387 6430455882492198959
HIT 3 438091907144 102 12404658281153247540
HIT 3 1305675300936 304 8355510927419709894
HIT 3 1438819287112 335 1415774609704602420
HIT 3 1662157586504 387 18371105600802733614
HIT 3 1305676742728 304 8470171202912550201
HIT 3 1438820728904 335 7612598153214829395
HIT 3 1662159028296 387 13171195623508370475
HIT 3 438091907145 102 3756743452369726892
HIT 3 1305675300937 304 15698693609722628367
HIT 3 1438819287113 335 1238336447613285267
HIT 3 1662157586505 387 2676996857804431861
HIT 3 1305676742729 304 16489392619473590938
HIT 3 1438820728905 335 7251853774068820317
HIT 3 1662159028297 387 11173018321267522069
HIT 3 1438833967174 335 4899397041290988046
HIT 3 1662172266566 387 14386623520431681482
HIT 3 1662174298182 387 5428845015010987457
HIT 3 438091907146 102 539395510982755493
HIT 3 1305675300938 304 6180209990260928145
HIT 3 1438819287114 335 16503192308977624207
HIT 3 1662157586506 387 16215912138701795180
HIT 3 1438833967175 335 4042289322782269513
HIT 3 1662172266567 387 13497533191554585381
HIT 3 1662174298183 387 2631243654428438218
HIT 3 1305676742730 304 10217475494569488482
HIT 3 1438820728906 335 12990885383234891245
HIT 3 1662159028298 387 3450857155908913863
HIT 3 1438833967176 335 5869145895783379918
HIT 3 1662172266568 387 11302219912149289952
HIT 3 438091907147 102 240017052343197774
HIT 3 1305675300939 304 1909066737697559327
HIT 3 1438819287115 335 17314586186001235132
HIT 3 1662157586507 387 11463987682702209476
HIT 3 1305676742731 304 7162577042912951197
HIT 3 1438820728907 335 17353311231855925365
HIT 3 1662159028299 387 11602911290814777975
HIT 3 1662174298184 387 3655748407789273837
HIT 3 1438833967177 335 8070979316625666851
HIT 3 1662172266569 387 1445481980603206671
HIT 3 438091776076 102 10167640730780942577
HIT 3 1305675169868 304 8878526383420675369
HIT 3 1438819156044 335 7939469064295200453
HIT 3 1662157455436 387 11277573892767469920
HIT 3 438091907148 102 15453676884984001660
HIT 3 1305675300940 304 2776658914966095802
HIT 3 1438819287116 335 17339181261722432542
HIT 3 1662157586508 387 1152044350853978191
HIT 3 1662174298185 387 2619575496916847653
HIT 3 1305676742732 304 10692024711160050643
HIT 3 1438820728908 335 17562004998692697810
HIT 3 1662159028300 387 15513222047393184870
HIT 3 438091907149 102 10167640730780942577
HIT 3 1305675300941 304 8878526383420675369
HIT 3 1438819287117 335 7939469064295200453
HIT 3 1662157586509 387 11277573892767469920
HIT 3 1438833967179 335 3357453573087710608
HIT 3 1662172266571 387 4486374530935491147
HIT 3 1305676742733 304 6707536343307159948
HIT 3 1438820728909 335 1214198947055379454
HIT 3 1662159028301 387 2638966070929116923
HIT 3 1662174298187 387 16732040373743545261
HIT 3 1438833967178 335 17428941199195349942
HIT 3 1662172266570 387 16616030488258023857
HIT 3 1662174298186 387 10924470993904973435
HIT 3 438091907150 102 8523355570405324260
HIT 3 1305675300942 304 15511551489611740007
HIT 3 1438819287118 335 16482724833086829691
HIT 3 1662157586510 387 6323753034595480202
HIT 3 1305676611662 304 17851708327707607116
HIT 3 1438820597838 335 15950626157486633423
HIT 3 1662158897230 387 12434148605122631185
HIT 3 1297086808142 302 5859069106730335611
HIT 3 1305676742734 304 14959056647659189161
HIT 3 1309971710030 305 10169622527742456910
HIT 3 1314266677326 306 3541296118147909456
HIT 3 1430230794318 333 8539151480857518768
HIT 3 1434525761614 334 1768952098702633764
HIT 3 1438820728910 335 18130395364467161145
HIT 3 1447410663502 337 13000809969135772692
HIT 3 1653569093710 385 475435184893819259
HIT 3 1657864061006 386 11691216333394090510
HIT 3 1662159028302 387 17567716052188227626
HIT 3 1670748962894 389 13821826535506228813
HIT 3 446683349070 104 5901776415135516926
HIT 3 1305676808270 304 13547509139243073740
HIT 3 1438820794446 335 13578279551125337788
HIT 3 1662159093838 387 17835313012556583892
HIT 3 1305676873806 304 3440798601926468074
HIT 3 1438820859982 335 10811704115513553564
HIT 3 1662159159374 387 5919486217735193571
HIT 3 438091907151 102 5901776415135516926
HIT 3 1305675300943 304 3127709298602003625
HIT 3 1438819287119 335 16087029705601834777
HIT 3 1662157586511 387 3820852476979539612
HIT 3 438092038223 102 8523355570405324260
HIT 3 1305675432015 304 15511551489611740007
HIT 3 1438819418191 335 16482724833086829691
HIT 3 1662157717583 387 6323753034595480202
HIT 3 1305676742735 304 2555241501988070726
HIT 3 1438820728911 335 9743439533461004718
HIT 3 1662159028303 387 14471821806210513600
HIT 3 1438833967180 335 8675621987755881583
HIT 3 1662172266572 387 10398612366861659622
HIT 3 1662174298188 387 14087724493094786848
HIT 3 1438833967181 335 6005472016100079889
HIT 3 1662172266573 387 12880968952580307573
HIT 3 438092038224 102 556291406727782192
HIT 3 1305675432016 304 8550391471306851680
HIT 3 1438819418192 335 13830208985567074724
HIT 3 1662157717584 387 17345431787003772064
HIT 3 438092103760 102 14827772232136362371
HIT 3 1305675497552 304 15535469747047293541
HIT 3 1438819483728 335 341851687848533536
HIT 3 1662157783120 387 651014235117797502
HIT 3 438092169296 102 14962310881355150874
HIT 3 1305675563088 304 2871116334527943521
HIT 3 1438819549264 335 9014882104805812450
HIT 3 1662157848656 387 18126392069889831614
HIT 3 438092234832 102 11874667062831388720
HIT 3 1305675628624 304 1226241033037620617
HIT 3 1438819614800 335 10138975561574312189
HIT 3 1662157914192 387 4603606161180351905
HIT 3 438092300368 102 9412484127070843066
HIT 3 1305675694160 304 12374684731297433679
HIT 3 1438819680336 335 17067438347579330647
HIT 3 1662157979728 387 4302547541448712999
HIT 3 438092365904 102 5558682125568018806
HIT 3 1305675759696 304 3820763452292150692
HIT 3 1438819745872 335 13605943612163050856
HIT 3 1662158045264 387 5376586489873074179
HIT 3 438092431440 102 6030694224218464719
HIT 3 1305675825232 304 6916528301373805177
HIT 3 1438819811408 335 15100433801791334787
HIT 3 1662158110800 387 17977025083115132683
HIT 3 1438833836110 335 10911920633784269784
HIT 3 1662172135502 387 7963299549016878386
HIT 3 438092496976 102 7215810308084849614
HIT 3 1662174298189 387 15136154618177347264
HIT 3 1430244032590 333 14062413484075686343
HIT 3 1434538999886 334 12882002355637388477
HIT 3 1438833967182 335 4388943339574050059
HIT 3 1447423901774 337 3158456151488859694
HIT 3 1653582331982 385 12906014248744998665
HIT 3 1657877299278 386 7005925740312801981
HIT 3 1662172266574 387 5929298600850794083
HIT 3 1670762201166 389 14295035835516305825
HIT 3 1314279981134 306 3127709298602003625
HIT 3 1438834032718 335 3960005483452730087
HIT 3 1662172332110 387 12595513253277916938
HIT 3 1438834098254 335 4623102796461975285
HIT 3 1662172397646 387 9422849748928698114
HIT 3 1305675890768 304 10677452016968041338
HIT 3 1438819876944 335 14875330441728486646
HIT 3 1662158176336 387 7663519034759176115
HIT 3 438092562512 102 4075350451048562399
HIT 3 1305675956304 304 9028048893443551348
HIT 3 1438819942480 335 18185342137790170794
HIT 3 1662158241872 387 18252028609011467013
HIT 3 438092628048 102 18420226085634825499
HIT 3 1305676021840 304 14350400650952882850
HIT 3 1438820008016 335 13415748330546968689
HIT 3 1662158307408 387 10943047145833958079
HIT 3 438092693584 102 10666172566206500250
HIT 3 1305676087376 304 12838999271073923658
HIT 3 1438820073552 335 3302823946256879461
HIT 3 1662158372944 387 15382744006571181460
HIT 3 438092759120 102 14547620964608002262
HIT 3 1305676152912 304 14144211885053420592
HIT 3 1438820139088 335 700338258372562606
HIT 3 1662158438480 387 14316434864034962078
HIT 3 438092824656 102 673189480702228221
HIT 3 1305676218448 304 12894017242173005349
HIT 3 1438820204624 335 8318359321262940603
HIT 3 1662158504016 387 1126163831469985266
HIT 3 438092890192 102 5702624264848745075
HIT 3 1305676283984 304 9927206646670263051
HIT 3 1438820270160 335 8315569676748563140
HIT 3 1662158569552 387 5270770996803703614
HIT 3 438092955728 102 7397955061298308153
HIT 3 1305676349520 304 395874945673967773
HIT 3 1438820335696 335 12195738040146546421
HIT 3 1662158635088 387 4310994888962472171
HIT 3 438093021264 102 4712632698272218052
HIT 3 1305676415056 304 8476513520250823076
HIT 3 1438820401232 335 6077356615092210448
HIT 3 1662158700624 387 9952506459563857926
HIT 3 429503152208 100 6433617534217961592
HIT 3 438093086800 102 10962145769046230052
HIT 3 1305676480592 304 18401388465100952404
HIT 3 1438820466768 335 7181083939045199059
HIT 3 1662158766160 387 18066961672428212228
HIT 3 438093152336 102 6433617534217961592
HIT 3 1305676546128 304 9692455593173246317
HIT 3 1438820532304 335 13336227343941534935
HIT 3 1662158831696 387 1673386086887939029
HIT 3 438093217872 102 222186882335936518
HIT 3 1662174167118 387 7973415028204306946
HIT 3 1447425867854 337 16087029705601834777
HIT 3 1662174232654 387 579413391454139273
HIT 3 1653584363598 385 203092324688834062
HIT 3 1657879330894 386 5633662453511965985
HIT 3 1662174298190 387 12698292906867016295
HIT 3 1670764232782 389 12822228155292896612
HIT 3 1662174429262 387 3655326824421185584
HIT 3 1297086677072 302 9040587940535253699
HIT 3 1305676611664 304 681713615157482732
HIT 3 1309971578960 305 8649156828611629931
HIT 3 1314266546256 306 4343564640448455525
HIT 3 1430230663248 333 18023495516729073349
HIT 3 1434525630544 334 7629237630296718643
HIT 3 1438820597840 335 16987399820799295628
HIT 3 1447410532432 337 14530851582852821014
HIT 3 1653568962640 385 9485541167014741169
HIT 3 1657863929936 386 2757949731194778124
HIT 3 1662158897232 387 12467895058583004405
HIT 3 1670748831824 389 15482980173302260738
HIT 3 438093283408 102 14512529863430461641
HIT 3 446683218000 104 222186882335936518
HIT 3 1305676677200 304 6399434268142100334
HIT 3 1438820663376 335 827089605667537598
HIT 3 1662158962768 387 1467225909822061843
HIT 3 446683283536 104 15617585069126734807
HIT 3 450978250832 105 9711548875752669144
HIT 3 455273218128 106 4098362452658396278
HIT 3 459568185424 107 2635301339953959473
HIT 3 463863152720 108 12107378596247979629
HIT 3 468158120016 109 7185989475449968114
HIT 3 472453087312 110 12618426041490050488
HIT 3 476748054608 111 14558918814259590118
HIT 3 481043021904 112 11166758482532815279
HIT 3 485337989200 113 7111450836226753256
HIT 3 489632956496 114 16706242215955713115
HIT 3 493927923792 115 238692567330180156
HIT 3 498222891088 116 15477367403849587085
HIT 3 502517858384 117 10094175060861929804
HIT 3 506812825680 118 11894321651863086529
HIT 3 511107792976 119 3250966913428121882
HIT 3 515402760272 120 8249806582265830905
HIT 3 519697727568 121 4661072485244666920
HIT 3 523992694864 122 1568296389327880689
HIT 3 528287662160 123 11819397386330536820
HIT 3 532582629456 124 15689023728838431895
HIT 3 536877596752 125 10877468877445300848
HIT 3 541172564048 126 11205232878435239711
HIT 3 545467531344 127 1586211280127820738
HIT 3 549762498640 128 5329739328505627681
HIT 3 554057465936 129 14063388607808886515
HIT 3 558352433232 130 7083945586492734060
HIT 3 562647400528 131 4842449111927513626
HIT 3 566942367824 132 10047824000162468894
HIT 3 571237335120 133 476965417120354285
HIT 3 575532302416 134 16637074663052220836
HIT 3 579827269712 135 12138649649317480512
HIT 3 584122237008 136 7345691304915151442
HIT 3 588417204304 137 17294043217466904846
HIT 3 592712171600 138 18022861283060284969
HIT 3 597007138896 139 5477006203893759031
HIT 3 601302106192 140 10570608240022344674
HIT 3 605597073488 141 3542107616073495126
HIT 3 609892040784 142 16896597793235347723
HIT 3 614187008080 143 2324964180708781952
HIT 3 618481975376 144 7053817272276930710
HIT 3 622776942672 145 5043587451653256848
HIT 3 627071909968 146 15800272763623026423
HIT 3 631366877264 147 3029523600865115328
HIT 3 635661844560 148 13289925540112712795
HIT 3 639956811856 149 6185736162094078477
HIT 3 644251779152 150 2672392526322295521
HIT 3 648546746448 151 5084532967263168930
HIT 3 652841713744 152 8181318308360316113
HIT 3 657136681040 153 13727822880017355438
HIT 3 661431648336 154 4096245450814482231
HIT 3 665726615632 155 17396326204689359307
HIT 3 670021582928 156 11301626943036776261
HIT 3 674316550224 157 6000348975204925494
HIT 3 678611517520 158 16511355003489342692
HIT 3 682906484816 159 7040518570571365468
HIT 3 687201452112 160 9037150975940857737
HIT 3 691496419408 161 11602065281787071981
HIT 3 695791386704 162 4289299373612618641
HIT 3 700086354000 163 10409562306906547139
HIT 3 704381321296 164 15536587208935391210
HIT 3 708676288592 165 9876280749063931859
HIT 3 712971255888 166 18318744677853156336
HIT 3 717266223184 167 3964611001698010925
HIT 3 721561190480 168 7287015784177285027
HIT 3 725856157776 169 13840263753178204684
HIT 3 730151125072 170 7790786863170554631
HIT 3 734446092368 171 15516233642661372227
HIT 3 738741059664 172 15033575193566063606
HIT 3 743036026960 173 79147027546384449
HIT 3 747330994256 174 6925284195772402127
HIT 3 751625961552 175 1668083324281311810
HIT 3 755920928848 176 485168682546574386
HIT 3 760215896144 177 16688976270808972483
HIT 3 764510863440 178 8164172047870234039
HIT 3 768805830736 179 3231238468731626756
HIT 3 773100798032 180 11372640732434851802
HIT 3 777395765328 181 6594445052750823825
HIT 3 781690732624 182 5442130333607040839
HIT 3 785985699920 183 18210253980642016495
HIT 3 790280667216 184 18191274247085004196
HIT 3 794575634512 185 2474282344975195664
HIT 3 798870601808 186 10322740314529408701
HIT 3 803165569104 187 12851725991339352240
HIT 3 807460536400 188 10595750602394531251
HIT 3 811755503696 189 1552043475747571721
HIT 3 816050470992 190 16093908331168765891
HIT 3 820345438288 191 11773116429198813551
HIT 3 824640405584 192 7821989273857708328
HIT 3 828935372880 193 3897440402476206617
HIT 3 833230340176 194 12965048067202873944
HIT 3 837525307472 195 14636875141167628065
HIT 3 841820274768 196 9614578260954219588
HIT 3 846115242064 197 17398146826310971088
HIT 3 850410209360 198 16143629030614439345
HIT 3 854705176656 199 2250899893263025620
HIT 3 859000143952 200 14044223877781810727
HIT 3 863295111248 201 1733864532365404262
HIT 3 867590078544 202 10207897310622635590
HIT 3 871885045840 203 588913110715760246
HIT 3 876180013136 204 4369447372637850036
HIT 3 880474980432 205 7155627037395485714
HIT 3 884769947728 206 17683074354568207466
HIT 3 889064915024 207 15595792389984836134
HIT 3 893359882320 208 17021934501149035914
HIT 3 897654849616 209 12059884108793027192
HIT 3 901949816912 210 12288463543745548814
HIT 3 906244784208 211 392158352126520524
HIT 3 910539751504 212 15385896849999810005
HIT 3 914834718800 213 14757597605534182793
HIT 3 919129686096 214 12874529559403816843
HIT 3 923424653392 215 6293337157737743284
HIT 3 927719620688 216 7522376018901506396
HIT 3 932014587984 217 2168113066661199022
HIT 3 936309555280 218 17842408967890161568
HIT 3 940604522576 219 15113335054455808063
HIT 3 944899489872 220 8030530497189554659
HIT 3 949194457168 221 2718710367025034538
HIT 3 953489424464 222 14889146607395114745
HIT 3 957784391760 223 9171807435897896467
HIT 3 962079359056 224 18208961560639669315
HIT 3 966374326352 225 12633077434267176373
HIT 3 970669293648 226 12383412364549086254
HIT 3 974964260944 227 8187818239062006581
HIT 3 979259228240 228 4584566707174764085
HIT 3 983554195536 229 6560718889339613814
HIT 3 987849162832 230 18194759003646485637
HIT 3 992144130128 231 7614840741708614738
HIT 3 996439097424 232 17316852576068771482
HIT 3 1000734064720 233 4535465484986585732
HIT 3 1005029032016 234 7970574151118831253
HIT 3 1009323999312 235 10046515364266114400
HIT 3 1013618966608 236 6303280338563583447
HIT 3 1017913933904 237 3213029589440854190
HIT 3 1022208901200 238 18234204661172041601
HIT 3 1026503868496 239 9087090586354626429
HIT 3 1030798835792 240 3966157971172700200
HIT 3 1035093803088 241 6897523695143336924
HIT 3 1039388770384 242 1757631174728436190
HIT 3 1043683737680 243 9213589025472548012
HIT 3 1047978704976 244 11694440702264614482
HIT 3 1052273672272 245 15936572891606025705
HIT 3 1056568639568 246 14827968173127877555
HIT 3 1060863606864 247 1318688794039598022
HIT 3 1065158574160 248 8854891151720346138
HIT 3 1069453541456 249 9344529698676805127
HIT 3 1073748508752 250 11176888916893840426
HIT 3 1078043476048 251 8151762075650692952
HIT 3 1082338443344 252 9272218174590930539
HIT 3 1086633410640 253 16815656589656485290
HIT 3 1090928377936 254 12720720474664518453
HIT 3 1095223345232 255 2783661997672369916
HIT 3 1099518312528 256 1304064965610830988
HIT 3 1103813279824 257 740791754740825766
HIT 3 1108108247120 258 1893730436876351924
HIT 3 1112403214416 259 6004807172153593439
HIT 3 1116698181712 260 13254280676183326437
HIT 3 1120993149008 261 11247900105122229074
HIT 3 1125288116304 262 7563901071026107526
HIT 3 1129583083600 263 17720626175160443757
HIT 3 1133878050896 264 13777266923633748141
HIT 3 1138173018192 265 13432961560876867389
HIT 3 1142467985488 266 8397869090888012277
HIT 3 1146762952784 267 9560052277877485011
HIT 3 1151057920080 268 8864947912903607241
HIT 3 1155352887376 269 3675560888963197802
HIT 3 1159647854672 270 8390642641225588402
HIT 3 1163942821968 271 3589873837285829146
HIT 3 1168237789264 272 12907164637102875125
HIT 3 1172532756560 273 17747873345202664433
HIT 3 1176827723856 274 7200890488971733885
HIT 3 1181122691152 275 3661365459129512690
HIT 3 1185417658448 276 13758782882525600271
HIT 3 1189712625744 277 208900330658253740
HIT 3 1194007593040 278 2776222206941304644
HIT 3 1198302560336 279 11239070467503544246
HIT 3 1202597527632 280 1255408271157529453
HIT 3 1206892494928 281 3952600158008946642
HIT 3 1211187462224 282 10844562312178641372
HIT 3 1215482429520 283 5144832330035597921
HIT 3 1219777396816 284 7716876332786067922
HIT 3 1224072364112 285 1635062578666318930
HIT 3 1228367331408 286 17103810174648447190
HIT 3 1232662298704 287 1303716567828578669
HIT 3 1236957266000 288 8545887817250920690
HIT 3 1241252233296 289 2980813972199982754
HIT 3 1245547200592 290 16850546847757097307
HIT 3 1249842167888 291 432783489830440354
HIT 3 1254137135184 292 12453114072433944736
HIT 3 1258432102480 293 2892554915432635588
HIT 3 1262727069776 294 16577897912779085118
HIT 3 1267022037072 295 2547803133282330071
HIT 3 1271317004368 296 756571114517211083
HIT 3 1275611971664 297 10205754487460492348
HIT 3 1279906938960 298 15696475218113331984
HIT 3 1284201906256 299 7711409957084925933
HIT 3 1288496873552 300 13563340945521707229
HIT 3 1292791840848 301 16698687228301454983
HIT 3 1297086808144 302 1177803982754684528
HIT 3 1301381775440 303 6424368697187257839
HIT 3 1305676742736 304 2215335638980909766
HIT 3 1309971710032 305 15869292591735872083
HIT 3 1314266677328 306 11703381430985525673
HIT 3 1318561644624 307 2671189431051225050
HIT 3 1322856611920 308 13752559569053304096
HIT 3 1327151579216 309 591226553561713021
HIT 3 1331446546512 310 3291943411212615240
HIT 3 1335741513808 311 3790538313989236398
HIT 3 1340036481104 312 14261264308020041720
HIT 3 1344331448400 313 17961648699076757615
HIT 3 1348626415696 314 1179002875977631710
HIT 3 1352921382992 315 4633202927750185271
HIT 3 1357216350288 316 1241781221347444848
HIT 3 1361511317584 317 15048210814938016379
HIT 3 1365806284880 318 848177646945611709
HIT 3 1370101252176 319 1938777403016547627
HIT 3 1374396219472 320 2431533337706126584
HIT 3 1378691186768 321 2352751274842830791
HIT 3 1382986154064 322 5725129310062487879
HIT 3 1387281121360 323 15536174194018144446
HIT 3 1391576088656 324 1885095086999566837
HIT 3 1395871055952 325 17242231686676854171
HIT 3 1400166023248 326 11609154569410835611
HIT 3 1404460990544 327 15438427391290930966
HIT 3 1408755957840 328 17374704550132894617
HIT 3 1413050925136 329 17898392190771183961
HIT 3 1417345892432 330 16757134724740166308
HIT 3 1421640859728 331 613281548680037522
HIT 3 1425935827024 332 2517468420768149461
HIT 3 1430230794320 333 865881756541285652
HIT 3 1434525761616 334 1543550537740963030
HIT 3 1438820728912 335 5869968925422906911
HIT 3 1443115696208 336 11841728812855589634
HIT 3 1447410663504 337 14794921084801235893
HIT 3 1451705630800 338 6827295647815689094
HIT 3 1456000598096 339 12674888927083631662
HIT 3 1460295565392 340 3778701453752253645
HIT 3 1464590532688 341 7660630412414182082
HIT 3 1468885499984 342 2982051485100409641
HIT 3 1473180467280 343 15887848393318953421
HIT 3 1477475434576 344 4197016317746415808
HIT 3 1481770401872 345 13275575816952392059
HIT 3 1486065369168 346 12527170395722965416
HIT 3 1490360336464 347 826716203798843188
HIT 3 1494655303760 348 14059829514579121360
HIT 3 1498950271056 349 5884902758896818023
HIT 3 1503245238352 350 4896330810831869521
HIT 3 1507540205648 351 10515892430698013124
HIT 3 1511835172944 352 16331430490570756095
HIT 3 1516130140240 353 15926809524369468629
HIT 3 1520425107536 354 3348130193116007549
HIT 3 1524720074832 355 8304215498301274164
HIT 3 1529015042128 356 7413209104945333850
HIT 3 1533310009424 357 12142985673417906568
HIT 3 1537604976720 358 7502944647723195984
HIT 3 1541899944016 359 8292561223024763830
HIT 3 1546194911312 360 3974307336232105988
HIT 3 1550489878608 361 18190287037037196368
HIT 3 1554784845904 362 7171994498249565248
HIT 3 1559079813200 363 603709944617101302
HIT 3 1563374780496 364 15091120221924566530
HIT 3 1567669747792 365 2998572406126766289
HIT 3 1571964715088 366 16414338258538968512
HIT 3 1576259682384 367 257789901791676282
HIT 3 1580554649680 368 16922659432841810106
HIT 3 1584849616976 369 6162978373920538104
HIT 3 1589144584272 370 18012936615327387343
HIT 3 1593439551568 371 9261676437559428571
HIT 3 1597734518864 372 9670619151870684048
HIT 3 1602029486160 373 15413320724840311694
HIT 3 1606324453456 374 11445118333484312729
HIT 3 1610619420752 375 1102084899331688977
HIT 3 1614914388048 376 15491273489428358969
HIT 3 1619209355344 377 15357014649711876959
HIT 3 1623504322640 378 15439159052120943263
HIT 3 1627799289936 379 8494592733815008502
HIT 3 1632094257232 380 9947228957726271208
HIT 3 1636389224528 381 7088335562688941914
HIT 3 1640684191824 382 8461073726767709997
HIT 3 1644979159120 383 16948493823981425074
HIT 3 1649274126416 384 8668739970835066495
HIT 3 1653569093712 385 259618770060526621
HIT 3 1657864061008 386 9420636290739626953
HIT 3 1662159028304 387 3641291070637889647
HIT 3 1666453995600 388 15231016014611277827
HIT 3 1670748962896 389 17453770205137341599
HIT 3 1675043930192 390 1892721663945669645
HIT 3 1679338897488 391 15055098513732848823
HIT 3 1683633864784 392 5502843021571728975
HIT 3 1687928832080 393 5970019080139110474
HIT 3 1692223799376 394 4152868448887353609
HIT 3 1696518766672 395 465298885873086650
HIT 3 1700813733968 396 7220828090983492722
HIT 3 1705108701264 397 16904477771479390609
HIT 3 1709403668560 398 5645722900414784413
HIT 3 1713698635856 399 14898949346113140981
HIT 3 1717993603152 400 11543126426310475833
HIT 3 1722288570448 401 15375745822590208384
HIT 3 1726583537744 402 1747244891090234799
HIT 3 1730878505040 403 17297964599432926331
HIT 3 1735173472336 404 1630206181638515081
HIT 3 1739468439632 405 12597569031175344328
HIT 3 1743763406928 406 18301137157306002967
HIT 3 1748058374224 407 7944243138786541804
HIT 3 1752353341520 408 4391122868909723033
HIT 3 1756648308816 409 17413077867831609283
HIT 3 1760943276112 410 2242411883591931185
HIT 3 1765238243408 411 4119146809432432733
HIT 3 1769533210704 412 11438525620902911425
HIT 3 1773828178000 413 11084651033859526454
HIT 3 1778123145296 414 13564235295596536416
HIT 3 1782418112592 415 16022801003127325039
HIT 3 1786713079888 416 16426039631663078237
HIT 3 1791008047184 417 5866564773765729989
HIT 3 1795303014480 418 11541606851637961112
HIT 3 1799597981776 419 9284746253085407894
HIT 3 1803892949072 420 3461522481922352688
HIT 3 1808187916368 421 10945687302298754120
HIT 3 1812482883664 422 698474920787535432
HIT 3 1816777850960 423 2017328357598501791
HIT 3 1821072818256 424 2078393361095791649
HIT 3 1825367785552 425 16418370007169765609
HIT 3 1829662752848 426 14301234857010722435
HIT 3 1833957720144 427 2647020834236794568
HIT 3 1838252687440 428 7198159150657660408
HIT 3 1842547654736 429 12365418720995028194
HIT 3 1846842622032 430 13424471444876325162
HIT 3 1851137589328 431 5211706107712731453
HIT 3 1855432556624 432 15470803254180383023
HIT 3 1859727523920 433 10404944997504491598
HIT 3 1864022491216 434 1316705030082214190
HIT 3 1868317458512 435 11087871010667815722
HIT 3 1872612425808 436 11939780503193009770
HIT 3 1876907393104 437 131236709031221832
HIT 3 1881202360400 438 7618695963219757225
HIT 3 1885497327696 439 9396333880688901604
HIT 3 1889792294992 440 7087790457636113990
HIT 3 1894087262288 441 6661358836532953537
HIT 3 1898382229584 442 8677109745358305716
HIT 3 1902677196880 443 12063721118420473862
HIT 3 1906972164176 444 16141421188256790378
HIT 3 1911267131472 445 11054656122543681063
HIT 3 1915562098768 446 2114055255490435443
HIT 3 1919857066064 447 1709778117791333782
HIT 3 1924152033360 448 3617396671557657107
HIT 3 1928447000656 449 17542876313717571012
HIT 3 1932741967952 450 14205094655251906049
HIT 3 1937036935248 451 5434755626304756964
HIT 3 1941331902544 452 10338445300868568927
HIT 3 1945626869840 453 16802029108123062518
HIT 3 1949921837136 454 9041449643069743950
HIT 3 1954216804432 455 13709647556062222949
HIT 3 1958511771728 456 13974943135142742284
HIT 3 1962806739024 457 14078468683877515555
HIT 3 1967101706320 458 14524977563929770711
HIT 3 1971396673616 459 6386907690568337360
HIT 3 1975691640912 460 14203301446861277386
HIT 3 1979986608208 461 1264800223878921328
HIT 3 1984281575504 462 8517764975855843639
HIT 3 1988576542800 463 15548885477801153126
HIT 3 1992871510096 464 9532386343668714362
HIT 3 1997166477392 465 2583456974215835290
HIT 3 2001461444688 466 13711630020586358236
HIT 3 2005756411984 467 9125295655023550549
HIT 3 2010051379280 468 12020708858446663118
HIT 3 2014346346576 469 13370035230048700291
HIT 3 2018641313872 470 15073691863636864801
HIT 3 2022936281168 471 11350259537666203471
HIT 3 2027231248464 472 10182764922766608797
HIT 3 2031526215760 473 14456654031045951218
HIT 3 2035821183056 474 17143141856564586890
HIT 3 2040116150352 475 3822970494654323761
HIT 3 2044411117648 476 16840831664456011283
HIT 3 2048706084944 477 16189529352329654590
HIT 3 2053001052240 478 7217034443027469084
HIT 3 2057296019536 479 10102560487295160902
HIT 3 2061590986832 480 14568775951735433377
HIT 3 2065885954128 481 14345957365356065617
HIT 3 2070180921424 482 10625441216417525607
HIT 3 2074475888720 483 4773005078357628833
HIT 3 2078770856016 484 16576830524451098167
HIT 3 2083065823312 485 11262423984987925688
HIT 3 2087360790608 486 4387317653305683543
HIT 3 2091655757904 487 12456035463024683937
HIT 3 2095950725200 488 7178320678685674464
HIT 3 2100245692496 489 12465771381155310982
HIT 3 2104540659792 490 9702114243497744626
HIT 3 2108835627088 491 6112680342586884316
HIT 3 2113130594384 492 9329264171776046468
HIT 3 2117425561680 493 4179794964773857348
HIT 3 2121720528976 494 769067501839021083
HIT 3 2126015496272 495 10588767461132309244
HIT 3 2130310463568 496 9652995862662456753
HIT 3 2134605430864 497 3242300173595655594
HIT 3 2138900398160 498 14270203867637036028
HIT 3 2143195365456 499 4693713760464350756
HIT 3 2147490332752 500 10250838938051327901
HIT 3 2151785300048 501 4063142185489445182
HIT 3 2156080267344 502 16387060230740079660
HIT 3 2160375234640 503 1605133000492945458
HIT 3 2164670201936 504 9091103651158091075
HIT 3 2168965169232 505 16272727519344399716
HIT 3 2173260136528 506 4905840765871771740
HIT 3 2177555103824 507 9879193080590178144
HIT 3 2181850071120 508 14409550339622058307
HIT 3 2186145038416 509 414922570860051849
HIT 3 2190440005712 510 17818947440275616981
HIT 3 2194734973008 511 11253104668874506657
HIT 3 446683349072 104 13801423868397288455
HIT 3 450978316368 105 2635301339953959473
HIT 3 455273283664 106 15617585069126734807
HIT 3 1297086873680 302 9956578631047193561
HIT 3 1305676808272 304 11528747644773564943
HIT 3 1309971775568 305 10741788182110174785
HIT 3 1314266742864 306 12305384688815116743
HIT 3 1430230859856 333 14625885743936685897
HIT 3 1434525827152 334 16530254781196377954
HIT 3 1438820794448 335 10381820781500596380
HIT 3 1447410729040 337 12647347779204378273
HIT 3 1653569159248 385 9650942423283999573
HIT 3 1657864126544 386 568415447710843906
HIT 3 1662159093840 387 8190161717864846890
HIT 3 1670749028432 389 14488291648355061272
HIT 3 1670767575118 389 3820852476979539612
HIT 3 1297086939216 302 2403199532630336963
HIT 3 1305676873808 304 13769357901813542415
HIT 3 1309971841104 305 4696982508374011096
HIT 3 1314266808400 306 15111402682027853869
HIT 3 1430230925392 333 4338721527986366378
HIT 3 1434525892688 334 4350839778030234538
HIT 3 1438820859984 335 1519846336088477620
HIT 3 1447410794576 337 8766753998678240448
HIT 3 1653569224784 385 572075675476846722
HIT 3 1657864192080 386 13823318375461590625
HIT 3 1662159159376 387 9008747389053906591
HIT 3 1670749093968 389 9812916549366470158
HIT 3 455273414736 106 6331322170429112489
HIT 3 1305676939344 304 9658537357343765878
HIT 3 1438820925520 335 15645684049883171654
HIT 3 1662159224912 387 3104445518375941201
HIT 3 1305677004880 304 9211214809875134986
HIT 3 1438820991056 335 10449404723717527232
HIT 3 1662159290448 387 6412590293583301265
HIT 3 1305677070416 304 2535661332119780807
HIT 3 1438821056592 335 12708536060040024576
HIT 3 1662159355984 387 2802168284097600154
HIT 3 1305677135952 304 7157102126769072103
HIT 3 1438821122128 335 9156524983159759986
HIT 3 1662159421520 387 11750682996645953701
HIT 3 1305677201488 304 9988450415031046364
HIT 3 1438821187664 335 16635067531033030960
HIT 3 1662159487056 387 3454566766828874784
HIT 3 1305677267024 304 18162558428281251343
HIT 3 1438821253200 335 8696096624344843899
HIT 3 1662159552592 387 10003087158263345641
HIT 3 1305677332560 304 6570871914118424037
HIT 3 1438821318736 335 6257151308991974503
HIT 3 1662159618128 387 12404205968982429111
HIT 3 1305677398096 304 17906126983690411420
HIT 3 1438821384272 335 8149765172849356976
HIT 3 1662159683664 387 2550929312252816564
HIT 3 429502103633 100 14512529863430461641
HIT 3 438092038225 102 13801423868397288455
HIT 3 442387005521 103 9711548875752669144
HIT 3 446681972817 104 6331322170429112489
HIT 3 1297085497425 302 14279928256656277876
HIT 3 1305675432017 304 287517085742285185
HIT 3 1309970399313 305 63136359305666964
HIT 3 1314265366609 306 17967627660848807745
HIT 3 1430229483601 333 9357443800747951291
HIT 3 1434524450897 334 881656483066962073
HIT 3 1438819418193 335 4626631735935257053
HIT 3 1447409352785 337 2453072211373615887
HIT 3 1653567782993 385 1741440472143594355
HIT 3 1657862750289 386 6173509190827230350
HIT 3 1662157717585 387 1711062864335067018
HIT 3 1670747652177 389 888233932899525937
HIT 3 360782692433 84 4570655805559880429
HIT 3 438092103761 102 11874667062831388720
HIT 3 1305677463632 304 12237773366148967899
HIT 3 1438821449808 335 3227785055004407011
HIT 3 1662159749200 387 6328290748954070924
HIT 3 1305677529168 304 2705650510481865566
HIT 3 1438821515344 335 3130102368559736769
HIT 3 1662159814736 387 11763317716338374118
HIT 3 1305677594704 304 10596783587253413324
HIT 3 1438821580880 335 15710413013765207469
HIT 3 1662159880272 387 9782657462519386713
HIT 3 1305677660240 304 4450348602126212467
HIT 3 1438821646416 335 10011226839550617072
HIT 3 1662159945808 387 6048511705351043927
HIT 3 1305677725776 304 15759331153625527169
HIT 3 1438821711952 335 12678492748198510021
HIT 3 1662160011344 387 13482319523012997360
HIT 3 1305677791312 304 8000379835201075748
HIT 3 1438821777488 335 4299989580330792000
HIT 3 1662160076880 387 10066012180711845308
HIT 3 1305677856848 304 16779179535438197743
HIT 3 1438821843024 335 11952128638267930399
HIT 3 1662160142416 387 11860471208493836709
HIT 3 1305677922384 304 1632716829863732920
HIT 3 1438821908560 335 5727683371451073024
HIT 3 1662160207952 387 75916946656020113
HIT 3 1305677987920 304 10545049466876376284
HIT 3 1438821974096 335 2434849080609048287
HIT 3 1662160273488 387 2658145548999815682
HIT 3 1305678053456 304 15041930121333368601
HIT 3 1438822039632 335 13174462121860144019
HIT 3 1662160339024 387 12141097759754894555
HIT 3 1305678118992 304 10960783500655864084
HIT 3 1438822105168 335 13734170688936597569
HIT 3 1662160404560 387 16798319236762821429
HIT 3 1305675497553 304 1226241033037620617
HIT 3 1438819483729 335 10138975561574312189
HIT 3 1662157783121 387 4603606161180351905
HIT 3 438092169297 102 556291406727782192
HIT 3 1305675563089 304 8550391471306851680
HIT 3 1438819549265 335 13830208985567074724
HIT 3 1662157848657 387 17345431787003772064
HIT 3 1305678184528 304 16981004299402684880
HIT 3 1438822170704 335 10022342001439826476
HIT 3 1662160470096 387 15080930804616402104
HIT 3 1305678250064 304 10097774402148149029
HIT 3 1438822236240 335 13928094474237497146
HIT 3 1662160535632 387 388446648343673946
HIT 3 1305678315600 304 17882842323937230569
HIT 3 1438822301776 335 15567286591254892269
HIT 3 1662160601168 387 13899150530425193380
HIT 3 1305678381136 304 8239154765766228148
HIT 3 1438822367312 335 1531033675763782593
HIT 3 1662160666704 387 252092751062807531
HIT 3 1305678446672 304 10153656167684853692
HIT 3 1438822432848 335 1788380717490053927
HIT 3 1662160732240 387 518094417170110081
HIT 3 1305678512208 304 5520281261310333219
HIT 3 1438822498384 335 7718446150108239241
HIT 3 1662160797776 387 2946137502100054465
HIT 3 1305678577744 304 13583305374511266075
HIT 3 1438822563920 335 1062470292167067526
HIT 3 1662160863312 387 944804825029233518
HIT 3 1305678643280 304 13067650441926972266
HIT 3 1438822629456 335 15143457639543461464
HIT 3 1662160928848 387 16987027849015035579
HIT 3 1305678708816 304 16379073471809819465
HIT 3 1438822694992 335 16629268902967528324
HIT 3 1662160994384 387 12326824113473954019
HIT 3 1305678774352 304 13675610897734165706
HIT 3 1438822760528 335 3442844409480022529
HIT 3 1662161059920 387 2726513651805811338
HIT 3 1305676611665 304 9346899821541231632
HIT 3 1438820597841 335 105847239483849318
HIT 3 1662158897233 387 3290997815739233675
HIT 3 1305676611666 304 6180289930067333999
HIT 3 1438820597842 335 6846641830480725113
HIT 3 1662158897234 387 1915335141144483331
HIT 3 1297086808146 302 17141612561869830576
HIT 3 1305676742738 304 16008914479588816484
HIT 3 1309971710034 305 12066585671074017506
HIT 3 1314266677330 306 16254571961457479902
HIT 3 1430230794322 333 13475258893123568420
HIT 3 1434525761618 334 2137269605964198245
HIT 3 1438820728914 335 3782711066505498816
HIT 3 1447410663506 337 6977345040755277110
HIT 3 1653569093714 385 10138187640631704703
HIT 3 1657864061010 386 12808884041703916674
HIT 3 1662159028306 387 3323859494048605216
HIT 3 1670748962898 389 18206406136807918509
HIT 3 446683349074 104 1829945289865299660
HIT 3 1305676808274 304 16507219849461777749
HIT 3 1438820794450 335 15411865306012305460
HIT 3 1662159093842 387 14999854382839219905
HIT 3 1305676873810 304 1099856375488047761
HIT 3 1438820859986 335 1300785150817893382
HIT 3 1662159159378 387 8129262409421716460
HIT 3 1305678839888 304 11856289780786012513
HIT 3 1438822826064 335 9787540036749046699
HIT 3 1662161125456 387 17453512112952693536
HIT 3 1305678905424 304 14958780141820950224
HIT 3 1438822891600 335 12552988451102594422
HIT 3 1662161190992 387 10039538010257457890
HIT 3 1305678970960 304 13609356201006494093
HIT 3 1438822957136 335 8315607789135213076
HIT 3 1662161256528 387 7620060805689514160
HIT 3 1305679036496 304 439227397840403133
HIT 3 1438823022672 335 17887367394606728842
HIT 3 1662161322064 387 14005616095062446488
HIT 3 1305679102032 304 10227821001597456594
HIT 3 1438823088208 335 10693819310645676116
HIT 3 1662161387600 387 761421397086188805
HIT 3 1305679167568 304 7634601343805472171
HIT 3 1438823153744 335 17704183253537928238
HIT 3 1662161453136 387 14518376797721058929
HIT 3 1305679233104 304 15479765144871867549
HIT 3 1438823219280 335 668755693949511632
HIT 3 1662161518672 387 914417492236199782
HIT 3 1305679298640 304 14222922917403158924
HIT 3 1438823284816 335 10471237390989638440
HIT 3 1662161584208 387 809449991226409328
HIT 3 1305679364176 304 13016743602551633210
HIT 3 1438823350352 335 3455580510510542755
HIT 3 1662161649744 387 16536684397061167856
HIT 3 1305679429712 304 6597211338178583947
HIT 3 1438823415888 335 16836152940091971717
HIT 3 1662161715280 387 4778061234141343358
HIT 3 1305679495248 304 15225603163750235254
HIT 3 1438823481424 335 16892233173919180485
HIT 3 1662161780816 387 15518164242028289653
HIT 3 1305679560784 304 5536908221901149575
HIT 3 1438823546960 335 15768213828624077025
HIT 3 1662161846352 387 9326553366816019877
HIT 3 1297086808145 302 479015626832326072
HIT 3 1305676742737 304 10645179963087041426
HIT 3 1309971710033 305 11128766799888680854
HIT 3 1314266677329 306 7980168462247720187
HIT 3 1430230794321 333 7809207973291254729
HIT 3 1434525761617 334 10668034762927617194
HIT 3 1438820728913 335 10123252520098726811
HIT 3 1447410663505 337 3673631065139913550
HIT 3 1653569093713 385 13545016234921721408
HIT 3 1657864061009 386 781167612057393623
HIT 3 1662159028305 387 10649493674022970645
HIT 3 1670748962897 389 727490958765424125
HIT 3 446683349073 104 14827772232136362371
HIT 3 1305676808273 304 6767286232546896617
HIT 3 1438820794449 335 6940033571271717487
HIT 3 1662159093841 387 17098547242267788979
HIT 3 1305676873809 304 4373160379619119169
HIT 3 1438820859985 335 8640651278728822086
HIT 3 1662159159377 387 10210505780347789156
HIT 3 1305679626320 304 5807904578899465718
HIT 3 1438823612496 335 13589199767024717892
HIT 3 1662161911888 387 15619443258203739289
HIT 3 1305679691856 304 9638780437129512825
HIT 3 1438823678032 335 7834995674274299523
HIT 3 1662161977424 387 13966003443363036273
HIT 3 1305679757392 304 15321888178284661930
HIT 3 1438823743568 335 8922483113613047227
HIT 3 1662162042960 387 14045826974497259070
HIT 3 1305679822928 304 3365954933136034131
HIT 3 1438823809104 335 13505350794798349730
HIT 3 1662162108496 387 4718203253948220416
HIT 3 1305679888464 304 17178276083511086133
HIT 3 1438823874640 335 9659046610777908968
HIT 3 1662162174032 387 15532909380771936100
HIT 3 1305679954000 304 15598795428457887268
HIT 3 1438823940176 335 1003310891064998499
HIT 3 1662162239568 387 14067248564195479658
HIT 3 1305680019536 304 4947858234065802660
HIT 3 1438824005712 335 10821087556110607761
HIT 3 1662162305104 387 11252102129524134374
HIT 3 1305680085072 304 723888236381921588
HIT 3 1438824071248 335 10211229306680374830
HIT 3 1662162370640 387 13606190168222176660
HIT 3 1305680150608 304 904390147382216138
HIT 3 1438824136784 335 13884503185078737553
HIT 3 1662162436176 387 8488608146243813905
HIT 3 1305680216144 304 17193350567399296689
HIT 3 1438824202320 335 11807625382959582443
HIT 3 1662162501712 387 2375155557225916463
HIT 3 1305680281680 304 8119565820494224675
HIT 3 1438824267856 335 757729404800105673
HIT 3 1662162567248 387 10949745200499980578
HIT 3 1305680347216 304 3771237777047884183
HIT 3 1438824333392 335 12310518952486055684
HIT 3 1662162632784 387 47366988558720376
HIT 3 1438833967183 335 2740105796221573191
HIT 3 1662172266575 387 1701989009163251301
HIT 3 1305680412752 304 14514670849302679386
HIT 3 1438824398928 335 1314342499072875231
HIT 3 1662162698320 387 9192424580426607587
HIT 3 1305680478288 304 995847071588169974
HIT 3 1438824464464 335 7358708461117723051
HIT 3 1662162763856 387 5927090973282299062
HIT 3 1305680543824 304 15451959215193561911
HIT 3 1438824530000 335 17143478277328288437
HIT 3 1662162829392 387 12858086815259039629
HIT 3 1305680609360 304 8899199614026651464
HIT 3 1438824595536 335 12927771682755393439
HIT 3 1662162894928 387 15014315164470479659
HIT 3 1305680674896 304 7841492329729724825
HIT 3 1438824661072 335 6202740602666312710
HIT 3 1662162960464 387 8893968813786838806
HIT 3 1305680740432 304 2873144084688392107
HIT 3 1438824726608 335 9420330994544316402
HIT 3 1662163026000 387 17540908020367281869
HIT 3 1305680805968 304 10818383766642903820
HIT 3 1438824792144 335 8770928402735397608
HIT 3 1662163091536 387 6020975099381369419
HIT 3 1305680871504 304 15063190193915451647
HIT 3 1438824857680 335 12759182025088042610
HIT 3 1662163157072 387 16256669267735777115
HIT 3 1305680937040 304 16883020130411860769
HIT 3 1438824923216 335 12299136646268187366
HIT 3 1662163222608 387 1929841587139537016
HIT 3 1305681002576 304 6273636374715996822
HIT 3 1438824988752 335 11021000980159500475
HIT 3 1662163288144 387 13568529407054625950
HIT 3 1662174298191 387 1128170225608596618
HIT 3 1305681068112 304 12443028982830623392
HIT 3 1438825054288 335 5848099819219539604
HIT 3 1662163353680 387 14292994866214802317
HIT 3 1305681133648 304 10609963467592511014
HIT 3 1438825119824 335 11188696146486084225
HIT 3 1662163419216 387 9199186324474705032
HIT 3 1305681199184 304 7674772569966802195
HIT 3 1438825185360 335 16104847099226896991
HIT 3 1662163484752 387 17002693302879757463
HIT 3 1305681264720 304 10201195597604651501
HIT 3 1438825250896 335 13677822819406050489
HIT 3 1662163550288 387 15853070121531277688
HIT 3 1305681330256 304 7780281448161804900
HIT 3 1438825316432 335 17897498488955720816
HIT 3 1662163615824 387 10405337627796142212
HIT 3 1305681395792 304 7837217856442961743
HIT 3 1438825381968 335 17070469970406529768
HIT 3 1662163681360 387 17944094351410509281
HIT 3 1305681461328 304 16446735785429150101
HIT 3 1438825447504 335 4237732660409353706
HIT 3 1662163746896 387 4802474800237815080
HIT 3 1305681526864 304 14956077148967252372
HIT 3 1438825513040 335 8474430208692810202
HIT 3 1662163812432 387 629868702176972920
HIT 3 1305681592400 304 3692269437829450778
HIT 3 1438825578576 335 529967508444735886
HIT 3 1662163877968 387 5594687084993931727
HIT 3 1305681657936 304 14234685463629128783
HIT 3 1438825644112 335 12098212677809780301
HIT 3 1662163943504 387 5351581218876133019
HIT 3 1305681723472 304 4365817176191252855
HIT 3 1438825709648 335 8152419429867058769
HIT 3 1662164009040 387 13469197707628510619
HIT 3 1305681789008 304 4222259693825323115
HIT 3 1438825775184 335 12916665835262740020
HIT 3 1662164074576 387 1543357510588861325
HIT 3 1305681854544 304 7190000228381278874
HIT 3 1438825840720 335 12153848065662299635
HIT 3 1662164140112 387 12284514116495117216
HIT 3 1305681920080 304 2602263943132620587
HIT 3 1438825906256 335 14610371712597037530
HIT 3 1662164205648 387 11791209247280782493
HIT 3 1305681985616 304 3329269120102885565
HIT 3 1438825971792 335 16555515223894307657
HIT 3 1662164271184 387 18428677782703386727
HIT 3 1305682051152 304 16073636911917427173
HIT 3 1438826037328 335 17320828940230314376
HIT 3 1662164336720 387 12324944580129887134
HIT 3 1305682116688 304 3107345093198468430
HIT 3 1438826102864 335 5766527002380837568
HIT 3 1662164402256 387 4667442831376646340
HIT 3 1305682182224 304 13619783558605593822
HIT 3 1438826168400 335 1756991660244260010
HIT 3 1662164467792 387 10910146028659726944
HIT 3 1305682247760 304 979391996656355946
HIT 3 1438826233936 335 1658443329080168967
HIT 3 1662164533328 387 6913386986576419864
HIT 3 1305682313296 304 16743279359524900664
HIT 3 1438826299472 335 10041677955226765697
HIT 3 1662164598864 387 10336188053331415198
HIT 3 1305682378832 304 15429181167526222146
HIT 3 1438826365008 335 9596025686293728955
HIT 3 1662164664400 387 1647289918019370673
HIT 3 1305682444368 304 14530218120756447043
HIT 3 1438826430544 335 6258053688419204071
HIT 3 1662164729936 387 6938692088222622960
HIT 3 1305682509904 304 13885061993466465604
HIT 3 1438826496080 335 11016019039925402786
HIT 3 1662164795472 387 7344773821008844286
HIT 3 1305682575440 304 5346013558625897993
HIT 3 1438826561616 335 2779829103307745648
HIT 3 1662164861008 387 14709485841275539286
HIT 3 1305682640976 304 5780116739965899116
HIT 3 1438826627152 335 14938100237456859458
HIT 3 1662164926544 387 4742830824205086198
HIT 3 1305682706512 304 5373483804904732902
HIT 3 1438826692688 335 3528452613795027431
HIT 3 1662164992080 387 360111571350566406
HIT 3 1305682772048 304 8424629514897492793
HIT 3 1438826758224 335 13946028739114397506
HIT 3 1662165057616 387 7586067175850164274
HIT 3 1305682837584 304 15266879362395052735
HIT 3 1438826823760 335 9508298134581619500
HIT 3 1662165123152 387 3084373814816321578
HIT 3 1305682903120 304 7995389576045206377
HIT 3 1438826889296 335 15177692903477976588
HIT 3 1662165188688 387 10196423427684730729
HIT 3 1305682968656 304 6562328049909280093
HIT 3 1438826954832 335 12816096106880870906
HIT 3 1662165254224 387 18291627028909268696
HIT 3 1305683034192 304 9729616692807984210
HIT 3 1438827020368 335 14179153535715745350
HIT 3 1662165319760 387 2289017109643850047
HIT 3 1305683099728 304 13075055338152867945
HIT 3 1438827085904 335 17126593243559438159
HIT 3 1662165385296 387 13684469808574386278
HIT 3 1305683165264 304 4798158309811518242
HIT 3 1438827151440 335 6371938609210729561
HIT 3 1662165450832 387 15030174342487869925
HIT 3 1305683230800 304 127585725974588460
HIT 3 1438827216976 335 14282037173150403591
HIT 3 1662165516368 387 4858666372689655259
HIT 3 1305683296336 304 13123952480247824394
HIT 3 1438827282512 335 12840048161124545845
HIT 3 1662165581904 387 17689051269522704283
HIT 3 1305683361872 304 14344775780179229471
HIT 3 1438827348048 335 12935512626653592773
HIT 3 1662165647440 387 11552316626243146551
HIT 3 1305683427408 304 15589539791685797312
HIT 3 1438827413584 335 6393008190015629671
HIT 3 1662165712976 387 11029195759108847366
HIT 3 1305683492944 304 6581001713175311140
HIT 3 1438827479120 335 16096108155408055118
HIT 3 1662165778512 387 14895816524095858790
HIT 3 1305683558480 304 9284327525381436956
HIT 3 1438827544656 335 17717259774510757179
HIT 3 1662165844048 387 9866456884451916129
HIT 3 1305683624016 304 6581715513559872458
HIT 3 1438827610192 335 3048136645563216281
HIT 3 1662165909584 387 13957233135694975248
HIT 3 1305683689552 304 14525075242876981783
HIT 3 1438827675728 335 16519315321609034008
HIT 3 1662165975120 387 11817401584702345072
HIT 3 1305683755088 304 2091229601996102698
HIT 3 1438827741264 335 12919169847783019163
HIT 3 1662166040656 387 10275173666163986101
HIT 3 1305683820624 304 16944643429509496129
HIT 3 1438827806800 335 1819718997635462103
HIT 3 1662166106192 387 8680380202088788065
HIT 3 1305683886160 304 13901255059368350723
HIT 3 1438827872336 335 2549266291529199706
HIT 3 1662166171728 387 1594826542339700875
HIT 3 1305683951696 304 10185497119317830680
HIT 3 1438827937872 335 12173353750127399738
HIT 3 1662166237264 387 652509870126525736
HIT 3 1305684017232 304 10519671298638724094
HIT 3 1438828003408 335 13516683950045616215
HIT 3 1662166302800 387 1925374480435120000
HIT 3 438092169299 102 1829945289865299660
HIT 3 1305675563091 304 18285477698706496923
HIT 3 1438819549267 335 9749539875330560157
HIT 3 1662157848659 387 2765291891103021530
HIT 3 1305684082768 304 4843467635002070568
HIT 3 1438828068944 335 16494144812119049811
HIT 3 1662166368336 387 1037810730051069942
HIT 3 1305684148304 304 348566612370236835
HIT 3 1438828134480 335 5391108498649175675
HIT 3 1662166433872 387 2911265661105147595
HIT 3 1305684213840 304 13090824102217532589
HIT 3 1438828200016 335 15259232260628354238
HIT 3 1662166499408 387 1405045517675099985
HIT 3 1305684279376 304 7128672050013879337
HIT 3 1438828265552 335 8874067597818583630
HIT 3 1662166564944 387 13029277872578183251
HIT 3 1305684344912 304 11880152263443356766
HIT 3 1438828331088 335 6502510079301777907
HIT 3 1662166630480 387 8972187975842083877
HIT 3 1305684410448 304 10655879672272424237
HIT 3 1438828396624 335 11452600346746020801
HIT 3 1662166696016 387 1124122415677642174
HIT 3 1305684475984 304 17873386390541967677
HIT 3 1438828462160 335 16819190279265002084
HIT 3 1662166761552 387 49436326955546221
HIT 3 1305684541520 304 3484936437069486098
HIT 3 1438828527696 335 8230482891175486775
HIT 3 1662166827088 387 2406411545146891692
HIT 3 1305684607056 304 647116402886903373
HIT 3 1438828593232 335 4608850752306048490
HIT 3 1662166892624 387 4796413973332663151
HIT 3 1305684672592 304 358380357326612884
HIT 3 1438828658768 335 8422267732825739488
HIT 3 1662166958160 387 8093086180040850137
HIT 3 1305684738128 304 18396210502074520369
HIT 3 1438828724304 335 6580259158362715927
HIT 3 1662167023696 387 325181659019064044
HIT 3 1305684803664 304 17447417000987668913
HIT 3 1438828789840 335 11347064963479105720
HIT 3 1662167089232 387 2348541744764293467
HIT 3 1305684869200 304 1038365474068403715
HIT 3 1438828855376 335 12348742774169923275
HIT 3 1662167154768 387 6441963400240494101
HIT 3 1305684934736 304 6552540132996026751
HIT 3 1438828920912 335 12317156846387288810
HIT 3 1662167220304 387 10012697476395961761
HIT 3 1305685000272 304 9173716605084859836
HIT 3 1438828986448 335 16726643805989609190
HIT 3 1662167285840 387 3543165246789963405
HIT 3 1305685065808 304 15352183820890321590
HIT 3 1438829051984 335 4093269041113924012
HIT 3 1662167351376 387 534744861974063415
HIT 3 1305685131344 304 1632944200777724060
HIT 3 1438829117520 335 16151750838549825319
HIT 3 1662167416912 387 17306775706929216162
HIT 3 1305685196880 304 5970087189294507329
HIT 3 1438829183056 335 15660226888827407123
HIT 3 1662167482448 387 11079514116892427741
HIT 3 1305685262416 304 4279473724246483524
HIT 3 1438829248592 335 13461607403145063539
HIT 3 1305676742739 304 13510060592233237142
HIT 3 1438820728915 335 863076778960737564
HIT 3 1662159028307 387 468414127855457463
HIT 3 1662167547984 387 2132016865151003721
HIT 3 1305685327952 304 16452504067885035761
HIT 3 1438829314128 335 1607083169312114007
HIT 3 1662167613520 387 10288654513668926388
HIT 3 1305685393488 304 18383163793682322750
HIT 3 1438829379664 335 7326159610248185816
HIT 3 1662167679056 387 17718404226297885111
HIT 3 1305685459024 304 10878801490447518698
HIT 3 1438829445200 335 3625749573997192888
HIT 3 1662167744592 387 8132841341948604734
HIT 3 1305685524560 304 14147516667359838585
HIT 3 1438829510736 335 8568157549335314042
HIT 3 1662167810128 387 4205774315351741624
HIT 3 1305685590096 304 974518905448897871
HIT 3 1438829576272 335 17003066869755271981
HIT 3 1662167875664 387 624021034415398400
HIT 3 1305685655632 304 6031673103100503127
HIT 3 1438829641808 335 15269944623607150904
HIT 3 1662167941200 387 15715679329893525393
HIT 3 1305685721168 304 12164219203849012365
HIT 3 1438829707344 335 10846663457724208489
HIT 3 1662168006736 387 14543766882422457229
HIT 3 1305685786704 304 14236448336750880791
HIT 3 1438829772880 335 13359660847065192683
HIT 3 1662168072272 387 18007210571050536733
HIT 3 1305685852240 304 3884715246675783224
HIT 3 1438829838416 335 9750853313911572836
HIT 3 1662168137808 387 14225266872900196610
HIT 3 1305685917776 304 17212039787384642256
HIT 3 1438829903952 335 1265631546643177315
HIT 3 1662168203344 387 13468665843386464712
HIT 3 1305685983312 304 11512713981349190795
HIT 3 1438829969488 335 2828768834851180742
HIT 3 1662168268880 387 11900680972672896028
HIT 3 1305686048848 304 512689800019760779
HIT 3 1438830035024 335 7710874868651032668
HIT 3 1662168334416 387 7949385695724457304
HIT 3 1305686114384 304 13933781823628609799
HIT 3 1438830100560 335 6072067037093238388
HIT 3 1662168399952 387 4148631340461344791
HIT 3 1305686179920 304 562742697349921068
HIT 3 1438830166096 335 15656150482154105636
HIT 3 1662168465488 387 14305051263456848645
HIT 3 1305686245456 304 10438530260209277932
HIT 3 1438830231632 335 16915839319610270696
HIT 3 1662168531024 387 1355059236681111521
HIT 3 1305686310992 304 6841859484531734200
HIT 3 1438830297168 335 17269577486550511593
HIT 3 1662168596560 387 13238434077097834867
HIT 3 1305686376528 304 1771764852583641418
HIT 3 1438830362704 335 4100544038399687891
HIT 3 1662168662096 387 6335125884217307652
HIT 3 1305686442064 304 1808254517062602668
HIT 3 1438830428240 335 8605779468846988731
HIT 3 1662168727632 387 13491377560235130782
HIT 3 1305686507600 304 3861104706669747049
HIT 3 1438830493776 335 3244482432740922092
HIT 3 1662168793168 387 11185010901389634206
HIT 3 1305686573136 304 10353199560225345867
HIT 3 1438830559312 335 9519088269915563140
HIT 3 1662168858704 387 14547319158182986950
HIT 3 1305686638672 304 2981577718747421274
HIT 3 1438830624848 335 1895383110225734697
HIT 3 1662168924240 387 7966868507227250377
HIT 3 1305686704208 304 10524096670872973590
HIT 3 1438830690384 335 18361924232169361808
HIT 3 1662168989776 387 17366749561309887678
HIT 3 1305686769744 304 1343939501387484757
HIT 3 1438830755920 335 12486924286355878685
HIT 3 1662169055312 387 8598265204236501542
HIT 3 1305686835280 304 6337147107373196297
HIT 3 1438830821456 335 17358425155733175787
HIT 3 1662169120848 387 5077236997905118460
HIT 3 1305686900816 304 14323850383311653480
HIT 3 1438830886992 335 11557725093660657968
HIT 3 1662169186384 387 9656734646737282625
HIT 3 1305686966352 304 9279251912901974587
HIT 3 1438830952528 335 18251968203041836297
HIT 3 1662169251920 387 11608234234420376063
HIT 3 1305687031888 304 10092395378600652031
HIT 3 1438831018064 335 12112506317643131812
HIT 3 1662169317456 387 4291040600100759316
HIT 3 1305687097424 304 381955906967832975
HIT 3 1438831083600 335 2615728469634017426
HIT 3 1662169382992 387 12024635069007835006
HIT 3 1305687162960 304 2698974058485783952
HIT 3 1438831149136 335 6457090697777299978
HIT 3 1662169448528 387 16720945895248853924
HIT 3 1305687228496 304 7426116839197300884
HIT 3 1438831214672 335 17650456537334577634
HIT 3 1662169514064 387 1644721637033593486
HIT 3 1305687294032 304 753586606892429055
HIT 3 1438831280208 335 12236366513907027129
HIT 3 1662169579600 387 9967518331229335229
HIT 3 1305687359568 304 17525994823439848754
HIT 3 1438831345744 335 8282057855080853815
HIT 3 1662169645136 387 3935976529070919882
HIT 3 1305687425104 304 4885020391096706311
HIT 3 1438831411280 335 14840977467425530012
HIT 3 1662169710672 387 18096095723520697744
HIT 3 1305687490640 304 16960623044654607936
HIT 3 1438831476816 335 10603793434470095451
HIT 3 1662169776208 387 7326903839940252602
HIT 3 1305687556176 304 1001093829577835290
HIT 3 1438831542352 335 11505086030838485565
HIT 3 1662169841744 387 2485948459431301685
HIT 3 1305687621712 304 5555215720753837062
HIT 3 1438831607888 335 15833440435570766493
HIT 3 1662169907280 387 9001281657401368185
HIT 3 1305687687248 304 357971365110124842
HIT 3 1438831673424 335 4644855923489884214
HIT 3 1662169972816 387 14751502658555188774
HIT 3 1305687752784 304 6371062776136239951
HIT 3 1438831738960 335 11220408533750353371
HIT 3 1662170038352 387 12375178511904783486
HIT 3 1305687818320 304 7620034676946369510
HIT 3 1438831804496 335 15584668989799731417
HIT 3 1662170103888 387 1708185050225876783
HIT 3 1305687883856 304 16152574577353272901
HIT 3 1438831870032 335 2126922437043231059
HIT 3 1662170169424 387 17991551415638993841
HIT 3 1305687949392 304 3876402137846202413
HIT 3 1438831935568 335 5703844212234074024
HIT 3 1662170234960 387 15448634736052074021
HIT 3 1305688014928 304 2715817606502894498
HIT 3 1438832001104 335 8826908714846651200
HIT 3 1662170300496 387 9419779602202604768
HIT 3 1305688080464 304 14341887692857278174
HIT 3 1438832066640 335 12686075446197979727
HIT 3 1662170366032 387 3026400276118370102
HIT 3 1305688146000 304 17457797446503369114
HIT 3 1438832132176 335 8122267362749488843
HIT 3 1662170431568 387 15571656154702220448
HIT 3 1305688211536 304 6176365793628173647
HIT 3 1438832197712 335 12083023284291027556
HIT 3 1662170497104 387 13915609280513194997
HIT 3 1305688277072 304 925622918938703446
HIT 3 1438832263248 335 14026528370529660284
HIT 3 1662170562640 387 6447583089276707741
HIT 3 1305688342608 304 7322040843387301729
HIT 3 1438832328784 335 17042976762640240719
HIT 3 1662170628176 387 15680949608556757952
HIT 3 1305688408144 304 17495663905814081815
HIT 3 1438832394320 335 9156471797517191156
HIT 3 1662170693712 387 3545826930496348559
HIT 3 1305688473680 304 13669371584553729210
HIT 3 1438832459856 335 13685544201068286934
HIT 3 1662170759248 387 8149628589453385690
HIT 3 1305688539216 304 4663761934741152264
HIT 3 1438832525392 335 8406200769788285640
HIT 3 1662170824784 387 1619459178156790375
HIT 3 1305688604752 304 3743563275318792494
HIT 3 1438832590928 335 8929816242618013498
HIT 3 1662170890320 387 14647193657820421538
HIT 3 1305688670288 304 10337559234183707399
HIT 3 1438832656464 335 16323652406387117607
HIT 3 1662170955856 387 8369423669487203213
HIT 3 1305688735824 304 10160110183963294020
HIT 3 1438832722000 335 3637797457213890189
HIT 3 1662171021392 387 10352779749091460176
HIT 3 1305688801360 304 3544218492249731040
HIT 3 1438832787536 335 1372714590317055531
HIT 3 1662171086928 387 12221564767199476935
HIT 3 1305688866896 304 3583817619409535754
HIT 3 1438832853072 335 1497499594563265943
HIT 3 1662171152464 387 13625130623585759397
HIT 3 1305688932432 304 2449197544558003650
HIT 3 1438832918608 335 18008079465035697740
HIT 3 1662171218000 387 10752033899940015510
HIT 3 1305688997968 304 16628495511131795415
HIT 3 1438832984144 335 5250275589827032712
HIT 3 1662171283536 387 13143193659110945074
HIT 3 1305689063504 304 14065657833528124650
HIT 3 1438833049680 335 16950937181141008536
HIT 3 1662171349072 387 1835348547914589195
HIT 3 1305689129040 304 196644182855645574
HIT 3 1438833115216 335 5714326274597734040
HIT 3 1662171414608 387 4886188221688668491
HIT 3 1305689194576 304 14467984323339180514
HIT 3 1438833180752 335 2026881810228742806
HIT 3 1662171480144 387 5583684908566574609
HIT 3 1305689260112 304 5191160744403768830
HIT 3 1438833246288 335 17876319826648909880
HIT 3 1662171545680 387 6795907756254819585
HIT 3 1305689325648 304 1849495345841816500
HIT 3 1438833311824 335 15122862674162276428
HIT 3 1662171611216 387 3488096142685774429
HIT 3 1305689391184 304 8486187039740072094
HIT 3 1438833377360 335 11695342715766010065
HIT 3 1662171676752 387 9566104052155750250
HIT 3 1305689456720 304 9346442623711370964
HIT 3 1438833442896 335 15807866106620800970
HIT 3 1662171742288 387 7513082140362053807
HIT 3 1305689522256 304 11575070476022068720
HIT 3 1438833508432 335 3578122312156845517
HIT 3 1662171807824 387 2522937049349017631
HIT 3 1305689587792 304 14040163271151863139
HIT 3 1438833573968 335 10959946488163947366
HIT 3 1662171873360 387 7285117357091307412
HIT 3 1305689653328 304 11063850526831135468
HIT 3 1438833639504 335 7072722185976512654
HIT 3 1662171938896 387 11739679693021917010
HIT 3 1297099784272 302 9173325574370581264
HIT 3 1305689718864 304 1602615606555189894
HIT 3 1438833705040 335 7227886454600026699
HIT 3 1662172004432 387 5730181510871009528
HIT 3 1305689784400 304 9173325574370581264
HIT 3 1438833770576 335 698699097064604856
HIT 3 1662172069968 387 5856876069831337724
HIT 3 1305689849936 304 10824703656220790546
HIT 3 1430243901520 333 3030163693109272371
HIT 3 1434538868816 334 8852907007038814009
HIT 3 1438833836112 335 10231535171318430737
HIT 3 1447423770704 337 11063764968898233986
HIT 3 1653582200912 385 16741184421353589640
HIT 3 1657877168208 386 12813702571815487107
HIT 3 1662172135504 387 3596980620783710537
HIT 3 1670762070096 389 5630878273746584066
HIT 3 1305689915472 304 14279928256656277876
HIT 3 1314279850064 306 10824703656220790546
HIT 3 1438833901648 335 6479429893084000049
HIT 3 1662172201040 387 9408447654924346103
HIT 3 1314279915600 306 9962385180022605450
HIT 3 1318574882896 307 63136359305666964
HIT 3 1322869850192 308 9352319718832438712
HIT 3 1327164817488 309 8159985396361489865
HIT 3 1331459784784 310 8131937631958592853
HIT 3 1335754752080 311 3740935039016155347
HIT 3 1340049719376 312 9325493735900045126
HIT 3 1344344686672 313 16733205463795963993
HIT 3 1348639653968 314 3689024019619185580
HIT 3 1352934621264 315 14840698080123720030
HIT 3 1357229588560 316 952307672631243259
HIT 3 1361524555856 317 12676196392574919225
HIT 3 1365819523152 318 15345699027258421964
HIT 3 1370114490448 319 12252151828586047718
HIT 3 1374409457744 320 11878627137904489850
HIT 3 1378704425040 321 854559910187332801
HIT 3 1382999392336 322 16235405987567611676
HIT 3 1387294359632 323 13502912830519977708
HIT 3 1391589326928 324 8458072928190927530
HIT 3 1395884294224 325 10443366916699068131
HIT 3 1400179261520 326 1329778731875452899
HIT 3 1404474228816 327 16842108885799906972
HIT 3 1408769196112 328 5025594846505073398
HIT 3 1413064163408 329 4832884608792985605
HIT 3 1417359130704 330 17616480877693780453
HIT 3 1421654098000 331 140000788294874304
HIT 3 1425949065296 332 5093511683650833652
HIT 3 1430244032592 333 18211353204140435562
HIT 3 1434538999888 334 1093719229447820245
HIT 3 1438833967184 335 16509607694840670847
HIT 3 1443128934480 336 17303929663840689758
HIT 3 1447423901776 337 14502204650334598965
HIT 3 1451718869072 338 6320820453761943037
HIT 3 1456013836368 339 12500954936016991670
HIT 3 1460308803664 340 8576467216023714803
HIT 3 1464603770960 341 14783264370185064424
HIT 3 1468898738256 342 11905905612980133554
HIT 3 1473193705552 343 16865502260902990562
HIT 3 1477488672848 344 4200856240002683641
HIT 3 1481783640144 345 1086720882827263044
HIT 3 1486078607440 346 4754556492672451165
HIT 3 1490373574736 347 14054691815653442350
HIT 3 1494668542032 348 9269558568061217339
HIT 3 1498963509328 349 16728724971516620131
HIT 3 1503258476624 350 14323088953150913784
HIT 3 1507553443920 351 1762890830099330278
HIT 3 1511848411216 352 14453608572278831346
HIT 3 1516143378512 353 17869253370573955437
HIT 3 1520438345808 354 7460353996036042108
HIT 3 1524733313104 355 1596246338122072460
HIT 3 1529028280400 356 9959133493017311138
HIT 3 1533323247696 357 11139971287295353556
HIT 3 1537618214992 358 4559316840623820115
HIT 3 1541913182288 359 11698069674972799790
HIT 3 1546208149584 360 12618456871546397145
HIT 3 1550503116880 361 7033387695524370041
HIT 3 1554798084176 362 12835050905287728309
HIT 3 1559093051472 363 2913566700195831829
HIT 3 1563388018768 364 13545417210906230279
HIT 3 1567682986064 365 1175129342353620690
HIT 3 1571977953360 366 15938914306602231779
HIT 3 1576272920656 367 17549176702315181487
HIT 3 1580567887952 368 9532588853593482649
HIT 3 1584862855248 369 2264626417774664102
HIT 3 1589157822544 370 18005474368404635392
HIT 3 1593452789840 371 5957102118357104631
HIT 3 1597747757136 372 16865542553322073894
HIT 3 1602042724432 373 11060210712852300502
HIT 3 1606337691728 374 12984143501872552785
HIT 3 1610632659024 375 8351364805385951407
HIT 3 1614927626320 376 2307364471536161060
HIT 3 1619222593616 377 4628587280225947973
HIT 3 1623517560912 378 1209284651942964349
HIT 3 1627812528208 379 8311480532060460265
HIT 3 1632107495504 380 1397232705110530185
HIT 3 1636402462800 381 14616866540906665179
HIT 3 1640697430096 382 1617624303421972714
HIT 3 1644992397392 383 258853409543197288
HIT 3 1649287364688 384 15971027234567747477
HIT 3 1653582331984 385 13202287792623992063
HIT 3 1657877299280 386 4933258886686844125
HIT 3 1662172266576 387 1003464060237169685
HIT 3 1666467233872 388 7255034866056535984
HIT 3 1670762201168 389 8881222177991867815
HIT 3 1675057168464 390 16260394704394962090
HIT 3 1679352135760 391 7499233799410372616
HIT 3 1683647103056 392 8229874933461471005
HIT 3 1687942070352 393 643067039295260743
HIT 3 1692237037648 394 2551382138357873322
HIT 3 1696532004944 395 1570383933154005968
HIT 3 1700826972240 396 8636010161774293319
HIT 3 1705121939536 397 17253385699851050530
HIT 3 1709416906832 398 17497645585261517057
HIT 3 1713711874128 399 5492238291911007162
HIT 3 1718006841424 400 10304258039827966139
HIT 3 1722301808720 401 17012338578782793789
HIT 3 1726596776016 402 15787514605930930481
HIT 3 1730891743312 403 14753382822493179597
HIT 3 1735186710608 404 17923133051943455817
HIT 3 1739481677904 405 15661686105842278624
HIT 3 1743776645200 406 17377208357341401255
HIT 3 1748071612496 407 13798610873002699903
HIT 3 1752366579792 408 1133979346581046578
HIT 3 1756661547088 409 15341333561043631051
HIT 3 1760956514384 410 4914884697684570667
HIT 3 1765251481680 411 17739322089859279300
HIT 3 1769546448976 412 15554142006898300947
HIT 3 1773841416272 413 9468342126323082379
HIT 3 1778136383568 414 12484581488380378374
HIT 3 1782431350864 415 10382280676435530044
HIT 3 1786726318160 416 13085677029167398253
HIT 3 1791021285456 417 4845537703387700309
HIT 3 1795316252752 418 15748112545061042609
HIT 3 1799611220048 419 13680699920742492808
HIT 3 1803906187344 420 15176721362516222028
HIT 3 1808201154640 421 5519943279608918053
HIT 3 1812496121936 422 894666438336305321
HIT 3 1816791089232 423 8154658821006317212
HIT 3 1821086056528 424 1323929588440520803
HIT 3 1825381023824 425 11003728723383296109
HIT 3 1829675991120 426 17014925983366475037
HIT 3 1833970958416 427 3986866370458736790
HIT 3 1838265925712 428 13567467970284478264
HIT 3 1842560893008 429 9687414736959257626
HIT 3 1846855860304 430 16672110952615238273
HIT 3 1851150827600 431 5394868794547522329
HIT 3 1855445794896 432 1151710190610610494
HIT 3 1859740762192 433 14110536656596405582
HIT 3 1864035729488 434 6847787654812730464
HIT 3 1868330696784 435 8532120320971929362
HIT 3 1872625664080 436 16606955195215831112
HIT 3 1876920631376 437 16595503285866409224
HIT 3 1881215598672 438 2369777723564152903
HIT 3 1885510565968 439 15178591947354319902
HIT 3 1889805533264 440 1114439586300149243
HIT 3 1894100500560 441 799298196159749803
HIT 3 1898395467856 442 8874065737261077985
HIT 3 1902690435152 443 7893971685084014364
HIT 3 1906985402448 444 15443405294802216936
HIT 3 1911280369744 445 15605877784979301171
HIT 3 1915575337040 446 12489423856462185765
HIT 3 1919870304336 447 17792833027220386747
HIT 3 1924165271632 448 12874198915883191910
HIT 3 1928460238928 449 17011098402551948931
HIT 3 1932755206224 450 10712856815316888169
HIT 3 1937050173520 451 8186942177817284334
HIT 3 1941345140816 452 14770321562980700445
HIT 3 1945640108112 453 14432587299537967350
HIT 3 1949935075408 454 18217830791045574417
HIT 3 1954230042704 455 6938752787607326939
HIT 3 1958525010000 456 2237916102229280709
HIT 3 1962819977296 457 6234513463161485631
HIT 3 1967114944592 458 8375395104440821402
HIT 3 1971409911888 459 630184313565927728
HIT 3 1975704879184 460 9433639278178898893
HIT 3 1979999846480 461 16432896651117009586
HIT 3 1984294813776 462 3306320878252838475
HIT 3 1988589781072 463 10318717841154239716
HIT 3 1992884748368 464 15838482557376317516
HIT 3 1997179715664 465 791863739662733430
HIT 3 2001474682960 466 10901606691979803789
HIT 3 2005769650256 467 1671393205975997497
HIT 3 2010064617552 468 8219889431270036350
HIT 3 2014359584848 469 6573969038874941858
HIT 3 2018654552144 470 12533816142166197563
HIT 3 2022949519440 471 5143110881185335182
HIT 3 2027244486736 472 14332131844082033368
HIT 3 2031539454032 473 14882874754405249339
HIT 3 2035834421328 474 5348546184810476926
HIT 3 2040129388624 475 15505029671879801759
HIT 3 2044424355920 476 5969154231633978681
HIT 3 2048719323216 477 16731967047885335908
HIT 3 2053014290512 478 12471450591977514595
HIT 3 2057309257808 479 4524470093612767824
HIT 3 2061604225104 480 18104486319362242534
HIT 3 2065899192400 481 17065980824130778055
HIT 3 2070194159696 482 11952721546626213886
HIT 3 2074489126992 483 12458194896595858549
HIT 3 2078784094288 484 9151500444242151273
HIT 3 2083079061584 485 820806617876065938
HIT 3 2087374028880 486 9311934992628562148
HIT 3 2091668996176 487 2155818303300079208
HIT 3 2095963963472 488 6797649866478612539
HIT 3 2100258930768 489 11985322190340092135
HIT 3 2104553898064 490 10694364217962315817
HIT 3 2108848865360 491 12433767833164293126
HIT 3 2113143832656 492 13576301656071774410
HIT 3 2117438799952 493 7251898301422330175
HIT 3 2121733767248 494 4877497761207710603
HIT 3 2126028734544 495 9518056567057679637
HIT 3 2130323701840 496 13798279928477459445
HIT 3 2134618669136 497 6411706496251000894
HIT 3 2138913636432 498 8278708616965177548
HIT 3 2143208603728 499 14813437344951593146
HIT 3 2147503571024 500 7659775190893357712
HIT 3 2151798538320 501 11201028220873933472
HIT 3 2156093505616 502 8900713877442883215
HIT 3 2160388472912 503 4754661108213717065
HIT 3 2164683440208 504 6318066015747677721
HIT 3 2168978407504 505 7659584796431085003
HIT 3 2173273374800 506 12653209731706474147
HIT 3 2177568342096 507 18210178311548702658
HIT 3 2181863309392 508 6832361600862089386
HIT 3 2186158276688 509 15362522286438823629
HIT 3 2190453243984 510 1593098713263826319
HIT 3 2194748211280 511 4432324500733862922
HIT 3 1314279981136 306 287517085742285185
HIT 3 1318574948432 307 8159985396361489865
HIT 3 1322869915728 308 9962385180022605450
HIT 3 1430244098128 333 16767781068931395480
HIT 3 1434539065424 334 4797620347107394683
HIT 3 1438834032720 335 9695183047055772139
HIT 3 1447423967312 337 8655645145040104635
HIT 3 1653582397520 385 14484210200867919844
HIT 3 1657877364816 386 7468689486593052921
HIT 3 1662172332112 387 8498623403350211290
HIT 3 1670762266704 389 9301772438972618215
HIT 3 1430244163664 333 5381164591952399456
HIT 3 1434539130960 334 2164407788195777791
HIT 3 1438834098256 335 18158272543635947178
HIT 3 1447424032848 337 9812916549366470158
HIT 3 1653582463056 385 7542375564414069083
HIT 3 1657877430352 386 16732554181480852809
HIT 3 1662172397648 387 15890671298435484028
HIT 3 1670762332240 389 8766753998678240448
HIT 3 1322870046800 308 17967627660848807745
HIT 3 1438834163792 335 11542065410063481339
HIT 3 1662172463184 387 2801746215469601994
HIT 3 1438834229328 335 12695352478599181896
HIT 3 1662172528720 387 6663015276531052382
HIT 3 1438834294864 335 13801049125090931904
HIT 3 1662172594256 387 12831565806064328272
HIT 3 1438834360400 335 16873069669428662086
HIT 3 1662172659792 387 16244916333634873014
HIT 3 1438834425936 335 14302624959131061518
HIT 3 1662172725328 387 4924765663703610493
HIT 3 1438834491472 335 13456103064197807421
HIT 3 1662172790864 387 15603361233859159856
HIT 3 1438834557008 335 13990376827217224279
HIT 3 1662172856400 387 3844144001650790813
HIT 3 1438834622544 335 15264309476460299078
HIT 3 1662172921936 387 16208485105687161316
HIT 3 1438834688080 335 362955274960198392
HIT 3 1662172987472 387 17194839524711105042
HIT 3 1438834753616 335 2507900589820176953
HIT 3 1662173053008 387 3613177806595004217
HIT 3 1438834819152 335 8360891118002846938
HIT 3 1662173118544 387 4599221031398062463
HIT 3 1438834884688 335 16132093570271231685
HIT 3 1662173184080 387 383134892367829123
HIT 3 1438834950224 335 10121364684134488701
HIT 3 1662173249616 387 2992513898185723388
HIT 3 1438835015760 335 10362164195696738383
HIT 3 1662173315152 387 9564838597772670953
HIT 3 1438835081296 335 7072633028181373251
HIT 3 1662173380688 387 341779180454374760
HIT 3 1438835146832 335 6349435770274648565
HIT 3 1662173446224 387 3838002324381966138
HIT 3 1438835212368 335 373728340922886945
HIT 3 1662173511760 387 149294960688980356
HIT 3 1438835277904 335 4451855502588788043
HIT 3 1662173577296 387 15073348114365719595
HIT 3 1438835343440 335 17574256437600019462
HIT 3 1662173642832 387 3563133162755488436
HIT 3 1438835408976 335 9676921094760702090
HIT 3 1662173708368 387 16192335381508921062
HIT 3 1438835474512 335 2708036032885099032
HIT 3 1662173773904 387 9849850299920654943
HIT 3 1438835540048 335 5145851084433482642
HIT 3 1662173839440 387 10751007408103632665
HIT 3 1438835605584 335 7050645175977420952
HIT 3 1662173904976 387 4880835210299528975
HIT 3 1438835671120 335 3985896576836624771
HIT 3 1662173970512 387 12487074024288245505
HIT 3 1430245802064 333 3985896576836624771
HIT 3 1438835736656 335 6994674092308180773
HIT 3 1662174036048 387 12180023560070311050
HIT 3 1438833836114 335 1259401562905135673
HIT 3 1438835802192 335 9357443800747951291
HIT 3 1447425736784 337 3884194715132016978
HIT 3 1662174101584 387 5809608092710860716
HIT 3 1662172135506 387 2415667352738234888
HIT 3 1438835867728 335 3884194715132016978
HIT 3 1653584232528 385 17102843165597543875
HIT 3 1657879199824 386 1759978313423300309
HIT 3 1662174167120 387 10296475533833456672
HIT 3 1670764101712 389 9148418930944693403
HIT 3 1443130900560 336 10098242169450381068
HIT 3 1447425867856 337 4626631735935257053
HIT 3 1456015802448 339 5320320823043448084
HIT 3 1653584298064 385 12630508921281752072
HIT 3 1657879265360 386 8113518519047541407
HIT 3 1662174232656 387 17326219087158210755
HIT 3 1670764167248 389 12021727107851246025
HIT 3 1443130966096 336 881656483066962073
HIT 3 1447425933392 337 5320320823043448084
HIT 3 1451720900688 338 10098242169450381068
HIT 3 1456015867984 339 8055684667601870823
HIT 3 1460310835280 340 9933924713174420003
HIT 3 1464605802576 341 4470256550418565409
HIT 3 1468900769872 342 15755334404784860654
HIT 3 1473195737168 343 15948901071460344747
HIT 3 1477490704464 344 12391796643181559954
HIT 3 1481785671760 345 4527453418100805619
HIT 3 1486080639056 346 3837144596531891167
HIT 3 1490375606352 347 8116150669966458982
HIT 3 1494670573648 348 4553754177760480727
HIT 3 1498965540944 349 18179448930006483372
HIT 3 1503260508240 350 16023101578902873497
HIT 3 1507555475536 351 7900130410838140558
HIT 3 1511850442832 352 3468346062172866995
HIT 3 1516145410128 353 7301870797456274096
HIT 3 1520440377424 354 6324519482048076124
HIT 3 1524735344720 355 9355958622188726377
HIT 3 1529030312016 356 12479432681176550478
HIT 3 1533325279312 357 3866330353566313983
HIT 3 1537620246608 358 10157946965940573115
HIT 3 1541915213904 359 283403552026245613
HIT 3 1546210181200 360 16988067589689750687
HIT 3 1550505148496 361 18169499904492399696
HIT 3 1554800115792 362 6100908439486429525
HIT 3 1559095083088 363 10872674402208413557
HIT 3 1563390050384 364 8603685750611617314
HIT 3 1567685017680 365 1119869150778204871
HIT 3 1571979984976 366 5053314842972274817
HIT 3 1576274952272 367 11779071740255247119
HIT 3 1580569919568 368 10912613052971632210
HIT 3 1584864886864 369 3647464037263278705
HIT 3 1589159854160 370 10601995407025907865
HIT 3 1593454821456 371 13483664430939407794
HIT 3 1597749788752 372 11188202597012894278
HIT 3 1602044756048 373 16906681254745983874
HIT 3 1606339723344 374 13991224586464996075
HIT 3 1610634690640 375 13620063281367124863
HIT 3 1614929657936 376 13423473749832333191
HIT 3 1619224625232 377 16992886931730315569
HIT 3 1623519592528 378 12234318145742926617
HIT 3 1627814559824 379 16785677478149463146
HIT 3 1632109527120 380 9510763458571662850
HIT 3 1636404494416 381 3805946151737635684
HIT 3 1640699461712 382 2811654958092442496
HIT 3 1644994429008 383 2121562628713666927
HIT 3 1649289396304 384 11605914728282886871
HIT 3 1653584363600 385 13191191542427113921
HIT 3 1657879330896 386 3710055429621547885
HIT 3 1662174298192 387 6144340325920457230
HIT 3 1666469265488 388 10724269583405105912
HIT 3 1670764232784 389 4531059902306841419
HIT 3 1675059200080 390 11828498416498162834
HIT 3 1679354167376 391 13578772769280357475
HIT 3 1683649134672 392 11718306120879418404
HIT 3 1687944101968 393 15810893482871634328
HIT 3 1692239069264 394 4721168422694197005
HIT 3 1696534036560 395 8299318319484731642
HIT 3 1700829003856 396 7087904887108792470
HIT 3 1705123971152 397 18278720184088582698
HIT 3 1709418938448 398 16578874211890102433
HIT 3 1713713905744 399 1118341093976058494
HIT 3 1718008873040 400 11446320723645002595
HIT 3 1722303840336 401 14405356251949690755
HIT 3 1726598807632 402 6001001772312736994
HIT 3 1730893774928 403 12655241021825193100
HIT 3 1735188742224 404 6165187048796897429
HIT 3 1739483709520 405 13660228480740089243
HIT 3 1743778676816 406 465728058327262454
HIT 3 1748073644112 407 3093259955387617427
HIT 3 1752368611408 408 5790795700194573755
HIT 3 1756663578704 409 13036283613342180856
HIT 3 1760958546000 410 6556536388905200404
HIT 3 1765253513296 411 9861238963948774776
HIT 3 1769548480592 412 17171155346240077237
HIT 3 1773843447888 413 7765384870269634081
HIT 3 1778138415184 414 18237249279128162074
HIT 3 1782433382480 415 9857643025225876375
HIT 3 1786728349776 416 16335719664107271475
HIT 3 1791023317072 417 5206021662178026778
HIT 3 1795318284368 418 15820983268329111166
HIT 3 1799613251664 419 1048053236036536745
HIT 3 1803908218960 420 12339432596046089343
HIT 3 1808203186256 421 383141984742269177
HIT 3 1812498153552 422 3577343176238408347
HIT 3 1816793120848 423 1157760154596160299
HIT 3 1821088088144 424 9237955418325994392
HIT 3 1825383055440 425 17940809359137983576
HIT 3 1829678022736 426 9824547134449974305
HIT 3 1833972990032 427 9900658084718031050
HIT 3 1838267957328 428 16828560932782618190
HIT 3 1842562924624 429 4400568376827296602
HIT 3 1846857891920 430 647728063651132890
HIT 3 1851152859216 431 7531362689554616350
HIT 3 1855447826512 432 852185483016799224
HIT 3 1859742793808 433 13891150364168884287
HIT 3 1864037761104 434 6312387814194425276
HIT 3 1868332728400 435 1916134569613670091
HIT 3 1872627695696 436 748201236814557508
HIT 3 1876922662992 437 10897233355192201850
HIT 3 1881217630288 438 17720059283142502407
HIT 3 1885512597584 439 11085553066614617468
HIT 3 1889807564880 440 742162915131300920
HIT 3 1894102532176 441 14483559843200802872
HIT 3 1898397499472 442 4174217251399640777
HIT 3 1902692466768 443 16266267367194973334
HIT 3 1906987434064 444 17285329318104818891
HIT 3 1911282401360 445 13256214654395915314
HIT 3 1915577368656 446 13636353409709522156
HIT 3 1919872335952 447 6519144783771497730
HIT 3 1924167303248 448 4142582039887607076
HIT 3 1928462270544 449 3389771785758949160
HIT 3 1932757237840 450 11420863498073696462
HIT 3 1937052205136 451 6924559053383015178
HIT 3 1941347172432 452 17388934162775897670
HIT 3 1945642139728 453 14139583587316291473
HIT 3 1949937107024 454 16609868018473555695
HIT 3 1954232074320 455 12832353818517108276
HIT 3 1958527041616 456 6282417466909542338
HIT 3 1962822008912 457 13065969296599893656
HIT 3 1967116976208 458 18394362274254831330
HIT 3 1971411943504 459 8087155434143301614
HIT 3 1975706910800 460 13372551229242961513
HIT 3 1980001878096 461 7298008946331370520
HIT 3 1984296845392 462 11799575605921736512
HIT 3 1988591812688 463 8102196876550427175
HIT 3 1992886779984 464 1650568851954877522
HIT 3 1997181747280 465 2272963221244837011
HIT 3 2001476714576 466 7854151588155217927
HIT 3 2005771681872 467 10667762992032121062
HIT 3 2010066649168 468 1207253109394725482
HIT 3 2014361616464 469 5607012898312024929
HIT 3 2018656583760 470 5377579705283386953
HIT 3 2022951551056 471 15509221889733634091
HIT 3 2027246518352 472 20184415986394970
HIT 3 2031541485648 473 7787562908945867827
HIT 3 2035836452944 474 2792044869077680650
HIT 3 2040131420240 475 4417352696805667883
HIT 3 2044426387536 476 9645673649310942664
HIT 3 2048721354832 477 16664764164245651045
HIT 3 2053016322128 478 14087793180689297201
HIT 3 2057311289424 479 2160280794153454986
HIT 3 2061606256720 480 3258898876075138149
HIT 3 2065901224016 481 4043549890050887108
HIT 3 2070196191312 482 14641460507971498954
HIT 3 2074491158608 483 12643608986290792356
HIT 3 2078786125904 484 485000173707654600
HIT 3 2083081093200 485 17254658477646460203
HIT 3 2087376060496 486 7820726538728530517
HIT 3 2091671027792 487 5290753708474148768
HIT 3 2095965995088 488 14753027296519274772
HIT 3 2100260962384 489 16217909770769406764
HIT 3 2104555929680 490 10343080865301418897
HIT 3 2108850896976 491 5708213295222074391
HIT 3 2113145864272 492 3730644706758576877
HIT 3 2117440831568 493 4258924755665479085
HIT 3 2121735798864 494 6491134573198805738
HIT 3 2126030766160 495 16226535121785250209
HIT 3 2130325733456 496 1020469238943986004
HIT 3 2134620700752 497 14375612617567065509
HIT 3 2138915668048 498 8831579577730835982
HIT 3 2143210635344 499 8727026328565937710
HIT 3 2147505602640 500 8028850212712876436
HIT 3 2151800569936 501 10205946473423990153
HIT 3 2156095537232 502 631458737368156555
HIT 3 2160390504528 503 9362233813804257999
HIT 3 2164685471824 504 424043094563028111
HIT 3 2168980439120 505 5930843736965885236
HIT 3 2173275406416 506 1881831312801864358
HIT 3 2177570373712 507 15630550513783058311
HIT 3 2181865341008 508 1807444292477779812
HIT 3 2186160308304 509 15358477790547057930
HIT 3 2190455275600 510 8830185463862860376
HIT 3 2194750242896 511 717747383204810450
HIT 3 1456015933520 339 2453072211373615887
HIT 3 1662174363728 387 16454799901744134026
HIT 3 1430244032594 333 5979171330996954300
HIT 3 1434538999890 334 17268424928630370457
HIT 3 1438833967186 335 14954682751823149757
HIT 3 1447423901778 337 15810431884225047437
HIT 3 1653582331986 385 10092499020128451577
HIT 3 1657877299282 386 7681641360054482845
HIT 3 1662172266578 387 8147295366923106484
HIT 3 1670762201170 389 14721462765696622502
HIT 3 1653584494672 385 10819002117300121464
HIT 3 1657879461968 386 17863549810523728241
HIT 3 1662174429264 387 16202974750807419874
HIT 3 1670764363856 389 15111402682027853869
HIT 3 1314279981138 306 18285477698706496923
HIT 3 1438834032722 335 11917998625921239443
HIT 3 1662172332114 387 17386233441304089398
HIT 3 1662174494800 387 9858377187322769165
HIT 3 1438834098258 335 5342334853121555166
HIT 3 1662174560336 387 18327095549110036485
HIT 3 1662172397650 387 9552171712423144199
HIT 3 1662174625872 387 7702565312196830797
HIT 3 1662174691408 387 14016291106320976266
HIT 3 1662174756944 387 5643040260423346315
HIT 3 1662174822480 387 3300611219772857191
HIT 3 1662174888016 387 6824564860611105145
HIT 3 1662174953552 387 6120836374581244483
HIT 3 1662175019088 387 7540523109459686423
HIT 3 1662175084624 387 2864465935926684571
HIT 3 1662175150160 387 11534339893469691917
HIT 3 1662175215696 387 14283593061945937443
HIT 3 1662175281232 387 12134984812939024662
HIT 3 1662175346768 387 14703482665040176529
HIT 3 1662175412304 387 11599228960605188852
HIT 3 1662175477840 387 12491066486835295499
HIT 3 1662175543376 387 6854867570443555276
HIT 3 1662175608912 387 13483164758157772822
HIT 3 1662175674448 387 4597001350201926908
HIT 3 1662175739984 387 9475123210592770889
HIT 3 1662175805520 387 15603717364379130256
HIT 3 1662175871056 387 13267879762578077037
HIT 3 1662175936592 387 11937274389819404866
HIT 3 1662176002128 387 1624179247315714637
HIT 3 1662176067664 387 6284157389005665386
HIT 3 1662176133200 387 1306045274845659848
HIT 3 1662176198736 387 17039714761650368146
HIT 3 1662176264272 387 9487670546566207822
HIT 3 1662176329808 387 6256501699880297454
HIT 3 1662176395344 387 10826276658650407644
HIT 3 1662176460880 387 10367369412332983350
HIT 3 1662176526416 387 781090722038256315
HIT 3 1662176591952 387 14398491804632711008
HIT 3 1662176657488 387 7901242144730915244
HIT 3 1662176723024 387 4763857672097457664
HIT 3 1662176788560 387 15688319677065845223
HIT 3 1662176854096 387 15375178062534525956
HIT 3 1662176919632 387 8680304188077596967
HIT 3 1662176985168 387 4482718310290558688
HIT 3 1662177050704 387 13482731443346953066
HIT 3 1662177116240 387 6110100885753998279
HIT 3 1438833836113 335 6299253329846344552
HIT 3 1662172135505 387 14176664725467984691
HIT 3 1430244032593 333 17982861930473097087
HIT 3 1434538999889 334 6847148291865540886
HIT 3 1438833967185 335 13688371245544204277
HIT 3 1447423901777 337 15705310965180713590
HIT 3 1653582331985 385 8355359251958336127
HIT 3 1657877299281 386 9548517622559927447
HIT 3 1662172266577 387 3553892334294429979
HIT 3 1670762201169 389 17700413288412451524
HIT 3 1314279981137 306 15535469747047293541
HIT 3 1438834032721 335 16483630061619201433
HIT 3 1662172332113 387 18135968348737915248
HIT 3 1438834098257 335 7288518831946295635
HIT 3 1662172397649 387 10891212100331643837
HIT 3 1662174167122 387 9000048011045381397
HIT 3 1447425867858 337 9749539875330560157
HIT 3 1662174232658 387 8444202151788767654
HIT 3 1653584363602 385 7284985162137551801
HIT 3 1657879330898 386 10083999975964453246
HIT 3 1662174298194 387 1626660432521975648
HIT 3 1670764232786 389 2647594681830818298
HIT 3 1662174429266 387 7438853503911556247
HIT 3 1662177181776 387 10303195647704286369
HIT 3 1662177247312 387 2426616383844299194
HIT 3 1662177312848 387 15945640831286687649
HIT 3 1662177378384 387 3716371734409189182
HIT 3 1653587509328 385 3716371734409189182
HIT 3 1662177443920 387 2502782515026287410
HIT 3 1662177509456 387 1741440472143594355
HIT 3 1670767444048 389 2175622506048766255
HIT 3 1662177574992 387 2175622506048766255
HIT 3 1666472607824 388 5382388393420958900
HIT 3 1670767575120 389 1711062864335067018
HIT 3 1679357509712 391 6629712792605846606
HIT 3 1666472673360 388 6173509190827230350
HIT 3 1670767640656 389 6629712792605846606
HIT 3 1675062607952 390 5382388393420958900
HIT 3 1679357575248 391 15705158937786584751
HIT 3 1683652542544 392 4355038339120418277
HIT 3 1687947509840 393 13645268290062072158
HIT 3 1692242477136 394 7809273299034025912
HIT 3 1696537444432 395 7529885031220996971
HIT 3 1700832411728 396 6756135937207796759
HIT 3 1705127379024 397 7763701528018514482
HIT 3 1709422346320 398 14485327741532250500
HIT 3 1713717313616 399 8176944253361741494
HIT 3 1718012280912 400 2303466987267330157
HIT 3 1722307248208 401 1131471553108175845
HIT 3 1726602215504 402 8388858015273111842
HIT 3 1730897182800 403 6095324496127815645
HIT 3 1735192150096 404 17564164915751618385
HIT 3 1739487117392 405 9733113488397347688
HIT 3 1743782084688 406 9231210372258229695
HIT 3 1748077051984 407 8721178754855575759
HIT 3 1752372019280 408 17802992139416996238
HIT 3 1756666986576 409 17989042412603033123
HIT 3 1760961953872 410 3280199014266386249
HIT 3 1765256921168 411 2902131757504165110
HIT 3 1769551888464 412 8622208448629947690
HIT 3 1773846855760 413 4371296439423719653
HIT 3 1778141823056 414 3526236816635033569
HIT 3 1782436790352 415 810917626810818305
HIT 3 1786731757648 416 12522547794670807290
HIT 3 1791026724944 417 10117180735270394043
HIT 3 1795321692240 418 15354482412643022136
HIT 3 1799616659536 419 17156351965990644652
HIT 3 1803911626832 420 8066264897907139223
HIT 3 1808206594128 421 14477218601482866479
HIT 3 1812501561424 422 5362625353591958886
HIT 3 1816796528720 423 5801884722763732724
HIT 3 1821091496016 424 18202252620574713058
HIT 3 1825386463312 425 4843407438007222255
HIT 3 1829681430608 426 8657580564890085306
HIT 3 1833976397904 427 874085841597068453
HIT 3 1838271365200 428 8475401733998435082
HIT 3 1842566332496 429 13484313332578727011
HIT 3 1846861299792 430 16447661914139498739
HIT 3 1851156267088 431 1011541226997316577
HIT 3 1855451234384 432 3977429101747950738
HIT 3 1859746201680 433 7190753256290253076
HIT 3 1864041168976 434 17787501184872249716
HIT 3 1868336136272 435 12142335072651119706
HIT 3 1872631103568 436 17705036145426598078
HIT 3 1876926070864 437 7255696682848272008
HIT 3 1881221038160 438 13294847104818443217
HIT 3 1885516005456 439 18268303221226954028
HIT 3 1889810972752 440 3313517327835075557
HIT 3 1894105940048 441 15124813903604662296
HIT 3 1898400907344 442 15944256882770843967
HIT 3 1902695874640 443 12187223073700611640
HIT 3 1906990841936 444 15821098542922636794
HIT 3 1911285809232 445 8041451799912790931
HIT 3 1915580776528 446 10166047698708788806
HIT 3 1919875743824 447 2865164182040151942
HIT 3 1924170711120 448 15983751776642913114
HIT 3 1928465678416 449 11269306530134021648
HIT 3 1932760645712 450 4064811711383702835
HIT 3 1937055613008 451 13654130986838109018
HIT 3 1941350580304 452 4755968656885456260
HIT 3 1945645547600 453 14428522076868784227
HIT 3 1949940514896 454 12817793483966101560
HIT 3 1954235482192 455 13875959715389524878
HIT 3 1958530449488 456 10715776412470356894
HIT 3 1962825416784 457 9330803938122641058
HIT 3 1967120384080 458 1339361304276752616
HIT 3 1971415351376 459 505957394306956750
HIT 3 1975710318672 460 9814057519319444808
HIT 3 1980005285968 461 6815729720072603877
HIT 3 1984300253264 462 9808246451515447849
HIT 3 1988595220560 463 11820122080208848821
HIT 3 1992890187856 464 18068865220650284089
HIT 3 1997185155152 465 12765437275976284444
HIT 3 2001480122448 466 3454066879242259378
HIT 3 2005775089744 467 10853880091758012224
HIT 3 2010070057040 468 5262756604768138656
HIT 3 2014365024336 469 1773367503070759425
HIT 3 2018659991632 470 16247708715266345019
HIT 3 2022954958928 471 14097928887842152198
HIT 3 2027249926224 472 10301452752543310303
HIT 3 2031544893520 473 1175309341787267464
HIT 3 2035839860816 474 12397610500137415390
HIT 3 2040134828112 475 3336557385571926229
HIT 3 2044429795408 476 16730521199554484988
HIT 3 2048724762704 477 3159471617735626536
HIT 3 2053019730000 478 2724319010892132757
HIT 3 2057314697296 479 4446071648290417002
HIT 3 2061609664592 480 4418239036995505214
HIT 3 2065904631888 481 18276259395713518333
HIT 3 2070199599184 482 3480015898444144176
HIT 3 2074494566480 483 2152060579404286973
HIT 3 2078789533776 484 1446623622698891852
HIT 3 2083084501072 485 5714930587177818265
HIT 3 2087379468368 486 16847728984818338914
HIT 3 2091674435664 487 5509406976986261005
HIT 3 2095969402960 488 3181856017234161181
HIT 3 2100264370256 489 15748227325438951426
HIT 3 2104559337552 490 14416527405403346149
HIT 3 2108854304848 491 14188311676695188650
HIT 3 2113149272144 492 5739783517593767356
HIT 3 2117444239440 493 15375377251858134208
HIT 3 2121739206736 494 1603834641349830069
HIT 3 2126034174032 495 12586131276576916905
HIT 3 2130329141328 496 16080605736636280348
HIT 3 2134624108624 497 16871079618799149385
HIT 3 2138919075920 498 5101810791490205627
HIT 3 2143214043216 499 11326762602827025500
HIT 3 2147509010512 500 7491729420476148674
HIT 3 2151803977808 501 3376400937735869916
HIT 3 2156098945104 502 9202282891369799505
HIT 3 2160393912400 503 1445684639271230456
HIT 3 2164688879696 504 7777304523228248422
HIT 3 2168983846992 505 4237251191524874319
HIT 3 2173278814288 506 1677173668579038603
HIT 3 2177573781584 507 8970625016406424481
HIT 3 2181868748880 508 9790304738791294811
HIT 3 2186163716176 509 8322364562125141239
HIT 3 2190458683472 510 12857506106603605273
HIT 3 2194753650768 511 13585895387679536413
HIT 3 1679357640784 391 888233932899525937
HIT 3 1662174167121 387 15453970197985489522
HIT 3 1447425867857 337 341851687848533536
HIT 3 1662174232657 387 9519312755252888467
HIT 3 1653584363601 385 11358699963517915310
HIT 3 1657879330897 386 14727657449606205156
HIT 3 1662174298193 387 4460856918956019149
HIT 3 1670764232785 389 10813152782840302522
HIT 3 1662174429265 387 7906713106569635660
HIT 3 1670767575122 389 2765291891103021530
HIT 3 1670767575121 389 651014235117797502
HIT 3 1305676742740 304 3965059649611629198
HIT 3 1438820728916 335 4529820168638446881
HIT 3 1662159028308 387 11916135405337466995
HIT 3 1305676742741 304 15826028368124099753
HIT 3 1438820728917 335 544128869259963231
HIT 3 1662159028309 387 4336577499593292747
HIT 3 1305676742742 304 12969461823256763447
HIT 3 1438820728918 335 5438286746547322725
HIT 3 1662159028310 387 5323158532799341045
HIT 3 1438833967187 335 16923220965967787990
HIT 3 1662172266579 387 7741637019877007885
HIT 3 1662174298195 387 7261685771650026491
HIT 3 1438833967188 335 16246687548692091443
HIT 3 1662172266580 387 8828492371769267039
HIT 3 1662174298196 387 8534591639347883250
HIT 3 1305676742744 304 3306851501480402662
HIT 3 1438820728920 335 2223168423865441193
HIT 3 1662159028312 387 8999352206796777762
HIT 3 1305676742743 304 6657059938902681346
HIT 3 1438820728919 335 11692747081797890900
HIT 3 1662159028311 387 3789656930811766417
HIT 3 1438833967189 335 3951313156846565031
HIT 3 1662172266581 387 2492224598252084752
HIT 3 1438833967190 335 3373289062740590143
HIT 3 1662172266582 387 6526065190116106347
HIT 3 1662174298197 387 11304845606251394119
HIT 3 1662174298198 387 16944516228297414201
HIT 3 1438833967192 335 3956543744692418971
HIT 3 1662172266584 387 15871061396353152520
HIT 3 1662174298200 387 9406972369603871388
HIT 3 1305676742745 304 14159003415075876548
HIT 3 1438820728921 335 825472963199374955
HIT 3 1662159028313 387 9134314089140189700
HIT 3 1305676742746 304 6559658963564769169
HIT 3 1438820728922 335 11478710420251313546
HIT 3 1662159028314 387 12005082291212419364
HIT 3 1305676742747 304 12141586908040970112
HIT 3 1438820728923 335 14122511925574716870
HIT 3 1662159028315 387 318310445485042810
HIT 3 1438833967191 335 15700463437627916038
HIT 3 1662172266583 387 10047619735157337259
HIT 3 1662174298199 387 3849034170408519541
HIT 3 1305676742748 304 4484772150561376011
HIT 3 1438820728924 335 7643381668769643723
HIT 3 1662159028316 387 7749178559985564732
HIT 3 1438833967195 335 4067427529371185811
HIT 3 1662172266587 387 3033186811795237405
HIT 3 1662174298203 387 15751099025216377772
HIT 3 1305676742749 304 1794673566306867282
HIT 3 1438820728925 335 9234243357100019220
HIT 3 1662159028317 387 5480839203396756579
HIT 3 1438833967193 335 9847420575346447367
HIT 3 1662172266585 387 6747063613160979462
HIT 3 1662174298201 387 3590323676209453306
HIT 3 1438833967194 335 8361615824464238869
HIT 3 1662172266586 387 4352466805528037373
HIT 3 1662174298202 387 8647994429838963193
HIT 3 1305676742750 304 5438983059130542485
HIT 3 1438820728926 335 5024606976735970844
HIT 3 1662159028318 387 736793505180887052
HIT 3 1305676742751 304 4928866656823471497
HIT 3 1438820728927 335 2836136540773500800
HIT 3 1662159028319 387 4855916927329097542
HIT 3 1438833967196 335 11079383233527681085
HIT 3 1662172266588 387 6448153757205274278
HIT 3 1662174298204 387 15226055066845585200
HIT 3 1438833967197 335 7607614104445472768
HIT 3 1662172266589 387 3823332035266365149
HIT 3 1662174298205 387 14966537416367766066
HIT 3 1305676742752 304 6556351944435766757
HIT 3 1438820728928 335 15976178729906515832
HIT 3 1662159028320 387 3942661594625820454
HIT 3 1305676742753 304 2996486371157198112
HIT 3 1438820728929 335 764715094692088807
HIT 3 1662159028321 387 469267924686003489
HIT 3 1438833967198 335 3626081465278748427
HIT 3 1662172266590 387 10219930928372574972
HIT 3 1438833967199 335 6413308441360729562
HIT 3 1662172266591 387 8953737988114270935
HIT 3 1662174298206 387 3070093152937582009
HIT 3 1662174298207 387 12120569072676139833
HIT 3 1305676611682 304 9348518299040144869
HIT 3 1438820597858 335 10273671071148507860
HIT 3 1662158897250 387 2985385966476893864
HIT 3 1305676742754 304 17111296953192092028
HIT 3 1438820728930 335 11777295197327213
HIT 3 1662159028322 387 6109876058659734617
HIT 3 1305676742755 304 9348518299040144869
HIT 3 1438820728931 335 10273671071148507860
HIT 3 1662159028323 387 2985385966476893864
HIT 3 1438833967200 335 9616446138031285586
HIT 3 1662172266592 387 14515192918544462680
HIT 3 1438833967201 335 748099487737744948
HIT 3 1662172266593 387 14657795617849906054
HIT 3 1662174298208 387 9939114580257248471
HIT 3 1662174298209 387 13659924775673188996
HIT 3 1305676742756 304 308976746356305484
HIT 3 1438820728932 335 13815360656011210084
HIT 3 1662159028324 387 5554501722419339847
HIT 3 1305676742757 304 6127740940633785549
HIT 3 1438820728933 335 14877335491335925082
HIT 3 1662159028325 387 4825164392279057994
HIT 3 1305676873829 304 308976746356305484
HIT 3 1438820860005 335 13815360656011210084
HIT 3 1662159159397 387 5554501722419339847
HIT 3 1438833967203 335 2925145745877721479
HIT 3 1662172266595 387 16712315524671119174
HIT 3 1662174298211 387 14113200085033425415
HIT 3 1438833967202 335 11612227400992676956
HIT 3 1662172266594 387 6004372924080877876
HIT 3 1305676873830 304 15192679897502702292
HIT 3 1438820860006 335 7955297378327468248
HIT 3 1662159159398 387 17353735893707803433
HIT 3 1305676939366 304 15723186008075299872
HIT 3 1438820925542 335 8513747317843977720
HIT 3 1662159224934 387 8467588319808301080
HIT 3 1305677004902 304 16293418821613589258
HIT 3 1438820991078 335 4509793502191531731
HIT 3 1662159290470 387 328630938159503339
HIT 3 1662174298210 387 7974041428394997437
HIT 3 1305677070438 304 16821338752540971672
HIT 3 1438821056614 335 11976720944142732901
HIT 3 1662159356006 387 8636525381535685608
HIT 3 1305677135974 304 11270359027824555580
HIT 3 1438821122150 335 15593777209006691249
HIT 3 1662159421542 387 7549779463290285200
HIT 3 1305677201510 304 9149329201326791227
HIT 3 1438821187686 335 16232809593918526431
HIT 3 1662159487078 387 2947023394990578339
HIT 3 1305677267046 304 9977954175772879778
HIT 3 1438821253222 335 4693495124838452985
HIT 3 1662159552614 387 4052229450893145828
HIT 3 1305677332582 304 7158424832750437046
HIT 3 1438821318758 335 7913473856216970500
HIT 3 1662159618150 387 2407595519216650694
HIT 3 1305677398118 304 16259483629151872203
HIT 3 1438821384294 335 266568418438845175
HIT 3 1662159683686 387 5854028266502588427
HIT 3 1305677463654 304 7089750765950413769
HIT 3 1438821449830 335 2944794195526108211
HIT 3 1662159749222 387 12489290352586491336
HIT 3 1438833836132 335 11898318054467204257
HIT 3 1662172135524 387 7436491895666104382
HIT 3 1430244032612 333 5347642335547242018
HIT 3 1434538999908 334 14558220297430045754
HIT 3 1438833967204 335 3923834089236425546
HIT 3 1447423901796 337 11661518424443230357
HIT 3 1653582332004 385 5862401222280310432
HIT 3 1657877299300 386 209308809369349624
HIT 3 1662172266596 387 15545755331782086582
HIT 3 1670762201188 389 9488477548378754380
HIT 3 1314279981156 306 6127740940633785549
HIT 3 1438834032740 335 13802146488493133107
HIT 3 1662172332132 387 16555451448958262994
HIT 3 1438834098276 335 17290525358629708806
HIT 3 1662172397668 387 10980868399767207423
HIT 3 1305677529190 304 804556674114329355
HIT 3 1438821515366 335 13192493200461185765
HIT 3 1662159814758 387 4980385980850566079
HIT 3 1305677594726 304 9422527481131218120
HIT 3 1438821580902 335 15957630661607494572
HIT 3 1662159880294 387 8687533060273757971
HIT 3 1305677660262 304 4760489879175958085
HIT 3 1438821646438 335 1311797188433909261
HIT 3 1662159945830 387 1182793857726002508
HIT 3 1305677725798 304 11116343739243257238
HIT 3 1438821711974 335 14038502298768816662
HIT 3 1662160011366 387 15747990441697391741
HIT 3 1305677791334 304 18318867008671924479
HIT 3 1438821777510 335 11737419110495238144
HIT 3 1662160076902 387 14008896360491484392
HIT 3 1305677856870 304 693034560540316497
HIT 3 1438821843046 335 11474938648057630027
HIT 3 1662160142438 387 6099419987619697142
HIT 3 1305677922406 304 9281489888600535846
HIT 3 1438821908582 335 12978348551502176747
HIT 3 1662160207974 387 13801606485539072463
HIT 3 1305677987942 304 2003264272626212340
HIT 3 1438821974118 335 8397826506235456674
HIT 3 1662160273510 387 15476495298278216154
HIT 3 1305678053478 304 10156491519010585143
HIT 3 1438822039654 335 365690436995464556
HIT 3 1662160339046 387 7025802976442850411
HIT 3 1305678119014 304 5695083473933754668
HIT 3 1438822105190 335 2637231850979243312
HIT 3 1662160404582 387 13862494155415623375
HIT 3 1305678184550 304 13558716880537832887
HIT 3 1438822170726 335 6580155794990631241
HIT 3 1662160470118 387 7781578565138376995
HIT 3 1662174167140 387 3458605288056335035
HIT 3 1447425867876 337 14877335491335925082
HIT 3 1662174232676 387 3260041867822744983
HIT 3 1653584363620 385 12421888228918401294
HIT 3 1657879330916 386 83314484875954002
HIT 3 1662174298212 387 6308265674114092366
HIT 3 1670764232804 389 14505172054210309399
HIT 3 1662174429284 387 3328653816986653640
HIT 3 1305678250086 304 12450939422205003061
HIT 3 1438822236262 335 13154067071849079830
HIT 3 1662160535654 387 13574547128188562031
HIT 3 1305678315622 304 6649588477713139024
HIT 3 1438822301798 335 15177180297089898533
HIT 3 1662160601190 387 12903062195576205510
HIT 3 1305678381158 304 11541769723332500069
HIT 3 1438822367334 335 865154128167783193
HIT 3 1662160666726 387 4003894372447600285
HIT 3 1305678446694 304 14134730408462365575
HIT 3 1438822432870 335 14181032634873400017
HIT 3 1662160732262 387 2127204029502987279
HIT 3 1305678512230 304 16870910379056168298
HIT 3 1438822498406 335 6805386437379567772
HIT 3 1662160797798 387 17962202698931248391
HIT 3 1305678577766 304 3316638837271281944
HIT 3 1438822563942 335 12640780353697459337
HIT 3 1662160863334 387 9810223785104077214
HIT 3 1305678643302 304 10870689801319587292
HIT 3 1438822629478 335 11758952553191542512
HIT 3 1662160928870 387 13119158619358093710
HIT 3 1305678708838 304 880002617241600764
HIT 3 1438822695014 335 5554720233965615777
HIT 3 1662160994406 387 13786035573616880708
HIT 3 1305678774374 304 16792110807463348346
HIT 3 1438822760550 335 15886308068257014447
HIT 3 1662161059942 387 740137487687977028
HIT 3 1305678839910 304 2339407875550133373
HIT 3 1438822826086 335 9416338351600053769
HIT 3 1662161125478 387 11764616507980578594
HIT 3 1305678905446 304 15712885757103251195
HIT 3 1438822891622 335 1267353690248741713
HIT 3 1662161191014 387 15830313583594133425
HIT 3 1305678970982 304 9002111947436753858
HIT 3 1438822957158 335 12523683329069773653
HIT 3 1662161256550 387 13387601802892106421
HIT 3 1305679036518 304 16569411316166920896
HIT 3 1438823022694 335 7630946631881937589
HIT 3 1662161322086 387 6200178811142757132
HIT 3 1305679102054 304 14729555557723002265
HIT 3 1438823088230 335 16464838865516759405
HIT 3 1662161387622 387 12264258609393502489
HIT 3 1305679167590 304 12238874877873882709
HIT 3 1438823153766 335 10426303381573859870
HIT 3 1662161453158 387 5259179086983457402
HIT 3 1305679233126 304 12072377511213904830
HIT 3 1438823219302 335 963821474135247322
HIT 3 1662161518694 387 3690803471211374350
HIT 3 1305679298662 304 1156963853983048430
HIT 3 1438823284838 335 3823133285985547454
HIT 3 1662161584230 387 3071826105534654374
HIT 3 1305679364198 304 1207567293681818718
HIT 3 1438823350374 335 14987375910300576637
HIT 3 1662161649766 387 17129962275414347270
HIT 3 1305679429734 304 5935318320868234383
HIT 3 1438823415910 335 15745446326707660737
HIT 3 1662161715302 387 153886043245242942
HIT 3 1305679495270 304 8502845663900177664
HIT 3 1438823481446 335 87897556183716733
HIT 3 1662161780838 387 14015818219084423993
HIT 3 1305679560806 304 12476941970698976346
HIT 3 1438823546982 335 13285373809268101000
HIT 3 1662161846374 387 15356608619756576984
HIT 3 1305679626342 304 5593127086054280382
HIT 3 1438823612518 335 3466735324643558457
HIT 3 1662161911910 387 10908655962973382178
HIT 3 1305679691878 304 8927170858023995462
HIT 3 1438823678054 335 2718347316960082949
HIT 3 1662161977446 387 8791760618413329995
HIT 3 1305679757414 304 6145681188639715321
HIT 3 1438823743590 335 10072155995067747481
HIT 3 1662162042982 387 11844225432460471097
HIT 3 1670767575140 389 4825164392279057994
HIT 3 1305679822950 304 11880578561302433653
HIT 3 1438823809126 335 13907054390770122715
HIT 3 1662162108518 387 7444171249478635539
HIT 3 1305679888486 304 8822958429449907786
HIT 3 1438823874662 335 17884340116227602761
HIT 3 1662162174054 387 9761828306090178378
HIT 3 1305679954022 304 17558672967401378986
HIT 3 1438823940198 335 612334969621333294
HIT 3 1662162239590 387 13112697685023720739
HIT 3 1305680019558 304 13481268022681883499
HIT 3 1438824005734 335 11492887626697120413
HIT 3 1662162305126 387 8455479741774314548
HIT 3 1305680085094 304 4836591193451139463
HIT 3 1438824071270 335 14709504512047383861
HIT 3 1662162370662 387 17876023143710977577
HIT 3 1305680150630 304 7462031273139199246
HIT 3 1438824136806 335 6423833787929142993
HIT 3 1662162436198 387 17988452284973886613
HIT 3 1305680216166 304 4474809258703810676
HIT 3 1438824202342 335 8377666989472050279
HIT 3 1662162501734 387 9234189616305511372
HIT 3 1305680281702 304 7321842990880041463
HIT 3 1438824267878 335 7712102416335583988
HIT 3 1662162567270 387 17210624990204280847
HIT 3 1305680347238 304 173339610789674407
HIT 3 1438824333414 335 6075745242138712725
HIT 3 1662162632806 387 16763435600580753351
HIT 3 1305680412774 304 11202809168652961768
HIT 3 1438824398950 335 12007198318951562321
HIT 3 1662162698342 387 2389373598080382317
HIT 3 1305680478310 304 996560729937712175
HIT 3 1438824464486 335 15322310579834599778
HIT 3 1662162763878 387 16285598264346268717
HIT 3 1305680543846 304 17902529247864827310
HIT 3 1438824530022 335 984433681918181551
HIT 3 1662162829414 387 11187509367134523725
HIT 3 1305680609382 304 12552441133436295015
HIT 3 1438824595558 335 14660308863088946434
HIT 3 1662162894950 387 12032829813376631089
HIT 3 1305680674918 304 1017971344938123290
HIT 3 1438824661094 335 15780301268639623617
HIT 3 1662162960486 387 7450143739049792145
HIT 3 1305680740454 304 12318807014960961632
HIT 3 1297086939239 302 8551033031343356333
HIT 3 1305676873831 304 15408787662078907775
HIT 3 1309971841127 305 788560883525900472
HIT 3 1314266808423 306 2512571281113786263
HIT 3 1430230925415 333 6485510750954366818
HIT 3 1434525892711 334 10048724985175202750
HIT 3 1438820860007 335 9560829128905179175
HIT 3 1447410794599 337 9834270166967189615
HIT 3 1653569224807 385 5100775758197699114
HIT 3 1657864192103 386 9834957059104964456
HIT 3 1662159159399 387 2551025469409703684
HIT 3 1670749093991 389 18119860088704227192
HIT 3 455273414759 106 15519609070041490962
HIT 3 1305676939367 304 16821338752540971672
HIT 3 1438820925543 335 11976720944142732901
HIT 3 1662159224935 387 8636525381535685608
HIT 3 1305677004903 304 15192679897502702292
HIT 3 1438820991079 335 7955297378327468248
HIT 3 1662159290471 387 17353735893707803433
HIT 3 1438824726630 335 8016819094155120270
HIT 3 1662163026022 387 6791055494645035615
HIT 3 1305680805990 304 16792746927952765561
HIT 3 1438824792166 335 4372909564956433252
HIT 3 1662163091558 387 8279167883252999652
HIT 3 1305680871526 304 5665784663438642836
HIT 3 1438824857702 335 2619143467130775812
HIT 3 1662163157094 387 5122055912749389995
HIT 3 1305680937062 304 17743566873756028926
HIT 3 1438824923238 335 7981306415202663682
HIT 3 1662163222630 387 13963652244393100557
HIT 3 1305681002598 304 16511717930592422822
HIT 3 1438824988774 335 8997195781769906800
HIT 3 1662163288166 387 8930550725951647429
HIT 3 1305681068134 304 15629795334148993102
HIT 3 1438825054310 335 14862247380248810501
HIT 3 1662163353702 387 13767342264425486465
HIT 3 1305681133670 304 10668808152596302623
HIT 3 1438825119846 335 16608301461837508077
HIT 3 1662163419238 387 17367886108608446254
HIT 3 1305681199206 304 15541980038066782351
HIT 3 1438825185382 335 2762801242482584805
HIT 3 1662163484774 387 472122433526430893
HIT 3 1305681264742 304 15058572794494114014
HIT 3 1438825250918 335 2674638290860609630
HIT 3 1662163550310 387 14324065396391767360
HIT 3 1305681330278 304 2399005656054749582
HIT 3 1438825316454 335 11565265819302325164
HIT 3 1662163615846 387 7103913261150735291
HIT 3 1305681395814 304 3984624840988860599
HIT 3 1438825381990 335 12225640432792462462
HIT 3 1662163681382 387 14610050783012033764
HIT 3 1305681461350 304 16980207394115318124
HIT 3 1438825447526 335 11781060273811379713
HIT 3 1662163746918 387 9348982491502346977
HIT 3 1305681526886 304 6665728515068198891
HIT 3 1438825513062 335 8191079913471161037
HIT 3 1662163812454 387 16043794602216323183
HIT 3 1305681592422 304 17147519674376768200
HIT 3 1438825578598 335 8973081861098347136
HIT 3 1662163877990 387 12523592072992684115
HIT 3 1305681657958 304 16171288497245604161
HIT 3 1438825644134 335 6348226260487316544
HIT 3 1662163943526 387 6956083917902238488
HIT 3 1305681723494 304 18378986324479339593
HIT 3 1438825709670 335 5631953292543434957
HIT 3 1662164009062 387 11138567739332574094
HIT 3 1305681789030 304 5186821996217975896
HIT 3 1438825775206 335 16292693453816718739
HIT 3 1662164074598 387 9320500120477745785
HIT 3 1305681854566 304 17754394166740470021
HIT 3 1438825840742 335 7968309804290570655
HIT 3 1662164140134 387 16834250799586537954
HIT 3 1305681920102 304 2948720822024043167
HIT 3 1438825906278 335 11649258435319393404
HIT 3 1662164205670 387 12057001281370121700
HIT 3 1305681985638 304 7595227463548713758
HIT 3 1438825971814 335 8611130366711385427
HIT 3 1662164271206 387 12194930929115996732
HIT 3 1305682051174 304 17742943389383807016
HIT 3 1438826037350 335 3432983612812262934
HIT 3 1662164336742 387 13102138742974875867
HIT 3 1305682116710 304 11446189685519171908
HIT 3 1438826102886 335 10022031850251978412
HIT 3 1662164402278 387 12737654305658043905
HIT 3 1305682182246 304 6402929584866645966
HIT 3 1438826168422 335 11393616991003836656
HIT 3 1662164467814 387 10162877555099428159
HIT 3 1305682247782 304 11206711219724385612
HIT 3 1438826233958 335 10481628415770859806
HIT 3 1662164533350 387 11629546338770327873
HIT 3 1305682313318 304 1053801265197719417
HIT 3 1438826299494 335 15206994060179493693
HIT 3 1662164598886 387 3626094661559874568
HIT 3 1305682378854 304 3695395873018234338
HIT 3 1438826365030 335 17106990274101560945
HIT 3 1662164664422 387 14179178312152922266
HIT 3 1305682444390 304 3643883247431516724
HIT 3 1438826430566 335 2794902777821460984
HIT 3 1662164729958 387 7315075789707880877
HIT 3 1305682509926 304 4998073992260107723
HIT 3 1438826496102 335 6043252222787372324
HIT 3 1662164795494 387 12450330370789943341
HIT 3 1305682575462 304 8469824595578910876
HIT 3 1438826561638 335 6215722682181121725
HIT 3 1662164861030 387 4351146156342425968
HIT 3 1305682640998 304 12845887551779320546
HIT 3 1438826627174 335 10472948851011122156
HIT 3 1662164926566 387 15296653547388824424
HIT 3 1305682706534 304 5576753944833644987
HIT 3 1438826692710 335 13559330554102988215
HIT 3 1662164992102 387 8325983369725419238
HIT 3 1305682772070 304 16616900517670467432
HIT 3 1438826758246 335 8092656617958674498
HIT 3 1662165057638 387 2681903175590056303
HIT 3 1305682837606 304 4939204546326463993
HIT 3 1438826823782 335 13107273135582435047
HIT 3 1662165123174 387 10950933432885559876
HIT 3 1305682903142 304 2728007550615283712
HIT 3 1438826889318 335 16260910919102048732
HIT 3 1662165188710 387 2136615656077958750
HIT 3 1305682968678 304 11722462005703735881
HIT 3 1438826954854 335 2791574850907529406
HIT 3 1662165254246 387 15394141906373623300
HIT 3 1305683034214 304 9332332189078526387
HIT 3 1438827020390 335 6311724582628848296
HIT 3 1662165319782 387 430548182418983616
HIT 3 1305683099750 304 76508603392377637
HIT 3 1438827085926 335 7238949619524700168
HIT 3 1662165385318 387 8768146025311708523
HIT 3 1305683165286 304 3297957662232248815
HIT 3 1438827151462 335 3790595326403262119
HIT 3 1662165450854 387 16139434786929536513
HIT 3 1305683230822 304 10241653376320471906
HIT 3 1438827216998 335 14472046482268784212
HIT 3 1662165516390 387 4442554173618384814
HIT 3 1305683296358 304 9135760901416790504
HIT 3 1438827282534 335 11486386331392395184
HIT 3 1662165581926 387 1668186290154020781
HIT 3 1305683361894 304 16482122037658437455
HIT 3 1438827348070 335 12028018071666270896
HIT 3 1662165647462 387 9842734886991134501
HIT 3 1305683427430 304 8690458731562164370
HIT 3 1438827413606 335 12578323846369811289
HIT 3 1662165712998 387 14173685576028053580
HIT 3 1305683492966 304 8043421168818368039
HIT 3 1438827479142 335 7137179132456804188
HIT 3 1662165778534 387 6203645375828308513
HIT 3 1305683558502 304 2149488805533765826
HIT 3 1438827544678 335 16947563519632140175
HIT 3 1662165844070 387 15754211743125473677
HIT 3 1305683624038 304 5424646497639371517
HIT 3 1438827610214 335 10826681173300516439
HIT 3 1662165909606 387 801018782617513459
HIT 3 1305683689574 304 12854621878524651701
HIT 3 1438827675750 335 14311794075552652676
HIT 3 1662165975142 387 11278102444609381360
HIT 3 1305683755110 304 7949401327320108754
HIT 3 1438827741286 335 6355044027062943198
HIT 3 1662166040678 387 18341830672822232249
HIT 3 1305683820646 304 12389058374067668579
HIT 3 1438827806822 335 4109666773195527311
HIT 3 1662166106214 387 6902732219870766949
HIT 3 1305683886182 304 18282123992498335614
HIT 3 1438827872358 335 1941277571487360656
HIT 3 1662166171750 387 8894863330039959775
HIT 3 1305683951718 304 11558445569108241927
HIT 3 1438827937894 335 8313330264069354866
HIT 3 1662166237286 387 7022511843076420008
HIT 3 1305684017254 304 4818165726554138728
HIT 3 1438828003430 335 13248607144224963330
HIT 3 1662166302822 387 5801548825590274732
HIT 3 1305684082790 304 12147010715720558063
HIT 3 1438828068966 335 4346235047911123028
HIT 3 1662166368358 387 9032707988985935374
HIT 3 1305684148326 304 15560962543895683635
HIT 3 1438828134502 335 15223288790745999457
HIT 3 1662166433894 387 12789940694143361735
HIT 3 1305684213862 304 2417740869681774226
HIT 3 1438828200038 335 1867285253631448504
HIT 3 1662166499430 387 16825742954665589773
HIT 3 1305684279398 304 2390882374294671981
HIT 3 1438828265574 335 9100975394670475096
HIT 3 1662166564966 387 13761830349786431290
HIT 3 1305684344934 304 1284260455864214185
HIT 3 1438828331110 335 1496919104558571831
HIT 3 1662166630502 387 95364743807845611
HIT 3 1305684410470 304 878150577332767680
HIT 3 1438828396646 335 17621295610460613425
HIT 3 1662166696038 387 1153614266695463814
HIT 3 1305684476006 304 3262900937659380370
HIT 3 1438828462182 335 8286842631849598688
HIT 3 1662166761574 387 10467026131737805642
HIT 3 1305684541542 304 13927341755272215221
HIT 3 1438828527718 335 2685127048007374355
HIT 3 1662166827110 387 7444991681428133542
HIT 3 1305684607078 304 7219405897301593996
HIT 3 1438828593254 335 7215878899347548630
HIT 3 1662166892646 387 14570123962017246957
HIT 3 1305684672614 304 10647418683991320250
HIT 3 1438828658790 335 11453214285098649965
HIT 3 1662166958182 387 6099795527743259522
HIT 3 1438833967205 335 11177828992459679018
HIT 3 1662172266597 387 7974018335496595373
HIT 3 1305684738150 304 9580331329513537962
HIT 3 1438828724326 335 14406561348117185190
HIT 3 1662167023718 387 11530657170930436050
HIT 3 1305684803686 304 3572273599046023900
HIT 3 1438828789862 335 2640500041014936996
HIT 3 1662167089254 387 16193342552525076474
HIT 3 1305684869222 304 1356843805245852341
HIT 3 1438828855398 335 9306288299949596989
HIT 3 1662167154790 387 15277437510594379975
HIT 3 1305684934758 304 1885077478172942060
HIT 3 1438828920934 335 15243261593963203502
HIT 3 1662167220326 387 15244378626539293489
HIT 3 1305685000294 304 14215723115724117297
HIT 3 1438828986470 335 1323817382653373359
HIT 3 1662167285862 387 18203383317074000228
HIT 3 1305685065830 304 5606392512414697852
HIT 3 1438829052006 335 7480945854874005516
HIT 3 1662167351398 387 3642507582851143502
HIT 3 1305685131366 304 4947040002638940953
HIT 3 1438829117542 335 11578148704502393708
HIT 3 1662167416934 387 16402072892860590311
HIT 3 1305685196902 304 8168036594915120286
HIT 3 1438829183078 335 14874063018723841855
HIT 3 1662167482470 387 2054886725157165844
HIT 3 1305685262438 304 5925720905744395065
HIT 3 1438829248614 335 11298322883443719056
HIT 3 1662167548006 387 17773007928049736103
HIT 3 1305685327974 304 16177355865568699967
HIT 3 1438829314150 335 632308861358727849
HIT 3 1662167613542 387 13037052661014514081
HIT 3 1305685393510 304 14401320531216591686
HIT 3 1438829379686 335 10381419618099247489
HIT 3 1662167679078 387 2768648062833999275
HIT 3 1305685459046 304 747636270767722742
HIT 3 1438829445222 335 7880356824850558378
HIT 3 1662167744614 387 12571058473558691331
HIT 3 1305685524582 304 6495535900044599061
HIT 3 1438829510758 335 8617100784098047262
HIT 3 1662167810150 387 8428514787427645372
HIT 3 1305685590118 304 15450358667988125408
HIT 3 1438829576294 335 17247053311796456678
HIT 3 1662167875686 387 17876439004536536742
HIT 3 1305685655654 304 7595294307211349573
HIT 3 1438829641830 335 14248335604122452064
HIT 3 1662167941222 387 9609847532303931759
HIT 3 1305685721190 304 3379751514901407683
HIT 3 1438829707366 335 2323542590755307972
HIT 3 1662168006758 387 282372644808228094
HIT 3 1305685786726 304 9487449680623545318
HIT 3 1438829772902 335 2595417188891473247
HIT 3 1662168072294 387 2688937358566233516
HIT 3 1305685852262 304 15889734659432990483
HIT 3 1438829838438 335 3109829181142545889
HIT 3 1662168137830 387 10097103434644183018
HIT 3 1305685917798 304 9623787885821102430
HIT 3 1438829903974 335 1016772336422583861
HIT 3 1662168203366 387 6944596667672720679
HIT 3 1305685983334 304 14987391080142560308
HIT 3 1438829969510 335 2741587067384174909
HIT 3 1662168268902 387 14876897354318636778
HIT 3 1305686048870 304 3749824841495577153
HIT 3 1438830035046 335 12226884357301258375
HIT 3 1662168334438 387 4196603434484131780
HIT 3 1305686114406 304 7112761487179783028
HIT 3 1438830100582 335 9898786616768418779
HIT 3 1662168399974 387 15637282169349931694
HIT 3 1305686179942 304 10571678489791313933
HIT 3 1438830166118 335 2036479124796933981
HIT 3 1662168465510 387 17126057735687066701
HIT 3 1305686245478 304 6552032286637608564
HIT 3 1438830231654 335 83471956210432139
HIT 3 1662168531046 387 16803306965279060208
HIT 3 1305686311014 304 2607157799196262404
HIT 3 1438830297190 335 4974692179585884055
HIT 3 1662168596582 387 13819855692818192751
HIT 3 1305686376550 304 2587765156716569581
HIT 3 1438830362726 335 12194500929365697138
HIT 3 1662168662118 387 5965099041427191499
HIT 3 1305686442086 304 9154280536755672631
HIT 3 1438830428262 335 16780515574100633494
HIT 3 1662168727654 387 16995014252857731599
HIT 3 1305686507622 304 16249471829552322763
HIT 3 1438830493798 335 13857858130197863901
HIT 3 1662168793190 387 17588944430718832513
HIT 3 1305686573158 304 6818804393390588037
HIT 3 1438830559334 335 15176059740332043743
HIT 3 1662168858726 387 6286244825224109016
HIT 3 1305686638694 304 9022146555095072991
HIT 3 1438830624870 335 7881456367979735820
HIT 3 1662168924262 387 18431171470479247114
HIT 3 1305686704230 304 12777037967334807278
HIT 3 1438830690406 335 12182269244279906418
HIT 3 1662168989798 387 14858542577393278440
HIT 3 1305686769766 304 11059823315506626753
HIT 3 1438830755942 335 16377271231739764887
HIT 3 1662169055334 387 17138977078589669109
HIT 3 1305686835302 304 12866822386894760539
HIT 3 1438830821478 335 6384294073058697074
HIT 3 1662169120870 387 5830386582212973282
HIT 3 1305686900838 304 2183490232177566779
HIT 3 1438830887014 335 6013461291995336274
HIT 3 1662169186406 387 5593258623210037606
HIT 3 1305686966374 304 13822427258159201698
HIT 3 1438830952550 335 15690566900809050812
HIT 3 1662174298213 387 17471967529435798773
HIT 3 1662169251942 387 16245433087947072169
HIT 3 1305687031910 304 436500047508768919
HIT 3 1438831018086 335 1690244910314625031
HIT 3 1662169317478 387 12125436216973359815
HIT 3 1305687097446 304 2769674947598247385
HIT 3 1438831083622 335 11419621556642800334
HIT 3 1662169383014 387 4688928005659042958
HIT 3 1305687162982 304 10872610783930954192
HIT 3 1438831149158 335 7250096280308254594
HIT 3 1662169448550 387 16741354928292001442
HIT 3 1305687228518 304 866439402123734238
HIT 3 1438831214694 335 7882777519206319142
HIT 3 1662169514086 387 4058908515779500304
HIT 3 1305687294054 304 6639292237596425056
HIT 3 1438831280230 335 11100172203553127605
HIT 3 1662169579622 387 9488896220251906334
HIT 3 1305687359590 304 12614211949478473828
HIT 3 1438831345766 335 9585201294910816089
HIT 3 1662169645158 387 8694567278469462723
HIT 3 1305687425126 304 5517988679351904508
HIT 3 1438831411302 335 13648752436552633923
HIT 3 1662169710694 387 10788657130024771609
HIT 3 1305687490662 304 7734482691339653734
HIT 3 1438831476838 335 6644023605619154621
HIT 3 1662169776230 387 10366216304345422685
HIT 3 1305687556198 304 15555231020967348796
HIT 3 1438831542374 335 826263148494894923
HIT 3 1662169841766 387 7985032838143126870
HIT 3 1305687621734 304 1052867429480590174
HIT 3 1438831607910 335 14161974733301805959
HIT 3 1662169907302 387 13595216711969645586
HIT 3 1305687687270 304 10221563425374480303
HIT 3 1438831673446 335 901649241431849935
HIT 3 1662169972838 387 2352237980405888311
HIT 3 1305687752806 304 11276614394788515072
HIT 3 1438831738982 335 10296534503291553690
HIT 3 1662170038374 387 14168623268229571884
HIT 3 1305687818342 304 10824707214403000061
HIT 3 1438831804518 335 11216129536678315097
HIT 3 1662170103910 387 60049050816768456
HIT 3 1305687883878 304 13901270626122369422
HIT 3 1438831870054 335 9783946215209580748
HIT 3 1662170169446 387 3767594828420827527
HIT 3 1305687949414 304 5673332322387716071
HIT 3 1438831935590 335 8434913394050515778
HIT 3 1662170234982 387 15750810332578763108
HIT 3 1305688014950 304 5569771502579660132
HIT 3 1438832001126 335 2992044835971490984
HIT 3 1662170300518 387 17994085507387728093
HIT 3 1305688080486 304 11514245828975363446
HIT 3 1438832066662 335 10032132031560907020
HIT 3 1662170366054 387 14504485274966550052
HIT 3 1305688146022 304 3468047966910080676
HIT 3 1438832132198 335 12232185998153961131
HIT 3 1662170431590 387 1394325647392954873
HIT 3 1305688211558 304 4398332925207771863
HIT 3 1438832197734 335 5966680030832721720
HIT 3 1662170497126 387 10609727148420862592
HIT 3 1305688277094 304 8763113253787979505
HIT 3 1438832263270 335 11866202524642919182
HIT 3 1662170562662 387 16979803976702373412
HIT 3 1305688342630 304 4352729711206386520
HIT 3 1438832328806 335 10623159513774898509
HIT 3 1662170628198 387 18331307478734157894
HIT 3 1305688408166 304 11973457547547823108
HIT 3 1438832394342 335 16574161067988714538
HIT 3 1662170693734 387 15115188783079350984
HIT 3 1305688473702 304 16004190330187092258
HIT 3 1438832459878 335 11969126936281898689
HIT 3 1662170759270 387 1470450684808714106
HIT 3 1305688539238 304 6560444511009872053
HIT 3 1438832525414 335 1132449237699237069
HIT 3 1662170824806 387 16530035535814411417
HIT 3 1305688604774 304 9710643796125112401
HIT 3 1438832590950 335 10222930182270606290
HIT 3 1662170890342 387 8893966276926272521
HIT 3 1305688670310 304 11762066440378821226
HIT 3 1438832656486 335 17669297275864826506
HIT 3 1662170955878 387 12626209480300251919
HIT 3 1305688735846 304 17069657422607870069
HIT 3 1438832722022 335 11977812919821920672
HIT 3 1662171021414 387 13500770527730351515
HIT 3 1305688801382 304 15990472550390377201
HIT 3 1438832787558 335 2689644751615777639
HIT 3 1662171086950 387 9733029547241618218
HIT 3 1305688866918 304 11051118862454650470
HIT 3 1438832853094 335 1691176408982081942
HIT 3 1662171152486 387 14150635000816266290
HIT 3 1305688932454 304 11198957653249294028
HIT 3 1438832918630 335 5907242789630118033
HIT 3 1662171218022 387 11216172418838119167
HIT 3 1305688997990 304 1089562301292134643
HIT 3 1438832984166 335 9257857336638769781
HIT 3 1662171283558 387 7356190309003052385
HIT 3 1305689063526 304 11188836801079110789
HIT 3 1438833049702 335 4019708387255999184
HIT 3 1662171349094 387 11205767009163839038
HIT 3 1305689129062 304 4107241021517604569
HIT 3 1438833115238 335 3182212664786723468
HIT 3 1662171414630 387 10230510056197605777
HIT 3 1305689194598 304 14366154017078971983
HIT 3 1438833180774 335 14358682639566858478
HIT 3 1662171480166 387 16469998342948603625
HIT 3 1305689260134 304 9043474178232704646
HIT 3 1438833246310 335 9617163497162563652
HIT 3 1662171545702 387 2519993220654955750
HIT 3 1305689325670 304 211241239259711326
HIT 3 1438833311846 335 2913085137836960779
HIT 3 1662171611238 387 9796889932550657167
HIT 3 1305689391206 304 14298561601690612604
HIT 3 1438833377382 335 10160671584922776366
HIT 3 1662171676774 387 12967628760570962842
HIT 3 1305689456742 304 15486174352581191792
HIT 3 1438833442918 335 13818546850905523871
HIT 3 1662171742310 387 2145912764329142051
HIT 3 1305689522278 304 2877346005864224260
HIT 3 1438833508454 335 9962263809200255218
HIT 3 1662171807846 387 2447712549117762790
HIT 3 1305689587814 304 18308883729977225431
HIT 3 1438833573990 335 372633844589304202
HIT 3 1662171873382 387 18050373034197539027
HIT 3 1305689653350 304 6531184837767620001
HIT 3 1438833639526 335 4375206988600695239
HIT 3 1662171938918 387 7689898281912556433
HIT 3 1297099784294 302 10723902856379011290
HIT 3 1305689718886 304 11082679133093073297
HIT 3 1438833705062 335 9943148930173241344
HIT 3 1662172004454 387 7934613100158138327
HIT 3 1305689784422 304 10723902856379011290
HIT 3 1438833770598 335 18418714882398120264
HIT 3 1662172069990 387 15419107285443309579
HIT 3 1305689849958 304 17525767256619420756
HIT 3 1430243901542 333 128794333449661596
HIT 3 1434538868838 334 4110318633706772802
HIT 3 1438833836134 335 16650361334540726829
HIT 3 1447423770726 337 13271608358127835063
HIT 3 1653582200934 385 11002744310956572325
HIT 3 1657877168230 386 5887282150530590129
HIT 3 1662172135526 387 696168667639563512
HIT 3 1670762070118 389 15318000788010944330
HIT 3 1305689915494 304 8551033031343356333
HIT 3 1314279850086 306 17525767256619420756
HIT 3 1438833901670 335 664062717796237906
HIT 3 1662172201062 387 7774904086963813753
HIT 3 1314279915622 306 7629483122648541053
HIT 3 1318574882918 307 788560883525900472
HIT 3 1322869850214 308 6578715817349754538
HIT 3 1327164817510 309 8282521852179539894
HIT 3 1331459784806 310 4639981123521557110
HIT 3 1335754752102 311 2368632275852732448
HIT 3 1340049719398 312 10265248813100746560
HIT 3 1344344686694 313 17876487620298660322
HIT 3 1348639653990 314 13560830704567381654
HIT 3 1352934621286 315 15790671500606698875
HIT 3 1357229588582 316 781351602547235603
HIT 3 1361524555878 317 1392158094656969877
HIT 3 1365819523174 318 4997704265300059021
HIT 3 1370114490470 319 10695094784684560107
HIT 3 1374409457766 320 11063725866086118997
HIT 3 1378704425062 321 14266148938412173011
HIT 3 1382999392358 322 5931992007994370592
HIT 3 1387294359654 323 6973601357063166050
HIT 3 1391589326950 324 3217964346137326986
HIT 3 1395884294246 325 9599043367425083395
HIT 3 1400179261542 326 11836825770030362681
HIT 3 1404474228838 327 7353457472939591891
HIT 3 1408769196134 328 8564409522927143498
HIT 3 1413064163430 329 15416236502815737733
HIT 3 1417359130726 330 12014426999048050222
HIT 3 1421654098022 331 5997619499928548189
HIT 3 1425949065318 332 2146597493019478197
HIT 3 1430244032614 333 14858769394034368702
HIT 3 1434538999910 334 10117144124265880792
HIT 3 1438833967206 335 15089868291963334305
HIT 3 1443128934502 336 14956346623471712782
HIT 3 1447423901798 337 12357488232687418766
HIT 3 1451718869094 338 13211462867668422314
HIT 3 1456013836390 339 16317052228457507038
HIT 3 1460308803686 340 11712928203327960658
HIT 3 1464603770982 341 7127495846396610764
HIT 3 1468898738278 342 2188978576281508195
HIT 3 1473193705574 343 1159794881703755979
HIT 3 1477488672870 344 42531299778826529
HIT 3 1481783640166 345 14091339787840643397
HIT 3 1486078607462 346 14498895083197209985
HIT 3 1490373574758 347 11177023941680272596
HIT 3 1494668542054 348 515584118780733994
HIT 3 1498963509350 349 2437552673613308679
HIT 3 1503258476646 350 15850953605815967073
HIT 3 1507553443942 351 12195656374537327877
HIT 3 1511848411238 352 7961484341606836132
HIT 3 1516143378534 353 6023740373601496333
HIT 3 1520438345830 354 454209299563935652
HIT 3 1524733313126 355 8326316600605272943
HIT 3 1529028280422 356 7606045826388666916
HIT 3 1533323247718 357 2168967126526882599
HIT 3 1537618215014 358 17169562630400467891
HIT 3 1541913182310 359 10386027452115166353
HIT 3 1546208149606 360 9822360463997749721
HIT 3 1550503116902 361 6372565969838034840
HIT 3 1554798084198 362 11605844076839239209
HIT 3 1559093051494 363 9199038358340892072
HIT 3 1563388018790 364 5112848410415831187
HIT 3 1567682986086 365 14560894137673642488
HIT 3 1571977953382 366 12282339309839786614
HIT 3 1576272920678 367 544685279808654385
HIT 3 1580567887974 368 11658740336331806915
HIT 3 1584862855270 369 5833911128514400714
HIT 3 1589157822566 370 6062701601035049355
HIT 3 1593452789862 371 12024591127019669210
HIT 3 1597747757158 372 14575312440247417077
HIT 3 1602042724454 373 15107693818262677648
HIT 3 1606337691750 374 16429189753869214420
HIT 3 1610632659046 375 47012561256395307
HIT 3 1614927626342 376 11965440972073973215
HIT 3 1619222593638 377 1545698557203089117
HIT 3 1623517560934 378 11228228892294270475
HIT 3 1627812528230 379 6736651488858136525
HIT 3 1632107495526 380 9610276965888174765
HIT 3 1636402462822 381 3909710917981580691
HIT 3 1640697430118 382 9600035499076304114
HIT 3 1644992397414 383 17921708722960063949
HIT 3 1649287364710 384 8187744012684654164
HIT 3 1653582332006 385 11022966256657744457
HIT 3 1657877299302 386 13446647786592407517
HIT 3 1662172266598 387 529969820150435602
HIT 3 1666467233894 388 13163628079840640104
HIT 3 1670762201190 389 3434043414375131438
HIT 3 1675057168486 390 5583602199727478822
HIT 3 1679352135782 391 11741129649226957786
HIT 3 1683647103078 392 127991275461856548
HIT 3 1687942070374 393 16881088368645393369
HIT 3 1692237037670 394 1257333872225327054
HIT 3 1696532004966 395 12134171212079517333
HIT 3 1700826972262 396 1885544990138590764
HIT 3 1705121939558 397 209500001318542347
HIT 3 1709416906854 398 17226891613768593270
HIT 3 1713711874150 399 16294906279031306208
HIT 3 1718006841446 400 17232731493781970756
HIT 3 1722301808742 401 17094451657099990561
HIT 3 1726596776038 402 6509137007906119242
HIT 3 1730891743334 403 11307531627191932714
HIT 3 1735186710630 404 12055405162811391956
HIT 3 1739481677926 405 2042821072203418723
HIT 3 1743776645222 406 13280981303292143391
HIT 3 1748071612518 407 9130447189952314472
HIT 3 1752366579814 408 7753210042655686654
HIT 3 1756661547110 409 11475826795562974208
HIT 3 1760956514406 410 1527084713951797578
HIT 3 1765251481702 411 257543300154210716
HIT 3 1769546448998 412 17025348178179140237
HIT 3 1773841416294 413 10569124530536483601
HIT 3 1778136383590 414 5364457322833437406
HIT 3 1782431350886 415 5292525241520216428
HIT 3 1786726318182 416 656763765690704196
HIT 3 1791021285478 417 3709782515670713258
HIT 3 1795316252774 418 9988655906922942402
HIT 3 1799611220070 419 1128367707669802910
HIT 3 1803906187366 420 10775654553454966202
HIT 3 1808201154662 421 14031996958118523902
HIT 3 1812496121958 422 17858650822655131803
HIT 3 1816791089254 423 13609347395890745769
HIT 3 1821086056550 424 4081309322229461483
HIT 3 1825381023846 425 13277244633870590503
HIT 3 1829675991142 426 2460987381586735677
HIT 3 1833970958438 427 10900298279174943646
HIT 3 1838265925734 428 11857652686170928354
HIT 3 1842560893030 429 6429980821490470928
HIT 3 1846855860326 430 5945581693766641392
HIT 3 1851150827622 431 8408753621210708306
HIT 3 1855445794918 432 7048880749447595153
HIT 3 1859740762214 433 10058143147350121991
HIT 3 1864035729510 434 15849669564319250447
HIT 3 1868330696806 435 1814663413054792779
HIT 3 1872625664102 436 10603113351796939554
HIT 3 1876920631398 437 1639004376229564919
HIT 3 1881215598694 438 7872687006231534317
HIT 3 1885510565990 439 12001488863305492378
HIT 3 1889805533286 440 970212431767308282
HIT 3 1894100500582 441 13466024796560158994
HIT 3 1898395467878 442 18292693595968390011
HIT 3 1902690435174 443 1787835997060449813
HIT 3 1906985402470 444 453397152039131889
HIT 3 1911280369766 445 13168529644088140905
HIT 3 1915575337062 446 7314498917748827117
HIT 3 1919870304358 447 9580454889304543166
HIT 3 1924165271654 448 14384833542548637046
HIT 3 1928460238950 449 2883887829653913292
HIT 3 1932755206246 450 9274801820093356992
HIT 3 1937050173542 451 10190007074020123009
HIT 3 1941345140838 452 6382978632331683707
HIT 3 1945640108134 453 14716594406525537502
HIT 3 1949935075430 454 7760317025168818654
HIT 3 1954230042726 455 6331672986555644282
HIT 3 1958525010022 456 12175840357281996758
HIT 3 1962819977318 457 2307086916489979943
HIT 3 1967114944614 458 322335292360027016
HIT 3 1971409911910 459 679892243058116828
HIT 3 1975704879206 460 4078094477909147444
HIT 3 1979999846502 461 7567016256089042021
HIT 3 1984294813798 462 17935426148522586824
HIT 3 1988589781094 463 11696976021847351202
HIT 3 1992884748390 464 2898772158730162613
HIT 3 1997179715686 465 4777546253865266479
HIT 3 2001474682982 466 6419438037230889229
HIT 3 2005769650278 467 11529807876536317599
HIT 3 2010064617574 468 10872250492986476434
HIT 3 2014359584870 469 5753386851648623346
HIT 3 2018654552166 470 3835270398337925209
HIT 3 2022949519462 471 13023998659628146880
HIT 3 2027244486758 472 10165467428101023174
HIT 3 2031539454054 473 2619550850426561524
HIT 3 2035834421350 474 226240283515991261
HIT 3 2040129388646 475 12448552774971549080
HIT 3 2044424355942 476 14924546011698882228
HIT 3 2048719323238 477 361125678591147073
HIT 3 2053014290534 478 17630613603276524615
HIT 3 2057309257830 479 10592548944355776280
HIT 3 2061604225126 480 10232894187549258062
HIT 3 2065899192422 481 12235579419120386583
HIT 3 2070194159718 482 14510553380130150208
HIT 3 2074489127014 483 9939083250341380076
HIT 3 2078784094310 484 13061707210069422679
HIT 3 2083079061606 485 8181968524860751417
HIT 3 2087374028902 486 9086852548919464116
HIT 3 2091668996198 487 6421385936381780614
HIT 3 2095963963494 488 10057680444867582334
HIT 3 2100258930790 489 1366308438454172817
HIT 3 2104553898086 490 10498691524684163659
HIT 3 2108848865382 491 604105831262848431
HIT 3 2113143832678 492 386767807781473676
HIT 3 2117438799974 493 16843869347496830024
HIT 3 2121733767270 494 2594972870364878580
HIT 3 2126028734566 495 12805766341802512745
HIT 3 2130323701862 496 4141178438834986012
HIT 3 2134618669158 497 6828874061088067749
HIT 3 2138913636454 498 13955620980308632095
HIT 3 2143208603750 499 4159056181792293115
HIT 3 2147503571046 500 2105478380523993765
HIT 3 2151798538342 501 6192736626614038602
HIT 3 2156093505638 502 14814820402611000165
HIT 3 2160388472934 503 1796576181107991239
HIT 3 2164683440230 504 9765450781312293445
HIT 3 2168978407526 505 493163117483967314
HIT 3 2173273374822 506 3908575348455123899
HIT 3 2177568342118 507 12668519664768983499
HIT 3 2181863309414 508 2225322060938825362
HIT 3 2186158276710 509 2472884391617169198
HIT 3 2190453244006 510 4588590063569060761
HIT 3 2194748211302 511 6153345244019161929
HIT 3 1314279981158 306 15408787662078907775
HIT 3 1318574948454 307 8282521852179539894
HIT 3 1322869915750 308 7629483122648541053
HIT 3 1430244098150 333 4631640003207152190
HIT 3 1434539065446 334 3657173429854041170
HIT 3 1438834032742 335 2177979898180636742
HIT 3 1447423967334 337 3620502287367865275
HIT 3 1653582397542 385 46952093406213015
HIT 3 1657877364838 386 13625685314848328926
HIT 3 1662172332134 387 7734564861102056635
HIT 3 1670762266726 389 13761773135538048077
HIT 3 1430244163686 333 15189073811674375656
HIT 3 1434539130982 334 15237429780750394111
HIT 3 1438834098278 335 1776348982028473914
HIT 3 1447424032870 337 18206406136807918509
HIT 3 1653582463078 385 17323386018500646334
HIT 3 1657877430374 386 10250281836668789908
HIT 3 1662172397670 387 14583354274174608007
HIT 3 1670762332262 389 6977345040755277110
HIT 3 1322870046822 308 2512571281113786263
HIT 3 1438834163814 335 14635668173060116186
HIT 3 1662172463206 387 17144948748584360323
HIT 3 1438834229350 335 11726476259376654668
HIT 3 1662172528742 387 1714708430453913276
HIT 3 1438834294886 335 5677948869349292964
HIT 3 1662172594278 387 2709274383355167079
HIT 3 1438834360422 335 3500123334975252766
HIT 3 1662172659814 387 6120733914456556271
HIT 3 1438834425958 335 285060033970178184
HIT 3 1662172725350 387 14144425996623535287
HIT 3 1438834491494 335 3659882543889241145
HIT 3 1662172790886 387 16387492600780895642
HIT 3 1438834557030 335 8739930414042944415
HIT 3 1662172856422 387 16869870490013496477
HIT 3 1438834622566 335 17743229731222493797
HIT 3 1662172921958 387 9424579936536703455
HIT 3 1438834688102 335 17976876284080826677
HIT 3 1662172987494 387 14393576742465064800
HIT 3 1438834753638 335 9274743273180573210
HIT 3 1662173053030 387 15421682440023741716
HIT 3 1438834819174 335 7758292542728724483
HIT 3 1662173118566 387 2243240103866247273
HIT 3 1438834884710 335 8990268290745552725
HIT 3 1662173184102 387 9990941830069760451
HIT 3 1438834950246 335 14301117209804741896
HIT 3 1662173249638 387 1282438557136109782
HIT 3 1438835015782 335 12317420889263560053
HIT 3 1662173315174 387 15096207355014734571
HIT 3 1438835081318 335 10066176141275938312
HIT 3 1662173380710 387 9753883143250854386
HIT 3 1438835146854 335 5614794782803960648
HIT 3 1662173446246 387 15116781006934790448
HIT 3 1438835212390 335 1126419807650349441
HIT 3 1662173511782 387 10664257175358082161
HIT 3 1438835277926 335 15327452116408749478
HIT 3 1662173577318 387 13281313788690596816
HIT 3 1438835343462 335 9577949932157767424
HIT 3 1305677004905 304 7839695230309675133
HIT 3 1438820991081 335 11349937704099288660
HIT 3 1662159290473 387 13141683735622321041
HIT 3 1662173642854 387 843167936206723064
HIT 3 1438835408998 335 15352727479630556220
HIT 3 1662173708390 387 12103957763448631906
HIT 3 1438835474534 335 10413590921462621532
HIT 3 1662173773926 387 8533201020215965253
HIT 3 1438835540070 335 6067543904320056957
HIT 3 1662173839462 387 757573134197990931
HIT 3 1438835605606 335 12302849837489847928
HIT 3 1662173904998 387 7607856492152922643
HIT 3 1438835671142 335 4841039426995496056
HIT 3 1662173970534 387 5279325890503263267
HIT 3 1430245802086 333 4841039426995496056
HIT 3 1438835736678 335 3346964081825408385
HIT 3 1662174036070 387 16846434948107670824
HIT 3 1438835802214 335 6485510750954366818
HIT 3 1447425736806 337 10004042548050696808
HIT 3 1662174101606 387 7581079249000104354
HIT 3 1438835867750 335 10004042548050696808
HIT 3 1653584232550 385 12245837168484668687
HIT 3 1657879199846 386 10735616355829066554
HIT 3 1662174167142 387 13981082496279594454
HIT 3 1670764101734 389 10775751711341565890
HIT 3 1443130900582 336 2823131483692413363
HIT 3 1447425867878 337 9560829128905179175
HIT 3 1456015802470 339 809506225299474462
HIT 3 1653584298086 385 2944277390218478172
HIT 3 1657879265382 386 1292316714619659753
HIT 3 1662174232678 387 1474551841237426985
HIT 3 1670764167270 389 12796377441785014068
HIT 3 1443130966118 336 10048724985175202750
HIT 3 1447425933414 337 809506225299474462
HIT 3 1451720900710 338 2823131483692413363
HIT 3 1456015868006 339 1319255365598715607
HIT 3 1460310835302 340 14290362965610348934
HIT 3 1464605802598 341 4070288370827633732
HIT 3 1468900769894 342 7222955622755698611
HIT 3 1473195737190 343 2761012806497211834
HIT 3 1477490704486 344 13650594019375217826
HIT 3 1481785671782 345 4583673487523667766
HIT 3 1486080639078 346 839970081128916595
HIT 3 1490375606374 347 4581298955358925930
HIT 3 1494670573670 348 7795050334783293466
HIT 3 1498965540966 349 2836060681966248507
HIT 3 1503260508262 350 2709184150197066161
HIT 3 1507555475558 351 12280407281119961267
HIT 3 1511850442854 352 717884023223761887
HIT 3 1516145410150 353 10733243768003818375
HIT 3 1520440377446 354 15176555089475184467
HIT 3 1524735344742 355 17329849044463162606
HIT 3 1529030312038 356 5121460547141755338
HIT 3 1533325279334 357 1750670461052362153
HIT 3 1537620246630 358 1872207836080140453
HIT 3 1541915213926 359 1781610315813649932
HIT 3 1546210181222 360 9888522671571435218
HIT 3 1550505148518 361 12391982679718314347
HIT 3 1554800115814 362 16060238753632158062
HIT 3 1559095083110 363 18186631640052993552
HIT 3 1563390050406 364 14388913541130047147
HIT 3 1567685017702 365 7681744492392446375
HIT 3 1571979984998 366 10539543002336345544
HIT 3 1576274952294 367 2530366534362461311
HIT 3 1580569919590 368 8411052883804704672
HIT 3 1584864886886 369 1024278123408279751
HIT 3 1589159854182 370 17797195188253715908
HIT 3 1593454821478 371 4388339812885238757
HIT 3 1597749788774 372 8193377728909336636
HIT 3 1602044756070 373 17674160262224248564
HIT 3 1606339723366 374 15487272685222413049
HIT 3 1610634690662 375 6423629009446392741
HIT 3 1614929657958 376 9471509447442444746
HIT 3 1619224625254 377 1919284813917142112
HIT 3 1623519592550 378 17763500333818722056
HIT 3 1627814559846 379 7071865102563365524
HIT 3 1632109527142 380 3026300834057823283
HIT 3 1636404494438 381 5371765822986107789
HIT 3 1640699461734 382 12688595327214221311
HIT 3 1644994429030 383 1091327805167702606
HIT 3 1649289396326 384 18331951186425674589
HIT 3 1653584363622 385 5796360366279442147
HIT 3 1657879330918 386 12759206085811308558
HIT 3 1662174298214 387 7709944458585998216
HIT 3 1666469265510 388 15754883544296214756
HIT 3 1670764232806 389 12091838416017217967
HIT 3 1675059200102 390 10438450711254729087
HIT 3 1679354167398 391 16330458518414686421
HIT 3 1683649134694 392 13645905522976803677
HIT 3 1687944101990 393 1412997144904664493
HIT 3 1692239069286 394 1578467683187801739
HIT 3 1696534036582 395 6507701030577827480
HIT 3 1700829003878 396 5983261439280684682
HIT 3 1705123971174 397 10130473882685668175
HIT 3 1709418938470 398 8193197736059588220
HIT 3 1713713905766 399 1621507773024076631
HIT 3 1718008873062 400 11007171946677117811
HIT 3 1722303840358 401 15934129790193861341
HIT 3 1726598807654 402 8849315121860268294
HIT 3 1730893774950 403 7170660892322166293
HIT 3 1735188742246 404 6702152443701336669
HIT 3 1739483709542 405 11565739721988175830
HIT 3 1743778676838 406 1306083456071490238
HIT 3 1748073644134 407 3571974129633671005
HIT 3 1752368611430 408 1224284362031697365
HIT 3 1756663578726 409 12045672801208633227
HIT 3 1760958546022 410 11674120911545297011
HIT 3 1765253513318 411 16712292854509722657
HIT 3 1769548480614 412 8634262897455723965
HIT 3 1773843447910 413 11504270865818885130
HIT 3 1778138415206 414 11020752640895667599
HIT 3 1782433382502 415 14419044168905125998
HIT 3 1786728349798 416 4666976625812850205
HIT 3 1791023317094 417 7504316046791541256
HIT 3 1795318284390 418 5163020840528640722
HIT 3 1799613251686 419 3418167191447730127
HIT 3 1803908218982 420 1339297427277810424
HIT 3 1808203186278 421 13964947605957104671
HIT 3 1812498153574 422 13141643860733953409
HIT 3 1816793120870 423 15283642489330671074
HIT 3 1821088088166 424 6857243871930296153
HIT 3 1825383055462 425 3125409043286348023
HIT 3 1829678022758 426 13849228652256166548
HIT 3 1833972990054 427 3737103580394085036
HIT 3 1838267957350 428 4319246859183232347
HIT 3 1842562924646 429 1042837183293857144
HIT 3 1846857891942 430 7902081865652042414
HIT 3 1851152859238 431 6881968696128758895
HIT 3 1855447826534 432 4996062293528516025
HIT 3 1859742793830 433 13685372761726607152
HIT 3 1864037761126 434 4977483234878206140
HIT 3 1868332728422 435 12946963074764587864
HIT 3 1872627695718 436 7374859743334921730
HIT 3 1876922663014 437 17063202278448251434
HIT 3 1881217630310 438 17865353885978838584
HIT 3 1885512597606 439 15337629375415223540
HIT 3 1889807564902 440 7540902117347027878
HIT 3 1894102532198 441 12679832522007515827
HIT 3 1898397499494 442 6481809429689927000
HIT 3 1902692466790 443 13945507461177560344
HIT 3 1906987434086 444 2579751725771605947
HIT 3 1911282401382 445 16264865043919230678
HIT 3 1915577368678 446 5073450747453368868
HIT 3 1919872335974 447 1836993383704738171
HIT 3 1924167303270 448 2671972512495758965
HIT 3 1928462270566 449 15574654374288254037
HIT 3 1932757237862 450 3035303078260046905
HIT 3 1937052205158 451 16700390373807680663
HIT 3 1941347172454 452 13845346685721541441
HIT 3 1945642139750 453 8123145095890354330
HIT 3 1949937107046 454 6260065677014168028
HIT 3 1954232074342 455 769697198132454665
HIT 3 1958527041638 456 10249660854530007610
HIT 3 1962822008934 457 2532826899923493032
HIT 3 1967116976230 458 16018714168922321194
HIT 3 1971411943526 459 1169826756737900334
HIT 3 1975706910822 460 6079421270722945276
HIT 3 1980001878118 461 14191463030277318898
HIT 3 1984296845414 462 6160486348721165200
HIT 3 1988591812710 463 746671567299923746
HIT 3 1992886780006 464 601139830687484467
HIT 3 1997181747302 465 13324967872912924073
HIT 3 2001476714598 466 16220991755851439228
HIT 3 2005771681894 467 11865214770911882560
HIT 3 2010066649190 468 4218494436717777685
HIT 3 2014361616486 469 3818490889377685829
HIT 3 2018656583782 470 13402607689825759988
HIT 3 2022951551078 471 3992912740204055966
HIT 3 2027246518374 472 14447714900648920999
HIT 3 2031541485670 473 18368280823582692277
HIT 3 2035836452966 474 13120549299609188017
HIT 3 2040131420262 475 12099596090806887108
HIT 3 2044426387558 476 13391476637808953989
HIT 3 2048721354854 477 12311472321305908983
HIT 3 2053016322150 478 1555002788044019561
HIT 3 2057311289446 479 13051358688604253167
HIT 3 2061606256742 480 16814495658063861197
HIT 3 2065901224038 481 1192657230236013980
HIT 3 2070196191334 482 10543099985651588653
HIT 3 2074491158630 483 18263574023152825636
HIT 3 2078786125926 484 500636459598965267
HIT 3 2083081093222 485 3308430142619518404
HIT 3 2087376060518 486 15705874280614763331
HIT 3 2091671027814 487 5791056250745138349
HIT 3 2095965995110 488 540110440575668935
HIT 3 2100260962406 489 8017454516368990715
HIT 3 2104555929702 490 3724455062338621814
HIT 3 2108850896998 491 2954853957203663271
HIT 3 2113145864294 492 833925284873667114
HIT 3 2117440831590 493 3340389285258641541
HIT 3 2121735798886 494 5644294493197524767
HIT 3 2126030766182 495 12710123894698009623
HIT 3 2130325733478 496 16557019375082533282
HIT 3 2134620700774 497 1505472352935582971
HIT 3 2138915668070 498 3807476207199618216
HIT 3 2143210635366 499 1347142569681541154
HIT 3 2147505602662 500 11080993435715651739
HIT 3 2151800569958 501 4220446263609000338
HIT 3 2156095537254 502 9623408895825960644
HIT 3 2160390504550 503 14052209294231962926
HIT 3 2164685471846 504 15037688992883138650
HIT 3 2168980439142 505 5532529280138598969
HIT 3 2173275406438 506 1108034697323937950
HIT 3 2177570373734 507 8666296110536020218
HIT 3 2181865341030 508 16165242626500550814
HIT 3 2186160308326 509 13083289962507698117
HIT 3 2190455275622 510 5016809856202477483
HIT 3 2194750242918 511 7518214569516893703
HIT 3 1456015933542 339 9834270166967189615
HIT 3 1662174363750 387 12880921892381292836
HIT 3 1653584494694 385 7059597634104009320
HIT 3 1657879461990 386 8986605660877275548
HIT 3 1662174429286 387 16244636914543878039
HIT 3 1670764363878 389 16254571961457479902
HIT 3 1662174494822 387 7259547465101542173
HIT 3 1662174560358 387 10811833025153425847
HIT 3 1662174625894 387 15447738926180804118
HIT 3 1662174691430 387 17271729122380970487
HIT 3 1662174756966 387 3211460680924075110
HIT 3 1662174822502 387 10665754550770784680
HIT 3 1662174888038 387 10389962260976011849
HIT 3 1662174953574 387 16148269166988457194
HIT 3 1662175019110 387 2482528504055156946
HIT 3 1662175084646 387 4864998263986540460
HIT 3 1662175150182 387 3049915222847128132
HIT 3 1662175215718 387 10278520416040422543
HIT 3 1662175281254 387 6743919815201946799
HIT 3 1662175346790 387 2715932054279997445
HIT 3 1662175412326 387 10399252708369960218
HIT 3 1662175477862 387 18428028882461504207
HIT 3 1662175543398 387 13233318626704062227
HIT 3 1662175608934 387 7472619204660955213
HIT 3 1662175674470 387 6450561719442977272
HIT 3 1662175740006 387 13411247922823362215
HIT 3 1662175805542 387 13285077184079109178
HIT 3 1662175871078 387 18026161851088908582
HIT 3 1662175936614 387 1703878831782259090
HIT 3 1662176002150 387 11490948367868936731
HIT 3 1662176067686 387 18136972794061066604
HIT 3 1662176133222 387 3713325292278640583
HIT 3 1662176198758 387 16728673542448515162
HIT 3 1662176264294 387 4268722053051943681
HIT 3 1662176329830 387 8091770363387663957
HIT 3 1662176395366 387 7696460730383972358
HIT 3 1662176460902 387 8126002050576695642
HIT 3 1662176526438 387 14348551347603046722
HIT 3 1662176591974 387 14476179214058221948
HIT 3 1662176657510 387 13561366890389095614
HIT 3 1662176723046 387 11702492577839786379
HIT 3 1662176788582 387 6600804666410947706
HIT 3 1662176854118 387 987123834906058627
HIT 3 1662176919654 387 11012122073024037175
HIT 3 1662176985190 387 15293411786546557178
HIT 3 1662177050726 387 16886086252129039151
HIT 3 1662177116262 387 5273136410479864326
HIT 3 1662177181798 387 3853055136768226644
HIT 3 1662177247334 387 4147627895217155300
HIT 3 1662177312870 387 5764122516905598520
HIT 3 1662177378406 387 16950987361608339927
HIT 3 1653587509350 385 16950987361608339927
HIT 3 1662177443942 387 15304113601974591118
HIT 3 1662177509478 387 5100775758197699114
HIT 3 1670767444070 389 11857785137371866704
HIT 3 1662177575014 387 11857785137371866704
HIT 3 1666472607846 388 2519692575835514495
HIT 3 1670767575142 389 2551025469409703684
HIT 3 1679357509734 391 6903203392289405863
HIT 3 1666472673382 388 9834957059104964456
HIT 3 1670767640678 389 6903203392289405863
HIT 3 1675062607974 390 2519692575835514495
HIT 3 1679357575270 391 15102213725310863532
HIT 3 1683652542566 392 11862245825619244269
HIT 3 1687947509862 393 16242957951062095512
HIT 3 1692242477158 394 9593916911511837097
HIT 3 1696537444454 395 6697826006339110506
HIT 3 1700832411750 396 12394682727722904591
HIT 3 1705127379046 397 17869193106454915568
HIT 3 1709422346342 398 13055294377575720916
HIT 3 1713717313638 399 1772216992147180498
HIT 3 1718012280934 400 13346259518435122593
HIT 3 1722307248230 401 10458635452223548938
HIT 3 1726602215526 402 9130285298445657904
HIT 3 1730897182822 403 8462668848750701366
HIT 3 1735192150118 404 7531161095616686642
HIT 3 1739487117414 405 912466697072247203
HIT 3 1743782084710 406 16311738101511692637
HIT 3 1748077052006 407 13160649153469808303
HIT 3 1752372019302 408 2410434515864331444
HIT 3 1756666986598 409 5442230887014112252
HIT 3 1760961953894 410 6887047590655808945
HIT 3 1765256921190 411 17941491257355667679
HIT 3 1769551888486 412 9691459577719105364
HIT 3 1773846855782 413 2585725894286464918
HIT 3 1778141823078 414 17505711915329281667
HIT 3 1782436790374 415 12476953828713182346
HIT 3 1786731757670 416 10232069124026391274
HIT 3 1791026724966 417 10910476250345349897
HIT 3 1795321692262 418 7433252978649613513
HIT 3 1799616659558 419 14960786183071428348
HIT 3 1803911626854 420 4116969160845359299
HIT 3 1808206594150 421 15134446156690517916
HIT 3 1812501561446 422 10353423498816905586
HIT 3 1816796528742 423 10829115034012915136
HIT 3 1821091496038 424 12190114697207929953
HIT 3 1825386463334 425 16423756976362078059
HIT 3 1829681430630 426 11340065821050466353
HIT 3 1833976397926 427 16652887067283439461
HIT 3 1838271365222 428 1227314279928182500
HIT 3 1842566332518 429 11938656935300026776
HIT 3 1846861299814 430 1825207880064150962
HIT 3 1851156267110 431 1606673216864622834
HIT 3 1855451234406 432 15280258866229041430
HIT 3 1859746201702 433 17876593466587870273
HIT 3 1864041168998 434 1630840890283196669
HIT 3 1868336136294 435 2114574950213884410
HIT 3 1872631103590 436 15517300067529305140
HIT 3 1876926070886 437 2250848613895571650
HIT 3 1881221038182 438 14269297893163839358
HIT 3 1885516005478 439 18390038234598972753
HIT 3 1889810972774 440 1655952208679349408
HIT 3 1894105940070 441 16596856381682215615
HIT 3 1898400907366 442 13636585464247734914
HIT 3 1902695874662 443 12311288799792719103
HIT 3 1906990841958 444 14971824342013190806
HIT 3 1911285809254 445 15553951281634269954
HIT 3 1915580776550 446 3851453110777560501
HIT 3 1919875743846 447 3259469179952266262
HIT 3 1924170711142 448 7108105795435925281
HIT 3 1928465678438 449 6832219749566041201
HIT 3 1932760645734 450 13056280486175872872
HIT 3 1937055613030 451 2132147592474849876
HIT 3 1941350580326 452 11477409108248073767
HIT 3 1945645547622 453 17729337923400757599
HIT 3 1949940514918 454 17653582423064386061
HIT 3 1954235482214 455 8374194974966973866
HIT 3 1958530449510 456 8731017342567182683
HIT 3 1962825416806 457 15821256059744777849
HIT 3 1967120384102 458 18397932798368146960
HIT 3 1971415351398 459 16020353136718516334
HIT 3 1975710318694 460 1142256352310052619
HIT 3 1980005285990 461 16238079785558272999
HIT 3 1984300253286 462 2575107533596312152
HIT 3 1988595220582 463 15589607113842304819
HIT 3 1992890187878 464 13669906094261743623
HIT 3 1997185155174 465 6977965012402873745
HIT 3 2001480122470 466 14578666939711407564
HIT 3 2005775089766 467 7061828059067761045
HIT 3 2010070057062 468 13265908985611023335
HIT 3 2014365024358 469 7751059017464453226
HIT 3 2018659991654 470 8970149596509156680
HIT 3 2022954958950 471 2865630941421628562
HIT 3 2027249926246 472 10971834493533786913
HIT 3 2031544893542 473 6149177860653905841
HIT 3 2035839860838 474 3053234757643960944
HIT 3 2040134828134 475 3779279896664921475
HIT 3 2044429795430 476 3597609188193291621
HIT 3 2048724762726 477 7224720978133867966
HIT 3 2053019730022 478 9858646459034619601
HIT 3 2057314697318 479 15034492131012841682
HIT 3 2061609664614 480 8302763254516760221
HIT 3 2065904631910 481 12165440345350022536
HIT 3 2070199599206 482 12843088197331048100
HIT 3 2074494566502 483 18107278835544938356
HIT 3 2078789533798 484 15581711213261837430
HIT 3 2083084501094 485 17708308029793620732
HIT 3 2087379468390 486 7509232508982390408
HIT 3 2091674435686 487 13261715053484827429
HIT 3 2095969402982 488 12469114826004759989
HIT 3 2100264370278 489 13718351369684396718
HIT 3 2104559337574 490 6849829873189963097
HIT 3 2108854304870 491 4061085381059046997
HIT 3 2113149272166 492 16413722661533206064
HIT 3 2117444239462 493 18372728922827313255
HIT 3 2121739206758 494 13570732983301314687
HIT 3 2126034174054 495 10612634036270884574
HIT 3 2130329141350 496 1792295273555910503
HIT 3 2134624108646 497 1099664952322409605
HIT 3 2138919075942 498 16056606767913352330
HIT 3 2143214043238 499 10735463166133039208
HIT 3 2147509010534 500 3317658008027968560
HIT 3 2151803977830 501 3475145192694386062
HIT 3 2156098945126 502 12774671360821914779
HIT 3 2160393912422 503 4400848598292857686
HIT 3 2164688879718 504 10486243447605877524
HIT 3 2168983847014 505 1342623654997851676
HIT 3 2173278814310 506 3170177204814498595
HIT 3 2177573781606 507 11908456486847164957
HIT 3 2181868748902 508 4470783940903532184
HIT 3 2186163716198 509 13224712064549123670
HIT 3 2190458683494 510 17474212209726140814
HIT 3 2194753650790 511 12461215672095061901
HIT 3 1679357640806 391 18119860088704227192
HIT 3 1438833836136 335 7281503432941051767
HIT 3 1662172135528 387 13619032796186605503
HIT 3 1430244032616 333 6348026642336324518
HIT 3 1434538999912 334 7199422519833192535
HIT 3 1438833967208 335 6378159570496495556
HIT 3 1447423901800 337 14721462765696622502
HIT 3 1653582332008 385 2762886558176639596
HIT 3 1657877299304 386 11452169444601878594
HIT 3 1662172266600 387 9943788948364136466
HIT 3 1670762201192 389 15810431884225047437
HIT 3 1314279981160 306 7839695230309675133
HIT 3 1438834032744 335 6330045348591765260
HIT 3 1662172332136 387 18217052216631731649
HIT 3 1438834098280 335 2647594681830818298
HIT 3 1662172397672 387 7438853503911556247
HIT 3 1438833836135 335 16207018354183300743
HIT 3 1662172135527 387 9661596936815548570
HIT 3 1430244032615 333 16098417093216538509
HIT 3 1434538999911 334 1446343510805484347
HIT 3 1438833967207 335 7115204059693190111
HIT 3 1447423901799 337 18391871026771783188
HIT 3 1653582332007 385 7745362234115881448
HIT 3 1657877299303 386 11244250017442049347
HIT 3 1662172266599 387 10767650142000597769
HIT 3 1670762201191 389 17834958220028481810
HIT 3 1314279981159 306 15723186008075299872
HIT 3 1438834032743 335 16477183387819340055
HIT 3 1662172332135 387 16022404973414309898
HIT 3 1438834098279 335 11948258028959379584
HIT 3 1662172397671 387 11427322941103009073
HIT 3 1662174167144 387 12802867951272500717
HIT 3 1447425867880 337 11349937704099288660
HIT 3 1662174232680 387 2713146199431499045
HIT 3 1653584363624 385 1484490055368701773
HIT 3 1657879330920 386 9355118360161922746
HIT 3 1662174298216 387 12865364095245514022
HIT 3 1670764232808 389 5342334853121555166
HIT 3 1662174429288 387 9552171712423144199
HIT 3 1662174167143 387 12243179802741520470
HIT 3 1447425867879 337 8513747317843977720
HIT 3 1662174232679 387 11294452847063013207
HIT 3 1653584363623 385 8909070012979391125
HIT 3 1657879330919 386 10189116486476361758
HIT 3 1662174298215 387 12832005582130263713
HIT 3 1670764232807 389 10547404809052035394
HIT 3 1662174429287 387 14740546686789428060
HIT 3 1670767575143 389 8467588319808301080
HIT 3 1670767575144 389 13141683735622321041
HIT 3 1438833967209 335 16762553403431504243
HIT 3 1662172266601 387 9272919730339428500
HIT 3 1662174298217 387 6928467324640618698
HIT 3 1438833967210 335 16394118708589400103
HIT 3 1662172266602 387 4402103607310832130
HIT 3 1662174298218 387 17505438619069698641
HIT 3 1438833967211 335 11198893779623649786
HIT 3 1662172266603 387 130937005999196283
HIT 3 1438833967212 335 13437944387618889497
HIT 3 1662174298219 387 8316293750933586407
HIT 3 1662172266604 387 6465208918302849968
HIT 3 1662174298220 387 5585026837379669361
HIT 3 1438833967213 335 16046704119626034033
HIT 3 1662172266605 387 16533360929058520239
HIT 3 1662174298221 387 8149412680529589866
HIT 3 1438833967214 335 16985043567517260014
HIT 3 1662172266606 387 4236229721075784069
HIT 3 1662174298222 387 3701053101529919206
HIT 3 1438833967217 335 8117454398739546839
HIT 3 1662172266609 387 12634304732177868515
HIT 3 1438833967218 335 16416535782963790641
HIT 3 1662172266610 387 9078989092424799698
HIT 3 1662174298225 387 12486667570153646301
HIT 3 1662174298226 387 1116679399932909691
HIT 3 1438833967216 335 16193815635303794697
HIT 3 1662172266608 387 1940761086142408054
HIT 3 1438833967215 335 8430218890563038341
HIT 3 1662172266607 387 14924449681734822852
HIT 3 1662174298224 387 15341581739999939734
HIT 3 1662174298223 387 7206096097285172624
HIT 3 1438833967219 335 3884745455966229489
HIT 3 1662172266611 387 740997617356889190
HIT 3 1662174298227 387 3517876755950999510
HIT 3 1438833967220 335 1501283574808002126
HIT 3 1662172266612 387 10508901803042046595
HIT 3 1662174298228 387 11388703758729502287
HIT 3 1438833967221 335 9746769279746904568
HIT 3 1662172266613 387 17540023518935848280
HIT 3 1438833967222 335 8209396805248156178
HIT 3 1662172266614 387 6647303375553188024
HIT 3 1662174298229 387 14394641006817624001
HIT 3 1662174298230 387 6581840946259046351
HIT 3 1438833967223 335 12626262267306557210
HIT 3 1662172266615 387 1154360354492669605
HIT 3 1662174298231 387 2542737577608097833
HIT 3 1438833967224 335 5678944015218592647
HIT 3 1662172266616 387 15181734673674235614
HIT 3 1662174298232 387 12083364030744861322
HIT 3 1438833967226 335 8453199836528570904
HIT 3 1662172266618 387 11015538937963383632
HIT 3 1438833967225 335 3676508002063472452
HIT 3 1662172266617 387 11832270060445703945
HIT 3 1662174298234 387 726655736143861041
HIT 3 1662174298233 387 9148122484950328990
HIT 3 1438833967227 335 7802263647072119618
HIT 3 1662172266619 387 3880656388632493189
HIT 3 1662174298235 387 4936756257232489846
HIT 3 1438833967228 335 812098876122829147
HIT 3 1662172266620 387 4190315525532597334
HIT 3 1662174298236 387 11374411653807480793
HIT 3 1438833967229 335 9738977796709578256
HIT 3 1662172266621 387 9808710306100493806
HIT 3 1438833967230 335 14654440432550197650
HIT 3 1662172266622 387 5954489338913244670
HIT 3 1662174298237 387 315052082004170610
HIT 3 1662174298238 387 4426461762391699254
HIT 3 1438833967231 335 8166552682287058901
HIT 3 1662172266623 387 8001415908473879496
HIT 3 1662174298239 387 8297572778219736318
HIT 3 1438833967232 335 17201696444721863671
HIT 3 1662172266624 387 13618763036157170866
HIT 3 1662174298240 387 1011149665353692246
HIT 3 1438833967234 335 15815847069079409699
HIT 3 1662172266626 387 2076854877535948965
HIT 3 1662174298242 387 3465101538242175327
HIT 3 1438833967233 335 5857806296523253314
HIT 3 1662172266625 387 8824959229439253923
HIT 3 1662174298241 387 16306328680582553138
HIT 3 1438833967237 335 14766714622548310386
HIT 3 1662172266629 387 13030074599358946617
HIT 3 1662174298245 387 9164906204786855037
HIT 3 1438833967235 335 872067852496504367
HIT 3 1662172266627 387 15117393714886774170
HIT 3 1662174298243 387 3318575347558490653
HIT 3 1438833967236 335 4685960156247744825
HIT 3 1662172266628 387 2255055783393377006
HIT 3 1662174298244 387 13184842324087092047
HIT 3 1438833967239 335 2803443642280671777
HIT 3 1662172266631 387 16809128647389716187
HIT 3 1662174298247 387 3261811545943840604
HIT 3 1438833967238 335 16770536289930664527
HIT 3 1662172266630 387 218681193296994995
HIT 3 1662174298246 387 11867736738260435124
HIT 3 1438833967242 335 1710212874626473333
HIT 3 1662172266634 387 13240821105524978866
HIT 3 1662174298250 387 5370673100779576286
HIT 3 1438833967240 335 3890391983563254878
HIT 3 1662172266632 387 9547280303595304677
HIT 3 1438833967241 335 16543719283161507957
HIT 3 1662172266633 387 7039183121399989982
HIT 3 1662174298248 387 1506581527477571640
HIT 3 1438833967243 335 2559514892568716552
HIT 3 1662172266635 387 2433371010799244725
HIT 3 1662174298249 387 16755125336638438332
HIT 3 1438833967244 335 4160560588912434217
HIT 3 1662172266636 387 13108715907666663713
HIT 3 1662174298251 387 635107992924990417
HIT 3 1662174298252 387 9219091711936699793
HIT 3 1438833967246 335 16869088958918976397
HIT 3 1662172266638 387 11101133001947287100
HIT 3 1662174298254 387 315408111805700845
HIT 3 1438833967247 335 15019734610551125288
HIT 3 1662172266639 387 1583003352132143307
HIT 3 1662174298255 387 1153590195661407753
HIT 3 1438833967245 335 7421466015118290698
HIT 3 1662172266637 387 10936067331144682448
HIT 3 1662174298253 387 8631129641513251930
HIT 3 1438833967248 335 11341731228645468313
HIT 3 1662172266640 387 13528210524082245596
HIT 3 1662174298256 387 5357812783218135916
HIT 3 1438833967249 335 12351007424143730604
HIT 3 1662172266641 387 14883974132310063455
HIT 3 1662174298257 387 11132203435907735802
HIT 3 1438833967250 335 17000239909844087263
HIT 3 1662172266642 387 10723960260596730737
HIT 3 1662174298258 387 15886287435138822870
HIT 3 1438833967253 335 16885239953677806818
HIT 3 1662172266645 387 11982178020425849019
HIT 3 1662174298261 387 3817874609786704766
HIT 3 1438833967252 335 14728243896398775166
HIT 3 1662172266644 387 16451737517290469346
HIT 3 1438833967251 335 8187260415148903233
HIT 3 1662172266643 387 13701471334632717035
HIT 3 1662174298260 387 17954605336546889841
HIT 3 1662174298259 387 352946177024122653
HIT 3 1438833967254 335 3265285064331875161
HIT 3 1662172266646 387 6524649911369236055
HIT 3 1438833967255 335 17393884288554935985
HIT 3 1662172266647 387 13466106348363583214
HIT 3 1662174298262 387 3050074892294816941
HIT 3 1662174298263 387 15225520720179666321
HIT 3 1438833967256 335 1285886562477115167
HIT 3 1662172266648 387 3715482988116259879
HIT 3 1662174298264 387 5305626661744235265
HIT 3 1438833967257 335 1138472930662530726
HIT 3 1662172266649 387 4091080549564989481
HIT 3 1662174298265 387 2954566588950001094
HIT 3 1438833967258 335 2544423528212856484
HIT 3 1662172266650 387 12335653525041519990
HIT 3 1662174298266 387 4502909100788698758
HIT 3 1438833967259 335 11675990449999396180
HIT 3 1662172266651 387 15286733835277999456
HIT 3 1662174298267 387 14563572213728518129
HIT 3 1438833967260 335 979665824530988798
HIT 3 1662172266652 387 4890083388637877813
HIT 3 1662174298268 387 8676008105337675769
HIT 3 1438833967261 335 15644527771026317206
HIT 3 1662172266653 387 427336926040123858
HIT 3 1662174298269 387 13114976214264767195
HIT 3 1438833967263 335 17186942614797589595
HIT 3 1662172266655 387 3747548646129923712
HIT 3 1438833967262 335 3347701988695767950
HIT 3 1662172266654 387 6030573418885127780
HIT 3 1662174298271 387 3012324351512206456
HIT 3 1662174298270 387 13451580036469177782
HIT 3 1438833967264 335 3028394519809190448
HIT 3 1662172266656 387 18163669795320041913
HIT 3 1438833967265 335 3612973362333435328
HIT 3 1662172266657 387 5776562667040479598
HIT 3 1662174298272 387 12623106631010924671
HIT 3 1662174298273 387 16939123631596827450
HIT 3 1438833967266 335 7219832123220389872
HIT 3 1662172266658 387 9384370664499162505
HIT 3 1438833967267 335 10312513076657960650
HIT 3 1662172266659 387 14519202689669773600
HIT 3 1662174298274 387 5289636503967411711
HIT 3 1662174298275 387 13807790805455264049
HIT 3 1438833967268 335 2653270584304419475
HIT 3 1662172266660 387 6857468560197109666
HIT 3 1662174298276 387 16590258006365914404
HIT 3 1438833967269 335 16949452956235495703
HIT 3 1662172266661 387 1667827335654838590
HIT 3 1662174298277 387 4278305456782751868
HIT 3 1438833967271 335 12590080105972333383
HIT 3 1662172266663 387 3487628553832521849
HIT 3 1438833967270 335 18378288434174344289
HIT 3 1662172266662 387 296796447508053416
HIT 3 1662174298279 387 1350403984855105423
HIT 3 1662174298278 387 13102643053109546630
HIT 3 1438833967272 335 8781655375142686304
HIT 3 1662172266664 387 2137631692990976284
HIT 3 1662174298280 387 7940493228952698038
HIT 3 1438833967273 335 9098179018559238744
HIT 3 1662172266665 387 13449972182125182229
HIT 3 1662174298281 387 9186600128732592313
HIT 3 1438833967274 335 1940900249529933778
HIT 3 1438833967275 335 14471289800715033118
HIT 3 1662172266666 387 1932338014816569605
HIT 3 1662172266667 387 5909672058898605759
HIT 3 1662174298282 387 16089295493640393002
HIT 3 1662174298283 387 4161279719973794008
HIT 3 1438833967276 335 9304244995010376174
HIT 3 1662172266668 387 17612926995989662318
HIT 3 1662174298284 387 17791141486225903725
HIT 3 1438833967277 335 3746403440495541596
HIT 3 1662172266669 387 6114629113127199841
HIT 3 1662174298285 387 6433131349663568421
HIT 3 1438833967279 335 11067665535054779770
HIT 3 1662172266671 387 18037541336646819679
HIT 3 1438833967278 335 7997784619572086389
HIT 3 1662174298287 387 12903102814611976882
HIT 3 1662172266670 387 12693600934541546302
HIT 3 1662174298286 387 16633197031195918381
HIT 3 1438833967280 335 2980185194133539159
HIT 3 1662172266672 387 12086299665175444453
HIT 3 1438833967281 335 14350355536095810749
HIT 3 1662172266673 387 8383392154095776222
HIT 3 1662174298288 387 685062363062701343
HIT 3 1662174298289 387 18023143826734003718
HIT 3 1438833967283 335 12964243955637852954
HIT 3 1662172266675 387 1124530438508445581
HIT 3 1438833967282 335 8096523608982509432
HIT 3 1662172266674 387 9995046181617370369
HIT 3 1662174298291 387 889406028636266660
HIT 3 1662174298290 387 2342177585041344225
HIT 3 1438833967284 335 4333010621984687512
HIT 3 1662172266676 387 8327420872392515750
HIT 3 1662174298292 387 545152379720199912
HIT 3 1438833967285 335 4811712145811047819
HIT 3 1662172266677 387 3129293683645816546
HIT 3 1662174298293 387 3326237707956903529
HIT 3 1438833967286 335 17251831396056248546
HIT 3 1662172266678 387 10060941390160911848
HIT 3 1438833967287 335 15360209522043871767
HIT 3 1662172266679 387 6723635177453176208
HIT 3 1662174298294 387 10539674138553649333
HIT 3 1662174298295 387 14405024417625988935
HIT 3 1438833967288 335 9163380027610634414
HIT 3 1662172266680 387 4310017757973729903
HIT 3 1662174298296 387 8118306204292222912
HIT 3 1438833967289 335 8092420748952167735
HIT 3 1662172266681 387 12791317867391620805
HIT 3 1662174298297 387 926941567133873177
HIT 3 1438833967291 335 10863056826531596477
HIT 3 1662172266683 387 8217603136126085993
HIT 3 1438833967290 335 984119665946353445
HIT 3 1662172266682 387 18130031793116780562
HIT 3 1662174298299 387 14250921959112431158
HIT 3 1662174298298 387 9150948488634747373
HIT 3 1438833967292 335 1249013859650952098
HIT 3 1662172266684 387 2474274870390972074
HIT 3 1438833967293 335 635482315484128094
HIT 3 1662172266685 387 18153346343939926544
HIT 3 1662174298301 387 16239467229700191601
HIT 3 1438833967294 335 7780508189550510485
HIT 3 1662172266686 387 14518184604988313268
HIT 3 1662174298300 387 16752310169596562480
HIT 3 1662174298302 387 1130567423309646539
HIT 3 1438833967295 335 2294232594119717045
HIT 3 1662172266687 387 14660249152971998673
HIT 3 1662174298303 387 7342281925080052165
HIT 3 1438833967296 335 17608913973959430876
HIT 3 1662172266688 387 831413844278269547
HIT 3 1662174298304 387 13124893544491475328
HIT 3 1438833967297 335 11027582390107976082
HIT 3 1662172266689 387 13564514376235659212
HIT 3 1662174298305 387 15758345124402347995
HIT 3 1438833967298 335 9135382757912575622
HIT 3 1662172266690 387 4650975826755778128
HIT 3 1438833967299 335 10910053545874653222
HIT 3 1662172266691 387 13883224233153879733
HIT 3 1662174298306 387 11650424018575579014
HIT 3 1438833967300 335 11397757433464335720
HIT 3 1662172266692 387 18354250641338903237
HIT 3 1662174298307 387 14682657025301526521
HIT 3 1662174298308 387 1718120875162206314
HIT 3 1438833967301 335 2043276906460967678
HIT 3 1662172266693 387 2094790381627792487
HIT 3 1662174298309 387 16691022552441385004
HIT 3 1438833967302 335 6259887407127841084
HIT 3 1662172266694 387 4298499599258887565
HIT 3 1438833967303 335 16520066941968343445
HIT 3 1438833967304 335 3954905946286165740
HIT 3 1662172266695 387 17931141335287806766
HIT 3 1662172266696 387 17964187101729284841
HIT 3 1662174298310 387 3435666342743317863
HIT 3 1662174298312 387 6885529516003945042
HIT 3 1662174298311 387 1139714533660620939
HIT 3 1438833967305 335 9030419773903586046
HIT 3 1662172266697 387 18027777091702575859
HIT 3 1438833967306 335 1373370306959280256
HIT 3 1662172266698 387 10891485216451763357
HIT 3 1662174298313 387 3213638698160554062
HIT 3 1438833967307 335 4783572805759991552
HIT 3 1662172266699 387 15123526334255324498
HIT 3 1662174298314 387 16759404044798944766
HIT 3 1662174298315 387 3609153999211829955
HIT 3 1438833967308 335 14180059454551479336
HIT 3 1662172266700 387 13707612806824102919
HIT 3 1662174298316 387 7866214354779037777
HIT 3 1438833967311 335 7104891322818917119
HIT 3 1662172266703 387 15229871012877651492
HIT 3 1438833967309 335 3778637398204661276
HIT 3 1662172266701 387 5775917203894530773
HIT 3 1662174298319 387 2147818394233366168
HIT 3 1662174298317 387 16418136250065165315
HIT 3 1438833967310 335 8986999103298430489
HIT 3 1662172266702 387 12008273377506535727
HIT 3 1662174298318 387 5866454460285791075
HIT 3 1438833967312 335 9588569025716965378
HIT 3 1662172266704 387 17638819870943556507
HIT 3 1662174298320 387 3187401629733736694
HIT 3 1438833967313 335 4268023233882171231
HIT 3 1662172266705 387 11615707524949156073
HIT 3 1662174298321 387 6939907270828365794
HIT 3 1438833967314 335 2198951135164799755
HIT 3 1662172266706 387 12968004305230383805
HIT 3 1662174298322 387 6099160040428200134
HIT 3 1438833967316 335 9140681932240713688
HIT 3 1662172266708 387 18006499897173730314
HIT 3 1662174298324 387 9061435068005943181
HIT 3 1438833967317 335 4449312711017860584
HIT 3 1662172266709 387 12850931078858689177
HIT 3 1438833967315 335 198005689668753361
HIT 3 1662172266707 387 9252174365575409635
HIT 3 1662174298325 387 13916901980788943890
HIT 3 1662174298323 387 15959976794304458700
HIT 3 1438833967318 335 408066325378159486
HIT 3 1662172266710 387 5259303463752273889
HIT 3 1438833967319 335 4777640657644035742
HIT 3 1662172266711 387 9718658296417150100
HIT 3 1662174298326 387 14218493820112410445
HIT 3 1438833967320 335 13522766791836553635
HIT 3 1662172266712 387 9597596755980257118
HIT 3 1662174298327 387 2761807713580859122
HIT 3 1662174298328 387 14196111814794952132
HIT 3 1438833967321 335 3567656615669425665
HIT 3 1662172266713 387 941821573463982972
HIT 3 1662174298329 387 12114003863660535495
HIT 3 1438833967322 335 5141922852395315675
HIT 3 1662172266714 387 15632787034411311529
HIT 3 1662174298330 387 14748012677949512253
HIT 3 1438833967324 335 12116697493132250945
HIT 3 1662172266716 387 17830499458823372066
HIT 3 1438833967323 335 3108115814403650404
HIT 3 1662172266715 387 17674349692376091014
HIT 3 1662174298332 387 15433619229548230726
HIT 3 1662174298331 387 15749382885992011818
HIT 3 1438833967325 335 11427774023497377195
HIT 3 1662172266717 387 4252794798806406107
HIT 3 1662174298333 387 4247667714791603873
HIT 3 1438833967326 335 8647089675456375057
HIT 3 1662172266718 387 17490669459959096659
HIT 3 1662174298334 387 16936274536652348501
HIT 3 1438833967327 335 3868707549981902528
HIT 3 1662172266719 387 7881350613686825401
HIT 3 1662174298335 387 13907373868119429840
HIT 3 1438833967328 335 10217103581770821606
HIT 3 1662172266720 387 16599071242526630148
HIT 3 1438833967329 335 7250018627194202558
HIT 3 1662172266721 387 5825060609987514233
HIT 3 1662174298336 387 1245691094070878218
HIT 3 1662174298337 387 7295761627937427381
HIT 3 1438833967330 335 16678391119436182751
HIT 3 1662172266722 387 2015229323097946120
HIT 3 1662174298338 387 1250257659946414564
HIT 3 1438833967331 335 9908783307459490339
HIT 3 1662172266723 387 11013376744626362152
HIT 3 1662174298339 387 15286231079453207561
HIT 3 1438833967332 335 14055771337948392322
HIT 3 1662172266724 387 7574591862123994453
HIT 3 1438833967333 335 17660644610726144517
HIT 3 1662172266725 387 724165403863290999
HIT 3 1662174298340 387 2365765009094216505
HIT 3 1662174298341 387 5300742059305893722
HIT 3 1438833967334 335 17075896062981316840
HIT 3 1662172266726 387 11036722626623529984
HIT 3 1662174298342 387 6867387926521210251
HIT 3 1438833967335 335 2718076196415707544
HIT 3 1662172266727 387 9194253223586935601
HIT 3 1662174298343 387 5670005169342246063
HIT 3 1438833967337 335 9768954290307858537
HIT 3 1662172266729 387 240077445830814501
HIT 3 1438833967336 335 2034330418008449063
HIT 3 1662172266728 387 12331584911453962949
HIT 3 1662174298344 387 1931116496703114119
HIT 3 1438833967338 335 18138689458525713262
HIT 3 1662172266730 387 14724012857125733996
HIT 3 1662174298345 387 15221498749076882437
HIT 3 1662174298346 387 9858966139497071776
HIT 3 1438833967339 335 877267980005751652
HIT 3 1662172266731 387 7651216113123505964
HIT 3 1438833967340 335 2013766068602405198
HIT 3 1662172266732 387 10872300827573950220
HIT 3 1662174298348 387 3279173720047864238
HIT 3 1438833967341 335 4544481938069901950
HIT 3 1662172266733 387 14132979692083585398
HIT 3 1662174298347 387 17421748504768266994
HIT 3 1662174298349 387 7580017617581020526
HIT 3 1438833967342 335 14875019562867813701
HIT 3 1662172266734 387 14498653756445280183
HIT 3 1662174298350 387 15011468852008295743
HIT 3 1438833967343 335 8913768752121541172
HIT 3 1662172266735 387 2056261597671958518
HIT 3 1438833967344 335 13763056360018434636
HIT 3 1662172266736 387 9458613291914187315
HIT 3 1438833967345 335 13814631258508213849
HIT 3 1662172266737 387 17518981150211615041
HIT 3 1662174298351 387 15944139975817352548
HIT 3 1662174298353 387 2957358382072820473
HIT 3 1662174298352 387 1432956995908400431
HIT 3 1438833967346 335 4552718477146865902
HIT 3 1662172266738 387 17198673575499107318
HIT 3 1438833967347 335 7698785750425191412
HIT 3 1662172266739 387 242808467144451869
HIT 3 1662174298354 387 6852296862529403855
HIT 3 1662174298355 387 12693152692752254208
HIT 3 1438833967348 335 11840252027476892655
HIT 3 1662172266740 387 10776186340546025828
HIT 3 1662174298356 387 10941763357794948810
HIT 3 1438833967349 335 6702885456357843753
HIT 3 1662172266741 387 16101674554031394879
HIT 3 1662174298357 387 7905704378057003105
HIT 3 1438833967350 335 3781106621102177513
HIT 3 1662172266742 387 15380246603917887864
HIT 3 1662174298358 387 9906974386760109380
HIT 3 1438833967351 335 9912325047374260156
HIT 3 1662172266743 387 14070315680370510115
HIT 3 1662174298359 387 3553038575177776637
HIT 3 1438833967352 335 7923751253471434739
HIT 3 1662172266744 387 6432125702667195016
HIT 3 1438833967353 335 3994638062424674563
HIT 3 1662172266745 387 10055276078252694983
HIT 3 1662174298361 387 6497702480192353958
HIT 3 1662174298360 387 17351562048732151231
HIT 3 1438833967354 335 392048990260818453
HIT 3 1662172266746 387 11932255739790359742
HIT 3 1438833967355 335 13336851394956954601
HIT 3 1662172266747 387 12212843989575216645
HIT 3 1662174298362 387 8012143372858623343
HIT 3 1662174298363 387 15981021680628478159
HIT 3 1438833967356 335 1625870286802304776
HIT 3 1662172266748 387 804969968999611891
HIT 3 1662174298364 387 13667836318945118979
HIT 3 1438833967357 335 12640865737090726896
HIT 3 1662172266749 387 2196608636048253974
HIT 3 1662174298365 387 7431624584732614777
HIT 3 1438833967358 335 12942462176148355008
HIT 3 1662172266750 387 15104999287734882991
HIT 3 1438833967359 335 17632607972038119890
HIT 3 1662172266751 387 1340472721319494484
HIT 3 1662174298366 387 7269377372867797336
HIT 3 1438833967360 335 2665387361078363649
HIT 3 1662172266752 387 18423937124641856051
HIT 3 1662174298367 387 1867991540566751177
HIT 3 1438833967361 335 16148847845663393667
HIT 3 1662172266753 387 13137495584408499051
HIT 3 1662174298368 387 3883810916303628725
HIT 3 1662174298369 387 6097972923383851806
HIT 3 1438833967362 335 8812666557221679429
HIT 3 1662172266754 387 16377570924325317842
HIT 3 1438833967363 335 10242280659615171971
HIT 3 1662172266755 387 17613988995897665770
HIT 3 1662174298370 387 15038779783342777637
HIT 3 1662174298371 387 5390441078806041630
HIT 3 1438833967364 335 11322142490909095377
HIT 3 1662172266756 387 17651991147470784174
HIT 3 1662174298372 387 8153972577285553299
HIT 3 1438833967366 335 3759508190412970603
HIT 3 1662172266758 387 16387336374684066578
HIT 3 1438833967365 335 3756124295856755485
HIT 3 1662172266757 387 13555069944998932883
HIT 3 1438833967367 335 11331152077327986451
HIT 3 1662172266759 387 9575941065256010786
HIT 3 1662174298374 387 14185647345084054207
HIT 3 1662174298375 387 10147251267502907970
HIT 3 1662174298373 387 15360322097944968819
HIT 3 1438833967368 335 15384224222397094804
HIT 3 1662172266760 387 2270101717699020556
HIT 3 1662174298376 387 18246612326808468912
HIT 3 1438833967369 335 8182499261737408746
HIT 3 1662172266761 387 12538317106733366167
HIT 3 1438833967370 335 3955553475888774431
HIT 3 1662172266762 387 16982672384010902064
HIT 3 1662174298378 387 18431288701788648657
HIT 3 1662174298377 387 13733239359432179771
HIT 3 1438833967371 335 16254349124848265307
HIT 3 1662172266763 387 1122357964751972196
HIT 3 1662174298379 387 1525356467238163289
HIT 3 1438833967372 335 12952438603457125882
HIT 3 1662172266764 387 9299766530418907384
HIT 3 1438833967373 335 13391029305786610791
HIT 3 1662172266765 387 2060385348857899680
HIT 3 1662174298380 387 3573204349701483067
HIT 3 1662174298381 387 14399682094396780820
HIT 3 1438833967374 335 8885273192218910295
HIT 3 1662172266766 387 3707236573991318365
HIT 3 1438833967376 335 11328345662972096230
HIT 3 1662172266768 387 8894912299926249180
HIT 3 1438833967375 335 13218307604360956305
HIT 3 1662172266767 387 14652538022503415459
HIT 3 1662174298382 387 6296550027276589422
HIT 3 1662174298384 387 4505375253322999368
HIT 3 1662174298383 387 15141005028335734978
HIT 3 1438833967377 335 1062834672261086116
HIT 3 1662172266769 387 12273208951819618846
HIT 3 1662174298385 387 4735834889662659296
HIT 3 1438833967378 335 15486602052404229129
HIT 3 1662172266770 387 12838251386433331142
HIT 3 1438833967379 335 11229864643213385392
HIT 3 1662172266771 387 615305264323085438
HIT 3 1662174298386 387 15747743406813197988
HIT 3 1662174298387 387 1953620149620187071
HIT 3 1438833967380 335 2471216363795177729
HIT 3 1662172266772 387 3217793695892638290
HIT 3 1438833967381 335 8473739288016197723
HIT 3 1662172266773 387 13491268057774072458
