HIT 1 135 135 9312279564520934849
HIT 1 173 173 12393816956867958469
HIT 1 231 231 10459251497298200580
HIT 1 287 287 14984394956079156997
HIT 1 431 431 9191655935772654574
DONE data/p_drep.txt sz=1 range=[0,512) n=512 zero=0 0.0s
HIT 2 11337861 173 10990525130922215970
HIT 2 15138949 231 13333291745294947805
HIT 2 18808965 287 11824305065465536721
HIT 2 28246149 431 10050447690162653133
HIT 2 8978566 137 9312279564520934849
HIT 2 11206791 171 10971935093224147456
HIT 2 11272327 172 3515648658947191214
HIT 2 11337863 173 15290883604682686917
HIT 2 11468935 175 18002151303370110744
HIT 2 11337862 173 3946713306299015429
HIT 2 15007879 229 15745253368168624688
HIT 2 15073415 230 12279678280149525753
HIT 2 15138951 231 18124528428770869242
HIT 2 15270023 233 79059255116708207
HIT 2 15138950 231 12311317836585105924
HIT 2 18677895 285 13647069656511149949
HIT 2 18743431 286 15710740744715665967
HIT 2 18808967 287 16678022877645061196
HIT 2 18940039 289 14514869208128741214
HIT 2 18808966 287 14807594839116415589
HIT 2 28115079 429 95630865727438004
HIT 2 28180615 430 13395080864368137263
HIT 2 28246151 431 16373867921995753381
HIT 2 28377223 433 6205190895206205936
HIT 2 28246150 431 10405421827847096165
HIT 2 11337865 173 5937960422375776649
HIT 2 15138953 231 9651544194587568002
HIT 2 18808969 287 14316552172197164292
HIT 2 28246153 431 11911025846579399187
HIT 2 15138987 231 1553617481204427959
HIT 2 18809003 287 5055426200170688032
HIT 2 28246187 431 7681135309701734609
HIT 2 11468972 175 12393816956867958469
HIT 2 15138988 231 16496915427700918441
HIT 2 18809004 287 4543115481098778781
HIT 2 28246188 431 7853258714429818203
HIT 2 15007917 229 302363029355791651
HIT 2 15073453 230 3360641156278411738
HIT 2 15138989 231 3594773128523499742
HIT 2 15270061 233 14665282594457497554
HIT 2 18677933 285 6755489982506166193
HIT 2 18743469 286 4236627740087650014
HIT 2 18809005 287 4358947267087473084
HIT 2 18940077 289 14244752459980560813
HIT 2 15138991 231 12970013943419540226
HIT 2 18809007 287 5392283874839542789
HIT 2 28246191 431 6245904104547149154
HIT 2 28115117 429 5189084454415499297
HIT 2 28180653 430 5691535140623125112
HIT 2 28246189 431 2490560762561448137
HIT 2 28377261 433 5082856368093125939
HIT 2 18809061 287 1049231459981522686
HIT 2 18677991 285 13003164409386478934
HIT 2 18743527 286 14198031959417364274
HIT 2 18809063 287 13786091780966619141
HIT 2 18940135 289 6808730188830896837
HIT 2 28115175 429 9524297762212087813
HIT 2 28180711 430 2733497774098107919
HIT 2 28246247 431 3590951411321178979
HIT 2 28377319 433 9781511846504643168
HIT 2 15270118 233 10459251497298200580
HIT 2 18809065 287 11830022098368866355
HIT 2 18809062 287 3927173179325125175
HIT 2 28246249 431 17620194314553367230
HIT 2 28246246 431 12914581137272046521
HIT 2 28246245 431 3641443457816944735
HIT 2 28246301 431 12727182602135753314
HIT 2 18940190 289 14984394956079156997
HIT 2 28115231 429 317717398570009783
HIT 2 28246302 431 9031830305187876202
HIT 2 28180767 430 651507013206562994
HIT 2 28246303 431 11898693559292014098
HIT 2 28377375 433 8248208959817482633
HIT 2 28246305 431 13534398643178859085
HIT 2 28377518 433 9191655935772654574
DONE data/p_drep.txt sz=2 range=[0,512) n=130560 zero=0 0.4s
HIT 3 743038189570 173 1184744192141170151
HIT 3 992146292738 231 10359024506787159625
HIT 3 1232664461314 287 4955563036627550941
HIT 3 1851139751938 431 12203031366502619065
HIT 3 743038189568 173 16431889856403397424
HIT 3 992146292736 231 5680488099365081827
HIT 3 1232664461312 287 12431791122967619192
HIT 3 1851139751936 431 14113154661456071234
HIT 3 743038189569 173 74748370252041532
HIT 3 992146292737 231 18046116989899043786
HIT 3 1232664461313 287 18195825068661316110
HIT 3 1851139751937 431 15865320637191722773
HIT 3 992148783104 231 18211870414703776847
HIT 3 1232666951680 287 12503992567895116972
HIT 3 1851142242304 431 9859944909518113130
HIT 3 992148783106 231 376520209431967358
HIT 3 1232666951682 287 11489946625489317909
HIT 3 1851142242306 431 11413228188932133423
HIT 3 743038189571 173 12853552109267213716
HIT 3 992146292739 231 3757062076163558118
HIT 3 1232664461315 287 2354950925730779685
HIT 3 1851139751939 431 16795242072911855425
HIT 3 1232670752768 287 11890645873551688816
HIT 3 1851146043392 431 12310039157509157365
HIT 3 992148783107 231 1814671467614935210
HIT 3 1232666951683 287 18144737564831574621
HIT 3 1851142242307 431 5091649727321650755
HIT 3 1232670752770 287 1700286703640795990
HIT 3 1851146043394 431 3156700231920450275
HIT 3 992148783105 231 5951013448230490192
HIT 3 1232666951681 287 5690760086376652587
HIT 3 1851142242305 431 11721531390559987053
HIT 3 1851149713408 431 7215518200656103807
HIT 3 1851149713410 431 14144767561871818730
HIT 3 1232670752769 287 5463044253768563413
HIT 3 1851146043393 431 9540150721720168113
HIT 3 1232670752771 287 16478919233325311217
HIT 3 1851146043395 431 4076034395676923853
HIT 3 1851149713409 431 15615470944288056409
HIT 3 1851149713411 431 7446395230892680747
HIT 3 743038189572 173 16910370211455365370
HIT 3 992146292740 231 10721449362083328032
HIT 3 1232664461316 287 13816544986687389022
HIT 3 1851139751940 431 13594880807800303403
HIT 3 743038189573 173 197953221026425585
HIT 3 992146292741 231 13846587907351613771
HIT 3 1232664461317 287 6648728194530926276
HIT 3 1851139751941 431 4173195503767230258
HIT 3 992148783108 231 7064301171473535989
HIT 3 1232666951684 287 1982908241610204801
HIT 3 1851142242308 431 12867188258361243564
HIT 3 992148783109 231 11704494872891223974
HIT 3 1232666951685 287 5793734934311583426
HIT 3 1851142242309 431 15937315366221818271
HIT 3 1232670752772 287 12726883160793193904
HIT 3 1851146043396 431 1328346510948501566
HIT 3 743038189575 173 937761393557288461
HIT 3 992146292743 231 3894302240717494607
HIT 3 1232664461319 287 14297901575860406193
HIT 3 1851139751943 431 3728280536471965953
HIT 3 1232670752773 287 9379457668454171356
HIT 3 1851146043397 431 17756337638212345846
HIT 3 743038189574 173 17644396493749957306
HIT 3 992146292742 231 1147053304238454107
HIT 3 1232664461318 287 7619716367799746264
HIT 3 1851139751942 431 1811945752875336280
HIT 3 992148783111 231 11999890269156868892
HIT 3 1232666951687 287 7934833062630029936
HIT 3 1851142242311 431 1560051138498131139
HIT 3 1851149713412 431 1934726985702494357
HIT 3 992148783110 231 12853534373055868806
HIT 3 1232666951686 287 4991383743884148532
HIT 3 1851149713413 431 14812484184794785146
HIT 3 1851142242310 431 10440707799100120540
HIT 3 1232670752775 287 6942851985807461714
HIT 3 1851146043399 431 11946527506172433532
HIT 3 1232670752774 287 17667429781617468652
HIT 3 1851146043398 431 2043237564083708665
HIT 3 1851149713415 431 3046600433253265077
HIT 3 1851149713414 431 9945568663156884201
HIT 3 743038189577 173 133254824660288262
HIT 3 992146292745 231 9974031495369209986
HIT 3 1232664461321 287 14254235800961649792
HIT 3 1851139751945 431 17233613244141231434
HIT 3 992148783113 231 12001935829213510936
HIT 3 1232666951689 287 13223925071087433613
HIT 3 1851142242313 431 9388939693881190477
HIT 3 743038189576 173 5779340286460180180
HIT 3 992146292744 231 12575765180059877432
HIT 3 1232664461320 287 3848555853723029275
HIT 3 1851139751944 431 6068920083425374714
HIT 3 1232670752777 287 446061213325891169
HIT 3 1851146043401 431 12383794056854662255
HIT 3 992148783112 231 969008212018752044
HIT 3 1232666951688 287 14238615629284075996
HIT 3 1851142242312 431 4532268270552621529
HIT 3 1851149713417 431 14173352010283602865
HIT 3 743038189578 173 12042075946518798178
HIT 3 992146292746 231 11006399020396384536
HIT 3 1232664461322 287 10440159333650899518
HIT 3 1851139751946 431 6856104997670759995
HIT 3 1232670752776 287 6545831630167770647
HIT 3 1851146043400 431 15166894440028025832
HIT 3 992148783114 231 16569050719239904039
HIT 3 1232666951690 287 1337445476587100452
HIT 3 1851142242314 431 12259664580736826533
HIT 3 743038189579 173 12849656162986859798
HIT 3 992146292747 231 814067119450553431
HIT 3 1232664461323 287 8478555810885719229
HIT 3 1851139751947 431 16518348333096724155
HIT 3 1851149713416 431 766286793981231088
HIT 3 1232670752778 287 1221602093156787141
HIT 3 1851146043402 431 10048709569941123824
HIT 3 992148783115 231 3669021844510458257
HIT 3 1232666951691 287 1296977183767656709
HIT 3 1851142242315 431 4586607987992681627
HIT 3 1851149713418 431 2732831807926337293
HIT 3 1232670752779 287 2912657488742776857
HIT 3 1851146043403 431 5702235331106317548
HIT 3 1851149713419 431 2561106255696392120
HIT 3 743038189580 173 2753527272030990169
HIT 3 992146292748 231 14449337076627640258
HIT 3 1232664461324 287 17949598678110778290
HIT 3 1851139751948 431 4590815479982806814
HIT 3 992148783116 231 17285761986723837009
HIT 3 1232666951692 287 1868180810935395488
HIT 3 1851142242316 431 8015359497537661273
HIT 3 1232670752780 287 12046044475152183249
HIT 3 1851146043404 431 13674743407625736407
HIT 3 743038189581 173 8777776555297201756
HIT 3 992146292749 231 7503804707131477117
HIT 3 1232664461325 287 11277542165800918435
HIT 3 1851139751949 431 927851347006201089
HIT 3 1851149713420 431 15225671066534362279
HIT 3 992148783117 231 6062767138107401670
HIT 3 1232666951693 287 16444004885323842199
HIT 3 1851142242317 431 14683518396800328235
HIT 3 743038189582 173 9290769643813822639
HIT 3 992146292750 231 780452397403138755
HIT 3 1232664461326 287 12151756825314508852
HIT 3 1851139751950 431 6230786162194813339
HIT 3 992148783118 231 8904053135778924318
HIT 3 1232666951694 287 862871940808386851
HIT 3 1851142242318 431 9037802183794296223
HIT 3 1232670752781 287 7851845728955937690
HIT 3 1851146043405 431 18270061933553404316
HIT 3 743038189583 173 8086568500771395296
HIT 3 992146292751 231 6849622180376145359
HIT 3 1232664461327 287 17287636072070282311
HIT 3 1851139751951 431 8196421039343182958
HIT 3 992148783119 231 5365446513352918356
HIT 3 1232666951695 287 18189521154208581538
HIT 3 1851142242319 431 10934288949665393032
HIT 3 1232670752782 287 17247139588274472222
HIT 3 1851146043406 431 11734296549150280280
HIT 3 1851149713421 431 16052950865810368068
HIT 3 1232670752783 287 9845409692195276753
HIT 3 1851146043407 431 12537199839587239350
HIT 3 1851149713422 431 9983795864722505552
HIT 3 743038189584 173 12091625786119693404
HIT 3 992146292752 231 12359870620603471298
HIT 3 1232664461328 287 14231236219353550004
HIT 3 1851149713423 431 15578277043490284498
HIT 3 1851139751952 431 978020613010284399
HIT 3 992148783120 231 15780454215802106502
HIT 3 1232666951696 287 16792162380052075858
HIT 3 1851142242320 431 3221187390345945480
HIT 3 1232670752784 287 6133924465309793006
HIT 3 1851146043408 431 5937295243469088944
HIT 3 1851149713424 431 6495942753153488359
HIT 3 743038189585 173 14698528458553967233
HIT 3 992146292753 231 14936879611313868393
HIT 3 1232664461329 287 10971435390104052097
HIT 3 1851139751953 431 1040702828873824184
HIT 3 992148783121 231 11846209631864779707
HIT 3 1232666951697 287 5550603056320151047
HIT 3 1851142242321 431 4910148192088031819
HIT 3 1232670752785 287 15594825891841177531
HIT 3 1851146043409 431 15280398413702851278
HIT 3 743038189587 173 1717645612003925630
HIT 3 992146292755 231 12447512877112007968
HIT 3 1232664461331 287 2179639668583484872
HIT 3 1851139751955 431 787168040836741769
HIT 3 743038189586 173 15556655405386485684
HIT 3 992146292754 231 13629543516657006134
HIT 3 1232664461330 287 9327817443143090232
HIT 3 1851139751954 431 8770271364654747148
HIT 3 1851149713425 431 4714164435275945713
HIT 3 992148783123 231 10276805620358663487
HIT 3 1232666951699 287 13124368190328732205
HIT 3 1851142242323 431 13303325031758696717
HIT 3 992148783122 231 11870191863203737288
HIT 3 1232666951698 287 16786929186106360087
HIT 3 1851142242322 431 15013304923634761192
HIT 3 1232670752787 287 14268408074323093360
HIT 3 1851146043411 431 10574120477599171796
HIT 3 1232670752786 287 16925434102417366558
HIT 3 1851146043410 431 17674511319095078509
HIT 3 743038189588 173 16277715152482973826
HIT 3 992146292756 231 13770574909928502328
HIT 3 1232664461332 287 13800316397616938982
HIT 3 1851139751956 431 1402760248860791180
HIT 3 1851149713427 431 4424426731514264052
HIT 3 1851149713426 431 11889915297058525013
HIT 3 992148783124 231 14313635067342098851
HIT 3 1232666951700 287 10257758136013117727
HIT 3 1851142242324 431 2484399532916429138
HIT 3 1232670752788 287 8932826548971877269
HIT 3 1851146043412 431 949785220253249261
HIT 3 743038189589 173 18299945882033923793
HIT 3 992146292757 231 1355940649602440629
HIT 3 1232664461333 287 6256107206700820114
HIT 3 1851139751957 431 1700679840430072980
HIT 3 1851149713428 431 3732883062358439516
HIT 3 992148783125 231 1588897375141500062
HIT 3 1232666951701 287 5838001221459649884
HIT 3 1851142242325 431 17986616938427604240
HIT 3 1232670752789 287 7961803153464472655
HIT 3 1851146043413 431 9902454581259736820
HIT 3 743038189590 173 12617990923648536122
HIT 3 992146292758 231 16842196439076960059
HIT 3 1232664461334 287 4030718730144152746
HIT 3 1851139751958 431 1612391511417082343
HIT 3 743038189591 173 18138693743963939477
HIT 3 992146292759 231 189626638804333406
HIT 3 1232664461335 287 12250685438866535380
HIT 3 1851139751959 431 3062544668801561695
HIT 3 1851149713429 431 14019964003854070052
HIT 3 992148783126 231 1162513449443981915
HIT 3 1232666951702 287 5616120981537354179
HIT 3 1851142242326 431 18365298860142943284
HIT 3 992148783127 231 5141068894818682286
HIT 3 1232666951703 287 141975860802127759
HIT 3 1851142242327 431 5726316905994809123
HIT 3 1232670752790 287 2646376130914510435
HIT 3 1851146043414 431 8775731245626875259
HIT 3 1232670752791 287 13154417047567255427
HIT 3 1851146043415 431 16893675140996251686
HIT 3 743038189592 173 5004025164060822839
HIT 3 992146292760 231 7786558207787677915
HIT 3 1232664461336 287 4663469430855499646
HIT 3 1851139751960 431 5502266794844338187
HIT 3 1851149713431 431 9019413975199520526
HIT 3 992148783128 231 177913670477062570
HIT 3 1232666951704 287 14443192212119218375
HIT 3 1851142242328 431 405547355629985844
HIT 3 1851149713430 431 15613144957080199546
HIT 3 1232670752792 287 6884575299653969813
HIT 3 1851146043416 431 5462728911994945601
HIT 3 1851149713432 431 7345608119247654121
HIT 3 743038189593 173 7335394615649733731
HIT 3 992146292761 231 5065599421143738641
HIT 3 1232664461337 287 2610729230015467561
HIT 3 1851139751961 431 11642623931573632661
HIT 3 743038189594 173 13549325765416025117
HIT 3 992146292762 231 13005224647032885560
HIT 3 1232664461338 287 9439030686906826141
HIT 3 1851139751962 431 12439360809585840687
HIT 3 992148783129 231 5176896198622042647
HIT 3 1232666951705 287 10464409838946023045
HIT 3 1851142242329 431 17997799938732453549
HIT 3 992148783130 231 3201313402095126066
HIT 3 1232666951706 287 8644129274195755190
HIT 3 1851142242330 431 6289933763477039393
HIT 3 1232670752793 287 10940700026204507804
HIT 3 1851146043417 431 6499627182277836625
HIT 3 743038189595 173 6939814480777987491
HIT 3 992146292763 231 9815711384882760893
HIT 3 1232664461339 287 1141558264437507096
HIT 3 1851139751963 431 17947302097914677635
HIT 3 1232670752794 287 8020306053627910432
HIT 3 1851146043418 431 433255392216924542
HIT 3 743038189596 173 8031930652125114194
HIT 3 992146292764 231 3114427563558419741
HIT 3 1232664461340 287 14752435233824197920
HIT 3 1851139751964 431 3416354848808530447
HIT 3 992148783131 231 12327160676893256208
HIT 3 1232666951707 287 9924474222549006626
HIT 3 1851142242331 431 1383130221885279414
HIT 3 1851149713433 431 395227134173567209
HIT 3 992148783132 231 13344949215253800258
HIT 3 1232666951708 287 8856722914990324997
HIT 3 1851142242332 431 14446921346150467713
HIT 3 1851149713434 431 11096011533747895797
HIT 3 1232670752795 287 12696077423443066742
HIT 3 1851146043419 431 6159618295028493249
HIT 3 1232670752796 287 17298598101109981995
HIT 3 1851146043420 431 641389563974963686
HIT 3 1851149713435 431 11297750583188232900
HIT 3 1851149713436 431 16445343373623001212
HIT 3 743038189597 173 3829780451751024872
HIT 3 992146292765 231 17034452885465557805
HIT 3 1232664461341 287 15248006916095949868
HIT 3 1851139751965 431 4329895809244172220
HIT 3 743038189598 173 594739105204245391
HIT 3 992146292766 231 1152576281212280936
HIT 3 1232664461342 287 14428248613462344541
HIT 3 1851139751966 431 2100478538160901387
HIT 3 992148783133 231 4911140735450732554
HIT 3 1232666951709 287 3709244500914189970
HIT 3 1851142242333 431 5851083875676991707
HIT 3 992148783134 231 11970726871202605383
HIT 3 1232666951710 287 10068599579868081421
HIT 3 1851142242334 431 16629636128973407166
HIT 3 743038189599 173 10001846194566617293
HIT 3 992146292767 231 11430634166942398794
HIT 3 1232664461343 287 12762278268028639470
HIT 3 1851139751967 431 16259157646439312926
HIT 3 1232670752797 287 13775400528952655106
HIT 3 1851146043421 431 8502570639228222200
HIT 3 743038189600 173 1249588273101819076
HIT 3 992146292768 231 8751505374694672191
HIT 3 1232664461344 287 4607340738807872821
HIT 3 1851139751968 431 1066481688881348815
HIT 3 1232670752798 287 1908012308706675357
HIT 3 1851146043422 431 2418636112430130555
HIT 3 992148783135 231 11290495535381047769
HIT 3 1232666951711 287 16463735382765320325
HIT 3 1851142242335 431 3383492641540278116
HIT 3 1851149713437 431 13902711212988665210
HIT 3 992148783136 231 13278621670753910543
HIT 3 1232666951712 287 15935354730785718437
HIT 3 1851142242336 431 12215737146911829182
HIT 3 1851149713438 431 3054999967698897732
HIT 3 1232670752799 287 16901730979089319021
HIT 3 1851146043423 431 10386434571260669058
HIT 3 1232670752800 287 6957211073774871846
HIT 3 1851146043424 431 16304730179988365204
HIT 3 1851149713439 431 3594467324874022482
HIT 3 1851149713440 431 5091728393519830099
HIT 3 743038189602 173 4899410191293919234
HIT 3 992146292770 231 18145630215913699415
HIT 3 1232664461346 287 3314752399039596057
HIT 3 1851139751970 431 3330815565833009970
HIT 3 743038189601 173 11919959043530594537
HIT 3 992146292769 231 15693306285908899469
HIT 3 1232664461345 287 17517372041002308390
HIT 3 1851139751969 431 2679523081767677965
HIT 3 992148783138 231 16359521747280983897
HIT 3 1232666951714 287 7859950681504784431
HIT 3 1851142242338 431 5395715178480788236
HIT 3 992148783137 231 11414696094515760713
HIT 3 1232666951713 287 15033970309563909766
HIT 3 1851142242337 431 7124569689780394020
HIT 3 743038189603 173 2799562824160781387
HIT 3 992146292771 231 7797952319469566310
HIT 3 1232664461347 287 404684932311775703
HIT 3 1851139751971 431 9929945272212553696
HIT 3 1232670752802 287 15979792027062234084
HIT 3 1851146043426 431 6686518749431884277
HIT 3 743038189604 173 6396712755324802619
HIT 3 992146292772 231 17998982386125269808
HIT 3 1232664461348 287 8369623034064831376
HIT 3 1851139751972 431 7271493718345305706
HIT 3 992148783139 231 767383354868033850
HIT 3 1232666951715 287 16790812708096977209
HIT 3 1851142242339 431 13473850209751029218
HIT 3 992148783140 231 16739583342503072058
HIT 3 1232666951716 287 2178668660764505610
HIT 3 1851142242340 431 12425791682549454371
HIT 3 1851149713442 431 18321316350812297106
HIT 3 1232670752801 287 10648515963404879933
HIT 3 1851146043425 431 4091136398325606597
HIT 3 1232670752803 287 9320660818159746814
HIT 3 1851146043427 431 10995240635222199855
HIT 3 1851149713441 431 13133495983068141625
HIT 3 1232670752804 287 16999283884671165334
HIT 3 1851146043428 431 563416970916772987
HIT 3 1851149713443 431 12776882328970379591
HIT 3 1851149713444 431 13407994123897396242
HIT 3 743038189605 173 85797862416940089
HIT 3 992146292773 231 15336709624982455512
HIT 3 1232664461349 287 9573670965477814535
HIT 3 1851139751973 431 1088105466169040480
HIT 3 992148783141 231 5023504234062521617
HIT 3 1232666951717 287 15736528477229778227
HIT 3 1851142242341 431 11829892925440837439
HIT 3 743038189606 173 4761545413768701917
HIT 3 992146292774 231 7951360356469752357
HIT 3 1232664461350 287 1721357369575425501
HIT 3 1851139751974 431 2211453469652174683
HIT 3 743038189607 173 7247694605266866614
HIT 3 992146292775 231 962419525670657998
HIT 3 1232664461351 287 12823507150880173689
HIT 3 1851139751975 431 4756651463027845193
HIT 3 1232670752805 287 18077055053750421149
HIT 3 1851146043429 431 4390144439180313757
HIT 3 992148783142 231 2299215038160214186
HIT 3 1232666951718 287 726333022583787089
HIT 3 743038189608 173 14085374802794816186
HIT 3 992146292776 231 17836193041066729412
HIT 3 1232664461352 287 18376516881200050848
HIT 3 1851139751976 431 15851166766420205823
HIT 3 1851142242342 431 16016919975546586580
HIT 3 992148783143 231 11676922221463175355
HIT 3 1232666951719 287 11229010731282371922
HIT 3 1851142242343 431 9267616753274802829
HIT 3 992148783144 231 16688757890450332135
HIT 3 1232666951720 287 4119966765748338032
HIT 3 1851142242344 431 1885232786952212526
HIT 3 1851149713445 431 177655335894813516
HIT 3 1232670752806 287 15147232355578105373
HIT 3 1851146043430 431 1952781309356195976
HIT 3 1232670752807 287 162774515010308199
HIT 3 1851146043431 431 9554674047366893622
HIT 3 1232670752808 287 9416228744339131275
HIT 3 1851146043432 431 13983503169918611601
HIT 3 1851149713446 431 6886949433996525667
HIT 3 1851149713447 431 686744703345463588
HIT 3 1851149713448 431 15488732974865681387
HIT 3 743038189609 173 9967443225854576903
HIT 3 992146292777 231 14079791872437420227
HIT 3 1232664461353 287 4944005087995684154
HIT 3 1851139751977 431 13656561563384810795
HIT 3 743038189610 173 14160566335508594511
HIT 3 992146292778 231 7501602043750933583
HIT 3 1232664461354 287 16800095572911181337
HIT 3 1851139751978 431 8041599721810237066
HIT 3 992148783145 231 17897656921651680890
HIT 3 1232666951721 287 13258986950441860112
HIT 3 1851142242345 431 5396878979692339244
HIT 3 992148783146 231 16987481414529921100
HIT 3 1232666951722 287 9824804131741694833
HIT 3 1851142242346 431 13308805253007746622
HIT 3 743038189611 173 9587992168624292718
HIT 3 992146292779 231 10020843816729007382
HIT 3 1232664461355 287 16854636536910983628
HIT 3 1851139751979 431 15631238473364609435
HIT 3 743038189612 173 306740093306970507
HIT 3 992146292780 231 6715178398893579404
HIT 3 1232664461356 287 15253729070059165061
HIT 3 1851139751980 431 17793886797925211599
HIT 3 1232670752809 287 13600635868989619048
HIT 3 1851146043433 431 7077843964533887698
HIT 3 992148783147 231 3833033527010688056
HIT 3 1232666951723 287 12067172688408595573
HIT 3 1851142242347 431 9367285927500570605
HIT 3 1232670752810 287 11712829403269973528
HIT 3 1851146043434 431 8657636457936908754
HIT 3 992148783148 231 18173734094450749553
HIT 3 1232666951724 287 6738137740230953235
HIT 3 1851142242348 431 11612075451457204202
HIT 3 1851149713450 431 844361409834507588
HIT 3 1851149713449 431 4495504266611722373
HIT 3 1232670752811 287 14589606767871453524
HIT 3 1851146043435 431 1853660228377035049
HIT 3 1232670752812 287 4094890879050935775
HIT 3 1851146043436 431 8480201803719888493
HIT 3 1851149713451 431 2308066203208333783
HIT 3 1851149713452 431 985620570690923236
HIT 3 743038189614 173 4790846594311098899
HIT 3 992146292782 231 4120402619130195987
HIT 3 1232664461358 287 17987395356210325492
HIT 3 1851139751982 431 14714116241296829215
HIT 3 743038189613 173 9604101806111930850
HIT 3 992146292781 231 12284381680110610309
HIT 3 1232664461357 287 2233334479634563780
HIT 3 1851139751981 431 2449873979664334011
HIT 3 992148783149 231 9214457463635612825
HIT 3 1232666951725 287 4938608434203595991
HIT 3 1851142242349 431 13794719825129822758
HIT 3 992148783150 231 1891167971491658848
HIT 3 1232666951726 287 3892036370122749233
HIT 3 1851142242350 431 6681889551387467658
HIT 3 743038189615 173 12482265502503642230
HIT 3 992146292783 231 7638788228783782610
HIT 3 1232664461359 287 6617085684685786996
HIT 3 1851139751983 431 14377691799731886592
HIT 3 1232670752813 287 5979763808645188516
HIT 3 1851146043437 431 9390708802331033878
HIT 3 1232670752814 287 9383727070618969458
HIT 3 1851146043438 431 5068935038607937273
HIT 3 743038189616 173 6731659934896119580
HIT 3 992146292784 231 15439709553922039859
HIT 3 1232664461360 287 16061313289964945749
HIT 3 1851139751984 431 17512914968813576219
HIT 3 1851149713453 431 3943996241892750626
HIT 3 992148783151 231 5214728340070067515
HIT 3 1232666951727 287 2667462109136127744
HIT 3 1851142242351 431 17754514958430130836
HIT 3 992148783152 231 10081803122635088032
HIT 3 1232666951728 287 9708722033993382499
HIT 3 1851142242352 431 9308161697598357874
HIT 3 1851149713454 431 9337104356418180007
HIT 3 1232670752815 287 11653380276824416621
HIT 3 1851146043439 431 3745342961471614317
HIT 3 1232670752816 287 9137966595085572835
HIT 3 1851146043440 431 7875074248642598067
HIT 3 1851149713455 431 10628371757673263219
HIT 3 1851149713456 431 8264468623032613717
HIT 3 743038189617 173 8506366096557674753
HIT 3 992146292785 231 13221174426089907536
HIT 3 1232664461361 287 922056225742381356
HIT 3 1851139751985 431 17334450052315231361
HIT 3 743038189618 173 3788335128446357663
HIT 3 992146292786 231 10473787760694514521
HIT 3 1232664461362 287 7079277602144380482
HIT 3 1851139751986 431 2172014197107405641
HIT 3 992148783153 231 4796961800633616265
HIT 3 1232666951729 287 14208094856095691087
HIT 3 1851142242353 431 7257461792061785609
HIT 3 992148783154 231 16896287082673324151
HIT 3 1232666951730 287 15272099006970187144
HIT 3 1851142242354 431 14250673268005434897
HIT 3 1232670752817 287 2762723898869516569
HIT 3 1851146043441 431 13664240602294013575
HIT 3 1851149713457 431 11488770664953312688
HIT 3 1232670752818 287 8399653701874882013
HIT 3 1851146043442 431 14782016931498119747
HIT 3 743038189620 173 9927264787127876243
HIT 3 992146292788 231 15028465573519377366
HIT 3 1232664461364 287 2091807714339476340
HIT 3 1851139751988 431 8261536868758738953
HIT 3 743038189619 173 10496856369896307608
HIT 3 992146292787 231 9116401238901441496
HIT 3 1232664461363 287 7180848487235676622
HIT 3 1851139751987 431 2558436681242211643
HIT 3 1851149713458 431 12244820893826208747
HIT 3 992148783155 231 8950802277973806054
HIT 3 1232666951731 287 3972611651177441101
HIT 3 1851142242355 431 8834940546784907344
HIT 3 992148783156 231 15404099402178026867
HIT 3 1232666951732 287 13751950281730081120
HIT 3 1851142242356 431 13256993551995185774
HIT 3 1232670752819 287 4050184781538089884
HIT 3 1851146043443 431 16586544077008138129
HIT 3 743038189621 173 10128750931897899919
HIT 3 992146292789 231 5371433740989760616
HIT 3 1232664461365 287 10577108720684782508
HIT 3 1851139751989 431 10682775168471954684
HIT 3 1232670752820 287 8456628350571809167
HIT 3 1851146043444 431 1800359102617112048
HIT 3 992148783157 231 6568321230179462160
HIT 3 1232666951733 287 16553544178743675030
HIT 3 1851142242357 431 5431155290781255491
HIT 3 1851149713459 431 12886166803832093798
HIT 3 1851149713460 431 11775260548922587129
HIT 3 1232670752821 287 13119554769668065666
HIT 3 1851146043445 431 13331760647720253083
HIT 3 743038189622 173 15283958045878372091
HIT 3 992146292790 231 12265795313506555306
HIT 3 1232664461366 287 3019126946362626510
HIT 3 1851139751990 431 2069496975657326149
HIT 3 1851149713461 431 9764941669972123719
HIT 3 992148783158 231 16673392819297710720
HIT 3 1232666951734 287 13426973682994114983
HIT 3 1851142242358 431 9797673813400086222
HIT 3 1232670752822 287 260267090101504224
HIT 3 1851146043446 431 5455570048468406120
HIT 3 1851149713462 431 941027107149997220
HIT 3 743038189623 173 2233515664836392692
HIT 3 992146292791 231 17317949846485472188
HIT 3 1232664461367 287 3354978350345363763
HIT 3 1851139751991 431 548660170358085215
HIT 3 743038189624 173 8570736380003486552
HIT 3 992146292792 231 13210521332019238832
HIT 3 1232664461368 287 13928185209903767271
HIT 3 1851139751992 431 6838781428873816699
HIT 3 992148783159 231 7355656638683435353
HIT 3 1232666951735 287 9641975833955855311
HIT 3 1851142242359 431 2524382781297899154
HIT 3 743038189625 173 659532469774722535
HIT 3 992146292793 231 14374640558276950205
HIT 3 1232664461369 287 205164915234960520
HIT 3 1851139751993 431 16295986043043486077
HIT 3 992148783160 231 16422722753494157710
HIT 3 1232666951736 287 18254141990085663640
HIT 3 1851142242360 431 15915904432540345341
HIT 3 992148783161 231 9866397353951391551
HIT 3 1232666951737 287 7185548907254351675
HIT 3 1851142242361 431 10561689700321749141
HIT 3 1232670752823 287 283179011763179033
HIT 3 1851146043447 431 12977956239388219356
HIT 3 1232670752825 287 17415860701633183080
HIT 3 1851146043449 431 8776101274385176387
HIT 3 743038189626 173 1328522474375006202
HIT 3 992146292794 231 7904114931049385425
HIT 3 1232664461370 287 957613051807280360
HIT 3 1851139751994 431 12616669262706467698
HIT 3 1851149713463 431 12520813718424625790
HIT 3 1232670752824 287 16507774925571498172
HIT 3 1851146043448 431 14220443428952370010
HIT 3 992148783162 231 10368237337200037295
HIT 3 1232666951738 287 10260904277703465397
HIT 3 1851142242362 431 15036425913069635152
HIT 3 1851149713465 431 16923911605662691736
HIT 3 1851149713464 431 528191963534500670
HIT 3 1232670752826 287 10717687303228274729
HIT 3 1851146043450 431 3497482638802524095
HIT 3 1851149713466 431 14526668559953634922
HIT 3 743038189628 173 12555653535878559912
HIT 3 992146292796 231 5493712664977339634
HIT 3 1232664461372 287 7194284851312332752
HIT 3 1851139751996 431 2771415932092571335
HIT 3 743038189627 173 6102170690652032078
HIT 3 992146292795 231 13423463977022864256
HIT 3 1232664461371 287 11076330975654736939
HIT 3 1851139751995 431 4867385138630035595
HIT 3 992148783164 231 8441491253602642173
HIT 3 1232666951740 287 5144118332804239563
HIT 3 1851142242364 431 15320133067397277791
HIT 3 992148783163 231 8999936356904975214
HIT 3 1232666951739 287 10002152621520364702
HIT 3 1851142242363 431 14109799946435449005
HIT 3 743038189629 173 7059536579704541145
HIT 3 992146292797 231 10548609475911601601
HIT 3 1232664461373 287 15409131512254650575
HIT 3 1851139751997 431 7240534562893917322
HIT 3 743038189630 173 3179752584440641804
HIT 3 992146292798 231 11311036243454918529
HIT 3 1232664461374 287 14572614507730692952
HIT 3 1851139751998 431 5271715314818754165
HIT 3 1232670752828 287 11816238752066354147
HIT 3 1851146043452 431 3536336561888869535
HIT 3 1851149713468 431 99448145924115372
HIT 3 992148783165 231 1082890782566597059
HIT 3 1232666951741 287 18228926973399590545
HIT 3 1851142242365 431 1569187579522209876
HIT 3 1232670752827 287 14829015757932864712
HIT 3 1851146043451 431 17319111465494683536
HIT 3 992148783166 231 6764959531186102601
HIT 3 1232666951742 287 18102416459913810975
HIT 3 1851142242366 431 631673984643199266
HIT 3 1851149713467 431 8360822928553899441
HIT 3 1232670752829 287 4414353369622808854
HIT 3 1851146043453 431 13333156719173866020
HIT 3 1232670752830 287 5426676963500810710
HIT 3 1851146043454 431 4305329639235785745
HIT 3 743038189631 173 8102203317746309628
HIT 3 992146292799 231 10448887552519361447
HIT 3 1232664461375 287 449516675789208451
HIT 3 1851139751999 431 4308891873289526019
HIT 3 1851149713470 431 12594776731631284908
HIT 3 1851149713469 431 6579107376347596220
HIT 3 992148783167 231 16673820987886067136
HIT 3 1232666951743 287 2830519904716303387
HIT 3 1851142242367 431 9478915508512119619
HIT 3 1232670752831 287 7275824506689581073
HIT 3 1851146043455 431 7083178709313679056
HIT 3 1851149713471 431 2179107550910921028
HIT 3 743038189632 173 3231425712582501267
HIT 3 992146292800 231 9700731631860351509
HIT 3 1232664461376 287 15919239946464048887
HIT 3 1851139752000 431 4880235378887562855
HIT 3 992148783168 231 8591413448714233509
HIT 3 1232666951744 287 12787045897113302767
HIT 3 1851142242368 431 9441495464542850313
HIT 3 743038189633 173 1166379514854466626
HIT 3 992146292801 231 4703522453324108596
HIT 3 1232664461377 287 7890943496756119094
HIT 3 1851139752001 431 14924647550623909046
HIT 3 1232670752832 287 2971023238790756607
HIT 3 1851146043456 431 10380426317746890471
HIT 3 743038189634 173 10199419065068513470
HIT 3 992146292802 231 13962410276016865428
HIT 3 1232664461378 287 15787055580632450546
HIT 3 1851139752002 431 17641488686900781808
HIT 3 743038189635 173 16173658237345524236
HIT 3 992146292803 231 9744675219993117618
HIT 3 1232664461379 287 12779965379873090611
HIT 3 1851139752003 431 12783676519068510891
HIT 3 992148783169 231 13765558745417569257
HIT 3 1232666951745 287 2798425728788889978
HIT 3 1851142242369 431 13265691530332779121
HIT 3 992148783170 231 5062557019556391228
HIT 3 1232666951746 287 8741331397370358419
HIT 3 1851142242370 431 9059116975393941180
HIT 3 1851149713472 431 3499268277017720413
HIT 3 992148783171 231 14015374540568324824
HIT 3 1232666951747 287 16056745777891216659
HIT 3 1851142242371 431 4191671877313793653
HIT 3 1232670752833 287 7105000382335130204
HIT 3 1851146043457 431 11338196512621016956
HIT 3 1232670752834 287 18424310068745712793
HIT 3 1851146043458 431 3795260294895708511
HIT 3 1232670752835 287 11850951072974966055
HIT 3 1851149713474 431 6837796994337846896
HIT 3 1851149713473 431 15720979890284880534
HIT 3 1851146043459 431 8394643089892177259
HIT 3 1851149713475 431 14430015203160467321
HIT 3 743038189636 173 13708469861839202923
HIT 3 992146292804 231 9814833961507076271
HIT 3 1232664461380 287 14544014803699761440
HIT 3 1851139752004 431 2149020737064773347
HIT 3 992148783172 231 11580156555378284794
HIT 3 1232666951748 287 15789343310669939898
HIT 3 1851142242372 431 4565940129698443774
HIT 3 1232670752836 287 1514444095183281515
HIT 3 1851146043460 431 5343748267351422863
HIT 3 743038189638 173 2808689980837738831
HIT 3 992146292806 231 8043137087846351235
HIT 3 1232664461382 287 6624062288069499955
HIT 3 1851139752006 431 8847035325532385234
HIT 3 743038189637 173 12432312774606030268
HIT 3 992146292805 231 16929774939548406822
HIT 3 1232664461381 287 2679805231304982671
HIT 3 1851139752005 431 8400724036998589158
HIT 3 1851149713476 431 1611340058209922068
HIT 3 743038189639 173 7286365743876766070
HIT 3 992146292807 231 14656913028387357660
HIT 3 1232664461383 287 1050906274236572925
HIT 3 1851139752007 431 16915316564817520915
HIT 3 992148783174 231 6781761311128558215
HIT 3 1232666951750 287 10595419553715270939
HIT 3 1851142242374 431 4945260127976043047
HIT 3 992148783173 231 1181664795154168732
HIT 3 1232666951749 287 5831312001622955114
HIT 3 1851142242373 431 14501232715908589663
HIT 3 992148783175 231 8982173673803143353
HIT 3 1232666951751 287 7055562601495662730
HIT 3 1851142242375 431 5677470232093701558
HIT 3 1232670752838 287 8763363024845172024
HIT 3 1851146043462 431 2113315342761691783
HIT 3 1232670752837 287 150258475317979272
HIT 3 1851146043461 431 7529538525405326116
HIT 3 1232670752839 287 17741151573754884843
HIT 3 1851146043463 431 15930013653734253345
HIT 3 1851149713478 431 11638723695123850942
HIT 3 1851149713477 431 11363690512640040778
HIT 3 743038189640 173 12727758027785095123
HIT 3 992146292808 231 7093260372245061263
HIT 3 1232664461384 287 14492920614562853547
HIT 3 1851139752008 431 15629724004534601606
HIT 3 1851149713479 431 15540263826415675935
HIT 3 992148783176 231 10390838701256237946
HIT 3 1232666951752 287 8757539258026994728
HIT 3 1851142242376 431 6007302563974201255
HIT 3 1232670752840 287 11195782053749896692
HIT 3 1851146043464 431 4291300777425884777
HIT 3 1851149713480 431 10149827058414104946
HIT 3 743038189641 173 12751627123723817160
HIT 3 992146292809 231 13314930075431882158
HIT 3 1232664461385 287 4629803053481460072
HIT 3 1851139752009 431 11741462671188218873
HIT 3 743038189642 173 14123820071491097414
HIT 3 992146292810 231 3759172832740805987
HIT 3 1232664461386 287 18095338500469589336
HIT 3 1851139752010 431 6743962513104195771
HIT 3 743038189643 173 9574110731363869247
HIT 3 992146292811 231 119455329267147940
HIT 3 1232664461387 287 15311654924264534323
HIT 3 1851139752011 431 18192262389827327255
HIT 3 992148783177 231 7597875678477335631
HIT 3 1232666951753 287 910719539707832082
HIT 3 1851142242377 431 11086737157392678113
HIT 3 992148783179 231 4704480888230705359
HIT 3 1232666951755 287 17002568345164959517
HIT 3 1851142242379 431 2407057502115739496
HIT 3 992148783178 231 7976805761543327630
HIT 3 1232666951754 287 12679361803323681893
HIT 3 1851142242378 431 9148099340868957880
HIT 3 1232670752841 287 9902409366876341403
HIT 3 1851146043465 431 7262826310506617068
HIT 3 743038189644 173 8552271666420241810
HIT 3 992146292812 231 10070311276811251334
HIT 3 1232664461388 287 13990207315483984666
HIT 3 1851139752012 431 17818474935940991400
HIT 3 1232670752842 287 11515313706690658955
HIT 3 1851146043466 431 4278528054705732819
HIT 3 1232670752843 287 14542899181685122719
HIT 3 1851146043467 431 6337653886090660426
HIT 3 1851149713481 431 337611313680958435
HIT 3 992148783180 231 11452482145157220468
HIT 3 1232666951756 287 14720576741073658599
HIT 3 1851142242380 431 15201575665558922709
HIT 3 1851149713483 431 4061903055559900686
HIT 3 1851149713482 431 4049600286128198346
HIT 3 1232670752844 287 4187440018300936760
HIT 3 1851146043468 431 122973273791743480
HIT 3 1851149713484 431 9130173616639308249
HIT 3 743038189645 173 10937728176397670434
HIT 3 992146292813 231 3610122065604092282
HIT 3 1232664461389 287 7759971295810814474
HIT 3 1851139752013 431 10596605326983262008
HIT 3 743038189646 173 9341750795401075048
HIT 3 992146292814 231 7429951063725053528
HIT 3 1232664461390 287 11839642177935620253
HIT 3 1851139752014 431 12883288670160071486
HIT 3 992148783181 231 3090585855341333087
HIT 3 1232666951757 287 18255039064380185394
HIT 3 743038189647 173 17015226122871163635
HIT 3 992146292815 231 9241485501485592641
HIT 3 1232664461391 287 4966255540594575709
HIT 3 1851139752015 431 17843276084223182252
HIT 3 1851142242381 431 11692952793179207173
HIT 3 992148783182 231 3818803193804723518
HIT 3 1232666951758 287 4478370528160350189
HIT 3 1851142242382 431 13007939745402871305
HIT 3 743038189648 173 17912143087424966251
HIT 3 992146292816 231 14935506206276112546
HIT 3 1232664461392 287 2306455734356942771
HIT 3 1851139752016 431 10574139560108517192
HIT 3 992148783183 231 17037549618438749946
HIT 3 1232666951759 287 11434971437420186711
HIT 3 1851142242383 431 6509410393218999050
HIT 3 1232670752845 287 3194754120745676062
HIT 3 1851146043469 431 7534848066587737703
HIT 3 992148783184 231 10796537815324665388
HIT 3 1232666951760 287 15118423417650482767
HIT 3 1851142242384 431 12354169599060162179
HIT 3 1232670752846 287 15465259621354794104
HIT 3 1851146043470 431 13718717816966240419
HIT 3 1232670752848 287 16635634829629904695
HIT 3 1851146043472 431 1226687547539150473
HIT 3 1851149713485 431 7118365848513253483
HIT 3 1232670752847 287 17064661299359855400
HIT 3 1851146043471 431 9979233768934002548
HIT 3 1851149713486 431 13713694378672891924
HIT 3 1851149713488 431 12641104372372202618
HIT 3 1851149713487 431 9683379730698868462
HIT 3 743038189649 173 3268018161208810508
HIT 3 992146292817 231 15231542072794978017
HIT 3 1232664461393 287 387673445070760497
HIT 3 1851139752017 431 7077019224544926143
HIT 3 992148783185 231 9110376169154095135
HIT 3 1232666951761 287 1047216387486253299
HIT 3 1851142242385 431 11363157860042738896
HIT 3 1232670752849 287 6968302956165101295
HIT 3 1851146043473 431 8203215848149596773
HIT 3 1851149713489 431 6491633333216877879
HIT 3 743038189651 173 7860014668083771095
HIT 3 992146292819 231 8865814284677477751
HIT 3 1232664461395 287 15405233207377476731
HIT 3 1851139752019 431 16317138928065346420
HIT 3 992148783187 231 10266454135401438976
HIT 3 1232666951763 287 16878134853571886413
HIT 3 1851142242387 431 14958302908862426847
HIT 3 743038189650 173 15856195001513951885
HIT 3 992146292818 231 3330160218768850037
HIT 3 1232664461394 287 6788779316636505820
HIT 3 1851139752018 431 12357252732417511559
HIT 3 1232670752851 287 2247521678974528232
HIT 3 1851146043475 431 10556358436590802526
HIT 3 1851149713491 431 790943892017641454
HIT 3 992148783186 231 12789264077967884112
HIT 3 1232666951762 287 15550420651587929860
HIT 3 1851142242386 431 987412236352046687
HIT 3 743038189652 173 1218792222964210695
HIT 3 992146292820 231 1826895507794106190
HIT 3 1232664461396 287 13279936926692738140
HIT 3 1851139752020 431 8748498277650066049
HIT 3 743038189653 173 12060233907912396235
HIT 3 992146292821 231 10030030428913087081
HIT 3 1232664461397 287 5955175657542866305
HIT 3 1851139752021 431 5018372228004332292
HIT 3 992148783188 231 16762111854275844580
HIT 3 1232666951764 287 7068827213984642801
HIT 3 1851142242388 431 11121719795405963589
HIT 3 1232670752850 287 8073480634088883930
HIT 3 1851146043474 431 17641356295202819015
HIT 3 743038189654 173 16396633962433549846
HIT 3 992146292822 231 385239002810468084
HIT 3 1232664461398 287 17581254916256555836
HIT 3 1851139752022 431 6158088104846728762
HIT 3 992148783189 231 17229656889824093967
HIT 3 1232666951765 287 4090255738186591292
HIT 3 1851142242389 431 8665389745850568027
HIT 3 992148783190 231 16928691681913907487
HIT 3 1232666951766 287 12520460391860165219
HIT 3 1851142242390 431 7914595315437672047
HIT 3 1851149713490 431 5545437815242560591
HIT 3 1232670752852 287 10944259199719799962
HIT 3 1851146043476 431 7271709340159812673
HIT 3 1232670752853 287 9275102371627666092
HIT 3 1851146043477 431 3679542311447513605
HIT 3 1232670752854 287 15716578313124020210
HIT 3 1851146043478 431 13955410466459956595
HIT 3 1851149713492 431 8105877466848600836
HIT 3 1851149713494 431 2252222242499801665
HIT 3 1851149713493 431 7152298861690914516
HIT 3 743038189655 173 11742804803834944957
HIT 3 992146292823 231 7089855468564007308
HIT 3 1232664461399 287 15824586843568776715
HIT 3 1851139752023 431 17615825991695998289
HIT 3 743038189656 173 17608550517011739173
HIT 3 992146292824 231 8825521982914828035
HIT 3 1232664461400 287 3392362594216240233
HIT 3 1851139752024 431 10616624939680324177
HIT 3 743038189657 173 5901101858754437651
HIT 3 992146292825 231 10751019990973955011
HIT 3 1232664461401 287 13423929910881782377
HIT 3 1851139752025 431 3401902998971300754
HIT 3 992148783192 231 14073812333244994262
HIT 3 992148783191 231 15245975337881310664
HIT 3 1232666951767 287 5096995220577961118
HIT 3 1851142242391 431 14832319687028695697
HIT 3 1232666951768 287 15605065697589432889
HIT 3 1851142242392 431 6993420429186383819
HIT 3 992148783193 231 11723225168910204078
HIT 3 1232666951769 287 16899409969330807049
HIT 3 1851142242393 431 5476857150127752955
HIT 3 743038189658 173 4106041614286362393
HIT 3 992146292826 231 2766470592004306310
HIT 3 1232664461402 287 6096188903357130254
HIT 3 1851139752026 431 9976364871676869212
HIT 3 1232670752856 287 8957285235477815720
HIT 3 1851146043480 431 17770416426234693664
HIT 3 992148783194 231 11462427171569459905
HIT 3 1232666951770 287 17674306454407876366
HIT 3 1851142242394 431 2590085573756253662
HIT 3 1232670752855 287 10371870696759312818
HIT 3 1851146043479 431 2956902958480853471
HIT 3 1232670752857 287 18302460537324387594
HIT 3 1851146043481 431 15126168779113351105
HIT 3 1851149713496 431 7125132080885430401
HIT 3 1851149713495 431 17036937121474273845
HIT 3 1851149713497 431 9622837918409086346
HIT 3 1232670752858 287 1812808732884139741
HIT 3 1851146043482 431 15432875448214697201
HIT 3 1851149713498 431 3921000620876697432
HIT 3 743038189659 173 15027611456659126392
HIT 3 992146292827 231 7521633080746694252
HIT 3 1232664461403 287 5325099467739338723
HIT 3 1851139752027 431 16062576103398789245
HIT 3 743038189660 173 17560254375874818690
HIT 3 992146292828 231 13540812194133335849
HIT 3 1232664461404 287 9208293978398203151
HIT 3 1851139752028 431 7185203419140269874
HIT 3 743038189661 173 17403362843850281170
HIT 3 992146292829 231 10795233638498695519
HIT 3 1232664461405 287 529058825319995371
HIT 3 1851139752029 431 7994050498587269121
HIT 3 992148783195 231 4159529371730746463
HIT 3 1232666951771 287 9712353015207803292
HIT 3 1851142242395 431 325589028375111053
HIT 3 992148783196 231 940023924100059674
HIT 3 1232666951772 287 4923168964978746646
HIT 3 1851142242396 431 14467273434921525756
HIT 3 992148783197 231 658258231184937368
HIT 3 1232666951773 287 13677763781832725580
HIT 3 1851142242397 431 2494698664254546305
HIT 3 1232670752859 287 10055175851663105599
HIT 3 1851146043483 431 9265485302125450066
HIT 3 1232670752860 287 15355325162054647882
HIT 3 1851146043484 431 10182074923749055958
HIT 3 743038189662 173 2860158745699674781
HIT 3 992146292830 231 12456743674140097539
HIT 3 1232664461406 287 718627766824830586
HIT 3 1851139752030 431 13123453670539448771
HIT 3 1232670752861 287 18375108073698217228
HIT 3 1851146043485 431 16744316360018565869
HIT 3 1851149713499 431 13355300423152851438
HIT 3 1851149713500 431 3140100792928769258
HIT 3 992148783198 231 2821106885977256247
HIT 3 1232666951774 287 3982265128322383418
HIT 3 1851142242398 431 7683773007623652809
HIT 3 1851149713501 431 8946008196674185764
HIT 3 1232670752862 287 8883359455416724632
HIT 3 1851146043486 431 9906050700138634497
HIT 3 1851149713502 431 8936086540474389124
HIT 3 743038189664 173 3526739689398522055
HIT 3 992146292832 231 14224381758127853073
HIT 3 1232664461408 287 10426575049692269178
HIT 3 1851139752032 431 17111365287058757753
HIT 3 743038189663 173 5208524610930370154
HIT 3 992146292831 231 11852992449768071386
HIT 3 1232664461407 287 9270493180215352386
HIT 3 1851139752031 431 3793499777705066316
HIT 3 743038189665 173 15608650131547016101
HIT 3 992146292833 231 16509464386568068346
HIT 3 1232664461409 287 5113062807002971941
HIT 3 1851139752033 431 7554366343861916374
HIT 3 992148783200 231 6507406087181096457
HIT 3 1232666951776 287 13034768890292124370
HIT 3 1851142242400 431 16252194245652022070
HIT 3 992148783201 231 460109892935916105
HIT 3 1232666951777 287 2886913397712639958
HIT 3 1851142242401 431 16928182350786003617
HIT 3 992148783199 231 3084373086832929333
HIT 3 1232666951775 287 6959654536872590467
HIT 3 1851142242399 431 8664530516108220973
HIT 3 743038189666 173 549004132182915941
HIT 3 992146292834 231 18171338434681636476
HIT 3 1232664461410 287 3760925926725648691
HIT 3 1851139752034 431 6431512344456891871
HIT 3 1232670752864 287 3898229630965920846
HIT 3 1851146043488 431 1249554586658983293
HIT 3 1232670752865 287 5713912926461315243
HIT 3 1851146043489 431 11293993697278435057
HIT 3 1232670752863 287 224048264645480468
HIT 3 1851146043487 431 13934686073530466148
HIT 3 992148783202 231 10521648111684794659
HIT 3 1232666951778 287 6365234094160395898
HIT 3 1851142242402 431 17552775428465310097
HIT 3 1851149713503 431 4408738456144552584
HIT 3 1851149713505 431 12689775166699647618
HIT 3 1851149713504 431 3782564896058071173
HIT 3 1232670752866 287 1898238092113946666
HIT 3 1851146043490 431 12702658641481817679
HIT 3 1851149713506 431 1678861412123486396
HIT 3 743038189667 173 5602716865034881636
HIT 3 992146292835 231 8875988461424440906
HIT 3 1232664461411 287 6996898917402353460
HIT 3 1851139752035 431 8000401169216477889
HIT 3 743038189668 173 13346437253381049163
HIT 3 992146292836 231 1479327779891593121
HIT 3 1232664461412 287 7846001266933818288
HIT 3 1851139752036 431 12845028137430481030
HIT 3 992148783203 231 7816010839251681612
HIT 3 1232666951779 287 9540626764987932459
HIT 3 1851142242403 431 13118671863325355009
HIT 3 743038189669 173 11202954254819955984
HIT 3 992146292837 231 10904191425413008065
HIT 3 1232664461413 287 12441001633489755835
HIT 3 1851139752037 431 13838167041722600232
HIT 3 992148783204 231 18308588324877757197
HIT 3 1232666951780 287 16919195031253326910
HIT 3 1851142242404 431 11338461677171907076
HIT 3 992148783205 231 6228055472731840967
HIT 3 1232666951781 287 17894852059053127521
HIT 3 1851142242405 431 4449888210970402099
HIT 3 743038189670 173 1575254284688574345
HIT 3 992146292838 231 1779331551821045928
HIT 3 1232664461414 287 15281091515307724827
HIT 3 1851139752038 431 2790049797952325012
HIT 3 1232670752867 287 17730553512706385472
HIT 3 1851146043491 431 15507124591952963789
HIT 3 992148783206 231 11716671386064318263
HIT 3 1232666951782 287 9035661472787316845
HIT 3 1851142242406 431 10896769108201097791
HIT 3 1232670752868 287 3523627122269868750
HIT 3 1851146043492 431 6676825912347619311
HIT 3 1232670752869 287 11541176800971626409
HIT 3 1851146043493 431 14830822398556175032
HIT 3 1851149713507 431 10695589428389332355
HIT 3 1232670752870 287 9188731867038421036
HIT 3 1851146043494 431 7014369727604741772
HIT 3 1851149713508 431 6240546143821164333
HIT 3 1851149713509 431 13830606320222989147
HIT 3 1851149713510 431 738715678416945149
HIT 3 743038189671 173 9755756526409816292
HIT 3 992146292839 231 11739648576596109209
HIT 3 1232664461415 287 13320705029099301585
HIT 3 1851139752039 431 7246089820953567620
HIT 3 743038189673 173 3796404012278752224
HIT 3 992146292841 231 7318341000261346619
HIT 3 1232664461417 287 10757261100912849457
HIT 3 1851139752041 431 17134746862323830967
HIT 3 743038189672 173 16636530662456146877
HIT 3 992146292840 231 7540422594764182134
HIT 3 1232664461416 287 12241815223178730319
HIT 3 1851139752040 431 16784859588755403092
HIT 3 992148783207 231 12199105485737172261
HIT 3 1232666951783 287 9125396410554669366
HIT 3 1851142242407 431 7462939434991688193
HIT 3 743038189674 173 9831374741692047587
HIT 3 992146292842 231 8699640689728603950
HIT 3 1232664461418 287 881052993865399571
HIT 3 1851139752042 431 3610746336000530432
HIT 3 992148783209 231 5209019593860490581
HIT 3 1232666951785 287 10198073453120185155
HIT 3 1851142242409 431 3581142616327257806
HIT 3 992148783208 231 1016505982156397591
HIT 3 1232666951784 287 16206592574074716294
HIT 3 1851142242408 431 1387383178352450139
HIT 3 992148783210 231 17307907189417375099
HIT 3 1232666951786 287 12500215209438872583
HIT 3 1851142242410 431 12348102728765489143
HIT 3 1232670752873 287 11033165523842984396
HIT 3 1851146043497 431 7021368137890615296
HIT 3 1232670752871 287 694504677937700899
HIT 3 1851146043495 431 17551490683666316192
HIT 3 1851149713513 431 11616706593969412307
HIT 3 1232670752872 287 8581660424342431210
HIT 3 1851146043496 431 10904420895125768411
HIT 3 1232670752874 287 5117900862312097834
HIT 3 1851146043498 431 11479835040933523883
HIT 3 1851149713511 431 33801432473580521
HIT 3 1851149713514 431 16577171468297303865
HIT 3 1851149713512 431 328350898919908599
HIT 3 743038189675 173 12506051163300239679
HIT 3 992146292843 231 8252074505465302423
HIT 3 1232664461419 287 3461833413024815906
HIT 3 1851139752043 431 1323742304994625866
HIT 3 743038189677 173 2510532226352108372
HIT 3 992146292845 231 9891233561160780528
HIT 3 1232664461421 287 10241958559142830812
HIT 3 1851139752045 431 9041245900717911179
HIT 3 743038189676 173 11999270987796713858
HIT 3 992146292844 231 15266170264663620237
HIT 3 1232664461420 287 8904615437630456105
HIT 3 1851139752044 431 187288744313684823
HIT 3 992148783211 231 12525632430712920743
HIT 3 1232666951787 287 6499463366308735607
HIT 3 1851142242411 431 6865098827573052686
HIT 3 992148783213 231 12084125521798261673
HIT 3 1232666951789 287 9552377789371281242
HIT 3 1851142242413 431 2007025892501837648
HIT 3 743038189678 173 14036759214897007847
HIT 3 992146292846 231 3522976323996690782
HIT 3 1232664461422 287 3141009262673848658
HIT 3 1851139752046 431 5859766399754474727
HIT 3 992148783212 231 8659380291369149003
HIT 3 1232666951788 287 3253552051931756120
HIT 3 1851142242412 431 10534116229697956827
HIT 3 1232670752875 287 7937881726117290522
HIT 3 1851146043499 431 16190043905935306189
HIT 3 992148783214 231 18164445498668849083
HIT 3 1232666951790 287 204039407124002767
HIT 3 1851142242414 431 17956250748760658168
HIT 3 1232670752877 287 2322140298943663466
HIT 3 1851146043501 431 6374361391825237152
HIT 3 1851149713515 431 16606146013149071694
HIT 3 1232670752876 287 6895736648694926251
HIT 3 1851146043500 431 9425921014225405901
HIT 3 1851149713517 431 2547673295657492097
HIT 3 1232670752878 287 2365873031561194721
HIT 3 1851146043502 431 5652189042806769947
HIT 3 1851149713516 431 18091533777382233650
HIT 3 743038189679 173 12211660129659103161
HIT 3 992146292847 231 9116995821308799433
HIT 3 1232664461423 287 13162559482472225382
HIT 3 1851139752047 431 6472852384264978128
HIT 3 1851149713518 431 17918418397136652683
HIT 3 992148783215 231 15539237444290242897
HIT 3 1232666951791 287 4081551511967278793
HIT 3 1851142242415 431 3898302457771643203
HIT 3 743038189680 173 17556888564189267502
HIT 3 992146292848 231 16566990596207043510
HIT 3 1232664461424 287 15849674564986192113
HIT 3 1851139752048 431 5914091528612099292
HIT 3 992148783216 231 2454007848450022464
HIT 3 1232666951792 287 2072720989244710985
HIT 3 1851142242416 431 17873273258469101011
HIT 3 1232670752879 287 15017469122394590958
HIT 3 1851146043503 431 2254028503320780396
HIT 3 743038189681 173 16627063963638739604
HIT 3 992146292849 231 11818783871231333835
HIT 3 1232664461425 287 12141736085070561491
HIT 3 1851139752049 431 17847255794390670045
HIT 3 1851149713519 431 9660754784338718608
HIT 3 1232670752880 287 13286346820370573088
HIT 3 1851146043504 431 18200219628892747292
HIT 3 743038189682 173 4718439802490125215
HIT 3 992146292850 231 10359833245688563492
HIT 3 1232664461426 287 8171966279112030112
HIT 3 1851139752050 431 13039484338831824221
HIT 3 992148783217 231 529019477861714031
HIT 3 1232666951793 287 11587879934442946991
HIT 3 1851142242417 431 8744557888047968027
HIT 3 1851149713520 431 8551903225961413269
HIT 3 992148783218 231 7591691677246728972
HIT 3 1232666951794 287 339268010397106564
HIT 3 1851142242418 431 1766185841510364081
HIT 3 1232670752881 287 8957345794918481632
HIT 3 1851146043505 431 7127701050652061223
HIT 3 743038189683 173 17614280670665550060
HIT 3 992146292851 231 8078074019274524544
HIT 3 1232664461427 287 4635726617227829794
HIT 3 1851139752051 431 14994068900982789081
HIT 3 1851149713521 431 1422474282808225452
HIT 3 1232670752882 287 3520001231109059736
HIT 3 1851146043506 431 12166091590727575212
HIT 3 743038189684 173 9690657043663259043
HIT 3 992146292852 231 469260838221488621
HIT 3 1232664461428 287 12000442024696961191
HIT 3 1851139752052 431 10585651768155637296
HIT 3 992148783219 231 1712493222110007008
HIT 3 1232666951795 287 2487997791474023233
HIT 3 1851142242419 431 10342592494770564866
HIT 3 1851149713522 431 8165527223824851367
HIT 3 992148783220 231 10145827560459840893
HIT 3 1232666951796 287 4960276244341181841
HIT 3 1851142242420 431 10579138463623926412
HIT 3 1232670752883 287 6815172580053951068
HIT 3 1851146043507 431 2624033794954896696
HIT 3 743038189685 173 16622974605800827269
HIT 3 992146292853 231 14277364496125102999
HIT 3 1232664461429 287 4383220025192555240
HIT 3 1851139752053 431 2780550460125784604
HIT 3 1851149713523 431 4410559095805986902
HIT 3 1232670752884 287 3023740991001301237
HIT 3 1851146043508 431 8306295545622431592
HIT 3 992148783221 231 14287602564191750279
HIT 3 1232666951797 287 9771203753198518798
HIT 3 1851142242421 431 3620445598144698370
HIT 3 1851149713524 431 11340711369619973978
HIT 3 743038189686 173 5386133526533954965
HIT 3 992146292854 231 6478037256643747151
HIT 3 1232664461430 287 15362933201927729626
HIT 3 1851139752054 431 5827871516024676133
HIT 3 1232670752885 287 14545393205576219483
HIT 3 1851146043509 431 7687295716086530550
HIT 3 992148783222 231 3342266731370767585
HIT 3 1232666951798 287 13633554743529257143
HIT 3 1851142242422 431 8605691733131286016
HIT 3 743038189687 173 17336419469348391798
HIT 3 992146292855 231 229701370537044303
HIT 3 1232664461431 287 8035655327117021819
HIT 3 1851139752055 431 4779523476735178265
HIT 3 1851149713525 431 17115286441951814247
HIT 3 743038189688 173 1905638825144232199
HIT 3 992146292856 231 15499874311364578722
HIT 3 1232664461432 287 5344229239108635729
HIT 3 1851139752056 431 2049953136290098481
HIT 3 1232670752886 287 17364804833869280306
HIT 3 1851146043510 431 5941491008335931311
HIT 3 992148783223 231 16177128310322193890
HIT 3 1232666951799 287 8568097650870553811
HIT 3 1851142242423 431 8135051101293832471
HIT 3 992148783224 231 3266906293750353536
HIT 3 1232666951800 287 10260091592975983199
HIT 3 1851142242424 431 14205653332754548526
HIT 3 1851149713526 431 4989922153505306030
HIT 3 1232670752887 287 6485508727727286959
HIT 3 1851146043511 431 13431839226096568681
HIT 3 743038189689 173 2540677317081543407
HIT 3 992146292857 231 3506549812886771091
HIT 3 1232664461433 287 16860873600627132144
HIT 3 1851139752057 431 14292428646048674752
HIT 3 1232670752888 287 3721755454707844380
HIT 3 1851146043512 431 4641675631427860202
HIT 3 1851149713527 431 5227772312781964057
HIT 3 992148783225 231 12728042771254281310
HIT 3 1232666951801 287 2338297294868605760
HIT 3 1851142242425 431 11377571397936599128
HIT 3 1851149713528 431 1137916365387774175
HIT 3 743038189690 173 8498686892078035282
HIT 3 992146292858 231 4864664356137483797
HIT 3 1232664461434 287 5470828989281542009
HIT 3 1851139752058 431 18393920226752013177
HIT 3 1232670752889 287 16254852694764342491
HIT 3 1851146043513 431 12231148183840702220
HIT 3 743038189691 173 6979980500349310879
HIT 3 992146292859 231 2601151889030897711
HIT 3 1232664461435 287 18219841538848759033
HIT 3 1851139752059 431 5931530067231893813
HIT 3 992148783226 231 372402189845542953
HIT 3 1232666951802 287 1115004765348711752
HIT 3 1851142242426 431 4208565981835192079
HIT 3 1851149713529 431 16914198251875932630
HIT 3 743038189692 173 10305954625438168999
HIT 3 992146292860 231 14458247939313011438
HIT 3 1232664461436 287 1639672388708874511
HIT 3 1851139752060 431 18047514820006084616
HIT 3 992148783227 231 112483611774553988
HIT 3 1232666951803 287 15295913878641643920
HIT 3 1851142242427 431 12223766196255440777
HIT 3 1232670752890 287 416758952710583562
HIT 3 1851146043514 431 6607586797476742999
HIT 3 992148783228 231 1479231352490638094
HIT 3 1232666951804 287 9243617838482621007
HIT 3 1851142242428 431 5815298153166921204
HIT 3 1232670752891 287 5055810292667443578
HIT 3 1851146043515 431 15707208782510885114
HIT 3 743038189693 173 8237166924244838769
HIT 3 992146292861 231 6330493023242316327
HIT 3 1232664461437 287 3974132020552860174
HIT 3 1851139752061 431 9249398928423412550
HIT 3 1851149713530 431 4150749651876421817
HIT 3 1851149713531 431 4101716565989400461
HIT 3 1232670752892 287 12349358621839346070
HIT 3 1851146043516 431 9119539009613983493
HIT 3 992148783229 231 11636667014558593131
HIT 3 1232666951805 287 14569912564734023354
HIT 3 1851142242429 431 16019507820816675169
HIT 3 1851149713532 431 320797113291043213
HIT 3 1232670752893 287 8955403132768464022
HIT 3 1851146043517 431 11489424781205401318
HIT 3 743038189694 173 6308368686272281505
HIT 3 992146292862 231 386289827902737786
HIT 3 1232664461438 287 305087131909614091
HIT 3 1851139752062 431 15092938619921530737
HIT 3 743038189695 173 4109906529879446881
HIT 3 992146292863 231 8276518974402970286
HIT 3 1232664461439 287 286402993347776992
HIT 3 1851139752063 431 10574990113839441518
HIT 3 1851149713533 431 4661024723495205810
HIT 3 992148783230 231 9088919882441624312
HIT 3 1232666951806 287 15904491702964316121
HIT 3 1851142242430 431 8042017206803549886
HIT 3 992148783231 231 2457875880559362192
HIT 3 1232666951807 287 5218859111609298831
HIT 3 1851142242431 431 15008678345496657442
HIT 3 1232670752894 287 4529205949005895696
HIT 3 1851146043518 431 13002096171779918314
HIT 3 743038189696 173 831620579707300625
HIT 3 992146292864 231 14422774931285355592
HIT 3 1232664461440 287 5902136518348856859
HIT 3 1851139752064 431 8049155985561211647
HIT 3 743038189697 173 11850019910071648045
HIT 3 992146292865 231 10422701594680973437
HIT 3 1232664461441 287 12345399733209510560
HIT 3 1851139752065 431 14431371890698121683
HIT 3 1851149713534 431 5062114642627852647
HIT 3 1232670752895 287 16147641023893245370
HIT 3 992148783232 231 17592917361198701916
HIT 3 1232666951808 287 2869950489474164775
HIT 3 1851142242432 431 4359939708798633985
HIT 3 992148783233 231 8240835567651342395
HIT 3 1232666951809 287 6815823268621653886
HIT 3 1851142242433 431 3741838953434408990
HIT 3 1851146043519 431 5897009294221248944
HIT 3 1851149713535 431 275766292294025432
HIT 3 1232670752896 287 18127196479416220820
HIT 3 1851146043520 431 15283190120119721954
HIT 3 1232670752897 287 10106476899403387398
HIT 3 1851146043521 431 12820737431268895301
HIT 3 743038189698 173 16180274767071749453
HIT 3 992146292866 231 17344123458579297028
HIT 3 1232664461442 287 5725666854124666032
HIT 3 1851139752066 431 10490809738794509224
HIT 3 1851149713536 431 9335477212572314416
HIT 3 1851149713537 431 12605248992004956480
HIT 3 992148783234 231 17038600745473515834
HIT 3 1232666951810 287 11717010983943264986
HIT 3 1851142242434 431 2689002143475298444
HIT 3 743038058627 173 16180274767071749453
HIT 3 992146161795 231 17344123458579297028
HIT 3 1232664330371 287 5725666854124666032
HIT 3 1851139620995 431 10490809738794509224
HIT 3 743038189699 173 1392894527368382472
HIT 3 992146292867 231 8315702165225753614
HIT 3 1232664461443 287 7331242334486369627
HIT 3 1851139752067 431 6965074226740674342
HIT 3 992148783235 231 15498481389831635315
HIT 3 1232666951811 287 14969971202395765288
HIT 3 1851142242435 431 15119098612042370286
HIT 3 1232670752898 287 2126889283403309817
HIT 3 1851146043522 431 5328635502489930362
HIT 3 743038189700 173 10990525130922215970
HIT 3 992146292868 231 13333291745294947805
HIT 3 1232664461444 287 11824305065465536721
HIT 3 1851139752068 431 10050447690162653133
HIT 3 743038320772 173 8121914526213075101
HIT 3 992146423940 231 11116980108053872279
HIT 3 1232664592516 287 3749717951998303992
HIT 3 1851139883140 431 8586803458996848304
HIT 3 743038189701 173 8121914526213075101
HIT 3 992146292869 231 11116980108053872279
HIT 3 1232664461445 287 3749717951998303992
HIT 3 1851139752069 431 8586803458996848304
HIT 3 1851149713538 431 16394440748939298443
HIT 3 992148783236 231 16719855829863540938
HIT 3 1232666951812 287 15777824440418175938
HIT 3 1851142242436 431 6414609054623182976
HIT 3 1232670752899 287 651335800839127736
HIT 3 992148652165 231 16169981715289864632
HIT 3 1232666820741 287 1853469723631821385
HIT 3 1851142111365 431 4858556662328018041
HIT 3 751630549125 175 10990525130922215970
HIT 3 992148717701 231 4296350473508626105
HIT 3 1232666886277 287 10769429946789014397
HIT 3 1851142176901 431 17535437450391192660
HIT 3 983558848645 229 11363780655355883033
HIT 3 987853815941 230 2152109180056905725
HIT 3 992148783237 231 1209859239111394197
HIT 3 1000738717829 233 18004939857893833596
HIT 3 1224077017221 285 11136141902274778477
HIT 3 1228371984517 286 3306094286413815223
HIT 3 1232666951813 287 13304895072634267095
HIT 3 1241256886405 289 16154982495239923688
HIT 3 1842552307845 429 14361059711467530137
HIT 3 1851146043523 431 6827813902645853146
HIT 3 1846847275141 430 16651394921317397536
HIT 3 1851142242437 431 14179715138572605512
HIT 3 1859732177029 433 18055734145324874778
HIT 3 992148914309 231 10670516878725578595
HIT 3 1232667082885 287 5150518460641769017
HIT 3 1851142373509 431 8401090889554146251
HIT 3 1851149713539 431 2517861804193734205
HIT 3 1232670752900 287 5135717717539655795
HIT 3 1851146043524 431 16805088904048656573
HIT 3 1232670621829 287 9841682946716149055
HIT 3 1851145912453 431 6174513546102412312
HIT 3 1000742453381 233 13333291745294947805
HIT 3 1232670687365 287 17247072790207222328
HIT 3 1851145977989 431 13179851937673526952
HIT 3 1224080818309 285 6288756008489386894
HIT 3 1228375785605 286 10865205931614409105
HIT 3 1232670752901 287 8334704290740958989
HIT 3 1241260687493 289 4831632943071366325
HIT 3 1842556108933 429 5925141635800453807
HIT 3 1846851076229 430 17798910074900463905
HIT 3 1851146043525 431 762462932597476876
HIT 3 1859735978117 433 17901292851777402521
HIT 3 1232670883973 287 3666260992907017902
HIT 3 1851146174597 431 8959630571989267628
HIT 3 597009367174 139 9312279564520934849
HIT 3 743038255238 173 12301736096785517855
HIT 3 992146358406 231 17343376657420807649
HIT 3 1232664526982 287 9075102134988469769
HIT 3 1851139817606 431 10031109603181656472
HIT 3 734448386182 171 10971935093224147456
HIT 3 738743353478 172 3515648658947191214
HIT 3 743038320774 173 15290883604682686917
HIT 3 751628255366 175 18002151303370110744
HIT 3 983556489350 229 15745253368168624688
HIT 3 987851456646 230 12279678280149525753
HIT 3 992146423942 231 18124528428770869242
HIT 3 1000736358534 233 79059255116708207
HIT 3 1224074657926 285 13647069656511149949
HIT 3 1228369625222 286 15710740744715665967
HIT 3 1232664592518 287 16678022877645061196
HIT 3 1241254527110 289 14514869208128741214
HIT 3 1842549948550 429 95630865727438004
HIT 3 1846844915846 430 13395080864368137263
HIT 3 1851139883142 431 16373867921995753381
HIT 3 1859729817734 433 6205190895206205936
HIT 3 743038451846 173 15995479692783907934
HIT 3 992146555014 231 5808751815033250161
HIT 3 1232664723590 287 7180434656195841945
HIT 3 1851140014214 431 10893616895791977519
HIT 3 1851149713540 431 17350933700782178646
HIT 3 1851149582469 431 11237032336861583034
HIT 3 1241264291973 289 11824305065465536721
HIT 3 1851149648005 431 7643135899080483210
HIT 3 1842559778949 429 6186693113767711210
HIT 3 1846854746245 430 2159765963677882525
HIT 3 1851149713541 431 9953875799784047090
HIT 3 1859739648133 433 17302266873907470305
HIT 3 1851149844613 431 4727202350498983412
HIT 3 992148652166 231 11327952832718918375
HIT 3 1232666820742 287 11709497152839501145
HIT 3 1851142111366 431 13161880362974198101
HIT 3 751630549126 175 3946713306299015429
HIT 3 992148717702 231 8169863543792327665
HIT 3 1232666886278 287 204131050599338719
HIT 3 1851142176902 431 9249576847683103960
HIT 3 983558848646 229 7279136794711356643
HIT 3 987853815942 230 2742114591221246663
HIT 3 992148783238 231 12558636759046587237
HIT 3 1000738717830 233 3499081228621538781
HIT 3 1224077017222 285 3564733488077250501
HIT 3 1228371984518 286 15393223434039191755
HIT 3 1232666951814 287 7488234132503532205
HIT 3 1241256886406 289 648320645238071960
HIT 3 1842552307846 429 17655531356392114604
HIT 3 1846847275142 430 12407487844028572592
HIT 3 1851142242438 431 18232485082185160642
HIT 3 1859732177030 433 14074354973927859750
HIT 3 992148914310 231 5416060814449849460
HIT 3 1232667082886 287 2737371315223747983
HIT 3 1851142373510 431 10276976799597270647
HIT 3 743038255239 173 3946713306299015429
HIT 3 992146358407 231 12311317836585105924
HIT 3 1232664526983 287 14807594839116415589
HIT 3 1851139817607 431 10405421827847096165
HIT 3 743038320775 173 15995479692783907934
HIT 3 992146423943 231 5808751815033250161
HIT 3 1232664592519 287 7180434656195841945
HIT 3 1851139883143 431 10893616895791977519
HIT 3 743038386311 173 12301736096785517855
HIT 3 992146489479 231 17343376657420807649
HIT 3 1232664658055 287 9075102134988469769
HIT 3 1851139948679 431 10031109603181656472
HIT 3 743038451847 173 15183012604955507128
HIT 3 992146555015 231 15793129086942792036
HIT 3 1232664723591 287 5275404675530573058
HIT 3 1851140014215 431 15259584874244870600
HIT 3 743038517383 173 15026181051376604175
HIT 3 992146620551 231 1260887746195457925
HIT 3 1232664789127 287 5698714546538525856
HIT 3 1851140079751 431 8068206817724616257
HIT 3 743038582919 173 8171995648001588148
HIT 3 992146686087 231 16691234026682218231
HIT 3 1232664854663 287 9403488728914487282
HIT 3 1851140145287 431 9526710020722937166
HIT 3 743038648455 173 7144933389031476957
HIT 3 992146751623 231 2688959684345683428
HIT 3 1232664920199 287 1174140573039265431
HIT 3 1851140210823 431 4546661169822396988
HIT 3 743038713991 173 7647052762556279054
HIT 3 992146817159 231 17792205138642007228
HIT 3 1232664985735 287 8313782771520421408
HIT 3 1851140276359 431 10439938404012904547
HIT 3 743038779527 173 9805065205637069962
HIT 3 992146882695 231 8884336232727587135
HIT 3 1232665051271 287 2004063196314883637
HIT 3 1851140341895 431 11116186293666607196
HIT 3 743038845063 173 11496528016152300539
HIT 3 992146948231 231 18301972354929692257
HIT 3 1232665116807 287 14253440610220908048
HIT 3 1851140407431 431 16411067241744713857
HIT 3 743038910599 173 11849329142549985607
HIT 3 992147013767 231 2738929559380128253
HIT 3 1232665182343 287 5919757421047676345
HIT 3 1851140472967 431 1230771639097957148
HIT 3 743038976135 173 2305778812442927639
HIT 3 992147079303 231 2307084130142940131
HIT 3 1232665247879 287 7030083824264231010
HIT 3 1851140538503 431 13499206468940135173
HIT 3 743039041671 173 6691226692419601459
HIT 3 992147144839 231 4185728603133413598
HIT 3 1232665313415 287 857003746215397879
HIT 3 1851140604039 431 8729922466952407962
HIT 3 743039107207 173 16755029716726290939
HIT 3 992147210375 231 3735802965310919168
HIT 3 1232665378951 287 6781077529506219658
HIT 3 1851140669575 431 8635488489542800292
HIT 3 743039172743 173 4256062650336838215
HIT 3 992147275911 231 17175901453783882635
HIT 3 1232670621830 287 10680715091092308206
HIT 3 1851145912454 431 12934836170467742503
HIT 3 1000742453382 233 12311317836585105924
HIT 3 1232670687366 287 16092776067431719360
HIT 3 1851145977990 431 17555357079750415540
HIT 3 1224080818310 285 2640541596933322388
HIT 3 1228375785606 286 3510569861291519394
HIT 3 1232670752902 287 9741095492452437664
HIT 3 1241260687494 289 14083096141693078021
HIT 3 1842556108934 429 12645612121070181194
HIT 3 1846851076230 430 5063394329837452472
HIT 3 1851146043526 431 17321168446150680848
HIT 3 1859735978118 433 11335641483653744030
HIT 3 1232670883974 287 16171791293568201667
HIT 3 1851146174598 431 5320213133155920300
HIT 3 1232665444487 287 2699278292608079504
HIT 3 1851140735111 431 16471510140289590547
HIT 3 743039238279 173 7884674724787020507
HIT 3 992147341447 231 17561142607783127604
HIT 3 1232665510023 287 4306960277725010058
HIT 3 1851140800647 431 2454399490483516317
HIT 3 743039303815 173 12134157653553922485
HIT 3 992147406983 231 6620285715214640949
HIT 3 1232665575559 287 14996481184462927653
HIT 3 1851140866183 431 5545397526390185392
HIT 3 743039369351 173 8552237137497895804
HIT 3 992147472519 231 14846848140226810711
HIT 3 1232665641095 287 11621175755376249187
HIT 3 1851140931719 431 10422041144688778777
HIT 3 743039434887 173 2239657162582734670
HIT 3 992147538055 231 7416882369800165095
HIT 3 1232665706631 287 7021397263740087676
HIT 3 1851140997255 431 2498374503691513023
HIT 3 743039500423 173 11441495177958023341
HIT 3 992147603591 231 8392347993975372572
HIT 3 1232665772167 287 6505313932075397505
HIT 3 1851141062791 431 17546861448017286627
HIT 3 743039565959 173 5496632259122314306
HIT 3 992147669127 231 10764342317196350121
HIT 3 1232665837703 287 7984721724861183863
HIT 3 1851141128327 431 16145774229031668125
HIT 3 743039631495 173 17137372844307238626
HIT 3 992147734663 231 16859441093076111267
HIT 3 1232665903239 287 4060204116027920696
HIT 3 1851141193863 431 17612517647098539243
HIT 3 743039697031 173 16098969257683812184
HIT 3 992147800199 231 15993196044039698634
HIT 3 1232665968775 287 16560575747302026193
HIT 3 1851141259399 431 2940859136405916351
HIT 3 743039762567 173 3638390777342375546
HIT 3 992147865735 231 16215610621389160211
HIT 3 1232666034311 287 9966645379641702053
HIT 3 1851141324935 431 6391733794824439246
HIT 3 743039828103 173 13669950434887378040
HIT 3 992147931271 231 7962415523495807796
HIT 3 1232666099847 287 13417851135090408269
HIT 3 1851141390471 431 16400679807339321798
HIT 3 743039893639 173 65280481881549797
HIT 3 992147996807 231 5397277208485323914
HIT 3 1232666165383 287 14659799553815672397
HIT 3 1859749019781 433 10050447690162653133
HIT 3 1851141456007 431 9494141291172206370
HIT 3 743039959175 173 1779264290541055639
HIT 3 992148062343 231 17590793517851279532
HIT 3 1232666230919 287 9681011596101652001
HIT 3 1851141521543 431 18317238398650768482
HIT 3 743040024711 173 1396868128536503023
HIT 3 992148127879 231 8193679762336275447
HIT 3 1232666296455 287 18208480882946566153
HIT 3 1851141587079 431 18348106047426559264
HIT 3 743040090247 173 11891619416610060265
HIT 3 992148193415 231 1711992605796821399
HIT 3 1232666361991 287 7313845812773503415
HIT 3 743038451848 173 5937960422375776649
HIT 3 992146555016 231 9651544194587568002
HIT 3 1232664723592 287 14316552172197164292
HIT 3 1851140014216 431 11911025846579399187
HIT 3 1851141652615 431 10849982654351477479
HIT 3 743040155783 173 8945640341998087501
HIT 3 992148258951 231 1779822390644579472
HIT 3 1232666427527 287 16412275233495881425
HIT 3 1851141718151 431 9768673798793916171
HIT 3 743040221319 173 652585672900039091
HIT 3 992148324487 231 3999458597386781371
HIT 3 1232666493063 287 18412976644659818855
HIT 3 1851141783687 431 3843519674884738107
HIT 3 743040286855 173 17258475957285328747
HIT 3 992148390023 231 5744486215888978029
HIT 3 1232666558599 287 7389893923484567254
HIT 3 1851141849223 431 234540165931858380
HIT 3 743040352391 173 15093367316958860138
HIT 3 992148455559 231 2905945333459970574
HIT 3 1232666624135 287 5082749998299756082
HIT 3 1851141914759 431 17198107545000696224
HIT 3 734450483335 171 15093367316958860138
HIT 3 743040417927 173 6074313068122158682
HIT 3 992148521095 231 2469240553587954228
HIT 3 1232666689671 287 6796446611052867320
HIT 3 1851141980295 431 7093573749073433084
HIT 3 743040483463 173 10971935093224147456
HIT 3 751630418055 175 16930565351360195751
HIT 3 992148586631 231 7202159892393270713
HIT 3 1232666755207 287 4136799824513093605
HIT 3 1851142045831 431 10942196913308025456
HIT 3 743040548999 173 16930565351360195751
HIT 3 983558717575 229 17219058901368159700
HIT 3 987853684871 230 2009309650939146385
HIT 3 992148652167 231 4100085459292943125
HIT 3 1000738586759 233 2781814795549620205
HIT 3 1224076886151 285 2987847057779158000
HIT 3 1228371853447 286 6691786990467954737
HIT 3 1232666820743 287 1566485289575288183
HIT 3 1241256755335 289 2531754636562175054
HIT 3 1842552176775 429 104275223824354050
HIT 3 1846847144071 430 14850884348185871597
HIT 3 1851142111367 431 9703300908225105283
HIT 3 1859732045959 433 5713925110625727144
HIT 3 747335581831 174 10606648143445002509
HIT 3 751630549127 175 15290883604682686917
HIT 3 760220483719 177 13274884109245403839
HIT 3 983558783111 229 14996796253251527607
HIT 3 987853750407 230 13367816060415952811
HIT 3 992148717703 231 1767639619079712279
HIT 3 1000738652295 233 12121527087309881439
HIT 3 1224076951687 285 12015834344497076409
HIT 3 1228371918983 286 3191849432460156748
HIT 3 1232666886279 287 11476005647038345931
HIT 3 1241256820871 289 3331957391986533906
HIT 3 1842552242311 429 1256102631444715747
HIT 3 1846847209607 430 10518317225623470099
HIT 3 1851142176903 431 8762640557073172389
HIT 3 1859732111495 433 1325384300966840726
HIT 3 747335647367 174 3515648658947191214
HIT 3 751630614663 175 13274884109245403839
HIT 3 755925581959 176 10606648143445002509
HIT 3 760220549255 177 3455462427727814058
HIT 3 764515516551 178 6010244800712013455
HIT 3 768810483847 179 5118387174608806826
HIT 3 773105451143 180 5711632968885592166
HIT 3 777400418439 181 10564522833813582981
HIT 3 781695385735 182 6971074184238029877
HIT 3 785990353031 183 16657440465559374844
HIT 3 790285320327 184 5305065747482023692
HIT 3 794580287623 185 13770409262138781783
HIT 3 798875254919 186 12105180233790953887
HIT 3 803170222215 187 17756837478022396948
HIT 3 807465189511 188 12647534151613557774
HIT 3 811760156807 189 13587194183154892800
HIT 3 816055124103 190 17269483463418083874
HIT 3 820350091399 191 14436302887414265926
HIT 3 824645058695 192 8380044097130200308
HIT 3 828940025991 193 12355660547677312976
HIT 3 833234993287 194 3911292689606791718
HIT 3 837529960583 195 9495777766398424853
HIT 3 841824927879 196 4165012483773558081
HIT 3 846119895175 197 1496631866281936325
HIT 3 850414862471 198 8880408984401054186
HIT 3 854709829767 199 2401530992005816589
HIT 3 859004797063 200 9486457641836664159
HIT 3 863299764359 201 9356775981449737954
HIT 3 867594731655 202 17212829149843254812
HIT 3 871889698951 203 2081262893738565953
HIT 3 876184666247 204 1058859231782988156
HIT 3 880479633543 205 15614521069390144565
HIT 3 884774600839 206 3851143413744181508
HIT 3 889069568135 207 12381362957343429834
HIT 3 893364535431 208 16177710985019393141
HIT 3 897659502727 209 15640489416152708316
HIT 3 901954470023 210 8732361110792928326
HIT 3 906249437319 211 16915843393193555312
HIT 3 910544404615 212 3272099357302530858
HIT 3 914839371911 213 17943509671773730307
HIT 3 919134339207 214 4865058055178735543
HIT 3 923429306503 215 9414598909422392194
HIT 3 927724273799 216 5208666666346471527
HIT 3 932019241095 217 18018168120609852413
HIT 3 936314208391 218 17539855239955228716
HIT 3 940609175687 219 17937367954053149480
HIT 3 944904142983 220 5671059307126299252
HIT 3 949199110279 221 15459669943824461675
HIT 3 953494077575 222 10717197177301145924
HIT 3 957789044871 223 1725198407965994540
HIT 3 962084012167 224 5285658007611997931
HIT 3 966378979463 225 17030030783395570601
HIT 3 970673946759 226 5777088274881913194
HIT 3 974968914055 227 17220215612004359287
HIT 3 979263881351 228 13386461183075096901
HIT 3 983558848647 229 8358393999347901162
HIT 3 987853815943 230 13232560306766799790
HIT 3 992148783239 231 7138841764190489421
HIT 3 996443750535 232 15826803767127410914
HIT 3 1000738717831 233 9456530870292015117
HIT 3 1005033685127 234 6843305352572656298
HIT 3 1009328652423 235 18204976059850340830
HIT 3 1013623619719 236 8910912071706299369
HIT 3 1017918587015 237 3274610572513093570
HIT 3 1022213554311 238 17159621886079040526
HIT 3 1026508521607 239 587340947835506922
HIT 3 1030803488903 240 5791668795543691073
HIT 3 1035098456199 241 16750062821393721916
HIT 3 1039393423495 242 18033081954638806081
HIT 3 1043688390791 243 18104041681428260361
HIT 3 1047983358087 244 5555114592550475007
HIT 3 1052278325383 245 5720934130057164370
HIT 3 1056573292679 246 17848421934076108121
HIT 3 1060868259975 247 131518902891117243
HIT 3 1065163227271 248 2045268764294193693
HIT 3 1069458194567 249 4132091750656803121
HIT 3 1073753161863 250 5900995879111851682
HIT 3 1078048129159 251 1300584205846236516
HIT 3 1082343096455 252 3252232810484877188
HIT 3 1086638063751 253 3902438960611027231
HIT 3 1090933031047 254 9239684068684723170
HIT 3 1095227998343 255 9867774649308308527
HIT 3 1099522965639 256 7868133914303185073
HIT 3 1103817932935 257 8455380164391316369
HIT 3 1108112900231 258 4707580394964847929
HIT 3 1112407867527 259 7609096401433404655
HIT 3 1116702834823 260 14745927396599242661
HIT 3 1120997802119 261 5980620902004893951
HIT 3 1125292769415 262 14753559031979552634
HIT 3 1129587736711 263 9038119311881309006
HIT 3 1133882704007 264 10466360922169120453
HIT 3 1138177671303 265 4557812381233066697
HIT 3 1142472638599 266 9004648208630081449
HIT 3 1146767605895 267 7644241451505859199
HIT 3 1151062573191 268 3271979454520551160
HIT 3 1155357540487 269 17680577296087576451
HIT 3 1159652507783 270 7206039362585670397
HIT 3 1163947475079 271 3789235924694467597
HIT 3 1168242442375 272 9133837891618529525
HIT 3 1172537409671 273 16599680200613858374
HIT 3 1176832376967 274 10068802008491897591
HIT 3 1181127344263 275 16546349874699756697
HIT 3 1185422311559 276 917333345367215202
HIT 3 1189717278855 277 18077616991136151694
HIT 3 1194012246151 278 12655497395407503239
HIT 3 1198307213447 279 2817728693781480534
HIT 3 1202602180743 280 17657777963354441033
HIT 3 1206897148039 281 9587694696103129731
HIT 3 1211192115335 282 10021729042930403089
HIT 3 1215487082631 283 9208329387311374545
HIT 3 1219782049927 284 3732358966626872754
HIT 3 1224077017223 285 15089579890001488162
HIT 3 1228371984519 286 18401447370947531256
HIT 3 1232666951815 287 1429997676780647139
HIT 3 1236961919111 288 15182768392238823661
HIT 3 1241256886407 289 5811078240816899316
HIT 3 1245551853703 290 12118845306886323516
HIT 3 1249846820999 291 13532884717802243578
HIT 3 1254141788295 292 4258107268020819117
HIT 3 1258436755591 293 6444618340409181297
HIT 3 1262731722887 294 18200950910800178053
HIT 3 1267026690183 295 17272543669116113066
HIT 3 1271321657479 296 1190903491084982452
HIT 3 1275616624775 297 14256268503773626704
HIT 3 1279911592071 298 9479019605302615813
HIT 3 1284206559367 299 659895136765441932
HIT 3 1288501526663 300 16942084981103771393
HIT 3 1292796493959 301 5530557147263587910
HIT 3 1297091461255 302 7777747328832651237
HIT 3 1301386428551 303 9202276316631048713
HIT 3 1305681395847 304 12699730174911943806
HIT 3 1309976363143 305 15056718189108848017
HIT 3 1314271330439 306 1966637393117762535
HIT 3 1318566297735 307 15993419736176823938
HIT 3 1322861265031 308 18070785039345144434
HIT 3 1327156232327 309 12871695387926320144
HIT 3 1331451199623 310 14021219770451457803
HIT 3 1335746166919 311 17025956108377502212
HIT 3 1340041134215 312 17538921058458715464
HIT 3 1344336101511 313 15335151312449965336
HIT 3 1348631068807 314 3893307633427018951
HIT 3 1352926036103 315 1568171572688768621
HIT 3 1357221003399 316 4722487253870044782
HIT 3 1361515970695 317 5268384075194750337
HIT 3 1365810937991 318 15271655051306267634
HIT 3 1370105905287 319 15792377085632663427
HIT 3 1374400872583 320 2144149296407913799
HIT 3 1378695839879 321 233516361320264765
HIT 3 1382990807175 322 10310423331600840856
HIT 3 1387285774471 323 2649568199989261699
HIT 3 1391580741767 324 8075729864482892984
HIT 3 1395875709063 325 17466607528135084706
HIT 3 1400170676359 326 17009627150285332617
HIT 3 1404465643655 327 726549388327591990
HIT 3 1408760610951 328 3537886446921978314
HIT 3 1413055578247 329 8323452490389834179
HIT 3 1417350545543 330 16147644928399721675
HIT 3 1421645512839 331 13393580119776723785
HIT 3 1425940480135 332 14683581089165493191
HIT 3 1430235447431 333 4240685199835398990
HIT 3 1434530414727 334 5027548575117426839
HIT 3 1438825382023 335 4414308454317202370
HIT 3 1443120349319 336 17044103637874611798
HIT 3 1447415316615 337 9856783522688793380
HIT 3 1451710283911 338 8832600996880317006
HIT 3 1456005251207 339 10919736653480803094
HIT 3 1460300218503 340 11815540715043560906
HIT 3 1464595185799 341 14861103056419406922
HIT 3 1468890153095 342 17605580591158004266
HIT 3 1473185120391 343 11893952746525694108
HIT 3 1477480087687 344 11567609539152628697
HIT 3 1481775054983 345 4273872476032933881
HIT 3 1486070022279 346 942147590051253947
HIT 3 1490364989575 347 735785347565299344
HIT 3 1494659956871 348 3279281892366578281
HIT 3 1498954924167 349 16744354719971059855
HIT 3 1503249891463 350 9152847483132277948
HIT 3 1507544858759 351 4893884369144960946
HIT 3 1511839826055 352 10042159948217890417
HIT 3 1516134793351 353 10088720682890087203
HIT 3 1520429760647 354 18421539903821855879
HIT 3 1524724727943 355 1379064637677238344
HIT 3 1529019695239 356 12727183130943082066
HIT 3 1533314662535 357 12728611747032186425
HIT 3 1537609629831 358 14080987640388633191
HIT 3 1541904597127 359 17439550501489236661
HIT 3 1546199564423 360 2400463555697972743
HIT 3 1550494531719 361 17412160905894920931
HIT 3 1554789499015 362 18386765120185191773
HIT 3 1559084466311 363 6937889793357885741
HIT 3 1563379433607 364 6023433952598736000
HIT 3 1567674400903 365 15895046426642411918
HIT 3 1571969368199 366 6430607063391240996
HIT 3 1576264335495 367 14036917085845613534
HIT 3 1580559302791 368 11821556304728171939
HIT 3 1584854270087 369 12945297132876636537
HIT 3 1589149237383 370 9604007767894620282
HIT 3 1593444204679 371 14348578233726619064
HIT 3 1597739171975 372 15169967224822602591
HIT 3 1602034139271 373 11730409033262223543
HIT 3 1606329106567 374 2520681243524360052
HIT 3 1610624073863 375 8635370046136706874
HIT 3 1614919041159 376 13392478902403308240
HIT 3 1619214008455 377 14755302477492740597
HIT 3 1623508975751 378 3198283449909347987
HIT 3 1627803943047 379 8988119071764132161
HIT 3 1632098910343 380 18046173366753262660
HIT 3 1636393877639 381 2091843184521239248
HIT 3 1640688844935 382 6190673511904039871
HIT 3 1644983812231 383 2217984593851236221
HIT 3 1649278779527 384 995266663499495541
HIT 3 1653573746823 385 10736758262003685843
HIT 3 1657868714119 386 17098505488347750526
HIT 3 1662163681415 387 7923032206469871349
HIT 3 1666458648711 388 8821305638593819628
HIT 3 1670753616007 389 1996912777218288665
HIT 3 1675048583303 390 6837273136386584076
HIT 3 1679343550599 391 14011148520662951737
HIT 3 1683638517895 392 13446653710341577345
HIT 3 1687933485191 393 12008328988837113774
HIT 3 1692228452487 394 1240524322346952685
HIT 3 1696523419783 395 7963318195718944015
HIT 3 1700818387079 396 7969857298705816895
HIT 3 1705113354375 397 14509976392198205153
HIT 3 1709408321671 398 17502487115595879493
HIT 3 1713703288967 399 6400974318361294305
HIT 3 1717998256263 400 16086653640157270859
HIT 3 1722293223559 401 8212063961606545249
HIT 3 1726588190855 402 17701352494029751052
HIT 3 1730883158151 403 5177722249155361312
HIT 3 1735178125447 404 14548435018955772251
HIT 3 1739473092743 405 4769721006277829126
HIT 3 1743768060039 406 2086628716097671005
HIT 3 1748063027335 407 7190589234135074917
HIT 3 1752357994631 408 4783081742270656320
HIT 3 1756652961927 409 10554879400954422372
HIT 3 1760947929223 410 10656297557749638927
HIT 3 1765242896519 411 2366343827473551328
HIT 3 1769537863815 412 10411717403663238806
HIT 3 1773832831111 413 13689148163311422231
HIT 3 1778127798407 414 14869274244340200265
HIT 3 1782422765703 415 15098113456401562016
HIT 3 1786717732999 416 17807954222753778658
HIT 3 1791012700295 417 16865735415957608074
HIT 3 1795307667591 418 17036949405365710043
HIT 3 1799602634887 419 1719451530814141326
HIT 3 1803897602183 420 48691988742064300
HIT 3 1808192569479 421 4420329492152972823
HIT 3 1812487536775 422 10108148422924557720
HIT 3 1816782504071 423 17256771588113184500
HIT 3 1821077471367 424 3360022288111076273
HIT 3 1825372438663 425 11942255263573340570
HIT 3 1829667405959 426 13218180309405183580
HIT 3 1833962373255 427 10687628394288986861
HIT 3 1838257340551 428 13014657168693017642
HIT 3 1842552307847 429 15707531239512879444
HIT 3 1846847275143 430 1423954406072724382
HIT 3 1851142242439 431 11920172797061740465
HIT 3 1855437209735 432 11293913713971068024
HIT 3 1859732177031 433 9693914818630970317
HIT 3 1864027144327 434 9317341795542801849
HIT 3 1868322111623 435 14413345050047482999
HIT 3 1872617078919 436 5964053320172502625
HIT 3 1876912046215 437 11825995191898401410
HIT 3 1881207013511 438 7658077860677436138
HIT 3 1885501980807 439 5050906697581575088
HIT 3 1889796948103 440 18193714778061979667
HIT 3 1894091915399 441 17209712361786096633
HIT 3 1898386882695 442 4411397696741522237
HIT 3 1902681849991 443 9473384238818695622
HIT 3 1906976817287 444 14858032230043181010
HIT 3 1911271784583 445 17870160785400187182
HIT 3 1915566751879 446 2234303985897344777
HIT 3 1919861719175 447 1348072953084061921
HIT 3 1924156686471 448 5194501800538011896
HIT 3 1928451653767 449 10377153746306984209
HIT 3 1932746621063 450 12245258233625606944
HIT 3 1937041588359 451 12618279931807865632
HIT 3 1941336555655 452 7933265007554824785
HIT 3 1945631522951 453 4804933481601496240
HIT 3 1949926490247 454 18441443373406641763
HIT 3 1954221457543 455 13651255316082924932
HIT 3 1958516424839 456 7559957654118549928
HIT 3 1962811392135 457 15353537268318640016
HIT 3 1967106359431 458 3980006547377308378
HIT 3 1971401326727 459 8661948164269213114
HIT 3 1975696294023 460 17532730992787060114
HIT 3 1979991261319 461 9510105284280316860
HIT 3 1984286228615 462 15002507855158532840
HIT 3 1988581195911 463 765319280516064226
HIT 3 1992876163207 464 16867516822573308666
HIT 3 1997171130503 465 2802631072780740855
HIT 3 2001466097799 466 3208666242790669564
HIT 3 2005761065095 467 14157748494217270916
HIT 3 2010056032391 468 4596334735048244788
HIT 3 2014350999687 469 4729453500744107220
HIT 3 2018645966983 470 12060074329693164668
HIT 3 2022940934279 471 15882481149626342565
HIT 3 2027235901575 472 5776705665839623015
HIT 3 2031530868871 473 5854833562063650933
HIT 3 2035825836167 474 10365376247023631088
HIT 3 2040120803463 475 6066006013336345127
HIT 3 2044415770759 476 3228926702758134280
HIT 3 2048710738055 477 9668304082230320865
HIT 3 2053005705351 478 2116127139478758371
HIT 3 2057300672647 479 10860216183407897716
HIT 3 2061595639943 480 7336419525480454089
HIT 3 2065890607239 481 435486069307579025
HIT 3 2070185574535 482 12047700674060861968
HIT 3 2074480541831 483 8218792188632576211
HIT 3 2078775509127 484 11794787167749766532
HIT 3 2083070476423 485 6487341365880064783
HIT 3 2087365443719 486 12730284466993281778
HIT 3 2091660411015 487 17310860161948769400
HIT 3 2095955378311 488 4918790382830729893
HIT 3 2100250345607 489 9524357956847036536
HIT 3 2104545312903 490 8289151873558066050
HIT 3 2108840280199 491 1513551288417915270
HIT 3 2113135247495 492 12085874309573300767
HIT 3 2117430214791 493 16910088623880788036
HIT 3 2121725182087 494 4906166534746400444
HIT 3 2126020149383 495 4090849296728422880
HIT 3 2130315116679 496 7413364168657882094
HIT 3 2134610083975 497 1067966819259141777
HIT 3 2138905051271 498 13913606630150900755
HIT 3 2143200018567 499 5965181992487138950
HIT 3 2147494985863 500 18006759467648325169
HIT 3 2151789953159 501 5732879340857661685
HIT 3 2156084920455 502 14918086913198490632
HIT 3 2160379887751 503 9206591549026855599
HIT 3 2164674855047 504 9893418439558302339
HIT 3 2168969822343 505 11768633663081488224
HIT 3 2173264789639 506 2563200901872895053
HIT 3 2177559756935 507 6766400747697738061
HIT 3 2181854724231 508 11904391765204293609
HIT 3 2186149691527 509 2666291255575256880
HIT 3 2190444658823 510 17768379140310907450
HIT 3 2194739626119 511 15808492959982297487
HIT 3 760220614791 177 18002151303370110744
HIT 3 992148848775 231 15275461779127411820
HIT 3 1232667017351 287 15716062729547710077
HIT 3 1851142307975 431 10638582012341039571
HIT 3 983558979719 229 3421072827589877507
HIT 3 987853947015 230 3441482676451815220
HIT 3 992148914311 231 16897391651030801996
HIT 3 1000738848903 233 14580930390165457545
HIT 3 1224077148295 285 3322103488447087744
HIT 3 1228372115591 286 2724857793922232793
HIT 3 1232667082887 287 17915018267530255922
HIT 3 1241257017479 289 11212065492315126065
HIT 3 1842552438919 429 2292123472998505088
HIT 3 1846847406215 430 1406575492468727530
HIT 3 1851142373511 431 3742432834750951871
HIT 3 1859732308103 433 1157045923773523607
HIT 3 992148979847 231 2694591820057569330
HIT 3 1232667148423 287 5161755576508782558
HIT 3 1851142439047 431 8336993431045223023
HIT 3 992149045383 231 15383468156948385939
HIT 3 1232667213959 287 18210586195329077706
HIT 3 1851142504583 431 1155127600674132364
HIT 3 992149110919 231 797513713072431475
HIT 3 1232667279495 287 16011354204215037132
HIT 3 1851142570119 431 13367891044707597367
HIT 3 992149176455 231 13783792877160585630
HIT 3 1232667345031 287 18193341839319270195
HIT 3 1851142635655 431 1982556163435042289
HIT 3 992149241991 231 541316713733381144
HIT 3 1232667410567 287 7214015273389057999
HIT 3 1851142701191 431 7385394288131037002
HIT 3 1851149582470 431 13868358373999981932
HIT 3 1241264291974 289 14807594839116415589
HIT 3 992149307527 231 2138278735046358639
HIT 3 1232667476103 287 12621438162129214999
HIT 3 1851142766727 431 14388376497861099884
HIT 3 992149373063 231 14222281787044331647
HIT 3 1232667541639 287 11458304371331783472
HIT 3 1851149648006 431 11068166145160266508
HIT 3 1842559778950 429 5913200427578041631
HIT 3 1846854746246 430 9952869004107090180
HIT 3 1851149713542 431 3050864069491687965
HIT 3 1859739648134 433 10743259025133449637
HIT 3 1851142832263 431 16686191285540435150
HIT 3 992149438599 231 2231109041987745707
HIT 3 1232667607175 287 4263958729346848649
HIT 3 1851149844614 431 16120348404721583709
HIT 3 1851142897799 431 9931804547112052551
HIT 3 992149504135 231 2095423662897570003
HIT 3 1232667672711 287 14443008336546696016
HIT 3 1851142963335 431 2917310835585199860
HIT 3 992149569671 231 4353343422732567425
HIT 3 1232667738247 287 12537970747525021615
HIT 3 1851143028871 431 3289727579578799697
HIT 3 992149635207 231 12207321737502051440
HIT 3 1232667803783 287 16441925879738028695
HIT 3 1851143094407 431 8743867749566846185
HIT 3 992149700743 231 7072435521336915995
HIT 3 1232667869319 287 4352886087523390436
HIT 3 1851143159943 431 14120219981845420957
HIT 3 992149766279 231 513612125361409877
HIT 3 1232667934855 287 1634146913875934717
HIT 3 1851143225479 431 4156268856619141485
HIT 3 992149831815 231 14057679904684721131
HIT 3 1232668000391 287 12840074817286098655
HIT 3 1851143291015 431 10360905430155099768
HIT 3 992149897351 231 623630432700892578
HIT 3 1232668065927 287 11593030561450877295
HIT 3 1851143356551 431 13752694827905591059
HIT 3 992149962887 231 9661697889296070164
HIT 3 1232668131463 287 8886252439633287761
HIT 3 1851143422087 431 992590475603308031
HIT 3 992150028423 231 15482125950680983872
HIT 3 1232668196999 287 8470129814465224742
HIT 3 1851143487623 431 9466586649449600818
HIT 3 992150093959 231 10194929533561865512
HIT 3 1232668262535 287 14256635832313611060
HIT 3 1851143553159 431 16503881919032189981
HIT 3 992150159495 231 378149180122307321
HIT 3 1232668328071 287 14264565759991900960
HIT 3 1851143618695 431 17811081797034955903
HIT 3 992150225031 231 5837878873481257729
HIT 3 1232668393607 287 10328161618206406344
HIT 3 1851143684231 431 6455237782004664391
HIT 3 992150290567 231 6935644702632079379
HIT 3 1232668459143 287 7045084874825151250
HIT 3 1851143749767 431 9034029766054052661
HIT 3 992150356103 231 11665930829713042544
HIT 3 1232668524679 287 4370150065422332498
HIT 3 1851143815303 431 14333262288671380505
HIT 3 992150421639 231 3994301967036126486
HIT 3 1232668590215 287 18260421009832114216
HIT 3 1851143880839 431 13951279013511891841
HIT 3 992150487175 231 1180789193470118417
HIT 3 1232668655751 287 11874112239712425908
HIT 3 1851143946375 431 9290536146001139303
HIT 3 992150552711 231 14382097551241968772
HIT 3 1232668721287 287 14464644272891581359
HIT 3 1851144011911 431 5543304759598954414
HIT 3 992150618247 231 2094102187123805792
HIT 3 1232668786823 287 9002301999659040674
HIT 3 1851144077447 431 17602899427011531053
HIT 3 992150683783 231 1828756076232327734
HIT 3 1232668852359 287 1320606369174085105
HIT 3 992148783240 231 1166519516536690942
HIT 3 1232666951816 287 8324278664501267450
HIT 3 1851142242440 431 6687162568381638126
HIT 3 992148652169 231 10617596743273243549
HIT 3 1232666820745 287 6455773076603149006
HIT 3 1851142111369 431 2063494996428956528
HIT 3 751630549129 175 5937960422375776649
HIT 3 992148717705 231 11126492387413604235
HIT 3 1232666886281 287 14371822863428884726
HIT 3 1851142176905 431 14634357570441928094
HIT 3 983558848649 229 10448457703875346051
HIT 3 987853815945 230 3524424842013046174
HIT 3 992148783241 231 13971165664679322729
HIT 3 1000738717833 233 16720772007084441165
HIT 3 1224077017225 285 969732744271631197
HIT 3 1228371984521 286 8637980051719081077
HIT 3 1232666951817 287 2041156690748043536
HIT 3 1241256886409 289 15571118642325630285
HIT 3 1842552307849 429 15353334729910812150
HIT 3 1846847275145 430 6347713123852564285
HIT 3 1851142242441 431 7501076219384820556
HIT 3 1859732177033 433 11977226537200067127
HIT 3 1851144142983 431 16197241849303763460
HIT 3 992150749319 231 15752441026985018027
HIT 3 1232668917895 287 9770006693553899795
HIT 3 1851144208519 431 10069377502401354507
HIT 3 992150814855 231 1088707240628030873
HIT 3 1232668983431 287 8081355205516928499
HIT 3 1851144274055 431 15719788079122850408
HIT 3 992150880391 231 16544911847662905389
HIT 3 1232669048967 287 4233597898825677749
HIT 3 1851144339591 431 8356053809639766868
HIT 3 992150945927 231 17085622856636344262
HIT 3 1232669114503 287 17024858764503742740
HIT 3 1851144405127 431 8786828085205435359
HIT 3 992151011463 231 3008150726934581614
HIT 3 1232669180039 287 11169177960209519655
HIT 3 1851144470663 431 9987958227329375531
HIT 3 992151076999 231 3199923836949867786
HIT 3 1232669245575 287 772151091924748622
HIT 3 1851144536199 431 16720633695486737796
HIT 3 992151142535 231 4195629610886362193
HIT 3 1232669311111 287 1382386641547298095
HIT 3 1851144601735 431 4391326737907677768
HIT 3 992151208071 231 13056582781637045557
HIT 3 1232669376647 287 17353842910882860897
HIT 3 1851144667271 431 16521237086929405476
HIT 3 992151273607 231 16425760650212951426
HIT 3 1232669442183 287 18336352146484106465
HIT 3 1851144732807 431 16616223630781603319
HIT 3 992151339143 231 6612545078606483002
HIT 3 1232669507719 287 5012068659681332562
HIT 3 1851144798343 431 10317963630222949806
HIT 3 992151404679 231 6965008995798810740
HIT 3 1232669573255 287 4506148552788602876
HIT 3 1851144863879 431 16595139895552409936
HIT 3 992151470215 231 14308456394726439103
HIT 3 1232669638791 287 10554659069611360215
HIT 3 1851144929415 431 12901268455301352233
HIT 3 992151535751 231 9356445890375135540
HIT 3 1232669704327 287 717217990073126087
HIT 3 1851144994951 431 17937681075787523177
HIT 3 992151601287 231 7339012125128553388
HIT 3 1232669769863 287 9873772921932130042
HIT 3 1851145060487 431 13043873301561391788
HIT 3 992151666823 231 3815340265991601183
HIT 3 1232669835399 287 3912697382994895247
HIT 3 1851145126023 431 3149168451846585758
HIT 3 992151732359 231 10119656905478737738
HIT 3 1232669900935 287 17203163164114567621
HIT 3 992148914313 231 7401329137334275104
HIT 3 1232667082889 287 16688992400506635602
HIT 3 1851142373513 431 6401965170232182478
HIT 3 1851145191559 431 3443470892088416901
HIT 3 992151797895 231 10107846713581304959
HIT 3 1232669966471 287 16324926016362515246
HIT 3 1851145257095 431 3362350441905781474
HIT 3 992151863431 231 14841493433648174735
HIT 3 1232670032007 287 10585348144969455224
HIT 3 1851145322631 431 5552081526474235430
HIT 3 992151928967 231 12008488754839232080
HIT 3 1232670097543 287 15679772024186902374
HIT 3 1851145388167 431 8138894732842242368
HIT 3 992151994503 231 5773175832950962793
HIT 3 1232670163079 287 2712575335091635506
HIT 3 1851145453703 431 7981987012519639109
HIT 3 992152060039 231 9569953800221208168
HIT 3 1232670228615 287 7779296926147957261
HIT 3 1851145519239 431 3666332077259945341
HIT 3 992152125575 231 7417707436302639717
HIT 3 1232670294151 287 14664331983655369416
HIT 3 1851145584775 431 4776477464516644098
HIT 3 992152191111 231 15790464721253134
HIT 3 1232670359687 287 3674547995502496148
HIT 3 1851145650311 431 7671057705100068869
HIT 3 992152256647 231 6243840752657232253
HIT 3 1232670425223 287 9116940198103726444
HIT 3 1851145715847 431 8022573613886628240
HIT 3 983562387591 229 6243840752657232253
HIT 3 992152322183 231 215483411498368677
HIT 3 1232670490759 287 11324520796902690443
HIT 3 1851145781383 431 9690605621696236093
HIT 3 992152387719 231 15745253368168624688
HIT 3 1000742322311 233 3901175537955175446
HIT 3 1232670556295 287 7709252405984877570
HIT 3 1851145846919 431 7884403113255662160
HIT 3 992152453255 231 3901175537955175446
HIT 3 1224080687239 285 2584441361806242114
HIT 3 1228375654535 286 3646559085804734643
HIT 3 1232670621831 287 2223605415760519940
HIT 3 1241260556423 289 17466744014108327622
HIT 3 1842555977863 429 13412831057565585891
HIT 3 1846850945159 430 6857167853120322012
HIT 3 1851145912455 431 16368714959104618241
HIT 3 1859735847047 433 11842343686273363195
HIT 3 996447486087 232 8064189822545631728
HIT 3 1000742453383 233 18124528428770869242
HIT 3 1009332387975 235 860053314652797472
HIT 3 1224080752775 285 7041303053563854586
HIT 3 1228375720071 286 2833396647683965674
HIT 3 1232670687367 287 4940992668104264601
HIT 3 1241260621959 289 2087898694698852743
HIT 3 1842556043399 429 4199432901354954209
HIT 3 1846851010695 430 7627698190576026409
HIT 3 1851145977991 431 10689663849921381515
HIT 3 1859735912583 433 9127877253977140304
HIT 3 996447551623 232 12279678280149525753
HIT 3 1000742518919 233 860053314652797472
HIT 3 1005037486215 234 8064189822545631728
HIT 3 1009332453511 235 4113625520657852735
HIT 3 1013627420807 236 5926855107626762944
HIT 3 1017922388103 237 16445012536457811827
HIT 3 1022217355399 238 11146389691884079398
HIT 3 1026512322695 239 14071334560384727752
HIT 3 1030807289991 240 12266399432757048664
HIT 3 1035102257287 241 7373991597740093190
HIT 3 1039397224583 242 12278959797593385268
HIT 3 1043692191879 243 694041126757110320
HIT 3 1047987159175 244 1466329125319136111
HIT 3 1052282126471 245 6533949621906052888
HIT 3 1056577093767 246 1965052265405393807
HIT 3 1060872061063 247 4841608056272889141
HIT 3 1065167028359 248 12343498845714218070
HIT 3 1069461995655 249 12059145794195553265
HIT 3 1073756962951 250 3402070111016321010
HIT 3 1078051930247 251 7316978994634266223
HIT 3 1082346897543 252 15892158785731516263
HIT 3 1086641864839 253 15314768556968377525
HIT 3 1090936832135 254 1969592372913522726
HIT 3 1095231799431 255 17929725672666059542
HIT 3 1099526766727 256 6081529788454083416
HIT 3 1103821734023 257 16400046358800501774
HIT 3 1108116701319 258 269701113528697450
HIT 3 1112411668615 259 1262414419116115584
HIT 3 1116706635911 260 4824575699722619350
HIT 3 1121001603207 261 14093158243623697676
HIT 3 1125296570503 262 11584763315141451457
HIT 3 1129591537799 263 9756333673601591269
HIT 3 1133886505095 264 7529907293516891207
HIT 3 1138181472391 265 14565872550157926339
HIT 3 1142476439687 266 3642698465068491046
HIT 3 1146771406983 267 4351174148880194625
HIT 3 1151066374279 268 1422694860944011971
HIT 3 1155361341575 269 13056514468823551470
HIT 3 1159656308871 270 10727738731176840719
HIT 3 1163951276167 271 15693688029245000497
HIT 3 1168246243463 272 12373246699438580345
HIT 3 1172541210759 273 15208930322261678280
HIT 3 1176836178055 274 17426893397503556833
HIT 3 1181131145351 275 14144853723691405243
HIT 3 1185426112647 276 5958640866754973703
HIT 3 1189721079943 277 3046769774607956678
HIT 3 1194016047239 278 7933789035981519536
HIT 3 1198311014535 279 2407606173794035860
HIT 3 1202605981831 280 2289893150730969829
HIT 3 1206900949127 281 8326625610211675258
HIT 3 1211195916423 282 301584406646993813
HIT 3 1215490883719 283 12635218896345340602
HIT 3 1219785851015 284 9642692271482750959
HIT 3 1224080818311 285 6664166190954889787
HIT 3 1228375785607 286 5419845986983878258
HIT 3 1232670752903 287 17875900635549201135
HIT 3 1236965720199 288 2858194229495039816
HIT 3 1241260687495 289 343724874998497717
HIT 3 1245555654791 290 13803720365337405863
HIT 3 1249850622087 291 11246739393673097945
HIT 3 1254145589383 292 7128958391372076671
HIT 3 1258440556679 293 4992886517863890076
HIT 3 1262735523975 294 6016407979434242850
HIT 3 1267030491271 295 5773370478552690858
HIT 3 1271325458567 296 10575951226764799144
HIT 3 1275620425863 297 9583813955477925415
HIT 3 1279915393159 298 14335397061132977809
HIT 3 1284210360455 299 12017875071463623625
HIT 3 1288505327751 300 18393859572356939198
HIT 3 1292800295047 301 1903593955326376707
HIT 3 1297095262343 302 8044331198515112404
HIT 3 1301390229639 303 11642316138091529744
HIT 3 1305685196935 304 11102367383254434885
HIT 3 1309980164231 305 9991345721915310379
HIT 3 1314275131527 306 10698709165983671048
HIT 3 1318570098823 307 5683196872514046062
HIT 3 1322865066119 308 10443963075516258681
HIT 3 1327160033415 309 255638382592573265
HIT 3 1331455000711 310 4967745629054106609
HIT 3 1335749968007 311 17323736139063471845
HIT 3 1340044935303 312 6336341497675172722
HIT 3 1344339902599 313 11981745969403334224
HIT 3 1348634869895 314 841795487088028999
HIT 3 1352929837191 315 9290540030849083458
HIT 3 1357224804487 316 15819709349271241772
HIT 3 1361519771783 317 6716430344589129790
HIT 3 1365814739079 318 17250979191895955262
HIT 3 1370109706375 319 4557705452286236947
HIT 3 1374404673671 320 7049295521818477817
HIT 3 1378699640967 321 15319167016822720653
HIT 3 1382994608263 322 3993255236008843320
HIT 3 1387289575559 323 15477007027063225271
HIT 3 1391584542855 324 3295594649807845303
HIT 3 1395879510151 325 8127611571274246843
HIT 3 1400174477447 326 14824335947374858103
HIT 3 1404469444743 327 12589913737749261883
HIT 3 1408764412039 328 15028387907537542046
HIT 3 1413059379335 329 12395196395833498595
HIT 3 1417354346631 330 172951404601448061
HIT 3 1421649313927 331 5902554143011381056
HIT 3 1425944281223 332 2031632747001827595
HIT 3 1430239248519 333 12790058351988160893
HIT 3 1434534215815 334 2009219088274164168
HIT 3 1438829183111 335 6905568494197425777
HIT 3 1443124150407 336 9618056338109580618
HIT 3 1447419117703 337 4202793190157066705
HIT 3 1451714084999 338 17854776721649982206
HIT 3 1456009052295 339 10706036743898512423
HIT 3 1460304019591 340 4000757135111479332
HIT 3 1464598986887 341 8495256213053536891
HIT 3 1468893954183 342 7274995667110072082
HIT 3 1473188921479 343 16778442128879953658
HIT 3 1477483888775 344 18102132009319526602
HIT 3 1481778856071 345 15174086563414904295
HIT 3 1486073823367 346 18100256391988728923
HIT 3 1490368790663 347 11403805504038998443
HIT 3 1494663757959 348 16936765959009250695
HIT 3 1498958725255 349 3458119565226008600
HIT 3 1503253692551 350 12924518632769597879
HIT 3 1507548659847 351 18017113054968238691
HIT 3 1511843627143 352 5929367300547310271
HIT 3 1516138594439 353 15293730200424970903
HIT 3 1520433561735 354 3398879523693094487
HIT 3 1524728529031 355 1894955713769649441
HIT 3 1529023496327 356 252149400283244202
HIT 3 1533318463623 357 17060890535676924818
HIT 3 1537613430919 358 18285794178883575508
HIT 3 1541908398215 359 10430174457303295844
HIT 3 1546203365511 360 14925553638137158026
HIT 3 1550498332807 361 15323565805467695630
HIT 3 1554793300103 362 16482175199128943762
HIT 3 1559088267399 363 9160181332890027133
HIT 3 1563383234695 364 9033406347910664697
HIT 3 1567678201991 365 3841124957003478193
HIT 3 1571973169287 366 18157143771076168243
HIT 3 1576268136583 367 5208307061672136516
HIT 3 1580563103879 368 10032601936435661667
HIT 3 1584858071175 369 5765774553564490579
HIT 3 1589153038471 370 7667233399115661543
HIT 3 1593448005767 371 207449090676464766
HIT 3 1597742973063 372 9496212137414008046
HIT 3 1602037940359 373 7431708566475674891
HIT 3 1606332907655 374 14704186956689051142
HIT 3 1610627874951 375 4268291875466323488
HIT 3 1614922842247 376 10995366165935046621
HIT 3 1619217809543 377 2290081919295707810
HIT 3 1623512776839 378 18109962010860222677
HIT 3 1627807744135 379 2042400520020830461
HIT 3 1632102711431 380 3574418461833768822
HIT 3 1636397678727 381 20393677305580555
HIT 3 1640692646023 382 17606060499644275899
HIT 3 1644987613319 383 10563653377561342580
HIT 3 1649282580615 384 3259091523802425370
HIT 3 1653577547911 385 16626147549083409874
HIT 3 1657872515207 386 3319324194938138804
HIT 3 1662167482503 387 17312739765321140317
HIT 3 1666462449799 388 4031228319449610982
HIT 3 1670757417095 389 17231059832820639700
HIT 3 1675052384391 390 1147985474398226081
HIT 3 1679347351687 391 2212849750329045108
HIT 3 1683642318983 392 9531499059034896851
HIT 3 1687937286279 393 9690975298941886635
HIT 3 1692232253575 394 1513284630945276455
HIT 3 1696527220871 395 9117137907375261239
HIT 3 1700822188167 396 13163904335431196042
HIT 3 1705117155463 397 8910975802301795955
HIT 3 1709412122759 398 13975541496316264396
HIT 3 1713707090055 399 13323281715425954939
HIT 3 1718002057351 400 6492134029654049976
HIT 3 1722297024647 401 17220399602595150962
HIT 3 1726591991943 402 17737405329236443934
HIT 3 1730886959239 403 2056515652941970126
HIT 3 1735181926535 404 2396782629567339568
HIT 3 1739476893831 405 357017895653275430
HIT 3 1743771861127 406 16923054740239078145
HIT 3 1748066828423 407 10269188788730379901
HIT 3 1752361795719 408 11729021851379135877
HIT 3 1756656763015 409 11554424760542082586
HIT 3 1760951730311 410 18303055608689273106
HIT 3 1765246697607 411 11579512745496697102
HIT 3 1769541664903 412 2713709290627449375
HIT 3 1773836632199 413 15161110921376892777
HIT 3 1778131599495 414 17630281773068173993
HIT 3 1782426566791 415 7336735863560191476
HIT 3 1786721534087 416 16287050849564207762
HIT 3 1791016501383 417 6348734046727285356
HIT 3 1795311468679 418 232604907661669209
HIT 3 1799606435975 419 8061262649379114204
HIT 3 1803901403271 420 12709310738474459051
HIT 3 1808196370567 421 16322639432179330799
HIT 3 1812491337863 422 14965753705837801912
HIT 3 1816786305159 423 3976382585060350069
HIT 3 1821081272455 424 9940065436298561302
HIT 3 1825376239751 425 10066256162456920113
HIT 3 1829671207047 426 2286701083927423961
HIT 3 1833966174343 427 10123685019236828989
HIT 3 1838261141639 428 1455322937377671397
HIT 3 1842556108935 429 3500642593305257653
HIT 3 1846851076231 430 4704397082209495443
HIT 3 1851146043527 431 7717690415970434201
HIT 3 1855441010823 432 9108949304414369670
HIT 3 1859735978119 433 15309030053242130046
HIT 3 1864030945415 434 9978653110069127843
HIT 3 1868325912711 435 3856325043164402030
HIT 3 1872620880007 436 7921513716410245864
HIT 3 1876915847303 437 4825495445226716877
HIT 3 1881210814599 438 588409215112666911
HIT 3 1885505781895 439 10145908263224329345
HIT 3 1889800749191 440 10958573802818056788
HIT 3 1894095716487 441 1612652241932353551
HIT 3 1898390683783 442 13192736223129257800
HIT 3 1902685651079 443 660126454950322261
HIT 3 1906980618375 444 9507170654227976649
HIT 3 1911275585671 445 12341832397310258710
HIT 3 1915570552967 446 12242283403033347102
HIT 3 1919865520263 447 10904133956147137935
HIT 3 1924160487559 448 9398971896663963703
HIT 3 1928455454855 449 7320205360204314974
HIT 3 1932750422151 450 11211539914366762785
HIT 3 1937045389447 451 7073548330748358960
HIT 3 1941340356743 452 9408052993162709995
HIT 3 1945635324039 453 10373878433642071781
HIT 3 1949930291335 454 14840127074904798246
HIT 3 1954225258631 455 10303746454807899612
HIT 3 1958520225927 456 11882775815600024262
HIT 3 1962815193223 457 10529346031266100052
HIT 3 1967110160519 458 3882594823438655355
HIT 3 1971405127815 459 2537513934503754113
HIT 3 1975700095111 460 267026734576324110
HIT 3 1979995062407 461 14542406310656262688
HIT 3 1984290029703 462 7161331574467897390
HIT 3 1988584996999 463 9771889767731022387
HIT 3 1992879964295 464 5618126632438802705
HIT 3 1997174931591 465 16795313595413251008
HIT 3 2001469898887 466 10218200369205440876
HIT 3 2005764866183 467 16551368523103632245
HIT 3 2010059833479 468 8972124960971846829
HIT 3 2014354800775 469 1235155875259110482
HIT 3 2018649768071 470 14249881234884175101
HIT 3 2022944735367 471 10275067198291783526
HIT 3 2027239702663 472 938220346735177898
HIT 3 2031534669959 473 7129659650226396631
HIT 3 2035829637255 474 2392037097599762779
HIT 3 2040124604551 475 1316009827364503636
HIT 3 2044419571847 476 2596488897839230128
HIT 3 2048714539143 477 1043476567136727784
HIT 3 2053009506439 478 12230025375354172604
HIT 3 2057304473735 479 11800529066077561159
HIT 3 2061599441031 480 13392048918312161748
HIT 3 2065894408327 481 12202598809161733969
HIT 3 2070189375623 482 6768617275101932797
HIT 3 2074484342919 483 14452363869115252955
HIT 3 2078779310215 484 5766589680248711120
HIT 3 2083074277511 485 15677298723681347717
HIT 3 2087369244807 486 11906093939242369312
HIT 3 2091664212103 487 6849666198902553419
HIT 3 2095959179399 488 8218330940223263272
HIT 3 2100254146695 489 5711905826988987135
HIT 3 2104549113991 490 13877810811538720078
HIT 3 2108844081287 491 3952219018694387463
HIT 3 2113139048583 492 18195022535063405728
HIT 3 2117434015879 493 16902243504602575925
HIT 3 2121728983175 494 816510914773011883
HIT 3 2126023950471 495 14665778537485839789
HIT 3 2130318917767 496 6190607943680336742
HIT 3 2134613885063 497 2496021361259876590
HIT 3 2138908852359 498 12594857890066801979
HIT 3 2143203819655 499 16001286756582924252
HIT 3 2147498786951 500 17450753937270000924
HIT 3 2151793754247 501 12091819023308157552
HIT 3 2156088721543 502 2357919630679191819
HIT 3 2160383688839 503 5169567483156510420
HIT 3 2164678656135 504 8990400532268244050
HIT 3 2168973623431 505 3952413164302161384
HIT 3 2173268590727 506 539293263223547459
HIT 3 2177563558023 507 16185434320871578400
HIT 3 2181858525319 508 3545305902379831627
HIT 3 2186153492615 509 3648029864589557808
HIT 3 2190448459911 510 5267693245874734501
HIT 3 2194743427207 511 8327867218666449586
HIT 3 1009332519047 235 79059255116708207
HIT 3 1232670818439 287 1619720260782202401
HIT 3 1851146109063 431 16018642421987859502
HIT 3 1224080949383 285 7612302780681235601
HIT 3 1228375916679 286 11242835890950466987
HIT 3 1232670883975 287 17515203996056288925
HIT 3 1241260818567 289 1157045923773523607
HIT 3 1842556240007 429 16506247426136492391
HIT 3 1846851207303 430 1753328739527119624
HIT 3 1851146174599 431 556273342584950682
HIT 3 1859736109191 433 11212065492315126065
HIT 3 1232670949511 287 15838755228255767848
HIT 3 1851146240135 431 7561901627496431394
HIT 3 1232671015047 287 13022213973712386213
HIT 3 1851146305671 431 5414111234455205526
HIT 3 1232671080583 287 6922798009329982402
HIT 3 1851146371207 431 10147647440332557328
HIT 3 1232671146119 287 5694744588852718684
HIT 3 1851146436743 431 10913859561333068771
HIT 3 1232671211655 287 9539571621644085403
HIT 3 1851146502279 431 10578806743880105909
HIT 3 1232671277191 287 11944171453764967255
HIT 3 1851146567815 431 8069785472085638506
HIT 3 1232671342727 287 10652678845364349314
HIT 3 1851146633351 431 3461391962898349977
HIT 3 1232671408263 287 9903174654779691334
HIT 3 1851146698887 431 9190757021506364503
HIT 3 1232671473799 287 12005135544145278241
HIT 3 1851146764423 431 15939664111315815114
HIT 3 1232671539335 287 18368206483079696362
HIT 3 1851146829959 431 10448890248525035243
HIT 3 1232671604871 287 2530112026443832798
HIT 3 1851146895495 431 10173764241007295858
HIT 3 1232671670407 287 7206123829874233040
HIT 3 1851146961031 431 16707069871120311071
HIT 3 1232671735943 287 10699285081088739597
HIT 3 1851147026567 431 10978944720011251032
HIT 3 1232671801479 287 2891814900030750186
HIT 3 1232670752904 287 2261990234956469556
HIT 3 1851146043528 431 16954128917475852925
HIT 3 1851147092103 431 502140271862005418
HIT 3 1232671867015 287 3920692228273692802
HIT 3 1851147157639 431 6121247439737852190
HIT 3 1232671932551 287 5277685647330064604
HIT 3 1851147223175 431 17240399173158298330
HIT 3 1232671998087 287 14297505529958226076
HIT 3 1851147288711 431 15011570003121265358
HIT 3 1859749019782 433 10405421827847096165
HIT 3 1232672063623 287 13242760121796483267
HIT 3 1851147354247 431 10442226105825876496
HIT 3 1232672129159 287 11648068211275466825
HIT 3 1851147419783 431 2085364041983801965
HIT 3 1232672194695 287 14045444238931706618
HIT 3 1851147485319 431 6663150043081693882
HIT 3 1232672260231 287 4069637395378525041
HIT 3 1851147550855 431 2634331527105704234
HIT 3 1232672325767 287 5826706628744619995
HIT 3 1851147616391 431 15869737698667090869
HIT 3 1232672391303 287 3600847297680581556
HIT 3 1851147681927 431 8411591916200224242
HIT 3 1232672456839 287 143141680122865901
HIT 3 1851147747463 431 6726345801343407774
HIT 3 1232672522375 287 10664999098651151134
HIT 3 1851147812999 431 1328109248774268368
HIT 3 1232672587911 287 11072350677521831968
HIT 3 1851147878535 431 7317839447839338250
HIT 3 1232672653447 287 16025302352196095390
HIT 3 1851147944071 431 6494423358337581822
HIT 3 1232672718983 287 4718678817222548911
HIT 3 1851148009607 431 14845619391261759419
HIT 3 1232672784519 287 8982531515528028708
HIT 3 1851148075143 431 999491175929231705
HIT 3 1232672850055 287 6407676736968627062
HIT 3 1851148140679 431 4532254657421759097
HIT 3 1232672915591 287 9437739805211901811
HIT 3 1851148206215 431 16771552613417998089
HIT 3 1232672981127 287 3337456656861048369
HIT 3 1851148271751 431 4116045905934169301
HIT 3 1232673046663 287 13042046077309220378
HIT 3 1851148337287 431 13743644938341338402
HIT 3 1232673112199 287 8629860126751342311
HIT 3 1851148402823 431 12121999696676796033
HIT 3 1232673177735 287 2814801151718175283
HIT 3 1851148468359 431 14623257696478670947
HIT 3 1232673243271 287 10305517191231235849
HIT 3 1851148533895 431 3956133286425078316
HIT 3 1232673308807 287 10620614523200153937
HIT 3 1851148599431 431 11133957960492714714
HIT 3 1232673374343 287 12391341094378732184
HIT 3 1851148664967 431 6173455113644419482
HIT 3 1232673439879 287 4541272594660602157
HIT 3 1851148730503 431 7232757292859764582
HIT 3 1232673505415 287 9463318331935391813
HIT 3 1851148796039 431 8619386802157387240
HIT 3 1232673570951 287 2848145228563432825
HIT 3 1851148861575 431 13924970530535482657
HIT 3 1232673636487 287 6596777411832849308
HIT 3 1851148927111 431 15211605879291958283
HIT 3 1232673702023 287 10750141883486298981
HIT 3 1851148992647 431 11438806766610394132
HIT 3 1232673767559 287 10572160359285128981
HIT 3 1851149058183 431 14311662955227241933
HIT 3 1232673833095 287 16182733985470866643
HIT 3 1851149123719 431 6444873282131767062
HIT 3 1232673898631 287 4170426553828735670
HIT 3 1851149189255 431 17521709182882504628
HIT 3 1232673964167 287 3752142014259931726
HIT 3 1851149254791 431 3952691924384355343
HIT 3 1232674029703 287 17783369584032148466
HIT 3 1851149320327 431 13223849439685923259
HIT 3 1232674095239 287 3644262470785146345
HIT 3 1851149385863 431 17879094789425367241
HIT 3 1224084226183 285 3644262470785146345
HIT 3 1232674160775 287 515809423258385423
HIT 3 1851149451399 431 7811899707584968656
HIT 3 1232674226311 287 13647069656511149949
HIT 3 1241264160903 289 9685021789002436255
HIT 3 1851149516935 431 15279727786223063317
HIT 3 1232674291847 287 9685021789002436255
HIT 3 1842559647879 429 1283379183967001921
HIT 3 1846854615175 430 9482384817076102306
HIT 3 1851149582471 431 6171130444418308538
HIT 3 1859739517063 433 17367497200709385885
HIT 3 1236969324679 288 11956571567268703802
HIT 3 1241264291975 289 16678022877645061196
HIT 3 1249854226567 291 15012673809348940411
HIT 3 1842559713415 429 4010804582829356931
HIT 3 1846854680711 430 8622294473719136054
HIT 3 1851149648007 431 17337566714849019411
HIT 3 1859739582599 433 2792563639394253009
HIT 3 1236969390215 288 15710740744715665967
HIT 3 1241264357511 289 15012673809348940411
HIT 3 1245559324807 290 11956571567268703802
HIT 3 1249854292103 291 17907768930512082820
HIT 3 1254149259399 292 17600493043913095672
HIT 3 1258444226695 293 2798220613529184989
HIT 3 1262739193991 294 14303516241642501324
HIT 3 1267034161287 295 15552204926700998506
HIT 3 1271329128583 296 11784257863624536903
HIT 3 1275624095879 297 2342836417061176413
HIT 3 1279919063175 298 15840246331457846227
HIT 3 1284214030471 299 10917497668764675645
HIT 3 1288508997767 300 7286251964283050585
HIT 3 1292803965063 301 17778042465982738461
HIT 3 1297098932359 302 17278913237102851942
HIT 3 1301393899655 303 226148482026110813
HIT 3 1305688866951 304 14873652487785893556
HIT 3 1309983834247 305 14652749978608744922
HIT 3 1314278801543 306 14715814512993724918
HIT 3 1318573768839 307 15970133316785938535
HIT 3 1322868736135 308 9000287370809554441
HIT 3 1327163703431 309 9123287367009550165
HIT 3 1331458670727 310 12312390827003916947
HIT 3 1335753638023 311 8960096422273177458
HIT 3 1340048605319 312 11656157580565040395
HIT 3 1344343572615 313 3329013717285698899
HIT 3 1348638539911 314 14781092088936503715
HIT 3 1352933507207 315 3497833386757253173
HIT 3 1357228474503 316 10285778354626329194
HIT 3 1361523441799 317 3365662411942415800
HIT 3 1365818409095 318 2460569901987593621
HIT 3 1370113376391 319 1932033800475294222
HIT 3 1374408343687 320 14549689352823387821
HIT 3 1378703310983 321 10302703774457762370
HIT 3 1382998278279 322 8593004102642069871
HIT 3 1387293245575 323 638747612633236802
HIT 3 1391588212871 324 1837495369861004895
HIT 3 1395883180167 325 17949179083094299431
HIT 3 1400178147463 326 15592446624606319839
HIT 3 1404473114759 327 7194847608978485912
HIT 3 1408768082055 328 8838008663385854592
HIT 3 1413063049351 329 4269611993757139217
HIT 3 1417358016647 330 5439347575241106115
HIT 3 1421652983943 331 8150318806393131511
HIT 3 1425947951239 332 12809658927815196756
HIT 3 1430242918535 333 4171063443731763470
HIT 3 1434537885831 334 5826175135253167300
HIT 3 1438832853127 335 8721475522711066519
HIT 3 1443127820423 336 9482352358426804296
HIT 3 1447422787719 337 18316445372517824309
HIT 3 1451717755015 338 6936629054922697042
HIT 3 1456012722311 339 786390225425387302
HIT 3 1460307689607 340 10012340033312563418
HIT 3 1464602656903 341 2081606141467486168
HIT 3 1468897624199 342 10524616544919491872
HIT 3 1473192591495 343 14963573485069380203
HIT 3 1477487558791 344 11974829995647246690
HIT 3 1481782526087 345 151122337307469379
HIT 3 1486077493383 346 16550741401663174322
HIT 3 1490372460679 347 3966118462611760233
HIT 3 1494667427975 348 91067768340063749
HIT 3 1498962395271 349 17240058542569347254
HIT 3 1503257362567 350 1375514364211953280
HIT 3 1507552329863 351 2347481459419717880
HIT 3 1511847297159 352 3520484041336150090
HIT 3 1516142264455 353 15328975113844580557
HIT 3 1520437231751 354 1604359652067562513
HIT 3 1524732199047 355 11558556879576756530
HIT 3 1529027166343 356 10449879441156278723
HIT 3 1533322133639 357 10442486192811703849
HIT 3 1537617100935 358 12908451595101283372
HIT 3 1541912068231 359 15784535885932298441
HIT 3 1546207035527 360 13199435306309608702
HIT 3 1550502002823 361 1836894043366446463
HIT 3 1554796970119 362 11851104887057915411
HIT 3 1559091937415 363 11929012092725072867
HIT 3 1563386904711 364 6754882681451365638
HIT 3 1567681872007 365 4406191314356891072
HIT 3 1571976839303 366 6148301659525483688
HIT 3 1576271806599 367 1358508705995012005
HIT 3 1580566773895 368 3694750629594821686
HIT 3 1584861741191 369 4858695425705337754
HIT 3 1589156708487 370 9332902517759719731
HIT 3 1593451675783 371 6268483355083350692
HIT 3 1597746643079 372 12307000747963257775
HIT 3 1602041610375 373 8747997406557666624
HIT 3 1606336577671 374 5494020756461373248
HIT 3 1610631544967 375 2061116286044089122
HIT 3 1614926512263 376 9563625425640144296
HIT 3 1619221479559 377 1058693990473201899
HIT 3 1623516446855 378 9827581369730240288
HIT 3 1627811414151 379 1914152717526913732
HIT 3 1632106381447 380 7790487320187928754
HIT 3 1636401348743 381 8186880126724272870
HIT 3 1640696316039 382 11763195432369400435
HIT 3 1644991283335 383 1005966626318583094
HIT 3 1649286250631 384 8330929963610794174
HIT 3 1653581217927 385 12476215763934629656
HIT 3 1657876185223 386 2691804509871732172
HIT 3 1662171152519 387 1360145819486707018
HIT 3 1666466119815 388 12921882798560387609
HIT 3 1670761087111 389 12321159208666625021
HIT 3 1675056054407 390 2222901621834215071
HIT 3 1679351021703 391 9333019833436065400
HIT 3 1683645988999 392 4729007507007324396
HIT 3 1687940956295 393 13098303196671861248
HIT 3 1692235923591 394 1876146602708165319
HIT 3 1696530890887 395 16164135943901135608
HIT 3 1700825858183 396 10803741798852708213
HIT 3 1705120825479 397 7504363805459804098
HIT 3 1709415792775 398 18126867975602130456
HIT 3 1713710760071 399 6112068223619460470
HIT 3 1718005727367 400 18173975841169428600
HIT 3 1722300694663 401 16354810010774221211
HIT 3 1726595661959 402 3429101496934361827
HIT 3 1730890629255 403 8842606584426119215
HIT 3 1735185596551 404 8180954271967946852
HIT 3 1739480563847 405 14477036705327613745
HIT 3 1743775531143 406 12850946482041008670
HIT 3 1748070498439 407 2906730859861900436
HIT 3 1752365465735 408 5773538698596062862
HIT 3 1756660433031 409 17601606496429534533
HIT 3 1760955400327 410 9659018323198378048
HIT 3 1765250367623 411 16431299275860441365
HIT 3 1769545334919 412 13133551066703437605
HIT 3 1773840302215 413 12230354562791791
HIT 3 1778135269511 414 14153504456471727635
HIT 3 1782430236807 415 17119311746825979204
HIT 3 1786725204103 416 3662129721458200108
HIT 3 1791020171399 417 6426217320457928398
HIT 3 1795315138695 418 1662819127055851558
HIT 3 1799610105991 419 10733750204791296925
HIT 3 1803905073287 420 7610084492919913279
HIT 3 1808200040583 421 12358317646524698968
HIT 3 1812495007879 422 13134671516355214996
HIT 3 1816789975175 423 18115154453154439254
HIT 3 1821084942471 424 13685570025471497469
HIT 3 1825379909767 425 16511563068943017637
HIT 3 1829674877063 426 8192696917617164558
HIT 3 1833969844359 427 8445537579614019509
HIT 3 1838264811655 428 1902397996584776698
HIT 3 1842559778951 429 4529359225753367112
HIT 3 1846854746247 430 10740942899363305030
HIT 3 1851149713543 431 7183176793473744166
HIT 3 1855444680839 432 5029960352974740578
HIT 3 1859739648135 433 213514700371427758
HIT 3 1864034615431 434 13737780478002739322
HIT 3 1868329582727 435 13007800242918603081
HIT 3 1872624550023 436 16926010531993327844
HIT 3 1876919517319 437 7676814358963476728
HIT 3 1881214484615 438 1536094804934873251
HIT 3 1885509451911 439 13309360954159474627
HIT 3 1889804419207 440 6112965279940095304
HIT 3 1894099386503 441 2486750370206841734
HIT 3 1898394353799 442 7518823232427945295
HIT 3 1902689321095 443 6720055490215660926
HIT 3 1906984288391 444 12686281045576153343
HIT 3 1911279255687 445 16872199393781192186
HIT 3 1915574222983 446 10328481029265375492
HIT 3 1919869190279 447 16207287487654328352
HIT 3 1924164157575 448 15371175901909550587
HIT 3 1928459124871 449 6404439843545337844
HIT 3 1932754092167 450 6024809104334766533
HIT 3 1937049059463 451 11152781967072547030
HIT 3 1941344026759 452 10436384242295383722
HIT 3 1945638994055 453 11298304318847060389
HIT 3 1949933961351 454 12300660468611403524
HIT 3 1954228928647 455 7323840763929932341
HIT 3 1958523895943 456 3640778738179764083
HIT 3 1962818863239 457 5010312238312117137
HIT 3 1967113830535 458 18075482735441426685
HIT 3 1971408797831 459 17241519046912016095
HIT 3 1975703765127 460 1280768060609615342
HIT 3 1979998732423 461 16062662339581674143
HIT 3 1984293699719 462 17146025261082383710
HIT 3 1988588667015 463 9302016018397754066
HIT 3 1992883634311 464 3775961322682728324
HIT 3 1997178601607 465 14990398264958842142
HIT 3 2001473568903 466 9999588436412780281
HIT 3 2005768536199 467 7309317741608082748
HIT 3 2010063503495 468 10684816827706835615
HIT 3 2014358470791 469 10947683207598542142
HIT 3 2018653438087 470 13693552753992993946
HIT 3 2022948405383 471 4169409822536807805
HIT 3 2027243372679 472 14515193294930143062
HIT 3 2031538339975 473 8696775714408700821
HIT 3 2035833307271 474 17798180491612442313
HIT 3 2040128274567 475 17182184977601357222
HIT 3 2044423241863 476 5242625860382234489
HIT 3 2048718209159 477 1692951196158950445
HIT 3 2053013176455 478 10011568735252758242
HIT 3 2057308143751 479 8514946752188374072
HIT 3 2061603111047 480 8090844642795975183
HIT 3 2065898078343 481 16818992646903771159
HIT 3 2070193045639 482 7638626704029485640
HIT 3 2074488012935 483 13821248321769208403
HIT 3 2078782980231 484 6305332053694122045
HIT 3 2083077947527 485 2994100961414626487
HIT 3 2087372914823 486 11767223305951767749
HIT 3 2091667882119 487 213713916584986623
HIT 3 2095962849415 488 10505420907104258381
HIT 3 2100257816711 489 8301984386997450156
HIT 3 2104552784007 490 11945605540741325965
HIT 3 2108847751303 491 2637161088845875814
HIT 3 2113142718599 492 6699933400047268073
HIT 3 2117437685895 493 17122095784146441724
HIT 3 2121732653191 494 12018099342975418488
HIT 3 2126027620487 495 4423036587405815346
HIT 3 2130322587783 496 13700797549073146222
HIT 3 2134617555079 497 18383406916107787521
HIT 3 2138912522375 498 14080067689944901765
HIT 3 2143207489671 499 13596649155579606663
HIT 3 2147502456967 500 3786859999033580991
HIT 3 2151797424263 501 10923278393535994303
HIT 3 2156092391559 502 5894588365743327910
HIT 3 2160387358855 503 2303348001092569810
HIT 3 2164682326151 504 9731586516519264712
HIT 3 2168977293447 505 18079875482766837499
HIT 3 2173272260743 506 5174989728220391653
HIT 3 2177567228039 507 11668300013582199789
HIT 3 2181862195335 508 8047650393604743404
HIT 3 2186157162631 509 18333009919768537497
HIT 3 2190452129927 510 16557682858069730443
HIT 3 2194747097223 511 7450303038884914697
HIT 3 1249854357639 291 14514869208128741214
HIT 3 1851149779079 431 8885980910996190218
HIT 3 1842559910023 429 7894886956959928962
HIT 3 1846854877319 430 9961366306822583200
HIT 3 1851149844615 431 17286878350280096602
HIT 3 1859739779207 433 14580930390165457545
HIT 3 1232670621833 287 5413809158804751487
HIT 3 1851149910151 431 7220110536031889992
HIT 3 1851145912457 431 12070586310055422424
HIT 3 1000742453385 233 9651544194587568002
HIT 3 1232670687369 287 1266078378489712584
HIT 3 1851149975687 431 18178612645362086429
HIT 3 1851145977993 431 8262436330930139908
HIT 3 1851150041223 431 10610212664697300697
HIT 3 1224080818313 285 2668713635087336147
HIT 3 1228375785609 286 17125266167200119974
HIT 3 1232670752905 287 10578953562336054312
HIT 3 1241260687497 289 8279525293460152645
HIT 3 1851150106759 431 8294929683575183491
HIT 3 1842556108937 429 18083606599733197069
HIT 3 1846851076233 430 10339621705703289159
HIT 3 1851146043529 431 12558706964849404394
HIT 3 1859735978121 433 18353166145248076764
HIT 3 1851150172295 431 3782159867254304853
HIT 3 1232670883977 287 37086010749839691
HIT 3 1851150237831 431 18245786713545098194
HIT 3 1851146174601 431 9005873488594829919
HIT 3 1851150303367 431 17472672553226188229
HIT 3 1851150368903 431 12046652668405643358
HIT 3 1851150434439 431 18380487320772671740
HIT 3 1851150499975 431 14433334423513042081
HIT 3 1851150565511 431 15376533516792865633
HIT 3 1851150631047 431 6437445736147368683
HIT 3 1851150696583 431 11721872753462051819
HIT 3 1851150762119 431 2977847843777866393
HIT 3 1851149713544 431 14628621765811235753
HIT 3 992148783242 231 1651317835876137062
HIT 3 1232666951818 287 14201902850883619794
HIT 3 1851142242442 431 511228878953309557
HIT 3 1851150827655 431 2868723577133646610
HIT 3 1851150893191 431 251987909960306551
HIT 3 1851150958727 431 15772531000802092075
HIT 3 1851151024263 431 14661527279811177609
HIT 3 1851151089799 431 4476928421425644629
HIT 3 1851151155335 431 9599291415209580884
HIT 3 1851151220871 431 544196623944308026
HIT 3 1851151286407 431 636743902671026556
HIT 3 1851151351943 431 8106828842381488711
HIT 3 1851151417479 431 1447928047245492711
HIT 3 1851151483015 431 2374701654118660753
HIT 3 1851151548551 431 680291335349713942
HIT 3 1851151614087 431 17521989988161845200
HIT 3 1851151679623 431 5502945840874823536
HIT 3 1851151745159 431 16750968807262112277
HIT 3 1851151810695 431 10771746077709695325
HIT 3 1851151876231 431 7082953309242601416
HIT 3 1851151941767 431 425596203718676415
HIT 3 1851152007303 431 17219441701259737433
HIT 3 1851152072839 431 634359284346239754
HIT 3 1851152138375 431 6951806193410566387
HIT 3 1851152203911 431 16306565366710544158
HIT 3 1851152269447 431 14746010685855343712
HIT 3 1851152334983 431 7678824804568297342
HIT 3 1851152400519 431 16964358593664294948
HIT 3 1851152466055 431 16487736426024347805
HIT 3 1851152531591 431 458690360156460479
HIT 3 1851152597127 431 2813487991219064448
HIT 3 1851152662663 431 4773861783293174165
HIT 3 1851152728199 431 13524854127277184342
HIT 3 1851152793735 431 447372251916509935
HIT 3 1851152859271 431 5445954774503161272
HIT 3 1851152924807 431 4026991021497846663
HIT 3 1851152990343 431 501171609796991245
HIT 3 1851153055879 431 5796292773131905017
HIT 3 1851153121415 431 5363519674447216085
HIT 3 1851153186951 431 4459347348337750631
HIT 3 1851153252487 431 6850826769219264680
HIT 3 1851153318023 431 12987319260678124937
HIT 3 1851153383559 431 5410196380251266990
HIT 3 1851153449095 431 15480735178106940275
HIT 3 1851153514631 431 10489667424952586788
HIT 3 1851153580167 431 17286956055717077643
HIT 3 1851153645703 431 3917669349151548726
HIT 3 1851153711239 431 17733300070428951317
HIT 3 1851153776775 431 2850803520949657985
HIT 3 1851153842311 431 14536546632553490125
HIT 3 1851153907847 431 9754745288846377192
HIT 3 1851153973383 431 4278848670611382246
HIT 3 1851154038919 431 12934561827119193027
HIT 3 1851154104455 431 5416576424877939924
HIT 3 1851154169991 431 7892484001135309424
HIT 3 1851154235527 431 5157938552400111232
HIT 3 1851154301063 431 7138770678087339333
HIT 3 1851154366599 431 9900966725995168741
HIT 3 1851154432135 431 6476186897834565726
HIT 3 1851154497671 431 16396735958837739797
HIT 3 1851154563207 431 8948665802769802362
HIT 3 1851154628743 431 204116458315132490
HIT 3 1851154694279 431 1115288909292296260
HIT 3 1851154759815 431 12490690065845772465
HIT 3 1851154825351 431 3555002115803360190
HIT 3 1851154890887 431 6163956582258563284
HIT 3 1851154956423 431 16929894800551293852
HIT 3 1851155021959 431 1895041388462063626
HIT 3 1851155087495 431 7122885911783316776
HIT 3 1851149582473 431 6237286676024125336
HIT 3 1851155153031 431 7255082395861994244
HIT 3 1241264291977 289 14316552172197164292
HIT 3 1851155218567 431 15383646678790389137
HIT 3 1851149648009 431 17946406687205025180
HIT 3 1851155284103 431 15581179986612971919
HIT 3 1851155349639 431 17492980001277561013
HIT 3 1842559778953 429 6433989913103710355
HIT 3 1846854746249 430 6337762939047862191
HIT 3 1851149713545 431 15984141926615238490
HIT 3 1859739648137 433 3888596257258774108
HIT 3 1851155415175 431 4734174538016333522
HIT 3 1851155480711 431 6474337242074905796
HIT 3 1851155546247 431 17236024272497612406
HIT 3 1851155611783 431 13888186132842397451
HIT 3 1851149844617 431 11515118608873019407
HIT 3 1851155677319 431 10139277721202929191
HIT 3 1851155742855 431 8705994647350204548
HIT 3 1851155808391 431 2410479935859673275
HIT 3 1851155873927 431 6003856199160963494
HIT 3 1851155939463 431 13146723387460238204
HIT 3 1851156004999 431 14622024933388388546
HIT 3 1851156070535 431 15126913744906644442
HIT 3 1851156136071 431 7658561277240909588
HIT 3 1851156201607 431 5565140485979477460
HIT 3 1851156267143 431 2810551282965875269
HIT 3 1851156332679 431 1303701592108915756
HIT 3 1851156398215 431 15197987721709316731
HIT 3 1851156463751 431 614326122299536501
HIT 3 1851156529287 431 1641142974144753730
HIT 3 1851156594823 431 16787971336655600349
HIT 3 1851156660359 431 6546778693345085958
HIT 3 1851156725895 431 17572962877479742394
HIT 3 1851156791431 431 17494582745426211092
HIT 3 1851156856967 431 4579976720545718438
HIT 3 1851156922503 431 6563113194660181328
HIT 3 1851156988039 431 6235374707343189249
HIT 3 1851157053575 431 3056613159184261230
HIT 3 1851157119111 431 15865790865653338275
HIT 3 1851157184647 431 5696324317867768770
HIT 3 1851157250183 431 14622597845841540555
HIT 3 1851157315719 431 17023007110194084384
HIT 3 1851157381255 431 2405434308168899334
HIT 3 1851157446791 431 17496923908812040003
HIT 3 1851157512327 431 817550019637669195
HIT 3 1851157577863 431 17326329524787612704
HIT 3 1851157643399 431 1088749452736250531
HIT 3 1851157708935 431 5399258383997303098
HIT 3 1851157774471 431 11683468121500965305
HIT 3 1851157840007 431 10392055395769379522
HIT 3 1851157905543 431 1364701072162643470
HIT 3 1851157971079 431 12706372410939975048
HIT 3 1851158036615 431 3023464977663657484
HIT 3 1851158102151 431 3422253644541592961
HIT 3 1851158167687 431 1891304956203889566
HIT 3 1851158233223 431 15878491663978190942
HIT 3 1851158298759 431 12187709893235027328
HIT 3 1851158364295 431 7774570870078470159
HIT 3 1851158429831 431 5244200149930565392
HIT 3 1851158495367 431 15590215873300678553
HIT 3 1851158560903 431 8186629086271337928
HIT 3 1851158626439 431 6103465287543879388
HIT 3 1851158691975 431 17295937577655021393
HIT 3 1851158757511 431 10497021802537392683
HIT 3 1851158823047 431 15444887190152094215
HIT 3 1842568953991 429 15444887190152094215
HIT 3 1851158888583 431 3063380897945481775
HIT 3 1851158954119 431 95630865727438004
HIT 3 1859748888711 433 3181910301186081540
HIT 3 1851159019655 431 3181910301186081540
HIT 3 1855454052487 432 18427199954262538767
HIT 3 1859749019783 433 16373867921995753381
HIT 3 1868338954375 435 226408626923146237
HIT 3 1855454118023 432 13395080864368137263
HIT 3 1859749085319 433 226408626923146237
HIT 3 1864044052615 434 18427199954262538767
HIT 3 1868339019911 435 15880036600409755777
HIT 3 1872633987207 436 7141151873547059851
HIT 3 1876928954503 437 15935880756819387925
HIT 3 1881223921799 438 11678635397793598386
HIT 3 1885518889095 439 12532722307622174807
HIT 3 1889813856391 440 8433511956680371158
HIT 3 1894108823687 441 12875012020260786594
HIT 3 1898403790983 442 5039415945629441621
HIT 3 1902698758279 443 2865724594535815775
HIT 3 1906993725575 444 6044362934867365358
HIT 3 1911288692871 445 8827575045809666915
HIT 3 1915583660167 446 5381913024541133307
HIT 3 1919878627463 447 3951244698984817691
HIT 3 1924173594759 448 3150358326908109474
HIT 3 1928468562055 449 17164614053395547704
HIT 3 1932763529351 450 3046692269671554677
HIT 3 1937058496647 451 17279513891952013162
HIT 3 1941353463943 452 9476281355269526967
HIT 3 1945648431239 453 13847686014150084825
HIT 3 1949943398535 454 13590245891353308377
HIT 3 1954238365831 455 6174352829895391863
HIT 3 1958533333127 456 17479591579637310716
HIT 3 1962828300423 457 18419137563283810693
HIT 3 1967123267719 458 5935962899733022196
HIT 3 1971418235015 459 8518110307390394711
HIT 3 1975713202311 460 17720671660467432591
HIT 3 1980008169607 461 13621085070650897235
HIT 3 1984303136903 462 14662094630038465136
HIT 3 1988598104199 463 6037950267663386691
HIT 3 1992893071495 464 3514843608027456167
HIT 3 1997188038791 465 3364949636536523
HIT 3 2001483006087 466 4427507512170648484
HIT 3 2005777973383 467 8186718000071237306
HIT 3 2010072940679 468 5051282850458860869
HIT 3 2014367907975 469 17107559381912187640
HIT 3 2018662875271 470 6975263185207161365
HIT 3 2022957842567 471 11973971525759034144
HIT 3 2027252809863 472 5470184768203567465
HIT 3 2031547777159 473 10690174818040529631
HIT 3 2035842744455 474 7120745880094265597
HIT 3 2040137711751 475 15838198525845446226
HIT 3 2044432679047 476 17688719239607782794
HIT 3 2048727646343 477 11979001761447457655
HIT 3 2053022613639 478 16035735777133961638
HIT 3 2057317580935 479 3658119654329826977
HIT 3 2061612548231 480 18339142853949574602
HIT 3 2065907515527 481 10464431366212734058
HIT 3 2070202482823 482 14001691999283973199
HIT 3 2074497450119 483 16668871874812553537
HIT 3 2078792417415 484 17192953011841738705
HIT 3 2083087384711 485 15561417723108035328
HIT 3 2087382352007 486 6302481458657282642
HIT 3 2091677319303 487 16953882889722332016
HIT 3 2095972286599 488 16472843878346098768
HIT 3 2100267253895 489 15545474660289176894
HIT 3 2104562221191 490 7918332527878666220
HIT 3 2108857188487 491 2704043696123177246
HIT 3 2113152155783 492 16768770536114444800
HIT 3 2117447123079 493 9085193286125815981
HIT 3 2121742090375 494 310770392409997476
HIT 3 2126037057671 495 8935313937863443714
HIT 3 2130332024967 496 8890312002225957877
HIT 3 2134626992263 497 15048010000519092906
HIT 3 2138921959559 498 10554575971647303850
HIT 3 2143216926855 499 15746514163093926495
HIT 3 2147511894151 500 511804341111686617
HIT 3 2151806861447 501 9507120287194063053
HIT 3 2156101828743 502 11514507284988340768
HIT 3 2160396796039 503 13377121727807298714
HIT 3 2164691763335 504 3517832924809091787
HIT 3 2168986730631 505 6564277726714487958
HIT 3 2173281697927 506 6154617227389042307
HIT 3 2177576665223 507 2382795211316718303
HIT 3 2181871632519 508 3950029157577828033
HIT 3 2186166599815 509 9872162038317570906
HIT 3 2190461567111 510 12071302874962225908
HIT 3 2194756534407 511 17639816439917723250
HIT 3 1868339085447 435 6205190895206205936
HIT 3 1232670752906 287 6297552963753855989
HIT 3 1851146043530 431 3038637351602172240
HIT 3 1859749019785 433 11911025846579399187
HIT 3 1851149713546 431 17389817148611830336
HIT 3 992148783243 231 9107703249459976311
HIT 3 1232666951819 287 12897003828329908749
HIT 3 992148783244 231 13771132390951004929
HIT 3 1232666951820 287 5614409564245892376
HIT 3 1851142242444 431 12169362024882082469
HIT 3 1851142242443 431 12669923274359720889
HIT 3 992148783245 231 663627910469337554
HIT 3 1232666951821 287 6584793287432943220
HIT 3 1851142242445 431 12207387123984755166
HIT 3 1232670752907 287 17342358037365758306
HIT 3 1851146043531 431 7931467687657417335
HIT 3 1232670752908 287 7200431390662957389
HIT 3 1851146043532 431 2532725483491599974
HIT 3 1232670752909 287 9484002474517405943
HIT 3 1851146043533 431 3003263425822172649
HIT 3 1851149713547 431 6289909562702282219
HIT 3 992148783246 231 257146027222979379
HIT 3 1232666951822 287 10427750516449381144
HIT 3 1851142242446 431 4096812554909755699
HIT 3 1851149713548 431 9336181832006806027
HIT 3 1851149713549 431 9525036731373971206
HIT 3 1232670752910 287 1550876503938594443
HIT 3 1851146043534 431 11041567817373009259
HIT 3 1851149713550 431 18091982174105115859
HIT 3 992148783247 231 9624282177708223158
HIT 3 1232666951823 287 7307793164297043604
HIT 3 1851142242447 431 14042411022291746914
HIT 3 992148783248 231 10894878626551635235
HIT 3 1232666951824 287 712637151134875860
HIT 3 1851142242448 431 7095913616766513317
HIT 3 992148783249 231 9378399017661115045
HIT 3 1232666951825 287 15980393384582563082
HIT 3 1851142242449 431 16033216604744716576
HIT 3 1232670752911 287 10122512801774803591
HIT 3 1851146043535 431 2589641582671918252
HIT 3 1232670752912 287 18144395347952216326
HIT 3 1851146043536 431 3041856697234693708
HIT 3 992148783250 231 14389061010977898083
HIT 3 1232666951826 287 17026298710676040359
HIT 3 1851142242450 431 11240024220591993545
HIT 3 1851149713552 431 12243649668607633296
HIT 3 1232670752913 287 15335322549648423350
HIT 3 1851146043537 431 17928376179466616635
HIT 3 1851149713551 431 11615529272701611380
HIT 3 1851149713553 431 15965539096136864441
HIT 3 1232670752914 287 17652876887874076155
HIT 3 1851146043538 431 3969342328103375998
HIT 3 992148783251 231 16318003834121082718
HIT 3 1232666951827 287 4598475683085925506
HIT 3 1851142242451 431 5417505497735731877
HIT 3 1851149713554 431 17585266329674185889
HIT 3 992148783252 231 2601299170904355519
HIT 3 1232666951828 287 16304223872264349997
HIT 3 1851142242452 431 16525288360056491345
HIT 3 1232670752915 287 13489931776560844931
HIT 3 1851146043539 431 11188901964048515454
HIT 3 992148783253 231 3003796513791566969
HIT 3 1232666951829 287 3140035997565038790
HIT 3 1851142242453 431 9974106547212329012
HIT 3 1232670752916 287 16837025320792555718
HIT 3 1851146043540 431 6258539176320132668
HIT 3 1851149713555 431 6086516695260514344
HIT 3 992148783254 231 12029794086093480677
HIT 3 1232666951830 287 7687788212359192177
HIT 3 1851142242454 431 3356586487370987043
HIT 3 1851149713556 431 5000520910680678111
HIT 3 1232670752917 287 8050352395729026462
HIT 3 1851146043541 431 6476862492458646338
HIT 3 992148783255 231 15270951180482298169
HIT 3 1232666951831 287 15533449606447236305
HIT 3 1851142242455 431 18220106261055183389
HIT 3 1232670752918 287 13753981865419174819
HIT 3 1851146043542 431 7712925855865599183
HIT 3 1851149713557 431 501318383120710577
HIT 3 992148783256 231 17707323306285832277
HIT 3 1232666951832 287 208088411248929290
HIT 3 1851142242456 431 4114314987222849670
HIT 3 1232670752919 287 8468007765830375766
HIT 3 1851146043543 431 12954809717290516590
HIT 3 1851149713558 431 7330372327278803965
HIT 3 1851149713559 431 13782557675368049668
HIT 3 1232670752920 287 2782151963378866058
HIT 3 1851146043544 431 9450488007379670893
HIT 3 992148783257 231 10355861498665061959
HIT 3 1232666951833 287 7899368523481940134
HIT 3 1851142242457 431 17331057685307642105
HIT 3 992148783258 231 8247137376617633973
HIT 3 1232666951834 287 2336239298124299829
HIT 3 1851142242458 431 13547665462800791587
HIT 3 1851149713560 431 16960032741435046367
HIT 3 992148783259 231 10987463998828576830
HIT 3 1232666951835 287 3946020412218265188
HIT 3 1851142242459 431 6238575051344881714
HIT 3 1232670752921 287 17468255637268549519
HIT 3 1851146043545 431 13977274838040416626
HIT 3 1232670752922 287 16482514754087760167
HIT 3 1851146043546 431 8417062935791909972
HIT 3 1232670752923 287 8632232554346823857
HIT 3 1851146043547 431 1497224364520553517
HIT 3 992148783260 231 3309528842166698298
HIT 3 1232666951836 287 11404134273472483244
HIT 3 1851142242460 431 11739431620632273217
HIT 3 1851149713561 431 5548598604092466513
HIT 3 1851149713563 431 13899501652705048520
HIT 3 1851149713562 431 7047985623221291034
HIT 3 1232670752924 287 13651531179450077550
HIT 3 1851146043548 431 15217950391609930859
HIT 3 992148783261 231 16813132578735578274
HIT 3 1232666951837 287 3734706327439743908
HIT 3 1851142242461 431 10667376883742384622
HIT 3 992148783262 231 18228457711631853124
HIT 3 1232666951838 287 17800567215122579527
HIT 3 1851142242462 431 13530613807037691116
HIT 3 1851149713564 431 7543471932349361666
HIT 3 992148783263 231 809534548443704763
HIT 3 1232666951839 287 6036320812647616437
HIT 3 1851142242463 431 3130726167970753248
HIT 3 1232670752925 287 1072312882346820559
HIT 3 1851146043549 431 2088687194847913861
HIT 3 1232670752927 287 16082412499007247410
HIT 3 1851146043551 431 4996394288127174034
HIT 3 1232670752926 287 5709166693544822229
HIT 3 1851146043550 431 11702469905235651737
HIT 3 1851149713565 431 13597416089189939891
HIT 3 992148783264 231 3143682844306008356
HIT 3 1232666951840 287 560741659435815065
HIT 3 1851142242464 431 98125467213584261
HIT 3 1851149713567 431 3369616167478479097
HIT 3 1851149713566 431 9142959808086511009
HIT 3 1232670752928 287 15703912283778577754
HIT 3 1851146043552 431 12356253517021422777
HIT 3 992148783265 231 12823623381829708156
HIT 3 1232666951841 287 265593580800549826
HIT 3 1851142242465 431 7076930867090955551
HIT 3 1851149713568 431 163263158041370819
HIT 3 992148783266 231 6634075711645264510
HIT 3 1232666951842 287 17180697796925407191
HIT 3 1851142242466 431 18342427391918047304
HIT 3 992148783267 231 9430119671570872685
HIT 3 1232666951843 287 13132009220800185556
HIT 3 1851142242467 431 4247257032508321001
HIT 3 1232670752929 287 4621553501181857652
HIT 3 1851146043553 431 16536298241582837419
HIT 3 992148783268 231 15479187039035506138
HIT 3 1232666951844 287 4291694104099186029
HIT 3 1851142242468 431 6784726678773751845
HIT 3 1232670752931 287 18074662034249998923
HIT 3 1851146043555 431 42914069447546013
HIT 3 1232670752930 287 10297616846490865745
HIT 3 1851146043554 431 15000373635329864223
HIT 3 1851149713569 431 10299961171009670959
HIT 3 1232670752932 287 947004284159689296
HIT 3 1851146043556 431 4245476592124697829
HIT 3 1851149713571 431 6179095130726194430
HIT 3 1851149713570 431 14718233796279560246
HIT 3 1851149713572 431 15029812649705677448
HIT 3 992148783269 231 2882302602832195509
HIT 3 1232666951845 287 11143262848416216958
HIT 3 1851142242469 431 12366037868987275371
HIT 3 992148783270 231 7905986222484846982
HIT 3 1232666951846 287 12584610595812186225
HIT 3 1851142242470 431 13627779442688294416
HIT 3 992148783271 231 2486744870905135888
HIT 3 1232666951847 287 4881837782722702022
HIT 3 1851142242471 431 10816672403124298965
HIT 3 1232670752933 287 6713813909815240827
HIT 3 1851146043557 431 13467886791144080619
HIT 3 1232670752934 287 4121618458037084847
HIT 3 1851146043558 431 12593685058126720958
HIT 3 1851149713573 431 15861869012520297691
HIT 3 992148783272 231 13380791518822868191
HIT 3 1232666951848 287 15625251888592427909
HIT 3 1851142242472 431 14959905966767407798
HIT 3 1232670752935 287 11285283881719561442
HIT 3 1851146043559 431 7485018450864648727
HIT 3 1851149713574 431 7581082868045704907
HIT 3 1232670752936 287 11535695226977667855
HIT 3 1851146043560 431 9173894330057845518
HIT 3 1851149713575 431 6865184316604736866
HIT 3 992148652201 231 13380791518822868191
HIT 3 1232666820777 287 15625251888592427909
HIT 3 1851142111401 431 14959905966767407798
HIT 3 992148783273 231 14783039727039292789
HIT 3 1232666951849 287 12872344207010871409
HIT 3 1851142242473 431 8285576820447892965
HIT 3 992148783274 231 1553617481204427959
HIT 3 1232666951850 287 5055426200170688032
HIT 3 1851142242474 431 7681135309701734609
HIT 3 992148914346 231 17528135402856735912
HIT 3 1232667082922 287 2326413265497259105
HIT 3 1851142373546 431 15363654960079639003
HIT 3 1851149713576 431 14725538385583344750
HIT 3 1232670752938 287 13324378418413733588
HIT 3 1851146043562 431 9847741240735279551
HIT 3 1232670752937 287 15316126105055774586
HIT 3 1851146043561 431 17221708090285284132
HIT 3 1851149713578 431 1051133643533683538
HIT 3 992148783275 231 17528135402856735912
HIT 3 1232666951851 287 2326413265497259105
HIT 3 1851142242475 431 15363654960079639003
HIT 3 1851149713577 431 3502344536904186257
HIT 3 760220614828 177 12393816956867958469
HIT 3 992148848812 231 1511365679047164871
HIT 3 1232667017388 287 2204544115080919926
HIT 3 1851142308012 431 7676765466648056385
HIT 3 983558979756 229 302363029355791651
HIT 3 987853947052 230 3360641156278411738
HIT 3 992148914348 231 3594773128523499742
HIT 3 1000738848940 233 14665282594457497554
HIT 3 1224077148332 285 6755489982506166193
HIT 3 1228372115628 286 4236627740087650014
HIT 3 1232667082924 287 4358947267087473084
HIT 3 1241257017516 289 14244752459980560813
HIT 3 1842552438956 429 5189084454415499297
HIT 3 1846847406252 430 5691535140623125112
HIT 3 1851142373548 431 2490560762561448137
HIT 3 1859732308140 433 5082856368093125939
HIT 3 992149045420 231 5627911286302463562
HIT 3 1232667213996 287 6693529050109019961
HIT 3 1851142504620 431 10169761482261112912
HIT 3 1232670621867 287 12074784945909862246
HIT 3 1851145912491 431 12876510270857943975
HIT 3 1000742453419 233 1553617481204427959
HIT 3 1232670687403 287 14317587453784178878
HIT 3 1851145978027 431 9729685539994319912
HIT 3 1224080818347 285 34010616679330884
HIT 3 1228375785643 286 17104752185910112345
HIT 3 1232670752939 287 885336642461697757
HIT 3 1241260687531 289 15736106848010125872
HIT 3 1842556108971 429 12404041021243236252
HIT 3 1846851076267 430 266733208111584060
HIT 3 1851146043563 431 1906125711901795171
HIT 3 1859735978155 433 5533094864371680499
HIT 3 1232670884011 287 10260260571992711379
HIT 3 1851146174635 431 13447857193793261004
HIT 3 1232670621868 287 3267316495070818784
HIT 3 1851145912492 431 12843558012010793213
HIT 3 1000742453420 233 16496915427700918441
HIT 3 1232670687404 287 5872379116051139594
HIT 3 1851145978028 431 10336659720766287882
HIT 3 1224080818348 285 18025912352992784770
HIT 3 1228375785644 286 13922528469541525405
HIT 3 1232670752940 287 2880387388182568552
HIT 3 1241260687532 289 16547903390080852624
HIT 3 1842556108972 429 4512599634031295234
HIT 3 1846851076268 430 8547906374085611235
HIT 3 1851146043564 431 726052314956260452
HIT 3 1859735978156 433 3043072074443593181
HIT 3 1232670884012 287 11132011145598322084
HIT 3 992148848813 231 16496915427700918441
HIT 3 1851146174636 431 5920867149859020735
HIT 3 1232667017389 287 4543115481098778781
HIT 3 1851142308013 431 7853258714429818203
HIT 3 992148914349 231 5627911286302463562
HIT 3 1232667082925 287 6693529050109019961
HIT 3 1851142373549 431 10169761482261112912
HIT 3 992148979885 231 1511365679047164871
HIT 3 1232667148461 287 2204544115080919926
HIT 3 1851142439085 431 7676765466648056385
HIT 3 992149045421 231 11441535571800449414
HIT 3 1232667213997 287 6169482971161633457
HIT 3 1851142504621 431 15218993712884972155
HIT 3 992149045422 231 12970013943419540226
HIT 3 1232667213998 287 5392283874839542789
HIT 3 1851142504622 431 6245904104547149154
HIT 3 992149110957 231 14634089807381881765
HIT 3 1232667279533 287 15545758038006446876
HIT 3 1851142570157 431 16768175556885729131
HIT 3 992149176493 231 9377537304626106079
HIT 3 1232667345069 287 5733804071142310075
HIT 3 1851142635693 431 11842240376017890571
HIT 3 992149242029 231 2538851124507998933
HIT 3 1232667410605 287 1865232357088350267
HIT 3 1851142701229 431 14082941181591390963
HIT 3 992149307565 231 4118707919829879260
HIT 3 1232667476141 287 2414544056826619478
HIT 3 1851142766765 431 16576655456510943257
HIT 3 992149373101 231 18166250475926366702
HIT 3 1232667541677 287 3948217888067325182
HIT 3 1851142832301 431 4097816416385588112
HIT 3 992149438637 231 3418853361638443198
HIT 3 1232667607213 287 17276128027614028440
HIT 3 1851142897837 431 467149671274198802
HIT 3 992149504173 231 1862348609053292466
HIT 3 1232667672749 287 5402912518693812146
HIT 3 1851142963373 431 3301046400544221567
HIT 3 992149569709 231 6078969648577102451
HIT 3 1232667738285 287 11045464219852070866
HIT 3 1851143028909 431 1285692949125823595
HIT 3 992149635245 231 2924512692829074091
HIT 3 1232667803821 287 15752728753540835983
HIT 3 1851143094445 431 9135950861490281815
HIT 3 992149700781 231 14882684555303859037
HIT 3 1232667869357 287 105908773597449978
HIT 3 1851143159981 431 5792531192002883002
HIT 3 992149766317 231 10452575308295028574
HIT 3 1232667934893 287 7225143706082034482
HIT 3 1851143225517 431 17468045120859101509
HIT 3 992149831853 231 1060751813724705157
HIT 3 1232668000429 287 14404528139938705006
HIT 3 1851143291053 431 14076640396569468338
HIT 3 992149897389 231 744562727430879501
HIT 3 1232668065965 287 12937302738725104404
HIT 3 1851143356589 431 12774129624447221264
HIT 3 992149962925 231 16279476006896742978
HIT 3 1232668131501 287 13168587142949059698
HIT 3 1851149582507 431 9767110314027559573
HIT 3 1241264292011 289 5055426200170688032
HIT 3 1851149648043 431 15624210221911279709
HIT 3 1842559778987 429 8448491606180879449
HIT 3 1846854746283 430 7110495933558744968
HIT 3 1851149713579 431 11806830216472556652
HIT 3 1859739648171 433 12574437470785079790
HIT 3 1851149844651 431 11631396627157461697
HIT 3 1851143422125 431 15606574691735814488
HIT 3 992150028461 231 13466952512098042417
HIT 3 1232668197037 287 11162909574633547574
HIT 3 1851143487661 431 4587970710079927106
HIT 3 992150093997 231 14718631156376398509
HIT 3 1232668262573 287 2915628987527169490
HIT 3 1851143553197 431 15326580248113705072
HIT 3 992150159533 231 2575875529060958802
HIT 3 1232668328109 287 10218320623883317481
HIT 3 1851143618733 431 4946715584248592464
HIT 3 992150225069 231 14355448414368215829
HIT 3 1232668393645 287 10359456698938091273
HIT 3 1851143684269 431 956132689943594281
HIT 3 992150290605 231 13997450996761084436
HIT 3 1232668459181 287 761778760019092550
HIT 3 1851143749805 431 17390104243955224524
HIT 3 992150356141 231 10639436406788084024
HIT 3 1232668524717 287 9132048100922177768
HIT 3 1851143815341 431 10739618995011263172
HIT 3 992150421677 231 8002987826244067443
HIT 3 1232668590253 287 8597497392684158213
HIT 3 1851143880877 431 16205956644417849356
HIT 3 992150487213 231 15750273632092327508
HIT 3 1232668655789 287 13139444867513048866
HIT 3 1851143946413 431 3288664772547402806
HIT 3 992150552749 231 14397254293864463519
HIT 3 1232668721325 287 3361830721561724194
HIT 3 1851144011949 431 16351027630420955546
HIT 3 992150618285 231 11766435342194310234
HIT 3 1232668786861 287 15818700406358656304
HIT 3 1851144077485 431 17529294822704501832
HIT 3 992150683821 231 15977930993689242673
HIT 3 1232668852397 287 1226713385859371172
HIT 3 1851144143021 431 144409967380021190
HIT 3 992150749357 231 3334965181665046083
HIT 3 1232668917933 287 6393335249086857803
HIT 3 1851144208557 431 2976690026406748785
HIT 3 992150814893 231 14724804972733241170
HIT 3 1232668983469 287 5625684500596250308
HIT 3 1851144274093 431 4790483292033562496
HIT 3 992150880429 231 752725630328554313
HIT 3 1232669049005 287 797609662077495691
HIT 3 1851144339629 431 10584307356569238024
HIT 3 992150945965 231 14462040603307240846
HIT 3 1232669114541 287 5781904850298125489
HIT 3 1851144405165 431 2648176942921025621
HIT 3 992151011501 231 16486837268185488925
HIT 3 1232669180077 287 13445114107577039414
HIT 3 1851144470701 431 14719321986080326023
HIT 3 992151077037 231 7829916907455374792
HIT 3 1232669245613 287 12276508244571046404
HIT 3 1851144536237 431 5095179093861337201
HIT 3 992151142573 231 11720709634979035583
HIT 3 1232669311149 287 2450781197290369873
HIT 3 1851144601773 431 5306171451026289516
HIT 3 992151208109 231 3966498196155494342
HIT 3 1232669376685 287 10477252314503587683
HIT 3 1851144667309 431 4768222414748707892
HIT 3 992151273645 231 11377008908289284643
HIT 3 1232669442221 287 7785083398463005697
HIT 3 1851144732845 431 17886645551500592744
HIT 3 992151339181 231 9140466291053854579
HIT 3 1232669507757 287 11425362444096349057
HIT 3 1851144798381 431 6427371955005575542
HIT 3 992151404717 231 16407703875213451106
HIT 3 1232669573293 287 12869365663388338254
HIT 3 1851144863917 431 6989651782322929546
HIT 3 992151470253 231 2159478366357701424
HIT 3 1232669638829 287 14157498609031285784
HIT 3 1851144929453 431 16710372000976692809
HIT 3 992151535789 231 5626978455141281602
HIT 3 1232669704365 287 8562424110661650052
HIT 3 1851144994989 431 6516166787023993064
HIT 3 992151601325 231 16531258533775845122
HIT 3 1232669769901 287 14298563548845991412
HIT 3 1851145060525 431 7542063958456522512
HIT 3 992151666861 231 14046336913000736854
HIT 3 1232669835437 287 5047368393368853191
HIT 3 1851145126061 431 17623156487959620908
HIT 3 992151732397 231 16632119199035005458
HIT 3 1232669900973 287 6034578786711543567
HIT 3 1851145191597 431 13393513730537068094
HIT 3 992151797933 231 16756113588111801326
HIT 3 1232669966509 287 4559374010596140285
HIT 3 1851145257133 431 614673964139257318
HIT 3 992151863469 231 7904064953042138861
HIT 3 1232670032045 287 5259637935274604463
HIT 3 1851145322669 431 4477504277833966639
HIT 3 992151929005 231 3795451412778455327
HIT 3 1232670097581 287 18233088064056254928
HIT 3 1851145388205 431 13148789637226119993
HIT 3 992151994541 231 1962947904468069936
HIT 3 1232670163117 287 12807772903122269380
HIT 3 1851145453741 431 5092602327942689656
HIT 3 992152060077 231 6035211901595763132
HIT 3 1232670228653 287 10497226124593709979
HIT 3 1851145519277 431 5502622377100342855
HIT 3 992152125613 231 9763807143891186953
HIT 3 1232670294189 287 16107095458758164214
HIT 3 1851145584813 431 7225851321467929060
HIT 3 992152191149 231 5909997108876010953
HIT 3 1232670359725 287 10218064184557577735
HIT 3 1851145650349 431 14151304593892450961
HIT 3 992152256685 231 12230693250440392769
HIT 3 1232670425261 287 121210233217999920
HIT 3 1851145715885 431 2664659568715625851
HIT 3 983562387629 229 12230693250440392769
HIT 3 992152322221 231 41751682518953947
HIT 3 1232670490797 287 9757267477826759924
HIT 3 1851145781421 431 7322434315941725091
HIT 3 992152387757 231 302363029355791651
HIT 3 1000742322349 233 15533307593518806929
HIT 3 1232670556333 287 9436046357369596584
HIT 3 1851145846957 431 8871626047804523733
HIT 3 992152453293 231 15533307593518806929
HIT 3 1224080687277 285 13093129610793342663
HIT 3 1228375654573 286 9566158176650048484
HIT 3 1232670621869 287 10822473180324840829
HIT 3 1241260556461 289 9974983437990318992
HIT 3 1842555977901 429 13023423685106760336
HIT 3 1846850945197 430 15968656995803622369
HIT 3 1851145912493 431 18165845509038722029
HIT 3 1859735847085 433 13156504338550060812
HIT 3 996447486125 232 2180889662456663324
HIT 3 1000742453421 233 3594773128523499742
HIT 3 1009332388013 235 1239895275091714049
HIT 3 1232670752942 287 10245688653271708256
HIT 3 1851146043566 431 2236599353305350587
HIT 3 1851149582508 431 324890354916213865
HIT 3 1241264292012 289 4543115481098778781
HIT 3 1851149648044 431 1515308071200572622
HIT 3 1842559778988 429 5668499082199873107
HIT 3 1846854746284 430 12312765266720817428
HIT 3 1851149713580 431 12357523156954881379
HIT 3 1859739648172 433 7329896461187952473
HIT 3 1851149844652 431 18167348210691266289
HIT 3 1224080752813 285 15170598904501139132
HIT 3 1228375720109 286 16095412075468650835
HIT 3 1232670687405 287 7940802730395211096
HIT 3 1241260621997 289 166932170568871629
HIT 3 1842556043437 429 4671918991840568055
HIT 3 1846851010733 430 16889788274801903233
HIT 3 1851145978029 431 12418668294975662897
HIT 3 1859735912621 433 16911437952727490720
HIT 3 996447551661 232 3360641156278411738
HIT 3 1000742518957 233 1239895275091714049
HIT 3 1005037486253 234 2180889662456663324
HIT 3 1009332453549 235 2624102876909590417
HIT 3 1013627420845 236 3150790150202309590
HIT 3 1017922388141 237 13785596661566881925
HIT 3 1022217355437 238 13774403692234907921
HIT 3 1026512322733 239 10713137061342668285
HIT 3 1030807290029 240 5055722942048542113
HIT 3 1035102257325 241 18272756964137735865
HIT 3 1039397224621 242 15609446577821102938
HIT 3 1043692191917 243 17471053295489758764
HIT 3 1047987159213 244 13771759899418366093
HIT 3 1052282126509 245 12907540935265773961
HIT 3 1056577093805 246 3276454526435582787
HIT 3 1060872061101 247 8654385595416457096
HIT 3 1065167028397 248 1722489836425592026
HIT 3 1069461995693 249 6208822144145762016
HIT 3 1073756962989 250 14814448362134801207
HIT 3 1078051930285 251 11853527256893857665
HIT 3 1082346897581 252 291711995488786617
HIT 3 1086641864877 253 18227024049090386447
HIT 3 1090936832173 254 8480169531798651350
HIT 3 1095231799469 255 10392264812212987889
HIT 3 1099526766765 256 10963703689501831188
HIT 3 1103821734061 257 6945242625192487765
HIT 3 1108116701357 258 1161117704166886602
HIT 3 1112411668653 259 8895784064768347733
HIT 3 1116706635949 260 2781442511199924444
HIT 3 1121001603245 261 16256840746336454986
HIT 3 1125296570541 262 3728833151269724632
HIT 3 1129591537837 263 6717664661764179842
HIT 3 1133886505133 264 4942186877276754492
HIT 3 1138181472429 265 2549437127606844895
HIT 3 1142476439725 266 16172550452957369704
HIT 3 1146771407021 267 16867459075833210991
HIT 3 1151066374317 268 12470934307924476537
HIT 3 1155361341613 269 12564430316114121077
HIT 3 1159656308909 270 8386770788438828053
HIT 3 1163951276205 271 10680486345930736233
HIT 3 1168246243501 272 2920767492092380342
HIT 3 1172541210797 273 15249056467624515671
HIT 3 1176836178093 274 13257654599901640433
HIT 3 1181131145389 275 9363918602926424993
HIT 3 1185426112685 276 17334784689471752583
HIT 3 1189721079981 277 6414210825173628448
HIT 3 1194016047277 278 12231243317598853924
HIT 3 1198311014573 279 11092124351384518534
HIT 3 1202605981869 280 14445401974200432524
HIT 3 1206900949165 281 13139543693394693054
HIT 3 1211195916461 282 8341406315309214301
HIT 3 1215490883757 283 14253550464826172053
HIT 3 1219785851053 284 3694690208689743145
HIT 3 1224080818349 285 5370731942288346867
HIT 3 1228375785645 286 14799624093994111818
HIT 3 1232670752941 287 18181753067321275261
HIT 3 1236965720237 288 17390696454417676109
HIT 3 1241260687533 289 6728367045333492931
HIT 3 1245555654829 290 17316002804458076537
HIT 3 1249850622125 291 6593483168418186108
HIT 3 1254145589421 292 8796286346751722624
HIT 3 1258440556717 293 3628089358692326384
HIT 3 1262735524013 294 148429879433362398
HIT 3 1267030491309 295 4115463214852390995
HIT 3 1271325458605 296 3520251147684050208
HIT 3 1275620425901 297 6076115556320864091
HIT 3 1279915393197 298 17521277949066794937
HIT 3 1284210360493 299 5062770860720597227
HIT 3 1288505327789 300 8968558184029176625
HIT 3 1292800295085 301 573872151135371677
HIT 3 1297095262381 302 15778413695930248557
HIT 3 1301390229677 303 761635132136613294
HIT 3 1305685196973 304 15145433037980954720
HIT 3 1309980164269 305 8779337230666464342
HIT 3 1314275131565 306 13645594961966258553
HIT 3 1318570098861 307 17002807925553272240
HIT 3 1322865066157 308 964863384642482851
HIT 3 1327160033453 309 644842174892537126
HIT 3 1331455000749 310 2288866757933148670
HIT 3 1335749968045 311 13199981904272475511
HIT 3 1340044935341 312 12797335101687376342
HIT 3 1344339902637 313 3213383094382493417
HIT 3 1348634869933 314 8422210712861738680
HIT 3 1352929837229 315 4708160390987066409
HIT 3 1357224804525 316 15987902210434563362
HIT 3 1361519771821 317 14620545687615934163
HIT 3 1365814739117 318 4382915309682479553
HIT 3 1370109706413 319 720331812663744487
HIT 3 1374404673709 320 8103346640340057200
HIT 3 1378699641005 321 6306886770103796471
HIT 3 1382994608301 322 6782856981366925303
HIT 3 1387289575597 323 4808534526474078820
HIT 3 1391584542893 324 1196302358257757225
HIT 3 1395879510189 325 4993451178098075611
HIT 3 1400174477485 326 1075207582586278337
HIT 3 1404469444781 327 1109850418908450231
HIT 3 1408764412077 328 15566305363292257359
HIT 3 1413059379373 329 16113600132049536950
HIT 3 1417354346669 330 12023844760263078857
HIT 3 1421649313965 331 15344909459235265787
HIT 3 1425944281261 332 1009053221838767213
HIT 3 1430239248557 333 9078828607478842594
HIT 3 1434534215853 334 18322389767349654659
HIT 3 1438829183149 335 89516290862341294
HIT 3 1443124150445 336 12620489261067524099
HIT 3 1447419117741 337 9791397376048307755
HIT 3 1451714085037 338 8581350457120498852
HIT 3 1456009052333 339 15652772338012170005
HIT 3 1460304019629 340 11566750645113237202
HIT 3 1464598986925 341 17346473929452231835
HIT 3 1468893954221 342 4238232680148364680
HIT 3 1473188921517 343 9817872395688336350
HIT 3 1477483888813 344 11717749878121108550
HIT 3 1481778856109 345 1122873204926994100
HIT 3 1486073823405 346 10559697019781549545
HIT 3 1490368790701 347 3485497894878551264
HIT 3 1494663757997 348 17041360287531852872
HIT 3 1498958725293 349 2156185110365475365
HIT 3 1503253692589 350 2781771130344188806
HIT 3 1507548659885 351 3035771364693546736
HIT 3 1511843627181 352 149370438434151808
HIT 3 1516138594477 353 7913213643593356076
HIT 3 1520433561773 354 9254034820104765614
HIT 3 1524728529069 355 13127237419127405968
HIT 3 1529023496365 356 14466975884743152973
HIT 3 1533318463661 357 3275554163083669673
HIT 3 1537613430957 358 9956868279436002447
HIT 3 1541908398253 359 13941313234280282721
HIT 3 1546203365549 360 8669464280943791192
HIT 3 1550498332845 361 4203610782439425737
HIT 3 1554793300141 362 13093468160929103142
HIT 3 1559088267437 363 17933861735417496934
HIT 3 1563383234733 364 13234796002983756853
HIT 3 1567678202029 365 8845415938243434992
HIT 3 1571973169325 366 13180130467670564224
HIT 3 1576268136621 367 2510252719576034166
HIT 3 1580563103917 368 9819050685523445545
HIT 3 1584858071213 369 15942142770736851717
HIT 3 1589153038509 370 9995826589130901794
HIT 3 1593448005805 371 4746744833050859798
HIT 3 1597742973101 372 9815783635190506678
HIT 3 1602037940397 373 10770884662389086763
HIT 3 1606332907693 374 1100104090213123434
HIT 3 1610627874989 375 12974215278522026463
HIT 3 1614922842285 376 12574683227357926295
HIT 3 1619217809581 377 17490470027752035586
HIT 3 1623512776877 378 12283892430738045223
HIT 3 1627807744173 379 14112266232414479839
HIT 3 1632102711469 380 12006504376388378220
HIT 3 1636397678765 381 13517429280545766080
HIT 3 1640692646061 382 4990412392186930170
HIT 3 1644987613357 383 5504254487590499026
HIT 3 1649282580653 384 12075329394675456290
HIT 3 1653577547949 385 7615476334817272230
HIT 3 1657872515245 386 3101658593700197956
HIT 3 1662167482541 387 10106063444725551709
HIT 3 1666462449837 388 12244772508864304534
HIT 3 1670757417133 389 11667953506306505561
HIT 3 1675052384429 390 9805670240393542986
HIT 3 1679347351725 391 18394076684065613158
HIT 3 1683642319021 392 12044925618846190789
HIT 3 1687937286317 393 10000134562988533127
HIT 3 1692232253613 394 11931229963325839800
HIT 3 1696527220909 395 3371479909501833923
HIT 3 1700822188205 396 538659171003992265
HIT 3 1705117155501 397 3737611646410726041
HIT 3 1709412122797 398 5478212040821720839
HIT 3 1713707090093 399 2971399162343082922
HIT 3 1718002057389 400 15621649916135091576
HIT 3 1722297024685 401 410135907783650062
HIT 3 1726591991981 402 16818798871311948396
HIT 3 1730886959277 403 3794891643382451352
HIT 3 1735181926573 404 4013157281368945429
HIT 3 1739476893869 405 11702299527983186674
HIT 3 1743771861165 406 7827459143004358212
HIT 3 1748066828461 407 10098905208817446820
HIT 3 1752361795757 408 16009215823144331935
HIT 3 1756656763053 409 16108758715298564096
HIT 3 1760951730349 410 297155627993090993
HIT 3 1765246697645 411 10822961711057979847
HIT 3 1769541664941 412 14077441989351626495
HIT 3 1773836632237 413 517629304188463781
HIT 3 1778131599533 414 4498859845941784291
HIT 3 1782426566829 415 10246817663556038087
HIT 3 1786721534125 416 1392936446706086546
HIT 3 1791016501421 417 14718084488773969790
HIT 3 1795311468717 418 16302612962952161729
HIT 3 1799606436013 419 14747768923767979028
HIT 3 1803901403309 420 2305768863466196571
HIT 3 1808196370605 421 12436215178835032451
HIT 3 1812491337901 422 630633440533570635
HIT 3 1816786305197 423 17819342671063354275
HIT 3 1821081272493 424 2315048215881074297
HIT 3 1825376239789 425 5308628167213976110
HIT 3 1829671207085 426 10111608071731854887
HIT 3 1833966174381 427 4467663512417034768
HIT 3 1838261141677 428 12896462717585044994
HIT 3 1842556108973 429 11799683558198462769
HIT 3 1846851076269 430 16187767585784399418
HIT 3 1851146043565 431 12795666968530159104
HIT 3 1855441010861 432 14352808167909978408
HIT 3 1859735978157 433 10699349345129893817
HIT 3 1864030945453 434 1277255364745587257
HIT 3 1868325912749 435 8054968613041211927
HIT 3 1872620880045 436 6866684219091054121
HIT 3 1876915847341 437 16843792856291433298
HIT 3 1881210814637 438 6114206317697135394
HIT 3 1885505781933 439 2568892172895960063
HIT 3 1889800749229 440 10837144981897760118
HIT 3 1894095716525 441 17541938172432331106
HIT 3 1898390683821 442 10151906040527650430
HIT 3 1902685651117 443 9463259200441326133
HIT 3 1906980618413 444 1051437503438406648
HIT 3 1911275585709 445 17897066854521354993
HIT 3 1915570553005 446 2578144282544476846
HIT 3 1919865520301 447 6217240530746196055
HIT 3 1924160487597 448 14167764687192156248
HIT 3 1928455454893 449 1044589653165559418
HIT 3 1932750422189 450 9271957060012644944
HIT 3 1937045389485 451 12527483949101477612
HIT 3 1941340356781 452 4616047081049367058
HIT 3 1945635324077 453 6686183368175852752
HIT 3 1949930291373 454 11581610450418790483
HIT 3 1954225258669 455 2832734158065493502
HIT 3 1958520225965 456 14442268259053557937
HIT 3 1962815193261 457 10363380591708112423
HIT 3 1967110160557 458 5563727358963802501
HIT 3 1971405127853 459 8905118684603032399
HIT 3 1975700095149 460 14176276003223179958
HIT 3 1979995062445 461 8259639318590621410
HIT 3 1984290029741 462 1204413248113071112
HIT 3 1988584997037 463 7762496526992776132
HIT 3 1992879964333 464 944271522523757714
HIT 3 1997174931629 465 1891318015824353600
HIT 3 2001469898925 466 9428019377177355744
HIT 3 2005764866221 467 16113523430663168073
HIT 3 2010059833517 468 9096009594847066782
HIT 3 2014354800813 469 8912589067957913192
HIT 3 2018649768109 470 3037809096559041244
HIT 3 2022944735405 471 17006553809015460173
HIT 3 2027239702701 472 2062664355683067913
HIT 3 2031534669997 473 17302209679940414036
HIT 3 2035829637293 474 5166338304589988266
HIT 3 2040124604589 475 15218125069613043194
HIT 3 2044419571885 476 5635922664499830178
HIT 3 2048714539181 477 17443115051085329104
HIT 3 2053009506477 478 9018498975644966049
HIT 3 2057304473773 479 13184186709069494317
HIT 3 2061599441069 480 15035434089445936021
HIT 3 2065894408365 481 18286253339775862567
HIT 3 2070189375661 482 1104834507859933186
HIT 3 2074484342957 483 1755155422753885654
HIT 3 2078779310253 484 15893755759577322998
HIT 3 2083074277549 485 14993328335814748185
HIT 3 2087369244845 486 599497849165630741
HIT 3 2091664212141 487 7342654357709957357
HIT 3 2095959179437 488 16845198683030056837
HIT 3 2100254146733 489 2769502929693233443
HIT 3 2104549114029 490 15292404312938964944
HIT 3 2108844081325 491 10993211162665220638
HIT 3 2113139048621 492 13087793667138480801
HIT 3 2117434015917 493 17393863833540777404
HIT 3 2121728983213 494 16531981913820721427
HIT 3 2126023950509 495 17320788842773960217
HIT 3 2130318917805 496 2609931355983368462
HIT 3 2134613885101 497 2867831085857026492
HIT 3 2138908852397 498 722140233579024162
HIT 3 2143203819693 499 2307532727225192391
HIT 3 2147498786989 500 12405953359668200277
HIT 3 2151793754285 501 3085570744315510713
HIT 3 2156088721581 502 9373955589912677072
HIT 3 2160383688877 503 1493298890126761455
HIT 3 2164678656173 504 4290802991765460050
HIT 3 2168973623469 505 4259749850583484584
HIT 3 2173268590765 506 12663545709298386807
HIT 3 2177563558061 507 2716158144069061028
HIT 3 2181858525357 508 5380761577210848800
HIT 3 2186153492653 509 14663035765827024648
HIT 3 2190448459949 510 9897444810094954549
HIT 3 2194743427245 511 8954371331440787395
HIT 3 1009332519085 235 14665282594457497554
HIT 3 1232670818477 287 2447893088680169397
HIT 3 1851146109101 431 857798937822322473
HIT 3 1224080949421 285 2534839759687955973
HIT 3 1228375916717 286 5905822680386608730
HIT 3 1232670884013 287 18430448725216092285
HIT 3 1241260818605 289 11977226537200067127
HIT 3 1842556240045 429 4222404247476708449
HIT 3 1846851207341 430 10058669182250957079
HIT 3 1851146174637 431 4873359805786350320
HIT 3 1859736109229 433 15571118642325630285
HIT 3 1232670949549 287 3763048663892835098
HIT 3 1851146240173 431 17597275749130854260
HIT 3 1232671015085 287 5693835798736767799
HIT 3 1851146305709 431 7443883054607819114
HIT 3 1232671080621 287 2308234899312435357
HIT 3 1851146371245 431 7997390358026165072
HIT 3 1232671146157 287 11742916355880413160
HIT 3 1851146436781 431 4164438915205774754
HIT 3 1232671211693 287 1807644394517602370
HIT 3 1851146502317 431 9505874319519129903
HIT 3 1232671277229 287 17309536823373371784
HIT 3 1851146567853 431 3386828147543367596
HIT 3 1232671342765 287 4355207638474566537
HIT 3 1851146633389 431 9536702121154341413
HIT 3 1232671408301 287 1284863257232693811
HIT 3 1851146698925 431 13849743792286800164
HIT 3 1232671473837 287 10490710483391936645
HIT 3 1851146764461 431 14110794200024739450
HIT 3 1232671539373 287 17811696582335919597
HIT 3 1851146829997 431 5231103100532083676
HIT 3 1232671604909 287 5455981224981939358
HIT 3 1851146895533 431 4610180028906087029
HIT 3 1232671670445 287 3048870425747062713
HIT 3 1851146961069 431 18370092349938617729
HIT 3 1232671735981 287 2817506474873269829
HIT 3 1851147026605 431 15908184083634473652
HIT 3 1232671801517 287 4596058665378740298
HIT 3 1851147092141 431 13896660428404386071
HIT 3 1232671867053 287 5729977826190075259
HIT 3 1851147157677 431 6696622152181981596
HIT 3 1232671932589 287 18298118529937969160
HIT 3 1851147223213 431 1358535263324016501
HIT 3 1232671998125 287 16675418921139609927
HIT 3 1851147288749 431 15249466996063851136
HIT 3 1232672063661 287 10374979460078971232
HIT 3 1851147354285 431 16802716265541454462
HIT 3 1232672129197 287 7955108281700443937
HIT 3 1851147419821 431 309281856792289632
HIT 3 1232672194733 287 5512972961474651706
HIT 3 1851147485357 431 10047842675589120124
HIT 3 1232672260269 287 5425340975664174596
HIT 3 1851147550893 431 5887410423007699097
HIT 3 1232672325805 287 11996175884154197177
HIT 3 1851147616429 431 1044100617373492072
HIT 3 1232672391341 287 14962327760309274314
HIT 3 1851147681965 431 3544300620244112041
HIT 3 1232672456877 287 14380942550614806904
HIT 3 1851147747501 431 14421160555532696640
HIT 3 1232672522413 287 12852422518772981488
HIT 3 1851147813037 431 4382962761040949916
HIT 3 1232672587949 287 16210261855193971916
HIT 3 1851147878573 431 18399078482330857844
HIT 3 1232672653485 287 3252107875065043182
HIT 3 1851147944109 431 7648679719779367851
HIT 3 1232672719021 287 15269500363951904264
HIT 3 1851148009645 431 6447556007708590045
HIT 3 1232672784557 287 16323869059615488125
HIT 3 1851148075181 431 1948401809091862781
HIT 3 1232672850093 287 3194567535637794696
HIT 3 1851148140717 431 11537544124386589424
HIT 3 1232672915629 287 231949084803589366
HIT 3 1851148206253 431 2645970564906514289
HIT 3 1232672981165 287 10786525384415523521
HIT 3 1851148271789 431 14419224926020475820
HIT 3 1232673046701 287 12960302346226845199
HIT 3 1851148337325 431 175253791882557479
HIT 3 1232673112237 287 12234106579335877929
HIT 3 1851148402861 431 7495921132737422507
HIT 3 1232673177773 287 10464119193917959875
HIT 3 1851148468397 431 1099601438963027031
HIT 3 1232673243309 287 10232478304666673097
HIT 3 1851148533933 431 6210970825705034911
HIT 3 1232673308845 287 16812394325798731574
HIT 3 1851148599469 431 17130230086510784508
HIT 3 1232673374381 287 7640908687003450704
HIT 3 1851148665005 431 1790996319011376649
HIT 3 1232673439917 287 292227529022748321
HIT 3 1851148730541 431 13054253512481513498
HIT 3 1232673505453 287 256246743068534385
HIT 3 1851148796077 431 17882420734730825599
HIT 3 1232673570989 287 8447522745715910487
HIT 3 1851148861613 431 16670305919019842386
HIT 3 1232673636525 287 12081046187628411034
HIT 3 1851148927149 431 6232769776224869288
HIT 3 1232673702061 287 9060220275610471771
HIT 3 1851148992685 431 11916477288180111813
HIT 3 1232673767597 287 1467227262864721880
HIT 3 1851149058221 431 535486979735181061
HIT 3 1232673833133 287 2130052260016382141
HIT 3 1851149123757 431 6475798218553195769
HIT 3 1232673898669 287 3087561170529479465
HIT 3 1851149713582 431 11789993171088187552
HIT 3 1851149189293 431 17659626113127634831
HIT 3 1232673964205 287 16962460015215316492
HIT 3 1851149254829 431 7675569701278640880
HIT 3 1232674029741 287 2555750764093474481
HIT 3 1851149320365 431 17394040385222595746
HIT 3 1232674095277 287 13412039881796008302
HIT 3 1851149385901 431 8602029289416532329
HIT 3 1224084226221 285 13412039881796008302
HIT 3 1232674160813 287 11141294604576363069
HIT 3 1851149451437 431 13377637838006019409
HIT 3 1232674226349 287 6755489982506166193
HIT 3 1241264160941 289 12529739338724019059
HIT 3 1851149516973 431 11752136394240305364
HIT 3 1232674291885 287 12529739338724019059
HIT 3 1842559647917 429 8944073933663925617
HIT 3 1846854615213 430 8922728498442496522
HIT 3 1851149582509 431 4668626096472353570
HIT 3 1859739517101 433 12549613942300170395
HIT 3 1236969324717 288 15765818663349476430
HIT 3 1241264292013 289 4358947267087473084
HIT 3 1249854226605 291 15816131202678217886
HIT 3 1842559713453 429 14342968100627022093
HIT 3 1846854680749 430 2839045399265179089
HIT 3 1851149648045 431 12954070289888833313
HIT 3 1859739582637 433 3121352646190240517
HIT 3 1236969390253 288 4236627740087650014
HIT 3 1241264357549 289 15816131202678217886
HIT 3 1245559324845 290 15765818663349476430
HIT 3 1249854292141 291 16960158432730870205
HIT 3 1254149259437 292 14649163291830219717
HIT 3 1258444226733 293 12205444090880133896
HIT 3 1262739194029 294 8656037297718560040
HIT 3 1267034161325 295 18213709723322015755
HIT 3 1271329128621 296 3922633783455150825
HIT 3 1275624095917 297 1566085582703993348
HIT 3 1279919063213 298 14898923682383818520
HIT 3 1284214030509 299 11096809278100185600
HIT 3 1288508997805 300 12330232819735389318
HIT 3 1292803965101 301 10432708306810728488
HIT 3 1297098932397 302 14233676884609096339
HIT 3 1301393899693 303 2991983864053415141
HIT 3 1305688866989 304 7218959690257430725
HIT 3 1309983834285 305 14543552067649703698
HIT 3 1314278801581 306 3967243710683742863
HIT 3 1318573768877 307 7245756464883554434
HIT 3 1322868736173 308 17661567511351995809
HIT 3 1327163703469 309 3748139422256276885
HIT 3 1331458670765 310 1892405553648515454
HIT 3 1335753638061 311 18254041990781176623
HIT 3 1340048605357 312 15089147911587193644
HIT 3 1344343572653 313 8303228962970556229
HIT 3 1348638539949 314 2820331649741652384
HIT 3 1352933507245 315 3348361314833660512
HIT 3 1357228474541 316 9103988622891446484
HIT 3 1361523441837 317 5220498947842834552
HIT 3 1365818409133 318 14605978628855325782
HIT 3 1370113376429 319 17207096377906919740
HIT 3 1374408343725 320 17491244011135404228
HIT 3 1378703311021 321 439225790735951456
HIT 3 1382998278317 322 7746352236910060863
HIT 3 1387293245613 323 15634966327015891609
HIT 3 1391588212909 324 8083585156147912665
HIT 3 1395883180205 325 1936336980632327355
HIT 3 1400178147501 326 8206794830076725915
HIT 3 1404473114797 327 13823070119438577331
HIT 3 1408768082093 328 2185651122403428120
HIT 3 1413063049389 329 11315624894369354810
HIT 3 1417358016685 330 1173273852404694385
HIT 3 1421652983981 331 10731537732863882006
HIT 3 1425947951277 332 2883803557099293094
HIT 3 1430242918573 333 56897416037043384
HIT 3 1434537885869 334 18323557555626030251
HIT 3 1438832853165 335 6961652270797059903
HIT 3 1443127820461 336 3958950975523479596
HIT 3 1447422787757 337 4071270029099245771
HIT 3 1451717755053 338 4729010541507494189
HIT 3 1456012722349 339 15054303861726898616
HIT 3 1460307689645 340 10532210523889848965
HIT 3 1464602656941 341 6867513748534862696
HIT 3 1468897624237 342 18330729513648342559
HIT 3 1473192591533 343 9506037419184147604
HIT 3 1477487558829 344 13788024144380131983
HIT 3 1481782526125 345 6194102652339446391
HIT 3 1486077493421 346 7058302469135696887
HIT 3 1490372460717 347 14390718016737620688
HIT 3 1494667428013 348 1170566568718434653
HIT 3 1498962395309 349 16263276267621706650
HIT 3 1503257362605 350 2647428861567254068
HIT 3 1507552329901 351 14136583882313818759
HIT 3 1511847297197 352 7230088137751184425
HIT 3 1516142264493 353 2452727574759080233
HIT 3 1520437231789 354 3987352575533873876
HIT 3 1524732199085 355 920695813414108839
HIT 3 1529027166381 356 81215948310432142
HIT 3 1533322133677 357 967581685890202286
HIT 3 1537617100973 358 2946519644221778219
HIT 3 1541912068269 359 18259367944308237351
HIT 3 1546207035565 360 14162139267095371908
HIT 3 1550502002861 361 16848685708453183456
HIT 3 1554796970157 362 5930415270417388240
HIT 3 1559091937453 363 14872038602360971166
HIT 3 1563386904749 364 15031806554106769446
HIT 3 1567681872045 365 1544916340010213858
HIT 3 1571976839341 366 9623625757454517240
HIT 3 1576271806637 367 11117329050055499253
HIT 3 1580566773933 368 14290345996490667003
HIT 3 1584861741229 369 7651490347529632629
HIT 3 1589156708525 370 1179757813683398931
HIT 3 1593451675821 371 10830933580407156624
HIT 3 1597746643117 372 13416425318668318573
HIT 3 1602041610413 373 5899548871571387732
HIT 3 1606336577709 374 11312937721700345384
HIT 3 1610631545005 375 13982024680260599350
HIT 3 1614926512301 376 17168249713322469809
HIT 3 1619221479597 377 17811962961030746755
HIT 3 1623516446893 378 3290189856710181057
HIT 3 1627811414189 379 6252235842903807636
HIT 3 1632106381485 380 2550308688468572890
HIT 3 1636401348781 381 4767502821400728570
HIT 3 1640696316077 382 18254617555614942976
HIT 3 1644991283373 383 4884056571478802673
HIT 3 1649286250669 384 2350461669127116306
HIT 3 1653581217965 385 2874506577233289872
HIT 3 1657876185261 386 3260563666578097255
HIT 3 1662171152557 387 7186493879889557322
HIT 3 1666466119853 388 11156557082017714516
HIT 3 1670761087149 389 11787223711663603965
HIT 3 1675056054445 390 2065901663874092694
HIT 3 1679351021741 391 2360575679182660969
HIT 3 1683645989037 392 10274140628768041548
HIT 3 1687940956333 393 14982414661207735317
HIT 3 1692235923629 394 173740499591271485
HIT 3 1696530890925 395 12034603416492717379
HIT 3 1700825858221 396 2285159825520738657
HIT 3 1705120825517 397 4498518889233333660
HIT 3 1709415792813 398 3218163280489756332
HIT 3 1713710760109 399 6168231637957090829
HIT 3 1718005727405 400 12864266653131184888
HIT 3 1722300694701 401 16236657930759786954
HIT 3 1726595661997 402 14101721793033343115
HIT 3 1730890629293 403 2710485916597995293
HIT 3 1735185596589 404 13727008136360136315
HIT 3 1739480563885 405 18421473703965009598
HIT 3 1743775531181 406 13168360358369365592
HIT 3 1748070498477 407 13456230377817249447
HIT 3 1752365465773 408 3460102723005606114
HIT 3 1756660433069 409 5479907119394602164
HIT 3 1760955400365 410 10111156106979081436
HIT 3 1765250367661 411 5058554684756007134
HIT 3 1769545334957 412 8527110118784385766
HIT 3 1773840302253 413 2978962279796105071
HIT 3 1778135269549 414 10968103599890094656
HIT 3 1782430236845 415 8324921604268556319
HIT 3 1786725204141 416 3301287862239022739
HIT 3 1791020171437 417 1570754119143368830
HIT 3 1795315138733 418 16396030984848246617
HIT 3 1799610106029 419 13332093587757454509
HIT 3 1803905073325 420 6655822292196845289
HIT 3 1808200040621 421 12592900015202786600
HIT 3 1812495007917 422 4933802204984194895
HIT 3 1816789975213 423 992626831476362381
HIT 3 1821084942509 424 716437033228962969
HIT 3 1825379909805 425 17031970366855232231
HIT 3 1829674877101 426 11648464159264287405
HIT 3 1833969844397 427 11917357875452551614
HIT 3 1838264811693 428 17828592397662171543
HIT 3 1842559778989 429 5256457717516342766
HIT 3 1846854746285 430 1437826228978035865
HIT 3 1851149713581 431 5874545874481175875
HIT 3 1855444680877 432 6313823029060035785
HIT 3 1859739648173 433 9689269665214967318
HIT 3 1864034615469 434 4340580570961995416
HIT 3 1868329582765 435 5399937446794616033
HIT 3 1872624550061 436 11229140038920296055
HIT 3 1876919517357 437 9899775312909099433
HIT 3 1881214484653 438 5450318894528121814
HIT 3 1885509451949 439 11099555015220207316
HIT 3 1889804419245 440 763330620339097515
HIT 3 1894099386541 441 4111498130028086951
HIT 3 1898394353837 442 14309072898480447233
HIT 3 1902689321133 443 15550632247627796846
HIT 3 1906984288429 444 1588113444217955536
HIT 3 1911279255725 445 18351865733737663313
HIT 3 1915574223021 446 18241721285732543060
HIT 3 1919869190317 447 14509971848060138823
HIT 3 1924164157613 448 16640099133009422843
HIT 3 1928459124909 449 4122565103170976919
HIT 3 1932754092205 450 17360184160442978950
HIT 3 1937049059501 451 17597724575077613853
HIT 3 1941344026797 452 8205284960323208240
HIT 3 1945638994093 453 7058221217672379573
HIT 3 1949933961389 454 1148408157184970390
HIT 3 1954228928685 455 16576432546199320174
HIT 3 1958523895981 456 4069164553098339121
HIT 3 1962818863277 457 17632534831163569069
HIT 3 1967113830573 458 7006269713045334706
HIT 3 1971408797869 459 14797427018393208961
HIT 3 1975703765165 460 1818486887354023516
HIT 3 1979998732461 461 10521791257122621251
HIT 3 1984293699757 462 3775037408942696144
HIT 3 1988588667053 463 5409185268327380776
HIT 3 1992883634349 464 95169780837129567
HIT 3 1997178601645 465 15525882405585714948
HIT 3 2001473568941 466 16503835274487772329
HIT 3 2005768536237 467 4632911719227877073
HIT 3 2010063503533 468 2386188406169613387
HIT 3 2014358470829 469 722269452719164069
HIT 3 2018653438125 470 8385923059482450630
HIT 3 2022948405421 471 3199520608266601490
HIT 3 2027243372717 472 14632329078098453234
HIT 3 2031538340013 473 10465617274680526638
HIT 3 2035833307309 474 4567044566864133412
HIT 3 2040128274605 475 2052466751553929634
HIT 3 2044423241901 476 16496338840149126730
HIT 3 2048718209197 477 14930630429976642138
HIT 3 2053013176493 478 17917935884346123493
HIT 3 2057308143789 479 9816347068028226356
HIT 3 2061603111085 480 17168436858179866856
HIT 3 2065898078381 481 729376745840067524
HIT 3 2070193045677 482 468912365329184320
HIT 3 2074488012973 483 14412996662493167364
HIT 3 2078782980269 484 13026394192113550315
HIT 3 2083077947565 485 3130585628641250112
HIT 3 2087372914861 486 6726958482771963232
HIT 3 2091667882157 487 12248060520237082283
HIT 3 2095962849453 488 9465856533203533870
HIT 3 2100257816749 489 7630260242678691588
HIT 3 2104552784045 490 17335540165186946656
HIT 3 2108847751341 491 12259594754847344524
HIT 3 2113142718637 492 7862957112878270456
HIT 3 2117437685933 493 14382473490939813784
HIT 3 2121732653229 494 7611901444011888723
HIT 3 2126027620525 495 856733615427397005
HIT 3 2130322587821 496 13688935696516144275
HIT 3 2134617555117 497 4583657757302980666
HIT 3 2138912522413 498 11126741369095971794
HIT 3 2143207489709 499 8497897087048016936
HIT 3 2147502457005 500 8290145761547316616
HIT 3 2151797424301 501 4654259100070497793
HIT 3 2156092391597 502 1325345872627012337
HIT 3 2160387358893 503 11336976591245890257
HIT 3 2164682326189 504 17621010101542428914
HIT 3 2168977293485 505 11426049615111893813
HIT 3 2173272260781 506 12784373420051681801
HIT 3 2177567228077 507 10696650059601839954
HIT 3 2181862195373 508 11188301856322011377
HIT 3 2186157162669 509 16208911919697751052
HIT 3 2190452129965 510 6208159826410243132
HIT 3 2194747097261 511 8979580699057499293
HIT 3 1249854357677 291 14244752459980560813
HIT 3 1851149779117 431 13773166347857085419
HIT 3 1842559910061 429 6683761134434591851
HIT 3 1846854877357 430 7977476932632544474
HIT 3 1851149844653 431 6768301260788320860
HIT 3 1859739779245 433 16720772007084441165
HIT 3 1851149910189 431 14012630469993422056
HIT 3 1851149975725 431 2779401686450601047
HIT 3 1851150041261 431 17121527339263772672
HIT 3 1851150106797 431 18334025106054497917
HIT 3 1851150172333 431 37402812642328476
HIT 3 1851150237869 431 16855058471395135844
HIT 3 1851150303405 431 1021133328057683878
HIT 3 1851150368941 431 3834723660990646330
HIT 3 1851150434477 431 16959632387522539679
HIT 3 1851150500013 431 10402451426133030375
HIT 3 1851150565549 431 12603739483975986770
HIT 3 1851150631085 431 5076771503359713198
HIT 3 1851150696621 431 15094181700898458253
HIT 3 1851150762157 431 17690917754217700662
HIT 3 1851150827693 431 6735432741824309958
HIT 3 1851150893229 431 8958451149679553557
HIT 3 1851150958765 431 4849453111512526608
HIT 3 1851151024301 431 11457491483069632873
HIT 3 1851151089837 431 9762598769376339091
HIT 3 1851151155373 431 13065779305907856966
HIT 3 1851151220909 431 4635784729235924519
HIT 3 1851151286445 431 17656788114298308569
HIT 3 1851151351981 431 9507610022601316970
HIT 3 1851151417517 431 5139683116478269599
HIT 3 1851151483053 431 4185048692426689784
HIT 3 1851151548589 431 3449313180590478804
HIT 3 1851151614125 431 7060705704852465010
HIT 3 1851151679661 431 6302053828174357324
HIT 3 1851151745197 431 12745694298289846426
HIT 3 1851151810733 431 14482788279301457947
HIT 3 1851151876269 431 10347402854437175477
HIT 3 1851151941805 431 13533926815460468085
HIT 3 1851152007341 431 8246966812362229875
HIT 3 1851152072877 431 7073826885816562727
HIT 3 1851152138413 431 14524145537818438470
HIT 3 1851152203949 431 6240404417921677213
HIT 3 1851152269485 431 12032353169030063367
HIT 3 1859749019819 433 7681135309701734609
HIT 3 1851152335021 431 15755234226911053990
HIT 3 1851152400557 431 15960439918403094744
HIT 3 1851152466093 431 5872073797598545893
HIT 3 1851152531629 431 11836694548562058597
HIT 3 1851152597165 431 3258383329163283779
HIT 3 1851152662701 431 3538297714981065877
HIT 3 1851152728237 431 4917899459573880635
HIT 3 1851152793773 431 16287887041567529517
HIT 3 1851152859309 431 837268947314017342
HIT 3 1851152924845 431 3378806573530532762
HIT 3 1851152990381 431 3583625116498905432
HIT 3 1851153055917 431 1050984905289774195
HIT 3 1851153121453 431 216989824141979563
HIT 3 1851153186989 431 14499545226293281093
HIT 3 1851153252525 431 12640923866524871647
HIT 3 1851153318061 431 654053981826989897
HIT 3 1851153383597 431 3290319996129636257
HIT 3 1851153449133 431 8608622260543947444
HIT 3 1851153514669 431 13516479218768339536
HIT 3 1851153580205 431 3201683090472555144
HIT 3 1851153645741 431 406808336481017904
HIT 3 1851153711277 431 17797483625108231011
HIT 3 1851153776813 431 4779213790535257314
HIT 3 1851153842349 431 14129750508977765712
HIT 3 1851153907885 431 13250608167984772290
HIT 3 1851153973421 431 18053931056338459882
HIT 3 1851154038957 431 10710265944897155842
HIT 3 1851154104493 431 10019865782661956976
HIT 3 1851154170029 431 737362825101052693
HIT 3 1851154235565 431 1232285479518628927
HIT 3 1851154301101 431 2062971162376821410
HIT 3 1851154366637 431 11662149517043879007
HIT 3 1851154432173 431 199297156743396800
HIT 3 1851154497709 431 13815335777539209160
HIT 3 1851154563245 431 6724876884148404421
HIT 3 1851154628781 431 10104278952944805970
HIT 3 1851154694317 431 9654151275653897602
HIT 3 1851154759853 431 6712712779653520995
HIT 3 1851154825389 431 8729800515623941310
HIT 3 1851154890925 431 3981112194557259794
HIT 3 1851154956461 431 3863299289907124392
HIT 3 1851155021997 431 386732968388404205
HIT 3 1851155087533 431 7322192619753161429
HIT 3 1851155153069 431 3068603163003260089
HIT 3 1851155218605 431 7449519600649806625
HIT 3 1851155284141 431 12130616001948818645
HIT 3 1851155349677 431 17327293368161888520
HIT 3 1851155415213 431 18406681366659611542
HIT 3 1851155480749 431 2443336047518945330
HIT 3 1851155546285 431 11503646806073726040
HIT 3 1851155611821 431 7893455867462173252
HIT 3 1851155677357 431 13639510982709217353
HIT 3 1851155742893 431 10500124194612750105
HIT 3 1851155808429 431 17688827872339945818
HIT 3 1851155873965 431 3950484603481591537
HIT 3 1851155939501 431 8899887900543813488
HIT 3 1851156005037 431 6354614744404016295
HIT 3 1851156070573 431 3949484712339360586
HIT 3 1851156136109 431 7300470767977807775
HIT 3 1851156201645 431 3539963324983599107
HIT 3 1851156267181 431 11944729354148708326
HIT 3 1851156332717 431 5320685532594267719
HIT 3 1851156398253 431 8386743481322650656
HIT 3 1851156463789 431 5301727142612819945
HIT 3 1851156529325 431 10089765120445809500
HIT 3 1851156594861 431 7373945512607483324
HIT 3 1851156660397 431 7244114642248148582
HIT 3 1851156725933 431 14009227828930970860
HIT 3 1851156791469 431 9273339340802310214
HIT 3 1851156857005 431 11707757735885988561
HIT 3 1851156922541 431 18392713802653644497
HIT 3 1851156988077 431 10827335735776760991
HIT 3 1851157053613 431 2336210989343878211
HIT 3 1851157119149 431 2658586102364036216
HIT 3 1851157184685 431 8632690316955472604
HIT 3 1851157250221 431 18224615499842621205
HIT 3 1851157315757 431 14066360002022617217
HIT 3 1851157381293 431 12279236193408972982
HIT 3 1851157446829 431 13232891437726912739
HIT 3 1851157512365 431 4822002470367440906
HIT 3 1851157577901 431 16374422900014341350
HIT 3 1851157643437 431 5860123962450307670
HIT 3 1851157708973 431 92764686417781064
HIT 3 1851157774509 431 7890053614477275205
HIT 3 1851157840045 431 3043728509493193401
HIT 3 1851157905581 431 11714601778033555062
HIT 3 1851157971117 431 17453260970722595636
HIT 3 1851158036653 431 5966986363904465604
HIT 3 1851158102189 431 3541462179097416148
HIT 3 1851158167725 431 18363086988873610268
HIT 3 1851158233261 431 5741482676326521643
HIT 3 1851158298797 431 12862296347688163486
HIT 3 1851158364333 431 448023061654390262
HIT 3 1851158429869 431 10323416934711386443
HIT 3 1851158495405 431 4755325797845036997
HIT 3 1851158560941 431 10583691457666642230
HIT 3 1851158626477 431 1590691203901163872
HIT 3 1851158692013 431 10507814640219257806
HIT 3 1851158757549 431 17112099008605732901
HIT 3 1851158823085 431 14093067385301387257
HIT 3 1842568954029 429 14093067385301387257
HIT 3 1851158888621 431 5287368698304045607
HIT 3 1851158954157 431 5189084454415499297
HIT 3 1859748888749 433 16078416824562144082
HIT 3 1851159019693 431 16078416824562144082
HIT 3 1855454052525 432 14994468484874449959
HIT 3 1859749019821 433 2490560762561448137
HIT 3 1868338954413 435 10370640825127827771
HIT 3 1855454118061 432 5691535140623125112
HIT 3 1859749085357 433 10370640825127827771
HIT 3 1864044052653 434 14994468484874449959
HIT 3 1868339019949 435 7612697457434367444
HIT 3 1872633987245 436 4293481764070293695
HIT 3 1876928954541 437 17045851544139811376
HIT 3 1881223921837 438 9106383799810935849
HIT 3 1885518889133 439 7227036419844926993
HIT 3 1889813856429 440 12663977930030867841
HIT 3 1894108823725 441 3077998984001147072
HIT 3 1898403791021 442 5922739443562100153
HIT 3 1902698758317 443 511050705145492270
HIT 3 1906993725613 444 9382869208007744573
HIT 3 1911288692909 445 14819485115844073899
HIT 3 1915583660205 446 17396530837763170650
HIT 3 1919878627501 447 4587930569487262157
HIT 3 1924173594797 448 11157063498591249852
HIT 3 1928468562093 449 6351275232176776922
HIT 3 1932763529389 450 9135864819530082682
HIT 3 1937058496685 451 1441312126349332088
HIT 3 1941353463981 452 446463873946123750
HIT 3 1945648431277 453 11995174074334994066
HIT 3 1949943398573 454 3356878612425440810
HIT 3 1954238365869 455 17153096426527808042
HIT 3 1958533333165 456 15400238554035693863
HIT 3 1962828300461 457 16192658266370392627
HIT 3 1967123267757 458 16576882518484924213
HIT 3 1971418235053 459 828255230008886963
HIT 3 1975713202349 460 3396152436643283278
HIT 3 1980008169645 461 6895284616762348775
HIT 3 1984303136941 462 7003994769710682669
HIT 3 1988598104237 463 4762480504144817022
HIT 3 1992893071533 464 8074684030693293040
HIT 3 1997188038829 465 17683756127767261054
HIT 3 2001483006125 466 2513937210695092453
HIT 3 2005777973421 467 13010540791667838935
HIT 3 2010072940717 468 5149541003026882381
HIT 3 2014367908013 469 7099222471893951696
HIT 3 2018662875309 470 11542515696059716842
HIT 3 2022957842605 471 10837277048643366009
HIT 3 2027252809901 472 7475644079183055656
HIT 3 2031547777197 473 17666141384255697909
HIT 3 2035842744493 474 17778819047606005831
HIT 3 2040137711789 475 4346270171553852027
HIT 3 2044432679085 476 13900594653499746626
HIT 3 2048727646381 477 11829393028074073548
HIT 3 2053022613677 478 10086239763249688390
HIT 3 2057317580973 479 5408573105415124269
HIT 3 2061612548269 480 10081075653849615066
HIT 3 2065907515565 481 6379587804636823722
HIT 3 2070202482861 482 8739234990533612810
HIT 3 2074497450157 483 3816789639624811123
HIT 3 2078792417453 484 17095427915006179975
HIT 3 2083087384749 485 10363492116962039324
HIT 3 2087382352045 486 8911272470499504100
HIT 3 2091677319341 487 12635247786024416665
HIT 3 2095972286637 488 15072319993622293281
HIT 3 2100267253933 489 10502813732100750241
HIT 3 2104562221229 490 873728853764136475
HIT 3 2108857188525 491 6229057215088765022
HIT 3 2113152155821 492 8826402606362457989
HIT 3 2117447123117 493 552248566879667366
HIT 3 2121742090413 494 14183833436792051845
HIT 3 2126037057709 495 10608241497548841902
HIT 3 2130332025005 496 2418741400201814130
HIT 3 2134626992301 497 10468917579371385910
HIT 3 2138921959597 498 10413747816599993381
HIT 3 2143216926893 499 9758269431469648032
HIT 3 2147511894189 500 8722260766755823435
HIT 3 2151806861485 501 7143503776833416044
HIT 3 2156101828781 502 14145494318540294808
HIT 3 2160396796077 503 11525669320643628318
HIT 3 2164691763373 504 14985664208362292908
HIT 3 2168986730669 505 5302188418271191807
HIT 3 2173281697965 506 2087633035303013530
HIT 3 2177576665261 507 18217747048425709745
HIT 3 2181871632557 508 3775558360928800688
HIT 3 2186166599853 509 7515348981797353715
HIT 3 2190461567149 510 3157131043617278600
HIT 3 2194756534445 511 15334546161108148415
HIT 3 1868339085485 435 5082856368093125939
HIT 3 1859749019820 433 7853258714429818203
HIT 3 1232670752944 287 13510038677315165579
HIT 3 1851146043568 431 8938718765190137178
HIT 3 1232670621871 287 17337795158329465329
HIT 3 1851145912495 431 11525258182534117112
HIT 3 1000742453423 233 12970013943419540226
HIT 3 1232670687407 287 8727404789357673710
HIT 3 1851145978031 431 13495857709903487758
HIT 3 1224080818351 285 11988815923922028797
HIT 3 1228375785647 286 2704101085024267913
HIT 3 1232670752943 287 3245394774414398436
HIT 3 1241260687535 289 18353166145248076764
HIT 3 1842556108975 429 17495192795246391989
HIT 3 1846851076271 430 109843385725338768
HIT 3 1851146043567 431 8889585307415528543
HIT 3 1859735978159 433 8279525293460152645
HIT 3 1232670884015 287 3888596257258774108
HIT 3 1851146174639 431 11515118608873019407
HIT 3 1232670752945 287 16715194336076976745
HIT 3 1851146043569 431 15602124187221742415
HIT 3 1851149713584 431 10369395246277807936
HIT 3 1232670752946 287 3999916813685710965
HIT 3 1851146043570 431 4943667509446115699
HIT 3 1851149582511 431 8366054325421046179
HIT 3 1241264292015 289 5392283874839542789
HIT 3 1851149648047 431 18199101219174145425
HIT 3 1842559778991 429 6475463080337204362
HIT 3 1846854746287 430 11028567713413825610
HIT 3 1851149713583 431 14695529011777725188
HIT 3 1859739648175 433 37086010749839691
HIT 3 1851149844655 431 9005873488594829919
HIT 3 1851149713585 431 17342402549780075636
HIT 3 1851149713586 431 10284333482587273110
HIT 3 1859749019823 433 6245904104547149154
HIT 3 1232670752947 287 16525080261075046551
HIT 3 1851146043571 431 11426528514853018097
HIT 3 1232670752948 287 1111761708935325171
HIT 3 1851146043572 431 11351680903269320082
HIT 3 1232670752949 287 5235156820978438669
HIT 3 1851146043573 431 12293008382962508058
HIT 3 1232670752950 287 16206607592950855499
HIT 3 1851146043574 431 12268497725929360619
HIT 3 1851149713587 431 2626198777718226872
HIT 3 1851149713588 431 4872818095291920365
HIT 3 1851149713589 431 4739359931661928548
HIT 3 1851149713590 431 7492842418000248308
HIT 3 1232670752951 287 13895339060178948287
HIT 3 1851146043575 431 2621329765900523010
HIT 3 1232670752952 287 14047855126800069964
HIT 3 1851146043576 431 11376717883117791061
HIT 3 1232670752953 287 3459619984022963415
HIT 3 1851146043577 431 16465988865231020483
HIT 3 1232670752954 287 14350342002301587527
HIT 3 1851146043578 431 12546000040489942506
HIT 3 1851149713592 431 2898864350020806726
HIT 3 1851149713591 431 13200466048125176517
HIT 3 1851149713593 431 4072495627943990161
HIT 3 1851149713594 431 4951269454755697871
HIT 3 1232670752956 287 7246988886124514129
HIT 3 1851146043580 431 9279811873615540337
HIT 3 1232670752955 287 6268690383564981873
HIT 3 1851146043579 431 16972786339438601332
HIT 3 1232670752957 287 15773911030812664848
HIT 3 1232670752958 287 4510700936699208511
HIT 3 1851146043582 431 10013382181185373748
HIT 3 1851146043581 431 1643791985546674362
HIT 3 1851149713596 431 11552883954420389783
HIT 3 1851149713595 431 14608911799940126357
HIT 3 1851149713597 431 662679167307424719
HIT 3 1851149713598 431 5554664437342289788
HIT 3 1232670752960 287 11887046089919254416
HIT 3 1851146043584 431 2067873198546322949
HIT 3 1232670752959 287 13285164291268452196
HIT 3 1851146043583 431 825135917714430785
HIT 3 1232670752962 287 2297778559265498578
HIT 3 1851146043586 431 6089321829026654973
HIT 3 1232670752961 287 4811451199017680702
HIT 3 1851146043585 431 17945221151543051378
HIT 3 1851149713600 431 714624818811470844
HIT 3 1851149713601 431 16169564349671445140
HIT 3 1851149713599 431 635670878436171707
HIT 3 1851149713602 431 672459976428493967
HIT 3 1232670752963 287 15189227246526889036
HIT 3 1851146043587 431 13282432643259496969
HIT 3 1232670752964 287 14260224398657568842
HIT 3 1232670752965 287 2628137879715770857
HIT 3 1851146043589 431 12762747522690804995
HIT 3 1851146043588 431 1888419829558756137
HIT 3 1851149713603 431 3604385952490126238
HIT 3 1232670752966 287 14817127587289919187
HIT 3 1851146043590 431 5502746111880354684
HIT 3 1851149713604 431 14321553097393317006
HIT 3 1851149713605 431 10808629602921873852
HIT 3 1851149713606 431 8234730783472982640
HIT 3 1232670752967 287 1562615939278827072
HIT 3 1851146043591 431 17184053177855604559
HIT 3 1232670752969 287 3233239534759112800
HIT 3 1851146043593 431 12985338183804857326
HIT 3 1232670752968 287 8616177642778752416
HIT 3 1851146043592 431 9408426565499457896
HIT 3 1851149713607 431 189992711151922704
HIT 3 1232670752970 287 15986235523169545859
HIT 3 1851149713609 431 8855168844256466736
HIT 3 1851146043594 431 13142738520834592184
HIT 3 1851149713608 431 16082378017214296434
HIT 3 1851149713610 431 6061114383131203633
HIT 3 1232670752971 287 15067445456390426608
HIT 3 1851146043595 431 7927871504632796681
HIT 3 1232670752973 287 8394292448243039775
HIT 3 1851146043597 431 17506789381529125457
HIT 3 1232670752972 287 9471315219829980404
HIT 3 1851146043596 431 13010975877068705825
HIT 3 1851149713611 431 6339432411767190328
HIT 3 1851149713613 431 14545415605236443977
HIT 3 1232670752974 287 11448625268257642025
HIT 3 1851146043598 431 18351877645215830573
HIT 3 1851149713612 431 7199295713158477327
HIT 3 1851149713614 431 14410133354869002772
HIT 3 1232670752975 287 3757150641874047742
HIT 3 1851146043599 431 1060828617044818332
HIT 3 1232670752977 287 4537284386633097359
HIT 3 1232670752976 287 17216260932607165934
HIT 3 1851146043600 431 9686279077765570972
HIT 3 1851149713615 431 17698485854589467966
HIT 3 1851146043601 431 10389566513497112128
HIT 3 1232670752978 287 15167307860318768707
HIT 3 1851146043602 431 4037988201175145620
HIT 3 1851149713616 431 3887056665592312820
HIT 3 1851149713617 431 16605368891096767032
HIT 3 1851149713618 431 16964103502192604909
HIT 3 1232670752979 287 9593486704844245785
HIT 3 1851146043603 431 1655108006683932950
HIT 3 1232670752980 287 17815639850569762245
HIT 3 1851146043604 431 17363423098856162838
HIT 3 1232670752982 287 13354354816588238306
HIT 3 1851146043606 431 3490981386744091401
HIT 3 1851149713619 431 8488379892210183572
HIT 3 1232670752981 287 9699647536416793636
HIT 3 1851146043605 431 13971087240243275481
HIT 3 1851149713620 431 16759428030884271035
HIT 3 1851149713622 431 459297439089442826
HIT 3 1851149713621 431 3838417978643926666
HIT 3 1232670752983 287 2310102998930380581
HIT 3 1851146043607 431 18088975538634054654
HIT 3 1232670752984 287 475352710870682619
HIT 3 1851146043608 431 8656324428119000109
HIT 3 1232670752985 287 17073195736819066703
HIT 3 1851146043609 431 965381666759417848
HIT 3 1232670752986 287 16214466778901516301
HIT 3 1851146043610 431 18085451753690920002
HIT 3 1851149713623 431 13072089744149394210
HIT 3 1851149713624 431 15315739399731812379
HIT 3 1851149713625 431 1514205515749707518
HIT 3 1851149713626 431 5045349699340008567
HIT 3 1232670752987 287 9786833592722276152
HIT 3 1851146043611 431 9305915524231915804
HIT 3 1232670752990 287 4750677824720099598
HIT 3 1851146043614 431 11315956167154346342
HIT 3 1232670752988 287 9944033193393364808
HIT 3 1851146043612 431 13267849135580937468
HIT 3 1232670752989 287 15510950131988141842
HIT 3 1851146043613 431 15784026534084214617
HIT 3 1851149713627 431 7566131479351120664
HIT 3 1851149713630 431 17536382699950406158
HIT 3 1851149713628 431 106067803994031229
HIT 3 1851149713629 431 8215493239008782585
HIT 3 1232670752991 287 8653469603262811395
HIT 3 1851146043615 431 18048001835790634880
HIT 3 1232670752993 287 3327522555322794385
HIT 3 1232670752992 287 11258839213951743019
HIT 3 1851146043617 431 11613003212079328375
HIT 3 1851146043616 431 10747563841858211475
HIT 3 1851149713631 431 7460812060894427634
HIT 3 1232670752994 287 3192166683090488710
HIT 3 1851146043618 431 7667545461679850251
HIT 3 1851149713632 431 2253744751569813759
HIT 3 1851149713633 431 18152665966035339043
HIT 3 1851149713634 431 18011960010228757517
HIT 3 1232670621923 287 3192166683090488710
HIT 3 1851145912547 431 7667545461679850251
HIT 3 1232670752995 287 1644841286369727517
HIT 3 1851146043619 431 18204645529735549846
HIT 3 1232670752996 287 1049231459981522686
HIT 3 1851146043620 431 3641443457816944735
HIT 3 1232670884068 287 5975672577831137117
HIT 3 1851146174692 431 18204449261475704185
HIT 3 1232670752997 287 5975672577831137117
HIT 3 1851146043621 431 18204449261475704185
HIT 3 1851149713635 431 14879740068100156940
HIT 3 1851149713636 431 3087495881023717934
HIT 3 1009332519142 235 10459251497298200580
HIT 3 1232670818534 287 7020271971341699239
HIT 3 1851146109158 431 6633954733223869829
HIT 3 1224080949478 285 13003164409386478934
HIT 3 1228375916774 286 14198031959417364274
HIT 3 1232670884070 287 13786091780966619141
HIT 3 1241260818662 289 6808730188830896837
HIT 3 1842556240102 429 9524297762212087813
HIT 3 1846851207398 430 2733497774098107919
HIT 3 1851146174694 431 3590951411321178979
HIT 3 1859736109286 433 9781511846504643168
HIT 3 1232671015142 287 5991678022964575565
HIT 3 1851146305766 431 2465478349539884245
HIT 3 1851149582565 431 12460129080659396295
HIT 3 1241264292069 289 1049231459981522686
HIT 3 1851149648101 431 228662574526941529
HIT 3 1842559779045 429 17520540331090493709
HIT 3 1846854746341 430 3309146713736780603
HIT 3 1851149713637 431 7918239547072986176
HIT 3 1859739648229 433 11245809121377884359
HIT 3 1851149844709 431 5373853078296305508
HIT 3 1851149582566 431 6553154507868861619
HIT 3 1241264292070 289 3927173179325125175
HIT 3 1851149648102 431 3666333189830493531
HIT 3 1842559779046 429 15268475184150832170
HIT 3 1846854746342 430 12276731625742107950
HIT 3 1851149713638 431 12619624440265894526
HIT 3 1859739648230 433 17122872404836982888
HIT 3 1851149844710 431 322528197274071308
HIT 3 1232670818535 287 3927173179325125175
HIT 3 1851146109159 431 12914581137272046521
HIT 3 1232670884071 287 5991678022964575565
HIT 3 1851146174695 431 2465478349539884245
HIT 3 1232670949607 287 7020271971341699239
HIT 3 1851146240231 431 6633954733223869829
HIT 3 1232671015143 287 16022359206293578853
HIT 3 1851146305767 431 8556047423675549806
HIT 3 1232671080679 287 6398610856769335542
HIT 3 1851146371303 431 2281184739879325943
HIT 3 1232671146215 287 14139837414312529427
HIT 3 1851146436839 431 10344710830559077335
HIT 3 1232671211751 287 1566505525383831211
HIT 3 1851146502375 431 2530258578617339123
HIT 3 1232671277287 287 8796173059990646432
HIT 3 1851146567911 431 7269330369789179990
HIT 3 1232671342823 287 11989607531047668534
HIT 3 1851146633447 431 9368460467629157410
HIT 3 1232671408359 287 17226581647909847237
HIT 3 1851146698983 431 14834181985471017089
HIT 3 1232671473895 287 16610884503290441892
HIT 3 1851146764519 431 15099316322494295800
HIT 3 1232671539431 287 11357139284810320147
HIT 3 1851146830055 431 1741919494032380956
HIT 3 1232671604967 287 1489549592672944370
HIT 3 1851146895591 431 15065022069636293051
HIT 3 1232671670503 287 8797679746194448581
HIT 3 1851146961127 431 624785293964207774
HIT 3 1232671736039 287 12816543407342207439
HIT 3 1851147026663 431 7275586769123207192
HIT 3 1232671801575 287 18141365435889771178
HIT 3 1851147092199 431 16538965789754093244
HIT 3 1232671867111 287 11428502791214274290
HIT 3 1851147157735 431 11504682294709569164
HIT 3 1232671932647 287 9070261632170972675
HIT 3 1851147223271 431 10379722468015845443
HIT 3 1232671998183 287 280765666773774681
HIT 3 1851147288807 431 9643821914682657878
HIT 3 1232672063719 287 1606179170646191088
HIT 3 1851147354343 431 9622421022995452268
HIT 3 1232672129255 287 843246967287099272
HIT 3 1851147419879 431 12924115751266464235
HIT 3 1232671015144 287 11830022098368866355
HIT 3 1232672194791 287 9325234117199966347
HIT 3 1851146305768 431 17620194314553367230
HIT 3 1851147485415 431 15607827493543431160
HIT 3 1232672260327 287 11385976060528183266
HIT 3 1851147550951 431 10861246684311885165
HIT 3 1232672325863 287 14662726583530486232
HIT 3 1851147616487 431 1302521137306591766
HIT 3 1232672391399 287 7634695618107622903
HIT 3 1851147682023 431 6623361580867267294
HIT 3 1232672456935 287 14641089678130601425
HIT 3 1851147747559 431 13098922536977592862
HIT 3 1232672522471 287 16846682875473359577
HIT 3 1851147813095 431 16618107680518001615
HIT 3 1232672588007 287 11584895298700051516
HIT 3 1851147878631 431 12488340011054202991
HIT 3 1232672653543 287 10146292591465142458
HIT 3 1851147944167 431 7823415390728937213
HIT 3 1232672719079 287 4972784820288367520
HIT 3 1851148009703 431 7874357256235575153
HIT 3 1232672784615 287 15733590580459933846
HIT 3 1851148075239 431 8404339917504392619
HIT 3 1859749019877 433 3641443457816944735
HIT 3 1232672850151 287 5668565835533728163
HIT 3 1851148140775 431 17732867829004757095
HIT 3 1232672915687 287 17047577656308495797
HIT 3 1851148206311 431 9314114478065161216
HIT 3 1232672981223 287 13200844393641822169
HIT 3 1851148271847 431 5429597480219934842
HIT 3 1232673046759 287 14964602261045142388
HIT 3 1851148337383 431 10224323487609263352
HIT 3 1232673112295 287 4904846318727928518
HIT 3 1851148402919 431 6797723282421040342
HIT 3 1232673177831 287 4156858693353341549
HIT 3 1851148468455 431 3306766266510242997
HIT 3 1232673243367 287 4100661194610144261
HIT 3 1851148533991 431 8703647424100673724
HIT 3 1232673308903 287 5069881371920158633
HIT 3 1851148599527 431 16506959144449955324
HIT 3 1232673374439 287 11359267497744633854
HIT 3 1851148665063 431 2358548358146916847
HIT 3 1232673439975 287 10040192620342205759
HIT 3 1851148730599 431 7555960484033404399
HIT 3 1232673505511 287 12379768417865223543
HIT 3 1851148796135 431 10521137864242647598
HIT 3 1232673571047 287 8824002617843726046
HIT 3 1851148861671 431 16603247731582914098
HIT 3 1232673636583 287 7362481272308265208
HIT 3 1851148927207 431 11547659039953369363
HIT 3 1232673702119 287 17374494770919864137
HIT 3 1851148992743 431 13998068420731803050
HIT 3 1232673767655 287 7458898139300141091
HIT 3 1851149058279 431 4489912122432415746
HIT 3 1232673833191 287 7153494998665439640
HIT 3 1851149123815 431 3288704697386194449
HIT 3 1232673898727 287 14237397660379269400
HIT 3 1851149189351 431 10828873797811118968
HIT 3 1232673964263 287 10092829968882345057
HIT 3 1851149254887 431 6969145825407846253
HIT 3 1232674029799 287 1260932186336164248
HIT 3 1851149320423 431 2815943234312778916
HIT 3 1232674095335 287 10057955849707362646
HIT 3 1851149385959 431 4517460378373787032
HIT 3 1224084226279 285 10057955849707362646
HIT 3 1232674160871 287 11875517182251672677
HIT 3 1851149451495 431 14780430130506347348
HIT 3 1232674226407 287 13003164409386478934
HIT 3 1241264160999 289 12588427945678699553
HIT 3 1851149517031 431 18357337290184460844
HIT 3 1232674291943 287 12588427945678699553
HIT 3 1842559647975 429 14063048282637668716
HIT 3 1846854615271 430 11146248022009632106
HIT 3 1851149582567 431 1333665282199106036
HIT 3 1859739517159 433 6646377614736275682
HIT 3 1236969324775 288 13314937822334593646
HIT 3 1241264292071 289 13786091780966619141
HIT 3 1249854226663 291 5544580639495507746
HIT 3 1842559713511 429 15077508871606735059
HIT 3 1846854680807 430 7588346594115681347
HIT 3 1851149648103 431 18313227141257373194
HIT 3 1859739582695 433 4154869614616023919
HIT 3 1236969390311 288 14198031959417364274
HIT 3 1241264357607 289 5544580639495507746
HIT 3 1245559324903 290 13314937822334593646
HIT 3 1249854292199 291 17065654732808893872
HIT 3 1254149259495 292 2088257457185698767
HIT 3 1258444226791 293 3303894548577287197
HIT 3 1262739194087 294 1647316599059078664
HIT 3 1267034161383 295 9222029638363801486
HIT 3 1271329128679 296 814126297346043728
HIT 3 1275624095975 297 12364172164432849714
HIT 3 1279919063271 298 11696937797392003746
HIT 3 1284214030567 299 17993338060678160517
HIT 3 1288508997863 300 8869364095969390564
HIT 3 1292803965159 301 14980588684593799553
HIT 3 1297098932455 302 8354824943446090390
HIT 3 1301393899751 303 1365275095105500305
HIT 3 1305688867047 304 5564995768283746865
HIT 3 1309983834343 305 12062147561703650561
HIT 3 1314278801639 306 2440977631904917139
HIT 3 1318573768935 307 12679636577959710505
HIT 3 1322868736231 308 222960945306203220
HIT 3 1327163703527 309 5358736520254373283
HIT 3 1331458670823 310 18267425741574461954
HIT 3 1335753638119 311 11363118755116503447
HIT 3 1340048605415 312 12551112038950854744
HIT 3 1344343572711 313 3223875690575932386
HIT 3 1348638540007 314 3779720584487592254
HIT 3 1352933507303 315 2366450157586276964
HIT 3 1357228474599 316 9131757189169702679
HIT 3 1361523441895 317 398538461541858750
HIT 3 1365818409191 318 14867288073393941848
HIT 3 1370113376487 319 5850983003264481718
HIT 3 1374408343783 320 6845091056171889922
HIT 3 1378703311079 321 4525109801520190884
HIT 3 1382998278375 322 5693391626809551733
HIT 3 1387293245671 323 2513373556853569806
HIT 3 1391588212967 324 15094771090567719711
HIT 3 1395883180263 325 16900249151320054662
HIT 3 1400178147559 326 13239998065274143476
HIT 3 1404473114855 327 12362672868469837662
HIT 3 1408768082151 328 7031776160034994683
HIT 3 1413063049447 329 15193430618194715631
HIT 3 1417358016743 330 12320508934266089035
HIT 3 1421652984039 331 15475758164420802834
HIT 3 1425947951335 332 11292224042752022932
HIT 3 1430242918631 333 12204113456516371072
HIT 3 1434537885927 334 6649842355953027962
HIT 3 1438832853223 335 16711803141943311128
HIT 3 1443127820519 336 6552335047098746025
HIT 3 1447422787815 337 15717018995666253843
HIT 3 1451717755111 338 9594685314701095766
HIT 3 1456012722407 339 326047637828343271
HIT 3 1460307689703 340 11018399147246935524
HIT 3 1464602656999 341 1918162107938501526
HIT 3 1468897624295 342 1533811634061461862
HIT 3 1473192591591 343 4760840909706220833
HIT 3 1477487558887 344 2297352721298560921
HIT 3 1481782526183 345 168771443515445214
HIT 3 1486077493479 346 668781250742321668
HIT 3 1490372460775 347 12475593147089190391
HIT 3 1494667428071 348 985343561318397994
HIT 3 1498962395367 349 958978870940467241
HIT 3 1503257362663 350 7693891917106938913
HIT 3 1507552329959 351 6278575552331921182
HIT 3 1511847297255 352 938328953908292618
HIT 3 1516142264551 353 13774108204245020280
HIT 3 1520437231847 354 18075075396289592654
HIT 3 1524732199143 355 674129151109553132
HIT 3 1529027166439 356 11569390894023365628
HIT 3 1533322133735 357 7803599894431569383
HIT 3 1537617101031 358 11504569256975437000
HIT 3 1541912068327 359 17633210992736809111
HIT 3 1546207035623 360 5538310344518231760
HIT 3 1550502002919 361 8528868736196492209
HIT 3 1554796970215 362 11987901481831709034
HIT 3 1559091937511 363 14082812815678089704
HIT 3 1563386904807 364 1540169291000996775
HIT 3 1567681872103 365 9028184756740122524
HIT 3 1571976839399 366 16956486051237263707
HIT 3 1576271806695 367 10787471718668726050
HIT 3 1580566773991 368 17729448944530066656
HIT 3 1584861741287 369 757244931655302035
HIT 3 1589156708583 370 10608555812863310903
HIT 3 1593451675879 371 17252429646011891937
HIT 3 1597746643175 372 162760119848771067
HIT 3 1602041610471 373 16703926959544358346
HIT 3 1606336577767 374 3363282209194122436
HIT 3 1610631545063 375 11742224709909778218
HIT 3 1614926512359 376 13664280199520639714
HIT 3 1619221479655 377 2727897774019113811
HIT 3 1623516446951 378 3341634914264271261
HIT 3 1627811414247 379 2757365001477814969
HIT 3 1632106381543 380 14289800742291185155
HIT 3 1636401348839 381 5438322544147127878
HIT 3 1640696316135 382 14287393379940068651
HIT 3 1644991283431 383 14152569588775718179
HIT 3 1649286250727 384 10210214162507147363
HIT 3 1653581218023 385 4047720721635714971
HIT 3 1657876185319 386 2593449436767921023
HIT 3 1662171152615 387 17976700829797065920
HIT 3 1666466119911 388 173600944206467004
HIT 3 1670761087207 389 1189161121600816054
HIT 3 1675056054503 390 10985949787806284883
HIT 3 1679351021799 391 6050496377738865144
HIT 3 1683645989095 392 11957614024438990917
HIT 3 1687940956391 393 18208207059784081873
HIT 3 1692235923687 394 889951341931845427
HIT 3 1696530890983 395 13826445517394271380
HIT 3 1700825858279 396 4820547441027741344
HIT 3 1705120825575 397 18417171282491931139
HIT 3 1709415792871 398 8488022214945285503
HIT 3 1713710760167 399 11506458196346644730
HIT 3 1718005727463 400 1719838781403216436
HIT 3 1722300694759 401 12876778596300245305
HIT 3 1726595662055 402 1334253259755863699
HIT 3 1730890629351 403 12433414946616073652
HIT 3 1735185596647 404 16837028261720303899
HIT 3 1739480563943 405 9328869285451438075
HIT 3 1743775531239 406 12521340273918514015
HIT 3 1748070498535 407 5414525996886865195
HIT 3 1752365465831 408 55179337397005914
HIT 3 1756660433127 409 4655837648033718455
HIT 3 1760955400423 410 7156734382450934508
HIT 3 1765250367719 411 3278358783232880439
HIT 3 1769545335015 412 16569527577055188190
HIT 3 1773840302311 413 17198901410019619589
HIT 3 1778135269607 414 6382098327238881283
HIT 3 1782430236903 415 16890980599385341790
HIT 3 1786725204199 416 17487002467988861314
HIT 3 1791020171495 417 1803478561162766911
HIT 3 1795315138791 418 8514751834208402839
HIT 3 1799610106087 419 11810334624511565819
HIT 3 1803905073383 420 16075949247283944944
HIT 3 1808200040679 421 5663542766849995974
HIT 3 1812495007975 422 13800109533277849704
HIT 3 1816789975271 423 12955016387845811096
HIT 3 1821084942567 424 15510097232533866591
HIT 3 1825379909863 425 16466252676978362533
HIT 3 1829674877159 426 7048691322111955352
HIT 3 1833969844455 427 17817106399290183337
HIT 3 1838264811751 428 11950027628262436623
HIT 3 1842559779047 429 2315887055450715623
HIT 3 1846854746343 430 17772496377492517597
HIT 3 1851149713639 431 5467925878152498881
HIT 3 1855444680935 432 1570085679021057619
HIT 3 1859739648231 433 11335335995482604087
HIT 3 1864034615527 434 5229393312252793420
HIT 3 1868329582823 435 13817799172048382305
HIT 3 1872624550119 436 16853179781475414218
HIT 3 1876919517415 437 11516673286927748825
HIT 3 1881214484711 438 9860802672326870511
HIT 3 1885509452007 439 1217928316940640936
HIT 3 1889804419303 440 17831459643534151069
HIT 3 1894099386599 441 12620126968766905763
HIT 3 1898394353895 442 8567153695848210245
HIT 3 1902689321191 443 5808884892677127254
HIT 3 1906984288487 444 4263412494684460804
HIT 3 1911279255783 445 2715656083808494612
HIT 3 1915574223079 446 18339993911473990583
HIT 3 1919869190375 447 18163729682229930081
HIT 3 1924164157671 448 12557239094169490593
HIT 3 1928459124967 449 4471763490859119516
HIT 3 1932754092263 450 2917617047591282425
HIT 3 1937049059559 451 3277775215996078656
HIT 3 1941344026855 452 17344805459665767897
HIT 3 1945638994151 453 4218775317380854133
HIT 3 1949933961447 454 1608555568223580969
HIT 3 1954228928743 455 11132740822483151950
HIT 3 1958523896039 456 10411394306776799463
HIT 3 1962818863335 457 721564541659755476
HIT 3 1967113830631 458 8712974528733578224
HIT 3 1971408797927 459 7102640130007559152
HIT 3 1975703765223 460 7130966295124795889
HIT 3 1979998732519 461 15760282386226263165
HIT 3 1984293699815 462 16845394563508847920
HIT 3 1988588667111 463 7965954798428245208
HIT 3 1992883634407 464 8274965122321278958
HIT 3 1997178601703 465 12525104837871218008
HIT 3 2001473568999 466 5508723611557984152
HIT 3 2005768536295 467 6894882808196609373
HIT 3 2010063503591 468 14425812102604314157
HIT 3 2014358470887 469 14601456077203229372
HIT 3 2018653438183 470 4880111989452510494
HIT 3 2022948405479 471 18300248485880146737
HIT 3 2027243372775 472 10528253753139892337
HIT 3 2031538340071 473 10409238416361766393
HIT 3 2035833307367 474 14989088299232722958
HIT 3 2040128274663 475 4976624947590667506
HIT 3 2044423241959 476 17299650057713586888
HIT 3 2048718209255 477 16403753756423065688
HIT 3 2053013176551 478 10074348576123761101
HIT 3 2057308143847 479 4299361738670421985
HIT 3 2061603111143 480 5840403902881301708
HIT 3 2065898078439 481 8686891415440195701
HIT 3 2070193045735 482 9749373833152924596
HIT 3 2074488013031 483 17759542062724176141
HIT 3 2078782980327 484 11305159229925800596
HIT 3 2083077947623 485 2094868031588807219
HIT 3 2087372914919 486 3046503753129923316
HIT 3 2091667882215 487 11147650631316639566
HIT 3 2095962849511 488 6788481018944902213
HIT 3 2100257816807 489 3207578469392612723
HIT 3 2104552784103 490 8115573028378496836
HIT 3 2108847751399 491 706682255718773868
HIT 3 2113142718695 492 13746694067195565950
HIT 3 2117437685991 493 349511585819022285
HIT 3 2121732653287 494 16803145500315275384
HIT 3 2126027620583 495 18277526498733897959
HIT 3 2130322587879 496 6245638715266264873
HIT 3 2134617555175 497 14499868319970667158
HIT 3 2138912522471 498 7428950441550524185
HIT 3 2143207489767 499 14398451521282928112
HIT 3 2147502457063 500 3075136935173314445
HIT 3 2151797424359 501 2081033759799664525
HIT 3 2156092391655 502 12756013055803083274
HIT 3 2160387358951 503 3468648873749442235
HIT 3 2164682326247 504 7625272899699996760
HIT 3 2168977293543 505 10614964417728509791
HIT 3 2173272260839 506 909604728701251005
HIT 3 2177567228135 507 6235621459250858805
HIT 3 2181862195431 508 9603819158668181219
HIT 3 2186157162727 509 8539752847576306683
HIT 3 2190452130023 510 6835003836544818239
HIT 3 2194747097319 511 2857819169881495533
HIT 3 1249854357735 291 6808730188830896837
HIT 3 1851149779175 431 15233202603120330101
HIT 3 1842559910119 429 7878365934906732442
HIT 3 1846854877415 430 4940253622246735963
HIT 3 1851149844711 431 17058041080588198127
HIT 3 1859739779303 433 7401329137334275104
HIT 3 1851149910247 431 2278981633394953976
HIT 3 1851149975783 431 4150588433476663421
HIT 3 1851150041319 431 1597979434950169296
HIT 3 1851150106855 431 17367510058664598861
HIT 3 1851150172391 431 8848239663795270952
HIT 3 1851150237927 431 7627212874722665735
HIT 3 1851150303463 431 10798391464008901754
HIT 3 1851150368999 431 18030614624530970614
HIT 3 1851150434535 431 10274905812733500179
HIT 3 1859749019878 433 12914581137272046521
HIT 3 1851150500071 431 5046105535983932312
HIT 3 1851150565607 431 2954441246241018826
HIT 3 1851149713640 431 13542951707459166183
HIT 3 1851150631143 431 12697276313114418333
HIT 3 1851150696679 431 4578738928180508689
HIT 3 1851150762215 431 4755670349502773792
HIT 3 1851150827751 431 14335347551024319317
HIT 3 1851150893287 431 4630337687937916457
HIT 3 1851150958823 431 12287949807889494617
HIT 3 1851151024359 431 1082882467013683086
HIT 3 1851151089895 431 13116558076821387855
HIT 3 1851151155431 431 14097680971228515584
HIT 3 1851151220967 431 1384289431922757141
HIT 3 1851151286503 431 9107586780157520880
HIT 3 1851151352039 431 13778026388554628280
HIT 3 1851151417575 431 13077179530976530239
HIT 3 1851151483111 431 14119144266458853987
HIT 3 1851151548647 431 8821808921611987857
HIT 3 1851151614183 431 16579682292869185193
HIT 3 1851151679719 431 9158444657579239116
HIT 3 1851151745255 431 1999212664364302586
HIT 3 1851151810791 431 2926103309262225455
HIT 3 1851149582569 431 2829358138125439636
HIT 3 1241264292073 289 11830022098368866355
HIT 3 1851149648105 431 5351854238975128065
HIT 3 1842559779049 429 1239142424713231634
HIT 3 1846854746345 430 697202621717333813
HIT 3 1851149713641 431 10177183026125834812
HIT 3 1859739648233 433 16688992400506635602
HIT 3 1851149844713 431 6401965170232182478
HIT 3 1851151876327 431 1426886451638572473
HIT 3 1851151941863 431 17909193301923051611
HIT 3 1851152007399 431 3980668716913758488
HIT 3 1851152072935 431 16216494899742734815
HIT 3 1851152138471 431 7014488770299594039
HIT 3 1851152204007 431 4988724824014833991
HIT 3 1851152269543 431 1742878231815823787
HIT 3 1851152335079 431 1511896008340731726
HIT 3 1851152400615 431 5416094945466077890
HIT 3 1851152466151 431 4977493617638356614
HIT 3 1851152531687 431 16648716118541928298
HIT 3 1851152597223 431 3649492399669016635
HIT 3 1851152662759 431 56353224797173308
HIT 3 1851152728295 431 15988725268991480182
HIT 3 1851152793831 431 5275896796367272379
HIT 3 1851152859367 431 266174649567055823
HIT 3 1851152924903 431 5418358816108992709
HIT 3 1851152990439 431 890434280907008488
HIT 3 1851153055975 431 4375594273818685769
HIT 3 1851153121511 431 14620876328444238047
HIT 3 1851153187047 431 1422391244625831347
HIT 3 1851153252583 431 1283500040257799203
HIT 3 1851153318119 431 17740141225546019425
HIT 3 1851153383655 431 9435272673048091650
HIT 3 1851153449191 431 17483114924352351090
HIT 3 1851153514727 431 6696784208301132139
HIT 3 1851153580263 431 9548727010597515964
HIT 3 1851153645799 431 13621208962782967026
HIT 3 1851153711335 431 9736302590425204552
HIT 3 1851153776871 431 436598666359410942
HIT 3 1851153842407 431 11185868304447795552
HIT 3 1851153907943 431 16235349281872442632
HIT 3 1851153973479 431 17299918182655913271
HIT 3 1851154039015 431 4124386076315612826
HIT 3 1851154104551 431 11586748046676938061
HIT 3 1851154170087 431 2969863562557203164
HIT 3 1851154235623 431 9358264530591214570
HIT 3 1851154301159 431 2951881410641318567
HIT 3 1851154366695 431 8283443959462952958
HIT 3 1851154432231 431 5404531070039264932
HIT 3 1851154497767 431 5055025283041486023
HIT 3 1851154563303 431 9635750188431838013
HIT 3 1851154628839 431 9030191339033300433
HIT 3 1851154694375 431 8420033658848064728
HIT 3 1851154759911 431 5961498474097608790
HIT 3 1851154825447 431 11988190373756884482
HIT 3 1851154890983 431 3870537572215306089
HIT 3 1851154956519 431 14568982177727191290
HIT 3 1851155022055 431 18381106642702171964
HIT 3 1851155087591 431 6409039707200341266
HIT 3 1851155153127 431 11426786839295672142
HIT 3 1851155218663 431 13384523671493234745
HIT 3 1851155284199 431 7518133491474549123
HIT 3 1851155349735 431 3020823043879752527
HIT 3 1851155415271 431 2040752567261477584
HIT 3 1851155480807 431 5449359209202695685
HIT 3 1851155546343 431 9115485634123791523
HIT 3 1851155611879 431 13194133171336625570
HIT 3 1851155677415 431 15538093971944966040
HIT 3 1851155742951 431 15121758408360054528
HIT 3 1851155808487 431 17193889191367759734
HIT 3 1851155874023 431 4888761739875417058
HIT 3 1851155939559 431 3910256349221960951
HIT 3 1851156005095 431 12968937442375667547
HIT 3 1851156070631 431 12392717224734927047
HIT 3 1851149713642 431 11774340949638420193
HIT 3 1851156136167 431 12630551796030764198
HIT 3 1851156201703 431 13395904058176323943
HIT 3 1851156267239 431 12786300621017993081
HIT 3 1851156332775 431 2155207413648497760
HIT 3 1851156398311 431 8895015601933926240
HIT 3 1851156463847 431 12755307943621221237
HIT 3 1851156529383 431 14069017371118340752
HIT 3 1851156594919 431 483958384334187769
HIT 3 1851156660455 431 16144218001202724697
HIT 3 1851156725991 431 15678255284346421733
HIT 3 1851156791527 431 8629687568294269290
HIT 3 1851156857063 431 6407932843104874280
HIT 3 1851156922599 431 3335689197209225824
HIT 3 1851156988135 431 6860974226108242649
HIT 3 1851157053671 431 14246654009705910798
HIT 3 1851157119207 431 14292112580021813374
HIT 3 1851157184743 431 11599507779114321162
HIT 3 1851157250279 431 1503931416402305439
HIT 3 1851157315815 431 14173643572245043492
HIT 3 1851157381351 431 4237648391515969689
HIT 3 1851157446887 431 3132600531496075844
HIT 3 1851157512423 431 1008956059788414493
HIT 3 1851157577959 431 4778611588870339542
HIT 3 1851157643495 431 13363494623304798244
HIT 3 1851157709031 431 8108492062994310019
HIT 3 1851157774567 431 3193100207284282821
HIT 3 1851157840103 431 1381996080256943615
HIT 3 1851157905639 431 8090248545120905941
HIT 3 1851157971175 431 10117580808850880525
HIT 3 1851158036711 431 94980749501186464
HIT 3 1851158102247 431 1120297557086344361
HIT 3 1851158167783 431 15784840251757025004
HIT 3 1851158233319 431 6793006680905734703
HIT 3 1851158298855 431 6979956750344031124
HIT 3 1851158364391 431 17599768217972060232
HIT 3 1851158429927 431 4006913362974020116
HIT 3 1851158495463 431 10688194313741667132
HIT 3 1851158560999 431 10601380726007127000
HIT 3 1851158626535 431 17572776760291470069
HIT 3 1851158692071 431 18305548727594942068
HIT 3 1851158757607 431 7767330014521513448
HIT 3 1851158823143 431 17395724700579449843
HIT 3 1842568954087 429 17395724700579449843
HIT 3 1851158888679 431 5821733143094718906
HIT 3 1851158954215 431 9524297762212087813
HIT 3 1859748888807 433 2200159859762498870
HIT 3 1851159019751 431 2200159859762498870
HIT 3 1855454052583 432 12595488514632116568
HIT 3 1859749019879 433 3590951411321178979
HIT 3 1868338954471 435 11433212788767766688
HIT 3 1855454118119 432 2733497774098107919
HIT 3 1859749085415 433 11433212788767766688
HIT 3 1864044052711 434 12595488514632116568
HIT 3 1868339020007 435 11252845630128758903
HIT 3 1872633987303 436 6831780817190876777
HIT 3 1876928954599 437 14322039998974350019
HIT 3 1881223921895 438 3640247258276337867
HIT 3 1885518889191 439 13453906671977561749
HIT 3 1889813856487 440 2088437839420127640
HIT 3 1894108823783 441 17141354521995269063
HIT 3 1898403791079 442 17486987891037619087
HIT 3 1902698758375 443 12786130445554011118
HIT 3 1906993725671 444 16221526101901511868
HIT 3 1911288692967 445 12373351064069996820
HIT 3 1915583660263 446 17839685118977544388
HIT 3 1919878627559 447 8087319946535232563
HIT 3 1924173594855 448 2321799284655408692
HIT 3 1928468562151 449 7463780421145487460
HIT 3 1932763529447 450 12176726258439399642
HIT 3 1937058496743 451 17400276170218671625
HIT 3 1941353464039 452 2520764973574394057
HIT 3 1945648431335 453 13162772310253205495
HIT 3 1949943398631 454 2717598042190007334
HIT 3 1954238365927 455 8896401888805866041
HIT 3 1958533333223 456 378071034738366871
HIT 3 1962828300519 457 2860089610447557229
HIT 3 1967123267815 458 3241995566631692408
HIT 3 1971418235111 459 6077244533360624978
HIT 3 1975713202407 460 12571077973122624843
HIT 3 1980008169703 461 2469694060950991499
HIT 3 1984303136999 462 394193913615128512
HIT 3 1988598104295 463 12610261979806315850
HIT 3 1992893071591 464 6693538411760201653
HIT 3 1997188038887 465 16415926241072501901
HIT 3 2001483006183 466 6304084915865722418
HIT 3 2005777973479 467 15158009886299586171
HIT 3 2010072940775 468 18218432617325952561
HIT 3 2014367908071 469 10142235047146099761
HIT 3 2018662875367 470 1076047951439268928
HIT 3 2022957842663 471 3194822492001278381
HIT 3 2027252809959 472 12280019382275365574
HIT 3 2031547777255 473 11886014258082346625
HIT 3 2035842744551 474 14585690495316336876
HIT 3 2040137711847 475 13682911340966857996
HIT 3 2044432679143 476 8242787495982453011
HIT 3 2048727646439 477 5898799255370378003
HIT 3 2053022613735 478 15069658314719047567
HIT 3 2057317581031 479 14450816603843348666
HIT 3 2061612548327 480 5206822224714350790
HIT 3 2065907515623 481 14764070410618363399
HIT 3 2070202482919 482 11953925274253701512
HIT 3 2074497450215 483 8512175068518749380
HIT 3 2078792417511 484 12421748265275166611
HIT 3 2083087384807 485 406085986319083943
HIT 3 2087382352103 486 9339878581624441917
HIT 3 2091677319399 487 11905747883151699421
HIT 3 2095972286695 488 16949269912699496539
HIT 3 2100267253991 489 8195560090790311280
HIT 3 2104562221287 490 7946851557782682951
HIT 3 2108857188583 491 13015949996047993479
HIT 3 2113152155879 492 6407810289039518514
HIT 3 2117447123175 493 15719466350155571168
HIT 3 2121742090471 494 13180779798391932011
HIT 3 2126037057767 495 1439639989623372466
HIT 3 2130332025063 496 1142237363114569308
HIT 3 2134626992359 497 16489053827021630807
HIT 3 2138921959655 498 7168622737524455497
HIT 3 2143216926951 499 3044469966227622264
HIT 3 2147511894247 500 1670924789889391763
HIT 3 2151806861543 501 14866142626502829780
HIT 3 2156101828839 502 5526949735769039838
HIT 3 2160396796135 503 1497185240794614396
HIT 3 2164691763431 504 3337140150880118348
HIT 3 2168986730727 505 17880034986959366423
HIT 3 2173281698023 506 12611558091002129021
HIT 3 2177576665319 507 7836533929185247763
HIT 3 2181871632615 508 13881089082852505941
HIT 3 2186166599911 509 8295439788611680033
HIT 3 2190461567207 510 2849929337207417045
HIT 3 2194756534503 511 13426300876107268717
HIT 3 1868339085543 435 9781511846504643168
HIT 3 1859749019881 433 17620194314553367230
HIT 3 1851149713643 431 12178562917116170060
HIT 3 1851149713644 431 9542635132679510501
HIT 3 1851149713645 431 11578790337499347259
HIT 3 1851149713646 431 12931946497036717505
HIT 3 1851149713647 431 16620452350712303883
HIT 3 1851149713648 431 16465332090721304509
HIT 3 1851149713649 431 1857347500095042629
HIT 3 1851149713650 431 1387422766868690375
HIT 3 1851149713652 431 3177045173658253736
HIT 3 1851149713651 431 345028713981463601
HIT 3 1851149713653 431 5971278476323302659
HIT 3 1851149713655 431 9858831517658668309
HIT 3 1851149713654 431 7298011936850545602
HIT 3 1851149713656 431 14352265719821906301
HIT 3 1851149713657 431 8938394607050195567
HIT 3 1851149713658 431 9070603200442301416
HIT 3 1851149713659 431 17850647874590540115
HIT 3 1851149713660 431 16175250199399496375
HIT 3 1851149713661 431 1992163847177876829
HIT 3 1851149713662 431 2465857091930251999
HIT 3 1851149713663 431 7114835914873441723
HIT 3 1851149713664 431 5964009812708974766
HIT 3 1851149713665 431 4856357536012369223
HIT 3 1851149713666 431 3844554337557061118
HIT 3 1851149713667 431 12821302033965820660
HIT 3 1851149713668 431 12083968640286189455
HIT 3 1851149713669 431 9436297817169764698
HIT 3 1851149713670 431 5855455744712338760
HIT 3 1851149713671 431 4610963914169258107
HIT 3 1851149713672 431 10705967131859731195
HIT 3 1851149713675 431 16399270600064156364
HIT 3 1851149713673 431 11546061915751098975
HIT 3 1851149713674 431 11793545644750249169
HIT 3 1851149713676 431 5679125697245347561
HIT 3 1851149713677 431 1631273064860094224
HIT 3 1851149713678 431 5846577512191902903
HIT 3 1851149713679 431 14156614378307431377
HIT 3 1851149713680 431 6914074866750843213
HIT 3 1851149713681 431 15510071314154009422
HIT 3 1851149713682 431 15746045617550082638
HIT 3 1851149713683 431 4859853597948405237
HIT 3 1851149713684 431 1336104937180111373
HIT 3 1851149713685 431 97800453532741229
HIT 3 1851149713686 431 15391000887413808519
HIT 3 1851149713687 431 15169312592375821592
HIT 3 1851149713689 431 7421140810048074885
HIT 3 1851149713688 431 16810916105785459187
HIT 3 1851149713690 431 2169514776647421687
HIT 3 1851149582619 431 2169514776647421687
HIT 3 1851149713691 431 2816474250996250717
HIT 3 1851149713692 431 12727182602135753314
HIT 3 1851149844764 431 16386886974842290087
HIT 3 1851149713693 431 16386886974842290087
HIT 3 1249854357790 291 14984394956079156997
HIT 3 1851149779230 431 4451664820169966785
HIT 3 1842559910174 429 317717398570009783
HIT 3 1846854877470 430 651507013206562994
HIT 3 1851149844766 431 11898693559292014098
HIT 3 1859739779358 433 8248208959817482633
HIT 3 1851149975838 431 2988427801132051778
HIT 3 1851149779231 431 9031830305187876202
HIT 3 1851149844767 431 2988427801132051778
HIT 3 1851149910303 431 4451664820169966785
HIT 3 1851149975839 431 15631061865516165734
HIT 3 1851150041375 431 74095627915883843
HIT 3 1851150106911 431 14269267351188185227
HIT 3 1851150172447 431 288032437873679392
HIT 3 1851149975840 431 13534398643178859085
HIT 3 1851150237983 431 4113525498389828309
HIT 3 1851150303519 431 227605962886329785
HIT 3 1851150369055 431 2031463611033668433
HIT 3 1851150434591 431 13796311402864237544
HIT 3 1851150500127 431 5110650643678420223
HIT 3 1851150565663 431 12164892697970625260
HIT 3 1851150631199 431 9460233617181348103
HIT 3 1851150696735 431 18358926719527127042
HIT 3 1851150762271 431 8518567207205809027
HIT 3 1851150827807 431 11313747088207329121
HIT 3 1851150893343 431 14789220727148940839
HIT 3 1851150958879 431 12471124895581776840
HIT 3 1851151024415 431 12816359698095316234
HIT 3 1851151089951 431 842779448688106578
HIT 3 1851151155487 431 7862101387124839295
HIT 3 1851151221023 431 13817630622584810991
HIT 3 1851151286559 431 13432040123999551440
HIT 3 1851151352095 431 5381120962135241079
HIT 3 1851151417631 431 9533115870628137592
HIT 3 1851151483167 431 3757741410945000375
HIT 3 1851151548703 431 3444826282721690416
HIT 3 1851151614239 431 15141066808944964284
HIT 3 1851151679775 431 3611801597198182019
HIT 3 1851151745311 431 14344286462316694747
HIT 3 1851151810847 431 13097740436034175022
HIT 3 1851151876383 431 6948766042851236971
HIT 3 1851151941919 431 7784665227773979625
HIT 3 1851152007455 431 5066396121732951283
HIT 3 1851152072991 431 8656635807184646774
HIT 3 1851152138527 431 14517446575720362887
HIT 3 1851152204063 431 1978335378558329873
HIT 3 1851152269599 431 6336777590246621248
HIT 3 1851152335135 431 9017128767497316882
HIT 3 1851152400671 431 11493347266601011349
HIT 3 1851152466207 431 3817014058784749209
HIT 3 1851152531743 431 4168848438308334750
HIT 3 1851152597279 431 7004355509955805624
HIT 3 1851152662815 431 7542309605455299260
HIT 3 1851152728351 431 13484572580748993701
HIT 3 1851152793887 431 11279738535675229474
HIT 3 1851152859423 431 13948740524578807357
HIT 3 1851152924959 431 744266256426120019
HIT 3 1851152990495 431 5635602690969015752
HIT 3 1851153056031 431 12660339655870423356
HIT 3 1851153121567 431 4927673240588461484
HIT 3 1851153187103 431 6916962057212255801
HIT 3 1851153252639 431 2817802531047458405
HIT 3 1851153318175 431 15677032868989905443
HIT 3 1851153383711 431 11754707181810284775
HIT 3 1851153449247 431 12324779729751401967
HIT 3 1851153514783 431 17846890419014541681
HIT 3 1851153580319 431 4608425815854157054
HIT 3 1851153645855 431 1039649203770429088
HIT 3 1851153711391 431 11146831924088609659
HIT 3 1851153776927 431 14155310347980298200
HIT 3 1851153842463 431 17661959134606487316
HIT 3 1851153907999 431 15638154029306032154
HIT 3 1851153973535 431 17381314306639908154
HIT 3 1851154039071 431 18212460372450634125
HIT 3 1851154104607 431 18375733362829554637
HIT 3 1851154170143 431 13509453787579336721
HIT 3 1851154235679 431 10313077003820366891
HIT 3 1851154301215 431 13446627668173414682
HIT 3 1851154366751 431 16193471620005009805
HIT 3 1851154432287 431 8219358782952368805
HIT 3 1851154497823 431 12156426083018214340
HIT 3 1851154563359 431 1681324606319984127
HIT 3 1851154628895 431 14453473930759767896
HIT 3 1851154694431 431 16917080266153870722
HIT 3 1851154759967 431 17069618405549454204
HIT 3 1851154825503 431 473298997688099518
HIT 3 1851154891039 431 6073727495732781096
HIT 3 1851154956575 431 5081260230038315446
HIT 3 1851155022111 431 16791792710091150364
HIT 3 1851155087647 431 1344470463478071026
HIT 3 1851155153183 431 8587977864529514125
HIT 3 1851155218719 431 3383114834653450012
HIT 3 1851155284255 431 8311824069240178596
HIT 3 1851155349791 431 12247013962608194553
HIT 3 1851155415327 431 15335185606394765061
HIT 3 1851155480863 431 6146657325408919615
HIT 3 1851155546399 431 11554876977865844078
HIT 3 1851155611935 431 4565021965294759067
HIT 3 1851155677471 431 13574493644820000940
HIT 3 1851155743007 431 11466935486759954533
HIT 3 1851155808543 431 15080148013285580828
HIT 3 1851155874079 431 11215891540177897574
HIT 3 1851155939615 431 15369752401439152079
HIT 3 1851156005151 431 6280629221826711363
HIT 3 1851156070687 431 18187265919064633124
HIT 3 1851156136223 431 7029616416908481226
HIT 3 1851156201759 431 1829502834898027010
HIT 3 1851156267295 431 2705604220301316883
HIT 3 1859749019933 433 12727182602135753314
HIT 3 1851156332831 431 12206913144463070251
HIT 3 1851156398367 431 16517886980343142979
HIT 3 1851156463903 431 13962364676609295095
HIT 3 1851156529439 431 14102645734914474197
HIT 3 1851156594975 431 6705776580861138892
HIT 3 1851156660511 431 12074547072595201945
HIT 3 1851156726047 431 1973351110664279594
HIT 3 1851156791583 431 8608458916977521012
HIT 3 1851156857119 431 14213459646855695292
HIT 3 1851156922655 431 11725262794902023590
HIT 3 1851156988191 431 16711415239661818934
HIT 3 1851157053727 431 977006666240989119
HIT 3 1851157119263 431 14867955187207081799
HIT 3 1851157184799 431 10393782812350702202
HIT 3 1851157250335 431 11396390705567126372
HIT 3 1851157315871 431 18317059115102964030
HIT 3 1851157381407 431 5568772303820820969
HIT 3 1851157446943 431 11781571589447634337
HIT 3 1851157512479 431 5547312283060272135
HIT 3 1851157578015 431 10642565659687755547
HIT 3 1851157643551 431 12733491045855622914
HIT 3 1851157709087 431 8865120146801312413
HIT 3 1851157774623 431 15556663292214501572
HIT 3 1851157840159 431 18174686511332615568
HIT 3 1851157905695 431 11298417289158574973
HIT 3 1851157971231 431 16469861283812540019
HIT 3 1851158036767 431 8374373856920406408
HIT 3 1851158102303 431 16141441459730485845
HIT 3 1851158167839 431 13404034182179452724
HIT 3 1851158233375 431 13759586508503588124
HIT 3 1851158298911 431 3860423927254454089
HIT 3 1851158364447 431 6239272530730117566
HIT 3 1851158429983 431 5350484745482793090
HIT 3 1851158495519 431 16518342429423405528
HIT 3 1851158561055 431 1303409202923141076
HIT 3 1851158626591 431 7364935895508114976
HIT 3 1851158692127 431 17692902629367864424
HIT 3 1851158757663 431 192786424387073337
HIT 3 1851158823199 431 12614384143285060213
HIT 3 1859749019934 433 9031830305187876202
HIT 3 1842568954143 429 12614384143285060213
HIT 3 1851158888735 431 7515030498112028400
HIT 3 1851158954271 431 317717398570009783
HIT 3 1859748888863 433 8688063687879388810
HIT 3 1851159019807 431 8688063687879388810
HIT 3 1855454052639 432 5525361976064644348
HIT 3 1859749019935 433 11898693559292014098
HIT 3 1868338954527 435 14471244735789904787
HIT 3 1855454118175 432 651507013206562994
HIT 3 1859749085471 433 14471244735789904787
HIT 3 1864044052767 434 5525361976064644348
HIT 3 1868339020063 435 14685564530817210584
HIT 3 1872633987359 436 5980309624067671138
HIT 3 1876928954655 437 10081718543718829857
HIT 3 1881223921951 438 3113164984847482776
HIT 3 1885518889247 439 3913844056587648692
HIT 3 1889813856543 440 8262195381780700120
HIT 3 1894108823839 441 15969300994560200263
HIT 3 1898403791135 442 6765793908563016837
HIT 3 1902698758431 443 10014734212993537094
HIT 3 1906993725727 444 14782162604450148211
HIT 3 1911288693023 445 10296708050751098258
HIT 3 1915583660319 446 4827178857542884766
HIT 3 1919878627615 447 16868852345452506819
HIT 3 1924173594911 448 8392799649326824465
HIT 3 1928468562207 449 12049103568164883996
HIT 3 1932763529503 450 15972161913312654722
HIT 3 1937058496799 451 15739560675372770044
HIT 3 1941353464095 452 854338734694284352
HIT 3 1945648431391 453 11385188311395004375
HIT 3 1949943398687 454 6873142670389236447
HIT 3 1954238365983 455 14097204755871538513
HIT 3 1958533333279 456 15934022544235707726
HIT 3 1962828300575 457 16755288652893019790
HIT 3 1967123267871 458 17764505718105897496
HIT 3 1971418235167 459 6694972664541220463
HIT 3 1975713202463 460 1433848589217958877
HIT 3 1980008169759 461 13531713068155226823
HIT 3 1984303137055 462 4580426451569473284
HIT 3 1988598104351 463 13742558990177179299
HIT 3 1992893071647 464 11364781899732720088
HIT 3 1997188038943 465 13362646534910293226
HIT 3 2001483006239 466 6067164455959715650
HIT 3 2005777973535 467 17277519201126430473
HIT 3 2010072940831 468 17658976803090437221
HIT 3 2014367908127 469 3246195580980070709
HIT 3 2018662875423 470 15708552399485076751
HIT 3 2022957842719 471 12043939101819521708
HIT 3 2027252810015 472 572280947679268208
HIT 3 2031547777311 473 3075947669850515060
HIT 3 2035842744607 474 3650112380920969070
HIT 3 2040137711903 475 14647466238210437753
HIT 3 2044432679199 476 5369124995640150291
HIT 3 2048727646495 477 2598505018672491035
HIT 3 2053022613791 478 10432163249246859094
HIT 3 2057317581087 479 2896170951870569960
HIT 3 2061612548383 480 3372911365080280765
HIT 3 2065907515679 481 17643572123851621258
HIT 3 2070202482975 482 10871664641835906757
HIT 3 2074497450271 483 12464060996065630707
HIT 3 2078792417567 484 6104162776577452645
HIT 3 2083087384863 485 3662191013838580725
HIT 3 2087382352159 486 15070825741641462092
HIT 3 2091677319455 487 6976084648802983983
HIT 3 2095972286751 488 11371434906543994705
HIT 3 2100267254047 489 3412463104199782634
HIT 3 2104562221343 490 976847699640573866
HIT 3 2108857188639 491 6066056726202378405
HIT 3 2113152155935 492 7394000856437157183
HIT 3 2117447123231 493 14132108766446264784
HIT 3 2121742090527 494 17538520543122886531
HIT 3 2126037057823 495 10836477966947214641
HIT 3 2130332025119 496 12430458313927309165
HIT 3 2134626992415 497 12594312596194014105
HIT 3 2138921959711 498 13292814229744054840
HIT 3 2143216927007 499 17350166467136981704
HIT 3 2147511894303 500 10630536519708139384
HIT 3 2151806861599 501 6525066945360509697
HIT 3 2156101828895 502 6375822739256140232
HIT 3 2160396796191 503 8466821596627611842
HIT 3 2164691763487 504 11962367846709093043
HIT 3 2168986730783 505 8612424672794486558
HIT 3 2173281698079 506 9812429672472121385
HIT 3 2177576665375 507 986547624006968318
HIT 3 2181871632671 508 1281323430007839275
HIT 3 2186166599967 509 11379177424010262983
HIT 3 2190461567263 510 8696843616305158487
HIT 3 2194756534559 511 6451658692872773158
HIT 3 1868339085599 435 8248208959817482633
HIT 3 1859749019937 433 13534398643178859085
HIT 3 1868339085742 435 9191655935772654574
DONE data/p_drep.txt sz=3 range=[0,512) n=22108160 zero=0 21.4s
