HIT 1 108 108 12919489740225108145
HIT 1 393 393 10621690691100832809
HIT 1 433 433 10041479541443828334
HIT 1 441 441 8924333209995848843
HIT 1 477 477 7174813232718369742
DONE data/p_n_lam.txt sz=1 range=[0,512) n=512 zero=0 0.0s
HIT 2 25755754 393 17983842348092100456
HIT 2 28377194 433 8888746554709729961
HIT 2 28901482 441 10455348802081016314
HIT 2 31260778 477 2727156785283139022
HIT 2 25624684 391 830505943127050372
HIT 2 25690220 392 3231543214693789348
HIT 2 25755756 393 8565940306272373790
HIT 2 25886828 395 15880640973796267660
HIT 2 28246124 431 11642519913809443010
HIT 2 28311660 432 3491799755094299559
HIT 2 28377196 433 17748269681528328675
HIT 2 28508268 435 5699449113910837937
HIT 2 28770412 439 7460393531536721219
HIT 2 28835948 440 4447956701146095396
HIT 2 28901484 441 3545679251293329827
HIT 2 29032556 443 3015682197040328964
HIT 2 31129708 475 11418505388807387099
HIT 2 31195244 476 4342084506817352968
HIT 2 31260780 477 556407194694338568
HIT 2 31391852 479 10317103797504050428
HIT 2 7209069 110 12919489740225108145
HIT 2 25755757 393 16414316465157681266
HIT 2 28377197 433 12265144649807805719
HIT 2 28901485 441 294415585616842096
HIT 2 31260781 477 8828121812876131547
HIT 2 25755758 393 5077867839648976757
HIT 2 28377198 433 17358807030606814530
HIT 2 28901486 441 9951943156643540204
HIT 2 31260782 477 17783406325376572009
HIT 2 28377479 433 12930170703165534965
HIT 2 25887112 395 10621690691100832809
HIT 2 28901767 441 10643659590400489553
HIT 2 31261063 477 10784458752260458045
HIT 2 28377480 433 3158336534853168168
HIT 2 28901768 441 655520478668712196
HIT 2 31261064 477 6363458734411654773
HIT 2 28246409 431 188203985535735753
HIT 2 28311945 432 11395707271565589594
HIT 2 28377481 433 1936875716999343081
HIT 2 28508553 435 3210161369423467792
HIT 2 28770697 439 17330344961299905041
HIT 2 28836233 440 11957976128046437673
HIT 2 28901769 441 15672040884969014838
HIT 2 29032841 443 16337110158137817277
HIT 2 31129993 475 194532495458604182
HIT 2 31195529 476 1585915903611846272
HIT 2 31261065 477 8649087800564035
HIT 2 31392137 479 9814039200503207091
HIT 2 28377483 433 1191183222300734101
HIT 2 28901771 441 8927639512266615091
HIT 2 31261067 477 12084409215131477694
HIT 2 28901807 441 8832452105114598521
HIT 2 31261103 477 8281208932596641690
HIT 2 28508592 435 10041479541443828334
HIT 2 28901808 441 10210129549744303042
HIT 2 31261104 477 4108799473396781043
HIT 2 28770737 439 4965548879423641721
HIT 2 28836273 440 8722032919139780957
HIT 2 28901809 441 3198345661625037316
HIT 2 29032881 443 4445839214287528092
HIT 2 31130033 475 9263754484852613050
HIT 2 31195569 476 14798112049448582862
HIT 2 31261105 477 1860745802858732091
HIT 2 31392177 479 8458875314655498651
HIT 2 28901811 441 16562927028787172254
HIT 2 31261107 477 16436597732910517051
HIT 2 31261111 477 3549409322601062091
HIT 2 29032888 443 8924333209995848843
HIT 2 31261112 477 7564176370902536674
HIT 2 31130041 475 17011155321930320456
HIT 2 31195577 476 16049476983079654221
HIT 2 31261113 477 14361617570297044516
HIT 2 31392185 479 1506221087099774968
HIT 2 31261115 477 1263658661259415985
HIT 2 31392220 479 7174813232718369742
DONE data/p_n_lam.txt sz=2 range=[0,512) n=130560 zero=0 0.3s
HIT 3 1687929225219 393 18389893603831398281
HIT 3 1859727917059 433 1852878339846987754
HIT 3 1894087655427 441 14364168530145482556
HIT 3 2048706478083 477 13840403568379655411
HIT 3 1687929225218 393 11585179969047482102
HIT 3 1859727917058 433 11819813230484219734
HIT 3 1894087655426 441 6102628512955720349
HIT 3 2048706478082 477 16286765192894279671
HIT 3 1687929225216 393 15973146329745503811
HIT 3 1859727917056 433 16593881251636105018
HIT 3 1894087655424 441 7547845569612080528
HIT 3 2048706478080 477 11557296046370348602
HIT 3 1687929225217 393 5012208597692415321
HIT 3 1859727917057 433 11664162448964722933
HIT 3 1894087655425 441 4778139441890483327
HIT 3 2048706478081 477 13578268470980079435
HIT 3 1859746594819 433 17143187425143611148
HIT 3 1894106333187 441 18401125442184808364
HIT 3 2048725155843 477 249080341403320751
HIT 3 1859746594818 433 3808967616176430128
HIT 3 1894106333186 441 12264700459083077092
HIT 3 2048725155842 477 949313586620786026
HIT 3 1894108954626 441 2341671365996443987
HIT 3 2048727777282 477 11641994818331596885
HIT 3 1859746594816 433 16451857097209365557
HIT 3 1894106333184 441 12011339205279953275
HIT 3 2048725155840 477 15685250844940450639
HIT 3 1894108954627 441 13043035951498653142
HIT 3 2048727777283 477 1965733086845600781
HIT 3 2048728301571 477 10657152536284563747
HIT 3 2048728301570 477 2859929914898905594
HIT 3 1894108954624 441 5797317490326193212
HIT 3 2048727777280 477 15063265260386328440
HIT 3 2048728301568 477 6230827677685501607
HIT 3 1859746594817 433 12014120236112097404
HIT 3 1894106333185 441 1420267469824401027
HIT 3 2048725155841 477 10158043766698972717
HIT 3 1894108954625 441 14438221818786316200
HIT 3 2048727777281 477 17382974686042709939
HIT 3 2048728301569 477 17499202324799879098
HIT 3 1687929225220 393 13899433696889750211
HIT 3 1859727917060 433 2676323321601456548
HIT 3 1894087655428 441 14156316927355993880
HIT 3 2048706478084 477 14138148229495074624
HIT 3 1687929225221 393 6445823903937040684
HIT 3 1859727917061 433 9890007194104063207
HIT 3 1894087655429 441 9078814811363480515
HIT 3 2048706478085 477 2359769803916698922
HIT 3 1687929225222 393 7884025386142861760
HIT 3 1859727917062 433 9395019784769159786
HIT 3 1894087655430 441 1772288111148365393
HIT 3 2048706478086 477 36598424168741352
HIT 3 1687929225223 393 11178530824637182924
HIT 3 1859727917063 433 2363222312879282169
HIT 3 1894087655431 441 13994315524057600450
HIT 3 2048706478087 477 7584775410589189297
HIT 3 1859746594821 433 10144445159192613456
HIT 3 1894106333189 441 12040580191477226523
HIT 3 2048725155845 477 17780982481199729962
HIT 3 1859746594822 433 5712984908179557068
HIT 3 1894106333190 441 15331433673538375221
HIT 3 2048725155846 477 12588544124618054786
HIT 3 1894108954629 441 3110047987049539897
HIT 3 2048727777285 477 12479570162991299417
HIT 3 2048728301573 477 7082225340907004845
HIT 3 1859746594823 433 1884453489550113773
HIT 3 1894106333191 441 13077442991204491325
HIT 3 2048725155847 477 11699258211677649552
HIT 3 1894108954630 441 10053515363694380549
HIT 3 2048727777286 477 2045241639177929552
HIT 3 2048728301574 477 5601510144929370698
HIT 3 1894108954631 441 12192774172607321926
HIT 3 2048727777287 477 11171041336589606993
HIT 3 2048728301575 477 2308649864239165323
HIT 3 1859746594820 433 13302091745089110737
HIT 3 1894106333188 441 17901901544040678079
HIT 3 2048725155844 477 9523900171545174535
HIT 3 1894108954628 441 1062145602880295642
HIT 3 2048727777284 477 5026527981331939656
HIT 3 2048728301572 477 13665834542229960051
HIT 3 1687929225224 393 12893249699864311348
HIT 3 1859727917064 433 16656913537213974858
HIT 3 1894087655432 441 7227768221565274171
HIT 3 2048706478088 477 9214164242078849773
HIT 3 1687929225225 393 5329754567958724529
HIT 3 1859727917065 433 18441137113949983773
HIT 3 1894087655433 441 13426045864312407311
HIT 3 2048706478089 477 4955060399872812104
HIT 3 1687929225226 393 5047475205771100943
HIT 3 1859727917066 433 11330094964199171981
HIT 3 1894087655434 441 710415805460737860
HIT 3 2048706478090 477 12204629886518906115
HIT 3 1687929225227 393 142782692006598190
HIT 3 1859727917067 433 8450717001534183692
HIT 3 1894087655435 441 16870883329517645371
HIT 3 2048706478091 477 417343446568301502
HIT 3 1859746594824 433 2578896303820201986
HIT 3 1894106333192 441 8465534091418605597
HIT 3 2048725155848 477 9239840271491360181
HIT 3 1894108954632 441 12791842139677171058
HIT 3 2048727777288 477 17354954216956335553
HIT 3 1859746594825 433 16795441776287756876
HIT 3 1894106333193 441 11876775868938105052
HIT 3 2048725155849 477 17008648312522559085
HIT 3 2048728301576 477 16216151295315756224
HIT 3 1859746594827 433 3819768007568406727
HIT 3 1894106333195 441 8315682828346072005
HIT 3 2048725155851 477 6314286273206821286
HIT 3 1859746594826 433 1477048606961144869
HIT 3 1894106333194 441 3826354127140128182
HIT 3 2048725155850 477 12957249790455494844
HIT 3 1894108954633 441 14855509502064830401
HIT 3 2048727777289 477 3783876474550562537
HIT 3 2048728301577 477 8588022112955330454
HIT 3 1894108954635 441 11583458927586626774
HIT 3 2048727777291 477 9068463162748630662
HIT 3 2048728301579 477 4209912296439489569
HIT 3 1894108954634 441 12596507052351854088
HIT 3 2048727777290 477 8388962899746881835
HIT 3 2048728301578 477 537947144366704149
HIT 3 1687929225228 393 3569272905904318434
HIT 3 1859727917068 433 3453137290446889376
HIT 3 1894087655436 441 17024956378129937509
HIT 3 2048706478092 477 11170620476870289662
HIT 3 1687929225231 393 2362810384353249746
HIT 3 1859727917071 433 17215940991370065800
HIT 3 1894087655439 441 15733788952745403942
HIT 3 2048706478095 477 14525130286062475698
HIT 3 1687929225230 393 11563614406108962664
HIT 3 1859727917070 433 17764923340054763377
HIT 3 1894087655438 441 10122735573538565434
HIT 3 2048706478094 477 12423394101921648695
HIT 3 1687929225229 393 9503009476994373402
HIT 3 1859727917069 433 14744411819004133920
HIT 3 1894087655437 441 15893010827333673212
HIT 3 2048706478093 477 14817217918190149180
HIT 3 1859746594828 433 3046653493767465656
HIT 3 1894106333196 441 16695069493931527024
HIT 3 2048725155852 477 1898518057086899406
HIT 3 1894108954636 441 3284227823242826637
HIT 3 2048727777292 477 10057925516969352459
HIT 3 2048728301580 477 5906150788824798530
HIT 3 1859746594831 433 10605910356925530882
HIT 3 1894106333199 441 6518510932292042078
HIT 3 2048725155855 477 9110233254768857532
HIT 3 1894108954639 441 16245724904830039260
HIT 3 2048727777295 477 8135290437167807693
HIT 3 2048728301583 477 5629699978799249185
HIT 3 1859746594830 433 17910461092192295120
HIT 3 1894106333198 441 8594509774238125998
HIT 3 2048725155854 477 12012679110990058544
HIT 3 1894108954638 441 12702769206663570771
HIT 3 2048727777294 477 6909470262492090574
HIT 3 2048728301582 477 5063864452176592369
HIT 3 1859746594829 433 4708150657844466529
HIT 3 1894106333197 441 8931061473590417489
HIT 3 2048725155853 477 2037425436832129521
HIT 3 1894108954637 441 552220070911517317
HIT 3 2048727777293 477 8809163207320960454
HIT 3 2048728301581 477 17637213872676028754
HIT 3 1687929225232 393 17330209057476339565
HIT 3 1859727917072 433 10148029521350998887
HIT 3 1894087655440 441 12356512279830937031
HIT 3 2048706478096 477 17679661919478046218
HIT 3 1687929225233 393 1077525844511313733
HIT 3 1859727917073 433 10364339992465384758
HIT 3 1894087655441 441 2740630041472055753
HIT 3 2048706478097 477 2605819909643587591
HIT 3 1687929225234 393 5377408530915537020
HIT 3 1859727917074 433 6340233317017194857
HIT 3 1894087655442 441 8266168916286080402
HIT 3 2048706478098 477 7660419230274514588
HIT 3 1687929225235 393 13698264333135554194
HIT 3 1859727917075 433 2633950453970959401
HIT 3 1894087655443 441 11254112225293860086
HIT 3 2048706478099 477 10787253366014241561
HIT 3 1859746594832 433 4620672930131113336
HIT 3 1894106333200 441 17952149851913466786
HIT 3 2048725155856 477 4155909346569278177
HIT 3 1894108954640 441 16116707164807029382
HIT 3 2048727777296 477 12824110684476528742
HIT 3 2048728301584 477 15183072215758162160
HIT 3 1859746594834 433 1892579357668100628
HIT 3 1894106333202 441 2164403394543932048
HIT 3 2048725155858 477 10823509244898123340
HIT 3 1859746594833 433 18249895658469351245
HIT 3 1894106333201 441 790530170070453342
HIT 3 2048725155857 477 4060004829640091698
HIT 3 1894108954642 441 2917650948682341754
HIT 3 2048727777298 477 2082765562905991976
HIT 3 2048728301586 477 1959264667304012979
HIT 3 1894108954641 441 15284775246165930815
HIT 3 2048727777297 477 10727751741412968807
HIT 3 2048728301585 477 5588373613487292831
HIT 3 1859746594835 433 2709122080393261811
HIT 3 1894106333203 441 10693011593245092932
HIT 3 2048725155859 477 10316523607882171282
HIT 3 1894108954643 441 10709951377804074383
HIT 3 2048727777299 477 1399574099251525983
HIT 3 2048728301587 477 2558240702293200069
HIT 3 1687929225236 393 8832211517317971443
HIT 3 1859727917076 433 15881275549423753094
HIT 3 1894087655444 441 17628383469548246530
HIT 3 2048706478100 477 9625600882708036444
HIT 3 1687929225238 393 14231189639861922785
HIT 3 1859727917078 433 8590204563814690583
HIT 3 1894087655446 441 10505671783548233333
HIT 3 2048706478102 477 12741384408205950759
HIT 3 1687929225237 393 16902788199949347120
HIT 3 1859727917077 433 10308841255498687497
HIT 3 1894087655445 441 4322642345570484926
HIT 3 2048706478101 477 15717683203596924124
HIT 3 1687929225239 393 255218127515640934
HIT 3 1859727917079 433 14723040554674239357
HIT 3 1894087655447 441 7009540379194978233
HIT 3 2048706478103 477 5310928304086449270
HIT 3 1859746594837 433 17592522193073166091
HIT 3 1894106333205 441 15029693651732974124
HIT 3 2048725155861 477 16409132246885386506
HIT 3 1894108954645 441 21061410035292665
HIT 3 2048727777301 477 8142907246119893695
HIT 3 2048728301589 477 1310059714533264492
HIT 3 1859746594836 433 8453421956621927791
HIT 3 1894106333204 441 3614151543828472430
HIT 3 2048725155860 477 18304658669530416237
HIT 3 1894108954644 441 8851648206375199007
HIT 3 2048727777300 477 11093613840650049153
HIT 3 2048728301588 477 5107584023702199159
HIT 3 1859746594838 433 15741923653477365817
HIT 3 1894106333206 441 4313692423974880927
HIT 3 2048725155862 477 16816348470700186574
HIT 3 1894108954646 441 5300410323349317651
HIT 3 2048727777302 477 11135245985626707237
HIT 3 2048728301590 477 9961961751522028657
HIT 3 1859746594839 433 1232698094886365363
HIT 3 1894106333207 441 9982654783493581905
HIT 3 2048725155863 477 15655649043092113170
HIT 3 1894108954647 441 3213017004863238494
HIT 3 2048727777303 477 2716998947356843518
HIT 3 2048728301591 477 16772633555122017757
HIT 3 1687929225240 393 16712462567013922326
HIT 3 1859727917080 433 16523272303609166073
HIT 3 1894087655448 441 2689886436667564067
HIT 3 2048706478104 477 4036772492211511843
HIT 3 1687929225241 393 8085884778287039867
HIT 3 1859727917081 433 510581919691568416
HIT 3 1894087655449 441 7327410382658945979
HIT 3 2048706478105 477 12859061799488491012
HIT 3 1687929225242 393 17807983478820446841
HIT 3 1859727917082 433 10794893262065259769
HIT 3 1894087655450 441 10216168676082968078
HIT 3 2048706478106 477 18367306904269395044
HIT 3 1687929225243 393 13997637141602862597
HIT 3 1859727917083 433 9557564409091837734
HIT 3 1894087655451 441 17269753229924083688
HIT 3 2048706478107 477 1802817380784684481
HIT 3 1859746594841 433 11345342391019275424
HIT 3 1894106333209 441 8446703041685691898
HIT 3 2048725155865 477 12561014075447242396
HIT 3 1894108954649 441 11037597541417963353
HIT 3 2048727777305 477 14717707083036432543
HIT 3 2048728301593 477 7942084319858733837
HIT 3 1859746594840 433 6513933822307305763
HIT 3 1894106333208 441 10187076419700205504
HIT 3 2048725155864 477 2282679333886106872
HIT 3 1894108954648 441 289274937053016138
HIT 3 2048727777304 477 12559036944558113829
HIT 3 2048728301592 477 5799136927840799346
HIT 3 1859746594843 433 2653078250988312666
HIT 3 1894106333211 441 11392238571969120136
HIT 3 2048725155867 477 6963331503008213281
HIT 3 1894108954651 441 6138330876143773108
HIT 3 2048727777307 477 10632034251297039661
HIT 3 2048728301595 477 9362142004352469225
HIT 3 1859746594842 433 8094823529517240283
HIT 3 1894106333210 441 14790260177231646064
HIT 3 2048725155866 477 14198117901618507100
HIT 3 1894108954650 441 15593173547523474687
HIT 3 2048727777306 477 10355721670862815679
HIT 3 2048728301594 477 10734293554549509643
HIT 3 1687929225244 393 7502417947747268708
HIT 3 1859727917084 433 1995807077675495164
HIT 3 1894087655452 441 3641703449535702364
HIT 3 2048706478108 477 9497873596774431834
HIT 3 1687929225245 393 11926709170029152138
HIT 3 1859727917085 433 4819411916373787896
HIT 3 1894087655453 441 16266513641067423437
HIT 3 2048706478109 477 11874472313816087872
HIT 3 1687929225246 393 8455577778742808589
HIT 3 1859727917086 433 9813783635365152910
HIT 3 1894087655454 441 14439254790265542042
HIT 3 2048706478110 477 17626065379258203803
HIT 3 1687929225247 393 17448084222789688926
HIT 3 1859727917087 433 4854753290254714763
HIT 3 1894087655455 441 12400069987189296498
HIT 3 2048706478111 477 610347940626598492
HIT 3 1859746594844 433 7658383783003707616
HIT 3 1894106333212 441 1545015884955811068
HIT 3 2048725155868 477 1821762164968983846
HIT 3 1894108954652 441 3613621426989530750
HIT 3 2048727777308 477 1248559426522692953
HIT 3 2048728301596 477 17839993698761909978
HIT 3 1859746594845 433 4511742065168164583
HIT 3 1894106333213 441 13890282130443936223
HIT 3 2048725155869 477 6779941289380573985
HIT 3 1894108954653 441 11063962216027360785
HIT 3 2048727777309 477 929725945928114072
HIT 3 2048728301597 477 4796826550649437665
HIT 3 1859746594847 433 903681395026175922
HIT 3 1894106333215 441 17959731565144701838
HIT 3 2048725155871 477 18311863934779887178
HIT 3 1859746594846 433 12181624080983106336
HIT 3 1894106333214 441 8824178049927503172
HIT 3 2048725155870 477 8740647666915784037
HIT 3 1894108954655 441 18265060161267439886
HIT 3 2048727777311 477 15128387051369127615
HIT 3 2048728301599 477 17499702438590273448
HIT 3 1894108954654 441 6457688502751028572
HIT 3 2048727777310 477 17881699114475153405
HIT 3 2048728301598 477 17016299616836521549
HIT 3 1687929225248 393 10185658374324665180
HIT 3 1859727917088 433 9841704932901299092
HIT 3 1894087655456 441 9246691131142611540
HIT 3 2048706478112 477 421950247544371757
HIT 3 1687929225249 393 17087714964530422488
HIT 3 1859727917089 433 14594891736411503764
HIT 3 1894087655457 441 4439607854146484461
HIT 3 2048706478113 477 6128436586258799215
HIT 3 1687929225251 393 16659178025408029700
HIT 3 1859727917091 433 11619743039043660641
HIT 3 1894087655459 441 17587539031179580481
HIT 3 2048706478115 477 3868030686555450910
HIT 3 1687929225250 393 4567759857945176652
HIT 3 1859727917090 433 9073243508602740547
HIT 3 1894087655458 441 18102550386694433550
HIT 3 2048706478114 477 13456951524575362300
HIT 3 1859746594848 433 9594499221508142340
HIT 3 1894106333216 441 14921647818447678233
HIT 3 2048725155872 477 5148816346524798102
HIT 3 1894108954656 441 2542748367498549483
HIT 3 2048727777312 477 8996939797285576030
HIT 3 2048728301600 477 8831382698747641702
HIT 3 1859746594849 433 13576861509637371796
HIT 3 1894106333217 441 9542243976063344602
HIT 3 2048725155873 477 6251418838506724536
HIT 3 1894108954657 441 1578172921156282286
HIT 3 2048727777313 477 3405643189986676541
HIT 3 2048728301601 477 17941192978099559817
HIT 3 1859746594851 433 15952395455704713329
HIT 3 1894106333219 441 2878337978546163598
HIT 3 2048725155875 477 14694017887061168546
HIT 3 1894108954659 441 15698391395322412295
HIT 3 2048727777315 477 11993748146733763011
HIT 3 1859746594850 433 17266842278135345209
HIT 3 1894106333218 441 13144756704320326608
HIT 3 2048725155874 477 17910068339567395090
HIT 3 2048728301603 477 5682626295275519701
HIT 3 1894108954658 441 1740269923221951521
HIT 3 2048727777314 477 3188247481972679565
HIT 3 2048728301602 477 7473980903163834030
HIT 3 1687929225252 393 259636897562568972
HIT 3 1859727917092 433 209459670949926134
HIT 3 1894087655460 441 17975176101953531939
HIT 3 2048706478116 477 18419650703414413715
HIT 3 1687929225253 393 15267055209874202863
HIT 3 1859727917093 433 1188277991528534498
HIT 3 1894087655461 441 10728658738313298006
HIT 3 2048706478117 477 11128469642716518986
HIT 3 1687929225254 393 9034156867827394888
HIT 3 1859727917094 433 6316944852399974122
HIT 3 1894087655462 441 10338073666475285114
HIT 3 2048706478118 477 5202558979289027339
HIT 3 1687929225255 393 18335818007424583735
HIT 3 1859727917095 433 185277947098171239
HIT 3 1894087655463 441 8942776122965409404
HIT 3 2048706478119 477 967984668918142372
HIT 3 1859746594852 433 9089334638017501437
HIT 3 1894106333220 441 3551005860925424695
HIT 3 2048725155876 477 4882418612195408476
HIT 3 1894108954660 441 17671851903611207028
HIT 3 2048727777316 477 1619010943822019177
HIT 3 2048728301604 477 17457015985309485553
HIT 3 1859746594853 433 10301133665295739948
HIT 3 1894106333221 441 12979130990202509859
HIT 3 2048725155877 477 15802826718048244079
HIT 3 1894108954661 441 10925340896115611221
HIT 3 2048727777317 477 10190534311353645037
HIT 3 2048728301605 477 9391527972240317668
HIT 3 1859746594855 433 4782130563489470454
HIT 3 1894106333223 441 17861807577816464195
HIT 3 2048725155879 477 16206287571782114359
HIT 3 1859746594854 433 7856775243345071019
HIT 3 1894106333222 441 2094167207891102336
HIT 3 2048725155878 477 8541233386703080189
HIT 3 1894108954663 441 791601070485604214
HIT 3 2048727777319 477 1439708034660944650
HIT 3 2048728301607 477 7326843573979734445
HIT 3 1894108954662 441 8640248912360531197
HIT 3 2048727777318 477 9936380989435043486
HIT 3 2048728301606 477 2589178090021763881
HIT 3 1687929225256 393 17981017803152129435
HIT 3 1859727917096 433 12216405794516039667
HIT 3 1894087655464 441 4766075801696436308
HIT 3 2048706478120 477 11319173736138053868
HIT 3 1687929225257 393 2298981601451241881
HIT 3 1859727917097 433 5838394215213223199
HIT 3 1894087655465 441 17388146586358023598
HIT 3 2048706478121 477 17557607522867612384
HIT 3 1687929225258 393 1487615767336170503
HIT 3 1859727917098 433 16607780071928693947
HIT 3 1894087655466 441 6012100107504923079
HIT 3 2048706478122 477 13614955675855788389
HIT 3 1687929225259 393 12219393973341287854
HIT 3 1859727917099 433 5699259731385948857
HIT 3 1894087655467 441 1840455556263460496
HIT 3 2048706478123 477 17026095151342283816
HIT 3 1859746594856 433 7592533350943345781
HIT 3 1894106333224 441 13178753276809863134
HIT 3 2048725155880 477 16259997395015673038
HIT 3 1894108954664 441 5262315123983417130
HIT 3 2048727777320 477 14213238433983404147
HIT 3 2048728301608 477 3416878229944943721
HIT 3 1859746594857 433 9164365473107300067
HIT 3 1894106333225 441 4142155488024712330
HIT 3 2048725155881 477 1162339008466469462
HIT 3 1894108954665 441 11461621622801672404
HIT 3 2048727777321 477 6502233635172344473
HIT 3 2048728301609 477 4801195308693078388
HIT 3 1859746594858 433 1316438363091544156
HIT 3 1894106333226 441 15636555449820619976
HIT 3 2048725155882 477 16889948801055789658
HIT 3 1859746594859 433 17511892407047160818
HIT 3 1894106333227 441 4592775174756938848
HIT 3 2048725155883 477 3137565820444623287
HIT 3 1894108954667 441 16344247105842671773
HIT 3 1894108954666 441 879570917891084745
HIT 3 2048727777323 477 5410393762285298047
HIT 3 2048727777322 477 17221249692445569476
HIT 3 2048728301611 477 4363650905860411004
HIT 3 2048728301610 477 2985304053270951239
HIT 3 1687929225260 393 14821794924592601627
HIT 3 1859727917100 433 9137608675871224267
HIT 3 1894087655468 441 9018209054343536668
HIT 3 2048706478124 477 13811515014145222484
HIT 3 1687929225261 393 14744431094556983515
HIT 3 1859727917101 433 8368499054499867517
HIT 3 1894087655469 441 8532428641236523113
HIT 3 2048706478125 477 5852383162393372914
HIT 3 1687929225262 393 3412397121762948677
HIT 3 1859727917102 433 15287952824335453302
HIT 3 1894087655470 441 8173881659358199930
HIT 3 2048706478126 477 4084044312560318371
HIT 3 1687929225263 393 3430893039333885566
HIT 3 1859727917103 433 15241187493439643708
HIT 3 1894087655471 441 122491502125112385
HIT 3 2048706478127 477 14538688440108200697
HIT 3 1859746594860 433 8941554027660743641
HIT 3 1894106333228 441 17867338574858073706
HIT 3 2048725155884 477 8435826021692523564
HIT 3 1859746594862 433 14970456553850386413
HIT 3 1894106333230 441 15326025497132162790
HIT 3 2048725155886 477 14312088131375228056
HIT 3 1894108954670 441 11410668289151923486
HIT 3 2048727777326 477 967766878646274063
HIT 3 2048728301614 477 6111789399519331777
HIT 3 1894108954668 441 14358606475336931370
HIT 3 2048727777324 477 11380334281329112095
HIT 3 2048728301612 477 370732307268262563
HIT 3 1859746594861 433 7210766728043049151
HIT 3 1894106333229 441 14823981094686866490
HIT 3 2048725155885 477 7536048258233568026
HIT 3 1894108954669 441 2247174235156155946
HIT 3 2048727777325 477 4596596226168057829
HIT 3 2048728301613 477 10153163090823361433
HIT 3 1859746594863 433 16359015482926543903
HIT 3 1894106333231 441 6227019345374771140
HIT 3 2048725155887 477 12476051459943101526
HIT 3 1687929225264 393 727736922155811629
HIT 3 1859727917104 433 16389574209858067757
HIT 3 1894087655472 441 17291143460627153456
HIT 3 2048706478128 477 9600627014203201796
HIT 3 1894108954671 441 2197383527811698764
HIT 3 2048727777327 477 16976572209176976436
HIT 3 2048728301615 477 53107640435201135
HIT 3 1687929225265 393 17593979221846214452
HIT 3 1859727917105 433 1086934063284167734
HIT 3 1894087655473 441 840105022216591115
HIT 3 2048706478129 477 12329294912186632971
HIT 3 1687929225266 393 12587125034063354456
HIT 3 1859727917106 433 14837829033794705029
HIT 3 1894087655474 441 5777729631282916498
HIT 3 2048706478130 477 18156312401220371484
HIT 3 1687929225267 393 7134007063359875140
HIT 3 1859727917107 433 1874506319783112311
HIT 3 1894087655475 441 14431985312799106691
HIT 3 2048706478131 477 2472288410598774953
HIT 3 1859746594864 433 16283560857009161198
HIT 3 1894106333232 441 2807957263856043196
HIT 3 2048725155888 477 8376669224104729957
HIT 3 1859746594865 433 5212229273508162770
HIT 3 1894106333233 441 1836953012766389692
HIT 3 2048725155889 477 10337305421634851902
HIT 3 1894108954672 441 8343983614122700509
HIT 3 2048727777328 477 4904143905282001955
HIT 3 2048728301616 477 2855071791232165176
HIT 3 1894108954673 441 14687963890765409693
HIT 3 2048727777329 477 18119613566064366523
HIT 3 2048728301617 477 1665190679443438500
HIT 3 1859746594866 433 18123186574590347753
HIT 3 1894106333234 441 7865039526229548218
HIT 3 2048725155890 477 11740965935419437999
HIT 3 1687929225268 393 1766957474982738852
HIT 3 1859727917108 433 15182575442042139916
HIT 3 1894087655476 441 18199268084283899211
HIT 3 2048706478132 477 11676965342518680395
HIT 3 1894108954674 441 15924628757979335029
HIT 3 2048727777330 477 3515876952049860846
HIT 3 1859746594867 433 10130742693323031916
HIT 3 1894106333235 441 16881232372907237266
HIT 3 2048725155891 477 6114100687921127084
HIT 3 2048728301618 477 18275422739508974391
HIT 3 1894108954675 441 3161911567623348768
HIT 3 2048727777331 477 6155288543319605706
HIT 3 2048728301619 477 1226438075301657111
HIT 3 1687929225269 393 4897711948386098883
HIT 3 1859727917109 433 6185014269625276013
HIT 3 1894087655477 441 2337675478489121487
HIT 3 2048706478133 477 16577220854540019702
HIT 3 1687929225270 393 9803593278721420483
HIT 3 1859727917110 433 15632523208168757087
HIT 3 1894087655478 441 2331547620748969992
HIT 3 2048706478134 477 11945591602113285615
HIT 3 1687929225271 393 8129049609950056851
HIT 3 1859727917111 433 8514075839704523149
HIT 3 1894087655479 441 3540489347611417952
HIT 3 2048706478135 477 10917239558075236147
HIT 3 1859746594868 433 6940644834811431446
HIT 3 1894106333236 441 13612801442214173022
HIT 3 2048725155892 477 12840217059825193554
HIT 3 1894108954676 441 14466248734317492940
HIT 3 2048727777332 477 1831132034860127805
HIT 3 2048728301620 477 9898701545031378153
HIT 3 1859746594869 433 1857738228879520899
HIT 3 1894106333237 441 3799886603155206793
HIT 3 2048725155893 477 16864354797175051892
HIT 3 1894108954677 441 12756675661926113502
HIT 3 2048727777333 477 15870932227558676017
HIT 3 2048728301621 477 13636045109282818058
HIT 3 1687929225272 393 15683396460696153562
HIT 3 1859727917112 433 6202544043220591204
HIT 3 1894087655480 441 8075263710873496205
HIT 3 2048706478136 477 774979577376972691
HIT 3 1859746594870 433 12568389554440349617
HIT 3 1894106333238 441 8827253481983193061
HIT 3 2048725155894 477 52399567132307720
HIT 3 1894108954678 441 8454545185776325345
HIT 3 2048727777334 477 8443896726536021193
HIT 3 2048728301622 477 13467301194513990673
HIT 3 1859746594871 433 4698069656054005213
HIT 3 1894106333239 441 1333382433877841713
HIT 3 2048725155895 477 17146566137002395285
HIT 3 1894108954679 441 32545265519489799
HIT 3 2048727777335 477 7823694671251616848
HIT 3 2048728301623 477 18115352040006987549
HIT 3 1687929225273 393 10431799333104464921
HIT 3 1859727917113 433 3514191629152733607
HIT 3 1894087655481 441 14442296165201405452
HIT 3 2048706478137 477 14632319316989097015
HIT 3 1687929225274 393 17414178110144300903
HIT 3 1859727917114 433 6651395052276214798
HIT 3 1894087655482 441 13597483521083389103
HIT 3 2048706478138 477 12513745424188087411
HIT 3 1687929225275 393 15636682084139895232
HIT 3 1859727917115 433 17491406977891562006
HIT 3 1894087655483 441 17447232819103429713
HIT 3 2048706478139 477 10393702080410728939
HIT 3 1859746594872 433 8230754786700580215
HIT 3 1894106333240 441 6411576699094068632
HIT 3 2048725155896 477 2376704566244620648
HIT 3 1894108954680 441 9608030197558065389
HIT 3 2048727777336 477 14987053044977757173
HIT 3 2048728301624 477 17025948783481025888
HIT 3 1687929225276 393 3802382209520362436
HIT 3 1859727917116 433 15686149631223858393
HIT 3 1894087655484 441 7547142196379874663
HIT 3 2048706478140 477 3455680689031747252
HIT 3 1859746594874 433 4838606837966105215
HIT 3 1894106333242 441 9069130664249797157
HIT 3 2048725155898 477 12456220886440025055
HIT 3 1859746594873 433 2834110016691323399
HIT 3 1894106333241 441 5770053487965146308
HIT 3 2048725155897 477 13313048720515147417
HIT 3 1894108954682 441 14534966821199183824
HIT 3 2048727777338 477 5206434089386551353
HIT 3 2048728301626 477 11732320147913907880
HIT 3 1894108954681 441 10252035756879980015
HIT 3 2048727777337 477 781596200447124843
HIT 3 2048728301625 477 6921980593057397737
HIT 3 1859746594875 433 10707231535290796583
HIT 3 1894106333243 441 10655514182143684959
HIT 3 2048725155899 477 7047936241242933095
HIT 3 1894108954683 441 1316678108829227734
HIT 3 2048727777339 477 5386551528991036671
HIT 3 2048728301627 477 3073247877948933351
HIT 3 1687929225277 393 6987403647350884327
HIT 3 1859727917117 433 15366379767937490148
HIT 3 1894087655485 441 13270577051859327050
HIT 3 2048706478141 477 8056750770771243149
HIT 3 1687929225278 393 12184594657503896222
HIT 3 1859727917118 433 1971839292737587609
HIT 3 1894087655486 441 8361625568294889513
HIT 3 2048706478142 477 9990905666953132926
HIT 3 1687929225279 393 2756946055494250479
HIT 3 1859727917119 433 16818516368899829295
HIT 3 1894087655487 441 1659532032854070482
HIT 3 2048706478143 477 11203622891677264137
HIT 3 1859746594876 433 8383170944637150086
HIT 3 1894106333244 441 13862318552018574417
HIT 3 2048725155900 477 11427992607490856029
HIT 3 1894108954684 441 1805185589193754349
HIT 3 2048727777340 477 14041350582566256531
HIT 3 2048728301628 477 10191301227287414278
HIT 3 1687929225280 393 3922479157928777220
HIT 3 1859727917120 433 10817452077476547048
HIT 3 1894087655488 441 5606014494898746831
HIT 3 2048706478144 477 17966391327605110900
HIT 3 1859746594877 433 12691106491657620927
HIT 3 1894106333245 441 8696474862916037600
HIT 3 2048725155901 477 11312476814046908347
HIT 3 1859746594878 433 10560899601312886864
HIT 3 1894108954685 441 7118952845155244083
HIT 3 2048727777341 477 16942671631615456171
HIT 3 2048728301629 477 4287262197691899982
HIT 3 1894106333246 441 17073322111996064615
HIT 3 2048725155902 477 12051022081833564432
HIT 3 1894108954686 441 3033399757963632258
HIT 3 2048727777342 477 2976795754486074644
HIT 3 2048728301630 477 5032112590617805585
HIT 3 1859746594879 433 1840779298205316163
HIT 3 1894106333247 441 2313821835348320901
HIT 3 2048725155903 477 13978096883467356718
HIT 3 1894108954687 441 1453921487227416786
HIT 3 2048727777343 477 18416588691949281661
HIT 3 1687929225282 393 1741030168106010190
HIT 3 1859727917122 433 5809039185868285213
HIT 3 1894087655490 441 7596875432788885400
HIT 3 2048706478146 477 14183809672028526562
HIT 3 2048728301631 477 8933046057333649904
HIT 3 1687929225281 393 12297376761948697646
HIT 3 1859727917121 433 15896534814314285428
HIT 3 1894087655489 441 5316899573495083848
HIT 3 2048706478145 477 4872825586728289556
HIT 3 1687929225283 393 7618083654090646049
HIT 3 1859727917123 433 2924126870317999116
HIT 3 1894087655491 441 7135029761277024510
HIT 3 2048706478147 477 4228846069193553799
HIT 3 1859746594880 433 3427211232886259171
HIT 3 1894106333248 441 8093927759586086839
HIT 3 2048725155904 477 6227265467607444699
HIT 3 1894108954688 441 12347228208320259905
HIT 3 2048727777344 477 1834886552621621798
HIT 3 2048728301632 477 17383182663211420406
HIT 3 1687929225284 393 7370262827620393321
HIT 3 1859727917124 433 1556462093093620175
HIT 3 1894087655492 441 14223829534657487319
HIT 3 2048706478148 477 17734376954238771382
HIT 3 1859746594882 433 16018570768232729854
HIT 3 1894106333250 441 837202501041290313
HIT 3 2048725155906 477 15119495767265486084
HIT 3 1894108954690 441 6023192317461001851
HIT 3 2048727777346 477 13203982283045766887
HIT 3 2048728301634 477 10124378235942927028
HIT 3 1859746594881 433 7358065570515823429
HIT 3 1894106333249 441 5906429450286240420
HIT 3 2048725155905 477 1508378610902176287
HIT 3 1894108954689 441 13236538741883882720
HIT 3 2048727777345 477 9261778346927496471
HIT 3 2048728301633 477 10057285081803742535
HIT 3 1859746594883 433 2877645075261182092
HIT 3 1894106333251 441 15785707634777779350
HIT 3 2048725155907 477 11035580742153029531
HIT 3 1687929225286 393 3368332031761399854
HIT 3 1859727917126 433 1111560381437545495
HIT 3 1894087655494 441 17705509803409551758
HIT 3 2048706478150 477 4843731711614862031
HIT 3 1687929225285 393 16799034963536656451
HIT 3 1859727917125 433 15076085177934060971
HIT 3 1894087655493 441 277547904582282279
HIT 3 2048706478149 477 5664093688439614977
HIT 3 1894108954691 441 7275909359341782901
HIT 3 2048727777347 477 416724214043484247
HIT 3 2048728301635 477 5165399159467021133
HIT 3 1687929225287 393 555181503832429414
HIT 3 1859727917127 433 17150138755306459460
HIT 3 1894087655495 441 6724843028647680027
HIT 3 2048706478151 477 11927590032203502797
HIT 3 1859746594884 433 8226077805382487746
HIT 3 1894106333252 441 1198471492567554325
HIT 3 2048725155908 477 13677307828091085037
HIT 3 1894108954692 441 8010568698521520342
HIT 3 2048727777348 477 3076465571944612530
HIT 3 2048728301636 477 1095420013616269314
HIT 3 1687929225288 393 7139283577575127858
HIT 3 1859727917128 433 8931727746373331104
HIT 3 1894087655496 441 499861006971363622
HIT 3 2048706478152 477 12339534527338282035
HIT 3 1859746594886 433 7845089009158943985
HIT 3 1894106333254 441 3943548630150728763
HIT 3 2048725155910 477 13972498930059010367
HIT 3 1859746594885 433 10682855286552609539
HIT 3 1894106333253 441 4198205576385148311
HIT 3 2048725155909 477 3156117988789721519
HIT 3 1894108954694 441 7975316309781022885
HIT 3 2048727777350 477 5341811625027495037
HIT 3 2048728301638 477 6562484804222390824
HIT 3 1894108954693 441 14629390223197656639
HIT 3 2048727777349 477 133587110443754101
HIT 3 2048728301637 477 2825162055686747427
HIT 3 1687929225289 393 17153112623026698072
HIT 3 1859727917129 433 16128181567827359853
HIT 3 1894087655497 441 11532742688367278310
HIT 3 2048706478153 477 17061900976518503602
HIT 3 1687929225290 393 12772715974012420375
HIT 3 1859727917130 433 3164393558706989593
HIT 3 1894087655498 441 6855922212358271987
HIT 3 2048706478154 477 6049816007591022568
HIT 3 1859746594887 433 17205527020065173608
HIT 3 1894106333255 441 15494659277145018070
HIT 3 2048725155911 477 6865590991589367884
HIT 3 1894108954695 441 838596706080077957
HIT 3 2048727777351 477 678924623548523151
HIT 3 2048728301639 477 16581051808231397096
HIT 3 1687929225291 393 9284316343761564830
HIT 3 1859727917131 433 10352365471294443942
HIT 3 1894087655499 441 6050138947181393745
HIT 3 2048706478155 477 6890551192447986981
HIT 3 1859746594888 433 7833210643021688443
HIT 3 1894106333256 441 5472960062024717692
HIT 3 2048725155912 477 9452060022257455906
HIT 3 1894108954696 441 10706581845184836141
HIT 3 2048727777352 477 10742403065146471378
HIT 3 2048728301640 477 18155352976545640483
HIT 3 1687929225292 393 11115883292556582734
HIT 3 1859727917132 433 4793817888392505713
HIT 3 1894087655500 441 13440443298297211611
HIT 3 2048706478156 477 2509112259675229129
HIT 3 1859746594890 433 9565759083050441717
HIT 3 1894106333258 441 4664897715390407016
HIT 3 2048725155914 477 860232855365121468
HIT 3 1894108954698 441 9860550581292410556
HIT 3 2048727777354 477 8567271125820337054
HIT 3 2048728301642 477 5267912496318238421
HIT 3 1859746594889 433 4689588630601843620
HIT 3 1894106333257 441 4104437677597458632
HIT 3 2048725155913 477 1179203433354936154
HIT 3 1894108954697 441 8017920844092827684
HIT 3 2048727777353 477 6791350257129219017
HIT 3 2048728301641 477 12285700182077129327
HIT 3 1687929225293 393 15542209746200279029
HIT 3 1859727917133 433 16057619065040407251
HIT 3 1894087655501 441 10808084902391869534
HIT 3 2048706478157 477 2323846558385395120
HIT 3 1687929225294 393 16188087002363158465
HIT 3 1859727917134 433 11687030433558939384
HIT 3 1894087655502 441 11825313166132243700
HIT 3 2048706478158 477 8128364018512064409
HIT 3 1859746594891 433 2879832004909070785
HIT 3 1894106333259 441 15476741834578374923
HIT 3 2048725155915 477 11387866972980052179
HIT 3 1894108954699 441 2403477546272387654
HIT 3 2048727777355 477 17363073546160864271
HIT 3 2048728301643 477 3646458576862472170
HIT 3 1859746594892 433 113918472348700487
HIT 3 1894106333260 441 14371220620051681011
HIT 3 2048725155916 477 15780400946539850176
HIT 3 1894108954700 441 14713643863352531298
HIT 3 2048727777356 477 3174601885336058474
HIT 3 2048728301644 477 11169474171901726031
HIT 3 1687929225295 393 13385744786447530885
HIT 3 1859727917135 433 10033164061845745895
HIT 3 1894087655503 441 15285903049076973584
HIT 3 2048706478159 477 11694107945491467591
HIT 3 1687929225296 393 16521908802866806938
HIT 3 1859727917136 433 4635679781066972990
HIT 3 1894087655504 441 17925413528456416013
HIT 3 2048706478160 477 13197893277933994633
HIT 3 1859746594893 433 3073258785377304221
HIT 3 1894106333261 441 17121709960006492649
HIT 3 2048725155917 477 10273441531090072977
HIT 3 1894108954701 441 16382339690773457880
HIT 3 2048727777357 477 14925518783470481042
HIT 3 2048728301645 477 16364416484291973243
HIT 3 1859746594894 433 18374747787241646589
HIT 3 1894106333262 441 3461795679236311878
HIT 3 2048725155918 477 90717742579621153
HIT 3 1894108954702 441 9202031814523281401
HIT 3 2048727777358 477 14558672718532984596
HIT 3 2048728301646 477 11138656332078479975
HIT 3 1687929225297 393 9219539552083001047
HIT 3 1859727917137 433 1446365413984622370
HIT 3 1894087655505 441 8930616216503548435
HIT 3 2048706478161 477 15279412947793931107
HIT 3 1687929225298 393 4935454093978424011
HIT 3 1859727917138 433 4070761852507795983
HIT 3 1894087655506 441 8614328824882847333
HIT 3 2048706478162 477 14704201623663209784
HIT 3 1859746594895 433 9376427828449946732
HIT 3 1894106333263 441 14016514779255382242
HIT 3 2048725155919 477 9691681213093514216
HIT 3 1894108954703 441 15500753900259659461
HIT 3 2048727777359 477 12061046659433540809
HIT 3 2048728301647 477 15658406365185876120
HIT 3 1687929225299 393 5658270172168825716
HIT 3 1859727917139 433 13397345753191744013
HIT 3 1894087655507 441 287364088300672433
HIT 3 2048706478163 477 7366495915137126884
HIT 3 1859746594896 433 16368362555311555073
HIT 3 1894106333264 441 16363063474231385888
HIT 3 2048725155920 477 16272623502653733221
HIT 3 1894108954704 441 17572234770689845718
HIT 3 2048727777360 477 13055633099998005056
HIT 3 2048728301648 477 2614033097938033999
HIT 3 1687929225300 393 6246683030880270444
HIT 3 1859727917140 433 4577330028933719782
HIT 3 1894087655508 441 15258484362085054255
HIT 3 2048706478164 477 18006439751015228715
HIT 3 1859746594897 433 8121996169440971325
HIT 3 1894106333265 441 5972779310564317814
HIT 3 2048725155921 477 3519068026183579891
HIT 3 1894108954705 441 8589502365807702812
HIT 3 2048727777361 477 1196638277641886666
HIT 3 2048728301649 477 10235296572075169866
HIT 3 1859746594898 433 7923299281370867470
HIT 3 1894106333266 441 4719392678178569774
HIT 3 2048725155922 477 17100620317440631265
HIT 3 1894108954706 441 8757563189689153883
HIT 3 2048727777362 477 17669322231823670251
HIT 3 2048728301650 477 8135413715494611298
HIT 3 1687929225301 393 8669986956063718531
HIT 3 1859727917141 433 11501330196933136975
HIT 3 1894087655509 441 12910355344256140104
HIT 3 2048706478165 477 17031405033683954846
HIT 3 1859746594899 433 8717683932863130880
HIT 3 1894106333267 441 11754276333713398074
HIT 3 2048725155923 477 9008250719126506849
HIT 3 1894108954707 441 7891803614465232418
HIT 3 2048727777363 477 13331394104848961318
HIT 3 2048728301651 477 6336310798332636355
HIT 3 1687929225302 393 8404222038455903565
HIT 3 1859727917142 433 5895591475011461379
HIT 3 1894087655510 441 8322400740293914418
HIT 3 2048706478166 477 2821516799835279329
HIT 3 1687929225303 393 10333264304807149061
HIT 3 1859727917143 433 18363417163073680140
HIT 3 1894087655511 441 13434610769069881548
HIT 3 2048706478167 477 10779117304365850006
HIT 3 1859746594900 433 15068174853570176774
HIT 3 1894106333268 441 3554792632998408124
HIT 3 2048725155924 477 5341125880240038127
HIT 3 1894108954708 441 11137404756890489374
HIT 3 2048727777364 477 9183796144115477449
HIT 3 2048728301652 477 7711957912369771081
HIT 3 1687929225304 393 11649326391532573900
HIT 3 1859727917144 433 3631515876647343441
HIT 3 1894087655512 441 7815826928701829598
HIT 3 2048706478168 477 328314181446099209
HIT 3 1859746594901 433 16347773617601747217
HIT 3 1894106333269 441 7057624742543881932
HIT 3 2048725155925 477 2240622326591928244
HIT 3 1894108954709 441 5216531048727415116
HIT 3 2048727777365 477 11460833259958056088
HIT 3 2048728301653 477 8167115874094677578
HIT 3 1859746594902 433 9825840150812832994
HIT 3 1894106333270 441 18197261096316667156
HIT 3 2048725155926 477 4287718851623057103
HIT 3 1894108954710 441 9338649213473904126
HIT 3 2048727777366 477 11815815597950786251
HIT 3 2048728301654 477 9239816464623248422
HIT 3 1687929225305 393 1112811860534279504
HIT 3 1859727917145 433 15410798951228218154
HIT 3 1894087655513 441 14787249934971740077
HIT 3 2048706478169 477 16545248902828869866
HIT 3 1687929225306 393 12742838585823362750
HIT 3 1859727917146 433 3114945835217738690
HIT 3 1894087655514 441 10571340469076975396
HIT 3 2048706478170 477 10153629056957764159
HIT 3 1859746594903 433 8346382280078896619
HIT 3 1894106333271 441 15478884428974912058
HIT 3 2048725155927 477 14586023655859015311
HIT 3 1894108954711 441 3387939961829553259
HIT 3 2048727777367 477 14238439311962377615
HIT 3 2048728301655 477 919362880417532670
HIT 3 1687929225307 393 14473194780260899898
HIT 3 1859727917147 433 2360483077182255693
HIT 3 1894087655515 441 1274729792089761652
HIT 3 2048706478171 477 8456669025649718024
HIT 3 1859746594904 433 1338545905061582418
HIT 3 1894106333272 441 13653292775256774914
HIT 3 2048725155928 477 16459881043118809
HIT 3 1894108954712 441 4155394457923947625
HIT 3 2048727777368 477 5257702707906675924
HIT 3 2048728301656 477 11326282210362761460
HIT 3 1687929225308 393 5258162369682797215
HIT 3 1859727917148 433 7367113421860656566
HIT 3 1894087655516 441 9443378511129499188
HIT 3 2048706478172 477 17993692974440041021
HIT 3 1859746594905 433 1408615938364724763
HIT 3 1894106333273 441 977268765498571166
HIT 3 2048725155929 477 2285832409081082298
HIT 3 1894108954713 441 3686128158558046544
HIT 3 2048727777369 477 6927715036792575295
HIT 3 2048728301657 477 12979037680614155996
HIT 3 1859746594906 433 3194982425014199435
HIT 3 1894106333274 441 639705066711567877
HIT 3 2048725155930 477 4642483088014211388
HIT 3 1687929225309 393 13028182646018064665
HIT 3 1859727917149 433 17266391876769854138
HIT 3 1894087655517 441 3285818105558818648
HIT 3 2048706478173 477 5144616962230614213
HIT 3 1894108954714 441 13214993874732761005
HIT 3 2048727777370 477 7809877855244365742
HIT 3 2048728301658 477 13337963922938389070
HIT 3 1859746594907 433 15431189684524998649
HIT 3 1894106333275 441 1659185570498699842
HIT 3 2048725155931 477 817936313686866046
HIT 3 1687929225310 393 1267574993622585393
HIT 3 1894108954715 441 4346415519601242983
HIT 3 2048727777371 477 3358677798555325576
HIT 3 2048728301659 477 1657971261906165823
HIT 3 1859727917150 433 4568107988146329541
HIT 3 1894087655518 441 11282775026123307425
HIT 3 2048706478174 477 18118222349259032919
HIT 3 1687929225311 393 11118429239828564243
HIT 3 1859727917151 433 12496633107218697300
HIT 3 1894087655519 441 5352224799807719089
HIT 3 2048706478175 477 5369799586313730449
HIT 3 1859746594908 433 17111477629307460110
HIT 3 1894106333276 441 10200402134111218881
HIT 3 2048725155932 477 11527362447923493440
HIT 3 1894108954716 441 14758140647844377702
HIT 3 2048727777372 477 10654942162240454421
HIT 3 2048728301660 477 9715129011353840039
HIT 3 1687929225312 393 8989582076550633338
HIT 3 1859727917152 433 3028896344782106127
HIT 3 1894087655520 441 8465065943066084680
HIT 3 2048706478176 477 2004199716436852555
HIT 3 1859746594911 433 14585367837548666210
HIT 3 1894106333279 441 17919829618054838942
HIT 3 2048725155935 477 3504904560796295820
HIT 3 1859746594909 433 11573460978077980732
HIT 3 1894106333277 441 7665252199591256868
HIT 3 2048725155933 477 17173214231032873599
HIT 3 1894108954719 441 6244803580501081039
HIT 3 2048727777375 477 17686786668671460840
HIT 3 2048728301663 477 13419199870369464700
HIT 3 1687929225313 393 17694408316586179755
HIT 3 1859727917153 433 13105285446091154572
HIT 3 1894087655521 441 17918414824797816132
HIT 3 2048706478177 477 7919063266893308993
HIT 3 1894108954717 441 9190764816674111776
HIT 3 2048727777373 477 13458453134006933124
HIT 3 2048728301661 477 18351619125637681888
HIT 3 1687929225314 393 8885809824341615980
HIT 3 1859727917154 433 185385426574743797
HIT 3 1894087655522 441 8663478608138674791
HIT 3 2048706478178 477 15750764874448594626
HIT 3 1859746594910 433 2548985588188606282
HIT 3 1894106333278 441 16886877781159414623
HIT 3 2048725155934 477 15983435087641298521
HIT 3 1894108954718 441 8766592615644759712
HIT 3 2048727777374 477 18265552524723002632
HIT 3 2048728301662 477 12053675949525769911
HIT 3 1687929225315 393 7404969842197152017
HIT 3 1859727917155 433 6523757573830778089
HIT 3 1894087655523 441 7752651617176560649
HIT 3 2048706478179 477 13463589683100587497
HIT 3 1859746594912 433 11585005251964643536
HIT 3 1894106333280 441 11303684194246931641
HIT 3 2048725155936 477 17694603951484439215
HIT 3 1894108954720 441 11726923504693165605
HIT 3 2048727777376 477 2261031159869560182
HIT 3 2048728301664 477 9726137726471360190
HIT 3 1687929225316 393 3646553164267093370
HIT 3 1859727917156 433 13659674373006784610
HIT 3 1894087655524 441 14655137828378544640
HIT 3 2048706478180 477 571936319495459997
HIT 3 1859746594913 433 12857820313265856846
HIT 3 1894106333281 441 12030746518388771428
HIT 3 2048725155937 477 15403819412270389027
HIT 3 1894108954721 441 8236953755856275132
HIT 3 2048727777377 477 9718841380446970109
HIT 3 2048728301665 477 13074942601017930878
HIT 3 1859746594914 433 15792099209169001346
HIT 3 1894106333282 441 2457919433384359464
HIT 3 2048725155938 477 12804137217115144812
HIT 3 1687929225317 393 16722062948481556010
HIT 3 1859727917157 433 17383263770043192866
HIT 3 1894087655525 441 2957733001325292385
HIT 3 2048706478181 477 14115158397676739978
HIT 3 1894108954722 441 4623717302771786995
HIT 3 2048727777378 477 8152452368314276144
HIT 3 2048728301666 477 14852538637469118330
HIT 3 1859746594915 433 13822958542889888241
HIT 3 1894106333283 441 3045690381348937558
HIT 3 2048725155939 477 16333468968807081945
HIT 3 1687929225318 393 12916732649588870107
HIT 3 1859727917158 433 2438434242187716656
HIT 3 1894087655526 441 12738161337659039786
HIT 3 2048706478182 477 6866097280818295965
HIT 3 1894108954723 441 4293884912101179958
HIT 3 2048727777379 477 1600421627790904010
HIT 3 2048728301667 477 16095809075165064509
HIT 3 1687929225319 393 17728702770491928966
HIT 3 1859727917159 433 3867463050664910083
HIT 3 1894087655527 441 17031797067189074230
HIT 3 2048706478183 477 13035485893251723239
HIT 3 1859746594916 433 1693555978321115172
HIT 3 1894106333284 441 17841080188568511888
HIT 3 2048725155940 477 7996651207075807682
HIT 3 1894108954724 441 7124225328998455721
HIT 3 2048727777380 477 1841697958518119029
HIT 3 2048728301668 477 241290411100850123
HIT 3 1687929094248 393 15880231753051542037
HIT 3 1859727786088 433 2314253945794667501
HIT 3 1894087524456 441 7858791791444623708
HIT 3 2048706347112 477 6455075124191247843
HIT 3 1687929225320 393 16972910480266023038
HIT 3 1859727917160 433 13120358850679068581
HIT 3 1894087655528 441 11537220683489182308
HIT 3 2048706478184 477 10537761585990137670
HIT 3 1859746594917 433 10821940634930962267
HIT 3 1894106333285 441 12073726523940680031
HIT 3 2048725155941 477 1865700387831319115
HIT 3 1894108954725 441 15679492485816816366
HIT 3 2048727777381 477 2269906846515205842
HIT 3 2048728301669 477 60376539480498332
HIT 3 1687929225321 393 15880231753051542037
HIT 3 1859727917161 433 2314253945794667501
HIT 3 1894087655529 441 7858791791444623708
HIT 3 2048706478185 477 6455075124191247843
HIT 3 1859746594918 433 16110549271472918274
HIT 3 1894106333286 441 5631185535707242475
HIT 3 2048725155942 477 9140906960793164112
HIT 3 1859746594919 433 3140642867663296424
HIT 3 1894106333287 441 5203956280336570243
HIT 3 2048725155943 477 16175342428222035979
HIT 3 1894108954727 441 316121408797224694
HIT 3 1894108954726 441 10516015616416449688
HIT 3 2048727777382 477 18196636708424307544
HIT 3 2048728301670 477 4391370602253658116
HIT 3 2048727777383 477 15014953072342131972
HIT 3 2048728301671 477 10987455402408268027
HIT 3 1687929225322 393 2961929020267262764
HIT 3 1859727917162 433 7013551183993227736
HIT 3 1894087655530 441 13397220835632983208
HIT 3 2048706478186 477 13481429048848598035
HIT 3 1687929225323 393 17983842348092100456
HIT 3 1859727917163 433 8888746554709729961
HIT 3 1894087655531 441 10455348802081016314
HIT 3 2048706478187 477 2727156785283139022
HIT 3 1687929356395 393 2961929020267262764
HIT 3 1859728048235 433 7013551183993227736
HIT 3 1894087786603 441 13397220835632983208
HIT 3 2048706609259 477 13481429048848598035
HIT 3 1859746594920 433 13026890450567791046
HIT 3 1894106333288 441 15013226462432243661
HIT 3 2048725155944 477 834203631876009506
HIT 3 1894108954728 441 2267967632730982795
HIT 3 2048727777384 477 10533984038482153073
HIT 3 2048728301672 477 11826070138616428658
HIT 3 1687929356396 393 1133827887712542698
HIT 3 1859728048236 433 4690762069324656045
HIT 3 1894087786604 441 16036105240439308701
HIT 3 2048706609260 477 13347006695708126470
HIT 3 1687929421932 393 16414316465157681266
HIT 3 1859728113772 433 12265144649807805719
HIT 3 1894087852140 441 294415585616842096
HIT 3 2048706674796 477 8828121812876131547
HIT 3 1687929487468 393 3248306758962271540
HIT 3 1859728179308 433 81071112839262405
HIT 3 1894087917676 441 13841187703528029675
HIT 3 2048706740332 477 9584674575836629710
HIT 3 1687929553004 393 5458512194304789467
HIT 3 1859728244844 433 8273149346673055457
HIT 3 1894087983212 441 18187345131851174384
HIT 3 2048706805868 477 16511884605965878941
HIT 3 1687929618540 393 7984529370865767996
HIT 3 1859728310380 433 18414284754872018545
HIT 3 1894088048748 441 11443326487059815185
HIT 3 2048706871404 477 9849661232991949806
HIT 3 1687929684076 393 16333436127913636797
HIT 3 1859728375916 433 7433090864202381551
HIT 3 1894088114284 441 3234598903342629674
HIT 3 2048706936940 477 17399316351536491805
HIT 3 1687929749612 393 741589159591935960
HIT 3 1859728441452 433 1680190632657376156
HIT 3 1894088179820 441 143264223662975480
HIT 3 2048707002476 477 1211126295112396196
HIT 3 1687929815148 393 18290907621578250038
HIT 3 1859728506988 433 1193652763481725957
HIT 3 1894088245356 441 1150999312991797433
HIT 3 2048707068012 477 17333980030356794321
HIT 3 1687929880684 393 12682923192929427634
HIT 3 1859728572524 433 1373401804061119767
HIT 3 1894088310892 441 3307570884224083109
HIT 3 2048707133548 477 8980152172682826766
HIT 3 1687929946220 393 2313722013577141015
HIT 3 1859728638060 433 3786561626726858195
HIT 3 1894088376428 441 15400483253192928558
HIT 3 2048707199084 477 12120767870384962337
HIT 3 1687930011756 393 215739218060564499
HIT 3 1859728703596 433 2267662657600612088
HIT 3 1894088441964 441 13909928510939530335
HIT 3 2048707264620 477 11811794832289509289
HIT 3 1687930077292 393 10136583991004495576
HIT 3 1859728769132 433 16012808225208156919
HIT 3 1894088507500 441 6788582287493000255
HIT 3 2048707330156 477 13520021148716075969
HIT 3 1687930142828 393 7088498290167037018
HIT 3 1859728834668 433 17006924193427014870
HIT 3 1894088573036 441 6326778962785228984
HIT 3 2048707395692 477 5122669771738623700
HIT 3 1687930208364 393 5570725757098447521
HIT 3 1859728900204 433 17399120967546717316
HIT 3 1894088638572 441 398196311531744579
HIT 3 2048707461228 477 4310781889963930105
HIT 3 1687930273900 393 3822896162853610767
HIT 3 1859728965740 433 14217939635982585942
HIT 3 1894088704108 441 4079106666602240167
HIT 3 2048707526764 477 1413881518910040220
HIT 3 1687930339436 393 10781601166135202952
HIT 3 1859729031276 433 308622487110652640
HIT 3 1894088769644 441 542220962281626480
HIT 3 2048707592300 477 17043350601995324099
HIT 3 1687930404972 393 5968165905029187519
HIT 3 1859729096812 433 3367345922222968055
HIT 3 1894088835180 441 6829566352978281966
HIT 3 2048707657836 477 18359966567792364753
HIT 3 1687930470508 393 7062081093712370683
HIT 3 1859729162348 433 13543066184115519668
HIT 3 1894088900716 441 3461126352996444258
HIT 3 2048707723372 477 824937403495242829
HIT 3 1687930536044 393 18416291486376138593
HIT 3 1859729227884 433 5289851331746357056
HIT 3 1894088966252 441 657534275168330892
HIT 3 2048707788908 477 9045935805007259349
HIT 3 1687930601580 393 13114785257622096783
HIT 3 1859729293420 433 2309722138939209231
HIT 3 1894089031788 441 10067209589101749120
HIT 3 2048707854444 477 6277899094459017236
HIT 3 1687930667116 393 897463184696812240
HIT 3 1859729358956 433 3657335864606400727
HIT 3 1894089097324 441 13978018280321117710
HIT 3 2048707919980 477 18296836393666395497
HIT 3 1687930732652 393 6107496673358879805
HIT 3 1859729424492 433 5360699101772420597
HIT 3 1894089162860 441 17369348793622934420
HIT 3 2048707985516 477 12598222410596522703
HIT 3 1687930798188 393 16433149691278205964
HIT 3 1859729490028 433 17872710689839473656
HIT 3 1894089228396 441 6832256628756913495
HIT 3 2048708051052 477 8516038373964280437
HIT 3 1687930863724 393 1714504347214870435
HIT 3 1859729555564 433 16088327657009718644
HIT 3 1894089293932 441 167267588344392219
HIT 3 2048708116588 477 15235747159884389283
HIT 3 1687930929260 393 2848828864674096605
HIT 3 1859729621100 433 15980732589897285976
HIT 3 1894089359468 441 9233556560404838636
HIT 3 2048708182124 477 9968762147493789837
HIT 3 1687930994796 393 8386730324729041073
HIT 3 1859729686636 433 9171162592689633115
HIT 3 1894089425004 441 1703264746011691405
HIT 3 2048708247660 477 12712241488438274208
HIT 3 1687931060332 393 8943862897410559047
HIT 3 1859729752172 433 17654352226804703422
HIT 3 1894089490540 441 1297345730977743820
HIT 3 2048708313196 477 403220676895461568
HIT 3 1687931125868 393 8213097553235617954
HIT 3 1859729817708 433 12245959550495978634
HIT 3 1894089556076 441 17035477245503647522
HIT 3 2048708378732 477 10915770573550173694
HIT 3 1687931191404 393 12109251463820766850
HIT 3 1859729883244 433 8179900256455722485
HIT 3 1894089621612 441 9664362399267744221
HIT 3 2048708444268 477 10033832433820328207
HIT 3 1687931256940 393 1116381390291689396
HIT 3 1859729948780 433 17829869497339608475
HIT 3 1894089687148 441 13834639196331318053
HIT 3 2048708509804 477 8492805163567017072
HIT 3 1687931322476 393 7744051365870843978
HIT 3 1859730014316 433 12893023741260251413
HIT 3 1894089752684 441 17120125731394175308
HIT 3 2048708575340 477 14620829013285637451
HIT 3 1687931388012 393 11465701760385193193
HIT 3 1859730079852 433 4104641771425970810
HIT 3 1894089818220 441 12511528206833849785
HIT 3 2048708640876 477 6546931193749022886
HIT 3 1687931453548 393 9384985463380206712
HIT 3 1859730145388 433 14824614567790199230
HIT 3 1894089883756 441 9628210007380917275
HIT 3 2048708706412 477 15659186762486944688
HIT 3 1687931519084 393 6913223373975770824
HIT 3 1859730210924 433 17558254538470853092
HIT 3 1894089949292 441 4375179572808982655
HIT 3 2048708771948 477 12055875694295531450
HIT 3 1687931584620 393 5540687570553167241
HIT 3 1859730276460 433 5461258580904564375
HIT 3 1894090014828 441 5751027442614425029
HIT 3 2048708837484 477 17261826580689519270
HIT 3 1687931650156 393 2574647071537497378
HIT 3 1859730341996 433 13993812735053452288
HIT 3 1894090080364 441 11765549401928517340
HIT 3 2048708903020 477 9828756686618845075
HIT 3 1687931715692 393 11067157334171898304
HIT 3 1859730407532 433 15024098110630681848
HIT 3 1894090145900 441 9084874481797002857
HIT 3 2048708968556 477 5902468538839288617
HIT 3 1687931781228 393 1412882053241152450
HIT 3 1859730473068 433 7369467524020659775
HIT 3 1894090211436 441 4344006169293167662
HIT 3 2048709034092 477 10647375918421832511
HIT 3 1687931846764 393 18248020024577264910
HIT 3 1859730538604 433 18186080009182232383
HIT 3 1894090276972 441 10159970574972564450
HIT 3 2048709099628 477 17328254562007436500
HIT 3 1687931912300 393 4774328594234846576
HIT 3 1859730604140 433 7960121717628055902
HIT 3 1894090342508 441 9546953435085071808
HIT 3 2048709165164 477 1133298246335784889
HIT 3 1687931977836 393 15493748421539637690
HIT 3 1859730669676 433 16221165252719802702
HIT 3 1894090408044 441 13594983390584347281
HIT 3 2048709230700 477 3329084342188062127
HIT 3 1687932043372 393 17093194057104659416
HIT 3 1859730735212 433 9072447830020944568
HIT 3 1894090473580 441 2418655253678469781
HIT 3 2048709296236 477 11324475896622265074
HIT 3 1687932108908 393 2950760972594838970
HIT 3 1859730800748 433 6865924407211296382
HIT 3 1894090539116 441 5344232205673117794
HIT 3 2048709361772 477 9243536575304024211
HIT 3 1687932174444 393 15046235880302062104
HIT 3 1859730866284 433 14619534461753983248
HIT 3 1894090604652 441 7085234236381774372
HIT 3 2048709427308 477 4799763760109534733
HIT 3 1687932239980 393 7111746984185165818
HIT 3 1859730931820 433 2501873009346452666
HIT 3 1894090670188 441 1074523230708416402
HIT 3 2048709492844 477 1846619752218308498
HIT 3 1687932305516 393 1866783168997888725
HIT 3 1859730997356 433 5396052286741156580
HIT 3 1894090735724 441 10902456291047617037
HIT 3 2048709558380 477 17383756987627508559
HIT 3 1687932371052 393 3531514206757694857
HIT 3 1859731062892 433 16781175137408816478
HIT 3 1894090801260 441 14030410723463549096
HIT 3 2048709623916 477 7049191232338997788
HIT 3 1687932436588 393 9250587060659954385
HIT 3 1859731128428 433 4554452118550223771
HIT 3 1894090866796 441 6641160688454848101
HIT 3 2048709689452 477 7061458783005066941
HIT 3 1687932502124 393 16539061567354534785
HIT 3 1859731193964 433 17830404539388158421
HIT 3 1894090932332 441 16633600332209014416
HIT 3 2048709754988 477 8975308789222749791
HIT 3 1687932567660 393 8183316327011435322
HIT 3 1859731259500 433 2421599764224854269
HIT 3 1894090997868 441 15952890443162964929
HIT 3 2048709820524 477 7251620836547932259
HIT 3 1687932633196 393 487320672228839937
HIT 3 1859731325036 433 4062710184436315033
HIT 3 1894091063404 441 7375159657206749809
HIT 3 2048709886060 477 18265018383142112304
HIT 3 1687932698732 393 111901198133037242
HIT 3 1859731390572 433 16420281327699874143
HIT 3 1894091128940 441 13852102984547434283
HIT 3 2048709951596 477 10700023091133272084
HIT 3 1687932764268 393 14466339048935701395
HIT 3 1859731456108 433 15792934696213737392
HIT 3 1894091194476 441 308249817929801882
HIT 3 2048710017132 477 7302509488280953242
HIT 3 1687932829804 393 6981822868152432797
HIT 3 1859731521644 433 10904725314994522901
HIT 3 1894091260012 441 13997092721468656567
HIT 3 2048710082668 477 16218361852904433383
HIT 3 1687932895340 393 15614823715659150101
HIT 3 1859731587180 433 16951133180903497580
HIT 3 1894091325548 441 11584301573016522253
HIT 3 2048710148204 477 16672902188236390879
HIT 3 1687932960876 393 2449192747942936657
HIT 3 1859731652716 433 13717625123289189771
HIT 3 1894091391084 441 202162094756750007
HIT 3 2048710213740 477 11808560516879220738
HIT 3 1687933026412 393 8047309292503793641
HIT 3 1859731718252 433 8399892115484743494
HIT 3 1894091456620 441 17306121656557942130
HIT 3 2048710279276 477 13753245631134767870
HIT 3 1687933091948 393 2387396327945541937
HIT 3 1859731783788 433 7363799897480996438
HIT 3 1894091522156 441 10806261673676834796
HIT 3 2048710344812 477 6688707873021144697
HIT 3 1687933157484 393 10759217928477301906
HIT 3 1859731849324 433 4976981595756859768
HIT 3 1894091587692 441 1725969974973689893
HIT 3 2048710410348 477 10752641986152244923
HIT 3 1687933223020 393 14263842795934866004
HIT 3 1859731914860 433 9411284957015605129
HIT 3 1894091653228 441 13628873771888521573
HIT 3 2048710475884 477 1786292468682659823
HIT 3 1687933288556 393 9128939271803227127
HIT 3 1859731980396 433 5230276366115572501
HIT 3 1894091718764 441 16778090739021264589
HIT 3 2048710541420 477 3208371482317672165
HIT 3 1687933354092 393 1520398545142571259
HIT 3 1859732045932 433 8721204410589737907
HIT 3 1894091784300 441 8365751397106454901
HIT 3 2048710606956 477 13297681843937428061
HIT 3 1687933419628 393 2562698910127613647
HIT 3 1859732111468 433 2277383617500638317
HIT 3 1894091849836 441 15093706145766074715
HIT 3 2048710672492 477 8636340775391673566
HIT 3 1687933485164 393 5776330317778749702
HIT 3 1859732177004 433 14978790375087775766
HIT 3 1894091915372 441 1595175973095640747
HIT 3 2048710738028 477 4500528499616493970
HIT 3 1687933550700 393 17593678158881628128
HIT 3 1859732242540 433 12089569499125844296
HIT 3 1894091980908 441 14509503187636469822
HIT 3 2048710803564 477 7225509980068172384
HIT 3 1687933616236 393 17332888140283369066
HIT 3 1859732308076 433 9709600626459788914
HIT 3 1894092046444 441 11594123874288333160
HIT 3 2048710869100 477 12839866610284292194
HIT 3 1687933681772 393 10436837617508425080
HIT 3 1859732373612 433 9215127720487686152
HIT 3 1894092111980 441 8045845680200197009
HIT 3 2048710934636 477 4356201356008501882
HIT 3 1687933747308 393 11038499292655439581
HIT 3 1859732439148 433 5801426313781487649
HIT 3 1894092177516 441 1048453510296881087
HIT 3 2048711000172 477 11382699936306181722
HIT 3 1687933812844 393 11180570490227615434
HIT 3 1859732504684 433 16673094461910218242
HIT 3 1894092243052 441 16106517208189004300
HIT 3 2048711065708 477 15297568397522412030
HIT 3 1687933878380 393 16400660316343461501
HIT 3 1859732570220 433 6247257684276321311
HIT 3 1894092308588 441 18291520439707826060
HIT 3 2048711131244 477 11531851546467649095
HIT 3 1687933943916 393 6100575696649259105
HIT 3 1859732635756 433 17541329578760449050
HIT 3 1894092374124 441 16644448849647644004
HIT 3 2048711196780 477 17837343406512288420
HIT 3 1687934009452 393 3288995503144458452
HIT 3 1859732701292 433 11392934717827763476
HIT 3 1894092439660 441 8304501932215264281
HIT 3 2048711262316 477 8232584987750198576
HIT 3 1687934074988 393 1521133541025848586
HIT 3 1859732766828 433 2912782970360966118
HIT 3 1894092505196 441 13440059432425847237
HIT 3 2048711327852 477 4844805482333513799
HIT 3 1687934140524 393 4138850466041770798
HIT 3 1859732832364 433 14632356454284092397
HIT 3 1894092570732 441 10050226241173634342
HIT 3 2048711393388 477 17810361244096859488
HIT 3 1687934206060 393 11523856990934749712
HIT 3 1859732897900 433 6516816570967458786
HIT 3 1894092636268 441 8468487779156134193
HIT 3 2048711458924 477 18187995430996083101
HIT 3 1687934271596 393 4063612243968950716
HIT 3 1859732963436 433 5418486630040006380
HIT 3 1894092701804 441 1688235507180680135
HIT 3 2048711524460 477 14574203411261901666
HIT 3 1687934337132 393 3784602329334115256
HIT 3 1859733028972 433 15925490962755325924
HIT 3 1894092767340 441 18259561816647780014
HIT 3 2048711589996 477 10597165900973786830
HIT 3 1687934402668 393 13620875462326566520
HIT 3 1859733094508 433 14590419803408669905
HIT 3 1894092832876 441 14569837267500558955
HIT 3 2048711655532 477 3394944522306863232
HIT 3 1687934468204 393 16438810337036099722
HIT 3 1859733160044 433 15773145609603850945
HIT 3 1894092898412 441 1426168099525148469
HIT 3 2048711721068 477 10984014567505522787
HIT 3 1687934533740 393 14238135460815999865
HIT 3 1859733225580 433 9239384812214447739
HIT 3 1894092963948 441 1262744922304530252
HIT 3 2048711786604 477 14310599021937366500
HIT 3 1687934599276 393 13984875678662309458
HIT 3 1859733291116 433 6605293057459134216
HIT 3 1894093029484 441 7478783064643217819
HIT 3 2048711852140 477 7903801918227822421
HIT 3 1687934664812 393 5502741130348308650
HIT 3 1859733356652 433 14695034911676714236
HIT 3 1894093095020 441 438873817716839426
HIT 3 2048711917676 477 6259618898873848923
HIT 3 1687934730348 393 14617062496731833899
HIT 3 1859733422188 433 3963478005074431885
HIT 3 1894093160556 441 1781250390614770003
HIT 3 2048711983212 477 14620080609725592501
HIT 3 1687934795884 393 3164706776384747221
HIT 3 1859733487724 433 16496876685371624092
HIT 3 1894093226092 441 16877133716350862786
HIT 3 2048712048748 477 5885330079091982450
HIT 3 1687934861420 393 14512028711871429603
HIT 3 1859733553260 433 10018829403514816458
HIT 3 1894093291628 441 4168708660452634046
HIT 3 2048712114284 477 8574632596335358320
HIT 3 1687934926956 393 14900716033066351482
HIT 3 1859733618796 433 15878017158095734329
HIT 3 1894093357164 441 7420847749332647791
HIT 3 2048712179820 477 13808008500300880840
HIT 3 1687934992492 393 13059150888229059207
HIT 3 1859733684332 433 17985005002790983344
HIT 3 1894093422700 441 17271596952903059161
HIT 3 2048712245356 477 13783757464774488926
HIT 3 1687935058028 393 1326005495485529758
HIT 3 1859733749868 433 6335956905625376246
HIT 3 1894093488236 441 16086550989795467504
HIT 3 2048712310892 477 3273151731973502166
HIT 3 1687935123564 393 10817038717124806815
HIT 3 1859733815404 433 11175054416811697365
HIT 3 1894093553772 441 2722905035577539691
HIT 3 2048712376428 477 7164768230556248440
HIT 3 1687935189100 393 18069244125737841972
HIT 3 1859733880940 433 5765426342446254682
HIT 3 1894093619308 441 5077519643305357022
HIT 3 2048712441964 477 12462274913823477575
HIT 3 1687935254636 393 8686007335684128661
HIT 3 1859733946476 433 10769826072459895008
HIT 3 1894093684844 441 16258598345192700976
HIT 3 2048712507500 477 7946106922778813373
HIT 3 1687935320172 393 13472812766701068694
HIT 3 1859734012012 433 12309422241576640821
HIT 3 1894093750380 441 2144998855806995279
HIT 3 2048712573036 477 7641491874463932699
HIT 3 1687935385708 393 17479439122649085962
HIT 3 1859734077548 433 3457754228103335776
HIT 3 1894093815916 441 12373646601127620308
HIT 3 2048712638572 477 1461677961761470441
HIT 3 1687935451244 393 6056213378949893812
HIT 3 1859734143084 433 1895067267188649122
HIT 3 1894093881452 441 8452356903077794027
HIT 3 2048712704108 477 15896889113118653403
HIT 3 1687935516780 393 3634772241071276478
HIT 3 1859734208620 433 13288498463838560297
HIT 3 1894093946988 441 14063956154241300880
HIT 3 2048712769644 477 16574108289940309396
HIT 3 1687935582316 393 8205061372350208916
HIT 3 1859734274156 433 3518059611362772716
HIT 3 1894094012524 441 13285103457816674822
HIT 3 2048712835180 477 2242669747688496440
HIT 3 1687935647852 393 2931449448429316136
HIT 3 1859734339692 433 17333955922180459195
HIT 3 1894094078060 441 3310332520927623445
HIT 3 2048712900716 477 1372984258625872067
HIT 3 1687935713388 393 17087518873329814436
HIT 3 1859734405228 433 472501303351272024
HIT 3 1894094143596 441 8782746266010587937
HIT 3 2048712966252 477 16279706686526489455
HIT 3 1687935778924 393 17216390064988772561
HIT 3 1859734470764 433 7846215185100250164
HIT 3 1894094209132 441 10837182731638299622
HIT 3 2048713031788 477 7191894760855697654
HIT 3 1687935844460 393 12282300054137529538
HIT 3 1859734536300 433 17933443749406803727
HIT 3 1894094274668 441 6229328758970411770
HIT 3 2048713097324 477 164839363570242087
HIT 3 1687935909996 393 8827894003019892396
HIT 3 1859734601836 433 10957396254853381218
HIT 3 1894094340204 441 13463166490240329342
HIT 3 2048713162860 477 4935048563458788625
HIT 3 1687935975532 393 7763298306353074721
HIT 3 1859734667372 433 3815437338092343502
HIT 3 1894094405740 441 6131244341385380283
HIT 3 2048713228396 477 11689768366605435667
HIT 3 1687936041068 393 16318260866338195770
HIT 3 1859734732908 433 7568449264850988709
HIT 3 1894094471276 441 1171164266833880632
HIT 3 2048713293932 477 868613368896329061
HIT 3 1687936106604 393 17151461018235815772
HIT 3 1859734798444 433 10333387190874534285
HIT 3 1894094536812 441 13485323350485659699
HIT 3 2048713359468 477 8156372755148692072
HIT 3 1687936172140 393 16347137482225123918
HIT 3 1859734863980 433 1461950898509847061
HIT 3 1894094602348 441 5052332595115436790
HIT 3 2048713425004 477 7558087723508021688
HIT 3 1687936237676 393 16551321315083755692
HIT 3 1859734929516 433 17309326325014632249
HIT 3 1894094667884 441 2450281919656965530
HIT 3 2048713490540 477 12403735861051239103
HIT 3 1687936303212 393 11959969911373745252
HIT 3 1859734995052 433 10091680810023409439
HIT 3 1894094733420 441 9459405712930006528
HIT 3 2048713556076 477 9047227897635218630
HIT 3 1687936368748 393 15311081048785890735
HIT 3 1859735060588 433 17014580693267513445
HIT 3 1894094798956 441 8637807194150700240
HIT 3 2048713621612 477 5181921623701773437
HIT 3 1687936434284 393 3635634985842565428
HIT 3 1859735126124 433 5291073695756862652
HIT 3 1894094864492 441 12527591137656845995
HIT 3 2048713687148 477 14649302470739456090
HIT 3 1687936499820 393 3386603777639714343
HIT 3 1859735191660 433 14342163467563596095
HIT 3 1894094930028 441 9310737087596504112
HIT 3 2048713752684 477 2980136898461930042
HIT 3 1687936565356 393 18323344337134967964
HIT 3 1859735257196 433 3940677190732550142
HIT 3 1894094995564 441 7438156743406088727
HIT 3 2048713818220 477 627655202280814056
HIT 3 1687936630892 393 10299355974721681576
HIT 3 1859735322732 433 7270754610679096489
HIT 3 1894095061100 441 334399322227082448
HIT 3 2048713883756 477 17375969165629864084
HIT 3 1687936696428 393 8761598404054181050
HIT 3 1859735388268 433 3204085986356367257
HIT 3 1894095126636 441 2185389486624211936
HIT 3 2048713949292 477 12777645455944984701
HIT 3 1687936761964 393 7846351888547677687
HIT 3 1859735453804 433 14902304131490590546
HIT 3 1894095192172 441 9393998317839079993
HIT 3 2048714014828 477 17116987107979206340
HIT 3 1687936827500 393 17811435201344206126
HIT 3 1859735519340 433 3705411741431133740
HIT 3 1894095257708 441 16557743593173341036
HIT 3 2048714080364 477 6763246254958940673
HIT 3 1687936893036 393 959864668989516465
HIT 3 1859735584876 433 9031206777073438947
HIT 3 1894095323244 441 14838148184514295533
HIT 3 2048714145900 477 4282224010804317693
HIT 3 1687936958572 393 13894401767747590145
HIT 3 1859735650412 433 10251269859671471830
HIT 3 1894095388780 441 16239793658471822550
HIT 3 2048714211436 477 13652352787829714181
HIT 3 1687937024108 393 8712241621773013597
HIT 3 1859735715948 433 7630872779829692583
HIT 3 1894095454316 441 17814296507166937986
HIT 3 2048714276972 477 15982457375094249395
HIT 3 1687937089644 393 10053660770930059558
HIT 3 1859735781484 433 1755718877623572602
HIT 3 1894095519852 441 4960028449626312747
HIT 3 2048714342508 477 6936061394112344997
HIT 3 1687937155180 393 572743856932371875
HIT 3 1859735847020 433 1985161167067879426
HIT 3 1894095585388 441 14691007681220430577
HIT 3 2048714408044 477 8249132400417316254
HIT 3 1687937220716 393 9675578689154012109
HIT 3 1859735912556 433 4749750584864914544
HIT 3 1894095650924 441 8672289748115350678
HIT 3 2048714473580 477 10747963110116422500
HIT 3 1859746594921 433 15423860462108574841
HIT 3 1894106333289 441 5164829462235236696
HIT 3 2048725155945 477 4340243643656331480
HIT 3 1859746463850 433 14439301911857142829
HIT 3 1894106202218 441 5818911348809371188
HIT 3 2048725024874 477 1064427709068822171
HIT 3 1696537772138 395 17983842348092100456
HIT 3 1859746529386 433 4325661948327023084
HIT 3 1894106267754 441 16111274805984257832
HIT 3 2048725090410 477 13121239786051826682
HIT 3 1687937286252 393 11865095328811494296
HIT 3 1859735978092 433 7617156922297760972
HIT 3 1894095716460 441 14665238125327546856
HIT 3 2048714539116 477 12759526448873921526
HIT 3 1687937351788 393 16740583271277973927
HIT 3 1859736043628 433 6117539602820551212
HIT 3 1894095781996 441 1463338773641346243
HIT 3 2048714604652 477 8909154392955004756
HIT 3 1687937417324 393 2613971793449758975
HIT 3 1859736109164 433 17114658697609528621
HIT 3 1894095847532 441 4504709682522293695
HIT 3 2048714670188 477 2743914020307931696
HIT 3 1687937482860 393 1338127039077080207
HIT 3 1859736174700 433 10841289543372407017
HIT 3 1894095913068 441 17637863690964889186
HIT 3 2048714735724 477 18176885922834858194
HIT 3 1687937548396 393 12785205255871230570
HIT 3 1859736240236 433 4074409296469069699
HIT 3 1894095978604 441 8033466176147274606
HIT 3 2048714801260 477 8973530895941952465
HIT 3 1687937613932 393 975646575870668552
HIT 3 1859736305772 433 5888463006348455885
HIT 3 1894096044140 441 7114733748444357636
HIT 3 2048714866796 477 12333568534741666856
HIT 3 1687937679468 393 8215365706234596615
HIT 3 1859736371308 433 13236286942740751509
HIT 3 1894096109676 441 16826820267002913366
HIT 3 2048714932332 477 1596763409320726416
HIT 3 1687937745004 393 6637832958779566610
HIT 3 1859736436844 433 17961984442785901827
HIT 3 1894096175212 441 6101359893433907967
HIT 3 2048714997868 477 15175402799462431292
HIT 3 1687937810540 393 4313530903559621021
HIT 3 1859736502380 433 15485092864995642330
HIT 3 1894096240748 441 4184031034106594308
HIT 3 2048715063404 477 342025231950271733
HIT 3 1687937876076 393 5140029316612664595
HIT 3 1859736567916 433 4482132685844887424
HIT 3 1894096306284 441 11490048880456096827
HIT 3 2048715128940 477 3206290583841939864
HIT 3 1687937941612 393 16341672430053784364
HIT 3 1859736633452 433 344947013151288286
HIT 3 1894096371820 441 6585458031555085415
HIT 3 2048715194476 477 9798833739861243141
HIT 3 1687938007148 393 8749739757380173243
HIT 3 1859736698988 433 3860501338229173418
HIT 3 1894096437356 441 12374737825936645105
HIT 3 2048715260012 477 1902925019601465624
HIT 3 1687938072684 393 70139237939997270
HIT 3 1859736764524 433 6512223675744727484
HIT 3 1894096502892 441 5741905584030904818
HIT 3 2048715325548 477 7877244089793076324
HIT 3 1687938138220 393 5177259139416532616
HIT 3 1859736830060 433 4645385715591390373
HIT 3 1894096568428 441 16544579097268479620
HIT 3 2048715391084 477 26436447345285438
HIT 3 1859746594923 433 2574342356808790859
HIT 3 1894106333291 441 861264493055619061
HIT 3 2048725155947 477 67945351506136762
HIT 3 1687938203756 393 2026616288326003070
HIT 3 1859736895596 433 3864556927899990685
HIT 3 1894096633964 441 17902685923118630014
HIT 3 2048715456620 477 7254881467806919165
HIT 3 1687938269292 393 7854265195613455874
HIT 3 1859736961132 433 12114972288225047925
HIT 3 1894096699500 441 3368299511478141657
HIT 3 2048715522156 477 14637624540445553605
HIT 3 1687938334828 393 15810966479025876201
HIT 3 1859737026668 433 17266149978067279259
HIT 3 1894096765036 441 7777485972206161858
HIT 3 2048715587692 477 1060581289957413992
HIT 3 1851156660330 431 7581116184277543943
HIT 3 1855451627626 432 10867437523247630277
HIT 3 1859746594922 433 3590817051338029221
HIT 3 1868336529514 435 14048081113383583148
HIT 3 1885516398698 439 5360726279796888197
HIT 3 1889811365994 440 7496670930452018317
HIT 3 1894106333290 441 1763144195868280193
HIT 3 1902696267882 443 18153646558141863917
HIT 3 2040135221354 475 1089459011254310683
HIT 3 2044430188650 476 10709206683647365292
HIT 3 2048725155946 477 6902833052560069071
HIT 3 2057315090538 479 7032472183615120599
HIT 3 1859746725994 433 8180910219123966226
HIT 3 1894106464362 441 10962969857231439629
HIT 3 2048725287018 477 11497047068196539050
HIT 3 1894108823658 441 18361436741364151657
HIT 3 2048727646314 477 5200436781137608059
HIT 3 1868339085418 435 8888746554709729961
HIT 3 1894108889194 441 8006106809802094266
HIT 3 2048727711850 477 3220603904416838350
HIT 3 1885519020138 439 13831665701149233224
HIT 3 1889813987434 440 9362922216450745739
HIT 3 1894108954730 441 12270205064742194670
HIT 3 1902698889322 443 17708754837700690652
HIT 3 2040137842794 475 7920442749909918523
HIT 3 2044432810090 476 12683537992589963691
HIT 3 2048727777386 477 8317666958818453159
HIT 3 2057317711978 479 7142268990631286338
HIT 3 1894109085802 441 15303831126403664664
HIT 3 2048727908458 477 17894634077751804529
HIT 3 2048728170602 477 5164417102524051469
HIT 3 1902699348074 443 10455348802081016314
HIT 3 2048728236138 477 14229521800322586539
HIT 3 2040138367082 475 8931441244561681134
HIT 3 2044433334378 476 14839941729768890248
HIT 3 2048728301674 477 13467288030687368134
HIT 3 2057318236266 479 3660310673102300152
HIT 3 2048728432746 477 10333799145784234337
HIT 3 1894108954729 441 8433159965175513506
HIT 3 2048727777385 477 10117594587464036569
HIT 3 2048728301673 477 54196738903584986
HIT 3 2057320530026 479 2727156785283139022
HIT 3 1894108954731 441 14452570279164485
HIT 3 2048727777387 477 6880741473165722769
HIT 3 2048728301675 477 2550465346554228264
HIT 3 1679339421805 391 830505943127050372
HIT 3 1683634389101 392 3231543214693789348
HIT 3 1687929356397 393 8565940306272373790
HIT 3 1696519290989 395 15880640973796267660
HIT 3 1851138113645 431 11642519913809443010
HIT 3 1855433080941 432 3491799755094299559
HIT 3 1859728048237 433 17748269681528328675
HIT 3 1868317982829 435 5699449113910837937
HIT 3 1885497852013 439 7460393531536721219
HIT 3 1889792819309 440 4447956701146095396
HIT 3 1894087786605 441 3545679251293329827
HIT 3 1902677721197 443 3015682197040328964
HIT 3 2040116674669 475 11418505388807387099
HIT 3 2044411641965 476 4342084506817352968
HIT 3 2048706609261 477 556407194694338568
HIT 3 2057296543853 479 10317103797504050428
HIT 3 481043611757 112 12919489740225108145
HIT 3 1687929421933 393 5458512194304789467
HIT 3 1859728113773 433 8273149346673055457
HIT 3 1894087852141 441 18187345131851174384
HIT 3 2048706674797 477 16511884605965878941
HIT 3 1687929487469 393 1133827887712542698
HIT 3 1859728179309 433 4690762069324656045
HIT 3 1894087917677 441 16036105240439308701
HIT 3 2048706740333 477 13347006695708126470
HIT 3 1687938400364 393 17366146042006602363
HIT 3 1859737092204 433 9424924349424934288
HIT 3 1894096830572 441 13259329389128800216
HIT 3 2048715653228 477 11248293948156527869
HIT 3 1687938465900 393 13054658748461344015
HIT 3 1859737157740 433 10717453068053207734
HIT 3 1894096896108 441 5261990227004722528
HIT 3 2048715718764 477 17191434269696182340
HIT 3 1687938531436 393 1935194953499729183
HIT 3 1859737223276 433 16705888037247940561
HIT 3 1894096961644 441 4852307332964156372
HIT 3 2048715784300 477 7345514025102413603
HIT 3 1687938596972 393 14544869326988525037
HIT 3 1859737288812 433 11669307733405098201
HIT 3 1894097027180 441 1201157677115187648
HIT 3 2048715849836 477 14174961256900001979
HIT 3 1687938662508 393 7680593423429671903
HIT 3 1859737354348 433 10044410210231847604
HIT 3 1894097092716 441 6351978956487254388
HIT 3 2048715915372 477 13067502015174496871
HIT 3 1687938728044 393 14995451004079224537
HIT 3 1859737419884 433 14751040603761872306
HIT 3 1894097158252 441 14474320689412544510
HIT 3 2048715980908 477 10327499735676979921
HIT 3 1687938793580 393 10919164888238038759
HIT 3 1859737485420 433 7718479544048014368
HIT 3 1894097223788 441 4118188019396024471
HIT 3 2048716046444 477 17574737448744936545
HIT 3 1687938859116 393 11748901437858220645
HIT 3 1859737550956 433 18086736206947727611
HIT 3 1894097289324 441 11496460975530099018
HIT 3 2048716111980 477 8375002515926568396
HIT 3 1687938924652 393 9439060682071224965
HIT 3 1859737616492 433 18020893498384948056
HIT 3 1894097354860 441 11466191545060582093
HIT 3 2048716177516 477 3536585733591872150
HIT 3 1687938990188 393 14205421963868688920
HIT 3 1859737682028 433 17346370395807187829
HIT 3 1894097420396 441 10256613201014983381
HIT 3 2048716243052 477 2870881462155749486
HIT 3 1687939055724 393 7865997810731703006
HIT 3 1859737747564 433 11522558286448365953
HIT 3 1894097485932 441 14103851362435721449
HIT 3 2048716308588 477 9578870375922714991
HIT 3 1687939121260 393 15773700346102093700
HIT 3 1859737813100 433 16800974431231714908
HIT 3 1894097551468 441 7677978538331305197
HIT 3 2048716374124 477 6923903914558639940
HIT 3 1687939186796 393 17763352809966229406
HIT 3 1859737878636 433 8717435262330138230
HIT 3 1894097617004 441 12928657734933473619
HIT 3 2048716439660 477 16274412140887608567
HIT 3 1687939252332 393 15919529329229869930
HIT 3 1859737944172 433 16932343556940859411
HIT 3 1894097682540 441 4123663103188662131
HIT 3 2048716505196 477 14243959699992736359
HIT 3 1687939317868 393 8411820040755847770
HIT 3 1859738009708 433 7452911534734578462
HIT 3 1894097748076 441 4473597494103910108
HIT 3 2048716570732 477 16666689834223561551
HIT 3 1687939383404 393 10057358182753622247
HIT 3 1859738075244 433 13625664172494436210
HIT 3 1894097813612 441 7895628994318180858
HIT 3 2048716636268 477 16931675861927462429
HIT 3 1687939448940 393 6894505306178011149
HIT 3 1859738140780 433 5360374469806158726
HIT 3 1894097879148 441 8711264464092226449
HIT 3 2048716701804 477 12917899290122525024
HIT 3 1687939514476 393 7201036164585482134
HIT 3 1859738206316 433 10910906020946429391
HIT 3 1894097944684 441 222688088060490553
HIT 3 2048716767340 477 3049305885317289854
HIT 3 1687939580012 393 1985027605072808548
HIT 3 1859738271852 433 13301373591171660711
HIT 3 1894098010220 441 13480658755490497213
HIT 3 2048716832876 477 13357740121104067884
HIT 3 1687939645548 393 2782698931103511837
HIT 3 1859738337388 433 4903182095969232069
HIT 3 1894098075756 441 3457743307978018364
HIT 3 2048716898412 477 8772019165649875693
HIT 3 1687929487471 393 5077867839648976757
HIT 3 1859728179311 433 17358807030606814530
HIT 3 1894087917679 441 9951943156643540204
HIT 3 2048706740335 477 17783406325376572009
HIT 3 1687939711084 393 1289476599112160222
HIT 3 1859738402924 433 1371645041018747613
HIT 3 1894098141292 441 16490924442896816795
HIT 3 2048716963948 477 3481777959628076849
HIT 3 1687939776620 393 117167277435990468
HIT 3 1859738468460 433 9055050126076980609
HIT 3 1894098206828 441 5795693462223910829
HIT 3 2048717029484 477 2423053819214751152
HIT 3 1687939842156 393 12924360310057636516
HIT 3 1859738533996 433 15004922137222131726
HIT 3 1894098272364 441 10793787580361081761
HIT 3 2048717095020 477 6068297158074045827
HIT 3 1687939907692 393 9414923702730747183
HIT 3 1859738599532 433 8990164055352666950
HIT 3 1894098337900 441 13218879118769597053
HIT 3 2048717160556 477 14441956504387367473
HIT 3 1687939973228 393 5964556805176867677
HIT 3 1859738665068 433 9366110419504030658
HIT 3 1894098403436 441 16720413547881429578
HIT 3 2048717226092 477 7056524614456448202
HIT 3 1687940038764 393 8919979486619811867
HIT 3 1859738730604 433 2816818530186236170
HIT 3 1894098468972 441 4633636200300439391
HIT 3 2048717291628 477 16502574993781754522
HIT 3 1687940104300 393 6644323938653386712
HIT 3 1859738796140 433 6798066318428503071
HIT 3 1894098534508 441 9348844837431958085
HIT 3 2048717357164 477 7729917380752273536
HIT 3 1687940169836 393 6402026437842458832
HIT 3 1859738861676 433 5826921068812535843
HIT 3 1894098600044 441 17890623396507683485
HIT 3 2048717422700 477 14921910336718085776
HIT 3 1687940235372 393 8252999156718762470
HIT 3 1859738927212 433 18063690850853425738
HIT 3 1894098665580 441 10685830444453538211
HIT 3 2048717488236 477 9462151749007998880
HIT 3 1687940300908 393 14999081765394722200
HIT 3 1859738992748 433 10228404262264212645
HIT 3 1894098731116 441 15289981540149370827
HIT 3 2048717553772 477 5985862908747404014
HIT 3 1687940366444 393 14593930719058688221
HIT 3 1859739058284 433 15881292867391833420
HIT 3 1894098796652 441 17825439412126333991
HIT 3 2048717619308 477 7437803047930886712
HIT 3 1687940431980 393 9535865187612798209
HIT 3 1859739123820 433 12976434929720294319
HIT 3 1894098862188 441 2583812433151433226
HIT 3 2048717684844 477 4168996747436256633
HIT 3 1687940497516 393 6375052365769196416
HIT 3 1859739189356 433 14782316505339204701
HIT 3 1894098927724 441 13827229209175297110
HIT 3 2048717750380 477 5543929078556562421
HIT 3 1687940563052 393 10540202973128402512
HIT 3 1859739254892 433 10502722765835242257
HIT 3 1894098993260 441 858743730784625089
HIT 3 2048717815916 477 9403477788446686322
HIT 3 1687940628588 393 15085387646238797746
HIT 3 1859739320428 433 3201319925328555147
HIT 3 1894099058796 441 13173414797284706472
HIT 3 2048717881452 477 5216935831831378589
HIT 3 1687940694124 393 16256063985397625726
HIT 3 1859739385964 433 9578265981919855808
HIT 3 1894099124332 441 2839009946243777519
HIT 3 2048717946988 477 4080583479367703448
HIT 3 1687940759660 393 5096845979437527407
HIT 3 1859739451500 433 14483793288058698557
HIT 3 1894099189868 441 8564633799661079757
HIT 3 2048718012524 477 11530126380851039963
HIT 3 1687940825196 393 258905577763716761
HIT 3 1859739517036 433 6214792189809794025
HIT 3 1894099255404 441 2501210078915729067
HIT 3 2048718078060 477 7887189734225271126
HIT 3 1687940890732 393 17209934057829395013
HIT 3 1859739582572 433 13779493994105089137
HIT 3 1894099320940 441 16018578703039522727
HIT 3 2048718143596 477 2272867365424412408
HIT 3 1687940956268 393 17832656115489606180
HIT 3 1859739648108 433 17114379406916059531
HIT 3 1894099386476 441 14369039685676965123
HIT 3 2048718209132 477 10541909292934762057
HIT 3 1687941021804 393 8891596111700535820
HIT 3 1859739713644 433 6867199869694970800
HIT 3 1894099452012 441 7518381799617498754
HIT 3 2048718274668 477 5078500753439108143
HIT 3 1687941087340 393 9630636808380509586
HIT 3 1859739779180 433 17251920658761518863
HIT 3 1894099517548 441 12559389203159168676
HIT 3 2048718340204 477 12993879390759797074
HIT 3 1687941152876 393 13846509127023769751
HIT 3 1859739844716 433 18347988470512854661
HIT 3 1894099583084 441 4319679540756776643
HIT 3 2048718405740 477 3676464423744333618
HIT 3 1687941218412 393 7799061129854224660
HIT 3 1859739910252 433 14416884373974538347
HIT 3 1894099648620 441 14477059895500764565
HIT 3 2048718471276 477 9183536281048183573
HIT 3 1687941283948 393 7809664922973018691
HIT 3 1859739975788 433 17656498349860330634
HIT 3 1894099714156 441 10893019553580791076
HIT 3 2048718536812 477 12786893223354088715
HIT 3 1687941349484 393 18260269618864083241
HIT 3 1859740041324 433 14485812946928978814
HIT 3 1894099779692 441 16454155691973605349
HIT 3 2048718602348 477 10116059506255337249
HIT 3 1687941415020 393 6414237235641796484
HIT 3 1859740106860 433 11352698753558628603
HIT 3 1894099845228 441 17247984367232542104
HIT 3 2048718667884 477 15449975664288129539
HIT 3 1687941480556 393 18058081725755725206
HIT 3 1859740172396 433 11142800244872593714
HIT 3 1894099910764 441 1796430584774655037
HIT 3 2048718733420 477 4530597349211065936
HIT 3 1687941546092 393 11803261397911022604
HIT 3 1859740237932 433 14740022415977137032
HIT 3 1894099976300 441 11261502858764115112
HIT 3 2048718798956 477 17625019157318347388
HIT 3 1687941611628 393 3691077374675085170
HIT 3 1859740303468 433 3412552899812315157
HIT 3 1894100041836 441 14673629255338894364
HIT 3 2048718864492 477 8350842132368920504
HIT 3 1687941677164 393 16288472451345031651
HIT 3 1859740369004 433 15332021483826723809
HIT 3 1894100107372 441 13001603621213658267
HIT 3 2048718930028 477 15261232408753484923
HIT 3 1687941742700 393 3763772141856235725
HIT 3 1859740434540 433 8377577888585257747
HIT 3 1894100172908 441 7741806799845090166
HIT 3 2048718995564 477 7006147375414795789
HIT 3 1687941808236 393 1456435836854394290
HIT 3 1859740500076 433 14018489219348576939
HIT 3 1894100238444 441 3746613020707684548
HIT 3 2048719061100 477 14277597561204377274
HIT 3 1687941873772 393 9548106316960624026
HIT 3 1859740565612 433 15863706690702031457
HIT 3 1894100303980 441 874513412380536613
HIT 3 2048719126636 477 12033692959067730953
HIT 3 1687941939308 393 15126819628507648372
HIT 3 1859740631148 433 9143076581900457724
HIT 3 1894100369516 441 8390001917928397767
HIT 3 2048719192172 477 16518937365150139253
HIT 3 1687942004844 393 17725511806215979833
HIT 3 1859740696684 433 15365086795833350551
HIT 3 1894100435052 441 11372157257351248573
HIT 3 2048719257708 477 13116444327390175940
HIT 3 1687942070380 393 9918303858135077684
HIT 3 1859740762220 433 4687068238172586524
HIT 3 1894100500588 441 8671161293798747510
HIT 3 2048719323244 477 16250343634299762027
HIT 3 1687942135916 393 16819792862763572786
HIT 3 1859740827756 433 566568882785051038
HIT 3 1894100566124 441 16119254322869007880
HIT 3 2048719388780 477 13428508509800996190
HIT 3 1687942201452 393 7026357910843832113
HIT 3 1859740893292 433 301471141717826589
HIT 3 1894100631660 441 4492687959272755388
HIT 3 2048719454316 477 5232518757240291718
HIT 3 1687942266988 393 14844584353754515525
HIT 3 1859740958828 433 18071451599320455442
HIT 3 1894100697196 441 16997396675977769408
HIT 3 2048719519852 477 907644191729238818
HIT 3 1687942332524 393 10655779077331370446
HIT 3 1859741024364 433 16889512558376622537
HIT 3 1894100762732 441 8633611422702287848
HIT 3 2048719585388 477 17696913606035082802
HIT 3 1687942398060 393 11794587215484528506
HIT 3 1859741089900 433 18150464422375940838
HIT 3 1894100828268 441 15763731660345183173
HIT 3 2048719650924 477 6511871108864894050
HIT 3 1687942463596 393 1330616764729673625
HIT 3 1859741155436 433 16151542083083910753
HIT 3 1894100893804 441 6051196679099000547
HIT 3 2048719716460 477 4358397616221871501
HIT 3 1687942529132 393 5003381000358575728
HIT 3 1859741220972 433 17464243437772701562
HIT 3 1894100959340 441 14049535165993585666
HIT 3 2048719781996 477 17404447868465284214
HIT 3 1687942594668 393 7100814256736599493
HIT 3 1859741286508 433 16087214817373613788
HIT 3 1894101024876 441 7759587384342471396
HIT 3 2048719847532 477 9516328039633826499
HIT 3 1687942660204 393 2067118967644231484
HIT 3 1859741352044 433 6541199927673298114
HIT 3 1894101090412 441 7833226714338555511
HIT 3 2048719913068 477 887872505261557365
HIT 3 1687942725740 393 7436778883088393709
HIT 3 1859741417580 433 5190901628823604180
HIT 3 1894101155948 441 12355934920531173081
HIT 3 2048719978604 477 12961215512024432669
HIT 3 1687942791276 393 1401403861036106567
HIT 3 1859741483116 433 7660932996073965570
HIT 3 1894101221484 441 1268451135037957204
HIT 3 2048720044140 477 8114153628651555791
HIT 3 1687942856812 393 16021130047217934871
HIT 3 1859741548652 433 9200158577816365082
HIT 3 1894101287020 441 4823356839906352499
HIT 3 2048720109676 477 11883401541251912962
HIT 3 1687942922348 393 14356986058153383019
HIT 3 1859741614188 433 3051162649177981569
HIT 3 1894101352556 441 53215021754090961
HIT 3 2048720175212 477 4365164378580602194
HIT 3 1687942987884 393 4469270242274927298
HIT 3 1859741679724 433 8924104589381566734
HIT 3 1894101418092 441 2403136208740870742
HIT 3 2048720240748 477 11247096543044634580
HIT 3 1687943053420 393 16469058188796188254
HIT 3 1859741745260 433 3380997803947312280
HIT 3 1894101483628 441 1420675304630557988
HIT 3 2048720306284 477 9148880115307115069
HIT 3 1687943118956 393 15511846543305645507
HIT 3 1859741810796 433 10607878008384525855
HIT 3 1894101549164 441 4037452545898198086
HIT 3 2048720371820 477 11810510786885041367
HIT 3 1687943184492 393 8198583113581412343
HIT 3 1859741876332 433 15767700406263073154
HIT 3 1894101614700 441 12573549663244925582
HIT 3 2048720437356 477 15904626739532172344
HIT 3 1687943250028 393 9167012725460660515
HIT 3 1859741941868 433 6017240764439815555
HIT 3 1894101680236 441 14198002517738036317
HIT 3 2048720502892 477 15320291469900149260
HIT 3 1687943315564 393 7348868839254522412
HIT 3 1859742007404 433 10762676342343656178
HIT 3 1894101745772 441 18280671308830865416
HIT 3 2048720568428 477 10325489237071822517
HIT 3 1687943381100 393 9168180308168280148
HIT 3 1859742072940 433 15185039608963621771
HIT 3 1894101811308 441 16274449858836808621
HIT 3 2048720633964 477 16827344789334247695
HIT 3 1687943446636 393 8035723586707266226
HIT 3 1859742138476 433 11089313631144470123
HIT 3 1894101876844 441 8890541838069183288
HIT 3 2048720699500 477 13280890932557375718
HIT 3 1687943512172 393 11251454593229776162
HIT 3 1859742204012 433 15461699532863859099
HIT 3 1894101942380 441 9277365619721481121
HIT 3 2048720765036 477 9892992791638069551
HIT 3 1687943577708 393 18278225126212146632
HIT 3 1859742269548 433 6841627806634539083
HIT 3 1894102007916 441 10005407770409402683
HIT 3 2048720830572 477 3646432161321386240
HIT 3 1687943643244 393 15892943481154253378
HIT 3 1859742335084 433 10878739492478106035
HIT 3 1894102073452 441 8339778217884369867
HIT 3 2048720896108 477 2424878098500209375
HIT 3 1687943708780 393 5521077565473646468
HIT 3 1859742400620 433 2425858518453256888
HIT 3 1894102138988 441 13221729041402429398
HIT 3 2048720961644 477 4859882697964162918
HIT 3 1687943774316 393 13352930356601527761
HIT 3 1859742466156 433 7128862632119388941
HIT 3 1894102204524 441 6046225091255649602
HIT 3 2048721027180 477 13826810482933088769
HIT 3 1687943839852 393 5719615785604830377
HIT 3 1859742531692 433 3937464291285609365
HIT 3 1894102270060 441 10904049862743159099
HIT 3 2048721092716 477 276531421215872887
HIT 3 1687943905388 393 6792574143122056684
HIT 3 1859742597228 433 4089731091015505905
HIT 3 1894102335596 441 3196831891387058251
HIT 3 2048721158252 477 7133538972476045717
HIT 3 1687943970924 393 4905445856554053299
HIT 3 1859742662764 433 15176807029356322038
HIT 3 1894102401132 441 9538069655393999029
HIT 3 2048721223788 477 11330811132216161630
HIT 3 1687944036460 393 17226389252806841043
HIT 3 1859742728300 433 13695246428767986001
HIT 3 1894102466668 441 3325979696374868782
HIT 3 2048721289324 477 11039082318284032161
HIT 3 1687944101996 393 3598729845676888737
HIT 3 1859742793836 433 3588984425045384210
HIT 3 1894102532204 441 10763898626189280721
HIT 3 2048721354860 477 13226792149173789044
HIT 3 1687944167532 393 2855967573974068116
HIT 3 1859742859372 433 533382264528189161
HIT 3 1894102597740 441 8472563921191557453
HIT 3 2048721420396 477 5581654657052894895
HIT 3 1687944233068 393 7330652853360009180
HIT 3 1859742924908 433 15455539218082656801
HIT 3 1894102663276 441 2017151131890142941
HIT 3 2048721485932 477 13301008336341032203
HIT 3 1687944298604 393 13222212912462799388
HIT 3 1859742990444 433 10396085984369056984
HIT 3 1894102728812 441 17870446305062244003
HIT 3 2048721551468 477 11277923301845359603
HIT 3 1687944364140 393 11868496203148632521
HIT 3 1859743055980 433 6224716402419774289
HIT 3 1894102794348 441 15389334871587047002
HIT 3 2048721617004 477 17327114162955416644
HIT 3 1687944429676 393 3836509575576288358
HIT 3 1859743121516 433 13406328283179694871
HIT 3 1894102859884 441 3537493663600093438
HIT 3 2048721682540 477 14148376710735739275
HIT 3 1687944495212 393 2933807145423082080
HIT 3 1859743187052 433 604280586420110424
HIT 3 1894102925420 441 2036976680147026759
HIT 3 2048721748076 477 1434803119024920579
HIT 3 1687944560748 393 9941868658366667109
HIT 3 1859743252588 433 14809554507428888142
HIT 3 1894102990956 441 9930701683244124960
HIT 3 2048721813612 477 9687170146479229655
HIT 3 1687944626284 393 11835435056973215979
HIT 3 1859743318124 433 10742556729237614724
HIT 3 1894103056492 441 621952880447248515
HIT 3 2048721879148 477 7832003457368699745
HIT 3 1687944691820 393 15747314351792959246
HIT 3 1859743383660 433 13741749955876024615
HIT 3 1894103122028 441 9669229348374546719
HIT 3 2048721944684 477 10231855893011805336
HIT 3 1687944757356 393 6224248000015551715
HIT 3 1859743449196 433 8115199013003173046
HIT 3 1894103187564 441 15320876589282669898
HIT 3 2048722010220 477 16995088063078500893
HIT 3 1687944822892 393 6717307512111281660
HIT 3 1859743514732 433 15725372953241542696
HIT 3 1894103253100 441 5279065234843691049
HIT 3 2048722075756 477 11978247284268367048
HIT 3 1687944888428 393 13756690009255184027
HIT 3 1859743580268 433 3852461100682718765
HIT 3 1894103318636 441 16234261459013615085
HIT 3 2048722141292 477 2001461520385428008
HIT 3 1687944953964 393 11789520340937206110
HIT 3 1859743645804 433 273115893224400937
HIT 3 1894103384172 441 3057735658893076385
HIT 3 2048722206828 477 15681876641339931519
HIT 3 1687945019500 393 4858945614439559853
HIT 3 1859743711340 433 16796933144634174884
HIT 3 1894103449708 441 10871063837422690813
HIT 3 2048722272364 477 17458130285260923876
HIT 3 1687945085036 393 5191494431528841591
HIT 3 1859743776876 433 13352205689152451812
HIT 3 1894103515244 441 18231047557137764223
HIT 3 2048722337900 477 3194179353599280705
HIT 3 1687945150572 393 1985846040724949213
HIT 3 1859743842412 433 17809374228274913067
HIT 3 1894103580780 441 13333226173982235308
HIT 3 2048722403436 477 6390434333566183774
HIT 3 1687945216108 393 13405490686037299755
HIT 3 1859743907948 433 3531788795207544079
HIT 3 1894103646316 441 9431169812657730819
HIT 3 2048722468972 477 8265407945463516262
HIT 3 1687945281644 393 3243487773400431117
HIT 3 1859743973484 433 12584932549519823579
HIT 3 1894103711852 441 15656811966054238127
HIT 3 2048722534508 477 18386141171714847274
HIT 3 1687945347180 393 14013607719539424567
HIT 3 1859744039020 433 13980542698945501653
HIT 3 1894103777388 441 17316476864710521353
HIT 3 2048722600044 477 13892194883211280369
HIT 3 1687945412716 393 4129246271260012317
HIT 3 1859744104556 433 6406157287297335264
HIT 3 1894103842924 441 8854684720343420993
HIT 3 2048722665580 477 582421118023997246
HIT 3 1687945478252 393 14067008453800751485
HIT 3 1859744170092 433 7936487149353774287
HIT 3 1894103908460 441 17397159754565472002
HIT 3 2048722731116 477 6318641919880586783
HIT 3 1687945543788 393 3923395174221050428
HIT 3 1859744235628 433 7776770045583305512
HIT 3 1894103973996 441 5654936015908050693
HIT 3 2048722796652 477 3594636462008022347
HIT 3 1687945609324 393 13014020943734291968
HIT 3 1859744301164 433 10703026164764603279
HIT 3 1894104039532 441 3280781362076902721
HIT 3 2048722862188 477 6251502327553736505
HIT 3 1687945674860 393 1970482458848221427
HIT 3 1859744366700 433 7203484220982185149
HIT 3 1894104105068 441 15306915131026220908
HIT 3 2048722927724 477 1660178088359456083
HIT 3 1687945740396 393 6749197860983732025
HIT 3 1859744432236 433 132517158997899062
HIT 3 1894104170604 441 14072073498126425498
HIT 3 2048722993260 477 10600838170000727521
HIT 3 1687945805932 393 8842661702108436644
HIT 3 1859744497772 433 11328660404662305918
HIT 3 1894104236140 441 15448864186466957239
HIT 3 2048723058796 477 13298659313624271587
HIT 3 1687945871468 393 12623479942844567640
HIT 3 1859744563308 433 2141110623018522837
HIT 3 1894104301676 441 11960337148891285002
HIT 3 2048723124332 477 2788728830301760494
HIT 3 1687945937004 393 1073246416838392116
HIT 3 1859744628844 433 13944359090306742572
HIT 3 1894104367212 441 17367759206774124496
HIT 3 2048723189868 477 6774226666238786063
HIT 3 1687946002540 393 15341022869621299839
HIT 3 1859744694380 433 12268524781436572202
HIT 3 1894104432748 441 6696712413719594649
HIT 3 2048723255404 477 5755624727390540275
HIT 3 1687946068076 393 12846446690524613990
HIT 3 1859744759916 433 17496512930923288109
HIT 3 1894104498284 441 10681321874009315179
HIT 3 2048723320940 477 11329208328519276647
HIT 3 1687946133612 393 4528146550497933415
HIT 3 1859744825452 433 15076231212057215983
HIT 3 1894104563820 441 15179332146062329894
HIT 3 2048723386476 477 1341412592117735049
HIT 3 1687946199148 393 11059842535766014819
HIT 3 1859744890988 433 12885818413446752151
HIT 3 1894104629356 441 2588416650908163445
HIT 3 2048723452012 477 9744370079303303319
HIT 3 1687946264684 393 17950373872402733235
HIT 3 1859744956524 433 6842638091865664356
HIT 3 1894104694892 441 13764229945770028039
HIT 3 2048723517548 477 12310202249109998436
HIT 3 1687946330220 393 15812807545908741699
HIT 3 1859745022060 433 12732636472021495868
HIT 3 1894104760428 441 10647012841098710208
HIT 3 2048723583084 477 3230204515703958578
HIT 3 1687946395756 393 7951947209203178180
HIT 3 1859745087596 433 14018027233116357470
HIT 3 1894104825964 441 8854596294248473537
HIT 3 2048723648620 477 2258313666238437657
HIT 3 1687946461292 393 2417150298521230154
HIT 3 1859745153132 433 10248024014565843627
HIT 3 1894104891500 441 5495789386738789405
HIT 3 2048723714156 477 4755670108500051389
HIT 3 1687946526828 393 10814260681234477269
HIT 3 1859745218668 433 1480845482512161334
HIT 3 1894104957036 441 17987119302229468776
HIT 3 2048723779692 477 13004989847318269640
HIT 3 1687946592364 393 16267746076027370762
HIT 3 1859745284204 433 18087555701932111278
HIT 3 1894105022572 441 2897317394145040251
HIT 3 2048723845228 477 16002417681851828665
HIT 3 1687946657900 393 16789053358703868287
HIT 3 1859745349740 433 2565594459157267994
HIT 3 1894105088108 441 3806652880801160737
HIT 3 2048723910764 477 4748252732247676125
HIT 3 1687946723436 393 17179824100935260624
HIT 3 1859745415276 433 13890301399150029400
HIT 3 1894105153644 441 5739225613193415219
HIT 3 2048723976300 477 10566651773588185720
HIT 3 1687946788972 393 9807859553290515919
HIT 3 1859745480812 433 8606869090126324816
HIT 3 1894105219180 441 5663478526593134394
HIT 3 2048724041836 477 9027937773215478347
HIT 3 1687946854508 393 4095176906431166641
HIT 3 1859745546348 433 2493542683787999572
HIT 3 1894105284716 441 6901588441511716681
HIT 3 2048724107372 477 6590553198211554564
HIT 3 1687946920044 393 12264370805091556241
HIT 3 1859745611884 433 17223038158201052029
HIT 3 1894105350252 441 9753754776902496506
HIT 3 2048724172908 477 13039230004323229992
HIT 3 1687946985580 393 943873659542998529
HIT 3 1859745677420 433 801516484729462377
HIT 3 1894105415788 441 858351234169151909
HIT 3 2048724238444 477 16950299835669815569
HIT 3 1687947051116 393 17535021378448559737
HIT 3 1859745742956 433 9213713124317205431
HIT 3 1894105481324 441 11999849550417231332
HIT 3 2048724303980 477 14644533276587057730
HIT 3 1687947116652 393 9222001611468154771
HIT 3 1859745808492 433 9487035571852393117
HIT 3 1894105546860 441 9645843164387387627
HIT 3 2048724369516 477 2479091840674436937
HIT 3 1687947182188 393 17112632399972039887
HIT 3 1859745874028 433 14892418832619373971
HIT 3 1894105612396 441 14930087149254321718
HIT 3 2048724435052 477 1315974649914387604
HIT 3 1687947247724 393 3889630797006161589
HIT 3 1859745939564 433 10872593074545927451
HIT 3 1894105677932 441 3567785037816038728
HIT 3 2048724500588 477 7188434110770966495
HIT 3 1687947313260 393 8451621874474355046
HIT 3 1859746005100 433 9331979300566011942
HIT 3 1894105743468 441 2206081423615914772
HIT 3 2048724566124 477 15283300744075470859
HIT 3 1687947378796 393 9308879508880329791
HIT 3 1859746070636 433 15178888152366868031
HIT 3 1894105809004 441 4064322809092969930
HIT 3 2048724631660 477 78295055130212465
HIT 3 1687947444332 393 17189697155062315140
HIT 3 1859746136172 433 15513031346654624803
HIT 3 1894105874540 441 1955215263612321738
HIT 3 2048724697196 477 17772794639703750625
HIT 3 1687947509868 393 5829578563627612801
HIT 3 1859746201708 433 11949874169678005291
HIT 3 1894105940076 441 2978862576764821403
HIT 3 2048724762732 477 17093692781571563406
HIT 3 1687947575404 393 166880456876409102
HIT 3 1859746267244 433 11520073891063614795
HIT 3 1894106005612 441 1422745822780058682
HIT 3 2048724828268 477 12501056444104734181
HIT 3 1679357706348 391 166880456876409102
HIT 3 1687947640940 393 10677769739426146907
HIT 3 1859746332780 433 1820592293843795485
HIT 3 1894106071148 441 4517735875134118649
HIT 3 2048724893804 477 10529654995223030155
HIT 3 1687947706476 393 830505943127050372
HIT 3 1696537641068 395 4740377140195456044
HIT 3 1859746398316 433 2421372459944351864
HIT 3 1894106136684 441 8743601506255067952
HIT 3 2048724959340 477 6349604397018420560
HIT 3 1687947772012 393 4740377140195456044
HIT 3 1851156529260 431 15035635184301895605
HIT 3 1855451496556 432 1737071761710558138
HIT 3 1859746463852 433 11460381124285592343
HIT 3 1868336398444 435 9683990488400259237
HIT 3 1885516267628 439 15493772666763900561
HIT 3 1889811234924 440 973255350750353807
HIT 3 1894106202220 441 12789031435028249405
HIT 3 1902696136812 443 3367046619098028750
HIT 3 2040135090284 475 11408799123491586090
HIT 3 2044430057580 476 12666453650393802200
HIT 3 2048725024876 477 1725175565322734934
HIT 3 2057314959468 479 2247006291704845044
HIT 3 1692242804844 394 5687569917262158752
HIT 3 1696537772140 395 8565940306272373790
HIT 3 1705127706732 397 14450527243004988720
HIT 3 1851156594796 431 12461009696460500838
HIT 3 1855451562092 432 1104249509352580194
HIT 3 1859746529388 433 1465333386295514422
HIT 3 1868336463980 435 11727218022272111061
HIT 3 1885516333164 439 15395791991679237627
HIT 3 1889811300460 440 5562147926902624117
HIT 3 1894106267756 441 13852297296442168709
HIT 3 1902696202348 443 17981488711045699159
HIT 3 2040135155820 475 1432251414193757357
HIT 3 2044430123116 476 18245636655023819155
HIT 3 2048725090412 477 8676274437229398705
HIT 3 2057315025004 479 17773155484857023874
HIT 3 1692242870380 394 3231543214693789348
HIT 3 1696537837676 395 14450527243004988720
HIT 3 1700832804972 396 5687569917262158752
HIT 3 1705127772268 397 10076221023643277418
HIT 3 1709422739564 398 17762552042394257010
HIT 3 1713717706860 399 2662925999631836255
HIT 3 1718012674156 400 10835680471028167656
HIT 3 1722307641452 401 18243835054175927897
HIT 3 1726602608748 402 6414022687108969819
HIT 3 1730897576044 403 15819438526255743069
HIT 3 1735192543340 404 1615146790140317805
HIT 3 1739487510636 405 6913290382749531870
HIT 3 1743782477932 406 12308166148411142572
HIT 3 1748077445228 407 6948732938774675967
HIT 3 1752372412524 408 15190833977890250723
HIT 3 1756667379820 409 4191178233099638852
HIT 3 1760962347116 410 17682398714179769496
HIT 3 1765257314412 411 8971976731392328178
HIT 3 1769552281708 412 10886468130243799339
HIT 3 1773847249004 413 12549644599773809188
HIT 3 1778142216300 414 5013831810715327767
HIT 3 1782437183596 415 14015201290223143437
HIT 3 1786732150892 416 7267283347614117141
HIT 3 1791027118188 417 12243410080256368109
HIT 3 1795322085484 418 18225973546727540806
HIT 3 1799617052780 419 14500820140201940495
HIT 3 1803912020076 420 13415414730920899238
HIT 3 1808206987372 421 10450454328809874264
HIT 3 1812501954668 422 10581647048322862052
HIT 3 1816796921964 423 14480689475655294409
HIT 3 1821091889260 424 2742677641214086335
HIT 3 1825386856556 425 3376405883264954213
HIT 3 1829681823852 426 14155698519006792990
HIT 3 1833976791148 427 3364716233972351245
HIT 3 1838271758444 428 2258405204320051323
HIT 3 1842566725740 429 13905275813093811284
HIT 3 1846861693036 430 9883659359676775271
HIT 3 1851156660332 431 5109066764948199248
HIT 3 1855451627628 432 3139793819791354998
HIT 3 1859746594924 433 3159598418836861141
HIT 3 1864041562220 434 7998353826855657847
HIT 3 1868336529516 435 9344848608815381907
HIT 3 1872631496812 436 7951350357117872529
HIT 3 1876926464108 437 4769362574180703061
HIT 3 1881221431404 438 15202810638000607322
HIT 3 1885516398700 439 1362375995721117997
HIT 3 1889811365996 440 12490806335778599091
HIT 3 1894106333292 441 3445868512404532314
HIT 3 1898401300588 442 8550607434987588205
HIT 3 1902696267884 443 16008541190399579976
HIT 3 1906991235180 444 1943478006900147162
HIT 3 1911286202476 445 10231055690126703699
HIT 3 1915581169772 446 15789555271943934735
HIT 3 1919876137068 447 604265227240145354
HIT 3 1924171104364 448 6035346686435499903
HIT 3 1928466071660 449 6149049173218713481
HIT 3 1932761038956 450 2930974384863213628
HIT 3 1937056006252 451 12174980480034747949
HIT 3 1941350973548 452 17870243830752692120
HIT 3 1945645940844 453 12909855375973529933
HIT 3 1949940908140 454 4964943168333194342
HIT 3 1954235875436 455 4510810486626085563
HIT 3 1958530842732 456 1147185707951917712
HIT 3 1962825810028 457 10908545884630267883
HIT 3 1967120777324 458 14858322619937894286
HIT 3 1971415744620 459 8118486559697702357
HIT 3 1975710711916 460 3173994506057938163
HIT 3 1980005679212 461 14876524707442869611
HIT 3 1984300646508 462 2480103168507092194
HIT 3 1988595613804 463 17147086966729556264
HIT 3 1992890581100 464 5658494489379415528
HIT 3 1997185548396 465 11612177398634590741
HIT 3 2001480515692 466 12970243963013092124
HIT 3 2005775482988 467 4509475575664136284
HIT 3 2010070450284 468 11303735680257714134
HIT 3 2014365417580 469 12786970348443781279
HIT 3 2018660384876 470 14817667500749676499
HIT 3 2022955352172 471 7253748282415430483
HIT 3 2027250319468 472 11514245313102859736
HIT 3 2031545286764 473 9652826493627270596
HIT 3 2035840254060 474 11227508251645844227
HIT 3 2040135221356 475 3793525912600099518
HIT 3 2044430188652 476 6211428538854486208
HIT 3 2048725155948 477 4630647814539474267
HIT 3 2053020123244 478 9020967819495582103
HIT 3 2057315090540 479 1299142017084127997
HIT 3 2061610057836 480 9189139372975246766
HIT 3 2065905025132 481 7800717814537349736
HIT 3 2070199992428 482 15275558681661042964
HIT 3 2074494959724 483 15789439795623513026
HIT 3 2078789927020 484 327355670970525922
HIT 3 2083084894316 485 13902798455353094436
HIT 3 2087379861612 486 277055733500652229
HIT 3 2091674828908 487 17816422169353087712
HIT 3 2095969796204 488 7242413490607330878
HIT 3 2100264763500 489 2359331761099669643
HIT 3 2104559730796 490 18420690389485997962
HIT 3 2108854698092 491 7577532763599316019
HIT 3 2113149665388 492 17206094460912160270
HIT 3 2117444632684 493 7265940044046089263
HIT 3 2121739599980 494 7418747119801731222
HIT 3 2126034567276 495 17482877920201086395
HIT 3 2130329534572 496 16760702586574351157
HIT 3 2134624501868 497 17349884726196812225
HIT 3 2138919469164 498 1637849660515008976
HIT 3 2143214436460 499 13257489426312826567
HIT 3 2147509403756 500 3857291265338200172
HIT 3 2151804371052 501 447557324637149068
HIT 3 2156099338348 502 11472724470786308247
HIT 3 2160394305644 503 4259446284701712284
HIT 3 2164689272940 504 6667247220161411215
HIT 3 2168984240236 505 7768713979088301412
HIT 3 2173279207532 506 13749457616847229798
HIT 3 2177574174828 507 1201805187446540839
HIT 3 2181869142124 508 8074360253879421663
HIT 3 2186164109420 509 12937273713793510707
HIT 3 2190459076716 510 6883004132709418329
HIT 3 2194754044012 511 6971756425835610055
HIT 3 1705127837804 397 15880640973796267660
HIT 3 1859746660460 433 13349672126674836700
HIT 3 1894106398828 441 15650556889502418116
HIT 3 2048725221484 477 11479328783054460694
HIT 3 1851156791404 431 1072861885553999654
HIT 3 1855451758700 432 1616919127339258126
HIT 3 1859746725996 433 7184293803360424170
HIT 3 1868336660588 435 13129316285920546389
HIT 3 1885516529772 439 14546527082181637594
HIT 3 1889811497068 440 8126127513001274492
HIT 3 1894106464364 441 5757759392050434163
HIT 3 1902696398956 443 7067424084191062808
HIT 3 2040135352428 475 15401152747037092021
HIT 3 2044430319724 476 7320274550061479948
HIT 3 2048725287020 477 12131517003188493351
HIT 3 2057315221612 479 9785129136905390209
HIT 3 1859746791532 433 4158485014326204395
HIT 3 1894106529900 441 2719937664614216753
HIT 3 2048725352556 477 4006506238592376942
HIT 3 1859746857068 433 8382601378012713020
HIT 3 1894106595436 441 1671058937715391994
HIT 3 2048725418092 477 17857063915186145429
HIT 3 1859746922604 433 7173048495742164475
HIT 3 1894106660972 441 12700006635709796694
HIT 3 2048725483628 477 5186945024718327909
HIT 3 1859746988140 433 11780453775497166585
HIT 3 1894106726508 441 8258407407696574386
HIT 3 2048725549164 477 3065153501586936942
HIT 3 1859747053676 433 7686937665188686767
HIT 3 1894106792044 441 17038439729786612688
HIT 3 2048725614700 477 11325260275543948357
HIT 3 1859747119212 433 6162589861418879628
HIT 3 1894106857580 441 4982068955035401621
HIT 3 2048725680236 477 5842470107007791298
HIT 3 1859747184748 433 16613753499587012781
HIT 3 1894106923116 441 11376838745334017902
HIT 3 2048725745772 477 5019298802930745275
HIT 3 1859747250284 433 12787520993263542791
HIT 3 1894106988652 441 11777323575812253749
HIT 3 2048725811308 477 2072593816013689603
HIT 3 1859747315820 433 4089185387266717106
HIT 3 1894107054188 441 7246529764925365230
HIT 3 2048725876844 477 3442002382586377268
HIT 3 1859747381356 433 5993375953907159262
HIT 3 1894107119724 441 3075994212325534898
HIT 3 2048725942380 477 12416534345170115316
HIT 3 1859747446892 433 9053095160908506937
HIT 3 1894107185260 441 12857504946245497090
HIT 3 2048726007916 477 14020639439804572755
HIT 3 1859747512428 433 7328737040359395686
HIT 3 1894107250796 441 565860777645266462
HIT 3 2048726073452 477 16443337905050991979
HIT 3 1859747577964 433 16757801029355689647
HIT 3 1894107316332 441 10244751829124771088
HIT 3 2048726138988 477 6754187627966410156
HIT 3 1859747643500 433 39721464691194890
HIT 3 1894107381868 441 8449891475844748099
HIT 3 2048726204524 477 15759919569775679266
HIT 3 1859747709036 433 17718835526906539327
HIT 3 1894107447404 441 4880782781047345654
HIT 3 2048726270060 477 9529486300826185675
HIT 3 1859747774572 433 7395786109970923812
HIT 3 1894107512940 441 9861121535729573487
HIT 3 2048726335596 477 11091369123090310625
HIT 3 1859747840108 433 11800046784175682062
HIT 3 1894107578476 441 7537193768158918672
HIT 3 2048726401132 477 11579629661385136211
HIT 3 1859747905644 433 1662938786076134706
HIT 3 1894107644012 441 9459536599927826408
HIT 3 2048726466668 477 6192100770026123848
HIT 3 1859747971180 433 18344755466872738592
HIT 3 1894107709548 441 12926902179558543061
HIT 3 2048726532204 477 5585167794501184320
HIT 3 1859748036716 433 658805349954931061
HIT 3 1894107775084 441 17775114980767903357
HIT 3 2048726597740 477 16943823813041494337
HIT 3 1859748102252 433 1798911239626482396
HIT 3 1894107840620 441 13786476543137707449
HIT 3 2048726663276 477 8851247836723750119
HIT 3 1859748167788 433 10443639619453952787
HIT 3 1894107906156 441 8007704694457326922
HIT 3 2048726728812 477 12721931023760817653
HIT 3 1859748233324 433 5198862874603776767
HIT 3 1894107971692 441 17634722914805020238
HIT 3 2048726794348 477 11623992486541786257
HIT 3 1859748298860 433 13053828482734874128
HIT 3 1894108037228 441 16604400526602955257
HIT 3 2048726859884 477 13698934296306124510
HIT 3 1859748364396 433 3381610672855739481
HIT 3 1894108102764 441 3404412455031885301
HIT 3 2048726925420 477 12369320012152640133
HIT 3 1859748429932 433 4230220682895483342
HIT 3 1894108168300 441 14560993833674767024
HIT 3 2048726990956 477 6311004418742364195
HIT 3 1859748495468 433 3911281824190272272
HIT 3 1894108233836 441 13428621857997849756
HIT 3 2048727056492 477 9558221964335990021
HIT 3 1859748561004 433 9054364972383488777
HIT 3 1894108299372 441 16789908774530185850
HIT 3 2048727122028 477 10064179806750962321
HIT 3 1859748626540 433 2343524212163213056
HIT 3 1894108364908 441 6540927486112033927
HIT 3 2048727187564 477 14628716809400429709
HIT 3 1859748692076 433 6974425235634858490
HIT 3 1894108430444 441 11524505691965830685
HIT 3 2048727253100 477 8231535674892830796
HIT 3 1859748757612 433 12858920318115740489
HIT 3 1894108495980 441 1857866403672632889
HIT 3 2048727318636 477 13749400796836768960
HIT 3 1859748823148 433 808035098255557563
HIT 3 1894108561516 441 8226746187103762543
HIT 3 2048727384172 477 7308964712558269882
HIT 3 1859748888684 433 4622409131199279931
HIT 3 1894108627052 441 3814170391592393927
HIT 3 2048727449708 477 984109984393041580
HIT 3 1851159019628 431 4622409131199279931
HIT 3 1859748954220 433 6392900062046821714
HIT 3 1894108692588 441 4286112804785255290
HIT 3 2048727515244 477 14886359284806204289
HIT 3 1859749019756 433 11642519913809443010
HIT 3 1868338954348 435 13655105536962920023
HIT 3 1894108758124 441 8644443266934013479
HIT 3 2048727580780 477 16201726383283022918
HIT 3 1859749085292 433 13655105536962920023
HIT 3 1885518889068 439 13025160100611282390
HIT 3 1889813856364 440 17046163655347563509
HIT 3 1894108823660 441 6358721772073239203
HIT 3 1902698758252 443 4884765917546244248
HIT 3 2040137711724 475 7186490926132346989
HIT 3 2044432679020 476 17714811715086743160
HIT 3 2048727646316 477 15898465835368203979
HIT 3 2057317580908 479 9203325685484607639
HIT 3 1864044118124 434 5006646792498889662
HIT 3 1868339085420 435 17748269681528328675
HIT 3 1876929020012 437 8122329798548627222
HIT 3 1885518954604 439 5899827626424082437
HIT 3 1889813921900 440 9791587845388299189
HIT 3 1894108889196 441 5912049940113017401
HIT 3 1902698823788 443 6589175269866610032
HIT 3 2040137777260 475 7314581545241165650
HIT 3 2044432744556 476 16809416859477388053
HIT 3 2048727711852 477 8845170235514882569
HIT 3 2057317646444 479 11294661571245925409
HIT 3 1864044183660 434 3491799755094299559
HIT 3 1868339150956 435 8122329798548627222
HIT 3 1872634118252 436 5006646792498889662
HIT 3 1876929085548 437 14698646341659928299
HIT 3 1881224052844 438 9257913619179438209
HIT 3 1885519020140 439 5911752138571759746
HIT 3 1889813987436 440 2714884820247123389
HIT 3 1894108954732 441 5612986195573133803
HIT 3 1898403922028 442 3585757108014965774
HIT 3 1902698889324 443 16369277938066524429
HIT 3 1906993856620 444 14342865862172162810
HIT 3 1911288823916 445 8808649701261646717
HIT 3 1915583791212 446 16556111768182015216
HIT 3 1919878758508 447 3125046624065816807
HIT 3 1924173725804 448 2452473597979411145
HIT 3 1928468693100 449 1302453472136759258
HIT 3 1932763660396 450 525328159544566258
HIT 3 1937058627692 451 2784317351244031161
HIT 3 1941353594988 452 11933644332553738082
HIT 3 1945648562284 453 17849227214407839795
HIT 3 1949943529580 454 3592403055040561819
HIT 3 1954238496876 455 1067492256015575664
HIT 3 1958533464172 456 16350730104902611641
HIT 3 1962828431468 457 9082345489055909455
HIT 3 1967123398764 458 14098527513048389597
HIT 3 1971418366060 459 10822722120318119164
HIT 3 1975713333356 460 2521107845372215031
HIT 3 1980008300652 461 5612175454303609861
HIT 3 1984303267948 462 15462945044264413590
HIT 3 1988598235244 463 12732067229832548741
HIT 3 1992893202540 464 14775122665758889617
HIT 3 1997188169836 465 13928420434318194814
HIT 3 2001483137132 466 5524358661548729624
HIT 3 2005778104428 467 10651008045951067447
HIT 3 2010073071724 468 6804742058253072051
HIT 3 2014368039020 469 5103603277130738606
HIT 3 2018663006316 470 13148294497060808268
HIT 3 2022957973612 471 8224090598387233372
HIT 3 2027252940908 472 2357137310466237009
HIT 3 2031547908204 473 2866568785846082404
HIT 3 2035842875500 474 643804808206275822
HIT 3 2040137842796 475 17209076777478617371
HIT 3 2044432810092 476 3171865068753815536
HIT 3 2048727777388 477 13427047908062763668
HIT 3 2053022744684 478 3201923656468349401
HIT 3 2057317711980 479 18125717435805529140
HIT 3 2061612679276 480 1076912622307444837
HIT 3 2065907646572 481 12162747230525884540
HIT 3 2070202613868 482 18071127348715081588
HIT 3 2074497581164 483 16274588313276391986
HIT 3 2078792548460 484 821144478619414622
HIT 3 2083087515756 485 14709995704330100029
HIT 3 2087382483052 486 8191542494208121981
HIT 3 2091677450348 487 3257565165566655520
HIT 3 2095972417644 488 13581782863957910028
HIT 3 2100267384940 489 12556711485547306259
HIT 3 2104562352236 490 13326150318316140298
HIT 3 2108857319532 491 4608648726624032381
HIT 3 2113152286828 492 17445403936016683815
HIT 3 2117447254124 493 17663566113307853156
HIT 3 2121742221420 494 11816607388358218910
HIT 3 2126037188716 495 14829644940274757847
HIT 3 2130332156012 496 13670757736695679165
HIT 3 2134627123308 497 5871574787245127579
HIT 3 2138922090604 498 431266196365249421
HIT 3 2143217057900 499 18196329527976233422
HIT 3 2147512025196 500 8075750694298777146
HIT 3 2151806992492 501 8225192650263871657
HIT 3 2156101959788 502 9119976087442912766
HIT 3 2160396927084 503 10516204092541135958
HIT 3 2164691894380 504 6839193178122345951
HIT 3 2168986861676 505 7225273364807992386
HIT 3 2173281828972 506 10269113556747303628
HIT 3 2177576796268 507 435136165306886931
HIT 3 2181871763564 508 6690793680876050923
HIT 3 2186166730860 509 10131563158867583492
HIT 3 2190461698156 510 5676710340677434703
HIT 3 2194756665452 511 8393275073586979815
HIT 3 1876929151084 437 5699449113910837937
HIT 3 1894109020268 441 1044454811152256931
HIT 3 2048727842924 477 1094093584355274245
HIT 3 1885519151212 439 17133031829033211785
HIT 3 1889814118508 440 4904121179954634651
HIT 3 1894109085804 441 13293323168446754833
HIT 3 1902699020396 443 9785129136905390209
HIT 3 2040137973868 475 12393736626608824995
HIT 3 2044432941164 476 13803492268814392064
HIT 3 2048727908460 477 10755722024053285549
HIT 3 2057317843052 479 7067424084191062808
HIT 3 1894109151340 441 4530281240918955435
HIT 3 2048727973996 477 17890029234620729372
HIT 3 1885519282284 439 4530281240918955435
HIT 3 1894109216876 441 14936968100821224794
HIT 3 2048728039532 477 15494453677132059186
HIT 3 1894109282412 441 7460393531536721219
HIT 3 1902699217004 443 15054101078953293647
HIT 3 2048728105068 477 2654803743665446441
HIT 3 1894109347948 441 15054101078953293647
HIT 3 2040138236012 475 4897676252216155217
HIT 3 2044433203308 476 13984616195067007972
HIT 3 2048728170604 477 18010721632161468690
HIT 3 2057318105196 479 7146076798289952813
HIT 3 1898404380780 442 6230057233826280434
HIT 3 1902699348076 443 3545679251293329827
HIT 3 1911289282668 445 12303007304186525897
HIT 3 2040138301548 475 8068691960845355015
HIT 3 2044433268844 476 11344052173885683011
HIT 3 2048728236140 477 12661930729670748595
HIT 3 2057318170732 479 6851327574498216930
HIT 3 1898404446316 442 4447956701146095396
HIT 3 1902699413612 443 12303007304186525897
HIT 3 1906994380908 444 6230057233826280434
HIT 3 1911289348204 445 11870983175862455462
HIT 3 1915584315500 446 16895988878962031170
HIT 3 1919879282796 447 4891933119441116736
HIT 3 1924174250092 448 17310755044859359602
HIT 3 1928469217388 449 8949233324299085674
HIT 3 1932764184684 450 12531866791133125751
HIT 3 1937059151980 451 11165941578220426600
HIT 3 1941354119276 452 6042215745568751273
HIT 3 1945649086572 453 1010141663357889836
HIT 3 1949944053868 454 18084091162244359943
HIT 3 1954239021164 455 3297319235290080238
HIT 3 1958533988460 456 1458829175272787264
HIT 3 1962828955756 457 8737929610673329623
HIT 3 1967123923052 458 16928012451052560360
HIT 3 1971418890348 459 12990214156604459536
HIT 3 1975713857644 460 15914469735209952594
HIT 3 1980008824940 461 7505288801066929402
HIT 3 1984303792236 462 1973605036192319541
HIT 3 1988598759532 463 4615834080863584240
HIT 3 1992893726828 464 15380838724075474732
HIT 3 1997188694124 465 16854019943939345183
HIT 3 2001483661420 466 5318222673196663410
HIT 3 2005778628716 467 5737937755989288361
HIT 3 2010073596012 468 17222467919029009771
HIT 3 2014368563308 469 15286971061268662490
HIT 3 2018663530604 470 13032021135240952155
HIT 3 2022958497900 471 5518871621294290166
HIT 3 2027253465196 472 8487490547758229914
HIT 3 2031548432492 473 2165325771042740136
HIT 3 2035843399788 474 4484598016057311592
HIT 3 2040138367084 475 810660382771644905
HIT 3 2044433334380 476 7829241076809477804
HIT 3 2048728301676 477 2537602795428243436
HIT 3 2053023268972 478 14612906549663401469
HIT 3 2057318236268 479 274699101389765367
HIT 3 2061613203564 480 10635633123460115425
HIT 3 2065908170860 481 9587003983082675961
HIT 3 2070203138156 482 7896476461761416433
HIT 3 2074498105452 483 11653080690996319508
HIT 3 2078793072748 484 12617337510905003052
HIT 3 2083088040044 485 15809767568341047584
HIT 3 2087383007340 486 11150979521504020497
HIT 3 2091677974636 487 11233108106912860649
HIT 3 2095972941932 488 10182766070872756762
HIT 3 2100267909228 489 15592850003858036227
HIT 3 2104562876524 490 1380844628373987251
HIT 3 2108857843820 491 17973304549859256615
HIT 3 2113152811116 492 9247623296326476931
HIT 3 2117447778412 493 9938437280626345775
HIT 3 2121742745708 494 3154353352388078708
HIT 3 2126037713004 495 4436872270646906055
HIT 3 2130332680300 496 13493282954389905050
HIT 3 2134627647596 497 8843642046434525342
HIT 3 2138922614892 498 16184666438257639270
HIT 3 2143217582188 499 14390895837290894813
HIT 3 2147512549484 500 18237529084237433959
HIT 3 2151807516780 501 5222658143839496005
HIT 3 2156102484076 502 8502002586850122883
HIT 3 2160397451372 503 13069263329768322480
HIT 3 2164692418668 504 7791442301848816288
HIT 3 2168987385964 505 2223924961223233888
HIT 3 2173282353260 506 5259548507063278375
HIT 3 2177577320556 507 11423631656607927706
HIT 3 2181872287852 508 13457615776501452741
HIT 3 2186167255148 509 1044004626885535480
HIT 3 2190462222444 510 17610945673317255969
HIT 3 2194757189740 511 14076029730897931606
HIT 3 1911289413740 445 3015682197040328964
HIT 3 2048728367212 477 15338479164951262722
HIT 3 2040138498156 475 1302447797324964483
HIT 3 2044433465452 476 7566840012128883752
HIT 3 2048728432748 477 1730736741339041046
HIT 3 2057318367340 479 13129316285920546389
HIT 3 2048728498284 477 8529424732742076194
HIT 3 2048728563820 477 17869116311868817995
HIT 3 2048728629356 477 16434620098055821856
HIT 3 2048728694892 477 13629256163791552146
HIT 3 2048728760428 477 5981567447201933719
HIT 3 2048728825964 477 5613279859360793558
HIT 3 2048728891500 477 2324717533188361265
HIT 3 2048728957036 477 5279375777701667600
HIT 3 2048729022572 477 17201540310642984851
HIT 3 2048729088108 477 2735673174403589777
HIT 3 2048729153644 477 5411507251732725917
HIT 3 2048729219180 477 2180230046417637909
HIT 3 2048729284716 477 17497891592596422590
HIT 3 2048729350252 477 10964893539406554411
HIT 3 2048729415788 477 15476062899265157116
HIT 3 2048729481324 477 11691182393885801472
HIT 3 2048729546860 477 18277923623316869751
HIT 3 2048729612396 477 7982261199606479278
HIT 3 2048729677932 477 10877481713161617833
HIT 3 2048729743468 477 11708184076171824519
HIT 3 2048729809004 477 1407770058164427242
HIT 3 2048729874540 477 15135718692519314938
HIT 3 2048729940076 477 5577457395962385526
HIT 3 2048730005612 477 5233346338928053309
HIT 3 2048730071148 477 14215795680428169212
HIT 3 2048730136684 477 5124290560951869617
HIT 3 2048730202220 477 9962769373001642367
HIT 3 2048730267756 477 15226267057166874194
HIT 3 2048730333292 477 9310308301757898410
HIT 3 2040140464236 475 9310308301757898410
HIT 3 2048730398828 477 352077262915091355
HIT 3 2048730464364 477 11418505388807387099
HIT 3 2057320398956 479 12127910821487031933
HIT 3 2048730529900 477 12127910821487031933
HIT 3 2053025562732 478 10967880923769596915
HIT 3 2057320530028 479 556407194694338568
HIT 3 2065910464620 481 7472224000368511459
HIT 3 2053025628268 478 4342084506817352968
HIT 3 2057320595564 479 7472224000368511459
HIT 3 2061615562860 480 10967880923769596915
HIT 3 2065910530156 481 541895552276134927
HIT 3 2070205497452 482 8356833826464641456
HIT 3 2074500464748 483 13493005826427447883
HIT 3 2078795432044 484 9022630489234317141
HIT 3 2083090399340 485 1689244851555946294
HIT 3 2087385366636 486 12546251347887220311
HIT 3 2091680333932 487 2759871721382467078
HIT 3 2095975301228 488 2080684441167899529
HIT 3 2100270268524 489 9948835893899673800
HIT 3 2104565235820 490 5567822569248602877
HIT 3 2108860203116 491 3401253916680130713
HIT 3 2113155170412 492 6206434800590702978
HIT 3 2117450137708 493 8896358330661752606
HIT 3 2121745105004 494 15494316122674820563
HIT 3 2126040072300 495 1977912000607419261
HIT 3 2130335039596 496 4687840132237958247
HIT 3 2134630006892 497 18415706825931243987
HIT 3 2138924974188 498 5281225790030148239
HIT 3 2143219941484 499 4037462344238510455
HIT 3 2147514908780 500 8090819842237463028
HIT 3 2151809876076 501 268875948712073749
HIT 3 2156104843372 502 7586635608123901467
HIT 3 2160399810668 503 11233727347725706670
HIT 3 2164694777964 504 2037315920426104632
HIT 3 2168989745260 505 1386701583982816468
HIT 3 2173284712556 506 1440766905378542225
HIT 3 2177579679852 507 17892727214660824688
HIT 3 2181874647148 508 277778105369923954
HIT 3 2186169614444 509 3915256508193796109
HIT 3 2190464581740 510 12046173078699164577
HIT 3 2194759549036 511 10655346555866705168
HIT 3 2065910595692 481 10317103797504050428
HIT 3 1859746463853 433 8290883665801613644
HIT 3 1894106202221 441 6306738136170517974
HIT 3 2048725024877 477 15330471010640950538
HIT 3 1696537772141 395 16414316465157681266
HIT 3 1859746529389 433 6171933414939144711
HIT 3 1894106267757 441 15942225045762435576
HIT 3 2048725090413 477 1401221571752966423
HIT 3 1851156660333 431 9395622089809162544
HIT 3 1855451627629 432 11673488138103238809
HIT 3 1859746594925 433 12103244460396649511
HIT 3 1868336529517 435 10881808795454145344
HIT 3 1885516398701 439 183647221042109192
HIT 3 1889811365997 440 17365739982710410680
HIT 3 1894106333293 441 2071137634765638736
HIT 3 1902696267885 443 289809817163354082
HIT 3 2040135221357 475 12140569391673336425
HIT 3 2044430188653 476 15396139316597882884
HIT 3 2048725155949 477 16328729490043382231
HIT 3 2057315090541 479 18414930280982646083
HIT 3 1859746725997 433 15578388344520909154
HIT 3 1894106464365 441 8530808508169471037
HIT 3 2048725287021 477 10147417614165244457
HIT 3 1894108823661 441 3077355837258263908
HIT 3 2048727646317 477 6423092423335775544
HIT 3 1868339085421 435 12265144649807805719
HIT 3 1894108889197 441 2564551475870709539
HIT 3 2048727711853 477 14598098041423435002
HIT 3 1885519020141 439 18413369592470487403
HIT 3 1889813987437 440 18018449631784422891
HIT 3 1894108954733 441 10286038657510132078
HIT 3 1902698889325 443 8017529441696668964
HIT 3 2040137842797 475 12255275153398109496
HIT 3 2044432810093 476 18011284371301525492
HIT 3 2048727777389 477 3760175499685003052
HIT 3 2057317711981 479 2231116007159262314
HIT 3 1894109085805 441 9620345158779344095
HIT 3 2048727908461 477 2650602351190904707
HIT 3 2048728170605 477 5138683639971772720
HIT 3 1902699348077 443 294415585616842096
HIT 3 2048728236141 477 8218678783304959945
HIT 3 2040138367085 475 13140771481767130796
HIT 3 2044433334381 476 10610270326351849175
HIT 3 2048728301677 477 10265256431453875368
HIT 3 2057318236269 479 5547290647953096741
HIT 3 2048728432749 477 12144598863813211529
HIT 3 2057320530029 479 8828121812876131547
HIT 3 1859746594927 433 13135126934597318513
HIT 3 1894106333295 441 658697821843195448
HIT 3 2048725155951 477 12728694627547248689
HIT 3 1894108954735 441 9658807582071003451
HIT 3 2048727777391 477 16870392675961918208
HIT 3 1859746463854 433 9520157262973908002
HIT 3 1894106202222 441 1259558780684447380
HIT 3 2048725024878 477 1480108523662399091
HIT 3 2048728301679 477 4336826788188148034
HIT 3 1696537772142 395 5077867839648976757
HIT 3 1859746529390 433 11321823175262453097
HIT 3 1894106267758 441 5459222420626022724
HIT 3 2048725090414 477 4677497721516687318
HIT 3 1851156660334 431 16541774594610294349
HIT 3 1855451627630 432 16437745185800977915
HIT 3 1859746594926 433 5853148839250482276
HIT 3 1868336529518 435 10945289471115835708
HIT 3 1885516398702 439 1188956578593220055
HIT 3 1889811365998 440 7411008274420518941
HIT 3 1894106333294 441 1627733415758840464
HIT 3 1902696267886 443 3921225015204933030
HIT 3 2040135221358 475 5838226840823324150
HIT 3 2044430188654 476 9729400061492569753
HIT 3 2048725155950 477 6028580522317426717
HIT 3 2057315090542 479 1929622346311459262
HIT 3 1859746725998 433 17116959727658774300
HIT 3 1894106464366 441 5244413483394698540
HIT 3 2048725287022 477 6290109032276235175
HIT 3 1894108823662 441 119911113378559766
HIT 3 2048727646318 477 14782112684619737107
HIT 3 1868339085422 435 17358807030606814530
HIT 3 1894108889198 441 10954852692683382705
HIT 3 2048727711854 477 549927217962457402
HIT 3 1885519020142 439 5373344569229274498
HIT 3 1889813987438 440 9381068002367321770
HIT 3 1894108954734 441 17154022214393763039
HIT 3 1902698889326 443 16783059781876553970
HIT 3 2040137842798 475 11790844582733703234
HIT 3 2044432810094 476 5429961586979951031
HIT 3 2048727777390 477 15487277743849391798
HIT 3 2057317711982 479 17366081469764288631
HIT 3 1894109085806 441 9234611858745272002
HIT 3 2048727908462 477 12823820431494282146
HIT 3 2048728170606 477 14103579919476716031
HIT 3 1902699348078 443 9951943156643540204
HIT 3 2048728236142 477 18334890570779625758
HIT 3 2040138367086 475 4517040957693947638
HIT 3 2044433334382 476 561010566748209076
HIT 3 2048728301678 477 627295625326814388
HIT 3 2057318236270 479 16465893443069929262
HIT 3 2048728432750 477 11860898588794914103
HIT 3 2057320530030 479 17783406325376572009
HIT 3 1859746594928 433 3707051674206979657
HIT 3 1894106333296 441 6135439624583497930
HIT 3 2048725155952 477 7411717016845070077
HIT 3 1894108954736 441 15184110937156456800
HIT 3 2048727777392 477 11148861091180145161
HIT 3 2048728301680 477 17988421624070824112
HIT 3 1859746594929 433 6515898384888889844
HIT 3 1894106333297 441 4331848167820475692
HIT 3 2048725155953 477 3510597408495141083
HIT 3 1894108954737 441 1876379492298057830
HIT 3 2048727777393 477 13102371021516943062
HIT 3 2048728301681 477 13909922381140876682
HIT 3 1859746594930 433 2709876060178177938
HIT 3 1894106333298 441 3792398986801118021
HIT 3 2048725155954 477 17131656688146358048
HIT 3 1894108954738 441 1624326372073640327
HIT 3 2048727777394 477 15329597764905892934
HIT 3 2048728301682 477 16251554938583204764
HIT 3 1859746594931 433 7505421490441423511
HIT 3 1894106333299 441 3763410779066334017
HIT 3 2048725155955 477 17378720611302930686
HIT 3 1894108954739 441 18224424043339818143
HIT 3 2048727777395 477 14399056092438048646
HIT 3 2048728301683 477 10129845557077449538
HIT 3 1859746594932 433 11511271884455863494
HIT 3 1894106333300 441 6131558667245961718
HIT 3 2048725155956 477 11629332099585504934
HIT 3 1894108954740 441 9455740971162589552
HIT 3 2048727777396 477 10661187287112863573
HIT 3 2048728301684 477 12056520744910099270
HIT 3 1859746594933 433 7973455033788026280
HIT 3 1894106333301 441 12038073137745485813
HIT 3 2048725155957 477 15442080943025930510
HIT 3 1894108954741 441 8440320969216215122
HIT 3 2048727777397 477 605534708483911650
HIT 3 2048728301685 477 5887618124123546146
HIT 3 1859746594934 433 10733788657540099070
HIT 3 1894106333302 441 17771548012391873089
HIT 3 2048725155958 477 2249627063605754544
HIT 3 1859746594935 433 544635728561981023
HIT 3 1894106333303 441 15913183657137924082
HIT 3 2048725155959 477 14202732156290165405
HIT 3 1894108954742 441 6698122742140746901
HIT 3 2048727777398 477 4958128247544876136
HIT 3 2048728301686 477 4213728276078140744
HIT 3 1894108954743 441 16459631266060008367
HIT 3 2048727777399 477 15651464856045203357
HIT 3 2048728301687 477 14519527887138852176
HIT 3 1859746594936 433 2309798221889610076
HIT 3 1894106333304 441 1363976102807532741
HIT 3 2048725155960 477 4671489297049386563
HIT 3 1894108954744 441 12791856758464195990
HIT 3 2048727777400 477 264818422984144505
HIT 3 2048728301688 477 12467935202689768188
HIT 3 1859746594938 433 6035024730577560399
HIT 3 1894106333306 441 12790327278200398728
HIT 3 2048725155962 477 14654123981284108965
HIT 3 1894108954746 441 4541741126210833856
HIT 3 2048727777402 477 5016370590800521517
HIT 3 2048728301690 477 10853917046478517246
HIT 3 1859746594937 433 12615606699672306090
HIT 3 1894106333305 441 2384564434641846067
HIT 3 2048725155961 477 9128936789777209702
HIT 3 1859746594940 433 15302722679081682255
HIT 3 1894106333308 441 9234924329561258130
HIT 3 2048725155964 477 2431092861443964865
HIT 3 1894108954745 441 1740923420206388283
HIT 3 2048727777401 477 15627959534723945821
HIT 3 2048728301689 477 5599087715981471889
HIT 3 1894108954748 441 907700673061923331
HIT 3 2048727777404 477 11115100924079652365
HIT 3 2048728301692 477 1510503723871947541
HIT 3 1859746594939 433 14361823719052422171
HIT 3 1894106333307 441 11818802253461906683
HIT 3 2048725155963 477 14987013885852137936
HIT 3 1894108954747 441 3254110333197745973
HIT 3 2048727777403 477 8445164857095569478
HIT 3 2048728301691 477 10616427572747492092
HIT 3 1859746594941 433 6166117985826792767
HIT 3 1894106333309 441 16528299983172605275
HIT 3 2048725155965 477 10530411964366869814
HIT 3 1894108954749 441 11593909665843583603
HIT 3 2048727777405 477 3947748192826638578
HIT 3 2048728301693 477 11382112325785501792
HIT 3 1859746594942 433 4721185383187837030
HIT 3 1894106333310 441 11871950463883977154
HIT 3 2048725155966 477 283332259528950721
HIT 3 1894108954750 441 11404660923772154949
HIT 3 2048727777406 477 11431367225343777121
HIT 3 2048728301694 477 11660908791141829991
HIT 3 1859746594943 433 4453496247578707271
HIT 3 1894106333311 441 7746242889594267470
HIT 3 2048725155967 477 2635282729965579698
HIT 3 1894108954751 441 18161208042792475903
HIT 3 2048727777407 477 9785598730797946459
HIT 3 2048728301695 477 1595309633770149872
HIT 3 1859746594944 433 2423058278458677794
HIT 3 1894106333312 441 5846465170576968883
HIT 3 2048725155968 477 1782654072280504788
HIT 3 1894108954752 441 17736771251182359454
HIT 3 2048727777408 477 4451192001946452015
HIT 3 2048728301696 477 1007888414716732409
HIT 3 1859746594945 433 1977844660204339214
HIT 3 1894106333313 441 12911330972083502982
HIT 3 2048725155969 477 4182819913868206231
HIT 3 1894108954753 441 4123169295251683649
HIT 3 2048727777409 477 4996717615027746445
HIT 3 2048728301697 477 15127819951382821665
HIT 3 1859746594946 433 7745782230900653430
HIT 3 1894106333314 441 14112199984516916433
HIT 3 2048725155970 477 2799612777715033766
HIT 3 1894108954754 441 1087568067836223383
HIT 3 2048727777410 477 13492192568253682719
HIT 3 2048728301698 477 9147947862940973008
HIT 3 1859746594947 433 686792781454375601
HIT 3 1894106333315 441 16366656522952424766
HIT 3 2048725155971 477 156332477086917184
HIT 3 1859746594948 433 3918462069934506347
HIT 3 1894106333316 441 16104805620821260325
HIT 3 2048725155972 477 8431177736962985309
HIT 3 1894108954755 441 14280811993431687510
HIT 3 2048727777411 477 13918924433716807821
HIT 3 2048728301699 477 13440347817812944466
HIT 3 1894108954756 441 1265974660499622359
HIT 3 2048727777412 477 8005291938650245967
HIT 3 2048728301700 477 9734811146333542601
HIT 3 1859746594949 433 12727014325773055528
HIT 3 1894106333317 441 3062084066678312922
HIT 3 2048725155973 477 7394358760415490685
HIT 3 1894108954757 441 4998830856950925750
HIT 3 2048727777413 477 2484441955444030726
HIT 3 2048728301701 477 10259940150888951190
HIT 3 1859746594950 433 11882909354345334580
HIT 3 1894106333318 441 5210407104209267756
HIT 3 2048725155974 477 17595239334648391082
HIT 3 1894108954758 441 17399619101329102886
HIT 3 2048727777414 477 12118439472810686536
HIT 3 2048728301702 477 16911256663747946211
HIT 3 1859746594952 433 14726018861280287611
HIT 3 1894106333320 441 7312806872359342166
HIT 3 2048725155976 477 13252238083491425666
HIT 3 1894108954760 441 14275219900781907512
HIT 3 2048727777416 477 13240397708423605450
HIT 3 2048728301704 477 12845988441076910327
HIT 3 1859746594951 433 3290848591486667357
HIT 3 1894106333319 441 13553655245465384699
HIT 3 2048725155975 477 5153316046884831718
HIT 3 1859746594953 433 5070666897890440269
HIT 3 1894106333321 441 11924470132811606203
HIT 3 2048725155977 477 1073446071386596821
HIT 3 1894108954761 441 13098836729631789901
HIT 3 2048727777417 477 2323151252552411901
HIT 3 1894108954759 441 789293821795785058
HIT 3 2048727777415 477 2949209343336550078
HIT 3 2048728301703 477 6671722088004757643
HIT 3 2048728301705 477 9212248587438644417
HIT 3 1859746594955 433 6458910332397709047
HIT 3 1894106333323 441 13271586895344134395
HIT 3 2048725155979 477 16801150745706018345
HIT 3 1894108954763 441 14268788416574489975
HIT 3 2048727777419 477 2099774382717946882
HIT 3 2048728301707 477 10065182743092662608
HIT 3 1859746594954 433 6811735476981994286
HIT 3 1894106333322 441 2740403536504804489
HIT 3 2048725155978 477 17683913052383517313
HIT 3 1894108954762 441 10895063884819484931
HIT 3 2048727777418 477 13014407444945112511
HIT 3 2048728301706 477 14152605964262059614
HIT 3 1859746594957 433 15363381458409421709
HIT 3 1894106333325 441 14648786530539340079
HIT 3 2048725155981 477 8550460728884630452
HIT 3 1859746594956 433 567150094016953969
HIT 3 1894106333324 441 12755387158382169326
HIT 3 2048725155980 477 4534883102971312328
HIT 3 1859746594958 433 2346183004512293947
HIT 3 1894106333326 441 1881771759173265213
HIT 3 2048725155982 477 10625037118250751870
HIT 3 1894108954764 441 9656971576736564450
HIT 3 2048727777420 477 1154445952496893646
HIT 3 1894108954765 441 2241222045488713325
HIT 3 2048727777421 477 3799805505201301024
HIT 3 2048728301709 477 8226138073354363633
HIT 3 1894108954766 441 127755642517680992
HIT 3 2048727777422 477 9877473831339550583
HIT 3 2048728301710 477 3179409218396458820
HIT 3 2048728301708 477 7247468811571923529
HIT 3 1859746594959 433 9846514809612000318
HIT 3 1894106333327 441 8424514603512811578
HIT 3 2048725155983 477 5174972187967536874
HIT 3 1894108954767 441 9909963115614885726
HIT 3 2048727777423 477 14379097206447448417
HIT 3 2048728301711 477 4721296753926492255
HIT 3 1859746594961 433 11823048428137967908
HIT 3 1894106333329 441 14650486302925145360
HIT 3 2048725155985 477 16870933239806721837
HIT 3 1894108954769 441 17465963804299160281
HIT 3 2048727777425 477 9529483496250889907
HIT 3 2048728301713 477 12177313183021259431
HIT 3 1859746594960 433 7104622563036231311
HIT 3 1894106333328 441 6302815233817103824
HIT 3 2048725155984 477 9090328617980988307
HIT 3 1859746594962 433 8348113215051393728
HIT 3 1894106333330 441 14641482772651650182
HIT 3 2048725155986 477 7280411804527400878
HIT 3 1894108954768 441 16514382087425498902
HIT 3 2048727777424 477 10332891317336524833
HIT 3 2048728301712 477 11320324369672051779
HIT 3 1894108954770 441 445753190484790605
HIT 3 2048727777426 477 1564245108732566696
HIT 3 2048728301714 477 8575241208574324292
HIT 3 1859746594963 433 7517777176836057031
HIT 3 1894106333331 441 2331363578960435371
HIT 3 2048725155987 477 17002181045493478694
HIT 3 1894108954771 441 8876279367169730410
HIT 3 2048727777427 477 9047517261231302538
HIT 3 2048728301715 477 17741672365029364733
HIT 3 1859746594965 433 16703174530222073633
HIT 3 1894106333333 441 14486111957112416314
HIT 3 2048725155989 477 3386030370388691964
HIT 3 1859746594966 433 15903689263896513049
HIT 3 1894106333334 441 5941250030675145246
HIT 3 2048725155990 477 17004363816125416373
HIT 3 1859746594964 433 14940299856681676380
HIT 3 1894106333332 441 18385396957222432922
HIT 3 2048725155988 477 13137828069435848808
HIT 3 1894108954773 441 15596009360528623706
HIT 3 2048727777429 477 14673707544511799104
HIT 3 2048728301717 477 566203477968686913
HIT 3 1894108954774 441 10328153800393333266
HIT 3 2048727777430 477 18185935486931414637
HIT 3 2048728301718 477 6508003069367267229
HIT 3 1894108954772 441 5817677148439978128
HIT 3 2048727777428 477 13772205536389301342
HIT 3 2048728301716 477 8591131572661338626
HIT 3 1859746594967 433 16643113315422356973
HIT 3 1894106333335 441 2571207768991254510
HIT 3 2048725155991 477 1505268073298835445
HIT 3 1894108954775 441 13969981617670776075
HIT 3 2048727777431 477 4072986605844684112
HIT 3 2048728301719 477 3188542050678144370
HIT 3 1859746594969 433 11814310677456891345
HIT 3 1894106333337 441 7636260729199526328
HIT 3 2048725155993 477 3931881522424898430
HIT 3 1859746594968 433 7872313819827755622
HIT 3 1894106333336 441 14812982000176400193
HIT 3 2048725155992 477 3626000357305961946
HIT 3 1894108954777 441 2461800499189715156
HIT 3 2048727777433 477 6118193840784866115
HIT 3 2048728301721 477 2673918810833028538
HIT 3 1894108954776 441 4898201078329684573
HIT 3 2048727777432 477 6531080554837194897
HIT 3 2048728301720 477 8976048165168393230
HIT 3 1859746594971 433 5343816386377151961
HIT 3 1894106333339 441 8248870356815237518
HIT 3 2048725155995 477 3798041004026782777
HIT 3 1894108954779 441 16705656170290002436
HIT 3 2048727777435 477 1340957806996215919
HIT 3 2048728301723 477 12644136165236634698
HIT 3 1859746594970 433 11650307188458473428
HIT 3 1894106333338 441 4173253759478160123
HIT 3 2048725155994 477 13456194544767288044
HIT 3 1859746594972 433 15471041933909278930
HIT 3 1894106333340 441 512636011144268717
HIT 3 2048725155996 477 4809346958671102086
HIT 3 1894108954780 441 7527447802205091700
HIT 3 2048727777436 477 6966240469642934273
HIT 3 2048728301724 477 645500717734808620
HIT 3 1894108954778 441 3691897472584352916
HIT 3 2048727777434 477 6370106800063970969
HIT 3 2048728301722 477 2978476957512180686
HIT 3 1859746594973 433 452666269100693778
HIT 3 1894106333341 441 478569015046932152
HIT 3 2048725155997 477 16786886718626762821
HIT 3 1894108954781 441 3607999774385219679
HIT 3 2048727777437 477 9683458833237248650
HIT 3 2048728301725 477 12034729274816127396
HIT 3 1859746594974 433 8267916692293744607
HIT 3 1894106333342 441 3418921906129208956
HIT 3 2048725155998 477 13941738763143512238
HIT 3 1894108954782 441 3058589754262573338
HIT 3 2048727777438 477 15845789333003505064
HIT 3 2048728301726 477 11185020100023974417
HIT 3 1859746594975 433 17147548763522294166
HIT 3 1894106333343 441 3095231943919518487
HIT 3 2048725155999 477 13255143189648738439
HIT 3 1894108954783 441 3880248452163520028
HIT 3 2048727777439 477 4740351684193801399
HIT 3 2048728301727 477 12267331641283056505
HIT 3 1859746594978 433 1228756761261311559
HIT 3 1894106333346 441 8492818992867959091
HIT 3 2048725156002 477 3501850497065936141
HIT 3 1859746594977 433 15270311147142978616
HIT 3 1894106333345 441 4160367724972476410
HIT 3 2048725156001 477 8447220321686832323
HIT 3 1894108954786 441 2465409448906924826
HIT 3 2048727777442 477 10996310040838864516
HIT 3 1859746594976 433 7860795894810546363
HIT 3 1894106333344 441 5690810422916507663
HIT 3 2048725156000 477 5186988945446307619
HIT 3 2048728301730 477 8012251990271713439
HIT 3 1894108954784 441 2746347500828019968
HIT 3 2048727777440 477 390533529898193260
HIT 3 2048728301728 477 15572572688554112751
HIT 3 1894108954785 441 17515041490510272296
HIT 3 2048727777441 477 5753195147627529825
HIT 3 2048728301729 477 10010530507890517321
HIT 3 1859746594979 433 12432179420376383376
HIT 3 1894106333347 441 15824510549234574473
HIT 3 2048725156003 477 6335467706653424415
HIT 3 1894108954787 441 15713873575272525303
HIT 3 2048727777443 477 2300044682272113368
HIT 3 2048728301731 477 8418985841514913800
HIT 3 1859746594980 433 8205711325756999530
HIT 3 1894106333348 441 17781646620442966974
HIT 3 2048725156004 477 6473860894367509261
HIT 3 1894108954788 441 3336142027810061426
HIT 3 2048727777444 477 14256147343485577446
HIT 3 2048728301732 477 12616686007329791635
HIT 3 1859746594982 433 12704932682526295662
HIT 3 1894106333350 441 11498134814642661321
HIT 3 2048725156006 477 13744345616586210251
HIT 3 1894108954790 441 14815486814261123671
HIT 3 2048727777446 477 10775549618027343317
HIT 3 2048728301734 477 15850121989767946706
HIT 3 1859746594981 433 9836027621179585244
HIT 3 1894106333349 441 6406042454897443576
HIT 3 2048725156005 477 8466390162441445831
HIT 3 1894108954789 441 115357149446516059
HIT 3 2048727777445 477 16241897556924149117
HIT 3 2048728301733 477 13219983302429213890
HIT 3 1859746594984 433 10637310603613934506
HIT 3 1894106333352 441 18432477327847728183
HIT 3 2048725156008 477 730766281954036754
HIT 3 1894108954792 441 12014113092411377195
HIT 3 2048727777448 477 14598434156144384785
HIT 3 2048728301736 477 3258802507717845204
HIT 3 1859746594986 433 17892409013020338988
HIT 3 1894106333354 441 6860828129101181404
HIT 3 2048725156010 477 16533483228984379212
HIT 3 1859746594983 433 6960486579940402577
HIT 3 1894106333351 441 4045227696661836039
HIT 3 2048725156007 477 15449473482980383400
HIT 3 1894108954794 441 1424777794037410659
HIT 3 2048727777450 477 10350921161278851481
HIT 3 2048728301738 477 7841516884456678928
HIT 3 1894108954791 441 1882783121277763626
HIT 3 2048727777447 477 11003012132039541370
HIT 3 2048728301735 477 5521651964993679358
HIT 3 1859746594988 433 1570048248674102993
HIT 3 1894106333356 441 16534406666849161093
HIT 3 2048725156012 477 14489096282063860642
HIT 3 1894108954796 441 10083702539298970408
HIT 3 2048727777452 477 17763513619974120622
HIT 3 2048728301740 477 17382574572580707312
HIT 3 1859746594985 433 4846685491833084256
HIT 3 1894106333353 441 13077569022997604437
HIT 3 2048725156009 477 11513100230704763209
HIT 3 1894108954793 441 11964427889334643857
HIT 3 2048727777449 477 16500092708081707986
HIT 3 2048728301737 477 17192070061098661008
HIT 3 1859746594987 433 7772428027818667986
HIT 3 1894106333355 441 12841515564679268895
HIT 3 2048725156011 477 17574759273355315582
HIT 3 1859746594990 433 4691622884669721534
HIT 3 1894106333358 441 5256684236434582343
HIT 3 2048725156014 477 12851176877682403966
HIT 3 1894108954798 441 11056860262048199851
HIT 3 2048727777454 477 5574071079016439101
HIT 3 2048728301742 477 2966723442553010451
HIT 3 1894108954795 441 15139559856452751021
HIT 3 2048727777451 477 11962924064246234956
HIT 3 2048728301739 477 3158874557776030634
HIT 3 1859746594991 433 3886249037165960526
HIT 3 1894106333359 441 9655188498582356342
HIT 3 2048725156015 477 16910385535125596208
HIT 3 1894108954799 441 1064381973956095457
HIT 3 2048727777455 477 12750108457074483693
HIT 3 2048728301743 477 14777902707336620190
HIT 3 1859746594989 433 10252401767242008381
HIT 3 1894106333357 441 15671195348913878062
HIT 3 2048725156013 477 8998094795910095090
HIT 3 1859746594993 433 5975737011983095354
HIT 3 1894106333361 441 11827585855388565537
HIT 3 2048725156017 477 2609879174879845264
HIT 3 1894108954797 441 7136476241778664282
HIT 3 2048727777453 477 4800579776482474529
HIT 3 2048728301741 477 9721039118906311278
HIT 3 1894108954801 441 5491437527959151190
HIT 3 2048727777457 477 7856331040863596609
HIT 3 2048728301745 477 10785502063846465411
HIT 3 1859746594992 433 11418520809404362617
HIT 3 1894106333360 441 2131086556056288515
HIT 3 2048725156016 477 17786258029040342155
HIT 3 1859746594994 433 9010600548463340848
HIT 3 1894106333362 441 14755927811686851516
HIT 3 2048725156018 477 11433640800472509482
HIT 3 1894108954800 441 6347936209561275645
HIT 3 2048727777456 477 583581066672740402
HIT 3 2048728301744 477 9257715827563544400
HIT 3 1894108954802 441 10685239458623726806
HIT 3 2048727777458 477 18197475387269414946
HIT 3 2048728301746 477 3542955874397626238
HIT 3 1859746594998 433 15109256143225994072
HIT 3 1894106333366 441 1383436083914437834
HIT 3 2048725156022 477 11455236275052816066
HIT 3 1859746594996 433 6643654003111775912
HIT 3 1894106333364 441 3499321584493594156
HIT 3 2048725156020 477 4618395582265330401
HIT 3 1894108954806 441 5380218362613816833
HIT 3 2048727777462 477 10056932359087667776
HIT 3 1894108954804 441 4989291544972858931
HIT 3 2048727777460 477 2217658362320469292
HIT 3 2048728301750 477 12816167813894018209
HIT 3 2048728301748 477 12273235221846096441
HIT 3 1859746594995 433 9277651186582224533
HIT 3 1894106333363 441 7975099112453247932
HIT 3 2048725156019 477 7845453503302705669
HIT 3 1894108954803 441 1287392564450396423
HIT 3 2048727777459 477 1941307050872251937
HIT 3 2048728301747 477 18402297167001459771
HIT 3 1859746594997 433 16159166834965878569
HIT 3 1894106333365 441 11226427963584374869
HIT 3 2048725156021 477 14610521708112237501
HIT 3 1894108954805 441 18313319268256596237
HIT 3 2048727777461 477 12120888124494240245
HIT 3 2048728301749 477 4206288612813210482
HIT 3 1859746594999 433 2899921831929092348
HIT 3 1894106333367 441 854018396346929481
HIT 3 2048725156023 477 12486118864364655987
HIT 3 1894108954807 441 2899895644201573924
HIT 3 2048727777463 477 17366906403731295133
HIT 3 2048728301751 477 8756120226894359091
HIT 3 1859746595002 433 10054992233801118127
HIT 3 1894106333370 441 12477077879926858234
HIT 3 2048725156026 477 9453877064280903659
HIT 3 1859746595003 433 12952994294895872041
HIT 3 1894106333371 441 16990651537579177337
HIT 3 2048725156027 477 17547055540312565
HIT 3 1859746595000 433 12965500658068251783
HIT 3 1894106333368 441 16070172095968768158
HIT 3 2048725156024 477 15055157754507342284
HIT 3 1894108954808 441 8680866166452559627
HIT 3 2048727777464 477 3134825896631172081
HIT 3 1894108954810 441 9634532893968929777
HIT 3 2048727777466 477 7016263912642214529
HIT 3 2048728301754 477 7875166768265592407
HIT 3 1894108954811 441 9644460695343639710
HIT 3 2048727777467 477 4087404944624789407
HIT 3 2048728301755 477 12521528722999500070
HIT 3 2048728301752 477 1670571158544922455
HIT 3 1859746595001 433 4284860170684976194
HIT 3 1894106333369 441 417885454980861251
HIT 3 2048725156025 477 13160396341712911482
HIT 3 1894108954809 441 5595065527053425054
HIT 3 2048727777465 477 18338401788150731950
HIT 3 2048728301753 477 12515662460201261071
HIT 3 1859746595004 433 11203123659594341479
HIT 3 1894106333372 441 8805307917222683015
HIT 3 2048725156028 477 1994460656431662803
HIT 3 1859746595005 433 12444388786422470507
HIT 3 1894106333373 441 11438779279729194148
HIT 3 2048725156029 477 6999884487023017401
HIT 3 1894108954812 441 12013595866590790551
HIT 3 2048727777468 477 1936794396167981616
HIT 3 2048728301756 477 13610530570965546958
HIT 3 1859746595006 433 12551256582636877379
HIT 3 1894106333374 441 2234160858947385930
HIT 3 2048725156030 477 11384121219639452274
HIT 3 1894108954814 441 7415972951109858022
HIT 3 2048727777470 477 13915087884563339987
HIT 3 1894108954813 441 1021370933712096706
HIT 3 2048727777469 477 18021931376027600019
HIT 3 2048728301757 477 8655343201040218745
HIT 3 2048728301758 477 18213790491846770578
HIT 3 1859746595007 433 3813336580283129451
HIT 3 1894106333375 441 12985882623701365505
HIT 3 2048725156031 477 12280432701817523524
HIT 3 1894108954815 441 5273239395928024187
HIT 3 2048727777471 477 4141624641116050836
HIT 3 2048728301759 477 8026362090503586415
HIT 3 1859746595008 433 11568987699711446588
HIT 3 1894106333376 441 13735416540096726448
HIT 3 2048725156032 477 12474389370217997037
HIT 3 1859746595009 433 11635980857817494841
HIT 3 1894106333377 441 6785392542070915170
HIT 3 2048725156033 477 14980198303296857588
HIT 3 1894108954817 441 5894960778449027600
HIT 3 2048727777473 477 18047747390436668944
HIT 3 1859746595010 433 5663091489068837653
HIT 3 1894106333378 441 1784383081704894638
HIT 3 2048725156034 477 1121328134905003614
HIT 3 1894108954816 441 12064508225497851547
HIT 3 2048727777472 477 14869533262337447467
HIT 3 2048728301760 477 16963786568648413101
HIT 3 2048728301761 477 12857666270150933870
HIT 3 1894108954818 441 3472715004053312488
HIT 3 2048727777474 477 3879439825110915202
HIT 3 2048728301762 477 15082979366054351326
HIT 3 1859746595011 433 13793839060637085023
HIT 3 1894106333379 441 16087735563197975688
HIT 3 2048725156035 477 2937164119842761221
HIT 3 1894108954819 441 10231057548413036750
HIT 3 2048727777475 477 9493010089493156534
HIT 3 2048728301763 477 12251053140952682361
HIT 3 1859746595013 433 2274302352121006317
HIT 3 1894106333381 441 8062380559187051838
HIT 3 2048725156037 477 14013795434803792506
HIT 3 1859746595012 433 17003544524713307254
HIT 3 1894106333380 441 13694339405515721000
HIT 3 2048725156036 477 14446192438989933425
HIT 3 1859746595014 433 2717673993041015577
HIT 3 1894106333382 441 4178286094171453819
HIT 3 2048725156038 477 6476631890487370620
HIT 3 1894108954822 441 17565256373692204582
HIT 3 2048727777478 477 17174007980307456648
HIT 3 1894108954821 441 11923126327543667001
HIT 3 2048727777477 477 12463505182920395988
HIT 3 2048728301765 477 6776479707192440937
HIT 3 1894108954820 441 13308318414743227828
HIT 3 2048727777476 477 16632831963650948687
HIT 3 2048728301764 477 12780739318186864890
HIT 3 2048728301766 477 4075575502535283078
HIT 3 1859746595015 433 5471950450556114036
HIT 3 1894106333383 441 10155430776999744104
HIT 3 2048725156039 477 8156479110506313299
HIT 3 1894108954823 441 5551758383986580478
HIT 3 2048727777479 477 17147069210700521498
HIT 3 2048728301767 477 13130896313502854739
HIT 3 1859746595016 433 15557163287787570277
HIT 3 1894106333384 441 16422308638529548471
HIT 3 2048725156040 477 17237168400158850097
HIT 3 1859746595017 433 5216505690308906991
HIT 3 1894106333385 441 4468658659648280399
HIT 3 2048725156041 477 3544788792234559745
HIT 3 1859746595018 433 1047157277691644856
HIT 3 1894106333386 441 17279891114048104899
HIT 3 2048725156042 477 5792290434121379532
HIT 3 1894108954825 441 2922845584535416055
HIT 3 2048727777481 477 6757206358585061624
HIT 3 2048728301769 477 10740951299558397110
HIT 3 1894108954824 441 10385396114150744147
HIT 3 2048727777480 477 392577391645289619
HIT 3 2048728301768 477 7667624152356591706
HIT 3 1859746595019 433 5663055572027281557
HIT 3 1894106333387 441 12160688113430012866
HIT 3 2048725156043 477 11519186348877429937
HIT 3 1894108954826 441 15291530264983252682
HIT 3 2048727777482 477 10596200009785012969
HIT 3 2048728301770 477 10602005623254762946
HIT 3 1894108954827 441 17978234524434482415
HIT 3 2048727777483 477 15206974561707124514
HIT 3 2048728301771 477 7375906401127033755
HIT 3 1859746595021 433 10542847061890482700
HIT 3 1894106333389 441 9174408766974060904
HIT 3 2048725156045 477 4551798350280548984
HIT 3 1859746595020 433 8617076565854252874
HIT 3 1894106333388 441 10411683943675219459
HIT 3 2048725156044 477 15056297400196817473
HIT 3 1894108954829 441 7482692185908333383
HIT 3 2048727777485 477 6403750046238238283
HIT 3 2048728301773 477 15765931294019361583
HIT 3 1859746595023 433 1308387266534471
HIT 3 1894106333391 441 6150850962279485278
HIT 3 2048725156047 477 16568864879872985708
HIT 3 1894108954828 441 11313873682553093093
HIT 3 2048727777484 477 17853523858908714206
HIT 3 2048728301772 477 15557158458646852514
HIT 3 1894108954831 441 16688717149139462232
HIT 3 2048727777487 477 10285934710336521109
HIT 3 2048728301775 477 17517933217785494205
HIT 3 1859746595022 433 6554408163591297338
HIT 3 1894106333390 441 15820093068317251654
HIT 3 2048725156046 477 4606280738972124588
HIT 3 1894108954830 441 16551607999655679361
HIT 3 2048727777486 477 11755411207075016047
HIT 3 2048728301774 477 5068690663981981979
HIT 3 1859746595024 433 5327873315757778719
HIT 3 1894106333392 441 4133301969402033328
HIT 3 2048725156048 477 34859596919834799
HIT 3 1859746595025 433 7947688778675935171
HIT 3 1894106333393 441 10603523716618330920
HIT 3 2048725156049 477 15530482026851570652
HIT 3 1894108954833 441 16326355685329773894
HIT 3 2048727777489 477 7786159113566392453
HIT 3 1894108954832 441 64456197023897077
HIT 3 2048727777488 477 4178358138492046793
HIT 3 2048728301776 477 10845276883429291150
HIT 3 1859746595026 433 15444371210184036601
HIT 3 1894106333394 441 2343783549312250998
HIT 3 2048725156050 477 2076256879147945900
HIT 3 2048728301777 477 7660963394664928235
HIT 3 1894108954834 441 3179616422264383221
HIT 3 2048727777490 477 4661262559418639395
HIT 3 2048728301778 477 4277690867448521673
HIT 3 1859746595027 433 17672976463191784097
HIT 3 1894106333395 441 18079152786501578746
HIT 3 2048725156051 477 3908329528240513480
HIT 3 1894108954835 441 17402753353235670237
HIT 3 2048727777491 477 5462239391561217268
HIT 3 2048728301779 477 6568532421568666585
HIT 3 1859746595028 433 8764639295889979380
HIT 3 1894106333396 441 12028993387084824861
HIT 3 2048725156052 477 11998238627448096829
HIT 3 1859746595029 433 12996817355407438570
HIT 3 1894106333397 441 17545414390243557687
HIT 3 2048725156053 477 7656074117875404526
HIT 3 1859746595030 433 18417782336851491977
HIT 3 1894106333398 441 17391062979377813424
HIT 3 2048725156054 477 14291310609070408099
HIT 3 1894108954838 441 5773806943432585042
HIT 3 2048727777494 477 8590478207017229751
HIT 3 1894108954837 441 16605956386527984311
HIT 3 2048727777493 477 17524787827611056610
HIT 3 2048728301781 477 13411685660271414190
HIT 3 1894108954836 441 7935471725078658469
HIT 3 2048727777492 477 15711167875699055930
HIT 3 2048728301780 477 17734377781162429725
HIT 3 2048728301782 477 17583571868637384133
HIT 3 1859746595031 433 11116411274048584528
HIT 3 1894106333399 441 4907798888050264845
HIT 3 2048725156055 477 6588359590767057392
HIT 3 1894108954839 441 912652605573690485
HIT 3 2048727777495 477 15117020631038008261
HIT 3 1859746595032 433 177039550968721418
HIT 3 1894106333400 441 6215644797458408543
HIT 3 2048725156056 477 11912219006998823379
HIT 3 1894108954840 441 2327976891823145005
HIT 3 2048727777496 477 13296697415116874434
HIT 3 2048728301784 477 8385691433009096436
HIT 3 1859746595034 433 650851681697969499
HIT 3 1894106333402 441 58310034056281806
HIT 3 2048725156058 477 14210326861322723750
HIT 3 1859746595033 433 5298931564729719055
HIT 3 1894106333401 441 2706626769489373717
HIT 3 2048725156057 477 5458387032531188096
HIT 3 2048728301783 477 10805175687179426009
HIT 3 1894108954841 441 9090042567025469886
HIT 3 2048727777497 477 2151355464429726740
HIT 3 2048728301785 477 4129397598028704760
HIT 3 1894108954842 441 16086334794071708706
HIT 3 2048727777498 477 16188745045373127177
HIT 3 2048728301786 477 2881557587449883572
HIT 3 1859746595035 433 2368451714091536539
HIT 3 1894106333403 441 8261600985811669718
HIT 3 2048725156059 477 17623636670675541537
HIT 3 1859746595037 433 13953626817687373759
HIT 3 1894106333405 441 3299524700344868290
HIT 3 2048725156061 477 14664892805459275299
HIT 3 1859746595036 433 2414468486932722997
HIT 3 1894106333404 441 11000022527823003673
HIT 3 2048725156060 477 420766877509835610
HIT 3 1894108954843 441 6851656032976012418
HIT 3 2048727777499 477 9445180914560534622
HIT 3 2048728301787 477 12907130413521664789
HIT 3 1894108954844 441 9418418482992142676
HIT 3 2048727777500 477 12946685569346832358
HIT 3 1894108954845 441 2712643531556663670
HIT 3 2048727777501 477 15995292867081228550
HIT 3 2048728301789 477 18325240665022486268
HIT 3 1859746595038 433 15137492517174577759
HIT 3 1894106333406 441 17396522670094091290
HIT 3 2048725156062 477 16051519097352915076
HIT 3 1894108954846 441 9585270091531239690
HIT 3 2048727777502 477 17278905951008016526
HIT 3 2048728301790 477 3101677710810201017
HIT 3 2048728301788 477 2149659132344868823
HIT 3 1859746595041 433 8695611748982195718
HIT 3 1894106333409 441 17154846451658084396
HIT 3 2048725156065 477 7159928226503204958
HIT 3 1859746595040 433 2937107173217601109
HIT 3 1894106333408 441 13292617185724548036
HIT 3 2048725156064 477 14286965130874442719
HIT 3 1859746595042 433 8172418886333301571
HIT 3 1894106333410 441 15493150690758165699
HIT 3 2048725156066 477 9870207599847429589
HIT 3 1859746595039 433 10423321355085485562
HIT 3 1894106333407 441 16855162666653056402
HIT 3 1894108954849 441 6642323369379700552
HIT 3 2048725156063 477 1496952016993519006
HIT 3 2048727777505 477 10888731365668141008
HIT 3 2048728301793 477 10479892979614011898
HIT 3 1894108954848 441 11372679712544003776
HIT 3 2048727777504 477 4167670156922526069
HIT 3 2048728301792 477 1744775903377932206
HIT 3 1894108954847 441 4483510990167381940
HIT 3 2048727777503 477 5653750280554593633
HIT 3 2048728301791 477 13776710785758290644
HIT 3 1894108954850 441 10009320564204226931
HIT 3 2048727777506 477 4743796741489005459
HIT 3 2048728301794 477 8277242756754969355
HIT 3 1859746595044 433 15878797907242685187
HIT 3 1894106333412 441 10968389700664663753
HIT 3 2048725156068 477 9845766988355546472
HIT 3 1859746595043 433 12929460310241595276
HIT 3 1894106333411 441 5194406243634121529
HIT 3 2048725156067 477 8211879978486794854
HIT 3 1894108954852 441 12074686847135001425
HIT 3 2048727777508 477 6675504074874002087
HIT 3 2048728301796 477 5831238212424031300
HIT 3 1859746595046 433 14530656676285347893
HIT 3 1894106333414 441 695192255361539482
HIT 3 2048725156070 477 240698491528918668
HIT 3 1894108954851 441 17831251640561597689
HIT 3 2048727777507 477 9924549987074609877
HIT 3 2048728301795 477 13991045221270483492
HIT 3 1894108954854 441 10399659683161139924
HIT 3 2048727777510 477 3535322243701900732
HIT 3 2048728301798 477 17971513672272153885
HIT 3 1859746595045 433 18003145084918473215
HIT 3 1894106333413 441 14699733218313813195
HIT 3 2048725156069 477 6460160617374214953
HIT 3 1894108954853 441 8681399330462825202
HIT 3 2048727777509 477 363775543575043637
HIT 3 2048728301797 477 18107021256763098151
HIT 3 1859746595047 433 16618040015074402854
HIT 3 1894106333415 441 2027389005379164087
HIT 3 2048725156071 477 6658659338064646457
HIT 3 1859746595048 433 6283015462686262591
HIT 3 1894106333416 441 12580440447533408009
HIT 3 2048725156072 477 1814865851263894602
HIT 3 1894108954855 441 6058502051994590489
HIT 3 2048727777511 477 11287339580259271447
HIT 3 2048728301799 477 12311784890741125788
HIT 3 1894108954856 441 16590161570848856581
HIT 3 2048727777512 477 6750845643311387051
HIT 3 2048728301800 477 10132392210630919373
HIT 3 1859746595049 433 12050162407287499673
HIT 3 1894106333417 441 13719573859981988435
HIT 3 2048725156073 477 16456866832702936926
HIT 3 1894108954857 441 13724674640578406768
HIT 3 2048727777513 477 2426171321550193665
HIT 3 2048728301801 477 14444515431430911244
HIT 3 1859746595050 433 3825987423912027262
HIT 3 1894106333418 441 13855287594059678623
HIT 3 2048725156074 477 10021758921389197503
HIT 3 1859746595051 433 6356788119105437800
HIT 3 1894106333419 441 3318107776032130850
HIT 3 2048725156075 477 662936578182754754
HIT 3 1859746595052 433 17218117978759584181
HIT 3 1894106333420 441 3968353279374009244
HIT 3 2048725156076 477 4554892517260381119
HIT 3 1894108954859 441 896631161705072096
HIT 3 2048727777515 477 17799035548593810721
HIT 3 2048728301803 477 2421881205320650276
HIT 3 1894108954858 441 8080883598727820578
HIT 3 2048727777514 477 12969725228251498331
HIT 3 2048728301802 477 13995590108354349517
HIT 3 1894108954860 441 4204144141447953110
HIT 3 2048727777516 477 17823889426486308892
HIT 3 2048728301804 477 16029297970721469008
HIT 3 1859746595053 433 4274229235238351148
HIT 3 1894106333421 441 6176045382677561663
HIT 3 2048725156077 477 3397827923220973312
HIT 3 1894108954861 441 8654196443234749853
HIT 3 2048727777517 477 1843950977425738578
HIT 3 2048728301805 477 2603090665469816963
HIT 3 1859746595054 433 15068281070202757956
HIT 3 1894106333422 441 10962452352145918362
HIT 3 2048725156078 477 8610840733996707123
HIT 3 1859746595056 433 11764661754026969315
HIT 3 1894106333424 441 12772560016865042498
HIT 3 2048725156080 477 3332836742708224728
HIT 3 1894108954862 441 12361779541839806756
HIT 3 2048727777518 477 2790616474855200574
HIT 3 2048728301806 477 9351181106863245204
HIT 3 1894108954864 441 12663152671794120211
HIT 3 2048727777520 477 7540398631510192301
HIT 3 2048728301808 477 555425058089018175
HIT 3 1859746595055 433 7122313187356058959
HIT 3 1894106333423 441 706611657560932849
HIT 3 2048725156079 477 7099365125551171497
HIT 3 1859746595057 433 9750242283428925819
HIT 3 1894106333425 441 12141294509557448652
HIT 3 2048725156081 477 10942098753477233012
HIT 3 1894108954865 441 8231358276422947300
HIT 3 2048727777521 477 12384870910962573833
HIT 3 1894108954863 441 8566606616783840728
HIT 3 2048727777519 477 3068722801324281437
HIT 3 2048728301807 477 9831181523969547158
HIT 3 2048728301809 477 12651782184249799533
HIT 3 1859746595058 433 14237201574160467937
HIT 3 1894106333426 441 7713115995791456519
HIT 3 2048725156082 477 3922121217296474441
HIT 3 1894108954866 441 4857065563777128765
HIT 3 2048727777522 477 10796636906655692462
HIT 3 2048728301810 477 11655055228493944931
HIT 3 1859746595059 433 7976015144294006214
HIT 3 1894106333427 441 8492798577436854857
HIT 3 2048725156083 477 17318449189714493087
HIT 3 1894108954867 441 2141843843906236401
HIT 3 2048727777523 477 5195895567635197206
HIT 3 2048728301811 477 18151924359940383491
HIT 3 1859746595061 433 6216527633887342794
HIT 3 1894106333429 441 9916876340771843160
HIT 3 2048725156085 477 15006913654888654330
HIT 3 1894108954869 441 3887203952762321456
HIT 3 2048727777525 477 16958579317063639799
HIT 3 2048728301813 477 2646163693697978806
HIT 3 1859746595060 433 6436591751460184669
HIT 3 1894106333428 441 17269114169787665021
HIT 3 2048725156084 477 21991564256683264
HIT 3 1894108954868 441 1043661286038419342
HIT 3 2048727777524 477 17414068859576805858
HIT 3 2048728301812 477 5967050803762051598
HIT 3 1859746595062 433 44011639278426688
HIT 3 1894106333430 441 16736064928685035989
HIT 3 2048725156086 477 245093922083667224
HIT 3 1859746595063 433 1684489456264952108
HIT 3 1894106333431 441 6857510895441029675
HIT 3 2048725156087 477 16313168703400224966
HIT 3 1894108954870 441 6871807092036377240
HIT 3 2048727777526 477 9635527410661640460
HIT 3 2048728301814 477 7999709168206370979
HIT 3 1894108954871 441 3652229409637426826
HIT 3 2048727777527 477 8835688054201795731
HIT 3 2048728301815 477 1520393076477326278
HIT 3 1859746595064 433 3055176634962795814
HIT 3 1894106333432 441 2178616605186907424
HIT 3 2048725156088 477 9321753244574937265
HIT 3 1894108954872 441 5786585213854760364
HIT 3 2048727777528 477 18361077169870210643
HIT 3 2048728301816 477 6800227912082018489
HIT 3 1859746595065 433 4247049006849461608
HIT 3 1894106333433 441 6720561076495829683
HIT 3 2048725156089 477 14921756682312330216
HIT 3 1894108954873 441 10718550003420213500
HIT 3 2048727777529 477 9020552214464548713
HIT 3 2048728301817 477 10161439633198551972
HIT 3 1859746595066 433 8145652716497196582
HIT 3 1894106333434 441 17619888073707897421
HIT 3 2048725156090 477 16380755207805283969
HIT 3 1859746595067 433 2892670769678522951
HIT 3 1894106333435 441 4880369639913658977
HIT 3 2048725156091 477 6689439458547060422
HIT 3 1894108954874 441 1988383534451866731
HIT 3 2048727777530 477 14035113167444087748
HIT 3 2048728301818 477 15933695431857155623
HIT 3 1894108954875 441 8309061720248784222
HIT 3 2048727777531 477 16068053561396126605
HIT 3 2048728301819 477 1314132785971135975
HIT 3 1859746595068 433 10453320089462896456
HIT 3 1894106333436 441 7335949654271872268
HIT 3 2048725156092 477 7934824056194911138
HIT 3 1894108954876 441 13520722246034941739
HIT 3 2048727777532 477 4792670525824354999
HIT 3 2048728301820 477 16514286781291286718
HIT 3 1859746595069 433 9072417507294811648
HIT 3 1894106333437 441 2457819704349539248
HIT 3 2048725156093 477 6757559138247476087
HIT 3 1894108954877 441 17004230583541566576
HIT 3 2048727777533 477 18215921000727534022
HIT 3 2048728301821 477 10108048829689254428
HIT 3 1859746595070 433 15433960878636249206
HIT 3 1894106333438 441 15339886763690885919
HIT 3 2048725156094 477 6119656128950948002
HIT 3 1859746595071 433 1380813370194311626
HIT 3 1894106333439 441 318495612392146120
HIT 3 2048725156095 477 3945879672748747518
HIT 3 1894108954879 441 9680343982102679632
HIT 3 2048727777535 477 16279799463049459974
HIT 3 1894108954878 441 4211398797598402727
HIT 3 2048727777534 477 5666058735752180010
HIT 3 2048728301822 477 6286318868724840109
HIT 3 2048728301823 477 9343161807943413660
HIT 3 1859746595072 433 16893172501584494762
HIT 3 1894106333440 441 11133274353152424115
HIT 3 2048725156096 477 15463102839259708456
HIT 3 1894108954880 441 4157402821928960064
HIT 3 2048727777536 477 15344791949736964852
HIT 3 2048728301824 477 17206215400579444611
HIT 3 1859746595073 433 12603302117031243386
HIT 3 1894106333441 441 18348395106738626410
HIT 3 2048725156097 477 6267885148453534887
HIT 3 1894108954881 441 666157941396976972
HIT 3 2048727777537 477 7448785768998465714
HIT 3 2048728301825 477 10040614039922762135
HIT 3 1859746595074 433 6202822818782405805
HIT 3 1894106333442 441 7224307336145214904
HIT 3 2048725156098 477 4583165003603454568
HIT 3 1894108954882 441 1609836862286033151
HIT 3 2048727777538 477 17258389334677786246
HIT 3 2048728301826 477 7378369161378763595
HIT 3 1859746595075 433 7504772087342562007
HIT 3 1894106333443 441 9294970913418649290
HIT 3 2048725156099 477 11674791395444732083
HIT 3 1894108954883 441 2267250926278087826
HIT 3 2048727777539 477 16729902425016863470
HIT 3 2048728301827 477 8112763415823140737
HIT 3 1859746595076 433 8890341923232099178
HIT 3 1894106333444 441 10400409785961286338
HIT 3 2048725156100 477 6064277423740854980
HIT 3 1894108954884 441 14053196343671216205
HIT 3 2048727777540 477 9895558624933391224
HIT 3 2048728301828 477 13632292591907507914
HIT 3 1859746595077 433 15457131378589371499
HIT 3 1894106333445 441 5929372073875058321
HIT 3 2048725156101 477 10283360215968066636
HIT 3 1894108954885 441 13670021513484950073
HIT 3 2048727777541 477 10081989550873755346
HIT 3 2048728301829 477 7873640581112181591
HIT 3 1859746595078 433 1145129184115342073
HIT 3 1894106333446 441 5138455552031581999
HIT 3 2048725156102 477 1259024042946731445
HIT 3 1859746595079 433 8499285928716963377
HIT 3 1894106333447 441 7444804527697581811
HIT 3 2048725156103 477 14560243727066528082
HIT 3 1894108954886 441 5728387342744363117
HIT 3 2048727777542 477 635546546665770429
HIT 3 2048728301830 477 1354825211762725419
HIT 3 1894108954887 441 3070908368165529196
HIT 3 2048727777543 477 6014720034429561370
HIT 3 2048728301831 477 4814935980378953304
HIT 3 1859746595080 433 1111957478069420852
HIT 3 1894106333448 441 17930974086442662884
HIT 3 2048725156104 477 8567901693983094805
HIT 3 1894108954888 441 7726360395601479416
HIT 3 2048727777544 477 8794791636992547782
HIT 3 2048728301832 477 7918733726222953851
HIT 3 1859746595081 433 8698819307203239056
HIT 3 1859746595082 433 3429216383824965936
HIT 3 1894106333449 441 10193683281164829961
HIT 3 1894106333450 441 5342711085636130457
HIT 3 2048725156105 477 3650176269427313421
HIT 3 2048725156106 477 14494915374633330285
HIT 3 1894108954890 441 5706292022556982994
HIT 3 1894108954889 441 15654195116692209092
HIT 3 2048727777545 477 111125258137521802
HIT 3 2048728301833 477 3566218878144611852
HIT 3 2048727777546 477 2190342895190855213
HIT 3 2048728301834 477 14676073230774873719
HIT 3 1859746595083 433 1691436046308458922
HIT 3 1894106333451 441 3521605552110299271
HIT 3 2048725156107 477 4190353015416421257
HIT 3 1894108954891 441 10178125140906632159
HIT 3 2048727777547 477 3542049367131353243
HIT 3 2048728301835 477 6646131014590062258
HIT 3 1859746595085 433 11726441377650357556
HIT 3 1894106333453 441 3266015494902442147
HIT 3 2048725156109 477 14750028405856718906
HIT 3 1894108954893 441 6003859238738626035
HIT 3 2048727777549 477 7448681374699062578
HIT 3 2048728301837 477 10977723816064530615
HIT 3 1859746595084 433 1084786245824595738
HIT 3 1894106333452 441 5739859142553548859
HIT 3 2048725156108 477 2735926560595608644
HIT 3 1859746595087 433 10428495552360243551
HIT 3 1894106333455 441 10759975043640710076
HIT 3 2048725156111 477 8348415549558004269
HIT 3 1859746595086 433 10576284338083924846
HIT 3 1894106333454 441 5647293272993862466
HIT 3 2048725156110 477 17677706880435814811
HIT 3 1894108954892 441 8226826107568922745
HIT 3 2048727777548 477 15707569235432501739
HIT 3 2048728301836 477 3024597503487914147
HIT 3 1894108954895 441 3638138649295683569
HIT 3 2048727777551 477 5954200990467297918
HIT 3 2048728301839 477 5527523577344598549
HIT 3 1894108954894 441 17338340440226567267
HIT 3 2048727777550 477 7444782682188467078
HIT 3 2048728301838 477 5317451019808136473
HIT 3 1859746595088 433 1223327775810950570
HIT 3 1894106333456 441 4290260904448670253
HIT 3 2048725156112 477 14841954345314996131
HIT 3 1894108954896 441 10684147191269555077
HIT 3 2048727777552 477 5664085621080187185
HIT 3 2048728301840 477 18340999240052902698
HIT 3 1859746595090 433 4802497670710414280
HIT 3 1894106333458 441 2226428761085496473
HIT 3 2048725156114 477 13337551745937392093
HIT 3 1894108954898 441 5245716699144700289
HIT 3 2048727777554 477 4659787778173048223
HIT 3 2048728301842 477 8968274896808606653
HIT 3 1859746595089 433 10957259399564172680
HIT 3 1894106333457 441 4180889843108271412
HIT 3 2048725156113 477 13611723251729800563
HIT 3 1859746595091 433 6689187106578812993
HIT 3 1894106333459 441 15961375673997788822
HIT 3 2048725156115 477 17803601238120047199
HIT 3 1894108954897 441 429442111795785296
HIT 3 2048727777553 477 5365578811457479285
HIT 3 2048728301841 477 282640484942265635
HIT 3 1859746595092 433 17204107042760062572
HIT 3 1894106333460 441 13939572468414289943
HIT 3 2048725156116 477 10039701377200335881
HIT 3 1894108954899 441 13475332860911213649
HIT 3 2048727777555 477 18300607773574829827
HIT 3 2048728301843 477 1258159653961326727
HIT 3 1859746595093 433 3442898484364934406
HIT 3 1894106333461 441 13188624545324786609
HIT 3 2048725156117 477 9434618873997245471
HIT 3 1894108954900 441 2658784255262344746
HIT 3 2048727777556 477 4043568668076040845
HIT 3 2048728301844 477 13131015311138239585
HIT 3 1894108954901 441 9558993043121457875
HIT 3 2048727777557 477 5239109063261020807
HIT 3 2048728301845 477 12494976951669194749
HIT 3 1859746595097 433 4698683138048207533
HIT 3 1894106333465 441 8652190485340126010
HIT 3 2048725156121 477 1035327890112866735
HIT 3 1894108954905 441 13834156753731742468
HIT 3 2048727777561 477 50333647290262738
HIT 3 2048728301849 477 3526138710586178517
HIT 3 1859746595094 433 6801420558481580320
HIT 3 1894106333462 441 16952336081591751774
HIT 3 2048725156118 477 8363172814402283002
HIT 3 1859746595096 433 8442540730592325173
HIT 3 1894106333464 441 4747295993158678730
HIT 3 2048725156120 477 13546935795585408005
HIT 3 1894108954902 441 9269413744602293659
HIT 3 2048727777558 477 9884507424314633997
HIT 3 2048728301846 477 9888009313172316320
HIT 3 1859746595095 433 11966714937026136993
HIT 3 1894106333463 441 8734122035112883762
HIT 3 2048725156119 477 10793001566906995682
HIT 3 1894108954904 441 6438138813727393731
HIT 3 2048727777560 477 4311232906306951007
HIT 3 2048728301848 477 3441213452329777854
HIT 3 1894108954903 441 9969907708509758207
HIT 3 2048727777559 477 8345751820258946268
HIT 3 2048728301847 477 17192469301782449687
HIT 3 1859746595098 433 9420438350825442753
HIT 3 1894106333466 441 6933997278685773296
HIT 3 2048725156122 477 9610719726081604740
HIT 3 1894108954906 441 17530060893229110565
HIT 3 2048727777562 477 5962149865098846748
HIT 3 2048728301850 477 4311612651004252148
HIT 3 1859746595099 433 9417917825118179915
HIT 3 1894106333467 441 1010380877180582188
HIT 3 2048725156123 477 7556717968724485397
HIT 3 1894108954907 441 7651092564781432538
HIT 3 2048727777563 477 15457647864838754511
HIT 3 2048728301851 477 12019194692025916748
HIT 3 1859746595101 433 3391910426082332486
HIT 3 1894106333469 441 2078457792688820125
HIT 3 2048725156125 477 11815620407682093625
HIT 3 1859746595102 433 14161781530522964874
HIT 3 1894106333470 441 1964385248581158282
HIT 3 2048725156126 477 6559807188075071894
HIT 3 1859746595100 433 12884333332314749222
HIT 3 1894106333468 441 8850227363413609680
HIT 3 2048725156124 477 8778786497249946002
HIT 3 1894108954909 441 16635105193388764261
HIT 3 2048727777565 477 11112185413772991910
HIT 3 2048728301853 477 12915809565859612397
HIT 3 1894108954908 441 7614116779217645690
HIT 3 2048727777564 477 9553537522642210723
HIT 3 2048728301852 477 7874188302924173694
HIT 3 1894108954910 441 9764620337893740300
HIT 3 2048727777566 477 3027978310541966389
HIT 3 2048728301854 477 2044114164984233485
HIT 3 1859746595103 433 11274760259451300125
HIT 3 1894106333471 441 3633315723732724821
HIT 3 2048725156127 477 15507441391327246288
HIT 3 1894108954911 441 14736171165408211460
HIT 3 2048727777567 477 9982518332334715445
HIT 3 2048728301855 477 13287045907972541156
HIT 3 1859746595104 433 9196700211471680988
HIT 3 1894106333472 441 13022030143133903966
HIT 3 2048725156128 477 1930595434501684443
HIT 3 1859746595105 433 11400029470538704361
HIT 3 1894106333473 441 15284400036884873384
HIT 3 2048725156129 477 5073275565650388735
HIT 3 1859746595106 433 2560123994469010636
HIT 3 1894106333474 441 9405305847758512973
HIT 3 2048725156130 477 7745872211726221197
HIT 3 1859746595107 433 3736726825276405883
HIT 3 1894106333475 441 8359747025288731604
HIT 3 2048725156131 477 18094657548558491284
HIT 3 1894108954912 441 11702780401793789466
HIT 3 2048727777568 477 62460821375479014
HIT 3 2048728301856 477 3875367999436293514
HIT 3 1894108954914 441 9273384804426503418
HIT 3 2048727777570 477 14021534998293675194
HIT 3 2048728301858 477 2257933867156695491
HIT 3 1894108954913 441 14783127338795715221
HIT 3 2048727777569 477 4912722115442264737
HIT 3 1894108954915 441 15739731975813940376
HIT 3 2048727777571 477 1919538009844287453
HIT 3 2048728301857 477 4431494308531930686
HIT 3 2048728301859 477 1198707737310557320
HIT 3 1859746595111 433 13061117237222394616
HIT 3 1894106333479 441 17759353492190153024
HIT 3 2048725156135 477 1978881740846610159
HIT 3 1894108954919 441 15665087512768539878
HIT 3 2048727777575 477 5344203545667668917
HIT 3 2048728301863 477 2236656726336507019
HIT 3 1859746595110 433 723395136141805173
HIT 3 1894106333478 441 18214559474997470044
HIT 3 2048725156134 477 11849710270550227988
HIT 3 1894108954918 441 1892653976215145994
HIT 3 2048727777574 477 11876283684459082332
HIT 3 1859746595108 433 15198989415267159742
HIT 3 1894106333476 441 15524380179595038498
HIT 3 2048725156132 477 3885420715576950811
HIT 3 2048728301862 477 8994911629495696235
HIT 3 1894108954916 441 4025512176500339584
HIT 3 2048727777572 477 14428814058472935906
HIT 3 2048728301860 477 7008881182041110895
HIT 3 1859746595109 433 11467111212958570274
HIT 3 1894106333477 441 8054622799908994544
HIT 3 2048725156133 477 10802803099110892793
HIT 3 1894108954917 441 16666911514822493555
HIT 3 2048727777573 477 346948598191230934
HIT 3 1859746595112 433 447290763823890890
HIT 3 1894106333480 441 5501536448554707627
HIT 3 2048725156136 477 4564668669502794837
HIT 3 2048728301861 477 9238754254066338878
HIT 3 1859746595113 433 6652339779645493018
HIT 3 1894106333481 441 10207017149669807470
HIT 3 2048725156137 477 4041318715757241005
HIT 3 1894108954920 441 4681639091844569946
HIT 3 2048727777576 477 14330034520780451897
HIT 3 2048728301864 477 17934416704100750408
HIT 3 1894108954921 441 9020242674264674003
HIT 3 2048727777577 477 17690209112674125459
HIT 3 2048728301865 477 7211036551353526750
HIT 3 1859746595114 433 13561966900998021728
HIT 3 1894106333482 441 12187820157851162561
HIT 3 2048725156138 477 4561429816569320996
HIT 3 1894108954922 441 4488566594905520303
HIT 3 2048727777578 477 15233444878579825490
HIT 3 2048728301866 477 12570021097605464609
HIT 3 1859746595116 433 14186842199422558970
HIT 3 1894106333484 441 14165186814513483901
HIT 3 2048725156140 477 11339268078936490115
HIT 3 1859746595117 433 3852920610274110210
HIT 3 1894106333485 441 867597877935813474
HIT 3 2048725156141 477 8341328497269354974
HIT 3 1894108954924 441 10375926072876179147
HIT 3 2048727777580 477 14858373123348887538
HIT 3 2048728301868 477 14946775229170082438
HIT 3 1859746595115 433 6358786898578221637
HIT 3 1894106333483 441 3233963463600972681
HIT 3 2048725156139 477 4539977476773844996
HIT 3 1894108954925 441 229390345992830225
HIT 3 2048727777581 477 1318241524959849764
HIT 3 2048728301869 477 3726455738584349703
HIT 3 1894108954923 441 4149497670594315159
HIT 3 2048727777579 477 11528018828268451114
HIT 3 2048728301867 477 16076854756715369338
HIT 3 1859746595118 433 1988328490858902628
HIT 3 1894106333486 441 12706949635443231552
HIT 3 2048725156142 477 9891871508204064230
HIT 3 1894108954926 441 12005488949122761639
HIT 3 2048727777582 477 11796249298210038507
HIT 3 1859746595119 433 6282269284918578858
HIT 3 1894106333487 441 16942432541272401287
HIT 3 2048725156143 477 5545205429006312377
HIT 3 2048728301870 477 12587838987930856069
HIT 3 1859746595120 433 10355257173504738463
HIT 3 1894106333488 441 2563763140020361584
HIT 3 2048725156144 477 7777658139546415137
HIT 3 1859746595121 433 9943410194684417671
HIT 3 1894106333489 441 1035876132146163106
HIT 3 2048725156145 477 7681575562327485580
HIT 3 1894108954927 441 13711857959142354248
HIT 3 2048727777583 477 6763496705983954286
HIT 3 2048728301871 477 15923036645672819749
HIT 3 1894108954928 441 11465004565208316872
HIT 3 2048727777584 477 14431982445652895412
HIT 3 2048728301872 477 12229968782568903054
HIT 3 1894108954929 441 9685426640790788449
HIT 3 2048727777585 477 4784949522491061433
HIT 3 2048728301873 477 10069748868032119916
HIT 3 1859746595122 433 3405056834608178971
HIT 3 1894106333490 441 2038456952105430520
HIT 3 2048725156146 477 15309608227356756443
HIT 3 1859746595123 433 9972542916822059774
HIT 3 1894106333491 441 17229254405809892191
HIT 3 2048725156147 477 15233596012566812746
HIT 3 1894108954930 441 12092782441913450796
HIT 3 2048727777586 477 8809086883088989076
HIT 3 2048728301874 477 15446024202236141588
HIT 3 1859746595124 433 18362096613491532047
HIT 3 1894106333492 441 1030089011141236818
HIT 3 2048725156148 477 1779825257250404112
HIT 3 1859746595125 433 10487263117537398335
HIT 3 1894106333493 441 12490232846555986963
HIT 3 2048725156149 477 11152313493492993311
HIT 3 1894108954931 441 15789060762346310666
HIT 3 2048727777587 477 9601128970635653330
HIT 3 2048728301875 477 5988076396635098367
HIT 3 1894108954932 441 6272865111395421361
HIT 3 2048727777588 477 16528642724408871324
HIT 3 2048728301876 477 16907248203169390162
HIT 3 1894108954933 441 18255915002569639694
HIT 3 2048727777589 477 10638697653730026420
HIT 3 2048728301877 477 8485762716889721155
HIT 3 1859746595126 433 5248439632457445506
HIT 3 1894106333494 441 4199597096809976154
HIT 3 2048725156150 477 6010761093898594882
HIT 3 1894108954934 441 7888924053985709964
HIT 3 2048727777590 477 11055579072587905668
HIT 3 2048728301878 477 14225634628360896494
HIT 3 1859746595128 433 16705015645226278275
HIT 3 1894106333496 441 7114188551244375056
HIT 3 2048725156152 477 7094816429632352120
HIT 3 1859746595127 433 12324014428374002675
HIT 3 1894106333495 441 10696083225155557701
HIT 3 2048725156151 477 14517968988311186308
HIT 3 1859746595129 433 15830716355134622140
HIT 3 1894106333497 441 13107703323585410059
HIT 3 2048725156153 477 6651402542845645452
HIT 3 1894108954935 441 12170665710432475456
HIT 3 2048727777591 477 4501559269606796124
HIT 3 2048728301879 477 9536507517741136156
HIT 3 1894108954936 441 1618721354949733493
HIT 3 2048727777592 477 4946185001971267027
HIT 3 2048728301880 477 15065118399208962433
HIT 3 1894108954937 441 13216642877721616977
HIT 3 2048727777593 477 5910150874390530367
HIT 3 2048728301881 477 7430958250004892326
HIT 3 1859746595130 433 2084478732590055021
HIT 3 1894106333498 441 10582471486842115147
HIT 3 2048725156154 477 13044912856367849223
HIT 3 1859746595132 433 16490971423671159434
HIT 3 1894106333500 441 1723868378836308157
HIT 3 2048725156156 477 129347351635642296
HIT 3 1894108954940 441 9140406642935780742
HIT 3 2048727777596 477 7947034326692615857
HIT 3 1894108954938 441 8198585525317375287
HIT 3 2048727777594 477 9772922301649680640
HIT 3 2048728301882 477 9118730884660393029
HIT 3 1859746595131 433 18429912458233784219
HIT 3 1894106333499 441 15546019200577817595
HIT 3 2048725156155 477 12037040592516619401
HIT 3 1859746595133 433 8051081925977312342
HIT 3 1894106333501 441 2396517600511577856
HIT 3 2048725156157 477 8869141914371601906
HIT 3 1894108954939 441 12133057509646028705
HIT 3 2048727777595 477 2035018839796755597
HIT 3 2048728301884 477 17197979568831731889
HIT 3 2048728301883 477 7490243061845649266
HIT 3 1894108954941 441 4732379835019899889
HIT 3 2048727777597 477 2764965456829029682
HIT 3 2048728301885 477 2297806788318282303
HIT 3 1859746595136 433 14356023162976454202
HIT 3 1894106333504 441 8554601967270660903
HIT 3 2048725156160 477 14016395100434492848
HIT 3 1859746595135 433 14542714272847521121
HIT 3 1894106333503 441 16690051196965699489
HIT 3 2048725156159 477 11538619856149925158
HIT 3 1859746595134 433 13967049608918816406
HIT 3 1894106333502 441 3455559794155379867
HIT 3 2048725156158 477 10728331994644803728
HIT 3 1894108954942 441 8441730144165687570
HIT 3 2048727777598 477 3279170030305660670
HIT 3 1894108954944 441 8215821105077197122
HIT 3 2048727777600 477 601632362908889279
HIT 3 2048728301888 477 2952351458810004721
HIT 3 1894108954943 441 18044159918595889829
HIT 3 2048727777599 477 1328905189860315105
HIT 3 2048728301887 477 15704472524308414607
HIT 3 2048728301886 477 13109878172083702182
HIT 3 1859746595137 433 6664927305725664977
HIT 3 1894106333505 441 14606128225164928592
HIT 3 2048725156161 477 6880506949643741491
HIT 3 1859746595138 433 163280464083725226
HIT 3 1894106333506 441 4541889721273772227
HIT 3 2048725156162 477 3224309655132570298
HIT 3 1894108954946 441 12706921830584311001
HIT 3 2048727777602 477 5760935675836093488
HIT 3 1894108954945 441 3310940659361724854
HIT 3 2048727777601 477 10948087197393526699
HIT 3 2048728301890 477 5383649515071780315
HIT 3 2048728301889 477 6323718342949880775
HIT 3 1859746595139 433 10714490918687402110
HIT 3 1894106333507 441 5123061678509793349
HIT 3 2048725156163 477 7426795013185174080
HIT 3 1859746595140 433 7177608920896075826
HIT 3 1894106333508 441 12244825330576625926
HIT 3 2048725156164 477 13808728215141727842
HIT 3 1894108954948 441 1624327590628287554
HIT 3 2048727777604 477 7738325122644828679
HIT 3 2048728301892 477 4959995154745606651
HIT 3 1894108954947 441 195114633808224072
HIT 3 2048727777603 477 14053124323205694368
HIT 3 2048728301891 477 6887141387791460831
HIT 3 1859746595144 433 17485949799191553182
HIT 3 1894106333512 441 1614425735967953724
HIT 3 2048725156168 477 17630447224277459918
HIT 3 1894108954952 441 7594823791119584118
HIT 3 2048727777608 477 3470147430117304296
HIT 3 2048728301896 477 12085608610630455304
HIT 3 1859746595143 433 17459374118734031200
HIT 3 1894106333511 441 14228795997655942296
HIT 3 2048725156167 477 3207849545708442887
HIT 3 1859746595142 433 13975105888723554833
HIT 3 1894106333510 441 7217431287978804649
HIT 3 2048725156166 477 6844995106789747542
HIT 3 1859746595141 433 8237904148769508113
HIT 3 1894106333509 441 14968329189919169146
HIT 3 2048725156165 477 755413493698885204
HIT 3 1894108954950 441 380950162262362276
HIT 3 2048727777606 477 1979439330730152380
HIT 3 1894108954949 441 16331884845789403424
HIT 3 2048727777605 477 16832424097377645309
HIT 3 2048728301894 477 9371070935773840080
HIT 3 1894108954951 441 18100290651912454749
HIT 3 2048727777607 477 3323025484313184364
HIT 3 2048728301895 477 1403586782012114494
HIT 3 1859746595145 433 455925173177133552
HIT 3 1894106333513 441 12610149660687082397
HIT 3 2048725156169 477 3015713265372973523
HIT 3 2048728301893 477 2381404813288699440
HIT 3 1894108954953 441 240171031390745125
HIT 3 2048727777609 477 8130171254004726754
HIT 3 2048728301897 477 2752540210884417101
HIT 3 1859746595148 433 3597315074221188881
HIT 3 1894106333516 441 5445956862922022686
HIT 3 2048725156172 477 7412525288167082205
HIT 3 1894108954956 441 4933867757616534107
HIT 3 2048727777612 477 15360866752554494256
HIT 3 2048728301900 477 13599123435256913879
HIT 3 1859746595149 433 2871928391620568877
HIT 3 1894106333517 441 646318084977944921
HIT 3 2048725156173 477 7431466692448659960
HIT 3 1859746595146 433 8491542354538195062
HIT 3 1894106333514 441 17473005750835827452
HIT 3 2048725156170 477 265448102425185732
HIT 3 1859746595147 433 96579954643884916
HIT 3 1894106333515 441 13808918895038193384
HIT 3 2048725156171 477 13735393413517958386
HIT 3 1894108954957 441 9839611734380799913
HIT 3 2048727777613 477 11779924687268552745
HIT 3 2048728301901 477 10151128727320707111
HIT 3 1859746595150 433 14552797538200082889
HIT 3 1894106333518 441 9487539321991226859
HIT 3 2048725156174 477 6723733048409076795
HIT 3 1894108954958 441 5231921082155053467
HIT 3 2048727777614 477 2762260677916161596
HIT 3 2048728301902 477 16177407169945641957
HIT 3 1894108954954 441 13063067198769721529
HIT 3 2048727777610 477 2054863610519677576
HIT 3 1894108954955 441 11780739843973148265
HIT 3 2048727777611 477 1747808737071678499
HIT 3 2048728301898 477 14958620309407449998
HIT 3 2048728301899 477 10477259778938262747
HIT 3 1859746595152 433 9922788967022587410
HIT 3 1894106333520 441 2018952750407119341
HIT 3 2048725156176 477 16488503638529409135
HIT 3 1894108954960 441 5241054675320416819
HIT 3 2048727777616 477 17144752054591580366
HIT 3 2048728301904 477 16857244004623146678
HIT 3 1859746595151 433 8193744460347919028
HIT 3 1894106333519 441 18074012063455450945
HIT 3 2048725156175 477 14450453030068107502
HIT 3 1894108954959 441 14492009161447497584
HIT 3 2048727777615 477 6442031420566833905
HIT 3 2048728301903 477 4347261267140722707
HIT 3 1859746595155 433 11074701384375233898
HIT 3 1894106333523 441 6164357355348490957
HIT 3 2048725156179 477 13832425233762307060
HIT 3 1894108954963 441 8393028303461344000
HIT 3 2048727777619 477 9893883315282284676
HIT 3 1859746595153 433 11291775134545604108
HIT 3 1894106333521 441 8291535054155914920
HIT 3 2048725156177 477 15963442092899208091
HIT 3 1859746595154 433 10976296980673581404
HIT 3 1894106333522 441 2914228378195147878
HIT 3 2048725156178 477 10929097785227763443
HIT 3 2048728301907 477 6421040713315582362
HIT 3 1894108954961 441 9218386942072049106
HIT 3 2048727777617 477 353010466010170493
HIT 3 1894108954962 441 8151708255009402547
HIT 3 2048727777618 477 12369924777714058018
HIT 3 2048728301906 477 12168499638983438689
HIT 3 2048728301905 477 15779922561182278382
HIT 3 1859746595156 433 17913629928526216214
HIT 3 1894106333524 441 13472665258987056337
HIT 3 2048725156180 477 16793863193041614248
HIT 3 1859746595157 433 7602320701345991464
HIT 3 1894106333525 441 11627116141004536880
HIT 3 2048725156181 477 9900319153505199529
HIT 3 1894108954965 441 8612313604641937468
HIT 3 2048727777621 477 3394661791986988078
HIT 3 1894108954964 441 8458484624858546251
HIT 3 2048727777620 477 8425151042488007203
HIT 3 2048728301909 477 14160412978510063847
HIT 3 2048728301908 477 7527325741777508845
HIT 3 1859746595159 433 5146742459735280481
HIT 3 1894106333527 441 5767565060721091984
HIT 3 2048725156183 477 8244293767535527975
HIT 3 1859746595160 433 12024091536325307408
HIT 3 1894106333528 441 13615722456552795402
HIT 3 2048725156184 477 5250022675059361007
HIT 3 1859746595158 433 3509218218663103312
HIT 3 1894106333526 441 11264863333029343547
HIT 3 2048725156182 477 5909013061851098797
HIT 3 1894108954966 441 10507082577077311150
HIT 3 2048727777622 477 10448366478028516505
HIT 3 2048728301910 477 11690891246133393540
HIT 3 1894108954967 441 1653651125821474375
HIT 3 2048727777623 477 261445206942389863
HIT 3 2048728301911 477 6118873641777256123
HIT 3 1894108954968 441 8987883634338128060
HIT 3 2048727777624 477 4968107563683106128
HIT 3 2048728301912 477 17413185679026721448
HIT 3 1859746595161 433 12921630713252368056
HIT 3 1894106333529 441 9733867256449071028
HIT 3 2048725156185 477 15936706314677219328
HIT 3 1894108954969 441 9728734834956953710
HIT 3 2048727777625 477 11851952438021935455
HIT 3 1859746595164 433 12779923071659668442
HIT 3 1894106333532 441 9364012777553493840
HIT 3 2048725156188 477 13312267621664854531
HIT 3 2048728301913 477 14494341348111431613
HIT 3 1859746595162 433 15979574482889663182
HIT 3 1894106333530 441 8474772430527825616
HIT 3 2048725156186 477 6092203016011298784
HIT 3 1859746595163 433 7460264068605596669
HIT 3 1894106333531 441 10410459122662559584
HIT 3 2048725156187 477 1581823397630246453
HIT 3 1894108954972 441 16950580467113981006
HIT 3 2048727777628 477 14456369602796687577
HIT 3 2048728301916 477 17091564745711928413
HIT 3 1894108954970 441 16568877909013194146
HIT 3 2048727777626 477 2321286977948934076
HIT 3 1894108954971 441 10677501177931304561
HIT 3 2048727777627 477 12500948113662986276
HIT 3 2048728301915 477 8379656812865914313
HIT 3 1859746595165 433 11096424670659987618
HIT 3 1894106333533 441 3203714225463664350
HIT 3 2048725156189 477 17175690011294558806
HIT 3 2048728301914 477 4669560703523486539
HIT 3 1859746595166 433 15008803397186743310
HIT 3 1894106333534 441 14536247195642388157
HIT 3 2048725156190 477 5505535752188647875
HIT 3 1859746595167 433 4787300156551739120
HIT 3 1894106333535 441 1396592602353186367
HIT 3 2048725156191 477 9209450963103107445
HIT 3 1859746595168 433 2608706170252366291
HIT 3 1894106333536 441 4284165183066342970
HIT 3 2048725156192 477 12250200175330674323
HIT 3 1894108954974 441 10321107086773764588
HIT 3 2048727777630 477 4863564749802904772
HIT 3 1894108954973 441 7281692763490717569
HIT 3 2048727777629 477 6287426196632567316
HIT 3 2048728301918 477 12997211268036608639
HIT 3 2048728301917 477 4903882070488415420
HIT 3 1894108954975 441 4693492212794014121
HIT 3 2048727777631 477 9258258916022045621
HIT 3 2048728301919 477 16749832845609265717
HIT 3 1894108954976 441 18031077619820961445
HIT 3 2048727777632 477 9777168100752731569
HIT 3 2048728301920 477 8631565427649008675
HIT 3 1859746595169 433 18216797909914845219
HIT 3 1859746595170 433 8285010822985110258
HIT 3 1894106333537 441 4996476500947036069
HIT 3 1894106333538 441 7674801207347573396
HIT 3 2048725156193 477 10671727486851658399
HIT 3 2048725156194 477 5224173697795925147
HIT 3 1894108954977 441 7889826929442694662
HIT 3 2048727777633 477 10171054737894970176
HIT 3 1894108954978 441 492855113220254862
HIT 3 2048727777634 477 15375869422262482656
HIT 3 2048728301921 477 15610375979695056150
HIT 3 2048728301922 477 11192947206574988481
HIT 3 1859746595171 433 16489978122149021238
HIT 3 1894106333539 441 4102053925436414614
HIT 3 2048725156195 477 12662306736348967964
HIT 3 1859746595172 433 2296965367442251620
HIT 3 1894106333540 441 17302185198372390557
HIT 3 2048725156196 477 2250272822877003857
HIT 3 1894108954980 441 2289640030588603762
HIT 3 2048727777636 477 919250150844952558
HIT 3 1894108954979 441 5315723721628146733
HIT 3 2048727777635 477 12007559562715043935
HIT 3 2048728301923 477 4691087535443862811
HIT 3 2048728301924 477 11900430507085154631
HIT 3 1859746595173 433 11142379099378391771
HIT 3 1894106333541 441 8440139945997919027
HIT 3 2048725156197 477 70302143430324277
HIT 3 1859746595174 433 13157524464883329371
HIT 3 1894106333542 441 18020446294839781544
HIT 3 2048725156198 477 14314370449955412799
HIT 3 1859746595175 433 3498391606948674698
HIT 3 1894106333543 441 15431859243086818804
HIT 3 2048725156199 477 17202863174170418735
HIT 3 1894108954982 441 15275453289429210425
HIT 3 2048727777638 477 16425017097522915959
HIT 3 2048728301926 477 12635718226411197696
HIT 3 1894108954981 441 13529018259519805153
HIT 3 2048727777637 477 7269130589036840696
HIT 3 2048728301925 477 3537283527450379393
HIT 3 1859746595176 433 17785985963986534427
HIT 3 1894106333544 441 3424643030203746477
HIT 3 2048725156200 477 4095461941635707555
HIT 3 1894108954983 441 17258822461598171511
HIT 3 2048727777639 477 2018242536272173922
HIT 3 2048728301927 477 11645702489452688201
HIT 3 1859746595177 433 12605256238431732564
HIT 3 1894106333545 441 15872182350501704171
HIT 3 2048725156201 477 14158746090336452758
HIT 3 1894108954984 441 11041273785803156082
HIT 3 2048727777640 477 6483725402837302607
HIT 3 2048728301928 477 5461665145701980994
HIT 3 1859746595178 433 2616800563809053754
HIT 3 1894106333546 441 13643110463819808735
HIT 3 2048725156202 477 10996538560547001029
HIT 3 1859746595179 433 11546754523915183698
HIT 3 1894106333547 441 12865096932515516204
HIT 3 2048725156203 477 5897165812454998060
HIT 3 1894108954987 441 16663776012116098359
HIT 3 2048727777643 477 5086698270902300134
HIT 3 1894108954985 441 15787231061068319276
HIT 3 2048727777641 477 1326187777855464898
HIT 3 2048728301929 477 8193093600590810145
HIT 3 1859746595180 433 9477952551120934509
HIT 3 1894108954986 441 16258397358899784465
HIT 3 1894106333548 441 8023018944644828406
HIT 3 2048727777642 477 3183858108545978202
HIT 3 2048725156204 477 7531907904387838570
HIT 3 2048728301930 477 14830795588288351945
HIT 3 2048728301931 477 10344255904320819935
HIT 3 1859746595181 433 7941486892738534321
HIT 3 1894106333549 441 6069954213705654897
HIT 3 2048725156205 477 17787837167256394796
HIT 3 1894108954988 441 17664645108717118399
HIT 3 2048727777644 477 5370039618384515428
HIT 3 2048728301932 477 16558227761251812124
HIT 3 1859746595183 433 15130167893202884575
HIT 3 1894106333551 441 7361883898553749468
HIT 3 2048725156207 477 8167324478048089466
HIT 3 1859746595182 433 14248095775071583331
HIT 3 1894106333550 441 14425203701028229692
HIT 3 2048725156206 477 10337068076314159993
HIT 3 1894108954989 441 6156780017704841741
HIT 3 2048727777645 477 4134321893117077858
HIT 3 2048728301933 477 11618810074690272198
HIT 3 1859746595184 433 3147305755504482778
HIT 3 1894106333552 441 9178602386631256882
HIT 3 2048725156208 477 13623082311798680096
HIT 3 1894108954991 441 3485576720456007416
HIT 3 2048727777647 477 981819164037380174
HIT 3 2048728301935 477 866640052711434688
HIT 3 1894108954990 441 2928933167078369923
HIT 3 2048727777646 477 17898904065235923152
HIT 3 2048728301934 477 11808876544134091689
HIT 3 1859746595186 433 6483123415761062834
HIT 3 1894106333554 441 13037161787422874697
HIT 3 2048725156210 477 17337554289128500772
HIT 3 1894108954992 441 11896740445886384713
HIT 3 2048727777648 477 17580292311243133983
HIT 3 2048728301936 477 15395083687059705229
HIT 3 1859746595187 433 12692224193059070401
HIT 3 1894106333555 441 619751158716242219
HIT 3 2048725156211 477 11380796510106866832
HIT 3 1859746595185 433 11643426715812726029
HIT 3 1894106333553 441 2408866005500094645
HIT 3 2048725156209 477 3560336030596184651
HIT 3 1894108954995 441 18167512430324592642
HIT 3 2048727777651 477 2402984038386672085
HIT 3 1859746595188 433 18048594877496501438
HIT 3 1894106333556 441 5747536868106969738
HIT 3 2048725156212 477 3367848704979412472
HIT 3 2048728301939 477 15390966980883934380
HIT 3 1894108954994 441 12902924501004627771
HIT 3 2048727777650 477 488581522541143044
HIT 3 2048728301938 477 6286074834327550414
HIT 3 1894108954993 441 7079325751735004706
HIT 3 2048727777649 477 17933022181248343098
HIT 3 2048728301937 477 6243536260776811187
HIT 3 1894108954996 441 4219575337724706592
HIT 3 2048727777652 477 1225531710686782458
HIT 3 2048728301940 477 2143921272777150364
HIT 3 1859746595189 433 8222445871434793403
HIT 3 1894106333557 441 1933873629594930206
HIT 3 2048725156213 477 15917737231686588800
HIT 3 1859746595191 433 15880043048324406171
HIT 3 1894106333559 441 1020754078978510904
HIT 3 2048725156215 477 8041986530914614522
HIT 3 1859746595192 433 10684813398613589886
HIT 3 1894106333560 441 709030182605395308
HIT 3 2048725156216 477 15580076591386469796
HIT 3 1859746595190 433 2133085598274485335
HIT 3 1894106333558 441 6915851855860836196
HIT 3 2048725156214 477 17787832536051094825
HIT 3 1894108954997 441 4219690087147318788
HIT 3 2048727777653 477 5735241416434021769
HIT 3 1894108954999 441 14208219045424585517
HIT 3 2048727777655 477 13106857190047726278
HIT 3 2048728301941 477 2810862785613867057
HIT 3 2048728301943 477 7570223468181650800
HIT 3 1894108955000 441 12684543711039899276
HIT 3 2048727777656 477 5716610832697621345
HIT 3 2048728301944 477 10546162468928556060
HIT 3 1894108954998 441 7853109218632377332
HIT 3 2048727777654 477 1703094662655441139
HIT 3 2048728301942 477 13202994645137180495
HIT 3 1859746595194 433 7549430860921272116
HIT 3 1894106333562 441 16091285021647071140
HIT 3 1859746595193 433 15261033693802518397
HIT 3 2048725156218 477 16322897756747813031
HIT 3 1894106333561 441 12340670776095375381
HIT 3 2048725156217 477 5663920441976653892
HIT 3 1859746595195 433 14797855076133989252
HIT 3 1894106333563 441 13114055899231449755
HIT 3 2048725156219 477 14191409245574914431
HIT 3 1859746595196 433 2227606417958479313
HIT 3 1894106333564 441 15904660486939541861
HIT 3 2048725156220 477 13742127723273672881
HIT 3 1894108955004 441 3260742302474390107
HIT 3 2048727777660 477 12511854770042314312
HIT 3 2048728301948 477 14463025960170807664
HIT 3 1894108955001 441 15749216417238055257
HIT 3 2048727777657 477 10610545849457988168
HIT 3 1894108955002 441 7242577358110350509
HIT 3 2048727777658 477 8263923708101282351
HIT 3 2048728301945 477 17063706810136272478
HIT 3 2048728301946 477 1200239598479464881
HIT 3 1859746595198 433 2491519976859474881
HIT 3 1894106333566 441 8434406107085552977
HIT 3 2048725156222 477 17575285961836058031
HIT 3 1859746595197 433 9080972812452790266
HIT 3 1894106333565 441 825726387516041396
HIT 3 2048725156221 477 12303223698537666649
HIT 3 1894108955003 441 6887975039493486695
HIT 3 2048727777659 477 3040356642662858902
HIT 3 2048728301947 477 1966816500260535888
HIT 3 1859746595200 433 3413466942665635021
HIT 3 1894106333568 441 16185008576893550440
HIT 3 2048725156224 477 10385353936671381545
HIT 3 1894108955005 441 256331118536301118
HIT 3 2048727777661 477 13689245146818524901
HIT 3 2048728301949 477 6613601260982628259
HIT 3 1894108955006 441 14940622370323822472
HIT 3 2048727777662 477 124988797355449164
HIT 3 1859746595199 433 13494431780064727936
HIT 3 1894106333567 441 13702144378291930833
HIT 3 2048725156223 477 14267089620451978301
HIT 3 1894108955007 441 2350921649421435311
HIT 3 2048727777663 477 17639796139440901056
HIT 3 2048728301951 477 17400010537273488952
HIT 3 2048728301950 477 15815958950132424796
HIT 3 1859746595202 433 153507442868899779
HIT 3 1894106333570 441 12796298932343546771
HIT 3 2048725156226 477 982275350485702440
HIT 3 1859746595203 433 2004083995861574250
HIT 3 1894106333571 441 11372390311524685070
HIT 3 2048725156227 477 3651053046231861718
HIT 3 1894108955008 441 4398591832950057618
HIT 3 2048727777664 477 14487192517161058336
HIT 3 2048728301952 477 3766707420484985582
HIT 3 1859746595201 433 17760097059285002794
HIT 3 1894106333569 441 343656384050516213
HIT 3 2048725156225 477 765584209402870546
HIT 3 1894108955010 441 15270166014370869843
HIT 3 2048727777666 477 2586404485504469309
HIT 3 2048728301954 477 15423857571785340751
HIT 3 1894108955011 441 1754191885161598696
HIT 3 2048727777667 477 17736159592115608631
HIT 3 2048728301955 477 14819590941002849705
HIT 3 1859746595204 433 13138187628534339901
HIT 3 1894106333572 441 597107236513742626
HIT 3 2048725156228 477 17021230929350291535
HIT 3 1894108955012 441 15353891183054977142
HIT 3 2048727777668 477 333081822352135824
HIT 3 2048728301956 477 17925389312984998877
HIT 3 1859746464133 433 13138187628534339901
HIT 3 1894106202501 441 597107236513742626
HIT 3 2048725025157 477 17021230929350291535
HIT 3 1894108955009 441 13812350568717527546
HIT 3 2048727777665 477 17332328685603581017
HIT 3 1859746595205 433 15146694534987763282
HIT 3 1894106333573 441 5741039432468857071
HIT 3 2048725156229 477 10709420896272887527
HIT 3 2048728301953 477 5755731660364181059
HIT 3 1859746595206 433 12930170703165534965
HIT 3 1894106333574 441 10643659590400489553
HIT 3 2048725156230 477 10784458752260458045
HIT 3 1859746726278 433 3781860473758581580
HIT 3 1894106464646 441 11230031213280029951
HIT 3 2048725287302 477 11962330803648865931
HIT 3 1859746595207 433 3781860473758581580
HIT 3 1894106333575 441 11230031213280029951
HIT 3 2048725156231 477 11962330803648865931
HIT 3 1894108955014 441 11185951442729664030
HIT 3 2048727777670 477 6811879213774470310
HIT 3 1894108955013 441 13158152689221945787
HIT 3 2048727777669 477 12896230940745505792
HIT 3 2048728301957 477 9968974951816823843
HIT 3 1705127838088 397 10621690691100832809
HIT 3 1859746660744 433 7531298694975359586
HIT 3 1894106399112 441 13284808911137950752
HIT 3 2048725221768 477 12886205196288547081
HIT 3 1851156791688 431 188203985535735753
HIT 3 1855451758984 432 11395707271565589594
HIT 3 1859746726280 433 1936875716999343081
HIT 3 1868336660872 435 3210161369423467792
HIT 3 1885516530056 439 17330344961299905041
HIT 3 1889811497352 440 11957976128046437673
HIT 3 1894106464648 441 15672040884969014838
HIT 3 1902696399240 443 16337110158137817277
HIT 3 2040135352712 475 194532495458604182
HIT 3 2044430320008 476 1585915903611846272
HIT 3 2048725287304 477 8649087800564035
HIT 3 2057315221896 479 9814039200503207091
HIT 3 1859746857352 433 1851092653238496417
HIT 3 1894106595720 441 8536697385344689586
HIT 3 2048725418376 477 9265527345023458141
HIT 3 2048728301958 477 7510963134986510346
HIT 3 1894108823943 441 15117114277960586284
HIT 3 2048727646599 477 1766274269279066229
HIT 3 1868339085703 435 12930170703165534965
HIT 3 1894108889479 441 13797825117022616400
HIT 3 2048727712135 477 2689977379327390822
HIT 3 1885519020423 439 15412696301628114427
HIT 3 1889813987719 440 9136331630592252682
HIT 3 1894108955015 441 10172862982454506755
HIT 3 1902698889607 443 7593157090119670248
HIT 3 2040137843079 475 10166212589747500909
HIT 3 2044432810375 476 1368929805964803094
HIT 3 2048727777671 477 14150698639831082061
HIT 3 2057317712263 479 17528134797032882403
HIT 3 1894109086087 441 8116403482938287962
HIT 3 1859746660745 433 3158336534853168168
HIT 3 2048727908743 477 8120642366207704020
HIT 3 1894106399113 441 655520478668712196
HIT 3 2048725221769 477 6363458734411654773
HIT 3 1859746726281 433 1851092653238496417
HIT 3 1894106464649 441 8536697385344689586
HIT 3 2048725287305 477 9265527345023458141
HIT 3 1859746791817 433 7531298694975359586
HIT 3 1894106530185 441 13284808911137950752
HIT 3 2048725352841 477 12886205196288547081
HIT 3 2048728170887 477 15670023681113125210
HIT 3 1859746857353 433 5449855097130010601
HIT 3 1902699348359 443 10643659590400489553
HIT 3 1894106595721 441 7539967035340786532
HIT 3 2048728236423 477 758491569062617320
HIT 3 2048725418377 477 9600972928341529663
HIT 3 2040138367367 475 18267391279006182253
HIT 3 1859746922889 433 1682154784641456844
HIT 3 2044433334663 476 13511013942570277320
HIT 3 2048728301959 477 14813237356991587707
HIT 3 1894106661257 441 14128606755125372019
HIT 3 2057318236551 479 14469535952553736679
HIT 3 2048725483913 477 7381445163522436272
HIT 3 1859746857354 433 1191183222300734101
HIT 3 1894106595722 441 8927639512266615091
HIT 3 1859746988425 433 317223232677392757
HIT 3 1894106726793 441 2735839813682503702
HIT 3 2048728433031 477 1174750484672628349
HIT 3 2048725418378 477 12084409215131477694
HIT 3 2048725549449 477 16458047571497178580
HIT 3 1859747053961 433 1022301732615407579
HIT 3 1894106792329 441 6645445456814119509
HIT 3 2048725614985 477 8358223564026666176
HIT 3 1859747119497 433 7037274459509605179
HIT 3 1894106857865 441 7608383266900662237
HIT 3 2048725680521 477 2545946661409361553
HIT 3 1859747185033 433 4369542506859943517
HIT 3 1894106923401 441 2638408793010100833
HIT 3 2048725746057 477 12578684356129231285
HIT 3 1859747250569 433 17124518016772505238
HIT 3 1894106988937 441 7597018733727886393
HIT 3 2048725811593 477 5506717578306758509
HIT 3 1859747316105 433 8842508042367134504
HIT 3 1894107054473 441 9173880193435802372
HIT 3 2048725877129 477 11304022467915252356
HIT 3 1859747381641 433 2267877759101127145
HIT 3 1894107120009 441 17663547532875545000
HIT 3 2048725942665 477 16583940439721839389
HIT 3 1859747447177 433 5580047763917575526
HIT 3 1894107185545 441 6288466271367864279
HIT 3 2048726008201 477 8136724048294035649
HIT 3 1859747512713 433 15305868249075406665
HIT 3 1894107251081 441 14422451656971224961
HIT 3 2048726073737 477 9382463442632016185
HIT 3 1859747578249 433 7959180169049208759
HIT 3 1894107316617 441 4863205603112035486
HIT 3 2048726139273 477 17832368746286432674
HIT 3 1859747643785 433 8258984679287108214
HIT 3 1894107382153 441 2768029872966464762
HIT 3 2048726204809 477 10294579417206399538
HIT 3 1859747709321 433 6534044531031994063
HIT 3 1894107447689 441 7674443076020254026
HIT 3 2048726270345 477 15556636093462945608
HIT 3 1859747774857 433 17264440689632583148
HIT 3 1894107513225 441 11583298314873689631
HIT 3 2048726335881 477 6562026957328214646
HIT 3 1859747840393 433 8990114356625154162
HIT 3 1894107578761 441 18439287283103911348
HIT 3 2048726401417 477 11029156346182988744
HIT 3 1859747905929 433 16773918303822328747
HIT 3 1894107644297 441 15847136030520491135
HIT 3 2048726466953 477 6296464185816034362
HIT 3 1859747971465 433 5681192613374173569
HIT 3 1894107709833 441 12784532560320767372
HIT 3 2048726532489 477 14414654909766583690
HIT 3 1859748037001 433 3184059185544945039
HIT 3 1894107775369 441 15499324334195943982
HIT 3 2048726598025 477 4168743483102250430
HIT 3 1859748102537 433 17924840917801054182
HIT 3 1894107840905 441 16614693034995464112
HIT 3 2048726663561 477 14572023984541794660
HIT 3 1859748168073 433 7390333690231223561
HIT 3 1894107906441 441 2716872715572556420
HIT 3 2048726729097 477 12273190228915746251
HIT 3 1859748233609 433 10488351521336627191
HIT 3 1894107971977 441 16969948422753896008
HIT 3 2048726794633 477 16447654018985524932
HIT 3 1894108823944 441 15094982433374097661
HIT 3 2048727646600 477 1378622782902200866
HIT 3 1868339085704 435 3158336534853168168
HIT 3 1894108889480 441 3723835799922402370
HIT 3 2048727712136 477 233121947813935848
HIT 3 1885519020424 439 14553457770401077297
HIT 3 1889813987720 440 10345878184626633963
HIT 3 1894108955016 441 11746936568473800196
HIT 3 1902698889608 443 11027725140974150557
HIT 3 2040137843080 475 13894045780743234766
HIT 3 2044432810376 476 8432390326109997208
HIT 3 2048727777672 477 18408278421433737027
HIT 3 2057317712264 479 8773390232384227359
HIT 3 1894109086088 441 819970162944425527
HIT 3 2048727908744 477 8584159025018573685
HIT 3 2048728170888 477 1973917077363034565
HIT 3 1902699348360 443 655520478668712196
HIT 3 2048728236424 477 16427404093382205939
HIT 3 2040138367368 475 6645266556536692773
HIT 3 2044433334664 476 3503273565079587394
HIT 3 2048728301960 477 16629388362336711072
HIT 3 2057318236552 479 2143312306326963608
HIT 3 1894108955018 441 3666298229678473714
HIT 3 2048727777674 477 17643343211281072651
HIT 3 2048728433032 477 15375711767027392309
HIT 3 2048728301962 477 6521792889100571360
HIT 3 2057320530312 479 6363458734411654773
HIT 3 1859748299145 433 3757625193480286647
HIT 3 1894108037513 441 11002990916903906996
HIT 3 2048726860169 477 12512729298746568749
HIT 3 1859748364681 433 11287720937306391673
HIT 3 1894108103049 441 3793135164778355409
HIT 3 2048726925705 477 9672194034991810466
HIT 3 1859748430217 433 10580090304493904520
HIT 3 1894108168585 441 2264200627338355930
HIT 3 2048726991241 477 10379030385658648490
HIT 3 1859748495753 433 11851915443213383459
HIT 3 1894108234121 441 12179298870224599221
HIT 3 2048727056777 477 4271892648497349200
HIT 3 1859748561289 433 2217052463140512064
HIT 3 1894108299657 441 1209760941641108374
HIT 3 2048727122313 477 13663827250129504216
HIT 3 1859748626825 433 9028928171505141137
HIT 3 1894108365193 441 11468299714370542281
HIT 3 2048727187849 477 14033779844980289592
HIT 3 1859748692361 433 5301888969763136513
HIT 3 1894108430729 441 4291245323563968537
HIT 3 2048727253385 477 10447932358584308543
HIT 3 1859748757897 433 8984472605955186333
HIT 3 1894108496265 441 6861388040615919773
HIT 3 2048727318921 477 13903641304140349601
HIT 3 1859748823433 433 5824400236411933527
HIT 3 1894108561801 441 9586860692712513916
HIT 3 2048727384457 477 960871451432205779
HIT 3 1859748888969 433 9229868578641218728
HIT 3 1894108627337 441 9109804533030232537
HIT 3 2048727449993 477 1741359868654241231
HIT 3 1851159019913 431 9229868578641218728
HIT 3 1859748954505 433 12043570022148345765
HIT 3 1894108692873 441 6961003160744040262
HIT 3 2048727515529 477 6690629041008615384
HIT 3 1859749020041 433 188203985535735753
HIT 3 1868338954633 435 8758099031142953243
HIT 3 1894108758409 441 5086448604943144044
HIT 3 2048727581065 477 11007720294102174060
HIT 3 1859749085577 433 8758099031142953243
HIT 3 1885518889353 439 7138224766588558302
HIT 3 1889813856649 440 357090679582838119
HIT 3 1894108823945 441 14210334717160889604
HIT 3 1902698758537 443 3841995756025091072
HIT 3 2040137712009 475 1115345681707575934
HIT 3 2044432679305 476 11514063926092815053
HIT 3 2048727646601 477 11584009203094404356
HIT 3 2057317581193 479 15963129780003577080
HIT 3 1864044118409 434 15923438500500686038
HIT 3 1868339085705 435 1936875716999343081
HIT 3 1876929020297 437 915785336864588956
HIT 3 1885518954889 439 631042635328667439
HIT 3 1889813922185 440 10264730997529689482
HIT 3 1894108889481 441 16754153767247195298
HIT 3 1902698824073 443 1340989669282185558
HIT 3 2040137777545 475 4364438788639471287
HIT 3 2044432744841 476 15714498985087041618
HIT 3 2048727712137 477 13682578771603525457
HIT 3 2057317646729 479 6796239458897145732
HIT 3 1864044183945 434 11395707271565589594
HIT 3 1868339151241 435 915785336864588956
HIT 3 1872634118537 436 15923438500500686038
HIT 3 1876929085833 437 18036958870641048805
HIT 3 1881224053129 438 15129699744468500449
HIT 3 1885519020425 439 2619157015431231906
HIT 3 1889813987721 440 1238158876721384158
HIT 3 1894108955017 441 2218156042113873910
HIT 3 1898403922313 442 9031971935127639225
HIT 3 1902698889609 443 17202484825879788383
HIT 3 1906993856905 444 4076058323144268967
HIT 3 1911288824201 445 15593132809269358727
HIT 3 1915583791497 446 13887324618770893625
HIT 3 1919878758793 447 12232509009021828857
HIT 3 1924173726089 448 10430912320256509605
HIT 3 1928468693385 449 8544489377799707130
HIT 3 1932763660681 450 7963528492945907501
HIT 3 1937058627977 451 15951802375605875480
HIT 3 1941353595273 452 976334541127890891
HIT 3 1945648562569 453 5429054071007026599
HIT 3 1949943529865 454 13754987829130610289
HIT 3 1954238497161 455 10964745679180523584
HIT 3 1958533464457 456 4036577362510014902
HIT 3 1962828431753 457 7606147200300088129
HIT 3 1967123399049 458 2228146186144154502
HIT 3 1971418366345 459 15584012905088029258
HIT 3 1975713333641 460 18237716051350580260
HIT 3 1980008300937 461 12679914958523246482
HIT 3 1984303268233 462 4652459153206429141
HIT 3 1988598235529 463 18143249881957948527
HIT 3 1992893202825 464 16849217971435477776
HIT 3 1997188170121 465 18153406497412717246
HIT 3 2001483137417 466 13353317263230918719
HIT 3 2005778104713 467 14090524118471652698
HIT 3 2010073072009 468 14989483610759773740
HIT 3 2014368039305 469 5155339590757413113
HIT 3 2018663006601 470 6041194316660680753
HIT 3 2022957973897 471 4345690814715322186
HIT 3 2027252941193 472 14646842906330133727
HIT 3 2031547908489 473 14698124358699494139
HIT 3 2035842875785 474 1284706224612162055
HIT 3 2040137843081 475 6135216765481861310
HIT 3 2044432810377 476 13344972104399980289
HIT 3 2048727777673 477 12163776752571320053
HIT 3 2053022744969 478 7424548681748649617
HIT 3 2057317712265 479 5038698176709541267
HIT 3 2061612679561 480 12990936227581954597
HIT 3 2065907646857 481 9240118288586399191
HIT 3 2070202614153 482 7317266055508006657
HIT 3 2074497581449 483 17913218712542849356
HIT 3 2078792548745 484 9657905007235805740
HIT 3 2083087516041 485 1831994134622496047
HIT 3 2087382483337 486 10468090225459852033
HIT 3 2091677450633 487 13098399081819290387
HIT 3 2095972417929 488 9672429690686278673
HIT 3 2100267385225 489 14808786441380725696
HIT 3 2104562352521 490 12940060280592278563
HIT 3 2108857319817 491 9496700028715034022
HIT 3 2113152287113 492 4779669912033520797
HIT 3 2117447254409 493 18381355175536218750
HIT 3 2121742221705 494 11598151018151614514
HIT 3 2126037189001 495 12534139190610528955
HIT 3 2130332156297 496 11994371638412344958
HIT 3 2134627123593 497 17312072619096503167
HIT 3 2138922090889 498 12075212477255160198
HIT 3 2143217058185 499 14955513953804630000
HIT 3 2147512025481 500 12477630443534312336
HIT 3 2151806992777 501 15863548944975721737
HIT 3 2156101960073 502 7447554816133454242
HIT 3 2160396927369 503 18392198249314090263
HIT 3 2164691894665 504 14182060533855595364
HIT 3 2168986861961 505 6178956433032452105
HIT 3 2173281829257 506 2881407827096020531
HIT 3 2177576796553 507 2286014299866181175
HIT 3 2181871763849 508 17013044642613089269
HIT 3 2186166731145 509 7026444225245446192
HIT 3 2190461698441 510 9398389483266839255
HIT 3 2194756665737 511 4181512692748124817
HIT 3 1876929151369 437 3210161369423467792
HIT 3 1894109020553 441 3321114680123296485
HIT 3 2048727843209 477 2012307134958727865
HIT 3 1885519151497 439 11140591011519134068
HIT 3 1889814118793 440 12229046688592718541
HIT 3 1894109086089 441 16931328095494424425
HIT 3 1902699020681 443 1929622346311459262
HIT 3 2040137974153 475 10694833742339654498
HIT 3 2044432941449 476 14854982575674822374
HIT 3 2048727908745 477 10583946150940772435
HIT 3 2057317843337 479 3921225015204933030
HIT 3 1894109151625 441 9589893163489082870
HIT 3 2048727974281 477 5056715397425884691
HIT 3 1885519282569 439 9589893163489082870
HIT 3 1894109217161 441 12893706931359544071
HIT 3 2048728039817 477 17776630484524128576
HIT 3 1894109282697 441 17330344961299905041
HIT 3 1902699217289 443 1958724688911291143
HIT 3 2048728105353 477 1643609944851621831
HIT 3 1894109348233 441 1958724688911291143
HIT 3 2040138236297 475 11212733485920381249
HIT 3 2044433203593 476 5327929791191412674
HIT 3 2048728170889 477 9901925889647064895
HIT 3 2057318105481 479 8660752771250112590
HIT 3 1898404381065 442 14311808828799052225
HIT 3 1902699348361 443 15672040884969014838
HIT 3 1911289282953 445 6043585014400694940
HIT 3 2040138301833 475 5434804710410005432
HIT 3 2044433269129 476 4500275193712749526
HIT 3 2048728236425 477 2644427105068585609
HIT 3 2057318171017 479 17838461449314984197
HIT 3 1898404446601 442 11957976128046437673
HIT 3 1902699413897 443 6043585014400694940
HIT 3 1906994381193 444 14311808828799052225
HIT 3 1911289348489 445 1302692873005627957
HIT 3 1915584315785 446 7410351818479688250
HIT 3 1919879283081 447 6494065098865151505
HIT 3 1924174250377 448 3932367128234133181
HIT 3 1928469217673 449 12942462274491046647
HIT 3 1932764184969 450 8633775299487305351
HIT 3 1937059152265 451 1752139479183445395
HIT 3 1941354119561 452 2412615108285015233
HIT 3 1945649086857 453 9326883400329981908
HIT 3 1949944054153 454 4629299637727633481
HIT 3 1954239021449 455 14769126680445672609
HIT 3 1958533988745 456 11164543582865899123
HIT 3 1962828956041 457 3985231445767652161
HIT 3 1967123923337 458 5385996423401149647
HIT 3 1971418890633 459 4224619387283036820
HIT 3 1975713857929 460 15289842423818810173
HIT 3 1980008825225 461 755835773251657234
HIT 3 1984303792521 462 15821214037503942564
HIT 3 1988598759817 463 14376428732633033387
HIT 3 1992893727113 464 4247022991601036530
HIT 3 1997188694409 465 9554352339880467505
HIT 3 2001483661705 466 16415986724941215822
HIT 3 2005778629001 467 17533218325009981036
HIT 3 2010073596297 468 7030434768744121743
HIT 3 2014368563593 469 2271612651792261136
HIT 3 2018663530889 470 15526299358955675489
HIT 3 2022958498185 471 5813047598377785473
HIT 3 2027253465481 472 8485261457482735810
HIT 3 2031548432777 473 17009802498362593926
HIT 3 2035843400073 474 12816515490565003335
HIT 3 2040138367369 475 6761247446874928590
HIT 3 2044433334665 476 2976058467758881482
HIT 3 2048728301961 477 15514089342283532205
HIT 3 2053023269257 478 5202963204939301442
HIT 3 2057318236553 479 6644704885603481969
HIT 3 2061613203849 480 15711754616912967149
HIT 3 2065908171145 481 9251528082942551207
HIT 3 2070203138441 482 1174435943587481533
HIT 3 2074498105737 483 18304519906429164928
HIT 3 2078793073033 484 7912005368531130886
HIT 3 2083088040329 485 15565826194366542280
HIT 3 2087383007625 486 6069030266478478999
HIT 3 2091677974921 487 11525941858281605679
HIT 3 2095972942217 488 16677293633217705948
HIT 3 2100267909513 489 13946318125353313641
HIT 3 2104562876809 490 8754557193184411881
HIT 3 2108857844105 491 14828072583533594837
HIT 3 2113152811401 492 7481777994028672170
HIT 3 2117447778697 493 5361257676798291193
HIT 3 2121742745993 494 14747915793727129721
HIT 3 2126037713289 495 13536067861492478127
HIT 3 2130332680585 496 13129625211042245281
HIT 3 2134627647881 497 5773134514695033284
HIT 3 2138922615177 498 827605677428319349
HIT 3 2143217582473 499 17252515349931517464
HIT 3 2147512549769 500 11705610687915413131
HIT 3 2151807517065 501 9165252874015173714
HIT 3 2156102484361 502 3314151800642465975
HIT 3 2160397451657 503 10362836183546325826
HIT 3 2164692418953 504 15707982900621871822
HIT 3 2168987386249 505 17995205492849543317
HIT 3 2173282353545 506 14051229289839981315
HIT 3 2177577320841 507 3327624174597656950
HIT 3 2181872288137 508 17276206507460278501
HIT 3 2186167255433 509 871821581212635026
HIT 3 2190462222729 510 1893702109925177041
HIT 3 2194757190025 511 10666013055809009428
HIT 3 1911289414025 445 16337110158137817277
HIT 3 2048728367497 477 17324669547876238383
HIT 3 2040138498441 475 15207170326865699157
HIT 3 2044433465737 476 2078220325636666459
HIT 3 2048728433033 477 7120798806746983697
HIT 3 2057318367625 479 10945289471115835708
HIT 3 2048728498569 477 7098514393751770846
HIT 3 2048728564105 477 12778119846850794972
HIT 3 2048728629641 477 7741350404341350759
HIT 3 2048728695177 477 12211964045606806656
HIT 3 2048728760713 477 4658047218001755160
HIT 3 2048728826249 477 672369759133711448
HIT 3 2048728891785 477 16237910986176900937
HIT 3 2048728957321 477 12435866406784349204
HIT 3 2048729022857 477 6920876966296818556
HIT 3 2048729088393 477 2958750325354237051
HIT 3 2048729153929 477 6516916484186612456
HIT 3 2048729219465 477 9495588800931974949
HIT 3 2048729285001 477 2183834540222221194
HIT 3 2048729350537 477 2592184461774526087
HIT 3 2048729416073 477 15959223984911580504
HIT 3 2048729481609 477 8067876017260557258
HIT 3 2048729547145 477 7388100985440993649
HIT 3 2048729612681 477 3542607130618629951
HIT 3 2048729678217 477 14679769441138528452
HIT 3 2048729743753 477 3312073831785044846
HIT 3 2048729809289 477 11355190210509394751
HIT 3 2048729874825 477 9125345380951040537
HIT 3 2048729940361 477 3417170880564864489
HIT 3 2048730005897 477 10598760470013053400
HIT 3 2048730071433 477 13905232315047937357
HIT 3 2048730136969 477 1519461634705076072
HIT 3 2048730202505 477 13464867593925934732
HIT 3 2048730268041 477 12701981400995092927
HIT 3 2048730333577 477 2895426467022072804
HIT 3 2040140464521 475 2895426467022072804
HIT 3 2048730399113 477 422434569522542908
HIT 3 2048730464649 477 194532495458604182
HIT 3 2057320399241 479 359434265299049245
HIT 3 2048730530185 477 359434265299049245
HIT 3 2053025563017 478 7405115476734926769
HIT 3 2057320530313 479 8649087800564035
HIT 3 2065910464905 481 14227205551055266825
HIT 3 2053025628553 478 1585915903611846272
HIT 3 2057320595849 479 14227205551055266825
HIT 3 2061615563145 480 7405115476734926769
HIT 3 2065910530441 481 519375819017925735
HIT 3 2070205497737 482 2874659428528192171
HIT 3 2074500465033 483 5435985734701537351
HIT 3 2078795432329 484 12674581268796706081
HIT 3 2083090399625 485 13438387050895537165
HIT 3 2087385366921 486 17228989962440207773
HIT 3 2091680334217 487 12172669357265343268
HIT 3 2095975301513 488 9210959536203155129
HIT 3 2100270268809 489 8103838431828912382
HIT 3 2104565236105 490 3581905601460224213
HIT 3 2108860203401 491 1201805598393832724
HIT 3 2113155170697 492 11384987270303875020
HIT 3 2117450137993 493 14706273811114781085
HIT 3 2121745105289 494 4650792285841422389
HIT 3 2126040072585 495 12915154725191543312
HIT 3 2130335039881 496 2964903327508628168
HIT 3 2134630007177 497 13060414920838889419
HIT 3 2138924974473 498 13079285242809174483
HIT 3 2143219941769 499 8579580844315592774
HIT 3 2147514909065 500 2207122848297631378
HIT 3 2151809876361 501 11062523598234988252
HIT 3 2156104843657 502 15459979442344968346
HIT 3 2160399810953 503 3117516610678422069
HIT 3 2164694778249 504 16534526382547763123
HIT 3 2168989745545 505 2078076054531215757
HIT 3 2173284712841 506 16361129007177430256
HIT 3 2177579680137 507 7541331693220643058
HIT 3 2181874647433 508 495193356710330477
HIT 3 2186169614729 509 4545114359241576243
HIT 3 2190464582025 510 13600249570296666414
HIT 3 2194759549321 511 1034658378036482860
HIT 3 2065910595977 481 9814039200503207091
HIT 3 2057320530311 479 10784458752260458045
HIT 3 1894108823947 441 5177756209845162018
HIT 3 2048727646603 477 1184955194801523431
HIT 3 1868339085707 435 1191183222300734101
HIT 3 1894108889483 441 4027895380447159595
HIT 3 2048727712139 477 13275893003268567825
HIT 3 1885519020427 439 4542909190003041240
HIT 3 1889813987723 440 6444800949225826251
HIT 3 1894108955019 441 2044066714598749165
HIT 3 1902698889611 443 17366081469764288631
HIT 3 2040137843083 475 5138478103496106574
HIT 3 2044432810379 476 10669743132015582646
HIT 3 2048727777675 477 14541635325685930319
HIT 3 2057317712267 479 16783059781876553970
HIT 3 1894109086091 441 16465893443069929262
HIT 3 2048727908747 477 11860898588794914103
HIT 3 2048728170891 477 1140779537662056637
HIT 3 1902699348363 443 8927639512266615091
HIT 3 2048728236427 477 15440539407231384830
HIT 3 2040138367371 475 7214380472012687811
HIT 3 2044433334667 476 7734556207601620828
HIT 3 2048728301963 477 4820502165616625125
HIT 3 2057318236555 479 9234611858745272002
HIT 3 2048728433035 477 12823820431494282146
HIT 3 2057320530315 479 12084409215131477694
HIT 3 1894108955022 441 1728170743966304588
HIT 3 2048727777678 477 5817014031887828088
HIT 3 2048728301966 477 5782957613375861003
HIT 3 1894108955021 441 414336507757485618
HIT 3 2048727777677 477 8995994252294392814
HIT 3 2048728301965 477 17471863138970196399
HIT 3 1894108955020 441 4863621589705331432
HIT 3 2048727777676 477 7772352750139328936
HIT 3 2048728301964 477 516041042423183120
HIT 3 1894108955023 441 14111231928269924532
HIT 3 2048727777679 477 15526215699493793595
HIT 3 2048728301967 477 15718314102963321925
HIT 3 1894108955024 441 15850706593193577130
HIT 3 2048727777680 477 3574660994046783202
HIT 3 2048728301968 477 15202097182225880872
HIT 3 1894108955025 441 11408146676343614404
HIT 3 2048727777681 477 16569930065584488406
HIT 3 2048728301969 477 14573006156810876
HIT 3 1894108955028 441 8594071704699900256
HIT 3 2048727777684 477 14500181273283569958
HIT 3 2048728301972 477 16382814389239830672
HIT 3 1894108955026 441 2144855596200473448
HIT 3 2048727777682 477 17290337002704457328
HIT 3 2048728301970 477 11235319126204748308
HIT 3 1894108955030 441 17095798367524009132
HIT 3 2048727777686 477 11078165485639403379
HIT 3 2048728301974 477 2660514845834816632
HIT 3 1894108955027 441 16981836901140660874
HIT 3 2048727777683 477 9398678391104488963
HIT 3 1894108955029 441 3450049393294727181
HIT 3 2048727777685 477 11603714798319391768
HIT 3 2048728301971 477 11791064551257015094
HIT 3 2048728301973 477 11091468862996801601
HIT 3 1894108955033 441 5372046278861069704
HIT 3 2048727777689 477 7286473385347742458
HIT 3 2048728301977 477 8557822545843057524
HIT 3 1894108955032 441 10155649546253206290
HIT 3 2048727777688 477 14218678286734380273
HIT 3 2048728301976 477 5614781480590461490
HIT 3 1894108955034 441 11111656084403626129
HIT 3 2048727777690 477 2664183384434114436
HIT 3 2048728301978 477 9849327964434279811
HIT 3 1894108955031 441 7124469634268169470
HIT 3 1894108955035 441 7924000935162017735
HIT 3 2048727777687 477 10252283882219973053
HIT 3 2048727777691 477 5666876909807582109
HIT 3 2048728301979 477 10203866140405378184
HIT 3 2048728301975 477 16394402217461580012
HIT 3 1894108955036 441 10841677991353621269
HIT 3 2048727777692 477 13916158486057568222
HIT 3 2048728301980 477 11258535310673131328
HIT 3 1894108955037 441 1942538175204906009
HIT 3 2048727777693 477 13219676898114011969
HIT 3 2048728301981 477 14057978220602604583
HIT 3 1894108955038 441 6438112707394021916
HIT 3 2048727777694 477 12112439748168161256
HIT 3 2048728301982 477 11288169302546079435
HIT 3 1894108955039 441 1511564990771041077
HIT 3 2048727777695 477 6535611010794138341
HIT 3 2048728301983 477 9350878304446636962
HIT 3 1894108955041 441 606914916203977884
HIT 3 2048727777697 477 17264309966697857644
HIT 3 2048728301985 477 13842763436877445537
HIT 3 1894108955040 441 15036936937215183014
HIT 3 2048727777696 477 2254369860419238831
HIT 3 2048728301984 477 17455442096382380983
HIT 3 1894108955043 441 14168614079496475701
HIT 3 2048727777699 477 16606084842648657041
HIT 3 2048728301987 477 9537910628244742771
HIT 3 1894108955046 441 7348395691540390252
HIT 3 2048727777702 477 18400155280140971425
HIT 3 2048728301990 477 9677441584817530909
HIT 3 1894108955044 441 8818433336687170736
HIT 3 2048727777700 477 11977474905111432546
HIT 3 2048728301988 477 17650522245354076830
HIT 3 1894108955047 441 8928552243138863468
HIT 3 2048727777703 477 8061225244665137736
HIT 3 2048728301991 477 8509188621010823230
HIT 3 1894108955042 441 1080359909764389498
HIT 3 2048727777698 477 5462403160828692555
HIT 3 2048728301986 477 18103405998473320846
HIT 3 1894108955048 441 4955306121276286087
HIT 3 2048727777704 477 10394168435542728077
HIT 3 2048728301992 477 9200866202687536401
HIT 3 1894108955045 441 1828662026429827125
HIT 3 2048727777701 477 13725511120803252673
HIT 3 2048728301989 477 12066533637445754740
HIT 3 1894108955050 441 17125764634674194697
HIT 3 2048727777706 477 6041591091224482389
HIT 3 1894108955051 441 549478678909309747
HIT 3 2048727777707 477 7897449919718741727
HIT 3 1894108955052 441 7027534792754490024
HIT 3 2048727777708 477 4394682460903612205
HIT 3 2048728301995 477 16685377316199981681
HIT 3 2048728301996 477 12588318433183108191
HIT 3 1894108823981 441 7027534792754490024
HIT 3 2048727646637 477 4394682460903612205
HIT 3 1894108955053 441 7012677731582597246
HIT 3 2048727777709 477 18277504349182800763
HIT 3 1894108955054 441 8832452105114598521
HIT 3 2048727777710 477 8281208932596641690
HIT 3 1894109086126 441 7474385036563510176
HIT 3 2048727908782 477 13234825175459218579
HIT 3 2048728301998 477 13410393274793257541
HIT 3 1894108955055 441 7474385036563510176
HIT 3 2048727777711 477 13234825175459218579
HIT 3 2048728170927 477 17825983751159551123
HIT 3 1902699348399 443 8832452105114598521
HIT 3 2048728236463 477 14944273205560684824
HIT 3 2040138367407 475 11552714694825883964
HIT 3 2044433334703 476 5242203971098389803
HIT 3 2048728301999 477 14651311951092650386
HIT 3 2057318236591 479 12737792424464456512
HIT 3 2048728433071 477 13695548170312997446
HIT 3 2057320530351 479 8281208932596641690
HIT 3 1894108955049 441 14443494578305160239
HIT 3 2048727777705 477 6623902397819655859
HIT 3 2048728301993 477 6776410250729575124
HIT 3 1876929151408 437 10041479541443828334
HIT 3 1894109020592 441 1623156091207127229
HIT 3 2048727843248 477 14934722236942213003
HIT 3 1885519151536 439 4965548879423641721
HIT 3 1889814118832 440 8722032919139780957
HIT 3 1894109086128 441 3198345661625037316
HIT 3 1902699020720 443 4445839214287528092
HIT 3 2040137974192 475 9263754484852613050
HIT 3 2044432941488 476 14798112049448582862
HIT 3 2048727908784 477 1860745802858732091
HIT 3 2057317843376 479 8458875314655498651
HIT 3 1894109217200 441 4216168558730066876
HIT 3 2048728039856 477 11143018670368465515
HIT 3 2048728170928 477 14732603206981584460
HIT 3 1902699348400 443 10210129549744303042
HIT 3 2048728236464 477 2442365186579116675
HIT 3 2040138367408 475 14093548853033895577
HIT 3 2044433334704 476 11265144677954031694
HIT 3 2048728302000 477 12241865869112876656
HIT 3 2057318236592 479 5091525976400084957
HIT 3 2048728433072 477 6817252110680330124
HIT 3 2048728301994 477 201090469723052181
HIT 3 1894109020593 441 10210129549744303042
HIT 3 2048727843249 477 4108799473396781043
HIT 3 1894109086129 441 4216168558730066876
HIT 3 2048727908785 477 11143018670368465515
HIT 3 1894109151665 441 1623156091207127229
HIT 3 2048727974321 477 14934722236942213003
HIT 3 1885519282609 439 1623156091207127229
HIT 3 1894109217201 441 9043058801695356048
HIT 3 2048728039857 477 13981836419224900018
HIT 3 1894109282737 441 4965548879423641721
HIT 3 1902699217329 443 17506141126167235669
HIT 3 2048728105393 477 4595897298392346889
HIT 3 1894109348273 441 17506141126167235669
HIT 3 2040138236337 475 12814607348441789326
HIT 3 2044433203633 476 2782701263679675907
HIT 3 2048728170929 477 4690700494451972281
HIT 3 2057318105521 479 15052001088940130915
HIT 3 1898404381105 442 12445172348403110875
HIT 3 1902699348401 443 3198345661625037316
HIT 3 1911289282993 445 12750794038200309197
HIT 3 2040138301873 475 1565352428720984853
HIT 3 2044433269169 476 11684691165021147276
HIT 3 2048728236465 477 5968914996082984141
HIT 3 2057318171057 479 13856241759636839413
HIT 3 1898404446641 442 8722032919139780957
HIT 3 1902699413937 443 12750794038200309197
HIT 3 1906994381233 444 12445172348403110875
HIT 3 1911289348529 445 207734103887061179
HIT 3 1915584315825 446 8871485354568992124
HIT 3 1919879283121 447 13793056231881812143
HIT 3 1924174250417 448 6273282492782446851
HIT 3 1928469217713 449 10799389883780477311
HIT 3 1932764185009 450 9456431892454983272
HIT 3 1937059152305 451 15910494464792874725
HIT 3 1941354119601 452 14623404118679185036
HIT 3 1945649086897 453 15840221803658181239
HIT 3 1949944054193 454 1074725680644218877
HIT 3 1954239021489 455 2654266505606981990
HIT 3 1958533988785 456 353925646212254441
HIT 3 1962828956081 457 424351269557543675
HIT 3 1967123923377 458 4104672357878537015
HIT 3 1971418890673 459 8947594835843642822
HIT 3 1975713857969 460 13295002746333081799
HIT 3 1980008825265 461 15894295862257134679
HIT 3 1984303792561 462 10283749544612401250
HIT 3 1988598759857 463 9347737879592920174
HIT 3 1992893727153 464 6087719015536820177
HIT 3 1997188694449 465 80352138285298369
HIT 3 2001483661745 466 1582947752489778738
HIT 3 2005778629041 467 6280949037499832462
HIT 3 2010073596337 468 4170724625508719331
HIT 3 2014368563633 469 13697110187124721309
HIT 3 2018663530929 470 63335827396546341
HIT 3 2022958498225 471 7021234787135746365
HIT 3 2027253465521 472 6718732978902434828
HIT 3 2031548432817 473 12843567958830683733
HIT 3 2035843400113 474 7658459619246011030
HIT 3 2040138367409 475 10415047967608028754
HIT 3 2044433334705 476 6011661331344345812
HIT 3 2048728302001 477 10942950415072387777
HIT 3 2053023269297 478 1705468151903770968
HIT 3 2057318236593 479 13222139538555174720
HIT 3 2061613203889 480 1875549308207608401
HIT 3 2065908171185 481 5073595602022150112
HIT 3 2070203138481 482 12061090292908629814
HIT 3 2074498105777 483 12284327446042578681
HIT 3 2078793073073 484 5467941189802474609
HIT 3 2083088040369 485 6908704266128931141
HIT 3 2087383007665 486 18283941046103632315
HIT 3 2091677974961 487 80129886283003865
HIT 3 2095972942257 488 17771206243200175602
HIT 3 2100267909553 489 3126181935269475510
HIT 3 2104562876849 490 816295495970158495
HIT 3 2108857844145 491 17396595490820643478
HIT 3 2113152811441 492 10565181127872425239
HIT 3 2117447778737 493 8488017007759831259
HIT 3 2121742746033 494 144986522228363437
HIT 3 2126037713329 495 16085563770694147512
HIT 3 2130332680625 496 3291316587808575060
HIT 3 2134627647921 497 6958990935439456002
HIT 3 2138922615217 498 3762349984310293088
HIT 3 2143217582513 499 17893138386967458766
HIT 3 2147512549809 500 14455862891378307110
HIT 3 2151807517105 501 16588755781139041967
HIT 3 2156102484401 502 6988373414008244363
HIT 3 2160397451697 503 579871873268525163
HIT 3 2164692418993 504 16476806984859373200
HIT 3 2168987386289 505 12335285083170733644
HIT 3 2173282353585 506 12814416352227746491
HIT 3 2177577320881 507 16984614078958818084
HIT 3 2181872288177 508 4853578277003348448
HIT 3 2186167255473 509 718223928405122098
HIT 3 2190462222769 510 16546230234519639079
HIT 3 2194757190065 511 8403058050167940060
HIT 3 1911289414065 445 4445839214287528092
HIT 3 2048728367537 477 1675064207416285978
HIT 3 2040138498481 475 11987660092948423415
HIT 3 2044433465777 476 16922151744909018473
HIT 3 2048728433073 477 635236622119896420
HIT 3 2057318367665 479 17116959727658774300
HIT 3 2048728498609 477 17823931321509647331
HIT 3 2048728564145 477 1808912374389598610
HIT 3 2048728629681 477 9121857260334398648
HIT 3 2048728695217 477 16490416923893132615
HIT 3 2048728760753 477 18257864596402625973
HIT 3 2048728826289 477 7176701620039960464
HIT 3 2048728891825 477 14252750637085808953
HIT 3 1894109217202 441 16562927028787172254
HIT 3 2048728039858 477 16436597732910517051
HIT 3 2048728957361 477 5164907151080307692
HIT 3 2048729022897 477 3817375856533466333
HIT 3 2048729088433 477 8800453197233074004
HIT 3 2048729153969 477 13331237319444438839
HIT 3 2048729219505 477 2431676682554415722
HIT 3 2048728302002 477 7175157680372638026
HIT 3 2048729285041 477 4945417471960544081
HIT 3 2048729350577 477 10450479534543597544
HIT 3 2048729416113 477 12022323431878236291
HIT 3 2048729481649 477 3194868172902070846
HIT 3 2048729547185 477 9880610310147407008
HIT 3 2048729612721 477 3934207374981998512
HIT 3 2048729678257 477 9988625222160496278
HIT 3 2048729743793 477 10906138211314424506
HIT 3 2048729809329 477 14903018644826462707
HIT 3 2048729874865 477 8163816466407386364
HIT 3 2048729940401 477 15366136384816301346
HIT 3 2048730005937 477 4491175369523146058
HIT 3 2048730071473 477 17544759296310934607
HIT 3 2048730137009 477 10254581530865324096
HIT 3 2048730202545 477 12112414484542167773
HIT 3 2048730268081 477 4984703849947169391
HIT 3 2048730333617 477 13311219319879941347
HIT 3 2040140464561 475 13311219319879941347
HIT 3 2048730399153 477 10422679813350872852
HIT 3 2048730464689 477 9263754484852613050
HIT 3 2057320399281 479 10547949464553132765
HIT 3 2048730530225 477 10547949464553132765
HIT 3 2053025563057 478 13378170943594805490
HIT 3 2057320530353 479 1860745802858732091
HIT 3 2065910464945 481 18125901751316718666
HIT 3 2053025628593 478 14798112049448582862
HIT 3 2057320595889 479 18125901751316718666
HIT 3 2061615563185 480 13378170943594805490
HIT 3 2065910530481 481 12281800403924160142
HIT 3 2070205497777 482 11754486336755849658
HIT 3 2074500465073 483 2587648957011900338
HIT 3 2078795432369 484 1577390718008719538
HIT 3 2083090399665 485 12216351498884140192
HIT 3 2087385366961 486 8497996091942310651
HIT 3 2091680334257 487 12929908942783641912
HIT 3 2095975301553 488 15947799102548717422
HIT 3 2100270268849 489 5907203098075720729
HIT 3 2104565236145 490 14695873675277729671
HIT 3 2108860203441 491 14328415421755842088
HIT 3 2113155170737 492 16269801514175113832
HIT 3 2117450138033 493 551859987822187689
HIT 3 2121745105329 494 17163944384982148968
HIT 3 2126040072625 495 11048873951466409932
HIT 3 2130335039921 496 11967625628847364230
HIT 3 2134630007217 497 14188155570228984254
HIT 3 2138924974513 498 18070656285934805718
HIT 3 2143219941809 499 11124778707129961629
HIT 3 2147514909105 500 16533236246711116038
HIT 3 2151809876401 501 5460567044090966477
HIT 3 2156104843697 502 8543485918552945954
HIT 3 2160399810993 503 5299197469441392761
HIT 3 2164694778289 504 6740342050014489655
HIT 3 2168989745585 505 15810524755726997682
HIT 3 2173284712881 506 10663733003651127307
HIT 3 2177579680177 507 18354502447255004518
HIT 3 2181874647473 508 6227746107217293639
HIT 3 2186169614769 509 5642743497477355856
HIT 3 2190464582065 510 12948383802523604317
HIT 3 2194759549361 511 12043628373409020120
HIT 3 2065910596017 481 8458875314655498651
HIT 3 2048728301997 477 16800998934994180756
HIT 3 2048728170931 477 12296327794651491845
HIT 3 1902699348403 443 16562927028787172254
HIT 3 2048728236467 477 2987909332167606227
HIT 3 2040138367411 475 6621249767305877931
HIT 3 2044433334707 476 10876746866140439050
HIT 3 2048728302003 477 372708323193378156
HIT 3 2057318236595 479 5244413483394698540
HIT 3 2048728433075 477 6290109032276235175
HIT 3 2057320530355 479 16436597732910517051
HIT 3 2048728302004 477 11254084285391642853
HIT 3 2048728170933 477 11254084285391642853
HIT 3 2048728302005 477 3999621404271991289
HIT 3 2048728302007 477 2764678209219296944
HIT 3 2057320530359 479 3549409322601062091
HIT 3 1911289414072 445 8924333209995848843
HIT 3 2048728367544 477 2560719907604861942
HIT 3 2040138498488 475 17011155321930320456
HIT 3 2044433465784 476 16049476983079654221
HIT 3 2048728433080 477 14361617570297044516
HIT 3 2057318367672 479 1506221087099774968
HIT 3 2048728564152 477 5146925184032614929
HIT 3 2057320530352 479 4108799473396781043
HIT 3 2048728367545 477 7564176370902536674
HIT 3 2048728433081 477 5146925184032614929
HIT 3 2048728498617 477 2560719907604861942
HIT 3 2048728564153 477 3408646208944750504
HIT 3 2048728629689 477 16986817512044091254
HIT 3 2048728695225 477 13723963892813068918
HIT 3 2048728760761 477 3534633688201663087
HIT 3 2048728826297 477 18088388935953745902
HIT 3 2048728891833 477 5854798496715413086
HIT 3 2048728957369 477 18016737682427299014
HIT 3 2048729022905 477 9783785501205970063
HIT 3 2048729088441 477 10615284773771004032
HIT 3 2048729153977 477 16054116403120532358
HIT 3 2048729219513 477 12308807732768915966
HIT 3 2048729285049 477 7614310915828308172
HIT 3 2048729350585 477 14747600199314274150
HIT 3 2048729416121 477 5993991642614870473
HIT 3 2048729481657 477 5471008765659091707
HIT 3 2048729547193 477 12107756356171358179
HIT 3 2048729612729 477 13740345031320963813
HIT 3 2048729678265 477 6256557791522797126
HIT 3 2048729743801 477 13398958383428777248
HIT 3 2048729809337 477 8259904715128693790
HIT 3 2048729874873 477 1169143806111573238
HIT 3 2048729940409 477 6069814451661911204
HIT 3 2048730005945 477 1892825536386208153
HIT 3 2048730071481 477 13443975403238744530
HIT 3 2048730137017 477 15215242226141109229
HIT 3 2048730202553 477 10066733700829709640
HIT 3 2048730268089 477 7665411950151768596
HIT 3 2048730333625 477 9550510267621594410
HIT 3 2040140464569 475 9550510267621594410
HIT 3 2048730399161 477 6499192140048810100
HIT 3 2048730464697 477 17011155321930320456
HIT 3 2057320399289 479 13006025173536996161
HIT 3 2048730530233 477 13006025173536996161
HIT 3 2053025563065 478 15624777925673200932
HIT 3 2057320530361 479 14361617570297044516
HIT 3 2065910464953 481 18201731143076891745
HIT 3 2053025628601 478 16049476983079654221
HIT 3 2057320595897 479 18201731143076891745
HIT 3 2061615563193 480 15624777925673200932
HIT 3 2065910530489 481 14655499645986427725
HIT 3 2070205497785 482 5575681472094591882
HIT 3 2074500465081 483 5701183672090781614
HIT 3 2078795432377 484 5422174048436859306
HIT 3 2083090399673 485 11472002887019746211
HIT 3 2087385366969 486 8894105108468817977
HIT 3 2091680334265 487 10890663089225055063
HIT 3 2095975301561 488 2397900207353263107
HIT 3 2100270268857 489 13240090039498414849
HIT 3 2104565236153 490 7497830161811045784
HIT 3 2108860203449 491 15249850556696888659
HIT 3 2113155170745 492 808846025993399171
HIT 3 2117450138041 493 6978950186399582292
HIT 3 2121745105337 494 12141462469975949982
HIT 3 2126040072633 495 7962428481518494887
HIT 3 2130335039929 496 6455247501602647332
HIT 3 2134630007225 497 17642064486327372150
HIT 3 2138924974521 498 13853888399501562338
HIT 3 2143219941817 499 291993348029824146
HIT 3 2147514909113 500 5769097284741518706
HIT 3 2151809876409 501 8582278761137324251
HIT 3 2156104843705 502 2184673698775548230
HIT 3 2160399811001 503 2821972071618633522
HIT 3 2164694778297 504 8898205719605925511
HIT 3 2168989745593 505 4952474027916109203
HIT 3 2173284712889 506 2534525901642712764
HIT 3 2177579680185 507 14248756646328409954
HIT 3 2181874647481 508 190881356243557699
HIT 3 2186169614777 509 12214688361772045589
HIT 3 2190464582073 510 12156911316914451580
HIT 3 2194759549369 511 17211141914229988485
HIT 3 2065910596025 481 1506221087099774968
HIT 3 2048728564154 477 1263658661259415985
HIT 3 2057320530360 479 7564176370902536674
HIT 3 2057320530363 479 1263658661259415985
HIT 3 2048728302006 477 3549409322601062091
HIT 3 2048728433078 477 2764678209219296944
HIT 3 2065910596060 481 7174813232718369742
DONE data/p_n_lam.txt sz=3 range=[0,512) n=22108160 zero=0 18.9s
