HIT 1 153 153 16903442152206021474
HIT 1 157 157 16036812404780155857
HIT 1 184 184 8062949956131724568
HIT 1 417 417 11411582958392019189
HIT 1 453 453 12715805583714224067
DONE data/p_d1e76.txt sz=1 range=[0,512) n=512 zero=0 0.1s
HIT 2 10289303 157 1820700783448503695
HIT 2 10092696 154 15108133743295056058
HIT 2 10158232 155 16903442152206021474
HIT 2 10289304 157 9507331587294986679
HIT 2 10420376 159 8014713083483758118
HIT 2 12058776 184 1111745371371915242
HIT 2 27328664 417 12766805165334545885
HIT 2 29687960 453 5577226409761714253
HIT 2 10158233 155 9507331587294986679
HIT 2 10223769 156 15108133743295056058
HIT 2 10289305 157 14937064922775731721
HIT 2 10420377 159 14648032881322570936
HIT 2 11927705 182 11044721571590647172
HIT 2 12058777 184 2102179214215859935
HIT 2 12124313 185 14610596881737780120
HIT 2 12189849 186 2607744660292120633
HIT 2 27197593 415 3977064871095483397
HIT 2 27263129 416 7486901958364861923
HIT 2 27328665 417 3644816368135229908
HIT 2 27459737 419 13825853518421503725
HIT 2 29556889 451 12614203587266762270
HIT 2 29622425 452 7669743985077026143
HIT 2 29687961 453 5556597716449390111
HIT 2 29819033 455 1592014353248607037
HIT 2 10420378 159 10092517633137481160
HIT 2 12058778 184 8356901764823202202
HIT 2 27328666 417 15825973588248594741
HIT 2 29687962 453 1020002304066897341
HIT 2 10289307 157 10092517633137481160
HIT 2 12058779 184 3815919162635571891
HIT 2 27328667 417 1695882859112849622
HIT 2 29687963 453 4037491013666206802
HIT 2 10420380 159 16036812404780155857
HIT 2 12058780 184 10594706408554259172
HIT 2 27328668 417 11298048383538084470
HIT 2 29687964 453 12749839551044935802
HIT 2 11927709 182 3469038474072303995
HIT 2 12058781 184 15530323807601625464
HIT 2 12124317 185 5225287088475492441
HIT 2 12189853 186 12255571777154575456
HIT 2 27197597 415 10474203514405638432
HIT 2 27263133 416 9999845923094982421
HIT 2 27328669 417 4552592580400090075
HIT 2 27459741 419 583203609928477633
HIT 2 29556893 451 971191203835725343
HIT 2 29622429 452 2220140836318965069
HIT 2 29687965 453 2640311622366468876
HIT 2 29819037 455 2723602861378657631
HIT 2 12058783 184 11781345932237823674
HIT 2 12058775 184 5431565883288968847
HIT 2 27328663 417 13744371447807350981
HIT 2 29687959 453 5561561652653842465
HIT 2 27328694 417 2323542411680606705
HIT 2 27328671 417 3740238428588805370
HIT 2 29687967 453 1043451163002087438
HIT 2 27197624 415 5164833177048230326
HIT 2 27263160 416 6396417940790318721
HIT 2 27328696 417 17098443793987638949
HIT 2 27459768 419 83953667614522122
HIT 2 29556920 451 1427474590394755938
HIT 2 29622456 452 6243920273893840010
HIT 2 29687992 453 3590428544585675334
HIT 2 29819064 455 9745297336409399046
HIT 2 12189881 186 8062949956131724568
HIT 2 27328697 417 4927136710739659400
HIT 2 29687993 453 6472981833172732701
HIT 2 27328698 417 15799676208524758523
HIT 2 29687994 453 7695604759845223091
HIT 2 29687990 453 1239251885311252492
HIT 2 29688223 453 14889574753514700613
HIT 2 27460000 419 11411582958392019189
HIT 2 29688224 453 18340991002374373836
HIT 2 29557153 451 5681752064850554757
HIT 2 29622689 452 16587500972044717503
HIT 2 29688225 453 16077859660460854767
HIT 2 29819297 455 1845369148543900428
HIT 2 29688227 453 4799458309204855075
HIT 2 29819332 455 12715805583714224067
DONE data/p_d1e76.txt sz=2 range=[0,512) n=130560 zero=0 0.4s
HIT 3 674319892482 157 1605693899087641007
HIT 3 790284009474 184 1785188286791159532
HIT 3 1791011389442 417 1857233124637493319
HIT 3 1945630212098 453 2591110265010493380
HIT 3 674319892480 157 4181022824109105634
HIT 3 790284009472 184 8230701254703374099
HIT 3 1791011389440 417 1159909610189177210
HIT 3 1945630212096 453 4203699653132078154
HIT 3 790284271616 184 1333813197433379337
HIT 3 1791011651584 417 8845412507091543577
HIT 3 1945630474240 453 8131894765663896246
HIT 3 674319892481 157 11439841260970266650
HIT 3 790284009473 184 3939065362357924096
HIT 3 1791011389441 417 16926353808857701054
HIT 3 1945630212097 453 10822701169839055790
HIT 3 790284271618 184 7620173562273511874
HIT 3 1791011651586 417 16543114782370389881
HIT 3 1945630474242 453 1678853520120906181
HIT 3 790284271617 184 10029468030843442250
HIT 3 1791011651585 417 6932390736808699849
HIT 3 1945630474241 453 3981331015073184162
HIT 3 674319892483 157 8930107951239843423
HIT 3 790284009475 184 15425817924388834980
HIT 3 1791011389443 417 15652685749817912872
HIT 3 1945630212099 453 4543658353813433425
HIT 3 790284271619 184 12347326566810181997
HIT 3 1791011651587 417 16642997463762705813
HIT 3 1945630474243 453 10789441573044661205
HIT 3 1791013421058 417 10012070056844931658
HIT 3 1945632243714 453 12969416326096712117
HIT 3 1791013421056 417 2858139819508038391
HIT 3 1945632243712 453 17495093747611292165
HIT 3 1791013421057 417 2644014360089143486
HIT 3 1945632243713 453 497656157949924814
HIT 3 1791013421059 417 11856161663623937476
HIT 3 1945632243715 453 13362551271763914378
HIT 3 1945647513600 453 17879123647206810443
HIT 3 1945647513602 453 403188205597285836
HIT 3 1945647513601 453 7402791990628385259
HIT 3 1945647513603 453 8514210505823878294
HIT 3 674319892484 157 4113528350785850612
HIT 3 790284009476 184 5234014500798718925
HIT 3 1791011389444 417 235879294936757228
HIT 3 1945630212100 453 1974496525656149378
HIT 3 790284271620 184 2563284023348644557
HIT 3 1791011651588 417 1615644651252390347
HIT 3 1945630474244 453 9802400738112721333
HIT 3 674319892485 157 6582445671064842888
HIT 3 790284009477 184 11191521172072513632
HIT 3 1791011389445 417 15917379362227347544
HIT 3 1945630212101 453 15190308341092638330
HIT 3 790284271621 184 7443571678855358128
HIT 3 1791011651589 417 9359879900617757904
HIT 3 1945630474245 453 8839255162187530655
HIT 3 1791013421061 417 1233388722235718828
HIT 3 1945632243717 453 12030455778809432374
HIT 3 674319892487 157 1492856740388828095
HIT 3 790284009479 184 14745583152752546461
HIT 3 1791011389447 417 6988690416076306778
HIT 3 1945630212103 453 15243435237135797490
HIT 3 790284271623 184 16322982477833674862
HIT 3 1791011651591 417 17301501536959501906
HIT 3 1945630474247 453 10958054271573818080
HIT 3 1791013421060 417 11639815258617877627
HIT 3 1945632243716 453 279852978633393079
HIT 3 1791013421063 417 8175920235147531095
HIT 3 1945632243719 453 17279876808141363688
HIT 3 674319892486 157 1178975380774988919
HIT 3 790284009478 184 17066352869897890528
HIT 3 1791011389446 417 14022255396092244038
HIT 3 1945630212102 453 8270762690754032294
HIT 3 790284271622 184 15093628277257406501
HIT 3 1791011651590 417 9366714675933462747
HIT 3 1945630474246 453 16187971467666532822
HIT 3 1791013421062 417 3327613162694821015
HIT 3 1945632243718 453 1092989033518251496
HIT 3 1945647513604 453 6318997384593436047
HIT 3 1945647513605 453 1454037847466960382
HIT 3 1945647513607 453 7033167680825632078
HIT 3 1945647513606 453 6113393298403948659
HIT 3 674319892489 157 13854035448937880095
HIT 3 790284009481 184 13907866285214429509
HIT 3 1791011389449 417 7156255910845202382
HIT 3 1945630212105 453 18380586895188245968
HIT 3 674319892488 157 2937706478246712322
HIT 3 790284009480 184 17827501056906442724
HIT 3 1791011389448 417 9510365914747610026
HIT 3 1945630212104 453 7217336375983669422
HIT 3 790284271624 184 1140528102203016980
HIT 3 1791011651592 417 1280362166819977861
HIT 3 1945630474248 453 3307632381774911103
HIT 3 790284271625 184 771818214006986594
HIT 3 1791011651593 417 7839181530534218787
HIT 3 1945630474249 453 2650511720661571822
HIT 3 674319892490 157 7822673956051320581
HIT 3 790284009482 184 5174102897500875926
HIT 3 1791011389450 417 8211732482041084144
HIT 3 1945630212106 453 7754045785488147562
HIT 3 1791013421064 417 7025964801632646636
HIT 3 1945632243720 453 4245705593186421241
HIT 3 790284271626 184 8079967592760934129
HIT 3 1791011651594 417 12711580463416424757
HIT 3 1945630474250 453 7735670348262789193
HIT 3 1791013421065 417 12332723476507081487
HIT 3 1945632243721 453 15418343552857931532
HIT 3 1791013421066 417 13550401417622976968
HIT 3 1945632243722 453 2791792693154361349
HIT 3 674319892491 157 17369563886322948775
HIT 3 790284009483 184 12009300395145228200
HIT 3 1791011389451 417 16762997371602538730
HIT 3 1945630212107 453 9812175321580614112
HIT 3 790284271627 184 15009534427176350097
HIT 3 1791011651595 417 13316329926882717850
HIT 3 1945630474251 453 15552413791574108863
HIT 3 1945647513608 453 15589169479426695352
HIT 3 1945647513609 453 16127940033493751852
HIT 3 1791013421067 417 17438568063689270406
HIT 3 1945632243723 453 7881059749545562641
HIT 3 1945647513610 453 14579522307299849635
HIT 3 1945647513611 453 3002287339890031652
HIT 3 674319892492 157 4096297125026371321
HIT 3 790284009484 184 17730335910000037390
HIT 3 1791011389452 417 9668408956533501164
HIT 3 1945630212108 453 3638603331572928448
HIT 3 790284271628 184 11178375949326442087
HIT 3 1791011651596 417 15726701332221163624
HIT 3 1945630474252 453 15479042834433427669
HIT 3 674319892493 157 4642106721806448551
HIT 3 790284009485 184 12798299491076237452
HIT 3 1791011389453 417 4301242336223890612
HIT 3 1945630212109 453 12938601356493025100
HIT 3 790284271629 184 16443581924088998649
HIT 3 1791011651597 417 6982147272809338542
HIT 3 1945630474253 453 4736503506020183764
HIT 3 1791013421068 417 9980391882945969562
HIT 3 1945632243724 453 4758631394660050182
HIT 3 1791013421069 417 1180400674178476102
HIT 3 1945632243725 453 8756822700168130519
HIT 3 674319892494 157 8656315085998679036
HIT 3 790284009486 184 790237750555440523
HIT 3 1791011389454 417 193395218636144161
HIT 3 1945630212110 453 15175982918771960767
HIT 3 790284271630 184 2146795015844508045
HIT 3 1791011651598 417 13614741027067752626
HIT 3 1945630474254 453 1726380891952736560
HIT 3 1791013421070 417 4277771372906955617
HIT 3 1945632243726 453 14710667411106265290
HIT 3 674319892495 157 14387455759813366484
HIT 3 790284009487 184 17529054105137308334
HIT 3 1791011389455 417 10486031705426621286
HIT 3 1945630212111 453 9466540937167209297
HIT 3 790284271631 184 16508394967844731394
HIT 3 1791011651599 417 15069929588340683811
HIT 3 1945630474255 453 8191881730917128269
HIT 3 1791013421071 417 12969821105775325645
HIT 3 1945632243727 453 3670677698580260141
HIT 3 1945647513612 453 9964711687211380277
HIT 3 1945647513613 453 6911229175299321252
HIT 3 1945647513614 453 5149519134457606111
HIT 3 1945647513615 453 4805999846050334933
HIT 3 674319892496 157 13308042984947055673
HIT 3 790284009488 184 8947007226274729501
HIT 3 1791011389456 417 12973477090244592036
HIT 3 1945630212112 453 3129992785757737765
HIT 3 790284271632 184 5261555311718258299
HIT 3 1791011651600 417 5617801069053162153
HIT 3 674319892497 157 5094006232592941593
HIT 3 790284009489 184 15462895395766128323
HIT 3 1791011389457 417 9303029928719509438
HIT 3 1945630212113 453 16012706997791962147
HIT 3 790284271633 184 7131922831167483877
HIT 3 1791011651601 417 3572624675481885110
HIT 3 1945630474257 453 13466059708901952405
HIT 3 1945630474256 453 18391659284892167324
HIT 3 1791013421072 417 13317627047409817332
HIT 3 1945632243728 453 15813848057015729638
HIT 3 1791013421073 417 9627182058549647035
HIT 3 1945632243729 453 15609890450444318283
HIT 3 674319892498 157 2939487407473606568
HIT 3 790284009490 184 2807561749976660285
HIT 3 1791011389458 417 9627589829648544076
HIT 3 1945630212114 453 10448190387712194084
HIT 3 790284271634 184 8133293418464238720
HIT 3 1791011651602 417 1076780955002931554
HIT 3 1945630474258 453 1831075506227178175
HIT 3 1791013421074 417 338381084922987535
HIT 3 1945632243730 453 2791513312435883304
HIT 3 674319892499 157 17452190587555233153
HIT 3 790284009491 184 3899229631028366628
HIT 3 1791011389459 417 2596334994816580864
HIT 3 1945630212115 453 18322596317223077726
HIT 3 790284271635 184 10299757452826794638
HIT 3 1791011651603 417 1160693373223763235
HIT 3 1945630474259 453 15982040856554083977
HIT 3 1791013421075 417 5458594980875757869
HIT 3 1945632243731 453 10400587424518222390
HIT 3 1945647513616 453 14340067062940989929
HIT 3 1945647513617 453 3141226473768096970
HIT 3 1945647513619 453 9068014553153684390
HIT 3 1945647513618 453 13622627135885625049
HIT 3 674319892502 157 52959416442035505
HIT 3 790284009494 184 11265255518903611979
HIT 3 1791011389462 417 7207389049322925604
HIT 3 1945630212118 453 5057294494424001201
HIT 3 790284271638 184 1895556769236923455
HIT 3 1791011651606 417 11592515117305630820
HIT 3 1945630474262 453 842618627130035563
HIT 3 674319892500 157 12828548618313015790
HIT 3 790284009492 184 17356180028873060309
HIT 3 1791011389460 417 16811268752383714741
HIT 3 1945630212116 453 6178589872573473930
HIT 3 790284271636 184 531151431948260139
HIT 3 1791011651604 417 11136927845998213735
HIT 3 1945630474260 453 4796253357844641250
HIT 3 1791013421078 417 2690770829354194895
HIT 3 1945632243734 453 13728109923052594508
HIT 3 674319892501 157 938700502066808811
HIT 3 790284009493 184 16308444841108651464
HIT 3 1791011389461 417 10070590111240739426
HIT 3 1945630212117 453 13921061521609721785
HIT 3 790284271637 184 4142232814087393597
HIT 3 1791011651605 417 10335495208248398646
HIT 3 1945630474261 453 7439311583077025544
HIT 3 1791013421076 417 9219793048611148753
HIT 3 1945632243732 453 9968535009647545781
HIT 3 1791013421077 417 17284726072440417926
HIT 3 1945632243733 453 11414597259336137116
HIT 3 674319892503 157 15267510734130538457
HIT 3 790284009495 184 13398434733776260958
HIT 3 1791011389463 417 11638032616977068473
HIT 3 1945630212119 453 4970553152787936707
HIT 3 790284271639 184 17919868659116069024
HIT 3 1791011651607 417 16465593856417243572
HIT 3 1945630474263 453 11474088252559728904
HIT 3 1791013421079 417 14623292237419587000
HIT 3 1945632243735 453 17800422535957761477
HIT 3 1945647513622 453 17418359386767152710
HIT 3 1945647513620 453 18011242356334399384
HIT 3 1945647513621 453 441479496451346553
HIT 3 1945647513623 453 16070866034205321797
HIT 3 674319892504 157 2168020605559622355
HIT 3 790284009496 184 2909535889267592064
HIT 3 1791011389464 417 245577247792898815
HIT 3 1945630212120 453 1643450552147685975
HIT 3 790284271640 184 5691581540616636553
HIT 3 1791011651608 417 9046402063454948942
HIT 3 1945630474264 453 16136210550538232199
HIT 3 1791013421080 417 8332797513740132966
HIT 3 1945632243736 453 14739178489823945827
HIT 3 674319892505 157 15764702974716173251
HIT 3 790284009497 184 18157755434108536374
HIT 3 1791011389465 417 12522069039838976374
HIT 3 1945630212121 453 3801814178182269741
HIT 3 790284271641 184 8641707812311268007
HIT 3 1791011651609 417 8359376889579288626
HIT 3 1945630474265 453 5183773204126685890
HIT 3 674319892506 157 8272296388345677913
HIT 3 790284009498 184 7304556655244756069
HIT 3 1791011389466 417 3033107439977015954
HIT 3 1945630212122 453 464557198400927725
HIT 3 790284271642 184 11740400210358261054
HIT 3 1791011651610 417 11650492675559848021
HIT 3 1945630474266 453 10376821415161981709
HIT 3 1791013421081 417 7059844580050520833
HIT 3 1945632243737 453 15121795284560814585
HIT 3 1791013421082 417 2419748039177208561
HIT 3 1945632243738 453 16692938727130981715
HIT 3 674319892507 157 16975027486291097188
HIT 3 790284009499 184 10072159765363421088
HIT 3 1791011389467 417 8450351808827305931
HIT 3 1945630212123 453 4418591414545269918
HIT 3 790284271643 184 8153744913365149015
HIT 3 1791011651611 417 8829799789382561125
HIT 3 1945630474267 453 7353511468034719029
HIT 3 1791013421083 417 10007471803194891945
HIT 3 1945632243739 453 14824678709302891945
HIT 3 1945647513624 453 13831994441191077684
HIT 3 1945647513625 453 5829978445706549951
HIT 3 1945647513626 453 16597740323542412139
HIT 3 1945647513627 453 1878592383713748840
HIT 3 674319892508 157 18129901584454925704
HIT 3 790284009500 184 52570881591575423
HIT 3 1791011389468 417 18172336546117310708
HIT 3 1945630212124 453 2518242340909356385
HIT 3 790284271644 184 10599487640195316380
HIT 3 1791011651612 417 15870349887855056829
HIT 3 1945630474268 453 9564835214462901620
HIT 3 1791013421084 417 14264307030364371630
HIT 3 1945632243740 453 2529913823038962169
HIT 3 674319892509 157 9531717469582950385
HIT 3 790284009501 184 11104722036942385039
HIT 3 1791011389469 417 16344664810319006669
HIT 3 1945630212125 453 2308139025284777029
HIT 3 790284271645 184 1595413460149911635
HIT 3 1791011651613 417 5517360244480206568
HIT 3 1945630474269 453 5830194481039843432
HIT 3 674319892510 157 16123255874743684864
HIT 3 790284009502 184 144500435125197426
HIT 3 1791011389470 417 6909901334517243435
HIT 3 1945630212126 453 5246096531331843970
HIT 3 790284271646 184 16461500796374571808
HIT 3 1791011651614 417 12431915847544204181
HIT 3 1945630474270 453 1039819720479567420
HIT 3 1791013421085 417 10189767631926960123
HIT 3 1945632243741 453 12291181297258224105
HIT 3 674319892511 157 6154793018832928316
HIT 3 790284009503 184 14299849782295946458
HIT 3 1791011389471 417 12404364681392181792
HIT 3 1945630212127 453 9693603097894157427
HIT 3 790284271647 184 1905049648992337617
HIT 3 1791013421086 417 13654861015666060406
HIT 3 1945632243742 453 585295350821189023
HIT 3 1791011651615 417 9484809862154754105
HIT 3 1945630474271 453 12856026802350947826
HIT 3 1791013421087 417 10197533445505287322
HIT 3 1945632243743 453 3702610786343873865
HIT 3 1945647513628 453 11073506825393363301
HIT 3 1945647513629 453 14557551103786510358
HIT 3 1945647513630 453 12257059289085292219
HIT 3 1945647513631 453 15197272250520585569
HIT 3 674319892512 157 12156479092258638737
HIT 3 790284009504 184 15045737882782259884
HIT 3 1791011389472 417 16563566428261039327
HIT 3 1945630212128 453 12791105557111660013
HIT 3 790284271648 184 16147201840532460055
HIT 3 1791011651616 417 8559009814338240084
HIT 3 1945630474272 453 7121090652362464271
HIT 3 1791013421088 417 12490094314226002892
HIT 3 1945632243744 453 14096477572700865306
HIT 3 674319892513 157 5402880601237602197
HIT 3 790284009505 184 5633440142194209386
HIT 3 1791011389473 417 17453685778240880111
HIT 3 1945630212129 453 17526018126084177597
HIT 3 790284271649 184 9760386220527558728
HIT 3 1791011651617 417 13409723749537412120
HIT 3 1945630474273 453 6236681369002022604
HIT 3 674319892514 157 3497344431187855507
HIT 3 790284009506 184 14209896671062206865
HIT 3 1791011389474 417 11023084629008248653
HIT 3 1945630212130 453 12457018070939299140
HIT 3 790284271650 184 6791286251321234256
HIT 3 1791011651618 417 4662839750535429971
HIT 3 1945630474274 453 8063246388923545318
HIT 3 1791013421089 417 704754934710755791
HIT 3 1945632243745 453 13895930907529540612
HIT 3 674319892515 157 8255031988400390235
HIT 3 790284009507 184 16535075597999026794
HIT 3 1791011389475 417 12047986208932289122
HIT 3 1945630212131 453 17866694231037795953
HIT 3 790284271651 184 8997313772186093549
HIT 3 1791011651619 417 4739396982768035173
HIT 3 1945630474275 453 2964717516372367171
HIT 3 1791013421090 417 4641657740125304878
HIT 3 1945632243746 453 2769580739689752619
HIT 3 1791013421091 417 1814944779416331502
HIT 3 1945632243747 453 2407490436982338442
HIT 3 1945647513632 453 15290445812552243422
HIT 3 1945647513635 453 13676954825879826673
HIT 3 1945647513634 453 10228031831929961501
HIT 3 1945647513633 453 12965791983932419860
HIT 3 674319892516 157 17132594465298676420
HIT 3 790284009508 184 7863159955068003815
HIT 3 1791011389476 417 9745522782803738990
HIT 3 1945630212132 453 3720983797456584279
HIT 3 790284271652 184 9001857385430629737
HIT 3 1791011651620 417 11327520304274148844
HIT 3 1945630474276 453 17933999924425988872
HIT 3 1791013421092 417 11621173199004036546
HIT 3 1945632243748 453 14527456739061311054
HIT 3 674319892517 157 15213282561109000443
HIT 3 790284009509 184 9084405107734410895
HIT 3 1791011389477 417 11821308638086471015
HIT 3 1945630212133 453 13829638163431019529
HIT 3 790284271653 184 17398826755435915067
HIT 3 1791011651621 417 16707206524399480653
HIT 3 1945630474277 453 10203233869738207589
HIT 3 1791013421093 417 17716634860483632237
HIT 3 1945632243749 453 5906896763236565148
HIT 3 674319892518 157 16414676481376380306
HIT 3 790284009510 184 1284188728981817063
HIT 3 1791011389478 417 1784642359762887261
HIT 3 1945630212134 453 16717529995590404741
HIT 3 790284271654 184 8493040533524927133
HIT 3 1791011651622 417 7855953111048813910
HIT 3 1945630474278 453 16317528249092416444
HIT 3 1791013421094 417 182219344929668815
HIT 3 1945632243750 453 8795491466545772641
HIT 3 1945647513636 453 347883872905617189
HIT 3 674319892519 157 12299000165663867089
HIT 3 790284009511 184 5072866758020892067
HIT 3 1791011389479 417 4941934717320873591
HIT 3 1945630212135 453 6526069936498746648
HIT 3 790284271655 184 10094468555142455240
HIT 3 1791011651623 417 6528949136943397037
HIT 3 1945630474279 453 8928408858356216350
HIT 3 1945647513637 453 15532380557269993236
HIT 3 1791013421095 417 2830894207598349749
HIT 3 1945632243751 453 10393531198050245275
HIT 3 1945647513638 453 10280972104828387574
HIT 3 674319892520 157 9286697277525105438
HIT 3 790284009512 184 15068475866032026604
HIT 3 1791011389480 417 8552920326072644580
HIT 3 1945630212136 453 2333498097626646171
HIT 3 790284271656 184 3566802502932633206
HIT 3 1791011651624 417 4597852969328836989
HIT 3 1945630474280 453 578435994392878526
HIT 3 1791013421096 417 15532734474338812510
HIT 3 1945632243752 453 6656828447573235357
HIT 3 674319892521 157 11463503970892018814
HIT 3 790284009513 184 11735209876128700771
HIT 3 1791011389481 417 8552273142617484352
HIT 3 1945630212137 453 10425586874081787317
HIT 3 790284271657 184 1034672526837895206
HIT 3 1791011651625 417 11987626977086494435
HIT 3 1945630474281 453 9914411232200743411
HIT 3 1791013421097 417 10608423643014422617
HIT 3 1945632243753 453 11737228366646558936
HIT 3 674319892522 157 18086115127150857642
HIT 3 790284009514 184 12726790886269274097
HIT 3 1791011389482 417 13068776006250397027
HIT 3 1945630212138 453 4856077249594852740
HIT 3 790284271658 184 8759480012115103122
HIT 3 1945647513639 453 8601189349584142213
HIT 3 1791011651626 417 950533220139149191
HIT 3 1945630474282 453 13792077575416973202
HIT 3 1791013421098 417 4647824065377994454
HIT 3 1945632243754 453 5261716245699932602
HIT 3 1945647513640 453 2023687961054391875
HIT 3 1945647513641 453 9402973872769320325
HIT 3 1945647513642 453 5660929603228062739
HIT 3 674319892523 157 3110224308265407294
HIT 3 790284009515 184 1076890717029482052
HIT 3 1791011389483 417 7923258307966459759
HIT 3 1945630212139 453 11202578757917198422
HIT 3 790284271659 184 6158477636678362219
HIT 3 1791011651627 417 2224108925440796118
HIT 3 1945630474283 453 8243131373595111168
HIT 3 674319892524 157 13914255387438155336
HIT 3 790284009516 184 14609703882084728233
HIT 3 1791011389484 417 9368474751292782965
HIT 3 1945630212140 453 2938740720462652590
HIT 3 790284271660 184 6669799312677258656
HIT 3 1791011651628 417 12487637929551848936
HIT 3 1945630474284 453 2843128458686952589
HIT 3 1791013421099 417 5045108314372295978
HIT 3 1945632243755 453 15027171486604274572
HIT 3 1791013421100 417 15118057015296050310
HIT 3 1945632243756 453 12292898277203908888
HIT 3 674319892525 157 15689242206937117943
HIT 3 790284009517 184 11257095056532860785
HIT 3 1791011389485 417 6511664024753747345
HIT 3 1945630212141 453 17035057675728300251
HIT 3 790284271661 184 4507523141965781582
HIT 3 1791011651629 417 972529411709959270
HIT 3 1945630474285 453 7179821275311598119
HIT 3 1791013421101 417 11622694957165017311
HIT 3 1945632243757 453 4418775542627711692
HIT 3 674319892526 157 1623918839421947813
HIT 3 790284009518 184 6997057217849943599
HIT 3 1791011389486 417 1433682297309175190
HIT 3 1945630212142 453 16976076950555731237
HIT 3 790284271662 184 4389502420136283041
HIT 3 1791011651630 417 18099748986376260596
HIT 3 1945630474286 453 8463422892438324738
HIT 3 1791013421102 417 1970326952633190069
HIT 3 1945632243758 453 1861105658650874847
HIT 3 1945647513644 453 2510004142325504869
HIT 3 1945647513643 453 17740588866666382870
HIT 3 1945647513645 453 2202195998116272156
HIT 3 1945647513646 453 5035996264461891209
HIT 3 674319892528 157 3423470155949319696
HIT 3 790284009520 184 6380342781036827275
HIT 3 1791011389488 417 3262798784090422496
HIT 3 1945630212144 453 9212644379185936967
HIT 3 790284271664 184 3832921086702628378
HIT 3 1791011651632 417 2024070696158897469
HIT 3 1945630474288 453 16261637115735966573
HIT 3 674319892527 157 3260205429924969394
HIT 3 790284009519 184 13065876198405924997
HIT 3 1791011389487 417 11358947051258907681
HIT 3 1945630212143 453 5703681832841570082
HIT 3 790284271663 184 611326281168140176
HIT 3 1791011651631 417 17718729726931209506
HIT 3 1945630474287 453 14279551115273867959
HIT 3 1791013421104 417 6844911536829461891
HIT 3 1945632243760 453 15255926494656235642
HIT 3 1791013421103 417 13909761007539139370
HIT 3 1945632243759 453 4279311288175012849
HIT 3 674319892530 157 17135657999137655918
HIT 3 790284009522 184 5808687781227094008
HIT 3 1791011389490 417 12140211441372685603
HIT 3 1945630212146 453 14438054964352432878
HIT 3 674319892529 157 6207403481749619835
HIT 3 790284009521 184 6515164539016938667
HIT 3 1791011389489 417 16177727603890033688
HIT 3 1945630212145 453 7356858125612110121
HIT 3 790284271665 184 17271145242778550950
HIT 3 1791011651633 417 2339073997215211640
HIT 3 1945630474289 453 7928813787730362491
HIT 3 790284271666 184 13071371379769934584
HIT 3 1791011651634 417 11863070316052274264
HIT 3 1945630474290 453 174092717858430235
HIT 3 1791013421106 417 14304675165381178048
HIT 3 1945632243762 453 15726707218997885631
HIT 3 1791013421105 417 411701343468068934
HIT 3 1945632243761 453 10945146033899057518
HIT 3 1945647513648 453 1589751517009081520
HIT 3 1945647513647 453 18149448846288684373
HIT 3 1945647513650 453 17425926076964785884
HIT 3 1945647513649 453 15343849175110922378
HIT 3 674319892531 157 7503948927341962549
HIT 3 790284009523 184 7776865382913468258
HIT 3 1791011389491 417 4885004954077097272
HIT 3 1945630212147 453 10105705086826556349
HIT 3 790284271667 184 12761980262787628572
HIT 3 1791011651635 417 14997464077952182962
HIT 3 1945630474291 453 15565976063021226580
HIT 3 1791013421107 417 4885787221846503200
HIT 3 1945632243763 453 12833478580485539253
HIT 3 674319892532 157 457103367561693455
HIT 3 790284009524 184 10435491867103031855
HIT 3 1791011389492 417 10172646794213989292
HIT 3 1945630212148 453 17695455785806960698
HIT 3 790284271668 184 10684067158559559340
HIT 3 1791011651636 417 9971694613509063400
HIT 3 1945630474292 453 10418948799608687123
HIT 3 1791013421108 417 7937730133290279039
HIT 3 1945632243764 453 6055311179979014987
HIT 3 674319892534 157 795987791299154332
HIT 3 790284009526 184 13898691664393243876
HIT 3 1791011389494 417 13361228753767898851
HIT 3 1945630212150 453 8834563622179742909
HIT 3 790284271670 184 15321390652056088902
HIT 3 1791011651638 417 3353118322957983242
HIT 3 1945630474294 453 6800943507030183385
HIT 3 674319892533 157 8148892075435472743
HIT 3 790284009525 184 6059641804906633473
HIT 3 1791011389493 417 14023800195052480511
HIT 3 1945630212149 453 15775162751742242014
HIT 3 790284271669 184 16259024927719614889
HIT 3 1791011651637 417 18369052166614753736
HIT 3 1945630474293 453 14616838182307140483
HIT 3 1791013421110 417 7224802488577811458
HIT 3 1945632243766 453 17838841595800012375
HIT 3 1791013421109 417 771045304042552000
HIT 3 1945632243765 453 11680045120222358349
HIT 3 1945647513651 453 9953813421170483003
HIT 3 1945647513652 453 10137488768350667743
HIT 3 1945647513653 453 777711489103509012
HIT 3 674319892535 157 3474953341669504201
HIT 3 790284009527 184 14879533240855966295
HIT 3 1791011389495 417 15130373978402936656
HIT 3 1945630212151 453 791143447569039623
HIT 3 790284271671 184 8805725261865456218
HIT 3 1791011651639 417 5727903579327510556
HIT 3 1945630474295 453 4193452790952712761
HIT 3 1945647513654 453 6634478727402742332
HIT 3 1791013421111 417 4475643312658757738
HIT 3 1945632243767 453 17185902343108273981
HIT 3 674319892536 157 12858766051398392576
HIT 3 790284009528 184 7978195006133907387
HIT 3 1791011389496 417 11546480851866661848
HIT 3 1945630212152 453 14589515653393283219
HIT 3 790284271672 184 4075951994593804369
HIT 3 1791011651640 417 12461296930559019525
HIT 3 1945630474296 453 9593046721178212562
HIT 3 674319892537 157 7588202501961716583
HIT 3 790284009529 184 12219143375079529666
HIT 3 1791011389497 417 11874307564977347919
HIT 3 1945630212153 453 10619635621561187976
HIT 3 790284271673 184 5320470210014621815
HIT 3 1791011651641 417 17366382113142033543
HIT 3 1945630474297 453 5536258350326947929
HIT 3 1791013421112 417 7427771637922201244
HIT 3 1945632243768 453 4998881539781738940
HIT 3 1791013421113 417 8085197417067003593
HIT 3 1945632243769 453 10082265108910636551
HIT 3 674319892538 157 13197696480990909869
HIT 3 790284009530 184 17248718559929438395
HIT 3 1791011389498 417 18416590756832081539
HIT 3 1945630212154 453 14589845355080291382
HIT 3 790284271674 184 16214480095270856981
HIT 3 1791011651642 417 8796959379258750262
HIT 3 1945630474298 453 12863309673930499176
HIT 3 1791013421114 417 11271018440125652266
HIT 3 1945632243770 453 5548191984433934171
HIT 3 1945647513655 453 861507507848659902
HIT 3 1945647513656 453 7550022328125658886
HIT 3 1945647513658 453 938363468303926117
HIT 3 674319892539 157 16175533023321104995
HIT 3 790284009531 184 14322726704079076482
HIT 3 1791011389499 417 10368341422722002068
HIT 3 1945630212155 453 16214778626728547585
HIT 3 790284271675 184 13388569885125922118
HIT 3 1791011651643 417 18303588916006369767
HIT 3 1945630474299 453 2003264245809744725
HIT 3 1945647513657 453 7633232109384025120
HIT 3 1791013421115 417 2407622171389471453
HIT 3 1945632243771 453 10526630120349216492
HIT 3 674319892540 157 11711495760095524552
HIT 3 790284009532 184 9816424020693978042
HIT 3 1791011389500 417 14018482324185777943
HIT 3 1945630212156 453 14125244763318430811
HIT 3 790284271676 184 14940463391554220189
HIT 3 1791011651644 417 837550713245894692
HIT 3 1945630474300 453 288669196014867509
HIT 3 1791013421116 417 16924270231096041560
HIT 3 1945632243772 453 17937164877182552950
HIT 3 674319892541 157 7775246698730494286
HIT 3 790284009533 184 8673103906325485030
HIT 3 1791011389501 417 5793806043817377074
HIT 3 1945630212157 453 13862033247185423159
HIT 3 790284271677 184 1048160835824982621
HIT 3 1791011651645 417 15770171308580871677
HIT 3 1945630474301 453 8665122895255645093
HIT 3 674319892542 157 15100268681867184595
HIT 3 790284009534 184 14194180441192613713
HIT 3 1791011389502 417 8867700153363570195
HIT 3 1945630212158 453 13896919576765970215
HIT 3 790284271678 184 2237892908148050165
HIT 3 1791011651646 417 7045923637129099548
HIT 3 1945630474302 453 1558478774970718536
HIT 3 1791013421117 417 7781824062617007898
HIT 3 1945632243773 453 11469038415477878223
HIT 3 1791013421118 417 17645932525455917232
HIT 3 1945632243774 453 1230316510724727934
HIT 3 1945647513659 453 13650722521468867321
HIT 3 1945647513660 453 866044836129904402
HIT 3 674319892543 157 11374629353036547471
HIT 3 790284009535 184 13888013175230752011
HIT 3 1791011389503 417 1891515439377445320
HIT 3 1945630212159 453 14091684463630065762
HIT 3 790284271679 184 12972722355532288542
HIT 3 1945647513661 453 5871089397532280628
HIT 3 1791011651647 417 1903337943369600136
HIT 3 1945630474303 453 9765863068676846194
HIT 3 1791013421119 417 5062453071241334098
HIT 3 1945632243775 453 3154672820283420442
HIT 3 1945647513662 453 7623891114520265791
HIT 3 674319892544 157 4649964767632515339
HIT 3 790284009536 184 14693305250476593160
HIT 3 1791011389504 417 508187516154619517
HIT 3 1945630212160 453 2038498707004063230
HIT 3 790284271680 184 16768624733630220658
HIT 3 1791011651648 417 9993027290677549757
HIT 3 1945630474304 453 10754945928913924333
HIT 3 1791013421120 417 15915953053632780848
HIT 3 1945632243776 453 6226132846324726679
HIT 3 674319892545 157 3472083165435648548
HIT 3 790284009537 184 10990768845843492122
HIT 3 1791011389505 417 2214248031496911756
HIT 3 1945630212161 453 13636126297340119251
HIT 3 790284271681 184 10226693831796987859
HIT 3 1791011651649 417 4219063602182228842
HIT 3 1945630474305 453 7807842155334176832
HIT 3 1791013421121 417 15103004281022405516
HIT 3 1945632243777 453 4449094422317474676
HIT 3 1945647513663 453 7940173713214509545
HIT 3 674319892546 157 3817739395499791665
HIT 3 790284009538 184 13704272445613373131
HIT 3 1791011389506 417 16729723934500537980
HIT 3 1945630212162 453 4643473729399911646
HIT 3 790284271682 184 2384061529753542644
HIT 3 1791011651650 417 18398212713155679411
HIT 3 1945630474306 453 13431989227393116769
HIT 3 1791013421122 417 1045322900068894924
HIT 3 1945632243778 453 5210236908208611722
HIT 3 1945647513664 453 16856850594809576528
HIT 3 1945647513665 453 16646944678153043998
HIT 3 674319892547 157 8245932339300833000
HIT 3 790284009539 184 9955457556323524222
HIT 3 1791011389507 417 5221001065188764587
HIT 3 1945630212163 453 5603072396221271681
HIT 3 790284271683 184 11127847366883686603
HIT 3 1791011651651 417 7248654857871929888
HIT 3 1945630474307 453 8029650377531231910
HIT 3 1791013421123 417 7766851484809855762
HIT 3 1945632243779 453 4021814394944634352
HIT 3 674319892548 157 8655089545878773733
HIT 3 790284009540 184 17327610397046991563
HIT 3 1791011389508 417 1485906700646573435
HIT 3 1945630212164 453 18366287011315160832
HIT 3 790284271684 184 3208718208479127643
HIT 3 1791011651652 417 10300479486906590102
HIT 3 1945630474308 453 17533697992097256484
HIT 3 1791013421124 417 11994330068273688143
HIT 3 1945632243780 453 13615262926509271606
HIT 3 674319892549 157 4887894279212990974
HIT 3 790284009541 184 507337951080645812
HIT 3 1791011389509 417 13042137573689733107
HIT 3 1945630212165 453 2787307807465582689
HIT 3 790284271685 184 11933221432323904232
HIT 3 1791011651653 417 6728741803949740008
HIT 3 1945630474309 453 11793169503020648955
HIT 3 1945647513666 453 4855993506960026011
HIT 3 1791013421125 417 16134176026007940707
HIT 3 1945632243781 453 9921855120290229244
HIT 3 1945647513667 453 8110148501090496330
HIT 3 1945647513668 453 613928218494352684
HIT 3 674319892551 157 13360022031356537243
HIT 3 790284009543 184 10633593556806799929
HIT 3 1791011389511 417 17636215936141993810
HIT 3 1945630212167 453 3493074197999946584
HIT 3 790284271687 184 13138196216620050807
HIT 3 1791011651655 417 15367180318467164908
HIT 3 1945630474311 453 13727898233545813168
HIT 3 1945647513669 453 2136741188159869884
HIT 3 674319892550 157 16063385362642984065
HIT 3 790284009542 184 4172805050174398723
HIT 3 1791011389510 417 3147045539523583899
HIT 3 1945630212166 453 6605403699781824731
HIT 3 1791013421127 417 1695961527239306779
HIT 3 1945632243783 453 3705398310264616912
HIT 3 790284271686 184 6617891936151878520
HIT 3 1791011651654 417 11278703828557416215
HIT 3 1945630474310 453 17766148892423851812
HIT 3 1791013421126 417 5419219113099400936
HIT 3 1945632243782 453 6034766501828470616
HIT 3 674319892552 157 15980231841126589557
HIT 3 790284009544 184 6019830783781262276
HIT 3 1791011389512 417 9630619268345920512
HIT 3 1945630212168 453 4792312098089202727
HIT 3 790284271688 184 1000432847633676665
HIT 3 1791011651656 417 5456951124862928396
HIT 3 1945630474312 453 15797690406255824465
HIT 3 1791013421128 417 11215407168665263601
HIT 3 1945632243784 453 6621668606295979101
HIT 3 674319892553 157 4873468400447523582
HIT 3 790284009545 184 4692930959286977716
HIT 3 1791011389513 417 364503539109467961
HIT 3 1945630212169 453 9157785869490170586
HIT 3 790284271689 184 7274676635987300062
HIT 3 1791011651657 417 10804075768292566616
HIT 3 1945630474313 453 11617376946356745588
HIT 3 1791013421129 417 9039979925492053272
HIT 3 1945632243785 453 17513048346448003693
HIT 3 1945647513671 453 12860447351093453528
HIT 3 1945647513670 453 13364063804005015264
HIT 3 1945647513672 453 11912350821597867772
HIT 3 674319892554 157 4741801488631428573
HIT 3 790284009546 184 17573259288262773671
HIT 3 1791011389514 417 8324290739199580869
HIT 3 1945630212170 453 1094934669207265300
HIT 3 790284271690 184 8674451563379604124
HIT 3 1791011651658 417 14734259034073230190
HIT 3 1945630474314 453 6909246761694386293
HIT 3 1945647513673 453 15509300648662880334
HIT 3 1791013421130 417 18219818295631297774
HIT 3 1945632243786 453 8479988673372163988
HIT 3 674319892556 157 7179234919659230599
HIT 3 790284009548 184 2837284424380502313
HIT 3 1791011389516 417 14174319903909911547
HIT 3 1945630212172 453 1654670439463257500
HIT 3 790284271692 184 9352261009508079913
HIT 3 1791011651660 417 7639481321930984957
HIT 3 1945630474316 453 17585183032719870333
HIT 3 674319892555 157 15252760561464614172
HIT 3 790284009547 184 17576484024310959419
HIT 3 1791011389515 417 333187730628928310
HIT 3 1945630212171 453 2580297931475132529
HIT 3 790284271691 184 4018132768261469002
HIT 3 1791011651659 417 3977187433820157830
HIT 3 1945630474315 453 8612522256647907645
HIT 3 1791013421132 417 8374547477193661184
HIT 3 1945632243788 453 4664086635835865742
HIT 3 674319892557 157 13180945778701997122
HIT 3 790284009549 184 8149220737384640995
HIT 3 1791011389517 417 17551588471732927163
HIT 3 1945630212173 453 14920472180846461802
HIT 3 790284271693 184 11322514786566538050
HIT 3 1791011651661 417 4390092012292827911
HIT 3 1945630474317 453 8106962988642128737
HIT 3 1791013421131 417 4695952346324271471
HIT 3 1945632243787 453 11501405487005310379
HIT 3 1791013421133 417 6059222908300787910
HIT 3 1945632243789 453 2455194286367455247
HIT 3 1945647513674 453 11849036909346450496
HIT 3 1945647513676 453 4229000482279165150
HIT 3 1945647513675 453 2504715137042046623
HIT 3 674319892558 157 16894089435482037718
HIT 3 790284009550 184 17937469355374351514
HIT 3 1791011389518 417 9826456213568313155
HIT 3 1945630212174 453 7852544546425706771
HIT 3 790284271694 184 8838820063987260903
HIT 3 1791011651662 417 8433054428930045711
HIT 3 1945630474318 453 14220097955648875247
HIT 3 1945647513677 453 15626218676428896185
HIT 3 1791013421134 417 7462527671722190391
HIT 3 1945632243790 453 16470535788562280043
HIT 3 674319892560 157 77512802350269999
HIT 3 790284009552 184 7629931796869142332
HIT 3 1791011389520 417 17175929211365339323
HIT 3 1945630212176 453 1633805381787023331
HIT 3 790284271696 184 16072418852609674418
HIT 3 1791011651664 417 9474355549810866094
HIT 3 1945630474320 453 5367236807069937807
HIT 3 674319892559 157 17365923427762498581
HIT 3 790284009551 184 8228693414142375340
HIT 3 1791011389519 417 10885372420788720800
HIT 3 1945630212175 453 3342762156167992333
HIT 3 790284271695 184 1581057247358153696
HIT 3 1791011651663 417 12383576155596384339
HIT 3 1945630474319 453 120826491084829669
HIT 3 1791013421136 417 15113603471710728134
HIT 3 1945632243792 453 8668447877035667071
HIT 3 1791013421135 417 18135884468795983884
HIT 3 1945632243791 453 8776241616451917618
HIT 3 674319892561 157 10272545955219025729
HIT 3 790284009553 184 13621904189012063649
HIT 3 1791011389521 417 1796190231023878325
HIT 3 1945630212177 453 11926551052494620980
HIT 3 790284271697 184 1913951779608171803
HIT 3 1791011651665 417 3115182397592267559
HIT 3 1945630474321 453 4413371168118225847
HIT 3 1791013421137 417 4669090049533550069
HIT 3 1945632243793 453 10058291053960911707
HIT 3 1945647513678 453 13742737678287267236
HIT 3 1945647513679 453 9506452867253198591
HIT 3 1945647513680 453 3633149555300296379
HIT 3 674319892562 157 5746077241184506433
HIT 3 790284009554 184 15951636815957465253
HIT 3 1791011389522 417 16422653946534184409
HIT 3 1945630212178 453 1319461197586156978
HIT 3 790284271698 184 8019148068643776177
HIT 3 1791011651666 417 18026417925600348254
HIT 3 1945630474322 453 13267630544004804098
HIT 3 1791013421138 417 12540537111083317906
HIT 3 1945632243794 453 14205594424636075098
HIT 3 1945647513681 453 4010621732440681218
HIT 3 674319892563 157 9730000580210479142
HIT 3 790284009555 184 9283932270637113700
HIT 3 1791011389523 417 8323947910753802867
HIT 3 1945630212179 453 12331067802844816080
HIT 3 790284271699 184 11453567304603389645
HIT 3 1791011651667 417 10327511572411698118
HIT 3 1945630474323 453 5675340788149413937
HIT 3 674319892564 157 13181970351350529395
HIT 3 790284009556 184 14760117961587934886
HIT 3 1791011389524 417 2194381732521675652
HIT 3 1945630212180 453 10581218442011393339
HIT 3 790284271700 184 7004336086312962896
HIT 3 1791011651668 417 14468239750026667595
HIT 3 1945630474324 453 6486363257334817491
HIT 3 1791013421139 417 3587362902589537403
HIT 3 1945632243795 453 4155982243731523805
HIT 3 1791013421140 417 953402398158474394
HIT 3 1945632243796 453 109462944132012816
HIT 3 674319892565 157 16074533924050530747
HIT 3 790284009557 184 18126054339369567315
HIT 3 1791011389525 417 15420679738072172692
HIT 3 1945630212181 453 15146615838882667787
HIT 3 790284271701 184 10543589701043463856
HIT 3 1791011651669 417 15041532629293817817
HIT 3 1945630474325 453 12601182623957706245
HIT 3 1791013421141 417 14996223879802143900
HIT 3 1945632243797 453 15954240441850912987
HIT 3 1945647513682 453 6585189527145582419
HIT 3 1945647513683 453 235352799394718456
HIT 3 674319892567 157 6696997256045766928
HIT 3 790284009559 184 1008140661270071014
HIT 3 1791011389527 417 17524240498879513877
HIT 3 1945630212183 453 6470120065745094834
HIT 3 790284271703 184 13976665457245156513
HIT 3 1791011651671 417 4181108405826746025
HIT 3 1945630474327 453 1159564096845526198
HIT 3 1945647513684 453 13868578832811684479
HIT 3 674319892566 157 7154227035126739113
HIT 3 790284009558 184 17405156509063805423
HIT 3 1791011389526 417 8467173353122568897
HIT 3 1945630212182 453 6110107882248790539
HIT 3 1791013421143 417 17082263976227621927
HIT 3 1945632243799 453 14305854228592681803
HIT 3 1945647513685 453 1821267674794483235
HIT 3 790284271702 184 11306472693739206710
HIT 3 1791011651670 417 4381772144692317403
HIT 3 1945630474326 453 6660198618011602267
HIT 3 1791013421142 417 8875031539623226201
HIT 3 1945632243798 453 9118985480450652735
HIT 3 674319892568 157 8664495646791581113
HIT 3 790284009560 184 17041061345564063139
HIT 3 674319892569 157 12866810388672968954
HIT 3 790284009561 184 2819005172543134839
HIT 3 1791011389529 417 15809598028890210177
HIT 3 1945630212185 453 6328083788776468929
HIT 3 790284271705 184 15834644978733631658
HIT 3 1791011651673 417 15062623888785574941
HIT 3 1945630474329 453 10114761694341735548
HIT 3 1791011389528 417 9255598636338606711
HIT 3 1945630212184 453 17762561461681591952
HIT 3 790284271704 184 9560841659912732374
HIT 3 1791011651672 417 16571323153134018637
HIT 3 1945630474328 453 12015994883268714467
HIT 3 1945647513687 453 16852223711836172259
HIT 3 1791013421145 417 3751949778430296803
HIT 3 1945632243801 453 7516091916051720326
HIT 3 1791013421144 417 13983861778360303416
HIT 3 1945632243800 453 12546714609016494859
HIT 3 674319892570 157 8883939747814984183
HIT 3 790284009562 184 4185937232605349750
HIT 3 1791011389530 417 9641667772906786626
HIT 3 1945630212186 453 17952503725536971286
HIT 3 790284271706 184 1747031487192778802
HIT 3 1791011651674 417 14829560879804755842
HIT 3 1945630474330 453 11736751713500855233
HIT 3 1791013421146 417 12427833011573343158
HIT 3 1945632243802 453 13020705844788900293
HIT 3 1945647513689 453 3740568975486342405
HIT 3 1945647513686 453 14396276112470961446
HIT 3 674319892571 157 8656618233988063590
HIT 3 790284009563 184 16358827464349243108
HIT 3 1791011389531 417 2919578145066643189
HIT 3 1945630212187 453 13664551206951278979
HIT 3 790284271707 184 2685628113677433918
HIT 3 1791011651675 417 15039806914724075491
HIT 3 1945630474331 453 7580806053922841080
HIT 3 1791013421147 417 12458175065684579580
HIT 3 1945632243803 453 11134597769581658772
HIT 3 674319892572 157 13399312096531803098
HIT 3 790284009564 184 17125865046923336733
HIT 3 1791011389532 417 986919866278761583
HIT 3 1945630212188 453 16828914763911166157
HIT 3 1945647513688 453 10372807970713114488
HIT 3 1945647513690 453 16141784766848696038
HIT 3 790284271708 184 14234447591362968222
HIT 3 1791011651676 417 12323433971432459537
HIT 3 1945630474332 453 7063628923343186582
HIT 3 1791013421148 417 1690531744383626345
HIT 3 1945632243804 453 10608871887742253348
HIT 3 674319892573 157 8054195555640254175
HIT 3 790284009565 184 11160360532615905228
HIT 3 1791011389533 417 3427720840173067393
HIT 3 1945630212189 453 17707505355868610051
HIT 3 674319892574 157 8517815811850381608
HIT 3 790284009566 184 8458826388447614612
HIT 3 1791011389534 417 13728295143008486747
HIT 3 1945630212190 453 4078216908668250239
HIT 3 790284271710 184 10599520888976097323
HIT 3 1791011651678 417 2505245630085086501
HIT 3 1945630474334 453 8710751493810126080
HIT 3 790284271709 184 8886435535591285633
HIT 3 1791011651677 417 16425230017964206862
HIT 3 1945630474333 453 1940993968111569058
HIT 3 1791013421149 417 16312962779737806223
HIT 3 1945632243805 453 13585589140300204771
HIT 3 1791013421150 417 18227982228855571028
HIT 3 1945632243806 453 14405330569860193934
HIT 3 1945647513691 453 15076636597182637294
HIT 3 1945647513692 453 9168243025815798734
HIT 3 674319892575 157 11588589376143913581
HIT 3 790284009567 184 12031598990249416554
HIT 3 1791011389535 417 8093522550328969115
HIT 3 1945630212191 453 6644698329648261860
HIT 3 790284271711 184 9458757310913543757
HIT 3 1791011651679 417 10454595842267526069
HIT 3 1945630474335 453 11067688571356602686
HIT 3 1791013421151 417 11968831461589735581
HIT 3 1945632243807 453 10107007441966942890
HIT 3 1945647513694 453 15960224610856082629
HIT 3 1945647513693 453 13461290411813266617
HIT 3 674319892576 157 17814710366949187469
HIT 3 790284009568 184 16236375649154552477
HIT 3 1791011389536 417 3904169553410322108
HIT 3 1945630212192 453 7696514543500006391
HIT 3 790284271712 184 12189090396378883641
HIT 3 1791011651680 417 8051414858126963487
HIT 3 1945630474336 453 13012963712238587077
HIT 3 1791013421152 417 13361811863857869042
HIT 3 1945632243808 453 10011993019056312528
HIT 3 674319892577 157 7248286863098231466
HIT 3 790284009569 184 2795069975279107579
HIT 3 1791011389537 417 15238453924028147478
HIT 3 1945630212193 453 5444430685052178935
HIT 3 790284271713 184 5638542533873836623
HIT 3 1791011651681 417 2194436572253341110
HIT 3 1945630474337 453 8734999018545302173
HIT 3 1945647513695 453 7435701564953295656
HIT 3 1791013421153 417 7441440815548276356
HIT 3 1945632243809 453 13333238161321350679
HIT 3 674319892578 157 8514300581413513337
HIT 3 790284009570 184 12684120260334939926
HIT 3 1791011389538 417 2290226677167332761
HIT 3 1945630212194 453 5340787192619863953
HIT 3 790284271714 184 15616494865254564424
HIT 3 1791011651682 417 17578132320894937984
HIT 3 1945630474338 453 17996594578518891091
HIT 3 1791013421154 417 12287633753025695089
HIT 3 1945632243810 453 16585397388332105607
HIT 3 674319892579 157 9228218493847580791
HIT 3 790284009571 184 15809598935571609154
HIT 3 1791011389539 417 9156208594406953706
HIT 3 1945630212195 453 11996718367261898388
HIT 3 790284271715 184 3007480525684779510
HIT 3 1791011651683 417 1090179406834214977
HIT 3 1945630474339 453 892181105548321818
HIT 3 1791013421155 417 9724168713050516878
HIT 3 1945632243811 453 13816468642798760684
HIT 3 1945647513697 453 15029651756887565589
HIT 3 1945647513696 453 5945447533669735180
HIT 3 674319892580 157 13366099310268779007
HIT 3 790284009572 184 16514698762166788632
HIT 3 1791011389540 417 1147561437905018767
HIT 3 1945630212196 453 6622775542245409537
HIT 3 790284271716 184 17340663299875410675
HIT 3 1791011651684 417 10251084265759207782
HIT 3 1945630474340 453 13289087724313929358
HIT 3 1791013421156 417 6420717907110329151
HIT 3 1945632243812 453 1881148443505058149
HIT 3 1945647513699 453 4521780996715557816
HIT 3 1945647513698 453 12088696067416884213
HIT 3 674319892581 157 1738755249797055024
HIT 3 790284009573 184 15039531301658672454
HIT 3 1791011389541 417 4213449617789514768
HIT 3 1945630212197 453 14114732469225671105
HIT 3 790284271717 184 7626360156215977626
HIT 3 1791011651685 417 6252322099698548930
HIT 3 1945630474341 453 7065665425607094871
HIT 3 674319892582 157 5923724572981922390
HIT 3 790284009574 184 1285840363460567075
HIT 3 1791011389542 417 1708201238690184845
HIT 3 1945630212198 453 16321257375277800918
HIT 3 790284271718 184 16134143122635322533
HIT 3 1791011651686 417 1006873488061688827
HIT 3 1945630474342 453 8823487204316337807
HIT 3 1791013421157 417 9035552196941919523
HIT 3 1945632243813 453 6670813378597730523
HIT 3 1791013421158 417 15898993380755258547
HIT 3 1945632243814 453 7162218654449684270
HIT 3 674319892583 157 8877085422208853210
HIT 3 790284009575 184 3120667108451870781
HIT 3 1791011389543 417 14273487303008663568
HIT 3 1945630212199 453 14355651008037458960
HIT 3 790284271719 184 10466148286159560451
HIT 3 1791011651687 417 11139321471371503544
HIT 3 1945630474343 453 9397743823532336240
HIT 3 1791013421159 417 9973335034650641991
HIT 3 1945632243815 453 8987707773700762262
HIT 3 1945647513700 453 5947748873818743420
HIT 3 674319892584 157 11161365218396144519
HIT 3 790284009576 184 2213588121205292937
HIT 3 1791011389544 417 10301242918785264847
HIT 3 1945630212200 453 17201158018634019692
HIT 3 790284271720 184 11297520314136534844
HIT 3 1791011651688 417 2520887397882328805
HIT 3 1945630474344 453 17324567543029197816
HIT 3 1945647513701 453 14896351837336629648
HIT 3 1945647513702 453 13861168482046862326
HIT 3 1791013421160 417 11485221369063545945
HIT 3 1945632243816 453 16953955339702305528
HIT 3 674319892586 157 17259548290741588519
HIT 3 790284009578 184 8206929590297233233
HIT 3 1791011389546 417 2975810324094140450
HIT 3 1945630212202 453 10111666655952073929
HIT 3 790284271722 184 14016846863710775613
HIT 3 1791011651690 417 6926761757592018766
HIT 3 1945630474346 453 5714327707565925571
HIT 3 674319892585 157 9278145064225578996
HIT 3 790284009577 184 9876187042663979284
HIT 3 1791011389545 417 1549152305780287505
HIT 3 1945630212201 453 16998320359736681035
HIT 3 790284271721 184 8240376672947141272
HIT 3 1791011651689 417 4330156946266262525
HIT 3 1945630474345 453 221098891567059200
HIT 3 1945647513703 453 9661762128451474763
HIT 3 1791013421162 417 13447224593910581368
HIT 3 1945632243818 453 13713619422223263291
HIT 3 1791013421161 417 4660669246787613780
HIT 3 1945632243817 453 14504621228653807473
HIT 3 674319892587 157 11056779561716203437
HIT 3 790284009579 184 17309546306375314031
HIT 3 1945647513704 453 15852367989832061988
HIT 3 1791011389547 417 7482772682712116296
HIT 3 1945630212203 453 13473301143339935290
HIT 3 790284271723 184 14984040461447318286
HIT 3 1791011651691 417 17928759423172773739
HIT 3 1945630474347 453 17896314753100664598
HIT 3 1791013421163 417 1074352905680721392
HIT 3 1945632243819 453 18321355025005117641
HIT 3 674319892588 157 16770225547191116212
HIT 3 790284009580 184 13571286128669958084
HIT 3 1791011389548 417 4329696910024124047
HIT 3 1945630212204 453 5663731836933150330
HIT 3 790284271724 184 11646723208653942667
HIT 3 1791011651692 417 7859588422794260594
HIT 3 1945630474348 453 1006161540648904305
HIT 3 1945647513706 453 8883363965164262137
HIT 3 1791013421164 417 10400952978836888878
HIT 3 1945632243820 453 11839823509500573469
HIT 3 1945647513705 453 10534640465338148886
HIT 3 674319892589 157 898733720258117579
HIT 3 790284009581 184 15623058028678961430
HIT 3 1791011389549 417 4880013379839471525
HIT 3 1945630212205 453 11707572263165608661
HIT 3 790284271725 184 13268090503543750238
HIT 3 1791011651693 417 13807129363466663137
HIT 3 1945630474349 453 12618611589105411720
HIT 3 1791013421165 417 14383817131725895683
HIT 3 1945632243821 453 3322332348129636997
HIT 3 674319892590 157 1808594696525318420
HIT 3 790284009582 184 11358481657571074396
HIT 3 1791011389550 417 17528619665077561789
HIT 3 1945630212206 453 9895429044467843964
HIT 3 790284271726 184 13248613496262537331
HIT 3 1791011651694 417 4039136232726977549
HIT 3 1945630474350 453 6004664788390823230
HIT 3 1791013421166 417 17176974273127192827
HIT 3 1945632243822 453 9402701640229198880
HIT 3 1945647513707 453 7426199478699103815
HIT 3 1945647513708 453 8275855531925695632
HIT 3 674319892591 157 14448441430785801859
HIT 3 674319892592 157 6538037321815975535
HIT 3 790284009584 184 1374992095997867613
HIT 3 1791011389552 417 4431089621594003674
HIT 3 1945630212208 453 1369905119135721149
HIT 3 790284271728 184 5862925560636416942
HIT 3 1791011651696 417 1739414231013990959
HIT 3 1945630474352 453 7892113683243354040
HIT 3 790284009583 184 12141414813783294616
HIT 3 1791011389551 417 10713729968284827250
HIT 3 1945630212207 453 11978896084756146234
HIT 3 790284271727 184 999417718071140561
HIT 3 1791011651695 417 70619747899370487
HIT 3 1945630474351 453 13962067818455047322
HIT 3 1945647513709 453 16632106575274615616
HIT 3 1791013421168 417 6453213915568045039
HIT 3 1945632243824 453 1152848225945325350
HIT 3 1791013421167 417 22647189581168558
HIT 3 1945632243823 453 13857614235416805396
HIT 3 674319892593 157 7805685229234418010
HIT 3 790284009585 184 10285020338606433146
HIT 3 1791011389553 417 11987450919022897883
HIT 3 1945630212209 453 2524065649603385658
HIT 3 790284271729 184 4122660718155335807
HIT 3 1791011651697 417 16874183155735763012
HIT 3 1945630474353 453 13702289317368382858
HIT 3 1791013421169 417 46574065138193735
HIT 3 1945632243825 453 8107524490114616437
HIT 3 1945647513710 453 13182590078717147895
HIT 3 1945647513712 453 1120169840352575265
HIT 3 674319892594 157 6854084106951021913
HIT 3 790284009586 184 18263998471384366556
HIT 3 1791011389554 417 9231923621969546378
HIT 3 1945630212210 453 5975005819392213908
HIT 3 790284271730 184 7251996878331208772
HIT 3 1945647513711 453 11335291125270355708
HIT 3 674319892595 157 13141334678590974754
HIT 3 790284009587 184 13134253617432263534
HIT 3 1791011389555 417 4519932059722581095
HIT 3 1945630212211 453 7334212756472203598
HIT 3 790284271731 184 17445027540422398727
HIT 3 1791011651699 417 5685388184669088363
HIT 3 1945630474355 453 5688797979064784662
HIT 3 1791011651698 417 3570218210301712970
HIT 3 1945630474354 453 3457810897495828999
HIT 3 1791013421170 417 470866936445467992
HIT 3 1945632243826 453 1621020225604706109
HIT 3 1945647513713 453 1287303902663275889
HIT 3 1791013421171 417 1107782806795274656
HIT 3 1945632243827 453 7494665721075553689
HIT 3 674319892596 157 3467926848993725472
HIT 3 790284009588 184 6033480965510384175
HIT 3 1791011389556 417 9105312463366588015
HIT 3 1945630212212 453 2952640916371474430
HIT 3 790284271732 184 13360763897759066367
HIT 3 1791011651700 417 10678546737677090669
HIT 3 1945630474356 453 12223055931553098520
HIT 3 674319892597 157 810010346257366116
HIT 3 790284009589 184 14767044671197500573
HIT 3 1791011389557 417 9229592319074632100
HIT 3 1945630212213 453 10204835574769594926
HIT 3 790284271733 184 8675075130327004202
HIT 3 1791011651701 417 6352659723573041428
HIT 3 1945630474357 453 16761030965325307850
HIT 3 1791013421173 417 5182404521126796868
HIT 3 1945632243829 453 8940591042996575644
HIT 3 1791013421172 417 17539901781339829187
HIT 3 1945632243828 453 9705102722864838888
HIT 3 1945647513714 453 2029155470816690725
HIT 3 1945647513715 453 12599316344671212700
HIT 3 674319892598 157 12099707066955356503
HIT 3 790284009590 184 9486936877307505464
HIT 3 1791011389558 417 10481025368078763121
HIT 3 1945630212214 453 16872607118414678942
HIT 3 790284271734 184 15264784676292386505
HIT 3 1791011651702 417 12651025366783793551
HIT 3 1945630474358 453 1215933057541502729
HIT 3 1791013421174 417 11322051014223802595
HIT 3 1945632243830 453 11179601709385712989
HIT 3 1945647513717 453 12037243945495341029
HIT 3 674319892599 157 9563267579626879955
HIT 3 790284009591 184 6582997102593100933
HIT 3 1791011389559 417 8449663808889185105
HIT 3 1945630212215 453 222044042542902349
HIT 3 790284271735 184 6750328422560015998
HIT 3 1791011651703 417 17398529667327430564
HIT 3 1945630474359 453 10718584105264900524
HIT 3 1945647513716 453 14025317277322415254
HIT 3 674319892600 157 5478647928431050851
HIT 3 790284009592 184 6378027480499869206
HIT 3 1791011389560 417 5192542289966394851
HIT 3 1945630212216 453 8333903792529472975
HIT 3 1791013421175 417 8143215718145367757
HIT 3 1945632243831 453 7106710448411871128
HIT 3 674319892601 157 15440316430990843921
HIT 3 790284271736 184 13805858698585125037
HIT 3 1791011651704 417 16615193471026122415
HIT 3 1945630474360 453 10707707694738396560
HIT 3 790284009593 184 6092679402350379268
HIT 3 1791011389561 417 5648197858421725600
HIT 3 1945630212217 453 17674994775054537512
HIT 3 790284271737 184 15545614183707861911
HIT 3 1791011651705 417 16855150964348461545
HIT 3 1945630474361 453 14998491650202878696
HIT 3 1791013421176 417 17361694733718292183
HIT 3 1945632243832 453 5141068235487324141
HIT 3 1791013421177 417 4131300932526882843
HIT 3 1945632243833 453 15298521132437530784
HIT 3 1945647513718 453 7980524565819498175
HIT 3 674319892602 157 18427853132519223066
HIT 3 790284009594 184 10454135498230374634
HIT 3 1791011389562 417 2299852225941464389
HIT 3 1945630212218 453 10400844866260132741
HIT 3 790284271738 184 720807552893743206
HIT 3 1791011651706 417 1987768482041975922
HIT 3 1945630474362 453 17923780620665566270
HIT 3 1791013421178 417 11656574952970393553
HIT 3 1945632243834 453 4512035539828256012
HIT 3 1945647513719 453 10016458421850834661
HIT 3 1945647513720 453 18433609293436241291
HIT 3 1945647513721 453 9519396309921679277
HIT 3 674319892603 157 8518725342964067313
HIT 3 790284009595 184 11396798372418558121
HIT 3 1791011389563 417 4611156772606659946
HIT 3 1945630212219 453 7454029367951546992
HIT 3 790284271739 184 17286587558790188682
HIT 3 1791011651707 417 17699374690065705717
HIT 3 1945630474363 453 14560752722057277053
HIT 3 674319892604 157 5405099814401846989
HIT 3 790284009596 184 12793696303269640712
HIT 3 1791011389564 417 15977301229789304544
HIT 3 1945630212220 453 2993915946149177676
HIT 3 790284271740 184 14794552905477406157
HIT 3 1791011651708 417 9864850875088401517
HIT 3 1945630474364 453 13220439188245234871
HIT 3 674319892605 157 16363434663906617475
HIT 3 790284009597 184 11178308966795384510
HIT 3 1791011389565 417 3203366732652765825
HIT 3 1945630212221 453 14668760308215089050
HIT 3 790284271741 184 11424630304753577159
HIT 3 1791011651709 417 8460935477244854057
HIT 3 1945630474365 453 12576406531039972005
HIT 3 1791013421179 417 7235529241533548624
HIT 3 1945632243835 453 4657038889637317728
HIT 3 1791013421180 417 1612747246113357362
HIT 3 1945632243836 453 17886085227373205890
HIT 3 1945647513722 453 1130372395599034009
HIT 3 1791013421181 417 13833108708986075812
HIT 3 1945632243837 453 8367239361984229500
HIT 3 674319892606 157 11790186925638085544
HIT 3 790284009598 184 15953778201775531260
HIT 3 1791011389566 417 16248516535657226613
HIT 3 1945630212222 453 7856668469596002747
HIT 3 790284271742 184 18215274985940325891
HIT 3 1791011651710 417 874701892199528734
HIT 3 1945630474366 453 6064424647555527651
HIT 3 1791013421182 417 10546201485244758086
HIT 3 1945632243838 453 4110633193740928645
HIT 3 1945647513723 453 15063272460160082446
HIT 3 1945647513725 453 131087643079201868
HIT 3 1945647513724 453 9166793109346893425
HIT 3 674319892607 157 7881466659368762443
HIT 3 790284009599 184 2771746082973859542
HIT 3 1791011389567 417 7206883343078990797
HIT 3 1945630212223 453 15894646982045960141
HIT 3 674319892609 157 5566830017929155667
HIT 3 790284009601 184 17269806385811362573
HIT 3 1791011389569 417 1677462009327021775
HIT 3 1945630212225 453 17640402775039214918
HIT 3 790284271743 184 6121620147612924535
HIT 3 1791011651711 417 8885966644070431375
HIT 3 1945630474367 453 3025619594998472505
HIT 3 674319892608 157 106161121987207900
HIT 3 790284009600 184 13196641458867725302
HIT 3 1791011389568 417 10752314045013680047
HIT 3 1945630212224 453 15235028912844001354
HIT 3 790284271744 184 5279330708206419009
HIT 3 1791011651712 417 11315766193488718976
HIT 3 1945630474368 453 11336423481231218358
HIT 3 1945647513726 453 7851679288531342723
HIT 3 790284271745 184 7985935814775209017
HIT 3 1791011651713 417 5188153566634861193
HIT 3 1945630474369 453 13628432325594788866
HIT 3 1791013421185 417 4646200376331879657
HIT 3 1945632243841 453 7007409913082330586
HIT 3 1791013421183 417 18185665033926738285
HIT 3 1945632243839 453 1089132071080187674
HIT 3 1791013421184 417 5759305321909826657
HIT 3 1945632243840 453 8415705519831338451
HIT 3 674319892610 157 16858755897621242217
HIT 3 790284009602 184 6400377689322920949
HIT 3 1791011389570 417 16414754633774456787
HIT 3 1945630212226 453 8007941289786730805
HIT 3 790284271746 184 13670865679718792555
HIT 3 1791011651714 417 14847917145262131467
HIT 3 1945630474370 453 10796079581394433039
HIT 3 1791013421186 417 15037607999084536693
HIT 3 1945632243842 453 6183155683527855608
HIT 3 1945647513727 453 7429010198574587
HIT 3 1945647513729 453 17694221219060240125
HIT 3 1945647513728 453 11581595702739110236
HIT 3 674319892611 157 12670177244914660471
HIT 3 790284009603 184 15157730363012953772
HIT 3 1791011389571 417 9474732159230409855
HIT 3 1945630212227 453 5046388936823496457
HIT 3 790284271747 184 17220272393983510125
HIT 3 1791011651715 417 1570209499718066398
HIT 3 1945630474371 453 12115392109422638872
HIT 3 674319892612 157 12078440689512988697
HIT 3 790284009604 184 273647468859412802
HIT 3 1791011389572 417 2716954935530950543
HIT 3 1945630212228 453 14405916602147397149
HIT 3 790284271748 184 1586110616920696823
HIT 3 1791011651716 417 1244868276926901493
HIT 3 1945630474372 453 346888550207804156
HIT 3 674319892613 157 944596274526253090
HIT 3 790284009605 184 998596262076820548
HIT 3 1791011389573 417 4813283097343484705
HIT 3 1945630212229 453 15117566861619224251
HIT 3 790284271749 184 16954828591295403549
HIT 3 1791011651717 417 15454800786429547726
HIT 3 1945630474373 453 11331778887507026957
HIT 3 1945647513730 453 11462120956292858601
HIT 3 1791013421187 417 7662148776916020885
HIT 3 1945632243843 453 7978533704325414074
HIT 3 1791013421188 417 980091397610679988
HIT 3 1945632243844 453 6808325699938525586
HIT 3 1791013421189 417 16369164837083240254
HIT 3 1945632243845 453 18378052846754581589
HIT 3 674319892614 157 9547770402181231690
HIT 3 790284009606 184 12868554115700488362
HIT 3 1791011389574 417 1980317696944628429
HIT 3 1945630212230 453 9917134046749920323
HIT 3 790284271750 184 11485214755210707279
HIT 3 1791011651718 417 15296035033893972689
HIT 3 1945630474374 453 15896594422107197089
HIT 3 1791013421190 417 13987417496849535953
HIT 3 1945632243846 453 1352898383248083924
HIT 3 1945647513733 453 340956189366705467
HIT 3 1945647513731 453 7835547527573077010
HIT 3 1945647513732 453 3674352378821122624
HIT 3 674319892616 157 9281300066440081541
HIT 3 790284009608 184 1390856031893560117
HIT 3 1791011389576 417 5817954005888143673
HIT 3 1945630212232 453 9420951406778394366
HIT 3 790284271752 184 14604283421298210683
HIT 3 1791011651720 417 14621816973690404735
HIT 3 1945630474376 453 8757605738346795784
HIT 3 674319892617 157 11360404676033544185
HIT 3 790284009609 184 11109421330379701137
HIT 3 1791011389577 417 2882186812649163105
HIT 3 1945630212233 453 1961316162715707862
HIT 3 790284271753 184 7369518001894074736
HIT 3 1791011651721 417 10178032282681469344
HIT 3 1945630474377 453 12383800341786854294
HIT 3 674319892615 157 143734047959714025
HIT 3 790284009607 184 3209437560701315956
HIT 3 1791011389575 417 9700063033916121659
HIT 3 1945630212231 453 10310727068225262528
HIT 3 790284271751 184 13492487135100351852
HIT 3 1791011651719 417 140066963648266416
HIT 3 1945630474375 453 7236132021591435967
HIT 3 1945647513734 453 6981659865270554480
HIT 3 1791013421192 417 12297806731071924826
HIT 3 1945632243848 453 12657738478055440492
HIT 3 1791013421193 417 15832159697895345616
HIT 3 1945632243849 453 15638001660611980483
HIT 3 1791013421191 417 3869438575146426762
HIT 3 1945632243847 453 571057106091679894
HIT 3 674319892618 157 3900837392037385868
HIT 3 790284009610 184 16221456703661436076
HIT 3 1791011389578 417 17716106342421714497
HIT 3 1945630212234 453 10771076467573282749
HIT 3 790284271754 184 10352180007665783795
HIT 3 1791011651722 417 8545303095055918760
HIT 3 1945630474378 453 13421197256168567497
HIT 3 1791013421194 417 10398229337510691438
HIT 3 1945632243850 453 17113030865761781171
HIT 3 1945647513736 453 17250042241458871417
HIT 3 1945647513737 453 18240920613855743572
HIT 3 674319892619 157 6570962571230435361
HIT 3 790284009611 184 9614053172007415622
HIT 3 1791011389579 417 7661375741873316545
HIT 3 1945630212235 453 15894633879168726687
HIT 3 790284271755 184 5302335562956241639
HIT 3 1791011651723 417 17808797572848730720
HIT 3 1945630474379 453 12226441905776789503
HIT 3 674319892620 157 16452883341120727985
HIT 3 790284009612 184 16326081130492608490
HIT 3 1791011389580 417 5128191487455680511
HIT 3 1945630212236 453 10316385599069712464
HIT 3 790284271756 184 5955028209059978148
HIT 3 1791011651724 417 15352184296408236598
HIT 3 1945630474380 453 5372526456550110649
HIT 3 1945647513735 453 3973221790576197643
HIT 3 1791013421195 417 7868784586755762339
HIT 3 1945632243851 453 13214857973422648097
HIT 3 674319892621 157 12170159853467864974
HIT 3 790284009613 184 18238386530747134971
HIT 3 1791013421196 417 16056126986729824316
HIT 3 1945632243852 453 12124539066054312727
HIT 3 1791011389581 417 13400833270403169344
HIT 3 1945630212237 453 3835964441366080442
HIT 3 790284271757 184 3148878378394851366
HIT 3 1791011651725 417 13011938590898172810
HIT 3 1945630474381 453 17178942607704273019
HIT 3 1945647513738 453 671152368030650155
HIT 3 1791013421197 417 9844586603984911170
HIT 3 1945632243853 453 365187360525707150
HIT 3 674319892622 157 17119548598655251855
HIT 3 790284009614 184 7590936549135841928
HIT 3 1791011389582 417 13151321448412422124
HIT 3 1945630212238 453 5697632777812053978
HIT 3 790284271758 184 15344392276786830470
HIT 3 1791011651726 417 10238957706067070732
HIT 3 1945630474382 453 7562561683810509121
HIT 3 1791013421198 417 11199456133653920045
HIT 3 1945632243854 453 12157012864552602534
HIT 3 1945647513739 453 13475962330238563024
HIT 3 1945647513740 453 18150049391951435559
HIT 3 674319892623 157 10767926940142467960
HIT 3 790284009615 184 8556918106773420994
HIT 3 1791011389583 417 7473394834664862862
HIT 3 1945630212239 453 9077016494440109972
HIT 3 790284271759 184 15514803356209609057
HIT 3 1791011651727 417 7438223556144275274
HIT 3 1945630474383 453 12533604879473982748
HIT 3 674319892624 157 17534563204306336910
HIT 3 790284009616 184 18081580116387838966
HIT 3 1791011389584 417 14709841772471177826
HIT 3 1945630212240 453 5114735176852427704
HIT 3 790284271760 184 3845187029886100582
HIT 3 1791011651728 417 12775676429751294362
HIT 3 1945630474384 453 361484711068645374
HIT 3 1945647513741 453 400646948656647824
HIT 3 1791013421199 417 18005334716605333089
HIT 3 1945632243855 453 5386553896788816865
HIT 3 1791013421200 417 15992217710923754185
HIT 3 1945632243856 453 16408053039829501984
HIT 3 674319892625 157 2074170106053375477
HIT 3 790284009617 184 3993098626033143366
HIT 3 1791011389585 417 12676087750005670994
HIT 3 1945630212241 453 17754402919920389401
HIT 3 790284271761 184 9857636786954344271
HIT 3 1791011651729 417 17387457720928171131
HIT 3 1945630474385 453 4214212862525985567
HIT 3 1791013421201 417 287584249715430796
HIT 3 1945632243857 453 7243301361509182644
HIT 3 1945647513742 453 8018574797022998490
HIT 3 674319892626 157 9759739148030719870
HIT 3 790284009618 184 17795368353313557
HIT 3 1791011389586 417 8338926461239835779
HIT 3 1945630212242 453 14237860219333648260
HIT 3 790284271762 184 17800757287948601487
HIT 3 1791011651730 417 1856907448949303365
HIT 3 1945630474386 453 15661333634565656822
HIT 3 1791013421202 417 6080074710934363317
HIT 3 1945632243858 453 8650790388987190901
HIT 3 1945647513743 453 6967339143023158162
HIT 3 1945647513744 453 17533240176397223745
HIT 3 1945647513745 453 1271505752342088294
HIT 3 674319892627 157 7002707502222754281
HIT 3 790284009619 184 1089545856650435602
HIT 3 1791011389587 417 14707361076481858242
HIT 3 1945630212243 453 6910479133635485613
HIT 3 790284271763 184 3350337103297948614
HIT 3 1791011651731 417 15772662590862830395
HIT 3 1945630474387 453 15967536899769619571
HIT 3 674319892628 157 10177356790664015440
HIT 3 790284009620 184 2638377081040771676
HIT 3 1791011389588 417 12094907405046513192
HIT 3 1945630212244 453 13189438710989455013
HIT 3 790284271764 184 14818391952355911777
HIT 3 1791011651732 417 316565351944750987
HIT 3 1945630474388 453 10143515797846494847
HIT 3 674319761557 157 10177356790664015440
HIT 3 790283878549 184 2638377081040771676
HIT 3 1791011258517 417 12094907405046513192
HIT 3 1945630081173 453 13189438710989455013
HIT 3 674319892629 157 15020142856439997534
HIT 3 790284009621 184 1616280643433404580
HIT 3 1791011389589 417 15698849217505991441
HIT 3 1945630212245 453 5173726943185054405
HIT 3 790284271765 184 8127091829550463580
HIT 3 1791011651733 417 10904916138249369788
HIT 3 1945630474389 453 12535897725710434623
HIT 3 1791013421203 417 10680105415189037114
HIT 3 1945632243859 453 12149473093486952815
HIT 3 1791013421205 417 11957113255810410468
HIT 3 1945632243861 453 16377256239519297860
HIT 3 1791013421204 417 4234899439582241239
HIT 3 1945632243860 453 140012680566785792
HIT 3 1945647513746 453 2567084163852725811
HIT 3 674319892630 157 1820700783448503695
HIT 3 790284009622 184 5431565883288968847
HIT 3 1791011389590 417 13744371447807350981
HIT 3 1945630212246 453 5561561652653842465
HIT 3 682909892758 159 12526656161221170875
HIT 3 790284075158 184 6102583535850368983
HIT 3 1791011455126 417 5272324202679583245
HIT 3 1945630277782 453 226734269280344871
HIT 3 674320023702 157 12526656161221170875
HIT 3 790284140694 184 5175176125862198571
HIT 3 1791011520662 417 9723921884519676427
HIT 3 1945630343318 453 16225808418242906330
HIT 3 790284271766 184 12632285461848112409
HIT 3 1791011651734 417 8858293875146544384
HIT 3 1945630474390 453 6621696781341885448
HIT 3 790284402838 184 11658610602374468743
HIT 3 1791011782806 417 4362797333916503331
HIT 3 1945630605462 453 18195354065362812515
HIT 3 1791013421206 417 5557839354287004421
HIT 3 1945632243862 453 16201111751282621958
HIT 3 1945647513749 453 14144944143447412610
HIT 3 674319892631 157 12526656161221170875
HIT 3 790284009623 184 5175176125862198571
HIT 3 1791011389591 417 9723921884519676427
HIT 3 1945630212247 453 16225808418242906330
HIT 3 790284140695 184 10184355023596523505
HIT 3 1791011520663 417 2257426001768777495
HIT 3 1945630343319 453 9128618212448113642
HIT 3 682910023831 159 1820700783448503695
HIT 3 790284206231 184 3395876234410949925
HIT 3 1791011586199 417 12509802914618296886
HIT 3 1945630408855 453 10500589294841735725
HIT 3 781694337175 182 4790092582681896664
HIT 3 790284271767 184 982269452078960716
HIT 3 794579239063 185 8148821520491403669
HIT 3 798874206359 186 10947196996739174973
HIT 3 1782421717143 415 15118814840759425611
HIT 3 1786716684439 416 9439274014823222188
HIT 3 1791011651735 417 15135251215383909523
HIT 3 1799601586327 419 14207928528769774129
HIT 3 1937040539799 451 5085998178627197202
HIT 3 1941335507095 452 10413545290806908380
HIT 3 1945630474391 453 14828058648194379845
HIT 3 1954220408983 455 2733571632098381328
HIT 3 790284402839 184 17830014273907425972
HIT 3 1791011782807 417 15955393177678042052
HIT 3 1945630605463 453 13165471690988435080
HIT 3 1791013290135 417 9328260066689893915
HIT 3 1945632112791 453 5615484604877178975
HIT 3 1782423486615 415 10144397174133581335
HIT 3 1786718453911 416 2236025613806602582
HIT 3 1791013421207 417 297464824452677075
HIT 3 1799603355799 419 7941835830186134346
HIT 3 1937042309271 451 147837645692892403
HIT 3 1941337276567 452 5686662226798296914
HIT 3 1945632243863 453 13720948840328651491
HIT 3 1954222178455 455 6216319939783422000
HIT 3 798876041367 186 5431565883288968847
HIT 3 1791013486743 417 568994429611607687
HIT 3 1945632309399 453 13484035519524183777
HIT 3 1791013552279 417 10782177263628992333
HIT 3 1945632374935 453 13029576796260327032
HIT 3 1945647513747 453 4719678566978881348
HIT 3 1945647513748 453 3295039305809465008
HIT 3 674319958168 157 16903442152206021474
HIT 3 678614925464 158 13153537100995420843
HIT 3 682909892760 159 14937064922775731721
HIT 3 691499827352 161 1526713730776311120
HIT 3 781694140568 182 14642498545556496200
HIT 3 790284075160 184 12009592636161234536
HIT 3 794579042456 185 4561769600007423818
HIT 3 798874009752 186 9244223610938322733
HIT 3 1782421520536 415 17940435543077104758
HIT 3 1786716487832 416 4326239621303451973
HIT 3 1791011455128 417 3498810554749243108
HIT 3 1799601389720 419 3610826297273841525
HIT 3 1937040343192 451 15869726690727235969
HIT 3 1941335310488 452 9637070111763178879
HIT 3 1945630277784 453 2082627981080335588
HIT 3 1954220212376 455 18153828842419134442
HIT 3 670025056408 156 15108133743295056058
HIT 3 674320023704 157 14937064922775731721
HIT 3 682909958296 159 14648032881322570936
HIT 3 781694206104 182 11044721571590647172
HIT 3 790284140696 184 2102179214215859935
HIT 3 794579107992 185 14610596881737780120
HIT 3 798874075288 186 2607744660292120633
HIT 3 1782421586072 415 3977064871095483397
HIT 3 1786716553368 416 7486901958364861923
HIT 3 1791011520664 417 3644816368135229908
HIT 3 1799601455256 419 13825853518421503725
HIT 3 1937040408728 451 12614203587266762270
HIT 3 1941335376024 452 7669743985077026143
HIT 3 1945630343320 453 5556597716449390111
HIT 3 1954220277912 455 1592014353248607037
HIT 3 682910023832 159 9507331587294986679
HIT 3 790284206232 184 16362867410077053033
HIT 3 1791011586200 417 15784173882237154085
HIT 3 1945630408856 453 5936835901653972091
HIT 3 781694337176 182 10718969034638891970
HIT 3 790284271768 184 13138328260905137984
HIT 3 794579239064 185 15466876921193416761
HIT 3 798874206360 186 14954252492101002141
HIT 3 674319958169 157 9507331587294986679
HIT 3 682909892761 159 8014713083483758118
HIT 3 790284075161 184 1111745371371915242
HIT 3 1791011455129 417 12766805165334545885
HIT 3 1945630277785 453 5577226409761714253
HIT 3 674320023705 157 8014713083483758118
HIT 3 781694206105 182 10718969034638891970
HIT 3 790284140697 184 13138328260905137984
HIT 3 794579107993 185 15466876921193416761
HIT 3 798874075289 186 14954252492101002141
HIT 3 1782421586073 415 7935807697799638294
HIT 3 1786716553369 416 9804318769470219079
HIT 3 1791011520665 417 13737034623517697667
HIT 3 1799601455257 419 16919692521248127280
HIT 3 1782421717144 415 7935807697799638294
HIT 3 1786716684440 416 9804318769470219079
HIT 3 1791011651736 417 13737034623517697667
HIT 3 1799601586328 419 16919692521248127280
HIT 3 1937040539800 451 4407003651203378736
HIT 3 1941335507096 452 7739796971280476520
HIT 3 1945630474392 453 8360111893333251269
HIT 3 1954220408984 455 11290780613272766822
HIT 3 691500089496 161 8014713083483758118
HIT 3 790284337304 184 14097210761422650341
HIT 3 1791011717272 417 13969315290474252225
HIT 3 1945630539928 453 8527385758262551800
HIT 3 781694468248 182 6159923021466009927
HIT 3 790284402840 184 1678009840484626078
HIT 3 794579370136 185 11553627530618543182
HIT 3 798874337432 186 531236199490728529
HIT 3 1782421848216 415 15068297697843689330
HIT 3 1786716815512 416 15435706762289244103
HIT 3 1791011782808 417 2168533478250454708
HIT 3 1799601717400 419 11495416335575502752
HIT 3 1937040670872 451 6221412157616892813
HIT 3 1941335638168 452 1510649162306706841
HIT 3 1945630605464 453 15937827674562868711
HIT 3 1954220540056 455 4175758923402770822
HIT 3 790284533912 184 6653280921445175207
HIT 3 1791011913880 417 5755405552120732427
HIT 3 1945630736536 453 8486088377548607777
HIT 3 1937040408729 451 4407003651203378736
HIT 3 1941335376025 452 7739796971280476520
HIT 3 1945630343321 453 8360111893333251269
HIT 3 1954220277913 455 11290780613272766822
HIT 3 678615056537 158 13153537100995420843
HIT 3 682910023833 159 14937064922775731721
HIT 3 691499958425 161 1526713730776311120
HIT 3 781694271641 182 14642498545556496200
HIT 3 790284206233 184 12009592636161234536
HIT 3 794579173529 185 4561769600007423818
HIT 3 798874140825 186 9244223610938322733
HIT 3 1782421651609 415 17940435543077104758
HIT 3 1786716618905 416 4326239621303451973
HIT 3 1791011586201 417 3498810554749243108
HIT 3 1799601520793 419 3610826297273841525
HIT 3 1937040474265 451 15869726690727235969
HIT 3 1941335441561 452 9637070111763178879
HIT 3 1945630408857 453 2082627981080335588
HIT 3 1954220343449 455 18153828842419134442
HIT 3 678615122073 158 15108133743295056058
HIT 3 682910089369 159 1526713730776311120
HIT 3 687205056665 160 13153537100995420843
HIT 3 691500023961 161 5913128875195100860
HIT 3 695794991257 162 3577835069110370920
HIT 3 700089958553 163 16202263555239379625
HIT 3 704384925849 164 9654526388540674940
HIT 3 708679893145 165 1682608648878399310
HIT 3 712974860441 166 11947052900632555521
HIT 3 717269827737 167 3880842535166865261
HIT 3 721564795033 168 15061672919530659158
HIT 3 725859762329 169 9390760121883954780
HIT 3 730154729625 170 6757254698280183989
HIT 3 734449696921 171 8050581730995533701
HIT 3 738744664217 172 3982325529908760429
HIT 3 743039631513 173 8532603190241567674
HIT 3 747334598809 174 17039600509828364837
HIT 3 751629566105 175 14686930193132343622
HIT 3 755924533401 176 624605315412263803
HIT 3 760219500697 177 6901923940395825455
HIT 3 764514467993 178 8098797785870777163
HIT 3 768809435289 179 411081319727829042
HIT 3 773104402585 180 5450194265059516529
HIT 3 777399369881 181 3255066576442689581
HIT 3 781694337177 182 7924041380210354212
HIT 3 785989304473 183 6454783266090677312
HIT 3 790284271769 184 3241451679952654150
HIT 3 794579239065 185 7942138784673864016
HIT 3 798874206361 186 6426492089227198081
HIT 3 803169173657 187 1747287234062856012
HIT 3 807464140953 188 5553702600311451416
HIT 3 811759108249 189 2752636889342111114
HIT 3 816054075545 190 5053156465149969862
HIT 3 820349042841 191 10753870366562129943
HIT 3 824644010137 192 17879269813147865519
HIT 3 828938977433 193 10443741699219236583
HIT 3 833233944729 194 7113793427993265784
HIT 3 837528912025 195 13014560083750032288
HIT 3 841823879321 196 6232194473865915669
HIT 3 846118846617 197 16228877660325282092
HIT 3 850413813913 198 15388453649004671023
HIT 3 854708781209 199 1150508935783224515
HIT 3 859003748505 200 4344365119762238748
HIT 3 863298715801 201 719062338904986723
HIT 3 867593683097 202 4010837485242758306
HIT 3 871888650393 203 15047351273094151383
HIT 3 876183617689 204 2988100415959229106
HIT 3 880478584985 205 6267329905588756261
HIT 3 884773552281 206 15033803798844718253
HIT 3 889068519577 207 5981166438784108118
HIT 3 893363486873 208 6147342086684796696
HIT 3 897658454169 209 2731333430834459992
HIT 3 901953421465 210 7555097212120892005
HIT 3 906248388761 211 14637771711819812757
HIT 3 910543356057 212 11918817459566848258
HIT 3 914838323353 213 308763607732621263
HIT 3 919133290649 214 8453239851959783181
HIT 3 923428257945 215 4512000736974227991
HIT 3 927723225241 216 12535191759577060046
HIT 3 932018192537 217 8993334468403061550
HIT 3 936313159833 218 2998197650026118856
HIT 3 940608127129 219 2005044245974456638
HIT 3 944903094425 220 7243410770160451545
HIT 3 949198061721 221 17063842934476801047
HIT 3 953493029017 222 16653414685631356741
HIT 3 957787996313 223 2871635104936878329
HIT 3 962082963609 224 3716761659620082135
HIT 3 966377930905 225 12742997855635274311
HIT 3 970672898201 226 13025167658121942018
HIT 3 974967865497 227 4176029337417088968
HIT 3 979262832793 228 11586844621631141699
HIT 3 983557800089 229 17105988144139321190
HIT 3 987852767385 230 18243032127475813758
HIT 3 992147734681 231 3079549510420469262
HIT 3 996442701977 232 2226826004352897431
HIT 3 1000737669273 233 3618726975031734954
HIT 3 1005032636569 234 8473650350162927023
HIT 3 1009327603865 235 12283896462002906616
HIT 3 1013622571161 236 253156434795631319
HIT 3 1017917538457 237 554871669642571857
HIT 3 1022212505753 238 15642587315137372250
HIT 3 1026507473049 239 4420229475446147207
HIT 3 1030802440345 240 2660673856923274495
HIT 3 1035097407641 241 5715846780175148845
HIT 3 1039392374937 242 2392006211210331707
HIT 3 1043687342233 243 10354737598792298339
HIT 3 1047982309529 244 3273041789027444536
HIT 3 1052277276825 245 3698868842170932570
HIT 3 1056572244121 246 10359931196242578391
HIT 3 1060867211417 247 15697871513819100398
HIT 3 1065162178713 248 6093135462153845178
HIT 3 1069457146009 249 6574424462327411583
HIT 3 1073752113305 250 6270994675642819729
HIT 3 1078047080601 251 14666679846933066234
HIT 3 1082342047897 252 1406280768165783179
HIT 3 1086637015193 253 13144312191066924550
HIT 3 1090931982489 254 15228340768073652863
HIT 3 1095226949785 255 14733030318066719301
HIT 3 1099521917081 256 7493402661302565487
HIT 3 1103816884377 257 2514734254574412266
HIT 3 1108111851673 258 10798119391096958608
HIT 3 1112406818969 259 9409169648903944168
HIT 3 1116701786265 260 7937021073539460721
HIT 3 1120996753561 261 14099663062293013776
HIT 3 1125291720857 262 1249068519823469277
HIT 3 1129586688153 263 9346190207869481446
HIT 3 1133881655449 264 985128774200425024
HIT 3 1138176622745 265 17058582258288072115
HIT 3 1142471590041 266 424899150014678347
HIT 3 1146766557337 267 13623834904054400899
HIT 3 1151061524633 268 7763580991285685880
HIT 3 1155356491929 269 13413842586851211456
HIT 3 1159651459225 270 10027748549039287944
HIT 3 1163946426521 271 7393626498999544036
HIT 3 1168241393817 272 831631534406035190
HIT 3 1172536361113 273 10417804854658182796
HIT 3 1176831328409 274 7497356483243722339
HIT 3 1181126295705 275 3910444104018795941
HIT 3 1185421263001 276 6190006353082905506
HIT 3 1189716230297 277 9743858260386496169
HIT 3 1194011197593 278 103970000327244342
HIT 3 1198306164889 279 15419679974738290120
HIT 3 1202601132185 280 15605826339548554978
HIT 3 1206896099481 281 9856928806272026288
HIT 3 1211191066777 282 17609415586904505063
HIT 3 1215486034073 283 4326648114630278139
HIT 3 1219781001369 284 10162180232869461445
HIT 3 1224075968665 285 3594561773425878088
HIT 3 1228370935961 286 1826080949857870778
HIT 3 1232665903257 287 587737350526172604
HIT 3 1236960870553 288 12017791965859512593
HIT 3 1241255837849 289 12770711335571081983
HIT 3 1245550805145 290 10107015649719857526
HIT 3 1249845772441 291 15046260983667664847
HIT 3 1254140739737 292 5212963337805525053
HIT 3 1258435707033 293 16152186628727416344
HIT 3 1262730674329 294 16527537848080253683
HIT 3 1267025641625 295 17818284169835517180
HIT 3 1271320608921 296 16313514274727053641
HIT 3 1275615576217 297 13586734149457268589
HIT 3 1279910543513 298 16985792707987189597
HIT 3 1284205510809 299 9480586650319296817
HIT 3 1288500478105 300 16540675921178442637
HIT 3 1292795445401 301 13687760494830855587
HIT 3 1297090412697 302 7915787591711999172
HIT 3 1301385379993 303 11412965347322633465
HIT 3 1305680347289 304 17493858973697741538
HIT 3 1309975314585 305 6713641800964987822
HIT 3 1314270281881 306 2994993985003585220
HIT 3 1318565249177 307 711522214062978056
HIT 3 1322860216473 308 1757989268100754885
HIT 3 1327155183769 309 17830924685137954642
HIT 3 1331450151065 310 16304293697879172816
HIT 3 1335745118361 311 2860863282527623463
HIT 3 1340040085657 312 9119312004065309263
HIT 3 1344335052953 313 6758219663909487489
HIT 3 1348630020249 314 4523869131520708044
HIT 3 1352924987545 315 2904054086748367473
HIT 3 1357219954841 316 14822413718372331061
HIT 3 1361514922137 317 17072792414537162609
HIT 3 1365809889433 318 12407751039922843852
HIT 3 1370104856729 319 11911174358768256441
HIT 3 1374399824025 320 1970887386591936513
HIT 3 1378694791321 321 11442189536429326374
HIT 3 1382989758617 322 16815726977159710539
HIT 3 1387284725913 323 13430743725033408492
HIT 3 1391579693209 324 9340843928346182056
HIT 3 1395874660505 325 10082249215910358850
HIT 3 1400169627801 326 11866437741297348584
HIT 3 1404464595097 327 14935712478582738405
HIT 3 1408759562393 328 8523008940993811656
HIT 3 1413054529689 329 12083551001427898981
HIT 3 1417349496985 330 16415537056322755946
HIT 3 1421644464281 331 6073525586671107406
HIT 3 1425939431577 332 5622441614905749225
HIT 3 1430234398873 333 651932836888471437
HIT 3 1434529366169 334 9759606227247212585
HIT 3 1438824333465 335 16383602312555234996
HIT 3 1443119300761 336 17460615145296091603
HIT 3 1447414268057 337 6564087505587942451
HIT 3 1451709235353 338 13312171589636951507
HIT 3 1456004202649 339 8226927154405878232
HIT 3 1460299169945 340 9729142699596022599
HIT 3 1464594137241 341 5989844777177300637
HIT 3 1468889104537 342 12244631510498350329
HIT 3 1473184071833 343 6339483658907776014
HIT 3 1477479039129 344 3847039757555047773
HIT 3 1481774006425 345 1410671459993930619
HIT 3 1486068973721 346 10123474277145856855
HIT 3 1490363941017 347 12843123858376077677
HIT 3 1494658908313 348 13895354926544451989
HIT 3 1498953875609 349 407179332935285905
HIT 3 1503248842905 350 15230180991943191142
HIT 3 1507543810201 351 6264244092597864474
HIT 3 1511838777497 352 8818325756323012389
HIT 3 1516133744793 353 11680629828746248694
HIT 3 1520428712089 354 15840297906945924758
HIT 3 1524723679385 355 17601747443671819227
HIT 3 1529018646681 356 14848081407891040954
HIT 3 1533313613977 357 6931629944161400060
HIT 3 1537608581273 358 17487930121110702185
HIT 3 1541903548569 359 8065302603265876773
HIT 3 1546198515865 360 7919937296846720290
HIT 3 1550493483161 361 10358644272036417674
HIT 3 1554788450457 362 5627347238936833608
HIT 3 1559083417753 363 15972912755072872670
HIT 3 1563378385049 364 10254965343904683549
HIT 3 1567673352345 365 631841526397609253
HIT 3 1571968319641 366 7005128173781542359
HIT 3 1576263286937 367 12762847573412059032
HIT 3 1580558254233 368 3680126238428426947
HIT 3 1584853221529 369 10010005288156044791
HIT 3 1589148188825 370 7607183748262609665
HIT 3 1593443156121 371 12461667677437796977
HIT 3 1597738123417 372 10824975123480945374
HIT 3 1602033090713 373 10729545371997093517
HIT 3 1606328058009 374 5952101484712743735
HIT 3 1610623025305 375 15629324857523747554
HIT 3 1614917992601 376 14736559843830791420
HIT 3 1619212959897 377 5359840677310944533
HIT 3 1623507927193 378 2429931815523605356
HIT 3 1627802894489 379 8395067122697527368
HIT 3 1632097861785 380 16658945208982640967
HIT 3 1636392829081 381 12534364343879473576
HIT 3 1640687796377 382 4040917077751518946
HIT 3 1644982763673 383 8891478461011073877
HIT 3 1649277730969 384 14048225121878300110
HIT 3 1653572698265 385 5801616971842588379
HIT 3 1657867665561 386 3488526073428769856
HIT 3 1662162632857 387 7348059091783953546
HIT 3 1666457600153 388 15751192712822054868
HIT 3 1670752567449 389 17041875205508760345
HIT 3 1675047534745 390 11400011085501811615
HIT 3 1679342502041 391 17708545043389966082
HIT 3 1683637469337 392 9590153632755438258
HIT 3 1687932436633 393 1025735107818982675
HIT 3 1692227403929 394 2707674903862217106
HIT 3 1696522371225 395 4201271126679390095
HIT 3 1700817338521 396 14039754574542292296
HIT 3 1705112305817 397 16314021912942836310
HIT 3 1709407273113 398 4748062328022040222
HIT 3 1713702240409 399 11155335922092575261
HIT 3 1717997207705 400 5117806027299565939
HIT 3 1722292175001 401 9164865431582787575
HIT 3 1726587142297 402 12674719196565838409
HIT 3 1730882109593 403 5732093020416904098
HIT 3 1735177076889 404 2097484046143820772
HIT 3 1739472044185 405 16614558327096619368
HIT 3 1743767011481 406 13214370486569166300
HIT 3 1748061978777 407 392373856031147100
HIT 3 1752356946073 408 10946804280707747053
HIT 3 1756651913369 409 14849694072731440335
HIT 3 1760946880665 410 6242859198185487145
HIT 3 1765241847961 411 7707030399897978250
HIT 3 1769536815257 412 2576974438467861183
HIT 3 1773831782553 413 11207461271921122999
HIT 3 1778126749849 414 18095082263874448460
HIT 3 1782421717145 415 9653388454062297151
HIT 3 1786716684441 416 16907767665403003943
HIT 3 1791011651737 417 9212112090860701930
HIT 3 1795306619033 418 6595915737255767501
HIT 3 1799601586329 419 5385138740562256481
HIT 3 1803896553625 420 3450172207908135286
HIT 3 1808191520921 421 7729344325968865177
HIT 3 1812486488217 422 17638939354911119365
HIT 3 1816781455513 423 11409026477242994145
HIT 3 1821076422809 424 3779325058229176082
HIT 3 1825371390105 425 4064379828137727905
HIT 3 1829666357401 426 1239466435590075152
HIT 3 1833961324697 427 6775788749635004472
HIT 3 1838256291993 428 8258574783624550128
HIT 3 1842551259289 429 6592279415357311280
HIT 3 1846846226585 430 16908388549668030410
HIT 3 1851141193881 431 10172887061848219879
HIT 3 1855436161177 432 2748577274347683672
HIT 3 1859731128473 433 12848256819231504508
HIT 3 1864026095769 434 720405260925662702
HIT 3 1868321063065 435 5820700709997724436
HIT 3 1872616030361 436 15388977638288213513
HIT 3 1876910997657 437 6709766160307286702
HIT 3 1881205964953 438 10954872317201652913
HIT 3 1885500932249 439 10409171894262997545
HIT 3 1889795899545 440 10540980989151172870
HIT 3 1894090866841 441 17958499554278981080
HIT 3 1898385834137 442 15747147389513424867
HIT 3 1902680801433 443 15389514393115232689
HIT 3 1906975768729 444 4678557413180903667
HIT 3 1911270736025 445 6576046554400825086
HIT 3 1915565703321 446 8375240216339217528
HIT 3 1919860670617 447 220650022995273174
HIT 3 1924155637913 448 7378919176388717568
HIT 3 1928450605209 449 18025463464905100191
HIT 3 1932745572505 450 14752016354698930533
HIT 3 1937040539801 451 1796982389758943065
HIT 3 1941335507097 452 10682626570527131837
HIT 3 1945630474393 453 14429333415145234430
HIT 3 1949925441689 454 2907992931201706769
HIT 3 1954220408985 455 4535661797646465440
HIT 3 1958515376281 456 10532771344399059727
HIT 3 1962810343577 457 6735159581824475642
HIT 3 1967105310873 458 6950105581278608783
HIT 3 1971400278169 459 12706232356904361130
HIT 3 1975695245465 460 4075598071810728617
HIT 3 1979990212761 461 9229436893241273360
HIT 3 1984285180057 462 12265826258238425566
HIT 3 1988580147353 463 5458315579052322029
HIT 3 1992875114649 464 1126710877956213913
HIT 3 1997170081945 465 4949871587690270923
HIT 3 2001465049241 466 12283938193712259094
HIT 3 2005760016537 467 1205212221117322633
HIT 3 2010054983833 468 1708116523908426720
HIT 3 2014349951129 469 886317844665725048
HIT 3 2018644918425 470 13119150264045240234
HIT 3 2022939885721 471 9504488942410439519
HIT 3 2027234853017 472 14645022892714225397
HIT 3 2031529820313 473 6350731589160364755
HIT 3 2035824787609 474 4184486225239464836
HIT 3 2040119754905 475 12366490606554048016
HIT 3 2044414722201 476 7521729681934060776
HIT 3 2048709689497 477 11203316105718675403
HIT 3 2053004656793 478 10334364554290198868
HIT 3 2057299624089 479 4477868134162831635
HIT 3 2061594591385 480 8428926824059402090
HIT 3 2065889558681 481 9583265719417027945
HIT 3 2070184525977 482 4746613363604409237
HIT 3 2074479493273 483 17180225180674588740
HIT 3 2078774460569 484 16062188407159643294
HIT 3 2083069427865 485 4736326269569721355
HIT 3 2087364395161 486 5368770551734296158
HIT 3 2091659362457 487 6300948328885140410
HIT 3 2095954329753 488 5434144418388896906
HIT 3 2100249297049 489 18076197956806306923
HIT 3 2104544264345 490 784737081131919190
HIT 3 2108839231641 491 17873953431098291244
HIT 3 2113134198937 492 8325484235154874215
HIT 3 2117429166233 493 5072457760419361216
HIT 3 2121724133529 494 5561140136905838446
HIT 3 2126019100825 495 1979154077613722705
HIT 3 2130314068121 496 2898045601022714503
HIT 3 2134609035417 497 1592711544557242901
HIT 3 2138904002713 498 2350082814834654324
HIT 3 2143198970009 499 9884438748698092626
HIT 3 2147493937305 500 12359203260000176550
HIT 3 2151788904601 501 3572047861774992586
HIT 3 2156083871897 502 15511412243767607676
HIT 3 2160378839193 503 13901669184463476229
HIT 3 2164673806489 504 6411434105062213865
HIT 3 2168968773785 505 1941061384490173771
HIT 3 2173263741081 506 7107367896741794473
HIT 3 2177558708377 507 14503486177806156393
HIT 3 2181853675673 508 17144480259720319718
HIT 3 2186148642969 509 9429343478933841025
HIT 3 2190443610265 510 2666589515341625116
HIT 3 2194738577561 511 5201331241369241334
HIT 3 691500089497 161 14648032881322570936
HIT 3 790284337305 184 17843517573514596923
HIT 3 1791011717273 417 13800341916694620037
HIT 3 1945630539929 453 6657392323940274523
HIT 3 781694468249 182 4209604953901796376
HIT 3 790284402841 184 13192304028968523220
HIT 3 794579370137 185 1356748814817157071
HIT 3 798874337433 186 12295073274460832669
HIT 3 1782421848217 415 12756012932559288512
HIT 3 1786716815513 416 8569040258063848988
HIT 3 1791011782809 417 7778622400248682563
HIT 3 1799601717401 419 8463554286636493633
HIT 3 1937040670873 451 17959959831684811076
HIT 3 1941335638169 452 10365592890478506210
HIT 3 1945630605465 453 3219335976554885210
HIT 3 1954220540057 455 11430812435468113365
HIT 3 790284468377 184 16219708412889449760
HIT 3 1791011848345 417 2084108856939962411
HIT 3 1945630671001 453 8166757696577283258
HIT 3 790284533913 184 7724083888942167325
HIT 3 1791011913881 417 9844935375824974795
HIT 3 1945630736537 453 2835984535095419134
HIT 3 790284599449 184 2691016495267376608
HIT 3 1791011979417 417 7727021369486537337
HIT 3 1945630802073 453 4370122591197669838
HIT 3 790284664985 184 10400465018198676871
HIT 3 1791012044953 417 8493463851639974547
HIT 3 1945630867609 453 16656924901282645090
HIT 3 790284730521 184 15031984524976377068
HIT 3 1791012110489 417 10956504898053561513
HIT 3 1945630933145 453 14251612443044147754
HIT 3 790284796057 184 3209732105827663264
HIT 3 1791012176025 417 3532248634679423238
HIT 3 1791013290136 417 900992092053559199
HIT 3 1945632112792 453 13705714392935967290
HIT 3 1782423486616 415 17649803758877226358
HIT 3 1786718453912 416 4736519300864893170
HIT 3 1791013421208 417 10035854766052054524
HIT 3 1799603355800 419 8977383506661032909
HIT 3 1937042309272 451 16491305186656193690
HIT 3 1941337276568 452 7894885036022720619
HIT 3 1945632243864 453 12185457553378527792
HIT 3 1954222178456 455 13247415493639758210
HIT 3 798876041368 186 1111745371371915242
HIT 3 1791013486744 417 9434492123306617687
HIT 3 1945632309400 453 14073860578450565991
HIT 3 1791013552280 417 17110235071891075022
HIT 3 1945632374936 453 9862831614762028334
HIT 3 1945630998681 453 11762663187179304449
HIT 3 790284861593 184 9455438683149479084
HIT 3 1791012241561 417 1328575388655265173
HIT 3 1945631064217 453 16638503882719570651
HIT 3 790284927129 184 17388312258722795089
HIT 3 1791012307097 417 2295201203326299575
HIT 3 1945631129753 453 8552327366069060800
HIT 3 790284992665 184 3946978638619397237
HIT 3 1791012372633 417 11448617117986324809
HIT 3 1945631195289 453 13076642298857721806
HIT 3 790285058201 184 15712374457378485447
HIT 3 1791012438169 417 16533667070583051733
HIT 3 1945631260825 453 1640119938965499833
HIT 3 790285123737 184 2262232557333987960
HIT 3 1791012503705 417 16691229732221122940
HIT 3 1945631326361 453 372705677454572534
HIT 3 790285189273 184 3808044163868270052
HIT 3 1791012569241 417 18065408796659604699
HIT 3 1945631391897 453 14583177317561698083
HIT 3 790285254809 184 442671118527471783
HIT 3 1791012634777 417 17445158169870237615
HIT 3 1945631457433 453 15949237722274786732
HIT 3 790285320345 184 13122681512233367466
HIT 3 1791012700313 417 4010043270688136939
HIT 3 1945631522969 453 8651512475161627593
HIT 3 790285385881 184 9793828472701150480
HIT 3 1791012765849 417 11907429340865802784
HIT 3 1945631588505 453 18040509388590017638
HIT 3 790285451417 184 13447867685208048724
HIT 3 1791012831385 417 16226796484818302570
HIT 3 1945631654041 453 15015101187591091082
HIT 3 790285516953 184 12023238850606109253
HIT 3 1791012896921 417 1344643183743421837
HIT 3 1945631719577 453 12061109268896348001
HIT 3 790285582489 184 17437798198252946325
HIT 3 1791012962457 417 1030543582698121256
HIT 3 1945631785113 453 2252369793500031583
HIT 3 790285648025 184 4378554574327473478
HIT 3 1791013027993 417 11808572951678860955
HIT 3 1945631850649 453 8567287237389716899
HIT 3 790285713561 184 6523631135926763694
HIT 3 1791013093529 417 6447266317295728572
HIT 3 1945631916185 453 8959587196457508214
HIT 3 781695844505 182 2539383174438799012
HIT 3 790285779097 184 3986680432947015336
HIT 3 1791013159065 417 16060000061920794556
HIT 3 1945631981721 453 3709043026350626072
HIT 3 790285844633 184 2539383174438799012
HIT 3 1791013224601 417 5518271704206435793
HIT 3 1945632047257 453 5845210976975433510
HIT 3 790285910169 184 3238297871385528760
HIT 3 1782423355545 415 3702208719959234125
HIT 3 1786718322841 416 8014129136994491199
HIT 3 1791013290137 417 400585268744562330
HIT 3 1799603224729 419 16270957786430629168
HIT 3 1937042178201 451 13555922016431113422
HIT 3 1941337145497 452 674891394892067608
HIT 3 1945632112793 453 4269535673574196900
HIT 3 1954222047385 455 8497072991215303002
HIT 3 790285975705 184 11044721571590647172
HIT 3 798875910297 186 3238297871385528760
HIT 3 1791013355673 417 11435784141294400894
HIT 3 1945632178329 453 598702209162279513
HIT 3 798875975833 186 13817819100063274751
HIT 3 803170943129 187 14610596881737780120
HIT 3 807465910425 188 10712974984336400451
HIT 3 811760877721 189 4171963252848987424
HIT 3 816055845017 190 16943482330573434034
HIT 3 820350812313 191 17489435552371551475
HIT 3 824645779609 192 18433496182442866550
HIT 3 828940746905 193 15656903417006079355
HIT 3 833235714201 194 15564455390155748953
HIT 3 837530681497 195 13371755595972165458
HIT 3 841825648793 196 4264079127332332547
HIT 3 846120616089 197 5375317603786927449
HIT 3 850415583385 198 3885617709730038527
HIT 3 854710550681 199 17948983468813217926
HIT 3 859005517977 200 2970714544257536133
HIT 3 863300485273 201 14803798423729084110
HIT 3 867595452569 202 5086609718588032259
HIT 3 871890419865 203 9535912071865853368
HIT 3 876185387161 204 14590396852846078898
HIT 3 880480354457 205 1237595483134406697
HIT 3 884775321753 206 7815847867019458314
HIT 3 889070289049 207 8671662625903319489
HIT 3 893365256345 208 16981771054711286223
HIT 3 897660223641 209 18119047539003059048
HIT 3 901955190937 210 5577287910202549084
HIT 3 906250158233 211 1480286898052207748
HIT 3 910545125529 212 10734277267946602966
HIT 3 914840092825 213 12531573370398273019
HIT 3 919135060121 214 7181794935785452283
HIT 3 923430027417 215 18350952347731041430
HIT 3 927724994713 216 5690050322073089858
HIT 3 932019962009 217 17976543207848208343
HIT 3 936314929305 218 4863054496582266601
HIT 3 940609896601 219 3076201772855802471
HIT 3 944904863897 220 13833655504683973159
HIT 3 949199831193 221 16359663163564814387
HIT 3 953494798489 222 14596469925573147097
HIT 3 957789765785 223 5244228056266326868
HIT 3 962084733081 224 9017710681064346473
HIT 3 966379700377 225 4688334535142396661
HIT 3 970674667673 226 7716372658135396959
HIT 3 974969634969 227 17987721147009184686
HIT 3 979264602265 228 12611709489024650767
HIT 3 983559569561 229 12852484706737765543
HIT 3 987854536857 230 7127521449057892873
HIT 3 992149504153 231 6338344185079905560
HIT 3 996444471449 232 11411118199587839164
HIT 3 1000739438745 233 17767514345861680770
HIT 3 1005034406041 234 7330194207016170164
HIT 3 1009329373337 235 12055503098242143738
HIT 3 1013624340633 236 16265373629591166511
HIT 3 1017919307929 237 14720930577329453680
HIT 3 1022214275225 238 12631910612754796063
HIT 3 1026509242521 239 12277309175309307996
HIT 3 1030804209817 240 2800623991432659120
HIT 3 1035099177113 241 16211037305911556418
HIT 3 1039394144409 242 7182824970389820382
HIT 3 1043689111705 243 1880395764816918645
HIT 3 1047984079001 244 2912059197748231051
HIT 3 1052279046297 245 5078311266351635285
HIT 3 1056574013593 246 9398293641811175147
HIT 3 1060868980889 247 15401247480887170280
HIT 3 1065163948185 248 8969347628083853776
HIT 3 1069458915481 249 6526346945089555471
HIT 3 1073753882777 250 7395270057380699834
HIT 3 1078048850073 251 15735123192619531080
HIT 3 1082343817369 252 7656490251488047637
HIT 3 1086638784665 253 11919160121342504363
HIT 3 1090933751961 254 12395808627346767856
HIT 3 1095228719257 255 1218995740577523298
HIT 3 1099523686553 256 15721416284738163128
HIT 3 1103818653849 257 452138364044833928
HIT 3 1108113621145 258 12953374631898790340
HIT 3 1112408588441 259 13739489935036372887
HIT 3 1116703555737 260 8231207198386930445
HIT 3 1120998523033 261 9924444043195423106
HIT 3 1125293490329 262 6624909932922426581
HIT 3 1129588457625 263 15548057164869724023
HIT 3 1133883424921 264 5461336284670269989
HIT 3 1138178392217 265 3022588828157625213
HIT 3 1142473359513 266 10139942658925187375
HIT 3 1146768326809 267 5695573488103337016
HIT 3 1151063294105 268 1411325768146329350
HIT 3 1155358261401 269 9413431952916526230
HIT 3 1159653228697 270 8783194048880513276
HIT 3 1163948195993 271 660091401314400557
HIT 3 1168243163289 272 10494836561304778379
HIT 3 1172538130585 273 8326934310655034348
HIT 3 1176833097881 274 877445227653235570
HIT 3 1181128065177 275 17714097396716564790
HIT 3 1185423032473 276 14874300550211750712
HIT 3 1189717999769 277 10083748641323599842
HIT 3 1194012967065 278 9111850308695410770
HIT 3 1198307934361 279 2760486827402128667
HIT 3 1202602901657 280 9808064838164481775
HIT 3 1206897868953 281 15621561513170777421
HIT 3 1211192836249 282 2701556376503236402
HIT 3 1215487803545 283 13083743534037429539
HIT 3 1219782770841 284 9686042606292507525
HIT 3 1224077738137 285 15888238501249229294
HIT 3 1228372705433 286 10937084804443073675
HIT 3 1232667672729 287 2546499923217552405
HIT 3 1236962640025 288 11074475574189460151
HIT 3 1241257607321 289 3587441086910957651
HIT 3 1245552574617 290 3931784480828927190
HIT 3 1249847541913 291 11098891058672238448
HIT 3 1254142509209 292 2538443425445318451
HIT 3 1258437476505 293 16738640551829681675
HIT 3 1262732443801 294 9290238353667827017
HIT 3 1267027411097 295 902161449121660018
HIT 3 1271322378393 296 241626805337663106
HIT 3 1275617345689 297 6825727057706029916
HIT 3 1279912312985 298 16139573408877195103
HIT 3 1284207280281 299 1012276942683891213
HIT 3 1288502247577 300 7799358257120718263
HIT 3 1292797214873 301 15621853345909513744
HIT 3 1297092182169 302 11165263512791288486
HIT 3 1301387149465 303 2368832789589646677
HIT 3 1305682116761 304 16941741420801578723
HIT 3 1309977084057 305 1366785128467177210
HIT 3 1314272051353 306 2039736772764041868
HIT 3 1318567018649 307 16037874532981207980
HIT 3 1322861985945 308 8923640830518973140
HIT 3 1327156953241 309 15001529594985646181
HIT 3 1331451920537 310 8363356764797961693
HIT 3 1335746887833 311 15957585795237153432
HIT 3 1340041855129 312 15436743925530797112
HIT 3 1344336822425 313 3593779696657440615
HIT 3 1348631789721 314 1868803922901591036
HIT 3 1352926757017 315 15293224964468033866
HIT 3 1357221724313 316 18036434134102007491
HIT 3 1361516691609 317 5399634550523277715
HIT 3 1365811658905 318 839450064836685168
HIT 3 1370106626201 319 17045691998473993357
HIT 3 1374401593497 320 4509042967436128536
HIT 3 1378696560793 321 7240289194878159184
HIT 3 1382991528089 322 7855176802633478827
HIT 3 1387286495385 323 17614159465378913833
HIT 3 1391581462681 324 13144292963875350836
HIT 3 1395876429977 325 4869716683671114448
HIT 3 1400171397273 326 4543635485709452687
HIT 3 1404466364569 327 18007013178671743661
HIT 3 1408761331865 328 1859404362128726838
HIT 3 1413056299161 329 9554647715214046490
HIT 3 1417351266457 330 2471548669147796139
HIT 3 1421646233753 331 11173835134436056888
HIT 3 1425941201049 332 4397481503639360453
HIT 3 1430236168345 333 2317754114205066973
HIT 3 1434531135641 334 4611665036397137248
HIT 3 1438826102937 335 8748534815219339040
HIT 3 1443121070233 336 423770962844752453
HIT 3 1447416037529 337 8308820336402898349
HIT 3 1451711004825 338 15315239321306406315
HIT 3 1456005972121 339 16399692971752531400
HIT 3 1460300939417 340 12996072729628823565
HIT 3 1464595906713 341 16974849126733585606
HIT 3 1468890874009 342 13801541429009895087
HIT 3 1473185841305 343 6307454395189355601
HIT 3 1477480808601 344 16769981617510935765
HIT 3 1481775775897 345 15688377719853628682
HIT 3 1486070743193 346 10167658962763738843
HIT 3 1490365710489 347 5708005132989391291
HIT 3 1494660677785 348 13977568956643733340
HIT 3 1498955645081 349 17488778158999476456
HIT 3 1503250612377 350 2857771960196292160
HIT 3 1507545579673 351 10367571592694297710
HIT 3 1511840546969 352 6953847133863801209
HIT 3 1516135514265 353 5620542421625577827
HIT 3 1520430481561 354 3663912180640294462
HIT 3 1524725448857 355 18029342647641681873
HIT 3 1529020416153 356 13400061206520738195
HIT 3 1533315383449 357 15084329497219876182
HIT 3 1537610350745 358 10742437997450758369
HIT 3 1541905318041 359 18049599254185636669
HIT 3 1546200285337 360 2026190580561941735
HIT 3 1550495252633 361 10508012626691366141
HIT 3 1554790219929 362 7147121307705166347
HIT 3 1559085187225 363 14842017663476581102
HIT 3 1563380154521 364 17688559341436417635
HIT 3 1567675121817 365 3722543770469522166
HIT 3 1571970089113 366 9183128827679190266
HIT 3 1576265056409 367 12339327552887837467
HIT 3 1580560023705 368 18305324437555809371
HIT 3 1584854991001 369 12121526395646749320
HIT 3 1589149958297 370 119039001364776311
HIT 3 1593444925593 371 16013623609802409284
HIT 3 1597739892889 372 10661338517055239220
HIT 3 1602034860185 373 7507672220451556804
HIT 3 1606329827481 374 3529975604699928111
HIT 3 1610624794777 375 17419100379318903193
HIT 3 1614919762073 376 8594704265348133734
HIT 3 1619214729369 377 8427715872813866362
HIT 3 1623509696665 378 7496251387031625370
HIT 3 1627804663961 379 1004162990177047272
HIT 3 1632099631257 380 13862913462282031696
HIT 3 1636394598553 381 11215286864047724677
HIT 3 1640689565849 382 1689252215809595625
HIT 3 1644984533145 383 15183003471893504436
HIT 3 1649279500441 384 6887005511639146558
HIT 3 1653574467737 385 3122171588993079230
HIT 3 1657869435033 386 11714820189116549560
HIT 3 1662164402329 387 4073366580262686596
HIT 3 1666459369625 388 10470689301178719123
HIT 3 1670754336921 389 15379830571538003458
HIT 3 1675049304217 390 1039177985715801995
HIT 3 1679344271513 391 11370797519612740400
HIT 3 1683639238809 392 1215548597254230390
HIT 3 1687934206105 393 2318457600368636558
HIT 3 1692229173401 394 12935959109661919261
HIT 3 1696524140697 395 1151502281818868958
HIT 3 1700819107993 396 11095939352426145431
HIT 3 1705114075289 397 3638765330902600939
HIT 3 1709409042585 398 2676177854456710381
HIT 3 1713704009881 399 13339492104310357529
HIT 3 1717998977177 400 2920228292710956714
HIT 3 1722293944473 401 6294789986943839920
HIT 3 1726588911769 402 14474332720525769989
HIT 3 1730883879065 403 15561209326056147203
HIT 3 1735178846361 404 8123274535910718827
HIT 3 1739473813657 405 17900767176826401542
HIT 3 1743768780953 406 6099523133841965758
HIT 3 1748063748249 407 13261838604058392774
HIT 3 1752358715545 408 14521660710984865686
HIT 3 1756653682841 409 18360111916889151036
HIT 3 1760948650137 410 8073785276343531398
HIT 3 1765243617433 411 12819311812466625306
HIT 3 1769538584729 412 17760462962056962634
HIT 3 1773833552025 413 8795684789677867031
HIT 3 1778128519321 414 12298391049158661723
HIT 3 1782423486617 415 7146738653832095238
HIT 3 1786718453913 416 8010586390843435932
HIT 3 1791013421209 417 15919880316994606278
HIT 3 1795308388505 418 5062021242979911304
HIT 3 1799603355801 419 6481256783116347539
HIT 3 1803898323097 420 2943329305993218700
HIT 3 1808193290393 421 3939116415491858702
HIT 3 1812488257689 422 276023537182631707
HIT 3 1816783224985 423 16310315577994268847
HIT 3 1821078192281 424 15090387514907995344
HIT 3 1825373159577 425 12915914487832153137
HIT 3 1829668126873 426 173733756361050038
HIT 3 1833963094169 427 12471764928286197907
HIT 3 1838258061465 428 8044788286096575476
HIT 3 1842553028761 429 9037160855717339510
HIT 3 1846847996057 430 12357099048407620427
HIT 3 1851142963353 431 2501374252509106534
HIT 3 1855437930649 432 516600250480648518
HIT 3 1859732897945 433 12120138991111560595
HIT 3 1864027865241 434 7893930963620336411
HIT 3 1868322832537 435 12012388865211750005
HIT 3 1872617799833 436 9126087647462398455
HIT 3 1876912767129 437 11748381863916749666
HIT 3 1881207734425 438 10699903977739279601
HIT 3 1885502701721 439 6532234753730584728
HIT 3 1889797669017 440 8120147290071617982
HIT 3 1894092636313 441 1065753741079181767
HIT 3 1898387603609 442 7507216106717435740
HIT 3 1902682570905 443 11945500258887063765
HIT 3 1906977538201 444 6613217283783930016
HIT 3 1911272505497 445 3724131808803525298
HIT 3 1915567472793 446 9092145228122810515
HIT 3 1919862440089 447 16751838082149029734
HIT 3 1924157407385 448 3361059143431643568
HIT 3 1928452374681 449 3596578300938975512
HIT 3 1932747341977 450 14083232904545621953
HIT 3 1937042309273 451 15825777049420406527
HIT 3 1941337276569 452 14262617098147253850
HIT 3 1945632243865 453 7731491886191755937
HIT 3 1949927211161 454 12144823124526074987
HIT 3 1954222178457 455 8453912639915865541
HIT 3 1958517145753 456 18237767219774122208
HIT 3 1962812113049 457 12972686895579595594
HIT 3 1967107080345 458 5716081119702027248
HIT 3 1971402047641 459 17622443254094659276
HIT 3 1975697014937 460 16608436184966211823
HIT 3 1979991982233 461 3663713327982806630
HIT 3 1984286949529 462 14754329484372852569
HIT 3 1988581916825 463 16603434855828405078
HIT 3 1992876884121 464 6375475449522867848
HIT 3 1997171851417 465 10925023097118138962
HIT 3 2001466818713 466 1414489122328127594
HIT 3 2005761786009 467 12836892088904658609
HIT 3 2010056753305 468 5782105501083695745
HIT 3 2014351720601 469 6977767981391265472
HIT 3 2018646687897 470 9485805109854840763
HIT 3 2022941655193 471 3989051751580585509
HIT 3 2027236622489 472 11398082615167918272
HIT 3 2031531589785 473 3051845713178319406
HIT 3 2035826557081 474 2863681616935038005
HIT 3 2040121524377 475 6973012960502150283
HIT 3 2044416491673 476 13586005083785609994
HIT 3 2048711458969 477 132678181265996855
HIT 3 2053006426265 478 11782240404707048141
HIT 3 2057301393561 479 6949853612233810507
HIT 3 2061596360857 480 11054513311413853321
HIT 3 2065891328153 481 10727294832890196886
HIT 3 2070186295449 482 1225965251527287795
HIT 3 2074481262745 483 18396580895187797343
HIT 3 2078776230041 484 11971746644193996186
HIT 3 2083071197337 485 5543358220832056887
HIT 3 2087366164633 486 8710288742423176112
HIT 3 2091661131929 487 8593654319381634290
HIT 3 2095956099225 488 9113872661711844484
HIT 3 2100251066521 489 12911655684065741409
HIT 3 2104546033817 490 18034522572289763318
HIT 3 2108841001113 491 16529520311678017996
HIT 3 2113135968409 492 5205271546209062772
HIT 3 2117430935705 493 15316344273133863273
HIT 3 2121725903001 494 6897032955372449563
HIT 3 2126020870297 495 5029411313906719928
HIT 3 2130315837593 496 11670487476015609105
HIT 3 2134610804889 497 11364376836889386927
HIT 3 2138905772185 498 6371139074951088806
HIT 3 2143200739481 499 16873586236571031636
HIT 3 2147495706777 500 15183193740908052086
HIT 3 2151790674073 501 9711825618162205845
HIT 3 2156085641369 502 15778151317204689780
HIT 3 2160380608665 503 11327754706456710257
HIT 3 2164675575961 504 2158554581597731499
HIT 3 2168970543257 505 17211382352398984551
HIT 3 2173265510553 506 6817850699017465789
HIT 3 2177560477849 507 212530876028312417
HIT 3 2181855445145 508 10558528354619826448
HIT 3 2186150412441 509 16280131828842152602
HIT 3 2190445379737 510 9161401038642182615
HIT 3 2194740347033 511 17091230558932441021
HIT 3 798876041369 186 2102179214215859935
HIT 3 803171008665 187 4171963252848987424
HIT 3 807465975961 188 13817819100063274751
HIT 3 1782423552153 415 11397397834374997960
HIT 3 1786718519449 416 3991708998945332144
HIT 3 1791013486745 417 2601361378534625503
HIT 3 1799603421337 419 7028538829433600799
HIT 3 1937042374809 451 17114597702767026391
HIT 3 1941337342105 452 198777904844974899
HIT 3 1945632309401 453 5515812136119199275
HIT 3 1954222243993 455 1307721135743389581
HIT 3 1782423617689 415 1902967426959852956
HIT 3 1786718584985 416 7462861295763095829
HIT 3 1791013552281 417 5335780218195603901
HIT 3 1799603486873 419 11430812435468113365
HIT 3 1937042440345 451 6416823864154777961
HIT 3 1941337407641 452 13549640081465450852
HIT 3 1945632374937 453 15660508287734603216
HIT 3 1954222309529 455 8463554286636493633
HIT 3 807466107033 188 2607744660292120633
HIT 3 1791013617817 417 15081267448536767408
HIT 3 1945632440473 453 17921748988193025023
HIT 3 1791013683353 417 9188564460294126768
HIT 3 1945632506009 453 755617870480211986
HIT 3 1791013748889 417 5956141607919307810
HIT 3 1945632571545 453 3492272993573619403
HIT 3 1945647513750 453 12946949787678454859
HIT 3 1791013814425 417 13736523163083694599
HIT 3 1945632637081 453 15502939864457004763
HIT 3 1791013879961 417 134781544244485786
HIT 3 1945632702617 453 14984303791631908853
HIT 3 1791013945497 417 8126380233372585285
HIT 3 1945632768153 453 1592292617756260561
HIT 3 1791014011033 417 17598246387662965916
HIT 3 1945632833689 453 11732060363604317396
HIT 3 1791014076569 417 13696967930261552585
HIT 3 1945632899225 453 7833311601102228300
HIT 3 1791014142105 417 5976723760833267601
HIT 3 1945632964761 453 450753091111127217
HIT 3 1791014207641 417 615005995708012423
HIT 3 1945633030297 453 5545792522889356451
HIT 3 1791014273177 417 9359209711521869838
HIT 3 1945633095833 453 2180487232212134908
HIT 3 1791014338713 417 13759369183440349516
HIT 3 1945633161369 453 4831468773833788170
HIT 3 1791014404249 417 14758634300557230849
HIT 3 1945633226905 453 6507224506190494207
HIT 3 1791014469785 417 13554968657164413331
HIT 3 1945633292441 453 16121456667689511586
HIT 3 1791014535321 417 4000826785085453392
HIT 3 1945633357977 453 17944351981773945073
HIT 3 1791014600857 417 4530967619117713910
HIT 3 1945633423513 453 4994601023579474526
HIT 3 1791014666393 417 445924585669494900
HIT 3 1945633489049 453 3494936211355526779
HIT 3 1791014731929 417 2922080906514200831
HIT 3 1945633554585 453 5338653170222509161
HIT 3 1791014797465 417 6967074145126125234
HIT 3 1945633620121 453 13731060025709014917
HIT 3 1791014863001 417 7216141510726591916
HIT 3 1945633685657 453 13432549988374101571
HIT 3 1791014928537 417 3671133354693834602
HIT 3 1945633751193 453 11835013181972551195
HIT 3 1791014994073 417 2095051706592214043
HIT 3 1945633816729 453 6634263972839546540
HIT 3 1791015059609 417 15468489313314111777
HIT 3 1945633882265 453 3261054680186660264
HIT 3 790284271770 184 3815919162635571891
HIT 3 1791011651738 417 1695882859112849622
HIT 3 1945630474394 453 4037491013666206802
HIT 3 691500089498 161 10092517633137481160
HIT 3 790284337306 184 14479389214885881116
HIT 3 1791011717274 417 7033904318423355854
HIT 3 1945630539930 453 4434178939953926059
HIT 3 781694468250 182 12763161379289345936
HIT 3 790284402842 184 14362727766216105886
HIT 3 794579370138 185 9409399065699885933
HIT 3 798874337434 186 12384450716278035904
HIT 3 1782421848218 415 2806787613548765428
HIT 3 1786716815514 416 3430263095765858534
HIT 3 1791011782810 417 14726942401983656376
HIT 3 1799601717402 419 3894572665107835161
HIT 3 1937040670874 451 5329936555522342743
HIT 3 1941335638170 452 6838882247188189385
HIT 3 1945630605466 453 14377909593031400862
HIT 3 1954220540058 455 16958045896411522922
HIT 3 790284533914 184 16757406861262365432
HIT 3 1791011913882 417 8500098462464073940
HIT 3 1945630736538 453 1434284720621341994
HIT 3 1945647382679 453 6539234248805722128
HIT 3 1799618560151 419 13744371447807350981
HIT 3 1945647448215 453 6419301653232968605
HIT 3 1937057579159 451 18429134676689391507
HIT 3 1941352546455 452 3084268280516240723
HIT 3 1945647513751 453 6134228185120164690
HIT 3 1954237448343 455 13444334598108954231
HIT 3 1945647644823 453 12421322890463681306
HIT 3 1791015125145 417 410503303621666370
HIT 3 1945633947801 453 7333673049771329757
HIT 3 1791015190681 417 4181312468248128447
HIT 3 1945634013337 453 3210581370373484357
HIT 3 1791015256217 417 10920169385750208917
HIT 3 1945634078873 453 2696582705096814057
HIT 3 1791015321753 417 5742753500414824542
HIT 3 1945634144409 453 4069488049470225715
HIT 3 1791015387289 417 5832744596040201102
HIT 3 1945634209945 453 13855264340605864110
HIT 3 1791015452825 417 18014625896501489880
HIT 3 1945634275481 453 17085414382528981561
HIT 3 1791015518361 417 10006145662965513439
HIT 3 1945634341017 453 16029320086496080132
HIT 3 1791015583897 417 3163785095952054907
HIT 3 1945634406553 453 5890596934751048412
HIT 3 1791015649433 417 1043165338939840989
HIT 3 1945634472089 453 5165874169669382247
HIT 3 1791015714969 417 4526231175462970789
HIT 3 1945634537625 453 2126291811025208221
HIT 3 1791015780505 417 1240973944071857391
HIT 3 1945634603161 453 18168417581619799059
HIT 3 1791015846041 417 14860995248576464770
HIT 3 1945634668697 453 8896027865821449905
HIT 3 1791015911577 417 6515802694659526566
HIT 3 1945634734233 453 44298540888133606
HIT 3 1791015977113 417 3470258344622928608
HIT 3 1945634799769 453 5328546239561483109
HIT 3 1791016042649 417 14123465954305917120
HIT 3 1945634865305 453 2831945945179404719
HIT 3 1791016108185 417 9387022095033382224
HIT 3 1945634930841 453 8827448214305967179
HIT 3 1791016173721 417 8712663139556626520
HIT 3 1945634996377 453 2576263551025710513
HIT 3 1954239742103 455 5561561652653842465
HIT 3 682910023835 159 10092517633137481160
HIT 3 790284206235 184 8356901764823202202
HIT 3 1791011586203 417 15825973588248594741
HIT 3 1945630408859 453 1020002304066897341
HIT 3 781694337179 182 12763161379289345936
HIT 3 790284271771 184 14362727766216105886
HIT 3 794579239067 185 9409399065699885933
HIT 3 798874206363 186 12384450716278035904
HIT 3 1782421717147 415 2806787613548765428
HIT 3 1786716684443 416 3430263095765858534
HIT 3 1791011651739 417 14726942401983656376
HIT 3 1799601586331 419 3894572665107835161
HIT 3 1937040539803 451 5329936555522342743
HIT 3 1941335507099 452 6838882247188189385
HIT 3 1945630474395 453 14377909593031400862
HIT 3 1954220408987 455 16958045896411522922
HIT 3 1791013290138 417 15574954923411880282
HIT 3 1791016239257 417 14171741843678002554
HIT 3 1945635061913 453 2690455951076592037
HIT 3 1791016304793 417 5617453540961651077
HIT 3 1945635127449 453 10201774656940716543
HIT 3 1791016370329 417 249501326165824625
HIT 3 1945635192985 453 8521807741982327844
HIT 3 1791016435865 417 12572744899417510466
HIT 3 1945635258521 453 9925601548548551798
HIT 3 1791016501401 417 15480327524283178052
HIT 3 1945635324057 453 16764120290198014489
HIT 3 1791016566937 417 3233026924886096287
HIT 3 1945635389593 453 7179500758259693978
HIT 3 1791016632473 417 7617606144395814731
HIT 3 1945635455129 453 16299583870457219489
HIT 3 1791016698009 417 16843043419063884195
HIT 3 1945635520665 453 1129801552815177840
HIT 3 1791016763545 417 15718362214355688116
HIT 3 1945635586201 453 11883860490573603931
HIT 3 1791016829081 417 10159694624055910556
HIT 3 1945635651737 453 4639713785997193535
HIT 3 1791016894617 417 14320127070997648036
HIT 3 1945635717273 453 14317599399340885577
HIT 3 1791016960153 417 17570156620089594756
HIT 3 1945635782809 453 16890784301795977467
HIT 3 1791017025689 417 8860804193659329803
HIT 3 1945635848345 453 17217053723710019487
HIT 3 1791017091225 417 5154523079353845105
HIT 3 1945635913881 453 14834130352341644533
HIT 3 1791017156761 417 7541801986661726872
HIT 3 1945635979417 453 16537317843575953935
HIT 3 1791017222297 417 14598646856335815841
HIT 3 1945636044953 453 1906235645298230623
HIT 3 1791017287833 417 8623711995518749880
HIT 3 1945636110489 453 14139450647212370142
HIT 3 1791017353369 417 15414710025001439780
HIT 3 1945636176025 453 10934047292838454252
HIT 3 1791017418905 417 2088964975715087790
HIT 3 1945636241561 453 4466199160122011666
HIT 3 1945632112794 453 4355350582256234296
HIT 3 790284402843 184 14579425643091418544
HIT 3 1791011782811 417 3626304139792888457
HIT 3 1945630605467 453 2848312672377170630
HIT 3 1782423486618 415 16956756016549068020
HIT 3 1786718453914 416 16301374676247501877
HIT 3 1791013421210 417 9937777329228872137
HIT 3 1799603355802 419 6758796441405574420
HIT 3 1937042309274 451 9438407511771117783
HIT 3 1941337276570 452 12793639630298258408
HIT 3 1945632243866 453 1046115274907001494
HIT 3 1954222178458 455 9791499283768532775
HIT 3 798876041370 186 8356901764823202202
HIT 3 1791013486746 417 15302334136618263888
HIT 3 1945632309402 453 14551231574869308672
HIT 3 1791013552282 417 5103914037193606738
HIT 3 1945632374938 453 16194253810649973649
HIT 3 1791013290139 417 2165738563479914393
HIT 3 1945632112795 453 14275325665697403982
HIT 3 1782423486619 415 13497270796837832664
HIT 3 1786718453915 416 14832392617019890067
HIT 3 1791013421211 417 7876393228036346133
HIT 3 1799603355803 419 15799474981586584692
HIT 3 1937042309275 451 1788211563917775578
HIT 3 1941337276571 452 3025497601700972673
HIT 3 1945632243867 453 136745536945135542
HIT 3 1954222178459 455 5404884252719550017
HIT 3 798876041371 186 3815919162635571891
HIT 3 1791013486747 417 1631210673442821184
HIT 3 1945632309403 453 16625341722322491618
HIT 3 1791013552283 417 3230400414571855703
HIT 3 1945632374939 453 9629777514448216648
HIT 3 1791017484441 417 17626269105599236840
HIT 3 1945636307097 453 4210551743627706936
HIT 3 1791017549977 417 6023670197688265269
HIT 3 1945636372633 453 7604125421447300065
HIT 3 1791017615513 417 3004325725444705742
HIT 3 1945636438169 453 2404692976907042382
HIT 3 1791017681049 417 18008639424989522687
HIT 3 1945636503705 453 3710936218630007340
HIT 3 1791017746585 417 6186103342428401908
HIT 3 1945636569241 453 6654354811692824934
HIT 3 1791017812121 417 6540825090201579092
HIT 3 1945636634777 453 16686591697470081782
HIT 3 1791017877657 417 15732421516309344006
HIT 3 1945636700313 453 9338841975992038881
HIT 3 1791017943193 417 9494806580560727295
HIT 3 1945636765849 453 16809778631618866779
HIT 3 1791018008729 417 15461739004629354360
HIT 3 1945636831385 453 4809434320931545921
HIT 3 1791018074265 417 3421807353040985033
HIT 3 1945636896921 453 2098171722127493847
HIT 3 1791018139801 417 9599840400759195603
HIT 3 1945636962457 453 7748822057326140395
HIT 3 1791018205337 417 15720681903832140387
HIT 3 1945637027993 453 6078419230780718743
HIT 3 1791018270873 417 12809247796829035909
HIT 3 1945637093529 453 1351219027163402470
HIT 3 1791018336409 417 7755623506605650552
HIT 3 1945637159065 453 7939310997843790859
HIT 3 1791018401945 417 2748009602387006899
HIT 3 1945637224601 453 18379706348393160163
HIT 3 1791018467481 417 7237624206660856832
HIT 3 1945637290137 453 5809347533654795362
HIT 3 1791018533017 417 18229215334811438634
HIT 3 1945637355673 453 13744936378708596970
HIT 3 1791018598553 417 17326124999743517222
HIT 3 1945637421209 453 3320826162859358064
HIT 3 1791018664089 417 18361193474112310922
HIT 3 1945637486745 453 17807685854561837862
HIT 3 1791018729625 417 12717812585091071814
HIT 3 1945637552281 453 8077002051970270389
HIT 3 1791018795161 417 2293305537569450935
HIT 3 1945637617817 453 14879808578554650301
HIT 3 1791018860697 417 3583539135066748923
HIT 3 1945637683353 453 226542553466009917
HIT 3 1791018926233 417 2338136170874388701
HIT 3 1945637748889 453 18039686553830771254
HIT 3 1791018991769 417 14765139300397945799
HIT 3 1945637814425 453 6420416767851987169
HIT 3 1791019057305 417 6460356821993857227
HIT 3 1945637879961 453 16577317664387077752
HIT 3 1791019122841 417 16574186489861717260
HIT 3 1945637945497 453 13997643212107427792
HIT 3 1791019188377 417 2007093680892163993
HIT 3 1945638011033 453 17756970247139678063
HIT 3 1791019253913 417 8966105295330134890
HIT 3 1945638076569 453 11642155905722566407
HIT 3 1791019319449 417 2370477062058147835
HIT 3 1945638142105 453 16619045206540416659
HIT 3 1791019384985 417 12848004644910307739
HIT 3 1945638207641 453 5511890400158217341
HIT 3 1791019450521 417 5411311007401410534
HIT 3 1945638273177 453 17032363596357093045
HIT 3 1791019516057 417 12161074213200677230
HIT 3 1945638338713 453 7722011965966153581
HIT 3 1791019581593 417 13437223796437135850
HIT 3 1945638404249 453 6690223020580133663
HIT 3 1791019647129 417 14356367799754021109
HIT 3 1945638469785 453 17572061641312957187
HIT 3 1791019712665 417 4539025644381175035
HIT 3 1945638535321 453 7895234988516870041
HIT 3 1791019778201 417 7294754641150295680
HIT 3 1945638600857 453 12091906554471398320
HIT 3 1791019843737 417 7531694270608949159
HIT 3 1945638666393 453 10536743191496426619
HIT 3 1791019909273 417 14784111835741951067
HIT 3 1945638731929 453 10484429526878900954
HIT 3 1791019974809 417 6309234514958026578
HIT 3 1945638797465 453 15493754179180994988
HIT 3 1791020040345 417 11135040732285017275
HIT 3 1945638863001 453 2724872004180608647
HIT 3 1791020105881 417 15897331530696937549
HIT 3 1945638928537 453 8318519957122870239
HIT 3 1791020171417 417 1461488938698756706
HIT 3 1945638994073 453 15523819633066969995
HIT 3 1791020236953 417 14672887851488384367
HIT 3 1945639059609 453 14526647880238757454
HIT 3 1791020302489 417 12696334009202460387
HIT 3 1945639125145 453 3057862989452545370
HIT 3 1791020368025 417 7968280888369685007
HIT 3 1945639190681 453 232825480340605271
HIT 3 1791020433561 417 7456892227202022859
HIT 3 1945639256217 453 13110337170692157413
HIT 3 1791020499097 417 11095142339749782959
HIT 3 1945639321753 453 17824064781736656838
HIT 3 1791020564633 417 7852312150379523556
HIT 3 1945639387289 453 10009050176275361853
HIT 3 1791020630169 417 10891438232948278228
HIT 3 1945639452825 453 613209598928941627
HIT 3 1791020695705 417 1559900750912123484
HIT 3 1945639518361 453 18269361945608944326
HIT 3 1791020761241 417 8909382007188539563
HIT 3 1945639583897 453 9588402351203322329
HIT 3 1791020826777 417 4635453615037521749
HIT 3 1945639649433 453 6907613566354917794
HIT 3 1791020892313 417 4580428783895275351
HIT 3 1945639714969 453 9384311639507386020
HIT 3 1791020957849 417 8517662706691304409
HIT 3 1945639780505 453 16971649601736164510
HIT 3 1791021023385 417 12076674289632885052
HIT 3 1945639846041 453 12854828380076932162
HIT 3 1791021088921 417 15311383547602461434
HIT 3 1945639911577 453 4023206549744733457
HIT 3 1791021154457 417 7180930002630355320
HIT 3 1945639977113 453 15485110755099107645
HIT 3 1791021219993 417 377264234677093741
HIT 3 1945640042649 453 2207138981918585013
HIT 3 1791021285529 417 12227009850072001502
HIT 3 1945640108185 453 9600445810278453133
HIT 3 1791021351065 417 13702222596001173310
HIT 3 1945640173721 453 1880190011743743908
HIT 3 1791021416601 417 7067836705862626964
HIT 3 1945640239257 453 3626970428842225367
HIT 3 1791021482137 417 14341696907866442979
HIT 3 1945640304793 453 8362539745090061308
HIT 3 1791021547673 417 14733248405498766678
HIT 3 1945640370329 453 10550536776258342673
HIT 3 1791021613209 417 15127543695781717416
HIT 3 1945640435865 453 13700671668373096388
HIT 3 1791021678745 417 13092168841445461921
HIT 3 1945640501401 453 14491709050289812044
HIT 3 1791021744281 417 7175605877855560396
HIT 3 1945640566937 453 5906436216772184478
HIT 3 1791021809817 417 10324647734616694507
HIT 3 1945640632473 453 12211212097622164308
HIT 3 1791021875353 417 3644498373204539931
HIT 3 1945640698009 453 2645132168481968248
HIT 3 1791021940889 417 4997761658652327967
HIT 3 1945640763545 453 8327160203254979258
HIT 3 1791022006425 417 5795516157906710923
HIT 3 1945640829081 453 9703484388560927382
HIT 3 1791022071961 417 3875661863561729871
HIT 3 1945640894617 453 10497495471690251752
HIT 3 1791022137497 417 12431771174806073189
HIT 3 1945640960153 453 2499263219267136400
HIT 3 1791022203033 417 2082582589640698267
HIT 3 1945641025689 453 17394215176528647076
HIT 3 1791022268569 417 10707967630363332691
HIT 3 1945641091225 453 15291066221749737754
HIT 3 1791022334105 417 17240098688996137023
HIT 3 1945641156761 453 5281299288594287625
HIT 3 1791022399641 417 254077946495602834
HIT 3 1945641222297 453 14240805444474942414
HIT 3 1791022465177 417 808710763912537559
HIT 3 1945641287833 453 13180080834318883962
HIT 3 1791022530713 417 3289494867226070725
HIT 3 1945641353369 453 11996692895782590886
HIT 3 1791022596249 417 2116347727792785908
HIT 3 1945641418905 453 246042452768627254
HIT 3 1791022661785 417 9132852816144936686
HIT 3 1945641484441 453 18427633964623261872
HIT 3 1791022727321 417 7349493287151281453
HIT 3 1945641549977 453 14800861806672597629
HIT 3 1791022792857 417 18019281810894625466
HIT 3 1945641615513 453 10831270052166347753
HIT 3 1791022858393 417 10551580587927925898
HIT 3 1945641681049 453 4952579335331325188
HIT 3 1791022923929 417 3668280949104297227
HIT 3 1945641746585 453 8773259275624477185
HIT 3 1791022989465 417 14131699888405729055
HIT 3 1945641812121 453 16364055279500144112
HIT 3 1791023055001 417 5251462899592601371
HIT 3 1945641877657 453 4042552227703658619
HIT 3 1791023120537 417 1388349606666205546
HIT 3 1945641943193 453 101537383408610016
HIT 3 1791023186073 417 8875965040399518558
HIT 3 1945642008729 453 13139347259908877825
HIT 3 1791023251609 417 4355973189544677465
HIT 3 1945642074265 453 4271136571453335156
HIT 3 1791023317145 417 11455784339898125468
HIT 3 1945642139801 453 5700010119349085272
HIT 3 1791023382681 417 12759286894233005643
HIT 3 1945642205337 453 13359542176070291958
HIT 3 1791023448217 417 12520161878067174476
HIT 3 1945642270873 453 11817272640268350314
HIT 3 1791023513753 417 17708109705182516994
HIT 3 1945642336409 453 4571084036122725447
HIT 3 1791023579289 417 3524103149610429011
HIT 3 1945642401945 453 3068840320209772177
HIT 3 1791023644825 417 11701083306142147969
HIT 3 1945642467481 453 11540825786647151252
HIT 3 1791023710361 417 14293570085468665115
HIT 3 1945642533017 453 5891397324281828624
HIT 3 1791023775897 417 17926301680378461368
HIT 3 1945642598553 453 8668289144683401709
HIT 3 1791023841433 417 2665758659930853499
HIT 3 1945642664089 453 16259736806998141353
HIT 3 1791023906969 417 14588970040383357796
HIT 3 1945642729625 453 14373975830831483888
HIT 3 1791023972505 417 6123400551050551868
HIT 3 1945642795161 453 16553532825941202375
HIT 3 1791024038041 417 10371172926987293852
HIT 3 1945642860697 453 13569590276042027138
HIT 3 1791024103577 417 6639213273026541235
HIT 3 1945642926233 453 5859199152349168358
HIT 3 1791024169113 417 12893419423370214255
HIT 3 1945642991769 453 16958328985788598289
HIT 3 1791024234649 417 2245866263244467719
HIT 3 1945643057305 453 12930629977822826823
HIT 3 1791024300185 417 15128772692952815110
HIT 3 1945643122841 453 7185151222568095218
HIT 3 1791024365721 417 156211192443911780
HIT 3 1945643188377 453 7282861421534079829
HIT 3 1791024431257 417 14769819318762253418
HIT 3 1945643253913 453 18319968454725161036
HIT 3 1791024496793 417 2437088486835566386
HIT 3 1945643319449 453 14640223705402904167
HIT 3 1791024562329 417 9051072829526444569
HIT 3 1945643384985 453 1489257465078358762
HIT 3 1791024627865 417 7235554415163734567
HIT 3 1945643450521 453 2419519961650150185
HIT 3 1791024693401 417 9740251433360642495
HIT 3 1945643516057 453 4753406290674344921
HIT 3 1791024758937 417 4686266153542474814
HIT 3 1945643581593 453 3868649124952367554
HIT 3 1791024824473 417 12690151095276631893
HIT 3 1945643647129 453 9981717242304043930
HIT 3 1791024890009 417 16635108273298810916
HIT 3 1945643712665 453 10148150796268809859
HIT 3 1791024955545 417 9460001871915808453
HIT 3 1945643778201 453 4285924508714941036
HIT 3 1791025021081 417 1722513709972546445
HIT 3 1945643843737 453 7743042857873109452
HIT 3 1791025086617 417 16384144145339452512
HIT 3 1945643909273 453 7887231249068904940
HIT 3 1791025152153 417 6645931864360128917
HIT 3 1945643974809 453 6694509424894945789
HIT 3 1791025217689 417 7172470245010547482
HIT 3 1945644040345 453 13617709431807985955
HIT 3 1945647382680 453 15590358950822004296
HIT 3 1799618560152 419 12766805165334545885
HIT 3 1945647448216 453 17545497902652552587
HIT 3 1937057579160 451 4275213447352704015
HIT 3 1941352546456 452 10394479544357236187
HIT 3 1945647513752 453 5437762338805391123
HIT 3 1954237448344 455 12529107313049271861
HIT 3 1945647644824 453 7301325975791162507
HIT 3 1954239742104 455 5577226409761714253
HIT 3 1791025283225 417 8094776323750068689
HIT 3 1945644105881 453 10536096629390838879
HIT 3 1791025348761 417 8060962161413693036
HIT 3 1945644171417 453 3224404760428949613
HIT 3 1791025414297 417 7278316923260026477
HIT 3 1945644236953 453 6862425858775705937
HIT 3 1791025479833 417 13488139838749139673
HIT 3 1945644302489 453 53351403646626723
HIT 3 1791025545369 417 12017008792476642987
HIT 3 1945644368025 453 3831829506700010731
HIT 3 1791025610905 417 10797179137677944992
HIT 3 1945644433561 453 7012922509662779413
HIT 3 1791025676441 417 4993317309328432855
HIT 3 1945644499097 453 9519605420055396237
HIT 3 1791025741977 417 5727003253966335895
HIT 3 1945644564633 453 11787453932566971078
HIT 3 1791025807513 417 16473697931378705470
HIT 3 1945644630169 453 16226368692848225435
HIT 3 1791025873049 417 98333380398173869
HIT 3 1945644695705 453 2257658904803340277
HIT 3 1791025938585 417 10790457259787622841
HIT 3 1945644761241 453 18083446267757128603
HIT 3 1791026004121 417 6746095949059161773
HIT 3 1945644826777 453 9224237015675055430
HIT 3 1791026069657 417 3881750961340691715
HIT 3 1945644892313 453 16916938567859345180
HIT 3 1791026135193 417 14303010137375283895
HIT 3 1945644957849 453 8817472676358385265
HIT 3 1791026200729 417 2932935191833819761
HIT 3 1945645023385 453 13324912713493659692
HIT 3 1791026266265 417 16003234843658062254
HIT 3 1945645088921 453 10934176862479602873
HIT 3 1791026331801 417 3834204241531556969
HIT 3 1945645154457 453 1033071161032112097
HIT 3 1791026397337 417 9920645588315848249
HIT 3 1945645219993 453 18284724415023818288
HIT 3 1791026462873 417 16037981613327088153
HIT 3 1945645285529 453 13446082470138428303
HIT 3 1791026528409 417 7407848673925438127
HIT 3 1945645351065 453 9234542942289220344
HIT 3 1791026593945 417 1503448881675860444
HIT 3 1945645416601 453 18262301248837612124
HIT 3 1791026659481 417 213985072055071222
HIT 3 1945645482137 453 17889597712230899306
HIT 3 1791026725017 417 18203664157513877438
HIT 3 1945645547673 453 10935949933178118917
HIT 3 1791026790553 417 11586474831079722862
HIT 3 1945645613209 453 3477869450492111928
HIT 3 1791026856089 417 17196579925381721441
HIT 3 1945645678745 453 408529697888775189
HIT 3 1791026921625 417 15562537332478306723
HIT 3 1945645744281 453 607355832592542835
HIT 3 1791026987161 417 14904654781974337241
HIT 3 1945645809817 453 14077190031201580167
HIT 3 1791027052697 417 17488195266949014567
HIT 3 1945645875353 453 2599001461530747474
HIT 3 1791027118233 417 11562323721277983105
HIT 3 1945645940889 453 6452920351000359329
HIT 3 1791027183769 417 7764902242182400961
HIT 3 1945646006425 453 10610507228461541520
HIT 3 1791027249305 417 16966375732915497007
HIT 3 1945646071961 453 14192754081239676823
HIT 3 1791027314841 417 3780818883255796738
HIT 3 1945646137497 453 1836208394942105925
HIT 3 1791027380377 417 5302845164210971860
HIT 3 1945646203033 453 15222216010139248922
HIT 3 691500089500 161 16036812404780155857
HIT 3 790284337308 184 1099481550406635206
HIT 3 1791011717276 417 13260287399293975113
HIT 3 1945630539932 453 14640306427213398524
HIT 3 781694468252 182 3469038474072303995
HIT 3 790284402844 184 15530323807601625464
HIT 3 794579370140 185 5225287088475492441
HIT 3 798874337436 186 12255571777154575456
HIT 3 1782421848220 415 10474203514405638432
HIT 3 1786716815516 416 9999845923094982421
HIT 3 1791011782812 417 4552592580400090075
HIT 3 1799601717404 419 583203609928477633
HIT 3 1937040670876 451 971191203835725343
HIT 3 1941335638172 452 2220140836318965069
HIT 3 1945630605468 453 2640311622366468876
HIT 3 1954220540060 455 2723602861378657631
HIT 3 790284533916 184 3171875338007913418
HIT 3 1791011913884 417 17442904203811664979
HIT 3 1945630736540 453 2179918551516210572
HIT 3 1791027445913 417 1504798891589463014
HIT 3 1945646268569 453 14689914025387632708
HIT 3 1791027511449 417 903452837791411094
HIT 3 1945646334105 453 16120557579664260164
HIT 3 1791027576985 417 15796001684646409723
HIT 3 1945646399641 453 7549454098100240285
HIT 3 1791027642521 417 3999518334404911689
HIT 3 1945646465177 453 10946415905128869673
HIT 3 1791027708057 417 16874690624251628888
HIT 3 1945646530713 453 1949181020527393537
HIT 3 1791027773593 417 2320412657807185485
HIT 3 1945646596249 453 4296140636949674247
HIT 3 1791027839129 417 1675747811271073644
HIT 3 1945646661785 453 9102089391500980168
HIT 3 1791027904665 417 322422308642704768
HIT 3 1945646727321 453 16542167723781984938
HIT 3 1791027970201 417 11042815648576543693
HIT 3 1945646792857 453 3129305323676613320
HIT 3 1791028035737 417 10109134083013152061
HIT 3 1945646858393 453 8193081441554782243
HIT 3 1791028101273 417 9350319814344960458
HIT 3 1945646923929 453 6357201620396296025
HIT 3 1791028166809 417 11601527338187874098
HIT 3 1945646989465 453 8617623651485893191
HIT 3 1791028232345 417 8097880495012343359
HIT 3 1945647055001 453 16674249069921986041
HIT 3 1791028297881 417 5274645099695036232
HIT 3 1945647120537 453 17887434387294451806
HIT 3 1791028363417 417 14567331567935161550
HIT 3 1945647186073 453 178445526103865216
HIT 3 1782438494361 415 14567331567935161550
HIT 3 1791028428953 417 7385482276603194546
HIT 3 1945647251609 453 10687704107833673543
HIT 3 1791028494489 417 3977064871095483397
HIT 3 1799618429081 419 1702268738367371176
HIT 3 1945647317145 453 637702576029234776
HIT 3 1791028560025 417 1702268738367371176
HIT 3 1937057448089 451 13179298711349926583
HIT 3 1941352415385 452 14612425466024351514
HIT 3 1945647382681 453 5114837203382622111
HIT 3 1954237317273 455 4373131480356089992
HIT 3 1795323592857 418 798327244133895520
HIT 3 1799618560153 419 3644816368135229908
HIT 3 1808208494745 421 5964294298751349291
HIT 3 1937057513625 451 3863701477087444157
HIT 3 1941352480921 452 15392513290266886602
HIT 3 1945647448217 453 17190490203328099083
HIT 3 1954237382809 455 3620576857650031983
HIT 3 1795323658393 418 7486901958364861923
HIT 3 1799618625689 419 5964294298751349291
HIT 3 1803913592985 420 798327244133895520
HIT 3 1808208560281 421 869660241854418192
HIT 3 1812503527577 422 2862847036191879668
HIT 3 1816798494873 423 16780467305757229579
HIT 3 1821093462169 424 4089696473840606261
HIT 3 1825388429465 425 16109864576727011565
HIT 3 1829683396761 426 12118893612146611753
HIT 3 1833978364057 427 2057802984715764501
HIT 3 1838273331353 428 4403899148421930829
HIT 3 1842568298649 429 10414708316064751529
HIT 3 1846863265945 430 8087688842685922424
HIT 3 1851158233241 431 18373309021921947307
HIT 3 1855453200537 432 2036827714112636706
HIT 3 1859748167833 433 9063653134053738459
HIT 3 1864043135129 434 13658484471379875576
HIT 3 1868338102425 435 8816193802802964224
HIT 3 1872633069721 436 17941117421222098701
HIT 3 1876928037017 437 1270257700353761733
HIT 3 1881223004313 438 10187814971877890817
HIT 3 1885517971609 439 2048738027543578152
HIT 3 1889812938905 440 9267744492867295365
HIT 3 1894107906201 441 16490658018279438398
HIT 3 1898402873497 442 14400809328394814494
HIT 3 1902697840793 443 13852311691051328169
HIT 3 1906992808089 444 612654570901291910
HIT 3 1911287775385 445 17906842691378330814
HIT 3 1915582742681 446 3921677080066386892
HIT 3 1919877709977 447 18044378228433903007
HIT 3 1924172677273 448 18414015246877771470
HIT 3 1928467644569 449 3791393374454564587
HIT 3 1932762611865 450 97859898758415246
HIT 3 1937057579161 451 7465705157816062316
HIT 3 1941352546457 452 8596929779214709185
HIT 3 1945647513753 453 16198550698171465465
HIT 3 1949942481049 454 9927516352740003053
HIT 3 1954237448345 455 9756537835346731417
HIT 3 1958532415641 456 6210450371993095609
HIT 3 1962827382937 457 5120812269978387467
HIT 3 1967122350233 458 2031134580548530570
HIT 3 1971417317529 459 6096037813674195787
HIT 3 1975712284825 460 8391590101246935183
HIT 3 1980007252121 461 530960839610552822
HIT 3 1984302219417 462 16692893151513200771
HIT 3 1988597186713 463 204563224212503540
HIT 3 1992892154009 464 10169837944848446044
HIT 3 1997187121305 465 14714238187559805463
HIT 3 2001482088601 466 15967718811298800329
HIT 3 2005777055897 467 1031205850642220098
HIT 3 2010072023193 468 15084488802580609187
HIT 3 2014366990489 469 5120744663646556861
HIT 3 2018661957785 470 18121193726284075836
HIT 3 2022956925081 471 3169365758686082390
HIT 3 2027251892377 472 18385806106775906178
HIT 3 2031546859673 473 12527782438444722556
HIT 3 2035841826969 474 3984726449621919040
HIT 3 2040136794265 475 3928290074615682559
HIT 3 2044431761561 476 17089489650479029370
HIT 3 2048726728857 477 13262406091181938168
HIT 3 2053021696153 478 7242176579734620595
HIT 3 2057316663449 479 17102512317080669809
HIT 3 2061611630745 480 8549911184058826113
HIT 3 2065906598041 481 1807038416900438598
HIT 3 2070201565337 482 2214347035023936520
HIT 3 2074496532633 483 13641953349527811359
HIT 3 2078791499929 484 776447841411101242
HIT 3 2083086467225 485 13680710555899062958
HIT 3 2087381434521 486 5849304941923168375
HIT 3 2091676401817 487 8133505558239020113
HIT 3 2095971369113 488 2344865832274313180
HIT 3 2100266336409 489 6969949556641838884
HIT 3 2104561303705 490 7388597554738515384
HIT 3 2108856271001 491 8808955149498780879
HIT 3 2113151238297 492 11512047922773858691
HIT 3 2117446205593 493 16383925213117700588
HIT 3 2121741172889 494 5275308589180181014
HIT 3 2126036140185 495 3093431321301178079
HIT 3 2130331107481 496 13561025641391320538
HIT 3 2134626074777 497 239411048593218244
HIT 3 2138921042073 498 2197967621893715250
HIT 3 2143216009369 499 3501395489468870990
HIT 3 2147510976665 500 13398820122491605164
HIT 3 2151805943961 501 4094466460574272261
HIT 3 2156100911257 502 6571753090531457268
HIT 3 2160395878553 503 3223457413003976916
HIT 3 2164690845849 504 1391064106871549639
HIT 3 2168985813145 505 16192561682701978097
HIT 3 2173280780441 506 15904805844839859397
HIT 3 2177575747737 507 11197262543646186093
HIT 3 2181870715033 508 11379986748518297107
HIT 3 2186165682329 509 2701929514368066157
HIT 3 2190460649625 510 4806573099925538110
HIT 3 2194755616921 511 1297385571280377259
HIT 3 1808208625817 421 13825853518421503725
HIT 3 1945647579289 453 14136024064645735344
HIT 3 1937057710233 451 14685124651870431687
HIT 3 1941352677529 452 8112016455232671557
HIT 3 1945647644825 453 9710925798521030991
HIT 3 1954237579417 455 12295073274460832669
HIT 3 1945647710361 453 10929584300032771267
HIT 3 1945647775897 453 11127045763713049674
HIT 3 1945647841433 453 6140026292962895270
HIT 3 1945647906969 453 16682545509253597437
HIT 3 1945647972505 453 9911071143825260637
HIT 3 1945648038041 453 8843198823412063553
HIT 3 1945648103577 453 12666367050545479023
HIT 3 1945648169113 453 5135340890621202883
HIT 3 1945648234649 453 10021909811856198436
HIT 3 1945648300185 453 10540016699524832505
HIT 3 1945648365721 453 6001805651918680619
HIT 3 1945648431257 453 7518026770281728926
HIT 3 1945648496793 453 365706008778414090
HIT 3 1945648562329 453 9565237900196819239
HIT 3 1945648627865 453 16881630148159954586
HIT 3 1945648693401 453 11085796784457790188
HIT 3 1945648758937 453 13999236647613927989
HIT 3 1945648824473 453 6420422328389697724
HIT 3 1945648890009 453 5396530098516891765
HIT 3 1945648955545 453 6840279908289025449
HIT 3 1945649021081 453 11189492425769195631
HIT 3 1945649086617 453 1322076503910285388
HIT 3 1945649152153 453 17738923551918999901
HIT 3 1945649217689 453 6942633348190501038
HIT 3 1945649283225 453 15102564851989469592
HIT 3 1945649348761 453 14543957878534352523
HIT 3 1945649414297 453 2023896140033363417
HIT 3 1945649479833 453 8288397086043249046
HIT 3 1945649545369 453 17505137666753128917
HIT 3 1937059676313 451 17505137666753128917
HIT 3 1945649610905 453 16742335571730132394
HIT 3 1945649676441 453 12614203587266762270
HIT 3 1954239611033 455 6772622215750893276
HIT 3 1945649741977 453 6772622215750893276
HIT 3 1949944774809 454 5217465134081748148
HIT 3 1954239742105 455 5556597716449390111
HIT 3 1962829676697 457 15319694145573661545
HIT 3 1949944840345 454 7669743985077026143
HIT 3 1954239807641 455 15319694145573661545
HIT 3 1958534774937 456 5217465134081748148
HIT 3 1962829742233 457 9439365269245301022
HIT 3 1967124709529 458 4898987184666317875
HIT 3 1971419676825 459 10029848158748890787
HIT 3 1975714644121 460 5383841348077903516
HIT 3 1980009611417 461 15567918487910619750
HIT 3 1984304578713 462 6364847843874888832
HIT 3 1988599546009 463 8538877902966747051
HIT 3 1992894513305 464 3705195350451951304
HIT 3 1997189480601 465 7406146794459038434
HIT 3 2001484447897 466 5913267269032116931
HIT 3 2005779415193 467 3207976527730946607
HIT 3 2010074382489 468 7148948796625883203
HIT 3 2014369349785 469 2647548328962020681
HIT 3 2018664317081 470 3540719299527797589
HIT 3 2022959284377 471 1393862530710056311
HIT 3 2027254251673 472 16420301116743572341
HIT 3 2031549218969 473 12240579345701234865
HIT 3 2035844186265 474 4983678154063837459
HIT 3 2040139153561 475 12079636433611492213
HIT 3 2044434120857 476 7657651158821943393
HIT 3 2048729088153 477 14151964218025810575
HIT 3 2053024055449 478 7768959970030231276
HIT 3 2057319022745 479 9497894031756755626
HIT 3 2061613990041 480 17413124141470397853
HIT 3 2065908957337 481 238746655508621845
HIT 3 2070203924633 482 2165902466375837863
HIT 3 2074498891929 483 12832722657483893678
HIT 3 2078793859225 484 10930388428978605704
HIT 3 2083088826521 485 7595872915744367901
HIT 3 2087383793817 486 17264245687231953482
HIT 3 2091678761113 487 9658660894150808133
HIT 3 2095973728409 488 15107194814985579079
HIT 3 2100268695705 489 10425931965669941338
HIT 3 2104563663001 490 5088720755450567385
HIT 3 2108858630297 491 2955042420483840603
HIT 3 2113153597593 492 6247168274109415195
HIT 3 2117448564889 493 17674832059948719728
HIT 3 2121743532185 494 16364105989357677569
HIT 3 2126038499481 495 17470465559561274622
HIT 3 2130333466777 496 11884557009105787700
HIT 3 2134628434073 497 13922590324288010264
HIT 3 2138923401369 498 8698230456438604271
HIT 3 2143218368665 499 11897012830270784288
HIT 3 2147513335961 500 11795988440466923255
HIT 3 2151808303257 501 2217926459692966970
HIT 3 2156103270553 502 6129296491695578602
HIT 3 2160398237849 503 11683380976900932723
HIT 3 2164693205145 504 13120861120194203387
HIT 3 2168988172441 505 17154448492953403099
HIT 3 2173283139737 506 8067703243839949308
HIT 3 2177578107033 507 17491493880372900988
HIT 3 2181873074329 508 18214084520480985926
HIT 3 2186168041625 509 8469408256948780737
HIT 3 2190463008921 510 18399068088633543286
HIT 3 2194757976217 511 18089242282552857703
HIT 3 1962829807769 457 1592014353248607037
HIT 3 790284337309 184 10594706408554259172
HIT 3 1791011717277 417 11298048383538084470
HIT 3 1945630539933 453 12749839551044935802
HIT 3 790284402845 184 3171875338007913418
HIT 3 1791011782813 417 17442904203811664979
HIT 3 1945630605469 453 2179918551516210572
HIT 3 790284468381 184 1099481550406635206
HIT 3 1791011848349 417 13260287399293975113
HIT 3 1945630671005 453 14640306427213398524
HIT 3 790284533917 184 700947852196281256
HIT 3 1791011913885 417 13559529211009331287
HIT 3 1945630736541 453 3929063339104235659
HIT 3 790284599453 184 5145819392403778399
HIT 3 1791013290140 417 12972305872486005603
HIT 3 1945632112796 453 4427294642482203862
HIT 3 1782423486620 415 13028023276130449347
HIT 3 1786718453916 416 1463293585975055677
HIT 3 1791013421212 417 9694734761244521816
HIT 3 1799603355804 419 12855624830855993680
HIT 3 1937042309276 451 3321674477057293663
HIT 3 1941337276572 452 12108396562768133125
HIT 3 1945632243868 453 3895279532733812507
HIT 3 1954222178460 455 5463338195072993120
HIT 3 798876041372 186 10594706408554259172
HIT 3 1791013486748 417 14509529984394888927
HIT 3 1945632309404 453 803015594265627044
HIT 3 1791013552284 417 17491516222601043320
HIT 3 1945632374940 453 13836134866907924986
HIT 3 1791011979421 417 1249325588760154769
HIT 3 1945630802077 453 15530281861669591181
HIT 3 790284664989 184 2178668213971141480
HIT 3 1791012044957 417 15931260907850315985
HIT 3 1945630867613 453 16016186350715080786
HIT 3 790284730525 184 12585900200288362790
HIT 3 1791012110493 417 3754277352177622578
HIT 3 1945630933149 453 14463347771602633878
HIT 3 790284796061 184 934063770878363586
HIT 3 1791012176029 417 11216762466862473811
HIT 3 1945630998685 453 13523524931075581753
HIT 3 790284861597 184 17843104908959707007
HIT 3 1791012241565 417 5126668591954613068
HIT 3 1945631064221 453 13426168614543728790
HIT 3 790284927133 184 1548270256714685627
HIT 3 1791012307101 417 6835210379013769527
HIT 3 1945631129757 453 14197079809095269452
HIT 3 790284992669 184 17146158412046948218
HIT 3 1791012372637 417 14961302386802176143
HIT 3 1945631195293 453 16538874586739367371
HIT 3 790285058205 184 13731696171405115373
HIT 3 1791012438173 417 8544048611185772508
HIT 3 1945631260829 453 13727304866214056845
HIT 3 790285123741 184 6916132749032697113
HIT 3 1791012503709 417 12973328137251291249
HIT 3 1945631326365 453 1736956427260140387
HIT 3 790285189277 184 13789003975208643070
HIT 3 1791012569245 417 12020496402847811953
HIT 3 1945631391901 453 17208207647575978664
HIT 3 790285254813 184 17041982417440901064
HIT 3 1791012634781 417 2192076308335847395
HIT 3 1945631457437 453 12349164208580771051
HIT 3 790285320349 184 13912487105374720739
HIT 3 1791012700317 417 14618822972493144459
HIT 3 1945631522973 453 15992198309507679422
HIT 3 790285385885 184 17918621969518268236
HIT 3 1791012765853 417 13165713608150981265
HIT 3 1945631588509 453 4290660704193349144
HIT 3 790285451421 184 3059331211182524078
HIT 3 1791012831389 417 12522299711339697874
HIT 3 1945631654045 453 9297001307264819353
HIT 3 790285516957 184 10045666541114134274
HIT 3 1791012896925 417 320096594625618572
HIT 3 1945631719581 453 15007770656251952645
HIT 3 790285582493 184 12738933504423417688
HIT 3 1791012962461 417 3838769056139765483
HIT 3 1945631785117 453 2410772145783134801
HIT 3 790285648029 184 15655828098792968818
HIT 3 1791013027997 417 13196832085553613632
HIT 3 1945631850653 453 13084058703770257700
HIT 3 790285713565 184 15411800482442731235
HIT 3 1791013093533 417 17807074605162761085
HIT 3 1945631916189 453 12481228527720691223
HIT 3 781695844509 182 7753774149933352126
HIT 3 790285779101 184 9014797298494979526
HIT 3 1791013159069 417 2719392260428523651
HIT 3 1945631981725 453 2952307728859895403
HIT 3 790285844637 184 7753774149933352126
HIT 3 1791013224605 417 4221153313200688273
HIT 3 1945632047261 453 6267680333024838941
HIT 3 790285910173 184 5760358156806907109
HIT 3 1782423355549 415 12791838323428348763
HIT 3 1786718322845 416 13739527889934778733
HIT 3 1791013290141 417 5895167039088938697
HIT 3 1799603224733 419 11306418879658127063
HIT 3 1937042178205 451 5158258245559039456
HIT 3 1941337145501 452 43916072435402092
HIT 3 1945632112797 453 1388685148326867363
HIT 3 1954222047389 455 10822257230932068326
HIT 3 790285975709 184 3469038474072303995
HIT 3 798875910301 186 5760358156806907109
HIT 3 1791013355677 417 10442760259710536175
HIT 3 1945632178333 453 16068794703092987153
HIT 3 798875975837 186 542890179721799587
HIT 3 803170943133 187 5225287088475492441
HIT 3 807465910429 188 9140187676745571740
HIT 3 811760877725 189 11722893653465831614
HIT 3 816055845021 190 17236111375469410495
HIT 3 820350812317 191 13568552624704425928
HIT 3 824645779613 192 3574996370582119136
HIT 3 828940746909 193 4045594964400979898
HIT 3 833235714205 194 13665388304107457059
HIT 3 837530681501 195 16183448137816703394
HIT 3 841825648797 196 12583135724407338824
HIT 3 846120616093 197 12790390804839720353
HIT 3 850415583389 198 11215336939755439449
HIT 3 854710550685 199 12122617392947899932
HIT 3 859005517981 200 13860315103425202125
HIT 3 863300485277 201 8384636877645084411
HIT 3 867595452573 202 1022568775821287506
HIT 3 871890419869 203 8855537348467598009
HIT 3 876185387165 204 4804007114485930921
HIT 3 880480354461 205 4778846473989206580
HIT 3 884775321757 206 13636212705894587562
HIT 3 889070289053 207 3807444673756915489
HIT 3 893365256349 208 17676877109084126647
HIT 3 897660223645 209 4333658942162637229
HIT 3 901955190941 210 5530359483974741608
HIT 3 906250158237 211 12027266799265041120
HIT 3 910545125533 212 3224567659395707721
HIT 3 914840092829 213 8719620463884446193
HIT 3 919135060125 214 6795762167994601812
HIT 3 923430027421 215 1538100552841246152
HIT 3 927724994717 216 205415492391064437
HIT 3 932019962013 217 12142821130262594554
HIT 3 936314929309 218 3817907048438962190
HIT 3 940609896605 219 5360060121735818239
HIT 3 944904863901 220 18369303833085696330
HIT 3 949199831197 221 11498087394852466177
HIT 3 953494798493 222 10561311543737356633
HIT 3 957789765789 223 13502520317053952012
HIT 3 962084733085 224 479720830040969756
HIT 3 966379700381 225 8803009204678693762
HIT 3 970674667677 226 4836909659205668075
HIT 3 974969634973 227 8839374076769973179
HIT 3 979264602269 228 2943842982538399696
HIT 3 983559569565 229 17987968940482691560
HIT 3 987854536861 230 13083037815673590468
HIT 3 992149504157 231 5991823391867735949
HIT 3 996444471453 232 10111310298378773296
HIT 3 1000739438749 233 1811861852691481026
HIT 3 1005034406045 234 520706734893104736
HIT 3 1009329373341 235 13787904780367508240
HIT 3 1013624340637 236 14944237981085381031
HIT 3 1017919307933 237 3910939938676312177
HIT 3 1022214275229 238 11151604392833866122
HIT 3 1026509242525 239 2714573093824905647
HIT 3 1030804209821 240 6303832735164433337
HIT 3 1035099177117 241 10177146114389366103
HIT 3 1039394144413 242 10695393568441693495
HIT 3 1043689111709 243 3218034312592095854
HIT 3 1047984079005 244 12194132628881737913
HIT 3 1052279046301 245 6361127714426854310
HIT 3 1056574013597 246 9368037016016679893
HIT 3 1060868980893 247 15945581684060864788
HIT 3 1065163948189 248 12537503180889238300
HIT 3 1069458915485 249 12097292887236563147
HIT 3 1073753882781 250 6806809659191996935
HIT 3 1078048850077 251 1391213733484187761
HIT 3 1082343817373 252 9861835027957021778
HIT 3 1086638784669 253 5671174169351143388
HIT 3 1090933751965 254 6945806587310571952
HIT 3 1095228719261 255 1840824938453854143
HIT 3 1099523686557 256 3838576619935345234
HIT 3 1103818653853 257 8602195239495340169
HIT 3 1108113621149 258 2956327242847383662
HIT 3 1112408588445 259 5935899508760524988
HIT 3 1116703555741 260 13378435319364951263
HIT 3 1120998523037 261 4799711841223303471
HIT 3 1125293490333 262 3394273217590192412
HIT 3 1129588457629 263 6643420797747554157
HIT 3 1133883424925 264 12291536504708155855
HIT 3 1138178392221 265 9763045685575974949
HIT 3 1142473359517 266 137370225277458965
HIT 3 1146768326813 267 5216551545517911057
HIT 3 1151063294109 268 7610593682962095569
HIT 3 1155358261405 269 3792621681392318837
HIT 3 1159653228701 270 7429448539076398611
HIT 3 1163948195997 271 14611247689008160175
HIT 3 1168243163293 272 10776878281875297608
HIT 3 1172538130589 273 15383616266298006373
HIT 3 1176833097885 274 10232593699237960920
HIT 3 1181128065181 275 12877748097403230585
HIT 3 1185423032477 276 6006976263209166792
HIT 3 1189717999773 277 12978756873749260478
HIT 3 1194012967069 278 12312440776698054505
HIT 3 1198307934365 279 12118779127939282051
HIT 3 1202602901661 280 9754564024489353218
HIT 3 1206897868957 281 16366983308461572259
HIT 3 1211192836253 282 1119561395310189120
HIT 3 1215487803549 283 4141469423214153464
HIT 3 1219782770845 284 8687830555417479617
HIT 3 1224077738141 285 5601441580979484088
HIT 3 1228372705437 286 440291882035199319
HIT 3 1232667672733 287 1516035592009239925
HIT 3 1236962640029 288 16071016565031015909
HIT 3 1241257607325 289 8832800980233271591
HIT 3 1245552574621 290 912348972492163822
HIT 3 1249847541917 291 15872728169625811076
HIT 3 1254142509213 292 1006123169771520738
HIT 3 1258437476509 293 2220413615182762554
HIT 3 1262732443805 294 7914527088110009423
HIT 3 1267027411101 295 15504657249400916510
HIT 3 1271322378397 296 2944559244897619789
HIT 3 1275617345693 297 13069867279329199070
HIT 3 1279912312989 298 10382640925744304826
HIT 3 1284207280285 299 13585895633896335858
HIT 3 1288502247581 300 15294900715881977336
HIT 3 1292797214877 301 306164274607680184
HIT 3 1297092182173 302 18269566827764485335
HIT 3 1301387149469 303 12902254805952899771
HIT 3 1305682116765 304 4177666050692387762
HIT 3 1309977084061 305 6071130587014185185
HIT 3 1314272051357 306 12537206339372920037
HIT 3 1318567018653 307 5287873918997044414
HIT 3 1322861985949 308 15227680267264521093
HIT 3 1327156953245 309 16648855586458068571
HIT 3 1331451920541 310 16176214009445420236
HIT 3 1335746887837 311 7586784507062062737
HIT 3 1340041855133 312 385342414187477103
HIT 3 1344336822429 313 11678000553629263542
HIT 3 1348631789725 314 374384971255047028
HIT 3 1352926757021 315 17473708475243054096
HIT 3 1357221724317 316 11850024167172152539
HIT 3 1361516691613 317 1716484546411194298
HIT 3 1365811658909 318 7965107256217137436
HIT 3 1370106626205 319 7673108709194656754
HIT 3 1374401593501 320 12700537484960189331
HIT 3 1378696560797 321 12311159193825268976
HIT 3 1382991528093 322 12670031008745751857
HIT 3 1387286495389 323 11572638784053171309
HIT 3 1391581462685 324 702559984596696579
HIT 3 1395876429981 325 6370766326884881018
HIT 3 1400171397277 326 13761483534817388399
HIT 3 1404466364573 327 5232928402438617180
HIT 3 1408761331869 328 7868103703731989163
HIT 3 1413056299165 329 8812675579536805259
HIT 3 1417351266461 330 13023650974261541992
HIT 3 1421646233757 331 10568605114231669817
HIT 3 1425941201053 332 1165267176706238403
HIT 3 1430236168349 333 1642146633368278727
HIT 3 1434531135645 334 5423719931018739267
HIT 3 1438826102941 335 2725845634899282137
HIT 3 1443121070237 336 9059554012625844461
HIT 3 1447416037533 337 10537572503259718564
HIT 3 1451711004829 338 13074073681317516907
HIT 3 1456005972125 339 15468617304004946462
HIT 3 1460300939421 340 15517558447075162298
HIT 3 1464595906717 341 11660681597456382189
HIT 3 1468890874013 342 4155431621055162294
HIT 3 1473185841309 343 13405173928455993434
HIT 3 1477480808605 344 16065401933749948067
HIT 3 1481775775901 345 8840425039991309420
HIT 3 1486070743197 346 7644082246882026855
HIT 3 1490365710493 347 8580479334555228030
HIT 3 1494660677789 348 7620983444077698874
HIT 3 1498955645085 349 11437028674368846701
HIT 3 1503250612381 350 660552140992728120
HIT 3 1507545579677 351 14555336461140434023
HIT 3 1511840546973 352 3034825976282766047
HIT 3 1516135514269 353 2131236303435394741
HIT 3 1520430481565 354 3675945043637916486
HIT 3 1524725448861 355 6146581871026478509
HIT 3 1529020416157 356 11337033318470529268
HIT 3 1533315383453 357 16259554611183973091
HIT 3 1537610350749 358 3252129228586114629
HIT 3 1541905318045 359 4016594097658555118
HIT 3 1546200285341 360 11020704700260324267
HIT 3 1550495252637 361 1217259215273328082
HIT 3 1554790219933 362 15504041513991780035
HIT 3 1559085187229 363 2222672780065198151
HIT 3 1563380154525 364 13710918689725488968
HIT 3 1567675121821 365 10444268593753826441
HIT 3 1571970089117 366 7633990743504439249
HIT 3 1576265056413 367 13854393922537139637
HIT 3 1580560023709 368 12506689559955660494
HIT 3 1584854991005 369 1240800876347009620
HIT 3 1589149958301 370 18229196019878443656
HIT 3 1593444925597 371 5377863332688712106
HIT 3 1597739892893 372 14253814629288203139
HIT 3 1602034860189 373 13977100399542718163
HIT 3 1606329827485 374 11976291516519048117
HIT 3 1610624794781 375 11522007560165534457
HIT 3 1614919762077 376 16021150909545800044
HIT 3 1619214729373 377 767842313185788531
HIT 3 1623509696669 378 16886917225774631621
HIT 3 1627804663965 379 10790979286094565061
HIT 3 1632099631261 380 12925008838165907826
HIT 3 1636394598557 381 8393475122116170872
HIT 3 1640689565853 382 1290755606125327611
HIT 3 1644984533149 383 4085415526317907608
HIT 3 1649279500445 384 13938359455212908393
HIT 3 1653574467741 385 14096239783005231185
HIT 3 1657869435037 386 11579215983878608481
HIT 3 1662164402333 387 13009962464262052656
HIT 3 1666459369629 388 12533052527093910703
HIT 3 1670754336925 389 16267624295840244525
HIT 3 1675049304221 390 5880195919099332845
HIT 3 1679344271517 391 1499323751298458593
HIT 3 1683639238813 392 140924163515890760
HIT 3 1687934206109 393 5167710756431982186
HIT 3 1692229173405 394 3358207765732409233
HIT 3 1696524140701 395 763886534445413495
HIT 3 1700819107997 396 8060707908610137521
HIT 3 1705114075293 397 7440630369073383285
HIT 3 1709409042589 398 1121200891902756149
HIT 3 1713704009885 399 10607101686474302605
HIT 3 1717998977181 400 13287725851576740847
HIT 3 1722293944477 401 15203532903544622849
HIT 3 1726588911773 402 10885766005340680841
HIT 3 1730883879069 403 13847646420143839391
HIT 3 1735178846365 404 2746411291815355590
HIT 3 1739473813661 405 13950351095362949180
HIT 3 1743768780957 406 13052534431540036795
HIT 3 1748063748253 407 9428432447033584761
HIT 3 1752358715549 408 9599364878092975332
HIT 3 1756653682845 409 10180421710530074211
HIT 3 1760948650141 410 908609267897422069
HIT 3 1765243617437 411 4612302928675355956
HIT 3 1769538584733 412 9247845873377407003
HIT 3 1773833552029 413 79268527207584320
HIT 3 1778128519325 414 3416388838140648175
HIT 3 1782423486621 415 6584906852136745293
HIT 3 1786718453917 416 4521769649061885637
HIT 3 1791013421213 417 3747577353581054075
HIT 3 1795308388509 418 1657294747757057507
HIT 3 1799603355805 419 18045038970316967332
HIT 3 1803898323101 420 11266075795910596476
HIT 3 1808193290397 421 12471890203565743865
HIT 3 1812488257693 422 10574858602143065416
HIT 3 1816783224989 423 16382164322236280460
HIT 3 1821078192285 424 16421755012531687447
HIT 3 1825373159581 425 10468729910556355234
HIT 3 1829668126877 426 10196203195416982996
HIT 3 1833963094173 427 3850018350885906493
HIT 3 1838258061469 428 13418916909392368028
HIT 3 1842553028765 429 12350622740448315957
HIT 3 1846847996061 430 2126309764993208927
HIT 3 1851142963357 431 18352564090719367403
HIT 3 1855437930653 432 5014651173104551180
HIT 3 1859732897949 433 16647689954872396148
HIT 3 1864027865245 434 1410965172283123742
HIT 3 1868322832541 435 17128458794844318699
HIT 3 1872617799837 436 2491624774023378213
HIT 3 1876912767133 437 16830906151764055724
HIT 3 1881207734429 438 1741107800129419062
HIT 3 1885502701725 439 17052244925434336983
HIT 3 1889797669021 440 7718517762028687343
HIT 3 1894092636317 441 5608101053991325404
HIT 3 1898387603613 442 18179678494265616972
HIT 3 1902682570909 443 9500644997045237236
HIT 3 1906977538205 444 16544779231041524723
HIT 3 1911272505501 445 11616645771456405597
HIT 3 1945647382682 453 3298208922852296707
HIT 3 1799618560154 419 15825973588248594741
HIT 3 1945647448218 453 18079663181991956098
HIT 3 1937057579162 451 18150544867863599653
HIT 3 1941352546458 452 15402063877315356035
HIT 3 1945647513754 453 2510804466030907966
HIT 3 1954237448346 455 2199283720645934849
HIT 3 1945647644826 453 9530628654542951153
HIT 3 1954239742106 455 1020002304066897341
HIT 3 1915567472797 446 17391200305683793252
HIT 3 1919862440093 447 7006690923684782415
HIT 3 1924157407389 448 9436040213504101099
HIT 3 1928452374685 449 16195262793711204508
HIT 3 1932747341981 450 371480481858922505
HIT 3 1937042309277 451 18398915627574137783
HIT 3 1941337276573 452 5225491407055736657
HIT 3 1945632243869 453 3247517675511249909
HIT 3 1949927211165 454 14778478527120525083
HIT 3 1954222178461 455 10332408832978546039
HIT 3 1958517145757 456 16368440501526530608
HIT 3 1962812113053 457 15273223096330900134
HIT 3 1967107080349 458 14288582544017622336
HIT 3 1971402047645 459 15517105765687400457
HIT 3 1975697014941 460 6634821095470492497
HIT 3 1979991982237 461 18217577502501912708
HIT 3 1984286949533 462 7236118653034688536
HIT 3 1988581916829 463 17577169920943402353
HIT 3 1992876884125 464 13708929424502327984
HIT 3 1997171851421 465 6865052861453445534
HIT 3 2001466818717 466 18246773614627484789
HIT 3 2005761786013 467 10900576977216056080
HIT 3 2010056753309 468 10543656705020402802
HIT 3 2014351720605 469 12103091865875761798
HIT 3 2018646687901 470 3355363984640143851
HIT 3 2022941655197 471 169247235652033038
HIT 3 2027236622493 472 11112269868890300653
HIT 3 2031531589789 473 387364008601549779
HIT 3 2035826557085 474 12595462413211320313
HIT 3 2040121524381 475 8961143604899902439
HIT 3 2044416491677 476 18143647303162100604
HIT 3 2048711458973 477 13162726585324380047
HIT 3 2053006426269 478 14787650334912816675
HIT 3 2057301393565 479 15514209049414097709
HIT 3 2061596360861 480 6786201913821175063
HIT 3 2065891328157 481 469226356053737859
HIT 3 2070186295453 482 16037901434620508608
HIT 3 2074481262749 483 12263836674365965391
HIT 3 2078776230045 484 28323614686865649
HIT 3 2083071197341 485 15822613524234943130
HIT 3 2087366164637 486 14397466032032350624
HIT 3 2091661131933 487 3779974258712247262
HIT 3 2095956099229 488 17861862810825218553
HIT 3 2100251066525 489 1078425336749699773
HIT 3 2104546033821 490 17776896985750132725
HIT 3 2108841001117 491 7153377719592452785
HIT 3 2113135968413 492 4196005951973277022
HIT 3 2117430935709 493 1433163456265266194
HIT 3 2121725903005 494 2721699322104114453
HIT 3 2126020870301 495 10711437353917688906
HIT 3 2130315837597 496 17779017081671478132
HIT 3 2134610804893 497 15020274472690373463
HIT 3 2138905772189 498 17110393088682376703
HIT 3 2143200739485 499 18054022917639735470
HIT 3 2147495706781 500 8301644257062003784
HIT 3 2151790674077 501 15677904806693288364
HIT 3 2156085641373 502 5124769684590542770
HIT 3 2160380608669 503 15063822204142489898
HIT 3 2164675575965 504 10378549217564438396
HIT 3 2168970543261 505 5243528102795928900
HIT 3 2173265510557 506 11871667996085316588
HIT 3 2177560477853 507 3367700263244625345
HIT 3 2181855445149 508 558332363985727490
HIT 3 2186150412445 509 10723448439240787037
HIT 3 2190445379741 510 10633898317551889116
HIT 3 2194740347037 511 14498295112703051659
HIT 3 798876041373 186 15530323807601625464
HIT 3 803171008669 187 11722893653465831614
HIT 3 807465975965 188 542890179721799587
HIT 3 1782423552157 415 11758486448022730368
HIT 3 1786718519453 416 4931603593895126730
HIT 3 1791013486749 417 3982856584104773649
HIT 3 1799603421341 419 10444878041797149680
HIT 3 1937042374813 451 12587818290316790652
HIT 3 1941337342109 452 6991592063905392037
HIT 3 1945632309405 453 14559531135787476696
HIT 3 1954222243997 455 5274573936288541032
HIT 3 1782423617693 415 11627404408222142977
HIT 3 1786718584989 416 15535054271199842028
HIT 3 1791013552285 417 4125014546128184633
HIT 3 1799603486877 419 16958045896411522922
HIT 3 1937042440349 451 13002574499807537961
HIT 3 1941337407645 452 8072752855171402718
HIT 3 1945632374941 453 13557242370587393454
HIT 3 1954222309533 455 3894572665107835161
HIT 3 807466107037 188 12255571777154575456
HIT 3 1791013617821 417 15827332890492898739
HIT 3 1945632440477 453 10446914858794270578
HIT 3 1791013683357 417 1820036483875265628
HIT 3 1945632506013 453 12354824024546631361
HIT 3 1791013748893 417 18039378496987233712
HIT 3 1945632571549 453 3008268848874316269
HIT 3 1791013814429 417 5704086896728627198
HIT 3 1945632637085 453 17003652314537205608
HIT 3 1791013879965 417 8596279477022102035
HIT 3 1945632702621 453 1918975227242297019
HIT 3 1791013945501 417 8550826625427942797
HIT 3 1945632768157 453 7552233163152437030
HIT 3 1791014011037 417 3302335535915797314
HIT 3 1945632833693 453 16655042073658525144
HIT 3 1791014076573 417 8977407813758543482
HIT 3 1945632899229 453 16857070462987418547
HIT 3 1791014142109 417 5005926690639790903
HIT 3 1945632964765 453 1241867987378923885
HIT 3 1791014207645 417 2224212951163606509
HIT 3 1945633030301 453 4109295685011688898
HIT 3 1791014273181 417 11099506037759210307
HIT 3 1945633095837 453 8024132912989200167
HIT 3 1791014338717 417 8394556894104119101
HIT 3 1945633161373 453 2353772263369640482
HIT 3 1945647382683 453 6536693878931845826
HIT 3 1799618560155 419 1695882859112849622
HIT 3 1945647448219 453 12563110975090212684
HIT 3 1937057579163 451 8613634558843308721
HIT 3 1941352546459 452 8739512789957678012
HIT 3 1945647513755 453 14119975502532316728
HIT 3 1954237448347 455 14049296832403706038
HIT 3 1945647644827 453 962898885773984031
HIT 3 1954239742107 455 4037491013666206802
HIT 3 1791014404253 417 10346532250723226682
HIT 3 1945633226909 453 10413021603686688248
HIT 3 1791014469789 417 6971058415725776653
HIT 3 1945633292445 453 9197952851413860105
HIT 3 1791014535325 417 14386896152877251159
HIT 3 1945633357981 453 8697816861217725313
HIT 3 1791014600861 417 16337465637050796126
HIT 3 1945633423517 453 17418856916552581950
HIT 3 1791014666397 417 12159574771900820617
HIT 3 1945633489053 453 2572273969138468192
HIT 3 790284533918 184 11781345932237823674
HIT 3 1791014731933 417 11755396695553713978
HIT 3 1945633554589 453 11783232131143693557
HIT 3 1791011913886 417 3740238428588805370
HIT 3 1945630736542 453 1043451163002087438
HIT 3 1791014797469 417 13507161076668316668
HIT 3 1945633620125 453 8889364310098518784
HIT 3 1791014863005 417 15436002373013151609
HIT 3 1945633685661 453 9550049659080114977
HIT 3 1791014928541 417 4001982727935261045
HIT 3 1945633751197 453 17541899511045396159
HIT 3 1791014994077 417 15247732249212302826
HIT 3 1945633816733 453 790744353892703280
HIT 3 1791015059613 417 16858775118490459425
HIT 3 1945633882269 453 702424663175230230
HIT 3 1791015125149 417 10987859124813176605
HIT 3 1945633947805 453 9239665651611602283
HIT 3 1791015190685 417 13077486223740091104
HIT 3 1945634013341 453 6047762071340502894
HIT 3 1791015256221 417 14009754649830261384
HIT 3 1945634078877 453 12478979590524657764
HIT 3 1791015321757 417 11922902757053481888
HIT 3 1945634144413 453 1817958572892759182
HIT 3 1791015387293 417 2291467229709229177
HIT 3 1945634209949 453 16483499892134689236
HIT 3 1791015452829 417 5634427867014724899
HIT 3 1945634275485 453 4809867013487463186
HIT 3 1791015518365 417 6368840983128559892
HIT 3 1945634341021 453 3225295053464176023
HIT 3 1791015583901 417 1477126490185831432
HIT 3 1945634406557 453 14699249144035289277
HIT 3 1791015649437 417 94009329517186961
HIT 3 1945634472093 453 3857614630962814776
HIT 3 1791015714973 417 5354597826376702351
HIT 3 1945634537629 453 10120666857931663822
HIT 3 1791015780509 417 2494005081525733877
HIT 3 1945634603165 453 13376735580839094200
HIT 3 1791015846045 417 9264231396797948860
HIT 3 1945634668701 453 16167717908507448444
HIT 3 1791015911581 417 1906103945537627023
HIT 3 1945634734237 453 16568466593765898810
HIT 3 1791015977117 417 17470063240927265041
HIT 3 1945634799773 453 14356596749495745658
HIT 3 1791016042653 417 6243530989935861984
HIT 3 1945634865309 453 16881157155888628844
HIT 3 1791016108189 417 11341026407292709141
HIT 3 1945634930845 453 13975893256698648315
HIT 3 1791016173725 417 5026898185183994693
HIT 3 1945634996381 453 16757944594016565635
HIT 3 1791016239261 417 15271704534940692520
HIT 3 1945635061917 453 15923876400881050861
HIT 3 1791016304797 417 8721171457537162793
HIT 3 1945635127453 453 13582657865491774725
HIT 3 1791016370333 417 3070687346203902279
HIT 3 1945635192989 453 840294909170390007
HIT 3 1791016435869 417 16777698109961049872
HIT 3 1945635258525 453 14151623126851031900
HIT 3 1791016501405 417 15536956126844037926
HIT 3 1945635324061 453 9074294435270305226
HIT 3 1791016566941 417 12154051623792933764
HIT 3 1945635389597 453 1050709233494676755
HIT 3 1791016632477 417 18211283043265580958
HIT 3 1945635455133 453 8764970537371256947
HIT 3 1791016698013 417 13914635089788741129
HIT 3 1945635520669 453 7679656166853940517
HIT 3 1791016763549 417 7164165629736516452
HIT 3 1945635586205 453 6462187073200994532
HIT 3 1791016829085 417 17414106593466376385
HIT 3 1945635651741 453 14522807214020168799
HIT 3 1791016894621 417 15381010916662474504
HIT 3 1945635717277 453 13441774386341119902
HIT 3 1791016960157 417 12205088915528542334
HIT 3 1945635782813 453 15473335843806124116
HIT 3 1791017025693 417 6691509255551835705
HIT 3 1945635848349 453 5373992661290678158
HIT 3 1791017091229 417 12411369380388956480
HIT 3 1945635913885 453 87218227708637519
HIT 3 1791017156765 417 6426268157418958908
HIT 3 1945635979421 453 16711311253702407451
HIT 3 1791017222301 417 18067301824947011647
HIT 3 1945636044957 453 9416740547886091077
HIT 3 1791017287837 417 10664732804240136096
HIT 3 1945636110493 453 18154461635682056899
HIT 3 1791017353373 417 17213282324120241858
HIT 3 1945636176029 453 12009723654635850197
HIT 3 1791017418909 417 12541122105799309843
HIT 3 1945636241565 453 483816118860819761
HIT 3 1791017484445 417 8673500105626794967
HIT 3 1945636307101 453 18258690413971967592
HIT 3 1791017549981 417 18034091222970969055
HIT 3 1945636372637 453 9429095521608361470
HIT 3 1791013290143 417 5816021982968555404
HIT 3 1945632112799 453 1587074198079678922
HIT 3 1791017615517 417 3620390034010095692
HIT 3 1945636438173 453 8678834279751622939
HIT 3 1791017681053 417 5939976790868531756
HIT 3 1945636503709 453 1648966763139653347
HIT 3 1791017746589 417 18327130323254637411
HIT 3 1945636569245 453 4294506837058003671
HIT 3 1791013421214 417 8373485902443059006
HIT 3 1945632243870 453 11319730253574158247
HIT 3 1791017812125 417 1493550120618867796
HIT 3 1945636634781 453 1352771853794514143
HIT 3 1791017877661 417 4756022026848682655
HIT 3 1945636700317 453 4590298443670217207
HIT 3 1791017943197 417 13260192076052086164
HIT 3 1945636765853 453 7873255064372422060
HIT 3 1791018008733 417 9683750588369616842
HIT 3 1945636831389 453 1854218661706267420
HIT 3 1791018074269 417 4537894128868220130
HIT 3 1945636896925 453 2282962826458926460
HIT 3 1791018139805 417 5835838288788933656
HIT 3 1945636962461 453 2834089403349025866
HIT 3 1791018205341 417 14268708828681412549
HIT 3 1945637027997 453 2260278459381806135
HIT 3 1791018270877 417 9359605315675013874
HIT 3 1945637093533 453 8623558037380625157
HIT 3 1791018336413 417 13080804301388815321
HIT 3 1945637159069 453 18307262125837242379
HIT 3 1791018401949 417 562968668307064652
HIT 3 1945637224605 453 17174513756660767285
HIT 3 1791018467485 417 8142780272735083550
HIT 3 1945637290141 453 8857576906221813823
HIT 3 1791018533021 417 18372275358011447962
HIT 3 1945637355677 453 15628173578400925941
HIT 3 1791018598557 417 9163644841151712524
HIT 3 1945637421213 453 14804960258592370862
HIT 3 1791018664093 417 179353850052191721
HIT 3 1945637486749 453 7608580392119851884
HIT 3 1791018729629 417 14216181444872534017
HIT 3 1945637552285 453 2338411855753412378
HIT 3 1791018795165 417 930955543666901879
HIT 3 1945637617821 453 5549613350221494632
HIT 3 1791018860701 417 15966169165742053279
HIT 3 1945637683357 453 13469101636985739744
HIT 3 1782423486623 415 9866549242889979076
HIT 3 1786718453919 416 9505100761207513708
HIT 3 1791013421215 417 8342568218086021926
HIT 3 1799603355807 419 5404884252719550017
HIT 3 1937042309279 451 9571060360644973685
HIT 3 1941337276575 452 10680326450509739459
HIT 3 1945632243871 453 172397985334483275
HIT 3 1954222178463 455 15799474981586584692
HIT 3 798876041375 186 11781345932237823674
HIT 3 1791013486751 417 18155771813226520729
HIT 3 1945632309407 453 18421111694413136918
HIT 3 1791013552287 417 14049296832403706038
HIT 3 1945632374943 453 962898885773984031
HIT 3 1791018926237 417 12709104454176141333
HIT 3 1945637748893 453 14167153983152058740
HIT 3 1791018991773 417 9132895665059653101
HIT 3 1945637814429 453 11056852228156915796
HIT 3 1791019057309 417 6497083854165623480
HIT 3 1945637879965 453 5927779291578795239
HIT 3 1791019122845 417 14225275288223230129
HIT 3 1945637945501 453 15783184485985188030
HIT 3 1791019188381 417 4350879316146615663
HIT 3 1945638011037 453 13955409738981647125
HIT 3 1791019253917 417 7458658695687885079
HIT 3 1945638076573 453 8691722600916763193
HIT 3 1791019319453 417 1717037774025501158
HIT 3 1945638142109 453 5805229473505293643
HIT 3 1791019384989 417 17766087181236099153
HIT 3 1945638207645 453 10043933331532073353
HIT 3 1791019450525 417 9401910179034600851
HIT 3 1945638273181 453 2680020444751865645
HIT 3 1791019516061 417 12049286171353501639
HIT 3 1945638338717 453 15610895545335682735
HIT 3 1791019581597 417 8986452476763157842
HIT 3 1945638404253 453 10772713812298146520
HIT 3 1791019647133 417 2784573794774659083
HIT 3 1945638469789 453 11187522365435661610
HIT 3 1791019712669 417 10562705663706879531
HIT 3 1945638535325 453 17089530186166548087
HIT 3 1791019778205 417 10607049825486512501
HIT 3 1945638600861 453 7683526048956098597
HIT 3 1791019843741 417 3783405363187785112
HIT 3 1945638666397 453 9755936587794749455
HIT 3 1791019909277 417 11290971807797323553
HIT 3 1945638731933 453 1717340161042216713
HIT 3 1791019974813 417 15761654837348809055
HIT 3 1945638797469 453 10227696896096334758
HIT 3 1791020040349 417 18094628574219695394
HIT 3 1945638863005 453 8219991487114326170
HIT 3 1791020105885 417 408671817716470663
HIT 3 1945638928541 453 485454294269261335
HIT 3 1791020171421 417 2407162046493531573
HIT 3 1945638994077 453 11494987732130622161
HIT 3 1791020236957 417 14964072577680703311
HIT 3 1945639059613 453 1951932248005050275
HIT 3 1791020302493 417 11478141584479120372
HIT 3 1945639125149 453 17908628295542402836
HIT 3 1791020368029 417 13505167634566952564
HIT 3 1945639190685 453 8948362758253216337
HIT 3 1791020433565 417 2738128808933526051
HIT 3 1945639256221 453 2397726381313556599
HIT 3 1791020499101 417 7509586526601289197
HIT 3 1945639321757 453 4509793083882546741
HIT 3 1791020564637 417 7953963688409425144
HIT 3 1945639387293 453 18428410352043490193
HIT 3 1791020630173 417 14684614590513446327
HIT 3 1945639452829 453 15775248711448823111
HIT 3 1791020695709 417 907672148880972601
HIT 3 1945639518365 453 11880642011119331491
HIT 3 1791020761245 417 13703923950141292173
HIT 3 1945639583901 453 9623521954843861691
HIT 3 1791020826781 417 3672485368127635499
HIT 3 1945639649437 453 11664483996402890732
HIT 3 1791020892317 417 15112917832502050027
HIT 3 1945639714973 453 9624788702593384045
HIT 3 1791020957853 417 14226174183057252711
HIT 3 1945639780509 453 7020284213859216036
HIT 3 1791021023389 417 14041817312521321811
HIT 3 1945639846045 453 8567411256875073282
HIT 3 1791021088925 417 8127612986521746635
HIT 3 1945639911581 453 1939547506174073446
HIT 3 1791021154461 417 10698839274470884578
HIT 3 1945639977117 453 10624636950392775532
HIT 3 1791021219997 417 5929802387618970891
HIT 3 1945640042653 453 8004097626147332176
HIT 3 1791021285533 417 1384498145759716764
HIT 3 1945640108189 453 17003786592831636163
HIT 3 1791021351069 417 2389107472076188313
HIT 3 1945640173725 453 6910511140629084639
HIT 3 1791021416605 417 3386577434330480041
HIT 3 1945640239261 453 11339420406471892226
HIT 3 1791021482141 417 5777117526052703498
HIT 3 1945640304797 453 3515939378070990428
HIT 3 1791021547677 417 2048549063750735277
HIT 3 1945640370333 453 2701428948614451813
HIT 3 1791021613213 417 10572011013287854761
HIT 3 1945640435869 453 16815073955156903052
HIT 3 1791021678749 417 2274944044238786021
HIT 3 1945640501405 453 7588475167973547835
HIT 3 1791021744285 417 3853446378260597616
HIT 3 1945640566941 453 9732342860502226312
HIT 3 1791021809821 417 718960790438266349
HIT 3 1945640632477 453 13902483705303757820
HIT 3 1791021875357 417 5295232282306281732
HIT 3 1945640698013 453 8608042031997868745
HIT 3 1791021940893 417 17813773565644661076
HIT 3 1945640763549 453 11343888522116619605
HIT 3 1791022006429 417 17825475103240201891
HIT 3 1945640829085 453 17386610146660697821
HIT 3 1791022071965 417 8753887391712264528
HIT 3 1945640894621 453 1645575635474323288
HIT 3 1791022137501 417 17678207126131591371
HIT 3 1945640960157 453 12863689880044228245
HIT 3 1791022203037 417 1931186894924910030
HIT 3 1945641025693 453 3273082989929922403
HIT 3 1791022268573 417 3406982102403070062
HIT 3 1945641091229 453 4271373935726299272
HIT 3 1791022334109 417 3283301166739291096
HIT 3 1945641156765 453 12532099858923050355
HIT 3 1791022399645 417 10776606159355153074
HIT 3 1945641222301 453 11872472690551728170
HIT 3 1791022465181 417 4679472811570002873
HIT 3 1945641287837 453 10895564885475657193
HIT 3 1791022530717 417 9075206968959105416
HIT 3 1945641353373 453 2672156282697354284
HIT 3 1791022596253 417 2030415603475728437
HIT 3 1945641418909 453 14805848839799451855
HIT 3 1791022661789 417 14522377892140361099
HIT 3 1945641484445 453 12062208566224701638
HIT 3 1791022727325 417 2531079366444583010
HIT 3 1945641549981 453 5371047208509264397
HIT 3 1791022792861 417 17007413381209577621
HIT 3 1945641615517 453 15319110793392499418
HIT 3 1791022858397 417 16129686867132558543
HIT 3 1945641681053 453 15166652636419183138
HIT 3 1791022923933 417 6002466441295086481
HIT 3 1945641746589 453 4671310233276504563
HIT 3 1791022989469 417 17324397344001153626
HIT 3 1945641812125 453 9082214239033048623
HIT 3 1791023055005 417 11242442814308526621
HIT 3 1945641877661 453 4341597395919063857
HIT 3 1791023120541 417 16170199540930688410
HIT 3 1945641943197 453 2206411690588803646
HIT 3 1791023186077 417 5031664187402877187
HIT 3 1945642008733 453 824392125823066451
HIT 3 1791023251613 417 13726407196324038992
HIT 3 1945642074269 453 6309791481600480859
HIT 3 1791023317149 417 4179094349134932371
HIT 3 1945642139805 453 784659784832025227
HIT 3 1791023382685 417 2382603709024539769
HIT 3 1945642205341 453 11369509391196156666
HIT 3 1791023448221 417 7630991518566251486
HIT 3 1945642270877 453 14120397608106228470
HIT 3 1791023513757 417 10907591974141687485
HIT 3 1945642336413 453 17617261956793397061
HIT 3 1791023579293 417 17716415058250882323
HIT 3 1945642401949 453 8469939532811877288
HIT 3 1791023644829 417 11264885508160541024
HIT 3 1945642467485 453 18243545155250582122
HIT 3 1791023710365 417 15371156401816398056
HIT 3 1945642533021 453 2261493590425088960
HIT 3 1791023775901 417 14018265250182952839
HIT 3 1945642598557 453 16204856251931535895
HIT 3 1791023841437 417 7556271083010116540
HIT 3 1945642664093 453 13800751809765602393
HIT 3 1791023906973 417 5784885570894671350
HIT 3 1945642729629 453 13069006603271682285
HIT 3 1791023972509 417 10104967329140829606
HIT 3 1945642795165 453 2311946951659068150
HIT 3 1791024038045 417 363827944681035087
HIT 3 1945642860701 453 14344401358000368307
HIT 3 1791024103581 417 9333137471333715115
HIT 3 1945642926237 453 4581489671085721208
HIT 3 1791024169117 417 14289008741750013955
HIT 3 1945642991773 453 16528127580677412509
HIT 3 1791024234653 417 15170512940360987140
HIT 3 1945643057309 453 2093835689205568940
HIT 3 1791024300189 417 4069047114753656526
HIT 3 1945643122845 453 112722461704009085
HIT 3 1791024365725 417 4539967355099986345
HIT 3 1945643188381 453 11375955492396643575
HIT 3 1791024431261 417 4419043300480254968
HIT 3 1945643253917 453 4273899805341318249
HIT 3 1791024496797 417 2668931241090531230
HIT 3 1945643319453 453 3542198656649969008
HIT 3 1791024562333 417 2460375687867292403
HIT 3 1945643384989 453 9682678954653419202
HIT 3 1791024627869 417 9503259802383506196
HIT 3 1945643450525 453 16106163211407709691
HIT 3 1791024693405 417 7378943553468181721
HIT 3 1945643516061 453 8875399410739857313
HIT 3 1791024758941 417 11580170963297204686
HIT 3 1945643581597 453 17838863919878769808
HIT 3 1791024824477 417 9658895274932478193
HIT 3 1945643647133 453 6548332952357935641
HIT 3 1791024890013 417 5911312110100249849
HIT 3 1945643712669 453 3787337249674742261
HIT 3 1791024955549 417 6258587250318903108
HIT 3 1945643778205 453 14843927747128102378
HIT 3 1791025021085 417 1191837156217985183
HIT 3 1945643843741 453 8380283334098956775
HIT 3 1791025086621 417 947021055016109450
HIT 3 1945643909277 453 3444577774407509197
HIT 3 1791025152157 417 17724735670300481006
HIT 3 1945643974813 453 11295132620361705798
HIT 3 1791025217693 417 6304192002840719465
HIT 3 1945644040349 453 1301887113972200040
HIT 3 1791025283229 417 8393973268668359105
HIT 3 1945644105885 453 5809060557445522877
HIT 3 1791025348765 417 3583960581250589672
HIT 3 1945644171421 453 1586180936973654123
HIT 3 1791025414301 417 13729174789391959719
HIT 3 1945644236957 453 2406996369839504993
HIT 3 1791025479837 417 8631070818709867182
HIT 3 1945644302493 453 12093573804941269901
HIT 3 1791025545373 417 8446999565333767594
HIT 3 1945644368029 453 55843152116267415
HIT 3 1791025610909 417 142547371196238619
HIT 3 1945644433565 453 1435680090735236243
HIT 3 1791025676445 417 13093364306780283095
HIT 3 1945644499101 453 3164353166616393462
HIT 3 1791025741981 417 13683270928892419463
HIT 3 1945644564637 453 18079285575216268997
HIT 3 1791025807517 417 14996356818688638196
HIT 3 1945644630173 453 18446675778349508272
HIT 3 1791025873053 417 16342460138787908070
HIT 3 1945644695709 453 11319781656930781668
HIT 3 1791025938589 417 92065771746488958
HIT 3 1945644761245 453 13379473625298415038
HIT 3 1791026004125 417 18084350178543008268
HIT 3 1945644826781 453 1407066443798277330
HIT 3 1791026069661 417 10267032917000540808
HIT 3 1945644892317 453 5437571701687341613
HIT 3 1791026135197 417 16761432741627952019
HIT 3 1945644957853 453 8988134659535975228
HIT 3 1791026200733 417 313655339759935758
HIT 3 1945645023389 453 14134561075932040716
HIT 3 1791026266269 417 17165319484478690644
HIT 3 1945645088925 453 15831355970250111115
HIT 3 1791026331805 417 7261086406135945463
HIT 3 1945645154461 453 847525215954319056
HIT 3 1791026397341 417 2419444676751566693
HIT 3 1945645219997 453 1532722147470463180
HIT 3 1791026462877 417 7965234195894546285
HIT 3 1945645285533 453 13163981907604779517
HIT 3 1791026528413 417 696319255825398135
HIT 3 1945645351069 453 10106857045203870692
HIT 3 1791026593949 417 10504287562369795796
HIT 3 1945645416605 453 4364670468738707225
HIT 3 1791026659485 417 9133778172096310378
HIT 3 1945645482141 453 13682116893156538024
HIT 3 1791026725021 417 2584767369317692514
HIT 3 1945645547677 453 14165330494049093042
HIT 3 1791026790557 417 5785541684874424139
HIT 3 1945645613213 453 7248616769685972490
HIT 3 1791026856093 417 10155473622460454157
HIT 3 1945645678749 453 17572494874292725505
HIT 3 1791026921629 417 5592690178493156671
HIT 3 1945645744285 453 4165143288533546164
HIT 3 1791026987165 417 16988889735410478435
HIT 3 1945645809821 453 13812117531560036932
HIT 3 1791027052701 417 6667234095560396010
HIT 3 1945645875357 453 901025061620745438
HIT 3 1791027118237 417 6016870384667586923
HIT 3 1945645940893 453 1157711022680564740
HIT 3 1791027183773 417 61587065913642901
HIT 3 1945646006429 453 10575926328238257490
HIT 3 1791027249309 417 17166953665947482674
HIT 3 1945647382684 453 5903391178892700276
HIT 3 1799618560156 419 11298048383538084470
HIT 3 1945647448220 453 3666508180979860385
HIT 3 1937057579164 451 17137295171522216703
HIT 3 1941352546460 452 2440080319258832704
HIT 3 1945647513756 453 17534264398344913691
HIT 3 1954237448348 455 10145788424771793715
HIT 3 1945647644828 453 14871855052806873587
HIT 3 1954239742108 455 12749839551044935802
HIT 3 1945646071965 453 4907597067341877524
HIT 3 1791027314845 417 7533999109585362563
HIT 3 1945646137501 453 14077560696124159617
HIT 3 1791027380381 417 16555956384203370609
HIT 3 1945646203037 453 15006231748775558776
HIT 3 1791027445917 417 13614517120949341298
HIT 3 1945646268573 453 10385184290084606816
HIT 3 1791027511453 417 3235231628669337482
HIT 3 1945646334109 453 7034302781402485372
HIT 3 1791027576989 417 8264051600585860465
HIT 3 1945646399645 453 2837214329868578980
HIT 3 1791027642525 417 9084226023142903371
HIT 3 1945646465181 453 9480912044826350305
HIT 3 1791027708061 417 15237620434569339417
HIT 3 1945646530717 453 15713800635298837169
HIT 3 1791027773597 417 4455573934179579653
HIT 3 1945646596253 453 1228848234868048898
HIT 3 1791027839133 417 7100554896793658768
HIT 3 1945646661789 453 4551112403449042653
HIT 3 1791027904669 417 10912264165551676357
HIT 3 1945646727325 453 898009879882280833
HIT 3 1791027970205 417 17167777153450239073
HIT 3 1945646792861 453 16502255263547448198
HIT 3 1791028035741 417 2074198008314825945
HIT 3 1945646858397 453 15328844659758137537
HIT 3 1791028101277 417 6178541762463547944
HIT 3 1945646923933 453 6700265324137360026
HIT 3 1791028166813 417 5107576972348638025
HIT 3 1945646989469 453 2423264894310665384
HIT 3 1791028232349 417 11429291809508435911
HIT 3 1945647055005 453 4219508273000707889
HIT 3 1791028297885 417 11779594914723458692
HIT 3 1945647120541 453 12260102664725067475
HIT 3 1791028363421 417 15180137351976944175
HIT 3 1945647186077 453 9410102836969440049
HIT 3 1782438494365 415 15180137351976944175
HIT 3 1791028428957 417 419533682750471608
HIT 3 1945647251613 453 6238984291611882975
HIT 3 1791028494493 417 10474203514405638432
HIT 3 1799618429085 419 8339912789352559130
HIT 3 1945647317149 453 6047243542093820768
HIT 3 1791028560029 417 8339912789352559130
HIT 3 1937057448093 451 11516860014179176374
HIT 3 1941352415389 452 745137595010587569
HIT 3 1945647382685 453 409767939863515652
HIT 3 1954237317277 455 6875023910847454528
HIT 3 1795323592861 418 16736620711695667907
HIT 3 1799618560157 419 4552592580400090075
HIT 3 1808208494749 421 14002975155509623500
HIT 3 1937057513629 451 7053420465012064735
HIT 3 1941352480925 452 12126575177195607656
HIT 3 1945647448221 453 4766370192014103909
HIT 3 1954237382813 455 80597016718166906
HIT 3 1795323658397 418 9999845923094982421
HIT 3 1799618625693 419 14002975155509623500
HIT 3 1803913592989 420 16736620711695667907
HIT 3 1808208560285 421 10363600247392167255
HIT 3 1812503527581 422 16024614636139049688
HIT 3 1816798494877 423 2621442823793845984
HIT 3 1821093462173 424 14145698939701138991
HIT 3 1825388429469 425 12836994429503977920
HIT 3 1829683396765 426 1474466848926350481
HIT 3 1833978364061 427 47312837782205318
HIT 3 1838273331357 428 7129727747044002593
HIT 3 1842568298653 429 14217586342751174948
HIT 3 1846863265949 430 17671949236850903415
HIT 3 1851158233245 431 5114102606828374133
HIT 3 1855453200541 432 9084651711934741061
HIT 3 1859748167837 433 4312491885895446379
HIT 3 1864043135133 434 13417099753634338074
HIT 3 1868338102429 435 16260208861504503507
HIT 3 1872633069725 436 8499633176302270669
HIT 3 1876928037021 437 10960769320786571348
HIT 3 1881223004317 438 18310814287912700833
HIT 3 1885517971613 439 2207348830749458622
HIT 3 1889812938909 440 12512427402557130083
HIT 3 1894107906205 441 2866255991232614480
HIT 3 1898402873501 442 8540242286001492331
HIT 3 1902697840797 443 16227896836582392515
HIT 3 1906992808093 444 8573117682613480499
HIT 3 1911287775389 445 15731935168192390757
HIT 3 1915582742685 446 3972764864343691344
HIT 3 1919877709981 447 10028146823043221847
HIT 3 1924172677277 448 17910641595750083337
HIT 3 1928467644573 449 208479191692018585
HIT 3 1932762611869 450 8383948556171198409
HIT 3 1937057579165 451 3022015184195766706
HIT 3 1941352546461 452 5334567240693721127
HIT 3 1945647513757 453 6281438137149918820
HIT 3 1949942481053 454 2086889002386397943
HIT 3 1954237448349 455 106456777725786679
HIT 3 1958532415645 456 7179970879859836626
HIT 3 1962827382941 457 13816313479116571126
HIT 3 1967122350237 458 13816399694296660666
HIT 3 1971417317533 459 750547385393160640
HIT 3 1975712284829 460 16475566867916246308
HIT 3 1980007252125 461 9261804197237579068
HIT 3 1984302219421 462 10514009691259804645
HIT 3 1988597186717 463 2187686252886227076
HIT 3 1992892154013 464 17537897329548444825
HIT 3 1997187121309 465 1269462069895809277
HIT 3 2001482088605 466 2179010366443713019
HIT 3 2005777055901 467 12683078426003538067
HIT 3 2010072023197 468 6005883125790528857
HIT 3 2014366990493 469 14592477102585157698
HIT 3 2018661957789 470 13025083933730949757
HIT 3 2022956925085 471 11311210077717913788
HIT 3 2027251892381 472 17078559157275118810
HIT 3 2031546859677 473 14839670343877615988
HIT 3 2035841826973 474 15784860613380376511
HIT 3 2040136794269 475 8406548192043142903
HIT 3 2044431761565 476 14959228126683940093
HIT 3 2048726728861 477 2242164478305414749
HIT 3 2053021696157 478 2348765163155935974
HIT 3 2057316663453 479 15351270322960325487
HIT 3 2061611630749 480 11851143241485000930
HIT 3 2065906598045 481 4368199127660486787
HIT 3 2070201565341 482 1033825021835269549
HIT 3 2074496532637 483 15881440969150953160
HIT 3 2078791499933 484 14878387049858357654
HIT 3 2083086467229 485 11555191122831914125
HIT 3 2087381434525 486 4469627371525832820
HIT 3 2091676401821 487 1271059110460216094
HIT 3 2095971369117 488 10821260577885545078
HIT 3 2100266336413 489 11561043173440363288
HIT 3 2104561303709 490 6602933856682629974
HIT 3 2108856271005 491 3313335244032909702
HIT 3 2113151238301 492 5620280103080864596
HIT 3 2117446205597 493 4844638310556324236
HIT 3 2121741172893 494 2254369494280449500
HIT 3 2126036140189 495 8717903328409372536
HIT 3 2130331107485 496 10599685739568727086
HIT 3 2134626074781 497 365677472843332518
HIT 3 2138921042077 498 4710643203648979041
HIT 3 2143216009373 499 8808224033197760665
HIT 3 2147510976669 500 11637152418552757664
HIT 3 2151805943965 501 13006873876719780021
HIT 3 2156100911261 502 4530363245806647929
HIT 3 2160395878557 503 1858997903231528579
HIT 3 2164690845853 504 17908251644481063799
HIT 3 2168985813149 505 3732181317115396576
HIT 3 2173280780445 506 3926088980057144570
HIT 3 2177575747741 507 4320529038065764599
HIT 3 2181870715037 508 15848494148082555192
HIT 3 2186165682333 509 16527655159444248038
HIT 3 2190460649629 510 12143317629385689422
HIT 3 2194755616925 511 12975905961707219659
HIT 3 1808208625821 421 583203609928477633
HIT 3 1945647579293 453 9474604587391866074
HIT 3 1937057710237 451 1109001096168207236
HIT 3 1941352677533 452 11618891837784600448
HIT 3 1945647644829 453 16000220056871860556
HIT 3 1954237579421 455 12384450716278035904
HIT 3 1945647710365 453 3835225353784780538
HIT 3 1945647775901 453 6285218870448509589
HIT 3 1945647841437 453 16754026346091032335
HIT 3 1945647906973 453 2110287379905182588
HIT 3 1945647972509 453 13067092422381089389
HIT 3 1945648038045 453 12235983447105965204
HIT 3 1945648103581 453 1214320273091717901
HIT 3 1945648169117 453 11888954212021363377
HIT 3 1945648234653 453 1351458613665258583
HIT 3 1945648300189 453 15757977052246254006
HIT 3 1945648365725 453 9945874819348405056
HIT 3 1945648431261 453 14303537212985358703
HIT 3 1945648496797 453 11960675062233928522
HIT 3 1945648562333 453 11455299906764452779
HIT 3 1945648627869 453 8412286736794460820
HIT 3 1945648693405 453 15186736467123423164
HIT 3 1945648758941 453 14864098334795328040
HIT 3 1945648824477 453 16696626170929114963
HIT 3 1945648890013 453 7679380499655791318
HIT 3 1945648955549 453 578815384110986252
HIT 3 1945649021085 453 3335559930847576116
HIT 3 1945649086621 453 1697808274775742068
HIT 3 1945649152157 453 5886711880639174795
HIT 3 1945649217693 453 7873137462347163619
HIT 3 1945649283229 453 2247795875847684937
HIT 3 1945649348765 453 17570507667137738020
HIT 3 1945649414301 453 12069229051476384138
HIT 3 1945649479837 453 8052077920731826569
HIT 3 1945649545373 453 14796772500437500809
HIT 3 1937059676317 451 14796772500437500809
HIT 3 1945649610909 453 4180776209310977007
HIT 3 1945649676445 453 971191203835725343
HIT 3 1954239611037 455 3935507909182894477
HIT 3 1945649741981 453 3935507909182894477
HIT 3 1949944774813 454 12894987070782751471
HIT 3 1954239742109 455 2640311622366468876
HIT 3 1962829676701 457 8553315658582157729
HIT 3 1949944840349 454 2220140836318965069
HIT 3 1954239807645 455 8553315658582157729
HIT 3 1958534774941 456 12894987070782751471
HIT 3 1962829742237 457 10233148799949882931
HIT 3 1967124709533 458 8919814043019551429
HIT 3 1971419676829 459 12675089260074225263
HIT 3 1975714644125 460 12565436695333459801
HIT 3 1980009611421 461 7907424586850773755
HIT 3 1984304578717 462 18062262574006732799
HIT 3 1988599546013 463 14386414064475566555
HIT 3 1992894513309 464 15300291281473128157
HIT 3 1997189480605 465 7794922146065426704
HIT 3 2001484447901 466 17589086005934636128
HIT 3 2005779415197 467 14097122404362638294
HIT 3 2010074382493 468 16012458817344667509
HIT 3 2014369349789 469 12640556754150238934
HIT 3 2018664317085 470 7195461212086348284
HIT 3 2022959284381 471 451326870902423595
HIT 3 2027254251677 472 13779259202387393028
HIT 3 2031549218973 473 12693054838962989623
HIT 3 2035844186269 474 3877914374132404464
HIT 3 2040139153565 475 2662017621748304250
HIT 3 2044434120861 476 16237752472727207097
HIT 3 2048729088157 477 8364185167583377670
HIT 3 2053024055453 478 2303860174473326271
HIT 3 2057319022749 479 9782091889434102362
HIT 3 2061613990045 480 2647747949210056762
HIT 3 2065908957341 481 10996068460853689177
HIT 3 2070203924637 482 11480916210148718274
HIT 3 2074498891933 483 7910600306658453140
HIT 3 2078793859229 484 1737909305866161618
HIT 3 2083088826525 485 8094558185891545428
HIT 3 2087383793821 486 12026458965138863723
HIT 3 2091678761117 487 17951884940381985446
HIT 3 2095973728413 488 15507618820590282211
HIT 3 2100268695709 489 9907203216619024893
HIT 3 2104563663005 490 14082050041569779254
HIT 3 2108858630301 491 11765880539070246036
HIT 3 2113153597597 492 636105977463398506
HIT 3 2117448564893 493 2274843398589897155
HIT 3 2121743532189 494 4973408023185141784
HIT 3 2126038499485 495 15118085926532270148
HIT 3 2130333466781 496 3628278075833239029
HIT 3 2134628434077 497 17303452015098261201
HIT 3 2138923401373 498 14444991851304240682
HIT 3 2143218368669 499 14111711980948455065
HIT 3 2147513335965 500 2200206020918848174
HIT 3 2151808303261 501 7080934004234484766
HIT 3 2156103270557 502 13657337400036909020
HIT 3 2160398237853 503 13016338161122095701
HIT 3 2164693205149 504 17698708086229420897
HIT 3 2168988172445 505 14547415191567134417
HIT 3 2173283139741 506 807338643277705157
HIT 3 2177578107037 507 10571434703849110738
HIT 3 2181873074333 508 5065448428496470985
HIT 3 2186168041629 509 6153351741010119193
HIT 3 2190463008925 510 9586400982802079763
HIT 3 2194757976221 511 4200800849295202793
HIT 3 1962829807773 457 2723602861378657631
HIT 3 1791013421216 417 14045954068673840891
HIT 3 1945632243872 453 735593991577475078
HIT 3 1791013421217 417 16134020676118782978
HIT 3 1945632243873 453 11077920818119291762
HIT 3 1945647513758 453 4675205125132304978
HIT 3 1945647382687 453 6751950659881826709
HIT 3 1799618560159 419 3740238428588805370
HIT 3 1945647448223 453 16115032605991073316
HIT 3 1937057579167 451 2489022668617553004
HIT 3 1941352546463 452 5632084371880788702
HIT 3 1945647513759 453 11340999633475106109
HIT 3 1954237448351 455 3230400414571855703
HIT 3 1945647644831 453 9629777514448216648
HIT 3 1954239742111 455 1043451163002087438
HIT 3 1791013421218 417 15456370253217476605
HIT 3 1945632243874 453 7954221951780200105
HIT 3 1791013421219 417 7500831941150644088
HIT 3 1945632243875 453 2818422264414435064
HIT 3 1945647513761 453 15623691784692894075
HIT 3 1791013421220 417 653938636226988536
HIT 3 1945632243876 453 10770707808252973980
HIT 3 1945647513760 453 17590960723534775767
HIT 3 1791013421221 417 16532231224791444437
HIT 3 1945632243877 453 4387023187791642649
HIT 3 1945647513764 453 10149475912224411753
HIT 3 1945647513762 453 8975048169327076647
HIT 3 1791013421222 417 1451905268138986635
HIT 3 1945632243878 453 5246370320567769527
HIT 3 1945647513763 453 17242558542116077452
HIT 3 1791013421223 417 10413716237676083423
HIT 3 1945632243879 453 13579310209902194697
HIT 3 1791013421224 417 15975505783401291899
HIT 3 1945632243880 453 14992504510557455412
HIT 3 1945647513765 453 16506194216665983914
HIT 3 1791013421225 417 12136037415424333135
HIT 3 1945632243881 453 5215291751340406843
HIT 3 1945647513766 453 1897747219380763629
HIT 3 1791013421226 417 17558273876124712374
HIT 3 1945632243882 453 17688505648365778571
HIT 3 1945647513767 453 1055626131679258046
HIT 3 1945647513770 453 11624677316695232567
HIT 3 1945647513768 453 13733221433781248830
HIT 3 1791013421227 417 6408822979832629383
HIT 3 1945632243883 453 12304318428050097740
HIT 3 1945647513769 453 17332825591645470308
HIT 3 1791013421229 417 4238613744922563783
HIT 3 1945632243885 453 16696701270935402419
HIT 3 1791013421228 417 13144156762863205481
HIT 3 1945632243884 453 16969808030581482644
HIT 3 1791013421230 417 11718570377546933608
HIT 3 1945632243886 453 10665754062432116462
HIT 3 1945647513771 453 14452842488304317831
HIT 3 1945647513773 453 9593169222488977506
HIT 3 1791013421231 417 6681073742428797909
HIT 3 1945632243887 453 4735776124000150059
HIT 3 1791013421232 417 14537136331073183582
HIT 3 1945632243888 453 862904496003315947
HIT 3 1945647513772 453 6513187726203039881
HIT 3 1945647513774 453 1596947633935204626
HIT 3 1791013421233 417 10055890692301830990
HIT 3 1945632243889 453 16483132670190039941
HIT 3 1791013421234 417 18101050195504162330
HIT 3 1945632243890 453 13768386541452572797
HIT 3 1945647513775 453 5439854040939968601
HIT 3 1945647513776 453 2091684499202447636
HIT 3 1791013290164 417 2671347254698609623
HIT 3 1945632112820 453 549026561980857198
HIT 3 1791013421236 417 7391910209193104833
HIT 3 1945632243892 453 2000721393120796672
HIT 3 1791013421235 417 379230721061604855
HIT 3 1945632243891 453 16862395997157691010
HIT 3 1945647513778 453 17100092635110843842
HIT 3 1945647513777 453 9494073289868607224
HIT 3 1791013421237 417 2671347254698609623
HIT 3 1945632243893 453 549026561980857198
HIT 3 1791013421238 417 6705505995420448627
HIT 3 1945632243894 453 980579466695142408
HIT 3 1945647513780 453 16680462054548656356
HIT 3 1945647513779 453 11843875504095585553
HIT 3 1791013421239 417 2323542411680606705
HIT 3 1945632243895 453 1239251885311252492
HIT 3 1791013552311 417 6705505995420448627
HIT 3 1945632374967 453 980579466695142408
HIT 3 1791013552312 417 3873031892961694247
HIT 3 1945632374968 453 1689469442737539814
HIT 3 1791013617848 417 4927136710739659400
HIT 3 1945632440504 453 6472981833172732701
HIT 3 1791013683384 417 3006311125511129250
HIT 3 1945632506040 453 7597062462263166101
HIT 3 1791013748920 417 17007446588932202901
HIT 3 1945632571576 453 10792637944166500152
HIT 3 1791013814456 417 1159803057673374967
HIT 3 1945632637112 453 17439036827825447347
HIT 3 1791013879992 417 7495397949412962162
HIT 3 1945632702648 453 8397162836448694243
HIT 3 1791013945528 417 5595312613920572111
HIT 3 1945632768184 453 1303234930113721406
HIT 3 1791014011064 417 5765984845705705877
HIT 3 1945632833720 453 4144234773295186663
HIT 3 1791014076600 417 4126458288881953415
HIT 3 1945632899256 453 14389965267428732732
HIT 3 1791014142136 417 2730276841157502543
HIT 3 1945632964792 453 17858474724164649738
HIT 3 1791014207672 417 7459873096062487109
HIT 3 1945633030328 453 13599735746014213424
HIT 3 1791014273208 417 5963263917932991823
HIT 3 1945633095864 453 9375067172628699376
HIT 3 1791014338744 417 14369311102316454808
HIT 3 1945633161400 453 8196141870850674242
HIT 3 1791014404280 417 7015873664483193827
HIT 3 1945633226936 453 5118757712026662417
HIT 3 1791014469816 417 16367727278610166839
HIT 3 1945633292472 453 9313600818145184658
HIT 3 1791014535352 417 14601862079577035784
HIT 3 1945633358008 453 14882280605294172962
HIT 3 1791014600888 417 1897220660462409164
HIT 3 1945633423544 453 12572944167095112617
HIT 3 1791014666424 417 10503317839896771578
HIT 3 1945633489080 453 4422988714194440667
HIT 3 1791014731960 417 18235550768730483941
HIT 3 1945633554616 453 17228813330849429872
HIT 3 1791014797496 417 1229485158934057816
HIT 3 1945633620152 453 8630862158399511370
HIT 3 1791014863032 417 185347538632657401
HIT 3 1945633685688 453 11163243633446477879
HIT 3 1791014928568 417 10672058788124518718
HIT 3 1945633751224 453 941350212855189117
HIT 3 1791014994104 417 9715160213896088609
HIT 3 1945633816760 453 16283932735448829649
HIT 3 1791015059640 417 1986559228582265962
HIT 3 1945633882296 453 9057494723648694927
HIT 3 1791015125176 417 11800521174457330050
HIT 3 1945633947832 453 2105459932584153370
HIT 3 1791015190712 417 5333965999523451505
HIT 3 1945634013368 453 10693380392876092541
HIT 3 1791015256248 417 142597426216853443
HIT 3 1945634078904 453 15115399942223751960
HIT 3 1791015321784 417 10158176580462456848
HIT 3 1945634144440 453 15349311893611681456
HIT 3 1791015387320 417 1538290490046845620
HIT 3 1945634209976 453 14110088241478834317
HIT 3 1791015452856 417 16379221273118920082
HIT 3 1945634275512 453 7267708502129662638
HIT 3 1791015518392 417 8091966559469256982
HIT 3 1945634341048 453 14589518638479928041
HIT 3 1791015583928 417 9603074855682827505
HIT 3 1945634406584 453 12253318686015658294
HIT 3 1791015649464 417 4010035514139537276
HIT 3 1945634472120 453 10369927781071716946
HIT 3 1791015715000 417 7120074118140048407
HIT 3 1945634537656 453 15055900819872566589
HIT 3 1791015780536 417 5711470215983151646
HIT 3 1945634603192 453 191173268877150354
HIT 3 1791015846072 417 9770534287084997380
HIT 3 1945634668728 453 1314794979667150402
HIT 3 1791015911608 417 5003594827672766439
HIT 3 1945634734264 453 6542160924639126077
HIT 3 1791015977144 417 8446571248915270507
HIT 3 1945634799800 453 4155989754224282975
HIT 3 1791016042680 417 12464943116955007781
HIT 3 1945634865336 453 1535053025748162789
HIT 3 1791016108216 417 9041551057188749726
HIT 3 1945634930872 453 4447786155530149865
HIT 3 1791016173752 417 17149551851838102007
HIT 3 1945634996408 453 6461430492767845204
HIT 3 1791016239288 417 215291043629391064
HIT 3 1945635061944 453 7277320217578351188
HIT 3 1791016304824 417 4931678110259451870
HIT 3 1945635127480 453 13489675400555545598
HIT 3 1791016370360 417 1714785893771556999
HIT 3 1945635193016 453 15193417022201282467
HIT 3 1791016435896 417 10726236961577785113
HIT 3 1945635258552 453 2241269907520765008
HIT 3 1791016501432 417 1954043828317213988
HIT 3 1945635324088 453 2615159045138264803
HIT 3 1791016566968 417 1040712374032758014
HIT 3 1945635389624 453 332371367848544605
HIT 3 1791016632504 417 11452853257776962962
HIT 3 1945635455160 453 17677687054979451891
HIT 3 1791016698040 417 10866979363962743698
HIT 3 1945635520696 453 9916601478011370931
HIT 3 1791016763576 417 13419688470413817426
HIT 3 1945635586232 453 1613836230431383673
HIT 3 1791016829112 417 13493434423548648730
HIT 3 1945635651768 453 8965508673918688216
HIT 3 1791016894648 417 15049392516841831957
HIT 3 1945635717304 453 15370967098378393080
HIT 3 1791016960184 417 1673125917689212025
HIT 3 1945635782840 453 1728444346187387477
HIT 3 1791017025720 417 3596237309038520088
HIT 3 1945635848376 453 2663823767189859190
HIT 3 1791017091256 417 10488433931293799514
HIT 3 1945635913912 453 408013519441769846
HIT 3 1791017156792 417 2307569786461837275
HIT 3 1945635979448 453 4284364845376338299
HIT 3 1791017222328 417 6898646989459839897
HIT 3 1945636044984 453 16323737915012882776
HIT 3 1791017287864 417 7549304585721803841
HIT 3 1945636110520 453 13228778067038814450
HIT 3 1791017353400 417 8364582755261748212
HIT 3 1945636176056 453 2038980891770006476
HIT 3 1791017418936 417 9437640553901389376
HIT 3 1945636241592 453 10364308533189367919
HIT 3 1791017484472 417 1437236161080898291
HIT 3 1945636307128 453 7695857909843235441
HIT 3 1791017550008 417 15325956465539274153
HIT 3 1945636372664 453 4083080389757226460
HIT 3 1791017615544 417 4905366363460319837
HIT 3 1945636438200 453 9433400800041477839
HIT 3 1791017681080 417 14190108460869813939
HIT 3 1945636503736 453 11055120821898707417
HIT 3 1791017746616 417 4298723625213073981
HIT 3 1945636569272 453 6552401024227224553
HIT 3 1791017812152 417 9872888882112477893
HIT 3 1945636634808 453 3432085050150328774
HIT 3 1791017877688 417 14764408327111569995
HIT 3 1945636700344 453 2559380098089096429
HIT 3 1791017943224 417 15603082850081821792
HIT 3 1945636765880 453 15522397370885155319
HIT 3 1791018008760 417 718518707405638280
HIT 3 1945636831416 453 12750522635697111804
HIT 3 1791018074296 417 8622351298026873384
HIT 3 1945636896952 453 3558717644491884606
HIT 3 1791018139832 417 9506523918489007077
HIT 3 1945636962488 453 8015061935127443463
HIT 3 1791018205368 417 1241540543288146296
HIT 3 1945637028024 453 3928756046423620857
HIT 3 1791018270904 417 10682115491821100332
HIT 3 1945637093560 453 763910687274545397
HIT 3 1791018336440 417 5751902448867908738
HIT 3 1945637159096 453 10571762120959539029
HIT 3 1791018401976 417 11594229897615606268
HIT 3 1945637224632 453 11574516118243348097
HIT 3 1791018467512 417 13587509187946653136
HIT 3 1945637290168 453 8671029030848811564
HIT 3 1791018533048 417 10561158200461200575
HIT 3 1945637355704 453 1107898966516814908
HIT 3 1791018598584 417 9429870211802356068
HIT 3 1945637421240 453 10474289475296983962
HIT 3 1791018664120 417 13957636069443018776
HIT 3 1945637486776 453 650006736582704038
HIT 3 1945647513781 453 6203181233831656493
HIT 3 1791018729656 417 11181236645043172781
HIT 3 1945637552312 453 15779589692532665206
HIT 3 1791018795192 417 14201450871748636420
HIT 3 1945637617848 453 1447664751719756257
HIT 3 1791018860728 417 16993543047407678388
HIT 3 1945637683384 453 14062607191963074634
HIT 3 1791018926264 417 10411807765878083568
HIT 3 1945637748920 453 17114518087757849452
HIT 3 1791018991800 417 15631483824138462643
HIT 3 1945637814456 453 15223416429525007214
HIT 3 1791019057336 417 17405365185619427211
HIT 3 1945637879992 453 8397855863580647444
HIT 3 1791019122872 417 8411660622239909205
HIT 3 1945637945528 453 9725627147615356115
HIT 3 1791019188408 417 570074431398287424
HIT 3 1945638011064 453 12878183467148581263
HIT 3 1791019253944 417 47975914209964087
HIT 3 1945638076600 453 7018187300564503320
HIT 3 1791019319480 417 16749049286373644498
HIT 3 1945638142136 453 4329075669992655969
HIT 3 1791019385016 417 17590698331990636296
HIT 3 1945638207672 453 3792898142970353863
HIT 3 1791019450552 417 5819167255720453315
HIT 3 1945638273208 453 2458410956345186941
HIT 3 1791019516088 417 1233178810135755013
HIT 3 1945638338744 453 3429724285055181824
HIT 3 1791019581624 417 1528255345378315175
HIT 3 1945638404280 453 8692169137342828888
HIT 3 1791019647160 417 12831493173441280242
HIT 3 1945638469816 453 2493796274032278407
HIT 3 1791019712696 417 18288747598282894301
HIT 3 1945638535352 453 13949513660458173358
HIT 3 1791019778232 417 3598387847681547500
HIT 3 1945638600888 453 10805874457333473143
HIT 3 1791019843768 417 5791603950274957158
HIT 3 1945638666424 453 13426377942108423398
HIT 3 1791019909304 417 13277050911770794099
HIT 3 1945638731960 453 13038700306551766224
HIT 3 1791019974840 417 1933441092662373114
HIT 3 1945638797496 453 3313207575612520383
HIT 3 1791020040376 417 14897091539699268501
HIT 3 1945638863032 453 14667404025679105926
HIT 3 1791020105912 417 16693055094860685631
HIT 3 1945638928568 453 9920594971538838013
HIT 3 1791020171448 417 3554552985571815272
HIT 3 1945638994104 453 11381969390288900386
HIT 3 1791020236984 417 13144644277343897027
HIT 3 1945639059640 453 15446844454869095727
HIT 3 1791020302520 417 12120548091487958347
HIT 3 1945639125176 453 16288110066480207952
HIT 3 1791020368056 417 6663136706091737721
HIT 3 1945639190712 453 2847110191405116238
HIT 3 1791020433592 417 261782787098895424
HIT 3 1945639256248 453 963828977995510529
HIT 3 1791020499128 417 15766533301646981575
HIT 3 1945639321784 453 17861800827071577336
HIT 3 1791020564664 417 3604377184991118626
HIT 3 1945639387320 453 3333589642084227535
HIT 3 1791020630200 417 14710135729574998829
HIT 3 1945639452856 453 15016601612148740912
HIT 3 1791020695736 417 15054826734983529301
HIT 3 1945639518392 453 14653905085656236460
HIT 3 1791020761272 417 9337358831921457649
HIT 3 1945639583928 453 14230690658125402881
HIT 3 1791020826808 417 1124245076198275725
HIT 3 1945639649464 453 1026656622392962125
HIT 3 1791020892344 417 6902371875585360281
HIT 3 1945639715000 453 15690201397956969376
HIT 3 1791020957880 417 17093449684829640946
HIT 3 1945639780536 453 13126915440431124340
HIT 3 1791021023416 417 17235501201645464892
HIT 3 1945639846072 453 16477636963520021785
HIT 3 1782423617721 415 5164833177048230326
HIT 3 1786718585017 416 6396417940790318721
HIT 3 1791013552313 417 17098443793987638949
HIT 3 1799603486905 419 83953667614522122
HIT 3 1937042440377 451 1427474590394755938
HIT 3 1941337407673 452 6243920273893840010
HIT 3 1945632374969 453 3590428544585675334
HIT 3 1954222309561 455 9745297336409399046
HIT 3 807466107065 188 8062949956131724568
HIT 3 1791013617849 417 17007446588932202901
HIT 3 1945632440505 453 10792637944166500152
HIT 3 1791013683385 417 3873031892961694247
HIT 3 1945632506041 453 1689469442737539814
HIT 3 1791021088952 417 7509975752062274227
HIT 3 1945639911608 453 17509175955932551623
HIT 3 1791021154488 417 9533874741770214343
HIT 3 1945639977144 453 745943217742912242
HIT 3 1791021220024 417 13245493423750176271
HIT 3 1945640042680 453 4872133119738283375
HIT 3 1791021285560 417 17195006542956183655
HIT 3 1945640108216 453 18316345564681756565
HIT 3 1791021351096 417 7129539086685884020
HIT 3 1945640173752 453 6976867590935791155
HIT 3 1791021416632 417 6330622498205339732
HIT 3 1945640239288 453 13102126404622186675
HIT 3 1791021482168 417 15754766864795185398
HIT 3 1945640304824 453 17607260017602830275
HIT 3 1791021547704 417 2033320208037995156
HIT 3 1945640370360 453 16612683628644930482
HIT 3 1791021613240 417 10104125921694312148
HIT 3 1945640435896 453 2653745633969071942
HIT 3 1791021678776 417 12446002997716371617
HIT 3 1945640501432 453 138165415489806030
HIT 3 1945647382710 453 9568642735616301443
HIT 3 1799618560182 419 2323542411680606705
HIT 3 1945647448246 453 16563473193710454854
HIT 3 1937057579190 451 17894038190809769843
HIT 3 1941352546486 452 1104019400682214639
HIT 3 1945647513782 453 2660765920790458462
HIT 3 1954237448374 455 5018408535553992280
HIT 3 1791021744312 417 7787221269760666953
HIT 3 1945640566968 453 17203424464063294186
HIT 3 1791021809848 417 16639193861681843265
HIT 3 1945640632504 453 7472304098146794982
HIT 3 1791021875384 417 2540040216734793028
HIT 3 1945640698040 453 2602760237745652369
HIT 3 1791021940920 417 12861369528891437840
HIT 3 1945640763576 453 16239067803626584483
HIT 3 1791022006456 417 7848825256121697105
HIT 3 1945647644854 453 5664619329888454061
HIT 3 1945640829112 453 3958730006507100568
HIT 3 1791022071992 417 16255945520678014621
HIT 3 1945640894648 453 9773057771611650515
HIT 3 1791022137528 417 5793964514178435368
HIT 3 1945640960184 453 18330249105606713638
HIT 3 1791022203064 417 15642726521027121165
HIT 3 1945641025720 453 10231882414404237800
HIT 3 1791022268600 417 5732201562708961144
HIT 3 1945641091256 453 6839521058035506064
HIT 3 1791022334136 417 7464444673563787882
HIT 3 1945641156792 453 18184631551413825935
HIT 3 1791022399672 417 14791616734445444355
HIT 3 1945641222328 453 18411656146520398658
HIT 3 1791022465208 417 13592553206489459003
HIT 3 1945641287864 453 17971664895256244954
HIT 3 1791022530744 417 9664719787080539764
HIT 3 1945641353400 453 8431294031709126578
HIT 3 1791022596280 417 13642773505864281270
HIT 3 1945641418936 453 11540944324014626900
HIT 3 1791022661816 417 13094306406381718945
HIT 3 1945641484472 453 6710726696073155398
HIT 3 1791022727352 417 13185441667636396069
HIT 3 1945641550008 453 6970729355412399132
HIT 3 1791022792888 417 12177220144971723269
HIT 3 1945641615544 453 14308180378308620313
HIT 3 1791022858424 417 4040424907667470013
HIT 3 1945641681080 453 13312645414830714150
HIT 3 1791022923960 417 8421920569374763358
HIT 3 1945641746616 453 7830176941406100583
HIT 3 1791022989496 417 5337254684495999970
HIT 3 1954239742134 455 1239251885311252492
HIT 3 1945641812152 453 15091690760681752147
HIT 3 1791023055032 417 9824697489689670546
HIT 3 1945641877688 453 18362296010569006545
HIT 3 1791023120568 417 15843447634309868407
HIT 3 1945641943224 453 12303219134714302529
HIT 3 1791023186104 417 13651092082103210447
HIT 3 1945642008760 453 9846943319787217970
HIT 3 1791023251640 417 2133931375358641712
HIT 3 1945642074296 453 4113145583763634476
HIT 3 1791023317176 417 14937317132723715282
HIT 3 1945642139832 453 15412739848862126670
HIT 3 1791023382712 417 4394720658789667552
HIT 3 1945642205368 453 10112141102760660031
HIT 3 1791023448248 417 5605314944253058978
HIT 3 1945642270904 453 1004940018866070364
HIT 3 1791023513784 417 13994277264400349210
HIT 3 1945642336440 453 17068441599739724353
HIT 3 1791023579320 417 17868697108791482213
HIT 3 1945642401976 453 14929925263325192520
HIT 3 1791023644856 417 12671974902133183717
HIT 3 1945642467512 453 13822658603094888670
HIT 3 1791023710392 417 14713613023772573451
HIT 3 1945642533048 453 16802511437280701792
HIT 3 1791023775928 417 8564375216075188642
HIT 3 1945642598584 453 4831488096102176201
HIT 3 1791023841464 417 11546712894464680933
HIT 3 1945642664120 453 3390116063028557276
HIT 3 1791023907000 417 3480556374538015029
HIT 3 1945642729656 453 10366462581344712113
HIT 3 1791023972536 417 15150461246025089743
HIT 3 1945642795192 453 15994540656632236620
HIT 3 1791024038072 417 7676829432151715665
HIT 3 1945642860728 453 14104779753804756511
HIT 3 1791024103608 417 11939862323361973275
HIT 3 1945642926264 453 16947129667440184958
HIT 3 1791024169144 417 12829611454986146549
HIT 3 1945642991800 453 17714039349113102342
HIT 3 1791024234680 417 12527116515998617021
HIT 3 1945643057336 453 4058138269892175032
HIT 3 1791024300216 417 14645389672179902935
HIT 3 1945643122872 453 9489229002370984182
HIT 3 1791024365752 417 2995729684561066770
HIT 3 1945643188408 453 12433985284996487978
HIT 3 1791024431288 417 8577544048142011839
HIT 3 1945643253944 453 9091828260886418853
HIT 3 1791024496824 417 7355912055558007759
HIT 3 1945643319480 453 15524119114730063625
HIT 3 1791024562360 417 231244126060589660
HIT 3 1945643385016 453 2702270770473144506
HIT 3 1791024627896 417 10419288711523448866
HIT 3 1945643450552 453 4399253680228282995
HIT 3 1791024693432 417 1766085043897631597
HIT 3 1945643516088 453 6522157379839906003
HIT 3 1791024758968 417 3762982034896843649
HIT 3 1945643581624 453 6818693915567324467
HIT 3 1791024824504 417 17741719988239573176
HIT 3 1945643647160 453 6003400146234003640
HIT 3 1791024890040 417 5685761793007085678
HIT 3 1945643712696 453 7766197539096179619
HIT 3 1791024955576 417 12549172622779270162
HIT 3 1945643778232 453 13336986425602092395
HIT 3 1791025021112 417 15920429134537003860
HIT 3 1945643843768 453 12450362102859335916
HIT 3 1791025086648 417 15344005209364466116
HIT 3 1945643909304 453 2067600500637757739
HIT 3 1791025152184 417 4532068622275975970
HIT 3 1945643974840 453 9180143900502666678
HIT 3 1791025217720 417 12743009351123568548
HIT 3 1945644040376 453 3430737277474015314
HIT 3 1791025283256 417 12701979708371406269
HIT 3 1945644105912 453 3740406921902759278
HIT 3 1791025348792 417 15283557016362960836
HIT 3 1945644171448 453 11547296201291268328
HIT 3 1791025414328 417 6129170331869784430
HIT 3 1945644236984 453 9729892125410612912
HIT 3 1791025479864 417 6320469941321489739
HIT 3 1945644302520 453 10762194272251068786
HIT 3 1791025545400 417 3544363824087599426
HIT 3 1945644368056 453 14077050819363295314
HIT 3 1791025610936 417 8363686891013006020
HIT 3 1945644433592 453 14562147163563223708
HIT 3 1791025676472 417 11842472311671841116
HIT 3 1945644499128 453 7051303950203534472
HIT 3 1791025742008 417 5703001284566340451
HIT 3 1945644564664 453 348927237979213024
HIT 3 1791025807544 417 2561696895779294487
HIT 3 1945644630200 453 8209849682870841413
HIT 3 1791025873080 417 17896910787502860685
HIT 3 1945644695736 453 11041107733231050636
HIT 3 1791025938616 417 2345187541674638860
HIT 3 1945644761272 453 8490651865016026008
HIT 3 1791026004152 417 12342770828428398605
HIT 3 1945644826808 453 361339621940916722
HIT 3 1791026069688 417 6065109120657332637
HIT 3 1945644892344 453 17204020403961585827
HIT 3 1791026135224 417 16338233024847290960
HIT 3 1945644957880 453 16190343624759210129
HIT 3 1791026200760 417 14749883720512075836
HIT 3 1945645023416 453 8179235130306623768
HIT 3 1791026266296 417 7923046268295177044
HIT 3 1945645088952 453 10299866731587685938
HIT 3 1791026331832 417 16412828570681129994
HIT 3 1945645154488 453 12869779426349580925
HIT 3 1791026397368 417 7192171486175942806
HIT 3 1945645220024 453 11354005840869227629
HIT 3 1791026462904 417 11786554414386975799
HIT 3 1945645285560 453 16885976057355446706
HIT 3 1791026528440 417 7584947437788210912
HIT 3 1945645351096 453 6267486916565995201
HIT 3 1791026593976 417 7465949917496792358
HIT 3 1945645416632 453 5022338184696724592
HIT 3 1791026659512 417 11938730488357563434
HIT 3 1945645482168 453 16441088463288685032
HIT 3 1791026725048 417 18033632999236980901
HIT 3 1945645547704 453 17867028678174216281
HIT 3 1791026790584 417 5778689102395374876
HIT 3 1945645613240 453 16837378805139808291
HIT 3 1791026856120 417 16717955794887702570
HIT 3 1945645678776 453 4276033053353591585
HIT 3 1791026921656 417 15996564151053125895
HIT 3 1945645744312 453 6814438883456752215
HIT 3 1791026987192 417 366205339789760569
HIT 3 1945645809848 453 44427413314074280
HIT 3 1791027052728 417 8358076232502331719
HIT 3 1945645875384 453 10101697766003221701
HIT 3 1791027118264 417 2417772816094196184
HIT 3 1945645940920 453 13449069200483993408
HIT 3 1791027183800 417 9584484218370252759
HIT 3 1945646006456 453 3356765678823050273
HIT 3 1791027249336 417 9565703579403077618
HIT 3 1945646071992 453 12350087814128809533
HIT 3 1791027314872 417 765293637343723323
HIT 3 1945646137528 453 6365027088478055919
HIT 3 1791027380408 417 10127801115368473263
HIT 3 1945646203064 453 18222497332006197003
HIT 3 1791027445944 417 16888931293214123929
HIT 3 1945646268600 453 3936075794189638481
HIT 3 1791027511480 417 2678671258006125018
HIT 3 1945646334136 453 3866179329840656225
HIT 3 1791027577016 417 18063079197083950742
HIT 3 1945646399672 453 3543904673151139595
HIT 3 1791027642552 417 65486741204115599
HIT 3 1945646465208 453 16180020690424884254
HIT 3 1791027708088 417 581239947435582798
HIT 3 1945646530744 453 12301055843857290813
HIT 3 1791027773624 417 13056546928164984690
HIT 3 1945646596280 453 4301272847297611273
HIT 3 1791027839160 417 11641814974147844972
HIT 3 1945646661816 453 1628194404816136362
HIT 3 1791027904696 417 6635522573748244174
HIT 3 1945646727352 453 12447274857742014962
HIT 3 1791027970232 417 91997332808171354
HIT 3 1945646792888 453 17900500020861841653
HIT 3 1791028035768 417 10170454674323438564
HIT 3 1945646858424 453 17409880084427866637
HIT 3 1791028101304 417 10817848242693863876
HIT 3 1945646923960 453 17167274117392436972
HIT 3 1791028166840 417 7400318881909683044
HIT 3 1945646989496 453 14846192995298589883
HIT 3 1791028232376 417 15662470346981780317
HIT 3 1945647055032 453 10649280534035027164
HIT 3 1791028297912 417 18444713730737581790
HIT 3 1945647120568 453 11666693311783720159
HIT 3 1791028363448 417 8945162325646353249
HIT 3 1945647186104 453 14020001717108389004
HIT 3 1782438494392 415 8945162325646353249
HIT 3 1791028428984 417 4769548142512436627
HIT 3 1945647251640 453 7963221845141220738
HIT 3 1791028494520 417 5164833177048230326
HIT 3 1799618429112 419 1735522605690757023
HIT 3 1945647317176 453 17631944770085257022
HIT 3 1791028560056 417 1735522605690757023
HIT 3 1937057448120 451 12800584509424442469
HIT 3 1941352415416 452 3868448994710279834
HIT 3 1945647382712 453 243530017380268709
HIT 3 1954237317304 455 9658759953118433312
HIT 3 1795323592888 418 6615497441842585280
HIT 3 1799618560184 419 17098443793987638949
HIT 3 1945647513783 453 11691586328440894110
HIT 3 1791013683387 417 15799676208524758523
HIT 3 1945632506043 453 7695604759845223091
HIT 3 1808208494776 421 14296570723392372708
HIT 3 1937057513656 451 8886569852236114978
HIT 3 1941352480952 452 16742042126552201657
HIT 3 1945647448248 453 18013897212114533500
HIT 3 1954237382840 455 4424322442981544967
HIT 3 1795323658424 418 6396417940790318721
HIT 3 1799618625720 419 14296570723392372708
HIT 3 1803913593016 420 6615497441842585280
HIT 3 1808208560312 421 12412567719226667852
HIT 3 1812503527608 422 10688174221486758561
HIT 3 1816798494904 423 1733764495307916143
HIT 3 1821093462200 424 16976139841592350057
HIT 3 1825388429496 425 3467804054776069787
HIT 3 1829683396792 426 1122270186963305236
HIT 3 1833978364088 427 7750899268524149189
HIT 3 1838273331384 428 11273879565510002874
HIT 3 1842568298680 429 6279135248885456352
HIT 3 1846863265976 430 10180032965556912911
HIT 3 1851158233272 431 12815022541241299799
HIT 3 1855453200568 432 7186731421331047830
HIT 3 1859748167864 433 1299136381876604912
HIT 3 1864043135160 434 16414743053116860408
HIT 3 1868338102456 435 7310043978909452103
HIT 3 1872633069752 436 6552041582987419201
HIT 3 1876928037048 437 5670457091897357108
HIT 3 1881223004344 438 2994254786588285377
HIT 3 1885517971640 439 5239526939100734692
HIT 3 1889812938936 440 4242004093508478407
HIT 3 1894107906232 441 98012475145652247
HIT 3 1898402873528 442 6374299937397797466
HIT 3 1902697840824 443 15251865727072387991
HIT 3 1906992808120 444 2653113066732266430
HIT 3 1911287775416 445 14893747510017755595
HIT 3 1915582742712 446 3812672722377337791
HIT 3 1919877710008 447 2609391429587823020
HIT 3 1924172677304 448 2866359284627278144
HIT 3 1928467644600 449 5779186420995175084
HIT 3 1932762611896 450 6785022516901576592
HIT 3 1937057579192 451 4110255829132694399
HIT 3 1941352546488 452 6008259399773852337
HIT 3 1945647513784 453 2692540382106537439
HIT 3 1949942481080 454 7549991981712862113
HIT 3 1954237448376 455 11550663967584282868
HIT 3 1958532415672 456 11317828552520559868
HIT 3 1962827382968 457 1979966961196293137
HIT 3 1967122350264 458 14684588741427691425
HIT 3 1971417317560 459 11418743092536003265
HIT 3 1975712284856 460 16977572706468736423
HIT 3 1980007252152 461 14390219162165423930
HIT 3 1984302219448 462 5332330151862510859
HIT 3 1988597186744 463 3558541221131920845
HIT 3 1992892154040 464 9291213527442892393
HIT 3 1997187121336 465 9804928603357959235
HIT 3 2001482088632 466 13494066134533438903
HIT 3 2005777055928 467 15471905259538283478
HIT 3 2010072023224 468 17805393504958685312
HIT 3 2014366990520 469 79421060304633807
HIT 3 2018661957816 470 4701886256318963244
HIT 3 2022956925112 471 4767409865771641027
HIT 3 2027251892408 472 3772960385591968493
HIT 3 2031546859704 473 8585339559195304002
HIT 3 2035841827000 474 8226480627691345656
HIT 3 2040136794296 475 15105453253447014150
HIT 3 2044431761592 476 10055204835359533455
HIT 3 2048726728888 477 7423448588184817983
HIT 3 2053021696184 478 8687207497940560195
HIT 3 2057316663480 479 3194711137805149224
HIT 3 2061611630776 480 2521677597089102261
HIT 3 2065906598072 481 15405115181887646829
HIT 3 2070201565368 482 8120252393201596091
HIT 3 2074496532664 483 6083392524372586910
HIT 3 2078791499960 484 9746285530867328131
HIT 3 2083086467256 485 12121693435799873917
HIT 3 2087381434552 486 12066729508326337215
HIT 3 2091676401848 487 15996156191796388265
HIT 3 2095971369144 488 10554033624759742002
HIT 3 2100266336440 489 7945246143116583021
HIT 3 2104561303736 490 6535188623767600396
HIT 3 2108856271032 491 14858048802165535678
HIT 3 2113151238328 492 12344707940399083886
HIT 3 2117446205624 493 3066889367982479362
HIT 3 2121741172920 494 18055461623105538716
HIT 3 2126036140216 495 1645628737328176033
HIT 3 2130331107512 496 18400928529367369883
HIT 3 2134626074808 497 6104243974921216660
HIT 3 2138921042104 498 2477072918797847561
HIT 3 2143216009400 499 17179927201560961919
HIT 3 2147510976696 500 17042699485818856050
HIT 3 2151805943992 501 16112560729238444461
HIT 3 2156100911288 502 1214160429365372138
HIT 3 2160395878584 503 17533443770146022317
HIT 3 2164690845880 504 2074447352321448523
HIT 3 2168985813176 505 15370475000800327433
HIT 3 2173280780472 506 468729695965518168
HIT 3 2177575747768 507 16384016367068910421
HIT 3 2181870715064 508 12741770775538624160
HIT 3 2186165682360 509 7780761388093919736
HIT 3 2190460649656 510 15743752775142987177
HIT 3 2194755616952 511 3485051462395045492
HIT 3 1808208625848 421 83953667614522122
HIT 3 1945647579320 453 12426183393506722046
HIT 3 1937057710264 451 17096575871987645093
HIT 3 1941352677560 452 3411363320704157464
HIT 3 1945647644856 453 13447375831334705482
HIT 3 1954237579448 455 14579425643091418544
HIT 3 1945647710392 453 4240894266855663697
HIT 3 1945647775928 453 13022060953551061957
HIT 3 1945647841464 453 8337687408850550181
HIT 3 1945647907000 453 4740730246747293634
HIT 3 1945647972536 453 15663108372278590078
HIT 3 1945648038072 453 12228158538530715566
HIT 3 1945648103608 453 10289308143519705622
HIT 3 1945648169144 453 16736640662065968130
HIT 3 1945648234680 453 3824260869902433440
HIT 3 1945648300216 453 11017136373717889720
HIT 3 1945648365752 453 6434494109522926955
HIT 3 1945648431288 453 2165512942635752951
HIT 3 1945648496824 453 600219829279363213
HIT 3 1945648562360 453 17746991443305420367
HIT 3 1945648627896 453 5234900832032456360
HIT 3 1945648693432 453 4614722611844393395
HIT 3 1945648758968 453 17331115676297968446
HIT 3 1945648824504 453 2183979530664062522
HIT 3 1945648890040 453 17781115012685739191
HIT 3 1945648955576 453 14732631487718887943
HIT 3 1945649021112 453 3832447679429483200
HIT 3 1945649086648 453 5467637230169868654
HIT 3 1945649152184 453 15436346811181564700
HIT 3 1945649217720 453 13595188883037925905
HIT 3 1945649283256 453 12069970547067308929
HIT 3 1945649348792 453 7314010503696324881
HIT 3 1945649414328 453 15404020871656761715
HIT 3 1945649479864 453 6688468293770990863
HIT 3 1945649545400 453 7711882103092155074
HIT 3 1937059676344 451 7711882103092155074
HIT 3 1945649610936 453 2211408022795344340
HIT 3 1945649676472 453 1427474590394755938
HIT 3 1954239611064 455 7105482177014111376
HIT 3 1945649742008 453 7105482177014111376
HIT 3 1949944774840 454 1186639078032338762
HIT 3 1954239742136 455 3590428544585675334
HIT 3 1962829676728 457 18252506107820376308
HIT 3 1949944840376 454 6243920273893840010
HIT 3 1954239807672 455 18252506107820376308
HIT 3 1958534774968 456 1186639078032338762
HIT 3 1962829742264 457 1931343302954941540
HIT 3 1967124709560 458 3223978721941253777
HIT 3 1971419676856 459 2186062611859254512
HIT 3 1975714644152 460 6484378550094990373
HIT 3 1980009611448 461 5418038411661398358
HIT 3 1984304578744 462 2956885372831680471
HIT 3 1988599546040 463 18143580252303224170
HIT 3 1992894513336 464 5057152623825126511
HIT 3 1997189480632 465 12050978099431546088
HIT 3 2001484447928 466 12584546215373045603
HIT 3 2005779415224 467 15799370517760072852
HIT 3 2010074382520 468 13108790169503455933
HIT 3 2014369349816 469 10175996460799100408
HIT 3 2018664317112 470 6530407478420792247
HIT 3 2022959284408 471 11521339649702865352
HIT 3 2027254251704 472 1690671240725758488
HIT 3 2031549219000 473 12001394979289973379
HIT 3 2035844186296 474 7086437695885238135
HIT 3 2040139153592 475 1780671365037097038
HIT 3 2044434120888 476 9366826053891449677
HIT 3 2048729088184 477 1800556864623619700
HIT 3 2053024055480 478 7453736752725900857
HIT 3 2057319022776 479 3159450620691179377
HIT 3 2061613990072 480 1256623488691935682
HIT 3 2065908957368 481 1659279527476086659
HIT 3 2070203924664 482 10186956343649323295
HIT 3 2074498891960 483 715525306502911151
HIT 3 2078793859256 484 5954799391764009229
HIT 3 2083088826552 485 4875129287068784888
HIT 3 2087383793848 486 13585913286760673867
HIT 3 2091678761144 487 12736306645481885521
HIT 3 2095973728440 488 12820046166605845841
HIT 3 2100268695736 489 7857397410485858306
HIT 3 2104563663032 490 1270233984336888207
HIT 3 2108858630328 491 727759017059658044
HIT 3 2113153597624 492 9058703310729153047
HIT 3 2117448564920 493 2044029992537664667
HIT 3 2121743532216 494 2129288179916274331
HIT 3 2126038499512 495 208043657267293140
HIT 3 2130333466808 496 7236646340014256427
HIT 3 2134628434104 497 17814471696063032892
HIT 3 2138923401400 498 9611976867861934241
HIT 3 2143218368696 499 5206992028507727692
HIT 3 2147513335992 500 415749990276827015
HIT 3 2151808303288 501 8706573098212535737
HIT 3 2156103270584 502 11631712369869530202
HIT 3 2160398237880 503 6556010368521783697
HIT 3 2164693205176 504 5108193134404938221
HIT 3 2168988172472 505 3713580257844883678
HIT 3 2173283139768 506 4375731365253523906
HIT 3 2177578107064 507 2203561214660275537
HIT 3 2181873074360 508 503577049756874433
HIT 3 2186168041656 509 1653195390365635491
HIT 3 2190463008952 510 3700321229492887905
HIT 3 2194757976248 511 312363692507065523
HIT 3 1962829807800 457 9745297336409399046
HIT 3 1945647382713 453 15193213952279616334
HIT 3 1799618560185 419 4927136710739659400
HIT 3 1945647448249 453 4149250674105869217
HIT 3 1937057579193 451 15248820391490242637
HIT 3 1941352546489 452 17168646832751869632
HIT 3 1945647513785 453 13817586202684957439
HIT 3 1954237448377 455 11687644404909769247
HIT 3 1945647644857 453 3581345706859140801
HIT 3 1954239742137 455 6472981833172732701
HIT 3 1945647382714 453 2339117635098272438
HIT 3 1799618560186 419 15799676208524758523
HIT 3 1945647448250 453 7062916445063345039
HIT 3 1937057579194 451 12179689750154652498
HIT 3 1941352546490 452 16669286858541426196
HIT 3 1945647513786 453 3566749980391102683
HIT 3 1954237448378 455 3626304139792888457
HIT 3 1945647644858 453 2848312672377170630
HIT 3 1954239742138 455 7695604759845223091
HIT 3 1945647513787 453 11405081451007660673
HIT 3 1945647513788 453 4984447406723028856
HIT 3 1945647513789 453 8469351296695191230
HIT 3 1945647513790 453 8376628910338752365
HIT 3 1945647513791 453 6093096143962224809
HIT 3 1945647513792 453 17101755323299228154
HIT 3 1945647513793 453 5234357056235056049
HIT 3 1945647513796 453 6303925398645776268
HIT 3 1945647513794 453 14559094362188633302
HIT 3 1945647513795 453 1532711271374538074
HIT 3 1945647513797 453 16436868123662893601
HIT 3 1945647513800 453 11159957451911506453
HIT 3 1945647513798 453 1212518411643442006
HIT 3 1945647513799 453 16748101980984462578
HIT 3 1945647513801 453 2686302939743678722
HIT 3 1945647513803 453 9567033183560595051
HIT 3 1945647513802 453 6456331143714791760
HIT 3 1945647513804 453 15628811431456731033
HIT 3 1945647513805 453 2456682680091740083
HIT 3 1945647513806 453 4657522947515396290
HIT 3 1945647513807 453 2295471332478664439
HIT 3 1945647513809 453 17381518466542648434
HIT 3 1945647513810 453 3455683105880391222
HIT 3 1945647513811 453 1446838133817288402
HIT 3 1945647513808 453 14035707015361052205
HIT 3 1945647513812 453 11887230073240409864
HIT 3 1945647513813 453 3167064276267785671
HIT 3 1945647513815 453 6623184608665036114
HIT 3 1945647513814 453 9145839189484239663
HIT 3 1945647513816 453 5996740649690480897
HIT 3 1945647513817 453 2100551729542317013
HIT 3 1945647513821 453 4747396011560010242
HIT 3 1945647513818 453 14600574590036949681
HIT 3 1945647513819 453 8899957972363635666
HIT 3 1945647513822 453 1835986872672063996
HIT 3 1945647513820 453 17300290911896799389
HIT 3 1945647513825 453 14092498457985685721
HIT 3 1945647513823 453 2881747131284171641
HIT 3 1945647513824 453 16887679212826814554
HIT 3 1945647513827 453 14068291892083776018
HIT 3 1945647513826 453 16770907172812986517
HIT 3 1945647513828 453 4455566003616392727
HIT 3 1945647513829 453 1151416894930961087
HIT 3 1945647513830 453 255698332349406640
HIT 3 1945647513832 453 9198775679690635220
HIT 3 1945647513831 453 15848820789879617675
HIT 3 1945647513833 453 15027910207072553297
HIT 3 1945647513834 453 4221987096570369578
HIT 3 1945647513835 453 4338866979658692423
HIT 3 1945647513836 453 17625981305781128452
HIT 3 1945647513837 453 1215815205677897102
HIT 3 1945647513838 453 8902514251072792838
HIT 3 1945647513839 453 15252375299002072450
HIT 3 1945647513840 453 1552349323911362444
HIT 3 1945647513842 453 2192548627948810461
HIT 3 1945647513841 453 9464706345379118802
HIT 3 1945647513843 453 12676246900993136717
HIT 3 1945647513845 453 16624663182108334643
HIT 3 1945647513847 453 4420216584952723128
HIT 3 1945647513844 453 3999979801644218222
HIT 3 1945647513846 453 1403038544961319991
HIT 3 1945647513848 453 10001184189032617085
HIT 3 1945647513849 453 1259699094496062027
HIT 3 1945647513851 453 15922260271871464785
HIT 3 1945647513850 453 12750065620704481326
HIT 3 1945647513853 453 552138217416490623
HIT 3 1945647513852 453 14189534486516551095
HIT 3 1945647513854 453 7504906956938717367
HIT 3 1945647513856 453 4551469595882185198
HIT 3 1945647513855 453 1251181307204334722
HIT 3 1945647513857 453 8041847651414528930
HIT 3 1945647513858 453 6624473319850066948
HIT 3 1945647513859 453 12827187894867217578
HIT 3 1945647513860 453 6631944629902256170
HIT 3 1945647513861 453 4030252176521259474
HIT 3 1945647513862 453 2294845435293182719
HIT 3 1945647513864 453 1645946775643847819
HIT 3 1945647513863 453 1258373177762544418
HIT 3 1945647513865 453 15834957683189450605
HIT 3 1945647513866 453 814417418308528631
HIT 3 1945647513867 453 3286366483987058368
HIT 3 1945647513868 453 12430448619037419109
HIT 3 1945647513870 453 14283534774707005413
HIT 3 1945647513869 453 17115218082432437918
HIT 3 1945647513871 453 5857821000574366469
HIT 3 1945647513872 453 7363776453559330183
HIT 3 1945647513875 453 12118651515350241277
HIT 3 1945647513876 453 14285282132540661092
HIT 3 1945647513874 453 2785679402301235598
HIT 3 1945647513873 453 13052790249104597518
HIT 3 1945647513878 453 14944029411867294629
HIT 3 1945647513879 453 5487818877044047218
HIT 3 1945647513877 453 11544954577519259737
HIT 3 1945647513880 453 4962134509671122187
HIT 3 1945647513882 453 3994695252484738447
HIT 3 1945647513881 453 16633053332599062794
HIT 3 1945647513883 453 987936029729260151
HIT 3 1945647513884 453 9717560306309701424
HIT 3 1945647513885 453 17069400080998279012
HIT 3 1945647513886 453 9044855463472796024
HIT 3 1945647513888 453 14747035130908530488
HIT 3 1945647513889 453 11614032501617093360
HIT 3 1945647513887 453 4940305597718935195
HIT 3 1945647513890 453 9187564723001424510
HIT 3 1945647513892 453 15937125611210030378
HIT 3 1945647513893 453 14554432035096585761
HIT 3 1945647513891 453 16682622532678239805
HIT 3 1945647513894 453 8150560663006954214
HIT 3 1945647513896 453 10779313039714765525
HIT 3 1945647513895 453 2200679597965063803
HIT 3 1945647513898 453 7409493016697455976
HIT 3 1945647513897 453 14979124777559618470
HIT 3 1945647513899 453 6258803237227212062
HIT 3 1945647513900 453 18064387206973595742
HIT 3 1945647513901 453 6058496817778262827
HIT 3 1945647513902 453 8967034943339658143
HIT 3 1945647513903 453 16425650560023066782
HIT 3 1945647513905 453 8655667072456028677
HIT 3 1945647513904 453 816432282382792588
HIT 3 1945647513906 453 16429204136645015150
HIT 3 1945647513907 453 7358514905190724979
HIT 3 1945647513908 453 18021688525345836204
HIT 3 1945647513909 453 5250460208422315110
HIT 3 1945647513910 453 6904447285646947779
HIT 3 1945647513912 453 18414753355546810687
HIT 3 1945647513913 453 8961016926834020813
HIT 3 1945647513911 453 11783692132977648726
HIT 3 1945647513914 453 16115107139473536370
HIT 3 1945647513915 453 4550934391597011164
HIT 3 1945647513917 453 455547122412158680
HIT 3 1945647513916 453 15297915193720054838
HIT 3 1945647513918 453 15212933437697146657
HIT 3 1945647513920 453 15907122934106842528
HIT 3 1945647513919 453 7361134412279196993
HIT 3 1945647513921 453 11148946438352870324
HIT 3 1945647513922 453 4513578590541013211
HIT 3 1945647513925 453 7919516995587556771
HIT 3 1945647513924 453 13433935963409033950
HIT 3 1945647513923 453 911761662533171042
HIT 3 1945647513926 453 15160762457131979621
HIT 3 1945647513929 453 9326152997683740131
HIT 3 1945647513927 453 16556271381397314694
HIT 3 1945647513928 453 11633481243731223674
HIT 3 1945647513931 453 15689786162960412163
HIT 3 1945647513930 453 3117864486597930268
HIT 3 1945647513932 453 3210789836410248235
HIT 3 1945647513933 453 10655922150425803602
HIT 3 1945647513934 453 6105260023803580355
HIT 3 1945647513935 453 2749599921484392803
HIT 3 1945647513936 453 2648415752240190132
HIT 3 1945647513937 453 8357648985559820027
HIT 3 1945647513938 453 17506745337856374143
HIT 3 1945647513939 453 4460315785686775059
HIT 3 1945647513940 453 15052633362327608421
HIT 3 1945647513943 453 17129488932608382495
HIT 3 1945647513942 453 14898042172804165498
HIT 3 1945647513941 453 8006880091896064519
HIT 3 1945647513944 453 506958555460821360
HIT 3 1945647513945 453 11801901608742587221
HIT 3 1945647513946 453 13898672567809433704
HIT 3 1945647513947 453 6990799363750586267
HIT 3 1945647513950 453 6544250234205143863
HIT 3 1945647513948 453 5978081058552366908
HIT 3 1945647513949 453 16356237905925453959
HIT 3 1945647513951 453 2061248821097937605
HIT 3 1945647513952 453 16607439066292888294
HIT 3 1945647513953 453 17206357623602325416
HIT 3 1945647513954 453 2872727408669723928
HIT 3 1945647513955 453 12176033694943439438
HIT 3 1945647513956 453 18037147658409988909
HIT 3 1945647513957 453 11585496864530486291
HIT 3 1945647513958 453 10961863060570071909
HIT 3 1945647513960 453 15401279004780452144
HIT 3 1945647513962 453 9270028849208748199
HIT 3 1945647513961 453 16767935514493461621
HIT 3 1945647513959 453 6059317101132759338
HIT 3 1945647513963 453 3449174819557044836
HIT 3 1945647513964 453 6816690513809906705
HIT 3 1945647513965 453 13770375093211827850
HIT 3 1945647513967 453 9340172478137595325
HIT 3 1945647513968 453 4246081858425598404
HIT 3 1945647513966 453 12049478949787376250
HIT 3 1945647513969 453 4759460687837111280
HIT 3 1945647513971 453 9446230108339337670
HIT 3 1945647513970 453 8768946126317853999
HIT 3 1945647513972 453 15751741534997881287
HIT 3 1945647513973 453 3450659253383416941
HIT 3 1945647513974 453 5843828373742084022
HIT 3 1945647513975 453 2803127804899724305
HIT 3 1945647513976 453 17021269812393819271
HIT 3 1945647513978 453 15808632156243932643
HIT 3 1945647513977 453 8971920059890193048
HIT 3 1945647513979 453 17251453385400345620
HIT 3 1945647513980 453 5260353524236795920
HIT 3 1945647513981 453 11483624219852154189
HIT 3 1945647513982 453 4045096725491597834
HIT 3 1945647513983 453 6231026195920323233
HIT 3 1945647513984 453 3091839885828420055
HIT 3 1945647513987 453 4759112269320018290
HIT 3 1945647513985 453 12654386668618697836
HIT 3 1945647513986 453 550869262877578121
HIT 3 1945647513988 453 16126757611275430935
HIT 3 1945647513989 453 3356914484781212976
HIT 3 1945647513993 453 11937574738822028206
HIT 3 1945647513991 453 4277856990697284500
HIT 3 1945647513990 453 15383263370487930909
HIT 3 1945647513992 453 7065986319555169527
HIT 3 1945647513995 453 11987778112393595707
HIT 3 1945647513996 453 123660910073846539
HIT 3 1945647513994 453 13443843182441038592
HIT 3 1945647513999 453 8268397804579428010
HIT 3 1945647513997 453 10463046980325327742
HIT 3 1945647513998 453 5466348352015303973
HIT 3 1945647514001 453 15998431129526796945
HIT 3 1945647514000 453 14236361709223907742
HIT 3 1945647514002 453 16585508156158659820
HIT 3 1945647514004 453 7709280531587594363
HIT 3 1945647514003 453 1771221383477866335
HIT 3 1945647514005 453 2503655079045653640
HIT 3 1945647514007 453 171092656544450629
HIT 3 1945647514006 453 12887922833883157346
HIT 3 1945647514008 453 14528775183086909862
HIT 3 1945647514009 453 10781490580141688728
HIT 3 1945647382941 453 17068010513174253083
HIT 3 1945647514011 453 452439272895477955
HIT 3 1945647514010 453 3063612672072527223
HIT 3 1945647514012 453 17068010513174253083
HIT 3 1945647514013 453 14687498171229370441
HIT 3 1945647514014 453 14889574753514700613
HIT 3 1945647645086 453 3133576778173896917
HIT 3 1945647514015 453 3133576778173896917
HIT 3 1808208626080 421 11411582958392019189
HIT 3 1945647579553 453 18340991002374373836
HIT 3 1945647645089 453 9786685768100104368
HIT 3 1945647710625 453 7080596238597465357
HIT 3 1945647776161 453 11460916677251660261
HIT 3 1945647841697 453 11386264344835197885
HIT 3 1945647907233 453 16676015571829774405
HIT 3 1945647972769 453 18215949769858035354
HIT 3 1945648038305 453 14963970645520781126
HIT 3 1945648103841 453 1272565788893289835
HIT 3 1945648169377 453 9576580582547350564
HIT 3 1945648234913 453 3146150484727216955
HIT 3 1945648300449 453 11270264122393676352
HIT 3 1945648365985 453 10264512113785476435
HIT 3 1945648431521 453 301428897186757492
HIT 3 1945648497057 453 9236476469807662248
HIT 3 1945648562593 453 12732462319599735049
HIT 3 1945648628129 453 11712696240784645644
HIT 3 1945648693665 453 3097471243637252999
HIT 3 1945648759201 453 14240662229155329346
HIT 3 1945648824737 453 7886193458372959979
HIT 3 1945648890273 453 6051332422933088996
HIT 3 1945648955809 453 5065280318215288143
HIT 3 1945649021345 453 7918844466667471833
HIT 3 1945649086881 453 13475474473117089192
HIT 3 1945649152417 453 16750504509424847960
HIT 3 1945649217953 453 3059513104983196317
HIT 3 1945649283489 453 14277209323751974392
HIT 3 1945649349025 453 5113057662196026660
HIT 3 1945649414561 453 14636921773171846196
HIT 3 1945647776162 453 4799458309204855075
HIT 3 1945647579552 453 7080596238597465357
HIT 3 1937057710496 451 5681752064850554757
HIT 3 1941352677792 452 16587500972044717503
HIT 3 1945647645088 453 16077859660460854767
HIT 3 1954237579680 455 1845369148543900428
HIT 3 1945647776160 453 9786685768100104368
HIT 3 1954239742367 455 14889574753514700613
HIT 3 1954239742368 455 18340991002374373836
HIT 3 1945649480097 453 10314199728533910246
HIT 3 1945649545633 453 13812387123779795214
HIT 3 1937059676577 451 13812387123779795214
HIT 3 1945649611169 453 14585424319035110577
HIT 3 1945649676705 453 5681752064850554757
HIT 3 1954239611297 455 16306841138711127295
HIT 3 1945649742241 453 16306841138711127295
HIT 3 1949944775073 454 927045815065724574
HIT 3 1954239742369 455 16077859660460854767
HIT 3 1962829676961 457 17508699552747910942
HIT 3 1949944840609 454 16587500972044717503
HIT 3 1954239807905 455 17508699552747910942
HIT 3 1958534775201 456 927045815065724574
HIT 3 1962829742497 457 5744048459688143103
HIT 3 1967124709793 458 13639443126668761650
HIT 3 1971419677089 459 8440487106495096583
HIT 3 1975714644385 460 17536343665255837189
HIT 3 1980009611681 461 3792318076810217008
HIT 3 1984304578977 462 189927226399425501
HIT 3 1988599546273 463 15161604091281886183
HIT 3 1992894513569 464 5922210631906797533
HIT 3 1997189480865 465 7406260387376692268
HIT 3 2001484448161 466 16720834966210701270
HIT 3 2005779415457 467 179069571551975861
HIT 3 2010074382753 468 14035797718723666976
HIT 3 2014369350049 469 10067539054583547363
HIT 3 2018664317345 470 11461042149671029947
HIT 3 2022959284641 471 10586143851918526155
HIT 3 2027254251937 472 7136479466568931766
HIT 3 2031549219233 473 2501844547090968642
HIT 3 2035844186529 474 7100682594625216432
HIT 3 2040139153825 475 8601181374672426771
HIT 3 2044434121121 476 9797991135535493582
HIT 3 2048729088417 477 4187360353712027517
HIT 3 2053024055713 478 11972903012446424392
HIT 3 2057319023009 479 423097910527372481
HIT 3 2061613990305 480 11750201927757012665
HIT 3 2065908957601 481 8708058674770411459
HIT 3 2070203924897 482 15331878299549155460
HIT 3 2074498892193 483 8399488542026279029
HIT 3 2078793859489 484 12161812732313510320
HIT 3 2083088826785 485 15167468291426500666
HIT 3 2087383794081 486 10186192988357672552
HIT 3 2091678761377 487 6536457887366687070
HIT 3 2095973728673 488 10748752926320510999
HIT 3 2100268695969 489 11454382668028160922
HIT 3 2104563663265 490 11005045036400663141
HIT 3 2108858630561 491 1502693814868343678
HIT 3 2113153597857 492 1978011771931221149
HIT 3 2117448565153 493 9674405440755140320
HIT 3 2121743532449 494 6566700575218034138
HIT 3 2126038499745 495 1201055639424833801
HIT 3 2130333467041 496 8635585574928899563
HIT 3 2134628434337 497 18213214350941062129
HIT 3 2138923401633 498 15724501677250345718
HIT 3 2143218368929 499 6456113427797640996
HIT 3 2147513336225 500 6492238759457983377
HIT 3 2151808303521 501 1838666822841648289
HIT 3 2156103270817 502 17779016647449730776
HIT 3 2160398238113 503 17237876083296723342
HIT 3 2164693205409 504 714214979573741738
HIT 3 2168988172705 505 9106139916552980983
HIT 3 2173283140001 506 9531047167527168126
HIT 3 2177578107297 507 2298671595178505383
HIT 3 2181873074593 508 15054029923968515270
HIT 3 2186168041889 509 13934382521621119920
HIT 3 2190463009185 510 5470509695725549425
HIT 3 2194757976481 511 7288185882275176348
HIT 3 1962829808033 457 1845369148543900428
HIT 3 1954239742371 455 4799458309204855075
HIT 3 1962829808068 457 12715805583714224067
DONE data/p_d1e76.txt sz=3 range=[0,512) n=22108160 zero=0 21.1s
