HIT 1 34 34 6602291115327735882
HIT 1 58 58 10958677009710650333
HIT 1 338 338 12992169767282017972
HIT 1 370 370 7575532552799035001
HIT 1 456 456 9470921758550294996
DONE data/p_c0.txt sz=1 range=[0,512) n=512 zero=0 0.0s
HIT 2 3801120 58 9130982377447851711
HIT 2 22151200 338 14980648194292574751
HIT 2 24248352 370 14994685933178849270
HIT 2 29884448 456 8667227010680374091
HIT 2 3670050 56 3315385112073847048
HIT 2 3801122 58 4722034597980576887
HIT 2 3866658 59 9178612239148352430
HIT 2 3932194 60 5857071031846431053
HIT 2 22020130 336 10203918861519781797
HIT 2 22151202 338 1116345277794906142
HIT 2 22216738 339 14351651817116291416
HIT 2 22282274 340 5018712797409739746
HIT 2 24117282 368 545330946104138708
HIT 2 24248354 370 9907128754655115313
HIT 2 24313890 371 13221799316075048410
HIT 2 24379426 372 5359360687044187049
HIT 2 29753378 454 10053998993600016920
HIT 2 29884450 456 6459531621448589443
HIT 2 29949986 457 16969760071903635468
HIT 2 30015522 458 3472644442617213596
HIT 2 2359331 36 6602291115327735882
HIT 2 3801123 58 1578822299908510951
HIT 2 22151203 338 9782021392581089501
HIT 2 24248355 370 4687281540483617194
HIT 2 29884451 456 6964352756409422503
HIT 2 3801124 58 10703102637651612763
HIT 2 22151204 338 11966241631844469047
HIT 2 24248356 370 14424993236801500038
HIT 2 29884452 456 35352946142711835
HIT 2 22151224 338 6355719695152442178
HIT 2 24248376 370 10069698815086597761
HIT 2 29884472 456 12863050464515611195
HIT 2 3932219 60 10958677009710650333
HIT 2 22020154 336 2128309573668532149
HIT 2 22151226 338 7419539603963673261
HIT 2 22216762 339 6532892776934617752
HIT 2 22282298 340 8081441732376271477
HIT 2 24117306 368 12821628374303687761
HIT 2 24248378 370 6440757323371165445
HIT 2 24313914 371 14479898320092004072
HIT 2 24379450 372 10611548076197063766
HIT 2 22151227 338 5103797271856008032
HIT 2 29753402 454 7367017122537736707
HIT 2 29884474 456 9045214924114211453
HIT 2 29950010 457 14865514599697778543
HIT 2 30015546 458 14338328568907997911
HIT 2 22151228 338 4781696959525097514
HIT 2 24248380 370 6111417067816755790
HIT 2 29884476 456 17529129349114637020
HIT 2 24248379 370 17320463899188276449
HIT 2 29884475 456 8681374646337151066
HIT 2 24248656 370 17429927214421493128
HIT 2 29884752 456 10498484053064200925
HIT 2 24117586 368 2939959188146599844
HIT 2 24248658 370 16551412887873772478
HIT 2 24314194 371 6357120240465851740
HIT 2 24379730 372 7097096515217648400
HIT 2 29753682 454 9876969554818180266
HIT 2 29884754 456 11805612633151504304
HIT 2 29950290 457 13202939328579161833
HIT 2 30015826 458 6476426730514994668
HIT 2 22282579 340 12992169767282017972
HIT 2 24248659 370 15072886704971446002
HIT 2 29884755 456 18369456889599840014
HIT 2 24248660 370 719797436616417209
HIT 2 29884756 456 1944443911555408674
HIT 2 29884784 456 751554039043693811
HIT 2 24379763 372 7575532552799035001
HIT 2 29753714 454 3487211274851086152
HIT 2 29884786 456 5448082803524851568
HIT 2 29950322 457 2964446089444677033
HIT 2 30015858 458 13908493627243180607
HIT 2 29884787 456 17131991980367141791
HIT 2 29884788 456 12087915248851246368
HIT 2 30015945 458 9470921758550294996
DONE data/p_c0.txt sz=2 range=[0,512) n=130560 zero=0 0.3s
HIT 3 249110331393 58 10413081343879423330
HIT 3 1451701174273 338 6046152299081292791
HIT 3 1589140127745 370 816693862826516342
HIT 3 1958507315201 456 5731047423437734825
HIT 3 249110331392 58 6338180694258776904
HIT 3 1451701174272 338 13387980842161572414
HIT 3 1589140127744 370 5778240644007962863
HIT 3 1958507315200 456 16002788364505155642
HIT 3 249110331394 58 3578757840110716059
HIT 3 1451701174274 338 15411610482520329028
HIT 3 1589140127746 370 10066966960809661154
HIT 3 1958507315202 456 3534906394941560931
HIT 3 1451702747137 338 7178157506754880979
HIT 3 1589141700609 370 18429254721567093026
HIT 3 1958508888065 456 15806788400665354353
HIT 3 249110331395 58 18220106966762558545
HIT 3 1451701174275 338 4959674606073566323
HIT 3 1589140127747 370 4488251666541196439
HIT 3 1958507315203 456 17325374903961682753
HIT 3 1451702747136 338 2116517032555031698
HIT 3 1589141700608 370 18015750021136574554
HIT 3 1958508888064 456 12436127149500679533
HIT 3 1451702747138 338 5008040490055500403
HIT 3 1589141700610 370 3759543438141601119
HIT 3 1958508888066 456 10169964042417360159
HIT 3 1451702747139 338 10014790819276114210
HIT 3 1589141700611 370 11168706316822395124
HIT 3 1958508888067 456 14481182198573299180
HIT 3 1589160050688 370 6132676380986140306
HIT 3 1589160050689 370 3232060581338746529
HIT 3 1958527238145 456 15062884785884426251
HIT 3 1958527238144 456 4175108198457530298
HIT 3 1958529335297 456 3264950249607296846
HIT 3 1958529335296 456 12828229058044879175
HIT 3 1589160050691 370 12863630226336207117
HIT 3 1958527238147 456 15481372089636989052
HIT 3 1958529335299 456 10920953541611068915
HIT 3 249110331396 58 14327561251952059202
HIT 3 1451701174276 338 3764997643378331097
HIT 3 1589140127748 370 7010411571070133586
HIT 3 1958507315204 456 7479246882414130527
HIT 3 249110331397 58 1116631541617594831
HIT 3 1451701174277 338 3252326434374008891
HIT 3 1589140127749 370 10199134934922756488
HIT 3 1958507315205 456 12879738421290608573
HIT 3 1589160050690 370 9632547805402283216
HIT 3 1958527238146 456 11391434919867652495
HIT 3 1958529335298 456 2178977404584216611
HIT 3 1451702747140 338 6400406169085705911
HIT 3 1589141700612 370 14004732295983069729
HIT 3 1958508888068 456 9911039956364213678
HIT 3 249110331398 58 4952881612960926938
HIT 3 1451701174278 338 7290943923225377240
HIT 3 1589140127750 370 17299366082515170694
HIT 3 1958507315206 456 3008837674287098982
HIT 3 1451702747141 338 9842397143812493720
HIT 3 1589141700613 370 8976674305628551211
HIT 3 1958508888069 456 8127359062772636656
HIT 3 1451702747142 338 13576017541644826452
HIT 3 1589141700614 370 2508152395172429194
HIT 3 1958508888070 456 15786170833071753710
HIT 3 249110331399 58 8132392831387752407
HIT 3 1451701174279 338 13445555757602639524
HIT 3 1589140127751 370 361992400620930703
HIT 3 1958507315207 456 5067197283576270802
HIT 3 1451702747143 338 10583961490977053646
HIT 3 1589141700615 370 14743248574698008574
HIT 3 1958508888071 456 4401197352873842811
HIT 3 1589160050692 370 6644523838454222207
HIT 3 1958527238148 456 15934096865673705217
HIT 3 1958529335300 456 9027649759592834872
HIT 3 1589160050694 370 5935002586105671505
HIT 3 1958527238150 456 1094490052922101046
HIT 3 1958529335302 456 16712707942445296126
HIT 3 249110331400 58 3825448727963911523
HIT 3 1451701174280 338 5108479324753580545
HIT 3 1589140127752 370 4018690873949894203
HIT 3 1958507315208 456 3980823854626339641
HIT 3 1589160050693 370 1415893118117783608
HIT 3 1958527238149 456 2904017273345653568
HIT 3 1958529335301 456 12407967270501178859
HIT 3 249110331401 58 11155033453813801810
HIT 3 1451701174281 338 9061510617531241111
HIT 3 1589140127753 370 14184739815490877649
HIT 3 1958507315209 456 18001778001641904871
HIT 3 1451702747144 338 12446906842869238605
HIT 3 1589141700616 370 7865266983515606131
HIT 3 1958508888072 456 5574328095897198545
HIT 3 249110331402 58 16762374692718177082
HIT 3 1451701174282 338 16796363814743499722
HIT 3 1589140127754 370 2557799870799188860
HIT 3 1958507315210 456 11528592370560508032
HIT 3 1451702747145 338 3742535902607460435
HIT 3 1589141700617 370 12635010426129069703
HIT 3 1958508888073 456 15041952925768686811
HIT 3 1589160050695 370 1725816459821086190
HIT 3 1958527238151 456 4613925762346468842
HIT 3 1958529335303 456 7725537049749803524
HIT 3 1451702747146 338 7336473917152436646
HIT 3 1589141700618 370 8305975963900812798
HIT 3 1958508888074 456 18274255063924394986
HIT 3 249110331403 58 10376263621718240265
HIT 3 1451701174283 338 15606052358737275229
HIT 3 1589140127755 370 15782825925300324589
HIT 3 1958507315211 456 15235158317020862279
HIT 3 1451702747147 338 16692251067965614255
HIT 3 1589141700619 370 6426137936610468469
HIT 3 1958508888075 456 1870957220139758347
HIT 3 1589160050696 370 15160804541268047008
HIT 3 1958527238152 456 14361182415350448556
HIT 3 1958529335304 456 8728051522563448424
HIT 3 1589160050697 370 21639435332940734
HIT 3 1958527238153 456 393103796412894510
HIT 3 1958529335305 456 18017296072791643931
HIT 3 1589160050698 370 13643240483322423773
HIT 3 1958527238154 456 4793994896532523616
HIT 3 1958529335306 456 14350684109092619859
HIT 3 249110331404 58 14158458989370088283
HIT 3 1451701174284 338 9379930611563443686
HIT 3 1589140127756 370 1222141406841336518
HIT 3 1958507315212 456 13200712119532849295
HIT 3 249110331406 58 192037035992067914
HIT 3 1451701174286 338 5893257988942033844
HIT 3 1589140127758 370 9103880022138690947
HIT 3 1958507315214 456 15769038250884716733
HIT 3 249110331405 58 1077120189121775884
HIT 3 1451701174285 338 3375348959593974252
HIT 3 1589140127757 370 7293132200497838456
HIT 3 1958507315213 456 14659588697379429934
HIT 3 1451702747148 338 6608110431133797831
HIT 3 1589141700620 370 9698742527102186551
HIT 3 1958508888076 456 6591581735432620395
HIT 3 1451702747150 338 2238646340482177289
HIT 3 1589141700622 370 5063810857340240703
HIT 3 1958508888078 456 15821724552579890302
HIT 3 1589160050699 370 6412853066886331638
HIT 3 1958527238155 456 14706688144164866326
HIT 3 1451702747149 338 17818561944765259375
HIT 3 1589141700621 370 4189530674361908535
HIT 3 1958508888077 456 4750593056950021805
HIT 3 1958529335307 456 9734913711977435264
HIT 3 249110331407 58 5492841836407592217
HIT 3 1451701174287 338 9726721868487070938
HIT 3 1589140127759 370 2441893336945388780
HIT 3 1958507315215 456 4321179488753433802
HIT 3 1451702747151 338 16988443024848842979
HIT 3 1589141700623 370 16679125619852699147
HIT 3 1958508888079 456 7627787892022763426
HIT 3 1589160050700 370 8939576668818271086
HIT 3 1958527238156 456 12429705955119035353
HIT 3 1958529335308 456 8614830214226257018
HIT 3 1589160050702 370 14959548073234949642
HIT 3 1958527238158 456 12950986975774943241
HIT 3 1958529335310 456 1235185158597738587
HIT 3 249110331408 58 5413890016847445371
HIT 3 1451701174288 338 13624343921240961057
HIT 3 1589140127760 370 875024796067677044
HIT 3 1958507315216 456 7645482692202690557
HIT 3 1589160050701 370 16342936567327715292
HIT 3 1958527238157 456 8319288979544522211
HIT 3 1451702747152 338 14160464320031410115
HIT 3 1589141700624 370 159823788254605627
HIT 3 1958508888080 456 9959985357217804532
HIT 3 1958529335309 456 8885344757915270177
HIT 3 249110331409 58 7153491423418415806
HIT 3 1451701174289 338 18214075013896678217
HIT 3 1589140127761 370 6749578652001856528
HIT 3 1958507315217 456 16506980050520012105
HIT 3 249110331410 58 3668687891562490524
HIT 3 1451701174290 338 18066832980514882398
HIT 3 1589140127762 370 2466253125389478401
HIT 3 1958507315218 456 11222855888750728341
HIT 3 1451702747153 338 12239787391807473486
HIT 3 1589141700625 370 5858192020259465230
HIT 3 1958508888081 456 3303336035331865372
HIT 3 1451702747154 338 4425052905397361184
HIT 3 1589141700626 370 6664425343536581332
HIT 3 1958508888082 456 9781459635714394525
HIT 3 1589160050703 370 12706220831723679800
HIT 3 1958527238159 456 11067006918410194157
HIT 3 1958529335311 456 17636500466556342934
HIT 3 249110331411 58 7852114981325491284
HIT 3 1451701174291 338 17551656723640320221
HIT 3 1589140127763 370 14453101775353185496
HIT 3 1958507315219 456 17104790033770972470
HIT 3 1451702747155 338 609743077985582141
HIT 3 1589141700627 370 12971129784795925550
HIT 3 1958508888083 456 16535510220382626878
HIT 3 1589160050704 370 15512371631363625210
HIT 3 1958527238160 456 12889049821545105295
HIT 3 1958529335312 456 11969090794402770134
HIT 3 249110331412 58 7385008776171081008
HIT 3 1451701174292 338 17623465599826858893
HIT 3 1589140127764 370 8864213886911847649
HIT 3 1958507315220 456 5033680099299892236
HIT 3 1589160050705 370 5685073779896897959
HIT 3 1958527238161 456 16885696695049467299
HIT 3 1589160050706 370 10820238732183260042
HIT 3 1958527238162 456 2473696935509738866
HIT 3 1451702747156 338 2595350863181472094
HIT 3 1589141700628 370 14329341837199130828
HIT 3 1958508888084 456 3437946259635174515
HIT 3 1958529335313 456 728304379727677652
HIT 3 1958529335314 456 344635939441958070
HIT 3 249110331413 58 17407515401066493241
HIT 3 1451701174293 338 911903534466767776
HIT 3 1589140127765 370 16812658182928316252
HIT 3 249110331414 58 9031460237284502095
HIT 3 1958507315221 456 13237997568523257508
HIT 3 1451701174294 338 2952222958528619401
HIT 3 1589140127766 370 8826927448835944889
HIT 3 1958507315222 456 3697563668789484857
HIT 3 1451702747157 338 6503059350462024094
HIT 3 1589141700629 370 13239255917220596498
HIT 3 1958508888085 456 15548993170887491827
HIT 3 1451702747158 338 8763496069946730357
HIT 3 1589141700630 370 12465072341091408535
HIT 3 1958508888086 456 9576073538496404479
HIT 3 1589160050707 370 16748016171749494832
HIT 3 1958527238163 456 10945352189806315412
HIT 3 1958529335315 456 1948985087075202075
HIT 3 249110331415 58 3233878841590197923
HIT 3 1451701174295 338 3688411510978630380
HIT 3 1589140127767 370 8427446385846428894
HIT 3 1958507315223 456 5081474075656903275
HIT 3 1451702747159 338 14616762021614817378
HIT 3 1589141700631 370 15671688286773984498
HIT 3 1958508888087 456 1736667048839568033
HIT 3 1589160050708 370 4870672156986372018
HIT 3 1958527238164 456 4259284872507490549
HIT 3 1958529335316 456 4003389438804218690
HIT 3 1589160050709 370 16644723785826703833
HIT 3 1958527238165 456 15692875864429946984
HIT 3 249110331416 58 8698975870603839676
HIT 3 1451701174296 338 10602287138426345848
HIT 3 1589140127768 370 12033241502698565813
HIT 3 1958507315224 456 4526196113397432537
HIT 3 1958529335317 456 4201645328188546434
HIT 3 1589160050710 370 15619747693542120087
HIT 3 1958527238166 456 12126398591037035624
HIT 3 1451702747160 338 691258806849931375
HIT 3 1589141700632 370 3226927300455107554
HIT 3 1958508888088 456 15917399481813084566
HIT 3 1958529335318 456 1606365579978266941
HIT 3 249110331417 58 15370074233225570856
HIT 3 1451701174297 338 2999518914448529161
HIT 3 1589140127769 370 12716233859456214557
HIT 3 1958507315225 456 12354522067013917788
HIT 3 249110331418 58 14612798685950783924
HIT 3 1451701174298 338 8942333980213445070
HIT 3 1589140127770 370 14509438861680840241
HIT 3 1958507315226 456 5261467360404886547
HIT 3 1451702747161 338 7326364051697564281
HIT 3 1589141700633 370 15829616337412135048
HIT 3 1958508888089 456 627026866463383646
HIT 3 1451702747162 338 17559561170120480248
HIT 3 1589141700634 370 16353785869173830412
HIT 3 1958508888090 456 16245509798348199680
HIT 3 1589160050711 370 13103829556122904517
HIT 3 1958527238167 456 14614419749365661624
HIT 3 1958529335319 456 3293145045053563602
HIT 3 249110331419 58 15898379941511329549
HIT 3 1451701174299 338 3521887529916608581
HIT 3 1589140127771 370 13512673783635674976
HIT 3 1958507315227 456 17261998872841100581
HIT 3 1451702747163 338 17617347479735140205
HIT 3 1589141700635 370 1655648266429608389
HIT 3 1958508888091 456 5957628183234200264
HIT 3 1589160050712 370 7971897124903117341
HIT 3 1958527238168 456 13551419627517304828
HIT 3 1958529335320 456 17650971064189201083
HIT 3 249110331420 58 16109706069957635256
HIT 3 1451701174300 338 4585802005174295477
HIT 3 1589140127772 370 3180405454321116211
HIT 3 1958507315228 456 16991745234520813722
HIT 3 1589160050713 370 6414345166292066999
HIT 3 1958527238169 456 2652317210172483737
HIT 3 1451702747164 338 16068329549304994332
HIT 3 1589141700636 370 15098777333962384289
HIT 3 1958508888092 456 5699247264877864078
HIT 3 1589160050714 370 15187547158161339988
HIT 3 1958527238170 456 6263579628299356563
HIT 3 1958529335321 456 580571589004442212
HIT 3 1958529335322 456 15209017251897835868
HIT 3 249110331421 58 2616860474331148908
HIT 3 1451701174301 338 2562124919956350066
HIT 3 1589140127773 370 5163733601675650837
HIT 3 1958507315229 456 6493444412127528929
HIT 3 249110200350 58 165307206030923276
HIT 3 1451701043230 338 3753938723811675544
HIT 3 1589139996702 370 14086882393402442587
HIT 3 1958507184158 456 16075913485502700141
HIT 3 249110331422 58 7899751858571697020
HIT 3 1451701174302 338 8343084349325255466
HIT 3 1589140127774 370 9599994348703141126
HIT 3 1958507315230 456 13003375227913235647
HIT 3 1451702747165 338 1429884469592019771
HIT 3 1589141700637 370 7608214565487561854
HIT 3 1958508888093 456 8467248983978162538
HIT 3 1451702747166 338 17397173832233635088
HIT 3 1589141700638 370 49431022513507191
HIT 3 1958508888094 456 5042321873176557588
HIT 3 1589160050715 370 15786531710549450110
HIT 3 1958527238171 456 5096004238496748874
HIT 3 1958529335323 456 6829044724040426613
HIT 3 249110331423 58 165307206030923276
HIT 3 1451701174303 338 3753938723811675544
HIT 3 1589140127775 370 14086882393402442587
HIT 3 1958507315231 456 16075913485502700141
HIT 3 1451702747167 338 978819317187934972
HIT 3 1589141700639 370 10058565417859448613
HIT 3 1958508888095 456 9172592063305784046
HIT 3 1589160050716 370 13885477266830041829
HIT 3 1958527238172 456 3332875727724292487
HIT 3 1958529335324 456 3452187886911404080
HIT 3 249110331424 58 34926723600730811
HIT 3 1451701174304 338 16453677485630784104
HIT 3 1589140127776 370 17365133372440057469
HIT 3 1958507315232 456 17636524037976218373
HIT 3 1451702616096 338 1139417361751390391
HIT 3 1589141569568 370 12177905104157703095
HIT 3 1958508757024 456 6114171254768228648
HIT 3 1443112812576 336 6244786297246917107
HIT 3 1451702747168 338 8013499767549792013
HIT 3 1455997714464 339 16839289243788952569
HIT 3 1460292681760 340 1684521607060855573
HIT 3 1580551766048 368 17885520742858656229
HIT 3 1589141700640 370 10157510640235497894
HIT 3 1593436667936 371 791172032502839061
HIT 3 1597731635232 372 5043977419885592828
HIT 3 1949918953504 454 2443382190946537116
HIT 3 1958508888096 456 886922224767724979
HIT 3 1962803855392 457 14903612103581659952
HIT 3 1967098822688 458 5701600891347353998
HIT 3 257701904416 60 9130982377447851711
HIT 3 1451702812704 338 281766614112824495
HIT 3 1589141766176 370 12374767753704909171
HIT 3 1958508953632 456 16779496430483198001
HIT 3 1451702878240 338 2836075314007659940
HIT 3 1589141831712 370 13841562562252324717
HIT 3 1958509019168 456 13922421627033010966
HIT 3 1589160050717 370 24873275469609361
HIT 3 1958527238173 456 12863108917504246582
HIT 3 1958529335325 456 16087493169035402435
HIT 3 249110331425 58 9130982377447851711
HIT 3 1451701174305 338 14980648194292574751
HIT 3 1589140127777 370 14994685933178849270
HIT 3 1958507315233 456 8667227010680374091
HIT 3 249110462497 58 34926723600730811
HIT 3 1451701305377 338 16453677485630784104
HIT 3 1589140258849 370 17365133372440057469
HIT 3 1958507446305 456 17636524037976218373
HIT 3 1589160050718 370 4460217949560212970
HIT 3 1958527238174 456 10123798958814851768
HIT 3 1958529335326 456 14587878364983290689
HIT 3 1451702747169 338 9930556311998334637
HIT 3 1589141700641 370 643440076739461976
HIT 3 1958508888097 456 10656213220841880838
HIT 3 249110462498 58 4447959089904494962
HIT 3 1451701305378 338 13318092898621890916
HIT 3 1589140258850 370 11740443146882390660
HIT 3 1958507446306 456 16186299855336256428
HIT 3 249110528034 58 1578822299908510951
HIT 3 1451701370914 338 9782021392581089501
HIT 3 1589140324386 370 4687281540483617194
HIT 3 1958507511842 456 6964352756409422503
HIT 3 249110593570 58 7807526189767322026
HIT 3 1451701436450 338 143965873473928743
HIT 3 1589140389922 370 232539348916456499
HIT 3 1958507577378 456 14510746630043738474
HIT 3 249110659106 58 2189738495786172926
HIT 3 1451701501986 338 13847505275823498248
HIT 3 1589140455458 370 1349148930272792705
HIT 3 1958507642914 456 12258587846565584186
HIT 3 249110724642 58 10971858013923503741
HIT 3 1451701567522 338 8258996717560715683
HIT 3 1589140520994 370 10535362297267727403
HIT 3 1958507708450 456 14306510506343073964
HIT 3 249110790178 58 772234233945142340
HIT 3 1451701633058 338 17542780400460476253
HIT 3 1589140586530 370 11394523067931351718
HIT 3 1958507773986 456 7612491839182052386
HIT 3 249110855714 58 2456881017954910182
HIT 3 1451701698594 338 13741842710096363338
HIT 3 1589140652066 370 9796015797879179193
HIT 3 1958507839522 456 10189763748042924942
HIT 3 249110921250 58 3988835274860943502
HIT 3 1451701764130 338 1555419690080267989
HIT 3 1589140717602 370 6953460545820871219
HIT 3 1958507905058 456 16657578687298753121
HIT 3 249110986786 58 12082706645265177447
HIT 3 1451701829666 338 14533158932764146843
HIT 3 1589140783138 370 9790691554191220349
HIT 3 1958507970594 456 13142326436014334854
HIT 3 249111052322 58 2284879132220557152
HIT 3 1451701895202 338 7246017639680358930
HIT 3 1589140848674 370 6213228616647096412
HIT 3 1958508036130 456 3688684589284291868
HIT 3 249111117858 58 12702830046887358402
HIT 3 1451701960738 338 2529586554940951873
HIT 3 1589140914210 370 762583352928986715
HIT 3 1958508101666 456 1067635276205423898
HIT 3 249111183394 58 15866532882356834350
HIT 3 1451702026274 338 16379232889266875308
HIT 3 1589140979746 370 13278194343632023507
HIT 3 1958508167202 456 8952897095209992420
HIT 3 249111248930 58 16464653157282108081
HIT 3 1451702091810 338 7159501197354529597
HIT 3 1589141045282 370 5963112318922099506
HIT 3 1958508232738 456 5993902765413790824
HIT 3 249111314466 58 18377893303045886986
HIT 3 1451702157346 338 15128699838348050353
HIT 3 1589141110818 370 17227916584868664886
HIT 3 1958508298274 456 6749034505956119965
HIT 3 249111380002 58 8104169099179795114
HIT 3 1451702222882 338 17534379408229575826
HIT 3 1589141176354 370 5435761334336964893
HIT 3 1958508363810 456 580235823495093000
HIT 3 249111445538 58 1720810796724407507
HIT 3 1451702288418 338 4598493723611573344
HIT 3 1589141241890 370 9126022446193364045
HIT 3 1958508429346 456 4789302406731672820
HIT 3 249111511074 58 9754953351908025950
HIT 3 1451702353954 338 4971408368188930496
HIT 3 1589141307426 370 10158935653309761717
HIT 3 1958508494882 456 13496757629524268630
HIT 3 249111576610 58 10437200955917156514
HIT 3 1451702419490 338 13324911231140801205
HIT 3 1589141372962 370 1199345711437541443
HIT 3 1958508560418 456 4328297660634845857
HIT 3 240521707554 56 16271264793615779262
HIT 3 249111642146 58 16501938769623193961
HIT 3 1451702485026 338 12359780521006123357
HIT 3 1589141438498 370 7947677717939575874
HIT 3 1958508625954 456 2167111697404953341
HIT 3 249111707682 58 16271264793615779262
HIT 3 1451702550562 338 14879076985900816592
HIT 3 1589141504034 370 1689023270059468818
HIT 3 1958508691490 456 2052347584497430359
HIT 3 249111773218 58 17226917098568622200
HIT 3 1443112681506 336 16538090651972989680
HIT 3 1451702616098 338 3872644976040109411
HIT 3 1455997583394 339 733293871600436307
HIT 3 1460292550690 340 18206538374157098197
HIT 3 1580551634978 368 6695886285023446448
HIT 3 1589141569570 370 1959605662683446767
HIT 3 1593436536866 371 13966661335433036274
HIT 3 1597731504162 372 11235234340076197131
HIT 3 1949918822434 454 2719482153075515379
HIT 3 1958508757026 456 4301930727056838843
HIT 3 1962803724322 457 12943836774803102101
HIT 3 1967098691618 458 7281196842685719045
HIT 3 249111838754 58 3315385112073847048
HIT 3 257701773346 60 17226917098568622200
HIT 3 1451702681634 338 11023068402367846761
HIT 3 1589141635106 370 7036053841652118973
HIT 3 1958508822562 456 13787660529679024041
HIT 3 257701838882 60 7354734339091495460
HIT 3 261996806178 61 9178612239148352430
HIT 3 266291773474 62 1321101063130251412
HIT 3 270586740770 63 6093239455871873660
HIT 3 274881708066 64 10103550842574929272
HIT 3 279176675362 65 2288925544975059796
HIT 3 283471642658 66 9801939331146744160
HIT 3 287766609954 67 13715880535226614648
HIT 3 292061577250 68 1324054619044424512
HIT 3 296356544546 69 14795241738354226569
HIT 3 300651511842 70 3972405410895122094
HIT 3 304946479138 71 10822761358047774486
HIT 3 309241446434 72 3274436088784099172
HIT 3 313536413730 73 10997159253066921546
HIT 3 317831381026 74 8342966370790092703
HIT 3 322126348322 75 18024105047016056930
HIT 3 326421315618 76 7691100312032239502
HIT 3 330716282914 77 17070985089495806918
HIT 3 335011250210 78 12900057913588226267
HIT 3 339306217506 79 6518532494556932706
HIT 3 343601184802 80 251502021102722300
HIT 3 347896152098 81 14555268739605966293
HIT 3 352191119394 82 214119380078467553
HIT 3 356486086690 83 17471904094854327035
HIT 3 360781053986 84 16935934819765544636
HIT 3 365076021282 85 14933240376894665132
HIT 3 369370988578 86 8706224533763710425
HIT 3 373665955874 87 14177473316661921516
HIT 3 377960923170 88 17675869467399075517
HIT 3 382255890466 89 13115731788232140592
HIT 3 386550857762 90 1594634944226784601
HIT 3 390845825058 91 6682738558291051561
HIT 3 395140792354 92 3457887876244750350
HIT 3 399435759650 93 11434637479305563454
HIT 3 403730726946 94 8791848754972148664
HIT 3 408025694242 95 8392168346038083777
HIT 3 412320661538 96 3297529888369623824
HIT 3 416615628834 97 7676705976722793444
HIT 3 420910596130 98 7011087200796513100
HIT 3 425205563426 99 13692568811091821208
HIT 3 429500530722 100 728607171832553
HIT 3 433795498018 101 8076461489271831765
HIT 3 438090465314 102 16302321444585907485
HIT 3 442385432610 103 9343702305691194408
HIT 3 446680399906 104 16007326163549807980
HIT 3 450975367202 105 504068701377971527
HIT 3 455270334498 106 18423912270234690375
HIT 3 459565301794 107 8557802627311216683
HIT 3 463860269090 108 2162222386800695723
HIT 3 468155236386 109 15274369545056106549
HIT 3 472450203682 110 18211057900775662797
HIT 3 476745170978 111 2188216560444811615
HIT 3 481040138274 112 11776001032026119033
HIT 3 485335105570 113 7133534919407571945
HIT 3 489630072866 114 17877547699781397816
HIT 3 493925040162 115 1660964695080319057
HIT 3 498220007458 116 11405131041272295055
HIT 3 502514974754 117 445651174762729078
HIT 3 506809942050 118 10096266387047240195
HIT 3 511104909346 119 13723418361006157262
HIT 3 515399876642 120 16061774289435333881
HIT 3 519694843938 121 9075961949251660944
HIT 3 523989811234 122 6403728956632060711
HIT 3 528284778530 123 16702154110502697678
HIT 3 532579745826 124 12787753748348957545
HIT 3 536874713122 125 1458189566274577464
HIT 3 541169680418 126 10720211380773922603
HIT 3 545464647714 127 15735399045039087386
HIT 3 549759615010 128 14437173476630160631
HIT 3 554054582306 129 14974955265441800717
HIT 3 558349549602 130 15958750598858000562
HIT 3 562644516898 131 17253638869198249977
HIT 3 566939484194 132 12921472816802427707
HIT 3 571234451490 133 7184740503318271137
HIT 3 575529418786 134 8009892580981720289
HIT 3 579824386082 135 13006177018612494199
HIT 3 584119353378 136 159729736484385676
HIT 3 588414320674 137 3576095885643727189
HIT 3 592709287970 138 4757329473214933121
HIT 3 597004255266 139 9305113391140055318
HIT 3 601299222562 140 10602525066270499687
HIT 3 605594189858 141 1803280560895205739
HIT 3 609889157154 142 13561026116164431050
HIT 3 614184124450 143 11014675933928384762
HIT 3 618479091746 144 13538214107245353701
HIT 3 622774059042 145 8051799831693569773
HIT 3 627069026338 146 5050846037051704267
HIT 3 631363993634 147 3271217678591180913
HIT 3 635658960930 148 15337296999806956698
HIT 3 639953928226 149 17706389239373192316
HIT 3 644248895522 150 5437801328348488846
HIT 3 648543862818 151 2982361751673130113
HIT 3 652838830114 152 970139302059008074
HIT 3 657133797410 153 1827765104792332407
HIT 3 661428764706 154 17275184904555740207
HIT 3 665723732002 155 17565597749227642755
HIT 3 670018699298 156 17868897777482957915
HIT 3 674313666594 157 5813796041122768969
HIT 3 678608633890 158 17009028476672889640
HIT 3 682903601186 159 8303453904249179186
HIT 3 687198568482 160 12902905813844385225
HIT 3 691493535778 161 18160147921688847256
HIT 3 695788503074 162 13065336638919142589
HIT 3 700083470370 163 17376013049348746356
HIT 3 704378437666 164 15099618728169436083
HIT 3 708673404962 165 14634708540392829637
HIT 3 712968372258 166 17188203524978899810
HIT 3 717263339554 167 15315130013580989073
HIT 3 721558306850 168 12986196840445643270
HIT 3 725853274146 169 9161576694336669130
HIT 3 730148241442 170 13607361451345223467
HIT 3 734443208738 171 5985558217055391748
HIT 3 738738176034 172 17802399033377220431
HIT 3 743033143330 173 640737765096511969
HIT 3 747328110626 174 10595797346158225323
HIT 3 751623077922 175 10487876274754579733
HIT 3 755918045218 176 10368738323944234161
HIT 3 760213012514 177 9827283395969867819
HIT 3 764507979810 178 14880311970570256634
HIT 3 768802947106 179 16543581884752120039
HIT 3 773097914402 180 10209146423980774863
HIT 3 777392881698 181 12856946595539622211
HIT 3 781687848994 182 7722389035751694866
HIT 3 785982816290 183 5227404488898766605
HIT 3 790277783586 184 149156024460723094
HIT 3 794572750882 185 2630937488855388220
HIT 3 798867718178 186 1175377265721554386
HIT 3 803162685474 187 18153260730950253146
HIT 3 807457652770 188 16523577131579554737
HIT 3 811752620066 189 15802297774470496890
HIT 3 816047587362 190 9813224393367465808
HIT 3 820342554658 191 5587834963567385835
HIT 3 824637521954 192 2863380434179943314
HIT 3 828932489250 193 12736899473642673249
HIT 3 833227456546 194 14082105418001522332
HIT 3 837522423842 195 184229035707758693
HIT 3 841817391138 196 7000875936723855372
HIT 3 846112358434 197 18032677719879539972
HIT 3 850407325730 198 12790176459849820355
HIT 3 854702293026 199 13530674224389691844
HIT 3 858997260322 200 10036635240971886546
HIT 3 863292227618 201 10900785235657450304
HIT 3 867587194914 202 5803483081549312563
HIT 3 871882162210 203 17259441750583343269
HIT 3 876177129506 204 3726279811227509691
HIT 3 880472096802 205 15635488262151361200
HIT 3 884767064098 206 13806987948730003043
HIT 3 889062031394 207 4709411203677946247
HIT 3 893356998690 208 4231596209467762859
HIT 3 897651965986 209 5998371792722249072
HIT 3 901946933282 210 369921497740856580
HIT 3 906241900578 211 11149940114033835719
HIT 3 910536867874 212 2562241348545793404
HIT 3 914831835170 213 9930964223776279409
HIT 3 919126802466 214 14408761659098723116
HIT 3 923421769762 215 10423615303651638631
HIT 3 927716737058 216 2153411622244040989
HIT 3 932011704354 217 2793070628190295667
HIT 3 936306671650 218 12828904934050150290
HIT 3 940601638946 219 2413854127207189896
HIT 3 944896606242 220 7664351171984483642
HIT 3 949191573538 221 8715561499315088872
HIT 3 953486540834 222 12620699760121084842
HIT 3 957781508130 223 11350999117448357610
HIT 3 962076475426 224 7834730836353348987
HIT 3 966371442722 225 10080970547653128386
HIT 3 970666410018 226 15366246675280272042
HIT 3 974961377314 227 697965272017668074
HIT 3 979256344610 228 7089946337694994660
HIT 3 983551311906 229 18244614400918002905
HIT 3 987846279202 230 3230345451426850316
HIT 3 992141246498 231 6235713797046302161
HIT 3 996436213794 232 2471262671707987800
HIT 3 1000731181090 233 10152560524380946474
HIT 3 1005026148386 234 10351540763030529504
HIT 3 1009321115682 235 428147599930088351
HIT 3 1013616082978 236 2349389693023424342
HIT 3 1017911050274 237 7431067408515360869
HIT 3 1022206017570 238 7139622198340438783
HIT 3 1026500984866 239 15191076900202421841
HIT 3 1030795952162 240 15706538932926093912
HIT 3 1035090919458 241 7320345250117513220
HIT 3 1039385886754 242 6578877553983660018
HIT 3 1043680854050 243 8897022905650729790
HIT 3 1047975821346 244 3077025059014685977
HIT 3 1052270788642 245 3292571010824366606
HIT 3 1056565755938 246 1496693768330394336
HIT 3 1060860723234 247 5999822915308348085
HIT 3 1065155690530 248 10008401395509001215
HIT 3 1069450657826 249 17036838760372468890
HIT 3 1073745625122 250 431771153364373435
HIT 3 1078040592418 251 16216180779766991106
HIT 3 1082335559714 252 3612315991681427635
HIT 3 1086630527010 253 449633202336109097
HIT 3 1090925494306 254 5174727419447286754
HIT 3 1095220461602 255 13986373366463489883
HIT 3 1099515428898 256 16690459161232998007
HIT 3 1103810396194 257 6356204804226679343
HIT 3 1108105363490 258 15924950810525074599
HIT 3 1112400330786 259 17840141570091302802
HIT 3 1116695298082 260 11285463669827767078
HIT 3 1120990265378 261 8945713005530252005
HIT 3 1125285232674 262 8448839471527946424
HIT 3 1129580199970 263 13395095478390194954
HIT 3 1133875167266 264 11198439165450333914
HIT 3 1138170134562 265 6808689284147916297
HIT 3 1142465101858 266 15191809824447601512
HIT 3 1146760069154 267 3152175224091998055
HIT 3 1151055036450 268 7785294972548165901
HIT 3 1155350003746 269 7439120753135539755
HIT 3 1159644971042 270 14862694598762632460
HIT 3 1163939938338 271 9133002724724718418
HIT 3 1168234905634 272 12784805385979148473
HIT 3 1172529872930 273 6715659767323780405
HIT 3 1176824840226 274 6635885485418228998
HIT 3 1181119807522 275 17081728441022795373
HIT 3 1185414774818 276 12784335251209225682
HIT 3 1189709742114 277 6037368485098285056
HIT 3 1194004709410 278 3983960622035085220
HIT 3 1198299676706 279 1442148274375182094
HIT 3 1202594644002 280 12561217690921309882
HIT 3 1206889611298 281 4758441670265588466
HIT 3 1211184578594 282 547298584756326713
HIT 3 1215479545890 283 12145144126915916723
HIT 3 1219774513186 284 10908168446953819176
HIT 3 1224069480482 285 8153324066492903797
HIT 3 1228364447778 286 7722690957845592067
HIT 3 1232659415074 287 5336054557000788024
HIT 3 1236954382370 288 15531868571272952551
HIT 3 1241249349666 289 11068808517565842410
HIT 3 1245544316962 290 13670193351720281010
HIT 3 1249839284258 291 15660872479401765698
HIT 3 1254134251554 292 14246591351414058560
HIT 3 1258429218850 293 11737700557508808414
HIT 3 1262724186146 294 7125051422070446879
HIT 3 1267019153442 295 7855161286805761132
HIT 3 1271314120738 296 14586729917704066279
HIT 3 1275609088034 297 83179314490816205
HIT 3 1279904055330 298 11344851526671277678
HIT 3 1284199022626 299 16446700560387270457
HIT 3 1288493989922 300 5716635750394037682
HIT 3 1292788957218 301 17988689652308193075
HIT 3 1297083924514 302 8156120005845341549
HIT 3 1301378891810 303 7744957259611141170
HIT 3 1305673859106 304 31917587315472984
HIT 3 1309968826402 305 10794099854853402783
HIT 3 1314263793698 306 3358694159237076130
HIT 3 1318558760994 307 9207482263743582995
HIT 3 1322853728290 308 12729468303267084909
HIT 3 1327148695586 309 11503926150660151899
HIT 3 1331443662882 310 6065844030022798108
HIT 3 1335738630178 311 8125771787799478105
HIT 3 1340033597474 312 10237284519008639423
HIT 3 1344328564770 313 17728002881788355497
HIT 3 1348623532066 314 8961320089467383227
HIT 3 1352918499362 315 3403118165131895010
HIT 3 1357213466658 316 2584661005563950040
HIT 3 1361508433954 317 4446882881618247006
HIT 3 1365803401250 318 17359536908755116986
HIT 3 1370098368546 319 15029642860138939505
HIT 3 1374393335842 320 507177706066976578
HIT 3 1378688303138 321 1627712542979652553
HIT 3 1382983270434 322 4454875315408390733
HIT 3 1387278237730 323 9394035371253286971
HIT 3 1391573205026 324 5143204830301098844
HIT 3 1395868172322 325 13049712083100021736
HIT 3 1400163139618 326 6340520632840397483
HIT 3 1404458106914 327 15072875937519912412
HIT 3 1408753074210 328 9242834783998699129
HIT 3 1413048041506 329 12792558764088477863
HIT 3 1417343008802 330 17006571061863199125
HIT 3 1421637976098 331 3318770942363564454
HIT 3 1425932943394 332 14668973020949942509
HIT 3 1430227910690 333 17830299208110612929
HIT 3 1434522877986 334 10548322974397736713
HIT 3 1438817845282 335 15669659182859099780
HIT 3 1443112812578 336 15804408496617362548
HIT 3 1447407779874 337 13017276803944688458
HIT 3 1451702747170 338 4406477051456808325
HIT 3 1455997714466 339 8184257234531811082
HIT 3 1460292681762 340 9596138082684668763
HIT 3 1464587649058 341 10571652261300484279
HIT 3 1468882616354 342 14801676910248099086
HIT 3 1473177583650 343 13639288446715405827
HIT 3 1477472550946 344 4205892754513701000
HIT 3 1481767518242 345 1975395283152922531
HIT 3 1486062485538 346 3993401235891173123
HIT 3 1490357452834 347 1767870709846390369
HIT 3 1494652420130 348 3943643973361048381
HIT 3 1498947387426 349 14648664625216224495
HIT 3 1503242354722 350 7442085093797586863
HIT 3 1507537322018 351 4033923080994583622
HIT 3 1511832289314 352 16481804438265892962
HIT 3 1516127256610 353 421322437156484467
HIT 3 1520422223906 354 13621895786921165886
HIT 3 1524717191202 355 18405259754752271920
HIT 3 1529012158498 356 10258982640324436369
HIT 3 1533307125794 357 5679218038996028288
HIT 3 1537602093090 358 320440282304660593
HIT 3 1541897060386 359 4412368577124990725
HIT 3 1546192027682 360 7402706059014825460
HIT 3 1550486994978 361 11779565729837444267
HIT 3 1554781962274 362 17520784242585738441
HIT 3 1559076929570 363 9403513802111879040
HIT 3 1563371896866 364 15519783814786909112
HIT 3 1567666864162 365 10722183403655069521
HIT 3 1571961831458 366 832706835663805494
HIT 3 1576256798754 367 5822541686115154036
HIT 3 1580551766050 368 14869961134560193041
HIT 3 1584846733346 369 17356342136797498074
HIT 3 1589141700642 370 12972624508249421614
HIT 3 1593436667938 371 2826051548806530450
HIT 3 1597731635234 372 9563027350180778726
HIT 3 1602026602530 373 12226105270106844239
HIT 3 1606321569826 374 1735451542997345918
HIT 3 1610616537122 375 2578992989831856081
HIT 3 1614911504418 376 14394819968343115975
HIT 3 1619206471714 377 2691664739718493766
HIT 3 1623501439010 378 15581643728336583156
HIT 3 1627796406306 379 13865558258243025774
HIT 3 1632091373602 380 18360857883728026208
HIT 3 1636386340898 381 9190240081361549893
HIT 3 1640681308194 382 16401916286778458169
HIT 3 1644976275490 383 10740056066394408149
HIT 3 1649271242786 384 11909294165653400031
HIT 3 1653566210082 385 3378259678430810849
HIT 3 1657861177378 386 1143638389042033703
HIT 3 1662156144674 387 18157788327051813693
HIT 3 1666451111970 388 17808695337935492219
HIT 3 1670746079266 389 7886040994124614624
HIT 3 1675041046562 390 7013776173993317707
HIT 3 1679336013858 391 9516507292498980080
HIT 3 1683630981154 392 3593675478708591568
HIT 3 1687925948450 393 10450093931188566592
HIT 3 1692220915746 394 11557413615009018761
HIT 3 1696515883042 395 14900415031405292318
HIT 3 1700810850338 396 6496710110935099983
HIT 3 1705105817634 397 14600604188234170483
HIT 3 1709400784930 398 3705295424136192494
HIT 3 1713695752226 399 5812780356525143940
HIT 3 1717990719522 400 9747798573456753939
HIT 3 1722285686818 401 8256329699480041390
HIT 3 1726580654114 402 4743748860902565896
HIT 3 1730875621410 403 905871401295529259
HIT 3 1735170588706 404 6456877396597546314
HIT 3 1739465556002 405 13807861022007867446
HIT 3 1743760523298 406 8120820470249506418
HIT 3 1748055490594 407 4283883496464153143
HIT 3 1752350457890 408 5765086475625301092
HIT 3 1756645425186 409 13897954938745825133
HIT 3 1760940392482 410 875574367464145577
HIT 3 1765235359778 411 9940885644773210365
HIT 3 1769530327074 412 10114304115671306546
HIT 3 1773825294370 413 12761235121978891127
HIT 3 1778120261666 414 10095766751454840110
HIT 3 1782415228962 415 10488161911687995257
HIT 3 1786710196258 416 14463089402145359886
HIT 3 1791005163554 417 15547384137850884730
HIT 3 1795300130850 418 15514641107641433041
HIT 3 1799595098146 419 15509314121510576822
HIT 3 1803890065442 420 5382614502132485147
HIT 3 1808185032738 421 972122688758956073
HIT 3 1812480000034 422 1210718986516844174
HIT 3 1816774967330 423 13909000657607712459
HIT 3 1821069934626 424 4975926055101510577
HIT 3 1825364901922 425 1434322878934071624
HIT 3 1829659869218 426 6080448119338832479
HIT 3 1833954836514 427 9614834134790050818
HIT 3 1838249803810 428 4385384197901802883
HIT 3 1842544771106 429 12562879639058666802
HIT 3 1846839738402 430 3856225091108835950
HIT 3 1851134705698 431 7888449290996553048
HIT 3 1855429672994 432 3348868477351153120
HIT 3 1859724640290 433 11572242881153141782
HIT 3 1864019607586 434 4847745180015593853
HIT 3 1868314574882 435 4583140400586639351
HIT 3 1872609542178 436 14609704264463453063
HIT 3 1876904509474 437 4659022897724164700
HIT 3 1881199476770 438 5467287235543069157
HIT 3 1885494444066 439 21488898066839555
HIT 3 1889789411362 440 17912261695109575576
HIT 3 1894084378658 441 17989012308521178138
HIT 3 1898379345954 442 6717624434569049486
HIT 3 1902674313250 443 4027939445526564539
HIT 3 1906969280546 444 8283996677037341443
HIT 3 1911264247842 445 10237794412593951877
HIT 3 1915559215138 446 15911926153717063422
HIT 3 1919854182434 447 34629689391416977
HIT 3 1924149149730 448 8597357855520898165
HIT 3 1928444117026 449 2810150309101816382
HIT 3 1932739084322 450 7034542061729750618
HIT 3 1937034051618 451 18120203998820607038
HIT 3 1941329018914 452 17564789943156327588
HIT 3 1945623986210 453 12449340863666265597
HIT 3 1949918953506 454 10025360875711440802
HIT 3 1954213920802 455 295861730415635841
HIT 3 1958508888098 456 13582858048551490047
HIT 3 1962803855394 457 9297590915994744783
HIT 3 1967098822690 458 9273772925714037496
HIT 3 1971393789986 459 15594759982414592450
HIT 3 1975688757282 460 11512563427144289399
HIT 3 1979983724578 461 18149773930275828881
HIT 3 1984278691874 462 14507910319277047361
HIT 3 1988573659170 463 18067152490904955333
HIT 3 1992868626466 464 11792141813251767528
HIT 3 1997163593762 465 5747173787396708478
HIT 3 2001458561058 466 13623907699014749214
HIT 3 2005753528354 467 17493449829485128363
HIT 3 2010048495650 468 759533171415620803
HIT 3 2014343462946 469 16466386772710335433
HIT 3 2018638430242 470 14018449516634961516
HIT 3 2022933397538 471 12900349570336568084
HIT 3 2027228364834 472 3570140088996042842
HIT 3 2031523332130 473 8582621911816122776
HIT 3 2035818299426 474 648152350853471742
HIT 3 2040113266722 475 265512879383640965
HIT 3 2044408234018 476 17370165295433574651
HIT 3 2048703201314 477 4721183921144509890
HIT 3 2052998168610 478 15042547429878349257
HIT 3 2057293135906 479 16962027000212640836
HIT 3 2061588103202 480 9026816417975237014
HIT 3 2065883070498 481 5287424015151616043
HIT 3 2070178037794 482 9091145684111233665
HIT 3 2074473005090 483 6671141824262049298
HIT 3 2078767972386 484 7310257823579996535
HIT 3 2083062939682 485 7201056320681485218
HIT 3 2087357906978 486 12938593206386816130
HIT 3 2091652874274 487 7479627463641625757
HIT 3 2095947841570 488 5782072389739489403
HIT 3 2100242808866 489 2486817952583266455
HIT 3 2104537776162 490 14029815332294048653
HIT 3 2108832743458 491 2375125888323582351
HIT 3 2113127710754 492 3064098286025336545
HIT 3 2117422678050 493 7433554668047648557
HIT 3 2121717645346 494 5486093424517158666
HIT 3 2126012612642 495 2044094933673849910
HIT 3 2130307579938 496 11427259795336653299
HIT 3 2134602547234 497 15973941746815475777
HIT 3 2138897514530 498 614095017230236691
HIT 3 2143192481826 499 616916858365408106
HIT 3 2147487449122 500 11451386349813968138
HIT 3 2151782416418 501 7217375148536506640
HIT 3 2156077383714 502 10053248489902172831
HIT 3 2160372351010 503 16315552827493787197
HIT 3 2164667318306 504 16832372375003614837
HIT 3 2168962285602 505 10630832545380939740
HIT 3 2173257252898 506 12700031380809852953
HIT 3 2177552220194 507 11557027670176914163
HIT 3 2181847187490 508 14409959102600980375
HIT 3 2186142154786 509 7020948398560801790
HIT 3 2190437122082 510 2493431504593713139
HIT 3 2194732089378 511 8347535377717849638
HIT 3 257701904418 60 4722034597980576887
HIT 3 261996871714 61 6093239455871873660
HIT 3 266291839010 62 7354734339091495460
HIT 3 1443112878114 336 1086908973879522398
HIT 3 1451702812706 338 17531791030616254857
HIT 3 1455997780002 339 15352717178630936013
HIT 3 1460292747298 340 12040950168080420823
HIT 3 1580551831586 368 9027691238212362401
HIT 3 1589141766178 370 3894511255430638816
HIT 3 1593436733474 371 16271912240813345999
HIT 3 1597731700770 372 3611037640656818969
HIT 3 1949919019042 454 1943095400485076519
HIT 3 1958508953634 456 9010648094583222852
HIT 3 1962803920930 457 720572018542343363
HIT 3 1967098888226 458 285309633600146731
HIT 3 1443112943650 336 8201341079712186603
HIT 3 1451702878242 338 10185646871950630189
HIT 3 1455997845538 339 5060414350595523924
HIT 3 1460292812834 340 5318654652693657529
HIT 3 1580551897122 368 7529121519394719522
HIT 3 1589141831714 370 17792328408801722769
HIT 3 1593436799010 371 961430518069655787
HIT 3 1597731766306 372 17079323568588754717
HIT 3 1949919084578 454 4581899783806572082
HIT 3 1958509019170 456 16095528432035416091
HIT 3 1962803986466 457 6854870776952574998
HIT 3 1967098953762 458 7566711690344218896
HIT 3 266291970082 62 5857071031846431053
HIT 3 1451702943778 338 9276448043672907665
HIT 3 1589141897250 370 5299718392779536662
HIT 3 1958509084706 456 11162815984140238551
HIT 3 1451703009314 338 9089589151394542047
HIT 3 1589141962786 370 14407063450947451149
HIT 3 1958509150242 456 9481676916711128799
HIT 3 1451703074850 338 4590486604275454409
HIT 3 1589142028322 370 15918480491787632761
HIT 3 1958509215778 456 15107921776370834915
HIT 3 1451703140386 338 10741693536496175996
HIT 3 1589142093858 370 1282716798621679499
HIT 3 1958509281314 456 13471954954007505964
HIT 3 1451703205922 338 10099912554307913278
HIT 3 1589142159394 370 17635000068565572826
HIT 3 1958509346850 456 9949393862251126118
HIT 3 1451703271458 338 14092612040116709869
HIT 3 1589142224930 370 10314934331548226179
HIT 3 1958509412386 456 2857927556857061500
HIT 3 1451703336994 338 1489852241447944492
HIT 3 1589142290466 370 4212517132179561389
HIT 3 1958509477922 456 356146697750878319
HIT 3 1451703402530 338 5422236810428728154
HIT 3 1589142356002 370 6471600696142060648
HIT 3 1958509543458 456 7813404211377873286
HIT 3 1451703468066 338 14190865141419307764
HIT 3 1589142421538 370 2926843747943111885
HIT 3 1958509608994 456 10558728771657417374
HIT 3 1451703533602 338 16241379593944197174
HIT 3 1589142487074 370 278906343949477152
HIT 3 1958509674530 456 17309792716310967224
HIT 3 1451703599138 338 8625363055714704624
HIT 3 1589142552610 370 1338305325043228164
HIT 3 1958509740066 456 7195992778067933354
HIT 3 1451703664674 338 14495537821691741602
HIT 3 1589142618146 370 5961550894655964641
HIT 3 1958509805602 456 9833567384355668938
HIT 3 1451703730210 338 2001058145993758778
HIT 3 1589142683682 370 5166717058716366737
HIT 3 1958509871138 456 4570807512248250480
HIT 3 1451703795746 338 16862286725932436231
HIT 3 1589142749218 370 2954899761822573088
HIT 3 1958509936674 456 9573673219293078778
HIT 3 1451703861282 338 12257864613833475878
HIT 3 1589142814754 370 17515741112060078187
HIT 3 1958510002210 456 10607323092180251470
HIT 3 1451703926818 338 5494177934409369089
HIT 3 1589142880290 370 7148836946356254231
HIT 3 1958510067746 456 1445545559036157810
HIT 3 1451703992354 338 2848223949613808222
HIT 3 1589142945826 370 2408291285455842457
HIT 3 1958510133282 456 11002328471831157036
HIT 3 1451704057890 338 4850656354188397174
HIT 3 1589143011362 370 6837252058398505056
HIT 3 1958510198818 456 10320848551090140430
HIT 3 1451704123426 338 12493758874989673511
HIT 3 1589143076898 370 7674315467325498186
HIT 3 1958510264354 456 6818230502225477066
HIT 3 1451704188962 338 1041634939610081514
HIT 3 1589143142434 370 13770099684753469649
HIT 3 1958510329890 456 10488968121085828450
HIT 3 1589160050719 370 6272776848290001812
HIT 3 1958527238175 456 4990122022007091211
HIT 3 1451704254498 338 3840867748607774508
HIT 3 1589143207970 370 10185532218724961209
HIT 3 1958510395426 456 10587903162151810096
HIT 3 1451704320034 338 14525175040728376404
HIT 3 1589143273506 370 13897855849178053347
HIT 3 1958510460962 456 5395196583962899855
HIT 3 1451704385570 338 5988569913578083776
HIT 3 1589143339042 370 9202754464436692265
HIT 3 1958510526498 456 3733572687193498269
HIT 3 1451704451106 338 14254359789397418374
HIT 3 1589143404578 370 6359087277466917139
HIT 3 1958510592034 456 11016775709888690590
HIT 3 1451704516642 338 2852872406670260284
HIT 3 1589143470114 370 18274236585954222819
HIT 3 1958510657570 456 14708879347367330671
HIT 3 1451704582178 338 5255139864487334289
HIT 3 1589143535650 370 6191347049476495524
HIT 3 1958510723106 456 1887502463796592988
HIT 3 1451704647714 338 10960141074459695312
HIT 3 1589143601186 370 8164338599880077296
HIT 3 1958510788642 456 3639596758078134811
HIT 3 1451704713250 338 8241281872191024586
HIT 3 1589143666722 370 13900299128381955450
HIT 3 1958510854178 456 8083803617801107924
HIT 3 1451704778786 338 12940553358108013789
HIT 3 1589143732258 370 7825195780118985160
HIT 3 1958510919714 456 2220627450398792523
HIT 3 1451704844322 338 6385061273793174801
HIT 3 1589143797794 370 2313276088759214287
HIT 3 1958510985250 456 5204169747358730914
HIT 3 1451704909858 338 14407479657164543066
HIT 3 1589143863330 370 18055794350502557579
HIT 3 1958511050786 456 5441306359087309262
HIT 3 1451704975394 338 8844615829755718715
HIT 3 1589143928866 370 10371536425853270672
HIT 3 1958511116322 456 8930223981231237336
HIT 3 1451705040930 338 9730338889520348987
HIT 3 1589143994402 370 10276807834930221834
HIT 3 1958511181858 456 3385328217104825572
HIT 3 1451705106466 338 4546898313929641522
HIT 3 1589144059938 370 6003336240805758518
HIT 3 1958511247394 456 3193546003065539349
HIT 3 1451705172002 338 5176707931978600419
HIT 3 1589144125474 370 5257443700867878669
HIT 3 1958511312930 456 7152556004375004268
HIT 3 1451705237538 338 6460724881530783455
HIT 3 1589144191010 370 10725808415274950704
HIT 3 1958511378466 456 6596741144111120935
HIT 3 1451705303074 338 14800883432650141813
HIT 3 1589144256546 370 13963720193609265458
HIT 3 1958511444002 456 1466496566750600648
HIT 3 1451705368610 338 14100500140110552833
HIT 3 1589144322082 370 725506887693139652
HIT 3 1958511509538 456 1983232005243107190
HIT 3 1958529335327 456 14241556366105727129
HIT 3 1451705434146 338 2315150114913110040
HIT 3 1589144387618 370 14582629829448978232
HIT 3 1958511575074 456 5214982434703929000
HIT 3 1451705499682 338 9047383547451181170
HIT 3 1589144453154 370 11320745793149573832
HIT 3 1958511640610 456 5737785770616688523
HIT 3 1451705565218 338 18217624614248695883
HIT 3 1589144518690 370 18433693871190917033
HIT 3 1958511706146 456 10650588091248969845
HIT 3 1451705630754 338 6530334204290159773
HIT 3 1589144584226 370 14884804713752791065
HIT 3 1958511771682 456 14608315408568597486
HIT 3 1451705696290 338 6056584282736909292
HIT 3 1589144649762 370 12934897702339729733
HIT 3 1958511837218 456 15931857883868234202
HIT 3 1451705761826 338 16300278928638945516
HIT 3 1589144715298 370 8024566156067001210
HIT 3 1958511902754 456 15612358899086114387
HIT 3 1451705827362 338 5435184689193094294
HIT 3 1589144780834 370 391715920879498082
HIT 3 1958511968290 456 12653075816777201662
HIT 3 1451705892898 338 14817806371899334197
HIT 3 1589144846370 370 2389129916600636916
HIT 3 1958512033826 456 2324791755439256441
HIT 3 1451705958434 338 2379892213372215056
HIT 3 1589144911906 370 10766015904802523049
HIT 3 1958512099362 456 18170441983801905992
HIT 3 1451706023970 338 9584342540607350187
HIT 3 1589144977442 370 6818237508779346274
HIT 3 1589159919648 370 8684281895791838298
HIT 3 1958527107104 456 6317010145385579704
HIT 3 1958512164898 456 7655394517355638718
HIT 3 1451706089506 338 4895419909188041714
HIT 3 1589145042978 370 2440747698667666377
HIT 3 1958512230434 456 4781631115147447105
HIT 3 1451706155042 338 12126862669253868076
HIT 3 1589145108514 370 1585816788089427930
HIT 3 1958512295970 456 11560664342338795597
HIT 3 1451706220578 338 6475976385923277244
HIT 3 1589145174050 370 18203495118622634564
HIT 3 1958512361506 456 1629841912873169061
HIT 3 1451706286114 338 8084495968621917259
HIT 3 1589145239586 370 8592304755367998139
HIT 3 1958512427042 456 13380660230675018041
HIT 3 1451706351650 338 7549086038650322469
HIT 3 1589145305122 370 10973877760949223654
HIT 3 1958512492578 456 5451053589691848454
HIT 3 1451706417186 338 17871227198027789684
HIT 3 1589145370658 370 15159465700098768906
HIT 3 1958512558114 456 15570057092121632549
HIT 3 1451706482722 338 4575555919426346384
HIT 3 1589145436194 370 13901703154421568723
HIT 3 1958512623650 456 15083711889562815286
HIT 3 1451706548258 338 9188363148734618328
HIT 3 1589145501730 370 8520789546968736070
HIT 3 1958512689186 456 8555317350723267716
HIT 3 1451706613794 338 6524498774119968848
HIT 3 1589145567266 370 17933241462897006180
HIT 3 1958512754722 456 1696798067608564354
HIT 3 1451706679330 338 4887555039443955872
HIT 3 1589145632802 370 17282815018161342897
HIT 3 1958512820258 456 11176203624749945856
HIT 3 1451706744866 338 12327701983601460548
HIT 3 1589145698338 370 9985722413304852696
HIT 3 1958512885794 456 7873935466449216040
HIT 3 1580570116128 368 12989515165648395298
HIT 3 1589160050720 370 10204741627853975018
HIT 3 1593455018016 371 14017719440213504983
HIT 3 1597749985312 372 11859258758204029850
HIT 3 1949937303584 454 5562022240610682442
HIT 3 1958527238176 456 18195977837786978515
HIT 3 1962822205472 457 3605014746631754760
HIT 3 1967117172768 458 14807459984401035382
HIT 3 1460311097376 340 14980648194292574751
HIT 3 1589160116256 370 13502624529262666489
HIT 3 1958527303712 456 16913437034925988869
HIT 3 1589160181792 370 6228592000054998733
HIT 3 1958527369248 456 1068732044961665939
HIT 3 1451706810402 338 2988764127942983059
HIT 3 1589145763874 370 15500559311712165521
HIT 3 1958512951330 456 5587659916772034208
HIT 3 1451706875938 338 14781280111011297579
HIT 3 1589145829410 370 1188413446022114167
HIT 3 1958513016866 456 18028292732258427066
HIT 3 1451706941474 338 6740040388229822512
HIT 3 1589145894946 370 8765315542793469421
HIT 3 1958513082402 456 13867110926003340168
HIT 3 1451707007010 338 17568731441648994899
HIT 3 1589145960482 370 13023246520083028654
HIT 3 1958513147938 456 4977855364750471739
HIT 3 1451707072546 338 12661994886095311332
HIT 3 1589146026018 370 3023809287578113239
HIT 3 1958513213474 456 17367367831359520360
HIT 3 1451707138082 338 1593006343459258347
HIT 3 1589146091554 370 7623251788264204891
HIT 3 1958513279010 456 16223518098711967472
HIT 3 1451707203618 338 6588385805863058675
HIT 3 1589146157090 370 11616484299272206706
HIT 3 1958513344546 456 15417892221611591202
HIT 3 1451707269154 338 18368403132293022373
HIT 3 1589146222626 370 17332059453420635501
HIT 3 1958513410082 456 11234065183897844114
HIT 3 1451707334690 338 17626698119718767642
HIT 3 1589146288162 370 1283514649106638895
HIT 3 1958513475618 456 5476722630325833861
HIT 3 1451707400226 338 7942300270808048382
HIT 3 1589146353698 370 5616139760835819236
HIT 3 1958513541154 456 10403151850946812562
HIT 3 1451707465762 338 12027042862826220561
HIT 3 1589146419234 370 3478376704262728893
HIT 3 1958513606690 456 2993556906618949489
HIT 3 1958529204256 456 11917080537017426722
HIT 3 1949939400736 454 3977368602264969107
HIT 3 1958529335328 456 14849650096941336865
HIT 3 1962824302624 457 6202227117856630062
HIT 3 1967119269920 458 12112377668834077852
HIT 3 1597752148000 372 14994685933178849270
HIT 3 1958529400864 456 4211560120585942151
HIT 3 1958529466400 456 4163948104518549355
HIT 3 240520527907 56 3315385112073847048
HIT 3 249110462499 58 4722034597980576887
HIT 3 253405429795 59 9178612239148352430
HIT 3 257700397091 60 5857071031846431053
HIT 3 1443111370787 336 10203918861519781797
HIT 3 1451701305379 338 1116345277794906142
HIT 3 1455996272675 339 14351651817116291416
HIT 3 1460291239971 340 5018712797409739746
HIT 3 1580550324259 368 545330946104138708
HIT 3 1589140258851 370 9907128754655115313
HIT 3 1593435226147 371 13221799316075048410
HIT 3 1597730193443 372 5359360687044187049
HIT 3 1949917511715 454 10053998993600016920
HIT 3 1958507446307 456 6459531621448589443
HIT 3 1962802413603 457 16969760071903635468
HIT 3 1967097380899 458 3472644442617213596
HIT 3 163211182115 38 6602291115327735882
HIT 3 249110528035 58 2189738495786172926
HIT 3 1451701370915 338 13847505275823498248
HIT 3 1589140324387 370 1349148930272792705
HIT 3 1958507511843 456 12258587846565584186
HIT 3 249110593571 58 4447959089904494962
HIT 3 1451701436451 338 13318092898621890916
HIT 3 1589140389923 370 11740443146882390660
HIT 3 1958507577379 456 16186299855336256428
HIT 3 1451707531298 338 3520586979059222267
HIT 3 1589146484770 370 17497828730465753474
HIT 3 1958513672226 456 10755758724552269292
HIT 3 1451707596834 338 15723291171128138339
HIT 3 1589146550306 370 9968545481634498340
HIT 3 1958513737762 456 15064046065151328583
HIT 3 1451707662370 338 12070765625695101069
HIT 3 1589146615842 370 11017848011449305709
HIT 3 1958513803298 456 16769605510184245042
HIT 3 1451707727906 338 3353243695797689502
HIT 3 1589146681378 370 8230781035400538197
HIT 3 1958513868834 456 15546875615497492878
HIT 3 1451707793442 338 8318209145443453245
HIT 3 1589146746914 370 11984314875920753585
HIT 3 1958513934370 456 11942189144020147582
HIT 3 1451707858978 338 18105137281877920102
HIT 3 1589146812450 370 11851366233699534936
HIT 3 1958513999906 456 4517744469125441117
HIT 3 1451707924514 338 476550909711317737
HIT 3 1589146877986 370 8101030595357799162
HIT 3 1958514065442 456 7688224199168831753
HIT 3 1451707990050 338 14573992006502660362
HIT 3 1589146943522 370 4342529876145717517
HIT 3 1958514130978 456 8542470220217552581
HIT 3 1451708055586 338 423139467292665026
HIT 3 1589147009058 370 14849161634534205227
HIT 3 1958514196514 456 6475203484710927133
HIT 3 1451708121122 338 9743586822499340633
HIT 3 1589147074594 370 11826791012870994456
HIT 3 1958514262050 456 8712390297429019001
HIT 3 1451708186658 338 3551427775289012920
HIT 3 1589147140130 370 11106479675808357055
HIT 3 1958514327586 456 13408361961251793144
HIT 3 1451708252194 338 5665787741329394656
HIT 3 1589147205666 370 4315533121682639225
HIT 3 1958514393122 456 9416620174774733082
HIT 3 1451708317730 338 10086683692738532284
HIT 3 1589147271202 370 16085361382925612933
HIT 3 1958514458658 456 17625129708455663923
HIT 3 1451708383266 338 12038273374561462781
HIT 3 1589147336738 370 8399735350062864732
HIT 3 1958514524194 456 12804442075412304641
HIT 3 1451708448802 338 13995718707013023760
HIT 3 1589147402274 370 15631011966059283463
HIT 3 1958514589730 456 14329233575095758216
HIT 3 1451708514338 338 16194089180268803219
HIT 3 1589147467810 370 10159535828564144968
HIT 3 1958514655266 456 11106009883552034915
HIT 3 1451708579874 338 9300068199759696336
HIT 3 1589147533346 370 15940857723170354579
HIT 3 1958514720802 456 11648813684554491254
HIT 3 1451708645410 338 2198421480040635676
HIT 3 1589147598882 370 17442679661231361740
HIT 3 1958514786338 456 441739503669283395
HIT 3 1451708710946 338 14017738261730219984
HIT 3 1589147664418 370 3155238634644682519
HIT 3 1958514851874 456 8948479811855739023
HIT 3 1451708776482 338 17082562687477842516
HIT 3 1589147729954 370 3597113986877535474
HIT 3 1958514917410 456 4340952216167141961
HIT 3 1451708842018 338 2599439533797723952
HIT 3 1589147795490 370 15851733317619645800
HIT 3 1958514982946 456 3420386521687123605
HIT 3 1451708907554 338 2491211145961826668
HIT 3 1589147861026 370 5822540953859416692
HIT 3 1958515048482 456 12363815642084970314
HIT 3 1451708973090 338 11096205298604855632
HIT 3 1589147926562 370 4805796172623794721
HIT 3 1958515114018 456 16739214930147909173
HIT 3 1967124971552 458 8667227010680374091
HIT 3 1451709038626 338 4492470427048733572
HIT 3 1589147992098 370 3892112987392383520
HIT 3 1958515179554 456 15226009858379604561
HIT 3 1451709104162 338 12511619373496321164
HIT 3 1589148057634 370 11488655212675801594
HIT 3 1958515245090 456 5147943635962413123
HIT 3 1451709169698 338 5775412863378067407
HIT 3 1589148123170 370 9762499908472411774
HIT 3 1958515310626 456 7846819867239331249
HIT 3 1451709235234 338 2143592156684749124
HIT 3 1589148188706 370 16007338419630798469
HIT 3 1958515376162 456 6841563244714582767
HIT 3 1451709300770 338 8579498001882985339
HIT 3 1589148254242 370 764404328364178185
HIT 3 1958515441698 456 3506450642256930367
HIT 3 1451709366306 338 1016219985465891605
HIT 3 1589148319778 370 12117823898839029997
HIT 3 1958515507234 456 12253289438645899213
HIT 3 1451709431842 338 11511723470686840090
HIT 3 1589148385314 370 15290814015905748116
HIT 3 1958515572770 456 15318647926810380030
HIT 3 1451709497378 338 12279557676303826713
HIT 3 1589148450850 370 235959796817557633
HIT 3 1958515638306 456 14382222301026742664
HIT 3 1451709562914 338 8681462804954169755
HIT 3 1589148516386 370 15653138468109586519
HIT 3 1958515703842 456 1325066383607450284
HIT 3 1451709628450 338 8036542681356995728
HIT 3 1589148581922 370 888066660118465114
HIT 3 1958515769378 456 10286963683496316556
HIT 3 1451709693986 338 7972298330683506919
HIT 3 1589148647458 370 15023891950751932008
HIT 3 1958515834914 456 5243354973996504176
HIT 3 1451709759522 338 10098154174233307427
HIT 3 1589148712994 370 4885857802936965302
HIT 3 1958515900450 456 8289340829539924386
HIT 3 1451702616099 338 3887516305803328244
HIT 3 1589141569571 370 1710055892203872476
HIT 3 1958508757027 456 5987029044053465773
HIT 3 1451709825058 338 2007862154546712203
HIT 3 1589148778530 370 9151567521614832870
HIT 3 1443112812579 336 14610391394358877966
HIT 3 1451702747171 338 529404422425427221
HIT 3 1958515965986 456 1184570126178888091
HIT 3 1455997714467 339 13210772989219254027
HIT 3 1460292681763 340 1556813122123356357
HIT 3 1580551766051 368 948472328657603254
HIT 3 1589141700643 370 4069952158194992117
HIT 3 1593436667939 371 5144964963978608468
HIT 3 1597731635235 372 1822524945565586317
HIT 3 1949918953507 454 15662891523019941094
HIT 3 1958508888099 456 230736591431983369
HIT 3 1962803855395 457 8935170054041626308
HIT 3 1967098822691 458 16953883667420021717
HIT 3 1451709890594 338 5392309840760874710
HIT 3 1589148844066 370 3347059806456989833
HIT 3 257701904419 60 1578822299908510951
HIT 3 1958516031522 456 17176195759563418443
HIT 3 1451709956130 338 6561477359247277766
HIT 3 1451702812707 338 13875075378558947897
HIT 3 1589148909602 370 15585055054524412702
HIT 3 1589141766179 370 2217005213873853309
HIT 3 1958516097058 456 10947990210999512603
HIT 3 1958508953635 456 15305176363820121801
HIT 3 1451710021666 338 16962415914677661989
HIT 3 1589148975138 370 111764967165585844
HIT 3 1958516162594 456 14603674882849928809
HIT 3 1451702878243 338 13792304190017505449
HIT 3 1589141831715 370 671538426219115817
HIT 3 1958509019171 456 1928092024883465143
HIT 3 1451710087202 338 15737810367302898348
HIT 3 1589149040674 370 18219563570321360290
HIT 3 1958516228130 456 2210269228318005875
HIT 3 1451710152738 338 13838980643339881341
HIT 3 1589149106210 370 16013021997088814086
HIT 3 1958516293666 456 17802282495385329130
HIT 3 1451710218274 338 11923993949582361219
HIT 3 1589149171746 370 16664139883169662598
HIT 3 1958516359202 456 12598360519328177114
HIT 3 1451710283810 338 304969877268834592
HIT 3 1589149237282 370 17084389264644014840
HIT 3 1958516424738 456 6268025295170666806
HIT 3 1451710349346 338 5467348461238867774
HIT 3 1589149302818 370 762573736414971008
HIT 3 1958516490274 456 7601862430214292686
HIT 3 1451710414882 338 11065513521948027687
HIT 3 1589149368354 370 11600718443312424314
HIT 3 1958516555810 456 18424328510286810223
HIT 3 1451710480418 338 11656004211913340126
HIT 3 1589149433890 370 17173702555509733262
HIT 3 1958516621346 456 2581802136067611870
HIT 3 1451710545954 338 14284119920023883379
HIT 3 1589149499426 370 4219593485367862526
HIT 3 1958516686882 456 6955020906625094844
HIT 3 1451702616100 338 10204338253679601513
HIT 3 1589141569572 370 3475225798497008724
HIT 3 1958508757028 456 14299063977568590922
HIT 3 1443112812580 336 11177669271842895565
HIT 3 1451702747172 338 13135827094100508433
HIT 3 1455997714468 339 13733265294663656674
HIT 3 1460292681764 340 14549976679634177020
HIT 3 1580551766052 368 7385739825598033807
HIT 3 1589141700644 370 15441046700222822823
HIT 3 1593436667940 371 9876411797314010666
HIT 3 1597731635236 372 5241348083751041490
HIT 3 1949918953508 454 15465607122265957637
HIT 3 1958508888100 456 4681541565625440807
HIT 3 1962803855396 457 12072297608176701161
HIT 3 1967098822692 458 1177012388723130409
HIT 3 257701904420 60 10703102637651612763
HIT 3 1451702812708 338 10874130748436445976
HIT 3 1589141766180 370 5312333172717231582
HIT 3 1958508953636 456 14812168656323019003
HIT 3 1451702878244 338 5213662279197229297
HIT 3 1589141831716 370 743655451968507350
HIT 3 1451710611490 338 291415056796321377
HIT 3 1589149564962 370 11363546288279514669
HIT 3 1958516752418 456 14190690436871483510
HIT 3 1451710677026 338 10431381295347934200
HIT 3 1589149630498 370 2345864706486256278
HIT 3 1958516817954 456 14566416707632871800
HIT 3 1451710742562 338 15018992358954822286
HIT 3 1589149696034 370 9867836822750197974
HIT 3 1958516883490 456 17223174978596665423
HIT 3 1451710808098 338 1396761452942340864
HIT 3 1589149761570 370 10795854046668179305
HIT 3 1958516949026 456 10856663682388256085
HIT 3 1451710873634 338 4202569480863723145
HIT 3 1589149827106 370 905317092698405659
HIT 3 1958517014562 456 13963144496112486147
HIT 3 1451710939170 338 18222977511151953143
HIT 3 1589149892642 370 5362082501291798444
HIT 3 1958517080098 456 2069296850703491754
HIT 3 1451711004706 338 4932930348147597794
HIT 3 1589149958178 370 5926770034957565243
HIT 3 1958517145634 456 4448855930520196520
HIT 3 1451711070242 338 7216693181999649246
HIT 3 1589150023714 370 14744340497657666974
HIT 3 1958517211170 456 16477560655154990144
HIT 3 1451711135778 338 14946707054461947663
HIT 3 1589150089250 370 17044457823015743992
HIT 3 1958517276706 456 15225203939069536106
HIT 3 1451711201314 338 17290681539247621420
HIT 3 1589150154786 370 17267985799300939093
HIT 3 1958517342242 456 8417520903145227687
HIT 3 1451711266850 338 16060432548103541073
HIT 3 1589150220322 370 794899788921373028
HIT 3 1958517407778 456 1576126188561054105
HIT 3 1451711332386 338 7655745937086850536
HIT 3 1589150285858 370 3523628640284868610
HIT 3 1958517473314 456 8022045269700769931
HIT 3 1451711397922 338 5502416483939223864
HIT 3 1958509019172 456 396233252665616636
HIT 3 1589150351394 370 4706333277997066224
HIT 3 1958517538850 456 17921999861936125596
HIT 3 1451711463458 338 5151237958892389493
HIT 3 1589150416930 370 10261694919003027669
HIT 3 1958517604386 456 7573793231396043608
HIT 3 1451711528994 338 3078410211353093511
HIT 3 1589150482466 370 8013410523978461629
HIT 3 1958517669922 456 7942615393229923257
HIT 3 1451711594530 338 5848430189183793807
HIT 3 1589150548002 370 6978015230612840547
HIT 3 1958517735458 456 8064505511358684670
HIT 3 1451711660066 338 145524323461524120
HIT 3 1589150613538 370 13052617812052722849
HIT 3 1958517800994 456 5957027351728853235
HIT 3 1451711725602 338 16285368797337773916
HIT 3 1589150679074 370 14319113228491582026
HIT 3 1958517866530 456 17874108926169217248
HIT 3 1451711791138 338 3761891236800281230
HIT 3 1589150744610 370 2920932778432170577
HIT 3 1958517932066 456 1030680950275780293
HIT 3 1451711856674 338 6300252005485281757
HIT 3 1589150810146 370 1911837174360456992
HIT 3 1958517997602 456 6789051185522645195
HIT 3 1451711922210 338 17215750303139534286
HIT 3 1589150875682 370 14153450383489666676
HIT 3 1958518063138 456 15702823170088066773
HIT 3 1451711987746 338 9305716870523676477
HIT 3 1589150941218 370 1709236250812623767
HIT 3 1958518128674 456 7695330019739836068
HIT 3 1451712053282 338 16242907378583111176
HIT 3 1589151006754 370 7915317972627182720
HIT 3 1958518194210 456 9321752894055370532
HIT 3 1451712118818 338 6285909913567664869
HIT 3 1589151072290 370 1908872873650611054
HIT 3 1958518259746 456 17012221582081531048
HIT 3 1451712184354 338 7769485832139097106
HIT 3 1589151137826 370 3626540488653849263
HIT 3 1958518325282 456 4989957772978046776
HIT 3 1451712249890 338 4772239139984031213
HIT 3 1589151203362 370 12073462170809730185
HIT 3 1958518390818 456 9072088797230597022
HIT 3 1451712315426 338 12921481525995579670
HIT 3 1589151268898 370 11864544264487093885
HIT 3 1958518456354 456 13974390113614328130
HIT 3 1451712380962 338 9567175671362862273
HIT 3 1589151334434 370 16728166310803410324
HIT 3 1958518521890 456 7601565042393729832
HIT 3 1451712446498 338 16497760931042227178
HIT 3 1589151399970 370 7865076544536053422
HIT 3 1958518587426 456 4966804490242096519
HIT 3 1451712512034 338 183014488242733226
HIT 3 1589151465506 370 17348983722719619856
HIT 3 1958518652962 456 15720141909066444735
HIT 3 1451712577570 338 10665120948803180327
HIT 3 1589151531042 370 10781216664980220757
HIT 3 1958518718498 456 10835386236396485308
HIT 3 1451712643106 338 12878865875417224751
HIT 3 1589151596578 370 3752716879081939126
HIT 3 1958518784034 456 15321436779250450672
HIT 3 1451712708642 338 2125091694057914498
HIT 3 1589151662114 370 8196437387659451398
HIT 3 1958518849570 456 487966451343132767
HIT 3 1451712774178 338 5112357408050121096
HIT 3 1589151727650 370 15930111881854070862
HIT 3 1958518915106 456 4652130786155983875
HIT 3 1451712839714 338 771400013011970519
HIT 3 1589151793186 370 1132386494748197701
HIT 3 1958518980642 456 17187492712882307386
HIT 3 1451712905250 338 8733499298534325011
HIT 3 1589151858722 370 4462875309340438382
HIT 3 1958519046178 456 10064624891570087120
HIT 3 1451712970786 338 4940861885647800237
HIT 3 1589151924258 370 8128081406937687591
HIT 3 1958519111714 456 1955551938048125132
HIT 3 1451713036322 338 3797670892301168313
HIT 3 1589151989794 370 9738396700379173334
HIT 3 1958519177250 456 5444038566103310803
HIT 3 1451713101858 338 2304408020680477049
HIT 3 1589152055330 370 11897898198628149693
HIT 3 1958519242786 456 17159285160609994328
HIT 3 1451713167394 338 9040404826254705475
HIT 3 1589152120866 370 16687042601813915267
HIT 3 1958519308322 456 5881992066609887195
HIT 3 1451713232930 338 458744627742659101
HIT 3 1589152186402 370 1119454283928368136
HIT 3 1958519373858 456 12528345931150414261
HIT 3 1451713298466 338 13965276684569206124
HIT 3 1589152251938 370 2662724823803827947
HIT 3 1958519439394 456 11149460981968858727
HIT 3 1451713364002 338 17981892318398343715
HIT 3 1589152317474 370 9261098427384842467
HIT 3 1958519504930 456 16378219452507594071
HIT 3 1589160050721 370 10713036699302106065
HIT 3 1958527238177 456 8250018965690557006
HIT 3 1451713429538 338 9706574712688480567
HIT 3 1589152383010 370 6065262172020904222
HIT 3 1958519570466 456 9039285113591733242
HIT 3 1451713495074 338 15157085238893362189
HIT 3 1589152448546 370 6326332774803259025
HIT 3 1958519636002 456 8067964330829020776
HIT 3 1451713560610 338 14174463976001027243
HIT 3 1589152514082 370 10180331454025584214
HIT 3 1958519701538 456 15413490865282117257
HIT 3 1451713626146 338 13484777606253432498
HIT 3 1589152579618 370 12630855701209020630
HIT 3 1958519767074 456 16573107966351605931
HIT 3 1451713691682 338 1259060620154737772
HIT 3 1589152645154 370 13145733812974460767
HIT 3 1958519832610 456 15204867254017198548
HIT 3 1451713757218 338 13219650405178003974
HIT 3 1589152710690 370 2963587153722648726
HIT 3 1958519898146 456 1181937843438802593
HIT 3 1451713822754 338 1417342762866171855
HIT 3 1589152776226 370 8087526557321747141
HIT 3 1958519963682 456 13277186878002400310
HIT 3 1451713888290 338 14812595428059681428
HIT 3 1589152841762 370 3722380966410248950
HIT 3 1958520029218 456 9933536497296168377
HIT 3 1451713953826 338 17056823491079213419
HIT 3 1589152907298 370 16828516832595734644
HIT 3 1958520094754 456 1991551026676536815
HIT 3 1451714019362 338 5338265251085801074
HIT 3 1589152972834 370 1458331228525516751
HIT 3 1958520160290 456 4229224454533863831
HIT 3 1451714084898 338 4548395529658788173
HIT 3 1589153038370 370 8394753680447284993
HIT 3 1958520225826 456 5367589881711413536
HIT 3 1451714150434 338 3559445083311438727
HIT 3 1589153103906 370 8316751216108126477
HIT 3 1958520291362 456 16504304635161703534
HIT 3 1451714215970 338 4949055434987111074
HIT 3 1589153169442 370 17707788905542756084
HIT 3 1958520356898 456 2489065162748658827
HIT 3 1451714281506 338 5639079106524781575
HIT 3 1589153234978 370 9742683816326039122
HIT 3 1958520422434 456 2753625639635034701
HIT 3 1451714347042 338 11421761197411198037
HIT 3 1589153300514 370 17124175014418376885
HIT 3 1958520487970 456 16592460159101531826
HIT 3 1451714412578 338 12780094553763604509
HIT 3 1589153366050 370 18323760644812772049
HIT 3 1958520553506 456 8207885304720802138
HIT 3 1451714478114 338 7914485028990318592
HIT 3 1589153431586 370 3997303301846126677
HIT 3 1958520619042 456 12700686935247504976
HIT 3 1451714543650 338 17651616788216694618
HIT 3 1589153497122 370 5250071807458488936
HIT 3 1958520684578 456 8766562092031662957
HIT 3 1451714609186 338 17626565379877664056
HIT 3 1589153562658 370 17845962479607156685
HIT 3 1958520750114 456 16219137113370452339
HIT 3 1451714674722 338 4411770256523815339
HIT 3 1589153628194 370 13686467160335456636
HIT 3 1958520815650 456 15035182440702599583
HIT 3 1451714740258 338 10293229898468944395
HIT 3 1589153693730 370 7932490385642996460
HIT 3 1958520881186 456 16878196203799436887
HIT 3 1451714805794 338 3744725614372906739
HIT 3 1589153759266 370 8383343377919285560
HIT 3 1958520946722 456 16711731821498044502
HIT 3 1451714871330 338 18113356702781464784
HIT 3 1589153824802 370 1550537579134290619
HIT 3 1958521012258 456 5378432806983022261
HIT 3 1451714936866 338 5817022550384010907
HIT 3 1589153890338 370 5478679170407500161
HIT 3 1958521077794 456 2743236304119711970
HIT 3 1451715002402 338 11035031416846705555
HIT 3 1589153955874 370 14125749093880817283
HIT 3 1958521143330 456 14688532072763709282
HIT 3 1451715067938 338 10423201151863567217
HIT 3 1589154021410 370 17846754100700940871
HIT 3 1958521208866 456 5704421304826791308
HIT 3 1451715133474 338 2134312028229154079
HIT 3 1589154086946 370 2606278956455250008
HIT 3 1958521274402 456 1322445493326084396
HIT 3 1451715199010 338 8099724147389660485
HIT 3 1589154152482 370 4507881065413375817
HIT 3 1958521339938 456 1816213710792471456
HIT 3 1451715264546 338 5853669910090139061
HIT 3 1589154218018 370 15676579839490235042
HIT 3 1958521405474 456 17085236472898918289
HIT 3 1451715330082 338 11545203867019455279
HIT 3 1589154283554 370 9740542179943344318
HIT 3 1958521471010 456 14508003018543914615
HIT 3 1958529335329 456 13523127638083937065
HIT 3 1451715395618 338 12121384605336554634
HIT 3 1589154349090 370 13692014101496676025
HIT 3 1958521536546 456 15235614468762635114
HIT 3 1451715461154 338 14476832617147504794
HIT 3 1589154414626 370 1312693212538106555
HIT 3 1958521602082 456 784220902435751185
HIT 3 1451715526690 338 14138482553497567299
HIT 3 1589154480162 370 6976006873279135656
HIT 3 1958521667618 456 2286904397370704128
HIT 3 1451715592226 338 2468664918050741053
HIT 3 1589154545698 370 15628235270518976037
HIT 3 1958521733154 456 3363055246862709585
HIT 3 1451715657762 338 15918162732821312752
HIT 3 1589154611234 370 11295205856520966662
HIT 3 1958521798690 456 13961974218517313564
HIT 3 1451715723298 338 2081711652579370190
HIT 3 1589154676770 370 8491700127932266900
HIT 3 1958521864226 456 9578558490186506896
HIT 3 1451715788834 338 10564240531373962712
HIT 3 1589154742306 370 10380203114694748820
HIT 3 1958521929762 456 16747586045230667038
HIT 3 1451715854370 338 15408802341114303727
HIT 3 1589154807842 370 14344375187445888909
HIT 3 1958521995298 456 10941963831570260048
HIT 3 1451715919906 338 9618660913243535065
HIT 3 1589154873378 370 520845658039202620
HIT 3 1958522060834 456 11049689041350448127
HIT 3 1451715985442 338 5726741874981101303
HIT 3 1589154938914 370 10757731104378249256
HIT 3 1958522126370 456 13269813145998610142
HIT 3 1451716050978 338 5346238816004715157
HIT 3 1589155004450 370 5308351483232297547
HIT 3 1958522191906 456 18217070897473608491
HIT 3 1451716116514 338 8521814276184469037
HIT 3 1589155069986 370 10469374933547417341
HIT 3 1958522257442 456 8821125440161259271
HIT 3 1451716182050 338 2957890977986789724
HIT 3 1589155135522 370 17741553579689397856
HIT 3 1958522322978 456 13629381642553379457
HIT 3 1451716247586 338 4456759637591939493
HIT 3 1589155201058 370 1461535021935897803
HIT 3 1958522388514 456 18392894287350610611
HIT 3 1451716313122 338 15085859549890935737
HIT 3 1589155266594 370 16262358766064905209
HIT 3 1958522454050 456 1846146149619443992
HIT 3 1451716378658 338 4376232771989951351
HIT 3 1589155332130 370 14066701550318096308
HIT 3 1958522519586 456 1880592601888271398
HIT 3 1451716444194 338 14733708536861142117
HIT 3 1589155397666 370 14650017997943726838
HIT 3 1958522585122 456 14332749103919457337
HIT 3 1451716509730 338 12402961617338475698
HIT 3 1589155463202 370 5165856359021944269
HIT 3 1958522650658 456 2024293417475161087
HIT 3 1451716575266 338 7804072793262301355
HIT 3 1589155528738 370 4434630687525885086
HIT 3 1958522716194 456 11934079781052188141
HIT 3 1451716640802 338 14588816312049654989
HIT 3 1589155594274 370 18084314794767224995
HIT 3 1958522781730 456 15434096639316749312
HIT 3 1451716706338 338 51932648289249912
HIT 3 1589155659810 370 2524440611043053211
HIT 3 1958522847266 456 6577011428014666979
HIT 3 1451716771874 338 6308055633953669678
HIT 3 1589155725346 370 14128009612783748528
HIT 3 1958522912802 456 211182896765086025
HIT 3 1451716837410 338 1357882017439693063
HIT 3 1589155790882 370 8028155416781881794
HIT 3 1958522978338 456 15609750492747155130
HIT 3 1451716902946 338 5163396688526559149
HIT 3 1589155856418 370 2721703911115152897
HIT 3 1958523043874 456 2565433694882561530
HIT 3 1451716968482 338 11018355399951446683
HIT 3 1589155921954 370 15639745236325959764
HIT 3 1958523109410 456 4032697451417618377
HIT 3 1451717034018 338 12614713109045027940
HIT 3 1589155987490 370 8601976842122471924
HIT 3 1958523174946 456 5426220215789870110
HIT 3 1451717099554 338 4222308901360461114
HIT 3 1589156053026 370 7254455202895504829
HIT 3 1958523240482 456 12818658451947400634
HIT 3 1451717165090 338 10751008938496449365
HIT 3 1589156118562 370 5171046790951277012
HIT 3 1958523306018 456 7101142389228726049
HIT 3 1451717230626 338 23693125401702435
HIT 3 1589156184098 370 632039825530509440
HIT 3 1958523371554 456 3598487678357542177
HIT 3 1451717296162 338 2511712395685202136
HIT 3 1589156249634 370 5370342221981429217
HIT 3 1958523437090 456 7792873292997064370
HIT 3 1451717361698 338 10512922084398496980
HIT 3 1589156315170 370 9751747641869103068
HIT 3 1958523502626 456 16980616635329191039
HIT 3 1451717427234 338 14888920622271533404
HIT 3 1589156380706 370 18257128729432610709
HIT 3 1958523568162 456 10876096854948296534
HIT 3 1451717492770 338 2959455218572186399
HIT 3 1589156446242 370 5685362654799596821
HIT 3 1958523633698 456 3767812989180552224
HIT 3 1451717558306 338 13853282392496906700
HIT 3 1589156511778 370 2466080429610099232
HIT 3 249110593573 58 10703102637651612763
HIT 3 1451701436453 338 11966241631844469047
HIT 3 1589140389925 370 14424993236801500038
HIT 3 1958507577381 456 35352946142711835
HIT 3 1958523699234 456 11455777933004090636
HIT 3 1451717623842 338 18435543834241520242
HIT 3 1589156577314 370 1733916648051434245
HIT 3 1958523764770 456 16091230686102561255
HIT 3 1451717689378 338 1311020296179857982
HIT 3 1589156642850 370 10476307463729310704
HIT 3 1958523830306 456 6179041523798719452
HIT 3 1451717754914 338 1645285191353560492
HIT 3 1589156708386 370 9994146197732338115
HIT 3 1958523895842 456 7965148873811900706
HIT 3 1451717820450 338 5626368547063070410
HIT 3 1589156773922 370 4054923093635393022
HIT 3 1958523961378 456 6779002329218323014
HIT 3 1451717885986 338 14095649297213222294
HIT 3 1589156839458 370 8044124840974886390
HIT 3 1958524026914 456 13989295833987646795
HIT 3 1451717951522 338 3068055028969153135
HIT 3 1589156904994 370 12801217626428420726
HIT 3 1958524092450 456 5899718492430455850
HIT 3 1451718017058 338 7923584985063026500
HIT 3 1589156970530 370 11709585465290743638
HIT 3 1958524157986 456 8377266069097596738
HIT 3 1451718082594 338 13245930183452349935
HIT 3 1589157036066 370 15515849533531631827
HIT 3 1958524223522 456 24370160524149635
HIT 3 1451718148130 338 3548433153383545096
HIT 3 1589157101602 370 12852356208627467645
HIT 3 1958524289058 456 13487569565566707296
HIT 3 1451718213666 338 13694087750811356462
HIT 3 1589157167138 370 6525692426289069337
HIT 3 1958524354594 456 11116595065514625357
HIT 3 1451718279202 338 16414291758510950139
HIT 3 1589157232674 370 15426622625655430730
HIT 3 1958524420130 456 3367808403739347673
HIT 3 1451718344738 338 12321945689087358864
HIT 3 1589157298210 370 13363232067217554671
HIT 3 1958524485666 456 581033156703401773
HIT 3 1451718410274 338 14494993427105738433
HIT 3 1589157363746 370 13835006780081542977
HIT 3 1958524551202 456 8791554722620220577
HIT 3 1451718475810 338 17572437376986878877
HIT 3 1589157429282 370 16166515509677597781
HIT 3 1958524616738 456 3075025830697800336
HIT 3 1451718541346 338 13147540288570619499
HIT 3 1589157494818 370 6745046273976266178
HIT 3 1958524682274 456 13181338199579085712
HIT 3 1451718606882 338 7836207950562059984
HIT 3 1589157560354 370 18358885046551174751
HIT 3 1958524747810 456 9319441022795410992
HIT 3 1451718672418 338 5207945277001907692
HIT 3 1589157625890 370 15276422277474960215
HIT 3 1958524813346 456 15971140405950817450
HIT 3 1451718737954 338 13368480870562370830
HIT 3 1589157691426 370 10556148279478574138
HIT 3 1958524878882 456 6352566492288484265
HIT 3 1451718803490 338 5070901750989915382
HIT 3 1589157756962 370 6325446207221792348
HIT 3 1958524944418 456 10342711143462735130
HIT 3 1451718869026 338 2344778305427353797
HIT 3 1589157822498 370 6504952320453554510
HIT 3 1958525009954 456 10449010547556518880
HIT 3 1451718934562 338 16009434244588794237
HIT 3 1589157888034 370 5319077112908926705
HIT 3 1958525075490 456 207358268905937747
HIT 3 1451719000098 338 6623854492841630990
HIT 3 1589157953570 370 4360963543814554575
HIT 3 1958525141026 456 6286263541597955438
HIT 3 1451719065634 338 17634756669125958605
HIT 3 1589158019106 370 250722431731314864
HIT 3 1958525206562 456 1690842738371412878
HIT 3 1451719131170 338 15465837727334529456
HIT 3 1589158084642 370 11338535554347727025
HIT 3 1958525272098 456 16389609113478310063
HIT 3 1451719196706 338 11121189255951747988
HIT 3 1589158150178 370 14151697049176892989
HIT 3 1958525337634 456 4509195864024143274
HIT 3 1451719262242 338 15167641911219114376
HIT 3 1589158215714 370 1405451043928993020
HIT 3 1958525403170 456 13419034101312454291
HIT 3 1451719327778 338 2361451758752886150
HIT 3 1589158281250 370 1660790528514505920
HIT 3 1958525468706 456 282171178737533101
HIT 3 1451719393314 338 12105603724791487282
HIT 3 1589158346786 370 9359193150058700146
HIT 3 1958525534242 456 7228000633580803930
HIT 3 1451719458850 338 16662839014894504831
HIT 3 1589158412322 370 2717491466684516960
HIT 3 1958525599778 456 16530112182913183332
HIT 3 1451719524386 338 7186425439912158644
HIT 3 1589158477858 370 2724866872456987394
HIT 3 1958525665314 456 17704754394072001633
HIT 3 1451719589922 338 8925507790905615350
HIT 3 1451702747173 338 10504928908323026641
HIT 3 1589141700645 370 11415237072619439422
HIT 3 1958508888101 456 17445196606855452158
HIT 3 1589158543394 370 17550643443237552575
HIT 3 1958525730850 456 13187858010299954917
HIT 3 1451719655458 338 2182253285174447938
HIT 3 1589158608930 370 17967251911085397573
HIT 3 1958525796386 456 784053574319415768
HIT 3 1451719720994 338 16731926614213501482
HIT 3 1589158674466 370 4671960521130474974
HIT 3 1958525861922 456 12396754925292263802
HIT 3 1451719786530 338 6262635683326752469
HIT 3 1589158740002 370 15584700783184664829
HIT 3 1958525927458 456 3255548715455503457
HIT 3 1451719852066 338 3374233303142696402
HIT 3 1589158805538 370 6682705807697211509
HIT 3 1958525992994 456 15839607114900353582
HIT 3 1451719917602 338 8173212512481063733
HIT 3 1589158871074 370 13244050895134528366
HIT 3 1958526058530 456 16719725723498589479
HIT 3 1451719983138 338 16548533436977055531
HIT 3 1589158936610 370 2976014645861398512
HIT 3 1958526124066 456 771855266334486802
HIT 3 1451720048674 338 10576622556448495180
HIT 3 1589159002146 370 3303097268821343949
HIT 3 1958526189602 456 13649073903080647302
HIT 3 1451720114210 338 11957159676641054237
HIT 3 1589159067682 370 11537360803738823996
HIT 3 1958526255138 456 5958595058256581861
HIT 3 1451720179746 338 3929990352988591346
HIT 3 1589159133218 370 6904400833122487639
HIT 3 1958526320674 456 3153508805436090637
HIT 3 1451720245282 338 15716520878182035630
HIT 3 1589159198754 370 13359493173250984780
HIT 3 1958526386210 456 5129126158392702598
HIT 3 1451720310818 338 13352743059492917391
HIT 3 1589159264290 370 1495662746470363542
HIT 3 1958526451746 456 907526589764069795
HIT 3 1451720376354 338 11985932462930465134
HIT 3 1589159329826 370 5720820310942992652
HIT 3 1958526517282 456 17508031733873037453
HIT 3 1451720441890 338 3586088765234061977
HIT 3 1589159395362 370 17078170230791506096
HIT 3 1958526582818 456 14410324622571286968
HIT 3 1451720507426 338 10774400642219281779
HIT 3 1589159460898 370 5199136958020010203
HIT 3 1958526648354 456 6866563270282223524
HIT 3 1451720572962 338 16153659724480107526
HIT 3 1589159526434 370 13635312059752257828
HIT 3 1958526713890 456 11794626756210846171
HIT 3 1451720638498 338 12479675754930607480
HIT 3 1589159591970 370 369574361696981316
HIT 3 1958526779426 456 9141522322553924850
HIT 3 1451720704034 338 11858798714836147669
HIT 3 1589159657506 370 5088847837540623395
HIT 3 1958526844962 456 3527412305249451019
HIT 3 1451720769570 338 9736343445822555709
HIT 3 1589159723042 370 7809662566725152650
HIT 3 1958526910498 456 800727242403420750
HIT 3 1443130900514 336 14136492033479946268
HIT 3 1451720835106 338 9074007765923475900
HIT 3 1589159788578 370 2160714033584522972
HIT 3 1958526976034 456 11965487306777722491
HIT 3 1451720900642 338 14136492033479946268
HIT 3 1589159854114 370 3787941737873990198
HIT 3 1958527041570 456 9507868507639900255
HIT 3 1451720966178 338 7083479134256354270
HIT 3 1580569985058 368 9792316266398200573
HIT 3 1589159919650 370 588252978947507679
HIT 3 1593454886946 371 16184341872953000857
HIT 3 1597749854242 372 16989986090561429955
HIT 3 1949937172514 454 9220570952359842389
HIT 3 1958527107106 456 17385241326688215515
HIT 3 1962822074402 457 4631282425459770407
HIT 3 1967117041698 458 6912679296707535171
HIT 3 1451721031714 338 10203918861519781797
HIT 3 1460310966306 340 7083479134256354270
HIT 3 1589159985186 370 13638444951406788666
HIT 3 1958527172642 456 7362941324207310626
HIT 3 1460311031842 340 14561876645440475946
HIT 3 1464605999138 341 14351651817116291416
HIT 3 1468900966434 342 6852098278018364565
HIT 3 1473195933730 343 4270912450963764417
HIT 3 1477490901026 344 4492694621692427232
HIT 3 1481785868322 345 14702904356107092271
HIT 3 1486080835618 346 17345166254907789275
HIT 3 1490375802914 347 16467276693915919638
HIT 3 1494670770210 348 13092235975741287496
HIT 3 1498965737506 349 12444975246390726949
HIT 3 1503260704802 350 3395134540789256491
HIT 3 1507555672098 351 8530971045224260375
HIT 3 1511850639394 352 4732535564623078854
HIT 3 1516145606690 353 3976246145677424752
HIT 3 1520440573986 354 2044915701685551086
HIT 3 1524735541282 355 16445074973127690524
HIT 3 1529030508578 356 16867463635402458434
HIT 3 1533325475874 357 12102007648348661922
HIT 3 1537620443170 358 18176522334293938328
HIT 3 1541915410466 359 1046946502972884123
HIT 3 1546210377762 360 16414470777044391152
HIT 3 1550505345058 361 8959625700886277112
HIT 3 1554800312354 362 4567360453004392463
HIT 3 1559095279650 363 5227997293370954491
HIT 3 1563390246946 364 3747276234550394462
HIT 3 1567685214242 365 11871423493185188954
HIT 3 1571980181538 366 18064212024799020880
HIT 3 1576275148834 367 906095521681484502
HIT 3 1580570116130 368 3704054722907668658
HIT 3 1584865083426 369 15612495245694757507
HIT 3 1589160050722 370 10407305753923364363
HIT 3 1593455018018 371 10568845675283759453
HIT 3 1597749985314 372 13919243933523071992
HIT 3 1602044952610 373 15360836694819634985
HIT 3 1606339919906 374 18187624654319119191
HIT 3 1610634887202 375 554766451243975955
HIT 3 1614929854498 376 16982591786010918520
HIT 3 1619224821794 377 6582256457173975195
HIT 3 1623519789090 378 8521681882506164292
HIT 3 1627814756386 379 1540617193421921363
HIT 3 1632109723682 380 6184735026714935672
HIT 3 1636404690978 381 15131370919023768281
HIT 3 1640699658274 382 2920736687438408617
HIT 3 1644994625570 383 7720515086654654043
HIT 3 1649289592866 384 5468513128234933068
HIT 3 1653584560162 385 16545682667277496711
HIT 3 1657879527458 386 16683759358279305537
HIT 3 1662174494754 387 5519233678864174010
HIT 3 1666469462050 388 4299332073171684904
HIT 3 1670764429346 389 4753881719260424445
HIT 3 1675059396642 390 17995303990612872403
HIT 3 1679354363938 391 15949676456876640065
HIT 3 1683649331234 392 4401062135374624275
HIT 3 1687944298530 393 10896379380706158146
HIT 3 1692239265826 394 4486573291736682963
HIT 3 1696534233122 395 9531297085219108829
HIT 3 1700829200418 396 4434452523176844287
HIT 3 1705124167714 397 3823984292708018507
HIT 3 1709419135010 398 17454142552875547912
HIT 3 1713714102306 399 11750593492992848151
HIT 3 1718009069602 400 7179896467991768365
HIT 3 1722304036898 401 15183547176251538921
HIT 3 1726599004194 402 12725548692521810855
HIT 3 1730893971490 403 12098639261806271810
HIT 3 1735188938786 404 623951748866935170
HIT 3 1739483906082 405 2239327338930363828
HIT 3 1743778873378 406 18048355398268459290
HIT 3 1748073840674 407 16437203730447997112
HIT 3 1752368807970 408 6964391878152770172
HIT 3 1756663775266 409 3974160277564091479
HIT 3 1760958742562 410 1377557513875019158
HIT 3 1765253709858 411 17024931293569750408
HIT 3 1769548677154 412 18375533723343007046
HIT 3 1773843644450 413 4932520917001188796
HIT 3 1778138611746 414 16814629466620897497
HIT 3 1782433579042 415 12598177165135769223
HIT 3 1786728546338 416 4580225060220963850
HIT 3 1791023513634 417 8741384348885533637
HIT 3 1795318480930 418 4612868592794044462
HIT 3 1799613448226 419 12905582187434974611
HIT 3 1803908415522 420 12937598711270613815
HIT 3 1808203382818 421 9276456693016154804
HIT 3 1812498350114 422 7349684972064878930
HIT 3 1816793317410 423 13320462515011475179
HIT 3 1821088284706 424 11022885306212634111
HIT 3 1825383252002 425 6594936397854350032
HIT 3 1829678219298 426 8865374565917766660
HIT 3 1833973186594 427 18030366983822053079
HIT 3 1838268153890 428 16418193079331551439
HIT 3 1842563121186 429 16653683028378541865
HIT 3 1846858088482 430 7491664732579165939
HIT 3 1851153055778 431 13622250026431297898
HIT 3 1855448023074 432 5113808256618793408
HIT 3 1859742990370 433 16354293685446533098
HIT 3 1864037957666 434 8782313479497306399
HIT 3 1868332924962 435 12960968207942719484
HIT 3 1872627892258 436 10964930334085152612
HIT 3 1876922859554 437 16369606922598068446
HIT 3 1881217826850 438 3742806134740336176
HIT 3 1885512794146 439 5581793535261142147
HIT 3 1889807761442 440 4312744374397068785
HIT 3 1894102728738 441 16009226960085969619
HIT 3 1898397696034 442 2541937389231894313
HIT 3 1902692663330 443 15434753200957168895
HIT 3 1906987630626 444 10238476737833945158
HIT 3 1911282597922 445 4581004409121594439
HIT 3 1915577565218 446 3978183865703773379
HIT 3 1919872532514 447 16329417352940790547
HIT 3 1924167499810 448 10412526639527522090
HIT 3 1928462467106 449 4672935003442302153
HIT 3 1932757434402 450 7039146146030102867
HIT 3 1937052401698 451 9116864211042434575
HIT 3 1941347368994 452 15171700762831837257
HIT 3 1945642336290 453 1763278431877812707
HIT 3 1949937303586 454 4771364153465722419
HIT 3 1954232270882 455 8942529360255302257
HIT 3 1958527238178 456 8355238827524581461
HIT 3 1962822205474 457 7155951531969071659
HIT 3 1967117172770 458 8369333966786732550
HIT 3 1971412140066 459 16121353666762355801
HIT 3 1975707107362 460 8545134049031784178
HIT 3 1980002074658 461 5130547021854272566
HIT 3 1984297041954 462 2222122492761274013
HIT 3 1988592009250 463 13272521927043895604
HIT 3 1992886976546 464 10046200588146198876
HIT 3 1997181943842 465 9661396394593644502
HIT 3 2001476911138 466 12445721653777292395
HIT 3 2005771878434 467 1808292327942416914
HIT 3 2010066845730 468 17880800662129810256
HIT 3 2014361813026 469 7144480871502591187
HIT 3 2018656780322 470 11729644231906112585
HIT 3 2022951747618 471 2235373311202700067
HIT 3 2027246714914 472 1750056947656820614
HIT 3 2031541682210 473 860298453369842747
HIT 3 2035836649506 474 690757007673439851
HIT 3 2040131616802 475 6929608388021919268
HIT 3 2044426584098 476 17143168014539513378
HIT 3 2048721551394 477 7739950756472989000
HIT 3 2053016518690 478 15911515580731912247
HIT 3 2057311485986 479 6406985756077361260
HIT 3 2061606453282 480 9263862647083849917
HIT 3 2065901420578 481 17443870971358009318
HIT 3 2070196387874 482 11450165492324284243
HIT 3 2074491355170 483 16086185844551236824
HIT 3 2078786322466 484 2180814121600523393
HIT 3 2083081289762 485 3818915833006630287
HIT 3 2087376257058 486 8306499732031340449
HIT 3 2091671224354 487 18398352821224696938
HIT 3 2095966191650 488 1381569917073150109
HIT 3 2100261158946 489 4882462749737954691
HIT 3 2104556126242 490 7802871159895464155
HIT 3 2108851093538 491 9264076651835822770
HIT 3 2113146060834 492 13038760489511238231
HIT 3 2117441028130 493 14659236328000440620
HIT 3 2121735995426 494 3265027155980804790
HIT 3 2126030962722 495 13828769417933268825
HIT 3 2130325930018 496 16536903653226737525
HIT 3 2134620897314 497 13991383606666661457
HIT 3 2138915864610 498 1675350374994131950
HIT 3 2143210831906 499 10097119899953454013
HIT 3 2147505799202 500 6201335925123571763
HIT 3 2151800766498 501 5655039050380948116
HIT 3 2156095733794 502 2305740247134763078
HIT 3 2160390701090 503 13335747450399530614
HIT 3 2164685668386 504 7844361522232536089
HIT 3 2168980635682 505 9080208505400354934
HIT 3 2173275602978 506 8616057902405685458
HIT 3 2177570570274 507 17566952896194140066
HIT 3 2181865537570 508 1973806802420780435
HIT 3 2186160504866 509 2232927627921716223
HIT 3 2190455472162 510 16329245340979017944
HIT 3 2194750439458 511 15177433374584434051
HIT 3 1460311097378 340 1116345277794906142
HIT 3 1464606064674 341 4270912450963764417
HIT 3 1468901031970 342 14561876645440475946
HIT 3 1580570181666 368 17921722184766183733
HIT 3 1589160116258 370 5762035871646156127
HIT 3 1593455083554 371 10636441545740783265
HIT 3 1597750050850 372 1381408923918744668
HIT 3 1949937369122 454 18432420405537689709
HIT 3 1958527303714 456 2505118830326942509
HIT 3 1962822271010 457 9885695439570331516
HIT 3 1967117238306 458 12472325264459819671
HIT 3 1580570247202 368 11428957817286196832
HIT 3 1589160181794 370 5246533290647511770
HIT 3 1593455149090 371 920519449319323360
HIT 3 1597750116386 372 7566711690344218896
HIT 3 1949937434658 454 3465448473245044126
HIT 3 1958527369250 456 11946978632623395125
HIT 3 1962822336546 457 5240543347432483924
HIT 3 1967117303842 458 17079323568588754717
HIT 3 1468901163042 342 5018712797409739746
HIT 3 1589160247330 370 3102662665711864971
HIT 3 1958527434786 456 1399801824385703435
HIT 3 1589160312866 370 4995811872336422816
HIT 3 1958527500322 456 7821875375084611280
HIT 3 1589160378402 370 5351110424373099268
HIT 3 1958527565858 456 670395120822636918
HIT 3 1589160443938 370 18407289254525167852
HIT 3 1958527631394 456 1205547851949535323
HIT 3 1589160509474 370 11579304426790817242
HIT 3 1958527696930 456 17612270499867902771
HIT 3 1589160575010 370 11580983167047780729
HIT 3 1958527762466 456 16295290740679267839
HIT 3 1589160640546 370 14337978774520828329
HIT 3 1958527828002 456 11702368099747227470
HIT 3 1589160706082 370 13469248846232429016
HIT 3 1958527893538 456 4924394182256295614
HIT 3 1589160771618 370 13919637671099339563
HIT 3 1958527959074 456 15322541492337606937
HIT 3 1589160837154 370 17319085341147347724
HIT 3 1958528024610 456 3638153350603207670
HIT 3 1589160902690 370 15610861077590926177
HIT 3 1958528090146 456 3995734657761291031
HIT 3 1589160968226 370 11398667072324897311
HIT 3 1958528155682 456 9920207929996743927
HIT 3 1589161033762 370 9210688211334752407
HIT 3 1958528221218 456 9433423351040318070
HIT 3 1589161099298 370 18006551432898436126
HIT 3 1958528286754 456 4575760699597882576
HIT 3 1589161164834 370 9834008194472155621
HIT 3 1958528352290 456 11375878756599553073
HIT 3 1589161230370 370 11230481183489042328
HIT 3 1958528417826 456 2441070263838928237
HIT 3 1589161295906 370 2571382123521743874
HIT 3 1958528483362 456 11010879086579358654
HIT 3 1589161361442 370 11274857148419013784
HIT 3 1958528548898 456 13871946769922365341
HIT 3 1589161426978 370 8661626328714491977
HIT 3 1958528614434 456 17601789695445041579
HIT 3 1589161492514 370 10678172355275457002
HIT 3 1958528679970 456 3537301452632711646
HIT 3 1589161558050 370 1956368986052193652
HIT 3 1958528745506 456 15549595086900375543
HIT 3 1589161623586 370 2784733108207019807
HIT 3 1958528811042 456 17205692923851686149
HIT 3 1589161689122 370 17766599372624484887
HIT 3 1958528876578 456 869359482869713980
HIT 3 1589161754658 370 4168304912648912672
HIT 3 1958528942114 456 6103190260782319166
HIT 3 1589161820194 370 18356050330722385727
HIT 3 1958529007650 456 10552651511253186589
HIT 3 1580571951138 368 5230883920897591822
HIT 3 1589161885730 370 18373865324534204101
HIT 3 1958529073186 456 5132882346185487433
HIT 3 1589161951266 370 5230883920897591822
HIT 3 1958529138722 456 11627405298219234623
HIT 3 1589162016802 370 4233607457698700241
HIT 3 1949939269666 454 7159109306769026925
HIT 3 1958529204258 456 1144092646040104028
HIT 3 1962824171554 457 18198959407917331448
HIT 3 1967119138850 458 5966595549494067308
HIT 3 1589162082338 370 545330946104138708
HIT 3 1597752016930 372 4233607457698700241
HIT 3 1958529269794 456 3371948476973272197
HIT 3 1597752082466 372 14715942295172512243
HIT 3 1602047049762 373 13221799316075048410
HIT 3 1606342017058 374 2835233714470780804
HIT 3 1610636984354 375 18015271060223986823
HIT 3 1614931951650 376 8084730246112849330
HIT 3 1619226918946 377 13492124626994709046
HIT 3 1623521886242 378 2152470562944052077
HIT 3 1627816853538 379 4108305932949439749
HIT 3 1632111820834 380 17173323302288574502
HIT 3 1636406788130 381 16852754650619310713
HIT 3 1640701755426 382 17674116109405167824
HIT 3 1644996722722 383 2828861066266699792
HIT 3 1649291690018 384 983601395624332025
HIT 3 1653586657314 385 18376517850022056488
HIT 3 1657881624610 386 9959610732210627650
HIT 3 1662176591906 387 4772345839257514094
HIT 3 1666471559202 388 6989787933105074003
HIT 3 1670766526498 389 653919354961351110
HIT 3 1675061493794 390 7843819763373513599
HIT 3 1679356461090 391 6494926395083457194
HIT 3 1683651428386 392 4300992303438373291
HIT 3 1687946395682 393 2609023065430198883
HIT 3 1692241362978 394 3419261357470119195
HIT 3 1696536330274 395 11861826043407875639
HIT 3 1700831297570 396 2144147008330875783
HIT 3 1705126264866 397 9577706170669757535
HIT 3 1709421232162 398 8603863364566480714
HIT 3 1713716199458 399 2012583919112654542
HIT 3 1718011166754 400 5800888594112789541
HIT 3 1722306134050 401 384781207608105912
HIT 3 1726601101346 402 2282383948906192848
HIT 3 1730896068642 403 1452168589128166146
HIT 3 1735191035938 404 11755875711788744827
HIT 3 1739486003234 405 9421282545606488485
HIT 3 1743780970530 406 10212970137850828473
HIT 3 1748075937826 407 4815346625645295300
HIT 3 1752370905122 408 14708012476594011243
HIT 3 1756665872418 409 10362002868071733195
HIT 3 1760960839714 410 11856962598813762907
HIT 3 1765255807010 411 16717727987574291948
HIT 3 1769550774306 412 6990162896340561353
HIT 3 1773845741602 413 601051156568860707
HIT 3 1778140708898 414 15900441232379388934
HIT 3 1782435676194 415 1611534662052595278
HIT 3 1786730643490 416 6267224607045719506
HIT 3 1791025610786 417 9865544362181846993
HIT 3 1795320578082 418 18101727953011245384
HIT 3 1799615545378 419 6703825647825910495
HIT 3 1803910512674 420 14501380013671537013
HIT 3 1808205479970 421 4258265326503124847
HIT 3 1812500447266 422 11369672740834493487
HIT 3 1816795414562 423 2797131135876108705
HIT 3 1821090381858 424 2786730574416349248
HIT 3 1825385349154 425 11945704294843585010
HIT 3 1829680316450 426 18292470125571972234
HIT 3 1833975283746 427 213235587198599993
HIT 3 1838270251042 428 14833326282648237174
HIT 3 1842565218338 429 2057715350830626772
HIT 3 1846860185634 430 7042229996274428582
HIT 3 1851155152930 431 7451712349746497353
HIT 3 1855450120226 432 9433045203581138537
HIT 3 1859745087522 433 8988977493144446726
HIT 3 1864040054818 434 13843743980533826107
HIT 3 1868335022114 435 14934579656740490106
HIT 3 1872629989410 436 17187367068658408720
HIT 3 1876924956706 437 651401988842416721
HIT 3 1881219924002 438 2874508713770426613
HIT 3 1885514891298 439 17689092879592210784
HIT 3 1889809858594 440 7567306619537444935
HIT 3 1894104825890 441 5795427525980676732
HIT 3 1898399793186 442 7872421486880923012
HIT 3 1902694760482 443 16715708670737024503
HIT 3 1906989727778 444 16512634756135071250
HIT 3 1911284695074 445 17636553940102821970
HIT 3 1915579662370 446 7544698347243134439
HIT 3 1919874629666 447 3090739001280026392
HIT 3 1924169596962 448 6671231891285567419
HIT 3 1928464564258 449 10449770142597510606
HIT 3 1932759531554 450 1799960468762541346
HIT 3 1937054498850 451 1766408118461291495
HIT 3 1941349466146 452 4740645938991195633
HIT 3 1945644433442 453 12015551027216370805
HIT 3 1949939400738 454 15391332642107942909
HIT 3 1954234368034 455 12195403330842340632
HIT 3 1958529335330 456 3449940787462846103
HIT 3 1962824302626 457 8218855444004428137
HIT 3 1967119269922 458 2048497960812860375
HIT 3 1971414237218 459 9414613400130324141
HIT 3 1975709204514 460 3815050854281536132
HIT 3 1980004171810 461 16931164595381616032
HIT 3 1984299139106 462 16648619059021577533
HIT 3 1988594106402 463 8114908365284595497
HIT 3 1992889073698 464 17794683858694155839
HIT 3 1997184040994 465 2125394484179892812
HIT 3 2001479008290 466 11563779171389706060
HIT 3 2005773975586 467 17924668831483313198
HIT 3 2010068942882 468 2056833685947604493
HIT 3 2014363910178 469 16296100867478451178
HIT 3 2018658877474 470 3700936355853741268
HIT 3 2022953844770 471 12322406914383414960
HIT 3 2027248812066 472 15756102192450287641
HIT 3 2031543779362 473 11954033934239211756
HIT 3 2035838746658 474 6537782404636515279
HIT 3 2040133713954 475 7946364459626037864
HIT 3 2044428681250 476 393373933441402442
HIT 3 2048723648546 477 7899572096179585795
HIT 3 2053018615842 478 11618685241076195203
HIT 3 2057313583138 479 3604371661210793415
HIT 3 2061608550434 480 10710066113973482427
HIT 3 2065903517730 481 8919263974047614695
HIT 3 2070198485026 482 9330661721813180966
HIT 3 2074493452322 483 6020903142741423758
HIT 3 2078788419618 484 10944427360656048154
HIT 3 2083083386914 485 16485040462778001488
HIT 3 2087378354210 486 12374485136085962794
HIT 3 2091673321506 487 18241170073119943867
HIT 3 2095968288802 488 73786896948415849
HIT 3 2100263256098 489 15633492053255984065
HIT 3 2104558223394 490 13093425089416189782
HIT 3 2108853190690 491 14400748084586467758
HIT 3 2113148157986 492 11156571191752229512
HIT 3 2117443125282 493 1459471136779361027
HIT 3 2121738092578 494 15876279543418710249
HIT 3 2126033059874 495 17360227592119099202
HIT 3 2130328027170 496 6354807953440604567
HIT 3 2134622994466 497 569644397044278194
HIT 3 2138917961762 498 9167015191632622076
HIT 3 2143212929058 499 2548785204906062761
HIT 3 2147507896354 500 18090711256815996963
HIT 3 2151802863650 501 9807168056568560229
HIT 3 2156097830946 502 4185002446664516958
HIT 3 2160392798242 503 1433432933462642386
HIT 3 2164687765538 504 5089189276522933658
HIT 3 2168982732834 505 3070732106162469389
HIT 3 2173277700130 506 15742898373301913112
HIT 3 2177572667426 507 12114654022017177773
HIT 3 2181867634722 508 13927248006769819694
HIT 3 2186162602018 509 17281881119845035345
HIT 3 2190457569314 510 445344531394307339
HIT 3 2194752536610 511 9687562835702037267
HIT 3 1597752148002 372 9907128754655115313
HIT 3 1602047115298 373 18015271060223986823
HIT 3 1606342082594 374 14715942295172512243
HIT 3 1949939466274 454 1937559089125465534
HIT 3 1958529400866 456 18016011385648273950
HIT 3 1962824368162 457 10002216028599778183
HIT 3 1967119335458 458 17457546146319165257
HIT 3 1949939531810 454 4139320022652367769
HIT 3 1958529466402 456 7845683940344819589
HIT 3 1962824433698 457 16963750609660144562
HIT 3 1967119400994 458 5318654652693657529
HIT 3 1606342213666 374 5359360687044187049
HIT 3 1958529531938 456 12223322666460910746
HIT 3 1958529597474 456 4217709909977938664
HIT 3 1958529663010 456 13866923341081667783
HIT 3 1958529728546 456 4115615559248744966
HIT 3 1958529794082 456 8997178745716062036
HIT 3 1958529859618 456 6357644159967688065
HIT 3 1958529925154 456 415162763426620913
HIT 3 1958529990690 456 16992273274031957854
HIT 3 1958530056226 456 15227274031251954223
HIT 3 1958530121762 456 3971310872246119715
HIT 3 1958530187298 456 2050250637417320390
HIT 3 1958530252834 456 9832574553760599095
HIT 3 1958530318370 456 3129215484685774981
HIT 3 1958530383906 456 9970443996016153205
HIT 3 1958530449442 456 7870460758096287617
HIT 3 1958530514978 456 6069059865414317855
HIT 3 1958530580514 456 11081572454838915270
HIT 3 1958530646050 456 17949639042521200018
HIT 3 1958530711586 456 467848618615206305
HIT 3 1958530777122 456 13278033715405361088
HIT 3 1958530842658 456 15544456243978890598
HIT 3 1958530908194 456 14319442017666430718
HIT 3 1958530973730 456 14886313494651296106
HIT 3 1958531039266 456 9476783659237724985
HIT 3 1958531104802 456 15605709355279218987
HIT 3 1958531170338 456 14781337016142765550
HIT 3 1958531235874 456 13858700268954094021
HIT 3 1958531301410 456 4439458571787264889
HIT 3 1958531366946 456 18017749411206202924
HIT 3 1958531432482 456 12396067926757426923
HIT 3 1958531498018 456 14796391407628136723
HIT 3 1958531563554 456 17669898853297274724
HIT 3 1958531629090 456 8160841343046818478
HIT 3 1958531694626 456 18369191156915530315
HIT 3 1958531760162 456 11202151454031913428
HIT 3 1958531825698 456 9396220348971402645
HIT 3 1958531891234 456 11783898569242668614
HIT 3 1958531956770 456 4289367630017161689
HIT 3 1958532022306 456 13996109154121704677
HIT 3 1958532087842 456 209012088388787179
HIT 3 1958532153378 456 17297495339130775377
HIT 3 1958532218914 456 5772760867435285700
HIT 3 1958532284450 456 6471344317202412216
HIT 3 1958532349986 456 4100402172479004266
HIT 3 1958532415522 456 3775741852708098851
HIT 3 1958532481058 456 16477928914294476843
HIT 3 1958532546594 456 3929638096839257720
HIT 3 1958532612130 456 709030587065289344
HIT 3 1958532677666 456 16022220574780776050
HIT 3 1958532743202 456 3313014494665704961
HIT 3 1958532808738 456 4227904833488809612
HIT 3 1958532874274 456 5442789157732495101
HIT 3 1958532939810 456 8175984527924957365
HIT 3 1958533005346 456 890459120263892823
HIT 3 1958533070882 456 16322455602762313691
HIT 3 1958533136418 456 16635353905292110539
HIT 3 1958533201954 456 606435208011067931
HIT 3 1958533267490 456 15407142200049913517
HIT 3 1958533333026 456 13290288265222590801
HIT 3 1958533398562 456 17344544981657093970
HIT 3 1958533464098 456 10286048864918209974
HIT 3 1958533529634 456 2693549104566075255
HIT 3 1958533595170 456 9894977029702595083
HIT 3 1958533660706 456 15280155445373668489
HIT 3 1958533726242 456 7096947374020035020
HIT 3 1958533791778 456 6658077763123780843
HIT 3 1958533857314 456 17660851488008339836
HIT 3 1958533922850 456 17636407480996997435
HIT 3 1958533988386 456 557586555372904867
HIT 3 1958534053922 456 12231265108853312214
HIT 3 1958534119458 456 2259805445916551571
HIT 3 1958534184994 456 14479707924653968022
HIT 3 1958534250530 456 8128021310372535907
HIT 3 1958534316066 456 8771338823307552996
HIT 3 1958534381602 456 1331967909612937120
HIT 3 1958534447138 456 12230454382340861344
HIT 3 1958534512674 456 2912657207353490861
HIT 3 1958534578210 456 5153496029649831436
HIT 3 1958534643746 456 13483411464069357906
HIT 3 1949944774690 454 15141039036521598742
HIT 3 1958534709282 456 16343534368217169016
HIT 3 1958534774818 456 15141039036521598742
HIT 3 1958534840354 456 5358360410626555539
HIT 3 1958534905890 456 10053998993600016920
HIT 3 1967124840482 458 5358360410626555539
HIT 3 1967124906018 458 9853691359024674947
HIT 3 1971419873314 459 16969760071903635468
HIT 3 1975714840610 460 9037760424718335378
HIT 3 1980009807906 461 10359347748635000432
HIT 3 1984304775202 462 2466201419736142414
HIT 3 1988599742498 463 3051002222166742322
HIT 3 1992894709794 464 5317104597906654423
HIT 3 1997189677090 465 1023893138160720127
HIT 3 2001484644386 466 15836746806478434672
HIT 3 2005779611682 467 16416035432518775962
HIT 3 2010074578978 468 16564213630277896202
HIT 3 2014369546274 469 9202961945570025829
HIT 3 2018664513570 470 11098138686708334229
HIT 3 2022959480866 471 18293645164540213707
HIT 3 2027254448162 472 15456252592190234786
HIT 3 2031549415458 473 3428366323875245044
HIT 3 2035844382754 474 6113934836863020567
HIT 3 2040139350050 475 13311710805630893564
HIT 3 2044434317346 476 12958372270864519696
HIT 3 2048729284642 477 8193539636053648847
HIT 3 2053024251938 478 8046277398668671695
HIT 3 2057319219234 479 7250345344070188993
HIT 3 2061614186530 480 16027978481914098485
HIT 3 2065909153826 481 11915257837620558190
HIT 3 2070204121122 482 5544575735317201316
HIT 3 2074499088418 483 12531521908382008172
HIT 3 2078794055714 484 9121243344698095940
HIT 3 2083089023010 485 6939074638903316493
HIT 3 2087383990306 486 16133289710063128747
HIT 3 2091678957602 487 14726884912024849013
HIT 3 2095973924898 488 6465265801399593056
HIT 3 2100268892194 489 107319123472151133
HIT 3 2104563859490 490 12023366909876644574
HIT 3 2108858826786 491 4259422655035267061
HIT 3 2113153794082 492 5510526579859580628
HIT 3 2117448761378 493 13512688539941514178
HIT 3 2121743728674 494 11019924576771659968
HIT 3 2126038695970 495 187654240687110334
HIT 3 2130333663266 496 6172622133247252343
HIT 3 2134628630562 497 7721455296870256029
HIT 3 2138923597858 498 4472327703246426155
HIT 3 2143218565154 499 12500123152502921417
HIT 3 2147513532450 500 16447948793605526002
HIT 3 2151808499746 501 17750888705645428727
HIT 3 2156103467042 502 8615302499820247957
HIT 3 2160398434338 503 8213835397483678648
HIT 3 2164693401634 504 14516212231075748447
HIT 3 2168988368930 505 12911803702932151943
HIT 3 2173283336226 506 17577599080929968303
HIT 3 2177578303522 507 155096300389132109
HIT 3 2181873270818 508 11143082206616127331
HIT 3 2186168238114 509 2797105981240161237
HIT 3 2190463205410 510 7768390012910529078
HIT 3 2194758172706 511 6862698729387331114
HIT 3 1967124971554 458 6459531621448589443
HIT 3 1971419938850 459 10359347748635000432
HIT 3 1975714906146 460 9853691359024674947
HIT 3 1975715037218 460 3472644442617213596
HIT 3 1451702747174 338 5762449930509269822
HIT 3 1589141700646 370 5834302350933046211
HIT 3 1958508888102 456 14768169777935124593
HIT 3 1589159919652 370 14258219196702471565
HIT 3 1958527107108 456 5952463642983732890
HIT 3 1580570116132 368 10791583493771436373
HIT 3 1589160050724 370 5191002414761909911
HIT 3 1593455018020 371 7408229863416889121
HIT 3 1597749985316 372 2403707477081323430
HIT 3 1949937303588 454 7802603307964538470
HIT 3 1958527238180 456 5589337547025781283
HIT 3 1962822205476 457 3525313511535938134
HIT 3 1967117172772 458 8916023876941184483
HIT 3 1460311097380 340 11966241631844469047
HIT 3 1589160116260 370 15477383010929232013
HIT 3 1958527303716 456 777610637045798833
HIT 3 1589160181796 370 16386986014402692813
HIT 3 1958527369252 456 2584494816043549233
HIT 3 1958529204260 456 18182081140378756511
HIT 3 1949939400740 454 12520721463346650153
HIT 3 1958529335332 456 14361867037987302152
HIT 3 1962824302628 457 8665636743931547036
HIT 3 1967119269924 458 18201491262938991034
HIT 3 1597752148004 372 14424993236801500038
HIT 3 1958529400868 456 13080967854759847635
HIT 3 1958529466404 456 10713529478617392563
HIT 3 1589159919651 370 15603221088997160243
HIT 3 1958527107107 456 13326698045376478947
HIT 3 1580570116131 368 7731777823929296101
HIT 3 1589160050723 370 6627579796231062857
HIT 3 1593455018019 371 15182367119042744124
HIT 3 1597749985315 372 1708795400859385393
HIT 3 1949937303587 454 6326748891562565553
HIT 3 1958527238179 456 12472159540993173377
HIT 3 1962822205475 457 7713186098757721705
HIT 3 1967117172771 458 17531405254578361920
HIT 3 1460311097379 340 9782021392581089501
HIT 3 1589160116259 370 5342642355438349403
HIT 3 1958527303715 456 6872964762814961529
HIT 3 1589160181795 370 8759977278941636742
HIT 3 1958527369251 456 8917077999191181005
HIT 3 1958529204259 456 12883451509293551403
HIT 3 1949939400739 454 3962591344498374950
HIT 3 1958529335331 456 1514335624149363926
HIT 3 1962824302627 457 15113823565167019153
HIT 3 1967119269923 458 2793935884044930348
HIT 3 1597752148003 372 4687281540483617194
HIT 3 1958529400867 456 1456964900702333112
HIT 3 1967124971556 458 35352946142711835
HIT 3 1958529466403 456 18204385741727838944
HIT 3 1967124971555 458 6964352756409422503
HIT 3 1451702747175 338 11068188506650859910
HIT 3 1589141700647 370 12556573706373464376
HIT 3 1958508888103 456 6441829880758301008
HIT 3 1451702747176 338 18160429459293560965
HIT 3 1589141700648 370 2538425436330766656
HIT 3 1958508888104 456 7887262711834563712
HIT 3 1589160050725 370 10603198183599059357
HIT 3 1958527238181 456 12348503929963440147
HIT 3 1958529335333 456 4478103385608758137
HIT 3 1451702747177 338 4268490303100541646
HIT 3 1589141700649 370 14603895611593048941
HIT 3 1958508888105 456 16072995485336310691
HIT 3 1589160050726 370 12966459012119949506
HIT 3 1958527238182 456 17155189322284461110
HIT 3 1958529335334 456 12574598785602697664
HIT 3 1589160050727 370 11183350594360507359
HIT 3 1958527238183 456 6698625680083889633
HIT 3 1958529335335 456 10715863713968996275
HIT 3 1451702747178 338 7015927738729036007
HIT 3 1589141700650 370 2195378846715208922
HIT 3 1958508888106 456 10837012179962746279
HIT 3 1451702747179 338 2287840670316028606
HIT 3 1589141700651 370 13404434749737187572
HIT 3 1958508888107 456 11088789190546022177
HIT 3 1589160050728 370 2065103420920556289
HIT 3 1958527238184 456 1403737948652780674
HIT 3 1958529335336 456 15326421822284328127
HIT 3 1451702747180 338 17339559785940155033
HIT 3 1589141700652 370 9052153683926041447
HIT 3 1958508888108 456 4544330070573150551
HIT 3 1589160050729 370 2088898029308905246
HIT 3 1958527238185 456 2064180788620323896
HIT 3 1958529335337 456 704538978791162005
HIT 3 1589160050731 370 7507067845132025854
HIT 3 1958527238187 456 134324735905129145
HIT 3 1958529335339 456 1894680659210630898
HIT 3 1451702747181 338 10791781271495868219
HIT 3 1589141700653 370 9290063479468165078
HIT 3 1958508888109 456 6104012250843994298
HIT 3 1451702747182 338 10343145734768832584
HIT 3 1589141700654 370 1328016220094739120
HIT 3 1958508888110 456 14129601495493601829
HIT 3 1589160050730 370 3065217848432893729
HIT 3 1958527238186 456 18210025105382713552
HIT 3 1958529335338 456 3481384458830018169
HIT 3 1451702747183 338 17562748770755899603
HIT 3 1589141700655 370 2114699765650522339
HIT 3 1958508888111 456 8791358972132861814
HIT 3 1589160050732 370 9362275540063828103
HIT 3 1958527238188 456 9875165221561087700
HIT 3 1958529335340 456 13366018371511837841
HIT 3 1451702747184 338 12528557948333068367
HIT 3 1589141700656 370 4855959726559312101
HIT 3 1958508888112 456 6011911969480441894
HIT 3 1589160050733 370 3670507013826086453
HIT 3 1958527238189 456 18080399519562791943
HIT 3 1958529335341 456 7349054433872835325
HIT 3 1589160050734 370 4142331583292731765
HIT 3 1958527238190 456 4716020865155077586
HIT 3 1451702747185 338 3690886036842372632
HIT 3 1589141700657 370 18189283586002996661
HIT 3 1958508888113 456 746473046720405528
HIT 3 1958529335342 456 16741071031271817618
HIT 3 1451702747186 338 5945545747079911996
HIT 3 1589141700658 370 15446247840085856438
HIT 3 1958508888114 456 4486568743165545222
HIT 3 1589160050735 370 6496027910624642110
HIT 3 1958527238191 456 10267341640510071434
HIT 3 1589160050736 370 9844085461085779492
HIT 3 1958527238192 456 12014293519338121185
HIT 3 1958529335343 456 10008562412541882029
HIT 3 1958529335344 456 6534385184007671301
HIT 3 1451702747188 338 16489978330991241245
HIT 3 1451702747187 338 347105712482979619
HIT 3 1589141700660 370 14686504274644597088
HIT 3 1589141700659 370 6880199077895787998
HIT 3 1958508888116 456 12050034322440955644
HIT 3 1958508888115 456 12419794135633152042
HIT 3 1589160050737 370 3440449279219119795
HIT 3 1958527238193 456 14984880579865141405
HIT 3 1958529335345 456 11304443199901640061
HIT 3 1451702747189 338 8631444434513166594
HIT 3 1589141700661 370 4032785706360750497
HIT 3 1958508888117 456 17344778863625631964
HIT 3 1589160050740 370 16681709630955168974
HIT 3 1958527238196 456 2668861560393492058
HIT 3 1589160050738 370 17690691776065678486
HIT 3 1958527238194 456 11494900908450481889
HIT 3 1958529335348 456 4313564419883777905
HIT 3 1958529335346 456 13570583683677584517
HIT 3 1451702616118 338 10375256708134789629
HIT 3 1589141569590 370 10565306026794881143
HIT 3 1958508757046 456 3749646422916692967
HIT 3 1451702747190 338 7492554914731825233
HIT 3 1589141700662 370 12811723315019897370
HIT 3 1958508888118 456 740770657124773399
HIT 3 1589160050739 370 1444386177039524060
HIT 3 1958527238195 456 15156001148938390906
HIT 3 1451702747191 338 10375256708134789629
HIT 3 1589141700663 370 10565306026794881143
HIT 3 1958508888119 456 3749646422916692967
HIT 3 1958529335347 456 8985423105802256847
HIT 3 1451702747192 338 8432865846487749514
HIT 3 1589141700664 370 4650217469084531505
HIT 3 1958508888120 456 207651912078827601
HIT 3 1589160050741 370 9388211367369805015
HIT 3 1958527238197 456 6122623406305991094
HIT 3 1589160050742 370 9036126395277566771
HIT 3 1958527238198 456 9964517334950221791
HIT 3 1958529335349 456 16899049813206797393
HIT 3 1958529335350 456 7993697151604407418
HIT 3 1451702747193 338 6355719695152442178
HIT 3 1589141700665 370 10069698815086597761
HIT 3 1958508888121 456 12863050464515611195
HIT 3 1451702878265 338 8432865846487749514
HIT 3 1589141831737 370 4650217469084531505
HIT 3 1958509019193 456 207651912078827601
HIT 3 1451702878266 338 5192537055389292613
HIT 3 1589141831738 370 16486643004721493654
HIT 3 1958509019194 456 6160805297924882447
HIT 3 1451702943802 338 5103797271856008032
HIT 3 1589141897274 370 17320463899188276449
HIT 3 1958509084730 456 8681374646337151066
HIT 3 1451703009338 338 9457682558959802098
HIT 3 1589141962810 370 16762708488111047833
HIT 3 1958509150266 456 1002723905218397796
HIT 3 1451703074874 338 451225744223745573
HIT 3 1589142028346 370 2328825284781924194
HIT 3 1958509215802 456 9516308134461877905
HIT 3 1451703140410 338 2263745100511453801
HIT 3 1589142093882 370 16583649039851263527
HIT 3 1958509281338 456 7671130535949509462
HIT 3 1451703205946 338 2351209277533227114
HIT 3 1589142159418 370 5347533825836212399
HIT 3 1958509346874 456 315603562494630579
HIT 3 1451703271482 338 17732495009982705375
HIT 3 1589142224954 370 1505148453046091692
HIT 3 1958509412410 456 16563321790843862715
HIT 3 1451703337018 338 16607021917929274186
HIT 3 1589142290490 370 13698020478629350337
HIT 3 1958509477946 456 5748108561403452068
HIT 3 1451703402554 338 7595724085432450446
HIT 3 1589142356026 370 9472156758663935674
HIT 3 1958509543482 456 2277950580806432725
HIT 3 1589159919672 370 15548117206182642414
HIT 3 1958527107128 456 5884311542999283744
HIT 3 1580570116152 368 15940909484304575501
HIT 3 1589160050744 370 3514043685054984735
HIT 3 1593455018040 371 5849718706186884426
HIT 3 1597749985336 372 2449275395582645846
HIT 3 1949937303608 454 10396638429542851424
HIT 3 1958527238200 456 17074362998318810329
HIT 3 1962822205496 457 13944495082231444421
HIT 3 1967117172792 458 5547309106279877778
HIT 3 1460311097400 340 6355719695152442178
HIT 3 1589160116280 370 7131442885238695116
HIT 3 1958527303736 456 13352645961347160657
HIT 3 1589160181816 370 942512998885131574
HIT 3 1958527369272 456 8058772699948275513
HIT 3 1451703468090 338 12748772318901239628
HIT 3 1589142421562 370 13789565041732196937
HIT 3 1958509609018 456 13858791925671110069
HIT 3 1451703533626 338 6347479168879636228
HIT 3 1589142487098 370 11349806542869654131
HIT 3 1958509674554 456 16756103671996049987
HIT 3 1451703599162 338 6084885121100893338
HIT 3 1589142552634 370 9189144846706312740
HIT 3 1958509740090 456 16111998270956450934
HIT 3 1451703664698 338 15514057914508650830
HIT 3 1589142618170 370 158724582922182124
HIT 3 1958509805626 456 15240342039209618181
HIT 3 1451703730234 338 15974504771062461018
HIT 3 1589142683706 370 17693163523481235838
HIT 3 1958509871162 456 17414756574710291093
HIT 3 1451703795770 338 2683296632947918994
HIT 3 1589142749242 370 8623191480656930046
HIT 3 1958509936698 456 15528604703439883855
HIT 3 1451703861306 338 773506184521720304
HIT 3 1589142814778 370 8816697586644445630
HIT 3 1958510002234 456 16527244490753535448
HIT 3 1451703926842 338 8416828311993777181
HIT 3 1589142880314 370 5706290462051953356
HIT 3 1958510067770 456 8435724149959844307
HIT 3 1451703992378 338 11498708357557682944
HIT 3 1589142945850 370 11155583356322080686
HIT 3 1958510133306 456 4151109929820118644
HIT 3 1451704057914 338 10135847703692863839
HIT 3 1589143011386 370 14594957917728699900
HIT 3 1958510198842 456 9195107659740497884
HIT 3 1451704123450 338 15585037202912627676
HIT 3 1589143076922 370 18126006031603529688
HIT 3 1958510264378 456 6366577885586599957
HIT 3 1589160050743 370 6597430294673761107
HIT 3 1958527238199 456 15439502342582263322
HIT 3 1958529204280 456 2978171879169200890
HIT 3 1949939400760 454 10028838007378251991
HIT 3 1958529335352 456 6755944794617723060
HIT 3 1962824302648 457 10455504611752891224
HIT 3 1967119269944 458 4038655795977132978
HIT 3 1597752148024 372 10069698815086597761
HIT 3 1958529400888 456 6146007640140646815
HIT 3 1958529466424 456 15941051711262731618
HIT 3 1451704188986 338 8246358102611318419
HIT 3 1589143142458 370 11500437169524441719
HIT 3 1958510329914 456 11109264456021201469
HIT 3 1451704254522 338 2785831832605119693
HIT 3 1589143207994 370 17894614428442457575
HIT 3 1958510395450 456 79940157931888190
HIT 3 1451704320058 338 2456516104186205205
HIT 3 1589143273530 370 18162758064816240349
HIT 3 1958510460986 456 1299563233595843081
HIT 3 1451704385594 338 8388573816162781586
HIT 3 1589143339066 370 10265070514590717573
HIT 3 1958510526522 456 2478000727167317509
HIT 3 1451704451130 338 9392524346990936638
HIT 3 1589143404602 370 14510803999550149748
HIT 3 1958510592058 456 14610251309056638055
HIT 3 1451704516666 338 17547322720484055617
HIT 3 1589143470138 370 16346029105452345619
HIT 3 1958510657594 456 4503467040513871165
HIT 3 1451704582202 338 17099218497819750933
HIT 3 1589143535674 370 10004805618833337991
HIT 3 1958510723130 456 3477520583624615352
HIT 3 1451704647738 338 1781303656101848703
HIT 3 1589143601210 370 5975857014760057541
HIT 3 1958510788666 456 1939605847010156750
HIT 3 1451704713274 338 15676162051057358510
HIT 3 1589143666746 370 7007320121604789865
HIT 3 1958510854202 456 16022407550283626568
HIT 3 1451704778810 338 10781941406577844941
HIT 3 1589143732282 370 1500496906473633737
HIT 3 1958510919738 456 16468589489506362895
HIT 3 1451704844346 338 9642664246741220273
HIT 3 1589143797818 370 18021171756618048059
HIT 3 1958510985274 456 13919075012625858922
HIT 3 1958529335351 456 8899539187871972326
HIT 3 1451704909882 338 8642526730032340998
HIT 3 1589143863354 370 6700935331628512638
HIT 3 1958511050810 456 6313641066499794213
HIT 3 1451704975418 338 16293509749725348679
HIT 3 1589143928890 370 17274723290350579258
HIT 3 1958511116346 456 7679558731028374477
HIT 3 1451705040954 338 2934495474276575299
HIT 3 1589143994426 370 15535531084994254752
HIT 3 1958511181882 456 13233621130861767579
HIT 3 1451705106490 338 5023488693494953762
HIT 3 1589144059962 370 588649919641642509
HIT 3 1958511247418 456 12880704181374152697
HIT 3 1451705172026 338 14285194809376525399
HIT 3 1589144125498 370 10672269028572559260
HIT 3 1958511312954 456 4325417181390329825
HIT 3 1451705237562 338 16296650677068354609
HIT 3 1589144191034 370 5046051180460247794
HIT 3 1958511378490 456 11607013985867967939
HIT 3 1451705303098 338 13517517880954251793
HIT 3 1589144256570 370 2042861292251283806
HIT 3 1958511444026 456 5073097704250767505
HIT 3 1451705368634 338 17020528430308386203
HIT 3 1589144322106 370 672512517345463024
HIT 3 1958511509562 456 2840769161640917912
HIT 3 1451705434170 338 17996448605934145663
HIT 3 1589144387642 370 8884002439149450357
HIT 3 1958511575098 456 11186088589027372886
HIT 3 1451705499706 338 3835029980890225933
HIT 3 1589144453178 370 8507424792198016571
HIT 3 1958511640634 456 12481169704524636266
HIT 3 1451705565242 338 15013058321664886533
HIT 3 1589144518714 370 15408086727568995013
HIT 3 1958511706170 456 7648268333868107028
HIT 3 1451705630778 338 1067126652135949304
HIT 3 1589144584250 370 4331280768468615224
HIT 3 1967124971576 458 12863050464515611195
HIT 3 1958511771706 456 5314701548823167404
HIT 3 1451705696314 338 7729195656763963428
HIT 3 1589144649786 370 10279596818690982568
HIT 3 1958511837242 456 12556186447135620787
HIT 3 1451705761850 338 3292493037373026765
HIT 3 1589144715322 370 7861392759559119408
HIT 3 1958511902778 456 9894462654557791353
HIT 3 1451705827386 338 10709750027720715151
HIT 3 1589144780858 370 10277260222580071026
HIT 3 1958511968314 456 18167712599996220651
HIT 3 1451705892922 338 5133045920420960592
HIT 3 1589144846394 370 11483464535734431529
HIT 3 1958512033850 456 10869009806055239125
HIT 3 1451705958458 338 16874125571163505943
HIT 3 1589144911930 370 14591138403793852874
HIT 3 1958512099386 456 8732602232732757856
HIT 3 1451706023994 338 1760363768365533021
HIT 3 1589144977466 370 13458143317081138176
HIT 3 1958512164922 456 3665132102744020534
HIT 3 1451706089530 338 12400279469063173194
HIT 3 1589145043002 370 4771862946125119618
HIT 3 1958512230458 456 1223707017256856803
HIT 3 1451706155066 338 8696733796885187986
HIT 3 1589145108538 370 8520247283564275121
HIT 3 1443112943675 336 2128309573668532149
HIT 3 1451702878267 338 7419539603963673261
HIT 3 1455997845563 339 6532892776934617752
HIT 3 1460292812859 340 8081441732376271477
HIT 3 1580551897147 368 12821628374303687761
HIT 3 1589141831739 370 6440757323371165445
HIT 3 1593436799035 371 14479898320092004072
HIT 3 1597731766331 372 10611548076197063766
HIT 3 1949919084603 454 7367017122537736707
HIT 3 1958509019195 456 9045214924114211453
HIT 3 1962803986491 457 14865514599697778543
HIT 3 1967098953787 458 14338328568907997911
HIT 3 266291970107 62 10958677009710650333
HIT 3 1451702943803 338 451225744223745573
HIT 3 1589141897275 370 2328825284781924194
HIT 3 1958509084731 456 9516308134461877905
HIT 3 1451703009339 338 5192537055389292613
HIT 3 1589141962811 370 16486643004721493654
HIT 3 1958509150267 456 6160805297924882447
HIT 3 1958512295994 456 16044382374818590476
HIT 3 1451706220602 338 6461347226315909849
HIT 3 1589145174074 370 18275074709060386703
HIT 3 1958512361530 456 6587231493514027315
HIT 3 1451706286138 338 4309333250307271233
HIT 3 1589145239610 370 17636172858703538457
HIT 3 1958512427066 456 3573468944935703901
HIT 3 1451706351674 338 10919853397134381645
HIT 3 1589145305146 370 5618843554602656068
HIT 3 1958512492602 456 9826656882181838021
HIT 3 1451706417210 338 7570483355092769097
HIT 3 1589145370682 370 7507952306795793020
HIT 3 1958512558138 456 2178368305243951151
HIT 3 1451706482746 338 1865842042372024005
HIT 3 1589145436218 370 3171044593551195896
HIT 3 1958512623674 456 14834998306515655136
HIT 3 1451706548282 338 9326624987837423246
HIT 3 1589145501754 370 9281596124626477658
HIT 3 1958512689210 456 8672103151670628557
HIT 3 1451706613818 338 17325462893318443510
HIT 3 1589145567290 370 17415310242300583046
HIT 3 1958512754746 456 16202920069387300006
HIT 3 1451706679354 338 13078212861245608936
HIT 3 1589145632826 370 14954493170873611702
HIT 3 1958512820282 456 12074961365328338887
HIT 3 1451706744890 338 6840150789582274699
HIT 3 1589145698362 370 15171141695041926824
HIT 3 1958512885818 456 7925386005103069712
HIT 3 1451706810426 338 13978400035526654639
HIT 3 1589145763898 370 1820763534041783012
HIT 3 1958512951354 456 7069297265453428051
HIT 3 1451706875962 338 9346089366337595702
HIT 3 1589145829434 370 6473292585919285715
HIT 3 1958513016890 456 9229735836513383485
HIT 3 1451706941498 338 4505840001554084610
HIT 3 1589145894970 370 5293173959465725160
HIT 3 1958513082426 456 6042795005893664185
HIT 3 1451707007034 338 12212918080939439347
HIT 3 1589145960506 370 5539405032929308758
HIT 3 1958513147962 456 1359173176452712403
HIT 3 1451707072570 338 4669018029251572235
HIT 3 1589146026042 370 1482878566107883020
HIT 3 1958513213498 456 12404009778828912023
HIT 3 1451707138106 338 6423936075317987080
HIT 3 1589146091578 370 4897583169648088667
HIT 3 1958513279034 456 14816590526174085488
HIT 3 1451707203642 338 1122418757252866645
HIT 3 1589146157114 370 14630781089949674976
HIT 3 1958513344570 456 7684592878570616119
HIT 3 1451707269178 338 2502720313831993542
HIT 3 1589146222650 370 16399656871599022171
HIT 3 1958513410106 456 17823474699003921210
HIT 3 1451707334714 338 13779874895121054716
HIT 3 1589146288186 370 8683397518118030533
HIT 3 1958513475642 456 13698278516140108080
HIT 3 1451707400250 338 11178706713743264068
HIT 3 1589146353722 370 162327824582645509
HIT 3 1958513541178 456 6017892031494282156
HIT 3 1451707465786 338 10515827173024940091
HIT 3 1589146419258 370 3149406562330677968
HIT 3 1958513606714 456 6739488054082072823
HIT 3 1451707531322 338 12008791647807787908
HIT 3 1589146484794 370 8148613966443943295
HIT 3 1958513672250 456 17137348397671364789
HIT 3 1451707596858 338 16991614004159619452
HIT 3 1589146550330 370 2142567647672627424
HIT 3 1958513737786 456 860522087814152849
HIT 3 1451707662394 338 7617575950867018269
HIT 3 1589146615866 370 10868676905095980776
HIT 3 1958513803322 456 17553835328657784696
HIT 3 1451707727930 338 9459150010871334942
HIT 3 1589146681402 370 2195055033176641345
HIT 3 1958513868858 456 18435629870561114205
HIT 3 1451707793466 338 9401734413485303135
HIT 3 1589146746938 370 10730581995459848339
HIT 3 1958513934394 456 10830067528123748346
HIT 3 1451707859002 338 4090790765606022328
HIT 3 1589146812474 370 16423820694639787638
HIT 3 1958513999930 456 6084704507492379234
HIT 3 1451707924538 338 6377502978948464010
HIT 3 1589146878010 370 3052671873759891727
HIT 3 1958514065466 456 15349636057268670979
HIT 3 1451707990074 338 16537699534935374410
HIT 3 1589146943546 370 9289991281731410531
HIT 3 1958514131002 456 8390089407443704507
HIT 3 1451708055610 338 6061769160245257347
HIT 3 1589147009082 370 7177792270981711518
HIT 3 1958514196538 456 12877949458741474185
HIT 3 1451708121146 338 6412993776956889469
HIT 3 1589147074618 370 4132774097177124539
HIT 3 1958514262074 456 12816060467537258908
HIT 3 1451708186682 338 15681553521307844683
HIT 3 1589147140154 370 329102273329949959
HIT 3 1958514327610 456 16145979005597918271
HIT 3 1451708252218 338 2260906199167724897
HIT 3 1589147205690 370 703312454531490775
HIT 3 1958514393146 456 5501113918664308528
HIT 3 1451708317754 338 16206978206200246925
HIT 3 1589147271226 370 6539395255185425494
HIT 3 1958514458682 456 6787752048260723373
HIT 3 1451708383290 338 2139492928636333629
HIT 3 1589147336762 370 10878995968007606357
HIT 3 1958514524218 456 13375490757372995778
HIT 3 1451708448826 338 8562104335002530812
HIT 3 1589147402298 370 17069050826931986067
HIT 3 1958514589754 456 17533943770373383843
HIT 3 1451708514362 338 1066399557057818589
HIT 3 1589147467834 370 12410841364904054515
HIT 3 1958514655290 456 3686847601339120405
HIT 3 1451708579898 338 8742920650140915540
HIT 3 1589147533370 370 17654869043309181253
HIT 3 1958514720826 456 2554338722142061866
HIT 3 1451708645434 338 6790883662802721143
HIT 3 1589147598906 370 11945519300342930544
HIT 3 1958514786362 456 13095016982686674587
HIT 3 1451708710970 338 2622638457954307662
HIT 3 1589147664442 370 2567224290762779948
HIT 3 1958514851898 456 7900036542171027907
HIT 3 1451708776506 338 18433027410930172439
HIT 3 1589147729978 370 3739271673969213737
HIT 3 1958514917434 456 8751370000041786413
HIT 3 1451708842042 338 11146150164554771437
HIT 3 1589147795514 370 2482444866308314631
HIT 3 1958514982970 456 4369454331646852473
HIT 3 1451708907578 338 3588132704862240442
HIT 3 1589147861050 370 15494244623662264764
HIT 3 1958515048506 456 8024153480590301451
HIT 3 1451708973114 338 3701801383669126123
HIT 3 1589147926586 370 13030134457862205881
HIT 3 1958515114042 456 100974544979863851
HIT 3 1451709038650 338 8442609592084477724
HIT 3 1589147992122 370 5747307219528460052
HIT 3 1958515179578 456 10108931337749031772
HIT 3 1451709104186 338 13066124230434580366
HIT 3 1589148057658 370 8049819384693348076
HIT 3 1958515245114 456 8873466280088426001
HIT 3 1451709169722 338 16219308650466138511
HIT 3 1589148123194 370 16690826815330289550
HIT 3 1958515310650 456 8165077003257770166
HIT 3 1451709235258 338 6917725240743352185
HIT 3 1589148188730 370 2394765151573654858
HIT 3 1958515376186 456 10432857613099781959
HIT 3 1451709300794 338 12863395440955001043
HIT 3 1589148254266 370 1282044845221671110
HIT 3 1958515441722 456 7026764567845640807
HIT 3 1451709366330 338 7346346528279128278
HIT 3 1589148319802 370 16213362985059158877
HIT 3 1958515507258 456 11988439950915025755
HIT 3 1451709431866 338 17499317970571820556
HIT 3 1589148385338 370 8797788278177466670
HIT 3 1958515572794 456 3774969817390247435
HIT 3 1451709497402 338 13654158291815708360
HIT 3 1589148450874 370 7455119110904453488
HIT 3 1958515638330 456 18228083251802444183
HIT 3 1451709562938 338 3832984803721818734
HIT 3 1589148516410 370 9463247627261854911
HIT 3 1958515703866 456 2641640314368914742
HIT 3 1451709628474 338 14382897957607574986
HIT 3 1589148581946 370 18083344048451987802
HIT 3 1958515769402 456 12552368032087561425
HIT 3 1451709694010 338 3415019109547323129
HIT 3 1589148647482 370 9369943051762955491
HIT 3 1958515834938 456 7105011959212029834
HIT 3 1451709759546 338 3886841614497003366
HIT 3 1589148713018 370 7596910920952630811
HIT 3 1958515900474 456 12367708718707137687
HIT 3 1451709825082 338 1503137749862882469
HIT 3 1589148778554 370 1469496035885722494
HIT 3 1958515966010 456 422563566003697656
HIT 3 1451709890618 338 7418699128852950909
HIT 3 1589148844090 370 17846382465365976659
HIT 3 1958516031546 456 3878650311733751993
HIT 3 1451709956154 338 8911596691140317369
HIT 3 1589148909626 370 10838247422238103668
HIT 3 1958516097082 456 6146298222522508901
HIT 3 1451710021690 338 11592003935576539642
HIT 3 1589148975162 370 13452884292242091656
HIT 3 1958516162618 456 16445512741152054474
HIT 3 1451710087226 338 9697457633661155934
HIT 3 1589149040698 370 3843118665578931505
HIT 3 1958516228154 456 10643722219268009258
HIT 3 1451710152762 338 11202085166521262635
HIT 3 1589149106234 370 4332754307814509002
HIT 3 1958516293690 456 11497657395082173164
HIT 3 1451710218298 338 7203697160622676155
HIT 3 1589149171770 370 12575449779575089085
HIT 3 1958516359226 456 17045254532556430134
HIT 3 1451710283834 338 15247484194491203961
HIT 3 1589149237306 370 12751173513446731876
HIT 3 1958516424762 456 2816860133486267585
HIT 3 1451710349370 338 1505858785351600739
HIT 3 1589149302842 370 11535067579514432299
HIT 3 1958516490298 456 16780785461012857277
HIT 3 1451710414906 338 3440307177039223794
HIT 3 1589149368378 370 17502412185083517800
HIT 3 1958516555834 456 14856782209818886644
HIT 3 1451710480442 338 6141862871135777077
HIT 3 1589149433914 370 3038387404066597327
HIT 3 1958516621370 456 6433111939652526943
HIT 3 1451710545978 338 4427907846903910628
HIT 3 1589149499450 370 6829851135034357812
HIT 3 1958516686906 456 8783557041502735931
HIT 3 1451710611514 338 6732933544731666445
HIT 3 1589149564986 370 3895590958903684347
HIT 3 1958516752442 456 5318337241745073271
HIT 3 1451710677050 338 7968376412671567625
HIT 3 1589149630522 370 1657600666434496039
HIT 3 1958516817978 456 1709963610252773845
HIT 3 1451710742586 338 7093434779826369190
HIT 3 1589149696058 370 7719362288262538102
HIT 3 1958516883514 456 5284981419484225758
HIT 3 1451710808122 338 4542840438021754151
HIT 3 1589149761594 370 7523739425471904793
HIT 3 1958516949050 456 9483291690814784371
HIT 3 1451710873658 338 6085199725359902977
HIT 3 1589149827130 370 15415370235270930456
HIT 3 1958517014586 456 16650765543461267557
HIT 3 1451710939194 338 10290779115541204039
HIT 3 1589149892666 370 8562682565032323130
HIT 3 1958517080122 456 9707333599143623820
HIT 3 1451711004730 338 2474844410314779521
HIT 3 1589149958202 370 274268989299441298
HIT 3 1958517145658 456 17840551204885011402
HIT 3 1451711070266 338 16774367297943596621
HIT 3 1589150023738 370 12029677204255177991
HIT 3 1958517211194 456 15244273354397916364
HIT 3 1451711135802 338 11280737964865890339
HIT 3 1589150089274 370 2065921009460623098
HIT 3 1958517276730 456 5930888565866340403
HIT 3 1451711201338 338 16803137999442949533
HIT 3 1589150154810 370 16142999345261628541
HIT 3 1958517342266 456 11390893564703810005
HIT 3 1451711266874 338 3562973467608189037
HIT 3 1589150220346 370 14384571829580091561
HIT 3 1958517407802 456 16831762320289109989
HIT 3 1451711332410 338 6972510126709144763
HIT 3 1589150285882 370 10079746758565825450
HIT 3 1958517473338 456 6239643894279421761
HIT 3 1451711397946 338 16882538920720532178
HIT 3 1589150351418 370 7596321871915539438
HIT 3 1958517538874 456 10416102886926820937
HIT 3 1451711463482 338 3661149613681249537
HIT 3 1589150416954 370 15345433881360430390
HIT 3 1958517604410 456 866508948075916079
HIT 3 1451711529018 338 17878370896123377004
HIT 3 1589150482490 370 14276356069030393218
HIT 3 1958517669946 456 17846437371385224670
HIT 3 1451711594554 338 7577588249472240391
HIT 3 1589150548026 370 436549918380359548
HIT 3 1958517735482 456 7511117372703891786
HIT 3 1451711660090 338 18362730922202283020
HIT 3 1589150613562 370 3014327240339476652
HIT 3 1958517801018 456 7876849781444735896
HIT 3 1451711725626 338 7175958157857384172
HIT 3 1589150679098 370 11490363121882177446
HIT 3 1958517866554 456 10749135070486283228
HIT 3 1451711791162 338 12806341652479589682
HIT 3 1589150744634 370 14211137548014146324
HIT 3 1958517932090 456 8228299191488096674
HIT 3 1451711856698 338 8055844292261325077
HIT 3 1589150810170 370 3365353005429757263
HIT 3 1958517997626 456 787817183882091807
HIT 3 1451711922234 338 11178377856769357190
HIT 3 1589150875706 370 9913612123852969829
HIT 3 1958518063162 456 3059952515761262581
HIT 3 1451711987770 338 10706961337806349497
HIT 3 1589150941242 370 14880459296803932659
HIT 3 1958518128698 456 1388644760781974334
HIT 3 1451712053306 338 9751594100318385361
HIT 3 1589151006778 370 8222861484688897505
HIT 3 1958518194234 456 2776912390230417105
HIT 3 1451712118842 338 1268547365675716253
HIT 3 1589151072314 370 2282548975866879166
HIT 3 1958518259770 456 17808776910129271205
HIT 3 1451712184378 338 17922920345051513771
HIT 3 1589151137850 370 17340300209466629774
HIT 3 1958518325306 456 4238103116248850196
HIT 3 1451712249914 338 14211016625586074902
HIT 3 1589151203386 370 18278778627362076277
HIT 3 1958518390842 456 15361165074822295122
HIT 3 1451712315450 338 6173129478412694642
HIT 3 1589151268922 370 7603027984259641737
HIT 3 1958518456378 456 6315552542480611302
HIT 3 1451712380986 338 11653897609456465744
HIT 3 1589151334458 370 2824192220952763527
HIT 3 1958518521914 456 14307609978832666357
HIT 3 1451712446522 338 17280871657689053609
HIT 3 1589151399994 370 14448859434132661191
HIT 3 1958518587450 456 1811314777183714084
HIT 3 1451712512058 338 10293530131235210242
HIT 3 1589151465530 370 4376370772628121719
HIT 3 1958518652986 456 14856103733150424209
HIT 3 1451712577594 338 5177209996941552495
HIT 3 1589151531066 370 7384748904921776416
HIT 3 1958518718522 456 6055254691563538201
HIT 3 1451712643130 338 17553431692266028510
HIT 3 1589151596602 370 8496515835955508311
HIT 3 1958518784058 456 13599188086038958868
HIT 3 1451712708666 338 11312485496649243110
HIT 3 1589151662138 370 17253815273089866207
HIT 3 1958518849594 456 15969320689635526108
HIT 3 1451712774202 338 8685249606559679554
HIT 3 1589151727674 370 10179904277188646573
HIT 3 1958518915130 456 6178652044199596109
HIT 3 1451712839738 338 14519548163447123885
HIT 3 1589151793210 370 271978256698139441
HIT 3 1958518980666 456 616370581142356106
HIT 3 1451712905274 338 370153634239439151
HIT 3 1589151858746 370 2984552678662775007
HIT 3 1958519046202 456 4975416853247081048
HIT 3 1451712970810 338 12925132193223140760
HIT 3 1589151924282 370 12802401383907816633
HIT 3 1958519111738 456 9180354596455212829
HIT 3 1451713036346 338 3032802509150794298
HIT 3 1589151989818 370 13577420719589707688
HIT 3 1958519177274 456 9229785964891130102
HIT 3 1451713101882 338 257697035984797928
HIT 3 1589152055354 370 18307549126007960371
HIT 3 1958519242810 456 2167649760279550931
HIT 3 1451713167418 338 17730108186929567160
HIT 3 1589152120890 370 13525742522133745067
HIT 3 1958519308346 456 10138951168367514328
HIT 3 1451713232954 338 460450471230298069
HIT 3 1589152186426 370 5647858951498400974
HIT 3 1958519373882 456 7869493298716276425
HIT 3 1451713298490 338 12705316668408732254
HIT 3 1589152251962 370 5805040942555420154
HIT 3 1958519439418 456 4791542561574045236
HIT 3 1451713364026 338 7712920242972840487
HIT 3 1589152317498 370 18169678869275847103
HIT 3 1958519504954 456 8903219407602744549
HIT 3 1451713429562 338 3212018912215940296
HIT 3 1589152383034 370 2230627967534726375
HIT 3 1958519570490 456 15435587899563090087
HIT 3 1451713495098 338 5126806951443723843
HIT 3 1589152448570 370 12444890209487437822
HIT 3 1958519636026 456 13613311001161162300
HIT 3 1451713560634 338 12949667625048049257
HIT 3 1589152514106 370 11034533072168391138
HIT 3 1958519701562 456 18211034135882118241
HIT 3 1451713626170 338 11221898370611894796
HIT 3 1589152579642 370 3941053680149329040
HIT 3 1958519767098 456 352332617595216471
HIT 3 1451713691706 338 12284547106366585201
HIT 3 1589152645178 370 1575551627501656339
HIT 3 1958519832634 456 381440487129769510
HIT 3 1451713757242 338 8338054207400020426
HIT 3 1589152710714 370 5026213557409300851
HIT 3 1958519898170 456 2158005758485263045
HIT 3 1451713822778 338 13952881761597123819
HIT 3 1589152776250 370 13311217945337081057
HIT 3 1958519963706 456 9068764808934280013
HIT 3 1451713888314 338 16633597962259444451
HIT 3 1589152841786 370 4516165891287924621
HIT 3 1958520029242 456 2358403825751903503
HIT 3 1451713953850 338 4220007887993627808
HIT 3 1589152907322 370 15842396758765805054
HIT 3 1958520094778 456 1218402116738181151
HIT 3 1451714019386 338 9510353464920175161
HIT 3 1589152972858 370 2182116920495843102
HIT 3 1958520160314 456 3003524072876335752
HIT 3 1451714084922 338 7691976092307088846
HIT 3 1589153038394 370 1857855038006538092
HIT 3 1958520225850 456 7984810928053155293
HIT 3 1451714150458 338 9948361310127693878
HIT 3 1589153103930 370 6467889278825825910
HIT 3 1958520291386 456 4343948419562583874
HIT 3 1451714215994 338 7254689371214362797
HIT 3 1589153169466 370 16501411922998148656
HIT 3 1958520356922 456 7756753425306014067
HIT 3 1451714281530 338 13747872353821841771
HIT 3 1589153235002 370 8963255391659419251
HIT 3 1958520422458 456 13864227403813444612
HIT 3 1451714347066 338 10307535364359624243
HIT 3 1589153300538 370 15160387586734979968
HIT 3 1958520487994 456 202316756846189524
HIT 3 1451714412602 338 15007535309932386217
HIT 3 1589153366074 370 11195386575896127675
HIT 3 1958520553530 456 1539785334591545107
HIT 3 1451714478138 338 10635582005124938848
HIT 3 1589153431610 370 14242822300945973598
HIT 3 1958520619066 456 18266285970348049197
HIT 3 1451714543674 338 12574821855517556922
HIT 3 1589153497146 370 16929413042881285317
HIT 3 1958520684602 456 16390520271335768945
HIT 3 1451714609210 338 2748567113442353886
HIT 3 1589153562682 370 3144958815005099625
HIT 3 1958520750138 456 11162196297838419078
HIT 3 1451714674746 338 6638762687543262061
HIT 3 1589153628218 370 15727203449705700371
HIT 3 1958520815674 456 1012686054050596688
HIT 3 1451714740282 338 1979982533707892803
HIT 3 1589153693754 370 13051212143354290152
HIT 3 1958520881210 456 8641886759640627624
HIT 3 1451714805818 338 14833883502792223267
HIT 3 1589153759290 370 5835469396919734090
HIT 3 1958520946746 456 2532355638535416634
HIT 3 1451714871354 338 64300894878054029
HIT 3 1589153824826 370 7322454213947065827
HIT 3 1958521012282 456 10348394644165422918
HIT 3 1451714936890 338 11862754606776466401
HIT 3 1589153890362 370 10189611243530324495
HIT 3 1958521077818 456 7274952596978351151
HIT 3 1451715002426 338 14463598718389302877
HIT 3 1589153955898 370 5737226584488365906
HIT 3 1958521143354 456 11150557552564368358
HIT 3 1451715067962 338 15953347577753177306
HIT 3 1589154021434 370 2277582593911204378
HIT 3 1958521208890 456 13401240972699507533
HIT 3 1451715133498 338 18418569884026416400
HIT 3 1589154086970 370 9966488928773025798
HIT 3 1958521274426 456 4395058988207315661
HIT 3 1451715199034 338 2088105933947239525
HIT 3 1589154152506 370 8227197138224006442
HIT 3 1958521339962 456 11312412481330779804
HIT 3 1451715264570 338 11746227034479573258
HIT 3 1589154218042 370 8552522368338292420
HIT 3 1958521405498 456 1249695895738739897
HIT 3 1451715330106 338 11166664812879593299
HIT 3 1589154283578 370 1421130905687864140
HIT 3 1958521471034 456 3981330129226266005
HIT 3 1451715395642 338 10055440946774858492
HIT 3 1589154349114 370 8697512721296525340
HIT 3 1958521536570 456 13382441167846428948
HIT 3 1451715461178 338 16494851297838224567
HIT 3 1589154414650 370 11347832249949863018
HIT 3 1958521602106 456 4810605549938205486
HIT 3 1451715526714 338 14482399923078764931
HIT 3 1589154480186 370 14688293629296031171
HIT 3 1958521667642 456 17163125764612289144
HIT 3 1451715592250 338 3564690370525930357
HIT 3 1589154545722 370 14349139224738035359
HIT 3 1958521733178 456 17043753823965474330
HIT 3 1451715657786 338 14578913654858941097
HIT 3 1589154611258 370 14118004651353738594
HIT 3 1958521798714 456 16380804721057525257
HIT 3 1451715723322 338 1710991687048641069
HIT 3 1589154676794 370 16675072491035479894
HIT 3 1958521864250 456 1266329362601925616
HIT 3 1451715788858 338 14203147849757865052
HIT 3 1589154742330 370 4517512705955368948
HIT 3 1958521929786 456 10019701002036694204
HIT 3 1451715854394 338 12174588946995490020
HIT 3 1589154807866 370 471591238259356248
HIT 3 1958521995322 456 7005080467205604560
HIT 3 1451715919930 338 10754458252742141819
HIT 3 1589154873402 370 17930709390079570525
HIT 3 1958522060858 456 2200889955178417738
HIT 3 1451715985466 338 7860629977205068938
HIT 3 1589154938938 370 11457239383926284020
HIT 3 1958522126394 456 18035804588262830631
HIT 3 1451716051002 338 2961458042924427436
HIT 3 1589155004474 370 5343013836198316347
HIT 3 1958522191930 456 486152512508862315
HIT 3 1451716116538 338 5635680875887387242
HIT 3 1589155070010 370 1318161463966947410
HIT 3 1958522257466 456 14570959902645691356
HIT 3 1451716182074 338 15440159433561957173
HIT 3 1589155135546 370 15799950043721503132
HIT 3 1958522323002 456 6731000160216208451
HIT 3 1451716247610 338 16642420772203109758
HIT 3 1589155201082 370 12547511649048262838
HIT 3 1958522388538 456 3597336715460159744
HIT 3 1451716313146 338 15233653709287629490
HIT 3 1589155266618 370 18094371422235583778
HIT 3 1958522454074 456 813106845903442935
HIT 3 1451716378682 338 3654395924131762502
HIT 3 1589155332154 370 8193106233073414096
HIT 3 1958522519610 456 6266495094852220555
HIT 3 1451716444218 338 9532385529262582855
HIT 3 1589155397690 370 8300754086207878900
HIT 3 1958522585146 456 17396852786717522482
HIT 3 1451716509754 338 11491840098068816890
HIT 3 1589155463226 370 554990015458700074
HIT 3 1958522650682 456 8230802797156718942
HIT 3 1451716575290 338 2238576025300274297
HIT 3 1589155528762 370 17480933381972099868
HIT 3 1958522716218 456 4126132188682512547
HIT 3 1451716640826 338 10037940623198932049
HIT 3 1589155594298 370 5721784969652755060
HIT 3 1958522781754 456 15431943857168083990
HIT 3 1451716706362 338 3328070531245583597
HIT 3 1589155659834 370 449364950990429526
HIT 3 1958522847290 456 7589841275407959114
HIT 3 1451716771898 338 12170450367086061725
HIT 3 1589155725370 370 4820355625755204760
HIT 3 1958522912826 456 10983734872564512862
HIT 3 1451716837434 338 4438814296056578593
HIT 3 1589155790906 370 18025239421809451791
HIT 3 1958522978362 456 2143483139414296243
HIT 3 1451716902970 338 12799375826479947190
HIT 3 1589155856442 370 10727804042354073861
HIT 3 1958523043898 456 9640977576880312569
HIT 3 1451716968506 338 15661191033425593070
HIT 3 1589155921978 370 9824971839894785099
HIT 3 1958523109434 456 13453005709403353519
HIT 3 1451717034042 338 5701105813801191886
HIT 3 1589155987514 370 17569120093466132444
HIT 3 1958523174970 456 16252807932811032043
HIT 3 1451717099578 338 13745282761006240761
HIT 3 1589156053050 370 14547349104479447146
HIT 3 1958523240506 456 18101615989810182899
HIT 3 1451717165114 338 8915322256619062733
HIT 3 1589156118586 370 14927472946963747368
HIT 3 1958523306042 456 12931796398001785845
HIT 3 1451717230650 338 13128495855164517929
HIT 3 1589156184122 370 1362711809307128299
HIT 3 1958523371578 456 13836841133171099249
HIT 3 1451717296186 338 17428083274109936129
HIT 3 1589156249658 370 5449425568844690873
HIT 3 1958523437114 456 9765721089853796801
HIT 3 1451717361722 338 5079511860357313348
HIT 3 1589156315194 370 1108489416262456754
HIT 3 1958523502650 456 16957753801681085487
HIT 3 1451717427258 338 6521241017289875298
HIT 3 1589156380730 370 15088938164022951594
HIT 3 1958523568186 456 16254671587962988847
HIT 3 1451717492794 338 13573987380814637894
HIT 3 1589156446266 370 4710800609231224146
HIT 3 1958523633722 456 12122349124605988520
HIT 3 1451717558330 338 10375683070795109191
HIT 3 1589156511802 370 14318771634114024753
HIT 3 1958523699258 456 14445807018900510231
HIT 3 1451717623866 338 1168741095208509914
HIT 3 1589156577338 370 17079656471889016753
HIT 3 1958523764794 456 13471336232379829136
HIT 3 1451717689402 338 5623867063297809900
HIT 3 1589156642874 370 5062196873792357738
HIT 3 1958523830330 456 17506548698308297606
HIT 3 1451717754938 338 4445446834768840714
HIT 3 1589156708410 370 16822777555708316625
HIT 3 1958523895866 456 5604587153400165266
HIT 3 1451717820474 338 6564460482686369709
HIT 3 1589156773946 370 1976147510393188999
HIT 3 1958523961402 456 10780423159211674786
HIT 3 1451717886010 338 13439061788937288846
HIT 3 1589156839482 370 1216329844622418734
HIT 3 1958524026938 456 8990309948132898224
HIT 3 1451717951546 338 8270648684028527460
HIT 3 1589156905018 370 10992236970570637252
HIT 3 1958524092474 456 14518600599838030044
HIT 3 1451718017082 338 12366267593493414999
HIT 3 1589156970554 370 7407089973171435924
HIT 3 1958524158010 456 11300512628981173043
HIT 3 1451718082618 338 9886908121474668534
HIT 3 1589157036090 370 16214887647109861444
HIT 3 1958524223546 456 6466783034806414197
HIT 3 1451718148154 338 15948846294574330802
HIT 3 1589157101626 370 12137142596255182041
HIT 3 1958524289082 456 9456236447505921596
HIT 3 1451718213690 338 7157964677404996032
HIT 3 1589157167162 370 10209644247170968639
HIT 3 1958524354618 456 2246561222892005696
HIT 3 1451718279226 338 1382513444010785686
HIT 3 1589157232698 370 8785522622587675960
HIT 3 1958524420154 456 17986119683881588711
HIT 3 1451718344762 338 12469468814097699827
HIT 3 1589157298234 370 4582802673388058572
HIT 3 1958524485690 456 1171246750917972561
HIT 3 1451718410298 338 11348912901009832366
HIT 3 1589157363770 370 4698290522453647243
HIT 3 1958524551226 456 15135850756471742194
HIT 3 1451718475834 338 15809712191715317059
HIT 3 1589157429306 370 10563853614738919778
HIT 3 1958524616762 456 15625041964514065489
HIT 3 1451718541370 338 5093798552901222035
HIT 3 1589157494842 370 3060836215990454718
HIT 3 1958524682298 456 10776921018343450671
HIT 3 1451718606906 338 11541024162505888251
HIT 3 1589157560378 370 14467469462873605195
HIT 3 1958524747834 456 15689479344558152833
HIT 3 1451718672442 338 11228961456720726483
HIT 3 1589157625914 370 14514003128280162844
HIT 3 1958524813370 456 8760580595900671397
HIT 3 1451718737978 338 17832876582453497299
HIT 3 1589157691450 370 15145741514801199682
HIT 3 1958524878906 456 8741006615506539869
HIT 3 1451718803514 338 7840301463669851181
HIT 3 1589157756986 370 5536246608680973548
HIT 3 1958524944442 456 15978543179838492592
HIT 3 1451718869050 338 9717782589544644903
HIT 3 1589157822522 370 982396272544057413
HIT 3 1958525009978 456 2607278218877270927
HIT 3 1451718934586 338 4390920453238678594
HIT 3 1589157888058 370 4382069446047396590
HIT 3 1958525075514 456 1376390011522135869
HIT 3 1451719000122 338 10003431227843883744
HIT 3 1589157953594 370 3245672441075838128
HIT 3 1958525141050 456 6415335243997516498
HIT 3 1451719065658 338 33879433292372410
HIT 3 1589158019130 370 6218140260553608163
HIT 3 1958525206586 456 9133860674814629175
HIT 3 1451719131194 338 17931047038930274262
HIT 3 1589158084666 370 10957793025010955302
HIT 3 1958525272122 456 9081959558135409935
HIT 3 1451719196730 338 1217910401839018873
HIT 3 1589158150202 370 17489845814402339256
HIT 3 1958525337658 456 985056092662769024
HIT 3 1451719262266 338 14319660045507660222
HIT 3 1589158215738 370 9563161831899901838
HIT 3 1958525403194 456 4882298835920576817
HIT 3 1451719327802 338 3291561636807558908
HIT 3 1589158281274 370 10448667432041875931
HIT 3 1958525468730 456 2707345598571290202
HIT 3 1451719393338 338 16895847473754652068
HIT 3 1589158346810 370 2665780874951068950
HIT 3 1958525534266 456 9558637893016117676
HIT 3 1451719458874 338 7957388877847886509
HIT 3 1589158412346 370 7440928282125114638
HIT 3 1958525599802 456 13749822894300351069
HIT 3 1451719524410 338 3258087078280887708
HIT 3 1589158477882 370 10075633558504023618
HIT 3 1958525665338 456 12143613846768963432
HIT 3 1451719589946 338 4830024127199060102
HIT 3 1589158543418 370 8663514216554963036
HIT 3 1958525730874 456 7105139888703725547
HIT 3 1451719655482 338 9280803586557969747
HIT 3 1589158608954 370 6268627759163339772
HIT 3 1958525796410 456 9919123581811766633
HIT 3 1451719721018 338 13531143575319660145
HIT 3 1589158674490 370 9625643407408535950
HIT 3 1958525861946 456 9646438992582119706
HIT 3 1451719786554 338 18007910098474529203
HIT 3 1589158740026 370 13641238588992472683
HIT 3 1958525927482 456 8906310302531215330
HIT 3 1451719852090 338 11144239549299358704
HIT 3 1589158805562 370 7939697991127684341
HIT 3 1958525993018 456 149195859067180090
HIT 3 1451719917626 338 16870030956872968545
HIT 3 1589158871098 370 1415620974106649325
HIT 3 1958526058554 456 2485784606282119641
HIT 3 1451719983162 338 8287418679642723496
HIT 3 1589158936634 370 2976510277705382829
HIT 3 1958526124090 456 12312434081713170115
HIT 3 1451720048698 338 3127812455241092840
HIT 3 1589159002170 370 7483192901793418119
HIT 3 1958526189626 456 13415634703930607370
HIT 3 1451720114234 338 2705903842400673255
HIT 3 1589159067706 370 7961879344186266007
HIT 3 1958526255162 456 1962851923340326276
HIT 3 1451720179770 338 10784185448081077823
HIT 3 1589159133242 370 11410409199507454889
HIT 3 1958526320698 456 1517268595030712420
HIT 3 1451720245306 338 2343289855251316497
HIT 3 1589159198778 370 18436744936103446436
HIT 3 1958526386234 456 16250970116645335384
HIT 3 1451720310842 338 18148975525022783413
HIT 3 1589159264314 370 13378392604076653187
HIT 3 1958526451770 456 14054163916557873895
HIT 3 1451720376378 338 4956144092624941100
HIT 3 1589159329850 370 11202927312538156628
HIT 3 1958526517306 456 17017757960742734956
HIT 3 1451720441914 338 13719956836924747050
HIT 3 1589159395386 370 2631466147073745810
HIT 3 1958526582842 456 6953520203518970890
HIT 3 1451720507450 338 9119849789872359565
HIT 3 1589159460922 370 15863311927421914461
HIT 3 1958526648378 456 4409065028937838251
HIT 3 1451720572986 338 11336610826220133906
HIT 3 1589159526458 370 2588313143105395402
HIT 3 1958526713914 456 5571602495799592317
HIT 3 1451720638522 338 14625350824058514517
HIT 3 1589159591994 370 7469572515943150912
HIT 3 1958526779450 456 1106116610732601477
HIT 3 1451720704058 338 4983243052763909713
HIT 3 1589159657530 370 18234706778161944817
HIT 3 1958526844986 456 11296585678697486500
HIT 3 1451720769594 338 10832858821201517863
HIT 3 1589159723066 370 502575181929465433
HIT 3 1958526910522 456 7952929950887655335
HIT 3 1443130900538 336 10568141520192661356
HIT 3 1451720835130 338 5833446704665992695
HIT 3 1589159788602 370 14179380840206134832
HIT 3 1958526976058 456 8829887341307141253
HIT 3 1451720900666 338 10568141520192661356
HIT 3 1589159854138 370 4771574516088504772
HIT 3 1958527041594 456 5718471473263394075
HIT 3 1451720966202 338 16153140818277937832
HIT 3 1580569985082 368 10227682851840197682
HIT 3 1589159919674 370 4764251968975529488
HIT 3 1593454886970 371 7399234815766984810
HIT 3 1597749854266 372 1059841407493341684
HIT 3 1949937172538 454 12648247810001145041
HIT 3 1958527107130 456 10660403978059988289
HIT 3 1962822074426 457 12329934506384172659
HIT 3 1967117041722 458 12332965533065507375
HIT 3 1451721031738 338 2128309573668532149
HIT 3 1460310966330 340 16153140818277937832
HIT 3 1589159985210 370 2208883424468398683
HIT 3 1958527172666 456 9749270331158026569
HIT 3 1460311031866 340 8886743547468604425
HIT 3 1464605999162 341 6532892776934617752
HIT 3 1468900966458 342 14396267394067584529
HIT 3 1473195933754 343 6343404803186486702
HIT 3 1477490901050 344 1461964597343601450
HIT 3 1481785868346 345 4558209033929046381
HIT 3 1486080835642 346 9539920400529968307
HIT 3 1490375802938 347 6750832265217158237
HIT 3 1494670770234 348 10714470050180903394
HIT 3 1498965737530 349 13908722373351404345
HIT 3 1503260704826 350 2516822880532845864
HIT 3 1507555672122 351 6587145760343070682
HIT 3 1511850639418 352 3059633744931011619
HIT 3 1516145606714 353 11311175127278895298
HIT 3 1520440574010 354 234315847070724776
HIT 3 1524735541306 355 16195688583535546662
HIT 3 1529030508602 356 9526479504492586571
HIT 3 1533325475898 357 1719413033844995136
HIT 3 1537620443194 358 13772441561622538146
HIT 3 1541915410490 359 16445383622112533569
HIT 3 1546210377786 360 10944703715865570637
HIT 3 1550505345082 361 17950523479081795581
HIT 3 1554800312378 362 672903174733661991
HIT 3 1559095279674 363 10123349062914632296
HIT 3 1563390246970 364 4291540910853227905
HIT 3 1567685214266 365 17483164616042386704
HIT 3 1571980181562 366 3674286644618425793
HIT 3 1576275148858 367 5683830448957111131
HIT 3 1580570116154 368 3003643326919040059
HIT 3 1584865083450 369 12785454127886937430
HIT 3 1589160050746 370 11583499484743070846
HIT 3 1593455018042 371 2999125145830680326
HIT 3 1597749985338 372 6910199940880826372
HIT 3 1602044952634 373 5292298066455358106
HIT 3 1606339919930 374 15269189531068258834
HIT 3 1610634887226 375 2037765329658083932
HIT 3 1614929854522 376 1783731511472340263
HIT 3 1619224821818 377 9155487314049303986
HIT 3 1623519789114 378 9338831514527558407
HIT 3 1627814756410 379 4454145413369035645
HIT 3 1632109723706 380 6251114697691733584
HIT 3 1636404691002 381 9397723535398809649
HIT 3 1640699658298 382 15813057501953530023
HIT 3 1644994625594 383 8365707601678531430
HIT 3 1649289592890 384 7686728684044396772
HIT 3 1653584560186 385 598321864065355869
HIT 3 1657879527482 386 7930524895315003767
HIT 3 1662174494778 387 12734974782938723220
HIT 3 1666469462074 388 18351012422728388241
HIT 3 1670764429370 389 10289084990787662239
HIT 3 1675059396666 390 3097367769416862095
HIT 3 1679354363962 391 237342318238421667
HIT 3 1683649331258 392 9953605468938323686
HIT 3 1687944298554 393 13207751881612961509
HIT 3 1692239265850 394 152338683478615611
HIT 3 1696534233146 395 1785329517348358605
HIT 3 1700829200442 396 6867839231872679301
HIT 3 1705124167738 397 15308745285838384851
HIT 3 1709419135034 398 8336400981190906110
HIT 3 1713714102330 399 9502090028072037535
HIT 3 1718009069626 400 12926378824560053624
HIT 3 1722304036922 401 16130748819904259526
HIT 3 1726599004218 402 3349188672278655819
HIT 3 1730893971514 403 9962717021691077016
HIT 3 1735188938810 404 10988282245539877819
HIT 3 1739483906106 405 9277119200384271746
HIT 3 1743778873402 406 7394197061285036124
HIT 3 1748073840698 407 11095752212561998486
HIT 3 1752368807994 408 16775847598822238474
HIT 3 1756663775290 409 10026653781880120690
HIT 3 1760958742586 410 10190336198597928953
HIT 3 1765253709882 411 7662870139879551765
HIT 3 1769548677178 412 18113005029704082068
HIT 3 1773843644474 413 6148233230065665420
HIT 3 1778138611770 414 16380045629053427685
HIT 3 1782433579066 415 15794620539320815367
HIT 3 1786728546362 416 16570464856252001501
HIT 3 1791023513658 417 6839386195968702302
HIT 3 1795318480954 418 12165825725515334786
HIT 3 1799613448250 419 17533365253215945661
HIT 3 1803908415546 420 7521771054779792152
HIT 3 1808203382842 421 14650523135457215470
HIT 3 1812498350138 422 16517378703116542942
HIT 3 1816793317434 423 17057953807257331578
HIT 3 1821088284730 424 12350882591917225303
HIT 3 1825383252026 425 863292602749193854
HIT 3 1829678219322 426 10778997437752156529
HIT 3 1833973186618 427 799681153639653967
HIT 3 1838268153914 428 5788692001113748730
HIT 3 1842563121210 429 18315546792212559362
HIT 3 1846858088506 430 9630166345941242177
HIT 3 1851153055802 431 14934309409957933399
HIT 3 1855448023098 432 14047497550024888292
HIT 3 1859742990394 433 1110703782762709063
HIT 3 1864037957690 434 7537597572964219297
HIT 3 1868332924986 435 3699962950221544865
HIT 3 1872627892282 436 15313610996966164091
HIT 3 1876922859578 437 14551040319260603070
HIT 3 1881217826874 438 15360733773874573631
HIT 3 1885512794170 439 8313059610803862934
HIT 3 1889807761466 440 9863731378624679023
HIT 3 1894102728762 441 1805139954218957464
HIT 3 1898397696058 442 9991539473697678564
HIT 3 1902692663354 443 5614827296362582967
HIT 3 1906987630650 444 426770747080788911
HIT 3 1911282597946 445 10522006065923479576
HIT 3 1915577565242 446 230869444313332922
HIT 3 1919872532538 447 8307411166369980348
HIT 3 1924167499834 448 15719960116399321372
HIT 3 1928462467130 449 8087987055699778405
HIT 3 1932757434426 450 3495424277700495028
HIT 3 1937052401722 451 3666241265019019290
HIT 3 1941347369018 452 5440621784059029205
HIT 3 1945642336314 453 8430014572794005581
HIT 3 1949937303610 454 1890997767314456919
HIT 3 1954232270906 455 1258014311262600929
HIT 3 1958527238202 456 715531988537042116
HIT 3 1962822205498 457 2008970424909332656
HIT 3 1967117172794 458 10667259737533993790
HIT 3 1971412140090 459 6703581013347912869
HIT 3 1975707107386 460 6064409544680732791
HIT 3 1980002074682 461 16216268597764400960
HIT 3 1984297041978 462 699219127141961037
HIT 3 1988592009274 463 10399117662436242538
HIT 3 1992886976570 464 8775462526089062964
HIT 3 1997181943866 465 11811433823034272957
HIT 3 2001476911162 466 6109259200264263510
HIT 3 2005771878458 467 17126097770034312636
HIT 3 2010066845754 468 14456499458587151198
HIT 3 2014361813050 469 10066025924060098013
HIT 3 2018656780346 470 1497539960085362409
HIT 3 2022951747642 471 920381664002150392
HIT 3 2027246714938 472 823290407691277780
HIT 3 2031541682234 473 7350448169555473443
HIT 3 2035836649530 474 2600537079447593308
HIT 3 2040131616826 475 12723182863652559413
HIT 3 2044426584122 476 8851784200368734840
HIT 3 2048721551418 477 9781037258639828745
HIT 3 2053016518714 478 5002713781328511707
HIT 3 2057311486010 479 14079250354912328189
HIT 3 2061606453306 480 13212476807083944685
HIT 3 2065901420602 481 7007452455219220988
HIT 3 2070196387898 482 10791957266652164164
HIT 3 2074491355194 483 5347283757050739201
HIT 3 2078786322490 484 12903769330550221590
HIT 3 2083081289786 485 8796326080472391622
HIT 3 2087376257082 486 11639902919843951390
HIT 3 2091671224378 487 1583116266719294806
HIT 3 2095966191674 488 9331954494434579138
HIT 3 2100261158970 489 17018914864813065038
HIT 3 2104556126266 490 18285876102485780345
HIT 3 2108851093562 491 12896825627025878374
HIT 3 2113146060858 492 4243176344381092701
HIT 3 2117441028154 493 6214613851816677992
HIT 3 2121735995450 494 83797580858887202
HIT 3 2126030962746 495 16908609490963291250
HIT 3 2130325930042 496 9736589002673169115
HIT 3 2134620897338 497 1617770950212636893
HIT 3 2138915864634 498 15727754319146846584
HIT 3 2143210831930 499 8252959206001816023
HIT 3 2147505799226 500 2425375526330008316
HIT 3 2151800766522 501 17915283421477533947
HIT 3 2156095733818 502 4390394030053826031
HIT 3 2160390701114 503 16690020638905954172
HIT 3 2164685668410 504 16728669343449740127
HIT 3 2168980635706 505 17752329071191237588
HIT 3 2173275603002 506 13373152118699676562
HIT 3 2177570570298 507 5907039780319742050
HIT 3 2181865537594 508 15460644767681018861
HIT 3 2186160504890 509 488925225375295057
HIT 3 2190455472186 510 7761161201998259512
HIT 3 2194750439482 511 17332447621900282734
HIT 3 1460311097402 340 7419539603963673261
HIT 3 1464606064698 341 6343404803186486702
HIT 3 1468901031994 342 8886743547468604425
HIT 3 1580570181690 368 4735214644237681629
HIT 3 1589160116282 370 4033553687874477335
HIT 3 1593455083578 371 14895616829490691893
HIT 3 1597750050874 372 7910659257089363823
HIT 3 1949937369146 454 889588866218235832
HIT 3 1958527303738 456 10492603345175953813
HIT 3 1962822271034 457 2111602671225464862
HIT 3 1967117238330 458 15879447903369151765
HIT 3 1580570247226 368 4820460626368775199
HIT 3 1589160181818 370 15916258281277549837
HIT 3 1593455149114 371 13512590304830406517
HIT 3 1597750116410 372 1177012388723130409
HIT 3 1949937434682 454 607031522126481678
HIT 3 1958527369274 456 1482296219407453859
HIT 3 1962822336570 457 2874967961403456129
HIT 3 1967117303866 458 5241348083751041490
HIT 3 1468901163066 342 8081441732376271477
HIT 3 1589160247354 370 13111537500646688095
HIT 3 1589160050745 370 16801658145832216711
HIT 3 1958527238201 456 8705796734594641936
HIT 3 1958527434810 456 3734129910334218886
HIT 3 1589160312890 370 14110678116653356832
HIT 3 1958527500346 456 13894476486164382253
HIT 3 1589160378426 370 16428166066859081581
HIT 3 1958527565882 456 1832658954419823842
HIT 3 1589160443962 370 7591856133455427067
HIT 3 1958527631418 456 8618112809411318490
HIT 3 1589160509498 370 8158746867835099049
HIT 3 1958527696954 456 5129966122733329313
HIT 3 1589160575034 370 12604786071431672139
HIT 3 1958527762490 456 16812856801203000434
HIT 3 1589160640570 370 14717085139542009695
HIT 3 1958527828026 456 13635138521207741854
HIT 3 1589160706106 370 11724956655503987835
HIT 3 1958527893562 456 3192482097678575625
HIT 3 1589160771642 370 14503281530054220159
HIT 3 1958527959098 456 2143326918056530950
HIT 3 1589160837178 370 15631593427712552072
HIT 3 1958528024634 456 14882278168267416292
HIT 3 1589160902714 370 16520799694426112486
HIT 3 1958528090170 456 12013836866105350657
HIT 3 1589160968250 370 13195255593653965622
HIT 3 1958528155706 456 3264339850841724284
HIT 3 1589161033786 370 5587536035206651133
HIT 3 1958528221242 456 7266945009306109990
HIT 3 1589161099322 370 13634844326172844788
HIT 3 1958528286778 456 17889868730490573994
HIT 3 1589161164858 370 15749949623881744868
HIT 3 1958528352314 456 15148545493758504307
HIT 3 1589161230394 370 7658362186919909437
HIT 3 1958528417850 456 2937129913284391835
HIT 3 1589161295930 370 10518629970543101454
HIT 3 1958528483386 456 12988905126707218580
HIT 3 1589161361466 370 13805716160879379926
HIT 3 1958528548922 456 4780481087888866189
HIT 3 1589161427002 370 9999701615797159414
HIT 3 1958528614458 456 1604642894651685510
HIT 3 1589161492538 370 10745781166787810840
HIT 3 1958528679994 456 5116906265210131067
HIT 3 1589161558074 370 4665808427020489634
HIT 3 1958528745530 456 12961831457943789300
HIT 3 1589161623610 370 4249849850014519590
HIT 3 1958528811066 456 4488384896306313035
HIT 3 1589161689146 370 7890199222871763726
HIT 3 1958528876602 456 4049765658671515802
HIT 3 1589161754682 370 2120803605479894627
HIT 3 1958528942138 456 14765286223706669980
HIT 3 1589161820218 370 18420003070914636900
HIT 3 1958529007674 456 14523893483165080495
HIT 3 1580571951162 368 4142262791335338785
HIT 3 1589161885754 370 453439962879968762
HIT 3 1958529073210 456 14335767344951373447
HIT 3 1589161951290 370 4142262791335338785
HIT 3 1958529138746 456 13902762420186209097
HIT 3 1589162016826 370 6291739375992794804
HIT 3 1949939269690 454 17259301476162032429
HIT 3 1958529204282 456 701969545773342343
HIT 3 1962824171578 457 6952704102265966527
HIT 3 1967119138874 458 13172205427114166659
HIT 3 1589162082362 370 12821628374303687761
HIT 3 1597752016954 372 6291739375992794804
HIT 3 1958529269818 456 2350816450431953876
HIT 3 1597752082490 372 1931879038400594583
HIT 3 1602047049786 373 14479898320092004072
HIT 3 1606342017082 374 8611976366332420455
HIT 3 1610636984378 375 2085641865526796579
HIT 3 1614931951674 376 7640641987802507667
HIT 3 1619226918970 377 1235790766475497842
HIT 3 1623521886266 378 8340826903388848403
HIT 3 1627816853562 379 10426731685157465676
HIT 3 1632111820858 380 32024931348836473
HIT 3 1636406788154 381 3546134918241875408
HIT 3 1640701755450 382 13747188757370053940
HIT 3 1644996722746 383 13316777719719207219
HIT 3 1649291690042 384 10218688139604033799
HIT 3 1653586657338 385 3970239993555980274
HIT 3 1657881624634 386 14878307358914709106
HIT 3 1662176591930 387 1433950779230374613
HIT 3 1666471559226 388 12982413090913033656
HIT 3 1670766526522 389 604632145633484299
HIT 3 1675061493818 390 8376103275287938429
HIT 3 1679356461114 391 17079963051893966820
HIT 3 1683651428410 392 2071704225549802730
HIT 3 1687946395706 393 10027668160859638919
HIT 3 1692241363002 394 3552637851866815409
HIT 3 1696536330298 395 1946846055145873093
HIT 3 1700831297594 396 14024292957485728799
HIT 3 1705126264890 397 10059920567121533300
HIT 3 1709421232186 398 9072884701363450578
HIT 3 1713716199482 399 11147640346182826293
HIT 3 1718011166778 400 13741907028121550518
HIT 3 1722306134074 401 5128812766508462778
HIT 3 1726601101370 402 8544616434678127780
HIT 3 1730896068666 403 4809487991530297950
HIT 3 1735191035962 404 10639879666841424861
HIT 3 1739486003258 405 17437752836076253679
HIT 3 1743780970554 406 12786771856938327670
HIT 3 1748075937850 407 17581427393001394624
HIT 3 1752370905146 408 6554324147473410252
HIT 3 1756665872442 409 6271321044705091898
HIT 3 1760960839738 410 140721736149610037
HIT 3 1765255807034 411 3198185737959766416
HIT 3 1769550774330 412 15784214522019552559
HIT 3 1773845741626 413 1616565818924055668
HIT 3 1778140708922 414 8261670626563871178
HIT 3 1782435676218 415 17389578662374546320
HIT 3 1786730643514 416 14607528866052919036
HIT 3 1791025610810 417 3357530889699654572
HIT 3 1795320578106 418 7892347480833696808
HIT 3 1799615545402 419 9932086822825611333
HIT 3 1803910512698 420 6724416690144619305
HIT 3 1808205479994 421 11905286535234279675
HIT 3 1812500447290 422 8375805174731178619
HIT 3 1816795414586 423 2222857046129232672
HIT 3 1821090381882 424 2419131156185124974
HIT 3 1825385349178 425 10167047362463138750
HIT 3 1829680316474 426 15041503630209572821
HIT 3 1833975283770 427 2304241474970178591
HIT 3 1838270251066 428 5078519246103622531
HIT 3 1842565218362 429 17227644114579401416
HIT 3 1846860185658 430 6859162609660764238
HIT 3 1851155152954 431 9114235935610488107
HIT 3 1855450120250 432 9891075650778836061
HIT 3 1859745087546 433 8580123130138573399
HIT 3 1864040054842 434 2839403224127944321
HIT 3 1868335022138 435 14573688311415788740
HIT 3 1872629989434 436 6072830381671411359
HIT 3 1876924956730 437 5727274083433700612
HIT 3 1881219924026 438 8455002426957710736
HIT 3 1885514891322 439 10528221755601045410
HIT 3 1889809858618 440 12795050980147451402
HIT 3 1894104825914 441 10270397389945440087
HIT 3 1898399793210 442 4024330304104415653
HIT 3 1902694760506 443 5849127543995348328
HIT 3 1906989727802 444 15467311078006863584
HIT 3 1911284695098 445 12053411106970738165
HIT 3 1915579662394 446 12967976231428719248
HIT 3 1919874629690 447 14981275300092216747
HIT 3 1924169596986 448 17030657628563386457
HIT 3 1928464564282 449 14454342440027439290
HIT 3 1932759531578 450 6823210636183400243
HIT 3 1937054498874 451 17294139834775284190
HIT 3 1941349466170 452 7084731377237020457
HIT 3 1945644433466 453 2454021281681335648
HIT 3 1949939400762 454 10488638949752253632
HIT 3 1954234368058 455 1782593994225258976
HIT 3 1958529335354 456 6142797014448887523
HIT 3 1962824302650 457 17188433633873895548
HIT 3 1967119269946 458 16839726624394924707
HIT 3 1971414237242 459 722059669243677111
HIT 3 1975709204538 460 12606304288870877725
HIT 3 1980004171834 461 17424363020139179004
HIT 3 1984299139130 462 13412422271577943750
HIT 3 1988594106426 463 15201378606423004513
HIT 3 1992889073722 464 6563905203898620396
HIT 3 1997184041018 465 3299396109297344868
HIT 3 2001479008314 466 7623670846611946643
HIT 3 2005773975610 467 8235637453135729634
HIT 3 2010068942906 468 17524723276899075495
HIT 3 2014363910202 469 8515093748537724997
HIT 3 2018658877498 470 17703622815989638771
HIT 3 2022953844794 471 16405308390038403515
HIT 3 2027248812090 472 7586149697411552341
HIT 3 2031543779386 473 13330729860827622685
HIT 3 2035838746682 474 4102847138704368175
HIT 3 2040133713978 475 17257991646526480964
HIT 3 2044428681274 476 17870363851094791680
HIT 3 2048723648570 477 17351543745937320660
HIT 3 2053018615866 478 9221311239142434640
HIT 3 2057313583162 479 17066801521818053071
HIT 3 2061608550458 480 13047562495263556075
HIT 3 2065903517754 481 712731620733043337
HIT 3 2070198485050 482 12871763327558648605
HIT 3 2074493452346 483 2801580164299037219
HIT 3 2078788419642 484 15544803102973057046
HIT 3 2083083386938 485 14301222829657360682
HIT 3 2087378354234 486 4042539283912341584
HIT 3 2091673321530 487 15926758492864282373
HIT 3 2095968288826 488 6227632847143457070
HIT 3 2100263256122 489 15896940609264390400
HIT 3 2104558223418 490 18422798312235093331
HIT 3 2108853190714 491 11263037896141453671
HIT 3 2113148158010 492 16283388074023225945
HIT 3 2117443125306 493 3283892916320983078
HIT 3 2121738092602 494 11186721311796236203
HIT 3 2126033059898 495 8447961920230945313
HIT 3 2130328027194 496 6868632753303985126
HIT 3 2134622994490 497 8272278125925118567
HIT 3 2138917961786 498 17307057326809746307
HIT 3 2143212929082 499 13590626127400736903
HIT 3 2147507896378 500 12247554482032233418
HIT 3 2151802863674 501 7434288667625284817
HIT 3 2156097830970 502 1010612602715856223
HIT 3 2160392798266 503 7941165936331923705
HIT 3 2164687765562 504 2986761378531598061
HIT 3 2168982732858 505 8270032094861376319
HIT 3 2173277700154 506 14832437093788120768
HIT 3 2177572667450 507 12122201228105682892
HIT 3 2181867634746 508 12263412241702109974
HIT 3 2186162602042 509 6153874486934928853
HIT 3 2190457569338 510 977404489920129413
HIT 3 2194752536634 511 5862604176633549323
HIT 3 1597752148026 372 6440757323371165445
HIT 3 1602047115322 373 2085641865526796579
HIT 3 1606342082618 374 1931879038400594583
HIT 3 1958529335353 456 13788538538072852232
HIT 3 1949939466298 454 9148955457324173394
HIT 3 1958529400890 456 14249388159996565247
HIT 3 1962824368186 457 2906062361677963235
HIT 3 1967119335482 458 13123323965239407513
HIT 3 1949939531834 454 13069295821895383273
HIT 3 1958529466426 456 14419807821481780674
HIT 3 1962824433722 457 7941082122891608173
HIT 3 1967119401018 458 14549976679634177020
HIT 3 1606342213690 374 10611548076197063766
HIT 3 1958529531962 456 8485344654899077966
HIT 3 1958529597498 456 13602885422072461537
HIT 3 1958529663034 456 8738658725357967135
HIT 3 1958529728570 456 3970339165185360464
HIT 3 1958529794106 456 11143976314520270172
HIT 3 1958529859642 456 14126405871365149639
HIT 3 1958529925178 456 3674744787843483459
HIT 3 1958529990714 456 12124738054962100733
HIT 3 1958530056250 456 17998781488004647220
HIT 3 1958530121786 456 5849923615211358233
HIT 3 1958530187322 456 3240736229072868441
HIT 3 1958530252858 456 13818158029464543314
HIT 3 1958530318394 456 6276582448009035350
HIT 3 1958530383930 456 4538366432265372145
HIT 3 1958530449466 456 11297649978231922031
HIT 3 1958530515002 456 15927703350101118152
HIT 3 1958530580538 456 8581368500424474814
HIT 3 1958530646074 456 18018904742861626568
HIT 3 1958530711610 456 2947212425549893868
HIT 3 1958530777146 456 17158437049244337048
HIT 3 1958530842682 456 5356488012550748512
HIT 3 1958530908218 456 16359727864229370022
HIT 3 1958530973754 456 189278447225262178
HIT 3 1958531039290 456 1110061812214816380
HIT 3 1958531104826 456 6190425134160799590
HIT 3 1958531170362 456 5969270279261007340
HIT 3 1958531235898 456 1152653237723105199
HIT 3 1958531301434 456 5135419329508845364
HIT 3 1958531366970 456 8947101805312842798
HIT 3 1958531432506 456 2207756326435936238
HIT 3 1958531498042 456 7026341180290135885
HIT 3 1958531563578 456 16538891560816607611
HIT 3 1958531629114 456 9206414298021021617
HIT 3 1958531694650 456 10403433231653176625
HIT 3 1958531760186 456 11329896073430426083
HIT 3 1958531825722 456 6218845553555307389
HIT 3 1958531891258 456 16799092575784936463
HIT 3 1958531956794 456 4619552913648997611
HIT 3 1958532022330 456 7996471633414260146
HIT 3 1958532087866 456 8644197421214395638
HIT 3 1958532153402 456 8326860180120631319
HIT 3 1958532218938 456 2657593573718356106
HIT 3 1958532284474 456 11242960601438595214
HIT 3 1958532350010 456 10924247785264627522
HIT 3 1958532415546 456 6954213382196610672
HIT 3 1958532481082 456 7772588962840247478
HIT 3 1958532546618 456 11930698154862865681
HIT 3 1958532612154 456 4290427948221458250
HIT 3 1958532677690 456 14671111789846991740
HIT 3 1958532743226 456 2532218305075396214
HIT 3 1958532808762 456 16700904893303082002
HIT 3 1958532874298 456 4890665989439718923
HIT 3 1958532939834 456 3680767013792718799
HIT 3 1958533005370 456 11246213771947438247
HIT 3 1958533070906 456 10608812772585326255
HIT 3 1958533136442 456 415922165748810754
HIT 3 1958533201978 456 5132023046695643322
HIT 3 1958533267514 456 7715821142319989295
HIT 3 1958533333050 456 70654764311275088
HIT 3 1958533398586 456 4489485357296098424
HIT 3 1958533464122 456 6172554006947781702
HIT 3 1958533529658 456 8470494528381549056
HIT 3 1958533595194 456 11694453765458813592
HIT 3 1958533660730 456 8697983066196562955
HIT 3 1958533726266 456 18032419291120947125
HIT 3 1958533791802 456 1291334622318834211
HIT 3 1958533857338 456 5317583866496539820
HIT 3 1958533922874 456 16475714543438021048
HIT 3 1958533988410 456 4752486670420393523
HIT 3 1958534053946 456 8338936410274331669
HIT 3 1958534119482 456 699095340040787773
HIT 3 1958534185018 456 1409026392545033364
HIT 3 1958534250554 456 5986856469279377686
HIT 3 1958534316090 456 6018388867993165240
HIT 3 1958534381626 456 6267427649522138699
HIT 3 1958534447162 456 6748599163813780204
HIT 3 1958534512698 456 4382600315837425787
HIT 3 1958534578234 456 17667607469432997686
HIT 3 1958534643770 456 14221673241565986795
HIT 3 1949944774714 454 4154713226127558021
HIT 3 1958534709306 456 3329453186104936743
HIT 3 1958534774842 456 4154713226127558021
HIT 3 1958534840378 456 558063403779802494
HIT 3 1958534905914 456 7367017122537736707
HIT 3 1967124840506 458 558063403779802494
HIT 3 1967124906042 458 4511720626945206975
HIT 3 1971419873338 459 14865514599697778543
HIT 3 1975714840634 460 11467298053766707155
HIT 3 1980009807930 461 6377775649996141301
HIT 3 1984304775226 462 4757664590723770996
HIT 3 1988599742522 463 16840042885074116682
HIT 3 1992894709818 464 1290005688422755596
HIT 3 1997189677114 465 15894016130971194385
HIT 3 2001484644410 466 10821663183143370203
HIT 3 2005779611706 467 16421952718064941140
HIT 3 2010074579002 468 2145547739468921124
HIT 3 2014369546298 469 12371546885214197032
HIT 3 2018664513594 470 9363388060983749555
HIT 3 2022959480890 471 6701915951405956225
HIT 3 2027254448186 472 14155589796594108891
HIT 3 2031549415482 473 10849763414795106978
HIT 3 2035844382778 474 2547241140867073025
HIT 3 2040139350074 475 1337783908529807337
HIT 3 2044434317370 476 11334823668065885905
HIT 3 2048729284666 477 9144988283696028067
HIT 3 2053024251962 478 569481821905697572
HIT 3 2057319219258 479 9858290796371989024
HIT 3 2061614186554 480 9453829244994797652
HIT 3 2065909153850 481 3999379506974685885
HIT 3 2070204121146 482 11192401446433779487
HIT 3 2074499088442 483 11479969530704177422
HIT 3 2078794055738 484 10829403082662811779
HIT 3 2083089023034 485 9727231704114128109
HIT 3 2087383990330 486 5684870224869101225
HIT 3 2091678957626 487 16116029669244734697
HIT 3 2095973924922 488 6866094231565236695
HIT 3 2100268892218 489 914911193125450853
HIT 3 2104563859514 490 6514833462704733082
HIT 3 2108858826810 491 10901872254850692652
HIT 3 2113153794106 492 7736074711046446594
HIT 3 2117448761402 493 16997196564072007610
HIT 3 2121743728698 494 6772958561588881242
HIT 3 2126038695994 495 17690340866386712839
HIT 3 2130333663290 496 2855722759158928442
HIT 3 2134628630586 497 7720459212765963732
HIT 3 2138923597882 498 5417834807371156989
HIT 3 2143218565178 499 9475294884826630228
HIT 3 2147513532474 500 3833463245678245304
HIT 3 2151808499770 501 17739474904044919789
HIT 3 2156103467066 502 1242796917101978780
HIT 3 2160398434362 503 16282701088859573832
HIT 3 2164693401658 504 13779284731971399492
HIT 3 2168988368954 505 6671778800472787698
HIT 3 2173283336250 506 8072894693829685246
HIT 3 2177578303546 507 9401001863076882030
HIT 3 2181873270842 508 16518941774735460951
HIT 3 2186168238138 509 13628489773888017445
HIT 3 2190463205434 510 6594713636312254061
HIT 3 2194758172730 511 6751643321632829059
HIT 3 1967124971578 458 9045214924114211453
HIT 3 1971419938874 459 6377775649996141301
HIT 3 1975714906170 460 4511720626945206975
HIT 3 1975715037242 460 14338328568907997911
HIT 3 1589159919675 370 10814505862041157100
HIT 3 1958527107131 456 10881497709432677772
HIT 3 1580570116155 368 12010009395196728009
HIT 3 1589160050747 370 4346729578689708586
HIT 3 1593455018043 371 13217134039759584925
HIT 3 1597749985339 372 13994295535866852631
HIT 3 1949937303611 454 2118683275027991517
HIT 3 1958527238203 456 3042479384626374528
HIT 3 1962822205499 457 1319150831153579137
HIT 3 1967117172795 458 11769218307006341761
HIT 3 1460311097403 340 5103797271856008032
HIT 3 1589160116283 370 13279849039017066508
HIT 3 1958527303739 456 13042975471813964908
HIT 3 1589160181819 370 5231879194684461315
HIT 3 1451703009341 338 4781696959525097514
HIT 3 1589141962813 370 6111417067816755790
HIT 3 1958509150269 456 17529129349114637020
HIT 3 1958527369275 456 7645919705568370976
HIT 3 1958529204283 456 9824419515107392665
HIT 3 1949939400763 454 179943090746093450
HIT 3 1958529335355 456 15491880819050864339
HIT 3 1962824302651 457 14666187631528924598
HIT 3 1967119269947 458 10820129946295939943
HIT 3 1597752148027 372 17320463899188276449
HIT 3 1958529400891 456 13528653961365149382
HIT 3 1958529466427 456 8480555448034219381
HIT 3 1967124971579 458 8681374646337151066
HIT 3 1589159919676 370 13652786026007526776
HIT 3 1958527107132 456 6731280548785838437
HIT 3 1580570116156 368 17358995933533391835
HIT 3 1589160050748 370 18372516333964346780
HIT 3 1593455018044 371 145320897481712577
HIT 3 1597749985340 372 8916023876941184483
HIT 3 1949937303612 454 4250058999101346227
HIT 3 1958527238204 456 10408617759675076601
HIT 3 1962822205500 457 437659779181473734
HIT 3 1967117172796 458 2403707477081323430
HIT 3 1460311097404 340 4781696959525097514
HIT 3 1589160116284 370 5578746586041402388
HIT 3 1958527303740 456 6582375582384976241
HIT 3 1589160181820 370 18201491262938991034
HIT 3 1958527369276 456 10713529478617392563
HIT 3 1958529204284 456 3848709961574424162
HIT 3 1949939400764 454 17660286133799052149
HIT 3 1958529335356 456 67990983060659365
HIT 3 1962824302652 457 269952082590212853
HIT 3 1967119269948 458 16386986014402692813
HIT 3 1597752148028 372 6111417067816755790
HIT 3 1958529400892 456 5058163045549259745
HIT 3 1958529466428 456 2584494816043549233
HIT 3 1967124971580 458 17529129349114637020
HIT 3 1589160050749 370 5118148148609017669
HIT 3 1958527238205 456 17763285140745131725
HIT 3 1958529335357 456 9283161643997170418
HIT 3 1589160050750 370 11143153949104139774
HIT 3 1958527238206 456 14985297774668047664
HIT 3 1589160050751 370 12693509790745259153
HIT 3 1958527238207 456 3124163240220617292
HIT 3 1958529335358 456 10837887891294464219
HIT 3 1958529335359 456 11203651088726817075
HIT 3 1589160050752 370 2620135652673804006
HIT 3 1958527238208 456 3283854182684683303
HIT 3 1958529335360 456 7207294428800111128
HIT 3 1589160050753 370 14710169887009695452
HIT 3 1958527238209 456 7564373668644498500
HIT 3 1958529335361 456 14502808938863771000
HIT 3 1589160050755 370 9996827488121207675
HIT 3 1958527238211 456 7075748775391163734
HIT 3 1958529335363 456 14442990204366028613
HIT 3 1589160050754 370 15578523478571539966
HIT 3 1958527238210 456 10358483366338413919
HIT 3 1958529335362 456 5836709800463609618
HIT 3 1589160050756 370 12209927742711269959
HIT 3 1958527238212 456 7985109906990751793
HIT 3 1958529335364 456 1898597172523602698
HIT 3 1589160050757 370 4891856385576936450
HIT 3 1958527238213 456 13940415668861609599
HIT 3 1958529335365 456 9034980292151617496
HIT 3 1589160050758 370 12767021719228770024
HIT 3 1958527238214 456 5727683095963108915
HIT 3 1958529335366 456 6541825507002226144
HIT 3 1589160050759 370 16461222285678345463
HIT 3 1958527238215 456 8807098377535229452
HIT 3 1958529335367 456 11936969939762230675
HIT 3 1589160050760 370 3674242353160896858
HIT 3 1958527238216 456 8734912905522666613
HIT 3 1958529335368 456 17815266976187287177
HIT 3 1589160050761 370 5367121530089324443
HIT 3 1958527238217 456 407566672933677428
HIT 3 1958529335369 456 6139882580019890792
HIT 3 1589160050762 370 8004469876855444617
HIT 3 1958527238218 456 4860401098794663375
HIT 3 1958529335370 456 15932706460427458901
HIT 3 1589160050763 370 7941755482839207642
HIT 3 1958527238219 456 8190087833928280404
HIT 3 1958529335371 456 7590034607739882546
HIT 3 1589160050765 370 7159932947741036624
HIT 3 1958527238221 456 11431808054627833789
HIT 3 1958529335373 456 6237383408500788275
HIT 3 1589160050764 370 17356534608958553230
HIT 3 1958527238220 456 9912739375896454080
HIT 3 1958529335372 456 8011638366357114660
HIT 3 1589160050766 370 5437516653220749938
HIT 3 1958527238222 456 3677971589781823125
HIT 3 1958529335374 456 6130242911528810123
HIT 3 1589160050767 370 11498137298044086916
HIT 3 1958527238223 456 10905775351826820081
HIT 3 1958529335375 456 14559516061713452776
HIT 3 1589160050768 370 5811351432701630571
HIT 3 1958527238224 456 9729774611182060100
HIT 3 1958529335376 456 14904980031074020817
HIT 3 1589160050770 370 12935909645380489670
HIT 3 1958527238226 456 16484271813391831311
HIT 3 1958529335378 456 4776677187257712782
HIT 3 1589160050769 370 9863810854054615425
HIT 3 1958527238225 456 5751752353550060907
HIT 3 1958529335377 456 14535677463243683889
HIT 3 1589160050771 370 12069652471231002667
HIT 3 1958527238227 456 18426968462589640483
HIT 3 1958529335379 456 16196427552188847017
HIT 3 1589160050772 370 14520497316632542402
HIT 3 1958527238228 456 6400346920243309814
HIT 3 1958529335380 456 3588162029944089377
HIT 3 1589160050773 370 15805017341613214040
HIT 3 1958527238229 456 3604402761807952921
HIT 3 1958529335381 456 11878205667873397079
HIT 3 1589160050774 370 1831680062501045700
HIT 3 1958527238230 456 10193469836727220397
HIT 3 1958529335382 456 9271662763860964367
HIT 3 1589160050775 370 15459468299700809364
HIT 3 1958527238231 456 4433417875573846466
HIT 3 1589160050776 370 9086767563418727611
HIT 3 1958529335383 456 294972378687670420
HIT 3 1958527238232 456 4076647823262587051
HIT 3 1958529335384 456 10489763751028349662
HIT 3 1589160050777 370 11867709349091979363
HIT 3 1958527238233 456 14248821820885949463
HIT 3 1589160050779 370 7916409206618985856
HIT 3 1958527238235 456 17579290338791950986
HIT 3 1589160050778 370 12047811318103029237
HIT 3 1958527238234 456 5667970811054289571
HIT 3 1958529335385 456 3748042680482033063
HIT 3 1958529335387 456 11044368823146758721
HIT 3 1958529335386 456 15521146676422038040
HIT 3 1589160050780 370 9408532274965338380
HIT 3 1958527238236 456 14916196515207038423
HIT 3 1958529335388 456 13969042553894195387
HIT 3 1589160050781 370 8091665648256284147
HIT 3 1958527238237 456 4029834452629692509
HIT 3 1958529335389 456 16425616941588621951
HIT 3 1589160050782 370 8400373618355022738
HIT 3 1958527238238 456 7811551824431534491
HIT 3 1589160050785 370 5254887252634850093
HIT 3 1958527238241 456 4169759333811039515
HIT 3 1958529335393 456 9575334602080350812
HIT 3 1958529335390 456 11864076616291023643
HIT 3 1589160050783 370 9294209548282085219
HIT 3 1958527238239 456 10544203387850439733
HIT 3 1958529335391 456 5365649907809365473
HIT 3 1589160050784 370 17240474623808217790
HIT 3 1958527238240 456 6136849125449289802
HIT 3 1958529335392 456 3013626772863804645
HIT 3 1589160050786 370 4918943215844185156
HIT 3 1958527238242 456 15530808199754696157
HIT 3 1958529335394 456 18211792496133023181
HIT 3 1589160050787 370 9821401824163106801
HIT 3 1958527238243 456 13477309546288254221
HIT 3 1958529335395 456 9416481718946477208
HIT 3 1589160050788 370 3119221353446207634
HIT 3 1958527238244 456 2034472947911352541
HIT 3 1958529335396 456 12750001385706807784
HIT 3 1589160050789 370 13640247828866342200
HIT 3 1958527238245 456 6857866308282184807
HIT 3 1589160050790 370 12592050478965879237
HIT 3 1958527238246 456 12691896137044600917
HIT 3 1958529335398 456 6278921722898576836
HIT 3 1958529335397 456 1839767846752018787
HIT 3 1589160050793 370 736910353715121282
HIT 3 1958527238249 456 1724814948671966840
HIT 3 1958529335401 456 1185443178281225211
HIT 3 1589160050791 370 16393155450715464149
HIT 3 1958527238247 456 17598200301591539167
HIT 3 1958529335399 456 16278590961371984139
HIT 3 1589160050792 370 6307680727608385508
HIT 3 1958527238248 456 16654484538400580862
HIT 3 1958529335400 456 4687962952800779936
HIT 3 1589160050795 370 3765788758304733148
HIT 3 1958527238251 456 9546049997965366864
HIT 3 1589160050794 370 11010359669900264226
HIT 3 1958527238250 456 9913638817452589611
HIT 3 1958529335403 456 6175373341187023516
HIT 3 1958529335402 456 2501521760925950468
HIT 3 1589160050796 370 1756916501017683910
HIT 3 1589160050799 370 2923631843225107696
HIT 3 1958527238255 456 3477925102078352558
HIT 3 1958527238252 456 9418469731923833304
HIT 3 1589160050798 370 4324762496929680999
HIT 3 1958527238254 456 831816693940219996
HIT 3 1958529335406 456 13499221074575681525
HIT 3 1958529335407 456 10296948701328117843
HIT 3 1958529335404 456 1657389692479630330
HIT 3 1589160050797 370 5708878409627109457
HIT 3 1958527238253 456 15569355385337927959
HIT 3 1958529335405 456 11543603752748951337
HIT 3 1589160050802 370 543473719733072578
HIT 3 1958527238258 456 13883097298587427914
HIT 3 1589160050800 370 10541106142966219929
HIT 3 1958527238256 456 6469538189538985739
HIT 3 1589160050801 370 12245571057944956214
HIT 3 1958527238257 456 11743363707480157643
HIT 3 1958529335410 456 4206115481050181426
HIT 3 1958529335409 456 4054419834345324071
HIT 3 1958529335408 456 16838405955102492940
HIT 3 1589160050803 370 1645238583256544058
HIT 3 1958527238259 456 6380297851670271688
HIT 3 1958529335411 456 4368914680775621689
HIT 3 1589160050806 370 3219060472747075619
HIT 3 1958527238262 456 1069479334840627962
HIT 3 1589160050805 370 712071829860057423
HIT 3 1958527238261 456 6211305530231742156
HIT 3 1958529335414 456 1515707097018587856
HIT 3 1589160050804 370 9914244280365133496
HIT 3 1958527238260 456 8968356759080827275
HIT 3 1958529335413 456 5022850145085188982
HIT 3 1589160050807 370 12601403395069792846
HIT 3 1958527238263 456 13535698756550640204
HIT 3 1958529335412 456 12850384662535538008
HIT 3 1958529335415 456 9380980700521307684
HIT 3 1589160050808 370 14243219294562715530
HIT 3 1958527238264 456 8112878965057172736
HIT 3 1589160050809 370 5298340634412534368
HIT 3 1958527238265 456 5897004581232707207
HIT 3 1958529335416 456 15298085053379601539
HIT 3 1958529335417 456 7667706599941737156
HIT 3 1589160050810 370 228243235113528826
HIT 3 1958527238266 456 8197178213617200743
HIT 3 1589160050811 370 2676989101887555594
HIT 3 1958527238267 456 16443746136462824544
HIT 3 1958529335418 456 17046830198447108378
HIT 3 1958529335419 456 15095449136168692809
HIT 3 1589160050812 370 17724101423739483022
HIT 3 1958527238268 456 17573576984939335019
HIT 3 1589160050813 370 5040210811801229876
HIT 3 1958527238269 456 12623739870308738433
HIT 3 1958529335420 456 17678269690529333680
HIT 3 1958529335421 456 5871478460406683987
HIT 3 1589160050814 370 3229406158379062718
HIT 3 1958527238270 456 762506186990696405
HIT 3 1589160050815 370 15759130101626873237
HIT 3 1958527238271 456 15051811017003331507
HIT 3 1958529335422 456 12554255956282428818
HIT 3 1958529335423 456 14608391872012798831
HIT 3 1589160050816 370 6588179511750645118
HIT 3 1958527238272 456 15345710026524678156
HIT 3 1589160050817 370 10534232581596658629
HIT 3 1958527238273 456 16099156903478042644
HIT 3 1958529335424 456 10864968179019226690
HIT 3 1958529335425 456 12022295279601706364
HIT 3 1589160050818 370 5428434509683651058
HIT 3 1958527238274 456 8913790251654017192
HIT 3 1958529335426 456 6079059350310102172
HIT 3 1589160050819 370 2253122161830268240
HIT 3 1958527238275 456 4100566102810768670
HIT 3 1958529335427 456 6422866207078542563
HIT 3 1589160050820 370 9425934009798408098
HIT 3 1958527238276 456 12583016765116834368
HIT 3 1958529335428 456 9953567165931474393
HIT 3 1589160050821 370 4250695888260994451
HIT 3 1958527238277 456 2417250668289085699
HIT 3 1958529335429 456 14046422652906594229
HIT 3 1589160050822 370 6679606099395766271
HIT 3 1958527238278 456 1745283863604131276
HIT 3 1958529335430 456 2561869843031785154
HIT 3 1589160050824 370 11186490870149281497
HIT 3 1958527238280 456 15299403205924433129
HIT 3 1589160050825 370 10088543557514141124
HIT 3 1958527238281 456 9273338933862903614
HIT 3 1958529335432 456 10048118204752365015
HIT 3 1589160050823 370 2196070714314090170
HIT 3 1958527238279 456 14245779881683461701
HIT 3 1958529335433 456 6587142740495862486
HIT 3 1958529335431 456 911342557749741715
HIT 3 1589160050826 370 13677167490710484222
HIT 3 1958527238282 456 12339502174474956803
HIT 3 1958529335434 456 985120597421740591
HIT 3 1589160050828 370 17060314751172654803
HIT 3 1958527238284 456 9867103200471582575
HIT 3 1589160050829 370 6740639485905043142
HIT 3 1958527238285 456 4675389654247619626
HIT 3 1958529335436 456 5472916676612122253
HIT 3 1958529335437 456 9650268859832119956
HIT 3 1589160050827 370 9873290988796168307
HIT 3 1958527238283 456 2334945030301911666
HIT 3 1958529335435 456 16682712631933355290
HIT 3 1589160050830 370 7618765452886094575
HIT 3 1958527238286 456 1501792041694143197
HIT 3 1958529335438 456 8081542486156178003
HIT 3 1589160050831 370 13507840718178229854
HIT 3 1589160050832 370 5723720493203893283
HIT 3 1958527238288 456 7019085750943117059
HIT 3 1958527238287 456 13527106637653327859
HIT 3 1958529335439 456 18010586002575525038
HIT 3 1958529335440 456 8007840180035844765
HIT 3 1589160050834 370 14793381670573663816
HIT 3 1958527238290 456 5541496302998153288
HIT 3 1589160050833 370 567885653389411643
HIT 3 1958527238289 456 15610895707618838309
HIT 3 1958529335442 456 12063806599520333669
HIT 3 1958529335441 456 12934546127553573570
HIT 3 1589160050836 370 602490288999266990
HIT 3 1958527238292 456 62061065625792872
HIT 3 1589160050835 370 17855375097290494433
HIT 3 1958527238291 456 13369294381877299604
HIT 3 1958529335444 456 18160604864915145784
HIT 3 1958529335443 456 8464942546258994573
HIT 3 1589160050837 370 10716336739182465116
HIT 3 1958527238293 456 15378757793895668314
HIT 3 1958529335445 456 3701564850893461577
HIT 3 1589160050840 370 1023814967478279670
HIT 3 1958527238296 456 12233872464965765571
HIT 3 1589160050839 370 9963750292836880564
HIT 3 1958527238295 456 14408575089679418678
HIT 3 1589160050838 370 13377398478338351152
HIT 3 1958527238294 456 4953169229637867156
HIT 3 1958529335448 456 790536380756168696
HIT 3 1958529335447 456 5479077064657457512
HIT 3 1958529335446 456 11585639312162279606
HIT 3 1589160050842 370 13982591371940721835
HIT 3 1958527238298 456 12355205862711059039
HIT 3 1589160050843 370 3092842459749744340
HIT 3 1958527238299 456 16903804285777168897
HIT 3 1958529335450 456 2920345290093502275
HIT 3 1958529335451 456 10168289478044567664
HIT 3 1589160050841 370 10990048507251578396
HIT 3 1958527238297 456 9088050259573172301
HIT 3 1958529335449 456 6535297757730321654
HIT 3 1589160050844 370 5372133113090381507
HIT 3 1958527238300 456 4144292519877764204
HIT 3 1958529335452 456 4592947365592165304
HIT 3 1589160050845 370 17800193157326395537
HIT 3 1958527238301 456 8355011708669095666
HIT 3 1589160050846 370 7827238843684398967
HIT 3 1958527238302 456 17898128313555726299
HIT 3 1958529335454 456 4864381685556792786
HIT 3 1958529335453 456 9180271341970625305
HIT 3 1589160050847 370 5772587566185076947
HIT 3 1958527238303 456 2752305225428731371
HIT 3 1958529335455 456 17538254807186947090
HIT 3 1589160050848 370 13329147363407937710
HIT 3 1958527238304 456 17028003310053610635
HIT 3 1958529335456 456 11752966509613991168
HIT 3 1589160050849 370 10788948200537710351
HIT 3 1958527238305 456 14330763132937943657
HIT 3 1589160050850 370 15592310057879627263
HIT 3 1958527238306 456 2901487514276947361
HIT 3 1958529335457 456 10708002880230722623
HIT 3 1958529335458 456 12969391533239165154
HIT 3 1589160050852 370 14849803371635428023
HIT 3 1958527238308 456 6636073689971440129
HIT 3 1589160050851 370 9700197419651183041
HIT 3 1958527238307 456 677560158375159350
HIT 3 1589160050854 370 12800689874029749555
HIT 3 1958527238310 456 9658801072971175987
HIT 3 1958529335460 456 4707508858938109128
HIT 3 1958529335459 456 7349633701097842413
HIT 3 1589160050853 370 8218586959343020739
HIT 3 1958527238309 456 11701748026272987227
HIT 3 1958529335462 456 141989838246194603
HIT 3 1958529335461 456 4702828125408748973
HIT 3 1589160050855 370 14280501550290782516
HIT 3 1958527238311 456 13284248484671843681
HIT 3 1958529335463 456 6399867962243913493
HIT 3 1589160050857 370 967807231777990115
HIT 3 1958527238313 456 10764007531558967126
HIT 3 1589160050858 370 10083848367032093687
HIT 3 1958527238314 456 7507284127621450607
HIT 3 1958529335465 456 15081670715412432478
HIT 3 1958529335466 456 15436401620700275033
HIT 3 1589160050856 370 14908726513265767557
HIT 3 1958527238312 456 9044557911209079392
HIT 3 1958529335464 456 15556667994811201028
HIT 3 1589160050859 370 7641994321310521137
HIT 3 1958527238315 456 5772542395219685079
HIT 3 1958529335467 456 12601139388982847122
HIT 3 1589160050860 370 15393745260742748541
HIT 3 1958527238316 456 284570461184754401
HIT 3 1589160050861 370 8205272205843234973
HIT 3 1958527238317 456 2293226513826120587
HIT 3 1958529335469 456 2992784335438879372
HIT 3 1958529335468 456 10686480655035387949
HIT 3 1589160050863 370 7346025352953353235
HIT 3 1958527238319 456 18049350982699498748
HIT 3 1589160050862 370 11643325901321833209
HIT 3 1958527238318 456 16276311215685827784
HIT 3 1958529335471 456 11836707974968145768
HIT 3 1958529335470 456 4251802785600345226
HIT 3 1589160050864 370 9703292096423455971
HIT 3 1958527238320 456 17319776463565229249
HIT 3 1589160050865 370 3474945894460686023
HIT 3 1958527238321 456 2764392839908173824
HIT 3 1958529335472 456 17562418688404083246
HIT 3 1958529335473 456 3022026803217500640
HIT 3 1589160050867 370 8810210724762525453
HIT 3 1958527238323 456 2759723265295656022
HIT 3 1589160050866 370 10358062366466448164
HIT 3 1958527238322 456 590312178705284951
HIT 3 1958529335475 456 2670401134820150368
HIT 3 1589160050869 370 16357131044164240530
HIT 3 1958527238325 456 15846344156834405617
HIT 3 1958529335474 456 10427371136504172731
HIT 3 1589160050868 370 18290945572674528360
HIT 3 1958527238324 456 17494809025322938680
HIT 3 1958529335477 456 6793214140719261763
HIT 3 1958529335476 456 4416277438387259224
HIT 3 1589160050873 370 9918656689916590057
HIT 3 1958527238329 456 14180054847414340558
HIT 3 1589160050871 370 1483426297710063491
HIT 3 1958527238327 456 2006820338583643485
HIT 3 1958529335481 456 13497940800308586639
HIT 3 1958529335479 456 13838075116523771763
HIT 3 1589160050872 370 9980755991212934413
HIT 3 1958527238328 456 13821626821727471102
HIT 3 1589160050870 370 11348481271963022324
HIT 3 1958527238326 456 17387190288782223679
HIT 3 1958529335480 456 8511524126265938482
HIT 3 1958529335478 456 5560222325876575526
HIT 3 1589160050876 370 6344420982251064652
HIT 3 1958527238332 456 5313002057830665792
HIT 3 1589160050877 370 18331435348328540305
HIT 3 1958527238333 456 9881072688136528868
HIT 3 1589160050874 370 12555052033727893367
HIT 3 1958527238330 456 1991809805812195614
HIT 3 1589160050875 370 18084970237143326260
HIT 3 1958527238331 456 5106256817759395992
HIT 3 1958529335485 456 8721375703899685413
HIT 3 1958529335484 456 14230199876953334088
HIT 3 1958529335482 456 16224718499955939138
HIT 3 1958529335483 456 17109078629525955846
HIT 3 1589160050878 370 16291742042907595523
HIT 3 1958527238334 456 7312874341786979459
HIT 3 1589160050881 370 15873677101665681206
HIT 3 1958527238337 456 8145631753522704368
HIT 3 1958529335489 456 10850441987374348855
HIT 3 1958529335486 456 13088448188542379487
HIT 3 1589160050879 370 8740500145008797890
HIT 3 1958527238335 456 12866477887454070722
HIT 3 1589160050880 370 2531683420125247710
HIT 3 1958527238336 456 18441644896721909008
HIT 3 1958529335488 456 17367689201617586083
HIT 3 1958529335487 456 17361835749821675645
HIT 3 1589160050882 370 17788388079317995273
HIT 3 1958527238338 456 18099202512127920296
HIT 3 1589160050883 370 784594841174936391
HIT 3 1958527238339 456 9092894705803649384
HIT 3 1958529335490 456 3317087275147025573
HIT 3 1958529335491 456 14337369636047642482
HIT 3 1589160050885 370 1934292753147955798
HIT 3 1958527238341 456 339550438037189839
HIT 3 1589160050884 370 18130057941348835446
HIT 3 1958527238340 456 13703757841603164699
HIT 3 1958529335493 456 3860727597582423346
HIT 3 1958529335492 456 2165846571542417733
HIT 3 1589160050886 370 7364616990782589978
HIT 3 1958527238342 456 2753922230281362633
HIT 3 1589160050887 370 15888440528895081323
HIT 3 1958527238343 456 1636004448746280737
HIT 3 1958529335495 456 2631650718564448395
HIT 3 1958529335494 456 17761851251789685144
HIT 3 1589160050889 370 1265024208973417389
HIT 3 1958527238345 456 7699737098620655493
HIT 3 1958529335497 456 8122993900634339155
HIT 3 1589160050888 370 5423294167278553793
HIT 3 1958527238344 456 6001236327871087586
HIT 3 1958529335496 456 7734685588577693613
HIT 3 1589160050890 370 5858354638356183401
HIT 3 1958527238346 456 12575615876166586712
HIT 3 1589160050891 370 1209503328898095620
HIT 3 1958527238347 456 7880873711547560891
HIT 3 1958529335498 456 13123625118210798850
HIT 3 1958529335499 456 15350676232105296200
HIT 3 1589160050892 370 557634161303125997
HIT 3 1958527238348 456 15638243748865986001
HIT 3 1958529335500 456 350676697291220204
HIT 3 1589160050894 370 5160118313338237022
HIT 3 1958527238350 456 12012102943292339414
HIT 3 1958529335502 456 7102896417305646920
HIT 3 1589160050895 370 7364503990288401748
HIT 3 1958527238351 456 11835132388499060182
HIT 3 1589160050893 370 5359752318656094899
HIT 3 1958527238349 456 9529853461538517940
HIT 3 1958529335501 456 13811388472570197675
HIT 3 1958529335503 456 10607014035358754480
HIT 3 1589160050897 370 4031016625192306205
HIT 3 1958527238353 456 15465615141339908113
HIT 3 1958529335505 456 7090239251571230638
HIT 3 1589160050896 370 5296374210663223637
HIT 3 1958527238352 456 9906598624292961028
HIT 3 1958529335504 456 9979263156664466036
HIT 3 1589160050898 370 177737214446286219
HIT 3 1958527238354 456 9269026981839634714
HIT 3 1958529335506 456 11870473104762840146
HIT 3 1589160050899 370 4607598186144384417
HIT 3 1958527238355 456 13393421669685038221
HIT 3 1958529335507 456 10410683817691713097
HIT 3 1589160050900 370 6085204692676755146
HIT 3 1958527238356 456 3767225822987551028
HIT 3 1958529335508 456 4729327655341997597
HIT 3 1589160050902 370 13283854566217133747
HIT 3 1958527238358 456 436831954254821880
HIT 3 1958529335510 456 10398599453985010193
HIT 3 1589160050901 370 2550470172548742932
HIT 3 1958527238357 456 1286730773658814681
HIT 3 1958529335509 456 3102419044510288005
HIT 3 1589160050903 370 17519521167300578203
HIT 3 1958527238359 456 12887784458403013117
HIT 3 1589160050904 370 8027781278568914185
HIT 3 1958527238360 456 14258702266606108664
HIT 3 1958529335511 456 2377638606853032544
HIT 3 1958529335512 456 16895781496393695946
HIT 3 1589160050905 370 13084980219965360603
HIT 3 1958527238361 456 18400622472718878925
HIT 3 1958529335513 456 1844085582054623973
HIT 3 1589160050906 370 13282074848174890133
HIT 3 1958527238362 456 17731966695113327382
HIT 3 1589160050909 370 6430659638863413417
HIT 3 1958527238365 456 9696700450134734862
HIT 3 1958529335517 456 16193789589101043641
HIT 3 1958529335514 456 4755497339220315830
HIT 3 1589160050908 370 3702139193229839024
HIT 3 1958527238364 456 15778466706201603157
HIT 3 1589160050907 370 8700738897793361067
HIT 3 1958527238363 456 2235396719636001589
HIT 3 1589160050910 370 6809058720609362446
HIT 3 1958527238366 456 1747958305685021094
HIT 3 1958529335518 456 12385342328843722688
HIT 3 1958529335516 456 3165791797421539017
HIT 3 1958529335515 456 9604337821322823249
HIT 3 1589160050911 370 6430383903525067590
HIT 3 1958527238367 456 7760118921128293142
HIT 3 1958529335519 456 18177886655827004290
HIT 3 1589160050913 370 16115018452428254700
HIT 3 1958527238369 456 4023493668336698222
HIT 3 1958529335521 456 13265650356752647554
HIT 3 1589160050916 370 4415267214129785237
HIT 3 1958527238372 456 9160121801893373863
HIT 3 1958529335524 456 10188571160651528107
HIT 3 1589160050914 370 3544831672593687870
HIT 3 1958527238370 456 9034026924899401346
HIT 3 1958529335522 456 328743307462615222
HIT 3 1589160050917 370 8895558318296115494
HIT 3 1958527238373 456 16032879319552334212
HIT 3 1589160050912 370 5158088188033819524
HIT 3 1958527238368 456 1163733033683428276
HIT 3 1589160050915 370 14262695848378039815
HIT 3 1958527238371 456 17737188972747067212
HIT 3 1958529335525 456 138068965802476003
HIT 3 1958529335520 456 12682769092663580230
HIT 3 1958529335523 456 6572216709394850480
HIT 3 1589160050918 370 7040942517080536938
HIT 3 1958527238374 456 7241766513276668387
HIT 3 1589160050919 370 6317035418837390231
HIT 3 1958527238375 456 796868817677378992
HIT 3 1958529335526 456 2086849687367003781
HIT 3 1958529335527 456 16960681447763028661
HIT 3 1589160050922 370 8864999295330397116
HIT 3 1958527238378 456 6476284336114275213
HIT 3 1589160050923 370 12722671413610189115
HIT 3 1958527238379 456 3137057495416845675
HIT 3 1958529335530 456 8226866836432061941
HIT 3 1958529335531 456 9959974168702203415
HIT 3 1589160050920 370 5973048524382370427
HIT 3 1958527238376 456 13292977683061412632
HIT 3 1589160050921 370 6829487364052436734
HIT 3 1958527238377 456 10271811073371978374
HIT 3 1958529335528 456 10248122399702234764
HIT 3 1958529335529 456 10138104325828602231
HIT 3 1589160050924 370 11382628798832850988
HIT 3 1958527238380 456 17450430313913660283
HIT 3 1958529335532 456 15716113309328036956
HIT 3 1589160050925 370 18061373649786827429
HIT 3 1958527238381 456 8688730133103512476
HIT 3 1958529335533 456 1819163984799845699
HIT 3 1589160050928 370 11758977753340115599
HIT 3 1958527238384 456 8854153508724872165
HIT 3 1589160050929 370 13807813195296896289
HIT 3 1958527238385 456 3988856237248900117
HIT 3 1589160050926 370 12564511563637942808
HIT 3 1958527238382 456 6835796570991011049
HIT 3 1958529335536 456 16802338953598223910
HIT 3 1958529335537 456 10288164096822791880
HIT 3 1958529335534 456 15168197954801846776
HIT 3 1589160050927 370 6009104692002116639
HIT 3 1958527238383 456 8530834311946725336
HIT 3 1958529335535 456 15828699335156199249
HIT 3 1589160050930 370 10376688818240561269
HIT 3 1958527238386 456 9711000096442864263
HIT 3 1958529335538 456 4759276106434397700
HIT 3 1589160050931 370 10054875520331681626
HIT 3 1958527238387 456 16775187944946918975
HIT 3 1958529335539 456 14585217703736425488
HIT 3 1589160050932 370 5886838725250001734
HIT 3 1958527238388 456 100647314316601530
HIT 3 1958529335540 456 6961391001950113446
HIT 3 1589160050934 370 11615388071453040909
HIT 3 1958527238390 456 11294341114184018572
HIT 3 1589160050933 370 12938074134600092530
HIT 3 1958527238389 456 7725160887808485276
HIT 3 1958529335542 456 7620774131980376988
HIT 3 1589160050935 370 15750429770798181423
HIT 3 1958527238391 456 12685601085895610625
HIT 3 1958529335541 456 746150084760476652
HIT 3 1958529335543 456 12668487282208991585
HIT 3 1589160050936 370 18349018902889178048
HIT 3 1958527238392 456 18110612203243745431
HIT 3 1958529335544 456 6446441478894406562
HIT 3 1589160050937 370 16937404509579700274
HIT 3 1958527238393 456 8529041017338334775
HIT 3 1589160050938 370 6514263640095112766
HIT 3 1958527238394 456 6684252363837524339
HIT 3 1958529335545 456 16060659830779067750
HIT 3 1958529335546 456 4822898480024232297
HIT 3 1589160050939 370 16719628360155068771
HIT 3 1958527238395 456 16345541588404443059
HIT 3 1958529335547 456 9812322808316565987
HIT 3 1589160050941 370 16594772149885172439
HIT 3 1958527238397 456 3527150690542818807
HIT 3 1589160050940 370 11779371196658883987
HIT 3 1958527238396 456 12451997708024215080
HIT 3 1958529335549 456 18409069470638783898
HIT 3 1589160050942 370 6663096683087169199
HIT 3 1958527238398 456 2786236131264125571
HIT 3 1958529335548 456 8165740565772374256
HIT 3 1958529335550 456 3497200613241819063
HIT 3 1589160050943 370 1320398054097634593
HIT 3 1958527238399 456 6512376614054353076
HIT 3 1589160050944 370 14366340191138176900
HIT 3 1958527238400 456 6199607490706239262
HIT 3 1589160050945 370 12434605793576525309
HIT 3 1958527238401 456 2749118116010776375
HIT 3 1958529335552 456 12319223522925460790
HIT 3 1958529335553 456 11720497634727200442
HIT 3 1958529335551 456 15342010992426988379
HIT 3 1589160050946 370 17278786111836167853
HIT 3 1958527238402 456 18289972849561298796
HIT 3 1958529335554 456 9923859953915046810
HIT 3 1589160050948 370 11040145429006497377
HIT 3 1958527238404 456 5845811782446894171
HIT 3 1589160050947 370 7731859262029357870
HIT 3 1958527238403 456 12223637500354351009
HIT 3 1958529335555 456 8223436104131062745
HIT 3 1958529335556 456 5356497934304718971
HIT 3 1589160050949 370 8166177465444401961
HIT 3 1958527238405 456 5535664844186029111
HIT 3 1589160050952 370 10212004686289472848
HIT 3 1958527238408 456 19600321260551113
HIT 3 1958529335560 456 215736142405129642
HIT 3 1958529335557 456 15721101173748155114
HIT 3 1589160050953 370 17623295630318978393
HIT 3 1958527238409 456 7371842545006670562
HIT 3 1589160050950 370 2304420268098623956
HIT 3 1958527238406 456 17092059793405017023
HIT 3 1958529335561 456 2310343289140247847
HIT 3 1589160050951 370 5399524703944119273
HIT 3 1958527238407 456 13533175476144269217
HIT 3 1958529335558 456 12634532323805152626
HIT 3 1589160050954 370 15004633467934586216
HIT 3 1958527238410 456 13515451055204212813
HIT 3 1958529335559 456 9557314917074786494
HIT 3 1958529335562 456 4665494759121511158
HIT 3 1589160050956 370 3601418761687150572
HIT 3 1958527238412 456 7256223614072329272
HIT 3 1958529335564 456 4997977963859038313
HIT 3 1589160050958 370 4205769449983967335
HIT 3 1958527238414 456 5226916707263331579
HIT 3 1958529335566 456 8923420226777951039
HIT 3 1589160050960 370 877369220723285956
HIT 3 1958527238416 456 13385724487688826904
HIT 3 1589160050955 370 14269543253525371317
HIT 3 1958527238411 456 8762638024383057509
HIT 3 1958529335568 456 16992351821598226634
HIT 3 1589160050957 370 4685824723282967609
HIT 3 1958527238413 456 14173840138370625497
HIT 3 1958529335563 456 1437416134850588925
HIT 3 1589160050961 370 11512992008134232721
HIT 3 1958527238417 456 12652019660220689404
HIT 3 1958529335569 456 14356728278720877616
HIT 3 1589160050959 370 8810898139756059210
HIT 3 1958527238415 456 6924132688608393280
HIT 3 1958529335565 456 8116142944196764613
HIT 3 1958529335567 456 12768157495376183957
HIT 3 1589160050962 370 17462254913981425010
HIT 3 1958527238418 456 10620661058274240289
HIT 3 1958529335570 456 12947482023002878646
HIT 3 1589160050965 370 3065296303421717152
HIT 3 1958527238421 456 2221188910025302039
HIT 3 1958529335573 456 824578181309495996
HIT 3 1589160050963 370 9074166284321706515
HIT 3 1958527238419 456 14398977184384415685
HIT 3 1589160050964 370 2679312739641827326
HIT 3 1958527238420 456 8578436441529184907
HIT 3 1589160050966 370 4300514109611614241
HIT 3 1958527238422 456 7114631143013742171
HIT 3 1958529335571 456 2405171286888063536
HIT 3 1958529335572 456 536435836854177342
HIT 3 1589160050967 370 14382162767804834915
HIT 3 1958527238423 456 14656880849624845294
HIT 3 1958529335575 456 3492306121184914510
HIT 3 1958529335574 456 7473713682319891253
HIT 3 1589160050968 370 13887772304912046930
HIT 3 1958527238424 456 6213089618434634692
HIT 3 1958529335576 456 12712851397346741812
HIT 3 1589160050970 370 751293121588729005
HIT 3 1958527238426 456 8257073955778432748
HIT 3 1958529335578 456 18312087161519406997
HIT 3 1589160050969 370 1232143564022183066
HIT 3 1958527238425 456 11833828623420623135
HIT 3 1589160050972 370 3189796133048121065
HIT 3 1958529335577 456 4705777880555500154
HIT 3 1958527238428 456 15296107910804748966
HIT 3 1589160050971 370 15776500461819510499
HIT 3 1958527238427 456 8872386820941859215
HIT 3 1958529335580 456 8362892500082257843
HIT 3 1958529335579 456 13566200985255086919
HIT 3 1589160050973 370 8844174734947772837
HIT 3 1958527238429 456 13218177003969362470
HIT 3 1958529335581 456 8514806602010433889
HIT 3 1589160050975 370 197376593171607035
HIT 3 1958527238431 456 17320805597489156626
HIT 3 1589160050974 370 7358100134514311298
HIT 3 1958529335583 456 12302656963515658260
HIT 3 1958527238430 456 1445643329218433518
HIT 3 1589160050977 370 12767537092032064107
HIT 3 1958527238433 456 7171756143900325860
HIT 3 1958529335582 456 13544716772328503903
HIT 3 1958529335585 456 4488579835147553678
HIT 3 1589160050976 370 8137208553401841564
HIT 3 1958527238432 456 16656179280759305591
HIT 3 1958529335584 456 11515517419859397392
HIT 3 1589160050978 370 10798844841790419941
HIT 3 1958527238434 456 6464731412312333776
HIT 3 1958529335586 456 12709703612574638996
HIT 3 1589160050979 370 4578783376582111099
HIT 3 1958527238435 456 5374985921124772853
HIT 3 1958529335587 456 2660269379274381488
HIT 3 1589160050980 370 5833374911878659298
HIT 3 1958527238436 456 6826685250290597427
HIT 3 1589160050981 370 547065997275793324
HIT 3 1958527238437 456 11616117298613391416
HIT 3 1589160050982 370 12122899586748763964
HIT 3 1958527238438 456 8832130602207255676
HIT 3 1958529335589 456 1820591569175628316
HIT 3 1958529335588 456 1931245585668990324
HIT 3 1589160050983 370 9455231799266285803
HIT 3 1958527238439 456 17047670050429192338
HIT 3 1958529335590 456 8839762552854771045
HIT 3 1958529335591 456 11438728640701352434
HIT 3 1589160050984 370 1236010148902707575
HIT 3 1958527238440 456 3547798757430677707
HIT 3 1958529335592 456 469472834960075260
HIT 3 1589160050986 370 8079820188254708418
HIT 3 1958527238442 456 8512570170827007105
HIT 3 1589160050985 370 202708446784692622
HIT 3 1958527238441 456 9753378946098713618
HIT 3 1958529335593 456 2250806228150059121
HIT 3 1958529335594 456 7155542183065771925
HIT 3 1589160050987 370 10524879995342180951
HIT 3 1958527238443 456 7610254513649190626
HIT 3 1589160050988 370 4554929965146982754
HIT 3 1958527238444 456 5702529502148831389
HIT 3 1958529335595 456 5645971396828973819
HIT 3 1958529335596 456 12434467976925546355
HIT 3 1589160050989 370 15767805725500888949
HIT 3 1958527238445 456 7489176381316375929
HIT 3 1958529335597 456 10753993032411389425
HIT 3 1589160050990 370 10718702251489106368
HIT 3 1958527238446 456 16812314148886000680
HIT 3 1589160050992 370 9868861824935766706
HIT 3 1958527238448 456 13594727877704784976
HIT 3 1958529335600 456 2894771053798070198
HIT 3 1589160050991 370 14723146001324021439
HIT 3 1958527238447 456 15620484167930548017
HIT 3 1958529335598 456 9567954503838923156
HIT 3 1589160050993 370 18082472253420721155
HIT 3 1958527238449 456 12504384684464140362
HIT 3 1958529335599 456 9896220851689222980
HIT 3 1589160050994 370 13983561582539143010
HIT 3 1958527238450 456 10331337634311358540
HIT 3 1958529335601 456 9645140984781606175
HIT 3 1958529335602 456 9842860913999984734
HIT 3 1589160050995 370 11400678757862315989
HIT 3 1958527238451 456 10363764715714193189
HIT 3 1958529335603 456 12480099279206669724
HIT 3 1589160050996 370 14875350768921842083
HIT 3 1958527238452 456 9086779268928765127
HIT 3 1589160050997 370 4528981815499588092
HIT 3 1958527238453 456 18157562658229459834
HIT 3 1958529335604 456 10117734603668486190
HIT 3 1589160050998 370 4372495915102814309
HIT 3 1958527238454 456 5857811848175567621
HIT 3 1958529335605 456 160455391855049160
HIT 3 1589160050999 370 7525389339117343245
HIT 3 1958527238455 456 14438626010830949711
HIT 3 1958529335607 456 4608807674786744571
HIT 3 1958529335606 456 15360638785540513818
HIT 3 1589160051000 370 314248764278549269
HIT 3 1958527238456 456 2065404115838155105
HIT 3 1589160051002 370 4321758424725840727
HIT 3 1589160051001 370 9482593422816489320
HIT 3 1958527238457 456 15223102326207532094
HIT 3 1958529335608 456 17665080613238748759
HIT 3 1589160051003 370 15543049697444121709
HIT 3 1958527238458 456 8531070023438865106
HIT 3 1958527238459 456 13647754430981916789
HIT 3 1958529335609 456 15575059633294295973
HIT 3 1958529335611 456 225664841970261254
HIT 3 1958529335610 456 8331069129785197753
HIT 3 1589160051004 370 14569765709329737724
HIT 3 1958527238460 456 12104710599549701221
HIT 3 1958529335612 456 3932613044263399660
HIT 3 1589160051005 370 17318928968471560476
HIT 3 1958527238461 456 17472273435036209483
HIT 3 1589160051006 370 13970801871684130916
HIT 3 1958527238462 456 15249125607231856920
HIT 3 1958529335613 456 11050258138968998754
HIT 3 1958529335614 456 8838368068308685420
HIT 3 1589160051007 370 17315279219467978230
HIT 3 1958527238463 456 9199339015476203216
HIT 3 1589160051008 370 10385445116550948807
HIT 3 1958527238464 456 17096002310655122212
HIT 3 1958529335615 456 16870990038610139268
HIT 3 1958529335616 456 15051159826760345790
HIT 3 1589160051010 370 5862051385783167359
HIT 3 1958527238466 456 8474295513627291944
HIT 3 1589160051009 370 3666421345786931949
HIT 3 1958527238465 456 14370164666680327609
HIT 3 1958529335618 456 11901940875037554836
HIT 3 1589160051011 370 12308077434612307375
HIT 3 1958529335617 456 11927646440387796505
HIT 3 1958527238467 456 6310603942791628304
HIT 3 1589160051012 370 16773053020349338963
HIT 3 1958527238468 456 8335774063857218086
HIT 3 1958529335619 456 17827710254284708991
HIT 3 1958529335620 456 8354408785166929795
HIT 3 1589160051014 370 152115982851847854
HIT 3 1958527238470 456 12905706969513696356
HIT 3 1589160051013 370 395609622416194949
HIT 3 1958527238469 456 2827782750234616651
HIT 3 1958529335622 456 15981840127907338505
HIT 3 1589160051015 370 11199135759323954120
HIT 3 1958529335621 456 3644870845766793908
HIT 3 1589160051016 370 3378055681517041120
HIT 3 1958527238472 456 10322057604240807997
HIT 3 1958527238471 456 9155210870983603579
HIT 3 1958529335623 456 15962501663879613973
HIT 3 1589160051017 370 7888490846304394615
HIT 3 1958527238473 456 8714808446645971590
HIT 3 1958529335624 456 10208217084804107092
HIT 3 1958529335625 456 5625661617479229343
HIT 3 1589160051018 370 7277466225581642313
HIT 3 1958527238474 456 15566932660306310110
HIT 3 1589160051019 370 14360157757769274272
HIT 3 1958527238475 456 1199574420605626576
HIT 3 1958529335626 456 5800876415088177699
HIT 3 1958529335627 456 14887494477074711622
HIT 3 1589160051020 370 16281506857127702937
HIT 3 1958527238476 456 6180991731226640285
HIT 3 1589160051021 370 16310040151735568256
HIT 3 1958527238477 456 14128952436077275512
HIT 3 1958529335629 456 2278862030856111322
HIT 3 1958529335628 456 5712347199370351263
HIT 3 1589159919950 370 2851111182438088947
HIT 3 1958527107406 456 400201185979414090
HIT 3 1589160051022 370 8819393488054438226
HIT 3 1958527238478 456 9471177290052615040
HIT 3 1958529335630 456 9475123155819902543
HIT 3 1589160051024 370 10317289116242016177
HIT 3 1958527238480 456 15024495784831742644
HIT 3 1589160051023 370 2851111182438088947
HIT 3 1958527238479 456 400201185979414090
HIT 3 1958529204560 456 14790225272169622934
HIT 3 1949939401040 454 6799013927170021563
HIT 3 1958529335632 456 17310207928014894811
HIT 3 1962824302928 457 4028166288435493896
HIT 3 1967119270224 458 1340112514719540976
HIT 3 1597752148304 372 17429927214421493128
HIT 3 1958529401168 456 15103732269880208388
HIT 3 1958529466704 456 11011978910627389212
HIT 3 1958529335631 456 17349835996762363338
HIT 3 1589160051025 370 17429927214421493128
HIT 3 1958527238481 456 10498484053064200925
HIT 3 1589160182097 370 10317289116242016177
HIT 3 1958527369553 456 15024495784831742644
HIT 3 1589160182098 370 15375511447536930655
HIT 3 1958527369554 456 11455480002765321785
HIT 3 1589160247634 370 15072886704971446002
HIT 3 1958527435090 456 18369456889599840014
HIT 3 1589160313170 370 15184895060059435154
HIT 3 1958527500626 456 11594994580823962314
HIT 3 1589160378706 370 12937611884639810770
HIT 3 1958527566162 456 6762572614208820699
HIT 3 1589160444242 370 12622845001110619795
HIT 3 1958527631698 456 13457287738632867796
HIT 3 1589160509778 370 5510437061279857015
HIT 3 1958527697234 456 16101216187523455053
HIT 3 1589160575314 370 5163107185506082406
HIT 3 1958527762770 456 9834457824884063935
HIT 3 1589160640850 370 15330229295934004089
HIT 3 1958527828306 456 9361072557449349524
HIT 3 1589160706386 370 16209754848827192131
HIT 3 1958527893842 456 2965531543468971988
HIT 3 1589160771922 370 16656457329429858173
HIT 3 1958527959378 456 12877841580796590426
HIT 3 1589160837458 370 822288376997019612
HIT 3 1958528024914 456 15528957496081742882
HIT 3 1589160902994 370 148146939770689048
HIT 3 1958528090450 456 12074051627654971893
HIT 3 1589160968530 370 5020616378760478459
HIT 3 1958528155986 456 13823560988810086607
HIT 3 1589161034066 370 5845216222459726538
HIT 3 1958528221522 456 10220759230965721332
HIT 3 1589161099602 370 5308850462077363539
HIT 3 1958528287058 456 1778080098069013313
HIT 3 1589161165138 370 2537355753064067727
HIT 3 1958528352594 456 2441089947088547272
HIT 3 1589161230674 370 17441004192594661270
HIT 3 1958528418130 456 8862387663416622304
HIT 3 1589161296210 370 3613614194560608476
HIT 3 1958528483666 456 6427926232550794642
HIT 3 1589161361746 370 9409390783692196085
HIT 3 1958528549202 456 3517330880853310319
HIT 3 1589161427282 370 13608353828025166431
HIT 3 1958528614738 456 3518905855982824094
HIT 3 1589161492818 370 6959558921120397985
HIT 3 1958528680274 456 8281974317928239501
HIT 3 1589161558354 370 7898787635430667387
HIT 3 1958528745810 456 17758437391905638460
HIT 3 1589161623890 370 2327497573173061426
HIT 3 1958528811346 456 16914170001596262295
HIT 3 1589161689426 370 12602401771458583995
HIT 3 1958528876882 456 11828666918639974280
HIT 3 1589161754962 370 629944944186154832
HIT 3 1958528942418 456 971812584603622034
HIT 3 1589161820498 370 14797092343358867986
HIT 3 1958529007954 456 1964518519826338871
HIT 3 1967124971856 458 10498484053064200925
HIT 3 1580570247507 368 2939959188146599844
HIT 3 1589160182099 370 16551412887873772478
HIT 3 1593455149395 371 6357120240465851740
HIT 3 1597750116691 372 7097096515217648400
HIT 3 1949937434963 454 9876969554818180266
HIT 3 1958527369555 456 11805612633151504304
HIT 3 1962822336851 457 13202939328579161833
HIT 3 1967117304147 458 6476426730514994668
HIT 3 1468901163347 342 12992169767282017972
HIT 3 1589160247635 370 12937611884639810770
HIT 3 1958527435091 456 6762572614208820699
HIT 3 1589160313171 370 15375511447536930655
HIT 3 1958527500627 456 11455480002765321785
HIT 3 1958529335633 456 16821406932074608254
HIT 3 1958529204563 456 3818150515041168125
HIT 3 1580571951442 368 5333775012099447112
HIT 3 1589161886034 370 12147228515320921069
HIT 3 1958529073490 456 15582192917995241740
HIT 3 1589161951570 370 5333775012099447112
HIT 3 1958529139026 456 15392657331901787963
HIT 3 1589162017106 370 18122743280470523248
HIT 3 1949939269970 454 13705147056637549849
HIT 3 1958529204562 456 13020457388774600131
HIT 3 1962824171858 457 4891177031329012694
HIT 3 1967119139154 458 15558269525020234302
HIT 3 1589162082642 370 2939959188146599844
HIT 3 1597752017234 372 18122743280470523248
HIT 3 1958529270098 456 18220867221656074945
HIT 3 1597752082770 372 16703580425667431035
HIT 3 1602047050066 373 6357120240465851740
HIT 3 1606342017362 374 1672367707329222386
HIT 3 1610636984658 375 7455590975694072130
HIT 3 1614931951954 376 13526946061937184488
HIT 3 1619226919250 377 3098800086174783529
HIT 3 1623521886546 378 4551437616494378906
HIT 3 1627816853842 379 12096968233371981158
HIT 3 1632111821138 380 14879891393683789119
HIT 3 1636406788434 381 8786540061152046663
HIT 3 1640701755730 382 16428304106748427429
HIT 3 1644996723026 383 6128745240293833255
HIT 3 1649291690322 384 1190092221758328028
HIT 3 1653586657618 385 10638596840257117642
HIT 3 1657881624914 386 1874586143154838358
HIT 3 1662176592210 387 5421541988583366079
HIT 3 1666471559506 388 15342598414692265511
HIT 3 1670766526802 389 2036992460109695048
HIT 3 1675061494098 390 12103212927873947960
HIT 3 1679356461394 391 7803140925359500288
HIT 3 1683651428690 392 14724258301674877584
HIT 3 1687946395986 393 13389372941194596375
HIT 3 1692241363282 394 7705480174329846512
HIT 3 1696536330578 395 5231012074019344923
HIT 3 1700831297874 396 2678269920798538667
HIT 3 1705126265170 397 5526524292367897148
HIT 3 1709421232466 398 17539683638853072904
HIT 3 1713716199762 399 12353779608246737268
HIT 3 1718011167058 400 9436202784396318664
HIT 3 1722306134354 401 12885015996610753222
HIT 3 1726601101650 402 5372983812713836455
HIT 3 1730896068946 403 5928113406631509514
HIT 3 1735191036242 404 4895621982261499771
HIT 3 1739486003538 405 13842356529072080025
HIT 3 1743780970834 406 3352636684893737071
HIT 3 1748075938130 407 6082897983284821216
HIT 3 1752370905426 408 8633857932659530081
HIT 3 1756665872722 409 2928845108457956896
HIT 3 1760960840018 410 15374244204978410356
HIT 3 1765255807314 411 6228088836292727691
HIT 3 1769550774610 412 5083278211387127512
HIT 3 1773845741906 413 11761399159955364336
HIT 3 1778140709202 414 15181975576196924034
HIT 3 1782435676498 415 13833084948635373906
HIT 3 1786730643794 416 14778256484328039121
HIT 3 1791025611090 417 13816621121284773696
HIT 3 1795320578386 418 17171314448179969555
HIT 3 1799615545682 419 4264188141728879359
HIT 3 1803910512978 420 16159796754501325365
HIT 3 1808205480274 421 2562211261636480069
HIT 3 1812500447570 422 1851514773256817245
HIT 3 1816795414866 423 12980690558470519448
HIT 3 1821090382162 424 5609493982133973617
HIT 3 1825385349458 425 10863158436989642032
HIT 3 1829680316754 426 15131591090859107337
HIT 3 1833975284050 427 17170995372488656149
HIT 3 1838270251346 428 7167632031304518687
HIT 3 1842565218642 429 5240219401995652747
HIT 3 1846860185938 430 2285921828247549122
HIT 3 1851155153234 431 10234206982553775154
HIT 3 1855450120530 432 12985893191200977019
HIT 3 1859745087826 433 10715968240334236141
HIT 3 1864040055122 434 15490140640363195325
HIT 3 1868335022418 435 1693774335607239375
HIT 3 1872629989714 436 3264514265754866282
HIT 3 1876924957010 437 15894772161086187577
HIT 3 1881219924306 438 14869081544945942328
HIT 3 1885514891602 439 2723528974714291594
HIT 3 1889809858898 440 2091253670805655090
HIT 3 1894104826194 441 5340442453553135486
HIT 3 1898399793490 442 5757603359413017417
HIT 3 1902694760786 443 47757486467948945
HIT 3 1906989728082 444 16910121044546093303
HIT 3 1911284695378 445 2957688309360606217
HIT 3 1915579662674 446 8738259811432058310
HIT 3 1919874629970 447 6837156779547768253
HIT 3 1924169597266 448 6420331593743274510
HIT 3 1928464564562 449 2326114313566658108
HIT 3 1932759531858 450 2440769039909246608
HIT 3 1937054499154 451 9185708448467303357
HIT 3 1941349466450 452 9126902052540116081
HIT 3 1945644433746 453 15832447975413073087
HIT 3 1949939401042 454 8214355303199347846
HIT 3 1954234368338 455 13102694697578676868
HIT 3 1958529335634 456 15107832077282177905
HIT 3 1962824302930 457 4859808028827994248
HIT 3 1967119270226 458 18076182361742979012
HIT 3 1971414237522 459 6762440872156354504
HIT 3 1975709204818 460 11270849445242186444
HIT 3 1980004172114 461 6014413351751113303
HIT 3 1984299139410 462 581077412701919206
HIT 3 1988594106706 463 7799980369490977338
HIT 3 1992889074002 464 2231595011792576085
HIT 3 1997184041298 465 1668288765268936559
HIT 3 2001479008594 466 16626336677846113282
HIT 3 2005773975890 467 11258503338046922580
HIT 3 2010068943186 468 1258650276299238685
HIT 3 2014363910482 469 13185623957089557755
HIT 3 2018658877778 470 15644136929642783143
HIT 3 2022953845074 471 2549489222864606592
HIT 3 2027248812370 472 2298076534338418361
HIT 3 2031543779666 473 11212993762878420347
HIT 3 2035838746962 474 12382423246246446491
HIT 3 2040133714258 475 16667140803644651879
HIT 3 2044428681554 476 18004035324102461911
HIT 3 2048723648850 477 13705710725971222061
HIT 3 2053018616146 478 10727912977077622916
HIT 3 2057313583442 479 15497008662547102446
HIT 3 2061608550738 480 5995622913540509643
HIT 3 2065903518034 481 13996370843124777155
HIT 3 2070198485330 482 2100805928843975865
HIT 3 2074493452626 483 5084910043890325277
HIT 3 2078788419922 484 17526885191329612024
HIT 3 2083083387218 485 12638356070883794762
HIT 3 2087378354514 486 13451615351488531180
HIT 3 2091673321810 487 10751378900154729258
HIT 3 2095968289106 488 10548520688535140724
HIT 3 2100263256402 489 3421788251071391625
HIT 3 2104558223698 490 9471279568836891563
HIT 3 2108853190994 491 6370222141671981885
HIT 3 2113148158290 492 6645976598826925225
HIT 3 2117443125586 493 12280786778499465005
HIT 3 2121738092882 494 307317672429018131
HIT 3 2126033060178 495 8700374059098170289
HIT 3 2130328027474 496 9832913856645815689
HIT 3 2134622994770 497 15725783641150177258
HIT 3 2138917962066 498 4580818809219864469
HIT 3 2143212929362 499 3400504608896776603
HIT 3 2147507896658 500 12681391840353989003
HIT 3 2151802863954 501 10332527019764156051
HIT 3 2156097831250 502 7573096395012977537
HIT 3 2160392798546 503 11598114423691637190
HIT 3 2164687765842 504 3308391236913747571
HIT 3 2168982733138 505 14381918765325037716
HIT 3 2173277700434 506 11533103911340174848
HIT 3 2177572667730 507 10539383349188966861
HIT 3 2181867635026 508 10149397231623665228
HIT 3 2186162602322 509 838649416549489807
HIT 3 2190457569618 510 15287145465630952330
HIT 3 2194752536914 511 2044464126201966385
HIT 3 1597752148306 372 16551412887873772478
HIT 3 1602047115602 373 7455590975694072130
HIT 3 1606342082898 374 16703580425667431035
HIT 3 1949939466578 454 2143937441374097849
HIT 3 1958529401170 456 10878804904077318048
HIT 3 1962824368466 457 10103086061146481424
HIT 3 1967119335762 458 8466774443446843192
HIT 3 1949939532114 454 11518702650664960771
HIT 3 1958529466706 456 18416105515543931782
HIT 3 1962824434002 457 12307520183515787113
HIT 3 1967119401298 458 5213662279197229297
HIT 3 1606342213970 374 7097096515217648400
HIT 3 1958529532242 456 7027363267730992684
HIT 3 1958529597778 456 2888054461404538258
HIT 3 1958529663314 456 17956276601722900844
HIT 3 1958529728850 456 5699563302632904545
HIT 3 1958529794386 456 17426282181996793558
HIT 3 1958529859922 456 5424916609855646831
HIT 3 1958529925458 456 1173727321949301034
HIT 3 1958529990994 456 7024809477728071631
HIT 3 1958530056530 456 10975792830521155539
HIT 3 1958530122066 456 5866781752113630167
HIT 3 1958530187602 456 5322934298737431006
HIT 3 1958530253138 456 3670976327201923493
HIT 3 1958530318674 456 13153535877395680527
HIT 3 1958530384210 456 4715723995008979208
HIT 3 1958530449746 456 11230656144563297176
HIT 3 1958530515282 456 1604487322039242549
HIT 3 1958530580818 456 14973189743105980076
HIT 3 1958530646354 456 4634391891178635642
HIT 3 1958530711890 456 14112518008259256305
HIT 3 1958530777426 456 3554894763227459013
HIT 3 1958530842962 456 11558733091116726679
HIT 3 1958530908498 456 12525718655262477974
HIT 3 1958530974034 456 16096172749384215288
HIT 3 1958531039570 456 13525723000297868005
HIT 3 1958531105106 456 1274703342815330682
HIT 3 1949939401043 454 13282300921745422857
HIT 3 1958529335635 456 5949156002206386600
HIT 3 1962824302931 457 11376458963013735073
HIT 3 1967119270227 458 11665823857461396018
HIT 3 1597752148307 372 15072886704971446002
HIT 3 1958529401171 456 1188854180329646998
HIT 3 1958529466707 456 11233744147646634369
HIT 3 1958531170642 456 5469577860625187971
HIT 3 1958531236178 456 17264418150355703237
HIT 3 1958531301714 456 18092847411135682501
HIT 3 1958531367250 456 15376711993064555909
HIT 3 1958531432786 456 15127728742626257106
HIT 3 1958531498322 456 5086291532032275636
HIT 3 1958531563858 456 6277559526082116666
HIT 3 1958531629394 456 12393530902501506382
HIT 3 1958531694930 456 17107796079138392325
HIT 3 1958531760466 456 12019753090063380534
HIT 3 1958531826002 456 16601806850227155646
HIT 3 1958531891538 456 16494673329989825131
HIT 3 1958531957074 456 8682695880665776588
HIT 3 1958532022610 456 16891082040197169525
HIT 3 1958532088146 456 2449360834660353498
HIT 3 1958532153682 456 6601150290519964372
HIT 3 1958532219218 456 17575121527585507854
HIT 3 1958532284754 456 14462927634134688373
HIT 3 1958532350290 456 7137368125512005765
HIT 3 1958532415826 456 1815560463220745448
HIT 3 1958532481362 456 4038891354995020555
HIT 3 1958532546898 456 15316550889087498130
HIT 3 1958532612434 456 2231079174533625396
HIT 3 1958532677970 456 17640749495677333191
HIT 3 1958532743506 456 12933116186019170659
HIT 3 1958532809042 456 11024913542437510362
HIT 3 1958532874578 456 6501467197687715540
HIT 3 1958532940114 456 15669480558462605218
HIT 3 1958533005650 456 11851557471456604643
HIT 3 1958533071186 456 7884969373852462721
HIT 3 1958533136722 456 9186170819415552033
HIT 3 1958533202258 456 15153133091930302909
HIT 3 1958533267794 456 8917204424796546978
HIT 3 1958533333330 456 6484368417723717571
HIT 3 1958533398866 456 5424398521796162897
HIT 3 1958533464402 456 9236061161244003078
HIT 3 1958533529938 456 6546304705716033180
HIT 3 1958533595474 456 4858410105905782013
HIT 3 1958533661010 456 7036772955272391591
HIT 3 1958533726546 456 7166877230058640962
HIT 3 1958533792082 456 2152894589340385597
HIT 3 1958533857618 456 10903263366483332106
HIT 3 1958533923154 456 9977551873234642684
HIT 3 1958533988690 456 12312835974569985615
HIT 3 1958534054226 456 9878778199919058663
HIT 3 1958534119762 456 13076261132692453851
HIT 3 1958534185298 456 11120930935387144204
HIT 3 1958534250834 456 6314881771534916290
HIT 3 1958534316370 456 2727467696624113518
HIT 3 1958534381906 456 13880605913699233943
HIT 3 1958534447442 456 5797338071072445154
HIT 3 1958534512978 456 9601375964666739971
HIT 3 1958534578514 456 12868971035345292159
HIT 3 1958534644050 456 3990526043273918712
HIT 3 1949944774994 454 3276205818778376881
HIT 3 1958534709586 456 9379514637284273374
HIT 3 1958534775122 456 3276205818778376881
HIT 3 1958534840658 456 17811822719244696737
HIT 3 1958534906194 456 9876969554818180266
HIT 3 1967124840786 458 17811822719244696737
HIT 3 1967124906322 458 8458958126952879648
HIT 3 1971419873618 459 13202939328579161833
HIT 3 1975714840914 460 17876179408276876474
HIT 3 1980009808210 461 17058451797271064518
HIT 3 1984304775506 462 6331517177812781761
HIT 3 1988599742802 463 13832587411621462298
HIT 3 1992894710098 464 17396777170825506838
HIT 3 1997189677394 465 2605338801258755227
HIT 3 2001484644690 466 14720685810803286922
HIT 3 2005779611986 467 8580785360011470567
HIT 3 2010074579282 468 16161080295129812900
HIT 3 2014369546578 469 14894437276544147012
HIT 3 2018664513874 470 4144630948914487841
HIT 3 2022959481170 471 13121194303088754500
HIT 3 2027254448466 472 7799871640905005191
HIT 3 2031549415762 473 12407839053090937429
HIT 3 2035844383058 474 6454154842948109937
HIT 3 2040139350354 475 5193851752320629926
HIT 3 2044434317650 476 16846033647352507556
HIT 3 2048729284946 477 7419380517128861339
HIT 3 2053024252242 478 76832171777194861
HIT 3 2057319219538 479 3587818588676483310
HIT 3 2061614186834 480 18358391609060686660
HIT 3 2065909154130 481 8962353015440511842
HIT 3 2070204121426 482 11803341824433930207
HIT 3 2074499088722 483 14558198778264260452
HIT 3 2078794056018 484 6009251559692875521
HIT 3 2083089023314 485 12468049592172607492
HIT 3 2087383990610 486 4247542641437758676
HIT 3 2091678957906 487 16318100477808175194
HIT 3 2095973925202 488 7898589396169610160
HIT 3 2100268892498 489 4251947199467724685
HIT 3 2104563859794 490 13770391671679548727
HIT 3 2108858827090 491 11549990760455558055
HIT 3 2113153794386 492 14171231804117968407
HIT 3 2117448761682 493 12385811206454102101
HIT 3 2121743728978 494 8784145626726624270
HIT 3 2126038696274 495 5516841674311848522
HIT 3 2130333663570 496 7338545749046467167
HIT 3 2134628630866 497 10855709015194666561
HIT 3 2138923598162 498 12043411291686598158
HIT 3 2143218565458 499 9755407990305882725
HIT 3 2147513532754 500 7156741028790581854
HIT 3 2151808500050 501 15650443307283372717
HIT 3 2156103467346 502 1385661479897949052
HIT 3 2160398434642 503 14875924114073107500
HIT 3 2164693401938 504 10580450919288099470
HIT 3 2168988369234 505 3455579456509240693
HIT 3 2173283336530 506 10276250885705522641
HIT 3 2177578303826 507 2825141935399235288
HIT 3 2181873271122 508 17556777176095822667
HIT 3 2186168238418 509 16509300096382381729
HIT 3 2190463205714 510 6820002306477608927
HIT 3 1967124971859 458 18369456889599840014
HIT 3 2194758173010 511 14279592341414968345
HIT 3 1967124971858 458 11805612633151504304
HIT 3 1971419939154 459 17058451797271064518
HIT 3 1975714906450 460 8458958126952879648
HIT 3 1975715037522 460 6476426730514994668
HIT 3 1589160313173 370 719797436616417209
HIT 3 1958527500629 456 1944443911555408674
HIT 3 1958529204564 456 2459116936161871543
HIT 3 1949939401044 454 16747769915107235999
HIT 3 1958529335636 456 4926310774867120831
HIT 3 1962824302932 457 13498159278897008053
HIT 3 1967119270228 458 743655451968507350
HIT 3 1597752148308 372 719797436616417209
HIT 3 1958529401172 456 1419197943216819240
HIT 3 1958529466708 456 396233252665616636
HIT 3 1958529335638 456 3943880515556836587
HIT 3 1958529335637 456 692571112028253233
HIT 3 1958529335639 456 11802839284145235415
HIT 3 1967124971860 458 1944443911555408674
HIT 3 1958529335640 456 16352435470432415647
HIT 3 1958529335641 456 503887798375412005
HIT 3 1958529335642 456 10393716996822878542
HIT 3 1958529335643 456 1727241695214516145
HIT 3 1958529335644 456 5411053287461968214
HIT 3 1958529335645 456 2352891408224658299
HIT 3 1958529335647 456 16206804072176963656
HIT 3 1958529335646 456 13822305803293575211
HIT 3 1958529335648 456 2933268653585539605
HIT 3 1958529335649 456 6586120584229971696
HIT 3 1958529335650 456 14611915305349842495
HIT 3 1958529335652 456 6979858561465775799
HIT 3 1958529335653 456 3676199784178525231
HIT 3 1958529335651 456 11609022760257495235
HIT 3 1958529335654 456 9111907248013636980
HIT 3 1958529335655 456 307185742375434560
HIT 3 1958529335656 456 1922666831845416859
HIT 3 1958529335657 456 13576435781945735515
HIT 3 1958529335658 456 14964180820259956293
HIT 3 1958529335659 456 12072677270100109039
HIT 3 1958529335660 456 14382373521223543774
HIT 3 1958529335661 456 6595050542520592390
HIT 3 1958529335664 456 14776900940910053179
HIT 3 1958529204590 456 16762166688698613764
HIT 3 1958529335662 456 9106415340843589228
HIT 3 1958529335665 456 751554039043693811
HIT 3 1958529335663 456 16762166688698613764
HIT 3 1958529466737 456 14776900940910053179
HIT 3 1967124971888 458 751554039043693811
HIT 3 1949939532147 454 3487211274851086152
HIT 3 1958529466739 456 5448082803524851568
HIT 3 1962824434035 457 2964446089444677033
HIT 3 1967119401331 458 13908493627243180607
HIT 3 1606342214003 374 7575532552799035001
HIT 3 1958529532275 456 11095657232173291892
HIT 3 1958529597811 456 5800373627282171654
HIT 3 1958529466738 456 5800373627282171654
HIT 3 1958529532274 456 17131991980367141791
HIT 3 1958529597810 456 2790159370183112496
HIT 3 1958529663346 456 11095657232173291892
HIT 3 1958529728882 456 4224756028633833090
HIT 3 1958529794418 456 16729065312576696272
HIT 3 1958529859954 456 6843642548242903365
HIT 3 1958529925490 456 2454595710257312156
HIT 3 1958529991026 456 3412262416432155996
HIT 3 1958530056562 456 11577360704118748940
HIT 3 1958530122098 456 16123153393010651200
HIT 3 1958530187634 456 3997228938867755940
HIT 3 1958530253170 456 10778441061087409007
HIT 3 1958530318706 456 13872800748450570137
HIT 3 1958530384242 456 16231747196334441605
HIT 3 1958530449778 456 6464324733295865818
HIT 3 1958530515314 456 13541792871453729100
HIT 3 1958530580850 456 3760343503936342242
HIT 3 1958530646386 456 3506013849570365607
HIT 3 1958530711922 456 3157157095690416088
HIT 3 1958530777458 456 5691189247105981358
HIT 3 1958530842994 456 1762517313838569848
HIT 3 1958530908530 456 11492751893036807120
HIT 3 1958530974066 456 16702041678981329059
HIT 3 1958531039602 456 8204651448163562835
HIT 3 1958531105138 456 17534471651909980423
HIT 3 1958531170674 456 9416841252744913453
HIT 3 1958531236210 456 2304243983873340639
HIT 3 1958531301746 456 10295526697756112999
HIT 3 1958531367282 456 5948590222024678565
HIT 3 1958531432818 456 9837845808928378216
HIT 3 1958531498354 456 13648347517606317071
HIT 3 1958531563890 456 4490665464672913206
HIT 3 1958531629426 456 7587020372911079187
HIT 3 1958529597813 456 12087915248851246368
HIT 3 1958531694962 456 14531112460762933222
HIT 3 1958531760498 456 1531010789064935005
HIT 3 1958531826034 456 11894350731177294724
HIT 3 1958531891570 456 3362169466910503050
HIT 3 1958531957106 456 15111549697433630069
HIT 3 1958532022642 456 14040761218297156887
HIT 3 1958532088178 456 1706547366805156758
HIT 3 1958532153714 456 8927198153100527041
HIT 3 1958532219250 456 11890389965158674451
HIT 3 1958532284786 456 16870191360738763390
HIT 3 1958532350322 456 17058713774897845789
HIT 3 1958532415858 456 11091399965966237574
HIT 3 1958532481394 456 3995185386082734614
HIT 3 1958532546930 456 3447244604605613848
HIT 3 1958532612466 456 3945394077058762074
HIT 3 1958532678002 456 4877447604170968225
HIT 3 1958532743538 456 7885308769717327193
HIT 3 1958532809074 456 3210777209023022172
HIT 3 1958532874610 456 9562180435258191840
HIT 3 1958532940146 456 8198482250759922830
HIT 3 1958533005682 456 15837522078086817668
HIT 3 1958533071218 456 2012793512730664749
HIT 3 1958533136754 456 2690072539601085009
HIT 3 1958533202290 456 4285176075462939665
HIT 3 1958533267826 456 9698491392566654847
HIT 3 1958533333362 456 3012462398736760635
HIT 3 1958533398898 456 16411641380731945706
HIT 3 1958533464434 456 776210998187171051
HIT 3 1958533529970 456 11099144339202168444
HIT 3 1958533595506 456 14937082090100229910
HIT 3 1958533661042 456 362441133884198664
HIT 3 1958533726578 456 14410210966522068048
HIT 3 1958533792114 456 16638902582434781627
HIT 3 1958533857650 456 2250703200774226533
HIT 3 1958533923186 456 8240483607441918623
HIT 3 1958533988722 456 7498934255640881601
HIT 3 1958534054258 456 1077327720538784879
HIT 3 1958534119794 456 6314635087216041118
HIT 3 1958534185330 456 6246840780630417859
HIT 3 1958534250866 456 10075996971671588905
HIT 3 1958534316402 456 5958447472627491676
HIT 3 1958534381938 456 15091736325873533878
HIT 3 1958534447474 456 9719619834309916671
HIT 3 1958534513010 456 13076022833998513342
HIT 3 1958534578546 456 8408596838706026714
HIT 3 1958534644082 456 10953955254374382717
HIT 3 1949944775026 454 10929022969413324346
HIT 3 1958534709618 456 6511859719546890022
HIT 3 1958534775154 456 10929022969413324346
HIT 3 1958534840690 456 13887380234944544793
HIT 3 1958534906226 456 3487211274851086152
HIT 3 1967124840818 458 13887380234944544793
HIT 3 1967124906354 458 17394763849694008302
HIT 3 1971419873650 459 2964446089444677033
HIT 3 1975714840946 460 8304883024927551495
HIT 3 1980009808242 461 1440375667159116576
HIT 3 1984304775538 462 3474046417652349298
HIT 3 1988599742834 463 17769465923263099774
HIT 3 1992894710130 464 16683528459515504433
HIT 3 1997189677426 465 12153162001024106555
HIT 3 2001484644722 466 3105218725630385906
HIT 3 2005779612018 467 5735465186462674419
HIT 3 2010074579314 468 14949163473386409250
HIT 3 2014369546610 469 10431045671384818273
HIT 3 2018664513906 470 9635935818769595100
HIT 3 2022959481202 471 9562492678917467782
HIT 3 2027254448498 472 8938286906750785051
HIT 3 2031549415794 473 12644976134744272212
HIT 3 2035844383090 474 17124212871632992500
HIT 3 2040139350386 475 12552782014079206258
HIT 3 2044434317682 476 8079955463629173938
HIT 3 2048729284978 477 9171993645557967562
HIT 3 2053024252274 478 278843502139497790
HIT 3 2057319219570 479 14514130856238253584
HIT 3 2061614186866 480 16445697958278817050
HIT 3 2065909154162 481 6560574456446045281
HIT 3 2070204121458 482 1679785996580873123
HIT 3 2074499088754 483 14825937368262063413
HIT 3 2078794056050 484 16515139269046847792
HIT 3 2083089023346 485 13319390678454648285
HIT 3 2087383990642 486 13787210314872665186
HIT 3 2091678957938 487 7184626140695250428
HIT 3 2095973925234 488 14204123475087969440
HIT 3 2100268892530 489 2163262605639293168
HIT 3 2104563859826 490 1532254196712777590
HIT 3 2108858827122 491 7414490517701504495
HIT 3 2113153794418 492 14712967366687604333
HIT 3 2117448761714 493 7451994772887672994
HIT 3 2121743729010 494 13320539427630554580
HIT 3 2126038696306 495 16838199824409295724
HIT 3 2130333663602 496 16962318742705835064
HIT 3 2134628630898 497 8984666855659664796
HIT 3 2138923598194 498 12012662798825249569
HIT 3 2143218565490 499 17323853310126491404
HIT 3 2147513532786 500 17237245111560976545
HIT 3 2151808500082 501 9885459231239606764
HIT 3 2156103467378 502 15853947341435838776
HIT 3 2160398434674 503 1060376705807486847
HIT 3 2164693401970 504 9417410342020258702
HIT 3 2168988369266 505 17196563535710501756
HIT 3 2173283336562 506 3651125246038086446
HIT 3 2177578303858 507 14703016865767306582
HIT 3 2181873271154 508 222383119073938451
HIT 3 2186168238450 509 11583350445568656976
HIT 3 2190463205746 510 4710602731343661201
HIT 3 2194758173042 511 12928790088328991901
HIT 3 1967124971890 458 5448082803524851568
HIT 3 1971419939186 459 1440375667159116576
HIT 3 1975714906482 460 17394763849694008302
HIT 3 1975715037554 460 13908493627243180607
HIT 3 1967124971891 458 17131991980367141791
HIT 3 1967124971892 458 12087915248851246368
HIT 3 1975715037641 460 9470921758550294996
DONE data/p_c0.txt sz=3 range=[0,512) n=22108160 zero=0 20.4s
