HIT 1 59 59 977237961008521009
HIT 1 79 79 15217954104597150876
HIT 1 86 86 2651058145003276782
HIT 1 235 235 11576121995024407575
HIT 1 372 372 4681480247356840520
DONE data/p_ones.txt sz=1 range=[0,512) n=512 zero=0 0.1s
HIT 2 5177401 79 11798003064534405743
HIT 2 5636153 86 3997239014636870252
HIT 2 15401017 235 8821523656152796922
HIT 2 24379449 372 4036075948792690671
HIT 2 3997754 61 977237961008521009
HIT 2 5177402 79 13145290461314106834
HIT 2 5636154 86 8905971054944346825
HIT 2 15401018 235 8427657916301612913
HIT 2 5046331 77 7614191414672425517
HIT 2 5111867 78 5510959814333607977
HIT 2 5177403 79 135571452200982007
HIT 2 5308475 81 14597548642928638683
HIT 2 5505083 84 14407473237232032028
HIT 2 5636155 86 2101056633317979165
HIT 2 5701691 87 16557270108141835456
HIT 2 5767227 88 2446180536920036195
HIT 2 15269947 233 730185552328891661
HIT 2 15335483 234 13773087359348043755
HIT 2 15401019 235 716365503620312054
HIT 2 15532091 237 13345159397197574523
HIT 2 24248379 370 9167548702941316861
HIT 2 24379451 372 10103537773102944735
HIT 2 24444987 373 14076395275044837124
HIT 2 24510523 374 10668664608928585977
HIT 2 5177405 79 9777305677346477076
HIT 2 5636157 86 11885080329013538533
HIT 2 15401021 235 16080907810635445739
HIT 2 24379453 372 11238520917123992018
HIT 2 24379450 372 1359209134884689015
HIT 2 5636173 86 11340033037161465063
HIT 2 15401037 235 17213152314368875167
HIT 2 5308494 81 15217954104597150876
HIT 2 5636174 86 15820887351527369494
HIT 2 24379469 372 2518350976946841543
HIT 2 15401038 235 12100431237688838379
HIT 2 24379470 372 11798710544278472380
HIT 2 5505103 84 10517831901337825131
HIT 2 5636175 86 3953068085892347845
HIT 2 5701711 87 12771700166533525274
HIT 2 5767247 88 1717920763871273762
HIT 2 15269967 233 7464826385116081217
HIT 2 15335503 234 8176547676784488626
HIT 2 15401039 235 16957215989298803863
HIT 2 15532111 237 18003958850286097114
HIT 2 24248399 370 5181707651457031923
HIT 2 24379471 372 12799486990697645636
HIT 2 24445007 373 14336515549700304687
HIT 2 24510543 374 8453641956646032374
HIT 2 5636177 86 5005795956344651499
HIT 2 15401041 235 15092960768617870242
HIT 2 24379473 372 11379816437014326758
HIT 2 15401044 235 7094901596783921998
HIT 2 24379476 372 2330482809689790874
HIT 2 15269974 233 4905654512852613381
HIT 2 15335510 234 15929559209506488561
HIT 2 15401046 235 15867546500792459279
HIT 2 15532118 237 10496022105936571599
HIT 2 24248406 370 12313300341260312420
HIT 2 24379478 372 9916594022305017636
HIT 2 24445014 373 2441873170088757836
HIT 2 24510550 374 16576378507196567759
HIT 2 5767255 88 2651058145003276782
HIT 2 15401047 235 4519239154845277118
HIT 2 24379479 372 1180712436113171116
HIT 2 15401048 235 14144572634447599720
HIT 2 24379480 372 10771650163444240683
HIT 2 24379625 372 7150421657837254370
HIT 2 15532266 237 11576121995024407575
HIT 2 24379626 372 4615568633962109993
HIT 2 24248555 370 8226121552410447825
HIT 2 24379627 372 11383902130262251383
HIT 2 24445163 373 15557558144039860325
HIT 2 24510699 374 16184750394405220708
HIT 2 24379629 372 18296960794918073715
HIT 2 24510837 374 4681480247356840520
DONE data/p_ones.txt sz=2 range=[0,512) n=130560 zero=0 0.3s
HIT 3 339306283010 79 9558565532022493572
HIT 3 369371054082 86 4863604043489108965
HIT 3 1009321181186 235 5962840811861723462
HIT 3 1597731700738 372 15140934475924020882
HIT 3 339306283009 79 7854721749504618650
HIT 3 369371054081 86 4819945664182201427
HIT 3 1009321181185 235 4083076510645857788
HIT 3 1597731700737 372 13052873611594812819
HIT 3 369372364802 86 16188602551878425383
HIT 3 1009322491906 235 9834656457167802967
HIT 3 1597733011458 372 12146986757628635019
HIT 3 1009322950658 235 15419481029021384305
HIT 3 1597733470210 372 4751176797333489938
HIT 3 339306283011 79 17642755674531314584
HIT 3 369371054083 86 8238436170257861506
HIT 3 1009321181187 235 16387331608164196163
HIT 3 1597731700739 372 14817161683760401164
HIT 3 339306283008 79 10357692642544421399
HIT 3 369371054080 86 9641950334515317583
HIT 3 1009321181184 235 14378353091181901434
HIT 3 1597731700736 372 16852044075430004514
HIT 3 369372364801 86 3843049967603119491
HIT 3 1009322491905 235 3583147638814421868
HIT 3 1597733011457 372 15762559940593269370
HIT 3 369372364803 86 15546136164597069559
HIT 3 1009322491907 235 17489669738324816964
HIT 3 1597733011459 372 10396656684515130426
HIT 3 1009322950657 235 14069979360326424786
HIT 3 1597733470209 372 14752295306736492789
HIT 3 1009322950659 235 2487447837926278878
HIT 3 1597733470211 372 5079399582049438355
HIT 3 369372364800 86 7095125562949913976
HIT 3 1009322491904 235 4521207480048112315
HIT 3 1597733011456 372 17692471504615813278
HIT 3 1009322950656 235 12034736593849308705
HIT 3 1597733470208 372 12260365114014617771
HIT 3 1597743235074 372 7158047634651377115
HIT 3 1597743235073 372 17155695389196939091
HIT 3 1597743235075 372 1347567215136854365
HIT 3 1597743235072 372 14944419214925426296
HIT 3 339306283013 79 3145728731418578959
HIT 3 369371054085 86 13180858699206949034
HIT 3 1009321181189 235 14535200126387506537
HIT 3 1597731700741 372 9968695866548164143
HIT 3 369372364805 86 11516709036763752951
HIT 3 1009322491909 235 6506610689175797777
HIT 3 1597733011461 372 12628399969117943229
HIT 3 1009322950661 235 9166412812586101221
HIT 3 1597733470213 372 653732858023099103
HIT 3 339306283014 79 13364852507487596403
HIT 3 369371054086 86 5183150549872161702
HIT 3 1009321181190 235 563132976028008854
HIT 3 1597731700742 372 1877734697144294235
HIT 3 339306283012 79 12990260976662091594
HIT 3 369371054084 86 1679503654832675863
HIT 3 1009321181188 235 6353811376117937785
HIT 3 1597731700740 372 13205532482257710698
HIT 3 369372364806 86 14075347426580031558
HIT 3 1009322491910 235 13432177290852531189
HIT 3 1597733011462 372 103312594162217145
HIT 3 1009322950662 235 8350612165088654820
HIT 3 1597733470214 372 2549433881537435252
HIT 3 369372364804 86 17829484833768855474
HIT 3 1009322491908 235 11912107588703704242
HIT 3 1597733011460 372 2340488102974337316
HIT 3 1009322950660 235 776663247376353725
HIT 3 1597733470212 372 17076308019336756398
HIT 3 339306283015 79 6251509446452395879
HIT 3 369371054087 86 16648256910481691827
HIT 3 1009321181191 235 8005977339208214006
HIT 3 1597731700743 372 2109857592168573969
HIT 3 1597743235077 372 2995167978034845573
HIT 3 369372364807 86 12643702423357535341
HIT 3 1009322491911 235 18007228014048149275
HIT 3 1597733011463 372 14542559085588276230
HIT 3 1009322950663 235 3022480863244691929
HIT 3 1597733470215 372 18205784425440844012
HIT 3 1597743235078 372 13189062446003447996
HIT 3 1597743235076 372 2705001353076304049
HIT 3 1597743235079 372 11818452969603788324
HIT 3 339306283016 79 16049944322210145592
HIT 3 369371054088 86 7094625085534465344
HIT 3 1009321181192 235 11914777474304015617
HIT 3 1597731700744 372 16071928332143162458
HIT 3 339306283017 79 10460628088007689992
HIT 3 369371054089 86 4146026798225748979
HIT 3 1009321181193 235 61895997887846445
HIT 3 1597731700745 372 7398407469971960771
HIT 3 369372364809 86 2412756462608693580
HIT 3 1009322491913 235 12557494558174210343
HIT 3 1597733011465 372 8374015238672025604
HIT 3 369372364808 86 10035008871355349833
HIT 3 1009322491912 235 5172634425440393371
HIT 3 1597733011464 372 9866548983712278178
HIT 3 1009322950665 235 1955650912428873145
HIT 3 1597733470217 372 9733626212538595897
HIT 3 1009322950664 235 9257519604591180338
HIT 3 1597733470216 372 7834692692256097880
HIT 3 339306283018 79 1844807201891476208
HIT 3 369371054090 86 1620235607976994054
HIT 3 1009321181194 235 6997808650157038851
HIT 3 1597731700746 372 646756394271458068
HIT 3 339306283019 79 7868635980423244511
HIT 3 369371054091 86 15136430187204454509
HIT 3 1009321181195 235 4493935785844003888
HIT 3 1597731700747 372 13677913465701461062
HIT 3 369372364810 86 6557916318052147006
HIT 3 1009322491914 235 11311425531654028275
HIT 3 1597733011466 372 3265921799589891694
HIT 3 369372364811 86 2082541110497265545
HIT 3 1009322491915 235 5185012209257818578
HIT 3 1597733011467 372 12890872127344460199
HIT 3 1009322950667 235 13853427766539853759
HIT 3 1597733470219 372 2294139607362450666
HIT 3 1009322950666 235 12546429286328829098
HIT 3 1597733470218 372 17838845268732831237
HIT 3 1597743235081 372 5397976356266465658
HIT 3 1597743235083 372 15958873834839443070
HIT 3 1597743235080 372 18276960731218822472
HIT 3 339306283020 79 15711149944078197706
HIT 3 369371054092 86 1581563464306011257
HIT 3 1009321181196 235 9216270523205377097
HIT 3 1597731700748 372 14124399919142564759
HIT 3 1597743235082 372 6031800433374814439
HIT 3 369372364812 86 975259625433590404
HIT 3 1009322491916 235 12941598730853249816
HIT 3 1597733011468 372 4113707371451276242
HIT 3 1009322950668 235 393787192089918346
HIT 3 1597733470220 372 13324151154082690194
HIT 3 339306283021 79 10352113284177560055
HIT 3 369371054093 86 10627669308906760062
HIT 3 1009321181197 235 12256422527935656494
HIT 3 1597731700749 372 2313230279605574877
HIT 3 369372364813 86 8416667245445375850
HIT 3 1009322491917 235 9457177666366135075
HIT 3 1597733011469 372 16508484251234685072
HIT 3 1009322950669 235 621825083643849850
HIT 3 1597733470221 372 4332308154937897306
HIT 3 339306283022 79 894589862950575439
HIT 3 369371054094 86 126734915754769921
HIT 3 1009321181198 235 16583564037077376692
HIT 3 1597731700750 372 12119895159213751732
HIT 3 1597743235084 372 10930685754986035763
HIT 3 369372364814 86 6921331036591365040
HIT 3 1009322491918 235 13820505995869910146
HIT 3 1597733011470 372 5506809662784123392
HIT 3 339306283023 79 15509035759342785669
HIT 3 369371054095 86 11523194374139980451
HIT 3 1009321181199 235 5419225287048156035
HIT 3 1009322950670 235 10392159802388036143
HIT 3 1597733470222 372 18367095473221952400
HIT 3 1597731700751 372 9080652877055531319
HIT 3 369372364815 86 8369128265405470306
HIT 3 1009322491919 235 8699655787657844873
HIT 3 1597733011471 372 8285563877299985031
HIT 3 1009322950671 235 18149798884594447504
HIT 3 1597733470223 372 4461308768122860873
HIT 3 1597743235085 372 9218106292757919781
HIT 3 1597743235086 372 16728398450500744448
HIT 3 339306283024 79 388322280743537530
HIT 3 369371054096 86 12103950446517995793
HIT 3 1009321181200 235 13077996335666536286
HIT 3 1597731700752 372 5624706416817352621
HIT 3 1597743235087 372 12703660826601371732
HIT 3 369372364816 86 7650246088660395239
HIT 3 1009322491920 235 4622477335127798081
HIT 3 1597733011472 372 14377313578069123372
HIT 3 1009322950672 235 15542081975233597376
HIT 3 1597733470224 372 16682066337566171625
HIT 3 1597743235088 372 1163841349649889376
HIT 3 339306283026 79 11749473092316197147
HIT 3 369371054098 86 1851967954259582656
HIT 3 1009321181202 235 8096369834522905959
HIT 3 1597731700754 372 14716195568167267193
HIT 3 339306283025 79 10666914058070571811
HIT 3 369371054097 86 8487013117806028046
HIT 3 1009321181201 235 9156623914587806963
HIT 3 1597731700753 372 4817990255660112945
HIT 3 369372364818 86 16357710940684585904
HIT 3 1009322491922 235 642248410346255000
HIT 3 1597733011474 372 15478087804504827029
HIT 3 1009322950674 235 16252990531251832439
HIT 3 1597733470226 372 3266782124464290946
HIT 3 369372364817 86 9811134285513306846
HIT 3 1009322491921 235 16498817318058940022
HIT 3 1597733011473 372 5262565971724324670
HIT 3 1009322950673 235 10499214210880145553
HIT 3 1597733470225 372 1582127928743096851
HIT 3 339306283027 79 15052435652516080151
HIT 3 369371054099 86 11780028659486889999
HIT 3 1009321181203 235 16046319990119378630
HIT 3 1597731700755 372 5107201078630620172
HIT 3 339306283028 79 16647425332938997387
HIT 3 369371054100 86 17637751881978229646
HIT 3 1009321181204 235 7714414108674571384
HIT 3 1597731700756 372 2668743241958000792
HIT 3 369372364820 86 17429163236854913802
HIT 3 1009322491924 235 10945075768535016333
HIT 3 1597733011476 372 1021891562519637054
HIT 3 1009322950676 235 2592561062664157361
HIT 3 1597733470228 372 12584237885560942080
HIT 3 1597743235090 372 5502854449182056408
HIT 3 369372364819 86 1836158094071079681
HIT 3 1009322491923 235 11628137996946683670
HIT 3 1597733011475 372 3150204795469031015
HIT 3 1009322950675 235 13659662043334213443
HIT 3 1597733470227 372 13487354151065612435
HIT 3 1597743235089 372 5149190905696678986
HIT 3 1597743235092 372 12740220583970434578
HIT 3 339306283029 79 3962383325603202780
HIT 3 369371054101 86 13778743255983141945
HIT 3 1009321181205 235 17099282668795764888
HIT 3 1597731700757 372 12164417134101196227
HIT 3 369372364821 86 6575645093397099587
HIT 3 1009322491925 235 18331553861477657126
HIT 3 1597733011477 372 10145585040189286130
HIT 3 1009322950677 235 10169202023886728874
HIT 3 1597733470229 372 5886348706258264395
HIT 3 1597743235091 372 7173197087618859564
HIT 3 339306283030 79 668727479527287022
HIT 3 369371054102 86 354559457895442123
HIT 3 1009321181206 235 10810373424115554541
HIT 3 1597731700758 372 10235348308740370099
HIT 3 369372364822 86 730284708784462288
HIT 3 1009322491926 235 9212281509434285399
HIT 3 1597733011478 372 8136118913620454012
HIT 3 1009322950678 235 16774554735001743952
HIT 3 1597733470230 372 9257626523433887041
HIT 3 339306283031 79 13216480612108377882
HIT 3 369371054103 86 8505815627410253286
HIT 3 1009321181207 235 855586617002291199
HIT 3 1597731700759 372 15244725623604604015
HIT 3 369372364823 86 11124131696889098655
HIT 3 1009322491927 235 7370142998867517531
HIT 3 1597733011479 372 6500016821182186401
HIT 3 1009322950679 235 14866379943470547680
HIT 3 1597733470231 372 753720924380900212
HIT 3 1597743235093 372 2286819784128948519
HIT 3 1597743235095 372 12756771466933452037
HIT 3 339306283032 79 18070865775118101554
HIT 3 369371054104 86 2501963368071876811
HIT 3 1009321181208 235 3379449327950336192
HIT 3 1597731700760 372 10916620823460087815
HIT 3 1597743235094 372 5138764140385694508
HIT 3 369372364824 86 5353884574674550811
HIT 3 1009322491928 235 15750203799406902429
HIT 3 1597733011480 372 5456503742087489623
HIT 3 1009322950680 235 1903524820444308896
HIT 3 1597733470232 372 5956670094540651805
HIT 3 339306283033 79 2251739227256806622
HIT 3 369371054105 86 14900497215769564267
HIT 3 1009321181209 235 10387925916006037109
HIT 3 1597731700761 372 15589706768337936013
HIT 3 369372364825 86 7938882889361343086
HIT 3 1009322491929 235 625265541656060693
HIT 3 1597733011481 372 11505922063921741589
HIT 3 1009322950681 235 10543354004771718270
HIT 3 1597733470233 372 16172677648620611274
HIT 3 339306283034 79 435516983019759495
HIT 3 369371054106 86 5360530465027041205
HIT 3 1009321181210 235 4131645255616879829
HIT 3 1597731700762 372 4018120173640739335
HIT 3 369372364826 86 9790903692720305699
HIT 3 1009322491930 235 6666894691862671716
HIT 3 1597733011482 372 10732994713266381216
HIT 3 1597743235097 372 676998225403332540
HIT 3 1597743235096 372 6124053430774844769
HIT 3 1009322950682 235 17716467713657035872
HIT 3 1597733470234 372 2170312914662095097
HIT 3 339306283035 79 7361336129489991191
HIT 3 369371054107 86 4772987790458065729
HIT 3 1009321181211 235 7478044138902685580
HIT 3 1597731700763 372 10672484636056783828
HIT 3 369372364827 86 14548191036104994923
HIT 3 1009322491931 235 4671116333913933730
HIT 3 1597733011483 372 8201284663074524295
HIT 3 1009322950683 235 16167124159917356328
HIT 3 1597733470235 372 2607194416398323031
HIT 3 339306283036 79 6370308771824576391
HIT 3 369371054108 86 18323815841304042955
HIT 3 1009321181212 235 6614516744139697936
HIT 3 1597731700764 372 5179739880791963968
HIT 3 369372364828 86 2714397614889794136
HIT 3 1009322491932 235 14036173654638053979
HIT 3 1597733011484 372 5356271741684292854
HIT 3 1009322950684 235 12188630403088641901
HIT 3 1597733470236 372 8559924939495050660
HIT 3 339306283037 79 9150919901008190572
HIT 3 369371054109 86 2260782882888336051
HIT 3 1009321181213 235 18285069003901516107
HIT 3 1597731700765 372 13500905763348440729
HIT 3 1597743235098 372 6821228099592783081
HIT 3 1597743235100 372 10462898274988623082
HIT 3 369372364829 86 2749321868951739719
HIT 3 1009322491933 235 6319719930526243667
HIT 3 1597733011485 372 6477843906434342614
HIT 3 1009322950685 235 1359231104582004058
HIT 3 1597733470237 372 8458399089270643500
HIT 3 1597743235099 372 8960860824165655590
HIT 3 339306283038 79 3599721447220767236
HIT 3 369371054110 86 14820800875797187682
HIT 3 1009321181214 235 5030451071220476825
HIT 3 1597731700766 372 2568395770464598566
HIT 3 369372364830 86 6099661474066405299
HIT 3 1009322491934 235 7890617883929658560
HIT 3 1597733011486 372 11772078564301769428
HIT 3 1009322950686 235 100597995230730204
HIT 3 1597733470238 372 8996145107856804380
HIT 3 1597743235101 372 15766892826204428313
HIT 3 339306283039 79 14552104539637623082
HIT 3 369371054111 86 370633969344055014
HIT 3 1009321181215 235 2626000861103659820
HIT 3 1597731700767 372 6600712470796657658
HIT 3 369372364831 86 13054607387931996648
HIT 3 1009322491935 235 2803481866537848635
HIT 3 1597733011487 372 3824969818262286373
HIT 3 339306283040 79 16804853623520366778
HIT 3 369371054112 86 13103462342769017609
HIT 3 1009321181216 235 18060978401173314685
HIT 3 1597731700768 372 4831118704000893440
HIT 3 1009322950687 235 4118674901139305082
HIT 3 1597733470239 372 6102713897976582941
HIT 3 369372364832 86 1104269135909376291
HIT 3 1009322491936 235 6986530456069119654
HIT 3 1597733011488 372 3843452467728714552
HIT 3 1009322950688 235 818475315674387603
HIT 3 1597733470240 372 3032973225974380822
HIT 3 1597743235102 372 14365406216011540066
HIT 3 339306283041 79 15549857579304760198
HIT 3 369371054113 86 1655907009156020854
HIT 3 1009321181217 235 10807058404568711699
HIT 3 1597731700769 372 14768220945708820137
HIT 3 369372364833 86 7793129669500979534
HIT 3 1009322491937 235 7610843476841355018
HIT 3 1597733011489 372 16381119487694920610
HIT 3 1009322950689 235 8363424796149201622
HIT 3 1597733470241 372 3113870818205259320
HIT 3 339306283042 79 14881529189117112897
HIT 3 369371054114 86 3476171119098455847
HIT 3 1009321181218 235 4504301134045653657
HIT 3 1597731700770 372 7776243189138985073
HIT 3 1597743235103 372 1837489962691034396
HIT 3 369372364834 86 269377635901827871
HIT 3 1009322491938 235 4892431598185139475
HIT 3 1597733011490 372 7457446818646939786
HIT 3 1009322950690 235 12293091202587479903
HIT 3 1597733470242 372 8928892135131032507
HIT 3 1597743235104 372 10666323039140330676
HIT 3 1597743235106 372 13117415824314579266
HIT 3 1597743235105 372 2764507285741852016
HIT 3 339306283043 79 17872177376185397518
HIT 3 369371054115 86 14167810534688919489
HIT 3 1009321181219 235 52713064983717907
HIT 3 1597731700771 372 14766867493765793021
HIT 3 339306283044 79 2100269001653168776
HIT 3 369371054116 86 10050236414140091111
HIT 3 1009321181220 235 12177606219774065539
HIT 3 1597731700772 372 4249565223992318212
HIT 3 369372364835 86 14106010178302514168
HIT 3 1009322491939 235 14122666769737780624
HIT 3 1597733011491 372 2359954072574002914
HIT 3 339306283045 79 2932836244545043518
HIT 3 369371054117 86 1574506667689543302
HIT 3 1009321181221 235 14903891402347977252
HIT 3 1009322950691 235 11587120594467158166
HIT 3 1597731700773 372 507949037528747573
HIT 3 1597733470243 372 12318113977668653922
HIT 3 369372364836 86 4546050254466733806
HIT 3 1009322491940 235 13852799471591520604
HIT 3 1597733011492 372 763281503713224660
HIT 3 1009322950692 235 14036642650676489007
HIT 3 1597733470244 372 8022326359810029188
HIT 3 369372364837 86 2904431198445124888
HIT 3 1009322491941 235 6944343194644140820
HIT 3 1597733011493 372 18295559834073884880
HIT 3 1009322950693 235 10026877402781902540
HIT 3 1597733470245 372 3390712417652047425
HIT 3 339306283046 79 10185402847574856963
HIT 3 369371054118 86 2237722321205881595
HIT 3 1009321181222 235 1094364284665498038
HIT 3 1597731700774 372 18402334006044527883
HIT 3 369372364838 86 16817087253730466482
HIT 3 1009322491942 235 17775822125719313692
HIT 3 1597733011494 372 9300300064165915424
HIT 3 1597743235109 372 10247806406073503800
HIT 3 1009322950694 235 18293428577077241895
HIT 3 1597733470246 372 13437006669357350606
HIT 3 339306283047 79 12945407357303676762
HIT 3 369371054119 86 11354255202867001289
HIT 3 1009321181223 235 1762865187062380193
HIT 3 1597731700775 372 1110651335633364597
HIT 3 1597743235108 372 6151949667892917525
HIT 3 369372364839 86 9475525493567682803
HIT 3 1009322491943 235 715813867367391900
HIT 3 1597733011495 372 16506395100853256655
HIT 3 1597743235107 372 18402772952581548208
HIT 3 1009322950695 235 6090110536661670553
HIT 3 1597733470247 372 761298879268836302
HIT 3 1597743235111 372 17106050014567419812
HIT 3 1597743235110 372 11331684320394746901
HIT 3 339306283048 79 83427578475290108
HIT 3 369371054120 86 992039949754657755
HIT 3 1009321181224 235 12988972157991227692
HIT 3 1597731700776 372 11640227860602618542
HIT 3 369372364840 86 8517427521931942698
HIT 3 1009322491944 235 3423045820815688946
HIT 3 1597733011496 372 6308435504505138537
HIT 3 1009322950696 235 5167583039111349913
HIT 3 1597733470248 372 1096433597656902917
HIT 3 339306283049 79 11275015276152659974
HIT 3 369371054121 86 14542350273273288461
HIT 3 1009321181225 235 17259563550149070412
HIT 3 1597731700777 372 8167284465061314637
HIT 3 339306283050 79 11065221695744374408
HIT 3 369371054122 86 1052463119183215400
HIT 3 1009321181226 235 11827395774081301206
HIT 3 1597731700778 372 11288794635206458213
HIT 3 369372364841 86 18104316680842143923
HIT 3 369372364842 86 92711062360793115
HIT 3 1009322491945 235 16835785779744932209
HIT 3 1009322491946 235 1332627134122429121
HIT 3 1597733011497 372 11821918348522327982
HIT 3 1597733011498 372 8038379722668957390
HIT 3 1009322950697 235 12931868861186921949
HIT 3 1597733470249 372 17586526370895966465
HIT 3 1009322950698 235 3248819736793825735
HIT 3 1597733470250 372 565369042816193276
HIT 3 339306283051 79 7023886804774458937
HIT 3 369371054123 86 17270112070407737707
HIT 3 1009321181227 235 13403561743047174462
HIT 3 1597731700779 372 5955298549651490398
HIT 3 1597743235112 372 14560012481270427654
HIT 3 369372364843 86 10695398771792436423
HIT 3 1009322491947 235 17467361489035009617
HIT 3 1597733011499 372 5809640961599634120
HIT 3 1009322950699 235 3300961009672245774
HIT 3 1597733470251 372 4163870639036360753
HIT 3 1597743235114 372 15638873705603582485
HIT 3 339306283052 79 9769903204645075092
HIT 3 369371054124 86 428803310241808543
HIT 3 1009321181228 235 16227832445171620198
HIT 3 1597731700780 372 8579375852181085393
HIT 3 369372364844 86 18097995611456193169
HIT 3 1009322491948 235 4752743757424671081
HIT 3 1597733011500 372 8870925416438391192
HIT 3 1009322950700 235 15002715997469383473
HIT 3 1597733470252 372 10004227325949598061
HIT 3 339306283053 79 6646978480294353551
HIT 3 369371054125 86 17288269766308295228
HIT 3 1009321181229 235 502929301139188291
HIT 3 1597731700781 372 1384358283807172991
HIT 3 1597743235113 372 10439899810587537940
HIT 3 369372364845 86 13967721523286767550
HIT 3 1009322491949 235 7326755844247655761
HIT 3 1597733011501 372 13870890026871229030
HIT 3 1009322950701 235 6346308029452575970
HIT 3 1597733470253 372 8536926717857560623
HIT 3 1597743235115 372 7399162629765812453
HIT 3 1597743235116 372 18421973347186838350
HIT 3 339306283054 79 7871122378222664815
HIT 3 369371054126 86 9660446126588147303
HIT 3 1009321181230 235 3132398035988572720
HIT 3 1597731700782 372 434760797785383518
HIT 3 1597743235117 372 10675096522832109096
HIT 3 369372364846 86 1739232466437751047
HIT 3 1009322491950 235 9421995743856888421
HIT 3 1597733011502 372 1992454002150589959
HIT 3 1009322950702 235 13490688018689322137
HIT 3 1597733470254 372 5764601122903845420
HIT 3 339306283055 79 3340596704925527833
HIT 3 369371054127 86 10866214341983729546
HIT 3 1009321181231 235 15384449653189767065
HIT 3 1597731700783 372 12951563605752200143
HIT 3 369372364847 86 8278837235716784991
HIT 3 1009322491951 235 3514347022061524762
HIT 3 1597733011503 372 538196004795594030
HIT 3 1009322950703 235 11448188620531778126
HIT 3 1597733470255 372 16326865076280639091
HIT 3 339306283056 79 6208073741173061334
HIT 3 369371054128 86 1782851964462415625
HIT 3 1009321181232 235 4392534822769869003
HIT 3 1597731700784 372 2831826213036894391
HIT 3 339306283057 79 8910332585943547734
HIT 3 369371054129 86 13267067852443081004
HIT 3 1009321181233 235 17731979068742741612
HIT 3 1597731700785 372 8678577384366163831
HIT 3 369372364848 86 14273581657109567054
HIT 3 1009322491952 235 6864512237665852532
HIT 3 1597733011504 372 13245998500100038331
HIT 3 369372364849 86 7865820318396107283
HIT 3 1009322491953 235 11859423518299692851
HIT 3 1597733011505 372 9537834138602316796
HIT 3 1009322950704 235 13086553108476443658
HIT 3 1597733470256 372 7511915474133963797
HIT 3 1009322950705 235 6263491910832766712
HIT 3 1597733470257 372 11360394699932280787
HIT 3 1597743235118 372 2492878601115013597
HIT 3 1597743235119 372 17010817531134192146
HIT 3 1597743235121 372 3080887976384066939
HIT 3 1597743235120 372 8225033688537314322
HIT 3 339306283058 79 3009884226114928343
HIT 3 369371054130 86 1756542688527180687
HIT 3 1009321181234 235 7166452324170764955
HIT 3 1597731700786 372 8965883768126400637
HIT 3 369372364850 86 12321849588824943109
HIT 3 1009322491954 235 7336019415328141655
HIT 3 1597733011506 372 6784613023873504707
HIT 3 1009322950706 235 5697984640513169039
HIT 3 1597733470258 372 15134065675750833228
HIT 3 339306283059 79 11036748628900995163
HIT 3 369371054131 86 2310905696798839221
HIT 3 1009321181235 235 11065823312812750161
HIT 3 1597731700787 372 663101553269211144
HIT 3 369372364851 86 1913631545663027293
HIT 3 1009322491955 235 16167703091776539427
HIT 3 1597733011507 372 13317833457881889482
HIT 3 1009322950707 235 15744197376408218615
HIT 3 1597733470259 372 17730460374113371325
HIT 3 339306283060 79 1979794391603982080
HIT 3 369371054132 86 14542892646885898184
HIT 3 1009321181236 235 8757538803461405301
HIT 3 1597731700788 372 9920966417447138246
HIT 3 339306283061 79 4194930284984871093
HIT 3 369371054133 86 7338126128055567944
HIT 3 1009321181237 235 7800489318346997328
HIT 3 1597731700789 372 6734563864839003620
HIT 3 369372364852 86 6692472489534119556
HIT 3 1009322491956 235 10817009719632190600
HIT 3 1597733011508 372 17802110773020426447
HIT 3 369372364853 86 6315347823030706051
HIT 3 1009322491957 235 13240512986761332391
HIT 3 1597733011509 372 7396212316229422209
HIT 3 1009322950708 235 16307167238844831347
HIT 3 1597733470260 372 15554456273836372407
HIT 3 1009322950709 235 18345708849133525988
HIT 3 1597733470261 372 11133388006788594071
HIT 3 1597743235122 372 6085182441625884246
HIT 3 1597743235125 372 7274088469579823427
HIT 3 339306283062 79 8516174267456062703
HIT 3 369371054134 86 2377591880570621660
HIT 3 1009321181238 235 14783249537230050617
HIT 3 1597731700790 372 3653334856684452479
HIT 3 369372364854 86 10080135529383058360
HIT 3 1009322491958 235 13775215925365624167
HIT 3 1597733011510 372 2062210719649723365
HIT 3 1009322950710 235 5312681992472107471
HIT 3 1597733470262 372 9387618944968591559
HIT 3 1597743235123 372 11250668126437305837
HIT 3 339306151991 79 8516174267456062703
HIT 3 369370923063 86 2377591880570621660
HIT 3 1009321050167 235 14783249537230050617
HIT 3 1597731569719 372 3653334856684452479
HIT 3 339306283063 79 8306272898683092041
HIT 3 369371054135 86 241225511674206588
HIT 3 1009321181239 235 18418080335865478610
HIT 3 1597731700791 372 10445046717086423529
HIT 3 1597743235124 372 380155061829945966
HIT 3 369372364855 86 17095426061075629894
HIT 3 1009322491959 235 3915570284734077245
HIT 3 1597733011511 372 14063608622497986783
HIT 3 1009322950711 235 8889066511864028336
HIT 3 1597733470263 372 10236526322360435823
HIT 3 1597743235126 372 5582112505123877383
HIT 3 1597743235127 372 16962355294124707338
HIT 3 339306283064 79 11798003064534405743
HIT 3 369371054136 86 3997239014636870252
HIT 3 1009321181240 235 8821523656152796922
HIT 3 1597731700792 372 4036075948792690671
HIT 3 339306414136 79 16068308058457749359
HIT 3 369371185208 86 7562110941658198821
HIT 3 1009321312312 235 3906754858052493521
HIT 3 1597731831864 372 6463709491256644842
HIT 3 369372364856 86 5955022203479806645
HIT 3 1009322491960 235 8105990736019818881
HIT 3 1597733011512 372 2124343505364888
HIT 3 1009322950712 235 13092948293065358708
HIT 3 1597733470264 372 13217377557147931110
HIT 3 339306283065 79 16068308058457749359
HIT 3 369371054137 86 7562110941658198821
HIT 3 1009321181241 235 3906754858052493521
HIT 3 1597731700793 372 6463709491256644842
HIT 3 369372233785 86 6953630707697172750
HIT 3 1009322360889 235 972376950917735947
HIT 3 1597732880441 372 1509092928124613502
HIT 3 347897462841 81 11798003064534405743
HIT 3 369372299321 86 5770974352234998462
HIT 3 1009322426425 235 12435565557454103729
HIT 3 1597732945977 372 1060355509142264718
HIT 3 360782430265 84 14091549383147123646
HIT 3 369372364857 86 13071431428223732507
HIT 3 373667332153 87 13969535892293997669
HIT 3 377962299449 88 16522349341155192432
HIT 3 1000732557369 233 15985312357081672555
HIT 3 1005027524665 234 1162597640694260777
HIT 3 1009322491961 235 16149666063558007338
HIT 3 1017912426553 237 13628038831455205831
HIT 3 1589143076921 370 4706457456394241515
HIT 3 1597733011513 372 3462916041838559186
HIT 3 1602027978809 373 7637900256479346701
HIT 3 1606322946105 374 4948628532767975799
HIT 3 369372495929 86 3189310638903468927
HIT 3 1009322623033 235 15833460298446322051
HIT 3 1597733142585 372 4726827505508094062
HIT 3 339306348603 79 13145290461314106834
HIT 3 369371119675 86 8905971054944346825
HIT 3 1009321246779 235 8427657916301612913
HIT 3 1597731766331 372 1359209134884689015
HIT 3 339306414139 79 7420602308597035332
HIT 3 369371185211 86 15511395848956895102
HIT 3 1009321312315 235 4736875316951178417
HIT 3 1597731831867 372 16627432636476716568
HIT 3 339306479675 79 1727952378500119194
HIT 3 369371250747 86 13389498750191604789
HIT 3 1009321377851 235 16137476548153176729
HIT 3 1597731897403 372 6742006706105253394
HIT 3 339306545211 79 3008887941396858556
HIT 3 369371316283 86 3132094692458392758
HIT 3 1009321443387 235 5405976195941436275
HIT 3 1597731962939 372 12899372743045794508
HIT 3 339306610747 79 16813389210129539662
HIT 3 369371381819 86 1517391414543703886
HIT 3 1009321508923 235 12437387072500171888
HIT 3 1597732028475 372 12204674130423791015
HIT 3 339306676283 79 2683144618725740286
HIT 3 369371447355 86 12905213857001400156
HIT 3 1009321574459 235 17737861405873763285
HIT 3 1597732094011 372 11974120403988911263
HIT 3 339306741819 79 6455669909829990516
HIT 3 369371512891 86 14634000160440865074
HIT 3 1009321639995 235 3026395970694453044
HIT 3 1597732159547 372 8304254249268857450
HIT 3 339306807355 79 13808729457786213210
HIT 3 369371578427 86 2201633106685638287
HIT 3 1009321705531 235 12865114364528570970
HIT 3 1597732225083 372 15778473737808535411
HIT 3 339306872891 79 561531301841557657
HIT 3 369371643963 86 2436072410869508390
HIT 3 1009321771067 235 11686647109884853922
HIT 3 1597732290619 372 3998335796018531774
HIT 3 339306938427 79 1181522056041703798
HIT 3 369371709499 86 13069682137992792643
HIT 3 270586871866 63 977237961008521009
HIT 3 339306348602 79 1727952378500119194
HIT 3 369371119674 86 13389498750191604789
HIT 3 1009321246778 235 16137476548153176729
HIT 3 1597731766330 372 6742006706105253394
HIT 3 330716479546 77 7614191414672425517
HIT 3 335011446842 78 5510959814333607977
HIT 3 339306414138 79 135571452200982007
HIT 3 347896348730 81 14597548642928638683
HIT 3 360781250618 84 14407473237232032028
HIT 3 369371185210 86 2101056633317979165
HIT 3 373666152506 87 16557270108141835456
HIT 3 377961119802 88 2446180536920036195
HIT 3 1000731377722 233 730185552328891661
HIT 3 1005026345018 234 13773087359348043755
HIT 3 1009321312314 235 716365503620312054
HIT 3 1017911246906 237 13345159397197574523
HIT 3 1589141897274 370 9167548702941316861
HIT 3 1597731831866 372 10103537773102944735
HIT 3 1602026799162 373 14076395275044837124
HIT 3 1606321766458 374 10668664608928585977
HIT 3 339306545210 79 7420602308597035332
HIT 3 369371316282 86 15511395848956895102
HIT 3 1009321443386 235 4736875316951178417
HIT 3 1597731962938 372 16627432636476716568
HIT 3 1009321836603 235 3969553345799826184
HIT 3 1597732356155 372 2264361800137320389
HIT 3 339307003963 79 17635134446609435356
HIT 3 369371775035 86 5418812057960565334
HIT 3 1009321902139 235 2225930601059112586
HIT 3 1597732421691 372 555392589986372981
HIT 3 339307069499 79 17890236430683237350
HIT 3 369371840571 86 17624338272944454076
HIT 3 1009321967675 235 4206701988971444968
HIT 3 1009322819641 235 17911264400021877757
HIT 3 1597732487227 372 311282474600083704
HIT 3 1597733339193 372 15181993583131987609
HIT 3 339307135035 79 18007717420428780793
HIT 3 369371906107 86 5062628430665382391
HIT 3 1009322033211 235 15337899831382796051
HIT 3 1597732552763 372 4320634484139547429
HIT 3 339307200571 79 1360173707656543451
HIT 3 369371971643 86 5775764555943746757
HIT 3 1009322098747 235 15731127569250440074
HIT 3 1597732618299 372 15403571575680762126
HIT 3 339307266107 79 10287375207769684723
HIT 3 369372037179 86 10438037115224621825
HIT 3 1009322164283 235 10284736735281568293
HIT 3 1597732683835 372 4560648574437954631
HIT 3 330717397051 77 10287375207769684723
HIT 3 339307331643 79 15583530566090657871
HIT 3 369372102715 86 5855444251912108671
HIT 3 1009322229819 235 8305497239598170244
HIT 3 1597732749371 372 1285898223116638829
HIT 3 339307397179 79 7614191414672425517
HIT 3 347897331771 81 14722430675226008639
HIT 3 369372168251 86 4604349942802446150
HIT 3 1009322295355 235 16982569254336062399
HIT 3 1000733016121 233 6354008356889215264
HIT 3 1005027983417 234 1155214585398712152
HIT 3 1009322950713 235 7086774557009821643
HIT 3 1017912885305 237 15438680941568858504
HIT 3 1597732814907 372 17282436521104847726
HIT 3 1589143535673 370 4967528883412087977
HIT 3 1597733470265 372 12741774493284140201
HIT 3 1602028437561 373 14564069280009337511
HIT 3 1606323404857 374 9978403029585635424
HIT 3 339307462715 79 14722430675226008639
HIT 3 360782299195 84 205628601279998519
HIT 3 369372233787 86 8133237936296721058
HIT 3 373667201083 87 9643820665438069538
HIT 3 377962168379 88 12654077364883362776
HIT 3 377962823737 88 3997239014636870252
HIT 3 1000732426299 233 15705504055969042610
HIT 3 1005027393595 234 8430965125547955414
HIT 3 1009322360891 235 5103533591655105373
HIT 3 1017912295483 237 14961943099285261871
HIT 3 1009323016249 235 6070886658991406837
HIT 3 1589142945851 370 14121162591749279477
HIT 3 1597732880443 372 18422337479855133860
HIT 3 1602027847739 373 11613962517267561697
HIT 3 1606322815035 374 8498523237977957096
HIT 3 1597733535801 372 9997628619813367050
HIT 3 343602495547 80 9574460358419810536
HIT 3 347897462843 81 135571452200982007
HIT 3 352192430139 82 15798229512302269109
HIT 3 356487397435 83 1512157301496716965
HIT 3 360782364731 84 15448348313065243967
HIT 3 369372299323 86 15711209599186627200
HIT 3 373667266619 87 5442834141526090828
HIT 3 377962233915 88 13248237305808939726
HIT 3 1000732491835 233 7181492779487199088
HIT 3 1005027459131 234 10170098322575799234
HIT 3 1009322426427 235 12423299859297401572
HIT 3 1017912361019 237 12628448102304124963
HIT 3 1009323081785 235 15329557005983228152
HIT 3 1597733601337 372 557771548288804099
HIT 3 1589143011387 370 6920566022492259701
HIT 3 1597732945979 372 17130019932309719467
HIT 3 1602027913275 373 7162422360939400702
HIT 3 1606322880571 374 5113288759998206236
HIT 3 343602561083 80 5510959814333607977
HIT 3 347897528379 81 1512157301496716965
HIT 3 352192495675 82 9574460358419810536
HIT 3 356487462971 83 2276146028271327430
HIT 3 360782430267 84 10714004111126744635
HIT 3 365077397563 85 1289640852267973603
HIT 3 369372364859 86 13872450050457271291
HIT 3 373667332155 87 5714571274108147232
HIT 3 377962299451 88 6325819552203680963
HIT 3 382257266747 89 2886148556968131159
HIT 3 386552234043 90 17344757110800243899
HIT 3 390847201339 91 15331766348800804696
HIT 3 395142168635 92 13152043741195923956
HIT 3 399437135931 93 9527726510732328554
HIT 3 403732103227 94 2468995188466133168
HIT 3 408027070523 95 2119095770275380233
HIT 3 412322037819 96 4689929495191903342
HIT 3 416617005115 97 14209411536554494584
HIT 3 420911972411 98 16811844710778139028
HIT 3 425206939707 99 15503272170240137492
HIT 3 429501907003 100 2912562074409930148
HIT 3 433796874299 101 13482189664243605512
HIT 3 438091841595 102 1995660952495211460
HIT 3 442386808891 103 5447038559335913348
HIT 3 446681776187 104 8078651966490115975
HIT 3 450976743483 105 11969226559195994317
HIT 3 455271710779 106 5346452185863524715
HIT 3 459566678075 107 16230683716044474791
HIT 3 463861645371 108 18291936570754150781
HIT 3 468156612667 109 4376123313164904856
HIT 3 472451579963 110 15391620875413294901
HIT 3 476746547259 111 3056267442253080604
HIT 3 481041514555 112 10250291784675116936
HIT 3 485336481851 113 6063017753607084556
HIT 3 489631449147 114 885353581949938570
HIT 3 493926416443 115 14085262368535942469
HIT 3 498221383739 116 3535293359565432243
HIT 3 502516351035 117 1251437232448946200
HIT 3 506811318331 118 17956262026945040253
HIT 3 511106285627 119 13738987732268702612
HIT 3 515401252923 120 390808465450701188
HIT 3 519696220219 121 10973050885108355658
HIT 3 523991187515 122 7163634294443269890
HIT 3 528286154811 123 2398096754186011442
HIT 3 532581122107 124 14822059573090199875
HIT 3 536876089403 125 14030860287618290775
HIT 3 541171056699 126 14037201778952382903
HIT 3 545466023995 127 4893743674400505598
HIT 3 549760991291 128 6689868681902400471
HIT 3 554055958587 129 15077932939093914389
HIT 3 558350925883 130 10507592779367204508
HIT 3 562645893179 131 1483287901993557780
HIT 3 566940860475 132 18254671045801992690
HIT 3 571235827771 133 11028184574319555303
HIT 3 575530795067 134 11699794075801677573
HIT 3 579825762363 135 323785610524941925
HIT 3 584120729659 136 1707616819074939427
HIT 3 588415696955 137 1602460798086644928
HIT 3 592710664251 138 10166782077352327331
HIT 3 597005631547 139 14721477807319683464
HIT 3 601300598843 140 14884849373835452024
HIT 3 605595566139 141 13391581038431323669
HIT 3 609890533435 142 13044123882391459482
HIT 3 614185500731 143 12437484818653719511
HIT 3 618480468027 144 2825480418182597535
HIT 3 622775435323 145 2403166038838912192
HIT 3 627070402619 146 2080905672700149264
HIT 3 631365369915 147 15391085327548357180
HIT 3 635660337211 148 12663550825345913604
HIT 3 639955304507 149 14854724585228812116
HIT 3 644250271803 150 6027850496999050148
HIT 3 648545239099 151 511515771292028321
HIT 3 652840206395 152 15160539099623782884
HIT 3 657135173691 153 1326410248264296325
HIT 3 661430140987 154 9017547107662762722
HIT 3 665725108283 155 11704002713925244401
HIT 3 670020075579 156 8077736976414628000
HIT 3 674315042875 157 15233157070816531853
HIT 3 678610010171 158 2290948802377727126
HIT 3 682904977467 159 9743193106253386630
HIT 3 687199944763 160 16376236777880661416
HIT 3 691494912059 161 12345256232019524856
HIT 3 695789879355 162 10922912731666146940
HIT 3 700084846651 163 13001857071558023798
HIT 3 704379813947 164 5918386945645264270
HIT 3 708674781243 165 993299010361605352
HIT 3 712969748539 166 14503350407110277619
HIT 3 717264715835 167 1929147523876310732
HIT 3 721559683131 168 3571511384013412173
HIT 3 725854650427 169 16326780097778253974
HIT 3 730149617723 170 17060531034603672650
HIT 3 734444585019 171 15881233808617161388
HIT 3 738739552315 172 4811146822620156960
HIT 3 743034519611 173 14450885438590836051
HIT 3 747329486907 174 5668018165222219990
HIT 3 751624454203 175 485977664081410037
HIT 3 755919421499 176 10466547130629275935
HIT 3 760214388795 177 3236895976572247938
HIT 3 764509356091 178 13487257332066544243
HIT 3 768804323387 179 6069716033586373996
HIT 3 773099290683 180 16138384299731453116
HIT 3 777394257979 181 12478148697950538785
HIT 3 781689225275 182 3753152353654695518
HIT 3 785984192571 183 1410108090133944536
HIT 3 790279159867 184 6536329282922282560
HIT 3 794574127163 185 9582940193807164160
HIT 3 798869094459 186 8824397079876053392
HIT 3 803164061755 187 4740702119899762781
HIT 3 807459029051 188 7723611682429816048
HIT 3 811753996347 189 2915811217964996823
HIT 3 816048963643 190 4881167845157589088
HIT 3 820343930939 191 9107965062451310529
HIT 3 824638898235 192 638550615005185675
HIT 3 828933865531 193 4625747659197656742
HIT 3 833228832827 194 12385107582145401887
HIT 3 837523800123 195 11928732788997169793
HIT 3 841818767419 196 13706963437205215983
HIT 3 846113734715 197 4237395994138633553
HIT 3 850408702011 198 12239086003489692864
HIT 3 854703669307 199 2114943411877804982
HIT 3 858998636603 200 2421518905783812758
HIT 3 863293603899 201 10477762676496348634
HIT 3 867588571195 202 784025580143057482
HIT 3 871883538491 203 202785919881339961
HIT 3 876178505787 204 4675809400216791884
HIT 3 880473473083 205 18406289422600184331
HIT 3 884768440379 206 10994799829542548002
HIT 3 889063407675 207 16854655556414410292
HIT 3 893358374971 208 7532980643783434441
HIT 3 897653342267 209 1795175989733753812
HIT 3 901948309563 210 7594561395401565059
HIT 3 906243276859 211 10490390831214885307
HIT 3 910538244155 212 966229488712415425
HIT 3 914833211451 213 9873433960780111800
HIT 3 919128178747 214 10049016576443828660
HIT 3 923423146043 215 9883299210028943317
HIT 3 927718113339 216 16816717727071976346
HIT 3 932013080635 217 14928601378167085716
HIT 3 936308047931 218 4657512223730438722
HIT 3 940603015227 219 3087590579858133431
HIT 3 944897982523 220 15993625042683410743
HIT 3 949192949819 221 1132496044220114876
HIT 3 953487917115 222 13384568955494346811
HIT 3 957782884411 223 7447270372922427035
HIT 3 962077851707 224 7283526994581315041
HIT 3 966372819003 225 12396821930101531659
HIT 3 970667786299 226 7443711379046144892
HIT 3 974962753595 227 828574717194304989
HIT 3 979257720891 228 17031153143171244896
HIT 3 983552688187 229 9757963752058799605
HIT 3 987847655483 230 11079288792521583884
HIT 3 992142622779 231 16408930085905649754
HIT 3 996437590075 232 13603728991563295073
HIT 3 1000732557371 233 13613993394155128090
HIT 3 1005027524667 234 10341302561486662030
HIT 3 1009322491963 235 15686928672946200810
HIT 3 1013617459259 236 7216713598060166026
HIT 3 1017912426555 237 17145451841735507177
HIT 3 1022207393851 238 14197757179743402357
HIT 3 1026502361147 239 3306104603333160268
HIT 3 1030797328443 240 14972800724982821295
HIT 3 1035092295739 241 5343506978854948005
HIT 3 1039387263035 242 17678745836423845971
HIT 3 1043682230331 243 10509944617952638224
HIT 3 1047977197627 244 3251635441960474675
HIT 3 1052272164923 245 14930561635176863060
HIT 3 1056567132219 246 18091730383441750099
HIT 3 1060862099515 247 2695744650812542011
HIT 3 1065157066811 248 17378518378293100059
HIT 3 1069452034107 249 17246149248569152847
HIT 3 1073747001403 250 1842728972573324104
HIT 3 1078041968699 251 61209860491659503
HIT 3 1082336935995 252 16481232229327189270
HIT 3 1086631903291 253 6026204089208324676
HIT 3 1090926870587 254 1103546649657578547
HIT 3 1095221837883 255 12534719469885617540
HIT 3 1099516805179 256 2530257856806703671
HIT 3 1103811772475 257 547919637983629485
HIT 3 1108106739771 258 3356097425266526619
HIT 3 1112401707067 259 16682708659339503710
HIT 3 1116696674363 260 17298934364272190162
HIT 3 1120991641659 261 9415741255961242895
HIT 3 1125286608955 262 3844406146840320959
HIT 3 1129581576251 263 1109828390939182115
HIT 3 1133876543547 264 2140101133254728548
HIT 3 1138171510843 265 3106393744522603127
HIT 3 1142466478139 266 15898602560653793574
HIT 3 1146761445435 267 14376015431272266535
HIT 3 1151056412731 268 13878235202017323515
HIT 3 1155351380027 269 11939075123054802872
HIT 3 1159646347323 270 16892627356130484747
HIT 3 1163941314619 271 8031080334219189132
HIT 3 1168236281915 272 4486920808626399419
HIT 3 1172531249211 273 3362561274096219639
HIT 3 1176826216507 274 9118926459910772673
HIT 3 1181121183803 275 14622952200496136655
HIT 3 1185416151099 276 2348199116886405820
HIT 3 1189711118395 277 7579407811870142466
HIT 3 1194006085691 278 10436885700430902056
HIT 3 1198301052987 279 10358460012828618314
HIT 3 1202596020283 280 15051500575191977720
HIT 3 1206890987579 281 10142655414662874785
HIT 3 1211185954875 282 397393829634863267
HIT 3 1215480922171 283 1371926584371805177
HIT 3 1219775889467 284 11762956318783119681
HIT 3 1224070856763 285 5035608157548898824
HIT 3 1228365824059 286 22462083049939099
HIT 3 1232660791355 287 16865612785697878818
HIT 3 1236955758651 288 4664692370840509885
HIT 3 1241250725947 289 4320885008196274422
HIT 3 1245545693243 290 2530270324123433829
HIT 3 1249840660539 291 3270451877614271457
HIT 3 1254135627835 292 3107661488888351785
HIT 3 1258430595131 293 5751721151992862199
HIT 3 1262725562427 294 17075675737291727569
HIT 3 1267020529723 295 13320496397407976338
HIT 3 1271315497019 296 6095577129468072832
HIT 3 1275610464315 297 14138086258284292995
HIT 3 1279905431611 298 15510423483415878859
HIT 3 1284200398907 299 11413579687885007918
HIT 3 1288495366203 300 7560626075940631237
HIT 3 1292790333499 301 2596849469069078285
HIT 3 1297085300795 302 3261572827043086985
HIT 3 1301380268091 303 17355189995269372119
HIT 3 1305675235387 304 409539486855313851
HIT 3 1309970202683 305 13571077810809463811
HIT 3 1314265169979 306 918310254260906654
HIT 3 1318560137275 307 11962680934140929947
HIT 3 1322855104571 308 12739665564288518617
HIT 3 1327150071867 309 453426653246840995
HIT 3 1331445039163 310 3865952604277870111
HIT 3 1335740006459 311 16500286553223251217
HIT 3 1340034973755 312 13176564433980834207
HIT 3 1344329941051 313 8467826523464814406
HIT 3 1348624908347 314 8431533282159144231
HIT 3 1352919875643 315 4634328589698041433
HIT 3 1357214842939 316 15574500578083716102
HIT 3 1361509810235 317 5448989751952025340
HIT 3 1365804777531 318 11681605222639246579
HIT 3 1370099744827 319 16690314240675074817
HIT 3 1374394712123 320 10518749544712225098
HIT 3 1378689679419 321 14469755858480450745
HIT 3 1382984646715 322 5733818827346229820
HIT 3 1387279614011 323 10214000809340812325
HIT 3 1391574581307 324 17238363346193940723
HIT 3 1395869548603 325 9992110809149984387
HIT 3 1400164515899 326 16767909298256834922
HIT 3 1404459483195 327 13563463697976172658
HIT 3 1408754450491 328 861713180340899420
HIT 3 1413049417787 329 17477242636529076942
HIT 3 1417344385083 330 3783688541383236623
HIT 3 1421639352379 331 16209979964014463120
HIT 3 1425934319675 332 1199839021477635841
HIT 3 1430229286971 333 9632918679889564390
HIT 3 1434524254267 334 7551102138148827876
HIT 3 1438819221563 335 8594019771860431816
HIT 3 1443114188859 336 15510150401650902566
HIT 3 1447409156155 337 6911055309070966042
HIT 3 1451704123451 338 10957101814602517464
HIT 3 1455999090747 339 13140280257223868598
HIT 3 1460294058043 340 1748854225961850595
HIT 3 1464589025339 341 6875664938135529204
HIT 3 1468883992635 342 7774653472142180909
HIT 3 1473178959931 343 4368486087071684835
HIT 3 1477473927227 344 9489411617565900408
HIT 3 1481768894523 345 4661696403093195930
HIT 3 1486063861819 346 8121425544181085892
HIT 3 1490358829115 347 7931213693459053719
HIT 3 1494653796411 348 6433816500856660223
HIT 3 1498948763707 349 6476444893661915369
HIT 3 1503243731003 350 12439596540189227023
HIT 3 1507538698299 351 7895953621170086271
HIT 3 1511833665595 352 3992169297532654022
HIT 3 1516128632891 353 16061890350540696606
HIT 3 1520423600187 354 2464945564178019480
HIT 3 1524718567483 355 12270000714878093134
HIT 3 1529013534779 356 235262756797849099
HIT 3 1533308502075 357 1536305362558960641
HIT 3 1537603469371 358 2757029706672117733
HIT 3 1541898436667 359 18404455834440538552
HIT 3 1546193403963 360 14675525831226437797
HIT 3 1550488371259 361 9920902838744699059
HIT 3 1554783338555 362 736163535282826103
HIT 3 1559078305851 363 15200533295287730586
HIT 3 1563373273147 364 1900449930350794854
HIT 3 1567668240443 365 2582756102995747896
HIT 3 1571963207739 366 11010315046926808087
HIT 3 1576258175035 367 8438352043033427428
HIT 3 1580553142331 368 2186100427666721996
HIT 3 1584848109627 369 9828167750846968560
HIT 3 1589143076923 370 2992782076207701786
HIT 3 1593438044219 371 1582588871888858831
HIT 3 1597733011515 372 11118266813618808001
HIT 3 1602027978811 373 4583592324435591784
HIT 3 1606322946107 374 8375556567287689244
HIT 3 1610617913403 375 12821346393684480615
HIT 3 1614912880699 376 7605008652758995909
HIT 3 1619207847995 377 7386305220177300956
HIT 3 1623502815291 378 16429598432095336495
HIT 3 1627797782587 379 14713659940335121597
HIT 3 1632092749883 380 2112633890107114835
HIT 3 1636387717179 381 4453064605962744794
HIT 3 1640682684475 382 14588693340090837837
HIT 3 1644977651771 383 17426587661397225506
HIT 3 1649272619067 384 9996384229975169605
HIT 3 1653567586363 385 16949513290462025740
HIT 3 1657862553659 386 9718250138406993230
HIT 3 1662157520955 387 8729695712197041098
HIT 3 1666452488251 388 12887816397970567897
HIT 3 1670747455547 389 14206179034217035037
HIT 3 1675042422843 390 16706680204802734647
HIT 3 1679337390139 391 8493770630628749323
HIT 3 1683632357435 392 4790023050423472104
HIT 3 1687927324731 393 4580545844297791038
HIT 3 1692222292027 394 505039879462020274
HIT 3 1696517259323 395 14949244838927479277
HIT 3 1700812226619 396 14629249684315191063
HIT 3 1705107193915 397 8047120237440085926
HIT 3 1709402161211 398 4868673206907488857
HIT 3 1713697128507 399 2471349038008706087
HIT 3 1717992095803 400 12817957792243881279
HIT 3 1722287063099 401 9922746746052406474
HIT 3 1726582030395 402 15116291254526431233
HIT 3 1730876997691 403 2015046845159853566
HIT 3 1735171964987 404 7454853099343442649
HIT 3 1739466932283 405 17125039209984764677
HIT 3 1743761899579 406 5740618040441890559
HIT 3 1748056866875 407 9395365644127510731
HIT 3 1752351834171 408 17785010585203557982
HIT 3 1756646801467 409 3506557991048676465
HIT 3 1760941768763 410 7655153397286708043
HIT 3 1765236736059 411 16172445377211802996
HIT 3 1769531703355 412 7164680990999749451
HIT 3 1773826670651 413 9332801535440811390
HIT 3 1778121637947 414 704992189492612788
HIT 3 1782416605243 415 11593792324961257796
HIT 3 1786711572539 416 9919811323902777627
HIT 3 1791006539835 417 15181257845778728663
HIT 3 1795301507131 418 3491775741030143350
HIT 3 1799596474427 419 16545488998575123410
HIT 3 1803891441723 420 10502665404097839506
HIT 3 1808186409019 421 590350464319666624
HIT 3 1812481376315 422 4530039778405763308
HIT 3 1816776343611 423 1368954348792773796
HIT 3 1821071310907 424 16260570971052854309
HIT 3 1825366278203 425 12452496381783797335
HIT 3 1829661245499 426 806387179819675707
HIT 3 1833956212795 427 3322193126449802745
HIT 3 1838251180091 428 2321447604349545080
HIT 3 1842546147387 429 556347174147837888
HIT 3 1846841114683 430 16210679380627297692
HIT 3 1851136081979 431 6619074237229300084
HIT 3 1855431049275 432 7967999231526330683
HIT 3 1859726016571 433 16768776768128160984
HIT 3 1864020983867 434 11501672952203223288
HIT 3 1868315951163 435 6763152770469891035
HIT 3 1872610918459 436 152702510432647554
HIT 3 1876905885755 437 2341119760586948020
HIT 3 1881200853051 438 14787282447208712188
HIT 3 1885495820347 439 9891719477498942995
HIT 3 1889790787643 440 8002707106035146101
HIT 3 1894085754939 441 9191467735620517301
HIT 3 1898380722235 442 14509970338471082004
HIT 3 1902675689531 443 15379064464026752355
HIT 3 1906970656827 444 7556931630637866257
HIT 3 1911265624123 445 1030468146639730077
HIT 3 1915560591419 446 5172685346747604811
HIT 3 1919855558715 447 14902460313128582826
HIT 3 1924150526011 448 10702896674009961591
HIT 3 1928445493307 449 2756258758562061972
HIT 3 1932740460603 450 3586509021867218907
HIT 3 1937035427899 451 5774417383826991538
HIT 3 1941330395195 452 5919190914709538698
HIT 3 1945625362491 453 6180321329993488547
HIT 3 1949920329787 454 10844872879469265337
HIT 3 1954215297083 455 8624790638500194400
HIT 3 1958510264379 456 915505606244705913
HIT 3 1962805231675 457 10437132859977352479
HIT 3 1967100198971 458 18342341091939913261
HIT 3 1971395166267 459 254062317522237426
HIT 3 1975690133563 460 12820156709354536093
HIT 3 1979985100859 461 11781871434187192404
HIT 3 1984280068155 462 14633315634272461189
HIT 3 1988575035451 463 10527647848859200955
HIT 3 1992870002747 464 16431965507788680716
HIT 3 1997164970043 465 11542220299200019782
HIT 3 2001459937339 466 8190780739714648895
HIT 3 2005754904635 467 12084190017232751624
HIT 3 2010049871931 468 2592514173409971118
HIT 3 2014344839227 469 11000852362364086912
HIT 3 2018639806523 470 600401116310100990
HIT 3 2022934773819 471 2595035330384101181
HIT 3 2027229741115 472 1761085459574415277
HIT 3 2031524708411 473 364596609613543526
HIT 3 2035819675707 474 14885208890818404638
HIT 3 2040114643003 475 6981578817298685333
HIT 3 2044409610299 476 1562010313002114419
HIT 3 2048704577595 477 15139547247658111141
HIT 3 2052999544891 478 9629476647194821502
HIT 3 2057294512187 479 13609936668121706780
HIT 3 2061589479483 480 15133032246449582901
HIT 3 2065884446779 481 2966927731595498614
HIT 3 2070179414075 482 11817612631683984020
HIT 3 2074474381371 483 13478577744233666158
HIT 3 2078769348667 484 15013883506906210261
HIT 3 2083064315963 485 16048101461893085178
HIT 3 2087359283259 486 12391766276126125124
HIT 3 2091654250555 487 7116825482873102799
HIT 3 2095949217851 488 5030837550268776162
HIT 3 2100244185147 489 10908118620416340621
HIT 3 2104539152443 490 8024227883922047715
HIT 3 2108834119739 491 11455354345176449956
HIT 3 2113129087035 492 14995876031609145426
HIT 3 2117424054331 493 9213572086442140560
HIT 3 2121719021627 494 3789077340320210230
HIT 3 2126013988923 495 12352975372649355486
HIT 3 2130308956219 496 2755246017821494448
HIT 3 2134603923515 497 13489681749735687805
HIT 3 2138898890811 498 6265125250099871233
HIT 3 2143193858107 499 12631880768013144476
HIT 3 2147488825403 500 5127952663305307483
HIT 3 2151783792699 501 18397944769682414995
HIT 3 2156078759995 502 16001250283564711895
HIT 3 2160373727291 503 2509530004627956731
HIT 3 2164668694587 504 8675714718965736259
HIT 3 2168963661883 505 5298534312756941245
HIT 3 2173258629179 506 625506124923015746
HIT 3 2177553596475 507 16574679201354994506
HIT 3 2181848563771 508 373161407537353964
HIT 3 2186143531067 509 8257477299935956526
HIT 3 2190438498363 510 8821608631629120887
HIT 3 2194733465659 511 3832994176222305550
HIT 3 352192561211 82 18070382615066218051
HIT 3 356487528507 83 14597548642928638683
HIT 3 360782495803 84 7390029975170458842
HIT 3 369372430395 86 15036514375672542751
HIT 3 1009322557499 235 9232421969163891186
HIT 3 1597733077051 372 8358534283747237672
HIT 3 360782561339 84 18070382615066218051
HIT 3 369372495931 86 16973656727682590758
HIT 3 373667463227 87 7793789684056553772
HIT 3 377962430523 88 14950276089970002804
HIT 3 1000732688443 233 5898215673773334308
HIT 3 1005027655739 234 4370068736799012411
HIT 3 1009322623035 235 8435412852192055599
HIT 3 1017912557627 237 8758712727750187692
HIT 3 1589143207995 370 12455014976369505525
HIT 3 1597733142587 372 12192344597578461709
HIT 3 1602028109883 373 14662910424114078077
HIT 3 1606323077179 374 8087899986054626468
HIT 3 360782626875 84 4807803645778168217
HIT 3 369372561467 86 10621517169981255604
HIT 3 1009322688571 235 11793278207117998714
HIT 3 1597733208123 372 4420703993802752101
HIT 3 369372627003 86 4807803645778168217
HIT 3 1009322754107 235 18084827586386227874
HIT 3 1597733273659 372 10310665347202917163
HIT 3 369372692539 86 13005911078171008119
HIT 3 1000732885051 233 5920623172454046435
HIT 3 1005027852347 234 6971553592479345833
HIT 3 1009322819643 235 10500910981320357479
HIT 3 1017912754235 237 12570186022837495857
HIT 3 1589143404603 370 5149718496564479529
HIT 3 1597733339195 372 16921834692789926562
HIT 3 1602028306491 373 13577375897287739248
HIT 3 1606323273787 374 4430705466913367432
HIT 3 369372758075 86 14407473237232032028
HIT 3 377962692667 88 13005911078171008119
HIT 3 1009322885179 235 4258932139731454695
HIT 3 369372233786 86 14602004919838161391
HIT 3 1597733404731 372 10700320050167893356
HIT 3 1009322360890 235 16475736668701339455
HIT 3 377962758203 88 1619491186252147637
HIT 3 382257725499 89 16557270108141835456
HIT 3 386552692795 90 12838278449059605774
HIT 3 390847660091 91 4903244968177514726
HIT 3 395142627387 92 3430645564696735550
HIT 3 399437594683 93 6805790386508023875
HIT 3 403732561979 94 10096928377805927066
HIT 3 408027529275 95 6857148070958282152
HIT 3 412322496571 96 6511990794578216160
HIT 3 416617463867 97 12147552206012056177
HIT 3 420912431163 98 15897419982043900164
HIT 3 425207398459 99 11752122475951946711
HIT 3 429502365755 100 10243628194883366808
HIT 3 433797333051 101 7394470027153001931
HIT 3 438092300347 102 15572247848708605939
HIT 3 442387267643 103 7088772220098109446
HIT 3 446682234939 104 1113378605481457701
HIT 3 450977202235 105 18070421376073591732
HIT 3 455272169531 106 15508672425576484758
HIT 3 459567136827 107 8062553149438554942
HIT 3 463862104123 108 15853548295011668602
HIT 3 468157071419 109 4638211798436556653
HIT 3 472452038715 110 12807312655163241170
HIT 3 1597732880442 372 13032591796167382633
HIT 3 476747006011 111 4709738961908316452
HIT 3 481041973307 112 4109625751019749410
HIT 3 485336940603 113 2130105742865195396
HIT 3 489631907899 114 2906672676432887338
HIT 3 493926875195 115 17695453665846106302
HIT 3 498221842491 116 6862836287213076178
HIT 3 502516809787 117 15911267312302701161
HIT 3 506811777083 118 3769322678185887827
HIT 3 511106744379 119 13793927512729995824
HIT 3 515401711675 120 6149386274892715638
HIT 3 519696678971 121 10295729132660065659
HIT 3 523991646267 122 18341926513414608880
HIT 3 528286613563 123 2239471941332195821
HIT 3 532581580859 124 3115363638128719722
HIT 3 536876548155 125 12916384852704701828
HIT 3 541171515451 126 12563895763641864429
HIT 3 545466482747 127 16709874174919978371
HIT 3 549761450043 128 2107403595562768309
HIT 3 554056417339 129 14701795254681263964
HIT 3 558351384635 130 15803157252505540917
HIT 3 562646351931 131 18444919190087367825
HIT 3 566941319227 132 16029993482590780394
HIT 3 571236286523 133 8056398852937535799
HIT 3 575531253819 134 11523817457906913908
HIT 3 579826221115 135 3432682205416338559
HIT 3 584121188411 136 10178467823774514919
HIT 3 588416155707 137 5823013452111555737
HIT 3 592711123003 138 11348694641578570668
HIT 3 597006090299 139 12094560235450513924
HIT 3 347897462842 81 13145290461314106834
HIT 3 601301057595 140 9225578377358372018
HIT 3 369372299322 86 2106201738133598005
HIT 3 605596024891 141 2741177307158687828
HIT 3 609890992187 142 185381247913857061
HIT 3 614185959483 143 4889408833183740408
HIT 3 618480926779 144 1614798475368092377
HIT 3 622775894075 145 932982378512139790
HIT 3 627070861371 146 17161493328578586802
HIT 3 631365828667 147 17672792611275158518
HIT 3 635660795963 148 10164602639310675185
HIT 3 639955763259 149 10985722926960234828
HIT 3 644250730555 150 3209336467634032263
HIT 3 648545697851 151 18071443117648291080
HIT 3 652840665147 152 7769911819879333357
HIT 3 657135632443 153 15280401106218263567
HIT 3 661430599739 154 15896749978521532520
HIT 3 665725567035 155 6841263168314126520
HIT 3 670020534331 156 15460027677214787267
HIT 3 674315501627 157 6634845860349792385
HIT 3 678610468923 158 8642017777522304920
HIT 3 682905436219 159 7850699333956607997
HIT 3 687200403515 160 15927650722231267821
HIT 3 691495370811 161 10232230193676260300
HIT 3 695790338107 162 11879426193818790666
HIT 3 700085305403 163 130839285596776257
HIT 3 704380272699 164 12575271940182377151
HIT 3 708675239995 165 9769358650516032294
HIT 3 712970207291 166 16510491582488280349
HIT 3 717265174587 167 13453657199879288710
HIT 3 721560141883 168 18380760532093393676
HIT 3 725855109179 169 11402493036903645735
HIT 3 730150076475 170 8835999137045286646
HIT 3 734445043771 171 11244263402362661029
HIT 3 738740011067 172 3471542803392193391
HIT 3 743034978363 173 18001772717148213858
HIT 3 747329945659 174 7470377464041178478
HIT 3 751624912955 175 13864068627485485663
HIT 3 755919880251 176 14096821067691525265
HIT 3 760214847547 177 6339726880254086385
HIT 3 764509814843 178 14220584630780917253
HIT 3 768804782139 179 11293185888259626187
HIT 3 1009322426426 235 830584918998216638
HIT 3 773099749435 180 2229453724502523886
HIT 3 777394716731 181 8594843788814267629
HIT 3 781689684027 182 18249220035140006098
HIT 3 785984651323 183 5841392853015757371
HIT 3 790279618619 184 4155366753081878115
HIT 3 794574585915 185 8672257267898940972
HIT 3 798869553211 186 3935090610077622120
HIT 3 803164520507 187 7964870496962660645
HIT 3 807459487803 188 12019238528834811392
HIT 3 811754455099 189 15697037519429352295
HIT 3 816049422395 190 104123784414396541
HIT 3 820344389691 191 4613179198366721388
HIT 3 824639356987 192 481134969370157099
HIT 3 828934324283 193 16800639183567730221
HIT 3 833229291579 194 4085816514992016959
HIT 3 837524258875 195 10392671972464543457
HIT 3 841819226171 196 16226343340696261783
HIT 3 846114193467 197 6607260211521391824
HIT 3 850409160763 198 6198584796671877823
HIT 3 854704128059 199 558043815266437224
HIT 3 858999095355 200 6860857329670518615
HIT 3 863294062651 201 12322763317127624224
HIT 3 867589029947 202 6692791903975525694
HIT 3 871883997243 203 7733830035075410512
HIT 3 876178964539 204 14671968468430368605
HIT 3 880473931835 205 8569793402637808875
HIT 3 884768899131 206 5399390860130481403
HIT 3 889063866427 207 4664744806004460940
HIT 3 893358833723 208 11879184474457790449
HIT 3 897653801019 209 3855844322412227348
HIT 3 901948768315 210 10835435022786537989
HIT 3 906243735611 211 10835330141189553238
HIT 3 910538702907 212 18139787257952728991
HIT 3 914833670203 213 14687173012205483445
HIT 3 919128637499 214 18060493000388779450
HIT 3 923423604795 215 1261511601374621204
HIT 3 927718572091 216 12431323777497185454
HIT 3 932013539387 217 17432914279221501909
HIT 3 936308506683 218 16339600386502096611
HIT 3 940603473979 219 12287206328007676982
HIT 3 944898441275 220 17029767723070115046
HIT 3 949193408571 221 567192801598656345
HIT 3 953488375867 222 16395553616763999381
HIT 3 957783343163 223 15109868982705679985
HIT 3 962078310459 224 13432299170617842816
HIT 3 966373277755 225 11973079583503795960
HIT 3 970668245051 226 12863013992585133736
HIT 3 974963212347 227 17012316656711078611
HIT 3 979258179643 228 1994710507965248648
HIT 3 983553146939 229 10573349032806050625
HIT 3 987848114235 230 17042972447418713670
HIT 3 992143081531 231 15704093463944041892
HIT 3 996438048827 232 13576719588416663060
HIT 3 1000733016123 233 16315704370041163341
HIT 3 1005027983419 234 8501488394337624089
HIT 3 1009322950715 235 14051424463100241625
HIT 3 1013617918011 236 17429690855288401142
HIT 3 1017912885307 237 4265870879554611308
HIT 3 1022207852603 238 14689755954533284464
HIT 3 1026502819899 239 2381023849417352330
HIT 3 1030797787195 240 10107959954833031138
HIT 3 1035092754491 241 199763400004971709
HIT 3 1039387721787 242 13360143370065092408
HIT 3 1043682689083 243 15613595927046687142
HIT 3 1047977656379 244 11381534501590512206
HIT 3 1052272623675 245 11662317505477909300
HIT 3 1056567590971 246 6833183064337950878
HIT 3 1060862558267 247 7596006381155128977
HIT 3 1065157525563 248 208819189289515856
HIT 3 1069452492859 249 14808647932124920471
HIT 3 1073747460155 250 4431212233202196375
HIT 3 1078042427451 251 11760266814035303478
HIT 3 1082337394747 252 6599250041175439303
HIT 3 1086632362043 253 16339505930587660262
HIT 3 1090927329339 254 11719503662784301997
HIT 3 1095222296635 255 18764761367612160
HIT 3 1099517263931 256 3570291212049598392
HIT 3 1103812231227 257 8311010726674335535
HIT 3 1108107198523 258 13367769923417994799
HIT 3 1112402165819 259 6231192726224371744
HIT 3 1116697133115 260 16123718233506117605
HIT 3 1120992100411 261 15495129068498292182
HIT 3 1125287067707 262 15202470648036836519
HIT 3 1129582035003 263 11817427584035766242
HIT 3 1133877002299 264 11860020704126557880
HIT 3 1138171969595 265 1093662946588480886
HIT 3 1142466936891 266 14818273226201022215
HIT 3 1146761904187 267 7955570830196528499
HIT 3 1151056871483 268 15486612932254393481
HIT 3 1155351838779 269 6033598755593294939
HIT 3 1159646806075 270 11219305362581393552
HIT 3 1163941773371 271 9034417683374280924
HIT 3 1168236740667 272 14883577536313790548
HIT 3 1172531707963 273 1709358593657264456
HIT 3 1176826675259 274 15001766273199448499
HIT 3 1181121642555 275 10878667651907531408
HIT 3 1185416609851 276 2455481771472011938
HIT 3 1189711577147 277 5023681365329351561
HIT 3 1194006544443 278 14679391700117582116
HIT 3 1198301511739 279 1125811668634710971
HIT 3 1202596479035 280 17151042792675774311
HIT 3 1206891446331 281 14545889513459221735
HIT 3 1211186413627 282 4776656042403556331
HIT 3 1215481380923 283 1030360773891088888
HIT 3 1219776348219 284 13759230603091440883
HIT 3 1224071315515 285 14427668906856025802
HIT 3 1228366282811 286 1483257518129219180
HIT 3 1232661250107 287 18430823356933222798
HIT 3 1236956217403 288 2241839883833476191
HIT 3 1241251184699 289 6365463925869896319
HIT 3 1245546151995 290 2520689724750223652
HIT 3 1249841119291 291 17612227029360796415
HIT 3 1254136086587 292 1311193950345640344
HIT 3 1258431053883 293 4138913740255176730
HIT 3 1262726021179 294 3456072519722634837
HIT 3 1267020988475 295 657491664091699849
HIT 3 1271315955771 296 8282190500502621332
HIT 3 1275610923067 297 11487466888499694702
HIT 3 1279905890363 298 9560388998705505362
HIT 3 1284200857659 299 15327021667488115972
HIT 3 1288495824955 300 17460519681836207030
HIT 3 1292790792251 301 18085840521623478537
HIT 3 1297085759547 302 6446819378259246558
HIT 3 1301380726843 303 7310335806529986023
HIT 3 1305675694139 304 5711316357669187938
HIT 3 1309970661435 305 15846455235624101039
HIT 3 1314265628731 306 14290662539084474333
HIT 3 1318560596027 307 5034789786963694136
HIT 3 1322855563323 308 10253427883553207328
HIT 3 1327150530619 309 16040445683755653711
HIT 3 1331445497915 310 8330687001835013035
HIT 3 1335740465211 311 17064946976018972855
HIT 3 1340035432507 312 976369130722933831
HIT 3 1344330399803 313 17624046972029572669
HIT 3 1348625367099 314 14194924837966729262
HIT 3 1352920334395 315 16418522956827066859
HIT 3 1357215301691 316 12581778814330777384
HIT 3 1361510268987 317 4610802326630672282
HIT 3 1365805236283 318 16326382102855904180
HIT 3 1370100203579 319 6106663281858695792
HIT 3 1374395170875 320 3874886447373260027
HIT 3 1378690138171 321 11615155858029921262
HIT 3 1382985105467 322 6606070456826569285
HIT 3 1387280072763 323 9669997940770340580
HIT 3 1391575040059 324 18164603523677337079
HIT 3 1395870007355 325 2049671542535946375
HIT 3 1400164974651 326 11242253103992892230
HIT 3 1404459941947 327 3795286883442351543
HIT 3 1408754909243 328 981745478603236713
HIT 3 1413049876539 329 8167407490547424259
HIT 3 1417344843835 330 5000728037105637940
HIT 3 1421639811131 331 8708522725275478667
HIT 3 1425934778427 332 4384529789351470317
HIT 3 1430229745723 333 8031355575311992622
HIT 3 1434524713019 334 11759720834923823559
HIT 3 1438819680315 335 8453790816800324788
HIT 3 1443114647611 336 13341384179193405411
HIT 3 1447409614907 337 2997687377701801923
HIT 3 1451704582203 338 16368733319392963130
HIT 3 1455999549499 339 14005751094955212067
HIT 3 1460294516795 340 12671355142173652956
HIT 3 1464589484091 341 15988239700709702565
HIT 3 1468884451387 342 6523703266372892869
HIT 3 1473179418683 343 6443045468303737571
HIT 3 1477474385979 344 15919341899432000274
HIT 3 1481769353275 345 15204007952574922206
HIT 3 1486064320571 346 4173776400346962763
HIT 3 1490359287867 347 16295831427786379489
HIT 3 1494654255163 348 3293101064966176615
HIT 3 1498949222459 349 7076768355144616840
HIT 3 1503244189755 350 2114635643495487460
HIT 3 1507539157051 351 4249356334634402329
HIT 3 1511834124347 352 13665170182796638917
HIT 3 1516129091643 353 8625949606715057470
HIT 3 1520424058939 354 18361344262636690747
HIT 3 1524719026235 355 14499993208527596278
HIT 3 1529013993531 356 10386953313719908234
HIT 3 1533308960827 357 12749140975806824255
HIT 3 1537603928123 358 14156673049648837613
HIT 3 1541898895419 359 14344975020224530046
HIT 3 1546193862715 360 8680116397666067634
HIT 3 1550488830011 361 16747236729418176335
HIT 3 1554783797307 362 4647776381155712883
HIT 3 1559078764603 363 5841476822102925677
HIT 3 1563373731899 364 13250190403653071557
HIT 3 1567668699195 365 13161533406450821688
HIT 3 1571963666491 366 17691156631177777109
HIT 3 1576258633787 367 15177175047608028343
HIT 3 1580553601083 368 2732224000071167166
HIT 3 1584848568379 369 1324781326060711520
HIT 3 1589143535675 370 14909954474545954531
HIT 3 1593438502971 371 13088930367456776543
HIT 3 1597733470267 372 6932557739799073859
HIT 3 1602028437563 373 2610493920690019417
HIT 3 1606323404859 374 8316912429525963128
HIT 3 1610618372155 375 16854981256761684717
HIT 3 1614913339451 376 18194270143772960732
HIT 3 1619208306747 377 8613535026249921571
HIT 3 1623503274043 378 15709104563699300431
HIT 3 1627798241339 379 1530359006677770826
HIT 3 1632093208635 380 17188238600959619369
HIT 3 1636388175931 381 6990134765280842810
HIT 3 1640683143227 382 12859902331844980938
HIT 3 1644978110523 383 10565172949901407912
HIT 3 1649273077819 384 17258575477872569911
HIT 3 1653568045115 385 17297836895668192318
HIT 3 1657863012411 386 2566037259613692873
HIT 3 1662157979707 387 9192357279389414154
HIT 3 1666452947003 388 4859164975324318535
HIT 3 1670747914299 389 17756054896120805026
HIT 3 1675042881595 390 5274098531439751187
HIT 3 1679337848891 391 12227665105662053482
HIT 3 1683632816187 392 5599169980442980123
HIT 3 1687927783483 393 5748246935515783151
HIT 3 1692222750779 394 7518409691717029320
HIT 3 1696517718075 395 10671420347501409982
HIT 3 1700812685371 396 2169701709191420965
HIT 3 1705107652667 397 9384160805730857345
HIT 3 1709402619963 398 8472773956054644530
HIT 3 1713697587259 399 1143880509931384128
HIT 3 1717992554555 400 9631252382846562308
HIT 3 1722287521851 401 8214909760353106829
HIT 3 1726582489147 402 11869141913716752301
HIT 3 1730877456443 403 5989429895748151232
HIT 3 1735172423739 404 10637698766558648097
HIT 3 1739467391035 405 14829820763449450994
HIT 3 1743762358331 406 15377787705960980052
HIT 3 1748057325627 407 16824811600284554748
HIT 3 1752352292923 408 9110826578634401876
HIT 3 1756647260219 409 1210462209663322250
HIT 3 1760942227515 410 6914303021051066501
HIT 3 1765237194811 411 14556946593820619741
HIT 3 1769532162107 412 10349320888113315571
HIT 3 1773827129403 413 3043029897536505536
HIT 3 1778122096699 414 9820046396739928621
HIT 3 1782417063995 415 3393215246978920658
HIT 3 1786712031291 416 6498557510477019081
HIT 3 1791006998587 417 7096660113367829783
HIT 3 1795301965883 418 10565260514961481995
HIT 3 1799596933179 419 6094089463584933448
HIT 3 1803891900475 420 6502704780796144780
HIT 3 1808186867771 421 3968093329732092099
HIT 3 1812481835067 422 16379690555837705014
HIT 3 1816776802363 423 4598857067139093048
HIT 3 1821071769659 424 4206796690037345015
HIT 3 1825366736955 425 14837828141412976608
HIT 3 1829661704251 426 7482022505914515360
HIT 3 1833956671547 427 6591778555665588142
HIT 3 1838251638843 428 9284430655241717721
HIT 3 1842546606139 429 12828972565031846892
HIT 3 1846841573435 430 5652465802953338788
HIT 3 1851136540731 431 8556911337066332614
HIT 3 1855431508027 432 3561002202408222360
HIT 3 1859726475323 433 11330547558506283718
HIT 3 1864021442619 434 8256404339111483025
HIT 3 1868316409915 435 13900237539696694495
HIT 3 1872611377211 436 11454088135472191071
HIT 3 1876906344507 437 9118972523547670282
HIT 3 1881201311803 438 18423221592896143726
HIT 3 1885496279099 439 15050662964845399766
HIT 3 1889791246395 440 17443513909653212125
HIT 3 1894086213691 441 16522895711322115307
HIT 3 1898381180987 442 6264284850024544484
HIT 3 1902676148283 443 9901266899930440001
HIT 3 1906971115579 444 11175910683189147933
HIT 3 1911266082875 445 7278166021433999947
HIT 3 1915561050171 446 14201593382039532134
HIT 3 1919856017467 447 7030993620709362058
HIT 3 1924150984763 448 3409739532142276668
HIT 3 1928445952059 449 10267164197477613875
HIT 3 1932740919355 450 11711368919767702361
HIT 3 1937035886651 451 4223021587842134614
HIT 3 1941330853947 452 4571108403917583310
HIT 3 1945625821243 453 12522153469122791794
HIT 3 1949920788539 454 2254137347331388426
HIT 3 1954215755835 455 11647608435581920658
HIT 3 1958510723131 456 8213138412263601331
HIT 3 1962805690427 457 8369568819777956062
HIT 3 1967100657723 458 9991357863612511016
HIT 3 1971395625019 459 11139816427764790942
HIT 3 1975690592315 460 4952261554070723256
HIT 3 1979985559611 461 595695105331802506
HIT 3 1984280526907 462 15312641409149123236
HIT 3 1988575494203 463 18048213480862039722
HIT 3 1992870461499 464 14354856165072545345
HIT 3 1997165428795 465 6723449808480392179
HIT 3 2001460396091 466 8565438287835376455
HIT 3 2005755363387 467 7433492960188384176
HIT 3 2010050330683 468 13419946976460210458
HIT 3 2014345297979 469 7628680598356867500
HIT 3 2018640265275 470 3017161417518781799
HIT 3 2022935232571 471 9982663552109595397
HIT 3 2027230199867 472 18067114446343337284
HIT 3 2031525167163 473 5255446662290079590
HIT 3 2035820134459 474 14013179310541363737
HIT 3 2040115101755 475 2341644328176024158
HIT 3 2044410069051 476 900218719977394500
HIT 3 2048705036347 477 7246562924118696983
HIT 3 2053000003643 478 15878962788843502535
HIT 3 2057294970939 479 12804353483994587921
HIT 3 2061589938235 480 17653573539350989188
HIT 3 2065884905531 481 1778343640845639348
HIT 3 2070179872827 482 17934282095301169440
HIT 3 2074474840123 483 14052921626851070337
HIT 3 2078769807419 484 8767137748058384172
HIT 3 2083064774715 485 11166195984532648323
HIT 3 2087359742011 486 8079209488396362843
HIT 3 2091654709307 487 5201333622353547080
HIT 3 2095949676603 488 11621810234282557790
HIT 3 2100244643899 489 12821162127789719959
HIT 3 2104539611195 490 567556102444866947
HIT 3 2108834578491 491 14002745578228691434
HIT 3 2113129545787 492 1486952345279195816
HIT 3 2117424513083 493 11226032564873507133
HIT 3 2121719480379 494 14739489327092644326
HIT 3 2126014447675 495 12700934010562100149
HIT 3 2130309414971 496 1092535231115370973
HIT 3 2134604382267 497 4864163463482796639
HIT 3 2138899349563 498 1376181247981809480
HIT 3 2143194316859 499 4938326564906118093
HIT 3 2147489284155 500 11478430139384398599
HIT 3 2151784251451 501 5854707881176159631
HIT 3 2156079218747 502 1943744791771415227
HIT 3 2160374186043 503 12065449498762901045
HIT 3 2164669153339 504 7873075285132748259
HIT 3 2168964120635 505 8765417573515102334
HIT 3 2173259087931 506 1255631935973005849
HIT 3 2177554055227 507 3767165757684637330
HIT 3 2181849022523 508 6562488158182955442
HIT 3 2186143989819 509 17035865727539131165
HIT 3 2190438957115 510 534454719109939688
HIT 3 2194733924411 511 6198842652389728409
HIT 3 377962823739 88 2101056633317979165
HIT 3 382257791035 89 4903244968177514726
HIT 3 386552758331 90 1619491186252147637
HIT 3 1000733081659 233 1560746498423118986
HIT 3 1005028048955 234 2794941551581690876
HIT 3 1009323016251 235 4698558056193750720
HIT 3 1017912950843 237 8250270316607344043
HIT 3 1589143601211 370 6330901498517371514
HIT 3 1597733535803 372 14103976289397026013
HIT 3 1602028503099 373 11932078799181657736
HIT 3 1606323470395 374 260795876163310356
HIT 3 1000733147195 233 5980413630615955514
HIT 3 1005028114491 234 885227528072924520
HIT 3 1009323081787 235 13869461665139715522
HIT 3 1017913016379 237 8087899986054626468
HIT 3 1589143666747 370 16513933892312741248
HIT 3 1597733601339 372 2396560375989548947
HIT 3 1602028568635 373 10632547407738875552
HIT 3 1606323535931 374 8758712727750187692
HIT 3 386552889403 90 2446180536920036195
HIT 3 1009323147323 235 2704677679123630766
HIT 3 1597733666875 372 17585329080779523535
HIT 3 1009323212859 235 10304087087906074747
HIT 3 1597733732411 372 2959192838093940953
HIT 3 1009323278395 235 10362734812782458022
HIT 3 1597733797947 372 9933232482672745500
HIT 3 1009323343931 235 2619909538394587106
HIT 3 1597733863483 372 16379892355766573076
HIT 3 1009323409467 235 5733329915292942427
HIT 3 1597733929019 372 1610731107047855334
HIT 3 1009323475003 235 5619519079407682815
HIT 3 1597733994555 372 1360046992170684975
HIT 3 1009323540539 235 13360968609523942499
HIT 3 1597734060091 372 15527848310158895739
HIT 3 1009323606075 235 6214819471065504681
HIT 3 1597734125627 372 6934740283722626644
HIT 3 1009323671611 235 3190168819065966644
HIT 3 1597734191163 372 8228237483323021658
HIT 3 1597732945978 372 7540178949889451587
HIT 3 360782430266 84 6533199759960166304
HIT 3 369372364858 86 13871137247878421792
HIT 3 373667332154 87 7372172926340209714
HIT 3 377962299450 88 1574858608856491561
HIT 3 1000732557370 233 14026168520616148437
HIT 3 1005027524666 234 5780869123566282141
HIT 3 1009322491962 235 13032017251770686814
HIT 3 1017912426554 237 8087346186106370159
HIT 3 1589143076922 370 2570019408130990290
HIT 3 1597733011514 372 15308044689288377662
HIT 3 1602027978810 373 5590200494874997035
HIT 3 1606322946106 374 9888931234456225004
HIT 3 369372495930 86 18158741429648313733
HIT 3 1009322623034 235 518252651600310862
HIT 3 1597733142586 372 1972249557985255994
HIT 3 1009322819642 235 4410508732489880925
HIT 3 1597733339194 372 13326676307512969424
HIT 3 1000733016122 233 7249374319139669254
HIT 3 1005027983418 234 16291793407279558107
HIT 3 1009322950714 235 4640572009324911463
HIT 3 1017912885306 237 593280323011471927
HIT 3 1589143535674 370 12068556628049471625
HIT 3 1597733470266 372 15608796135547695948
HIT 3 1602028437562 373 10252557063334442367
HIT 3 1606323404858 374 2835460970982190823
HIT 3 377962823738 88 8905971054944346825
HIT 3 1009323016250 235 1860623976016315348
HIT 3 1597733535802 372 16468875962915451500
HIT 3 1009323081786 235 16191320562660324021
HIT 3 1597733601338 372 9496057476165100319
HIT 3 1009323737147 235 15229619141917676853
HIT 3 1597734256699 372 605972075685251430
HIT 3 1009323802683 235 773976030847518586
HIT 3 1597734322235 372 9713486463881848293
HIT 3 1009323868219 235 14268512551510216241
HIT 3 1597734387771 372 18072037236746790277
HIT 3 1009323933755 235 7456280843709152438
HIT 3 1597734453307 372 17937351327609179128
HIT 3 1009323999291 235 15858534175194670665
HIT 3 1597734518843 372 6599291858587952132
HIT 3 1009324064827 235 15290814827094939788
HIT 3 1597734584379 372 12755335221173135755
HIT 3 1009324130363 235 13415622874255664854
HIT 3 1597734649915 372 11444931211589075229
HIT 3 1009324195899 235 18030999572541868018
HIT 3 1597734715451 372 13012904854702191314
HIT 3 1009324261435 235 8130639907376524645
HIT 3 1597734780987 372 11264474120015086677
HIT 3 1009324326971 235 9646758059886207326
HIT 3 1597734846523 372 6101804574266303124
HIT 3 1009324392507 235 6722702127048979254
HIT 3 1597734912059 372 5393880341940497020
HIT 3 1009324458043 235 13590301790918728321
HIT 3 1597734977595 372 4093698780756690702
HIT 3 1009324523579 235 984425761477376700
HIT 3 1597735043131 372 16823677656057387655
HIT 3 1009324589115 235 10059015199587233880
HIT 3 1597735108667 372 11512999577674180367
HIT 3 1009324654651 235 11311540485530638298
HIT 3 1597735174203 372 459168232497812132
HIT 3 1009324720187 235 3407641879636350662
HIT 3 1597735239739 372 8330580769517454466
HIT 3 1009324785723 235 256349847645524427
HIT 3 1597735305275 372 1873542540364056892
HIT 3 1009324851259 235 230086502239942509
HIT 3 1597735370811 372 1590355622488720872
HIT 3 1009324916795 235 6457021083222428821
HIT 3 1597735436347 372 6453393208382952193
HIT 3 1009324982331 235 1988689010567612324
HIT 3 1597735501883 372 2085030375691612535
HIT 3 1009325047867 235 9597181176092213628
HIT 3 1597735567419 372 17200437455882253162
HIT 3 1009325113403 235 6329943456349217423
HIT 3 1597735632955 372 11394275426533935599
HIT 3 1009325178939 235 714803062037332838
HIT 3 1597735698491 372 15896414190625858375
HIT 3 1009325244475 235 10049704566637403592
HIT 3 1597735764027 372 14533221324582300541
HIT 3 1009325310011 235 11863161961984159405
HIT 3 1597735829563 372 325392702269828672
HIT 3 1009325375547 235 1703493443951638219
HIT 3 1597735895099 372 12402708823530557707
HIT 3 1009325441083 235 14151274935283776056
HIT 3 1597735960635 372 11659695961894913678
HIT 3 1009325506619 235 12527111528815746459
HIT 3 1597736026171 372 4506134756151672047
HIT 3 1009325572155 235 9437931055565141902
HIT 3 1597736091707 372 5752377949139424962
HIT 3 1009325637691 235 1346248933235732345
HIT 3 1597736157243 372 455207190910679777
HIT 3 1009325703227 235 10276805378644964115
HIT 3 1597736222779 372 3105125625984826738
HIT 3 1009325768763 235 7949767354336128372
HIT 3 1597736288315 372 5233456229426417219
HIT 3 1009325834299 235 17803015411462003875
HIT 3 1597736353851 372 16143322759099249032
HIT 3 1009325899835 235 2555188300796912691
HIT 3 1597736419387 372 16964492179723481332
HIT 3 1009325965371 235 3545563352659814176
HIT 3 1597736484923 372 1480868823159162643
HIT 3 1009326030907 235 8052024827984342423
HIT 3 1597736550459 372 5453687398119428127
HIT 3 1597743235128 372 308708470458821067
HIT 3 1009326096443 235 276477372377272917
HIT 3 1597736615995 372 6238805906962501786
HIT 3 1009326161979 235 1701217811018749908
HIT 3 1597736681531 372 3314245476364563717
HIT 3 1009326227515 235 11586353737317600733
HIT 3 1597736747067 372 12304408529843274712
HIT 3 1009326293051 235 9289711660830505024
HIT 3 1597736812603 372 17201653066027405480
HIT 3 1009326358587 235 16893394687581923109
HIT 3 1597736878139 372 1633077162433165260
HIT 3 1009326424123 235 5750402018334152056
HIT 3 1597736943675 372 14586074282898457126
HIT 3 1009326489659 235 12341330479259690915
HIT 3 1597737009211 372 11431669752870753249
HIT 3 1009326555195 235 3382422046664415920
HIT 3 1597737074747 372 3639493533525753457
HIT 3 1009326620731 235 11581657440450337924
HIT 3 1597737140283 372 474876690352778794
HIT 3 1009326686267 235 11548061742469872641
HIT 3 1597737205819 372 17648468888251275298
HIT 3 1009326751803 235 10153799073092465901
HIT 3 1597737271355 372 17455566701330898767
HIT 3 1009326817339 235 17316814142220872200
HIT 3 1597737336891 372 4357911281768645664
HIT 3 1009326882875 235 6721436253838961440
HIT 3 1597737402427 372 18352963126265861294
HIT 3 1009326948411 235 17040206313826988348
HIT 3 1597737467963 372 18282842748675029372
HIT 3 1009327013947 235 16531010345531762424
HIT 3 1597737533499 372 8152467697988828012
HIT 3 1009327079483 235 10572001574824204045
HIT 3 1597737599035 372 18105529145341705916
HIT 3 1009327145019 235 14097892559608233400
HIT 3 1597737664571 372 8559182980841160069
HIT 3 1009327210555 235 5083205346659897031
HIT 3 1597737730107 372 16051579601006754653
HIT 3 1009327276091 235 2931643267077313781
HIT 3 1597737795643 372 9540677761674699363
HIT 3 1009327341627 235 15037543080247411711
HIT 3 1597737861179 372 9466855776610954652
HIT 3 1009327407163 235 3379831653150999951
HIT 3 1597737926715 372 14851920563233248025
HIT 3 1009327472699 235 4557346617613264689
HIT 3 1597737992251 372 17699703085860906008
HIT 3 1009327538235 235 3484408203943517394
HIT 3 1597738057787 372 10160195520060218348
HIT 3 1009327603771 235 5248840471441131122
HIT 3 1597738123323 372 7506154330541077776
HIT 3 1009327669307 235 9102483170772876491
HIT 3 1597738188859 372 14152922893107689187
HIT 3 1009327734843 235 435416855402886327
HIT 3 1597738254395 372 1003730244326640173
HIT 3 1009327800379 235 12566070627460476786
HIT 3 1597738319931 372 16153706298697453002
HIT 3 1009327865915 235 9799877855784631632
HIT 3 1597738385467 372 4346880459692943861
HIT 3 1009327931451 235 2463944849601861358
HIT 3 1597738451003 372 8067652264027956516
HIT 3 1009327996987 235 12499958050391406873
HIT 3 1597738516539 372 12195352717256415610
HIT 3 1009328062523 235 6659056731894242997
HIT 3 1597738582075 372 15457261957627681373
HIT 3 1009328128059 235 17611832496805176757
HIT 3 1597738647611 372 13446256378822078922
HIT 3 1009328193595 235 10774729486162722756
HIT 3 1597738713147 372 9445476414232381015
HIT 3 1009328259131 235 11056070321153786862
HIT 3 1597738778683 372 9613550498921673217
HIT 3 1009328324667 235 1315011064731077071
HIT 3 1597738844219 372 13897298541395313979
HIT 3 1009328390203 235 16507592211634404859
HIT 3 1597738909755 372 14384646829235670013
HIT 3 1009328455739 235 12102382792535133784
HIT 3 1597738975291 372 2794817743789244187
HIT 3 1009328521275 235 214374398370187481
HIT 3 1597739040827 372 14976850261469677909
HIT 3 1009328586811 235 15250622307049743377
HIT 3 1597739106363 372 17484946187620853360
HIT 3 1009328652347 235 12421616795017744634
HIT 3 1597739171899 372 15663829447442641191
HIT 3 1009328717883 235 12890797757541579328
HIT 3 1597739237435 372 15601619842615262049
HIT 3 1009328783419 235 7360598565859207990
HIT 3 1597739302971 372 11683180951181719004
HIT 3 1009328848955 235 9740756826490213251
HIT 3 1597739368507 372 4904784390230447236
HIT 3 1009328914491 235 6303037038369123129
HIT 3 1597739434043 372 17596205740273005364
HIT 3 1009328980027 235 15201014824718187097
HIT 3 1597739499579 372 8326557018175756951
HIT 3 1009329045563 235 3052951651448972174
HIT 3 1597739565115 372 2396778167825517490
HIT 3 1009329111099 235 9648820196622384749
HIT 3 1597739630651 372 13971887133248816542
HIT 3 1009329176635 235 1784929801815997424
HIT 3 1597739696187 372 3702538990010987699
HIT 3 1009329242171 235 6426659347761264562
HIT 3 1597739761723 372 1509175744321708527
HIT 3 1009329307707 235 11611176759272627442
HIT 3 1597739827259 372 3797682952974902566
HIT 3 1009329373243 235 1580979124926536505
HIT 3 1597739892795 372 9557939174882446442
HIT 3 1009329438779 235 1176715844811351055
HIT 3 1597739958331 372 12328074867907477741
HIT 3 1009329504315 235 12766684981573242708
HIT 3 1597740023867 372 10807978061655179110
HIT 3 1009329569851 235 9841798385715045879
HIT 3 1597740089403 372 9057513337309615074
HIT 3 1009329635387 235 823574778443340614
HIT 3 1597740154939 372 13857357821155913948
HIT 3 1009329700923 235 7681128607882062095
HIT 3 1597740220475 372 1795907380193185276
HIT 3 1009329766459 235 4063324314335699103
HIT 3 1597740286011 372 15593137600568974083
HIT 3 1009329831995 235 10515748908922454914
HIT 3 1597740351547 372 1588887137199761164
HIT 3 1009329897531 235 8101125320778305784
HIT 3 1597740417083 372 8863442480243067845
HIT 3 1009329963067 235 16152288956373928100
HIT 3 1597740482619 372 9742478097667172723
HIT 3 1009330028603 235 10997262836153007523
HIT 3 1597740548155 372 15351899390116373912
HIT 3 1009330094139 235 16343485722482631131
HIT 3 1597740613691 372 16344797929689395926
HIT 3 1009330159675 235 14587718444477153900
HIT 3 1597740679227 372 15827680872086394054
HIT 3 1009330225211 235 9395037457821023431
HIT 3 1597740744763 372 12395433473286674752
HIT 3 1009330290747 235 7214201897381668411
HIT 3 1597740810299 372 7288228198542730820
HIT 3 1009330356283 235 12677477981249654102
HIT 3 1597740875835 372 8047739143884186301
HIT 3 1009330421819 235 3673107032426048610
HIT 3 1597740941371 372 573745017005591303
HIT 3 1009330487355 235 10919619307836862591
HIT 3 1597741006907 372 9708283630396143785
HIT 3 1009330552891 235 17751941014638037610
HIT 3 1597741072443 372 4420708455941997991
HIT 3 1009330618427 235 10419375681803578475
HIT 3 1597741137979 372 15264468138616324889
HIT 3 1009330683963 235 4996879156227572419
HIT 3 1597741203515 372 5878461517973286372
HIT 3 1009330749499 235 8098986757311746261
HIT 3 1597741269051 372 11903814351612184777
HIT 3 1009330815035 235 4272242042421965892
HIT 3 1597741334587 372 9764692131653282840
HIT 3 1009330880571 235 4736085185915224174
HIT 3 1597741400123 372 9379438054732843990
HIT 3 1009330946107 235 16047167940530941404
HIT 3 1597741465659 372 16636617028058229827
HIT 3 1009331011643 235 7343067451365158901
HIT 3 1597741531195 372 5600328873815597522
HIT 3 1009331077179 235 4589001331645890304
HIT 3 1597741596731 372 15498486049947256281
HIT 3 1009331142715 235 13407816026596499101
HIT 3 1597741662267 372 13563411412911845522
HIT 3 1009331208251 235 8472591031482836665
HIT 3 1597741727803 372 11646239589633781393
HIT 3 1009331273787 235 7017813233601101163
HIT 3 1597741793339 372 10494419865671993448
HIT 3 1009331339323 235 16597129425922462485
HIT 3 1597741858875 372 10048157057712561423
HIT 3 1009331404859 235 8115853417891715664
HIT 3 1597741924411 372 1772161109379892005
HIT 3 1009331470395 235 1427660405506090861
HIT 3 1597741989947 372 13333170588726303745
HIT 3 1009331535931 235 2045788850051473659
HIT 3 1597742055483 372 2492056545931601314
HIT 3 1009331601467 235 1917768243861904204
HIT 3 1597742121019 372 11916275709951219316
HIT 3 1009331667003 235 17621988839260103773
HIT 3 1597742186555 372 1423725351935232207
HIT 3 1009331732539 235 16389154274373788723
HIT 3 1597742252091 372 3924755477568446996
HIT 3 1009331798075 235 12561451603325393630
HIT 3 1597742317627 372 2201487521529434394
HIT 3 1009331863611 235 7921535465996097689
HIT 3 1597742383163 372 10642692767441655389
HIT 3 1009331929147 235 14070062735433779849
HIT 3 1597742448699 372 9995676187766376482
HIT 3 1009331994683 235 7600659041078301881
HIT 3 1597742514235 372 8801791160840417838
HIT 3 1009332060219 235 5319918994934870312
HIT 3 1597742579771 372 17380436042181967385
HIT 3 1009332125755 235 2824986374642221701
HIT 3 1597742645307 372 10946402045809547158
HIT 3 1009332191291 235 17722148860281407335
HIT 3 1597743104057 372 17769054148233729
HIT 3 1017922584633 237 8821523656152796922
HIT 3 1597743169593 372 12400675688857660853
HIT 3 1589153300537 370 16923206903276307172
HIT 3 1597743235129 372 8805367821881434836
HIT 3 1602038202425 373 11556172502538975104
HIT 3 1606333169721 374 16572749207066800049
HIT 3 1597742710843 372 4591490846973423538
HIT 3 1009332256827 235 5258580304881959985
HIT 3 1597742776379 372 12107007664075179606
HIT 3 1009332322363 235 13266208854282225734
HIT 3 1597742841915 372 7479681967344878835
HIT 3 1009332387899 235 9043867586564752193
HIT 3 1597742907451 372 6611152022758273824
HIT 3 1000742518843 233 9043867586564752193
HIT 3 1009332453435 235 15024349331162969799
HIT 3 1597742972987 372 6372239854193756452
HIT 3 1009332518971 235 730185552328891661
HIT 3 1017922453563 237 17588206808743462538
HIT 3 1597743038523 372 6153868794330596468
HIT 3 1009332584507 235 17588206808743462538
HIT 3 1589153169467 370 13459887548979609475
HIT 3 1597743104059 372 4179332178190571582
HIT 3 1602038071355 373 11510142121407928651
HIT 3 1606333038651 374 8845030531742750740
HIT 3 1013627617339 236 14273407397754975571
HIT 3 1017922584635 237 716365503620312054
HIT 3 1026512519227 239 10580698915832581233
HIT 3 1589153235003 370 12277869028132000339
HIT 3 1597743169595 372 14577866088760787096
HIT 3 1602038136891 373 8104877761803908106
HIT 3 1606333104187 374 9278540495696666828
HIT 3 1013627682875 236 13773087359348043755
HIT 3 1017922650171 237 10580698915832581233
HIT 3 1022217617467 238 14273407397754975571
HIT 3 1026512584763 239 12864725465719158671
HIT 3 1030807552059 240 11785500473053098478
HIT 3 1035102519355 241 18219552822832275977
HIT 3 1039397486651 242 5577315303004728988
HIT 3 1043692453947 243 3836395061961670838
HIT 3 1047987421243 244 1924600188669248234
HIT 3 1052282388539 245 13551974283870833992
HIT 3 1056577355835 246 14261063851798050848
HIT 3 1060872323131 247 8890686135635268963
HIT 3 1065167290427 248 4562647179455247044
HIT 3 1069462257723 249 9968364873644874205
HIT 3 1073757225019 250 8357315799692653533
HIT 3 1078052192315 251 5076173447349667121
HIT 3 1082347159611 252 11709326539191165161
HIT 3 1086642126907 253 14093284013562534248
HIT 3 1090937094203 254 4122844871461791946
HIT 3 1095232061499 255 9114633769734396709
HIT 3 1099527028795 256 1424302277713799719
HIT 3 1103821996091 257 14697143615037138575
HIT 3 1108116963387 258 14776933566908885901
HIT 3 1112411930683 259 13174409153991355309
HIT 3 1116706897979 260 11022682378136863887
HIT 3 1121001865275 261 8159794699466236138
HIT 3 1125296832571 262 17158349360663690407
HIT 3 1129591799867 263 12333955508364474194
HIT 3 1133886767163 264 1171067806009697468
HIT 3 1138181734459 265 1377727865969611437
HIT 3 1142476701755 266 1652303271757638633
HIT 3 1146771669051 267 8061049557079539835
HIT 3 1151066636347 268 17294060512965844031
HIT 3 1155361603643 269 4692373215574673624
HIT 3 1159656570939 270 8965475102869069650
HIT 3 1163951538235 271 11557286871499697465
HIT 3 1168246505531 272 1964469369123345317
HIT 3 1172541472827 273 13240134712219014495
HIT 3 1176836440123 274 10797992873812473415
HIT 3 1181131407419 275 14293123789104219398
HIT 3 1185426374715 276 4475973438327874925
HIT 3 1189721342011 277 7947560786323337616
HIT 3 1194016309307 278 16229757361015063928
HIT 3 1198311276603 279 14210252032987266081
HIT 3 1202606243899 280 12695441236520664209
HIT 3 1206901211195 281 2980677639820253767
HIT 3 1211196178491 282 8362996160725638872
HIT 3 1215491145787 283 1542544074587025048
HIT 3 1219786113083 284 2547167070922656105
HIT 3 1224081080379 285 4796704907833665771
HIT 3 1228376047675 286 2343799616198675412
HIT 3 1232671014971 287 7766650778350703949
HIT 3 1236965982267 288 5044020857642396810
HIT 3 1241260949563 289 16655588385506991235
HIT 3 1245555916859 290 7323003437069156978
HIT 3 1249850884155 291 2227162309999933130
HIT 3 1254145851451 292 17203240412289015451
HIT 3 1258440818747 293 4745116916035874618
HIT 3 1262735786043 294 2589021636541332254
HIT 3 1267030753339 295 17261997460799404517
HIT 3 1271325720635 296 4132802659409326725
HIT 3 1275620687931 297 15871285322423903277
HIT 3 1279915655227 298 9147269387570595069
HIT 3 1284210622523 299 5290162650224233841
HIT 3 1288505589819 300 16478418725965648593
HIT 3 1292800557115 301 8498642173764884847
HIT 3 1297095524411 302 11471412521442659394
HIT 3 1301390491707 303 9651212273021333440
HIT 3 1305685459003 304 4948629166474507678
HIT 3 1309980426299 305 3638075351169789204
HIT 3 1314275393595 306 16734874308192676972
HIT 3 1318570360891 307 17174876286785051247
HIT 3 1322865328187 308 8212656982242250723
HIT 3 1327160295483 309 4608874746629310507
HIT 3 1331455262779 310 12789780184815105018
HIT 3 1335750230075 311 6949864836214781181
HIT 3 1340045197371 312 1401038379619793436
HIT 3 1344340164667 313 3202688732967509364
HIT 3 1348635131963 314 16923336649744422909
HIT 3 1352930099259 315 2776322621016820571
HIT 3 1357225066555 316 5264961200003673312
HIT 3 1361520033851 317 4983437295341684644
HIT 3 1365815001147 318 3898150079785124801
HIT 3 1370109968443 319 2644051851603165832
HIT 3 1374404935739 320 7508803907563849186
HIT 3 1378699903035 321 16006847990457007773
HIT 3 1382994870331 322 17221855630927747197
HIT 3 1387289837627 323 12811483166284943004
HIT 3 1391584804923 324 2449070894828021236
HIT 3 1395879772219 325 15485337047429615958
HIT 3 1400174739515 326 5617825878157168592
HIT 3 1404469706811 327 3045664843456103033
HIT 3 1408764674107 328 3222025091777602073
HIT 3 1413059641403 329 2835808982555919295
HIT 3 1417354608699 330 7372310152436204449
HIT 3 1421649575995 331 3581411549385610482
HIT 3 1425944543291 332 6907355091336112793
HIT 3 1430239510587 333 12051808818559310742
HIT 3 1434534477883 334 4641980680392895316
HIT 3 1438829445179 335 4241800922779329981
HIT 3 1443124412475 336 2247381598046040082
HIT 3 1447419379771 337 5834095067820861540
HIT 3 1451714347067 338 9345326240071660328
HIT 3 1456009314363 339 13088385652968069718
HIT 3 1460304281659 340 6579681120986353580
HIT 3 1464599248955 341 13568653405746705321
HIT 3 1468894216251 342 10785851801337584011
HIT 3 1473189183547 343 9771867652759259551
HIT 3 1477484150843 344 9743372730833376134
HIT 3 1481779118139 345 11932277207993612265
HIT 3 1486074085435 346 13425203274167522112
HIT 3 1490369052731 347 16228931061458272159
HIT 3 1494664020027 348 2912436143296467371
HIT 3 1498958987323 349 12258840913160284748
HIT 3 1503253954619 350 9061376280400820651
HIT 3 1507548921915 351 12596270319599816307
HIT 3 1511843889211 352 7675017669492602428
HIT 3 1516138856507 353 8091587721271996633
HIT 3 1520433823803 354 8334710213985011049
HIT 3 1524728791099 355 7564924987908121117
HIT 3 1529023758395 356 3624153464657024940
HIT 3 1533318725691 357 10116653816629699460
HIT 3 1537613692987 358 9267596930198386725
HIT 3 1541908660283 359 1366565144005012402
HIT 3 1546203627579 360 12808431970344055719
HIT 3 1550498594875 361 17408913187640650145
HIT 3 1554793562171 362 386531457952352703
HIT 3 1559088529467 363 6685722547243426717
HIT 3 1563383496763 364 9829670196861296242
HIT 3 1567678464059 365 11641743729990781867
HIT 3 1571973431355 366 10923797292869914473
HIT 3 1576268398651 367 2756723857744945654
HIT 3 1580563365947 368 14548807158948050441
HIT 3 1584858333243 369 15485390993603689830
HIT 3 1589153300539 370 17500321681985477240
HIT 3 1593448267835 371 2249147411720935977
HIT 3 1597743235131 372 3192678035181738310
HIT 3 1602038202427 373 4120757636237870440
HIT 3 1606333169723 374 14841047472001562756
HIT 3 1610628137019 375 16029893506944338989
HIT 3 1614923104315 376 13271480648113741483
HIT 3 1619218071611 377 7049050088530792956
HIT 3 1623513038907 378 12770002876909904904
HIT 3 1627808006203 379 13512993196009788103
HIT 3 1632102973499 380 15739368270600137670
HIT 3 1636397940795 381 5822143735868450870
HIT 3 1640692908091 382 1896051895464490641
HIT 3 1644987875387 383 4519598558927652477
HIT 3 1649282842683 384 17159512530948893032
HIT 3 1653577809979 385 12914983510253726707
HIT 3 1657872777275 386 13101298559598173049
HIT 3 1662167744571 387 16572538587538051544
HIT 3 1666462711867 388 10221066517737626015
HIT 3 1670757679163 389 11767421377653872100
HIT 3 1675052646459 390 9526220214836759982
HIT 3 1679347613755 391 3928928641204509160
HIT 3 1683642581051 392 4625991463882288567
HIT 3 1687937548347 393 6671585364626760936
HIT 3 1692232515643 394 956489857233683206
HIT 3 1696527482939 395 2723666518430801503
HIT 3 1700822450235 396 12951146678530299865
HIT 3 1705117417531 397 7951520518475148550
HIT 3 1709412384827 398 18074802799667910608
HIT 3 1713707352123 399 7889893402964332861
HIT 3 1718002319419 400 2100180539345727050
HIT 3 1722297286715 401 11592427650688410748
HIT 3 1726592254011 402 8917027776967350042
HIT 3 1730887221307 403 7189562105905161066
HIT 3 1735182188603 404 6923370241973185362
HIT 3 1739477155899 405 16428609037365499204
HIT 3 1743772123195 406 1827676727749672784
HIT 3 1748067090491 407 11040449029820917013
HIT 3 1752362057787 408 5880024721797500200
HIT 3 1756657025083 409 9252417326771120247
HIT 3 1760951992379 410 4964876331868636186
HIT 3 1765246959675 411 10758869292909329837
HIT 3 1769541926971 412 3296919670792680250
HIT 3 1773836894267 413 17303877721669449459
HIT 3 1778131861563 414 9858815657583175214
HIT 3 1782426828859 415 17838154102662221060
HIT 3 1786721796155 416 10048029932112504009
HIT 3 1791016763451 417 14949674442983001287
HIT 3 1795311730747 418 15817122570423302173
HIT 3 1799606698043 419 7565377727425827577
HIT 3 1803901665339 420 10756362169554877331
HIT 3 1808196632635 421 10162397204926437000
HIT 3 1812491599931 422 15717682206793172464
HIT 3 1816786567227 423 11502050411399131741
HIT 3 1821081534523 424 14303713959443531592
HIT 3 1825376501819 425 12201389902131919077
HIT 3 1829671469115 426 2487026751951068907
HIT 3 1833966436411 427 16774742045627362409
HIT 3 1838261403707 428 12100110072821816848
HIT 3 1842556371003 429 16441668929103535188
HIT 3 1846851338299 430 14315382779757964330
HIT 3 1851146305595 431 3216760671335623035
HIT 3 1855441272891 432 12611634579591137691
HIT 3 1859736240187 433 13360421386880443207
HIT 3 1864031207483 434 2011658777932178226
HIT 3 1868326174779 435 13958423372589382783
HIT 3 1872621142075 436 1593106678813790671
HIT 3 1876916109371 437 14030367150876844198
HIT 3 1881211076667 438 11901111515784205061
HIT 3 1885506043963 439 1795059405872776312
HIT 3 1889801011259 440 11472704942178698737
HIT 3 1894095978555 441 9948700188278939624
HIT 3 1898390945851 442 7907002529409916855
HIT 3 1902685913147 443 94833762522772891
HIT 3 1906980880443 444 2860154985759499432
HIT 3 1911275847739 445 7961422766773167742
HIT 3 1915570815035 446 7320917307260120962
HIT 3 1919865782331 447 17063158290245454464
HIT 3 1924160749627 448 2463822719107651347
HIT 3 1928455716923 449 14229851846661549129
HIT 3 1932750684219 450 10002165132500015001
HIT 3 1937045651515 451 10779653663334675196
HIT 3 1941340618811 452 6323413693880084893
HIT 3 1945635586107 453 16682390255384556586
HIT 3 1949930553403 454 4639650787632625608
HIT 3 1954225520699 455 9870098693779944770
HIT 3 1958520487995 456 2213184837181689870
HIT 3 1962815455291 457 16635544799283215446
HIT 3 1967110422587 458 11727914214625836291
HIT 3 1971405389883 459 2019464325141342245
HIT 3 1975700357179 460 6458655986364031993
HIT 3 1979995324475 461 16463444148997266181
HIT 3 1984290291771 462 2284539726740982760
HIT 3 1988585259067 463 9530890428047904193
HIT 3 1992880226363 464 689732453257372563
HIT 3 1997175193659 465 18019596996762974126
HIT 3 2001470160955 466 13612434310905782143
HIT 3 2005765128251 467 16507689069258169878
HIT 3 2010060095547 468 2106238071574367260
HIT 3 2014355062843 469 15800016932826875184
HIT 3 2018650030139 470 7038585376390486016
HIT 3 2022944997435 471 15213249664761266911
HIT 3 2027239964731 472 4527569275493031503
HIT 3 2031534932027 473 12098052721076684300
HIT 3 2035829899323 474 3930934273293641370
HIT 3 2040124866619 475 5454180870537603399
HIT 3 2044419833915 476 12269235323199932588
HIT 3 2048714801211 477 15673503899066387591
HIT 3 2053009768507 478 3228847247147705005
HIT 3 2057304735803 479 14593847042995117264
HIT 3 2061599703099 480 9530037426103463663
HIT 3 2065894670395 481 7743484701547966240
HIT 3 2070189637691 482 2374856397581211486
HIT 3 2074484604987 483 5312760130297117927
HIT 3 2078779572283 484 11483185074977600527
HIT 3 2083074539579 485 1764215633539039275
HIT 3 2087369506875 486 16930319758248344628
HIT 3 2091664474171 487 14170042713838271716
HIT 3 2095959441467 488 9400781317412790917
HIT 3 2100254408763 489 1796938805148355570
HIT 3 2104549376059 490 16328296307055063104
HIT 3 2108844343355 491 5247943825373679487
HIT 3 2113139310651 492 4017662657561924162
HIT 3 2117434277947 493 15937619529854503751
HIT 3 2121729245243 494 16285010337657362524
HIT 3 2126024212539 495 9798374249710784524
HIT 3 2130319179835 496 895439508514550110
HIT 3 2134614147131 497 12167160662995217850
HIT 3 2138909114427 498 16081541607759890115
HIT 3 2143204081723 499 3529200268774933592
HIT 3 2147499049019 500 13725698424623920733
HIT 3 2151794016315 501 16519798876121031618
HIT 3 2156088983611 502 5664440786528067213
HIT 3 2160383950907 503 8445718118997774527
HIT 3 2164678918203 504 3739291138031321817
HIT 3 2168973885499 505 1668246598217258374
HIT 3 2173268852795 506 13639684596673083659
HIT 3 2177563820091 507 5385735515532874165
HIT 3 2181858787387 508 7472505174887117329
HIT 3 2186153754683 509 4475110892373001812
HIT 3 2190448721979 510 4647953446907110491
HIT 3 2194743689275 511 2271781992060908839
HIT 3 1026512650299 239 13345159397197574523
HIT 3 1597743300667 372 17897165915834284615
HIT 3 1589153431611 370 9146324191911513924
HIT 3 1597743366203 372 10872827216248638114
HIT 3 1602038333499 373 16107928694512783619
HIT 3 1606333300795 374 14950276089970002804
HIT 3 1597743431739 372 14120260400494394077
HIT 3 1597743497275 372 14206849767614379862
HIT 3 1597743562811 372 10406913993069236697
HIT 3 1597743628347 372 10251118627532819422
HIT 3 1597743366201 372 41979186652053722
HIT 3 339306545212 79 9777305677346477076
HIT 3 369371316284 86 11885080329013538533
HIT 3 1009321443388 235 16080907810635445739
HIT 3 1597731962940 372 11238520917123992018
HIT 3 1597743693883 372 10018532881867117294
HIT 3 1597743759419 372 16335950852865875987
HIT 3 1597743824955 372 17118477416158630909
HIT 3 1597743890491 372 13385738689181326607
HIT 3 1597743956027 372 2075877135027665907
HIT 3 1597744021563 372 10575469760889639888
HIT 3 1597744087099 372 13859917506128377044
HIT 3 1597744152635 372 11884347099559606912
HIT 3 1597744218171 372 397346474861131494
HIT 3 1597744283707 372 8520077449068295423
HIT 3 1597744349243 372 6604408082408595437
HIT 3 1597744414779 372 9421066339848324089
HIT 3 1597744480315 372 14680220770125319710
HIT 3 1597744545851 372 13648139411603449385
HIT 3 1597744611387 372 3889702793136628012
HIT 3 1597744676923 372 13585901028999855427
HIT 3 1597744742459 372 2582214823078484189
HIT 3 1597744807995 372 10442484451173006026
HIT 3 1597744873531 372 618458478003945745
HIT 3 369372364860 86 6189031266999183363
HIT 3 1009322491964 235 17795534926310961852
HIT 3 1597733011516 372 11686630807851359687
HIT 3 1597744939067 372 1723722428855471114
HIT 3 1597745004603 372 15875468725107124803
HIT 3 1597745070139 372 12774117897401074399
HIT 3 1597745135675 372 12606581746315618967
HIT 3 1597745201211 372 1476473256825295235
HIT 3 1597745266747 372 8611589525230912572
HIT 3 1597745332283 372 17729126468491899306
HIT 3 1597745397819 372 12895906732896859290
HIT 3 1597745463355 372 87449490914482979
HIT 3 1597745528891 372 6276682883102139794
HIT 3 1597745594427 372 1876700313700787945
HIT 3 1597745659963 372 18346685591971433297
HIT 3 1597745725499 372 8531721446957685569
HIT 3 1597745791035 372 1893067472225751449
HIT 3 1597745856571 372 10232361886280278310
HIT 3 1597745922107 372 13945551145007986972
HIT 3 1597745987643 372 4435303872415637449
HIT 3 1597746053179 372 9066957765829610387
HIT 3 1597746118715 372 13947345079967991058
HIT 3 1597746184251 372 16888189960909347588
HIT 3 1597746249787 372 9066676939403540133
HIT 3 1597746315323 372 15415262238954201922
HIT 3 1597746380859 372 8440837839950002490
HIT 3 1597743104058 372 6078443040316867476
HIT 3 1017922584634 237 8427657916301612913
HIT 3 1597743169594 372 4609513267476080083
HIT 3 1589153300538 370 8831570952620226529
HIT 3 1597743235130 372 16170007174177751155
HIT 3 1602038202426 373 1377858719106055430
HIT 3 1606333169722 374 15353911414879462719
HIT 3 1597743366202 372 5218995887410151905
HIT 3 1009322950716 235 8565621539943822469
HIT 3 1597733470268 372 11932157256252957750
HIT 3 1597746446395 372 7833653972221045357
HIT 3 1597746511931 372 1189555014680573371
HIT 3 1597746577467 372 897248884009834727
HIT 3 1597746643003 372 16565660776882964528
HIT 3 1597746708539 372 6475482586083025623
HIT 3 1597746774075 372 2260203657680854903
HIT 3 1597746839611 372 17751283992031742439
HIT 3 1597746905147 372 14456329788193594290
HIT 3 1597746970683 372 7893649557596811071
HIT 3 1597747036219 372 15584596803303329435
HIT 3 1597747101755 372 14198390065171457048
HIT 3 1597747167291 372 9898940007903570672
HIT 3 1597747232827 372 12671917206618214258
HIT 3 1597747298363 372 13709714018331089439
HIT 3 1597747363899 372 792225330981928136
HIT 3 1597747429435 372 4366147693311015188
HIT 3 1597747494971 372 1976717922000310563
HIT 3 1597747560507 372 15505616667769451007
HIT 3 1597747626043 372 13409197633028379310
HIT 3 1597747691579 372 297982245352272034
HIT 3 1597747757115 372 11192959617351948673
HIT 3 1597747822651 372 12036537614701243180
HIT 3 1597747888187 372 16216979812412173658
HIT 3 1597747953723 372 2525544564875315401
HIT 3 1597748019259 372 11683760630004660858
HIT 3 1597748084795 372 7611969090823020956
HIT 3 1597748150331 372 395608643700446864
HIT 3 1597748215867 372 11274723105941467966
HIT 3 1597748281403 372 13791302306363608221
HIT 3 1597748346939 372 8224327121472489011
HIT 3 1597748412475 372 13263382649192725489
HIT 3 1597748478011 372 2791212311412419030
HIT 3 1597748543547 372 14319927868340025199
HIT 3 1597748609083 372 13663876248911551567
HIT 3 1597748674619 372 13069192307582384304
HIT 3 1597748740155 372 2415779902464953797
HIT 3 1597748805691 372 13664190040359937196
HIT 3 1597748871227 372 16180232833791141928
HIT 3 1597748936763 372 9529777092281087705
HIT 3 1597749002299 372 14298526779470666433
HIT 3 1597749067835 372 7552782325952849312
HIT 3 1597749133371 372 1682238765665485678
HIT 3 1597749198907 372 107925379268754333
HIT 3 1597749264443 372 14048261957424800648
HIT 3 1597749329979 372 17550153152705326856
HIT 3 1597749395515 372 13269507371512305044
HIT 3 1597749461051 372 4284129822971649613
HIT 3 1597749526587 372 3703977684536906459
HIT 3 1597749592123 372 15588641077285849567
HIT 3 1597749657659 372 1951988619069878807
HIT 3 1597749723195 372 1869403550204119557
HIT 3 1597749788731 372 12067867147946118998
HIT 3 1597749854267 372 3989706031490236191
HIT 3 1597749919803 372 6194100016635541642
HIT 3 1597749985339 372 11119471886751830386
HIT 3 1597750050875 372 10776335924254324151
HIT 3 1597750116411 372 6420335945375964133
HIT 3 1597750181947 372 15435445199619657545
HIT 3 1597750247483 372 6952429499760392056
HIT 3 1597750313019 372 259306347853970832
HIT 3 1597750378555 372 14826497049154600285
HIT 3 1597750444091 372 932448963843345793
HIT 3 1597750509627 372 9263098272141131630
HIT 3 1597750575163 372 1280403921075329023
HIT 3 1597750640699 372 6568220864810885980
HIT 3 1597750706235 372 7780900612255389751
HIT 3 1597750771771 372 4212096029987685810
HIT 3 1597750837307 372 2144845705384881288
HIT 3 1597750902843 372 10471757292383833673
HIT 3 1597750968379 372 9179258257781982238
HIT 3 1597751033915 372 12664329225597029107
HIT 3 1597751099451 372 10573803839521075537
HIT 3 1597751164987 372 17061064724518778115
HIT 3 1597751230523 372 15630919662271497182
HIT 3 1597751296059 372 2887443159554711930
HIT 3 1597751361595 372 12685935243775968743
HIT 3 1597751427131 372 16711614632546619007
HIT 3 1597751492667 372 12767425345659609575
HIT 3 1597751558203 372 15270640968710719111
HIT 3 1597751623739 372 745764398519730791
HIT 3 1597751689275 372 11172091041769109160
HIT 3 1597751754811 372 403130538775120243
HIT 3 1597751820347 372 12165476668566377269
HIT 3 1597751885883 372 3102250533282525643
HIT 3 1589162016827 370 18430389669110491296
HIT 3 1597751951419 372 4390086560881377215
HIT 3 1597752016955 372 18430389669110491296
HIT 3 1597752082491 372 10049084236873774727
HIT 3 1597752148027 372 9167548702941316861
HIT 3 1606342082619 374 10049084236873774727
HIT 3 1606342148155 374 3814344598488670018
HIT 3 1610637115451 375 14076395275044837124
HIT 3 1614932082747 376 15637810664166302023
HIT 3 1619227050043 377 823784048640224541
HIT 3 1623522017339 378 15473738076877032341
HIT 3 1627816984635 379 10289163531533550490
HIT 3 1632111951931 380 4589015846776903518
HIT 3 1636406919227 381 10268442972282476230
HIT 3 1640701886523 382 4556768184572871987
HIT 3 1644996853819 383 6334181945518143895
HIT 3 1649291821115 384 6616824729094129704
HIT 3 1653586788411 385 4275986995171682516
HIT 3 1657881755707 386 17470998190350159012
HIT 3 1662176723003 387 3282919541940568709
HIT 3 1666471690299 388 17700648150846649872
HIT 3 1670766657595 389 12495796759055688701
HIT 3 1675061624891 390 16534839345000256358
HIT 3 1679356592187 391 9553030877275878321
HIT 3 1683651559483 392 12507310077360033361
HIT 3 1687946526779 393 15003544044516176035
HIT 3 1692241494075 394 13021280216272048732
HIT 3 1696536461371 395 7600736512637337132
HIT 3 1700831428667 396 16409605795421598921
HIT 3 1705126395963 397 14423865549316833397
HIT 3 1709421363259 398 5116358193643899314
HIT 3 1713716330555 399 5384902446172124714
HIT 3 1718011297851 400 15425033099658904955
HIT 3 1722306265147 401 206195860179087884
HIT 3 1726601232443 402 15619307028506369068
HIT 3 1730896199739 403 6016623917252950696
HIT 3 1735191167035 404 8358973102901445710
HIT 3 1739486134331 405 5082123498935585244
HIT 3 1743781101627 406 302971200758032823
HIT 3 1748076068923 407 16033734304720168700
HIT 3 1752371036219 408 8387275549889132674
HIT 3 1756666003515 409 659103765596192913
HIT 3 1760960970811 410 4597334116319269111
HIT 3 1765255938107 411 11420291441491769493
HIT 3 1769550905403 412 11994137537133474920
HIT 3 1773845872699 413 8186997410427900326
HIT 3 1778140839995 414 2133250857709165880
HIT 3 1782435807291 415 10590879038443905111
HIT 3 1786730774587 416 11371041855935747940
HIT 3 1791025741883 417 3449943451938044902
HIT 3 1795320709179 418 3454882820539296124
HIT 3 1799615676475 419 1904643172987327726
HIT 3 1803910643771 420 780127995563524225
HIT 3 1808205611067 421 18136293375803917005
HIT 3 1812500578363 422 1466673133513130371
HIT 3 1816795545659 423 12715541197583494530
HIT 3 1821090512955 424 1000004947379525121
HIT 3 1825385480251 425 10298511998325564150
HIT 3 1829680447547 426 40762413983753911
HIT 3 1833975414843 427 6082570536553719076
HIT 3 1838270382139 428 18294443972388566169
HIT 3 1842565349435 429 4333999339939289599
HIT 3 1846860316731 430 2964687506252692966
HIT 3 1851155284027 431 2606248869789552394
HIT 3 1855450251323 432 15377109736552949154
HIT 3 1859745218619 433 4723107915727678515
HIT 3 1864040185915 434 12695290835652764118
HIT 3 1868335153211 435 13499697066121835553
HIT 3 1872630120507 436 16767297358615465086
HIT 3 1876925087803 437 7319828493554825259
HIT 3 1881220055099 438 3050894833423241025
HIT 3 1885515022395 439 9755245332912712257
HIT 3 1889809989691 440 1487758805000056697
HIT 3 1894104956987 441 10619274621375669348
HIT 3 1898399924283 442 9195253792310524131
HIT 3 1902694891579 443 10958588290039205279
HIT 3 1906989858875 444 3915648949181045988
HIT 3 1911284826171 445 11144766245136037455
HIT 3 1915579793467 446 16626194487123711484
HIT 3 1919874760763 447 12008565802303796614
HIT 3 1924169728059 448 10788353482556131889
HIT 3 1928464695355 449 6261194511453161937
HIT 3 1932759662651 450 1988039500536760331
HIT 3 1937054629947 451 14449235212075636121
HIT 3 1941349597243 452 2349309755923625140
HIT 3 1945644564539 453 10407174147607667316
HIT 3 1949939531835 454 7469060027841461409
HIT 3 1954234499131 455 14145861814378026468
HIT 3 1958529466427 456 14573515039177841204
HIT 3 1962824433723 457 15574596892977813287
HIT 3 1967119401019 458 13778943815786876084
HIT 3 1971414368315 459 3449123633137115482
HIT 3 1975709335611 460 17707882691152020122
HIT 3 1980004302907 461 16441844538575589499
HIT 3 1984299270203 462 836446443805459483
HIT 3 1988594237499 463 16576482137839968356
HIT 3 1992889204795 464 1754488496321503972
HIT 3 1997184172091 465 5818744674159257411
HIT 3 2001479139387 466 10413736159971152033
HIT 3 2005774106683 467 15776000882282763808
HIT 3 2010069073979 468 13131633432317633604
HIT 3 2014364041275 469 17335432693434904706
HIT 3 2018659008571 470 14796896061379624335
HIT 3 2022953975867 471 7531509965276165744
HIT 3 2027248943163 472 13432701377909864554
HIT 3 2031543910459 473 6055329222825043859
HIT 3 2035838877755 474 13511732608436823996
HIT 3 2040133845051 475 14891887566857837711
HIT 3 2044428812347 476 2391601120166445340
HIT 3 2048723779643 477 9032009879101292596
HIT 3 2053018746939 478 17026495051570458693
HIT 3 2057313714235 479 8435380752402519270
HIT 3 2061608681531 480 17719907170251511047
HIT 3 2065903648827 481 8927911360747032171
HIT 3 2070198616123 482 270929879923511462
HIT 3 2074493583419 483 11029196113055831145
HIT 3 2078788550715 484 7549178812822047860
HIT 3 2083083518011 485 15788680245966007353
HIT 3 2087378485307 486 3696254987841298150
HIT 3 2091673452603 487 6892119113952248470
HIT 3 2095968419899 488 2956363704588068833
HIT 3 2100263387195 489 4904726583349594944
HIT 3 2104558354491 490 16743582601241093678
HIT 3 2108853321787 491 3033387972662930167
HIT 3 2113148289083 492 11348104591718932431
HIT 3 2117443256379 493 10828185869971096254
HIT 3 2121738223675 494 7276513331850345453
HIT 3 2126033190971 495 1192333479960093640
HIT 3 2130328158267 496 12408723734719177843
HIT 3 2134623125563 497 15215955263605963088
HIT 3 2138918092859 498 2803929289502898030
HIT 3 2143213060155 499 11703039755354823984
HIT 3 2147508027451 500 13850370565327418485
HIT 3 2151802994747 501 10054614980642667449
HIT 3 2156097962043 502 10890356142913414598
HIT 3 2160392929339 503 114766352336780731
HIT 3 2164687896635 504 2717284460310975662
HIT 3 2168982863931 505 6871870583895645718
HIT 3 2173277831227 506 7281498237503306751
HIT 3 2177572798523 507 12422550136295429422
HIT 3 2181867765819 508 15484109927865931480
HIT 3 2186162733115 509 13070532202426482033
HIT 3 2190457700411 510 4649405023012242246
HIT 3 2194752667707 511 18312940613169230382
HIT 3 1606342213691 374 10103537773102944735
HIT 3 1610637180987 375 823784048640224541
HIT 3 1614932148283 376 3814344598488670018
HIT 3 1614932279355 376 10668664608928585977
HIT 3 1606342213689 374 4036075948792690671
HIT 3 1606342213690 374 1359209134884689015
HIT 3 369372233789 86 7668197795060961233
HIT 3 1009322360893 235 3374886706298654765
HIT 3 1597732880445 372 10512237595002410198
HIT 3 347897462845 81 9777305677346477076
HIT 3 369372299325 86 5380199840105392560
HIT 3 1009322426429 235 16150026347915839626
HIT 3 1597732945981 372 10093820727801686372
HIT 3 360782430269 84 17580942141095724884
HIT 3 369372364861 86 13228748314395900225
HIT 3 373667332157 87 3104777369889183753
HIT 3 377962299453 88 7435253830806148705
HIT 3 1000732557373 233 9533928771684360293
HIT 3 1005027524669 234 4048716271303278633
HIT 3 1009322491965 235 588608408382125100
HIT 3 1017912426557 237 1369321136359191089
HIT 3 1589143076925 370 2614362993154617444
HIT 3 1597733011517 372 7930502141820548986
HIT 3 1602027978813 373 15665163500236948205
HIT 3 1606322946109 374 4972674186289875493
HIT 3 369372364862 86 3173592455543823744
HIT 3 1009322491966 235 16880469255992604832
HIT 3 1597733011518 372 13341643354068912606
HIT 3 369372495933 86 17533992707403336350
HIT 3 1009322623037 235 6510483775654158560
HIT 3 1597733142589 372 10440759174772350615
HIT 3 1009322819645 235 2857111549803854082
HIT 3 1597733339197 372 11335708049434097684
HIT 3 1009322950718 235 1857362362359718031
HIT 3 1597733470270 372 1865186583203139868
HIT 3 1000733016125 233 16173941868741447024
HIT 3 1005027983421 234 4916488195317544123
HIT 3 1009322950717 235 8959658272162624610
HIT 3 1017912885309 237 17476157797378920431
HIT 3 1589143535677 370 2462562068027778841
HIT 3 1597733470269 372 18104451374488905784
HIT 3 1602028437565 373 18251760948818319796
HIT 3 1606323404861 374 14471540798491193655
HIT 3 377962823741 88 11885080329013538533
HIT 3 1009323016253 235 13041719121428479154
HIT 3 1597733535805 372 11065089150612151377
HIT 3 1009323081789 235 13250817887968248115
HIT 3 1597733601341 372 13158198336298396554
HIT 3 369372364863 86 2940468644728416073
HIT 3 1009322491967 235 14277000328730308213
HIT 3 1597733011519 372 3508529631736387388
HIT 3 1009322950719 235 4332855630209464573
HIT 3 1597733470271 372 11530951147910750455
HIT 3 1597743235132 372 14935192822673876078
HIT 3 1597743104061 372 2133411726498593220
HIT 3 1017922584637 237 16080907810635445739
HIT 3 1597743169597 372 13023030430219839839
HIT 3 1589153300541 370 8472122163348649167
HIT 3 1597743235133 372 13896558891869174176
HIT 3 1602038202429 373 12901488918642850246
HIT 3 1606333169725 374 17169937440604427384
HIT 3 1597743366205 372 10385641068894284785
HIT 3 1597743235135 372 3170662398467809499
HIT 3 1597743235134 372 784510692394419945
HIT 3 1606342213693 374 11238520917123992018
HIT 3 369372364864 86 15747459751937017522
HIT 3 1009322491968 235 4264129728308373574
HIT 3 1597733011520 372 13121909761559561060
HIT 3 1009322950720 235 16459599029955101214
HIT 3 1597733470272 372 7525456622557642672
HIT 3 369372364865 86 252996822845387757
HIT 3 1009322491969 235 17223315029569998020
HIT 3 1597733011521 372 11558240002866922681
HIT 3 1009322950721 235 9842710427054515128
HIT 3 1597733470273 372 15016578298652539896
HIT 3 369372364866 86 2093919752245839843
HIT 3 1009322491970 235 11459536976857296978
HIT 3 1597733011522 372 15162014489297674382
HIT 3 1009322950722 235 11574419895604937147
HIT 3 1597733470274 372 8993837339506210671
HIT 3 1597743235137 372 18104997948154701065
HIT 3 1597743235138 372 13176027471452002550
HIT 3 369372364867 86 10043464141618412824
HIT 3 1009322491971 235 10561297398501436261
HIT 3 1597733011523 372 95889709225647919
HIT 3 1009322950723 235 18219574366146437246
HIT 3 1597733470275 372 2998204434117048341
HIT 3 1597743235136 372 4428482797655526707
HIT 3 369372364868 86 11118614640867687340
HIT 3 1009322491972 235 10111881922356847301
HIT 3 1597733011524 372 346752690221405313
HIT 3 1009322950724 235 8519185567538809929
HIT 3 1597733470276 372 12811572015891324460
HIT 3 369372364869 86 12823282571351801570
HIT 3 1009322491973 235 17959439201659322184
HIT 3 1597733011525 372 8933051018258577103
HIT 3 1009322950725 235 7204728165618807302
HIT 3 1597733470277 372 5082914564796028257
HIT 3 1597743235139 372 17159687409681162957
HIT 3 369372364870 86 8514965512903577804
HIT 3 1009322491974 235 3002168054489553078
HIT 3 1597733011526 372 17836610510439275571
HIT 3 1009322950726 235 16639489039137987717
HIT 3 1597733470278 372 4208954519800666320
HIT 3 1597743235140 372 17154913944712159943
HIT 3 1597743235141 372 2507398835655163619
HIT 3 369372364871 86 6818349942765897601
HIT 3 1009322491975 235 4322346329166118412
HIT 3 1597733011527 372 16231546981163920709
HIT 3 1009322950727 235 2384513086863614066
HIT 3 1597733470279 372 12978668910549325263
HIT 3 369372364872 86 13578846668361717071
HIT 3 1009322491976 235 16795301017471342013
HIT 3 1597733011528 372 11963970638122011741
HIT 3 1009322950728 235 8820339396492947006
HIT 3 1597733470280 372 6672645617154415823
HIT 3 369372364873 86 10668276614310860169
HIT 3 1009322491977 235 8700120665715365616
HIT 3 1597733011529 372 3178290335558896513
HIT 3 1009322950729 235 9163779243274338804
HIT 3 1597733470281 372 6344762200499261580
HIT 3 1597743235142 372 7160053548434998676
HIT 3 369372364874 86 1937983424906714301
HIT 3 1009322491978 235 10379318036062417852
HIT 3 1597733011530 372 4000974768719825705
HIT 3 1009322950730 235 11315953396277112159
HIT 3 1597733470282 372 65592587550447383
HIT 3 1597743235145 372 5562311508192682394
HIT 3 1597743235143 372 16820370759666404626
HIT 3 1597743235144 372 9936828371445929991
HIT 3 369372233803 86 1937983424906714301
HIT 3 1009322360907 235 10379318036062417852
HIT 3 1597732880459 372 4000974768719825705
HIT 3 369372364875 86 2610591428559024408
HIT 3 1009322491979 235 14843151758733528863
HIT 3 1597733011531 372 6774925010523094028
HIT 3 1009322950731 235 2676860975275182584
HIT 3 1597733470283 372 14083044174875298140
HIT 3 369372364876 86 11340033037161465063
HIT 3 1009322491980 235 17213152314368875167
HIT 3 1597733011532 372 2518350976946841543
HIT 3 369372495948 86 11311844959870859517
HIT 3 1009322623052 235 809894303252378773
HIT 3 1597733142604 372 4780256470236292155
HIT 3 1009322950732 235 2766686952926654605
HIT 3 1597733470284 372 1929692362257263035
HIT 3 369372364877 86 11311844959870859517
HIT 3 1009322491981 235 809894303252378773
HIT 3 1597733011533 372 4780256470236292155
HIT 3 1597743235146 372 1953972960855973842
HIT 3 1009322819661 235 11175306165428174937
HIT 3 1597733339213 372 15499540973748831728
HIT 3 1000733016141 233 2902060361137955890
HIT 3 1005027983437 234 3004331043203972904
HIT 3 1009322950733 235 11672880308294574304
HIT 3 1017912885325 237 3133059256858040791
HIT 3 1589143535693 370 15651208960567606613
HIT 3 1597733470285 372 11468113770261131027
HIT 3 1602028437581 373 12107825498580969606
HIT 3 1606323404877 374 4677810193630915340
HIT 3 377962823757 88 11340033037161465063
HIT 3 1009323016269 235 16532590021431319788
HIT 3 1597733535821 372 16377918086249014046
HIT 3 1009323081805 235 8358135413713788043
HIT 3 1597733601357 372 10853395196416563416
HIT 3 352192561230 82 10517831901337825131
HIT 3 356487528526 83 15217954104597150876
HIT 3 360782495822 84 2012327231870346651
HIT 3 369372430414 86 6787789312864336268
HIT 3 1009322557518 235 6709702524100726994
HIT 3 1597733077070 372 15868182627580174503
HIT 3 360782561358 84 10517831901337825131
HIT 3 369372495950 86 3953068085892347845
HIT 3 373667463246 87 12771700166533525274
HIT 3 377962430542 88 1717920763871273762
HIT 3 1000732688462 233 7464826385116081217
HIT 3 1005027655758 234 8176547676784488626
HIT 3 1009322623054 235 16957215989298803863
HIT 3 1017912557646 237 18003958850286097114
HIT 3 1589143208014 370 5181707651457031923
HIT 3 1597733142606 372 12799486990697645636
HIT 3 1602028109902 373 14336515549700304687
HIT 3 1606323077198 374 8453641956646032374
HIT 3 360782626894 84 6625409441969674891
HIT 3 1009322688590 235 2418106425172471100
HIT 3 1597733208142 372 18243754203884310030
HIT 3 369372627022 86 6625409441969674891
HIT 3 1009322754126 235 3517717168243238121
HIT 3 1597733273678 372 111580652988732324
HIT 3 1009322819662 235 12277348346178598830
HIT 3 1597733339214 372 5000216544921844377
HIT 3 1000733016142 233 6875883554394767317
HIT 3 1005027983438 234 15119158170062896130
HIT 3 1009322950734 235 6653211535191003707
HIT 3 1017912885326 237 6128259136958306404
HIT 3 1589143535694 370 5775245912850097152
HIT 3 1597733470286 372 13681887418750716792
HIT 3 1602028437582 373 11514002241461032799
HIT 3 1606323404878 374 4893124919642190987
HIT 3 377962823758 88 15820887351527369494
HIT 3 1009323016270 235 11319483524742790143
HIT 3 1597733535822 372 858017704386882620
HIT 3 1009323081806 235 10579014338069673173
HIT 3 1597733601358 372 10330513588807692950
HIT 3 1597743235147 372 17630472816682935542
HIT 3 1597743235148 372 5671638152751955979
HIT 3 1597743104077 372 4819764489705159912
HIT 3 1017922584653 237 17213152314368875167
HIT 3 1597743169613 372 9570607475127209062
HIT 3 1589153300557 370 8593430868800241149
HIT 3 1597743235149 372 11749060088644351868
HIT 3 1602038202445 373 17888559818204203922
HIT 3 1606333169741 374 9719584975825385641
HIT 3 1597743366221 372 9955423369697863725
HIT 3 369372430415 86 15820887351527369494
HIT 3 1009322557519 235 12100431237688838379
HIT 3 1597733077071 372 11798710544278472380
HIT 3 369372495951 86 6625409441969674891
HIT 3 1009322623055 235 3517717168243238121
HIT 3 1597733142607 372 111580652988732324
HIT 3 360782626895 84 2012327231870346651
HIT 3 369372561487 86 6787789312864336268
HIT 3 1009322688591 235 6709702524100726994
HIT 3 1597733208143 372 15868182627580174503
HIT 3 369372627023 86 2012327231870346651
HIT 3 1009322754127 235 15744961978070364612
HIT 3 1597733273679 372 6350412914852469715
HIT 3 369372692559 86 13105941584405804894
HIT 3 1000732885071 233 4309125339041485051
HIT 3 1005027852367 234 16004293852894927429
HIT 3 1009322819663 235 15596779061036632891
HIT 3 1017912754255 237 15202011602026445325
HIT 3 1589143404623 370 9061144856026171192
HIT 3 1597733339215 372 12894163108709443174
HIT 3 1602028306511 373 7246754951680914390
HIT 3 1606323273807 374 11678462111662744863
HIT 3 369372758095 86 10517831901337825131
HIT 3 377962692687 88 13105941584405804894
HIT 3 1009322885199 235 12178087130653021359
HIT 3 1597733404751 372 7955688234021836124
HIT 3 377962758223 88 11207077099664215714
HIT 3 382257725519 89 12771700166533525274
HIT 3 386552692815 90 712554383287667755
HIT 3 390847660111 91 12666358603409243252
HIT 3 395142627407 92 4637047374766843038
HIT 3 399437594703 93 4862303136313659717
HIT 3 403732561999 94 3252854297206680344
HIT 3 408027529295 95 17196388977696255086
HIT 3 412322496591 96 12786814859423286536
HIT 3 416617463887 97 16931015913554542228
HIT 3 420912431183 98 8318025099026639579
HIT 3 425207398479 99 15413727250730327161
HIT 3 429502365775 100 2101863265979931599
HIT 3 433797333071 101 16361280734935051644
HIT 3 438092300367 102 5646113405242894748
HIT 3 442387267663 103 5221361335669850280
HIT 3 446682234959 104 17842568574526947407
HIT 3 450977202255 105 15791607760302634551
HIT 3 455272169551 106 4353131493977233008
HIT 3 459567136847 107 16912106180878336819
HIT 3 463862104143 108 11521388535991567357
HIT 3 468157071439 109 5887538050818284179
HIT 3 472452038735 110 6511480125848264357
HIT 3 476747006031 111 14607987989099901399
HIT 3 481041973327 112 247472717732534138
HIT 3 485336940623 113 7192683337762318173
HIT 3 489631907919 114 7966767092005389292
HIT 3 493926875215 115 7777560469144191716
HIT 3 498221842511 116 12919450039712452090
HIT 3 502516809807 117 14588261774472252543
HIT 3 506811777103 118 9843936275181063589
HIT 3 511106744399 119 11461930237479827712
HIT 3 515401711695 120 15904231706382799451
HIT 3 519696678991 121 6831777723639693391
HIT 3 523991646287 122 18192861143367823490
HIT 3 528286613583 123 3818005561818943793
HIT 3 532581580879 124 17759511614067036288
HIT 3 536876548175 125 7270004461263049872
HIT 3 541171515471 126 13244725118259796066
HIT 3 545466482767 127 3343229184077750564
HIT 3 549761450063 128 11770231482195354456
HIT 3 554056417359 129 5170746206642031633
HIT 3 558351384655 130 10001904711314843147
HIT 3 562646351951 131 10033448185924539292
HIT 3 566941319247 132 9566877816734043211
HIT 3 571236286543 133 15479920956512409814
HIT 3 575531253839 134 2927013742970045179
HIT 3 579826221135 135 7994957203309899387
HIT 3 584121188431 136 6229537514479211784
HIT 3 588416155727 137 2974246060533385910
HIT 3 592711123023 138 9429196552372479171
HIT 3 597006090319 139 18222421946426853683
HIT 3 601301057615 140 3387800376324361204
HIT 3 605596024911 141 7219151285458921911
HIT 3 609890992207 142 18362550531633539701
HIT 3 614185959503 143 15005213193412028202
HIT 3 618480926799 144 2904040144738338805
HIT 3 622775894095 145 15976791261814191355
HIT 3 627070861391 146 4928309428128051339
HIT 3 631365828687 147 17100223481179005974
HIT 3 635660795983 148 3977958221879766182
HIT 3 639955763279 149 10281331555694812317
HIT 3 644250730575 150 5039890377226820990
HIT 3 648545697871 151 6359770441191993889
HIT 3 652840665167 152 15133514674074907652
HIT 3 657135632463 153 5464545844026645188
HIT 3 661430599759 154 8372770802936299601
HIT 3 665725567055 155 13652679345385552218
HIT 3 670020534351 156 9986386170868086283
HIT 3 674315501647 157 1098761969236822383
HIT 3 678610468943 158 14409570459794692816
HIT 3 682905436239 159 12711077216741855964
HIT 3 687200403535 160 17599310087660228956
HIT 3 691495370831 161 10671082966820927231
HIT 3 695790338127 162 14993293053950942911
HIT 3 700085305423 163 2604705181992312800
HIT 3 704380272719 164 15893786726917820436
HIT 3 708675240015 165 10399399895278156862
HIT 3 712970207311 166 8326931997302712694
HIT 3 717265174607 167 278163491693867436
HIT 3 721560141903 168 13684974848800438725
HIT 3 725855109199 169 13963477320193107859
HIT 3 730150076495 170 7380714658305134234
HIT 3 734445043791 171 2899903043384061830
HIT 3 738740011087 172 3683710087563101764
HIT 3 743034978383 173 8743693153459220585
HIT 3 747329945679 174 15075997927627361564
HIT 3 751624912975 175 5071948906007750139
HIT 3 755919880271 176 9768303272749358496
HIT 3 760214847567 177 3387657415625993273
HIT 3 764509814863 178 8860842090218813713
HIT 3 768804782159 179 10328627793009290899
HIT 3 773099749455 180 6297343003485631986
HIT 3 777394716751 181 2350614327411578517
HIT 3 781689684047 182 2065105744647081835
HIT 3 785984651343 183 16076247372018310078
HIT 3 790279618639 184 4118195983072361946
HIT 3 794574585935 185 10372013181667262600
HIT 3 798869553231 186 9992507612425756206
HIT 3 803164520527 187 6624599044991299038
HIT 3 807459487823 188 5281207231821690670
HIT 3 811754455119 189 13963178975609257654
HIT 3 816049422415 190 16059169807015045903
HIT 3 820344389711 191 7925438763219922173
HIT 3 824639357007 192 12957595267572043826
HIT 3 828934324303 193 2199708182300008784
HIT 3 833229291599 194 8569748623962931922
HIT 3 837524258895 195 13335941898810138582
HIT 3 841819226191 196 14565376970950876680
HIT 3 846114193487 197 14648051458528107932
HIT 3 850409160783 198 17583869291875355217
HIT 3 854704128079 199 555780940960618301
HIT 3 858999095375 200 3619233124717280390
HIT 3 863294062671 201 15464247433088620587
HIT 3 867589029967 202 4277960498837975422
HIT 3 871883997263 203 17053018316795763705
HIT 3 876178964559 204 9351487799137798759
HIT 3 880473931855 205 6464364287860975093
HIT 3 884768899151 206 8078180104289702338
HIT 3 889063866447 207 9436442532390518355
HIT 3 893358833743 208 13248661505241490293
HIT 3 897653801039 209 13345215656717861030
HIT 3 901948768335 210 3060579435505269165
HIT 3 906243735631 211 10967333063137199473
HIT 3 910538702927 212 17839195009871768338
HIT 3 914833670223 213 11045532099722395308
HIT 3 919128637519 214 7238075550577050412
HIT 3 923423604815 215 856190659807532008
HIT 3 927718572111 216 11727890746109454327
HIT 3 932013539407 217 6482049085323790599
HIT 3 936308506703 218 11657067557937817828
HIT 3 940603473999 219 6636418194063501446
HIT 3 944898441295 220 8961591336820744567
HIT 3 949193408591 221 9517733094179946416
HIT 3 953488375887 222 14914267152929469769
HIT 3 957783343183 223 15689187736692810809
HIT 3 962078310479 224 17174733035734270568
HIT 3 966373277775 225 17095634765081338220
HIT 3 970668245071 226 16446753983883700287
HIT 3 974963212367 227 11971015662520877316
HIT 3 979258179663 228 14485228981143745823
HIT 3 983553146959 229 9032028526161945161
HIT 3 987848114255 230 3168568464946093696
HIT 3 992143081551 231 16281729083516588491
HIT 3 996438048847 232 12212102265181719027
HIT 3 1000733016143 233 7967018239904661413
HIT 3 1005027983439 234 860543221157116034
HIT 3 1009322950735 235 16859792197111452349
HIT 3 1013617918031 236 10651445768791969600
HIT 3 1017912885327 237 15686722683261582563
HIT 3 1022207852623 238 2805262831515532982
HIT 3 1026502819919 239 2270617309827774230
HIT 3 1030797787215 240 12038303058750198822
HIT 3 1035092754511 241 7979487625677958633
HIT 3 1039387721807 242 10282573217356742218
HIT 3 1043682689103 243 12692459760845889481
HIT 3 1047977656399 244 3937703483026057268
HIT 3 1052272623695 245 25852093955637227
HIT 3 1056567590991 246 15473806997589737478
HIT 3 1060862558287 247 10790081150985236900
HIT 3 1065157525583 248 1597927825546416661
HIT 3 1069452492879 249 10097031344452586425
HIT 3 1073747460175 250 12803004662540822773
HIT 3 1078042427471 251 16792792448055466694
HIT 3 1082337394767 252 12377023391431502498
HIT 3 1086632362063 253 16018846571253679022
HIT 3 1090927329359 254 17398193544776452507
HIT 3 1095222296655 255 16354578918273212414
HIT 3 1099517263951 256 13225643866842146305
HIT 3 1103812231247 257 4361244304702675454
HIT 3 1108107198543 258 6763121122024572688
HIT 3 1112402165839 259 16165182638241881539
HIT 3 1116697133135 260 11839688885638921934
HIT 3 1120992100431 261 4542163411636235903
HIT 3 1125287067727 262 1950777986787688910
HIT 3 1129582035023 263 16332737224374220664
HIT 3 1133877002319 264 3920030393468266963
HIT 3 1138171969615 265 15430631461644970636
HIT 3 1142466936911 266 8541901677727679403
HIT 3 1146761904207 267 8490698623502186753
HIT 3 1151056871503 268 69044663695874101
HIT 3 1155351838799 269 8597037737721224156
HIT 3 1159646806095 270 18102475534414390399
HIT 3 1163941773391 271 18022773176350422840
HIT 3 1168236740687 272 16345589690670648870
HIT 3 1172531707983 273 17947478108826601252
HIT 3 1176826675279 274 12885318218173558362
HIT 3 1181121642575 275 610224173629154234
HIT 3 1185416609871 276 9830221307051649917
HIT 3 1189711577167 277 17966602517142990128
HIT 3 1194006544463 278 4237094179199682704
HIT 3 1198301511759 279 18250906038038111115
HIT 3 1202596479055 280 17991079409442120352
HIT 3 1206891446351 281 12401941723703792118
HIT 3 1211186413647 282 8860932777639842824
HIT 3 1215481380943 283 1619486527147539397
HIT 3 1219776348239 284 4475879546398105501
HIT 3 1224071315535 285 7657293078895439979
HIT 3 1228366282831 286 7257264793996383466
HIT 3 1232661250127 287 12486470333318396812
HIT 3 1236956217423 288 10905941697517358302
HIT 3 1241251184719 289 5314649594668622227
HIT 3 1245546152015 290 15683995562145216354
HIT 3 1249841119311 291 658502808782146310
HIT 3 1254136086607 292 4051281268853735407
HIT 3 1258431053903 293 16287738603869579156
HIT 3 1262726021199 294 1378083412062585214
HIT 3 1267020988495 295 7243697242922154595
HIT 3 1271315955791 296 1351578646893542865
HIT 3 1275610923087 297 5486713716147464594
HIT 3 1279905890383 298 8283321976644348676
HIT 3 1284200857679 299 4901800005163791253
HIT 3 1288495824975 300 1783487070212500411
HIT 3 1292790792271 301 9752197310708449039
HIT 3 1297085759567 302 2803258744793637288
HIT 3 1301380726863 303 17697396868102552999
HIT 3 1305675694159 304 5312441453614958777
HIT 3 1309970661455 305 5460877517895933731
HIT 3 1314265628751 306 17854698100575906128
HIT 3 1318560596047 307 7680501169737508112
HIT 3 1322855563343 308 3512119696486487012
HIT 3 1327150530639 309 2211298363184758200
HIT 3 1331445497935 310 12865144899080376737
HIT 3 1335740465231 311 8316738884852374088
HIT 3 1340035432527 312 1417231922735994834
HIT 3 1344330399823 313 8919256867686388908
HIT 3 1348625367119 314 3085200169070185324
HIT 3 1352920334415 315 9783928720090936751
HIT 3 1357215301711 316 15900364892075877044
HIT 3 1361510269007 317 6100979235359694933
HIT 3 1365805236303 318 1501946626570370819
HIT 3 1370100203599 319 14323983327422858503
HIT 3 1374395170895 320 14385077430642110804
HIT 3 1378690138191 321 1333910847504254723
HIT 3 1382985105487 322 10913222833952394601
HIT 3 1387280072783 323 4972201647012207063
HIT 3 1391575040079 324 1941480525558377794
HIT 3 1395870007375 325 18318218995645319534
HIT 3 1400164974671 326 10333734389133660654
HIT 3 1404459941967 327 10301576151024983023
HIT 3 1408754909263 328 15153575504492628657
HIT 3 1413049876559 329 12359296140458420708
HIT 3 1417344843855 330 11192392642109415671
HIT 3 1421639811151 331 17756048701766671241
HIT 3 1425934778447 332 750869392847510797
HIT 3 1430229745743 333 16664143679414462786
HIT 3 1434524713039 334 7397757936298472956
HIT 3 1438819680335 335 340295942112785670
HIT 3 1443114647631 336 2859022832711552040
HIT 3 1447409614927 337 2943481216021584540
HIT 3 1451704582223 338 12904032410321264828
HIT 3 1455999549519 339 45616478216378550
HIT 3 1460294516815 340 9950843547383811655
HIT 3 1464589484111 341 4922026598232569109
HIT 3 1468884451407 342 5531175313645758051
HIT 3 1473179418703 343 1361806131245752497
HIT 3 1477474385999 344 16340362611536863680
HIT 3 1481769353295 345 17618966004503761170
HIT 3 1486064320591 346 18309188979329945365
HIT 3 1490359287887 347 2039928279345796729
HIT 3 1494654255183 348 8048614130039420521
HIT 3 1498949222479 349 1093251611867165496
HIT 3 1503244189775 350 18370275301811689986
HIT 3 1507539157071 351 10091456950767930566
HIT 3 1511834124367 352 3190787349810783995
HIT 3 1516129091663 353 18078356279064481280
HIT 3 1520424058959 354 16862539605588322769
HIT 3 1524719026255 355 14211657509828757205
HIT 3 1529013993551 356 12396046671535671431
HIT 3 1533308960847 357 13476415713543946708
HIT 3 1537603928143 358 7686300106031357565
HIT 3 1541898895439 359 5729975980591839606
HIT 3 1546193862735 360 13205751083635931221
HIT 3 1550488830031 361 17584357457729879316
HIT 3 1554783797327 362 12726979090300848490
HIT 3 1559078764623 363 6562555389847095577
HIT 3 1563373731919 364 2117539766893124358
HIT 3 1567668699215 365 13642424559751174729
HIT 3 1571963666511 366 2947996007743740282
HIT 3 1576258633807 367 14239944919566365780
HIT 3 1580553601103 368 3701008016049393970
HIT 3 1584848568399 369 14800711639600169661
HIT 3 1589143535695 370 15455766354643178778
HIT 3 1593438502991 371 7079513666337450381
HIT 3 1597733470287 372 13637904627392318051
HIT 3 1602028437583 373 4352806391713082128
HIT 3 1606323404879 374 14103905296961066508
HIT 3 1610618372175 375 8436682547168450151
HIT 3 1614913339471 376 304407071229847215
HIT 3 1619208306767 377 8363548977014681620
HIT 3 1623503274063 378 1371738387741026074
HIT 3 1627798241359 379 3678114051959098417
HIT 3 1632093208655 380 2018269409004364677
HIT 3 1636388175951 381 10939299293731682570
HIT 3 1640683143247 382 8698588843916668575
HIT 3 1644978110543 383 10615146071908663122
HIT 3 1649273077839 384 9128701947041520231
HIT 3 1653568045135 385 13739792609540836377
HIT 3 1657863012431 386 9196075017975602466
HIT 3 1662157979727 387 5608906458771388284
HIT 3 1666452947023 388 14131420857805761300
HIT 3 1670747914319 389 8561288135648823238
HIT 3 1675042881615 390 15928575036074949593
HIT 3 1679337848911 391 18044592594998650627
HIT 3 1683632816207 392 18097084362031035710
HIT 3 1687927783503 393 12095557022076682054
HIT 3 1692222750799 394 16521378639720491305
HIT 3 1696517718095 395 14178884572175729953
HIT 3 1700812685391 396 8205626259019867075
HIT 3 1705107652687 397 10897772897151506222
HIT 3 1709402619983 398 4122588383909859726
HIT 3 1713697587279 399 10229120029402376152
HIT 3 1717992554575 400 17493867510961549251
HIT 3 1722287521871 401 15298135251727382974
HIT 3 1726582489167 402 13316361869739887896
HIT 3 1730877456463 403 268469716039251398
HIT 3 1735172423759 404 17105007295411626180
HIT 3 1739467391055 405 10172902438121857962
HIT 3 1743762358351 406 3635624218711033247
HIT 3 1748057325647 407 1637333375214533506
HIT 3 1752352292943 408 16760461790116614587
HIT 3 1756647260239 409 2366095559359148183
HIT 3 1760942227535 410 8584672051582066950
HIT 3 1765237194831 411 9794736049630408812
HIT 3 1769532162127 412 17653167023179455228
HIT 3 1773827129423 413 8823774671148235402
HIT 3 1778122096719 414 16359213574074975985
HIT 3 1782417064015 415 12044898899521932062
HIT 3 1786712031311 416 16430502382073755268
HIT 3 1791006998607 417 2670397680321669177
HIT 3 1795301965903 418 4052435560229703547
HIT 3 1799596933199 419 8498751160098335156
HIT 3 1803891900495 420 13066569021705401467
HIT 3 1808186867791 421 424993748515555960
HIT 3 1812481835087 422 12825428782392451768
HIT 3 1816776802383 423 8380842440294279341
HIT 3 1821071769679 424 12721049594720172928
HIT 3 1825366736975 425 2490631023742615705
HIT 3 1829661704271 426 6980058546889557204
HIT 3 1833956671567 427 8741225208521988437
HIT 3 1838251638863 428 17442905682482704995
HIT 3 1842546606159 429 11874656192306412233
HIT 3 1846841573455 430 16718932577443715097
HIT 3 1851136540751 431 3467550201328703382
HIT 3 1855431508047 432 4073295817426151909
HIT 3 1859726475343 433 8159325582775781276
HIT 3 1864021442639 434 9363087632400100520
HIT 3 1868316409935 435 15765974934403423049
HIT 3 1872611377231 436 14318739477136526868
HIT 3 1876906344527 437 14846414143237410068
HIT 3 1881201311823 438 6083503616109411911
HIT 3 1885496279119 439 15361545821325334579
HIT 3 1889791246415 440 9901323681331658496
HIT 3 1894086213711 441 11402291860975146588
HIT 3 1898381181007 442 16371427657215047602
HIT 3 1902676148303 443 6385771901323472974
HIT 3 1906971115599 444 11394728474923384187
HIT 3 1911266082895 445 10269007828816119833
HIT 3 1915561050191 446 12319005487996752088
HIT 3 1919856017487 447 9161350996414546718
HIT 3 1924150984783 448 16725661670148957734
HIT 3 1928445952079 449 4582958904338214478
HIT 3 1932740919375 450 2991287514656882251
HIT 3 1937035886671 451 5392733770621069932
HIT 3 1941330853967 452 10497641526594057640
HIT 3 1945625821263 453 15697411483453731988
HIT 3 1949920788559 454 5027401122798169294
HIT 3 1954215755855 455 10311377715634723129
HIT 3 1958510723151 456 9453927498730923591
HIT 3 1962805690447 457 9852087625451562300
HIT 3 1967100657743 458 3980349083162170408
HIT 3 1971395625039 459 10731390030290324894
HIT 3 1975690592335 460 2656857850974278610
HIT 3 1979985559631 461 14299259420621107061
HIT 3 1984280526927 462 16935450714753818326
HIT 3 1988575494223 463 9314558140830303730
HIT 3 1992870461519 464 7334254953978739525
HIT 3 1997165428815 465 7033339083000421761
HIT 3 2001460396111 466 5217115312062940163
HIT 3 2005755363407 467 11415963437548814067
HIT 3 2010050330703 468 15864627841032089330
HIT 3 2014345297999 469 8144394991329683396
HIT 3 2018640265295 470 4368007649888266372
HIT 3 2022935232591 471 13685932987722271221
HIT 3 2027230199887 472 12650989852218750908
HIT 3 2031525167183 473 1009568154546277050
HIT 3 2035820134479 474 8636798277781729735
HIT 3 2040115101775 475 15746251034706474391
HIT 3 2044410069071 476 6040308947685045484
HIT 3 2048705036367 477 12188001083195764256
HIT 3 2053000003663 478 7288345116948259526
HIT 3 2057294970959 479 4511220957891005364
HIT 3 2061589938255 480 15666183785487255957
HIT 3 2065884905551 481 4924575474590329988
HIT 3 2070179872847 482 16246008730195020998
HIT 3 2074474840143 483 1794990727024590333
HIT 3 2078769807439 484 17791988048038897761
HIT 3 2083064774735 485 2787632944745061713
HIT 3 2087359742031 486 17242990632551683123
HIT 3 2091654709327 487 3942433853886405146
HIT 3 2095949676623 488 10345448610308329829
HIT 3 2100244643919 489 7778703379917929824
HIT 3 2104539611215 490 7323218300685127584
HIT 3 2108834578511 491 14609034018709771964
HIT 3 2113129545807 492 15104892581691701724
HIT 3 2117424513103 493 17592423461861051567
HIT 3 2121719480399 494 15869671662456564879
HIT 3 2126014447695 495 6853676926038124917
HIT 3 2130309414991 496 12018186096608208003
HIT 3 2134604382287 497 3629905326818249248
HIT 3 2138899349583 498 11336123828878065562
HIT 3 2143194316879 499 17900777592328249812
HIT 3 2147489284175 500 3282626434768686553
HIT 3 2151784251471 501 12979910311810220121
HIT 3 2156079218767 502 2705503390831166920
HIT 3 2160374186063 503 1566660550275569416
HIT 3 2164669153359 504 15025590609013536888
HIT 3 2168964120655 505 2313654657388353397
HIT 3 2173259087951 506 6475601651987382805
HIT 3 2177554055247 507 3879889018811059775
HIT 3 2181849022543 508 8431760309314283014
HIT 3 2186143989839 509 4227991842878601914
HIT 3 2190438957135 510 14899921826293945888
HIT 3 2194733924431 511 15481930016574387615
HIT 3 377962823759 88 3953068085892347845
HIT 3 382257791055 89 12666358603409243252
HIT 3 386552758351 90 11207077099664215714
HIT 3 1000733081679 233 1925072203749206341
HIT 3 1005028048975 234 8390873476752819810
HIT 3 1009323016271 235 7350644916861957042
HIT 3 1017912950863 237 6371914744789039958
HIT 3 1589143601231 370 4209289508075382625
HIT 3 1597733535823 372 1331024157051107409
HIT 3 1602028503119 373 7271378279764298040
HIT 3 1606323470415 374 8711737082426342839
HIT 3 1000733147215 233 5053294511190661932
HIT 3 1005028114511 234 10883688065421746777
HIT 3 1009323081807 235 268622886972462453
HIT 3 1017913016399 237 4972674186289875493
HIT 3 1589143666767 370 10890130374198904398
HIT 3 1597733601359 372 3243803039161171063
HIT 3 1602028568655 373 6615290551298668610
HIT 3 1606323535951 374 1369321136359191089
HIT 3 386552889423 90 1717920763871273762
HIT 3 1009323147343 235 17307147442235996085
HIT 3 1597733666895 372 12943839332305234980
HIT 3 1009323212879 235 6251502735555192489
HIT 3 1597733732431 372 12214138874349335220
HIT 3 1009323278415 235 13128050382740937132
HIT 3 1597733797967 372 13064713263356584428
HIT 3 1009323343951 235 4525166387186025459
HIT 3 1597733863503 372 17791566270662205566
HIT 3 1009323409487 235 12139260475206338452
HIT 3 1597733929039 372 2326627253785640327
HIT 3 1009323475023 235 3722583722125005269
HIT 3 1597733994575 372 17197198614410538188
HIT 3 1009323540559 235 14963734839583056598
HIT 3 1597734060111 372 4222043926127876722
HIT 3 1009323606095 235 18006879389401164962
HIT 3 1597734125647 372 14322912544594408260
HIT 3 1009323671631 235 11392205183055485667
HIT 3 1597734191183 372 3352587554639161556
HIT 3 1009323737167 235 10204236814487030103
HIT 3 1597734256719 372 5924680930303448346
HIT 3 1009323802703 235 16275965357328268495
HIT 3 1597734322255 372 16902030116527573213
HIT 3 1009323868239 235 2873491106764069086
HIT 3 1597734387791 372 17795847415698807369
HIT 3 1009323933775 235 7323091608591380142
HIT 3 1597734453327 372 513125637375875638
HIT 3 1009323999311 235 9551558214897587202
HIT 3 1597734518863 372 14468517440225577117
HIT 3 1009324064847 235 2499994443013100494
HIT 3 1597734584399 372 12279224556075860827
HIT 3 1009324130383 235 10994812925533323968
HIT 3 1597734649935 372 15515194615186258253
HIT 3 1009324195919 235 5688869799930263678
HIT 3 1597734715471 372 11122733235534806956
HIT 3 1009324261455 235 17854566764891849552
HIT 3 1597734781007 372 10088724675592613799
HIT 3 1009324326991 235 14447899278468586387
HIT 3 1597734846543 372 16065202957329723867
HIT 3 1009324392527 235 1338390728956459318
HIT 3 1597734912079 372 7155877062632036872
HIT 3 1009324458063 235 15254525294393723852
HIT 3 1597734977615 372 12178918463979439290
HIT 3 1009324523599 235 4364694962123251562
HIT 3 1597735043151 372 15176489505508355459
HIT 3 1009324589135 235 4512497176144206893
HIT 3 1597735108687 372 8992121343834471768
HIT 3 1009324654671 235 2683415010630001621
HIT 3 1597735174223 372 9208110324473891671
HIT 3 1009324720207 235 8614832704597716781
HIT 3 1597735239759 372 16829724439479648840
HIT 3 1009324785743 235 8591374073376476268
HIT 3 1597735305295 372 9866120474839503172
HIT 3 1009324851279 235 11982326000432928290
HIT 3 1597735370831 372 17916048005993994687
HIT 3 1009324916815 235 2485589445908742467
HIT 3 1597735436367 372 13713375013461874526
HIT 3 1009324982351 235 4520864274234307286
HIT 3 1597735501903 372 6140149698977077030
HIT 3 1009325047887 235 2663245870132605063
HIT 3 1597735567439 372 9070111609101498383
HIT 3 1009325113423 235 3803578205606457598
HIT 3 1597735632975 372 11997373364150785008
HIT 3 1009325178959 235 16583087937037395850
HIT 3 1597735698511 372 13487718862663948183
HIT 3 1009325244495 235 9093390800619953807
HIT 3 1597735764047 372 4279665300761217639
HIT 3 1009325310031 235 16630122187851497212
HIT 3 1597735829583 372 17769516010518736130
HIT 3 1009325375567 235 18379873274233002765
HIT 3 1597735895119 372 7683810361481021857
HIT 3 1009325441103 235 3116930111774794896
HIT 3 1597735960655 372 4549300293965338778
HIT 3 1009325506639 235 14746214408320037189
HIT 3 1597736026191 372 7327711907768690769
HIT 3 1009325572175 235 14697179729649923426
HIT 3 1597736091727 372 5429061280303953467
HIT 3 1009325637711 235 16105899656741778777
HIT 3 1597736157263 372 7540526041599908283
HIT 3 1009325703247 235 6073761206785927626
HIT 3 1597736222799 372 9425761820924378575
HIT 3 1009325768783 235 13414858528025891554
HIT 3 1597736288335 372 5779675344211772832
HIT 3 1009325834319 235 3264828215202058858
HIT 3 1597736353871 372 8650003214815574079
HIT 3 1009325899855 235 28938590502034143
HIT 3 1597736419407 372 11512568898776059037
HIT 3 1009325965391 235 2901422174188397024
HIT 3 1597736484943 372 6949320286906977358
HIT 3 1009326030927 235 3412982515814404972
HIT 3 1597736550479 372 17310310960564942030
HIT 3 1009326096463 235 4221691286696478011
HIT 3 1597736616015 372 16036654995280811574
HIT 3 1009326161999 235 9455852685185923977
HIT 3 1597736681551 372 122220925906012948
HIT 3 1009326227535 235 15073242229494772802
HIT 3 1597736747087 372 10419047582422514598
HIT 3 1009326293071 235 4037872991854068812
HIT 3 1597736812623 372 12526097224648944980
HIT 3 1009326358607 235 17610199767989798796
HIT 3 1597736878159 372 9685909204116029545
HIT 3 1009326424143 235 14642839696494667385
HIT 3 1597736943695 372 15162578307091997990
HIT 3 1009326489679 235 14015899061560116136
HIT 3 1597737009231 372 6326888087658427225
HIT 3 1009326555215 235 7313419507019446582
HIT 3 1597737074767 372 990766451322305095
HIT 3 1009326620751 235 11500018976895053807
HIT 3 1597737140303 372 17903842083735127425
HIT 3 1009326686287 235 15245298863714365742
HIT 3 1597737205839 372 17141792276349008924
HIT 3 1009326751823 235 2070936974828677159
HIT 3 1597737271375 372 3015564238064276492
HIT 3 1009326817359 235 13454615127432963755
HIT 3 1597737336911 372 2728190407027075059
HIT 3 1009326882895 235 17617811075668349552
HIT 3 1597737402447 372 3053464185803707086
HIT 3 1009326948431 235 8763409624330996742
HIT 3 1597737467983 372 8934556410346451474
HIT 3 1009327013967 235 10835064742728101382
HIT 3 1597737533519 372 16925971486525121541
HIT 3 1009327079503 235 16189387479830587627
HIT 3 1597737599055 372 8618354850106274663
HIT 3 1009327145039 235 12320577344625856175
HIT 3 1597737664591 372 11693544089174761047
HIT 3 1009327210575 235 17598449099952975126
HIT 3 1597737730127 372 17551954455248793194
HIT 3 1009327276111 235 4187690293597450780
HIT 3 1597737795663 372 2256137436795564390
HIT 3 1009327341647 235 3301146626884184933
HIT 3 1597737861199 372 1307548102049444639
HIT 3 1009327407183 235 716200747898630792
HIT 3 1597737926735 372 1463951942200005622
HIT 3 1009327472719 235 10646295701721557692
HIT 3 1597737992271 372 11775263696052469454
HIT 3 1009327538255 235 16571274524754440337
HIT 3 1597738057807 372 13050447666675730284
HIT 3 1009327603791 235 9377128625447758919
HIT 3 1597738123343 372 10066796084319526168
HIT 3 1009327669327 235 7621917775280763380
HIT 3 1597738188879 372 4325949167091358690
HIT 3 1009327734863 235 3931094605555834753
HIT 3 1597738254415 372 18258553064630331637
HIT 3 1009327800399 235 3819861738238442513
HIT 3 1597738319951 372 14654408165503569206
HIT 3 1009327865935 235 5252799095547924961
HIT 3 1597738385487 372 6216091632730549526
HIT 3 1009327931471 235 16583676086776197462
HIT 3 1597738451023 372 15406079203078202714
HIT 3 1009327997007 235 3511718197151224458
HIT 3 1597738516559 372 11914390180937474912
HIT 3 1009328062543 235 14982096352761175971
HIT 3 1597738582095 372 9051526724976396516
HIT 3 1009328128079 235 5460400606038259566
HIT 3 1597738647631 372 12440923758110865121
HIT 3 1009328193615 235 11552630727413464893
HIT 3 1597738713167 372 13489938911071990080
HIT 3 1009328259151 235 4980627375251324339
HIT 3 1597738778703 372 4471236000554579418
HIT 3 1009328324687 235 16062382286129990176
HIT 3 1597738844239 372 16215553468768480021
HIT 3 1009328390223 235 17873784837282390203
HIT 3 1597738909775 372 15419205556131976241
HIT 3 1009328455759 235 3687987706665342143
HIT 3 1597738975311 372 6534777215676548166
HIT 3 1009328521295 235 15146790505623482465
HIT 3 1597739040847 372 17776314262206264788
HIT 3 1009328586831 235 13566680537116283008
HIT 3 1597739106383 372 18328028778572543330
HIT 3 1009328652367 235 17868041507522915197
HIT 3 1597739171919 372 10159323902502774528
HIT 3 1009328717903 235 5473922332138138625
HIT 3 1597739237455 372 10205172781374353455
HIT 3 1009328783439 235 15934859033946861495
HIT 3 1597739302991 372 7010387726150895009
HIT 3 1009328848975 235 5242237329829960942
HIT 3 1597739368527 372 13887339636816428730
HIT 3 1009328914511 235 9739350406624446148
HIT 3 1597739434063 372 13709995341202748315
HIT 3 1009328980047 235 904160037665592086
HIT 3 1597739499599 372 5340185756381716701
HIT 3 1009329045583 235 9091560779576857245
HIT 3 1597739565135 372 15781571629272000326
HIT 3 1009329111119 235 17001259050715600323
HIT 3 1597739630671 372 6475779838827797408
HIT 3 1009329176655 235 5033160116862935076
HIT 3 1597739696207 372 6579716985088322706
HIT 3 1009329242191 235 17109189515706867402
HIT 3 1597739761743 372 7732640965242482004
HIT 3 1009329307727 235 4731815339140935878
HIT 3 1597739827279 372 13723507725744592843
HIT 3 1009329373263 235 6196632318906157488
HIT 3 1597739892815 372 15951403569570508991
HIT 3 1009329438799 235 2234602600805075817
HIT 3 1597739958351 372 11888208761689961224
HIT 3 1009329504335 235 4887739899507764827
HIT 3 1597740023887 372 9938873096522967649
HIT 3 1009329569871 235 12231591611068431040
HIT 3 1597740089423 372 2459858553394026262
HIT 3 1009329635407 235 16252116255794880878
HIT 3 1597740154959 372 605192911056625768
HIT 3 1009329700943 235 4693702616706801410
HIT 3 1597740220495 372 7217356384472353590
HIT 3 1009329766479 235 3784242093055367446
HIT 3 1597740286031 372 15469314701697180027
HIT 3 1009329832015 235 17035811224398046412
HIT 3 1597740351567 372 18300637292707581346
HIT 3 1009329897551 235 5753557314273431424
HIT 3 1597740417103 372 1294131977612947014
HIT 3 1009329963087 235 10269395665355129508
HIT 3 1597740482639 372 7177552681014059877
HIT 3 1009330028623 235 12893046673159011572
HIT 3 1597740548175 372 5917622236508243429
HIT 3 1009330094159 235 14635257307865549880
HIT 3 1597740613711 372 15799387667719321306
HIT 3 1009330159695 235 12782026730768992017
HIT 3 1597740679247 372 16235822743640884644
HIT 3 1009330225231 235 14812133216845280671
HIT 3 1597740744783 372 16235900178925720999
HIT 3 1009330290767 235 281146767777539380
HIT 3 1597740810319 372 12638912377162408745
HIT 3 1009330356303 235 1436199364308739125
HIT 3 1597740875855 372 12519344409951707359
HIT 3 1009330421839 235 4055318596007729653
HIT 3 1597740941391 372 8838759596732856249
HIT 3 1009330487375 235 18194522213897488186
HIT 3 1597741006927 372 15722198892802282488
HIT 3 1009330552911 235 18157350171145683134
HIT 3 1597741072463 372 6222745606663033997
HIT 3 1009330618447 235 2594214514152454607
HIT 3 1597741137999 372 954543825595481293
HIT 3 1009330683983 235 10143304756828766310
HIT 3 1597741203535 372 11199233296309085574
HIT 3 1009330749519 235 9023026241675811158
HIT 3 1597741269071 372 14235508173904705228
HIT 3 1009330815055 235 695992662151745223
HIT 3 1606342213709 374 2518350976946841543
HIT 3 1597743104078 372 15475614968502657101
HIT 3 1017922584654 237 12100431237688838379
HIT 3 1597743169614 372 5999204224931900054
HIT 3 1589153300558 370 16194292651689460736
HIT 3 1597743235150 372 9335621663227627399
HIT 3 1602038202446 373 245147858333751150
HIT 3 1606333169742 374 9695103975919326666
HIT 3 1597741334607 372 6227226611379788651
HIT 3 1009330880591 235 8303612144030631710
HIT 3 1597741400143 372 10915409155835032841
HIT 3 1009330946127 235 10448898905853316055
HIT 3 1597741465679 372 4064553437937723660
HIT 3 1009331011663 235 17863153302338468714
HIT 3 1597741531215 372 5271439131778716443
HIT 3 1009331077199 235 13928272228498938125
HIT 3 1597741596751 372 11153364847351806040
HIT 3 1009331142735 235 5823474806557343166
HIT 3 1597741662287 372 14243376422001426525
HIT 3 1009331208271 235 10582165289263793685
HIT 3 1597741727823 372 12928902793912992044
HIT 3 1009331273807 235 7677551126784641982
HIT 3 1597741793359 372 16945945993017312186
HIT 3 1009331339343 235 17586351076206200782
HIT 3 1597741858895 372 17812376625544410220
HIT 3 1009331404879 235 17187184027455604816
HIT 3 1597741924431 372 11079848936677812956
HIT 3 1009331470415 235 5875971499883844543
HIT 3 1597741989967 372 1482911426425899195
HIT 3 1009331535951 235 16957089106609545047
HIT 3 1597742055503 372 2090477124190299210
HIT 3 1009331601487 235 13316562377485589908
HIT 3 1597742121039 372 7012376710451142649
HIT 3 1009331667023 235 3510274036167994139
HIT 3 1597742186575 372 2032049212817441139
HIT 3 1009331732559 235 13186145825279774166
HIT 3 1597742252111 372 10739283957671586813
HIT 3 1009331798095 235 12430564600465465168
HIT 3 1597742317647 372 14329076536804402503
HIT 3 1009331863631 235 9124878247984382990
HIT 3 1597743366222 372 591557475403974386
HIT 3 1597742383183 372 14878323597392744504
HIT 3 1009331929167 235 11495839590951035305
HIT 3 1597742448719 372 1891540330812367108
HIT 3 1009331994703 235 1970979773861431819
HIT 3 1597742514255 372 5371927481914594823
HIT 3 1009332060239 235 14634564120754492839
HIT 3 1597742579791 372 18176631180291876990
HIT 3 1009332125775 235 4363060637633310143
HIT 3 1597742645327 372 8443687964599183848
HIT 3 1009332191311 235 7450902114572314113
HIT 3 1597742710863 372 9598400710115899988
HIT 3 1009332256847 235 11333497872998037828
HIT 3 1597742776399 372 17620865674248800610
HIT 3 1009332322383 235 9256119981032970089
HIT 3 1597742841935 372 8524683711332277070
HIT 3 1009332387919 235 1370282352618857233
HIT 3 1597742907471 372 14280432099549776869
HIT 3 1000742518863 233 1370282352618857233
HIT 3 1009332453455 235 8586277313374946928
HIT 3 1597742973007 372 4608959305868090033
HIT 3 1009332518991 235 7464826385116081217
HIT 3 1017922453583 237 15214156972340693405
HIT 3 1597743038543 372 9990513867858782054
HIT 3 1009332584527 235 15214156972340693405
HIT 3 1589153169487 370 17859394949921100960
HIT 3 1597743104079 372 12913242086872336648
HIT 3 1602038071375 373 5204603314078040130
HIT 3 1606333038671 374 1927917346984082656
HIT 3 1013627617359 236 7513132968044998315
HIT 3 1017922584655 237 16957215989298803863
HIT 3 1026512519247 239 6111339277361892986
HIT 3 1589153235023 370 3211553084158472468
HIT 3 1597743169615 372 16576160285847744201
HIT 3 1602038136911 373 5493819190401338604
HIT 3 1606333104207 374 6782035207028822863
HIT 3 1013627682895 236 8176547676784488626
HIT 3 1017922650191 237 6111339277361892986
HIT 3 1022217617487 238 7513132968044998315
HIT 3 1026512584783 239 4582806689277218528
HIT 3 1030807552079 240 12349554478736045043
HIT 3 1035102519375 241 15423541401014695958
HIT 3 1039397486671 242 16751266750026672434
HIT 3 1043692453967 243 15209254062510711777
HIT 3 1047987421263 244 17008992380358060764
HIT 3 1052282388559 245 14693004241282994517
HIT 3 1056577355855 246 3224000360337475895
HIT 3 1060872323151 247 4144935572685952962
HIT 3 1065167290447 248 9267305033784641589
HIT 3 1069462257743 249 14142570427669762075
HIT 3 1073757225039 250 5482997914212330992
HIT 3 1078052192335 251 8796750924935552803
HIT 3 1082347159631 252 3008429232675630243
HIT 3 1086642126927 253 3157690913110155367
HIT 3 1090937094223 254 6803758711858893423
HIT 3 1095232061519 255 2946186989274042903
HIT 3 1099527028815 256 11243487653480285051
HIT 3 1103821996111 257 11503878389546155395
HIT 3 1108116963407 258 3158120412556169221
HIT 3 1112411930703 259 7584141706806118713
HIT 3 1116706897999 260 16263031429595483826
HIT 3 1121001865295 261 12552080101594380183
HIT 3 1125296832591 262 13912387458059427307
HIT 3 1129591799887 263 1908245979777249537
HIT 3 1133886767183 264 17817630175151034289
HIT 3 1138181734479 265 6956973114198202109
HIT 3 1142476701775 266 3641649694378450168
HIT 3 1146771669071 267 17160628894029276702
HIT 3 1151066636367 268 16528314803539731937
HIT 3 1155361603663 269 10001506806175372833
HIT 3 1159656570959 270 305114506906460722
HIT 3 1163951538255 271 852482102143478156
HIT 3 1168246505551 272 2736036288207832023
HIT 3 1172541472847 273 7579980870501532839
HIT 3 1176836440143 274 7398645210293231572
HIT 3 1181131407439 275 2079092688012358085
HIT 3 1185426374735 276 244461449733761925
HIT 3 1189721342031 277 9541307148068780577
HIT 3 1194016309327 278 7847781176036414007
HIT 3 1198311276623 279 12479608193763471897
HIT 3 1202606243919 280 11242476319559179624
HIT 3 1206901211215 281 14676006763809426931
HIT 3 1211196178511 282 16732126705192443281
HIT 3 1215491145807 283 5231220224515216105
HIT 3 1219786113103 284 11266314441707544131
HIT 3 1224081080399 285 16120144544995292388
HIT 3 1228376047695 286 15913823243201462881
HIT 3 1232671014991 287 16652182214879784149
HIT 3 1236965982287 288 15183011696465119251
HIT 3 1241260949583 289 14724579503725213483
HIT 3 1245555916879 290 1132271718495740516
HIT 3 1249850884175 291 17450753124468725662
HIT 3 1254145851471 292 3759834156451408067
HIT 3 1258440818767 293 2936744299501127206
HIT 3 1262735786063 294 9637266566727679001
HIT 3 1267030753359 295 8180497708585877506
HIT 3 1271325720655 296 3340099890192078857
HIT 3 1275620687951 297 13331209373769059220
HIT 3 1279915655247 298 7859751151845816675
HIT 3 1284210622543 299 14521233809320091600
HIT 3 1288505589839 300 10840204342416149576
HIT 3 1292800557135 301 10533302297355368983
HIT 3 1297095524431 302 593766434967974797
HIT 3 1301390491727 303 7194026342468692791
HIT 3 1305685459023 304 8704125211339075351
HIT 3 1309980426319 305 6500978506524138025
HIT 3 1314275393615 306 9549414608969717061
HIT 3 1318570360911 307 14751592204916863737
HIT 3 1322865328207 308 8020801082619087193
HIT 3 1327160295503 309 4386469354954167417
HIT 3 1331455262799 310 6359087665943541899
HIT 3 1335750230095 311 9773396069326523088
HIT 3 1340045197391 312 2822212889938835999
HIT 3 1344340164687 313 5516319630897262875
HIT 3 1348635131983 314 15244271281724431489
HIT 3 1352930099279 315 17052743732932916182
HIT 3 1357225066575 316 6949945374043857091
HIT 3 1361520033871 317 11615759221905028380
HIT 3 1365815001167 318 4725381430378053748
HIT 3 1370109968463 319 17569636741618236263
HIT 3 1374404935759 320 16291435133029762412
HIT 3 1378699903055 321 9828269240976835798
HIT 3 1382994870351 322 1269490760946607171
HIT 3 1387289837647 323 6084256123200363603
HIT 3 1391584804943 324 15432819898005707810
HIT 3 1395879772239 325 191040903986324152
HIT 3 1400174739535 326 12829767377443414921
HIT 3 1404469706831 327 5908322641607366995
HIT 3 1408764674127 328 5891086355411437530
HIT 3 1413059641423 329 6583953615296594089
HIT 3 1417354608719 330 7047808498432781385
HIT 3 1421649576015 331 16612983393400695049
HIT 3 1425944543311 332 18212001427466201489
HIT 3 1430239510607 333 6342444930431658074
HIT 3 1434534477903 334 17079859965442864003
HIT 3 1438829445199 335 3933366448034018728
HIT 3 1443124412495 336 541198551485598306
HIT 3 1447419379791 337 8343980825858090144
HIT 3 1451714347087 338 17028626412858650484
HIT 3 1456009314383 339 14167884469006304583
HIT 3 1460304281679 340 10099718989411525298
HIT 3 1464599248975 341 7663991901611594268
HIT 3 1468894216271 342 10892426763335259733
HIT 3 1473189183567 343 16444107169932534124
HIT 3 1477484150863 344 9893823326851547337
HIT 3 1481779118159 345 13142037671161288950
HIT 3 1486074085455 346 6802227521952786583
HIT 3 1490369052751 347 10787359671620405579
HIT 3 1494664020047 348 18305488590514034661
HIT 3 1498958987343 349 235495870211288316
HIT 3 1503253954639 350 2942488845377491385
HIT 3 1507548921935 351 18238869736009767028
HIT 3 1511843889231 352 18411432234530861192
HIT 3 1516138856527 353 8957784597731413282
HIT 3 1520433823823 354 14542042225461206016
HIT 3 1524728791119 355 1475857488267758192
HIT 3 1529023758415 356 5345666574868129069
HIT 3 1533318725711 357 15536525301411572858
HIT 3 1537613693007 358 3719028851388734917
HIT 3 1541908660303 359 17049806334485441350
HIT 3 1546203627599 360 1667003708847878647
HIT 3 1550498594895 361 411743809449962458
HIT 3 1554793562191 362 9114925289317740873
HIT 3 1559088529487 363 7844701708135370700
HIT 3 1563383496783 364 11115531770477308004
HIT 3 1567678464079 365 9711426448626028083
HIT 3 1571973431375 366 1110588222624322319
HIT 3 1576268398671 367 7643784619523300918
HIT 3 1580563365967 368 8273998817751907952
HIT 3 1584858333263 369 16994965829446542976
HIT 3 1589153300559 370 9203016770763423219
HIT 3 1593448267855 371 13098919628198236405
HIT 3 1597743235151 372 11202557761254844988
HIT 3 1602038202447 373 14330324536103652332
HIT 3 1606333169743 374 8669804181530234879
HIT 3 1610628137039 375 12403582777593001981
HIT 3 1614923104335 376 10780362081287169426
HIT 3 1619218071631 377 10699538229618737333
HIT 3 1623513038927 378 14863858206409532312
HIT 3 1627808006223 379 6883325846011318682
HIT 3 1632102973519 380 5550127947885519743
HIT 3 1636397940815 381 2863592906983559972
HIT 3 1640692908111 382 5366216831371544989
HIT 3 360782626896 84 5005795956344651499
HIT 3 1009322688592 235 12709562371318363131
HIT 3 1597733208144 372 7701828402907426341
HIT 3 369372627024 86 5005795956344651499
HIT 3 1009322754128 235 15092960768617870242
HIT 3 1597733273680 372 11379816437014326758
HIT 3 1009322819664 235 11541919303335090464
HIT 3 1597733339216 372 15766619354513217550
HIT 3 1009322950736 235 15948102237195165601
HIT 3 1597733470288 372 14880259110031863504
HIT 3 1644987875407 383 9679137231449120644
HIT 3 1649282842703 384 13674065082697767413
HIT 3 1653577809999 385 10420794079201552727
HIT 3 1657872777295 386 11843907798060102191
HIT 3 1662167744591 387 15977073671036751395
HIT 3 1666462711887 388 12899836505019815292
HIT 3 1670757679183 389 14509994502925491895
HIT 3 1675052646479 390 5186372422428316708
HIT 3 1679347613775 391 5184766123385453022
HIT 3 1683642581071 392 17074267734453212417
HIT 3 1687937548367 393 15715548102196374014
HIT 3 1692232515663 394 1714602798252576366
HIT 3 1696527482959 395 9016115082976331445
HIT 3 1700822450255 396 17184953825318181272
HIT 3 1705117417551 397 3695850393735314362
HIT 3 1709412384847 398 8001791042247629894
HIT 3 1713707352143 399 2495437056990476387
HIT 3 1718002319439 400 1855431912323607498
HIT 3 1722297286735 401 8810542628726840142
HIT 3 1726592254031 402 3442700413697366765
HIT 3 1730887221327 403 2181988450685884110
HIT 3 1735182188623 404 2662100326871695631
HIT 3 1739477155919 405 6249875318664647395
HIT 3 1743772123215 406 418823981996156877
HIT 3 1748067090511 407 6813487491178527165
HIT 3 1752362057807 408 4292157388764864118
HIT 3 1756657025103 409 13132927575204583593
HIT 3 1760951992399 410 9298184610431027158
HIT 3 1765246959695 411 17702465880285055919
HIT 3 1769541926991 412 1513786143825914782
HIT 3 1773836894287 413 5631025595919881010
HIT 3 1778131861583 414 15855890624928469094
HIT 3 1782426828879 415 9949134570478143584
HIT 3 1786721796175 416 2963545769034355621
HIT 3 1791016763471 417 17698141821145067512
HIT 3 1795311730767 418 3995143562838723433
HIT 3 1799606698063 419 13757922281845160119
HIT 3 1803901665359 420 13288786666103891421
HIT 3 1808196632655 421 16444662460482057252
HIT 3 1812491599951 422 8888539093810642921
HIT 3 1816786567247 423 17509482432993444601
HIT 3 1821081534543 424 16131407440157086665
HIT 3 1825376501839 425 6668964050656024441
HIT 3 1829671469135 426 6303539157514209853
HIT 3 1833966436431 427 1703428083103933072
HIT 3 1838261403727 428 8061729021207314171
HIT 3 1842556371023 429 4565738531105363033
HIT 3 1846851338319 430 12837214168909886426
HIT 3 1851146305615 431 10603110001907411089
HIT 3 1855441272911 432 16806232915626032105
HIT 3 1859736240207 433 6755267953082392741
HIT 3 1864031207503 434 8695225666790361055
HIT 3 1868326174799 435 16713327879991215891
HIT 3 1872621142095 436 15967548046277045439
HIT 3 1876916109391 437 1468051932405071489
HIT 3 1881211076687 438 9023961644697826674
HIT 3 1885506043983 439 7895368829747884585
HIT 3 1889801011279 440 11062823738057298531
HIT 3 1894095978575 441 11739894914120788824
HIT 3 1898390945871 442 16512533969704214503
HIT 3 1902685913167 443 6517330855859220621
HIT 3 1906980880463 444 15621137154872266378
HIT 3 1911275847759 445 14047736504516133943
HIT 3 1915570815055 446 11177725000548057265
HIT 3 1919865782351 447 3528446408087579431
HIT 3 1924160749647 448 8820720796615063979
HIT 3 1928455716943 449 11210061544677894898
HIT 3 1932750684239 450 5257036914518499180
HIT 3 1937045651535 451 16583143625810484404
HIT 3 1941340618831 452 7427921455902205308
HIT 3 1945635586127 453 6278552190214567623
HIT 3 1949930553423 454 17441060926031625120
HIT 3 1954225520719 455 1042578127389404719
HIT 3 1958520488015 456 15111489513658671174
HIT 3 1962815455311 457 11931810032929526165
HIT 3 1967110422607 458 4682869393951880834
HIT 3 1971405389903 459 17378924028502751430
HIT 3 1975700357199 460 6398717253599057750
HIT 3 1979995324495 461 147078526549351524
HIT 3 1984290291791 462 18345114869586385249
HIT 3 1988585259087 463 13575502936700864285
HIT 3 1992880226383 464 11815211174903255812
HIT 3 1997175193679 465 13617816431692152131
HIT 3 2001470160975 466 8657408057857506802
HIT 3 2005765128271 467 5357546330777021796
HIT 3 2010060095567 468 15046874478517081911
HIT 3 2014355062863 469 4287185286368656244
HIT 3 2018650030159 470 18345763884061529302
HIT 3 2022944997455 471 16976953935972854850
HIT 3 2027239964751 472 18137637167405491844
HIT 3 2031534932047 473 9768424527805773944
HIT 3 2035829899343 474 17552701771359166271
HIT 3 2040124866639 475 2783000427175595180
HIT 3 2044419833935 476 5084651059806247574
HIT 3 2048714801231 477 2136234246944494443
HIT 3 2053009768527 478 11961863989212710040
HIT 3 2057304735823 479 10743564246338522251
HIT 3 2061599703119 480 6497398603186724497
HIT 3 2065894670415 481 65322194914440869
HIT 3 2070189637711 482 11147157487716914355
HIT 3 2074484605007 483 8223756314800287137
HIT 3 2078779572303 484 8454985410397338644
HIT 3 2083074539599 485 6341752552997731009
HIT 3 2087369506895 486 4411445199114454647
HIT 3 2091664474191 487 2708468153703279830
HIT 3 2095959441487 488 15206819686634868559
HIT 3 2100254408783 489 5061373661583578306
HIT 3 2104549376079 490 5579253305947720784
HIT 3 2108844343375 491 563591294940486597
HIT 3 2113139310671 492 15177225905764665662
HIT 3 2117434277967 493 10356742215483410568
HIT 3 2121729245263 494 407182880427805845
HIT 3 2126024212559 495 3438398285202516207
HIT 3 2130319179855 496 7675683534617454717
HIT 3 2134614147151 497 2023201636473083761
HIT 3 2138909114447 498 2093072862725330560
HIT 3 2143204081743 499 12768200741761880991
HIT 3 2147499049039 500 1622986276516144052
HIT 3 2151794016335 501 11771274532552095082
HIT 3 2156088983631 502 6149646068365748428
HIT 3 2160383950927 503 1015681578663109970
HIT 3 2164678918223 504 14956328975895536814
HIT 3 2168973885519 505 8542171502907886806
HIT 3 2173268852815 506 17646703487336698338
HIT 3 2177563820111 507 2126130825908543470
HIT 3 2181858787407 508 18329127256391437020
HIT 3 2186153754703 509 9592310275877540392
HIT 3 2190448721999 510 4564388051995447895
HIT 3 2194743689295 511 10922869864964715672
HIT 3 1026512650319 239 18003958850286097114
HIT 3 1597743300687 372 2632885712081064916
HIT 3 1589153431631 370 4264654764485242614
HIT 3 1597743366223 372 6402205384973773699
HIT 3 1602038333519 373 5560972078171187447
HIT 3 1606333300815 374 7435253830806148705
HIT 3 1597743431759 372 5311280877722278380
HIT 3 1597743497295 372 13255170464606052382
HIT 3 1597743562831 372 2229688409639816607
HIT 3 1597743628367 372 5743708137277929674
HIT 3 1597743693903 372 2015366597355797334
HIT 3 1597743759439 372 6050588294683065625
HIT 3 1597743824975 372 17958986814247037117
HIT 3 1597743890511 372 16146812964625539855
HIT 3 1597743956047 372 7342002209058974004
HIT 3 1597744021583 372 12766916887280291566
HIT 3 1597744087119 372 18016468033947487182
HIT 3 1597744152655 372 10974166096316889282
HIT 3 1597744218191 372 862431789833408817
HIT 3 1597744283727 372 12946251478314133316
HIT 3 1009322819665 235 12709562371318363131
HIT 3 1597733339217 372 7701828402907426341
HIT 3 1000733016145 233 5415281941586388490
HIT 3 1005027983441 234 6011234122467856197
HIT 3 1009322950737 235 9878493042845765775
HIT 3 1017912885329 237 14471540798491193655
HIT 3 1589143535697 370 6826643144217562443
HIT 3 1597733470289 372 17424593835259618520
HIT 3 1602028437585 373 14240109432209355423
HIT 3 1606323404881 374 17476157797378920431
HIT 3 377962823761 88 5005795956344651499
HIT 3 1009323016273 235 15972371768039854890
HIT 3 1597733535825 372 7429387450035013079
HIT 3 1009323081809 235 17169937440604427384
HIT 3 1597733601361 372 10385641068894284785
HIT 3 1597744349263 372 9027170087183731599
HIT 3 1597744414799 372 2518799899571048831
HIT 3 1597744480335 372 4592189141354896318
HIT 3 1597744545871 372 5853503348941682766
HIT 3 1597744611407 372 7678772901553081187
HIT 3 1597744676943 372 2739575780489507332
HIT 3 1597744742479 372 11659112789282717978
HIT 3 1597744808015 372 6158539573079553102
HIT 3 1597744873551 372 17243539074474826782
HIT 3 1597744939087 372 11404443063423746707
HIT 3 1597745004623 372 1548914432238666794
HIT 3 1597745070159 372 8191971522690571280
HIT 3 1597745135695 372 9830888544887979869
HIT 3 1597745201231 372 5620565464968993225
HIT 3 1597745266767 372 7110602338511273348
HIT 3 1597745332303 372 9262327614528942327
HIT 3 1597745397839 372 2981232689248774813
HIT 3 1597745463375 372 8427351572904516825
HIT 3 1597745528911 372 748771620112705022
HIT 3 1597745594447 372 3193685748819306636
HIT 3 1597745659983 372 1333556604196136518
HIT 3 1597745725519 372 14212153733561608550
HIT 3 1597745791055 372 6249055515511362012
HIT 3 1597745856591 372 6901235725191182763
HIT 3 1597745922127 372 2953919307438180763
HIT 3 1597745987663 372 11828829065061675394
HIT 3 1597746053199 372 450251818664462374
HIT 3 1597746118735 372 668967150206243196
HIT 3 1597746184271 372 7113079535615094230
HIT 3 1597746249807 372 2437158149355588556
HIT 3 1597746315343 372 16932025032519885001
HIT 3 1597746380879 372 5982173536752365608
HIT 3 1597746446415 372 1326077303167319054
HIT 3 1597746511951 372 6483955282565733837
HIT 3 1597746577487 372 14504054107270954263
HIT 3 1597746643023 372 13901663454917474753
HIT 3 1597746708559 372 16763839473975649438
HIT 3 1597746774095 372 5904033991878754397
HIT 3 1597746839631 372 13858988417142237158
HIT 3 1597746905167 372 13729890422808202428
HIT 3 1597746970703 372 4367098447632576225
HIT 3 1597747036239 372 1942978459237446802
HIT 3 1597747101775 372 5723256398352544571
HIT 3 1597747167311 372 1007930320421564047
HIT 3 1597747232847 372 784962198836527022
HIT 3 1597747298383 372 3082467277919061657
HIT 3 1597747363919 372 17928937462885842364
HIT 3 1597747429455 372 15123671894241966292
HIT 3 1597747494991 372 16167915006110771496
HIT 3 1597747560527 372 14613853281206938032
HIT 3 1597747626063 372 11043427168454694711
HIT 3 1597747691599 372 13233494986355160193
HIT 3 1597747757135 372 6309788208162751558
HIT 3 1597747822671 372 5469475032426026806
HIT 3 1597747888207 372 4522371417839120412
HIT 3 1597747953743 372 10832203704113955773
HIT 3 1597748019279 372 16448008540924591400
HIT 3 1597748084815 372 4081738394180051592
HIT 3 1597748150351 372 6242996377464973173
HIT 3 1597748215887 372 2686851599731752245
HIT 3 1597748281423 372 12401598738242897592
HIT 3 1597748346959 372 9680706978815844698
HIT 3 1597748412495 372 1524811658351538728
HIT 3 1597748478031 372 4726667896493189453
HIT 3 1597748543567 372 5103310993866965688
HIT 3 1597748609103 372 10441487896239665526
HIT 3 1597748674639 372 17716433862901851874
HIT 3 1597748740175 372 14299987839939603303
HIT 3 1597748805711 372 5672423445266979242
HIT 3 1597748871247 372 13448936582306164639
HIT 3 1597748936783 372 8793351807578054872
HIT 3 1597749002319 372 5513759570625705652
HIT 3 1597749067855 372 10932231795713025714
HIT 3 1597749133391 372 17104090956998842077
HIT 3 1597749198927 372 6300021133474012563
HIT 3 1597749264463 372 11314469351251286547
HIT 3 1597749329999 372 17701955090971205938
HIT 3 1597749395535 372 6975078105743607657
HIT 3 1597749461071 372 3909644497677936097
HIT 3 1597749526607 372 8144535916648002001
HIT 3 1597749592143 372 1714706327515495973
HIT 3 1597749657679 372 465962450922029862
HIT 3 1597749723215 372 83433266503182265
HIT 3 1597749788751 372 7415127285186597733
HIT 3 1597749854287 372 5063481228027572311
HIT 3 1597749919823 372 416699205582037361
HIT 3 1597749985359 372 6143373407135660222
HIT 3 1597750050895 372 15342521430778856150
HIT 3 1597750116431 372 11671950680649641516
HIT 3 1597750181967 372 15152073172961581893
HIT 3 1597750247503 372 14092351250598283129
HIT 3 1597750313039 372 13062477380911958693
HIT 3 1597750378575 372 7057310378569891919
HIT 3 1597750444111 372 12827041572007000419
HIT 3 1597750509647 372 8380066615983781509
HIT 3 1597750575183 372 10893421347103443027
HIT 3 1597750640719 372 10777992006676901965
HIT 3 1597750706255 372 10301958618206231473
HIT 3 1597750771791 372 5435427657698111978
HIT 3 1597750837327 372 8191018642610609618
HIT 3 1597750902863 372 7834805759004382150
HIT 3 1597750968399 372 10286467762312989811
HIT 3 1597751033935 372 16478327821362112078
HIT 3 1597751099471 372 4371725707457775342
HIT 3 1597751165007 372 17165689382489608521
HIT 3 1597751230543 372 5560189638065749321
HIT 3 1597751296079 372 16083446418164000695
HIT 3 1597751361615 372 18358717554398935532
HIT 3 1597751427151 372 2070505259071894771
HIT 3 1597751492687 372 15559417131859600172
HIT 3 1597751558223 372 16212647873615406706
HIT 3 1597751623759 372 966683508272731940
HIT 3 1597751689295 372 14807794798267049968
HIT 3 1597751754831 372 6281931530665383210
HIT 3 1597751820367 372 4324157229130038566
HIT 3 1597751885903 372 157849008261774671
HIT 3 1589162016847 370 7143138900823206496
HIT 3 1597751951439 372 15500068902799526211
HIT 3 1597752016975 372 7143138900823206496
HIT 3 1597752082511 372 17467741866967123308
HIT 3 1597752148047 372 5181707651457031923
HIT 3 1606342082639 374 17467741866967123308
HIT 3 1606342148175 374 833753309942056618
HIT 3 1610637115471 375 14336515549700304687
HIT 3 1614932082767 376 10796877350505090502
HIT 3 1619227050063 377 14667631345450815777
HIT 3 1623522017359 378 823673602677211087
HIT 3 1627816984655 379 4446338728856597084
HIT 3 1632111951951 380 13890366651829203103
HIT 3 1636406919247 381 17785319615694181556
HIT 3 1640701886543 382 7593752619914403854
HIT 3 1644996853839 383 9887919623798221684
HIT 3 1649291821135 384 14937769136882815960
HIT 3 1653586788431 385 51250300324392473
HIT 3 1657881755727 386 15724575216293215862
HIT 3 1662176723023 387 14192874137135895756
HIT 3 1666471690319 388 16320790474276866313
HIT 3 1670766657615 389 6257857475985206611
HIT 3 1675061624911 390 4190296600028740772
HIT 3 1679356592207 391 5386933941709921181
HIT 3 1683651559503 392 1787382663502106361
HIT 3 1687946526799 393 9536158607001071694
HIT 3 1692241494095 394 8610353126681186847
HIT 3 1696536461391 395 17422009517520051279
HIT 3 1700831428687 396 12198855256442130865
HIT 3 1705126395983 397 1719260447180608939
HIT 3 1709421363279 398 756688233756700490
HIT 3 1713716330575 399 18410126814742450415
HIT 3 1718011297871 400 8519928100852238317
HIT 3 1722306265167 401 11266844615394899385
HIT 3 1726601232463 402 6528517424679557762
HIT 3 1730896199759 403 12195656264368544813
HIT 3 1735191167055 404 1579186388772059490
HIT 3 1739486134351 405 3061781105555605960
HIT 3 1743781101647 406 9058660689930400894
HIT 3 1748076068943 407 14870502048289350073
HIT 3 1752371036239 408 18074422288070447754
HIT 3 1756666003535 409 14380089408938579651
HIT 3 1760960970831 410 4278096884989725609
HIT 3 1765255938127 411 4893378886166186646
HIT 3 1769550905423 412 6753908508552831268
HIT 3 1773845872719 413 14487132369377809571
HIT 3 1778140840015 414 233534280714336941
HIT 3 1782435807311 415 6535866802244685292
HIT 3 1786730774607 416 8131573688879985269
HIT 3 1791025741903 417 5365196432842033001
HIT 3 1795320709199 418 12137106839770728383
HIT 3 1799615676495 419 3216659747835235996
HIT 3 1803910643791 420 17658476111036008054
HIT 3 1808205611087 421 4760740333802792539
HIT 3 1812500578383 422 6834007059019807457
HIT 3 1816795545679 423 596436457822807844
HIT 3 1821090512975 424 18058145406871655012
HIT 3 1825385480271 425 809685097786741793
HIT 3 1829680447567 426 17303456183445523957
HIT 3 1833975414863 427 17635876377430843745
HIT 3 1838270382159 428 17196096042717382466
HIT 3 1842565349455 429 9180642373058287616
HIT 3 1846860316751 430 14492009508403036877
HIT 3 1851155284047 431 5237223833309466022
HIT 3 1855450251343 432 15095827452494982429
HIT 3 1859745218639 433 11943036711666141561
HIT 3 1864040185935 434 11631041972090779922
HIT 3 1868335153231 435 4877331269849122179
HIT 3 1872630120527 436 18031743492502413285
HIT 3 1876925087823 437 2627071144945182311
HIT 3 1881220055119 438 584674801560784348
HIT 3 1885515022415 439 17171752275980686079
HIT 3 1889809989711 440 6259331196347392887
HIT 3 1894104957007 441 15510969136654468279
HIT 3 1898399924303 442 9384855968193795407
HIT 3 1902694891599 443 6460010927058421636
HIT 3 1906989858895 444 3509645974900948619
HIT 3 1911284826191 445 15491557242379933749
HIT 3 1915579793487 446 16414368340392234866
HIT 3 1919874760783 447 8234287967068031968
HIT 3 1924169728079 448 11913755170261995194
HIT 3 1928464695375 449 10947358280302655688
HIT 3 1932759662671 450 8742847768471328305
HIT 3 1937054629967 451 12546245048766086373
HIT 3 1941349597263 452 2328536040750095917
HIT 3 1945644564559 453 6986166286133443322
HIT 3 1949939531855 454 3089664176184772664
HIT 3 1954234499151 455 15225551540201559344
HIT 3 1958529466447 456 17596758295533872529
HIT 3 1962824433743 457 879764399701819315
HIT 3 1967119401039 458 9451021906748947868
HIT 3 1971414368335 459 7725459273857497615
HIT 3 1975709335631 460 9383424175909846471
HIT 3 1980004302927 461 2704640581186444649
HIT 3 1984299270223 462 1570466079218662623
HIT 3 1988594237519 463 6792001442812149685
HIT 3 1992889204815 464 4051907184909591376
HIT 3 1997184172111 465 14836086870016178519
HIT 3 2001479139407 466 5964765810499054607
HIT 3 2005774106703 467 18422250050961779192
HIT 3 2010069073999 468 14289259724172515667
HIT 3 2014364041295 469 5120056875619381327
HIT 3 2018659008591 470 16491088749422930663
HIT 3 2022953975887 471 16433068295687265112
HIT 3 2027248943183 472 4246785617124748276
HIT 3 2031543910479 473 7834916443725671789
HIT 3 2035838877775 474 14354543808966576121
HIT 3 2040133845071 475 8716979439056361129
HIT 3 2044428812367 476 10479217855118249213
HIT 3 2048723779663 477 6656564251808026476
HIT 3 2053018746959 478 16089219002710802001
HIT 3 2057313714255 479 7724549497201199733
HIT 3 2061608681551 480 7790870424315211741
HIT 3 2065903648847 481 9285001935442682123
HIT 3 2070198616143 482 7356919534295367213
HIT 3 2074493583439 483 17244381145114143137
HIT 3 2078788550735 484 18048630225437842803
HIT 3 2083083518031 485 11077106591853480661
HIT 3 2087378485327 486 197029053563238033
HIT 3 2091673452623 487 4810761195657828548
HIT 3 2095968419919 488 1110885076076100914
HIT 3 2100263387215 489 17952216292887435783
HIT 3 2104558354511 490 9260012765181308088
HIT 3 2108853321807 491 1440051140772709323
HIT 3 2113148289103 492 4064724977526117060
HIT 3 2117443256399 493 15721739164864294850
HIT 3 2121738223695 494 1569822691745462570
HIT 3 2126033190991 495 15093742401512325395
HIT 3 2130328158287 496 1516176445296168776
HIT 3 2134623125583 497 15667737160840713896
HIT 3 2138918092879 498 15320188343928715563
HIT 3 2143213060175 499 8578198266908892631
HIT 3 2147508027471 500 15914069817704353031
HIT 3 2151802994767 501 10345112832642518578
HIT 3 2156097962063 502 12583233599156480257
HIT 3 2160392929359 503 13065483988435452395
HIT 3 2164687896655 504 5197270688169615293
HIT 3 2168982863951 505 2980565190107513946
HIT 3 2173277831247 506 6621669556292838658
HIT 3 2177572798543 507 12467026187657835346
HIT 3 2181867765839 508 9614029010235000368
HIT 3 2186162733135 509 4402376554208009686
HIT 3 2190457700431 510 15469065735479014173
HIT 3 2194752667727 511 9709336998662346334
HIT 3 1606342213711 374 12799486990697645636
HIT 3 1610637181007 375 14667631345450815777
HIT 3 1614932148303 376 833753309942056618
HIT 3 1614932279375 376 8453641956646032374
HIT 3 1606342213710 374 11798710544278472380
HIT 3 1009322819666 235 5458031096837297432
HIT 3 1597733339218 372 7502083389929082053
HIT 3 1009322950738 235 14756456573779655353
HIT 3 1597733470290 372 14644801184971430751
HIT 3 1009322950739 235 5458031096837297432
HIT 3 1597733470291 372 7502083389929082053
HIT 3 1597743235152 372 4932953267448971185
HIT 3 1597743104081 372 6619342539793127310
HIT 3 1017922584657 237 15092960768617870242
HIT 3 1597743169617 372 8514638712228306815
HIT 3 1589153300561 370 14020450466778583908
HIT 3 1597743235153 372 4705097393936026491
HIT 3 1602038202449 373 9822231987544010145
HIT 3 1606333169745 374 13250817887968248115
HIT 3 1597743366225 372 13158198336298396554
HIT 3 1597743235154 372 16419658111789180547
HIT 3 1597743235155 372 10939711013249486063
HIT 3 1606342213713 374 11379816437014326758
HIT 3 1009322950741 235 7094901596783921998
HIT 3 1597733470293 372 2330482809689790874
HIT 3 1009323081813 235 15345644763453980706
HIT 3 1597733601365 372 18161142013523382884
HIT 3 1009322950740 235 15345644763453980706
HIT 3 1597733470292 372 18161142013523382884
HIT 3 1009323081814 235 9147281463584886559
HIT 3 1597733601366 372 18273210783480769329
HIT 3 1009323147350 235 4519239154845277118
HIT 3 1597733666902 372 1180712436113171116
HIT 3 1009323212886 235 1442116007962520811
HIT 3 1597733732438 372 5137140429006596729
HIT 3 1009323278422 235 17311175717713646020
HIT 3 1597733797974 372 13890247776621945753
HIT 3 1009323343958 235 3610485962413490099
HIT 3 1597733863510 372 7070083294476845259
HIT 3 1009323409494 235 1552931513162665168
HIT 3 1597733929046 372 14831665476772136721
HIT 3 1009323475030 235 8306359246923038755
HIT 3 1597733994582 372 9077076189428418948
HIT 3 1009323540566 235 3136020582097722454
HIT 3 1597734060118 372 17009678307993798636
HIT 3 1009323606102 235 15207616520658419567
HIT 3 1597734125654 372 10740118333685014796
HIT 3 1009323671638 235 1055171245084629637
HIT 3 1597734191190 372 677271757920171621
HIT 3 1009323737174 235 4082093307701236342
HIT 3 1597734256726 372 16161475708971343779
HIT 3 1009323802710 235 9538814144866921862
HIT 3 1597734322262 372 15676382662005993629
HIT 3 1009323868246 235 18229170855872504573
HIT 3 1597734387798 372 16025746328822842251
HIT 3 1009323933782 235 12211011057465973766
HIT 3 1597734453334 372 3968488369595805501
HIT 3 1009323999318 235 8659547059964522693
HIT 3 1597734518870 372 17678265724251403840
HIT 3 1009324064854 235 15014621648577080889
HIT 3 1597734584406 372 7470939351956606166
HIT 3 1009324130390 235 1427223529073203458
HIT 3 1597734649942 372 12187966400047913445
HIT 3 1009324195926 235 15234258688678336455
HIT 3 1597734715478 372 13916890429663641087
HIT 3 1009324261462 235 13231884061500971353
HIT 3 1597734781014 372 14123764379252545300
HIT 3 1009324326998 235 11413852214461959392
HIT 3 1597734846550 372 779143147450369281
HIT 3 1009324392534 235 4464927907734811061
HIT 3 1597734912086 372 1567021620845013709
HIT 3 1009324458070 235 484370563444789153
HIT 3 1597734977622 372 6859479705496533161
HIT 3 1009324523606 235 15074889508215288073
HIT 3 1597735043158 372 7039955347145480300
HIT 3 1009324589142 235 16490874633371772292
HIT 3 1597735108694 372 11368631008461282532
HIT 3 1009324654678 235 8054125953656005419
HIT 3 1597735174230 372 10181037891295571584
HIT 3 1009324720214 235 7507780091846784019
HIT 3 1597735239766 372 1947453314863048797
HIT 3 1009324785750 235 1055948142072731063
HIT 3 1597735305302 372 12467251386278084096
HIT 3 1009324851286 235 3256344931495012432
HIT 3 1597735370838 372 15544658063851516793
HIT 3 1009324916822 235 115735351121689505
HIT 3 1597735436374 372 9731492478501655380
HIT 3 1009324982358 235 9765157994688648201
HIT 3 1597735501910 372 7996759487694629238
HIT 3 1009325047894 235 7104396567153142570
HIT 3 1597735567446 372 12841973599647977647
HIT 3 1009325113430 235 3442368841579998613
HIT 3 1597735632982 372 93210223093582098
HIT 3 1009325178966 235 5012879069744356512
HIT 3 1597735698518 372 8675667878036210949
HIT 3 1009325244502 235 11317432773799788052
HIT 3 1597735764054 372 5081846581811605256
HIT 3 1009325310038 235 11513579647510756088
HIT 3 1597735829590 372 10347995814969751589
HIT 3 1009325375574 235 5621639949391764440
HIT 3 1597735895126 372 11049949436501404816
HIT 3 1009325441110 235 4617368145590415582
HIT 3 1597735960662 372 15521831447215850005
HIT 3 1009325506646 235 3012245289594696602
HIT 3 1597736026198 372 15357972436052180854
HIT 3 1009325572182 235 1118543569799322748
HIT 3 1597736091734 372 10180652650423860083
HIT 3 1009325637718 235 13176833227505280736
HIT 3 1597736157270 372 2296991252807853537
HIT 3 1009325703254 235 16548509769729120775
HIT 3 1597736222806 372 12193631705882001273
HIT 3 1009325768790 235 3389880243540036793
HIT 3 1597736288342 372 9104593218760993215
HIT 3 1009325834326 235 13325702360083918742
HIT 3 1597736353878 372 10142776248491722110
HIT 3 1009325899862 235 6121627444368378472
HIT 3 1597736419414 372 6392924733863874294
HIT 3 1009325965398 235 12284867507505755936
HIT 3 1597736484950 372 14226724503808441707
HIT 3 1009326030934 235 7305243973382672954
HIT 3 1597736550486 372 17308154753206894028
HIT 3 1009326096470 235 6173100281653226479
HIT 3 1597736616022 372 17431546473541612620
HIT 3 1009326162006 235 4614669949202658925
HIT 3 1597736681558 372 6249417716103962084
HIT 3 1009326227542 235 15126993061080097496
HIT 3 1597736747094 372 6884984684888173797
HIT 3 1009326293078 235 266181973353149235
HIT 3 1597736812630 372 8684018198728431929
HIT 3 1009326358614 235 5882551694267073381
HIT 3 1597736878166 372 8706182906587884839
HIT 3 1009326424150 235 10416260556518899697
HIT 3 1000733147223 233 4905654512852613381
HIT 3 1005028114519 234 15929559209506488561
HIT 3 1009323081815 235 15867546500792459279
HIT 3 1017913016407 237 10496022105936571599
HIT 3 1589143666775 370 12313300341260312420
HIT 3 1597733601367 372 9916594022305017636
HIT 3 1602028568663 373 2441873170088757836
HIT 3 1606323535959 374 16576378507196567759
HIT 3 386552889431 90 2651058145003276782
HIT 3 1009323147351 235 17311175717713646020
HIT 3 1597733666903 372 13890247776621945753
HIT 3 1009323212887 235 9147281463584886559
HIT 3 1597733732439 372 18273210783480769329
HIT 3 1597736943702 372 4002823011730555923
HIT 3 1009326489686 235 18278506119182936864
HIT 3 1597737009238 372 4401825462898427038
HIT 3 1009326555222 235 415629375273123158
HIT 3 1597737074774 372 12464520096808304747
HIT 3 1009326620758 235 2060965933381189425
HIT 3 1597737140310 372 2899376217846177730
HIT 3 1009326686294 235 17843149177815774714
HIT 3 1597737205846 372 2951734062419909864
HIT 3 1009326751830 235 10630274761725688729
HIT 3 1597737271382 372 740501634823172852
HIT 3 1009326817366 235 11311034451510909418
HIT 3 1597737336918 372 18165618896313988277
HIT 3 1009326882902 235 9379206455363803361
HIT 3 1597737402454 372 13188645576327004355
HIT 3 1009326948438 235 17632432758785845234
HIT 3 1597737467990 372 3745719738551676470
HIT 3 1009327013974 235 7381381446995985941
HIT 3 1597737533526 372 15970797823238208435
HIT 3 1009327079510 235 15402180447185010274
HIT 3 1597737599062 372 8642442419252312437
HIT 3 1009327145046 235 7769785473959337923
HIT 3 1597737664598 372 7270726383807082266
HIT 3 1009327210582 235 6963088316588124274
HIT 3 1597737730134 372 11528195595188878291
HIT 3 1009327276118 235 18137543879947344651
HIT 3 1597737795670 372 13653556008699887281
HIT 3 1009327341654 235 10720964179662685561
HIT 3 1597737861206 372 3996570542288666576
HIT 3 1009327407190 235 14795076763984658050
HIT 3 1597737926742 372 8175687218917065195
HIT 3 1009327472726 235 6012295985278280306
HIT 3 1597737992278 372 2935205787226898887
HIT 3 1009327538262 235 11471143046259567482
HIT 3 1597738057814 372 7921020314911024732
HIT 3 1009327603798 235 9211552490725875102
HIT 3 1597738123350 372 10460683889967882173
HIT 3 1009327669334 235 18172753391070743377
HIT 3 1597738188886 372 6706404894439408451
HIT 3 1009327734870 235 13878043221787298137
HIT 3 1597738254422 372 8436487178212803634
HIT 3 1009327800406 235 11095448897802999913
HIT 3 1597738319958 372 7959747465738275687
HIT 3 1009327865942 235 16491713635052324961
HIT 3 1597738385494 372 13726820078937157702
HIT 3 1009327931478 235 17709790161291289309
HIT 3 1597738451030 372 6711941495099685218
HIT 3 1009327997014 235 3857116499929042534
HIT 3 1597738516566 372 17428509240748258413
HIT 3 1009328062550 235 9489459969403938245
HIT 3 1597738582102 372 9390906099705599724
HIT 3 1009328128086 235 1577942149120095257
HIT 3 1597738647638 372 7075910478497200444
HIT 3 1009328193622 235 14069464492865824613
HIT 3 1597738713174 372 2612922065261246425
HIT 3 1009328259158 235 16579990091334202077
HIT 3 1597738778710 372 3684971028609320810
HIT 3 1009328324694 235 16272366265353559980
HIT 3 1597738844246 372 13663525386562224389
HIT 3 1009328390230 235 8568946114406586266
HIT 3 1597738909782 372 15407625924841594304
HIT 3 1009328455766 235 7628117135507584479
HIT 3 1597738975318 372 185516814463752160
HIT 3 1009328521302 235 14545577699425418956
HIT 3 1597739040854 372 13044793256720085822
HIT 3 1009328586838 235 7382031115695137222
HIT 3 1597739106390 372 7623087626936839521
HIT 3 1009328652374 235 3739112735483355223
HIT 3 1597739171926 372 13785088372952044876
HIT 3 1009328717910 235 12095279839491624460
HIT 3 1597739237462 372 5608690842477114868
HIT 3 1009328783446 235 17052302066640935247
HIT 3 1597739302998 372 7629166337977960336
HIT 3 1009328848982 235 18182121015908370564
HIT 3 1597739368534 372 16443633836616380882
HIT 3 1009328914518 235 14508542661519346718
HIT 3 1597739434070 372 1407584108539473481
HIT 3 1009328980054 235 2449843944275104912
HIT 3 1597739499606 372 3689557789597995913
HIT 3 1009329045590 235 10903099280371943072
HIT 3 1597739565142 372 7081626565037347988
HIT 3 1009329111126 235 97674554445523579
HIT 3 1597739630678 372 2083275957607497776
HIT 3 1009329176662 235 3609663312299119171
HIT 3 1597739696214 372 6743154386494693536
HIT 3 1009329242198 235 15844432922259889811
HIT 3 1597739761750 372 6160149926073639797
HIT 3 1009329307734 235 6814900290253406557
HIT 3 1597739827286 372 17965984959986931188
HIT 3 1009329373270 235 18429274907098522433
HIT 3 1597739892822 372 535886639424644387
HIT 3 1009329438806 235 76868468861460150
HIT 3 1597739958358 372 5943619655912610531
HIT 3 1009329504342 235 16267451516848466563
HIT 3 1597740023894 372 5780950230791429601
HIT 3 1009329569878 235 12823402676274939001
HIT 3 1597740089430 372 13002231200181309490
HIT 3 1009329635414 235 6405322507039921562
HIT 3 1597740154966 372 16475548063036314161
HIT 3 1009329700950 235 1737595363205594971
HIT 3 1597740220502 372 7450711978424946910
HIT 3 1009329766486 235 4156385545511093268
HIT 3 1597740286038 372 12057705561173828378
HIT 3 1009329832022 235 18354157188203152006
HIT 3 1597740351574 372 5617699864445350462
HIT 3 1009329897558 235 12700750849159839466
HIT 3 1597740417110 372 14670901934131221753
HIT 3 1009329963094 235 10277763701796786606
HIT 3 1597740482646 372 13541093883344971816
HIT 3 1009330028630 235 13104780231137284637
HIT 3 1597740548182 372 6130245350149136789
HIT 3 1009330094166 235 10672576672381585049
HIT 3 1597740613718 372 7631154405855573606
HIT 3 1009330159702 235 15355433321693883792
HIT 3 1597740679254 372 7820809719001293027
HIT 3 1009330225238 235 13303477546632502170
HIT 3 1597740744790 372 7319541802480656752
HIT 3 1009330290774 235 5094449834021470446
HIT 3 1597740810326 372 17871769026169754620
HIT 3 1009330356310 235 3906971223832098593
HIT 3 1597740875862 372 17225391300974768397
HIT 3 1009330421846 235 10530989610671436895
HIT 3 1597740941398 372 11402999590648559826
HIT 3 1009330487382 235 629952797012485725
HIT 3 1597741006934 372 12013767443240242637
HIT 3 1009330552918 235 16558178197193058025
HIT 3 1597741072470 372 13457258960654751807
HIT 3 1009330618454 235 14985556768294247165
HIT 3 1597741138006 372 6863538634546962649
HIT 3 1009330683990 235 15556889225561431423
HIT 3 1597741203542 372 10369485283600411072
HIT 3 1009330749526 235 45555077912401345
HIT 3 1597741269078 372 14100448728160873153
HIT 3 1009330815062 235 4028651614318601219
HIT 3 1597741334614 372 6149574751113224063
HIT 3 1009330880598 235 3842849365913473795
HIT 3 1597741400150 372 10156316491374720225
HIT 3 1009330946134 235 6061595420849989099
HIT 3 1597741465686 372 7681856712939494045
HIT 3 1009331011670 235 1788687227083631810
HIT 3 1597741531222 372 11271289217463448381
HIT 3 1009331077206 235 12185512112475907543
HIT 3 1597741596758 372 3474162772448037898
HIT 3 1009331142742 235 16049934151481429905
HIT 3 1597741662294 372 14410188255546195874
HIT 3 1009331208278 235 8264168695544140805
HIT 3 1597741727830 372 6062303453487607439
HIT 3 1009331273814 235 857472126585221082
HIT 3 1597741793366 372 1463444821460499827
HIT 3 1009331339350 235 17042966093553872131
HIT 3 1597741858902 372 2767355775957770865
HIT 3 1009331404886 235 12022813343736936859
HIT 3 1597741924438 372 7515611507535840413
HIT 3 1009331470422 235 3879188487622815654
HIT 3 1597741989974 372 7225081863809952231
HIT 3 1009331535958 235 14363508708902088500
HIT 3 1597742055510 372 5922790317270738638
HIT 3 1009331601494 235 17122818716148998640
HIT 3 1597742121046 372 2118425526677316164
HIT 3 1009331667030 235 5234937535569242413
HIT 3 1597742186582 372 13284631396303561071
HIT 3 1009331732566 235 18324450791945672562
HIT 3 1597742252118 372 9805327158411803051
HIT 3 1009331798102 235 617076070498915721
HIT 3 1597742317654 372 807536593451953804
HIT 3 1009331863638 235 11394638507125641828
HIT 3 1597742383190 372 16893326916507897627
HIT 3 1009331929174 235 7789476705533291950
HIT 3 1597742448726 372 1587893983425961819
HIT 3 1009331994710 235 5070956331255462072
HIT 3 1597742514262 372 7190452295726968400
HIT 3 1009332060246 235 10051360865295799766
HIT 3 1597742579798 372 9091279266617009460
HIT 3 1009332125782 235 8377747991936508099
HIT 3 1597742645334 372 17126264348155553880
HIT 3 1009332191318 235 4870729445728473032
HIT 3 1597742710870 372 3124410596052187901
HIT 3 1009332256854 235 15815761186371945481
HIT 3 1597742776406 372 7719930283686584050
HIT 3 1009332322390 235 4985378923735000974
HIT 3 1597742841942 372 13610945505172110251
HIT 3 1009332387926 235 13770604683116445793
HIT 3 1597742907478 372 2841505393912925249
HIT 3 1000742518870 233 13770604683116445793
HIT 3 1009332453462 235 7746683739712770984
HIT 3 1597742973014 372 9859557389328057176
HIT 3 1009332518998 235 4905654512852613381
HIT 3 1017922453590 237 12380779277902888498
HIT 3 1597743038550 372 3077243287843770642
HIT 3 1009332584534 235 12380779277902888498
HIT 3 1589153169494 370 1653325150520623294
HIT 3 1597743104086 372 16573868745444984196
HIT 3 1602038071382 373 17860517819487517769
HIT 3 1606333038678 374 127530425517576064
HIT 3 1013627617366 236 3319525874485970533
HIT 3 1017922584662 237 15867546500792459279
HIT 3 1026512519254 239 1354758112735752612
HIT 3 1589153235030 370 2465412835540036435
HIT 3 1597743169622 372 11753965474375474848
HIT 3 1602038136918 373 17176879282194251724
HIT 3 1606333104214 374 1370465686941974961
HIT 3 1013627682902 236 15929559209506488561
HIT 3 1017922650198 237 1354758112735752612
HIT 3 1022217617494 238 3319525874485970533
HIT 3 1026512584790 239 12602419303881129362
HIT 3 1030807552086 240 13184079224459149841
HIT 3 1035102519382 241 5556627850044537049
HIT 3 1039397486678 242 6710356749145286602
HIT 3 1043692453974 243 2537398319190245852
HIT 3 1047987421270 244 17315886402753907479
HIT 3 1052282388566 245 10102129503073389050
HIT 3 1056577355862 246 873321656467024881
HIT 3 1060872323158 247 5355732412155628400
HIT 3 1065167290454 248 4124497288921922727
HIT 3 1069462257750 249 16057552679255318347
HIT 3 1073757225046 250 3428432491345478771
HIT 3 1078052192342 251 944412835450486153
HIT 3 1082347159638 252 4006728966306120427
HIT 3 1086642126934 253 11727621391554529913
HIT 3 1090937094230 254 15152478945452552786
HIT 3 1095232061526 255 15498292159031947625
HIT 3 1099527028822 256 17696222000740190416
HIT 3 1103821996118 257 3032098658902011178
HIT 3 1108116963414 258 9830385876315188770
HIT 3 1112411930710 259 8587508805164850880
HIT 3 1116706898006 260 3783111679001782119
HIT 3 1121001865302 261 7658260996681910609
HIT 3 1125296832598 262 9859716325947446439
HIT 3 1129591799894 263 15965185671211882586
HIT 3 1133886767190 264 9820475856578472001
HIT 3 1138181734486 265 2338569582667654515
HIT 3 1142476701782 266 1303447682136555277
HIT 3 1146771669078 267 18340267920289826074
HIT 3 1151066636374 268 11231464129570932148
HIT 3 1155361603670 269 3993986554936404630
HIT 3 1159656570966 270 6946673466038953120
HIT 3 1163951538262 271 16614835066246456809
HIT 3 1168246505558 272 4192432428198257855
HIT 3 1172541472854 273 5071070266699096990
HIT 3 1176836440150 274 2458745953129771811
HIT 3 1181131407446 275 10732899649178600166
HIT 3 1185426374742 276 8812922915243786214
HIT 3 1189721342038 277 13390319926457240477
HIT 3 1194016309334 278 10383386621979203980
HIT 3 1198311276630 279 11179314841327412736
HIT 3 1202606243926 280 15969442308612966715
HIT 3 1206901211222 281 96430313957108936
HIT 3 1211196178518 282 1492004617097575228
HIT 3 1215491145814 283 7254605018828150932
HIT 3 1219786113110 284 102356413645114149
HIT 3 1224081080406 285 12911242351178194325
HIT 3 1228376047702 286 6907178193035917007
HIT 3 1232671014998 287 4050894390542869763
HIT 3 1236965982294 288 12402629526387960791
HIT 3 1241260949590 289 434840899618165563
HIT 3 1245555916886 290 12934989883561107532
HIT 3 1249850884182 291 4532622242184996208
HIT 3 1254145851478 292 7627271090377299121
HIT 3 1258440818774 293 12253182783131750739
HIT 3 1262735786070 294 7229224066550190873
HIT 3 1267030753366 295 5159428316839564294
HIT 3 1271325720662 296 2724825761977577129
HIT 3 1275620687958 297 6964426270971186877
HIT 3 1279915655254 298 1108976519476686869
HIT 3 1284210622550 299 4066349260090176741
HIT 3 1288505589846 300 7355866523580356302
HIT 3 1292800557142 301 18370918911017739766
HIT 3 1297095524438 302 9370025340743619070
HIT 3 1301390491734 303 18416450113374880938
HIT 3 1305685459030 304 6795488245849884446
HIT 3 1309980426326 305 10379538386167170303
HIT 3 1314275393622 306 10292618966455212481
HIT 3 1318570360918 307 8035029095145681326
HIT 3 1322865328214 308 367911780897839206
HIT 3 1327160295510 309 3938244935664007804
HIT 3 1331455262806 310 17090859807363608264
HIT 3 1335750230102 311 3867377074202072047
HIT 3 1340045197398 312 17210244020860993263
HIT 3 1344340164694 313 2624928264887473168
HIT 3 1348635131990 314 3394972551453227958
HIT 3 1352930099286 315 9978787125352240204
HIT 3 1357225066582 316 9385480234073268875
HIT 3 1361520033878 317 11495202461693027926
HIT 3 1365815001174 318 3399369181163844431
HIT 3 1370109968470 319 16501193693595998327
HIT 3 1374404935766 320 9004373491975502293
HIT 3 1378699903062 321 2575524406827576692
HIT 3 1382994870358 322 704789830017522185
HIT 3 1387289837654 323 4410620563204534207
HIT 3 1391584804950 324 8527381272559898536
HIT 3 1395879772246 325 7234751146526734697
HIT 3 1400174739542 326 4217003772241915526
HIT 3 1404469706838 327 7047208980414128699
HIT 3 1408764674134 328 8825207041845143492
HIT 3 1413059641430 329 3883155813052662709
HIT 3 1417354608726 330 5305811864480552910
HIT 3 1421649576022 331 7660397407632893476
HIT 3 1425944543318 332 4329438637359089954
HIT 3 1430239510614 333 17953476696289873099
HIT 3 1434534477910 334 3194617658161163586
HIT 3 1438829445206 335 13411920759861762822
HIT 3 1443124412502 336 2566438638460082576
HIT 3 1447419379798 337 12780120502599509948
HIT 3 1451714347094 338 7114855523078627006
HIT 3 1456009314390 339 13234239340215076274
HIT 3 1460304281686 340 5271264709123288371
HIT 3 1464599248982 341 5620970141849971717
HIT 3 1468894216278 342 11216842289711125217
HIT 3 1473189183574 343 10007948253820709120
HIT 3 1477484150870 344 5254062040075753241
HIT 3 1481779118166 345 8337381279628291733
HIT 3 1486074085462 346 16805225048631873825
HIT 3 1490369052758 347 5378729198337499887
HIT 3 1494664020054 348 13366698874974308082
HIT 3 1498958987350 349 12460257640971785074
HIT 3 1503253954646 350 4553868100030863956
HIT 3 1507548921942 351 5573358024701800928
HIT 3 1511843889238 352 7911592065721347043
HIT 3 1516138856534 353 12674630023940769652
HIT 3 1520433823830 354 11353898450756847424
HIT 3 1524728791126 355 1310854115259307350
HIT 3 1529023758422 356 1464659131115011313
HIT 3 1533318725718 357 16806566553399271846
HIT 3 1537613693014 358 8531813567555941545
HIT 3 1541908660310 359 1544255781267973320
HIT 3 1546203627606 360 16928041497083678198
HIT 3 1550498594902 361 594873191796824560
HIT 3 1554793562198 362 3863409221173495212
HIT 3 1559088529494 363 3719508091489285322
HIT 3 1563383496790 364 11233013717901963356
HIT 3 1567678464086 365 15870118582718754261
HIT 3 1571973431382 366 5221574771679816238
HIT 3 1576268398678 367 5146205775019013569
HIT 3 1580563365974 368 11704080471922681727
HIT 3 1584858333270 369 9632280857137235563
HIT 3 1589153300566 370 13549594693243179851
HIT 3 1593448267862 371 13298891804294875692
HIT 3 1597743235158 372 14148503696319751592
HIT 3 1602038202454 373 1213549432807810629
HIT 3 1606333169750 374 18113200530127708324
HIT 3 1610628137046 375 1405820233039490668
HIT 3 1614923104342 376 8232806304972068896
HIT 3 1619218071638 377 5900775054396380127
HIT 3 1623513038934 378 13984336405504432768
HIT 3 1627808006230 379 12026038367400717329
HIT 3 1632102973526 380 16066647709587689308
HIT 3 1636397940822 381 4235246453807794250
HIT 3 1640692908118 382 18375362764147640977
HIT 3 1644987875414 383 5711217126857666310
HIT 3 1649282842710 384 1278501728032604867
HIT 3 1653577810006 385 8499518499479547422
HIT 3 1657872777302 386 3527526430691663056
HIT 3 1662167744598 387 2075294815717711192
HIT 3 1666462711894 388 5967230658361047928
HIT 3 1670757679190 389 18191645887240620093
HIT 3 1675052646486 390 1612237101623210208
HIT 3 1679347613782 391 13372041087715150117
HIT 3 1683642581078 392 17321782441601567202
HIT 3 1687937548374 393 13060323183765462372
HIT 3 1692232515670 394 6089833654490148555
HIT 3 1696527482966 395 9848302166376610900
HIT 3 1700822450262 396 12522027863482804451
HIT 3 1705117417558 397 17389040402805595892
HIT 3 1709412384854 398 484739405357342747
HIT 3 1713707352150 399 9734832605527754772
HIT 3 1718002319446 400 14326338018161237089
HIT 3 1722297286742 401 10644040091817145942
HIT 3 1726592254038 402 9534528447814094394
HIT 3 1730887221334 403 1001301195201656211
HIT 3 1735182188630 404 3305618523047073588
HIT 3 1739477155926 405 1397447140890636756
HIT 3 1743772123222 406 11649756152592700439
HIT 3 1748067090518 407 10753230874195243560
HIT 3 1752362057814 408 18117293363982807893
HIT 3 1756657025110 409 11332732399116777239
HIT 3 1760951992406 410 7781721331615818918
HIT 3 1765246959702 411 15202493057639740705
HIT 3 1769541926998 412 173163992033195910
HIT 3 1773836894294 413 12134389736303543412
HIT 3 1778131861590 414 1892813119887724275
HIT 3 1782426828886 415 14694360765797276302
HIT 3 1786721796182 416 13602695150951657596
HIT 3 1791016763478 417 11422567062840690202
HIT 3 1795311730774 418 8593923770741677532
HIT 3 1799606698070 419 13743396206298109663
HIT 3 1803901665366 420 3779465836555291208
HIT 3 1808196632662 421 5176924648487447735
HIT 3 1812491599958 422 5816584977709827105
HIT 3 1816786567254 423 7779312073840056703
HIT 3 1821081534550 424 12149359566846121089
HIT 3 1825376501846 425 13459088868710532890
HIT 3 1829671469142 426 14772851326082825170
HIT 3 1833966436438 427 4527607856933580855
HIT 3 1838261403734 428 10425643092339974161
HIT 3 1842556371030 429 5217148315951022604
HIT 3 1846851338326 430 17531688883176977145
HIT 3 1851146305622 431 11272479707334770990
HIT 3 1855441272918 432 1728645245209391639
HIT 3 1859736240214 433 422614685968686824
HIT 3 1864031207510 434 1483421765940573436
HIT 3 1868326174806 435 15221943953343995745
HIT 3 1872621142102 436 9620405513425522390
HIT 3 1876916109398 437 10530490762274174700
HIT 3 1881211076694 438 6411422633680342372
HIT 3 1885506043990 439 4758203961116691537
HIT 3 1889801011286 440 2832164444206633148
HIT 3 1894095978582 441 1954953755553933200
HIT 3 1898390945878 442 16195490530311389415
HIT 3 1902685913174 443 11992948300789617335
HIT 3 1906980880470 444 12714396590613813176
HIT 3 1911275847766 445 7041827642601766402
HIT 3 1915570815062 446 12430712798370228412
HIT 3 1919865782358 447 2690639346623146631
HIT 3 1924160749654 448 17024307525693789970
HIT 3 1928455716950 449 18055508107638084788
HIT 3 1932750684246 450 13401495120254536235
HIT 3 1937045651542 451 14592341954104818486
HIT 3 1941340618838 452 31916908901114327
HIT 3 1945635586134 453 17748880757207361510
HIT 3 1949930553430 454 16388622029993443263
HIT 3 1954225520726 455 676169832545683593
HIT 3 1958520488022 456 16743275442791207742
HIT 3 1962815455318 457 12233243875166720223
HIT 3 1967110422614 458 1162955645482362121
HIT 3 1971405389910 459 1175028016661379082
HIT 3 1975700357206 460 10253537315272505910
HIT 3 1979995324502 461 8987779757276743115
HIT 3 1984290291798 462 5153003073548703992
HIT 3 1988585259094 463 14758359164117225638
HIT 3 1992880226390 464 5008577577134741712
HIT 3 1997175193686 465 14346309340637296285
HIT 3 2001470160982 466 17592988847529192272
HIT 3 2005765128278 467 5338288815080543610
HIT 3 2010060095574 468 4885875384690891375
HIT 3 2014355062870 469 15100265982262431320
HIT 3 2018650030166 470 8576585294165366520
HIT 3 2022944997462 471 3067003786963822854
HIT 3 2027239964758 472 16872246453781166549
HIT 3 2031534932054 473 1223437426294769450
HIT 3 2035829899350 474 10793044887474059702
HIT 3 2040124866646 475 10107775226389449632
HIT 3 2044419833942 476 812889309978595480
HIT 3 2048714801238 477 15133561301090965046
HIT 3 2053009768534 478 13770820888639782868
HIT 3 2057304735830 479 15121266777922351490
HIT 3 2061599703126 480 13739664477374212371
HIT 3 2065894670422 481 6553933514153479306
HIT 3 2070189637718 482 13298460450989414625
HIT 3 2074484605014 483 17354669609647469685
HIT 3 2078779572310 484 9994399513413551519
HIT 3 2083074539606 485 3972599157394068658
HIT 3 2087369506902 486 2647736910972315234
HIT 3 2091664474198 487 6400953531326419675
HIT 3 2095959441494 488 17137521536932822970
HIT 3 2100254408790 489 7197106521296616653
HIT 3 2104549376086 490 3966322100667997712
HIT 3 2108844343382 491 4882325859094573460
HIT 3 2113139310678 492 3628295409370952937
HIT 3 2117434277974 493 170793062669739280
HIT 3 2121729245270 494 5142455506551664409
HIT 3 2126024212566 495 15046628323947749359
HIT 3 2130319179862 496 2454663648706858725
HIT 3 2134614147158 497 17789354027858474164
HIT 3 2138909114454 498 10298417546185349059
HIT 3 2143204081750 499 15782094617963483228
HIT 3 2147499049046 500 1249499436401171234
HIT 3 2151794016342 501 5446188578921200206
HIT 3 2156088983638 502 11859191399171231300
HIT 3 2160383950934 503 6026647398101679708
HIT 3 2164678918230 504 10914137993973964606
HIT 3 2168973885526 505 16781982100297930376
HIT 3 2173268852822 506 1864542290485051199
HIT 3 2177563820118 507 14940324007797914087
HIT 3 2181858787414 508 5507394468346108854
HIT 3 2186153754710 509 1002738454601640418
HIT 3 2190448722006 510 15808223830054659844
HIT 3 2194743689302 511 1753911735320541780
HIT 3 1026512650326 239 10496022105936571599
HIT 3 1597743300694 372 2857748587853966718
HIT 3 1589153431638 370 14291132002729329430
HIT 3 1597743366230 372 8270134803488529230
HIT 3 1602038333526 373 11594743447991272799
HIT 3 1606333300822 374 17533992707403336350
HIT 3 1597743431766 372 15425462845654253485
HIT 3 1597743497302 372 13163684352355994557
HIT 3 1597743562838 372 9384838267821984868
HIT 3 1597743628374 372 9241444570762237260
HIT 3 1597743104084 372 15259515093165455894
HIT 3 1017922584660 237 7094901596783921998
HIT 3 1597743169620 372 1665117600896168885
HIT 3 1589153300564 370 7822505800477445341
HIT 3 1597743235156 372 9830404942635261197
HIT 3 1602038202452 373 10775664570675197954
HIT 3 1606333169748 374 12482935227847049894
HIT 3 1597743366228 372 18256316074548544778
HIT 3 1597743693910 372 15998707515066313515
HIT 3 1597743759446 372 114121145319377773
HIT 3 1597743824982 372 15347624349873082421
HIT 3 1597743890518 372 17150903779176596094
HIT 3 1597743956054 372 13976355743142532178
HIT 3 1597744021590 372 3051570866017962877
HIT 3 1597744087126 372 5753665549433569414
HIT 3 1597744152662 372 10213047251935076584
HIT 3 1597744218198 372 7760162761922570384
HIT 3 1597744283734 372 5088972702562614844
HIT 3 1597744349270 372 12260394007879897078
HIT 3 1597744414806 372 13279060279417152758
HIT 3 1597744480342 372 12803898265600998850
HIT 3 1597744545878 372 13489335491920576039
HIT 3 1597744611414 372 15166989750772720833
HIT 3 1597744676950 372 11700410271089099477
HIT 3 1597744742486 372 9393295835795730347
HIT 3 1597743235157 372 8493323378746315453
HIT 3 1597744808022 372 14238648142568277491
HIT 3 1597744873558 372 14679651233683589255
HIT 3 1597744939094 372 2949594624811445347
HIT 3 1597745004630 372 17329202757225885078
HIT 3 1597745070166 372 7053807552064372592
HIT 3 1597745135702 372 7659855870971403663
HIT 3 1597745201238 372 6058381574720086144
HIT 3 1597745266774 372 18117993720487352272
HIT 3 1597745332310 372 14522126307687966867
HIT 3 1597745397846 372 9289608134340797158
HIT 3 1597745463382 372 8596665918985137074
HIT 3 1597745528918 372 3279675448597255672
HIT 3 1597745594454 372 3016462799392724706
HIT 3 1597745659990 372 2263167799285923555
HIT 3 1597745725526 372 8784822303933631646
HIT 3 1597745791062 372 9076081291192929802
HIT 3 1597745856598 372 17256979400750263014
HIT 3 1597745922134 372 1480583790217185258
HIT 3 1597745987670 372 13201715248466618948
HIT 3 1597746053206 372 814372230129006045
HIT 3 1597746118742 372 8355258077026510211
HIT 3 1597746184278 372 15854829923563353663
HIT 3 1597746249814 372 2509743024452687716
HIT 3 1597746315350 372 11691006097894466714
HIT 3 1597746380886 372 6476858416037481296
HIT 3 1597746446422 372 17502376844706684515
HIT 3 1597746511958 372 10752588789706354761
HIT 3 1597746577494 372 7003342822024628760
HIT 3 1597746643030 372 1836934984785403244
HIT 3 1597746708566 372 6619678170261569392
HIT 3 1597746774102 372 30509519792860715
HIT 3 1597746839638 372 1648510634443069844
HIT 3 1597746905174 372 14947952246847025173
HIT 3 1597746970710 372 8506735582476205067
HIT 3 1597747036246 372 15579766053315414338
HIT 3 1597747101782 372 7076265272860822839
HIT 3 1597747167318 372 2665488015063722996
HIT 3 1597747232854 372 8619116326222324431
HIT 3 1597747298390 372 14152501709626212709
HIT 3 1597747363926 372 116462609889718900
HIT 3 1597747429462 372 9891656752743405235
HIT 3 1597747494998 372 2505534973656964313
HIT 3 1597747560534 372 3181047026510328490
HIT 3 1597747626070 372 17514738283957635621
HIT 3 1597747691606 372 15671201487547617630
HIT 3 1597747757142 372 8608560986300739664
HIT 3 1597747822678 372 3845818424747629982
HIT 3 1597747888214 372 3366753683898097137
HIT 3 1597747953750 372 16802739292339590056
HIT 3 1597748019286 372 2939348892641806444
HIT 3 1597748084822 372 1358490551859648305
HIT 3 1597748150358 372 2286515188250303087
HIT 3 1597748215894 372 5926123190272445426
HIT 3 1597748281430 372 2174307670140420683
HIT 3 1597748346966 372 9519507513779266693
HIT 3 1597748412502 372 1374292312666277868
HIT 3 1597748478038 372 6774932040830471776
HIT 3 1597748543574 372 49942548541114892
HIT 3 1597743104087 372 9173837772409718158
HIT 3 1017922584663 237 4519239154845277118
HIT 3 1597743169623 372 9665615988828508374
HIT 3 1589153300567 370 7276008493857422255
HIT 3 1597743235159 372 8427137774998922983
HIT 3 1602038202455 373 15079341343842506441
HIT 3 1606333169751 374 12544112155757413294
HIT 3 1597743366231 372 1558878372563781270
HIT 3 1597748609110 372 16852630338567766551
HIT 3 1597748674646 372 17167176765165817650
HIT 3 1597748740182 372 4397298173290392844
HIT 3 1597748805718 372 8308152829732696454
HIT 3 1597748871254 372 18267956158862740578
HIT 3 1597748936790 372 8618940015517662776
HIT 3 1597749002326 372 17444619509534986399
HIT 3 1597749067862 372 13252965573743409574
HIT 3 1597749133398 372 9164169659981845166
HIT 3 1597749198934 372 12678712170166693903
HIT 3 1597749264470 372 5715342578438634561
HIT 3 1597749330006 372 12827332715856074293
HIT 3 1597749395542 372 14890807273361852441
HIT 3 1597749461078 372 14322384496787391507
HIT 3 1597749526614 372 2424538505647198923
HIT 3 1597749592150 372 9878666858629116707
HIT 3 1597749657686 372 7149534939966103078
HIT 3 1597749723222 372 10433966343788098541
HIT 3 1597749788758 372 11834300051844976828
HIT 3 1597749854294 372 12464748009666038387
HIT 3 1597749919830 372 10081316485385741882
HIT 3 1597749985366 372 11536574802385404667
HIT 3 1597750050902 372 10369970722258281151
HIT 3 1597750116438 372 18290279224929793314
HIT 3 1597750181974 372 2385632573041417815
HIT 3 1597750247510 372 12325392584759772834
HIT 3 1597750313046 372 12140579965396625208
HIT 3 1597750378582 372 1605043990985212578
HIT 3 1597750444118 372 12127160244979906714
HIT 3 1597750509654 372 16667324827800467004
HIT 3 1597750575190 372 10793459917290625541
HIT 3 1597750640726 372 3182502287111677573
HIT 3 1597750706262 372 13247456824575085313
HIT 3 1597750771798 372 17833018140600217096
HIT 3 1597750837334 372 7045156845630351350
HIT 3 1597750902870 372 2083585529323826533
HIT 3 1597750968406 372 16028278471489296069
HIT 3 1597751033942 372 11420405716164210240
HIT 3 1597751099478 372 2667841703487012986
HIT 3 1597751165014 372 326543040030015111
HIT 3 1597751230550 372 15828443316528929745
HIT 3 1597751296086 372 8137859488336223529
HIT 3 1597751361622 372 2695467601302953820
HIT 3 1597751427158 372 2443376718741795717
HIT 3 1597751492694 372 14657089977696136726
HIT 3 1597751558230 372 14310108694193022076
HIT 3 1597751623766 372 5227685083733653979
HIT 3 1597751689302 372 5815979721557629985
HIT 3 1597751754838 372 15920717656647042087
HIT 3 1597751820374 372 10728319304390342825
HIT 3 1597751885910 372 15017715598473889499
HIT 3 1589162016854 370 3920502459530849943
HIT 3 1597751951446 372 9368635555792942809
HIT 3 1597752016982 372 3920502459530849943
HIT 3 1597752082518 372 12604007050610231748
HIT 3 1597752148054 372 12313300341260312420
HIT 3 1606342082646 374 12604007050610231748
HIT 3 1606342148182 374 3676283207841837024
HIT 3 1610637115478 375 2441873170088757836
HIT 3 1614932082774 376 12946975377143832539
HIT 3 1619227050070 377 11968967600168466007
HIT 3 1623522017366 378 812379730297353107
HIT 3 1627816984662 379 16140119577758959585
HIT 3 1632111951958 380 15475165222741502241
HIT 3 1636406919254 381 12909411050242775173
HIT 3 1640701886550 382 1029384378267382903
HIT 3 1644996853846 383 3203422048288767903
HIT 3 1649291821142 384 2056457932176628602
HIT 3 1653586788438 385 8369043962699471379
HIT 3 1657881755734 386 3209917440697801506
HIT 3 1662176723030 387 17416712816030437703
HIT 3 1666471690326 388 11073850645686004373
HIT 3 1670766657622 389 16566011925311775127
HIT 3 1675061624918 390 15028112617930339178
HIT 3 1679356592214 391 3375951269594605368
HIT 3 1683651559510 392 16048200065402674635
HIT 3 1687946526806 393 10212133817802998776
HIT 3 1692241494102 394 11336197078596489406
HIT 3 1696536461398 395 13147633134750991834
HIT 3 1700831428694 396 16807748842724131666
HIT 3 1705126395990 397 5514831092552303304
HIT 3 1709421363286 398 7101008762342303340
HIT 3 1713716330582 399 8351882201333261337
HIT 3 1718011297878 400 11068064459792145284
HIT 3 1722306265174 401 13616626941773580083
HIT 3 1726601232470 402 15470488839580201572
HIT 3 1730896199766 403 7574230709294992453
HIT 3 1735191167062 404 16166752075078351302
HIT 3 1739486134358 405 12105537076086076743
HIT 3 1743781101654 406 14483787588911130279
HIT 3 1748076068950 407 2268461863231247230
HIT 3 1752371036246 408 7969816663853821057
HIT 3 1756666003542 409 13920080716461045126
HIT 3 1760960970838 410 3773015099874104515
HIT 3 1765255938134 411 1896328467059014406
HIT 3 1769550905430 412 11363279205156389378
HIT 3 1773845872726 413 7867831919226909364
HIT 3 1778140840022 414 13528715461320183372
HIT 3 1782435807318 415 508476448986499022
HIT 3 1786730774614 416 6937820217556818906
HIT 3 1791025741910 417 1260343912114974107
HIT 3 1795320709206 418 15987294872901020216
HIT 3 1799615676502 419 17397078281384272016
HIT 3 1803910643798 420 12122050406454582573
HIT 3 1808205611094 421 14342496983353622163
HIT 3 1812500578390 422 17681297999947553292
HIT 3 1816795545686 423 14919752954330431226
HIT 3 1821090512982 424 11534398644842078778
HIT 3 1825385480278 425 10782440353390315321
HIT 3 1829680447574 426 10970078173793498061
HIT 3 1833975414870 427 6751058967799655182
HIT 3 1838270382166 428 12630503613236730693
HIT 3 1842565349462 429 3311548343342505551
HIT 3 1846860316758 430 13931022808193324597
HIT 3 1851155284054 431 2206936750440521606
HIT 3 1855450251350 432 9207132542884796756
HIT 3 1859745218646 433 7882100058672121172
HIT 3 1864040185942 434 7118248737799546122
HIT 3 1868335153238 435 2205864697765669449
HIT 3 1872630120534 436 9172640229508034484
HIT 3 1876925087830 437 11906104599492824976
HIT 3 1881220055126 438 4739893525345718839
HIT 3 1885515022422 439 13373016448715120582
HIT 3 1889809989718 440 17847121575961876244
HIT 3 1894104957014 441 15171813045498780781
HIT 3 1898399924310 442 6789199920156378862
HIT 3 1902694891606 443 12510490971794148228
HIT 3 1906989858902 444 17845834947113190830
HIT 3 1911284826198 445 16112679293792618874
HIT 3 1915579793494 446 6834822727465024749
HIT 3 1919874760790 447 9551320053711029099
HIT 3 1924169728086 448 15814546364674560955
HIT 3 1928464695382 449 3291381627757133380
HIT 3 1932759662678 450 14151515351077006185
HIT 3 1937054629974 451 112149858379218453
HIT 3 1941349597270 452 11297194976698389175
HIT 3 1945644564566 453 14350638818896326268
HIT 3 1949939531862 454 16668854858699489831
HIT 3 1954234499158 455 6371280041171347691
HIT 3 1958529466454 456 13032443211904827766
HIT 3 1962824433750 457 10903771227776642977
HIT 3 1967119401046 458 16295161186283711887
HIT 3 1971414368342 459 17992943794986633009
HIT 3 1975709335638 460 1138810652892856676
HIT 3 1980004302934 461 9017455908241397463
HIT 3 1984299270230 462 7297998119064450370
HIT 3 1988594237526 463 8845897660916972699
HIT 3 1992889204822 464 15267727922854618466
HIT 3 1997184172118 465 3409418307043317508
HIT 3 2001479139414 466 8741451124880694261
HIT 3 2005774106710 467 5765999503081004885
HIT 3 2010069074006 468 8099746652070401679
HIT 3 2014364041302 469 12960006932502275253
HIT 3 2018659008598 470 5890549925076451177
HIT 3 2022953975894 471 7973970363631935663
HIT 3 2027248943190 472 8645357114308986317
HIT 3 2031543910486 473 12079817431490232185
HIT 3 2035838877782 474 11390966138857235557
HIT 3 2040133845078 475 4774700596710012472
HIT 3 2044428812374 476 15897092703017091197
HIT 3 2048723779670 477 7773420210978844767
HIT 3 2053018746966 478 9464650718647371544
HIT 3 2057313714262 479 465881351331780391
HIT 3 2061608681558 480 18225102909737863427
HIT 3 2065903648854 481 16490949426097223694
HIT 3 2070198616150 482 6281572337325157373
HIT 3 2074493583446 483 12216353970006554732
HIT 3 2078788550742 484 18356487821290924488
HIT 3 2083083518038 485 8224153322144079171
HIT 3 2087378485334 486 12235601501024026667
HIT 3 2091673452630 487 5501052832110849316
HIT 3 2095968419926 488 11072677455163180800
HIT 3 2100263387222 489 2420975600606303555
HIT 3 2104558354518 490 5877173771376915923
HIT 3 2108853321814 491 18150712930483064525
HIT 3 2113148289110 492 6659674342228291806
HIT 3 2117443256406 493 11463104348744611178
HIT 3 2121738223702 494 2765162977590558997
HIT 3 2126033190998 495 12382133314360711147
HIT 3 2130328158294 496 2539234903129201743
HIT 3 2134623125590 497 10713836816038513436
HIT 3 2138918092886 498 4432098000033430653
HIT 3 2143213060182 499 17778641135328311665
HIT 3 2147508027478 500 13308562056393295512
HIT 3 2151802994774 501 1066369327437542683
HIT 3 2156097962070 502 8660401062776580978
HIT 3 2160392929366 503 11315899964614681053
HIT 3 2164687896662 504 18440207241664003452
HIT 3 2168982863958 505 13678432526666301442
HIT 3 2173277831254 506 1180435541041383600
HIT 3 2177572798550 507 8495895442791923533
HIT 3 2181867765846 508 3608927979613547778
HIT 3 2186162733142 509 14749778700854478407
HIT 3 2190457700438 510 16487283201686964015
HIT 3 2194752667734 511 4650904354482351889
HIT 3 1606342213718 374 9916594022305017636
HIT 3 1610637181014 375 11968967600168466007
HIT 3 1614932148310 376 3676283207841837024
HIT 3 1614932279382 376 16576378507196567759
HIT 3 1606342213716 374 2330482809689790874
HIT 3 1606342213719 374 1180712436113171116
HIT 3 1009323212889 235 14144572634447599720
HIT 3 1597733732441 372 10771650163444240683
HIT 3 1597743104088 372 18377081169224719744
HIT 3 1017922584664 237 14144572634447599720
HIT 3 1597743169624 372 10641110076792137033
HIT 3 1589153300568 370 12433419495494583450
HIT 3 1597743235160 372 7553258045152752701
HIT 3 1602038202456 373 15517692586202280584
HIT 3 1606333169752 374 6510483775654158560
HIT 3 1597743366232 372 10440759174772350615
HIT 3 1606342213720 374 10771650163444240683
HIT 3 1597743235161 372 6642117891568013773
HIT 3 1597743235162 372 16049980641060190313
HIT 3 1597743235163 372 2614191646360034077
HIT 3 1597743235164 372 15782282199872249821
HIT 3 1597743235165 372 16676510733608531015
HIT 3 1597743235166 372 1663445752453377305
HIT 3 1597743235167 372 7707574673381116700
HIT 3 1597743235169 372 15600986107890589285
HIT 3 1597743235168 372 15586913814713623350
HIT 3 1597743235170 372 1021314012498225468
HIT 3 1597743235171 372 2066010151302022323
HIT 3 1597743235172 372 3957821053242891123
HIT 3 1597743235173 372 3861020977468564662
HIT 3 1597743235174 372 2970259465692376441
HIT 3 1597743235175 372 18091027053075803633
HIT 3 1597743235176 372 9460306505149063404
HIT 3 1597743235177 372 9161650292700892025
HIT 3 1597743235178 372 15060991252659417433
HIT 3 1597743235179 372 7115399246204023315
HIT 3 1597743235180 372 6884681646782752783
HIT 3 1597743235181 372 12197856194366904838
HIT 3 1597743235182 372 15729842961045209996
HIT 3 1597743235183 372 11997706779613642235
HIT 3 1597743235184 372 12367912725563467193
HIT 3 1597743235185 372 11168044886961479244
HIT 3 1597743235186 372 15606972347086892925
HIT 3 1597743235187 372 1192358976814805410
HIT 3 1597743235188 372 15718437143000627953
HIT 3 1597743235189 372 17369091825947443491
HIT 3 1597743235190 372 15795921221773935136
HIT 3 1597743235191 372 11355624434480004522
HIT 3 1597743235193 372 16120850367549038266
HIT 3 1597743235195 372 5298971307155212513
HIT 3 1597743235194 372 7842091744054547546
HIT 3 1597743235196 372 9816276742511719684
HIT 3 1597743235192 372 7197682618262728284
HIT 3 1597743235197 372 6891865838428887731
HIT 3 1597743235199 372 13209839889069581077
HIT 3 1597743235200 372 9117391912531220278
HIT 3 1597743235198 372 13846000450266273485
HIT 3 1597743235201 372 17128773928136178707
HIT 3 1597743235202 372 1098815236469005000
HIT 3 1597743235203 372 5007424726363728467
HIT 3 1597743235204 372 14765435976670936683
HIT 3 1597743235205 372 5740783159197203891
HIT 3 1597743235206 372 7149933354998200095
HIT 3 1597743235207 372 11412570439719357794
HIT 3 1597743235208 372 4223386375134963481
HIT 3 1597743235209 372 12904369647195831499
HIT 3 1597743235210 372 6708332347885283955
HIT 3 1597743235211 372 7319165943775230263
HIT 3 1597743235212 372 1346987697591524661
HIT 3 1597743235213 372 9824305385356020344
HIT 3 1597743235214 372 3219841161077866847
HIT 3 1597743235216 372 17146856657917325856
HIT 3 1597743235215 372 13535313336880520329
HIT 3 1597743235217 372 1227754075112533069
HIT 3 1597743235218 372 4415768399567263164
HIT 3 1597743235219 372 475004345549308614
HIT 3 1597743235221 372 14850484068729213531
HIT 3 1597743235220 372 540296503579847873
HIT 3 1597743235223 372 17092387084613147183
HIT 3 1597743235222 372 4193581502233101807
HIT 3 1597743235224 372 1282191033837291650
HIT 3 1597743235226 372 7414242257202587396
HIT 3 1597743235225 372 15710512385391223276
HIT 3 1597743235228 372 16083621396989834744
HIT 3 1597743235227 372 5972425304877330290
HIT 3 1597743235229 372 12581588690875740366
HIT 3 1597743235230 372 5508728481624019915
HIT 3 1597743235231 372 5751298596840039698
HIT 3 1597743235232 372 9911357618762208760
HIT 3 1597743235234 372 9221347068480190305
HIT 3 1597743235233 372 15037302211613334750
HIT 3 1597743235235 372 7310443674345686180
HIT 3 1597743235237 372 14627115799924378271
HIT 3 1597743235236 372 10301223533942942452
HIT 3 1597743235238 372 3449320939228377672
HIT 3 1597743235239 372 4234383883952340719
HIT 3 1597743235240 372 18278256700810357772
HIT 3 1597743235242 372 14880428661331230499
HIT 3 1597743235241 372 6927317226177045596
HIT 3 1597743235243 372 14560621366294236399
HIT 3 1597743235244 372 814119589414988716
HIT 3 1597743235246 372 1989851360979942455
HIT 3 1597743235245 372 1302697802389720874
HIT 3 1597743235247 372 17934593651922151472
HIT 3 1597743235248 372 8598327307047540906
HIT 3 1597743235249 372 5178908435770925157
HIT 3 1597743235250 372 10173269503370546199
HIT 3 1597743235251 372 5760236020678136890
HIT 3 1597743235253 372 9076751469449833945
HIT 3 1597743235252 372 11147630502920655893
HIT 3 1597743235254 372 6559030722487673137
HIT 3 1597743235255 372 5248439954649396109
HIT 3 1597743235256 372 8880301377227549581
HIT 3 1597743235257 372 794682915046016560
HIT 3 1597743235258 372 2377078438259665944
HIT 3 1597743235260 372 10692778506972731816
HIT 3 1597743235259 372 11759586789573448374
HIT 3 1597743235261 372 10698177989886174546
HIT 3 1597743235262 372 11743548841697548215
HIT 3 1597743235263 372 4174680655949876154
HIT 3 1597743235264 372 14147747250815539251
HIT 3 1597743235266 372 3390232432309769914
HIT 3 1597743235267 372 7914103861755386106
HIT 3 1597743235265 372 2151637438112821664
HIT 3 1597743235268 372 3817683336242309411
HIT 3 1597743235269 372 15978441762282869887
HIT 3 1597743235270 372 12933798141994542993
HIT 3 1597743235271 372 8577751258035269799
HIT 3 1597743235272 372 9774109635498281762
HIT 3 1597743235273 372 17318314018904373294
HIT 3 1597743235274 372 13262243279907021191
HIT 3 1597743235275 372 4237691705543844519
HIT 3 1597743235277 372 2676896028807740946
HIT 3 1597743235276 372 9630759586601176489
HIT 3 1597743235278 372 8476112471096477137
HIT 3 1597743235280 372 12550623946550014164
HIT 3 1597743235279 372 17268136311132593779
HIT 3 1597743235281 372 1435824738678029687
HIT 3 1597743235282 372 4439510432442352055
HIT 3 1597743235283 372 13419706741064899651
HIT 3 1597743235284 372 14713757562502796763
HIT 3 1597743235285 372 4295503863752801731
HIT 3 1597743235286 372 7352245147302973566
HIT 3 1597743235287 372 14032227262142755681
HIT 3 1597743235288 372 12881089438239330040
HIT 3 1597743235289 372 18046803009828573033
HIT 3 1597743235290 372 14864783385056507689
HIT 3 1597743235291 372 13173954521600936715
HIT 3 1597743235292 372 16732948559616880369
HIT 3 1597743235293 372 16322339654925412607
HIT 3 1597743235294 372 3744285294116348252
HIT 3 1597743235296 372 2621472974493016557
HIT 3 1597743235295 372 1681047370442147593
HIT 3 1597743235298 372 11597010283563611791
HIT 3 1597743235297 372 8754491512736903560
HIT 3 1597743235299 372 2424072276628866010
HIT 3 1597743235300 372 4265094045154771705
HIT 3 1597743235301 372 5460382661108650731
HIT 3 1597743235302 372 1663995085885801551
HIT 3 1597743104231 372 1663995085885801551
HIT 3 1597743235303 372 871636006077547352
HIT 3 1597743235304 372 7150421657837254370
HIT 3 1597743366376 372 12241102712345288745
HIT 3 1597743235305 372 12241102712345288745
HIT 3 1026512650474 239 11576121995024407575
HIT 3 1597743300842 372 4840294840853780451
HIT 3 1589153431786 370 8226121552410447825
HIT 3 1597743366378 372 11383902130262251383
HIT 3 1602038333674 373 15557558144039860325
HIT 3 1606333300970 374 16184750394405220708
HIT 3 1597743300843 372 4615568633962109993
HIT 3 1597743366379 372 6499586501275062314
HIT 3 1597743497450 372 6499586501275062314
HIT 3 1597743431915 372 4840294840853780451
HIT 3 1597743497451 372 17972857360258704986
HIT 3 1597743562987 372 18977577081650530
HIT 3 1597743628523 372 7938015574176608461
HIT 3 1597743694059 372 15525903462011917755
HIT 3 1597743759595 372 4557278850248788082
HIT 3 1597743825131 372 15776148175822796052
HIT 3 1597743890667 372 16415730661038387999
HIT 3 1597743956203 372 2003206175156279235
HIT 3 1597744021739 372 3778643500289697984
HIT 3 1597744087275 372 7637435462426384710
HIT 3 1597744152811 372 7361717797304474324
HIT 3 1597744218347 372 9702976443057955850
HIT 3 1597744283883 372 4340954791064516132
HIT 3 1597744349419 372 4966372773285520221
HIT 3 1597744414955 372 7550093034512826178
HIT 3 1597744480491 372 9838273224316856447
HIT 3 1597744546027 372 1171026982449675259
HIT 3 1597744611563 372 730847668915937936
HIT 3 1597744677099 372 5473122327176732872
HIT 3 1597744742635 372 1228422600124884553
HIT 3 1597744808171 372 17592117943349853597
HIT 3 1597744873707 372 15100024101285524665
HIT 3 1597744939243 372 2110764266571204817
HIT 3 1597745004779 372 16438000637671537234
HIT 3 1597745070315 372 4165501748082109355
HIT 3 1597745135851 372 6317008277176530767
HIT 3 1597745201387 372 3047532754691638153
HIT 3 1597745266923 372 7197260772539999841
HIT 3 1597745332459 372 14110565519252846707
HIT 3 1597745397995 372 13719687927055469102
HIT 3 1597745463531 372 15836373829832261230
HIT 3 1597745529067 372 16503076415837014665
HIT 3 1597745594603 372 713782380486396258
HIT 3 1597745660139 372 5302517274754635195
HIT 3 1597745725675 372 2106471042987926431
HIT 3 1597745791211 372 15552706806313291241
HIT 3 1597745856747 372 13340311279901283665
HIT 3 1597745922283 372 712520269313265740
HIT 3 1597745987819 372 13075354354936180275
HIT 3 1597746053355 372 289091169794939975
HIT 3 1597746118891 372 7464278074870808872
HIT 3 1597746184427 372 5346413964908345476
HIT 3 1597746249963 372 16786576950997355318
HIT 3 1597746315499 372 7855622370682076557
HIT 3 1597746381035 372 11519669212624672233
HIT 3 1597746446571 372 18051162706232122662
HIT 3 1597746512107 372 16897712461657924249
HIT 3 1597746577643 372 16495231442443554004
HIT 3 1597746643179 372 9427522105822546357
HIT 3 1597746708715 372 11919489825378035606
HIT 3 1597746774251 372 1050445407329610184
HIT 3 1597746839787 372 1830026589997553401
HIT 3 1597746905323 372 751092117568249749
HIT 3 1597746970859 372 11281228156088599873
HIT 3 1597747036395 372 1303811405334180311
HIT 3 1597747101931 372 11046758101782460447
HIT 3 1597747167467 372 14229698984218103309
HIT 3 1597747233003 372 3333963970329942034
HIT 3 1597747298539 372 1283741163552213903
HIT 3 1597747364075 372 18436595348839541602
HIT 3 1597747429611 372 9048608146027174116
HIT 3 1597747495147 372 13994350614651374449
HIT 3 1597747560683 372 5537176757004855351
HIT 3 1597747626219 372 8254956475010216613
HIT 3 1597747691755 372 2163416466171180390
HIT 3 1597747757291 372 10838393680719841006
HIT 3 1597747822827 372 15900736616626182380
HIT 3 1597747888363 372 7512379312115564204
HIT 3 1597747953899 372 1655697438810533101
HIT 3 1597748019435 372 14679565102421397325
HIT 3 1597748084971 372 8274495777530299282
HIT 3 1597748150507 372 869601554258404386
HIT 3 1597748216043 372 13710140948527083991
HIT 3 1597748281579 372 9138103580876709749
HIT 3 1597748347115 372 11153358368240120683
HIT 3 1597748412651 372 2958533914154435070
HIT 3 1597748478187 372 16942486914670445961
HIT 3 1597748543723 372 18222687136685069238
HIT 3 1597748609259 372 3157319065773668240
HIT 3 1597748674795 372 16974958453514577358
HIT 3 1597748740331 372 11071583044357355224
HIT 3 1597748805867 372 2730261535153582956
HIT 3 1597748871403 372 33282547656141896
HIT 3 1597748936939 372 7777555653479080551
HIT 3 1597749002475 372 3127286334975917083
HIT 3 1597749068011 372 17883138444103788477
HIT 3 1597749133547 372 16301604858863816033
HIT 3 1597749199083 372 7981823187236214665
HIT 3 1597749264619 372 6054467401873133139
HIT 3 1597749330155 372 1558345482690718641
HIT 3 1597749395691 372 1456798375285448887
HIT 3 1597749461227 372 12871666642538813956
HIT 3 1597749526763 372 2479006494833315944
HIT 3 1597749592299 372 9060048975413753181
HIT 3 1597749657835 372 15733897933048905147
HIT 3 1597749723371 372 9050825566413942780
HIT 3 1606342213866 374 4615568633962109993
HIT 3 1597749788907 372 5910390051857551461
HIT 3 1597749854443 372 4606712281539102052
HIT 3 1597749919979 372 6983076239349404614
HIT 3 1597749985515 372 16441509128508462567
HIT 3 1597750051051 372 12337871683011998513
HIT 3 1597750116587 372 50833526432960878
HIT 3 1597750182123 372 964019626342995477
HIT 3 1597750247659 372 817890979433084753
HIT 3 1597750313195 372 18022311046574740043
HIT 3 1597750378731 372 12787626027323783351
HIT 3 1597750444267 372 6236701963079640217
HIT 3 1597750509803 372 1382529820483904865
HIT 3 1597750575339 372 2600075258503861016
HIT 3 1597750640875 372 5217446876200262550
HIT 3 1597750706411 372 9439093564861466921
HIT 3 1597750771947 372 14597068502174188720
HIT 3 1597750837483 372 10355535033458661429
HIT 3 1597750903019 372 16063728992950230498
HIT 3 1597750968555 372 17298518493760774173
HIT 3 1597751034091 372 17582691956330130953
HIT 3 1597751099627 372 1930070695762798758
HIT 3 1597751165163 372 9330226239727672712
HIT 3 1597751230699 372 17607130253303007396
HIT 3 1597751296235 372 12215170322921598540
HIT 3 1597751361771 372 17233967919413421301
HIT 3 1597751427307 372 11336341134341204249
HIT 3 1597751492843 372 399177808070553774
HIT 3 1597751558379 372 9298363721396754488
HIT 3 1597751623915 372 5239829347612647069
HIT 3 1597751689451 372 11357822655546617184
HIT 3 1597751754987 372 6894088252673413054
HIT 3 1597751820523 372 7285115975217501264
HIT 3 1597751886059 372 8376920045162389299
HIT 3 1589162017003 370 18036391343782236298
HIT 3 1597751951595 372 3929743907180554212
HIT 3 1597752017131 372 18036391343782236298
HIT 3 1597752082667 372 17032160726506893669
HIT 3 1597752148203 372 8226121552410447825
HIT 3 1606342082795 374 17032160726506893669
HIT 3 1606342148331 374 1270831798312268535
HIT 3 1610637115627 375 15557558144039860325
HIT 3 1614932082923 376 13425135671572127533
HIT 3 1619227050219 377 17223038645186380366
HIT 3 1623522017515 378 4159494098097581826
HIT 3 1627816984811 379 1147975090089497273
HIT 3 1632111952107 380 5084490428235913944
HIT 3 1636406919403 381 9936582470528581011
HIT 3 1640701886699 382 8840662774361733832
HIT 3 1644996853995 383 10056856181912382568
HIT 3 1649291821291 384 14701488549436809024
HIT 3 1653586788587 385 13444542916877679312
HIT 3 1657881755883 386 9012327592566797092
HIT 3 1662176723179 387 9470649474088685418
HIT 3 1666471690475 388 5280975028059983950
HIT 3 1670766657771 389 2646285110427618909
HIT 3 1675061625067 390 6777062519937808603
HIT 3 1679356592363 391 13175542520280496064
HIT 3 1683651559659 392 6187289661550703147
HIT 3 1687946526955 393 16792635422240960043
HIT 3 1692241494251 394 14065912647299457107
HIT 3 1696536461547 395 104015929956297704
HIT 3 1700831428843 396 2287775750664751963
HIT 3 1705126396139 397 3173765451731514357
HIT 3 1709421363435 398 8116618001084512909
HIT 3 1713716330731 399 4743431203365414213
HIT 3 1718011298027 400 10715450345816204573
HIT 3 1722306265323 401 10408426189937307220
HIT 3 1726601232619 402 179304900023169592
HIT 3 1730896199915 403 17630078474492678697
HIT 3 1735191167211 404 15919169297428546120
HIT 3 1739486134507 405 9673112240691183272
HIT 3 1743781101803 406 3884967301881589291
HIT 3 1748076069099 407 439084169165003928
HIT 3 1752371036395 408 5103039390589205661
HIT 3 1756666003691 409 12851471832525165623
HIT 3 1760960970987 410 18354735062099061402
HIT 3 1765255938283 411 11730910287445821160
HIT 3 1769550905579 412 1923156719883209692
HIT 3 1773845872875 413 8555382330101923820
HIT 3 1778140840171 414 9532894593084368688
HIT 3 1782435807467 415 11039760096592810518
HIT 3 1786730774763 416 6802990247371237607
HIT 3 1791025742059 417 5211389646675810635
HIT 3 1795320709355 418 10838764377942834711
HIT 3 1799615676651 419 7185701622479838768
HIT 3 1803910643947 420 685493810513541749
HIT 3 1808205611243 421 17203694429997074128
HIT 3 1812500578539 422 9840397388807710681
HIT 3 1816795545835 423 7718561739762530964
HIT 3 1821090513131 424 17854510073828508531
HIT 3 1825385480427 425 3299786504391627058
HIT 3 1829680447723 426 14147873204174815543
HIT 3 1833975415019 427 2570012299345444551
HIT 3 1838270382315 428 11590874276147689228
HIT 3 1842565349611 429 11128050133896931880
HIT 3 1846860316907 430 13291668447150403865
HIT 3 1851155284203 431 13112638596170961242
HIT 3 1855450251499 432 16521174697407008625
HIT 3 1859745218795 433 7843323788181432192
HIT 3 1864040186091 434 13878452087133579516
HIT 3 1868335153387 435 4750514886991060768
HIT 3 1872630120683 436 1904210819638993959
HIT 3 1876925087979 437 17805669266549973272
HIT 3 1881220055275 438 6896114070628705438
HIT 3 1885515022571 439 5299086183311168918
HIT 3 1889809989867 440 10457390556901063077
HIT 3 1894104957163 441 13670082217024862229
HIT 3 1898399924459 442 3083593850997957695
HIT 3 1902694891755 443 15314840223478323322
HIT 3 1906989859051 444 2178700980532025804
HIT 3 1911284826347 445 2157513535974638657
HIT 3 1915579793643 446 13213087740541348003
HIT 3 1919874760939 447 13747269458824715310
HIT 3 1924169728235 448 14348690418506201543
HIT 3 1928464695531 449 15354423247687107182
HIT 3 1932759662827 450 8984469776557735300
HIT 3 1937054630123 451 5381878986627056329
HIT 3 1941349597419 452 12241443928353394458
HIT 3 1945644564715 453 8036489203133530899
HIT 3 1949939532011 454 16195434681714635718
HIT 3 1954234499307 455 118897469830509399
HIT 3 1958529466603 456 13683125360334222034
HIT 3 1962824433899 457 997200354853990873
HIT 3 1967119401195 458 16840856316345426309
HIT 3 1971414368491 459 8929412594462298291
HIT 3 1975709335787 460 16194928721677081313
HIT 3 1980004303083 461 12849875089347913266
HIT 3 1984299270379 462 17979451231210445735
HIT 3 1988594237675 463 16267287574760013550
HIT 3 1992889204971 464 10529704601830878455
HIT 3 1997184172267 465 7839323766840174589
HIT 3 2001479139563 466 5550473304650698099
HIT 3 2005774106859 467 15234147423038787402
HIT 3 2010069074155 468 4723467679022209370
HIT 3 2014364041451 469 12346126725380238534
HIT 3 2018659008747 470 8527933998121435161
HIT 3 2022953976043 471 8254809644334354718
HIT 3 2027248943339 472 6010135668359323529
HIT 3 2031543910635 473 740759412391795913
HIT 3 2035838877931 474 3987369771858254750
HIT 3 2040133845227 475 9599513065665439405
HIT 3 2044428812523 476 9991629157346809996
HIT 3 2048723779819 477 9553822900210695889
HIT 3 2053018747115 478 13078346963892400149
HIT 3 2057313714411 479 17880605385086759004
HIT 3 2061608681707 480 18095733518333386024
HIT 3 2065903649003 481 11685976949650791052
HIT 3 2070198616299 482 9701587741287515992
HIT 3 2074493583595 483 6009024502175832007
HIT 3 2078788550891 484 18084085379532416669
HIT 3 2083083518187 485 3333156656252123716
HIT 3 2087378485483 486 17507528000937841359
HIT 3 2091673452779 487 3596461034225856687
HIT 3 2095968420075 488 7182602594022006408
HIT 3 2100263387371 489 10202544231797568935
HIT 3 2104558354667 490 6541237463528472673
HIT 3 2108853321963 491 7480394217847166346
HIT 3 2113148289259 492 9129401743247393308
HIT 3 2117443256555 493 12250809671816535379
HIT 3 2121738223851 494 2273167019457505260
HIT 3 2126033191147 495 846281400465232558
HIT 3 2130328158443 496 5339959985499782430
HIT 3 2134623125739 497 10856192835628419074
HIT 3 2138918093035 498 16744307309173726063
HIT 3 2143213060331 499 17544326887707383598
HIT 3 2147508027627 500 2802121646247623048
HIT 3 2151802994923 501 13248681603462443620
HIT 3 2156097962219 502 5109351975270998380
HIT 3 2160392929515 503 289353262901013388
HIT 3 2164687896811 504 10375295693660352263
HIT 3 2168982864107 505 724087521621505435
HIT 3 2173277831403 506 15919333054065567261
HIT 3 2177572798699 507 4896456348830668418
HIT 3 2181867765995 508 14194155698922200823
HIT 3 2186162733291 509 17636996407706064533
HIT 3 2190457700587 510 14704834496564616128
HIT 3 2194752667883 511 9986019858896602217
HIT 3 1606342213867 374 11383902130262251383
HIT 3 1610637181163 375 17223038645186380366
HIT 3 1614932148459 376 1270831798312268535
HIT 3 1614932279531 376 16184750394405220708
HIT 3 1606342213865 374 7150421657837254370
HIT 3 1597743497452 372 18296960794918073715
HIT 3 1606342213869 374 18296960794918073715
HIT 3 1614932279669 376 4681480247356840520
DONE data/p_ones.txt sz=3 range=[0,512) n=22108160 zero=0 19.8s
