HIT 1 36 36 2826339648297986343
HIT 1 221 221 5056066292739250664
HIT 1 242 242 13403183273361289976
HIT 1 432 432 442357346874038570
HIT 1 469 469 3255817942275233758
DONE data/p_p2p256p1.txt sz=1 range=[0,512) n=512 zero=0 0.0s
HIT 2 14483490 221 6567605736662963357
HIT 2 15859746 242 16741201965787936020
HIT 2 28311586 432 18236558476495025027
HIT 2 30736418 469 12979194889219461287
HIT 2 14483494 221 286764730770281618
HIT 2 15859750 242 2623586949282070964
HIT 2 28311590 432 6318392741187497469
HIT 2 30736422 469 8483920375508522793
HIT 2 14352420 219 10083429368251746942
HIT 2 14417956 220 7644449697203300495
HIT 2 14483492 221 5005439709003245954
HIT 2 14614564 223 15158770422832968651
HIT 2 15728676 240 5883274955207634069
HIT 2 15859748 242 7701281164232938971
HIT 2 15925284 243 6821445760106786107
HIT 2 15990820 244 14028909342038812679
HIT 2 28180516 430 1777406166268303874
HIT 2 28311588 432 18012608341781054477
HIT 2 28377124 433 17763494912090462889
HIT 2 28442660 434 9443900124121132620
HIT 2 30605348 467 3640402520737845683
HIT 2 30670884 468 16459441101930475455
HIT 2 30736420 469 4402348496249342116
HIT 2 30867492 471 2831360886961581978
HIT 2 2490405 38 2826339648297986343
HIT 2 14483493 221 3055771849749724642
HIT 2 15859749 242 5413483398995533046
HIT 2 28311589 432 930552338419451341
HIT 2 30736421 469 8839942681667691840
HIT 2 15859931 242 1490360033611388295
HIT 2 28311771 432 4893814136652396514
HIT 2 14614748 223 5056066292739250664
HIT 2 30736603 469 52704784781100929
HIT 2 15859932 242 17856150544177261244
HIT 2 15728861 240 17039386911489921119
HIT 2 15859933 242 6457184403374367042
HIT 2 15925469 243 6505675418353767601
HIT 2 15991005 244 1960925797578214089
HIT 2 28311772 432 3029451822655877838
HIT 2 28180701 430 9352275208253058762
HIT 2 28311773 432 10058795041919807416
HIT 2 28377309 433 10571117468354268894
HIT 2 28442845 434 44302491450974147
HIT 2 30736604 469 4121356736773591692
HIT 2 30605533 467 8582752929850296905
HIT 2 30671069 468 849572502239618088
HIT 2 30736605 469 2736951093572879849
HIT 2 30867677 471 10364195701496509289
HIT 2 15859935 242 7715077848345483814
HIT 2 28311775 432 11501163273064999038
HIT 2 30736607 469 12998675276552117478
HIT 2 28311792 432 9620823447503131458
HIT 2 30736624 469 14279230609718461089
HIT 2 28180722 430 4617251536633741713
HIT 2 28311794 432 955947781924919287
HIT 2 28377330 433 11198833947133317888
HIT 2 28442866 434 7067028514599797524
HIT 2 30605554 467 7284888289518710389
HIT 2 30671090 468 7623030561564662353
HIT 2 30736626 469 3285378775788365282
HIT 2 30867698 471 14187530989782977378
HIT 2 15991027 244 13403183273361289976
HIT 2 28311795 432 8016391107549247008
HIT 2 30736627 469 17910722057865345157
HIT 2 28311796 432 14959585121847537740
HIT 2 30736628 469 12573242861674981684
HIT 2 30736814 469 12440597453384617274
HIT 2 30605744 467 6139183419486202925
HIT 2 30671280 468 9990018198869415623
HIT 2 30736816 469 16827115395658411473
HIT 2 30867888 471 16813633374220147785
HIT 2 28443057 434 442357346874038570
HIT 2 30736817 469 2879691465451256613
HIT 2 30736818 469 3537252384753850971
HIT 2 30867924 471 3255817942275233758
DONE data/p_p2p256p1.txt sz=2 range=[0,512) n=130560 zero=0 0.3s
HIT 3 949190131714 221 9909988648893483008
HIT 3 1039384444930 242 14209609145367890687
HIT 3 1855428231170 432 1457249311110198433
HIT 3 2014342021122 469 9108146469207012343
HIT 3 949190131712 221 14340261089746638337
HIT 3 1039384444928 242 13030920807079971923
HIT 3 1855428231168 432 8976822666859760722
HIT 3 2014342021120 469 14418648578347823166
HIT 3 949190131713 221 11766903647505931648
HIT 3 1039384444929 242 7803813527504211197
HIT 3 1855428231169 432 14428285268295481434
HIT 3 2014342021121 469 10803991292613753335
HIT 3 949190131715 221 15767194854043636047
HIT 3 1039384444931 242 11380727399370929581
HIT 3 1855428231171 432 331572556978703768
HIT 3 2014342021123 469 11044581417611293954
HIT 3 1039396569088 242 16645109953019336972
HIT 3 1855440355328 432 45983189138114253
HIT 3 2014354145280 469 2054169564069723647
HIT 3 1855441731584 432 5414044817732272811
HIT 3 2014355521536 469 6507814683552177241
HIT 3 1039396569090 242 2497584822794597627
HIT 3 1855440355330 432 2321375511215896292
HIT 3 2014354145282 469 2949941678501223007
HIT 3 1039396569089 242 16197924178938926091
HIT 3 1855440355329 432 6166605162982704675
HIT 3 2014354145281 469 1527879627683231798
HIT 3 1855441731586 432 8621287646957869512
HIT 3 2014355521538 469 10012542940085009203
HIT 3 1855441731585 432 17538467589713513199
HIT 3 2014355521537 469 16757213018067971122
HIT 3 1039396569091 242 3614799308515799991
HIT 3 1855440355331 432 1005754451954715424
HIT 3 2014354145283 469 8897878642050684304
HIT 3 2014367973376 469 16183937467320089016
HIT 3 1855441731587 432 16143853147792183932
HIT 3 2014355521539 469 14704279444454602358
HIT 3 2014367973378 469 13175596232739779144
HIT 3 949190131716 221 13683592863855492083
HIT 3 1039384444932 242 2619376344568674940
HIT 3 1855428231172 432 16500468847896579954
HIT 3 2014342021124 469 16571666274701146583
HIT 3 2014367973377 469 5895880398491348619
HIT 3 949190131717 221 11888878922076119477
HIT 3 1039384444933 242 8132656381133650160
HIT 3 1855428231173 432 6030339520240492041
HIT 3 2014342021125 469 600046852364994561
HIT 3 2014367973379 469 7150284812871936329
HIT 3 949190131718 221 6820474156213672773
HIT 3 1039384444934 242 13386398765899255388
HIT 3 1855428231174 432 14753473315796248653
HIT 3 2014342021126 469 1952992124333118700
HIT 3 949190131719 221 11577528311980374386
HIT 3 1039384444935 242 12008982647611990090
HIT 3 1855428231175 432 721232350723563047
HIT 3 2014342021127 469 1761609351782382967
HIT 3 1039396569092 242 8738082189823703920
HIT 3 1855440355332 432 10003416511486869282
HIT 3 2014354145284 469 216807054547809381
HIT 3 1039396569093 242 4553539721959930221
HIT 3 1855440355333 432 7125119435554204658
HIT 3 2014354145285 469 4827149018748335400
HIT 3 1855441731589 432 16977770042206131777
HIT 3 2014355521541 469 14076173577863196471
HIT 3 1855441731588 432 13650524957928416534
HIT 3 2014355521540 469 2234607094415614194
HIT 3 2014367973381 469 5019984550255362119
HIT 3 949190131720 221 9051128510584514582
HIT 3 1039384444936 242 210588335033624329
HIT 3 1855428231176 432 15863481981253144504
HIT 3 2014342021128 469 1043522392031519075
HIT 3 1039396569094 242 8147898167924980711
HIT 3 1855440355334 432 8185013255782377646
HIT 3 2014354145286 469 7802627267260549058
HIT 3 1855441731590 432 12281473937245830798
HIT 3 2014355521542 469 15286483563371134522
HIT 3 2014367973380 469 10047775988207065663
HIT 3 1039396569096 242 15174870735246137012
HIT 3 1855440355336 432 17436787040837030860
HIT 3 2014354145288 469 5851404005798106255
HIT 3 1855441731592 432 15690206374133019757
HIT 3 2014355521544 469 6684489428699720897
HIT 3 1039396569095 242 3654003375767844193
HIT 3 1855440355335 432 9854366937046890206
HIT 3 2014354145287 469 13214565467034767376
HIT 3 2014367973382 469 1676794646956944251
HIT 3 949190131721 221 14888011390946926837
HIT 3 1039384444937 242 1997173635505091104
HIT 3 1855428231177 432 12426533922921255729
HIT 3 2014342021129 469 4780975761866959485
HIT 3 1855441731591 432 14040013424031653489
HIT 3 2014355521543 469 5327571205399090453
HIT 3 949190131722 221 9290114205630693877
HIT 3 1039384444938 242 16739644399762807863
HIT 3 1855428231178 432 9123667008376200327
HIT 3 2014342021130 469 10759627859973707492
HIT 3 2014367973384 469 6639074649325335193
HIT 3 2014367973383 469 28696729810398460
HIT 3 949190131723 221 8995746653325770250
HIT 3 1039384444939 242 18390223121231190285
HIT 3 1855428231179 432 15102475857408958591
HIT 3 2014342021131 469 10590875971911490944
HIT 3 949190131724 221 5765910616341079833
HIT 3 1039384444940 242 14834603052123567521
HIT 3 1855428231180 432 5784757531407868022
HIT 3 2014342021132 469 17037781223104311575
HIT 3 1039396569098 242 6425578808508204838
HIT 3 1855440355338 432 47961632241485564
HIT 3 2014354145290 469 12468486489121468378
HIT 3 1855441731594 432 11446959997198970377
HIT 3 2014355521546 469 17932475282140759432
HIT 3 1039396569097 242 6799749205714095550
HIT 3 1855440355337 432 10605732959493217298
HIT 3 2014354145289 469 12918577971744456934
HIT 3 1039396569099 242 16563927352398082698
HIT 3 1855440355339 432 5671164045222872516
HIT 3 2014354145291 469 9013023039512382785
HIT 3 1855441731593 432 10501712782555183717
HIT 3 2014355521545 469 13620613945049767301
HIT 3 1855441731595 432 962577926821534680
HIT 3 2014355521547 469 15470412877351842420
HIT 3 1039396569100 242 10027345349527605443
HIT 3 1855440355340 432 2251183482216795901
HIT 3 2014354145292 469 3916171579781985734
HIT 3 1855441731596 432 12313760804242441731
HIT 3 2014355521548 469 3511500586644137148
HIT 3 2014367973386 469 16881369832194728799
HIT 3 2014367973387 469 15758693789795229260
HIT 3 949190131725 221 3257375571607655427
HIT 3 1039384444941 242 3524633399384837027
HIT 3 1855428231181 432 4951113429801517299
HIT 3 2014342021133 469 13639228121596207607
HIT 3 2014367973385 469 902623512850661733
HIT 3 2014367973388 469 2517979181470412156
HIT 3 949190131726 221 13068896912121521367
HIT 3 1039384444942 242 15619551182285680447
HIT 3 1855428231182 432 6232813867813717127
HIT 3 2014342021134 469 16522103941770924622
HIT 3 949190131727 221 12065295715016246816
HIT 3 1039384444943 242 1487068967466974131
HIT 3 1855428231183 432 534636521712366067
HIT 3 2014342021135 469 16068088041646727030
HIT 3 949190131728 221 4437758310926403448
HIT 3 1039384444944 242 3229083492988272168
HIT 3 1855428231184 432 4797022315567426733
HIT 3 2014342021136 469 17107147660363412855
HIT 3 1039396569101 242 14566624279713589603
HIT 3 1855440355341 432 6310943904003096806
HIT 3 2014354145293 469 3668457749987948854
HIT 3 1855441731597 432 6647806230279969962
HIT 3 2014355521549 469 14379713053982670935
HIT 3 1039396569103 242 5923669464494152664
HIT 3 1855440355343 432 16313429026929711235
HIT 3 2014354145295 469 5184446397045938185
HIT 3 1039396569102 242 11903698668360168675
HIT 3 1855440355342 432 18099148449126689890
HIT 3 2014354145294 469 13160884847633182157
HIT 3 1855441731599 432 6364581265003885935
HIT 3 2014355521551 469 10990360580871258451
HIT 3 1855441731598 432 10578018935174364363
HIT 3 2014355521550 469 2775763996714503597
HIT 3 2014367973389 469 2486127050057194455
HIT 3 1039396569104 242 1740674343995576708
HIT 3 1855440355344 432 16487712186264803402
HIT 3 2014354145296 469 15489456680307022955
HIT 3 1855441731600 432 14580047508236016047
HIT 3 2014355521552 469 372751352117254849
HIT 3 949190131729 221 18333316048596613183
HIT 3 1039384444945 242 11330739626786213279
HIT 3 1855428231185 432 11742627704771377893
HIT 3 2014342021137 469 17312542179760943210
HIT 3 2014367973391 469 4349402408533120991
HIT 3 949190131730 221 6292560804393786759
HIT 3 1039384444946 242 15142126516593508750
HIT 3 1855428231186 432 10681744637123587085
HIT 3 2014342021138 469 17395198628101655414
HIT 3 2014367973390 469 12023288017346904902
HIT 3 949190131731 221 13430024878695367083
HIT 3 1039384444947 242 9060061515040923372
HIT 3 1855428231187 432 13633206795217351269
HIT 3 2014342021139 469 16826949341708647618
HIT 3 2014367973392 469 11246702224620541859
HIT 3 949190131732 221 18343540298919184107
HIT 3 1039384444948 242 11880911242737647487
HIT 3 1855428231188 432 13886913928393852682
HIT 3 2014342021140 469 5567805193619525582
HIT 3 1039396569105 242 9248381142511769231
HIT 3 1855440355345 432 5408108538738258761
HIT 3 2014354145297 469 4903726407883974940
HIT 3 1855441731601 432 6900404841122395471
HIT 3 2014355521553 469 8351485793676521508
HIT 3 1039396569106 242 3386692116559348808
HIT 3 1855440355346 432 3861270327459455046
HIT 3 2014354145298 469 12061213983364064495
HIT 3 1855441731602 432 17795658167917963691
HIT 3 2014355521554 469 12617947519151639538
HIT 3 1039396569107 242 956128488750368270
HIT 3 1855440355347 432 8718344819490190921
HIT 3 2014354145299 469 11047278818148706425
HIT 3 2014367973393 469 975345269814391449
HIT 3 1855441731603 432 10624302278879999068
HIT 3 2014355521555 469 2450189546149285021
HIT 3 1039396569108 242 7951046546621961445
HIT 3 1855440355348 432 14666026519571146763
HIT 3 2014354145300 469 14952772725623401750
HIT 3 1855441731604 432 887136362748345138
HIT 3 2014355521556 469 9946780026245809633
HIT 3 949190131733 221 15267191342080476547
HIT 3 1039384444949 242 8590286193314336301
HIT 3 1855428231189 432 9760485152234017430
HIT 3 2014342021141 469 6372945328610623909
HIT 3 2014367973394 469 10012685155628411085
HIT 3 949190131734 221 8100469714706133743
HIT 3 1039384444950 242 10487249439928945102
HIT 3 1855428231190 432 10194608749726424019
HIT 3 2014342021142 469 16915096591274724184
HIT 3 2014367973395 469 9034594096525266105
HIT 3 2014367973396 469 1492822302373775089
HIT 3 949190131735 221 11460919278834694737
HIT 3 1039384444951 242 5965527207030937409
HIT 3 1855428231191 432 17854864245438407976
HIT 3 2014342021143 469 14326743093265888970
HIT 3 949190131736 221 9257126861986065308
HIT 3 1039384444952 242 1034541115772385323
HIT 3 1855428231192 432 7890464749216751699
HIT 3 2014342021144 469 10006965937246339365
HIT 3 1039396569109 242 6261634871463364563
HIT 3 1855440355349 432 6869621958074210533
HIT 3 2014354145301 469 6881371348932033095
HIT 3 1855441731605 432 12117374420027645971
HIT 3 2014355521557 469 7974694882465266639
HIT 3 1039396569110 242 12775592978071886326
HIT 3 1855440355350 432 13002092632123413357
HIT 3 2014354145302 469 3611417421339500311
HIT 3 1855441731606 432 8530363157732664893
HIT 3 2014355521558 469 2765271454652255999
HIT 3 1039396569111 242 11680972228443267916
HIT 3 1855440355351 432 10439017152158644353
HIT 3 2014354145303 469 8142893611232812388
HIT 3 1039396569112 242 13076814141904252963
HIT 3 1855441731607 432 5635090024602387191
HIT 3 2014355521559 469 1548581856115903054
HIT 3 1855440355352 432 14176697948555292213
HIT 3 2014354145304 469 14269555597753329064
HIT 3 2014367973397 469 4672455559184516565
HIT 3 1855441731608 432 4286191060190698564
HIT 3 2014355521560 469 9997183412297800636
HIT 3 949190131737 221 17793802962832712833
HIT 3 1039384444953 242 17273407589838989463
HIT 3 1855428231193 432 11691823880601705048
HIT 3 2014342021145 469 16735345623101356739
HIT 3 2014367973398 469 1079270265070654157
HIT 3 949190131738 221 1953621148019526154
HIT 3 1039384444954 242 16469701704017808802
HIT 3 1855428231194 432 14212575736904617215
HIT 3 2014342021146 469 6479189055136036465
HIT 3 2014367973399 469 13702637757517226669
HIT 3 2014367973400 469 10884345473819358650
HIT 3 949190131739 221 3031313782568205791
HIT 3 1039384444955 242 2832456656945960588
HIT 3 1855428231195 432 12688476856346644589
HIT 3 2014342021147 469 6534091978749817933
HIT 3 949190131740 221 12224283346689031066
HIT 3 1039384444956 242 7806623181343369274
HIT 3 1855428231196 432 12762093954106199914
HIT 3 2014342021148 469 11211666078059505212
HIT 3 1039396569114 242 11582043273500558623
HIT 3 1855440355354 432 14547446630974360768
HIT 3 2014354145306 469 10954953328703566355
HIT 3 1855441731610 432 2594072569005594362
HIT 3 2014355521562 469 1056546233169674908
HIT 3 1039396569113 242 17164100100164121787
HIT 3 1855440355353 432 7745714839014819281
HIT 3 2014354145305 469 13695681421787014608
HIT 3 1855441731609 432 189997387650398370
HIT 3 2014355521561 469 15345096736320967950
HIT 3 2014367973402 469 4081316005676886297
HIT 3 949190131741 221 2231087112733837844
HIT 3 1039384444957 242 14157794140971870850
HIT 3 1855428231197 432 9145184183740904803
HIT 3 2014342021149 469 7883230675758228490
HIT 3 1039396569115 242 15648267141512633561
HIT 3 1855440355355 432 631636282806903024
HIT 3 2014354145307 469 10658751534022762876
HIT 3 1855441731611 432 17701564177706578045
HIT 3 2014355521563 469 7057659235137837561
HIT 3 1039396569116 242 5506698446599000650
HIT 3 1855440355356 432 14357529650122754205
HIT 3 2014354145308 469 15081027335026470808
HIT 3 2014367973401 469 2110414848245991681
HIT 3 1855441731612 432 4158639751438483956
HIT 3 2014355521564 469 8654319502137360804
HIT 3 949190131742 221 14435067525249837163
HIT 3 1039384444958 242 16772575335253050701
HIT 3 1855428231198 432 8763512253975276542
HIT 3 2014342021150 469 5961042857220277149
HIT 3 2014367973403 469 12106383928239185291
HIT 3 949190131743 221 1496529195291551781
HIT 3 1039384444959 242 11986072390042009575
HIT 3 1855428231199 432 16420190897790712751
HIT 3 2014342021151 469 2434551006307796808
HIT 3 2014367973404 469 14557345167430449086
HIT 3 949190000672 221 11266481974171133093
HIT 3 1039384313888 242 5307818472646881088
HIT 3 1855428100128 432 6679719743407320543
HIT 3 2014341890080 469 10210634222891506617
HIT 3 949190131744 221 16367770057785340624
HIT 3 1039384444960 242 17036053480531346122
HIT 3 1855428231200 432 8470452472626522273
HIT 3 2014342021152 469 5158202070412894129
HIT 3 1039396569118 242 9248629948069150443
HIT 3 1855440355358 432 5392945657181424890
HIT 3 2014354145310 469 224263441126516450
HIT 3 1039396569117 242 17525751050910172275
HIT 3 1855441731614 432 2219262732306817548
HIT 3 2014355521566 469 16297648679075970661
HIT 3 1855440355357 432 11580215445155888317
HIT 3 2014354145309 469 17368983274920838489
HIT 3 1855441731613 432 3247616719247947013
HIT 3 2014355521565 469 14177827327739183458
HIT 3 1039396569119 242 9743147482880533008
HIT 3 1855440355359 432 12354188780611957827
HIT 3 2014354145311 469 127157359716538188
HIT 3 1855441731615 432 3049335337166164230
HIT 3 2014355521567 469 18280840047453793529
HIT 3 2014367973406 469 4012991207887571761
HIT 3 949190131745 221 11266481974171133093
HIT 3 1039384444961 242 5307818472646881088
HIT 3 1855428231201 432 6679719743407320543
HIT 3 2014342021153 469 10210634222891506617
HIT 3 2014367973407 469 13648611253926869314
HIT 3 2014367973405 469 3454077853581620543
HIT 3 949190131746 221 13080350815712078075
HIT 3 1039384444962 242 10456597393921041720
HIT 3 1855428231202 432 7504507256224728780
HIT 3 2014342021154 469 17180771374026305583
HIT 3 949190131747 221 6567605736662963357
HIT 3 1039384444963 242 16741201965787936020
HIT 3 1855428231203 432 18236558476495025027
HIT 3 2014342021155 469 12979194889219461287
HIT 3 949190262819 221 13080350815712078075
HIT 3 1039384576035 242 10456597393921041720
HIT 3 1855428362275 432 7504507256224728780
HIT 3 2014342152227 469 17180771374026305583
HIT 3 1039396569120 242 17763129652959878308
HIT 3 1855440355360 432 5193485794094571084
HIT 3 2014354145312 469 7515977086303006983
HIT 3 1855441731616 432 11519455871911966464
HIT 3 2014355521568 469 2211736356429578904
HIT 3 1039396569121 242 16013142398212789019
HIT 3 1855440355361 432 667626517525441096
HIT 3 2014354145313 469 378455798200829299
HIT 3 1855441731617 432 7108065580125506369
HIT 3 2014355521569 469 14628774190131561822
HIT 3 1039396438050 242 14102314746011607886
HIT 3 1855440224290 432 1965344423695690506
HIT 3 2014354014242 469 7556085927137989548
HIT 3 957792124962 223 6567605736662963357
HIT 3 1039396503586 242 16387951837783050067
HIT 3 1855440289826 432 14860299236799072868
HIT 3 2014354079778 469 7961131695939535113
HIT 3 1030806634530 240 2349604148463338884
HIT 3 1039396569122 242 4795865196273434769
HIT 3 1043691536418 243 267371136347901088
HIT 3 1047986503714 244 5200259490195978851
HIT 3 1846850420770 430 2681413324421678698
HIT 3 1855440355362 432 17158414015166459734
HIT 3 1859735322658 433 8120842286628875198
HIT 3 1864030289954 434 16492748069614014051
HIT 3 2005764210722 467 8841709418281760635
HIT 3 2010059178018 468 2838909408250677438
HIT 3 2014354145314 469 10655283650022329495
HIT 3 2022944079906 471 3464471008300409240
HIT 3 1039396700194 242 2440716269036167317
HIT 3 1855440486434 432 15933802167218367038
HIT 3 2014354276386 469 6577093161968123254
HIT 3 1855441600546 432 12862965662381988119
HIT 3 2014355390498 469 6407403028699013077
HIT 3 1846851797026 430 560747099207188095
HIT 3 1855441731618 432 15817284012705605618
HIT 3 1859736698914 433 16106570461164466541
HIT 3 1864031666210 434 4112794644172682064
HIT 3 2005765586978 467 8068332754595062525
HIT 3 2010060554274 468 7060089046296935112
HIT 3 2014355521570 469 13914952862079510848
HIT 3 2022945456162 471 14365722015788898097
HIT 3 1047987945506 244 16741201965787936020
HIT 3 1855441797154 432 6409341742634544805
HIT 3 2014355587106 469 7042344790213673730
HIT 3 1855441862690 432 13762619686972341138
HIT 3 2014355652642 469 2841751369394211444
HIT 3 2014367973409 469 14183329654680138845
HIT 3 2014367973408 469 5057698054409466783
HIT 3 949190262820 221 13374375789252647403
HIT 3 1039384576036 242 4143814459707002227
HIT 3 1855428362276 432 11541332099422401790
HIT 3 2014342152228 469 14342780798590004348
HIT 3 949190328356 221 3055771849749724642
HIT 3 1039384641572 242 5413483398995533046
HIT 3 1855428427812 432 930552338419451341
HIT 3 2014342217764 469 8839942681667691840
HIT 3 949190393892 221 15775772609162735972
HIT 3 1039384707108 242 13357120027529408799
HIT 3 1855428493348 432 10576548933677574937
HIT 3 2014342283300 469 11453303789653859054
HIT 3 949190459428 221 3538149342577231484
HIT 3 1039384772644 242 5620587912480474628
HIT 3 1855428558884 432 8526421074649720021
HIT 3 2014342348836 469 10308049678990359579
HIT 3 949190524964 221 12158784488031091025
HIT 3 1039384838180 242 9034791827359279094
HIT 3 1855428624420 432 17728877108919031138
HIT 3 2014342414372 469 6437998002253820947
HIT 3 949190590500 221 11738979839153609196
HIT 3 1039384903716 242 10812739826921727927
HIT 3 1855428689956 432 17805112342185174310
HIT 3 2014342479908 469 1443342224601824178
HIT 3 949190656036 221 11753853126166804897
HIT 3 1039384969252 242 6448706015765470456
HIT 3 1855428755492 432 13095883311668963912
HIT 3 2014342545444 469 1333552963949803760
HIT 3 949190721572 221 4494254516469689049
HIT 3 1039385034788 242 763189698329400107
HIT 3 1855428821028 432 5414921937588812524
HIT 3 2014342610980 469 17483247858875306536
HIT 3 949190787108 221 3566829693623832881
HIT 3 1039385100324 242 6907828872468685719
HIT 3 1855428886564 432 13877208303342532423
HIT 3 2014342676516 469 11297722266132222032
HIT 3 949190852644 221 4569852719716412424
HIT 3 1039385165860 242 14122464354732327666
HIT 3 1855428952100 432 3546761641006852641
HIT 3 2014342742052 469 14492961392667056068
HIT 3 949190918180 221 8686868982124698876
HIT 3 1039385231396 242 11367106725777678163
HIT 3 1855429017636 432 18064584288903325882
HIT 3 2014342807588 469 12511340279588399028
HIT 3 949190983716 221 2605271135208366362
HIT 3 1039385296932 242 668379363222283810
HIT 3 1855429083172 432 14027420463240101519
HIT 3 2014342873124 469 11596466848728690065
HIT 3 949191049252 221 8911824566374290197
HIT 3 1039385362468 242 6957690014500751997
HIT 3 1855429148708 432 8436236503775910245
HIT 3 2014342938660 469 10890178690600503718
HIT 3 949191114788 221 11234877769459375832
HIT 3 1039385428004 242 9971863708586072066
HIT 3 1855429214244 432 4880879246421468561
HIT 3 2014343004196 469 8381285085669206053
HIT 3 949191180324 221 14431674067765717322
HIT 3 1039385493540 242 10970777961327385637
HIT 3 1855429279780 432 15361685319187935
HIT 3 2014343069732 469 3258155064696758501
HIT 3 949191245860 221 14064254793638854185
HIT 3 1039385559076 242 15987526655125153340
HIT 3 1855429345316 432 14951777045048508734
HIT 3 2014343135268 469 1370020757622882405
HIT 3 940600328229 219 10083429368251746942
HIT 3 944895295525 220 7644449697203300495
HIT 3 949190262821 221 5005439709003245954
HIT 3 957780197413 223 15158770422832968651
HIT 3 1030794641445 240 5883274955207634069
HIT 3 1039384576037 242 7701281164232938971
HIT 3 1043679543333 243 6821445760106786107
HIT 3 1047974510629 244 14028909342038812679
HIT 3 949191311396 221 14406381136263699454
HIT 3 1039385624612 242 15746209377342737976
HIT 3 1846838427685 430 1777406166268303874
HIT 3 1855428362277 432 18012608341781054477
HIT 3 1859723329573 433 17763494912090462889
HIT 3 1864018296869 434 9443900124121132620
HIT 3 2005752217637 467 3640402520737845683
HIT 3 2010047184933 468 16459441101930475455
HIT 3 2014342152229 469 4402348496249342116
HIT 3 2022932086821 471 2831360886961581978
HIT 3 1855429410852 432 9344649267203162684
HIT 3 171801247781 40 2826339648297986343
HIT 3 2014343200804 469 289358383835908974
HIT 3 949190328357 221 3538149342577231484
HIT 3 1039384641573 242 5620587912480474628
HIT 3 949191376932 221 15230380192228788610
HIT 3 1039385690148 242 9268521681489173823
HIT 3 1855428427813 432 8526421074649720021
HIT 3 2014342217765 469 10308049678990359579
HIT 3 949190393893 221 13374375789252647403
HIT 3 1039384707109 242 4143814459707002227
HIT 3 1855428493349 432 11541332099422401790
HIT 3 2014342283301 469 14342780798590004348
HIT 3 1855429476388 432 14162503953625318520
HIT 3 2014343266340 469 7778732267778894578
HIT 3 949191442468 221 14824814840801729037
HIT 3 1039385755684 242 12088280738153593479
HIT 3 1855429541924 432 2552617454297844923
HIT 3 2014343331876 469 10605574465134853691
HIT 3 949191508004 221 16569587573927580961
HIT 3 1039385821220 242 9289992930301887850
HIT 3 1855429607460 432 9205430116098473145
HIT 3 2014343397412 469 9692270531305937483
HIT 3 949191573540 221 17819910131293431957
HIT 3 1039385886756 242 6174512745529265203
HIT 3 1855429672996 432 15588026266210344833
HIT 3 2014343462948 469 12442688732657329537
HIT 3 949191639076 221 15312716707874293994
HIT 3 1039385952292 242 7808139428851826220
HIT 3 1855429738532 432 16363239947792060269
HIT 3 2014343528484 469 16672226878802386674
HIT 3 949191704612 221 9301190914161148321
HIT 3 1039386017828 242 15392333587805048703
HIT 3 1855429804068 432 2069469338460839916
HIT 3 2014343594020 469 2813322784983207462
HIT 3 949191770148 221 6481087024605868625
HIT 3 1039386083364 242 9677131165601355598
HIT 3 1855429869604 432 5237895458811973265
HIT 3 2014343659556 469 16361079203220494174
HIT 3 949191835684 221 8869987718888729567
HIT 3 1039386148900 242 8866141887374014429
HIT 3 1855429935140 432 10082177897907414777
HIT 3 2014343725092 469 9167294131475060996
HIT 3 949191901220 221 5472429730494608517
HIT 3 1039386214436 242 11005144715088081016
HIT 3 1855430000676 432 15075381529891803527
HIT 3 2014343790628 469 14997978100114085478
HIT 3 949191966756 221 1099384309796286862
HIT 3 1039386279972 242 13760923551752637188
HIT 3 1855430066212 432 16531463416476716
HIT 3 2014343856164 469 5577188049710739212
HIT 3 949192032292 221 8493493931737942101
HIT 3 1039386345508 242 15642610446026137879
HIT 3 1855430131748 432 3110358512193158674
HIT 3 2014343921700 469 17438633711626696551
HIT 3 949192097828 221 13923247629289083489
HIT 3 1039386411044 242 6627360941455555292
HIT 3 1855430197284 432 2494126985361473159
HIT 3 2014343987236 469 145940284427651321
HIT 3 949192163364 221 4395075553040884381
HIT 3 1039386476580 242 13886949353954527212
HIT 3 1855430262820 432 7846161131059157914
HIT 3 2014344052772 469 18158009481034228648
HIT 3 949192228900 221 13205332104117529179
HIT 3 1039386542116 242 10359191550565568480
HIT 3 1855430328356 432 2974026527221476761
HIT 3 2014344118308 469 11799577912897511184
HIT 3 949192294436 221 5185064361211104543
HIT 3 1039386607652 242 15461209969293573744
HIT 3 1855430393892 432 1591949495890558550
HIT 3 2014344183844 469 5609841035847876789
HIT 3 949192359972 221 15912391617504497852
HIT 3 1039386673188 242 5812681127181711268
HIT 3 1855430459428 432 13580505744670847863
HIT 3 2014344249380 469 9686374207353540823
HIT 3 949192425508 221 5858318762447483410
HIT 3 1039386738724 242 12104595290757857122
HIT 3 1855430524964 432 2996345529342758203
HIT 3 2014344314916 469 9670963370570232780
HIT 3 949192491044 221 10042308664244960028
HIT 3 1039386804260 242 8127858151172392562
HIT 3 1855430590500 432 3420880339279192080
HIT 3 2014344380452 469 3120591124938746364
HIT 3 949192556580 221 8512331221445936026
HIT 3 1039386869796 242 17507370083151033314
HIT 3 1855430656036 432 17050692451388711814
HIT 3 2014344445988 469 13071648511326761906
HIT 3 949192622116 221 17869210119993008284
HIT 3 1039386935332 242 1524876442013589681
HIT 3 1855430721572 432 9733874968633790228
HIT 3 2014344511524 469 16980794143398336183
HIT 3 949192687652 221 3809674974106775635
HIT 3 1039387000868 242 5344091730599628201
HIT 3 1855430787108 432 15255249382677615837
HIT 3 2014344577060 469 3901982506302267475
HIT 3 949192753188 221 18252737605499296258
HIT 3 1039387066404 242 2523516659906825543
HIT 3 1855430852644 432 3393606092690972069
HIT 3 2014344642596 469 2657628643459076919
HIT 3 949192818724 221 3357446347820088738
HIT 3 1039387131940 242 4000261189629078
HIT 3 1855430918180 432 11721203332435656362
HIT 3 2014344708132 469 326724808220479727
HIT 3 949192884260 221 16175569838481046776
HIT 3 1039387197476 242 12558598744049685688
HIT 3 2014367842338 469 11575352932680275235
HIT 3 2005778038818 467 18066976955835387529
HIT 3 2010073006114 468 15982967775092018149
HIT 3 2014367973410 469 15630507238232681159
HIT 3 2022957908002 471 14337900627349288243
HIT 3 1864044183586 434 18236558476495025027
HIT 3 2014368038946 469 2387202460675653816
HIT 3 2014368104482 469 16732206712613360088
HIT 3 1855430983716 432 9858301375333759583
HIT 3 2014344773668 469 879503194912317512
HIT 3 949192949796 221 684575760105448178
HIT 3 1039387263012 242 10543263522891193065
HIT 3 1855431049252 432 5651839493772736469
HIT 3 2014344839204 469 11300411855389233465
HIT 3 949193015332 221 1791288477808107301
HIT 3 1039387328548 242 15113289977929826128
HIT 3 1855431114788 432 5834768029503236053
HIT 3 2014344904740 469 13089826214249385853
HIT 3 949193080868 221 5890634467742238592
HIT 3 1039387394084 242 14112829804044393177
HIT 3 1855431180324 432 5573137900399891367
HIT 3 2014344970276 469 15152756360183691878
HIT 3 949193146404 221 14332450383875266285
HIT 3 1039387459620 242 16381642986719605292
HIT 3 1855431245860 432 14019737323038901016
HIT 3 2014345035812 469 786889470003045759
HIT 3 949193211940 221 8118208049649758240
HIT 3 1039387525156 242 16074759659501572266
HIT 3 1855431311396 432 556107396723338898
HIT 3 2014345101348 469 12932409620100706643
HIT 3 949193277476 221 12981213718720728843
HIT 3 1039387590692 242 16808736559837660565
HIT 3 1855431376932 432 13430449453867405260
HIT 3 2014345166884 469 16823307784494726611
HIT 3 949193343012 221 16249725387406380115
HIT 3 1039387656228 242 12825397625618423844
HIT 3 1855431442468 432 11481160539756375440
HIT 3 2014345232420 469 17820353298725411855
HIT 3 949193408548 221 8561263021453091695
HIT 3 1039387721764 242 5495196190261577632
HIT 3 1855431508004 432 5772741311818608902
HIT 3 2014345297956 469 3061541397911012475
HIT 3 949193474084 221 10167030152944818459
HIT 3 1039387787300 242 9316842914530006293
HIT 3 1855431573540 432 7541408682447659004
HIT 3 2014345363492 469 13894442048084304729
HIT 3 949193539620 221 9393808176430962510
HIT 3 1039387852836 242 4379734845978790252
HIT 3 1855431639076 432 5865117802340018823
HIT 3 2014345429028 469 820089673151039723
HIT 3 949193605156 221 14162979361675071490
HIT 3 1039387918372 242 7424724778366398710
HIT 3 1855431704612 432 13796548937250935135
HIT 3 2014345494564 469 9343070692308190867
HIT 3 949193670692 221 5957192665990758438
HIT 3 1039387983908 242 13519679010402258647
HIT 3 1855431770148 432 2101650311053786171
HIT 3 2014345560100 469 7197088961409721108
HIT 3 949193736228 221 221318216477211713
HIT 3 1039388049444 242 2600282522669903516
HIT 3 2022960267298 471 12979194889219461287
HIT 3 1855431835684 432 3044499611768360419
HIT 3 2014345625636 469 16307814852097253171
HIT 3 949193801764 221 5723816002069062987
HIT 3 1039388114980 242 2642718146499889448
HIT 3 1855431901220 432 2890253924110312402
HIT 3 2014345691172 469 204646507475291305
HIT 3 949193867300 221 10586327313850003536
HIT 3 1039388180516 242 5493575784947862295
HIT 3 1855431966756 432 17756945971235248013
HIT 3 2014345756708 469 8632329123097840677
HIT 3 949193932836 221 9186130645389039757
HIT 3 1039388246052 242 13951464588968959568
HIT 3 1855432032292 432 9459274919928225286
HIT 3 2014345822244 469 7813517808973990647
HIT 3 949193998372 221 3758090518264197430
HIT 3 1039388311588 242 6100815566735809717
HIT 3 1855432097828 432 12793862259664155011
HIT 3 2014345887780 469 13394997815727162976
HIT 3 949194063908 221 7760950432032465041
HIT 3 1039388377124 242 5012265155510928114
HIT 3 1855432163364 432 8447091465088872810
HIT 3 2014345953316 469 6078262084870863538
HIT 3 949194129444 221 13625374495343173990
HIT 3 1039388442660 242 16683995278719533529
HIT 3 1855432228900 432 14591699453135724275
HIT 3 2014346018852 469 9817457312029170432
HIT 3 949194194980 221 13834059199682925924
HIT 3 1039388508196 242 16302618653475894993
HIT 3 1855432294436 432 16486211232754398495
HIT 3 2014346084388 469 10175474353627180205
HIT 3 949194260516 221 4819077395409048150
HIT 3 1039388573732 242 4562172871393404581
HIT 3 1855432359972 432 10575254888287630643
HIT 3 2014346149924 469 15719840963623370439
HIT 3 949194326052 221 6413819809975324310
HIT 3 1039388639268 242 13411217100489929585
HIT 3 1855432425508 432 12252923882238386260
HIT 3 2014346215460 469 10178331635349892231
HIT 3 949194391588 221 699120214102315029
HIT 3 1039388704804 242 1081201062495641344
HIT 3 1855432491044 432 2896877615668655055
HIT 3 2014346280996 469 2855996054199023902
HIT 3 949194457124 221 3678320645874796541
HIT 3 1039388770340 242 11264445068076983984
HIT 3 1855432556580 432 7701918424698716442
HIT 3 2014346346532 469 2966677647875031983
HIT 3 949194522660 221 13534337498176420456
HIT 3 1039388835876 242 6542932434117762170
HIT 3 1855432622116 432 15133985436804827265
HIT 3 2014346412068 469 15378240164686040526
HIT 3 949194588196 221 10492487379789438289
HIT 3 1039388901412 242 8839636164524326288
HIT 3 1855432687652 432 12576800615365658413
HIT 3 2014346477604 469 12074116694881647167
HIT 3 949194653732 221 15328726096035204129
HIT 3 1039388966948 242 8590902623761244434
HIT 3 1855432753188 432 16259744591788338230
HIT 3 2014346543140 469 1482996180564586165
HIT 3 949194719268 221 7351049132482581829
HIT 3 1039389032484 242 6823610730149389227
HIT 3 1855432818724 432 10094736951941517237
HIT 3 2014346608676 469 15801037358462631536
HIT 3 949194784804 221 3273822824437637261
HIT 3 1039389098020 242 755993148506874972
HIT 3 1855432884260 432 1714115640106433481
HIT 3 2014346674212 469 375248328797703835
HIT 3 949194850340 221 12552709935909186315
HIT 3 1039389163556 242 3178824034811238809
HIT 3 1855432949796 432 17055740610175858956
HIT 3 2014346739748 469 17645608650698964473
HIT 3 949194915876 221 11974323226084496648
HIT 3 1039389229092 242 676636811508580384
HIT 3 1855433015332 432 17039804606068489115
HIT 3 2014346805284 469 1505486523760495070
HIT 3 949194981412 221 8549152905275812881
HIT 3 1039389294628 242 2500358233035348036
HIT 3 1855433080868 432 1017083037882009722
HIT 3 2014346870820 469 8697891843791955075
HIT 3 949195046948 221 60770254976383513
HIT 3 1039389360164 242 2882623531131817602
HIT 3 1855433146404 432 12530562455672527095
HIT 3 2014346936356 469 6635396361821891803
HIT 3 949195112484 221 13029805911042306989
HIT 3 1039389425700 242 235914527762138983
HIT 3 1855433211940 432 16134149831007821573
HIT 3 2014347001892 469 10473402715431302631
HIT 3 949195178020 221 8617560016298954986
HIT 3 1039389491236 242 9480353617576516905
HIT 3 1855433277476 432 12847680807873932746
HIT 3 2014347067428 469 8192954625824461672
HIT 3 949195243556 221 13730520784608979998
HIT 3 1039389556772 242 3498426080306703825
HIT 3 1855433343012 432 16868207741964480813
HIT 3 2014347132964 469 9405470993003576836
HIT 3 949195309092 221 15048087670409719370
HIT 3 1039389622308 242 5479302611542599973
HIT 3 1855433408548 432 2054743155291482226
HIT 3 2014347198500 469 11431771329686690527
HIT 3 949195374628 221 1835947351089975336
HIT 3 1039389687844 242 2977547888877340064
HIT 3 1855433474084 432 3278822099450373038
HIT 3 2014347264036 469 9970753186159084931
HIT 3 949195440164 221 7218310052021281294
HIT 3 1039389753380 242 681746325093596033
HIT 3 1855433539620 432 16691293268284708848
HIT 3 2014347329572 469 4325308574125553411
HIT 3 949195505700 221 3885247427826589389
HIT 3 1039389818916 242 11310943731283913694
HIT 3 1855433605156 432 18017708426236813351
HIT 3 2014347395108 469 13364445240115355870
HIT 3 949195571236 221 14848883133278627388
HIT 3 1039389884452 242 5937452043125873544
HIT 3 1855433670692 432 2510663814552749005
HIT 3 2014347460644 469 1821716448445494675
HIT 3 949195636772 221 6414490404938696660
HIT 3 1039389949988 242 8305846867590025544
HIT 3 1855433736228 432 13033369118674241715
HIT 3 2014347526180 469 568745095257467345
HIT 3 949195702308 221 11065533909112338493
HIT 3 1039390015524 242 15805042255638408245
HIT 3 1855433801764 432 1393517018833609910
HIT 3 2014347591716 469 14597562651090428724
HIT 3 949195767844 221 4687588491901615001
HIT 3 1039390081060 242 13386150969243417479
HIT 3 1855433867300 432 5763618554825758868
HIT 3 2014347657252 469 15935114819548580916
HIT 3 949195833380 221 18121884194274799628
HIT 3 1039390146596 242 14112812968764759539
HIT 3 1855433932836 432 16202448372855905946
HIT 3 2014347722788 469 3824768212973747931
HIT 3 949195898916 221 1372296815438526456
HIT 3 1039390212132 242 13251792016402347054
HIT 3 1855433998372 432 5069572143009116627
HIT 3 2014347788324 469 4712569904892672743
HIT 3 949195964452 221 471955150886801632
HIT 3 1039390277668 242 14098501139966901695
HIT 3 1855434063908 432 3786813602606576880
HIT 3 2014347853860 469 1036791229644586074
HIT 3 949196029988 221 908687727067877581
HIT 3 1039390343204 242 8647467118103413974
HIT 3 1855434129444 432 9987685515229769488
HIT 3 2014347919396 469 1573497709824853137
HIT 3 949196095524 221 2004896752450745001
HIT 3 1039390408740 242 8503979990894805114
HIT 3 1855434194980 432 11211332355021227561
HIT 3 2014347984932 469 5903840263653003188
HIT 3 949196161060 221 7811126527865279421
HIT 3 1039390474276 242 17869275259685264283
HIT 3 1855434260516 432 8799929309064303392
HIT 3 2014348050468 469 2457509167034218503
HIT 3 949196226596 221 4928935867360529191
HIT 3 1039390539812 242 16472476893045637215
HIT 3 1855434326052 432 12185952306194286249
HIT 3 2014348116004 469 7513560799747798157
HIT 3 949196292132 221 2468572624684234151
HIT 3 1039390605348 242 4606299829347334518
HIT 3 1855434391588 432 16497159261761773808
HIT 3 2014348181540 469 9906768471814467511
HIT 3 949196357668 221 9286647669698316280
HIT 3 1039390670884 242 5251870947011662809
HIT 3 1855434457124 432 8678992970748374695
HIT 3 2014348247076 469 14383024925615598744
HIT 3 949196423204 221 1620925453031540930
HIT 3 1039390736420 242 4726579903799911554
HIT 3 1855434522660 432 12362999463423895282
HIT 3 2014348312612 469 11283458626171323587
HIT 3 949196488740 221 7079377653496999082
HIT 3 1039390801956 242 7839149142079288618
HIT 3 1855434588196 432 7069033974625596154
HIT 3 2014348378148 469 5115092167710678756
HIT 3 949196554276 221 16269384652426876161
HIT 3 1039390867492 242 15524553825878560903
HIT 3 1855434653732 432 9642151236272773311
HIT 3 2014348443684 469 2064141155660162507
HIT 3 949196619812 221 2817447877408115589
HIT 3 1039390933028 242 2620502273189381934
HIT 3 1855434719268 432 10643993332868337662
HIT 3 2014348509220 469 4443548512732788831
HIT 3 949196685348 221 1124744910431318143
HIT 3 1039390998564 242 9500201365002938104
HIT 3 1855434784804 432 7653336347585297078
HIT 3 2014348574756 469 16317490209144439060
HIT 3 949196750884 221 238731812250105889
HIT 3 1039391064100 242 6947677202813563072
HIT 3 1855434850340 432 219437359366484805
HIT 3 2014348640292 469 4049799892305345672
HIT 3 949196816420 221 8923451741039560109
HIT 3 1039391129636 242 298392748691085759
HIT 3 1855434915876 432 11072331926956101722
HIT 3 2014348705828 469 3879680295893147520
HIT 3 949196881956 221 3243420869851727178
HIT 3 1039391195172 242 6345687823411009410
HIT 3 1855434981412 432 8231662179747737148
HIT 3 2014348771364 469 9603135394025647577
HIT 3 949196947492 221 6133786231459716319
HIT 3 1039391260708 242 1948162387556680009
HIT 3 1855435046948 432 2757187053305280665
HIT 3 2014348836900 469 1585559468743815848
HIT 3 949197013028 221 13288829049729825738
HIT 3 1039391326244 242 14087548347308217682
HIT 3 1855435112484 432 8551437595312391728
HIT 3 2014348902436 469 12641716462324497332
HIT 3 949197078564 221 1907268661630638772
HIT 3 1039391391780 242 1078848456121492267
HIT 3 1855435178020 432 6754357374177544170
HIT 3 2014348967972 469 2302646449266380444
HIT 3 949197144100 221 13061963155054444145
HIT 3 1039391457316 242 13969042060306415131
HIT 3 1855435243556 432 14863110485518890564
HIT 3 2014349033508 469 10356297682513454544
HIT 3 949197209636 221 7648019642743485493
HIT 3 1039391522852 242 1231916914363489841
HIT 3 1855435309092 432 14402020535811310511
HIT 3 2014349099044 469 17159998832165589147
HIT 3 949197275172 221 11431790379092895521
HIT 3 1039391588388 242 5516080449680036618
HIT 3 1855435374628 432 12194510054322514519
HIT 3 2014349164580 469 8616274920159499368
HIT 3 949197340708 221 1990303585856107768
HIT 3 1039391653924 242 17562590150727495901
HIT 3 1855435440164 432 485271921661961476
HIT 3 2014349230116 469 9117807637349885762
HIT 3 949197406244 221 7122187163426580088
HIT 3 1039391719460 242 6513150795038797900
HIT 3 1855435505700 432 3305298964039223240
HIT 3 2014349295652 469 12595998165067226185
HIT 3 949197471780 221 6255730631784736653
HIT 3 1039391784996 242 12630281802982432804
HIT 3 1855435571236 432 1740737530779824885
HIT 3 2014349361188 469 3118195645251616528
HIT 3 949197537316 221 13445961812458022379
HIT 3 1039391850532 242 3608845294652270408
HIT 3 1855435636772 432 5429942259459127920
HIT 3 2014349426724 469 18273695909899584802
HIT 3 949197602852 221 16728311943931825448
HIT 3 1039391916068 242 4218156564977530538
HIT 3 1855435702308 432 3829049124054752925
HIT 3 2014349492260 469 11127937349128497474
HIT 3 949197668388 221 3229518465980721287
HIT 3 1039391981604 242 2947089938238827382
HIT 3 1855435767844 432 5189010915977061899
HIT 3 2014349557796 469 3847356069221918942
HIT 3 949197733924 221 7461168948956897299
HIT 3 1039392047140 242 496737189969186456
HIT 3 1855435833380 432 7665059096293451156
HIT 3 2014349623332 469 1129695114602766378
HIT 3 949197799460 221 10639123081141683570
HIT 3 1039392112676 242 8034308625339443813
HIT 3 1855435898916 432 8362323391756195681
HIT 3 2014349688868 469 15171218092418889442
HIT 3 949197864996 221 13504544727789996175
HIT 3 1039392178212 242 10795176240978002597
HIT 3 1855435964452 432 7104141408719642521
HIT 3 2014349754404 469 224666803429399948
HIT 3 949197930532 221 16438341016869783875
HIT 3 1039392243748 242 9633108544067274605
HIT 3 1855436029988 432 11013003751103671165
HIT 3 2014349819940 469 8994873567196105711
HIT 3 949197996068 221 8778830040992071722
HIT 3 1039392309284 242 11495364257560609166
HIT 3 1855436095524 432 16719024662397162345
HIT 3 2014349885476 469 7488627107407577327
HIT 3 949198061604 221 3032439815626557589
HIT 3 1039392374820 242 17630103111960266893
HIT 3 1855436161060 432 5338542081979022496
HIT 3 2014349951012 469 14863783510140383891
HIT 3 949198127140 221 517834232981936718
HIT 3 1039392440356 242 18110591162469196605
HIT 3 1855436226596 432 17996492130104296240
HIT 3 2014350016548 469 17215587200472991517
HIT 3 949198192676 221 3012461608271664270
HIT 3 1039392505892 242 12795689520032157676
HIT 3 1855436292132 432 5536884694486592835
HIT 3 2014350082084 469 5052073967264339192
HIT 3 949198258212 221 15496505605346924834
HIT 3 1039392571428 242 313523247913513821
HIT 3 1855436357668 432 11552843248038392924
HIT 3 2014350147620 469 9993523817380134803
HIT 3 949198323748 221 11613938518451233741
HIT 3 1039392636964 242 6309120178837305743
HIT 3 1855436423204 432 7135241018306391584
HIT 3 2014350213156 469 2536989712824329097
HIT 3 949198389284 221 11733043561342102703
HIT 3 1039392702500 242 14208012067507823199
HIT 3 1855436488740 432 9821349353362832078
HIT 3 2014350278692 469 2849180043795780269
HIT 3 949198454820 221 9715411654045300368
HIT 3 1039392768036 242 3799328443874920113
HIT 3 1855436554276 432 638386307428395963
HIT 3 2014350344228 469 4082787744875303036
HIT 3 949198520356 221 3663286793568736922
HIT 3 1039392833572 242 8915888693484527114
HIT 3 1855436619812 432 17898847959273389114
HIT 3 2014350409764 469 4220896006055085994
HIT 3 949198585892 221 15075749041035144989
HIT 3 1039392899108 242 6188352627756791220
HIT 3 1855436685348 432 16751327457670140766
HIT 3 2014350475300 469 137388870307895883
HIT 3 949198651428 221 3209386510603613589
HIT 3 1039392964644 242 8868406778925521283
HIT 3 1855436750884 432 15811810202563339851
HIT 3 2014350540836 469 11046253124493922829
HIT 3 949198716964 221 15563691435251923130
HIT 3 1039393030180 242 161750915988186430
HIT 3 1855436816420 432 6540504693107412288
HIT 3 2014350606372 469 7564770003196087443
HIT 3 949198782500 221 3282095456855617373
HIT 3 1039393095716 242 3918285443956014183
HIT 3 1855436881956 432 11483374786057291066
HIT 3 2014350671908 469 12596152695381197424
HIT 3 949198848036 221 13766189933199240841
HIT 3 1039393161252 242 9779892302102563464
HIT 3 1855436947492 432 140602000856077708
HIT 3 2014350737444 469 4217907476317505031
HIT 3 949198913572 221 16808585498510043656
HIT 3 1039393226788 242 17771883100043012894
HIT 3 1855437013028 432 15624013145306451384
HIT 3 2014350802980 469 2770440899083765500
HIT 3 949198979108 221 11114296674497109571
HIT 3 1039393292324 242 3493906841319467084
HIT 3 1855437078564 432 7053301829353949181
HIT 3 2014350868516 469 16341656493536236337
HIT 3 949199044644 221 9736270438016233949
HIT 3 1039393357860 242 7744865257230271340
HIT 3 1855437144100 432 3464001994109451587
HIT 3 2014350934052 469 3985768278715634053
HIT 3 949199110180 221 8152733721052733513
HIT 3 1039393423396 242 15330698524075123542
HIT 3 1855437209636 432 786129933614928026
HIT 3 2014350999588 469 12332483750467116227
HIT 3 949199175716 221 6218802783233530047
HIT 3 1039393488932 242 11626988581846619941
HIT 3 1855437275172 432 12850558926636744994
HIT 3 2014351065124 469 17705872346070651447
HIT 3 949199241252 221 14475175323511166291
HIT 3 1039393554468 242 14215713231227334253
HIT 3 1855437340708 432 3790593167625019877
HIT 3 2014351130660 469 1342790651386834663
HIT 3 949199306788 221 3323782275465197138
HIT 3 1039393620004 242 17991999958521476353
HIT 3 1855437406244 432 9814987546059339255
HIT 3 2014351196196 469 13822220360313383851
HIT 3 949199372324 221 13657668758161696199
HIT 3 1039393685540 242 13479960267825338157
HIT 3 1855437471780 432 8412341735966265107
HIT 3 2014351261732 469 2376706232238505132
HIT 3 949199437860 221 6292610337288057368
HIT 3 1039393751076 242 7330030671490696562
HIT 3 1855437537316 432 11356444862518629556
HIT 3 2014351327268 469 14458294865174301440
HIT 3 949199503396 221 12560509135536802708
HIT 3 1039393816612 242 8896472335523517244
HIT 3 1855437602852 432 12397315559274494464
HIT 3 2014351392804 469 14936254318481694345
HIT 3 949199568932 221 18185085750735998907
HIT 3 1039393882148 242 14144140010210583621
HIT 3 1855437668388 432 2187880398364445762
HIT 3 2014351458340 469 11596924170946313079
HIT 3 949199634468 221 14610010754823186827
HIT 3 1039393947684 242 6313749103115330479
HIT 3 1855437733924 432 12878287075154190714
HIT 3 2014351523876 469 16730764150476938050
HIT 3 949199700004 221 2540452604374819545
HIT 3 1039394013220 242 11080635092916209491
HIT 3 1855437799460 432 2286306427101751264
HIT 3 2014351589412 469 15495818203675442297
HIT 3 949199765540 221 666283582302690235
HIT 3 1039394078756 242 649616696850682918
HIT 3 1855437864996 432 3526052853903233495
HIT 3 2014351654948 469 1492324210084484812
HIT 3 949199831076 221 1398553852199413591
HIT 3 1039394144292 242 14008050803415431937
HIT 3 1855437930532 432 10709275864517783099
HIT 3 2014351720484 469 18169891198840349419
HIT 3 949199896612 221 16118118493544790280
HIT 3 1039394209828 242 4223349969479274541
HIT 3 1855437996068 432 12944045042224895091
HIT 3 2014351786020 469 3734689300818418880
HIT 3 949199962148 221 11516035821519147730
HIT 3 1039394275364 242 11922908786157854302
HIT 3 1855438061604 432 10028928580469513021
HIT 3 2014351851556 469 12162936770573142072
HIT 3 949200027684 221 14236063271125506294
HIT 3 1039394340900 242 5596761996926819812
HIT 3 1855438127140 432 276661327124583848
HIT 3 2014351917092 469 12874896558338735105
HIT 3 949200093220 221 17438259317665050073
HIT 3 1039394406436 242 12741572836031192511
HIT 3 1855438192676 432 1301220663358356100
HIT 3 2014351982628 469 5018073613746258888
HIT 3 949200158756 221 8080672059521955239
HIT 3 1039394471972 242 3368573013451793373
HIT 3 1855438258212 432 4174947341015236572
HIT 3 2014352048164 469 3535259481623160780
HIT 3 949200224292 221 17248919587873658158
HIT 3 1039394537508 242 10583638129257196655
HIT 3 1855438323748 432 14303304327264404495
HIT 3 2014352113700 469 5481687487620777352
HIT 3 949200289828 221 10363062625198266923
HIT 3 1039394603044 242 17765675456117270773
HIT 3 1855438389284 432 17314144155193200549
HIT 3 2014352179236 469 16100689217248463650
HIT 3 949200355364 221 10726309004747653208
HIT 3 1039394668580 242 5302635992923037919
HIT 3 1855438454820 432 748417329416645150
HIT 3 2014352244772 469 8724415304223205681
HIT 3 949200420900 221 3834052098254016633
HIT 3 1039394734116 242 14616152795866526229
HIT 3 1855438520356 432 13791265709736398416
HIT 3 2014352310308 469 10516634171218182458
HIT 3 949200486436 221 5658443973510386112
HIT 3 1039394799652 242 868772458551569707
HIT 3 1855438585892 432 4510405343728559446
HIT 3 2014352375844 469 13968865958710729754
HIT 3 949200551972 221 7013718492624697301
HIT 3 1039394865188 242 535367090076046367
HIT 3 1855438651428 432 9697132478437026295
HIT 3 2014352441380 469 18115811108855962198
HIT 3 949200617508 221 16255965058596673334
HIT 3 1039394930724 242 7166021055399690924
HIT 3 1855438716964 432 600709316755250906
HIT 3 2014352506916 469 15303226960375301912
HIT 3 949200683044 221 17569744543594580783
HIT 3 1039394996260 242 12954472555844209780
HIT 3 1855438782500 432 1041350842900204259
HIT 3 2014352572452 469 2587391741804040278
HIT 3 949200748580 221 15592611728944367170
HIT 3 1039395061796 242 5491946982220646796
HIT 3 1855438848036 432 7714530409370358755
HIT 3 2014352637988 469 12974521999500262797
HIT 3 949200814116 221 9219273349323101146
HIT 3 1039395127332 242 17629190683746523703
HIT 3 1855438913572 432 1888206348706669227
HIT 3 2014352703524 469 8640774863463486140
HIT 3 949200879652 221 16069800223417198323
HIT 3 1039395192868 242 5328170892207605952
HIT 3 1855438979108 432 16838017942059244623
HIT 3 2014352769060 469 5566805410164351376
HIT 3 949200945188 221 10269122432657374391
HIT 3 1039395258404 242 7111647969779658141
HIT 3 1855439044644 432 15830836232441832797
HIT 3 2014352834596 469 14433330641775946907
HIT 3 949201010724 221 5556361431512011751
HIT 3 1039395323940 242 18010154673900992919
HIT 3 1855439110180 432 8469562588228384645
HIT 3 2014352900132 469 808581178701762876
HIT 3 949201076260 221 6730937911547905192
HIT 3 1039395389476 242 9802366003980696324
HIT 3 1855439175716 432 7556474354347889711
HIT 3 2014352965668 469 11397044489189163377
HIT 3 949201141796 221 14715183157381374570
HIT 3 1039395455012 242 6069094264306900728
HIT 3 1855439241252 432 16635766323875566430
HIT 3 2014353031204 469 15913408435391076145
HIT 3 949201207332 221 15188091898235528455
HIT 3 1039395520548 242 9303074205128702462
HIT 3 1855439306788 432 15408709564334694870
HIT 3 2014353096740 469 11811946353301597750
HIT 3 949201272868 221 6235059887863415805
HIT 3 1039395586084 242 14215415058936094753
HIT 3 1855439372324 432 5148678838825775229
HIT 3 2014353162276 469 13371169239961774311
HIT 3 949201338404 221 6732376705661160669
HIT 3 1039395651620 242 15966449631115506136
HIT 3 1855439437860 432 8808098112377392565
HIT 3 2014353227812 469 16028272178964818732
HIT 3 949201403940 221 15341181085734671222
HIT 3 1039395717156 242 14939302562542011363
HIT 3 1855439503396 432 4784025056291087972
HIT 3 2014353293348 469 853743399299034844
HIT 3 949201469476 221 4828849120009293006
HIT 3 1039395782692 242 8005554983339271312
HIT 3 1855439568932 432 806810536054680964
HIT 3 2014353358884 469 3533388157852319062
HIT 3 949201535012 221 15118957742996057724
HIT 3 1039395848228 242 5662302996744494788
HIT 3 1855439634468 432 11043679705728755560
HIT 3 2014353424420 469 1835269333291518266
HIT 3 949201600548 221 14135121956885483527
HIT 3 1039395913764 242 6716742327175930980
HIT 3 1855439700004 432 6060962856350188286
HIT 3 2014353489956 469 4828594725159861178
HIT 3 949201666084 221 13676599320693124047
HIT 3 1039395979300 242 11791631055797461634
HIT 3 1855439765540 432 1562715582088932924
HIT 3 2014353555492 469 7823067589034507093
HIT 3 949201731620 221 6656844120787309010
HIT 3 1039396044836 242 1333051777820047014
HIT 3 1855439831076 432 2214435488800057157
HIT 3 2014353621028 469 5005077082936767795
HIT 3 949201797156 221 6249507025479046934
HIT 3 1039396110372 242 15223347869020038297
HIT 3 1855439896612 432 1948237668888465989
HIT 3 2014353686564 469 15186578524294019771
HIT 3 949201862692 221 772209046453634618
HIT 3 1039396175908 242 17217327956661550440
HIT 3 1039396569123 242 14451167709197900903
HIT 3 1855439962148 432 1160732234999105534
HIT 3 2014353752100 469 9826750389517881138
HIT 3 949201928228 221 16501454678280294439
HIT 3 1855440355363 432 2793502756112319758
HIT 3 1039396241444 242 9244192063519985644
HIT 3 2014354145315 469 10578594859660248214
HIT 3 1855440027684 432 13294058634716073352
HIT 3 2014353817636 469 5148535212429135079
HIT 3 940612059172 219 16501454678280294439
HIT 3 949201993764 221 1763885389972017448
HIT 3 1039396306980 242 18093614294585659220
HIT 3 1855440093220 432 14276462553766622695
HIT 3 2014353883172 469 8357907694017430358
HIT 3 949202059300 221 10083429368251746942
HIT 3 957791993892 223 894954135782890315
HIT 3 1039396372516 242 3507248857146975059
HIT 3 1855440158756 432 2502190260691166569
HIT 3 2014353948708 469 12135171399410647671
HIT 3 949202124836 221 894954135782890315
HIT 3 1030806503460 240 16518751443177635800
HIT 3 1039396438052 242 724627313205274022
HIT 3 1043691405348 243 1328359660063544371
HIT 3 1047986372644 244 1291374379540325637
HIT 3 1846850289700 430 10647889979744303314
HIT 3 1855440224292 432 10278189403084519081
HIT 3 1859735191588 433 2885536322602954035
HIT 3 1864030158884 434 2402908008877072591
HIT 3 2005764079652 467 8783425923292475458
HIT 3 2010059046948 468 3905379816052737932
HIT 3 2014354014244 469 9252977494328904637
HIT 3 2022943948836 471 6491535420938324479
HIT 3 953497157668 222 16892330617550267941
HIT 3 957792124964 223 5005439709003245954
HIT 3 966382059556 225 6624843228435426851
HIT 3 1030806568996 240 2729023678154171364
HIT 3 1039396503588 242 14184344252665207613
HIT 3 1043691470884 243 13956497685730093706
HIT 3 1047986438180 244 1906840583251209396
HIT 3 1846850355236 430 7724361773803099347
HIT 3 1855440289828 432 14576178124460268832
HIT 3 1859735257124 433 8345892201575937318
HIT 3 1864030224420 434 248411677703773776
HIT 3 2005764145188 467 14891024108586243514
HIT 3 2010059112484 468 8308306718364543591
HIT 3 2014354079780 469 13443811652247776649
HIT 3 2022944014372 471 16817451245144160538
HIT 3 953497223204 222 7644449697203300495
HIT 3 957792190500 223 6624843228435426851
HIT 3 962087157796 224 16892330617550267941
HIT 3 966382125092 225 11866176299764113273
HIT 3 970677092388 226 12287954403085040324
HIT 3 974972059684 227 17892845845896585750
HIT 3 979267026980 228 5757645173075201502
HIT 3 983561994276 229 5680449956048143475
HIT 3 987856961572 230 5454709299453758298
HIT 3 992151928868 231 9467414496962001247
HIT 3 996446896164 232 18289176654326343791
HIT 3 1000741863460 233 13765989780676679786
HIT 3 1005036830756 234 7965304391474250883
HIT 3 1009331798052 235 13248260175127566887
HIT 3 1013626765348 236 5172590550318048843
HIT 3 1017921732644 237 2868839280464665768
HIT 3 1022216699940 238 4833636272586965219
HIT 3 1026511667236 239 4179141923811657187
HIT 3 1030806634532 240 8235377090097486434
HIT 3 1035101601828 241 2921483432002020035
HIT 3 1039396569124 242 6257513328296298889
HIT 3 1043691536420 243 5276320468487402324
HIT 3 1047986503716 244 6638712687312306104
HIT 3 1052281471012 245 5767625204390148928
HIT 3 1056576438308 246 11941563017568937660
HIT 3 1060871405604 247 15236371966830573186
HIT 3 1065166372900 248 4636884290534077664
HIT 3 1069461340196 249 1835439237674041429
HIT 3 1073756307492 250 4223042260631331737
HIT 3 1078051274788 251 4304471077657751977
HIT 3 1082346242084 252 14290320381052423585
HIT 3 1086641209380 253 8049853116033659074
HIT 3 1090936176676 254 9756401205209276431
HIT 3 1095231143972 255 15811392455105931213
HIT 3 1099526111268 256 3341120933409314483
HIT 3 1103821078564 257 14027600501573454920
HIT 3 1108116045860 258 1998279786339106533
HIT 3 1112411013156 259 16929117806641929116
HIT 3 1116705980452 260 6250679246217344506
HIT 3 1121000947748 261 8942213579158074541
HIT 3 1125295915044 262 6733176532204678365
HIT 3 1129590882340 263 12691125087958379381
HIT 3 1133885849636 264 7128846369407388559
HIT 3 1138180816932 265 2240067730960751264
HIT 3 1142475784228 266 8784663440215209684
HIT 3 1146770751524 267 13784050739736068421
HIT 3 1151065718820 268 10651281781411492670
HIT 3 1155360686116 269 7423938054793719454
HIT 3 1159655653412 270 11425832567885874410
HIT 3 1163950620708 271 3373699956564509493
HIT 3 1168245588004 272 1324868514440001816
HIT 3 1172540555300 273 8212175867853570278
HIT 3 1176835522596 274 11946613074680891105
HIT 3 1181130489892 275 4755523063729758673
HIT 3 1185425457188 276 304673204085032026
HIT 3 1189720424484 277 2437284109804731518
HIT 3 1194015391780 278 18377753628382581364
HIT 3 1198310359076 279 5179401311182350282
HIT 3 1202605326372 280 16574212005747008187
HIT 3 1206900293668 281 13744624113135279916
HIT 3 1211195260964 282 9779222166318950534
HIT 3 1215490228260 283 13373145489626417980
HIT 3 1219785195556 284 2299403586099855306
HIT 3 1224080162852 285 5339169797302184085
HIT 3 1228375130148 286 11451368175275431147
HIT 3 1232670097444 287 2602763660683688778
HIT 3 1236965064740 288 5108466913253887694
HIT 3 1241260032036 289 15952872929843978750
HIT 3 1245554999332 290 14038975125631453569
HIT 3 1249849966628 291 11390534849630979140
HIT 3 1254144933924 292 5189099545490105402
HIT 3 1258439901220 293 16401459021220490251
HIT 3 1262734868516 294 7992331860584574213
HIT 3 1267029835812 295 373589686896463448
HIT 3 1271324803108 296 18100076696056875956
HIT 3 1275619770404 297 15629817602824449194
HIT 3 1279914737700 298 17387791665018315706
HIT 3 1284209704996 299 11294309565669033820
HIT 3 1288504672292 300 12358077983168865173
HIT 3 1292799639588 301 16011008508453740417
HIT 3 1297094606884 302 12727455139074793295
HIT 3 1301389574180 303 6324144040219355673
HIT 3 1305684541476 304 10777320307711006253
HIT 3 1309979508772 305 15144322917333646581
HIT 3 1314274476068 306 14610636759521711487
HIT 3 1318569443364 307 4083119635863836430
HIT 3 1322864410660 308 2072433429258173554
HIT 3 1327159377956 309 9034765507781140742
HIT 3 1331454345252 310 4819622833877264930
HIT 3 1335749312548 311 10718473514744730950
HIT 3 1340044279844 312 5721985604738728600
HIT 3 1344339247140 313 4471165046815254819
HIT 3 1348634214436 314 4708449348019531099
HIT 3 1352929181732 315 4196148310220790548
HIT 3 1357224149028 316 13943705689361588890
HIT 3 1361519116324 317 17842400111833946547
HIT 3 1365814083620 318 17554404751691034501
HIT 3 1370109050916 319 16694674953015324293
HIT 3 1374404018212 320 15806246614382063225
HIT 3 1378698985508 321 2970461517034198398
HIT 3 1382993952804 322 5584134174387143013
HIT 3 1387288920100 323 3002294452468635384
HIT 3 1391583887396 324 18291348350052082120
HIT 3 1395878854692 325 12383279968618893203
HIT 3 1400173821988 326 14140007576729383416
HIT 3 1404468789284 327 12940365185125510914
HIT 3 1408763756580 328 77329610652583512
HIT 3 1413058723876 329 11305721850553590338
HIT 3 1417353691172 330 597418886057901508
HIT 3 1421648658468 331 5601527894201861971
HIT 3 1425943625764 332 3268777876058181624
HIT 3 1430238593060 333 10285044353515470984
HIT 3 1434533560356 334 17813416345026612876
HIT 3 1438828527652 335 16473274105582948362
HIT 3 1443123494948 336 17851851324530048055
HIT 3 1447418462244 337 8607666699752318500
HIT 3 1451713429540 338 1282364647963735011
HIT 3 1456008396836 339 9867304899021778021
HIT 3 1460303364132 340 9191172172460502610
HIT 3 1464598331428 341 13132801028822258390
HIT 3 1468893298724 342 18179730178400842930
HIT 3 1473188266020 343 14104248138983771345
HIT 3 1477483233316 344 7873923497306590147
HIT 3 1481778200612 345 9353797045914664810
HIT 3 1486073167908 346 6736693350341888557
HIT 3 1490368135204 347 6517234915251666397
HIT 3 1494663102500 348 3112055384037050915
HIT 3 1498958069796 349 9142416089445536923
HIT 3 1503253037092 350 8113130249487708692
HIT 3 1507548004388 351 16928801063876418873
HIT 3 1511842971684 352 716401924777784068
HIT 3 1516137938980 353 15679979966742509582
HIT 3 1520432906276 354 12693808546527147107
HIT 3 1524727873572 355 738742381470117178
HIT 3 1529022840868 356 11024457323403934313
HIT 3 1533317808164 357 14434426068341966672
HIT 3 1537612775460 358 4488424420598417163
HIT 3 1541907742756 359 16722571595164801769
HIT 3 1546202710052 360 7511868701990582653
HIT 3 1550497677348 361 12579394236119274963
HIT 3 1554792644644 362 17974216741911903925
HIT 3 1559087611940 363 12722109395374963488
HIT 3 1563382579236 364 6623884493421827407
HIT 3 1567677546532 365 3805958880198333025
HIT 3 1571972513828 366 17192506064230138649
HIT 3 1576267481124 367 1390012104413834501
HIT 3 1580562448420 368 3608517287688856584
HIT 3 1584857415716 369 16946465652844623943
HIT 3 1589152383012 370 16790007747821671947
HIT 3 1593447350308 371 2118264794168650657
HIT 3 1597742317604 372 17411312139355467351
HIT 3 1602037284900 373 3603578960606622200
HIT 3 1606332252196 374 15352799059912603272
HIT 3 1610627219492 375 13813390278307650156
HIT 3 1614922186788 376 18432256816879530090
HIT 3 1619217154084 377 7321970534402760652
HIT 3 1623512121380 378 5782776217709477015
HIT 3 1627807088676 379 10434686478885000984
HIT 3 1632102055972 380 11332623991341416339
HIT 3 1636397023268 381 14837834156012888197
HIT 3 1640691990564 382 13628367190178550151
HIT 3 1644986957860 383 8261753509085776406
HIT 3 1649281925156 384 1912455586904138646
HIT 3 1653576892452 385 17438752677467430293
HIT 3 1657871859748 386 55970952159265982
HIT 3 1662166827044 387 17777983207179660544
HIT 3 1666461794340 388 4338559253842031892
HIT 3 1670756761636 389 6179113207203399934
HIT 3 1675051728932 390 9842307271742301771
HIT 3 1679346696228 391 1000235331654989308
HIT 3 1683641663524 392 8696776728824751191
HIT 3 1687936630820 393 9215534147796029562
HIT 3 1692231598116 394 3914287562588984253
HIT 3 1696526565412 395 16436706467746339125
HIT 3 1700821532708 396 13553190789458220249
HIT 3 1705116500004 397 15646719025808094898
HIT 3 1709411467300 398 2118193057995646928
HIT 3 1713706434596 399 18024301436259836192
HIT 3 1718001401892 400 7985707976642083458
HIT 3 1722296369188 401 3069575943266335645
HIT 3 1726591336484 402 8815808241783923478
HIT 3 1730886303780 403 14149575033321669690
HIT 3 1735181271076 404 10252456249782740542
HIT 3 1739476238372 405 2450761800197377007
HIT 3 1743771205668 406 13867100213365189882
HIT 3 1748066172964 407 16285642503781812411
HIT 3 1752361140260 408 17370595534979776740
HIT 3 1756656107556 409 226560889835008063
HIT 3 1760951074852 410 17551892783786401882
HIT 3 1765246042148 411 8454413427114410803
HIT 3 1769541009444 412 18431465803057713663
HIT 3 1773835976740 413 17536188648816363531
HIT 3 1778130944036 414 4522632535373151994
HIT 3 1782425911332 415 12673130725042409234
HIT 3 1786720878628 416 5978519883672868193
HIT 3 1791015845924 417 14412396720183005140
HIT 3 1795310813220 418 1744740037444114670
HIT 3 1799605780516 419 17052735217391356522
HIT 3 1803900747812 420 13954772935727709950
HIT 3 1808195715108 421 5374684907607263689
HIT 3 1812490682404 422 10733092557229520315
HIT 3 1816785649700 423 14581754650460277586
HIT 3 1821080616996 424 10439911262553523384
HIT 3 1825375584292 425 11009125871831046871
HIT 3 1829670551588 426 17232571627136699189
HIT 3 1833965518884 427 4084971030094330889
HIT 3 1838260486180 428 5735159984633230526
HIT 3 1842555453476 429 15051266074875697801
HIT 3 1846850420772 430 6220623965674100702
HIT 3 1851145388068 431 10885716962802706539
HIT 3 1855440355364 432 8194518276037690611
HIT 3 1859735322660 433 4892412299789774428
HIT 3 1864030289956 434 12856121688665031937
HIT 3 1868325257252 435 14189810933326529966
HIT 3 1872620224548 436 14104777631081339366
HIT 3 1876915191844 437 4754928589633389415
HIT 3 1881210159140 438 13336343263811801848
HIT 3 1885505126436 439 2411686500032007272
HIT 3 1889800093732 440 10657011392881994620
HIT 3 1894095061028 441 14269810933685348600
HIT 3 1898390028324 442 7873554596432883961
HIT 3 1902684995620 443 17537202941768740501
HIT 3 1906979962916 444 5462768601247389923
HIT 3 1911274930212 445 415449351378073583
HIT 3 1915569897508 446 14181324536404928287
HIT 3 1919864864804 447 16637068880243324944
HIT 3 1924159832100 448 7375999583318979286
HIT 3 1928454799396 449 3742808917008971009
HIT 3 1932749766692 450 1387122042804391022
HIT 3 1937044733988 451 1029605617411655278
HIT 3 1941339701284 452 10380671448199750389
HIT 3 1945634668580 453 11641005861518936164
HIT 3 1949929635876 454 14181575136346192874
HIT 3 1954224603172 455 12691889259533320285
HIT 3 1958519570468 456 3945145458906795163
HIT 3 1962814537764 457 4342648904324585751
HIT 3 1967109505060 458 4507626137520667468
HIT 3 1971404472356 459 7458334587197062101
HIT 3 1975699439652 460 15388937714887662836
HIT 3 1979994406948 461 6970531473350563746
HIT 3 1984289374244 462 1693692387441843118
HIT 3 1988584341540 463 4507125697003242291
HIT 3 1992879308836 464 14127276400877753391
HIT 3 1997174276132 465 7980378422134101996
HIT 3 2001469243428 466 17663621453455916611
HIT 3 2005764210724 467 16066188902677011937
HIT 3 2010059178020 468 7426151256133378534
HIT 3 2014354145316 469 12590865375546254345
HIT 3 2018649112612 470 8769560873852195168
HIT 3 2022944079908 471 6623679554547934690
HIT 3 2027239047204 472 13384091261008397586
HIT 3 2031534014500 473 12493753018763151195
HIT 3 2035828981796 474 6877090521663148052
HIT 3 2040123949092 475 6010524063997341570
HIT 3 2044418916388 476 1962062813646136425
HIT 3 2048713883684 477 15229238358180705857
HIT 3 2053008850980 478 13080743583677909384
HIT 3 2057303818276 479 11461197088919625158
HIT 3 2061598785572 480 16766163626107399989
HIT 3 2065893752868 481 4097403613464039075
HIT 3 2070188720164 482 14776584315446463841
HIT 3 2074483687460 483 15235119146433473438
HIT 3 2078778654756 484 15506330785942354625
HIT 3 2083073622052 485 10101103082346307133
HIT 3 2087368589348 486 13410539998872635118
HIT 3 2091663556644 487 4258930575893870871
HIT 3 2095958523940 488 9718156636057519608
HIT 3 2100253491236 489 4514005023830726186
HIT 3 2104548458532 490 12498666648344200536
HIT 3 2108843425828 491 737098923159373125
HIT 3 2113138393124 492 1659974682517966845
HIT 3 2117433360420 493 815618272374907745
HIT 3 2121728327716 494 3521665939810500299
HIT 3 2126023295012 495 14186425491124625335
HIT 3 2130318262308 496 18291549262863626589
HIT 3 2134613229604 497 4471541504393861833
HIT 3 2138908196900 498 16970062716623344242
HIT 3 2143203164196 499 6889875351742149882
HIT 3 2147498131492 500 69244621593070173
HIT 3 2151793098788 501 10719331403383264398
HIT 3 2156088066084 502 12797447146675479905
HIT 3 2160383033380 503 2977019293102293053
HIT 3 2164678000676 504 17060690092987787332
HIT 3 2168972967972 505 3595402716699758561
HIT 3 2173267935268 506 4830663927865647088
HIT 3 2177562902564 507 250394164404654906
HIT 3 2181857869860 508 10271030679810340981
HIT 3 2186152837156 509 3627438448178756435
HIT 3 2190447804452 510 9435022606152641886
HIT 3 2194742771748 511 7323484325660563660
HIT 3 966382190628 225 15158770422832968651
HIT 3 1039396634660 242 8247316279343307994
HIT 3 1855440420900 432 17514768356021409004
HIT 3 2014354210852 469 4752106764030645930
HIT 3 1030806765604 240 3353437776346986122
HIT 3 1039396700196 242 1627751440821836028
HIT 3 1043691667492 243 1029459137348644438
HIT 3 1047986634788 244 15525473013085078182
HIT 3 1846850551844 430 10946099990469313056
HIT 3 1855440486436 432 6402937697556142393
HIT 3 1859735453732 433 2413519667117309520
HIT 3 1864030421028 434 16521443059037293722
HIT 3 2005764341796 467 1086472686614510727
HIT 3 2010059309092 468 5363241076762371408
HIT 3 2014354276388 469 17468206043091725108
HIT 3 2022944210980 471 4207252739636532613
HIT 3 1039396765732 242 17046310313666692634
HIT 3 1855440551972 432 2860696580335463398
HIT 3 2014354341924 469 5403391930907751658
HIT 3 1039396831268 242 15344062642676895640
HIT 3 1855440617508 432 1604801297952569740
HIT 3 2014354407460 469 10943296180407038772
HIT 3 1039396896804 242 10994502593633962371
HIT 3 1855440683044 432 9918338171910429224
HIT 3 2014354472996 469 16762081040357001458
HIT 3 1039396962340 242 5919664708026757614
HIT 3 1855440748580 432 11665348549186781315
HIT 3 2014354538532 469 12624473663697318826
HIT 3 1039397027876 242 250094755668563885
HIT 3 1855440814116 432 13720028934569683972
HIT 3 2014354604068 469 17626941653326022160
HIT 3 1039397093412 242 5518308252615714658
HIT 3 1855440879652 432 16948195047758133660
HIT 3 2014354669604 469 8767093939900800807
HIT 3 1039397158948 242 7575401454146460209
HIT 3 1855440945188 432 6676633804068986880
HIT 3 2014354735140 469 15982807383472568679
HIT 3 1039397224484 242 12156096544228988663
HIT 3 1855441010724 432 15221809947820288
HIT 3 2014354800676 469 11693782650022250535
HIT 3 1039397290020 242 17358962917216267548
HIT 3 1855441076260 432 1302335698695901877
HIT 3 2014354866212 469 2434763388263881422
HIT 3 1039397355556 242 5476707303493745885
HIT 3 1855441141796 432 18063266948429815941
HIT 3 2014354931748 469 10589594512917221532
HIT 3 1039397421092 242 17309283705965969358
HIT 3 1855441207332 432 4608609085767655208
HIT 3 2014354997284 469 6764354726612350313
HIT 3 1039397486628 242 1357758442743516148
HIT 3 1855441272868 432 12865134612261131297
HIT 3 2014355062820 469 16898095988953054753
HIT 3 1039397552164 242 313337615413184769
HIT 3 1855441338404 432 9219919497376390679
HIT 3 2014355128356 469 16010653214403257266
HIT 3 1039397617700 242 8012215392117518478
HIT 3 1855441403940 432 15033064759403983359
HIT 3 2014355193892 469 13697268186587190439
HIT 3 1030807748644 240 6834757502954598134
HIT 3 1039397683236 242 13856160382257330012
HIT 3 1855441469476 432 10141657616208717547
HIT 3 2014355259428 469 2061965739511947019
HIT 3 1039397748772 242 6834757502954598134
HIT 3 1855441731619 432 2679354930882325182
HIT 3 2014355521571 469 841237220382988945
HIT 3 1855441535012 432 17105317411691009542
HIT 3 2014355324964 469 11393371043208925592
HIT 3 1039397814308 242 11335255713521620706
HIT 3 1846851665956 430 14343038387324274779
HIT 3 1855441600548 432 1292266202710194581
HIT 3 1859736567844 433 7691782381499960876
HIT 3 1864031535140 434 13953980209117175511
HIT 3 2005765455908 467 15515369662052212990
HIT 3 2010060423204 468 15441648831134536073
HIT 3 2014355390500 469 11333358845142676926
HIT 3 2022945325092 471 1808194196202999061
HIT 3 1039397879844 242 5883274955207634069
HIT 3 1047987814436 244 11335255713521620706
HIT 3 1855441666084 432 2073013420318408337
HIT 3 2014355456036 469 37909826482425214
HIT 3 1047987879972 244 13322267226178974833
HIT 3 1052282847268 245 6821445760106786107
HIT 3 1056577814564 246 7490068937026047989
HIT 3 1060872781860 247 4652307336437251218
HIT 3 1065167749156 248 18352711170596643359
HIT 3 1069462716452 249 10495445011072513444
HIT 3 1073757683748 250 1685537943573650544
HIT 3 1078052651044 251 7188690839305356727
HIT 3 1082347618340 252 13630439528321853466
HIT 3 1086642585636 253 9824246380378388695
HIT 3 1090937552932 254 17954162513420128874
HIT 3 1095232520228 255 13738837965948168154
HIT 3 1099527487524 256 1407084505755894631
HIT 3 1103822454820 257 14606892823188422493
HIT 3 1108117422116 258 17889291804591167204
HIT 3 1112412389412 259 7720303477506220504
HIT 3 1116707356708 260 5641859616294689376
HIT 3 1121002324004 261 8762121879875968686
HIT 3 1125297291300 262 8453112181459515661
HIT 3 1129592258596 263 14169407950746045726
HIT 3 1133887225892 264 12794440297665002412
HIT 3 1138182193188 265 15649539727064167413
HIT 3 1142477160484 266 7035816488062666548
HIT 3 1146772127780 267 12793267645982501651
HIT 3 1151067095076 268 12463769470940727170
HIT 3 1155362062372 269 8976507999615878676
HIT 3 1159657029668 270 8002197078331912302
HIT 3 1163951996964 271 3541318922354264796
HIT 3 1168246964260 272 8906447016341725249
HIT 3 1172541931556 273 18193439479852579695
HIT 3 1176836898852 274 13035996418334547955
HIT 3 1181131866148 275 14794254157900211683
HIT 3 1185426833444 276 9448446996604535620
HIT 3 1189721800740 277 15651620013128485868
HIT 3 1194016768036 278 12902976694073023243
HIT 3 1198311735332 279 4283469009393046371
HIT 3 1202606702628 280 5828478110618510034
HIT 3 1206901669924 281 6987828666309291905
HIT 3 1211196637220 282 12595341825892596227
HIT 3 1215491604516 283 7553357744523258930
HIT 3 1219786571812 284 16225688001636764633
HIT 3 1224081539108 285 5238589636636249821
HIT 3 1228376506404 286 16018155831617592273
HIT 3 1232671473700 287 14158561701025164941
HIT 3 1236966440996 288 5071463505822624862
HIT 3 1241261408292 289 16598479338410821732
HIT 3 1245556375588 290 16106494999494221370
HIT 3 1249851342884 291 14744563433322211107
HIT 3 1254146310180 292 4197015372566074760
HIT 3 1258441277476 293 13858930269885651061
HIT 3 1262736244772 294 10787018902965426399
HIT 3 1267031212068 295 1255375382797236287
HIT 3 1271326179364 296 3083003840016142986
HIT 3 1275621146660 297 14043861869731621331
HIT 3 1279916113956 298 6521264839193437655
HIT 3 1284211081252 299 3116807067546178093
HIT 3 1288506048548 300 10989717391412576755
HIT 3 1292801015844 301 17307137298095143157
HIT 3 1297095983140 302 12620542748119982193
HIT 3 1301390950436 303 1165348495990853130
HIT 3 1305685917732 304 8082670237666346139
HIT 3 1309980885028 305 7952293225132990334
HIT 3 1314275852324 306 7313450671695485961
HIT 3 1318570819620 307 3547847993535846560
HIT 3 1322865786916 308 932830509270810806
HIT 3 1327160754212 309 17629888283556306465
HIT 3 1331455721508 310 13461764913365073527
HIT 3 1335750688804 311 1800007553897431303
HIT 3 1340045656100 312 3372155490031164879
HIT 3 1344340623396 313 9104207470101185769
HIT 3 1348635590692 314 11164621735059799036
HIT 3 1352930557988 315 2284874594162259072
HIT 3 1357225525284 316 6301017337736912718
HIT 3 1361520492580 317 1428551839280501966
HIT 3 1365815459876 318 7993543575868080885
HIT 3 1370110427172 319 4303652202190799030
HIT 3 1374405394468 320 6149711445671874202
HIT 3 1378700361764 321 8589258090559002527
HIT 3 1382995329060 322 15661581447068730629
HIT 3 1387290296356 323 6567290837462741559
HIT 3 1391585263652 324 16128861786525083652
HIT 3 1395880230948 325 17060638557431470722
HIT 3 1400175198244 326 14535789483326044457
HIT 3 1404470165540 327 7375640621401775960
HIT 3 1408765132836 328 17703304724753102657
HIT 3 1413060100132 329 470701470330845971
HIT 3 1417355067428 330 5652972445352208631
HIT 3 1421650034724 331 4315836012964188373
HIT 3 1425945002020 332 7638893214277299443
HIT 3 1430239969316 333 9713209283306106980
HIT 3 1434534936612 334 16057550408579336088
HIT 3 1438829903908 335 11792102474064325317
HIT 3 1443124871204 336 8868098482123224070
HIT 3 1447419838500 337 7444085568371387574
HIT 3 1451714805796 338 1510005316839214068
HIT 3 1456009773092 339 3238655670339291859
HIT 3 1460304740388 340 3644574813437292420
HIT 3 1464599707684 341 2389425960957842276
HIT 3 1468894674980 342 16393219361697777864
HIT 3 1473189642276 343 13181437586932305873
HIT 3 1477484609572 344 2561022122853624458
HIT 3 1481779576868 345 1139167633467099689
HIT 3 1486074544164 346 1493747646638221728
HIT 3 1490369511460 347 11672403061511056371
HIT 3 1494664478756 348 13510495608688514437
HIT 3 1498959446052 349 18384143869041137921
HIT 3 1503254413348 350 10503671095799744702
HIT 3 1507549380644 351 15527561106754326044
HIT 3 1511844347940 352 17543757879505108603
HIT 3 1516139315236 353 10701880001102620035
HIT 3 1520434282532 354 4855431461362543505
HIT 3 1524729249828 355 1420936267020437140
HIT 3 1529024217124 356 3161649373053722985
HIT 3 1533319184420 357 12373204609126976244
HIT 3 1537614151716 358 10205669818596474668
HIT 3 1541909119012 359 7393179188764287483
HIT 3 1546204086308 360 2422537361124695423
HIT 3 1550499053604 361 13487345333293469202
HIT 3 1554794020900 362 2146604928772156299
HIT 3 1559088988196 363 5273375617748947032
HIT 3 1563383955492 364 16293351195495206013
HIT 3 1567678922788 365 16446915303288624025
HIT 3 1571973890084 366 9760598049860715934
HIT 3 1576268857380 367 12369587920303540422
HIT 3 1580563824676 368 3594224849468900230
HIT 3 1584858791972 369 13459713103085362113
HIT 3 1589153759268 370 10709440990763338088
HIT 3 1593448726564 371 15273146363283505861
HIT 3 1597743693860 372 6270816550730150966
HIT 3 1602038661156 373 15964322752212145668
HIT 3 1606333628452 374 12355223177270239666
HIT 3 1610628595748 375 5758861163591141442
HIT 3 1614923563044 376 1503494044261778092
HIT 3 1619218530340 377 18289533801400418045
HIT 3 1623513497636 378 8288398228030960155
HIT 3 1627808464932 379 12307784498464898450
HIT 3 1632103432228 380 18161293526408027218
HIT 3 1636398399524 381 12138872068691150779
HIT 3 1640693366820 382 11565008053137699063
HIT 3 1644988334116 383 17216145239563265823
HIT 3 1649283301412 384 3772896528583964699
HIT 3 1653578268708 385 14907660921083686337
HIT 3 1657873236004 386 182131309286576304
HIT 3 1662168203300 387 9410564311900294711
HIT 3 1666463170596 388 8307750758945251682
HIT 3 1670758137892 389 7196668364566041434
HIT 3 1675053105188 390 18094243956867751869
HIT 3 1679348072484 391 6308989182597528343
HIT 3 1683643039780 392 14151015815105666308
HIT 3 1687938007076 393 9350140399063998250
HIT 3 1692232974372 394 17885813579717096575
HIT 3 1696527941668 395 12746496981550068380
HIT 3 1700822908964 396 17136893066310273199
HIT 3 1705117876260 397 8269857049565699933
HIT 3 1709412843556 398 6719672691156009784
HIT 3 1713707810852 399 11644238003063017418
HIT 3 1718002778148 400 14574528177612033364
HIT 3 1722297745444 401 6694230295996330056
HIT 3 1726592712740 402 5090958382434135734
HIT 3 1730887680036 403 17697434603639760279
HIT 3 1735182647332 404 2279498741877245144
HIT 3 1739477614628 405 12430217310368621087
HIT 3 1743772581924 406 15004850127801261188
HIT 3 1748067549220 407 742005027931426832
HIT 3 1752362516516 408 2529346226904207230
HIT 3 1756657483812 409 6198012535160583635
HIT 3 1760952451108 410 11719221569829984276
HIT 3 1765247418404 411 3664600693987649900
HIT 3 1769542385700 412 14688884853301940029
HIT 3 1773837352996 413 18310060909073871168
HIT 3 1778132320292 414 7128963010372286900
HIT 3 1782427287588 415 10653830861338487629
HIT 3 1786722254884 416 6736338729997434581
HIT 3 1791017222180 417 6980802843446297052
HIT 3 1795312189476 418 14482313027066399857
HIT 3 1799607156772 419 8936999153240079004
HIT 3 1803902124068 420 14976778661192984497
HIT 3 1808197091364 421 16065083655946980224
HIT 3 1812492058660 422 7355276425196231847
HIT 3 1816787025956 423 10278541731498637312
HIT 3 1821081993252 424 3276998819269263033
HIT 3 1825376960548 425 17764303593143288429
HIT 3 1829671927844 426 8699345548931403389
HIT 3 1833966895140 427 14369515105928370732
HIT 3 1838261862436 428 8206146328082375128
HIT 3 1842556829732 429 16856592484136704469
HIT 3 1846851797028 430 10536306906907636910
HIT 3 1851146764324 431 4557781305968876869
HIT 3 1855441731620 432 12277800920395472262
HIT 3 1859736698916 433 17546298014762018191
HIT 3 1864031666212 434 539404477268254170
HIT 3 1868326633508 435 3756085417343431269
HIT 3 1872621600804 436 18065359729594360313
HIT 3 1876916568100 437 11342748486723845385
HIT 3 1881211535396 438 15914497706383632896
HIT 3 1885506502692 439 8442297594608183765
HIT 3 1889801469988 440 17069823085853267091
HIT 3 1894096437284 441 18151430464081057419
HIT 3 1898391404580 442 3908306173959142488
HIT 3 1902686371876 443 10440629133737562547
HIT 3 1906981339172 444 5041387249251041063
HIT 3 1911276306468 445 5343512691150089630
HIT 3 1915571273764 446 1471245838712964766
HIT 3 1919866241060 447 6866772346717040862
HIT 3 1924161208356 448 17768544624350345211
HIT 3 1928456175652 449 18254881671891822663
HIT 3 1932751142948 450 17680648554903255021
HIT 3 1937046110244 451 17741248157847925457
HIT 3 1941341077540 452 13822042042905154521
HIT 3 1945636044836 453 11974900598622567892
HIT 3 1949931012132 454 12569097269279493645
HIT 3 1954225979428 455 539790815775224573
HIT 3 1958520946724 456 7498386488169568604
HIT 3 1962815914020 457 636497623452889470
HIT 3 1967110881316 458 2549378527977236686
HIT 3 1971405848612 459 11118901330041151857
HIT 3 1975700815908 460 12899699646314766335
HIT 3 1979995783204 461 16408309958897980012
HIT 3 1984290750500 462 16160276151309092274
HIT 3 1988585717796 463 1804574919158147599
HIT 3 1992880685092 464 5751507758418207017
HIT 3 1997175652388 465 1678422447190558327
HIT 3 2001470619684 466 9793122525278370242
HIT 3 2005765586980 467 17992389994137412559
HIT 3 2010060554276 468 1336569622748569224
HIT 3 2014355521572 469 3319888717173364724
HIT 3 2018650488868 470 11395105473507757603
HIT 3 2022945456164 471 5540957441176484288
HIT 3 2027240423460 472 14757318761833595807
HIT 3 2031535390756 473 1351637918751629207
HIT 3 2035830358052 474 7416349773437592919
HIT 3 2040125325348 475 6596114520274978997
HIT 3 2044420292644 476 203155093943001602
HIT 3 2048715259940 477 9677009619330509497
HIT 3 2053010227236 478 4299232646598784345
HIT 3 2057305194532 479 10552715212390367455
HIT 3 2061600161828 480 9425817233400177167
HIT 3 2065895129124 481 3959544024447056794
HIT 3 2070190096420 482 6439897183320069739
HIT 3 2074485063716 483 764751608108947226
HIT 3 2078780031012 484 5704900003983094421
HIT 3 2083074998308 485 1048383687592569172
HIT 3 2087369965604 486 13493185171353620398
HIT 3 2091664932900 487 1903200608314451648
HIT 3 2095959900196 488 7565898353360852057
HIT 3 2100254867492 489 11490273047820506770
HIT 3 2104549834788 490 16557279039690849356
HIT 3 2108844802084 491 10893756031052146336
HIT 3 2113139769380 492 8990419113881189569
HIT 3 2117434736676 493 1877281876089270838
HIT 3 2121729703972 494 14898511555293710838
HIT 3 2126024671268 495 982691124145285303
HIT 3 2130319638564 496 2467828398743054553
HIT 3 2134614605860 497 15259989741356886783
HIT 3 2138909573156 498 8439202776922989248
HIT 3 2143204540452 499 6293877494780997785
HIT 3 2147499507748 500 10981931952428563281
HIT 3 2151794475044 501 7038997594881181281
HIT 3 2156089442340 502 15056429060069003027
HIT 3 2160384409636 503 6005079959682756422
HIT 3 2164679376932 504 1812442701756898288
HIT 3 2168974344228 505 17062309701891526475
HIT 3 2173269311524 506 3758721354124686203
HIT 3 2177564278820 507 8935403280008621037
HIT 3 2181859246116 508 11320674753003816137
HIT 3 2186154213412 509 17667472846751874635
HIT 3 2190449180708 510 1326490682108528586
HIT 3 2194744148004 511 13942426965247822829
HIT 3 1047987945508 244 7701281164232938971
HIT 3 1052282912804 245 4652307336437251218
HIT 3 1056577880100 246 13322267226178974833
HIT 3 1846851862564 430 14612466552717566156
HIT 3 1855441797156 432 14465212627593459956
HIT 3 1859736764452 433 14233962039823264781
HIT 3 1864031731748 434 9075899686653138381
HIT 3 2005765652516 467 9288518759068935417
HIT 3 2010060619812 468 5971524324134801187
HIT 3 2014355587108 469 7193829461995418384
HIT 3 2022945521700 471 2688387073526181896
HIT 3 1846851928100 430 5220805815343017482
HIT 3 1855441862692 432 12246256144779558050
HIT 3 1859736829988 433 15880482027736404507
HIT 3 1864031797284 434 4207252739636532613
HIT 3 2005765718052 467 8063119996237397137
HIT 3 2010060685348 468 3808607750254133018
HIT 3 2014355652644 469 8249420806784522983
HIT 3 2022945587236 471 16521443059037293722
HIT 3 1056578011172 246 14028909342038812679
HIT 3 1855441928228 432 6366387341169737551
HIT 3 2014355718180 469 4048764328844338842
HIT 3 1855441993764 432 15085126052964171243
HIT 3 2014355783716 469 5963799295500242313
HIT 3 1855442059300 432 12595823771779226648
HIT 3 2014355849252 469 14938225785998891949
HIT 3 1855442124836 432 1010946711439161224
HIT 3 2014355914788 469 5398438334046960305
HIT 3 1855442190372 432 5270569291727368614
HIT 3 2014355980324 469 6028938861937563845
HIT 3 1855442255908 432 17341725382477455106
HIT 3 2014356045860 469 17434100830533351295
HIT 3 1855442321444 432 17965825547700746823
HIT 3 2014356111396 469 11362738494078415302
HIT 3 1855442386980 432 15441634065680133504
HIT 3 2014356176932 469 6685795878668745814
HIT 3 1855442452516 432 12255562843774050714
HIT 3 2014356242468 469 8091050375821179507
HIT 3 1855442518052 432 8207588236794748039
HIT 3 2014356308004 469 10538694701781164957
HIT 3 1855442583588 432 13065204905280805831
HIT 3 2014356373540 469 12289352591957347917
HIT 3 1855442649124 432 3618422058611706943
HIT 3 2014356439076 469 17141608181150567811
HIT 3 1855442714660 432 773605935084746941
HIT 3 2014356504612 469 7990557161590994499
HIT 3 1855442780196 432 5447654639617538348
HIT 3 2014356570148 469 15575330653320981874
HIT 3 1855442845732 432 17735526257362847865
HIT 3 2014356635684 469 5001140296156797817
HIT 3 1855442911268 432 15376188296941314237
HIT 3 2014356701220 469 8349450040704568634
HIT 3 1855442976804 432 13356827586960759604
HIT 3 2014356766756 469 8882088662696498882
HIT 3 1855443042340 432 12399505780949053910
HIT 3 2014356832292 469 12567612703422908455
HIT 3 1855443107876 432 741716533486344312
HIT 3 2014356897828 469 997358959070299132
HIT 3 1855443173412 432 2237193334460222465
HIT 3 2014356963364 469 6676972676169784897
HIT 3 1855443238948 432 17110845263611211176
HIT 3 2014357028900 469 13935083142777964139
HIT 3 1855443304484 432 3603701886376812485
HIT 3 2014357094436 469 3492204551641550774
HIT 3 1855443370020 432 6888670600579296398
HIT 3 2014357159972 469 16481539174703219408
HIT 3 1855443435556 432 5249777148499973787
HIT 3 2014357225508 469 7714808295160203765
HIT 3 1855443501092 432 3253219435406148458
HIT 3 2014357291044 469 10554750138770114261
HIT 3 1855443566628 432 5903751367049640762
HIT 3 2014357356580 469 10858114465710708379
HIT 3 1855443632164 432 4971073719250322355
HIT 3 2014357422116 469 9487261436663513054
HIT 3 1855443697700 432 3248773050759904302
HIT 3 2014357487652 469 5904661542737326116
HIT 3 1855443763236 432 13460469337253632034
HIT 3 2014357553188 469 12526026881646771309
HIT 3 1855443828772 432 6707080533672862181
HIT 3 2014357618724 469 18119433497641148447
HIT 3 1855443894308 432 1445833738083200484
HIT 3 2014357684260 469 4251954620198747563
HIT 3 1855443959844 432 13087058824570592175
HIT 3 2014357749796 469 1098308243161634915
HIT 3 1855444025380 432 1796728057553513880
HIT 3 2014357815332 469 397235981249759844
HIT 3 1855444090916 432 15823808518657443556
HIT 3 2014357880868 469 9077481595531559775
HIT 3 1855444156452 432 14027492048369161811
HIT 3 2014357946404 469 11301147860305184595
HIT 3 1855444221988 432 3882503206809871905
HIT 3 2014358011940 469 2552551555203274656
HIT 3 1855444287524 432 18210680757668621906
HIT 3 2014358077476 469 14242136835310794524
HIT 3 1855444353060 432 15538965105988231907
HIT 3 2014358143012 469 15670021062813594670
HIT 3 1855444418596 432 6720102271533953391
HIT 3 2014358208548 469 18429324245666172123
HIT 3 1855444484132 432 49580345071661434
HIT 3 2014358274084 469 14385993093551565688
HIT 3 1855444549668 432 3266665716934504721
HIT 3 2014358339620 469 8547606471763473216
HIT 3 1855444615204 432 8597975496387008608
HIT 3 2014358405156 469 3634084375390788550
HIT 3 1855444680740 432 12117708783355050857
HIT 3 2014358470692 469 8192307160138094437
HIT 3 1855444746276 432 1968414865980838023
HIT 3 2014358536228 469 12241411028229476307
HIT 3 1039396438054 242 13188803004002228149
HIT 3 1855440224294 432 3103456970551697934
HIT 3 2014354014246 469 4286753466624691764
HIT 3 957792124966 223 286764730770281618
HIT 3 1039396503590 242 12907645578090049237
HIT 3 1855440289830 432 14349961814218323354
HIT 3 2014354079782 469 13994565282584215109
HIT 3 1030806634534 240 363551418828816647
HIT 3 1039396569126 242 12273054041923822037
HIT 3 1043691536422 243 14330846637512692403
HIT 3 1047986503718 244 16865315271031765906
HIT 3 1855444811812 432 12516474980104768616
HIT 3 2014358601764 469 3957846943967922970
HIT 3 1855444877348 432 8909270151588145566
HIT 3 2014358667300 469 10888995425029149012
HIT 3 1855444942884 432 8414017401649670794
HIT 3 2014358732836 469 1586870076751231647
HIT 3 1855445008420 432 7156972967318525257
HIT 3 2014358798372 469 4784526071341892620
HIT 3 1855445073956 432 8976628605568207047
HIT 3 2014358863908 469 2204366407926361948
HIT 3 1855445139492 432 10257635737368071508
HIT 3 2014358929444 469 8357902532417867191
HIT 3 1855445205028 432 12985745369046788173
HIT 3 2014358994980 469 9659861964956180221
HIT 3 1855445270564 432 3704608902443490389
HIT 3 2014359060516 469 16231512210855938097
HIT 3 1855445336100 432 12150385562419938024
HIT 3 2014359126052 469 2498581461147114566
HIT 3 1855445401636 432 16188873316253316225
HIT 3 2014359191588 469 2138867818246235963
HIT 3 1855445467172 432 7547052944130697714
HIT 3 2014359257124 469 14095211417031292640
HIT 3 1855445532708 432 2065428244637127322
HIT 3 2014359322660 469 6958296309467288025
HIT 3 1855445598244 432 17445012130171353498
HIT 3 2014359388196 469 13259936946126648114
HIT 3 1855445663780 432 12580550929578316264
HIT 3 2014359453732 469 18180828581511308053
HIT 3 1855445729316 432 14911066580613785794
HIT 3 2014359519268 469 777533802343056777
HIT 3 1855445794852 432 11749599057474789777
HIT 3 2014359584804 469 13142383572472618523
HIT 3 1855445860388 432 17107066902083622521
HIT 3 2014359650340 469 14184507883768327748
HIT 3 1855445925924 432 1569777148182179737
HIT 3 2014359715876 469 17438081128543267582
HIT 3 1855445991460 432 6115175985856260201
HIT 3 2014359781412 469 11734905085714428460
HIT 3 1855446056996 432 10999681606262571064
HIT 3 2014359846948 469 14413549686323225695
HIT 3 1855446122532 432 9129531252531764986
HIT 3 2014359912484 469 5751104128979746192
HIT 3 1855446188068 432 8188535585353385193
HIT 3 2014359978020 469 14491422322976243026
HIT 3 1855446253604 432 17919481300872009937
HIT 3 2014360043556 469 18329557583196191760
HIT 3 1855446319140 432 5972058717186254687
HIT 3 2014360109092 469 14174523250129510752
HIT 3 1855446384676 432 3693543845284037748
HIT 3 2014360174628 469 2809060153341712919
HIT 3 1855446450212 432 862097654819449165
HIT 3 2014360240164 469 6251573327808928133
HIT 3 1855446515748 432 16287050460589333361
HIT 3 2014360305700 469 16325288122173615526
HIT 3 1846850420774 430 633488147318207601
HIT 3 1855440355366 432 3991760441181512268
HIT 3 1859735322662 433 15217361873351669624
HIT 3 1864030289958 434 8569067208134427084
HIT 3 2005764210726 467 5273186190177840200
HIT 3 2010059178022 468 11734079788635913540
HIT 3 2014354145318 469 7313376785210563185
HIT 3 2022944079910 471 7802817189019090225
HIT 3 1039396700198 242 7839997035483482277
HIT 3 1855440486438 432 10591486852745738226
HIT 3 2014354276390 469 6860009586992834270
HIT 3 1855446581284 432 5965385773176805428
HIT 3 2014360371236 469 13316905894199928450
HIT 3 1855446646820 432 15127748251515749314
HIT 3 2014360436772 469 7267203865914041530
HIT 3 1855446712356 432 18282805752534326929
HIT 3 2014360502308 469 7614032104674787445
HIT 3 1855446777892 432 18102762669920618993
HIT 3 2014360567844 469 14531737640238397776
HIT 3 1855446843428 432 6166861142173469266
HIT 3 2014360633380 469 6955431281880865905
HIT 3 1855446908964 432 14373820741776942717
HIT 3 2014360698916 469 10278584662028170199
HIT 3 1855446974500 432 12414095400715107792
HIT 3 2014360764452 469 109974676797731115
HIT 3 1855447040036 432 1851412982211789843
HIT 3 2014360829988 469 1680399894973919851
HIT 3 1855447105572 432 1442640706896362128
HIT 3 2014360895524 469 12542723064116760525
HIT 3 1855447171108 432 6881935945520943582
HIT 3 2014360961060 469 11740385251536936328
HIT 3 1855447236644 432 3446952839554706287
HIT 3 2014361026596 469 11897639017422591791
HIT 3 1855447302180 432 3745978523336805027
HIT 3 2014361092132 469 10820200131775223920
HIT 3 1855447367716 432 13987475071031419919
HIT 3 2014361157668 469 11489397171097367832
HIT 3 1855447433252 432 16803723812715151339
HIT 3 2014361223204 469 10840671933309773452
HIT 3 1855447498788 432 6771624403534226420
HIT 3 2014361288740 469 3013578923203939587
HIT 3 1855447564324 432 13775323934957001924
HIT 3 2014361354276 469 17713160376795696832
HIT 3 1855447629860 432 14891888581030311040
HIT 3 2014361419812 469 7863161863002360118
HIT 3 1855447695396 432 9909678858332798121
HIT 3 2014361485348 469 2913277704802549605
HIT 3 1855447760932 432 13538481196036474079
HIT 3 2014361550884 469 16064759087601091683
HIT 3 1855447826468 432 4198784991519378052
HIT 3 2014361616420 469 14668838003351535687
HIT 3 1855447892004 432 3030092661266636177
HIT 3 2014361681956 469 2823341052338818685
HIT 3 1855447957540 432 15607971680009499466
HIT 3 2014361747492 469 2922668696994728943
HIT 3 1855448023076 432 17497091400743148714
HIT 3 2014361813028 469 9540549986673802292
HIT 3 1855448088612 432 13327121225098132584
HIT 3 2014361878564 469 8148876508768462502
HIT 3 1855448154148 432 7997466087216574367
HIT 3 2014361944100 469 11408723379201995618
HIT 3 1855448219684 432 17178649077770772236
HIT 3 2014362009636 469 17781134889277105892
HIT 3 1855448285220 432 3871116048999408980
HIT 3 2014362075172 469 9930121073302559715
HIT 3 1855448350756 432 16904797980493990418
HIT 3 2014362140708 469 1965097869333729856
HIT 3 1855448416292 432 10962952319787706536
HIT 3 2014362206244 469 5622767532763899925
HIT 3 1855448481828 432 2086760770691241094
HIT 3 2014362271780 469 17251440068799642159
HIT 3 1855441600550 432 2189163544148244852
HIT 3 2014355390502 469 8469587682855922706
HIT 3 1846851797030 430 9991146576676348661
HIT 3 1855441731622 432 16684672408481014441
HIT 3 1859736698918 433 8978261265244136467
HIT 3 1864031666214 434 9071874083919908817
HIT 3 2005765586982 467 3842050203171617198
HIT 3 2010060554278 468 11276996058238259630
HIT 3 2014355521574 469 7841874259445566430
HIT 3 2022945456166 471 7312770502134470350
HIT 3 1047987945510 244 2623586949282070964
HIT 3 1855441797158 432 9233985503370812886
HIT 3 2014355587110 469 13912873214035694005
HIT 3 1855441862694 432 14242231166496479370
HIT 3 2014355652646 469 3717379095760695527
HIT 3 1855448547364 432 7984338921551833972
HIT 3 2014362337316 469 3277756312695168236
HIT 3 1855448612900 432 1406588354997629819
HIT 3 2014362402852 469 14763496474157402450
HIT 3 1855448678436 432 6733622239947418140
HIT 3 2014362468388 469 13755011479154772601
HIT 3 1855448743972 432 17502435372910494431
HIT 3 2014362533924 469 847581659163484046
HIT 3 1855448809508 432 14872161127636613508
HIT 3 2014362599460 469 14385846326716482712
HIT 3 1855448875044 432 10145287156887059039
HIT 3 2014362664996 469 5746489415314453798
HIT 3 1855448940580 432 13358433653239120098
HIT 3 2014362730532 469 11294310171621518332
HIT 3 1855449006116 432 3181219627903141708
HIT 3 2014362796068 469 14674814645191666755
HIT 3 1855449071652 432 4639417036545176109
HIT 3 2014362861604 469 3831932322896823600
HIT 3 1855449137188 432 369967483202286788
HIT 3 2014362927140 469 16053994856960460717
HIT 3 1855449202724 432 13115424277146972696
HIT 3 2014362992676 469 15515733688196522418
HIT 3 1855449268260 432 5541116540633056634
HIT 3 2014363058212 469 7641397816355060990
HIT 3 1855449333796 432 977376638505528124
HIT 3 2014363123748 469 5891930004854766391
HIT 3 1855449399332 432 7428568543692513444
HIT 3 2014363189284 469 3047544293113055513
HIT 3 1855449464868 432 6177901675070048503
HIT 3 2014363254820 469 104377065869326457
HIT 3 1855449530404 432 11865617550711145499
HIT 3 2014363320356 469 10520820542433374406
HIT 3 1855449595940 432 2745190138009867075
HIT 3 2014363385892 469 2997112718289317033
HIT 3 1855449661476 432 12727451803792336862
HIT 3 2014363451428 469 4965686889752038286
HIT 3 1855449727012 432 385906618277895825
HIT 3 2014363516964 469 9828038340085809614
HIT 3 1855449792548 432 9693835257585717361
HIT 3 2014363582500 469 13474760237888887546
HIT 3 1855449858084 432 11309666607458465295
HIT 3 2014363648036 469 6686178457782831406
HIT 3 1855449923620 432 17330604554995147243
HIT 3 2014363713572 469 4336356927227476286
HIT 3 1855449989156 432 8563430859721556981
HIT 3 2014363779108 469 10584646846777965772
HIT 3 1855450054692 432 15731497624916266188
HIT 3 2014363844644 469 17424957539209532
HIT 3 1855450120228 432 11924993117908608978
HIT 3 2014363910180 469 4478542219910540777
HIT 3 1855450185764 432 1903762734602309807
HIT 3 2014363975716 469 3254745571988895426
HIT 3 1855450251300 432 8788524096295989421
HIT 3 2014364041252 469 6676562928443578902
HIT 3 1855450316836 432 6739468359847795762
HIT 3 2014364106788 469 13061396323050401302
HIT 3 1855450382372 432 11324740953543233606
HIT 3 2014364172324 469 8304671840938160106
HIT 3 1855450447908 432 4487902154853807266
HIT 3 2014364237860 469 16282941429887957482
HIT 3 1855450513444 432 14951483743093168817
HIT 3 2014364303396 469 14977267306506862599
HIT 3 1855450578980 432 8294538497548608404
HIT 3 2014364368932 469 17004178963014422056
HIT 3 1855450644516 432 15685152947222243468
HIT 3 2014364434468 469 5810265411489712594
HIT 3 1855450710052 432 15358323244155629657
HIT 3 2014364500004 469 8876603612862996628
HIT 3 1855450775588 432 7341711887218729466
HIT 3 2014364565540 469 9784154881544476656
HIT 3 1855450841124 432 17798013818746766650
HIT 3 2014364631076 469 15053145027762718299
HIT 3 1855450906660 432 8038250864376241275
HIT 3 2014364696612 469 5761682146670166699
HIT 3 1855450972196 432 8961791130038451564
HIT 3 2014364762148 469 5198618274916037454
HIT 3 1855451037732 432 10714575805484129495
HIT 3 2014364827684 469 9662810659586023242
HIT 3 1855451103268 432 4534185758667685090
HIT 3 2014364893220 469 13373835587814502600
HIT 3 1855451168804 432 7746631875235953648
HIT 3 2014364958756 469 35487459199720631
HIT 3 1855451234340 432 11690811444615316281
HIT 3 2014365024292 469 807431862233481136
HIT 3 1855451299876 432 4305366451274370380
HIT 3 2014365089828 469 6113115466083728458
HIT 3 1855451365412 432 17053382827503745834
HIT 3 2014365155364 469 12976419601063917570
HIT 3 1855451430948 432 9541957165929593748
HIT 3 2014365220900 469 17761985255730799608
HIT 3 1855451496484 432 4262300232557479420
HIT 3 2014365286436 469 7560508014850210723
HIT 3 1855451562020 432 13029269805676515137
HIT 3 2014365351972 469 17200864873148516382
HIT 3 1855451627556 432 6997778919604363441
HIT 3 2014365417508 469 8237964476476035574
HIT 3 1855451693092 432 15905453064196358545
HIT 3 2014365483044 469 9977995931905463652
HIT 3 1855451758628 432 2594737199035359794
HIT 3 2014365548580 469 8686021619556363088
HIT 3 1855451824164 432 11483652926799659255
HIT 3 2014365614116 469 10692264771310722050
HIT 3 1855451889700 432 17137319603467770443
HIT 3 2014365679652 469 9259530927570821073
HIT 3 1855451955236 432 15468354305521791694
HIT 3 2014365745188 469 12679111029346426502
HIT 3 1855452020772 432 11754661657681760682
HIT 3 2014365810724 469 6611908554726602928
HIT 3 1855452086308 432 12384838184863702201
HIT 3 2014365876260 469 15177041613870107344
HIT 3 1855452151844 432 8813409413235069536
HIT 3 2014365941796 469 17315606960448415902
HIT 3 1855452217380 432 974201597878735705
HIT 3 2014366007332 469 9423180146015390187
HIT 3 1855452282916 432 5863995302130501181
HIT 3 2014366072868 469 17191450854564927063
HIT 3 1855452348452 432 8966409265646729179
HIT 3 2014366138404 469 5673025141883769795
HIT 3 1855452413988 432 7413585354214788611
HIT 3 2014366203940 469 9117086571919069897
HIT 3 1855452479524 432 5796280147676938260
HIT 3 2014366269476 469 17243251600554785128
HIT 3 1855452545060 432 17770200681724484183
HIT 3 2014366335012 469 18099540273528776751
HIT 3 1855452610596 432 11782298212737459183
HIT 3 2014366400548 469 951732225838937498
HIT 3 1855452676132 432 4475346061316985087
HIT 3 2014366466084 469 15882344965081512221
HIT 3 1855452741668 432 6485772185569435807
HIT 3 2014366531620 469 6213857993025228333
HIT 3 1855452807204 432 16188800693692078846
HIT 3 2014366597156 469 9634127522906432466
HIT 3 1855452872740 432 8167778703946999324
HIT 3 2014366662692 469 15884086606191354398
HIT 3 1855452938276 432 9295865767659898801
HIT 3 2014366728228 469 11875341254232825497
HIT 3 1855453003812 432 5171069249353193512
HIT 3 2014366793764 469 6410380061374893425
HIT 3 1855453069348 432 7673192802355867194
HIT 3 2014366859300 469 8311771444979971686
HIT 3 1855453134884 432 8355319656592848271
HIT 3 2014366924836 469 562074785284556829
HIT 3 1855453200420 432 14971555480462253655
HIT 3 2014366990372 469 12059807541786285924
HIT 3 1855453265956 432 3584905796008593061
HIT 3 2014367055908 469 2619159833921747196
HIT 3 1855453331492 432 16226738832121634920
HIT 3 2014367121444 469 11437947593714814455
HIT 3 1855453397028 432 9935766617547937224
HIT 3 2014367186980 469 9059614063132657394
HIT 3 1855453462564 432 6510977090100702141
HIT 3 2014367252516 469 9975761896329765910
HIT 3 1855453528100 432 14813492298431028220
HIT 3 2014367318052 469 17621991657558950306
HIT 3 1855453593636 432 16064613548160856580
HIT 3 2014367383588 469 9893055184841644586
HIT 3 1855453659172 432 14280696699166933898
HIT 3 2014367449124 469 13199386903818472320
HIT 3 1855453724708 432 10292882120181105829
HIT 3 2014367514660 469 12887770972385393123
HIT 3 1855453790244 432 14824281161665794342
HIT 3 2014367580196 469 9130178485168718233
HIT 3 1855453855780 432 2823097972874540826
HIT 3 2014367645732 469 11993469525890843484
HIT 3 1846863986724 430 11917250983426210681
HIT 3 1855453921316 432 7570974535488752624
HIT 3 2014367711268 469 14517324071750438188
HIT 3 1855453986852 432 11917250983426210681
HIT 3 2014367776804 469 14341494972829192379
HIT 3 1855454052388 432 15573953351034629064
HIT 3 2005777907748 467 15581227504172109684
HIT 3 2010072875044 468 3726056069770528925
HIT 3 2014367842340 469 11757666413815393329
HIT 3 2022957776932 471 13905979802772856978
HIT 3 1855454117924 432 1777406166268303874
HIT 3 1864044052516 434 15573953351034629064
HIT 3 2014367907876 469 6801186637627943590
HIT 3 1864044118052 434 7698846982119065323
HIT 3 1868339085348 435 17763494912090462889
HIT 3 1872634052644 436 17203431705863039033
HIT 3 1876929019940 437 16967061231400260804
HIT 3 1881223987236 438 18365831572491876394
HIT 3 1885518954532 439 2588905115498757488
HIT 3 1889813921828 440 3443036421170470334
HIT 3 1894108889124 441 12150915471235006931
HIT 3 1898403856420 442 9919373671378096887
HIT 3 1902698823716 443 11125570572342107595
HIT 3 1906993791012 444 11455479971030172932
HIT 3 1911288758308 445 8354163624995774370
HIT 3 1915583725604 446 9307915919277581373
HIT 3 1919878692900 447 3257780720153025073
HIT 3 1924173660196 448 14015162511032433023
HIT 3 1928468627492 449 9047165428225340585
HIT 3 1932763594788 450 14805844014983528873
HIT 3 1937058562084 451 6767147334619390685
HIT 3 1941353529380 452 7238190421881174462
HIT 3 1945648496676 453 13053977510342346287
HIT 3 1949943463972 454 18209814682919585898
HIT 3 1954238431268 455 1594747087979982214
HIT 3 1958533398564 456 12529146015753947757
HIT 3 1962828365860 457 2784977703624193619
HIT 3 1967123333156 458 13973906177063349079
HIT 3 1971418300452 459 12729388053633678238
HIT 3 1975713267748 460 8920242171562264967
HIT 3 1980008235044 461 8984138344355721278
HIT 3 1984303202340 462 13310917064665825240
HIT 3 1988598169636 463 8468168890788349916
HIT 3 1992893136932 464 13422683505576286700
HIT 3 1997188104228 465 11985390385845303180
HIT 3 2001483071524 466 8545935967450455507
HIT 3 2005778038820 467 17633144042386109665
HIT 3 2010073006116 468 12088291067705743809
HIT 3 2014367973412 469 16045404128520500127
HIT 3 2018662940708 470 2717014951325087196
HIT 3 2022957908004 471 12253651627771185263
HIT 3 2027252875300 472 11099753007994811929
HIT 3 2031547842596 473 5390751228473533565
HIT 3 2035842809892 474 11912750432711119946
HIT 3 2040137777188 475 18394577200927073557
HIT 3 2044432744484 476 11378976921341410766
HIT 3 2048727711780 477 7533918894861965462
HIT 3 2053022679076 478 8696048166650897712
HIT 3 2057317646372 479 6716858226264027105
HIT 3 2061612613668 480 2806373424531235368
HIT 3 2065907580964 481 13526562282048172702
HIT 3 2070202548260 482 17779275645395142400
HIT 3 2074497515556 483 933709454833017730
HIT 3 2078792482852 484 3606073708487128879
HIT 3 2083087450148 485 18323410609773017454
HIT 3 2087382417444 486 2401615194732225658
HIT 3 2091677384740 487 10808702547105118077
HIT 3 2095972352036 488 3903857459940075552
HIT 3 2100267319332 489 3575244044288926455
HIT 3 2104562286628 490 8962330914201067235
HIT 3 2108857253924 491 6637574333820172509
HIT 3 2113152221220 492 13096040808533393257
HIT 3 2117447188516 493 16769401270200359781
HIT 3 2121742155812 494 3187747072387746903
HIT 3 2126037123108 495 1217265719048593844
HIT 3 2130332090404 496 4893073288359560590
HIT 3 2134627057700 497 541307815547796866
HIT 3 2138922024996 498 2348701711324285340
HIT 3 2143216992292 499 3129284291838542155
HIT 3 2147511959588 500 5194222511489324422
HIT 3 2151806926884 501 13531261791603808158
HIT 3 2156101894180 502 2155655153080231365
HIT 3 2160396861476 503 12975298317366266348
HIT 3 2164691828772 504 17139223986155441546
HIT 3 2168986796068 505 4994991075085442152
HIT 3 2173281763364 506 1431365183367459582
HIT 3 2177576730660 507 16009069068841552803
HIT 3 2181871697956 508 18254187079736845991
HIT 3 2186166665252 509 11573055603571221142
HIT 3 2190461632548 510 16934205479760757985
HIT 3 2194756599844 511 13527323110253923125
HIT 3 1864044183588 434 18012608341781054477
HIT 3 1868339150884 435 16967061231400260804
HIT 3 1872634118180 436 7698846982119065323
HIT 3 2005778104356 467 12798478841892946102
HIT 3 2010073071652 468 5587120473966686920
HIT 3 2014368038948 469 6201437005452761269
HIT 3 2022957973540 471 10606816286666874189
HIT 3 2005778169892 467 1857125346642960834
HIT 3 2010073137188 468 18002979697903589106
HIT 3 2014368104484 469 3486046410340976378
HIT 3 2022958039076 471 15525473013085078182
HIT 3 1872634249252 436 9443900124121132620
HIT 3 2014368170020 469 13757466470980555372
HIT 3 2014368235556 469 13395106656287904645
HIT 3 2014368301092 469 968837584981268399
HIT 3 2014368366628 469 12422213258358538385
HIT 3 2014368432164 469 16694566623382331778
HIT 3 2014368497700 469 10160765094712862725
HIT 3 2014368563236 469 13761227567086312966
HIT 3 2014368628772 469 8834927610179437728
HIT 3 2014368694308 469 103017855927626060
HIT 3 2014368759844 469 8502906947977043958
HIT 3 2014368825380 469 12048329269025901549
HIT 3 2014368890916 469 1428667193010262503
HIT 3 2014368956452 469 983869467385275711
HIT 3 2014369021988 469 14907294610262417972
HIT 3 2014369087524 469 1178123912743574444
HIT 3 2014369153060 469 10085246659555347962
HIT 3 2014369218596 469 4462110892153183697
HIT 3 2014369284132 469 7397637906592992514
HIT 3 2014369349668 469 5106594019781030673
HIT 3 2014369415204 469 17213145918431712120
HIT 3 2014369480740 469 17627209423414912127
HIT 3 2014369546276 469 5644941632444680599
HIT 3 2014369611812 469 8879868227204844711
HIT 3 2014369677348 469 14155700605430212677
HIT 3 2014369742884 469 18196373406532015181
HIT 3 2014369808420 469 14276159471086232917
HIT 3 2014369873956 469 17268935983012970349
HIT 3 2014369939492 469 674143657195201635
HIT 3 2014370005028 469 1529953979496590039
HIT 3 2014370070564 469 6420709046164256101
HIT 3 2005780201508 467 6420709046164256101
HIT 3 2014370136100 469 18377900117999720032
HIT 3 2014370201636 469 3640402520737845683
HIT 3 2022960136228 471 13754174922446070468
HIT 3 2014370267172 469 13754174922446070468
HIT 3 2018665300004 470 6838820665298131211
HIT 3 2022960267300 471 4402348496249342116
HIT 3 2031550201892 473 17611066958959120152
HIT 3 2018665365540 470 16459441101930475455
HIT 3 2022960332836 471 17611066958959120152
HIT 3 2027255300132 472 6838820665298131211
HIT 3 2031550267428 473 16772671643537944949
HIT 3 2035845234724 474 5300513793341991676
HIT 3 2040140202020 475 16227693954131910369
HIT 3 2044435169316 476 13880728064965964163
HIT 3 2048730136612 477 7855222637608144039
HIT 3 2053025103908 478 9848460707930636681
HIT 3 2057320071204 479 68029026582816466
HIT 3 2061615038500 480 8950474333004152915
HIT 3 2065910005796 481 16638243301961465296
HIT 3 2070204973092 482 18378817035637669142
HIT 3 2074499940388 483 18426472204137123056
HIT 3 2078794907684 484 7459563351525058012
HIT 3 2083089874980 485 15347803027345229247
HIT 3 2087384842276 486 13261820109954772780
HIT 3 2091679809572 487 17503147173406531591
HIT 3 2095974776868 488 16235056812096845820
HIT 3 2100269744164 489 5113157533182614529
HIT 3 2104564711460 490 18142245257359909479
HIT 3 2108859678756 491 16284671902488522922
HIT 3 2113154646052 492 8479185850780880421
HIT 3 2117449613348 493 12353313006603744208
HIT 3 2121744580644 494 12713201361844101360
HIT 3 2126039547940 495 1444193031157876950
HIT 3 2130334515236 496 14755868221852315715
HIT 3 2134629482532 497 10262199685223433911
HIT 3 2138924449828 498 3788473438263954339
HIT 3 2143219417124 499 5393429654972944091
HIT 3 2147514384420 500 1457442905891040164
HIT 3 2151809351716 501 2711748846264203830
HIT 3 2156104319012 502 3408406746952072817
HIT 3 2160399286308 503 11293443958240790884
HIT 3 2164694253604 504 6845007496003792131
HIT 3 2168989220900 505 1223127264567091422
HIT 3 2173284188196 506 17619716251620116078
HIT 3 2177579155492 507 12734749032311484331
HIT 3 2181874122788 508 15401493814208547434
HIT 3 2186169090084 509 7601024822173250715
HIT 3 2190464057380 510 9588773782511530975
HIT 3 2194759024676 511 16732617444283368451
HIT 3 2031550332964 473 2831360886961581978
HIT 3 949190393895 221 286764730770281618
HIT 3 1039384707111 242 2623586949282070964
HIT 3 1855428493351 432 6318392741187497469
HIT 3 2014342283303 469 8483920375508522793
HIT 3 2014367973411 469 10282082473436189486
HIT 3 2014367842342 469 12947968456630484907
HIT 3 2005778038822 467 12486157923837583903
HIT 3 2010073006118 468 3444143119533906304
HIT 3 2014367973414 469 17292839985081589561
HIT 3 2022957908006 471 5813595705077807405
HIT 3 1864044183590 434 6318392741187497469
HIT 3 2014368038950 469 17368267872286106554
HIT 3 2014368104486 469 4269512855818090413
HIT 3 2022960267302 471 8483920375508522793
HIT 3 1039396438053 242 2947466841815290015
HIT 3 1855440224293 432 7261750660551507060
HIT 3 2014354014245 469 12405246599842784323
HIT 3 957792124965 223 3055771849749724642
HIT 3 1039396503589 242 3199324376851596745
HIT 3 1855440289829 432 9629358335525110816
HIT 3 2014354079781 469 9465091383552713513
HIT 3 1030806634533 240 906657644168595269
HIT 3 1039396569125 242 6942033858601711571
HIT 3 1043691536421 243 15620727204641042299
HIT 3 1047986503717 244 5148717070489793673
HIT 3 1846850420773 430 10726358621716350369
HIT 3 1855440355365 432 35552741691892341
HIT 3 1859735322661 433 7972241593030401724
HIT 3 1864030289957 434 164037467174082612
HIT 3 2005764210725 467 6350763836565262407
HIT 3 2010059178021 468 5847330381457884146
HIT 3 2014354145317 469 13727989134634854111
HIT 3 2022944079909 471 17892491576214842676
HIT 3 1039396700197 242 5470698669730914668
HIT 3 1855440486437 432 13691908027947916653
HIT 3 2014354276389 469 5569157233127384039
HIT 3 1855441600549 432 18389618419752440381
HIT 3 2014355390501 469 12839566830646222612
HIT 3 1846851797029 430 8997917873601962555
HIT 3 1855441731621 432 4104005159218173575
HIT 3 1859736698917 433 13294908934507210303
HIT 3 1864031666213 434 14200091952961937605
HIT 3 2005765586981 467 17537762803943618491
HIT 3 2010060554277 468 14226963994583616106
HIT 3 2014355521573 469 78371344679081382
HIT 3 2022945456165 471 12827489351958974137
HIT 3 1047987945509 244 5413483398995533046
HIT 3 1855441797157 432 7576124778995001161
HIT 3 2014355587109 469 15429543702839130107
HIT 3 1855441862693 432 12359736116411871350
HIT 3 2014355652645 469 12200138624526225918
HIT 3 1039396569127 242 2725625129898405532
HIT 3 1855440355367 432 4512672280167942158
HIT 3 2014354145319 469 14332542016197790428
HIT 3 1855441731623 432 1287306825093541583
HIT 3 2014355521575 469 13403792352599865866
HIT 3 2014367842341 469 8959987339589326998
HIT 3 2005778038821 467 14499855822967870954
HIT 3 2010073006117 468 15656711293505750598
HIT 3 2014367973413 469 16713273922448094073
HIT 3 2022957908005 471 14597013583758516754
HIT 3 1864044183589 434 930552338419451341
HIT 3 2014368038949 469 17313410604852267135
HIT 3 2014368104485 469 3356205810208103489
HIT 3 2022960267301 471 8839942681667691840
HIT 3 1039396569129 242 8077516157417344136
HIT 3 1855440355369 432 3993830713081478878
HIT 3 2014354145321 469 8725545202725483060
HIT 3 1039396569128 242 16645550216461997954
HIT 3 1855440355368 432 6436023338295494701
HIT 3 2014354145320 469 4980045798793277538
HIT 3 1855441731625 432 1795917264565228054
HIT 3 2014355521577 469 3536213799489651760
HIT 3 1855441731624 432 14068363736748140926
HIT 3 2014355521576 469 5822350604405292492
HIT 3 2014367973415 469 3384448517919661684
HIT 3 2014367973417 469 13753636925801046453
HIT 3 2014367973416 469 2751136802049666816
HIT 3 1039396569131 242 15988138520775276435
HIT 3 1855440355371 432 3863117534819034163
HIT 3 2014354145323 469 10909147379507843582
HIT 3 1039396569130 242 16419675110635496363
HIT 3 1855440355370 432 784995798086914303
HIT 3 2014354145322 469 11101311083393440732
HIT 3 1855441731627 432 7501740833715881930
HIT 3 2014355521579 469 13194204668667793263
HIT 3 1855441731626 432 14852642614315419855
HIT 3 2014355521578 469 15894914744510289974
HIT 3 1039396569132 242 7232261168215560895
HIT 3 1855440355372 432 9196195233230309156
HIT 3 2014354145324 469 12998528696806502879
HIT 3 1855441731628 432 624008549830443626
HIT 3 2014355521580 469 3713549260720493844
HIT 3 2014367973419 469 5096923760979629703
HIT 3 1039396569133 242 694762522312966933
HIT 3 1855440355373 432 17114242737526708397
HIT 3 2014354145325 469 12261491495571118158
HIT 3 1855441731629 432 11539407718569581958
HIT 3 2014355521581 469 1150612974745114716
HIT 3 2014367973418 469 10646220739883337796
HIT 3 2014367973420 469 12473374094346945051
HIT 3 2014367973421 469 1747262393071571289
HIT 3 1039396569134 242 12399163462397574666
HIT 3 1855440355374 432 3684629199243419976
HIT 3 2014354145326 469 1781770309999305423
HIT 3 1855441731630 432 10563335403285525828
HIT 3 2014355521582 469 13704680641405166046
HIT 3 2014367973422 469 17112294275272102353
HIT 3 1039396569136 242 13704500005394452198
HIT 3 1855440355376 432 7611762638695153245
HIT 3 2014354145328 469 16498237633450655324
HIT 3 1855441731632 432 5131533527343229399
HIT 3 2014355521584 469 14113301973826057636
HIT 3 1039396569135 242 7921949625767131395
HIT 3 1855440355375 432 6534610265399012127
HIT 3 2014354145327 469 8200793664205937860
HIT 3 1039396569137 242 10516449568480244743
HIT 3 1855440355377 432 14864740871156986071
HIT 3 2014354145329 469 8416499756827184177
HIT 3 1855441731633 432 15631821160510533723
HIT 3 2014355521585 469 17987015461928252633
HIT 3 1855441731631 432 54299275348015348
HIT 3 2014355521583 469 6344803522529694712
HIT 3 2014367973424 469 7208450322440485167
HIT 3 1039396569138 242 15589810885387254751
HIT 3 1855440355378 432 17607041702175181773
HIT 3 2014354145330 469 3005509294838701409
HIT 3 2014367973425 469 8034399920457670157
HIT 3 1855441731634 432 12996425992265349744
HIT 3 2014355521586 469 3844551693066267963
HIT 3 2014367973426 469 15081169126698849041
HIT 3 2014367973423 469 13113642175335360858
HIT 3 1039396569139 242 729401652469094913
HIT 3 1855440355379 432 8117408786029144193
HIT 3 2014354145331 469 16472241721362108054
HIT 3 1855441731635 432 16862250487748468924
HIT 3 2014355521587 469 12575180807430049568
HIT 3 1039396569140 242 3276347146402644991
HIT 3 1855440355380 432 10075208616175871375
HIT 3 2014354145332 469 10467321480864466287
HIT 3 1855441731636 432 8889841103284804470
HIT 3 2014355521588 469 1743425431722022349
HIT 3 2014367973427 469 10105280358067486266
HIT 3 2014367973428 469 17933316973321852438
HIT 3 1039396569141 242 16133138251999448174
HIT 3 1855440355381 432 10062199934369470392
HIT 3 2014354145333 469 5254999219593724041
HIT 3 1855441731637 432 883335036942546902
HIT 3 2014355521589 469 6361475941122899439
HIT 3 2014367973429 469 18371327894211322761
HIT 3 1039396569142 242 7889032827273551307
HIT 3 1855440355382 432 10862294766615379950
HIT 3 2014354145334 469 6909495230922749847
HIT 3 1039396569143 242 14036686251396110997
HIT 3 1855440355383 432 5831704334332923324
HIT 3 2014354145335 469 5413797343743395300
HIT 3 1039396569144 242 14431307458340757141
HIT 3 1855440355384 432 13916206427525306308
HIT 3 2014354145336 469 15719883717009415110
HIT 3 1855441731640 432 12985447225059218717
HIT 3 2014355521592 469 6665532282775632540
HIT 3 1855441731639 432 5421221205675010548
HIT 3 2014355521591 469 4589972169496155501
HIT 3 1855441731638 432 11436348333998413171
HIT 3 2014355521590 469 1117583389925067172
HIT 3 2014367973431 469 18150218306431627364
HIT 3 1039396569145 242 4070104355735219124
HIT 3 1855440355385 432 11490093518997465877
HIT 3 2014354145337 469 14136784996619679212
HIT 3 2014367973430 469 5221305330750635866
HIT 3 2014367973432 469 17411240944017347914
HIT 3 1855441731641 432 1023098671099926555
HIT 3 2014355521593 469 1230797640279962518
HIT 3 2014367973433 469 18365688419106391944
HIT 3 1039396569146 242 508526852717670714
HIT 3 1855440355386 432 1268657941542269810
HIT 3 2014354145338 469 4006390662614613152
HIT 3 1039396569147 242 654439411735763286
HIT 3 1855440355387 432 6967987230951931788
HIT 3 2014354145339 469 6211260226029899755
HIT 3 1855441731642 432 4656612254444864557
HIT 3 2014355521594 469 16590779983353309631
HIT 3 1855441731643 432 17497912199215204522
HIT 3 2014355521595 469 1080284361509531455
HIT 3 1039396569148 242 12931951244797034576
HIT 3 1855440355388 432 8938521884958169338
HIT 3 2014354145340 469 308196988894942727
HIT 3 1855441731644 432 5001117515837010554
HIT 3 2014355521596 469 14345183354168708069
HIT 3 1039396569149 242 16995527630618541868
HIT 3 1855440355389 432 5061977604809529172
HIT 3 2014354145341 469 16820872323466369567
HIT 3 1855441731645 432 14174598769525863289
HIT 3 2014355521597 469 2831748524297480500
HIT 3 2014367973435 469 17267064529403886511
HIT 3 2014367973436 469 13405550738524610800
HIT 3 2014367973434 469 10600846844689928166
HIT 3 2014367973437 469 15945379704406936592
HIT 3 1039396569153 242 16971312189108298385
HIT 3 1855440355393 432 4673425479190143745
HIT 3 2014354145345 469 7462881342082178261
HIT 3 1039396569150 242 15022273919493435738
HIT 3 1855440355390 432 7467811739154785395
HIT 3 2014354145342 469 212430385732442454
HIT 3 1855441731649 432 10140516706207430763
HIT 3 2014355521601 469 2863737897199370333
HIT 3 1039396569151 242 4090913927278428055
HIT 3 1855440355391 432 6883931090468055785
HIT 3 2014354145343 469 526678623342967952
HIT 3 1855441731646 432 6212148081086647694
HIT 3 2014355521598 469 9024693154273468793
HIT 3 1855441731647 432 2275438313140919309
HIT 3 2014355521599 469 8444450606619626127
HIT 3 1039396569152 242 10469914885241228486
HIT 3 1855440355392 432 13180718802970551592
HIT 3 2014354145344 469 9785981710000633466
HIT 3 1855441731648 432 4707269183069015563
HIT 3 2014355521600 469 3338076547005695767
HIT 3 2014367973441 469 5259862881853507339
HIT 3 2014367973438 469 10560254621373559
HIT 3 2014367973439 469 3226080969471108742
HIT 3 2014367973440 469 18161620516328168159
HIT 3 1039396569154 242 1566569592789597129
HIT 3 1855440355394 432 10144712008013145837
HIT 3 2014354145346 469 9160761907967637155
HIT 3 1855441731650 432 9325052706967042580
HIT 3 2014355521602 469 16818070260749112624
HIT 3 1039396569155 242 17642587239356100839
HIT 3 1855440355395 432 5241062156510723415
HIT 3 2014354145347 469 3114992560053045667
HIT 3 1039396569156 242 13180696008269307247
HIT 3 1855440355396 432 11574717187253620639
HIT 3 2014354145348 469 2274887613997971210
HIT 3 1855441731651 432 326684621424298187
HIT 3 2014355521603 469 18295378907052809905
HIT 3 1855441731652 432 15720105597813150421
HIT 3 2014355521604 469 7143792397684358998
HIT 3 1039396569157 242 6068136265335458730
HIT 3 1855440355397 432 16648600633702493546
HIT 3 2014354145349 469 1492567546180843176
HIT 3 1855441731653 432 15991888934247390100
HIT 3 2014355521605 469 8662597507634373985
HIT 3 2014367973442 469 7200536040341373178
HIT 3 2014367973443 469 6033927627874771812
HIT 3 2014367973444 469 11989488262654278917
HIT 3 2014367973445 469 14204796363308902905
HIT 3 1039396569158 242 13457307025030954945
HIT 3 1855440355398 432 3468366142906455204
HIT 3 2014354145350 469 11870659770107546764
HIT 3 1855441731654 432 8673178039687340243
HIT 3 2014355521606 469 4523076778721006560
HIT 3 1039396569159 242 3779671645845582925
HIT 3 1855440355399 432 4747734057685232753
HIT 3 2014354145351 469 9746089775138102987
HIT 3 1039396569160 242 9828013277664449752
HIT 3 1855440355400 432 5764287660122529629
HIT 3 2014354145352 469 5337262776463764516
HIT 3 1855441731655 432 14487356617082983305
HIT 3 2014355521607 469 18436909618386271730
HIT 3 1855441731656 432 13882661602193514352
HIT 3 2014355521608 469 7579732417372949263
HIT 3 2014367973446 469 12138002815836488510
HIT 3 1039396569161 242 3804804006003226444
HIT 3 1855440355401 432 15679522974194705391
HIT 3 2014354145353 469 4076416360835280795
HIT 3 1855441731657 432 16709123716151648130
HIT 3 2014355521609 469 1171532180473482891
HIT 3 2014367973447 469 18005671236706360525
HIT 3 2014367973448 469 9226414115368705650
HIT 3 1039396569162 242 8966797856551091026
HIT 3 1855440355402 432 15167902487723838402
HIT 3 2014354145354 469 7887371306830683343
HIT 3 2014367973449 469 9194975628768922284
HIT 3 1855441731658 432 15398557817337026225
HIT 3 2014355521610 469 14039950684515695554
HIT 3 1039396569163 242 16323895570771457654
HIT 3 1855440355403 432 14668622307070132614
HIT 3 2014354145355 469 18441045399248999233
HIT 3 1039396569164 242 9500042819388302486
HIT 3 1855440355404 432 7661706186575777757
HIT 3 2014354145356 469 11665388410563419841
HIT 3 1855441731659 432 6933453487591764870
HIT 3 2014355521611 469 6375524065674393536
HIT 3 1855441731660 432 13307807689576237280
HIT 3 2014355521612 469 699070559932407004
HIT 3 2014367973450 469 17559159495056095683
HIT 3 1039396569165 242 12124256536070467044
HIT 3 1855440355405 432 16192851113271015545
HIT 3 2014354145357 469 9064547015689467757
HIT 3 1855441731661 432 17139576464067337071
HIT 3 2014355521613 469 17549348756876271736
HIT 3 2014367973452 469 12270670569966085458
HIT 3 2014367973451 469 7232795483291436424
HIT 3 2014367973453 469 2083539231346125196
HIT 3 1039396569166 242 2751105396142789718
HIT 3 1855440355406 432 1425784305017356536
HIT 3 2014354145358 469 9840177333508077226
HIT 3 1855441731662 432 14290313337878649335
HIT 3 2014355521614 469 2359596935197674323
HIT 3 1039396569167 242 11159224280237492665
HIT 3 1855440355407 432 9478406873043485676
HIT 3 2014354145359 469 4108542781693663295
HIT 3 1039396569168 242 13672310161914838483
HIT 3 1855440355408 432 1264071842765348014
HIT 3 2014354145360 469 16097571123519047514
HIT 3 1855441731663 432 10383826259657872482
HIT 3 2014355521615 469 13682849222398655897
HIT 3 1855441731664 432 16048815033983519374
HIT 3 2014355521616 469 8887786859577150339
HIT 3 2014367973454 469 17875363602458030395
HIT 3 1039396569169 242 7889962296752350823
HIT 3 1855440355409 432 10155737713426126790
HIT 3 2014354145361 469 15860192484131515508
HIT 3 1855441731665 432 10595953381673637893
HIT 3 2014355521617 469 12364548022760157572
HIT 3 2014367973455 469 7434218441733158214
HIT 3 2014367973456 469 10148285041965742189
HIT 3 2014367973457 469 3861282081095660167
HIT 3 1039396569170 242 8267060114213585649
HIT 3 1855440355410 432 1337643045454324006
HIT 3 2014354145362 469 4491701763579288206
HIT 3 1855441731666 432 5732552001507483978
HIT 3 2014355521618 469 16541890511140185402
HIT 3 1039396569171 242 15880977263644919863
HIT 3 1855440355411 432 11504023568056817822
HIT 3 2014354145363 469 4854553077808669645
HIT 3 1039396569172 242 9189463857630726044
HIT 3 1855440355412 432 9387586734141559920
HIT 3 2014354145364 469 1779957947104915501
HIT 3 1855441731667 432 11674274916953873672
HIT 3 2014355521619 469 3631332273257486848
HIT 3 1855441731668 432 353111746293219350
HIT 3 2014355521620 469 7985698132455594713
HIT 3 2014367973458 469 1464464964549082190
HIT 3 1039396569173 242 2435148936110882610
HIT 3 1855440355413 432 15963609796710286587
HIT 3 2014354145365 469 14542358562518200011
HIT 3 1855441731669 432 9598592343825216241
HIT 3 2014355521621 469 2501899197842870681
HIT 3 2014367973459 469 11574235342016707289
HIT 3 2014367973460 469 17540305992681057363
HIT 3 1039396569174 242 9315025768143283591
HIT 3 1855440355414 432 7995183460754284706
HIT 3 2014354145366 469 11233793923504191857
HIT 3 2014367973461 469 9340443584679096872
HIT 3 1855441731670 432 6222886685592748083
HIT 3 2014355521622 469 7237977549595619133
HIT 3 1039396569176 242 8056796420873669913
HIT 3 1855440355416 432 13016108484874593197
HIT 3 2014354145368 469 12291648695437946062
HIT 3 1039396569175 242 13482027004841403710
HIT 3 1855440355415 432 3809342629517449930
HIT 3 2014354145367 469 1800094341096743592
HIT 3 1855441731672 432 6729735052422787503
HIT 3 2014355521624 469 18341326126344815434
HIT 3 1855441731671 432 11855401287927657160
HIT 3 2014355521623 469 7397650803866341118
HIT 3 2014367973462 469 1711222178627658650
HIT 3 1039396569177 242 5366261490876437961
HIT 3 1855440355417 432 17653794873453278719
HIT 3 2014354145369 469 3787416774816182537
HIT 3 2014367973464 469 2166239143069044588
HIT 3 1855441731673 432 8521078703694843481
HIT 3 2014355521625 469 6907071777338201249
HIT 3 2014367973463 469 2225037616359064247
HIT 3 1039396569178 242 18207735203021422559
HIT 3 1855440355418 432 14437221593680901935
HIT 3 2014354145370 469 7093266576953942671
HIT 3 1855441731674 432 14294952608494632720
HIT 3 2014355521626 469 13189424600531472356
HIT 3 1039396569179 242 6631946119392431911
HIT 3 1855440355419 432 132008039132453777
HIT 3 2014354145371 469 16490383348701363142
HIT 3 2014367973465 469 5209670121938894471
HIT 3 1855441731675 432 14398750358612739109
HIT 3 2014355521627 469 1982632808046431178
HIT 3 1039396569180 242 2366081821859645430
HIT 3 1855440355420 432 14831081064882826037
HIT 3 2014354145372 469 13511036790396371011
HIT 3 2014367973466 469 14942655911351403045
HIT 3 1855441731676 432 6230359013036216387
HIT 3 2014355521628 469 17773385045451105427
HIT 3 2014367973467 469 12247769825045307829
HIT 3 2014367973468 469 15795281153486435789
HIT 3 1039396569182 242 731278191482296325
HIT 3 1855440355422 432 10342064487245470561
HIT 3 2014354145374 469 16610662006392088714
HIT 3 1855441731678 432 10343894189873914170
HIT 3 2014355521630 469 5544135476557706560
HIT 3 1039396569181 242 10384597961688026460
HIT 3 1855440355421 432 10745378151768207852
HIT 3 2014354145373 469 14061648851864441397
HIT 3 1855441731677 432 8858924142240443819
HIT 3 2014355521629 469 1745800519326801858
HIT 3 1039396569183 242 14172614779485778418
HIT 3 1855440355423 432 3920322510065375177
HIT 3 2014354145375 469 3447551504237268535
HIT 3 1855441731679 432 5406198792971570247
HIT 3 2014355521631 469 6695181434180049249
HIT 3 2014367973470 469 17517437664376193471
HIT 3 1039396569184 242 4642979516853082139
HIT 3 1855440355424 432 66803048551761182
HIT 3 2014354145376 469 9057521351551191485
HIT 3 1855441731680 432 10853219537955049610
HIT 3 2014355521632 469 7927485677529572374
HIT 3 2014367973469 469 3683533268265008439
HIT 3 2014367973471 469 10167947677586374573
HIT 3 2014367973472 469 10475823885235630602
HIT 3 1039396569185 242 6743642066032764814
HIT 3 1855440355425 432 4621889818778084311
HIT 3 2014354145377 469 13209004845186209526
HIT 3 1855441731681 432 4491879249393529622
HIT 3 2014355521633 469 12422147115809660259
HIT 3 1039396569186 242 9914075139736186004
HIT 3 1855440355426 432 10789421277385409578
HIT 3 2014354145378 469 7236896195011228999
HIT 3 1855441731682 432 9975914817345663356
HIT 3 2014355521634 469 17811904328138580377
HIT 3 1039396569187 242 2792084994507350480
HIT 3 1855440355427 432 9039846425819097388
HIT 3 2014354145379 469 16274382221022855150
HIT 3 1855441731683 432 319741559283592821
HIT 3 2014355521635 469 14033912586036400885
HIT 3 2014367973473 469 2444991199285972786
HIT 3 1039396569188 242 11484062726007759363
HIT 3 1855440355428 432 10373516846342949900
HIT 3 2014354145380 469 7311374007657263765
HIT 3 1855441731684 432 13877380550759367018
HIT 3 2014355521636 469 14653617668043545424
HIT 3 2014367973474 469 6431266293627392321
HIT 3 2014367973475 469 14716210546771174723
HIT 3 2014367973476 469 16835640557868608986
HIT 3 1039396569189 242 1606626263030941999
HIT 3 1855440355429 432 9664458419198263297
HIT 3 2014354145381 469 2233466173190715208
HIT 3 1855441731685 432 633630460638886678
HIT 3 2014355521637 469 15117963920349658182
HIT 3 1039396569190 242 1619404388530830998
HIT 3 1855440355430 432 15179590672390395880
HIT 3 2014354145382 469 5595508726678270187
HIT 3 1039396569191 242 7840851742661684937
HIT 3 1855441731686 432 951208407904227668
HIT 3 2014355521638 469 3246959710197787199
HIT 3 1855440355431 432 8320287595108912036
HIT 3 2014354145383 469 11106623606028808201
HIT 3 1855441731687 432 207629798980644544
HIT 3 2014355521639 469 11213200115064325884
HIT 3 2014367973477 469 6608074915079360566
HIT 3 1039396569192 242 12754122407168067505
HIT 3 1855440355432 432 8400518389298517915
HIT 3 2014354145384 469 17655755190345641530
HIT 3 1855441731688 432 4540422690993215855
HIT 3 2014355521640 469 2891476625427038552
HIT 3 2014367973479 469 3374029834603591877
HIT 3 2014367973478 469 6709190382433196447
HIT 3 2014367973480 469 12159131294425225706
HIT 3 1039396569193 242 14145707286590555752
HIT 3 1855440355433 432 1181350125488478385
HIT 3 2014354145385 469 12494301859672908339
HIT 3 1855441731689 432 11370811103362193288
HIT 3 2014355521641 469 7997867129089913677
HIT 3 1039396569195 242 6387347028312770070
HIT 3 1855440355435 432 1541789115697980055
HIT 3 2014354145387 469 6640243283393166776
HIT 3 1039396569194 242 7821270527945507017
HIT 3 1855440355434 432 5887797665125557851
HIT 3 2014354145386 469 8071429392614693411
HIT 3 1855441731691 432 186041619503883559
HIT 3 2014355521643 469 1749279574745302097
HIT 3 1855441731690 432 16486547687861895611
HIT 3 2014355521642 469 4883489573904011072
HIT 3 2014367973481 469 10665291367663036430
HIT 3 1039396569196 242 6164889068158383257
HIT 3 1855440355436 432 16519250039999701067
HIT 3 2014354145388 469 7152666591986986504
HIT 3 1855441731692 432 2938274912505544231
HIT 3 2014355521644 469 2099221917342751204
HIT 3 2014367973482 469 10396132977746456240
HIT 3 2014367973483 469 5122467628839136634
HIT 3 2014367973484 469 16848566063759743891
HIT 3 1039396569197 242 1842939042156741036
HIT 3 1855440355437 432 14671767072932530587
HIT 3 2014354145389 469 13317217148292389467
HIT 3 1855441731693 432 5958505151657723322
HIT 3 2014355521645 469 5249803329537121330
HIT 3 1039396569198 242 927783065437933384
HIT 3 1855440355438 432 5142641362375064678
HIT 3 2014354145390 469 12974446875351962802
HIT 3 1039396569199 242 2755773115890740958
HIT 3 1855440355439 432 8797751955364823692
HIT 3 2014354145391 469 14069350294994811111
HIT 3 1855441731694 432 9632186233883724490
HIT 3 2014355521646 469 1974492108492023114
HIT 3 1855441731695 432 1845415318654887218
HIT 3 2014355521647 469 6951010045675330505
HIT 3 1039396569200 242 653587623962501517
HIT 3 1855440355440 432 1127393620070683856
HIT 3 2014354145392 469 584515296896041505
HIT 3 2014367973485 469 5089871527586304039
HIT 3 1855441731696 432 978476956288890967
HIT 3 2014355521648 469 1380919824484152351
HIT 3 2014367973487 469 18336546640396978010
HIT 3 2014367973486 469 11348353245731511674
HIT 3 2014367973488 469 8373982224027291685
HIT 3 1039396569201 242 756904151258712421
HIT 3 1855440355441 432 11036032619018959843
HIT 3 2014354145393 469 998916037558630105
HIT 3 1855441731697 432 522232466999173069
HIT 3 2014355521649 469 13391931500401900173
HIT 3 1039396569202 242 2814794473743803032
HIT 3 1855440355442 432 15409944723621906503
HIT 3 2014354145394 469 8655985052078532467
HIT 3 1039396569203 242 15383021808984450884
HIT 3 1855440355443 432 6472588223001639490
HIT 3 2014354145395 469 4635304219653863177
HIT 3 1855441731699 432 10960425916985653697
HIT 3 2014355521651 469 16033976952696360311
HIT 3 1855441731698 432 3655986722719140277
HIT 3 2014355521650 469 9886753312141841017
HIT 3 1039396569204 242 9108119765654220393
HIT 3 1855440355444 432 5430333565246905495
HIT 3 2014354145396 469 709783592147064263
HIT 3 2014367973489 469 9656515023274919696
HIT 3 1855441731700 432 15173826976546699034
HIT 3 2014355521652 469 10014967552930448008
HIT 3 2014367973490 469 3744926903861743463
HIT 3 2014367973491 469 5818542215242166390
HIT 3 2014367973492 469 8386762491395836073
HIT 3 1039396569205 242 3373781616323418704
HIT 3 1855440355445 432 8300167826300426208
HIT 3 2014354145397 469 780026142873475313
HIT 3 1855441731701 432 586202291899392826
HIT 3 2014355521653 469 1405639322326937527
HIT 3 1039396569207 242 10672142926868762910
HIT 3 1855440355447 432 16374215885230103704
HIT 3 2014354145399 469 6490528267043963370
HIT 3 1039396569208 242 804795291872832220
HIT 3 1855440355448 432 1466486724479450737
HIT 3 2014354145400 469 5558327475574369001
HIT 3 1039396569206 242 7764391089095052524
HIT 3 1855440355446 432 11563379707421457170
HIT 3 2014354145398 469 1043771381883932804
HIT 3 1855441731703 432 9286363421700804703
HIT 3 2014355521655 469 2777767924406465623
HIT 3 1855441731704 432 11775599739013849170
HIT 3 2014355521656 469 3848257186145771426
HIT 3 1855441731702 432 4430574567391913506
HIT 3 2014355521654 469 6066171633843457761
HIT 3 2014367973493 469 2229725475441017357
HIT 3 2014367973495 469 4460923708744223775
HIT 3 2014367973494 469 9805985647232142474
HIT 3 2014367973496 469 391296504902810097
HIT 3 1039396569209 242 1690118598048532686
HIT 3 1855440355449 432 1046727248689993836
HIT 3 2014354145401 469 12621443443105708807
HIT 3 1855441731705 432 13435616036000679066
HIT 3 2014355521657 469 13872568515682474579
HIT 3 1039396569210 242 6871634959587296817
HIT 3 1855440355450 432 12543251008344908540
HIT 3 2014354145402 469 14029903351994388315
HIT 3 1855441731706 432 17892939435045219799
HIT 3 2014355521658 469 8141970776192819505
HIT 3 1039396569212 242 9911137053019469241
HIT 3 1855440355452 432 1030240409863309931
HIT 3 2014354145404 469 717016272568761578
HIT 3 1039396569211 242 4960061648751140123
HIT 3 1855440355451 432 11290181262847077855
HIT 3 2014354145403 469 16724992784047449210
HIT 3 1855441731708 432 1264052409863296781
HIT 3 2014355521660 469 15203905031084765550
HIT 3 1855441731707 432 3503533964537179703
HIT 3 2014355521659 469 16697394560329372383
HIT 3 2014367973497 469 5982682379281305486
HIT 3 2014367973498 469 15962306308492587686
HIT 3 2014367973500 469 17422306195518545922
HIT 3 2014367973499 469 11081117727369734379
HIT 3 1039396569213 242 5912929998945195670
HIT 3 1855440355453 432 430098154847540232
HIT 3 2014354145405 469 8811097260807278757
HIT 3 1855441731709 432 15735720784576788405
HIT 3 2014355521661 469 2844472546197460079
HIT 3 1039396569214 242 16799528913698832329
HIT 3 1855440355454 432 12837972245632114035
HIT 3 2014354145406 469 15098509271947041620
HIT 3 1855441731710 432 16215086057265214744
HIT 3 2014355521662 469 15638528148710320909
HIT 3 1039396569216 242 1530700829938596887
HIT 3 1855440355456 432 8593225155784359961
HIT 3 2014354145408 469 7749142287291189954
HIT 3 1039396569215 242 14929222324062290526
HIT 3 1855440355455 432 1415545419336191563
HIT 3 2014354145407 469 586955886377928116
HIT 3 1855441731712 432 16471053524669084097
HIT 3 2014355521664 469 6149187411741153393
HIT 3 1855441731711 432 10625072456816419561
HIT 3 2014355521663 469 4203247472500724177
HIT 3 2014367973501 469 17518385915752889800
HIT 3 2014367973502 469 8025038386101224872
HIT 3 2014367973504 469 14086658298657193542
HIT 3 1039396569217 242 9070708979011688474
HIT 3 1855440355457 432 1415984060360535008
HIT 3 2014354145409 469 7638151207230951625
HIT 3 2014367973503 469 11349853302001020651
HIT 3 1855441731713 432 3965032919672298135
HIT 3 2014355521665 469 1904128000607479013
HIT 3 1039396569218 242 11399674064757961895
HIT 3 1855440355458 432 4941854441233579908
HIT 3 2014354145410 469 4866397283194632182
HIT 3 1855441731714 432 8261130753953715169
HIT 3 2014355521666 469 5665212953640748090
HIT 3 1039396569219 242 10660681738948453772
HIT 3 1855440355459 432 8673477856201987817
HIT 3 2014354145411 469 500092294875888312
HIT 3 1855441731715 432 1965999194992000271
HIT 3 2014355521667 469 5041949246816562924
HIT 3 2014367973505 469 14439781924113202090
HIT 3 1039396569220 242 4800736880905299250
HIT 3 1855440355460 432 13586746578313485269
HIT 3 2014354145412 469 7975749361457847354
HIT 3 1855441731716 432 5294725454466074727
HIT 3 2014355521668 469 11583186220713389370
HIT 3 2014367973506 469 10381784412687813011
HIT 3 1039396569221 242 16321548027484428550
HIT 3 1855440355461 432 1912423760479796494
HIT 3 2014354145413 469 897603984030692640
HIT 3 2014367973507 469 1770503540543806434
HIT 3 1855441731717 432 851771661255285712
HIT 3 2014355521669 469 9486156013654275681
HIT 3 2014367973508 469 1120117945038694178
HIT 3 1039396569222 242 12713752183867848820
HIT 3 1855440355462 432 3022803825159213011
HIT 3 2014354145414 469 12434826035388666349
HIT 3 1855441731718 432 14285385965076217893
HIT 3 2014355521670 469 1594281394973038381
HIT 3 1039396569223 242 11551582018925038166
HIT 3 1855440355463 432 12196695542257813735
HIT 3 2014354145415 469 3941587362066476928
HIT 3 1855441731719 432 15266600782787814059
HIT 3 2014355521671 469 9718496515537124178
HIT 3 2014367973509 469 11379436409616413787
HIT 3 1039396569224 242 2822938054139153379
HIT 3 1855440355464 432 1453402010476648886
HIT 3 2014354145416 469 15200595883564226571
HIT 3 1855441731720 432 5131000662227077705
HIT 3 2014355521672 469 7659736694529887796
HIT 3 2014367973510 469 4991592166973993622
HIT 3 1039396569225 242 12475550694258298875
HIT 3 1855440355465 432 196860069406648035
HIT 3 2014354145417 469 3686484888604860685
HIT 3 2014367973511 469 1718488286534160975
HIT 3 1855441731721 432 3622862863742856195
HIT 3 2014355521673 469 2207391893644948969
HIT 3 1039396569226 242 8540644698038500921
HIT 3 1855440355466 432 15666577594296125075
HIT 3 2014354145418 469 14181408221143061475
HIT 3 1039396569227 242 10570757882230219011
HIT 3 1855440355467 432 8714747254144635991
HIT 3 2014354145419 469 2442849864535188674
HIT 3 2014367973512 469 14668511639463253401
HIT 3 1855441731722 432 16973675928475547104
HIT 3 2014355521674 469 1291070729593189706
HIT 3 1855441731723 432 7652534635668585109
HIT 3 2014355521675 469 16666516721459018772
HIT 3 2014367973513 469 10933198135262809929
HIT 3 1039396569228 242 7274165760214717542
HIT 3 1855440355468 432 10509105497041815592
HIT 3 2014354145420 469 12382346915086786989
HIT 3 2014367973514 469 18425511755657749116
HIT 3 1039396569229 242 10679089202340509913
HIT 3 1855441731724 432 13873068496987164256
HIT 3 2014355521676 469 3360473772494997791
HIT 3 1855440355469 432 16088376954996784039
HIT 3 2014354145421 469 17347007180561281707
HIT 3 2014367973515 469 14922024982179106586
HIT 3 1855441731725 432 1492060618676980720
HIT 3 2014355521677 469 11413851047651861833
HIT 3 1039396569230 242 3833788265006489945
HIT 3 1855440355470 432 5497345620415389333
HIT 3 2014354145422 469 778173866688355777
HIT 3 1039396569231 242 4097847422884270155
HIT 3 1855440355471 432 3440618589421109322
HIT 3 2014354145423 469 14249717516992647950
HIT 3 2014367973516 469 179307897958500553
HIT 3 1855441731726 432 10356588647484342040
HIT 3 2014355521678 469 6899747397744294527
HIT 3 1855441731727 432 10968699664010184084
HIT 3 2014355521679 469 16820404667281702420
HIT 3 2014367973517 469 10825921903252568951
HIT 3 1039396569232 242 8827462065885102338
HIT 3 1855440355472 432 2586370057433899926
HIT 3 2014354145424 469 13425535826445038429
HIT 3 1855441731728 432 14821777787705808117
HIT 3 2014355521680 469 14741044810606346062
HIT 3 2014367973518 469 13158137684318055842
HIT 3 1039396569233 242 10945308744092656992
HIT 3 1855440355473 432 16190696037314155322
HIT 3 2014354145425 469 16092132089139943894
HIT 3 2014367973519 469 13514359349695685442
HIT 3 1855441731729 432 4205621346819435330
HIT 3 2014355521681 469 16095015309105115927
HIT 3 1039396569234 242 8399440024208581912
HIT 3 1855440355474 432 17590495610064821250
HIT 3 2014354145426 469 5447655087388123236
HIT 3 2014367973520 469 2251867654673595712
HIT 3 1855441731730 432 15335871682318055696
HIT 3 2014355521682 469 2496845083615115925
HIT 3 1039396569235 242 7904462951724567245
HIT 3 1855440355475 432 7451528833848902331
HIT 3 2014354145427 469 12919633369981988352
HIT 3 1855441731731 432 16491951785973156990
HIT 3 2014355521683 469 11632708319058394964
HIT 3 2014367973521 469 6058112709161548966
HIT 3 1039396569236 242 17936405797128870039
HIT 3 1855440355476 432 14033937164971031358
HIT 3 2014354145428 469 14020430647904211592
HIT 3 1855441731732 432 16916447428517495107
HIT 3 2014355521684 469 948252711704707594
HIT 3 2014367973522 469 4378717062133584066
HIT 3 1039396569237 242 11039990985202179386
HIT 3 1855440355477 432 4550473360671079879
HIT 3 2014354145429 469 10431871530767293934
HIT 3 2014367973523 469 7441232788773182505
HIT 3 1855441731733 432 7311317194131989612
HIT 3 2014355521685 469 5486117585219527050
HIT 3 2014367973524 469 5012717853741844221
HIT 3 1039396569238 242 17239387629209676216
HIT 3 1855440355478 432 35444656066288889
HIT 3 2014354145430 469 564837238174173068
HIT 3 1855441731734 432 2691792165836949659
HIT 3 2014355521686 469 4616244432308841368
HIT 3 1039396569239 242 11797571761525966440
HIT 3 1855440355479 432 10518051044288931258
HIT 3 2014354145431 469 6210537000584416570
HIT 3 1855441731735 432 16431614017305929610
HIT 3 2014355521687 469 7290944349621774734
HIT 3 2014367973525 469 14705073110916167556
HIT 3 1039396569240 242 17332682300600083718
HIT 3 1855440355480 432 16164470587720687749
HIT 3 2014354145432 469 3862258788624058355
HIT 3 1855441731736 432 11916878287921761567
HIT 3 2014355521688 469 15582834091716277766
HIT 3 2014367973526 469 3494306981717202395
HIT 3 1039396569241 242 14315776878068869299
HIT 3 1855440355481 432 1565993669311617816
HIT 3 2014354145433 469 5977730620129476601
HIT 3 2014367973527 469 8716773406703305739
HIT 3 1855441731737 432 1234956264087065572
HIT 3 2014355521689 469 17120425454869368597
HIT 3 2014367973528 469 2646682544608306314
HIT 3 1039396569242 242 17091613675555993078
HIT 3 1855440355482 432 14054608756570762064
HIT 3 2014354145434 469 9392939484545618462
HIT 3 1855441731738 432 9132244402083889942
HIT 3 2014355521690 469 4826568745942017761
HIT 3 1039396569243 242 10641151963493444112
HIT 3 1855440355483 432 15898104540424591178
HIT 3 2014354145435 469 10039338955577858433
HIT 3 1039396569244 242 13633378134020654239
HIT 3 1855440355484 432 7870974923547504836
HIT 3 2014354145436 469 3020607859400625130
HIT 3 1855441731739 432 16897192739821621047
HIT 3 2014355521691 469 10272846047948551017
HIT 3 2014367973529 469 12009132435323624629
HIT 3 1855441731740 432 9912594386900575385
HIT 3 2014355521692 469 2052830270108208344
HIT 3 2014367973530 469 4695219102812724823
HIT 3 2014367973532 469 448876101769325604
HIT 3 1039396569245 242 8956237486338336793
HIT 3 1855440355485 432 11066563506307394258
HIT 3 2014354145437 469 1952882295476322914
HIT 3 2014367973531 469 17277693453729735778
HIT 3 1855441731741 432 13489260378849615036
HIT 3 2014355521693 469 3152420938293097867
HIT 3 1039396569246 242 8418949359029411706
HIT 3 1855440355486 432 7956226409081571580
HIT 3 2014354145438 469 6587494845243279593
HIT 3 1039396569247 242 15852511632302968188
HIT 3 1855440355487 432 880652916431267218
HIT 3 2014354145439 469 11611428190152930933
HIT 3 1855441731742 432 1193757783118071509
HIT 3 2014355521694 469 6575981642291275724
HIT 3 1039396569248 242 15063923593261942756
HIT 3 1855440355488 432 9608703244929128988
HIT 3 2014354145440 469 7562579383716793170
HIT 3 1855441731743 432 3416817380826507619
HIT 3 2014355521695 469 16510375913204371503
HIT 3 1855441731744 432 6618995335135305453
HIT 3 2014355521696 469 192392828730094026
HIT 3 2014367973533 469 9233904511801762130
HIT 3 2014367973534 469 18263076253906168135
HIT 3 2014367973535 469 9277543761644604256
HIT 3 1039396569249 242 14870435427580917629
HIT 3 1855440355489 432 11623109227925054198
HIT 3 2014354145441 469 2921942608775301459
HIT 3 2014367973536 469 11056130772418056000
HIT 3 1855441731745 432 16467782851101826608
HIT 3 2014355521697 469 4911260114140293705
HIT 3 1039396569250 242 7619208558423940547
HIT 3 1855440355490 432 16480972059023295707
HIT 3 2014354145442 469 9791304282576025189
HIT 3 1039396569251 242 2578982519923318479
HIT 3 1855440355491 432 14395190814306127578
HIT 3 2014354145443 469 7565002190296526837
HIT 3 1855441731746 432 11099293023803769019
HIT 3 2014355521698 469 6339339991081887507
HIT 3 1039396569252 242 10170339583396836722
HIT 3 1855440355492 432 2838260029759095321
HIT 3 2014354145444 469 8471746768735705145
HIT 3 1855441731747 432 6698432084970050943
HIT 3 2014355521699 469 6935046139261599148
HIT 3 1855441731748 432 10075259853091778601
HIT 3 2014355521700 469 3515593606944399482
HIT 3 2014367973537 469 17558040154849641933
HIT 3 2014367973539 469 16633647286226661745
HIT 3 1039396569253 242 12403469697441919245
HIT 3 1855440355493 432 15179456465505895893
HIT 3 2014354145445 469 14482650354511795369
HIT 3 2014367973538 469 6437609297873478152
HIT 3 1855441731749 432 12870151954592559182
HIT 3 2014355521701 469 15665005300123684717
HIT 3 1039396569255 242 14276933586330059819
HIT 3 1855440355495 432 6095024041255414682
HIT 3 2014354145447 469 13413306142825029385
HIT 3 2014367973540 469 6175506298918811456
HIT 3 1855441731751 432 4725082351312859175
HIT 3 2014355521703 469 7659360703053031750
HIT 3 1039396569254 242 11892335586130034244
HIT 3 1855440355494 432 3165125943103177321
HIT 3 2014354145446 469 6140792188190700897
HIT 3 1855441731750 432 11603686164217773026
HIT 3 2014355521702 469 15949261995765886211
HIT 3 2014367973541 469 8742177317427397517
HIT 3 1039396569256 242 15498876861636293269
HIT 3 1855440355496 432 296767366627073643
HIT 3 2014354145448 469 7305818120307247536
HIT 3 1855441731752 432 15192006756744956125
HIT 3 2014355521704 469 2739914934991636130
HIT 3 1039396569257 242 14634154734671767790
HIT 3 1855440355497 432 17549304453498217741
HIT 3 2014354145449 469 8997294258189751927
HIT 3 2014367973543 469 7453630233761759148
HIT 3 1855441731753 432 5086207293726801127
HIT 3 2014355521705 469 16660075810135530599
HIT 3 2014367973542 469 12279036549371861658
HIT 3 1039396569258 242 6449115084939016579
HIT 3 1855440355498 432 5847948585105503774
HIT 3 2014354145450 469 848616799880902249
HIT 3 1855441731754 432 18025879886283185629
HIT 3 2014355521706 469 6832461530542588832
HIT 3 1039396569259 242 17697415918105737007
HIT 3 1855440355499 432 14333047995035795186
HIT 3 2014354145451 469 4475968831570104993
HIT 3 1855441731755 432 7205665839851785111
HIT 3 2014355521707 469 16819525428540533392
HIT 3 2014367973544 469 11738956311304932579
HIT 3 2014367973545 469 15186414324277548051
HIT 3 2014367973546 469 12105931766471143279
HIT 3 1039396569261 242 10686842332279105827
HIT 3 1855440355501 432 968746656537985555
HIT 3 2014354145453 469 1780817529588096991
HIT 3 1039396569260 242 13996513502301871318
HIT 3 1855440355500 432 1757854490465348096
HIT 3 2014354145452 469 9435047835888197736
HIT 3 1855441731756 432 16845300671502654567
HIT 3 2014355521708 469 5397814619623773457
HIT 3 1855441731757 432 15811586244206550701
HIT 3 2014355521709 469 11262918165880624999
HIT 3 2014367973547 469 8031591412635070055
HIT 3 1039396569262 242 11994689594061220118
HIT 3 1855440355502 432 7673828605455530748
HIT 3 2014354145454 469 12443619818729361825
HIT 3 1855441731758 432 1192544814207704274
HIT 3 2014355521710 469 12210238115674813246
HIT 3 1039396569263 242 4126256303486354789
HIT 3 1855440355503 432 16108242134154681071
HIT 3 2014354145455 469 1455496718817820143
HIT 3 1855441731759 432 11583216820395505822
HIT 3 2014355521711 469 3513789103910236647
HIT 3 2014367973549 469 6933024989513971390
HIT 3 2014367973550 469 11104198711929750155
HIT 3 1039396569264 242 12473231663574985539
HIT 3 1855440355504 432 5606485353564092331
HIT 3 2014354145456 469 16880847425277895788
HIT 3 2014367973548 469 6001701364410150945
HIT 3 1855441731760 432 7135336194625821922
HIT 3 2014355521712 469 8436706839148683721
HIT 3 1039396569265 242 3470779223819779437
HIT 3 1855440355505 432 3855373134908908202
HIT 3 2014354145457 469 8254755937014036630
HIT 3 2014367973551 469 6458007786889736947
HIT 3 1039396569266 242 4204482724957924324
HIT 3 1855440355506 432 6617065914881936732
HIT 3 2014354145458 469 5454414917176286708
HIT 3 1855441731761 432 6546644763311385200
HIT 3 2014355521713 469 11320012573218332570
HIT 3 1855441731762 432 6785442953490930629
HIT 3 2014355521714 469 7368700352485949914
HIT 3 1039396569267 242 6607479572670416872
HIT 3 1855440355507 432 2558373864093417453
HIT 3 2014354145459 469 11321188864718487936
HIT 3 2014367973552 469 16535453507405815319
HIT 3 1855441731763 432 2663714531893683685
HIT 3 2014355521715 469 8837619059870656665
HIT 3 2014367973553 469 7108395057512511352
HIT 3 2014367973554 469 10830111326507202739
HIT 3 1039396569268 242 17103712466029300041
HIT 3 1855440355508 432 18368031114605262086
HIT 3 2014354145460 469 7464385995097591283
HIT 3 1855441731764 432 723826496722314769
HIT 3 2014355521716 469 7069045200017809569
HIT 3 1039396569270 242 2508143391122994612
HIT 3 1855440355510 432 12877553437341952109
HIT 3 2014354145462 469 7981853159477790749
HIT 3 1039396569269 242 14749967609217105691
HIT 3 1855440355509 432 14194595556817486612
HIT 3 2014354145461 469 4597536670567157648
HIT 3 1855441731765 432 14703427162482424980
HIT 3 2014355521717 469 18172088871975415317
HIT 3 1855441731766 432 17070294243840755249
HIT 3 2014355521718 469 2891454153782335424
HIT 3 2014367973555 469 11204076587574240980
HIT 3 2014367973556 469 6137198961421753150
HIT 3 1039396569271 242 16512495172956204622
HIT 3 1855440355511 432 4708846877975577504
HIT 3 2014354145463 469 14034541547189755751
HIT 3 2014367973557 469 5497520490062243787
HIT 3 1855441731767 432 6543902291277046216
HIT 3 2014355521719 469 4951259329973121090
HIT 3 2014367973558 469 15741636506565721824
HIT 3 1039396569272 242 16086261180868530718
HIT 3 1855440355512 432 5785026018606200197
HIT 3 2014354145464 469 3485197192755172203
HIT 3 1039396569273 242 3992738270643672838
HIT 3 1855440355513 432 16206122250988271782
HIT 3 2014354145465 469 9912066062827413853
HIT 3 1855441731768 432 6579027521671822645
HIT 3 2014355521720 469 5252741900142007677
HIT 3 1039396569274 242 12991096760376668381
HIT 3 1855440355514 432 4199270268609954179
HIT 3 2014354145466 469 18169454953004356469
HIT 3 1855441731769 432 5602373759792270659
HIT 3 2014355521721 469 14691100377571748665
HIT 3 1855441731770 432 14186190220868729094
HIT 3 2014355521722 469 9410240545111006349
HIT 3 2014367973559 469 1885319623366915989
HIT 3 2014367973561 469 13006264918587863970
HIT 3 2014367973560 469 932950717959240222
HIT 3 2014367973562 469 16660226921464846958
HIT 3 1039396569275 242 4389812339671990468
HIT 3 1855440355515 432 15533370287911398854
HIT 3 2014354145467 469 4702378234981030060
HIT 3 1039396569277 242 11599049829859588653
HIT 3 1855440355517 432 13090508353118605724
HIT 3 2014354145469 469 11820670799559381763
HIT 3 1039396569276 242 2257600827350915370
HIT 3 1855440355516 432 4470501320903841963
HIT 3 2014354145468 469 16981778950026213398
HIT 3 1855441731771 432 4684474800120890631
HIT 3 2014355521723 469 9080713046382031020
HIT 3 1855441731773 432 15146224902568544994
HIT 3 2014355521725 469 17392257958829839379
HIT 3 1855441731772 432 7306047196039529744
HIT 3 2014355521724 469 16606604040453468872
HIT 3 1039396569278 242 17552726767807492649
HIT 3 1855440355518 432 13471776254424075508
HIT 3 2014354145470 469 9476138138573952215
HIT 3 1855441731774 432 8880697911336001478
HIT 3 2014355521726 469 3407428670695114676
HIT 3 2014367973565 469 113468130354413361
HIT 3 1039396569279 242 16111018487773153671
HIT 3 1855440355519 432 10361944344044961385
HIT 3 2014354145471 469 4927021531662294564
HIT 3 2014367973563 469 2349265239441169419
HIT 3 2014367973564 469 13494168932300476045
HIT 3 1855441731775 432 567749387858334159
HIT 3 2014355521727 469 4411724379384490968
HIT 3 1039396569280 242 11872442882487743171
HIT 3 1855440355520 432 9381557521828422053
HIT 3 2014354145472 469 609574046214391497
HIT 3 1039396569281 242 11751662015525215563
HIT 3 1855440355521 432 2071538488626261465
HIT 3 2014354145473 469 3439192610559429630
HIT 3 1855441731777 432 9864221776624031640
HIT 3 2014355521729 469 2270903814674030385
HIT 3 1855441731776 432 13022782961465283439
HIT 3 2014355521728 469 985719603853211788
HIT 3 2014367973566 469 14015058612028984131
HIT 3 1039396569282 242 2708814854594212575
HIT 3 1855440355522 432 618774663999906668
HIT 3 2014354145474 469 9387202670654674923
HIT 3 1855441731778 432 5062753829431476282
HIT 3 2014355521730 469 717027505564749364
HIT 3 2014367973567 469 2175245399024896473
HIT 3 1039396569283 242 14940932225872730005
HIT 3 1855440355523 432 8482337598032104323
HIT 3 2014354145475 469 13736374514198383891
HIT 3 1855441731779 432 16726828457281856273
HIT 3 2014355521731 469 7581630652053512866
HIT 3 2014367973569 469 14108268063506227768
HIT 3 2014367973568 469 14800452590123814353
HIT 3 1039396569284 242 6925979325755462662
HIT 3 1855440355524 432 11402217408732050287
HIT 3 2014354145476 469 15187537678826699250
HIT 3 1039396569285 242 7117558305137732711
HIT 3 1855440355525 432 6410621711476611156
HIT 3 2014354145477 469 5330427220542216309
HIT 3 2014367973570 469 16158326325419155148
HIT 3 1855441731780 432 2379502745033405416
HIT 3 2014355521732 469 469511820400359600
HIT 3 1855441731781 432 18007391385183419180
HIT 3 2014355521733 469 18213839769176958233
HIT 3 1039396569286 242 11211878521246051570
HIT 3 1855440355526 432 2907131200567063092
HIT 3 2014354145478 469 12397135223376300874
HIT 3 2014367973571 469 3219676230659693790
HIT 3 1855441731782 432 8460234200844604974
HIT 3 2014355521734 469 10094976034968190912
HIT 3 1039396569287 242 4318392523277645550
HIT 3 1855440355527 432 17427153083478683530
HIT 3 2014354145479 469 14207800781631092252
HIT 3 1855441731783 432 8707940336569561717
HIT 3 2014355521735 469 13953119436198789931
HIT 3 2014367973572 469 14937775851380393485
HIT 3 2014367973573 469 15015087306408163199
HIT 3 1039396569288 242 14894424368194529716
HIT 3 1855440355528 432 16762917812253580147
HIT 3 2014354145480 469 10391935721267061692
HIT 3 2014367973574 469 8098629436127075825
HIT 3 1039396569289 242 15670990995926835682
HIT 3 1855440355529 432 15989050474945048213
HIT 3 2014354145481 469 2096361703741881919
HIT 3 1039396569290 242 17458805247206962133
HIT 3 1855441731784 432 15503509890058043146
HIT 3 2014355521736 469 6019883744918395512
HIT 3 1855440355530 432 3692121843426103651
HIT 3 2014354145482 469 4254439058361027773
HIT 3 1855441731785 432 4513082948947109898
HIT 3 2014355521737 469 2609845408777365555
HIT 3 1855441731786 432 15811950612393574867
HIT 3 2014355521738 469 10041714361974091082
HIT 3 2014367973575 469 9891448777197304691
HIT 3 1039396569291 242 2374212710987200743
HIT 3 1855440355531 432 4451760473309631908
HIT 3 2014354145483 469 5624326495437071545
HIT 3 1855441731787 432 12370192432059287824
HIT 3 2014355521739 469 2120531544063402986
HIT 3 2014367973578 469 10813899103001544929
HIT 3 1039396569292 242 8694634461708443985
HIT 3 1855440355532 432 18048052699689260460
HIT 3 2014354145484 469 5696246000676434168
HIT 3 2014367973576 469 11310242247378729147
HIT 3 1855441731788 432 14055478804365107097
HIT 3 2014355521740 469 9756329968960890760
HIT 3 2014367973577 469 12985087872696173113
HIT 3 1039396569294 242 18316965785375366997
HIT 3 1855440355534 432 3389291055921102226
HIT 3 2014354145486 469 12095430951848119446
HIT 3 1039396569293 242 17485198588787597316
HIT 3 1855440355533 432 11703050241082140546
HIT 3 2014354145485 469 7645997953923862509
HIT 3 1855441731790 432 1854379369790182664
HIT 3 2014355521742 469 4808699260766880411
HIT 3 1855441731789 432 12010883158374918960
HIT 3 2014355521741 469 7322217481939809805
HIT 3 2014367973580 469 18083892958582187820
HIT 3 1039396569295 242 1387265375141848607
HIT 3 1855440355535 432 1801658863069950625
HIT 3 2014354145487 469 13744404079200451365
HIT 3 2014367973579 469 242455236631116909
HIT 3 1855441731791 432 4469280042050201758
HIT 3 2014355521743 469 3003980048242400619
HIT 3 1039396569296 242 7781362343563959849
HIT 3 1855440355536 432 12940393082130938073
HIT 3 2014354145488 469 15858724634625053381
HIT 3 1855441731792 432 9829815783861397429
HIT 3 2014355521744 469 1283962482660636448
HIT 3 2014367973582 469 4989298098024756082
HIT 3 1039396569297 242 9309152378318444823
HIT 3 1855440355537 432 3507932737025045823
HIT 3 2014354145489 469 7761597692871582603
HIT 3 2014367973581 469 17381589093589635632
HIT 3 2014367973583 469 3050425032065295666
HIT 3 1039396569298 242 10954797791020132398
HIT 3 1855440355538 432 1825382888392539539
HIT 3 2014354145490 469 9222210923046440393
HIT 3 1039396569299 242 2115091013272316072
HIT 3 1855440355539 432 8260864316008005976
HIT 3 2014354145491 469 7770957504874834946
HIT 3 1855441731794 432 11678804438316662230
HIT 3 2014355521746 469 18148400702544881722
HIT 3 1855441731793 432 5021797693021089433
HIT 3 2014355521745 469 3984982502244040972
HIT 3 1855441731795 432 10158016669480612700
HIT 3 2014355521747 469 12687616165307741332
HIT 3 2014367973584 469 8786037499817168970
HIT 3 1039396569300 242 879344328931527183
HIT 3 1855440355540 432 15349294623804599354
HIT 3 2014354145492 469 2690380372000254648
HIT 3 1855441731796 432 16388964061038026648
HIT 3 2014355521748 469 3358440484375733199
HIT 3 2014367973586 469 4737545694509191990
HIT 3 1039396569301 242 8452067299512080993
HIT 3 1855440355541 432 10061604583054260216
HIT 3 2014354145493 469 16782522412220183112
HIT 3 1855441731797 432 7634989259263514633
HIT 3 2014355521749 469 17349570278084596483
HIT 3 2014367973585 469 1673497058437279584
HIT 3 1039396569302 242 1188590027689000060
HIT 3 1855440355542 432 4677977313962408486
HIT 3 2014354145494 469 10244985364752161610
HIT 3 2014367973587 469 17776638560134309631
HIT 3 1039396569303 242 4747092343216505556
HIT 3 1855441731798 432 2005704337174885462
HIT 3 2014355521750 469 8299543158467001324
HIT 3 2014367973588 469 7175616816343408758
HIT 3 1855440355543 432 7883748141985156540
HIT 3 2014354145495 469 17821570932082577567
HIT 3 1039396569304 242 7206660154513182473
HIT 3 1855440355544 432 10360163141426019746
HIT 3 2014354145496 469 3483067618888761665
HIT 3 1855441731799 432 11430659783205222379
HIT 3 2014355521751 469 2781485184305834076
HIT 3 2014367973589 469 9466938044410697711
HIT 3 1855441731800 432 3671082822917614313
HIT 3 2014355521752 469 15964589460970975753
HIT 3 1039396438233 242 7206660154513182473
HIT 3 1855440224473 432 10360163141426019746
HIT 3 2014354014425 469 3483067618888761665
HIT 3 1039396569305 242 8450626458704680312
HIT 3 1855440355545 432 7299948863262574109
HIT 3 2014354145497 469 3468474539390075340
HIT 3 1855441731801 432 18098443470729676132
HIT 3 2014355521753 469 8236170265471275305
HIT 3 2014367973590 469 7893071567579171152
HIT 3 1039396569306 242 1490360033611388295
HIT 3 2014367973591 469 367611776924219657
HIT 3 1855440355546 432 4893814136652396514
HIT 3 2014354145498 469 52704784781100929
HIT 3 1039396700378 242 423527347766704173
HIT 3 1855440486618 432 15041004733459963767
HIT 3 2014354276570 469 14064386329037303833
HIT 3 1039396569307 242 423527347766704173
HIT 3 1855440355547 432 15041004733459963767
HIT 3 2014354145499 469 14064386329037303833
HIT 3 2014367973592 469 5618914316397776204
HIT 3 1855441731802 432 3108019115690662124
HIT 3 2014355521754 469 10249524903062590643
HIT 3 1855441600731 432 7041806737063885919
HIT 3 2014355390683 469 13223609805901989860
HIT 3 1846851797211 430 7824969763305290408
HIT 3 1855441731803 432 10158013433808569742
HIT 3 1859736699099 433 3764656897366066572
HIT 3 1864031666395 434 7649578497673947834
HIT 3 2005765587163 467 12868491872136113839
HIT 3 2010060554459 468 14715106160542318107
HIT 3 2014355521755 469 8659751272430746180
HIT 3 2022945456347 471 12207292951092420888
HIT 3 1047987945691 244 1490360033611388295
HIT 3 966382190812 225 5056066292739250664
HIT 3 1039396634844 242 10613709383526613122
HIT 3 1855440421084 432 6180470227484585464
HIT 3 2014354211036 469 7682611298667255731
HIT 3 1030806765788 240 17039386911489921119
HIT 3 1039396700380 242 6457184403374367042
HIT 3 1043691667676 243 6505675418353767601
HIT 3 1047986634972 244 1960925797578214089
HIT 3 1846850552028 430 9352275208253058762
HIT 3 1855440486620 432 10058795041919807416
HIT 3 1859735453916 433 10571117468354268894
HIT 3 1864030421212 434 44302491450974147
HIT 3 2005764341980 467 8582752929850296905
HIT 3 2010059309276 468 849572502239618088
HIT 3 2014354276572 469 2736951093572879849
HIT 3 2022944211164 471 10364195701496509289
HIT 3 1039396831452 242 17365993294525477679
HIT 3 1855440617692 432 1323874666469518587
HIT 3 2014354407644 469 12771370425916961068
HIT 3 1855441797339 432 17040101049270826733
HIT 3 2014355587291 469 337489536402310077
HIT 3 1855441862875 432 10018286985443262180
HIT 3 2014355652827 469 9965437069789986780
HIT 3 1855441600732 432 13171294627926210903
HIT 3 2014355390684 469 3792247255119740931
HIT 3 1846851797212 430 13723932469958074483
HIT 3 1855441731804 432 15834101415433282088
HIT 3 1859736699100 433 4398846842932591261
HIT 3 1864031666396 434 14170372503954903224
HIT 3 2005765587164 467 1398130200762753629
HIT 3 2010060554460 468 11150072775487174487
HIT 3 2014355521756 469 12628966709040237907
HIT 3 2022945456348 471 14876322296063455004
HIT 3 1047987945692 244 17856150544177261244
HIT 3 1855441797340 432 14958325863695333876
HIT 3 2014355587292 469 1368649088790689890
HIT 3 1855441862876 432 17582346275933411333
HIT 3 2014355652828 469 6000717278979599013
HIT 3 2014367973593 469 6976820781628931807
HIT 3 1039396634845 242 17856150544177261244
HIT 3 1855440421085 432 3029451822655877838
HIT 3 2014354211037 469 4121356736773591692
HIT 3 1039396700381 242 17365993294525477679
HIT 3 1855440486621 432 1323874666469518587
HIT 3 2014354276573 469 12771370425916961068
HIT 3 1039396765917 242 10613709383526613122
HIT 3 1855440552157 432 6180470227484585464
HIT 3 2014354342109 469 7682611298667255731
HIT 3 1039396831453 242 1077942556328350364
HIT 3 1855440617693 432 1193112127882030765
HIT 3 2014354407645 469 17835064044739235269
HIT 3 1039396896989 242 5262968565093455015
HIT 3 1855440683229 432 8963929692028821525
HIT 3 2014354473181 469 9581681962974519201
HIT 3 1039396962525 242 3999937412701837400
HIT 3 1855440748765 432 7308955614873571530
HIT 3 2014354538717 469 8389465747486509047
HIT 3 1039397028061 242 17921232239638365801
HIT 3 1855440814301 432 4236575828219256922
HIT 3 2014354604253 469 14744385186074110213
HIT 3 1039397093597 242 17235142277830774674
HIT 3 1855440879837 432 4121334348216883907
HIT 3 2014354669789 469 2711945553562722551
HIT 3 1039397159133 242 9207662311614794711
HIT 3 1855440945373 432 15713898875905007580
HIT 3 2014354735325 469 3210517424186975981
HIT 3 1039397224669 242 4437942533760030912
HIT 3 1855441010909 432 923930196173250502
HIT 3 2014354800861 469 17323276862739509828
HIT 3 1039397290205 242 17648211327403386470
HIT 3 1855441076445 432 17934154081061665415
HIT 3 2014354866397 469 14478450661246110329
HIT 3 1039397355741 242 16592223395784191813
HIT 3 1855441141981 432 12310745195895880079
HIT 3 2014354931933 469 9583238522756019808
HIT 3 1039397421277 242 8795076370608596511
HIT 3 1855441207517 432 12761137379123086543
HIT 3 2014354997469 469 9106851921099354245
HIT 3 1039397486813 242 3545454684525487745
HIT 3 1855441273053 432 11990309600786569007
HIT 3 2014355063005 469 11187946747517896508
HIT 3 1039397552349 242 16018131230313788254
HIT 3 1855441338589 432 14236580643030225802
HIT 3 2014355128541 469 11562902978404025964
HIT 3 1039397617885 242 5869348689451048255
HIT 3 1855441404125 432 10615236162801746790
HIT 3 2014355194077 469 15836125846174106725
HIT 3 1030807748829 240 928122585815750254
HIT 3 1039397683421 242 12936465356836838008
HIT 3 1855441469661 432 13841787424299282216
HIT 3 2014355259613 469 14023445080445191167
HIT 3 1039397748957 242 928122585815750254
HIT 3 1855441535197 432 7443995937105158744
HIT 3 2014355325149 469 9397786217390583555
HIT 3 1039397814493 242 11762135659953833011
HIT 3 1846851666141 430 18234816768101173128
HIT 3 1855441600733 432 12925620606918412048
HIT 3 1859736568029 433 5073171678323900103
HIT 3 1864031535325 434 13907141263694956525
HIT 3 2005765456093 467 8729669770428087842
HIT 3 2010060423389 468 11882924278621337911
HIT 3 2014355390685 469 8014003796236420193
HIT 3 2022945325277 471 6759409801648048709
HIT 3 1039397880029 242 17039386911489921119
HIT 3 1047987814621 244 11762135659953833011
HIT 3 1855441666269 432 12826363565627546354
HIT 3 2014355456221 469 4493845478165060213
HIT 3 1047987880157 244 13735538221466760458
HIT 3 1052282847453 245 6505675418353767601
HIT 3 1056577814749 246 11020139354636117375
HIT 3 1060872782045 247 10467033436177241347
HIT 3 1065167749341 248 14805153881110959558
HIT 3 1069462716637 249 5807431348547498829
HIT 3 1073757683933 250 8081670211926926580
HIT 3 1078052651229 251 11335579615695793668
HIT 3 1082347618525 252 5077176665483952837
HIT 3 1086642585821 253 8701444504440658203
HIT 3 1090937553117 254 920916078709156747
HIT 3 1095232520413 255 16765162906777992479
HIT 3 1099527487709 256 3485873730422516651
HIT 3 1103822455005 257 2481731632450345953
HIT 3 1108117422301 258 11760721823955118430
HIT 3 1112412389597 259 11657255913098339736
HIT 3 1116707356893 260 13387693937167442618
HIT 3 1121002324189 261 10442228898679718502
HIT 3 1125297291485 262 8176171430015895096
HIT 3 1129592258781 263 16688902500828686605
HIT 3 1133887226077 264 13266468214819651703
HIT 3 1138182193373 265 17338212809052930477
HIT 3 1142477160669 266 13066398993562635095
HIT 3 1146772127965 267 6017349579459603574
HIT 3 1151067095261 268 16307401243115773414
HIT 3 1155362062557 269 5479421818235542449
HIT 3 1159657029853 270 3837095645778569731
HIT 3 1163951997149 271 16844740337899677248
HIT 3 1168246964445 272 6661818261825483161
HIT 3 1172541931741 273 313317024068240435
HIT 3 1176836899037 274 12915267356979960390
HIT 3 1181131866333 275 4400454321539427373
HIT 3 1185426833629 276 7343900991987412502
HIT 3 1189721800925 277 687185755151759062
HIT 3 1194016768221 278 5336510760531059446
HIT 3 1198311735517 279 8826548670303964656
HIT 3 1202606702813 280 7019423123024197724
HIT 3 1206901670109 281 6631981053875834494
HIT 3 1211196637405 282 1442675659915358670
HIT 3 1215491604701 283 15164560191904966317
HIT 3 1219786571997 284 6793783915105602122
HIT 3 1224081539293 285 10585319713681991834
HIT 3 1228376506589 286 15968403151566475739
HIT 3 1232671473885 287 1942125275443326649
HIT 3 1236966441181 288 737862579488818097
HIT 3 1241261408477 289 9374786888584407230
HIT 3 1245556375773 290 13771494760338565027
HIT 3 1249851343069 291 5576715167167871024
HIT 3 1254146310365 292 2642533882923121923
HIT 3 1258441277661 293 12221776825174175588
HIT 3 1262736244957 294 1660225535620487772
HIT 3 1267031212253 295 9345015111142445475
HIT 3 1271326179549 296 2338566402342636479
HIT 3 1275621146845 297 3323534946119447907
HIT 3 1279916114141 298 8398436670945941159
HIT 3 1284211081437 299 13463854248313992366
HIT 3 1288506048733 300 1149704259737164704
HIT 3 1292801016029 301 2093792271522345882
HIT 3 1297095983325 302 1924956584682311341
HIT 3 1301390950621 303 7731806895136092698
HIT 3 1305685917917 304 4481401604602616498
HIT 3 1309980885213 305 16847307820940880419
HIT 3 1314275852509 306 10699912920620850366
HIT 3 1318570819805 307 7582690367640470161
HIT 3 1322865787101 308 15308180799853463825
HIT 3 1327160754397 309 14971148545612269168
HIT 3 1331455721693 310 7249849719548677048
HIT 3 1335750688989 311 13914120636638972258
HIT 3 1340045656285 312 16182322385517861038
HIT 3 1344340623581 313 15395630853425867730
HIT 3 1348635590877 314 7040403133582686192
HIT 3 1352930558173 315 12945898388382412687
HIT 3 1357225525469 316 7114840995423727983
HIT 3 1361520492765 317 14276143635365352184
HIT 3 1365815460061 318 3943385070399344501
HIT 3 1370110427357 319 1864877251954159411
HIT 3 1374405394653 320 12095354365622886940
HIT 3 1378700361949 321 2025593393705925483
HIT 3 1382995329245 322 16695927411805136927
HIT 3 1387290296541 323 2666990865056949376
HIT 3 1391585263837 324 16141993909489121775
HIT 3 1395880231133 325 11821032461494250473
HIT 3 1400175198429 326 17151509136431270588
HIT 3 1404470165725 327 1356138986557985447
HIT 3 1408765133021 328 10719698817592789038
HIT 3 1413060100317 329 18375386556110690148
HIT 3 1417355067613 330 18308298186468140470
HIT 3 1421650034909 331 6963354357772790795
HIT 3 1425945002205 332 2603200082660358206
HIT 3 1430239969501 333 15753480194949488421
HIT 3 1434534936797 334 7155041677197297388
HIT 3 1438829904093 335 14390594555969529157
HIT 3 1443124871389 336 14632633075737489907
HIT 3 1447419838685 337 18323246616205061823
HIT 3 1451714805981 338 12711393340829116191
HIT 3 1456009773277 339 1496787017146594770
HIT 3 1460304740573 340 12210302514361097591
HIT 3 1464599707869 341 13324051090211402450
HIT 3 1468894675165 342 4746184347385697243
HIT 3 1473189642461 343 10009734227027532575
HIT 3 1477484609757 344 1424355860488365561
HIT 3 1481779577053 345 4604417854709034348
HIT 3 1486074544349 346 15547857721623639707
HIT 3 1490369511645 347 3664528124740063331
HIT 3 1494664478941 348 14556569552639573515
HIT 3 1498959446237 349 15005142083905960522
HIT 3 1503254413533 350 2301004569004375485
HIT 3 1507549380829 351 5387474509976554785
HIT 3 1511844348125 352 5568105879895602421
HIT 3 1516139315421 353 3036874989279311734
HIT 3 1520434282717 354 12255754772302583958
HIT 3 1524729250013 355 6977398563746308406
HIT 3 1529024217309 356 4395308719985260597
HIT 3 1533319184605 357 16872170030112853912
HIT 3 1537614151901 358 9061020241421601346
HIT 3 1541909119197 359 16318726034765021131
HIT 3 1546204086493 360 2917359399568558705
HIT 3 1550499053789 361 11123347847454463946
HIT 3 1554794021085 362 2037036264228561504
HIT 3 1559088988381 363 15012906546059657719
HIT 3 1563383955677 364 9975462968036484211
HIT 3 1567678922973 365 4728337802155959091
HIT 3 1571973890269 366 17345058877335620084
HIT 3 1576268857565 367 17859134355152252674
HIT 3 1580563824861 368 8973623565549821891
HIT 3 1584858792157 369 8497405807210125078
HIT 3 1589153759453 370 5644490584733647405
HIT 3 1593448726749 371 2316447882717861218
HIT 3 1597743694045 372 255980388826291523
HIT 3 1602038661341 373 7730997285137790815
HIT 3 1606333628637 374 15459009972372984234
HIT 3 1610628595933 375 12722191117189028240
HIT 3 1614923563229 376 16362384566624996252
HIT 3 1619218530525 377 13968598388355168690
HIT 3 1623513497821 378 14056852831821693230
HIT 3 1627808465117 379 3989374736337652768
HIT 3 1632103432413 380 11524506520963422653
HIT 3 1636398399709 381 4105859673291142986
HIT 3 1640693367005 382 18200263162874018026
HIT 3 1644988334301 383 8501631498748851407
HIT 3 1649283301597 384 3115665311875244020
HIT 3 1653578268893 385 8458922055932358880
HIT 3 1657873236189 386 4923278984111093711
HIT 3 1662168203485 387 16064928599681066372
HIT 3 1666463170781 388 497913908255547739
HIT 3 1670758138077 389 9128987815644383968
HIT 3 1675053105373 390 15316039116751762876
HIT 3 1679348072669 391 9181369691441868282
HIT 3 1683643039965 392 9300206253146496993
HIT 3 1687938007261 393 17385947418757953313
HIT 3 1692232974557 394 11443567840222971190
HIT 3 1696527941853 395 14251615319195932610
HIT 3 1700822909149 396 17644362257860087096
HIT 3 1705117876445 397 12373376099636743956
HIT 3 1709412843741 398 11546654809398252859
HIT 3 1713707811037 399 16018753145809125907
HIT 3 1718002778333 400 7533800561629777142
HIT 3 1722297745629 401 11657369794585126252
HIT 3 1726592712925 402 5952790544608426501
HIT 3 1730887680221 403 11079103815387716597
HIT 3 1735182647517 404 17878719297119519280
HIT 3 1739477614813 405 17987500326797104443
HIT 3 1743772582109 406 799728501133698195
HIT 3 1748067549405 407 6117096960140899955
HIT 3 1752362516701 408 7505440834432194482
HIT 3 1756657483997 409 16651815603974388364
HIT 3 1760952451293 410 13353360444176692617
HIT 3 1765247418589 411 4351419348290637818
HIT 3 1769542385885 412 1883700067040688564
HIT 3 1773837353181 413 1144148443712242288
HIT 3 1778132320477 414 11569413819752467614
HIT 3 1782427287773 415 17939565090586231082
HIT 3 1786722255069 416 2191209305926631841
HIT 3 1791017222365 417 15745071541260737350
HIT 3 1795312189661 418 149505214246555855
HIT 3 1799607156957 419 10389254836075426010
HIT 3 1803902124253 420 9234427278462235539
HIT 3 1808197091549 421 4395770917109864874
HIT 3 1812492058845 422 2796128259068887012
HIT 3 1816787026141 423 11736520869547868485
HIT 3 1821081993437 424 11312701858875010048
HIT 3 1825376960733 425 4970907469776916253
HIT 3 1829671928029 426 11612416583982550903
HIT 3 1833966895325 427 4964751572590802821
HIT 3 1838261862621 428 7285369672676201383
HIT 3 1842556829917 429 7667472520005084309
HIT 3 1846851797213 430 6568584464493158317
HIT 3 1851146764509 431 682981623105582643
HIT 3 1855441731805 432 8161106758294589460
HIT 3 1859736699101 433 6494881711045527129
HIT 3 1864031666397 434 9288900860551415473
HIT 3 1868326633693 435 11703589404803637231
HIT 3 1872621600989 436 66457048505232709
HIT 3 1876916568285 437 1618437045424492398
HIT 3 1881211535581 438 1825716107866003308
HIT 3 1885506502877 439 9334305317241634349
HIT 3 1889801470173 440 10342516928842366756
HIT 3 1894096437469 441 17501777362785686901
HIT 3 1898391404765 442 1668110572620073273
HIT 3 1902686372061 443 15700075575396042342
HIT 3 1906981339357 444 5626477210367421066
HIT 3 1911276306653 445 11556294947154431012
HIT 3 1915571273949 446 10458673541689984182
HIT 3 1919866241245 447 5923487579780576893
HIT 3 1924161208541 448 11382370812722998173
HIT 3 1928456175837 449 14559153937382182554
HIT 3 1932751143133 450 16326217916533152233
HIT 3 1937046110429 451 3058926652225743285
HIT 3 1941341077725 452 10240139307578828731
HIT 3 1945636045021 453 17123649093938829270
HIT 3 1949931012317 454 4904808575199587897
HIT 3 1954225979613 455 4302733341367553561
HIT 3 1958520946909 456 10401343341584467917
HIT 3 1962815914205 457 10663798337763631361
HIT 3 1967110881501 458 9870693063920559257
HIT 3 1971405848797 459 18400935389781527554
HIT 3 1975700816093 460 12767395609758295733
HIT 3 1979995783389 461 13169936790837202723
HIT 3 1984290750685 462 6026139074078687275
HIT 3 1988585717981 463 3849835563306011615
HIT 3 1992880685277 464 8146716225214054939
HIT 3 1997175652573 465 1114842251265369652
HIT 3 2001470619869 466 6168700836311957429
HIT 3 2005765587165 467 10187350947813214257
HIT 3 2010060554461 468 12006782064362201602
HIT 3 2014355521757 469 16244063258957687920
HIT 3 2018650489053 470 6101032623552868818
HIT 3 2022945456349 471 12411849395628351786
HIT 3 2027240423645 472 13314040692618523018
HIT 3 2031535390941 473 899061087848106473
HIT 3 2035830358237 474 10345552767254387063
HIT 3 2040125325533 475 11044610671003314472
HIT 3 2044420292829 476 6459771456158225146
HIT 3 2048715260125 477 7288292714044451297
HIT 3 2053010227421 478 13219062838823302535
HIT 3 2057305194717 479 967019563286480794
HIT 3 2061600162013 480 17949446247152556952
HIT 3 2065895129309 481 8155960509768695480
HIT 3 2070190096605 482 5618987346815401620
HIT 3 2074485063901 483 1729350531655299188
HIT 3 2078780031197 484 9176009709423001149
HIT 3 2083074998493 485 122306523597152986
HIT 3 2087369965789 486 5043604673167174256
HIT 3 2091664933085 487 7493241002451703855
HIT 3 2095959900381 488 536589314326999887
HIT 3 2100254867677 489 6847358482663000177
HIT 3 2104549834973 490 16797739189122191074
HIT 3 2108844802269 491 12479733003311395642
HIT 3 2113139769565 492 8086433806874337128
HIT 3 2117434736861 493 9674041506866959398
HIT 3 2121729704157 494 7213002290937432042
HIT 3 2126024671453 495 11695290776871260981
HIT 3 2130319638749 496 6231347479847623512
HIT 3 2134614606045 497 9333077444101569862
HIT 3 2138909573341 498 2248157896225086662
HIT 3 2143204540637 499 11000804799482330244
HIT 3 2147499507933 500 6427501125803890821
HIT 3 2151794475229 501 4907651245229519615
HIT 3 2156089442525 502 3401451797125199322
HIT 3 2160384409821 503 12131542537921430702
HIT 3 2164679377117 504 1447454976329849999
HIT 3 2168974344413 505 10849738549871340558
HIT 3 2173269311709 506 9441475933671876867
HIT 3 2177564279005 507 9300048363192186134
HIT 3 2181859246301 508 15316457122094313409
HIT 3 2186154213597 509 1445488711179126790
HIT 3 2190449180893 510 17171378340386919926
HIT 3 2194744148189 511 1166414325815489611
HIT 3 1047987945693 244 6457184403374367042
HIT 3 1052282912989 245 10467033436177241347
HIT 3 1056577880285 246 13735538221466760458
HIT 3 1846851862749 430 12925447144477951325
HIT 3 1855441797341 432 17173675368961254011
HIT 3 1859736764637 433 12499974555384056969
HIT 3 1864031731933 434 13106226805478667881
HIT 3 2005765652701 467 8341400738445930849
HIT 3 2010060619997 468 16715713853335121187
HIT 3 2014355587293 469 14747326810097915282
HIT 3 2022945521885 471 2320634954819885241
HIT 3 1846851928285 430 7257195268559495288
HIT 3 1855441862877 432 4130636730997883939
HIT 3 1859736830173 433 8088255606551342595
HIT 3 1864031797469 434 7802817189019090225
HIT 3 2005765718237 467 15587116533304811451
HIT 3 2010060685533 468 8252830261249458340
HIT 3 2014355652829 469 1293038077639234963
HIT 3 2022945587421 471 8569067208134427084
HIT 3 1056578011357 246 1960925797578214089
HIT 3 1855441928413 432 7041678644321306453
HIT 3 2014355718365 469 1169095354714130323
HIT 3 1855441993949 432 18346730502793122135
HIT 3 2014355783901 469 17023199400676377710
HIT 3 1855442059485 432 8760891421030789961
HIT 3 2014355849437 469 13249216049107312753
HIT 3 1855442125021 432 3261807625827733948
HIT 3 2014355914973 469 12005317413571301098
HIT 3 1855442190557 432 10303867707831632154
HIT 3 2014355980509 469 6839339284384890350
HIT 3 1855442256093 432 11278134434623307145
HIT 3 2014356046045 469 17983613505931521552
HIT 3 1855442321629 432 121043757874739209
HIT 3 2014356111581 469 3128143311815503998
HIT 3 1855442387165 432 9990222363959501796
HIT 3 2014356177117 469 10551046461979782441
HIT 3 1855442452701 432 1759334894621622757
HIT 3 2014356242653 469 2191804732331839100
HIT 3 1855442518237 432 15491881380930645985
HIT 3 2014356308189 469 15358004149303668966
HIT 3 1855442583773 432 13548931397071799569
HIT 3 2014356373725 469 17281096623236729171
HIT 3 1855442649309 432 8661063656768278169
HIT 3 2014356439261 469 15454402701824517498
HIT 3 1855442714845 432 1471676972476010381
HIT 3 2014356504797 469 3571976724474970743
HIT 3 1855442780381 432 7247857185730074431
HIT 3 2014356570333 469 4497290934363438157
HIT 3 1855442845917 432 8823418637263272124
HIT 3 2014356635869 469 4068538802873117759
HIT 3 1855442911453 432 3649416614493134510
HIT 3 2014356701405 469 399093843954985552
HIT 3 1855442976989 432 2558862553838872617
HIT 3 2014356766941 469 9287327295374083432
HIT 3 1855443042525 432 324602589081371662
HIT 3 2014356832477 469 12222213993438433393
HIT 3 1855443108061 432 10529871241758273097
HIT 3 2014356898013 469 9538524431639765576
HIT 3 1855443173597 432 9548985614001460210
HIT 3 2014356963549 469 4639425980810488643
HIT 3 1855443239133 432 6971177240093086816
HIT 3 2014357029085 469 5171582363105800586
HIT 3 1855443304669 432 13799929347129900869
HIT 3 2014357094621 469 2602025798225240117
HIT 3 1855443370205 432 4438321749406616302
HIT 3 2014357160157 469 7880998267904527492
HIT 3 1855443435741 432 17340859444894943995
HIT 3 2014357225693 469 9225386059803247023
HIT 3 1855443501277 432 2847495964597615861
HIT 3 2014357291229 469 4130524579776475840
HIT 3 1855443566813 432 570159651114574545
HIT 3 2014357356765 469 8761624892521237619
HIT 3 1855443632349 432 14785923232298620653
HIT 3 2014357422301 469 15877833712201377824
HIT 3 1855443697885 432 747259954085340943
HIT 3 2014357487837 469 3547568055869346591
HIT 3 1855443763421 432 13100710998187842639
HIT 3 2014357553373 469 14303930000294269095
HIT 3 1855443828957 432 3651105256489695178
HIT 3 2014357618909 469 6979972923425469240
HIT 3 1855443894493 432 10173923489957238646
HIT 3 2014357684445 469 12006046680472217298
HIT 3 1855443960029 432 3348143006437853911
HIT 3 2014357749981 469 16192345219490908632
HIT 3 1855444025565 432 13099952136475290828
HIT 3 2014357815517 469 8931868249159741288
HIT 3 1855444091101 432 193269846770922664
HIT 3 2014357881053 469 8765017638282420531
HIT 3 1855444156637 432 5714810422614632060
HIT 3 2014357946589 469 1908303343505273476
HIT 3 1855444222173 432 18442551688785485839
HIT 3 2014358012125 469 85903194767506395
HIT 3 1855444287709 432 2022249889793842195
HIT 3 2014358077661 469 5541115937987886920
HIT 3 1855444353245 432 17846084092281783220
HIT 3 2014358143197 469 6883528900481177059
HIT 3 1855444418781 432 9077484046521577368
HIT 3 2014358208733 469 2651684838691576593
HIT 3 1855444484317 432 9225626691942462546
HIT 3 2014358274269 469 528068610930469856
HIT 3 1855444549853 432 2906416884447518995
HIT 3 2014358339805 469 14434096539002747834
HIT 3 1855444615389 432 6794161318977884483
HIT 3 2014358405341 469 18060898210922152011
HIT 3 1855444680925 432 12493747513783822629
HIT 3 2014358470877 469 11316179825634977850
HIT 3 1855444746461 432 17129619044298521585
HIT 3 2014358536413 469 4088292962712881405
HIT 3 1855444811997 432 13860593532571991717
HIT 3 2014358601949 469 13501805989015111071
HIT 3 1855444877533 432 7475517075086521921
HIT 3 2014358667485 469 4545991539114938562
HIT 3 1855444943069 432 1993852400938886243
HIT 3 2014358733021 469 5133193929312829601
HIT 3 2014367842523 469 15321421623473910993
HIT 3 2005778039003 467 14006976232791917944
HIT 3 2010073006299 468 13590981318496377551
HIT 3 2014367973595 469 6500811365391028160
HIT 3 2022957908187 471 3315294484505711122
HIT 3 1864044183771 434 4893814136652396514
HIT 3 2014368039131 469 8101654910419464070
HIT 3 2014368104667 469 15350476737994529338
HIT 3 2022960267483 471 52704784781100929
HIT 3 2014367973594 469 3143405436809113030
HIT 3 1855445008605 432 13017314897509543138
HIT 3 2014358798557 469 3677010580681558478
HIT 3 1855445074141 432 4238226417439178137
HIT 3 2014358864093 469 16496408182332678905
HIT 3 1855445139677 432 1011881249666236729
HIT 3 2014358929629 469 15022059884508860850
HIT 3 1855445205213 432 5652890600054509425
HIT 3 2014358995165 469 9311532950351053291
HIT 3 1855445270749 432 9826444057335248647
HIT 3 2014359060701 469 16437444549240534325
HIT 3 1855445336285 432 6714527108975261570
HIT 3 2014359126237 469 12870146995691432816
HIT 3 1855445401821 432 7304858835875942827
HIT 3 2014359191773 469 13206655528219684405
HIT 3 1855445467357 432 2514349161904785205
HIT 3 2014359257309 469 2048530350489986100
HIT 3 1855445532893 432 7050198958771707125
HIT 3 2014359322845 469 14637938606442818537
HIT 3 1855445598429 432 36969714047245493
HIT 3 2014359388381 469 18133810903673621341
HIT 3 1855445663965 432 1430209215494509366
HIT 3 2014359453917 469 9677271620240205047
HIT 3 1855445729501 432 2044460159481870150
HIT 3 2014359519453 469 10298571843768132561
HIT 3 1855445795037 432 16013851839090139008
HIT 3 2014367842524 469 3075935746960736651
HIT 3 2005778039004 467 18098579020399806958
HIT 3 2010073006300 468 10766508432308157212
HIT 3 2014367973596 469 10262829852915417962
HIT 3 2022957908188 471 13520714970414676427
HIT 3 1864044183772 434 3029451822655877838
HIT 3 2014368039132 469 14278376418255765979
HIT 3 2014368104668 469 1547094388811555356
HIT 3 2014359584989 469 17126303977524432172
HIT 3 1855445860573 432 1850123584118980046
HIT 3 2014359650525 469 9127863342379455714
HIT 3 1855445926109 432 5640786786923272442
HIT 3 2014359716061 469 4276089794396891256
HIT 3 1855445991645 432 3192727562002684846
HIT 3 2014359781597 469 11831884249611232768
HIT 3 1855446057181 432 18437797490954695402
HIT 3 2014359847133 469 4146450275101870030
HIT 3 1855446122717 432 17606360301851229424
HIT 3 2014359912669 469 1546383498899403557
HIT 3 1855446188253 432 322141923671078132
HIT 3 2014359978205 469 7079960562086519509
HIT 3 1855446253789 432 2250733805405468490
HIT 3 2014360043741 469 4154955504633859545
HIT 3 1855446319325 432 11155426830349710135
HIT 3 2014360109277 469 15506341659913163402
HIT 3 1855446384861 432 3618134760388896351
HIT 3 2014360174813 469 7944516747912833401
HIT 3 1855446450397 432 887390007763861499
HIT 3 2014360240349 469 3225707616917761127
HIT 3 1855446515933 432 7325335040794446793
HIT 3 2014360305885 469 12707480726065237344
HIT 3 1855446581469 432 12163216118310005596
HIT 3 2014360371421 469 4317685033466678796
HIT 3 1855446647005 432 11460441017916764917
HIT 3 2014360436957 469 9879731552731243272
HIT 3 1855446712541 432 15556266843508759570
HIT 3 2014360502493 469 14433598188546304699
HIT 3 1855446778077 432 6390448240917073336
HIT 3 2014360568029 469 7250130049799059217
HIT 3 1855446843613 432 14977183905548753019
HIT 3 2014360633565 469 9806634804473315718
HIT 3 1855446909149 432 1905224702211843261
HIT 3 2014360699101 469 6355038365236060783
HIT 3 1855446974685 432 14606813637488733956
HIT 3 2014360764637 469 15908500956389211667
HIT 3 1855447040221 432 18252785394171802104
HIT 3 2014360830173 469 10500237950237963157
HIT 3 1855447105757 432 6551270725950220260
HIT 3 2014360895709 469 1558871494777839301
HIT 3 1855447171293 432 13245385159113966126
HIT 3 1039396831454 242 7715077848345483814
HIT 3 1855440617694 432 11501163273064999038
HIT 3 2014354407646 469 12998675276552117478
HIT 3 2014360961245 469 13127720420626263500
HIT 3 2022960267484 471 4121356736773591692
HIT 3 1855447236829 432 254901385024546705
HIT 3 2014361026781 469 1040365293326194622
HIT 3 1855447302365 432 1879431276077519639
HIT 3 2014361092317 469 9723042186132997179
HIT 3 1855447367901 432 18204788085409261688
HIT 3 2014361157853 469 6619435539338189357
HIT 3 1855447433437 432 8182073110410890863
HIT 3 2014361223389 469 12897592829691059794
HIT 3 1855447498973 432 16871026626773797400
HIT 3 2014361288925 469 7088068446785382007
HIT 3 1855447564509 432 11307907371870306976
HIT 3 2014361354461 469 2892646756340714028
HIT 3 1855447630045 432 8163166809918291898
HIT 3 2014361419997 469 8075743945943473863
HIT 3 1855441600735 432 18193177489173380404
HIT 3 2014355390687 469 29533579376870116
HIT 3 1855447695581 432 18263039138068192690
HIT 3 2014361485533 469 2686618332022620384
HIT 3 1855447761117 432 14253040867098997463
HIT 3 2014361551069 469 7852230473000277083
HIT 3 1855447826653 432 8881721819490046739
HIT 3 2014361616605 469 8273274031114363590
HIT 3 1846851797215 430 16022042236368487662
HIT 3 1855447892189 432 5780398624991447934
HIT 3 1855441731807 432 11418515385060849112
HIT 3 1859736699103 433 5686496434140914927
HIT 3 1864031666399 434 7312770502134470350
HIT 3 2014361682141 469 11575972538457058313
HIT 3 2005765587167 467 1990545544961161627
HIT 3 2010060554463 468 10662862708017947318
HIT 3 2014355521759 469 3975625380275765232
HIT 3 2022945456351 471 9071874083919908817
HIT 3 1047987945695 244 7715077848345483814
HIT 3 1855447957725 432 14077203797927575247
HIT 3 2014361747677 469 13102101944745037339
HIT 3 1855448023261 432 2488404920311711916
HIT 3 1855441797343 432 8955862864006682460
HIT 3 2014361813213 469 16785367620987093537
HIT 3 2014355587295 469 937714348760382031
HIT 3 1855448088797 432 4051288864793963329
HIT 3 2014361878749 469 14416391590004523829
HIT 3 1855448154333 432 9082231865759712903
HIT 3 1855441862879 432 5813595705077807405
HIT 3 2014361944285 469 12307155983200082222
HIT 3 2014355652831 469 4269512855818090413
HIT 3 1855448219869 432 8321418642872894369
HIT 3 2014362009821 469 14107385698984104237
HIT 3 1855448285405 432 15591056958335940390
HIT 3 2014362075357 469 6607404022300571380
HIT 3 1855448350941 432 16381855368786622947
HIT 3 2014362140893 469 1752121026339906525
HIT 3 1855448416477 432 8000253946039735338
HIT 3 2014362206429 469 10931425263203453600
HIT 3 1855448482013 432 15821708206126740262
HIT 3 2014362271965 469 13785974159263170855
HIT 3 1855448547549 432 12347906200276719855
HIT 3 2014362337501 469 8081748739578353862
HIT 3 1855448613085 432 8104175055340598442
HIT 3 2014362403037 469 7516860362840386602
HIT 3 1855448678621 432 9153133483103616685
HIT 3 2014362468573 469 2186802172196309693
HIT 3 1855448744157 432 4499958065049770714
HIT 3 2014362534109 469 1773500179285918610
HIT 3 1855448809693 432 18062427916097773017
HIT 3 2014362599645 469 6818771669441494524
HIT 3 1855448875229 432 6346004353457404824
HIT 3 2014362665181 469 1924512616391420191
HIT 3 1855448940765 432 11915563054033781518
HIT 3 2014362730717 469 10267873338447219410
HIT 3 1855449006301 432 4514307672290752231
HIT 3 2014362796253 469 5921221224965960118
HIT 3 1855441731806 432 8901651451685570384
HIT 3 2014355521758 469 6223102621562316741
HIT 3 1855441731808 432 3150642312374956532
HIT 3 2014355521760 469 11338849595633981875
HIT 3 1855449071837 432 3757749447853663403
HIT 3 2014362861789 469 9195336812104389214
HIT 3 1855449137373 432 1857526757718497719
HIT 3 2014362927325 469 8783949227154837399
HIT 3 1855449202909 432 6231779810145626280
HIT 3 2014362992861 469 9557012564594340153
HIT 3 1855449268445 432 10630934811316498601
HIT 3 2014363058397 469 643451999968528577
HIT 3 1855449333981 432 2652429473486326993
HIT 3 2014363123933 469 11449233700657793576
HIT 3 1855449399517 432 11929452893823932148
HIT 3 2014363189469 469 7908574691289433612
HIT 3 1855449465053 432 4685885617353392382
HIT 3 2014363255005 469 11652811412728448171
HIT 3 1855449530589 432 6164865454477281216
HIT 3 2014363320541 469 14836567461380715425
HIT 3 1855449596125 432 15706236224732131008
HIT 3 2014363386077 469 7094297994680215174
HIT 3 1855449661661 432 12099594007694768326
HIT 3 2014363451613 469 12370193079539835044
HIT 3 1855449727197 432 17086125444993095591
HIT 3 2014363517149 469 2523320909811120173
HIT 3 1855449792733 432 9745938976193953991
HIT 3 2014363582685 469 8750638522245319690
HIT 3 1855449858269 432 7852307141559472064
HIT 3 2014363648221 469 18440538294245457502
HIT 3 1855449923805 432 11279376223182484705
HIT 3 2014363713757 469 1478771820920721116
HIT 3 1855449989341 432 17338903511516796475
HIT 3 2014363779293 469 6188807422286906397
HIT 3 1855450054877 432 7607847996642276233
HIT 3 2014363844829 469 6717625518973520569
HIT 3 1855450120413 432 8657551557760918220
HIT 3 2014363910365 469 12682687187998929247
HIT 3 1855450185949 432 10505798872676526312
HIT 3 2014363975901 469 8202189277363977998
HIT 3 1855450251485 432 14643172682314213696
HIT 3 2014364041437 469 4027896780284925637
HIT 3 1855450317021 432 14027365255526344413
HIT 3 2014364106973 469 12066665489221433059
HIT 3 1855450382557 432 7287468369479582021
HIT 3 2014364172509 469 1938811002778217796
HIT 3 1855450448093 432 4443770136971965311
HIT 3 2014364238045 469 5756747347905121737
HIT 3 1855450513629 432 3970826093684887236
HIT 3 2014364303581 469 3437145085997654616
HIT 3 1855450579165 432 15438613749833457467
HIT 3 2014364369117 469 15840298184642757992
HIT 3 1855450644701 432 16959229597397715899
HIT 3 2014364434653 469 11497084874665814467
HIT 3 1855450710237 432 1063001545742866474
HIT 3 2014364500189 469 8925541769221080178
HIT 3 1855450775773 432 13857094612036789754
HIT 3 2014364565725 469 17377081194077929806
HIT 3 1855450841309 432 9576001688929814271
HIT 3 2014364631261 469 5187305201089805017
HIT 3 1855450906845 432 17221152365319320327
HIT 3 2014364696797 469 16543086873345362360
HIT 3 1855450972381 432 17379401073747345026
HIT 3 2014364762333 469 9389294163131813740
HIT 3 1855451037917 432 2876651305617489641
HIT 3 2014364827869 469 11493369917513671904
HIT 3 1855451103453 432 16739777759895785886
HIT 3 2014364893405 469 12851228805948045440
HIT 3 1855451168989 432 15221645529004585731
HIT 3 2014364958941 469 14662414784619027640
HIT 3 1855451234525 432 6073096169134418050
HIT 3 2014365024477 469 11713123718165096934
HIT 3 1855451300061 432 8532780192503560461
HIT 3 2014365090013 469 4226981820743929140
HIT 3 1855451365597 432 9203684057676570206
HIT 3 2014365155549 469 3396506544328489587
HIT 3 1855451431133 432 15035852786394184527
HIT 3 2014365221085 469 16805547339008703787
HIT 3 1855451496669 432 12084114966498503442
HIT 3 2014365286621 469 12666413301524742226
HIT 3 1855451562205 432 977558208062767140
HIT 3 2014365352157 469 13560934115659886917
HIT 3 1855451627741 432 10213726512386205581
HIT 3 2014365417693 469 7778365652303995378
HIT 3 1855451693277 432 11902771648327080272
HIT 3 2014365483229 469 6593043789061977542
HIT 3 1855451758813 432 1629060116097232180
HIT 3 2014365548765 469 9888248805043777303
HIT 3 1855451824349 432 1189146302896085273
HIT 3 2014365614301 469 4618965947393644695
HIT 3 1855451889885 432 5581688399733512404
HIT 3 2014365679837 469 1746610257864057812
HIT 3 1855451955421 432 17313781478672483214
HIT 3 2014365745373 469 11463159939446902030
HIT 3 1855452020957 432 3839714130857294390
HIT 3 2014365810909 469 13847510626781846847
HIT 3 1855452086493 432 12874838063566912423
HIT 3 2014365876445 469 2323059185950246208
HIT 3 1855452152029 432 10727127380856782501
HIT 3 2014365941981 469 4703922977638650988
HIT 3 1855452217565 432 14113446250986826338
HIT 3 2014366007517 469 915055369901188103
HIT 3 1855452283101 432 10589236748346403032
HIT 3 2014366073053 469 15646455428655726405
HIT 3 1855452348637 432 11786029000850727012
HIT 3 2014366138589 469 2876382817034551925
HIT 3 1855452414173 432 3130186686629033324
HIT 3 2014366204125 469 17897524121917290788
HIT 3 1855452479709 432 2280023433902396797
HIT 3 2014366269661 469 13645365037442483278
HIT 3 1855452545245 432 17701922121423120665
HIT 3 2014366335197 469 1189766784062453126
HIT 3 1855452610781 432 4071914653364772375
HIT 3 2014366400733 469 16692862464985092774
HIT 3 1855452676317 432 12705719933747276519
HIT 3 2014366466269 469 18056557740435824971
HIT 3 1855452741853 432 15727681663279497683
HIT 3 2014366531805 469 10033013761940787903
HIT 3 1855452807389 432 2780502650548076905
HIT 3 2014366597341 469 717640094013692894
HIT 3 1855452872925 432 14967347757948170454
HIT 3 2014366662877 469 11312525412582757580
HIT 3 1855452938461 432 4950994535528024735
HIT 3 2014366728413 469 5964403790609563666
HIT 3 1855453003997 432 16696704642717247204
HIT 3 2014366793949 469 7797177804584211081
HIT 3 1855453069533 432 16807932323595660000
HIT 3 2014366859485 469 4915156300525435345
HIT 3 1855453135069 432 13207007627609205177
HIT 3 2014366925021 469 9433107895934269540
HIT 3 1855453200605 432 6139030771991820924
HIT 3 2014366990557 469 2403410800251919307
HIT 3 1855453266141 432 1836183966160554190
HIT 3 2014367056093 469 12491783754907335042
HIT 3 1855453331677 432 17956436292583440346
HIT 3 2014367121629 469 2368841585377557354
HIT 3 1855453397213 432 5446952092159726183
HIT 3 2014367187165 469 8215815117620195327
HIT 3 1855453462749 432 11017284979632874573
HIT 3 2014367252701 469 8710527199990147687
HIT 3 1855453528285 432 1310167070222244025
HIT 3 2014367318237 469 5449555225644177467
HIT 3 1855453593821 432 6018428478648117002
HIT 3 2014367383773 469 8930166073397520625
HIT 3 1855453659357 432 16520060275058109652
HIT 3 2014367449309 469 17222786611508096864
HIT 3 1855453724893 432 10111078021900365783
HIT 3 2014367514845 469 1137654680990015734
HIT 3 1855453790429 432 9236880989607588328
HIT 3 2014367580381 469 7704324587823901136
HIT 3 1855453855965 432 1519495948274670546
HIT 3 2014367645917 469 13107090938532330077
HIT 3 1846863986909 430 11097760624295210574
HIT 3 1855453921501 432 7736144647853616987
HIT 3 2014367711453 469 16681505841723091608
HIT 3 1855453987037 432 11097760624295210574
HIT 3 2014367776989 469 2401527568277886736
HIT 3 1855454052573 432 9032366017929317083
HIT 3 2005777907933 467 2089076708248333347
HIT 3 2010072875229 468 6678853135982768430
HIT 3 2014367842525 469 6519876209893539782
HIT 3 2022957777117 471 18292980021092823009
HIT 3 1855454118109 432 9352275208253058762
HIT 3 1864044052701 434 9032366017929317083
HIT 3 2014367908061 469 9006285872189619939
HIT 3 1864044118237 434 7485899816210427571
HIT 3 1868339085533 435 10571117468354268894
HIT 3 1872634052829 436 2819781365517649201
HIT 3 1876929020125 437 9935361340936696106
HIT 3 1881223987421 438 1470759279810694124
HIT 3 1885518954717 439 5783915209094572354
HIT 3 1889813922013 440 4805690209550844822
HIT 3 1894108889309 441 13737306800337965957
HIT 3 1898403856605 442 18091533293824387252
HIT 3 1902698823901 443 16197703764142856640
HIT 3 1906993791197 444 10636691595951813645
HIT 3 1911288758493 445 8934410996306920395
HIT 3 1915583725789 446 7281727697934271810
HIT 3 1919878693085 447 8679665671472197509
HIT 3 1924173660381 448 3422449203515060751
HIT 3 1928468627677 449 15031909242088258976
HIT 3 1932763594973 450 3661451080963106194
HIT 3 1937058562269 451 17381648940697523585
HIT 3 1941353529565 452 13812770496797549547
HIT 3 1945648496861 453 5724943604181870028
HIT 3 1949943464157 454 6259397003502230015
HIT 3 1954238431453 455 6419506302100625776
HIT 3 1958533398749 456 13994663602648605638
HIT 3 1962828366045 457 18171862002182940257
HIT 3 1967123333341 458 16072584323879364256
HIT 3 1971418300637 459 10968913032432388314
HIT 3 1975713267933 460 11144446516743374793
HIT 3 1980008235229 461 9255514605316930400
HIT 3 1984303202525 462 17908392363223663555
HIT 3 1988598169821 463 16287503719644146251
HIT 3 1992893137117 464 17777902780636665575
HIT 3 1997188104413 465 12123301193276753541
HIT 3 2001483071709 466 5369456594186368885
HIT 3 2005778039005 467 8172775761899048906
HIT 3 2010073006301 468 14376616980210374978
HIT 3 2014367973597 469 3221859434353542813
HIT 3 2018662940893 470 11466869904290666126
HIT 3 2022957908189 471 372073865119896643
HIT 3 2027252875485 472 8637161780535572167
HIT 3 2031547842781 473 5457025015410341805
HIT 3 2035842810077 474 17992344610351472354
HIT 3 2040137777373 475 15001652146438717286
HIT 3 2044432744669 476 9915053512169550425
HIT 3 2048727711965 477 3274663861191076517
HIT 3 2053022679261 478 10998282981654609254
HIT 3 2057317646557 479 14757597365498176954
HIT 3 2061612613853 480 8327007740596416872
HIT 3 2065907581149 481 3775688494390867172
HIT 3 2070202548445 482 7812014278417830038
HIT 3 2074497515741 483 72696481823915030
HIT 3 2078792483037 484 3793611418562290641
HIT 3 2083087450333 485 9169831350022936562
HIT 3 2087382417629 486 14227173886670561519
HIT 3 2091677384925 487 16634246673555398339
HIT 3 2095972352221 488 10016302268931462545
HIT 3 2100267319517 489 14008693050648738990
HIT 3 2104562286813 490 7185839996929986195
HIT 3 2108857254109 491 3678265149773584716
HIT 3 2113152221405 492 3003658466556462413
HIT 3 2117447188701 493 3107509500872581274
HIT 3 2121742155997 494 5205465490556111315
HIT 3 2126037123293 495 17509266768864725313
HIT 3 2130332090589 496 6347362287353266882
HIT 3 2134627057885 497 13387326445437134154
HIT 3 2138922025181 498 9793800290624119631
HIT 3 2143216992477 499 15253208171628766204
HIT 3 2147511959773 500 17300780888690451383
HIT 3 2151806927069 501 11259453857107123101
HIT 3 2156101894365 502 15687117303998352248
HIT 3 2160396861661 503 17221971333693260550
HIT 3 2164691828957 504 1653555673111407687
HIT 3 2168986796253 505 10953076574056103996
HIT 3 2173281763549 506 698454176102205636
HIT 3 2177576730845 507 15332855772971913748
HIT 3 2181871698141 508 12253164202941296279
HIT 3 2186166665437 509 17329029440578790560
HIT 3 2190461632733 510 13945025334813034865
HIT 3 2194756600029 511 13819862090718489857
HIT 3 1864044183773 434 10058795041919807416
HIT 3 1868339151069 435 9935361340936696106
HIT 3 1872634118365 436 7485899816210427571
HIT 3 2005778104541 467 13978192549553283028
HIT 3 2010073071837 468 5438153105987807381
HIT 3 2014368039133 469 9943366492026521080
HIT 3 2022957973725 471 5210374846374100962
HIT 3 2005778170077 467 10838767440913447865
HIT 3 2010073137373 468 15128975161763032907
HIT 3 2014368104669 469 4754516971481626632
HIT 3 2022958039261 471 16865315271031765906
HIT 3 1872634249437 436 44302491450974147
HIT 3 2014368170205 469 11714591194835399608
HIT 3 2014368235741 469 1622031855325073050
HIT 3 2014368301277 469 9412991837449790011
HIT 3 2014368366813 469 14583480681490449591
HIT 3 2014368432349 469 14138851077562388468
HIT 3 2014368497885 469 4172481474111832614
HIT 3 2014368563421 469 16222030034839299187
HIT 3 2014368628957 469 18050343979782890932
HIT 3 2014368694493 469 16249253062063033529
HIT 3 2014368760029 469 969077195120639724
HIT 3 2014368825565 469 5899814961147565443
HIT 3 2014368891101 469 16146515751874025438
HIT 3 2014368956637 469 2452306736082576232
HIT 3 2014369022173 469 9591285663146287028
HIT 3 2014369087709 469 6106129095774470090
HIT 3 2014369153245 469 6943039194951331246
HIT 3 2014369218781 469 8955557332909474460
HIT 3 2014369284317 469 9883670925977341266
HIT 3 2014369349853 469 2427415534116760634
HIT 3 2014369415389 469 16605276860639558803
HIT 3 2014369480925 469 17114684884903084041
HIT 3 2014369546461 469 15300263384522249622
HIT 3 2014369611997 469 10820035672782862353
HIT 3 2014369677533 469 9032627008855876628
HIT 3 2014369743069 469 5594530155760584153
HIT 3 2014369808605 469 9786090813003682886
HIT 3 2014369874141 469 3725158485651722743
HIT 3 2014369939677 469 10717498548862811162
HIT 3 2014370005213 469 2122774405991320626
HIT 3 2014370070749 469 15273523365001611706
HIT 3 2005780201693 467 15273523365001611706
HIT 3 2014370136285 469 10993755066924979421
HIT 3 2014370201821 469 8582752929850296905
HIT 3 2022960136413 471 6949414313182866544
HIT 3 2014370267357 469 6949414313182866544
HIT 3 2018665300189 470 17857421005738670677
HIT 3 2022960267485 471 2736951093572879849
HIT 3 2031550202077 473 12979847292548936063
HIT 3 2018665365725 470 849572502239618088
HIT 3 2022960333021 471 12979847292548936063
HIT 3 2027255300317 472 17857421005738670677
HIT 3 2031550267613 473 3791445751032520706
HIT 3 2035845234909 474 12492528237293888517
HIT 3 2040140202205 475 17264812642379869929
HIT 3 2044435169501 476 17834639133424069692
HIT 3 2048730136797 477 14769474538000431588
HIT 3 2053025104093 478 8170697263287968727
HIT 3 2057320071389 479 3088014229234498508
HIT 3 2061615038685 480 8782902377435461753
HIT 3 2065910005981 481 5848954909350245321
HIT 3 2070204973277 482 3291598994211235550
HIT 3 2074499940573 483 5550683723828830672
HIT 3 2078794907869 484 2829206004864305545
HIT 3 2083089875165 485 7848387399430766303
HIT 3 2087384842461 486 7745353427583814399
HIT 3 2091679809757 487 17378843624468679942
HIT 3 2095974777053 488 9997536626820579071
HIT 3 2100269744349 489 18029757147168776433
HIT 3 2104564711645 490 14967997112829944991
HIT 3 2108859678941 491 12028155986002715341
HIT 3 2113154646237 492 12505247389783735864
HIT 3 2117449613533 493 4680545474091197673
HIT 3 2121744580829 494 5969345416886846129
HIT 3 2126039548125 495 18293293025654950276
HIT 3 2130334515421 496 4382875638806484014
HIT 3 2134629482717 497 12524807023527221367
HIT 3 2138924450013 498 710088441530495038
HIT 3 2143219417309 499 15862741580661199994
HIT 3 2147514384605 500 6939917984589451405
HIT 3 2151809351901 501 14151828571626580669
HIT 3 2156104319197 502 13878132906277758200
HIT 3 2160399286493 503 11864628845076017744
HIT 3 2164694253789 504 16270503990566158935
HIT 3 2168989221085 505 16480922997801399160
HIT 3 2173284188381 506 14874565571506666740
HIT 3 2177579155677 507 17748709519882908105
HIT 3 2181874122973 508 3250517007132506095
HIT 3 2186169090269 509 8939797514050708512
HIT 3 2190464057565 510 6293166166844417234
HIT 3 2194759024861 511 9779067249544852853
HIT 3 2031550333149 473 10364195701496509289
HIT 3 1855441731809 432 16411947009274080551
HIT 3 2014355521761 469 4648567108148849928
HIT 3 2014367842527 469 9501877165016978629
HIT 3 2005778039007 467 10392712757711315234
HIT 3 2010073006303 468 5826974813993049348
HIT 3 2014367973599 469 9909819853770060410
HIT 3 2022957908191 471 14242231166496479370
HIT 3 1864044183775 434 11501163273064999038
HIT 3 2014368039135 469 13233615699382292706
HIT 3 2014368104671 469 3717379095760695527
HIT 3 2014367973598 469 14896827888438779316
HIT 3 2022960267487 471 12998675276552117478
HIT 3 2014367973600 469 18352473913989194855
HIT 3 1855441731810 432 9022537829824990844
HIT 3 2014355521762 469 3772281338806162939
HIT 3 1855441731811 432 6813714006607570485
HIT 3 2014355521763 469 12114582949065650156
HIT 3 1855441731812 432 13689445948604169987
HIT 3 2014355521764 469 4839646505264530929
HIT 3 2014367973601 469 17833276319835353321
HIT 3 1855441731813 432 528114031419946040
HIT 3 2014355521765 469 15034771972563006745
HIT 3 2014367973603 469 215493656502660488
HIT 3 2014367973602 469 13751594281342517199
HIT 3 1855441731814 432 11711251601156464291
HIT 3 2014355521766 469 4963449818186074655
HIT 3 2014367973604 469 14997300600535530037
HIT 3 1855441731815 432 11634909839352057914
HIT 3 2014355521767 469 10372075504981532259
HIT 3 1855441731816 432 14033531084330340668
HIT 3 2014355521768 469 16318406214953672672
HIT 3 2014367973605 469 10806944996327338132
HIT 3 1855441731817 432 8011453835459383475
HIT 3 2014355521769 469 8545992512437472705
HIT 3 2014367973607 469 14841195530075101983
HIT 3 2014367973606 469 14919548737681014595
HIT 3 1855441731818 432 13497338828310223738
HIT 3 2014355521770 469 11911784532369186583
HIT 3 2014367973608 469 15072064656602480066
HIT 3 1855441731820 432 4988600266974858001
HIT 3 2014355521772 469 15107569102787429191
HIT 3 1855441731819 432 586992389423278610
HIT 3 2014355521771 469 1391577629806250768
HIT 3 2014367973609 469 4048031646072359541
HIT 3 1855441731821 432 6491859709702542623
HIT 3 2014355521773 469 2755621482602639068
HIT 3 2014367973610 469 15002428996280857208
HIT 3 1855441600750 432 14532147650207675103
HIT 3 2014355390702 469 15401191971127259647
HIT 3 1855441731822 432 11698218617655288367
HIT 3 2014355521774 469 194089231430975607
HIT 3 2014367973611 469 1966652154911387297
HIT 3 2014367973612 469 12125093220236076927
HIT 3 1855441731823 432 14532147650207675103
HIT 3 2014355521775 469 15401191971127259647
HIT 3 2014367973613 469 16528928237605365471
HIT 3 1855441731824 432 996716652636344843
HIT 3 2014355521776 469 15752000629350738656
HIT 3 1855441731825 432 9620823447503131458
HIT 3 2014355521777 469 14279230609718461089
HIT 3 1855441862897 432 996716652636344843
HIT 3 2014355652849 469 15752000629350738656
HIT 3 2014367973614 469 9568266863269451896
HIT 3 1855441862898 432 4651345667705318512
HIT 3 2014355652850 469 16040998734568656304
HIT 3 1855441928434 432 8016391107549247008
HIT 3 2014355718386 469 17910722057865345157
HIT 3 1855441993970 432 11571815245302439508
HIT 3 2014355783922 469 15312316444108016426
HIT 3 1855442059506 432 11609343285294431226
HIT 3 2014355849458 469 13863213819828028680
HIT 3 1855442125042 432 15038706186810257654
HIT 3 2014355914994 469 2433852378747504093
HIT 3 1855442190578 432 16761189597506408971
HIT 3 2014355980530 469 11184043557199729361
HIT 3 1855442256114 432 5511702371132175373
HIT 3 2014356046066 469 15763122847264411420
HIT 3 1855442321650 432 11791363815648525104
HIT 3 2014356111602 469 5009391571558390505
HIT 3 1855442387186 432 5735465989208082074
HIT 3 2014356177138 469 7036048658896375333
HIT 3 1855442452722 432 1969023205490064231
HIT 3 2014356242674 469 17200057509993099896
HIT 3 1855442518258 432 9917941253987722897
HIT 3 2014356308210 469 11153769378190311095
HIT 3 1855442583794 432 7391086014190853293
HIT 3 2014356373746 469 4299277696082708364
HIT 3 1855442649330 432 18272901201379136464
HIT 3 2014356439282 469 132239938140982028
HIT 3 1855442714866 432 3870854667374068045
HIT 3 2014356504818 469 8932038224039501209
HIT 3 1855442780402 432 10730277888693668169
HIT 3 2014356570354 469 9905550136897820704
HIT 3 1855442845938 432 16939720501502762308
HIT 3 2014356635890 469 9384269439688789320
HIT 3 1855442911474 432 12533401982302599000
HIT 3 2014356701426 469 15925735190887597022
HIT 3 1855442977010 432 5934033714090966272
HIT 3 2014356766962 469 18413267702572282444
HIT 3 1855443042546 432 13808340779945420105
HIT 3 2014356832498 469 1057101243824747137
HIT 3 1855443108082 432 805032656682069934
HIT 3 2014356898034 469 3387447234508241393
HIT 3 1855443173618 432 11672622338425304500
HIT 3 2014356963570 469 18224566871994263184
HIT 3 1855443239154 432 1102028522902572914
HIT 3 2014357029106 469 7796076680814114906
HIT 3 1855443304690 432 15596065224230087107
HIT 3 2014357094642 469 2432332193161053734
HIT 3 1855443370226 432 18187417972324320013
HIT 3 2014357160178 469 7474846342344754742
HIT 3 1855443435762 432 10723547432593278751
HIT 3 2014357225714 469 1142186398529303506
HIT 3 1855443501298 432 6698869409098852142
HIT 3 2014357291250 469 17999514020924425852
HIT 3 1855443566834 432 16598256162559751943
HIT 3 2014357356786 469 10659948820797152299
HIT 3 1855443632370 432 15237006809417975128
HIT 3 2014357422322 469 10935800728922262044
HIT 3 1855443697906 432 11747029610847369465
HIT 3 2014357487858 469 5269551105211281575
HIT 3 1855443763442 432 10701256395846926438
HIT 3 2014357553394 469 16141938105020643696
HIT 3 1855443828978 432 8794323371243514574
HIT 3 2014357618930 469 13445497035477009501
HIT 3 1855443894514 432 89866222473831099
HIT 3 2014357684466 469 7666666844909895149
HIT 3 1855443960050 432 2257153127240263594
HIT 3 2014357750002 469 17251886718241806389
HIT 3 1855444025586 432 1622660372867392712
HIT 3 2014357815538 469 1646440593880870147
HIT 3 1855444091122 432 14072808581769593173
HIT 3 2014357881074 469 17272236635487547261
HIT 3 1855444156658 432 7238689448370522914
HIT 3 2014357946610 469 13838985726412398048
HIT 3 1855444222194 432 14694380195827731286
HIT 3 2014358012146 469 4669369235987773596
HIT 3 1855444287730 432 6286376986238383531
HIT 3 2014358077682 469 1207333851759834962
HIT 3 1855444353266 432 18405627314365251530
HIT 3 2014358143218 469 14864231190681376319
HIT 3 1855444418802 432 9413941069035443293
HIT 3 2014358208754 469 8570571979054597277
HIT 3 1855444484338 432 2568356173789073902
HIT 3 2014358274290 469 8384110676916070594
HIT 3 1855444549874 432 9865704991579566887
HIT 3 2014358339826 469 9027607776718402688
HIT 3 1855444615410 432 6664254672637869890
HIT 3 2014358405362 469 17514721263949270515
HIT 3 1855444680946 432 4682415956318027381
HIT 3 2014358470898 469 11516404990495994503
HIT 3 1855444746482 432 12903390224539140453
HIT 3 2014358536434 469 9171691515604941980
HIT 3 1855444812018 432 15677951445236132351
HIT 3 2014358601970 469 13347215343848007754
HIT 3 1855444877554 432 2245017130440969001
HIT 3 2014358667506 469 4360143784160225299
HIT 3 1855444943090 432 12896292145442349908
HIT 3 2014358733042 469 7535987509005129167
HIT 3 1855445008626 432 15835304172054474398
HIT 3 2014358798578 469 13517479409119847959
HIT 3 2014367842544 469 15800243018839819622
HIT 3 2005778039024 467 64200897025212833
HIT 3 2010073006320 468 15115479881893362383
HIT 3 2014367973616 469 18402771641900219141
HIT 3 2022957908208 471 5674496332136671747
HIT 3 1864044183792 434 9620823447503131458
HIT 3 2014368039152 469 13754140541265668481
HIT 3 2014368104688 469 17866842340114210179
HIT 3 2014367973615 469 15127729030329720569
HIT 3 1846851928307 430 4617251536633741713
HIT 3 1855441862899 432 955947781924919287
HIT 3 1859736830195 433 11198833947133317888
HIT 3 1864031797491 434 7067028514599797524
HIT 3 2005765718259 467 7284888289518710389
HIT 3 2010060685555 468 7623030561564662353
HIT 3 2014355652851 469 3285378775788365282
HIT 3 2022945587443 471 14187530989782977378
HIT 3 1056578011379 246 13403183273361289976
HIT 3 1855441928435 432 11609343285294431226
HIT 3 2014355718387 469 13863213819828028680
HIT 3 1855441993971 432 4651345667705318512
HIT 3 2014355783923 469 16040998734568656304
HIT 3 1855445074162 432 445050580153699694
HIT 3 2014358864114 469 4120210934035930111
HIT 3 1855445139698 432 1630661809214370421
HIT 3 2014358929650 469 12305524864601064667
HIT 3 1855445205234 432 17936251011024022285
HIT 3 2014358995186 469 12776073803818569258
HIT 3 1855445270770 432 2448485441445149639
HIT 3 2014359060722 469 4236103154786972710
HIT 3 1855445336306 432 16327000962443103418
HIT 3 2014359126258 469 1535611176650991015
HIT 3 1855445401842 432 17119475315084575849
HIT 3 2014359191794 469 1283574863701944271
HIT 3 1855445467378 432 12958976340905149928
HIT 3 2014359257330 469 380134751273851376
HIT 3 1855445532914 432 17267240432110820800
HIT 3 2014359322866 469 11480260127636891843
HIT 3 1855445598450 432 8157696591262485853
HIT 3 2014359388402 469 1092788517627959048
HIT 3 1855445663986 432 11803600607526970876
HIT 3 2014359453938 469 3082694629829783607
HIT 3 1855445729522 432 6409687718727713197
HIT 3 2014359519474 469 2499279292389244977
HIT 3 1855445795058 432 13958093653520878473
HIT 3 2014359585010 469 17612315397823083382
HIT 3 1855445860594 432 7660722931247588702
HIT 3 2014359650546 469 10396235903749784935
HIT 3 1855445926130 432 4097879123748976830
HIT 3 2014359716082 469 18376094259827439231
HIT 3 1855445991666 432 776089106575839009
HIT 3 2014359781618 469 12176337149682854425
HIT 3 1855446057202 432 5511389401209126548
HIT 3 2014359847154 469 16076774959100134843
HIT 3 1855446122738 432 13050104672765498225
HIT 3 2014359912690 469 802589088221602530
HIT 3 1855446188274 432 4360957668923931000
HIT 3 2014359978226 469 14304165447992543003
HIT 3 1855446253810 432 6686732960236551744
HIT 3 2014360043762 469 4856646255016147894
HIT 3 1855446319346 432 15905995907375051393
HIT 3 2014360109298 469 13128860417055824573
HIT 3 1855446384882 432 5718304580138180927
HIT 3 2014360174834 469 15223626727665717686
HIT 3 1855446450418 432 14350887920961788295
HIT 3 2022960267504 471 14279230609718461089
HIT 3 2014367973617 469 8657910000412808964
HIT 3 1855441993973 432 14959585121847537740
HIT 3 2014355783925 469 12573242861674981684
HIT 3 2014360240370 469 5787259568490153607
HIT 3 1855446515954 432 164417722948782696
HIT 3 2014360305906 469 10137730968976194969
HIT 3 1855446581490 432 17308964798474152086
HIT 3 2014360371442 469 13098693145098444976
HIT 3 1855446647026 432 18073747909827141625
HIT 3 2014360436978 469 17145010540350950745
HIT 3 1855446712562 432 3204335632759945292
HIT 3 2014360502514 469 4971399844654701106
HIT 3 1855446778098 432 9171932068779607948
HIT 3 2014360568050 469 1161537776779101529
HIT 3 1855446843634 432 2344154154534522789
HIT 3 2014360633586 469 14279645151414783391
HIT 3 1855446909170 432 14343013872099096707
HIT 3 2014360699122 469 16101226992196387614
HIT 3 1855446974706 432 11270762362354708153
HIT 3 2014360764658 469 6236235162125072492
HIT 3 1855447040242 432 4315637513814482717
HIT 3 2014360830194 469 451633119459153614
HIT 3 1855447105778 432 17169370297100446211
HIT 3 2014360895730 469 13507545853554034321
HIT 3 1855447171314 432 2647734302362984932
HIT 3 2014360961266 469 13568376797828732066
HIT 3 1855447236850 432 2129740551382661095
HIT 3 2014361026802 469 17803476903756855521
HIT 3 1855447302386 432 7623195338066930797
HIT 3 2014361092338 469 17250935527210072926
HIT 3 1855447367922 432 11274504704350387110
HIT 3 2014361157874 469 10991390239440538163
HIT 3 1855447433458 432 2399941645338183931
HIT 3 2014361223410 469 13300092039370809679
HIT 3 1855447498994 432 3517819521368238241
HIT 3 2014361288946 469 668698707308834927
HIT 3 1855447564530 432 2983998939354252706
HIT 3 2014361354482 469 7786863218200823075
HIT 3 1855447630066 432 10555237789514938096
HIT 3 2014361420018 469 11541155869341083947
HIT 3 1855447695602 432 10947945350112113956
HIT 3 2014361485554 469 8888374028687403620
HIT 3 1855447761138 432 298512784509824576
HIT 3 2014361551090 469 14390906442825960914
HIT 3 1855447826674 432 5986664404269727214
HIT 3 2014361616626 469 5864554259851314643
HIT 3 1855447892210 432 4833831336594568776
HIT 3 2014361682162 469 1336480459826922009
HIT 3 1855447957746 432 17458928108127538335
HIT 3 2014361747698 469 15932779734052664065
HIT 3 1855448023282 432 8093774401165879519
HIT 3 2014361813234 469 12479022803163867592
HIT 3 1855448088818 432 643497494956418305
HIT 3 2014361878770 469 3163806753990184844
HIT 3 1855448154354 432 9507565067346439928
HIT 3 2014361944306 469 211274344354979813
HIT 3 1855448219890 432 11481661376969265692
HIT 3 2014362009842 469 15286726126147066818
HIT 3 1855448285426 432 16140250589584955482
HIT 3 2014362075378 469 12555253055109159498
HIT 3 1855448350962 432 9635901301933023360
HIT 3 2014362140914 469 8357170727516353179
HIT 3 1855448416498 432 9682567103920470523
HIT 3 2014362206450 469 17164863449171863715
HIT 3 1855448482034 432 4776785225655280037
HIT 3 2014362271986 469 17231714135426817064
HIT 3 1855448547570 432 6055186402604461513
HIT 3 2014362337522 469 15675815136165936743
HIT 3 1855448613106 432 16205342912675962582
HIT 3 2014362403058 469 2671018981567760886
HIT 3 1855448678642 432 10097964295874310880
HIT 3 2014362468594 469 14530820814192730519
HIT 3 1855448744178 432 15861377848008566792
HIT 3 2014362534130 469 7225062070905985214
HIT 3 1855448809714 432 3714051900289756338
HIT 3 2014362599666 469 14740946814371153974
HIT 3 1855448875250 432 13147358813049657101
HIT 3 2014362665202 469 4932007547301894758
HIT 3 1855448940786 432 18212925771594161114
HIT 3 2014362730738 469 2426434405168224425
HIT 3 1855449006322 432 8398119923773408597
HIT 3 2014362796274 469 15440732984213955304
HIT 3 1855449071858 432 13153737015361601066
HIT 3 2014362861810 469 9684415062930973314
HIT 3 1855449137394 432 1131258048317009431
HIT 3 2014362927346 469 10450514556881764759
HIT 3 1855449202930 432 6035403980644377162
HIT 3 2014362992882 469 9675175233473358337
HIT 3 1855449268466 432 10194039857549833521
HIT 3 2014363058418 469 16574311400062882408
HIT 3 1855449334002 432 11176864646594580427
HIT 3 2014363123954 469 9422277451288303446
HIT 3 1855449399538 432 7984745972808037146
HIT 3 2014363189490 469 6544372705354325584
HIT 3 1855449465074 432 9852937702447210162
HIT 3 2014363255026 469 1756894775495215221
HIT 3 1855449530610 432 15229256999449736091
HIT 3 2014363320562 469 1099114453814540664
HIT 3 1855449596146 432 3983153084848120609
HIT 3 2014363386098 469 12198842377025167034
HIT 3 1855449661682 432 11591153230181504522
HIT 3 2014363451634 469 11268535427041440963
HIT 3 1855449727218 432 3173606231894093034
HIT 3 2014363517170 469 9596014253238041749
HIT 3 1855449792754 432 17047745041619302439
HIT 3 2014363582706 469 2001299615862300015
HIT 3 1855449858290 432 13440708142754087573
HIT 3 2014363648242 469 17212662878143872232
HIT 3 1855449923826 432 9651210393992749549
HIT 3 2014363713778 469 9190366586387048551
HIT 3 1855449989362 432 3414950100763443435
HIT 3 2014363779314 469 3579360823388899379
HIT 3 1855450054898 432 11375241086133004082
HIT 3 2014363844850 469 15150996776805802196
HIT 3 1855450120434 432 4047498560896129540
HIT 3 2014363910386 469 14328200906507583044
HIT 3 1855450185970 432 910839370517139088
HIT 3 2014363975922 469 11434918748657322887
HIT 3 1855450251506 432 16740305645098780
HIT 3 2014364041458 469 2200745938293583392
HIT 3 1855450317042 432 6585431698463028417
HIT 3 2014364106994 469 17810418042337234429
HIT 3 1855450382578 432 9028273783299829080
HIT 3 2014364172530 469 8588061884733991621
HIT 3 1855450448114 432 13458241906608763812
HIT 3 2014364238066 469 6384795903779040482
HIT 3 1855450513650 432 6797239171527867425
HIT 3 2014364303602 469 16462091375422601434
HIT 3 1855450579186 432 1940999560706105875
HIT 3 2014364369138 469 14127921438664687744
HIT 3 1855450644722 432 9208165040495328736
HIT 3 2014364434674 469 8402641750576817087
HIT 3 1855450710258 432 14202612525299809561
HIT 3 2014364500210 469 4213117391440512846
HIT 3 1855450775794 432 10005490323813552575
HIT 3 2014364565746 469 12663987909107890547
HIT 3 1855450841330 432 5112283146344590305
HIT 3 2014364631282 469 6446224457224557107
HIT 3 1855450906866 432 14090258471388854091
HIT 3 2014364696818 469 7297356458240736485
HIT 3 1855450972402 432 17932325563414012648
HIT 3 2014364762354 469 2689065961141935259
HIT 3 1855451037938 432 14612139592975680945
HIT 3 2014364827890 469 15320206929830036936
HIT 3 1855451103474 432 2212876955707065175
HIT 3 2014364893426 469 2118337544226215551
HIT 3 1855451169010 432 5395326167142658635
HIT 3 2014364958962 469 16504078975416059701
HIT 3 1855451234546 432 12805024604409150835
HIT 3 2014365024498 469 2643705505679916327
HIT 3 1855451300082 432 14126147509759774417
HIT 3 2014365090034 469 5880951881791260386
HIT 3 1855451365618 432 15011093855459095296
HIT 3 2014365155570 469 10561297373311258502
HIT 3 1855451431154 432 8291714773152773886
HIT 3 2014365221106 469 7661149030633095820
HIT 3 1855451496690 432 6390840539420738876
HIT 3 2014365286642 469 5051053793384538695
HIT 3 1855451562226 432 9809438821997829737
HIT 3 2014365352178 469 520013106129711030
HIT 3 1855451627762 432 2601608495121185782
HIT 3 2014365417714 469 12726276158581322285
HIT 3 1855451693298 432 5441169532520715756
HIT 3 2014365483250 469 3126100968331560041
HIT 3 1855451758834 432 10751548464089478885
HIT 3 2014365548786 469 18207520706288892753
HIT 3 1855451824370 432 183085139595169767
HIT 3 2014365614322 469 13130443714522101614
HIT 3 1855451889906 432 14961717446171769878
HIT 3 2014365679858 469 14603759649198019895
HIT 3 1855451955442 432 15926069528068286113
HIT 3 2014365745394 469 1237456116945730174
HIT 3 1855452020978 432 11912885242380898905
HIT 3 2014365810930 469 11005627225679395284
HIT 3 1855452086514 432 7528966870318094008
HIT 3 2014365876466 469 11773547382760980418
HIT 3 1855452152050 432 11484899701642701846
HIT 3 2014365942002 469 3681276659672316486
HIT 3 1855452217586 432 9183181307243346207
HIT 3 2014366007538 469 4533392661119153468
HIT 3 1855452283122 432 1784958784032963254
HIT 3 2014366073074 469 5399688943199496452
HIT 3 1855452348658 432 15302209409186814413
HIT 3 2014366138610 469 87084165754454200
HIT 3 1855452414194 432 14301371521566016160
HIT 3 2014366204146 469 16289859113663401636
HIT 3 1855452479730 432 8666338186996766594
HIT 3 2014366269682 469 8441220443321469404
HIT 3 1855452545266 432 9353745978393000781
HIT 3 2014366335218 469 12317829110023979997
HIT 3 1855452610802 432 4905718568722101083
HIT 3 2014366400754 469 13355621650773560687
HIT 3 1855452676338 432 8574158515053225489
HIT 3 2014366466290 469 17814337545216743486
HIT 3 1855452741874 432 9684677181166773154
HIT 3 2014366531826 469 10820632923019877337
HIT 3 1855452807410 432 8647939298587440261
HIT 3 2014366597362 469 1740921132727328329
HIT 3 1855452872946 432 15813686620746591154
HIT 3 2014366662898 469 7423926548758877944
HIT 3 1855452938482 432 17799090156206970482
HIT 3 2014366728434 469 118215948317031310
HIT 3 1855453004018 432 248524128052782334
HIT 3 2014366793970 469 3265143949354599100
HIT 3 1855453069554 432 14513097702345286777
HIT 3 2014366859506 469 4461031382388866279
HIT 3 1855453135090 432 1198047819627414256
HIT 3 2014366925042 469 16139478318376626995
HIT 3 1855453200626 432 15889000153154419432
HIT 3 2014366990578 469 18217582018366789030
HIT 3 1855453266162 432 18370128265821173873
HIT 3 2014367056114 469 3897852605399572454
HIT 3 1855453331698 432 10389742451792993520
HIT 3 2014367121650 469 16843790977357687694
HIT 3 1855453397234 432 3654834213765878276
HIT 3 2014367187186 469 8703377476249261590
HIT 3 1855453462770 432 15553738188256686659
HIT 3 2014367252722 469 15579089149675489716
HIT 3 1855453528306 432 12640233662650673485
HIT 3 2014367318258 469 17130328192088082265
HIT 3 1855453593842 432 18063240018142717421
HIT 3 2014367383794 469 14915915642278685283
HIT 3 1855453659378 432 16433786282658969306
HIT 3 2014367449330 469 13737979950309517572
HIT 3 1855453724914 432 3437588370746359795
HIT 3 2014367514866 469 8985501329785140497
HIT 3 1855453790450 432 15340050302056881524
HIT 3 2014367580402 469 10438002760442390204
HIT 3 1855453855986 432 9295061348189144125
HIT 3 2014367645938 469 16124781189618749693
HIT 3 1846863986930 430 14305959024877978382
HIT 3 1855453921522 432 5047827567185501465
HIT 3 2014367711474 469 16913562271432544584
HIT 3 1855453987058 432 14305959024877978382
HIT 3 2014367777010 469 16276514114244830604
HIT 3 1855454052594 432 42197454528046945
HIT 3 2005777907954 467 4137067752165792598
HIT 3 2010072875250 468 12176803128905133511
HIT 3 2014367842546 469 764102682109781728
HIT 3 2022957777138 471 230774558491075739
HIT 3 1855454118130 432 4617251536633741713
HIT 3 1864044052722 434 42197454528046945
HIT 3 2014367908082 469 7118564157259816707
HIT 3 1864044118258 434 7498092706250971910
HIT 3 1868339085554 435 11198833947133317888
HIT 3 1872634052850 436 17478333788854549301
HIT 3 1876929020146 437 8097001469711393994
HIT 3 1881223987442 438 2243146182236340689
HIT 3 1885518954738 439 2619459220769983022
HIT 3 1889813922034 440 3594165373491339433
HIT 3 1894108889330 441 16873005103759379582
HIT 3 1898403856626 442 13650188866032730667
HIT 3 1902698823922 443 14659632787342404082
HIT 3 1906993791218 444 3974801216467616288
HIT 3 1911288758514 445 10392097388617057351
HIT 3 1915583725810 446 13576160579073916813
HIT 3 1919878693106 447 11598825215787094193
HIT 3 1924173660402 448 12797295806388095437
HIT 3 1928468627698 449 3885251545241327160
HIT 3 1932763594994 450 14641870837740183473
HIT 3 1937058562290 451 18059191789732371324
HIT 3 1941353529586 452 18069769291927923395
HIT 3 1945648496882 453 16600570062267738829
HIT 3 1949943464178 454 16586253481289636738
HIT 3 1954238431474 455 6116931016485744292
HIT 3 1958533398770 456 9014074136108145820
HIT 3 1962828366066 457 5943647214457410339
HIT 3 1967123333362 458 6962881324011107154
HIT 3 1971418300658 459 11259856279093008404
HIT 3 1975713267954 460 18371064343969070147
HIT 3 1980008235250 461 5765698905802392411
HIT 3 1984303202546 462 15062401319657696290
HIT 3 1988598169842 463 1514069603767383032
HIT 3 1992893137138 464 836468819456764817
HIT 3 1997188104434 465 14268201369934751081
HIT 3 2001483071730 466 2869470718461506863
HIT 3 2005778039026 467 15167163794065900116
HIT 3 2010073006322 468 1051534147882476634
HIT 3 2014367973618 469 10720873811233266285
HIT 3 2018662940914 470 10705168362576840733
HIT 3 2022957908210 471 4128992910681486535
HIT 3 2027252875506 472 16495470923434539104
HIT 3 2031547842802 473 7210351948363395297
HIT 3 2035842810098 474 1063020505062343007
HIT 3 2040137777394 475 17069358118169167546
HIT 3 2044432744690 476 11198315481794380288
HIT 3 2048727711986 477 1627414189890511304
HIT 3 2053022679282 478 3613357152950473844
HIT 3 2057317646578 479 15302877012588255646
HIT 3 2061612613874 480 13223146384419778762
HIT 3 2065907581170 481 4903212874425896928
HIT 3 2070202548466 482 5288044058227135642
HIT 3 2074497515762 483 526687401373759880
HIT 3 2078792483058 484 8601519824498902658
HIT 3 2083087450354 485 14408721839591313667
HIT 3 2087382417650 486 9709507697380113152
HIT 3 2091677384946 487 6407813173172888011
HIT 3 2095972352242 488 644631673522487114
HIT 3 2100267319538 489 8270433898611429663
HIT 3 2104562286834 490 9204545928095068824
HIT 3 2108857254130 491 15981440112766446003
HIT 3 2113152221426 492 17798785217346768393
HIT 3 2117447188722 493 17581150544784532580
HIT 3 2121742156018 494 9945500020278383788
HIT 3 2126037123314 495 17376060570769865148
HIT 3 2130332090610 496 18292891419427334229
HIT 3 2134627057906 497 16628828236549550828
HIT 3 2138922025202 498 12883348118119867441
HIT 3 2143216992498 499 4114146327323657378
HIT 3 2147511959794 500 5458020391998755611
HIT 3 2151806927090 501 3124828489103357146
HIT 3 2156101894386 502 15484457303122033827
HIT 3 2160396861682 503 14435522740421626540
HIT 3 2164691828978 504 16553451996218758913
HIT 3 2168986796274 505 1047996358199196947
HIT 3 2173281763570 506 5565307956381986331
HIT 3 2177576730866 507 14226548339874313963
HIT 3 2181871698162 508 11695213636411627790
HIT 3 2186166665458 509 18012514903849974391
HIT 3 2190461632754 510 10671605125243782964
HIT 3 2194756600050 511 14349396919065983664
HIT 3 1864044183794 434 955947781924919287
HIT 3 1868339151090 435 8097001469711393994
HIT 3 1872634118386 436 7498092706250971910
HIT 3 2005778104562 467 8322859484811192000
HIT 3 2010073071858 468 9500773754392042690
HIT 3 2014368039154 469 10228078877810650666
HIT 3 2022957973746 471 571534672692595028
HIT 3 2005778170098 467 9237230322730880410
HIT 3 2010073137394 468 18294373554252500939
HIT 3 2014368104690 469 5292337606463180593
HIT 3 2022958039282 471 7839997035483482277
HIT 3 1872634249458 436 7067028514599797524
HIT 3 2014368170226 469 16503780123152997383
HIT 3 2014368235762 469 8676704294177368189
HIT 3 2014368301298 469 7350863877338840969
HIT 3 2014368366834 469 9135315257837105296
HIT 3 2014368432370 469 6059140659654055856
HIT 3 2014368497906 469 11875111006003708066
HIT 3 2014368563442 469 8344659672057138958
HIT 3 2014368628978 469 17583073102672754954
HIT 3 2014368694514 469 12298693807652351609
HIT 3 2014368760050 469 3409554124258524700
HIT 3 2014368825586 469 4292492404713010920
HIT 3 2014368891122 469 14398333220953561299
HIT 3 2014368956658 469 17930324130119471574
HIT 3 2014369022194 469 12053559648746950545
HIT 3 2014369087730 469 9131451126976638293
HIT 3 2014369153266 469 13876377412793207754
HIT 3 2014369218802 469 2805247934602519893
HIT 3 2014369284338 469 7251541049784654340
HIT 3 2014369349874 469 13151747847820689430
HIT 3 2014369415410 469 813548516404230549
HIT 3 2014369480946 469 2469551358134264524
HIT 3 2014369546482 469 1096041199239746306
HIT 3 2014369612018 469 9236784276327673324
HIT 3 2014369677554 469 2184615021946663314
HIT 3 2014369743090 469 11311231087251607896
HIT 3 2014369808626 469 14468741030035725820
HIT 3 2014369874162 469 9174928472643091552
HIT 3 2014369939698 469 10345125805808562591
HIT 3 2014370005234 469 1580797609332146785
HIT 3 2014370070770 469 14485201873676152041
HIT 3 2005780201714 467 14485201873676152041
HIT 3 2014370136306 469 18079830759491549015
HIT 3 2014370201842 469 7284888289518710389
HIT 3 2022960136434 471 1306957206525694783
HIT 3 2014370267378 469 1306957206525694783
HIT 3 2018665300210 470 9345564423010936497
HIT 3 2022960267506 471 3285378775788365282
HIT 3 2031550202098 473 6915573050681942087
HIT 3 2018665365746 470 7623030561564662353
HIT 3 2022960333042 471 6915573050681942087
HIT 3 2027255300338 472 9345564423010936497
HIT 3 2031550267634 473 14694246755742827435
HIT 3 2035845234930 474 9313914593808020038
HIT 3 2040140202226 475 8988168004221036208
HIT 3 2044435169522 476 4716719786923309908
HIT 3 2048730136818 477 8280220246770274838
HIT 3 2053025104114 478 12642258398576508508
HIT 3 2057320071410 479 3895595588948893338
HIT 3 2061615038706 480 12775688829066743242
HIT 3 2065910006002 481 11219502961751477756
HIT 3 2070204973298 482 4173491261871774821
HIT 3 2074499940594 483 4484719871395154810
HIT 3 2078794907890 484 9007211362932935009
HIT 3 2083089875186 485 8817711834450584229
HIT 3 2087384842482 486 2704710789425022140
HIT 3 2091679809778 487 5539212999669351095
HIT 3 2095974777074 488 6840484024557004612
HIT 3 2100269744370 489 5924868666605556879
HIT 3 2104564711666 490 18224527215133105030
HIT 3 2108859678962 491 15437533406630766469
HIT 3 2113154646258 492 7406767858282672662
HIT 3 2117449613554 493 11561857193797465136
HIT 3 2121744580850 494 8565052767657147764
HIT 3 2126039548146 495 14753621339012619362
HIT 3 2130334515442 496 9386883770024394129
HIT 3 2134629482738 497 15064745564109203082
HIT 3 2138924450034 498 7599246867482712627
HIT 3 2143219417330 499 3197465435795988593
HIT 3 2147514384626 500 3233355575764231246
HIT 3 2151809351922 501 16532228460522087778
HIT 3 2156104319218 502 1511331002033472893
HIT 3 2160399286514 503 2547941579239910648
HIT 3 2164694253810 504 18432986264748677291
HIT 3 2168989221106 505 11874214591733194106
HIT 3 2173284188402 506 7731245808784504984
HIT 3 2177579155698 507 11328610696538391734
HIT 3 2181874122994 508 13889702040348413775
HIT 3 2186169090290 509 9129462191392117045
HIT 3 2190464057586 510 3175074185972521124
HIT 3 2194759024882 511 3867904195657701474
HIT 3 2031550333170 473 14187530989782977378
HIT 3 2014367842547 469 962321190908214192
HIT 3 2005778039027 467 9120174714334498204
HIT 3 2010073006323 468 264341029949429390
HIT 3 2014367973619 469 12363031258724620170
HIT 3 2022957908211 471 8172697077477976648
HIT 3 1864044183795 434 8016391107549247008
HIT 3 2014368039155 469 10662590510008623019
HIT 3 2014368104691 469 5723686761031329835
HIT 3 2022960267507 471 17910722057865345157
HIT 3 2014367842548 469 12088950064341235218
HIT 3 2005778039028 467 11080032955771554109
HIT 3 2010073006324 468 16669106230378390985
HIT 3 2014367973620 469 15770790986184197920
HIT 3 2022957908212 471 10591486852745738226
HIT 3 1864044183796 434 14959585121847537740
HIT 3 2014368039156 469 8461883959231151093
HIT 3 2014368104692 469 6860009586992834270
HIT 3 2022960267508 471 12573242861674981684
HIT 3 2014367973621 469 13846875272457552282
HIT 3 2014367973622 469 5027356754381073780
HIT 3 2014367973623 469 3041679179371383394
HIT 3 2014367973624 469 9626773017621968050
HIT 3 2014367973626 469 15893310255678881452
HIT 3 2014367973625 469 8197156363358511703
HIT 3 2014367973627 469 10878018362380891619
HIT 3 2014367973628 469 4433741837744037708
HIT 3 2014367973629 469 11935405551307662264
HIT 3 2014367973630 469 16902186678665601740
HIT 3 2014367973631 469 17975089401523479949
HIT 3 2014367973632 469 13483905229763277350
HIT 3 2014367973634 469 17007179102876435130
HIT 3 2014367973633 469 13295489464499144006
HIT 3 2014367973635 469 11153268242798254375
HIT 3 2014367973636 469 4339630157975210981
HIT 3 2014367973638 469 7366589891495020203
HIT 3 2014367973637 469 14235096916724317158
HIT 3 2014367973639 469 9289050529706983519
HIT 3 2014367973640 469 6091156533065721638
HIT 3 2014367973642 469 4241470294532092978
HIT 3 2014367973641 469 9153377116350074499
HIT 3 2014367973643 469 4736757720985304637
HIT 3 2014367973644 469 9364059246351852605
HIT 3 2014367973646 469 11542252345156360495
HIT 3 2014367973645 469 16661350268117263834
HIT 3 2014367973647 469 3114439733068408305
HIT 3 2014367973648 469 1073254457726798192
HIT 3 2014367973650 469 6856978367405791694
HIT 3 2014367973649 469 11543867606418664588
HIT 3 2014367973651 469 3150584700520583736
HIT 3 2014367973652 469 13829036314954562558
HIT 3 2014367973653 469 3042510997714485467
HIT 3 2014367973654 469 11682453510434712044
HIT 3 2014367973655 469 15050011889697457836
HIT 3 2014367973656 469 16785027598851423665
HIT 3 2014367973657 469 12700028980176774837
HIT 3 2014367973658 469 10607087288349913069
HIT 3 2014367973659 469 3004642688779036106
HIT 3 2014367973660 469 10309259090809839608
HIT 3 2014367973661 469 16602614109675375152
HIT 3 2014367973662 469 10897687153066358143
HIT 3 2014367973663 469 3476840021146713512
HIT 3 2014367973665 469 5948771112129321911
HIT 3 2014367973664 469 6326647619949321612
HIT 3 2014367973666 469 2850938365703227106
HIT 3 2014367973668 469 2989231765809648192
HIT 3 2014367973667 469 13851786121773464833
HIT 3 2014367973669 469 14956279278721759038
HIT 3 2014367973670 469 9101166911100594540
HIT 3 2014367973671 469 2952869061099822493
HIT 3 2014367973672 469 15688774297046072152
HIT 3 2014367973673 469 7219008824413338309
HIT 3 2014367973674 469 210503185791096174
HIT 3 2014367973676 469 6162244475047297346
HIT 3 2014367973675 469 8375006136517061225
HIT 3 2014367973677 469 6097259209311776802
HIT 3 2014367973679 469 15870477710160835304
HIT 3 2014367973678 469 4700505544147653160
HIT 3 2014367973680 469 7617106390149219369
HIT 3 2014367973683 469 10565523879438947496
HIT 3 2014367973681 469 2932752888926912021
HIT 3 2014367973682 469 5366945470466371844
HIT 3 2014367973684 469 1349853383201099285
HIT 3 2014367973685 469 8277514105883073459
HIT 3 2014367973686 469 4386683494503266774
HIT 3 2014367973687 469 4814971191978919095
HIT 3 2014367973688 469 17092792897918817569
HIT 3 2014367973690 469 6667542371606443419
HIT 3 2014367973689 469 18327367750005661284
HIT 3 2014367973692 469 9682350914382076054
HIT 3 2014367973691 469 15923589399177746940
HIT 3 2014367973694 469 11119807654357997963
HIT 3 2014367973693 469 16921897858732312116
HIT 3 2014367973696 469 2608795150044286967
HIT 3 2014367973695 469 9292495341984909319
HIT 3 2014367973697 469 7878670513360509612
HIT 3 2014367973698 469 3217517886811572718
HIT 3 2014367973699 469 831327674254039023
HIT 3 2014367973700 469 12100359652764486233
HIT 3 2014367973701 469 6644297176982377946
HIT 3 2014367973702 469 2196251438260558905
HIT 3 2014367973704 469 11898152568638984017
HIT 3 2014367973703 469 13048098518722373028
HIT 3 2014367973705 469 12967170760488254511
HIT 3 2014367973706 469 15233146296606585099
HIT 3 2014367973707 469 3540964138895827364
HIT 3 2014367973708 469 2783826748244768540
HIT 3 2014367973709 469 15176899688904278806
HIT 3 2014367973710 469 2809510455936800924
HIT 3 2014367973711 469 14380979587626748811
HIT 3 2014367973713 469 5101896128592673601
HIT 3 2014367973712 469 4447328020069715705
HIT 3 2014367973714 469 759305300036493966
HIT 3 2014367973717 469 4451364587989204618
HIT 3 2014367973716 469 17970679928229178417
HIT 3 2014367973715 469 13064154269693238069
HIT 3 2014367973718 469 13974856503351352876
HIT 3 2014367973719 469 12858742649499949815
HIT 3 2014367973722 469 3843840286260574507
HIT 3 2014367973720 469 12131311118313975599
HIT 3 2014367973721 469 11095530995606724501
HIT 3 2014367973723 469 16854181526868875169
HIT 3 2014367973725 469 16099521115627758790
HIT 3 2014367973726 469 13530430738203141393
HIT 3 2014367973724 469 17101604079400918450
HIT 3 2014367973727 469 17740178309827415275
HIT 3 2014367973728 469 77964649712771349
HIT 3 2014367973729 469 2149393839515476284
HIT 3 2014367973730 469 5991702289146404961
HIT 3 2014367973733 469 17242095557573216398
HIT 3 2014367973731 469 11834714455322448860
HIT 3 2014367973732 469 14042271761992646587
HIT 3 2014367973734 469 7092121297833611537
HIT 3 2014367973735 469 13192525248153565967
HIT 3 2014367973736 469 12365968283283779600
HIT 3 2014367973737 469 4581190673491442299
HIT 3 2014367973738 469 15204518797044073455
HIT 3 2014367973741 469 16049371845838793886
HIT 3 2014367973739 469 2504176944629364110
HIT 3 2014367973742 469 4524180450491493983
HIT 3 2014367973740 469 8997800398746556833
HIT 3 2014367973743 469 14969135628821736063
HIT 3 2014367973744 469 3819146484563550721
HIT 3 2014367973746 469 5435973236300162872
HIT 3 2014367973745 469 3506712512831803704
HIT 3 2014367973747 469 9444314560779010183
HIT 3 2014367973750 469 4483860323821941910
HIT 3 2014367973749 469 4216701379207577973
HIT 3 2014367973748 469 5231327081705041913
HIT 3 2014367973751 469 519917226542821576
HIT 3 2014367973753 469 7330122998232257441
HIT 3 2014367973754 469 5461249561284464824
HIT 3 2014367973755 469 2990802525806909024
HIT 3 2014367973752 469 8613319094303256502
HIT 3 2014367973756 469 2773344356570580071
HIT 3 2014367973757 469 14640697516935936511
HIT 3 2014367973759 469 7117213596463092174
HIT 3 2014367973760 469 10090543310668534240
HIT 3 2014367973758 469 5129011533075302064
HIT 3 2014367973761 469 6766517018415488356
HIT 3 2014367973762 469 2764181249360477493
HIT 3 2014367973763 469 14222715593878971394
HIT 3 2014367973764 469 1277271528353870107
HIT 3 2014367973765 469 11611300302049800508
HIT 3 2014367973766 469 203708967878357764
HIT 3 2014367973768 469 9023890154178576268
HIT 3 2014367973767 469 13953273940666210783
HIT 3 2014367973769 469 12862776486030228857
HIT 3 2014367973770 469 973145406196970963
HIT 3 2014367973771 469 14845237773236420859
HIT 3 2014367973773 469 8134976063587825385
HIT 3 2014367973772 469 9641344528339733170
HIT 3 2014367973774 469 10707332485653069377
HIT 3 2014367973775 469 5857841774682417765
HIT 3 2014367973776 469 14974782219113348799
HIT 3 2014367973778 469 11692931016081250141
HIT 3 2014367973777 469 5669804029107250947
HIT 3 2014367973779 469 324948261883470972
HIT 3 2014367973780 469 13464548020163702140
HIT 3 2014367973782 469 5165924870405013140
HIT 3 2014367973781 469 10109004627479876781
HIT 3 2014367973783 469 10087988571855590356
HIT 3 2014367973785 469 14087136134484827273
HIT 3 2014367973786 469 779323577326673955
HIT 3 2014367973784 469 17008167763693672416
HIT 3 2014367973787 469 9127009256349488670
HIT 3 2014367973788 469 14906189779537521690
HIT 3 2014367973790 469 7539190675509024887
HIT 3 2014367973789 469 12735958675659922258
HIT 3 2014367973791 469 11231708241844333875
HIT 3 2014367973792 469 7736125527151286813
HIT 3 2014367973794 469 17586608959324801001
HIT 3 2014367973793 469 1363981939843665345
HIT 3 2014367973796 469 13415626381781954258
HIT 3 2014367973797 469 10784568512997644854
HIT 3 2014367973799 469 7455498834336300862
HIT 3 2014367973795 469 16822778890746017418
HIT 3 2014367973798 469 3385394280736903254
HIT 3 2014367973802 469 4909706164867978403
HIT 3 2014367973800 469 4877264583890549942
HIT 3 2014367842732 469 14415904313314380867
HIT 3 2014367973804 469 802371201392289571
HIT 3 2014367973801 469 12472469398400873230
HIT 3 2014367973805 469 14415904313314380867
HIT 3 2014367973803 469 13609717176743103166
HIT 3 2014367973806 469 2106135683714334768
HIT 3 2022960267694 471 12440597453384617274
HIT 3 2014367973807 469 12440597453384617274
HIT 3 2014368104879 469 2106135683714334768
HIT 3 2014368104880 469 12359191795893199943
HIT 3 2014368170416 469 2879691465451256613
HIT 3 2014368235952 469 1467425474858079898
HIT 3 2014368301488 469 14332261164916714165
HIT 3 2014368367024 469 15865036741333417171
HIT 3 2014368432560 469 12710520411189166006
HIT 3 2014368498096 469 11729209685745687026
HIT 3 2014368563632 469 16287877461628925439
HIT 3 2014368629168 469 17419575352522549115
HIT 3 2014368694704 469 5300455352152802605
HIT 3 2014368760240 469 18232478335383491835
HIT 3 2014368825776 469 16493304990682347336
HIT 3 2014368891312 469 9250650439259022391
HIT 3 2014368956848 469 4976073896595883294
HIT 3 2014369022384 469 7513309322444266949
HIT 3 2014369087920 469 13026661107850873603
HIT 3 2014369153456 469 9974751528937100221
HIT 3 2014369218992 469 964270501979971472
HIT 3 2014369284528 469 6758161304384918688
HIT 3 2014369350064 469 10243374130420183534
HIT 3 2014369415600 469 4760824155287450011
HIT 3 2014369481136 469 4706484195502552618
HIT 3 2014369546672 469 17414109854235665511
HIT 3 2014369612208 469 15215013008918862410
HIT 3 2014369677744 469 10529273641496072997
HIT 3 2014369743280 469 10756325050619964568
HIT 3 2014369808816 469 984157111848533762
HIT 3 2014369874352 469 14861725102520823898
HIT 3 2014369939888 469 6760379544808463105
HIT 3 2014370005424 469 7678046366004372138
HIT 3 2014370070960 469 15333903854756053723
HIT 3 2005780201904 467 15333903854756053723
HIT 3 2014370136496 469 8437649034664664225
HIT 3 2014370202032 469 6139183419486202925
HIT 3 2022960136624 471 11521912450261974230
HIT 3 2014370267568 469 11521912450261974230
HIT 3 2018665300400 470 5105848833290014794
HIT 3 2022960267696 471 16827115395658411473
HIT 3 2031550202288 473 17093826301521403732
HIT 3 2018665365936 470 9990018198869415623
HIT 3 2022960333232 471 17093826301521403732
HIT 3 2027255300528 472 5105848833290014794
HIT 3 2031550267824 473 11091161201968584249
HIT 3 2035845235120 474 6653327811648150520
HIT 3 2040140202416 475 9137945163717549444
HIT 3 2044435169712 476 17274796043098290665
HIT 3 2048730137008 477 4666315614621572604
HIT 3 2053025104304 478 407296732456246692
HIT 3 2057320071600 479 2573045986601430277
HIT 3 2061615038896 480 15874062739378613685
HIT 3 2065910006192 481 1192407541669050072
HIT 3 2070204973488 482 5185389511937812192
HIT 3 2074499940784 483 1633273160624509135
HIT 3 2078794908080 484 8924153566595835705
HIT 3 2083089875376 485 13072992800177509242
HIT 3 2087384842672 486 17631567876699301883
HIT 3 2091679809968 487 11741372821443409197
HIT 3 2095974777264 488 3715829671064292672
HIT 3 2100269744560 489 15836369661165217082
HIT 3 2104564711856 490 8996549647406122982
HIT 3 2108859679152 491 6573407638486048550
HIT 3 2113154646448 492 4631357662169973569
HIT 3 2117449613744 493 9517042913164536864
HIT 3 2121744581040 494 13625083612697130804
HIT 3 2126039548336 495 7530384690234499211
HIT 3 2130334515632 496 13947586623966297530
HIT 3 2134629482928 497 5723761491665161163
HIT 3 2138924450224 498 7083692138281318184
HIT 3 2143219417520 499 17028611076167422093
HIT 3 2147514384816 500 16567019303449831925
HIT 3 2151809352112 501 10911798345438766844
HIT 3 2156104319408 502 9703830271745486308
HIT 3 2160399286704 503 3998147156498539409
HIT 3 2164694254000 504 9105037771093779583
HIT 3 2168989221296 505 1362041131887652635
HIT 3 2173284188592 506 9888972761575796265
HIT 3 2177579155888 507 17975840596113534234
HIT 3 2181874123184 508 18446509818280243350
HIT 3 2186169090480 509 15429484488499462824
HIT 3 2190464057776 510 14468289098318483929
HIT 3 2194759025072 511 9591625391032334095
HIT 3 2031550333360 473 16813633374220147785
HIT 3 2014368235955 469 3537252384753850971
HIT 3 2005778170289 467 6139183419486202925
HIT 3 2010073137585 468 9990018198869415623
HIT 3 2014368104881 469 16827115395658411473
HIT 3 2022958039473 471 16813633374220147785
HIT 3 1872634249649 436 442357346874038570
HIT 3 2014368170417 469 14332261164916714165
HIT 3 2014368235953 469 12359191795893199943
HIT 3 2022960267697 471 2879691465451256613
HIT 3 2022960267698 471 3537252384753850971
HIT 3 2031550333396 473 3255817942275233758
DONE data/p_p2p256p1.txt sz=3 range=[0,512) n=22108160 zero=0 20.1s
