HIT 1 16 16 10924200295900120153
HIT 1 109 109 6258803139483764440
HIT 1 118 118 2680450402044637784
HIT 1 166 166 15170740755768589531
HIT 1 423 423 16709134783758615928
DONE data/p_a55.txt sz=1 range=[0,512) n=512 zero=0 0.0s
HIT 2 7143438 109 10340430878006018098
HIT 2 7733262 118 17009559450332317172
HIT 2 10878990 166 5220942355186502963
HIT 2 27721742 423 987912416646070683
HIT 2 1179665 18 10924200295900120153
HIT 2 7143441 109 5428078798141678166
HIT 2 7733265 118 16029408082211759151
HIT 2 10878993 166 2420481866155997104
HIT 2 27721745 423 9606787118964784167
HIT 2 7143442 109 5505186484183926399
HIT 2 7733266 118 2929478942325931222
HIT 2 7012368 107 17972418187813536084
HIT 2 7077904 108 17563246436225291680
HIT 2 7143440 109 18085104110460362196
HIT 2 7274512 111 336355659547604550
HIT 2 7602192 116 4877818763775313776
HIT 2 7733264 118 10274636505525447107
HIT 2 7798800 119 17432083288543385121
HIT 2 7864336 120 9751722352794262488
HIT 2 10747920 164 10026884171588196796
HIT 2 10878992 166 14469706853079344946
HIT 2 10944528 167 2011090928760626582
HIT 2 11010064 168 16625550293716010630
HIT 2 27590672 421 3184347733334061857
HIT 2 27656208 422 14354666169180909654
HIT 2 27721744 423 636102409134385323
HIT 2 27852816 425 16060906784446326200
HIT 2 10878994 166 17104375463763588864
HIT 2 27721746 423 5873912302920530046
HIT 2 7733355 118 8877310865497472413
HIT 2 10879083 166 9107901949883030459
HIT 2 27721835 423 16009061272905460749
HIT 2 7274604 111 6258803139483764440
HIT 2 7733356 118 4609989077054983409
HIT 2 10879084 166 2777544731220265218
HIT 2 7602285 116 17280107258540696284
HIT 2 7733357 118 14759371706743653340
HIT 2 7798893 119 9332620307710712920
HIT 2 7864429 120 8217159464958466351
HIT 2 10748013 164 1192797847083375174
HIT 2 10879085 166 5924163289582765380
HIT 2 10944621 167 1662325706144677112
HIT 2 11010157 168 7154661727046032597
HIT 2 27590765 421 4081968403694458746
HIT 2 27656301 422 7556100272233111800
HIT 2 27721837 423 8854953652164557701
HIT 2 27852909 425 14956974798549387026
HIT 2 7733359 118 11100751815997926221
HIT 2 10879087 166 12647374218538973081
HIT 2 27721839 423 16987306221194477873
HIT 2 10879092 166 8964701272702703416
HIT 2 27721844 423 6876274254859444477
HIT 2 10748022 164 13430582618307997289
HIT 2 10879094 166 11831764427992587049
HIT 2 10944630 167 2224302584369747140
HIT 2 11010166 168 6273685064291414741
HIT 2 27590774 421 2639338335069029387
HIT 2 27656310 422 8687500858778604056
HIT 2 27721846 423 16934520275386274562
HIT 2 27852918 425 2579482871179668587
HIT 2 7864439 120 2680450402044637784
HIT 2 10879095 166 6655847537607391772
HIT 2 10879096 166 14654809692545294400
HIT 2 27721836 423 12990896219532034178
HIT 2 27721848 423 2345343257061892591
HIT 2 27721847 423 2906133735528201957
HIT 2 27721892 423 6481094078273583288
HIT 2 11010215 168 15170740755768589531
HIT 2 27590822 421 14827300178209529617
HIT 2 27656358 422 12616484642391335047
HIT 2 27721894 423 16744992213674370017
HIT 2 27852966 425 17462494819213274110
HIT 2 27721895 423 9103747949029356292
HIT 2 27721896 423 2669539705853942650
HIT 2 27853222 425 16709134783758615928
DONE data/p_a55.txt sz=2 range=[0,512) n=130560 zero=0 0.3s
HIT 3 468152483840 109 12056122490547734162
HIT 3 506807189504 118 4933565181626494338
HIT 3 712965619712 166 1652695935952656562
HIT 3 1816772214784 423 3742029399295994648
HIT 3 468152483841 109 16239186505426518832
HIT 3 506807189505 118 6093862212515929033
HIT 3 712965619713 166 5204507568102236571
HIT 3 1816772214785 423 8940407036911959025
HIT 3 468152483843 109 17967790471620053163
HIT 3 506807189507 118 9369757588774122999
HIT 3 712965619715 166 13284539097609452889
HIT 3 1816772214787 423 12925165509364263220
HIT 3 468152483842 109 16172393001105025352
HIT 3 506807189506 118 4691990963711809123
HIT 3 712965619714 166 62005294797454159
HIT 3 1816772214786 423 9235597050796212297
HIT 3 506813284352 118 2024996594855940450
HIT 3 712971714560 166 1188369523802172817
HIT 3 506813284353 118 5484141851972173
HIT 3 712971714561 166 7266864593178445448
HIT 3 1816778309633 423 5893939975576974099
HIT 3 1816778309632 423 2227482725956735778
HIT 3 712972304384 166 2318844997165694496
HIT 3 1816778899456 423 4954709081837872103
HIT 3 712972304385 166 11833343717231754994
HIT 3 1816778899457 423 951165280987949040
HIT 3 506813284354 118 8296764247500410528
HIT 3 712971714562 166 12589693247169529311
HIT 3 1816778309634 423 2162165789573998561
HIT 3 506813284355 118 11554256166768697144
HIT 3 712971714563 166 3177765809361865688
HIT 3 1816778309635 423 3497893115544392740
HIT 3 712972304386 166 1307770002487418785
HIT 3 1816778899458 423 10303480439204291254
HIT 3 712972304387 166 3419390392564728301
HIT 3 1816778899459 423 12741038162608485484
HIT 3 1816782045184 423 13822695095496397799
HIT 3 1816782045185 423 9392505444776223775
HIT 3 1816782045186 423 15447017089702145834
HIT 3 1816782045187 423 5796269111203754421
HIT 3 468152483844 109 15849246944652050131
HIT 3 506807189508 118 8072999121905969933
HIT 3 712965619716 166 2205953625985317856
HIT 3 1816772214788 423 2557820305595758730
HIT 3 468152483845 109 5503193483279110191
HIT 3 506807189509 118 2241782672978811331
HIT 3 712965619717 166 3034184279495800173
HIT 3 1816772214789 423 789156249316839278
HIT 3 506813284356 118 4869212725166011865
HIT 3 712971714564 166 6285988932340044489
HIT 3 1816778309636 423 1136225570202337670
HIT 3 506813284357 118 6035138932438537114
HIT 3 712971714565 166 10077413823892241848
HIT 3 1816778309637 423 3345102538072483201
HIT 3 712972304388 166 10429496284244437775
HIT 3 1816778899460 423 13032258394329651630
HIT 3 712972304389 166 11887272900313462652
HIT 3 1816778899461 423 17537377181849153131
HIT 3 468152483846 109 5663533675779826883
HIT 3 506807189510 118 2473419258402602867
HIT 3 712965619718 166 6066108169092756447
HIT 3 1816772214790 423 1563795298310918180
HIT 3 468152483847 109 7857469076285731318
HIT 3 506807189511 118 15438561363982739948
HIT 3 1816782045189 423 8411595620673303726
HIT 3 712965619719 166 13960560329582552081
HIT 3 1816772214791 423 8684145594201895798
HIT 3 1816782045188 423 4190538062251192717
HIT 3 468152483848 109 15793914478033823948
HIT 3 506807189512 118 7345710329891341281
HIT 3 712965619720 166 3431201651286078760
HIT 3 1816772214792 423 9480475065562897091
HIT 3 506813284359 118 6559016848849543590
HIT 3 712971714567 166 11847279671786185731
HIT 3 1816778309639 423 8401423828063194435
HIT 3 506813284358 118 607911205042545314
HIT 3 712971714566 166 7697941805404760238
HIT 3 1816778309638 423 16793550426714902321
HIT 3 468152483849 109 11507137564384698437
HIT 3 506807189513 118 9860835310035974658
HIT 3 712965619721 166 16859114385895542781
HIT 3 1816772214793 423 6782650779434900735
HIT 3 712972304391 166 8565622702479316626
HIT 3 1816778899463 423 13645621622644655497
HIT 3 712972304390 166 6894184908902155581
HIT 3 1816778899462 423 5790353893807436940
HIT 3 1816782045190 423 15765737276148215888
HIT 3 1816782045191 423 6045496888560898386
HIT 3 506813284360 118 13661655531442321103
HIT 3 712971714568 166 17879708307654289827
HIT 3 506813284361 118 8551065034541948835
HIT 3 712971714569 166 8011768723805754404
HIT 3 1816778309641 423 10323858305781399009
HIT 3 1816778309640 423 15769270052865240280
HIT 3 712972304392 166 16008256219069297565
HIT 3 1816778899464 423 10816928588256111262
HIT 3 712972304393 166 9336248165862587546
HIT 3 1816778899465 423 6769763017345237394
HIT 3 1816782045192 423 2555506292619872865
HIT 3 1816782045193 423 3828286304045801905
HIT 3 468152483850 109 5434327184800512272
HIT 3 506807189514 118 11248859764668955208
HIT 3 712965619722 166 7369106647160112332
HIT 3 1816772214794 423 18084784295723928402
HIT 3 468152483851 109 4360752599615896289
HIT 3 506807189515 118 14230086399966133747
HIT 3 712965619723 166 4072082051617218643
HIT 3 1816772214795 423 18397239224113672019
HIT 3 468152352780 109 3592602766413350618
HIT 3 506807058444 118 4735499354788532696
HIT 3 712965488652 166 12810490957869400084
HIT 3 1816772083724 423 6396437876156451524
HIT 3 468152483853 109 3592602766413350618
HIT 3 506807189517 118 4735499354788532696
HIT 3 712965619725 166 12810490957869400084
HIT 3 1816772214797 423 6396437876156451524
HIT 3 468152483852 109 16369375168723387398
HIT 3 506807189516 118 13744469788422585765
HIT 3 712965619724 166 5034747916912248627
HIT 3 1816772214796 423 8608414845483984833
HIT 3 506813284362 118 3433611952847141746
HIT 3 712971714570 166 18030506951557671448
HIT 3 1816778309642 423 7376469315387004955
HIT 3 712972304394 166 5217160559806798512
HIT 3 1816778899466 423 7784411196157972331
HIT 3 506813284363 118 4232305881930031145
HIT 3 712971714571 166 16765906564694838535
HIT 3 1816778309643 423 2565335569661056588
HIT 3 712972304395 166 90474022788384843
HIT 3 1816778899467 423 9965362305079298153
HIT 3 1816782045194 423 7491224381819287675
HIT 3 506813284364 118 16957908891737546934
HIT 3 712971714572 166 8769553492891223780
HIT 3 1816778309644 423 1746053872926408073
HIT 3 506813284365 118 7226653779582601962
HIT 3 712971714573 166 12416027115497807323
HIT 3 1816778309645 423 12266570293280182231
HIT 3 712972304397 166 607378939410250666
HIT 3 1816778899469 423 9670787150712166580
HIT 3 712972304396 166 2615867711265946390
HIT 3 1816778899468 423 7184485463836657133
HIT 3 1816782045195 423 2307713166251034117
HIT 3 1816782045197 423 5680006279295830615
HIT 3 1816782045196 423 12403606563214470460
HIT 3 468152483854 109 18294173607740737667
HIT 3 506807189518 118 133889894630140392
HIT 3 712965619726 166 2808962964469824878
HIT 3 1816772214798 423 15801418111720605459
HIT 3 468152483855 109 10340430878006018098
HIT 3 506807189519 118 17009559450332317172
HIT 3 712965619727 166 5220942355186502963
HIT 3 1816772214799 423 987912416646070683
HIT 3 468152614927 109 18294173607740737667
HIT 3 506807320591 118 133889894630140392
HIT 3 712965750799 166 2808962964469824878
HIT 3 1816772345871 423 15801418111720605459
HIT 3 459562680337 107 17972418187813536084
HIT 3 463857647633 108 17563246436225291680
HIT 3 468152614929 109 18085104110460362196
HIT 3 476742549521 111 336355659547604550
HIT 3 498217386001 116 4877818763775313776
HIT 3 506807320593 118 10274636505525447107
HIT 3 511102287889 119 17432083288543385121
HIT 3 515397255185 120 9751722352794262488
HIT 3 704375816209 164 10026884171588196796
HIT 3 712965750801 166 14469706853079344946
HIT 3 717260718097 167 2011090928760626582
HIT 3 721555685393 168 16625550293716010630
HIT 3 1808182411281 421 3184347733334061857
HIT 3 1812477378577 422 14354666169180909654
HIT 3 1816772345873 423 636102409134385323
HIT 3 1825362280465 425 16060906784446326200
HIT 3 85900591121 20 10924200295900120153
HIT 3 468152680465 109 7074892974926175961
HIT 3 506807386129 118 12020246676925755479
HIT 3 712965816337 166 823772681437598567
HIT 3 1816772411409 423 2514872727745673070
HIT 3 468152746001 109 12010903448234758706
HIT 3 506807451665 118 4898013885221165513
HIT 3 712965881873 166 15940836005218522212
HIT 3 1816772476945 423 5615852076548682818
HIT 3 468152614928 109 12010903448234758706
HIT 3 506807320592 118 4898013885221165513
HIT 3 712965750800 166 15940836005218522212
HIT 3 1816772345872 423 5615852076548682818
HIT 3 468152680464 109 5428078798141678166
HIT 3 506807386128 118 16029408082211759151
HIT 3 712965816336 166 2420481866155997104
HIT 3 1816772411408 423 9606787118964784167
HIT 3 468152746000 109 16408850804521045779
HIT 3 506807451664 118 16653894695302280946
HIT 3 712965881872 166 4284312076227124892
HIT 3 1816772476944 423 18258375075452783551
HIT 3 468152811536 109 7074892974926175961
HIT 3 506807517200 118 12020246676925755479
HIT 3 712965947408 166 823772681437598567
HIT 3 1816772542480 423 2514872727745673070
HIT 3 468152877072 109 1554154227414057740
HIT 3 506807582736 118 13112439159535528962
HIT 3 712966012944 166 16017287273430964021
HIT 3 1816772608016 423 14827239029305994031
HIT 3 468152942608 109 8520314430896056739
HIT 3 506807648272 118 3225796160482922922
HIT 3 712966078480 166 9111468276946583936
HIT 3 1816772673552 423 2554338375920281472
HIT 3 468153008144 109 807087387273663889
HIT 3 506807713808 118 5065871517437891126
HIT 3 712966144016 166 18179426280113827250
HIT 3 1816772739088 423 17357220821647298502
HIT 3 468153073680 109 10051900370366265884
HIT 3 506807779344 118 6998822697094132758
HIT 3 712966209552 166 8623723624095962813
HIT 3 1816772804624 423 10374350453674794964
HIT 3 468153139216 109 14890439217194607181
HIT 3 506807844880 118 15489184447240904609
HIT 3 712966275088 166 8125415605715955646
HIT 3 1816772870160 423 5203301456589494829
HIT 3 468153204752 109 51508093244390484
HIT 3 506807910416 118 10206826590886294438
HIT 3 712966340624 166 13745004879679146358
HIT 3 1816772935696 423 10566818382835832686
HIT 3 468153270288 109 13790055850545369140
HIT 3 506807975952 118 5281560909365070502
HIT 3 712966406160 166 7824985532376909595
HIT 3 1816773001232 423 15672902442807252750
HIT 3 468153335824 109 17408195198965173990
HIT 3 506808041488 118 13502719076044125607
HIT 3 712966471696 166 10094196000127414265
HIT 3 1816773066768 423 13309153972483219427
HIT 3 468153401360 109 6356362584627005452
HIT 3 506808107024 118 11139816877699981212
HIT 3 712966537232 166 15264637326011552551
HIT 3 1816773132304 423 4138148241996077085
HIT 3 468153466896 109 7983725765617445313
HIT 3 506808172560 118 9281327772194818937
HIT 3 712966602768 166 1002806367966250170
HIT 3 1816773197840 423 17724322229609221554
HIT 3 468153532432 109 6200810182054672564
HIT 3 506808238096 118 1308316401600721465
HIT 3 712966668304 166 2021375657510999392
HIT 3 1816773263376 423 7359807052389490625
HIT 3 468153597968 109 5236651800609909649
HIT 3 506808303632 118 8676883018914424448
HIT 3 712966733840 166 17956336819525942821
HIT 3 1816773328912 423 1092111041371361833
HIT 3 468153663504 109 17496656332569144360
HIT 3 506808369168 118 15493389146449340823
HIT 3 712966799376 166 9489459244931096446
HIT 3 1816773394448 423 1819275484214750031
HIT 3 468153729040 109 12076063571054387440
HIT 3 506808434704 118 4626343698883133105
HIT 3 712966864912 166 16174725440476964719
HIT 3 1816773459984 423 8108123990557966619
HIT 3 468153794576 109 5728908392067704981
HIT 3 506808500240 118 8542419305887749365
HIT 3 712966930448 166 1608968310437951885
HIT 3 1816773525520 423 11946157225626873206
HIT 3 468153860112 109 17790351583196600264
HIT 3 506808565776 118 16870586252682409161
HIT 3 712966995984 166 17066661985130345407
HIT 3 1816773591056 423 7029273893225378644
HIT 3 468153925648 109 6802819869821983093
HIT 3 506808631312 118 15256918017105286801
HIT 3 712967061520 166 12080059880403204450
HIT 3 1816773656592 423 12074722979726381113
HIT 3 468153991184 109 7282952733221154161
HIT 3 506808696848 118 13341135853852311154
HIT 3 712967127056 166 9468593471335104763
HIT 3 1816773722128 423 18240191998607561236
HIT 3 468154056720 109 7214801643592930837
HIT 3 506808762384 118 14722104146796968565
HIT 3 712967192592 166 13244208350359905070
HIT 3 1816773787664 423 6373088908531669272
HIT 3 468154122256 109 930689298179519389
HIT 3 506808827920 118 12569348230011240527
HIT 3 712967258128 166 16082049796664252816
HIT 3 1816773853200 423 6797465000755013047
HIT 3 468154187792 109 17719389133082850195
HIT 3 506808893456 118 9186517652673738180
HIT 3 712967323664 166 5609639161627142082
HIT 3 1816773918736 423 11822421655922961405
HIT 3 468154253328 109 14183941433285647779
HIT 3 506808958992 118 4513231384490185279
HIT 3 712967389200 166 18242637044951055660
HIT 3 1816773984272 423 12771611676753057854
HIT 3 468154318864 109 12752983583197113210
HIT 3 506809024528 118 11237595786165151708
HIT 3 712967454736 166 16998893482121234876
HIT 3 1816774049808 423 6447373813917533150
HIT 3 468154384400 109 14778111520553709221
HIT 3 506809090064 118 8646969392095924907
HIT 3 712967520272 166 4112113278989620252
HIT 3 1816774115344 423 11096935834386982264
HIT 3 468154449936 109 873926097462164415
HIT 3 506809155600 118 1865756598845750363
HIT 3 712967585808 166 10001320283707661551
HIT 3 1816774180880 423 13989822577214222426
HIT 3 468154515472 109 1123306250317709783
HIT 3 506809221136 118 7193722563400173310
HIT 3 712967651344 166 6523242117804242631
HIT 3 1816774246416 423 6109224856104610605
HIT 3 468154581008 109 12831582629391371155
HIT 3 506809286672 118 7829434282322849051
HIT 3 712967716880 166 10631637088300108963
HIT 3 1816774311952 423 16207917587378365569
HIT 3 468154646544 109 2368437383054325903
HIT 3 506809352208 118 2152442160511192733
HIT 3 712967782416 166 15911987145928101371
HIT 3 1816774377488 423 17247889144228311194
HIT 3 468154712080 109 2013608752436559354
HIT 3 506809417744 118 1963513160228546482
HIT 3 712967847952 166 3058258847905086888
HIT 3 1816774443024 423 5027188754946111686
HIT 3 468154777616 109 5537472281154503678
HIT 3 506809483280 118 13349881288105322878
HIT 3 712967913488 166 3600278485208126657
HIT 3 1816774508560 423 570020011681277030
HIT 3 468154843152 109 7223910673642396772
HIT 3 506809548816 118 1082705125135669268
HIT 3 712967979024 166 11671204241385286317
HIT 3 1816774574096 423 14876269861430862403
HIT 3 468154908688 109 13477815474829866296
HIT 3 506809614352 118 10187731583423470295
HIT 3 712968044560 166 9428918151702920286
HIT 3 1816774639632 423 14912908105154153602
HIT 3 468154974224 109 2716050257534638254
HIT 3 506809679888 118 13608447605807626515
HIT 3 712968110096 166 7802613423227660854
HIT 3 1816774705168 423 1239770173704020700
HIT 3 468155039760 109 8801971376795199494
HIT 3 506809745424 118 10470821530351215680
HIT 3 712968175632 166 4060869548891284101
HIT 3 1816774770704 423 15519620077883134038
HIT 3 468155105296 109 3789250304156940731
HIT 3 506809810960 118 6040272308087489461
HIT 3 712968241168 166 5886142553540146645
HIT 3 1816774836240 423 16722724716853679212
HIT 3 468155170832 109 15291019454647954288
HIT 3 506809876496 118 10815009092448413644
HIT 3 712968306704 166 13103993376576948858
HIT 3 1816774901776 423 3401850815002096518
HIT 3 468155236368 109 3373102992725367948
HIT 3 506809942032 118 11082816198275372673
HIT 3 712968372240 166 6414468436833702178
HIT 3 1816774967312 423 9086913243230709837
HIT 3 468155301904 109 15507862818329300499
HIT 3 506810007568 118 1548780429355275368
HIT 3 712968437776 166 17993885951085828734
HIT 3 1816775032848 423 10490958775422760842
HIT 3 468155367440 109 3931081102350218909
HIT 3 506810073104 118 13880280077802654910
HIT 3 712968503312 166 15358572841738022035
HIT 3 1816775098384 423 15199625346244991159
HIT 3 468155432976 109 8230499659764994017
HIT 3 506810138640 118 6511701655731367271
HIT 3 712968568848 166 9954923034096751104
HIT 3 1816775163920 423 15420565204085307862
HIT 3 468155498512 109 12528162877099837225
HIT 3 506810204176 118 16406017668751085127
HIT 3 712968634384 166 6291046260984841907
HIT 3 1816775229456 423 9732408104614228819
HIT 3 468155564048 109 14974309586569351960
HIT 3 506810269712 118 15077935236459761981
HIT 3 712968699920 166 6503450825604815684
HIT 3 1816775294992 423 9194430374311041908
HIT 3 468155629584 109 3982973240708801753
HIT 3 506810335248 118 8202509341268753789
HIT 3 712968765456 166 4963078424798335338
HIT 3 1816775360528 423 16876481487054773996
HIT 3 468155695120 109 8198822955917688464
HIT 3 506810400784 118 2944297250867650123
HIT 3 712968830992 166 3907557015588134103
HIT 3 1816775426064 423 12237765332916072157
HIT 3 468155760656 109 6627865990488439335
HIT 3 506810466320 118 6277063373566393716
HIT 3 712968896528 166 2858684017718072192
HIT 3 1816775491600 423 2954219548722399718
HIT 3 468155826192 109 12710944546113604259
HIT 3 506810531856 118 6700319677834928200
HIT 3 712968962064 166 12936456495023771098
HIT 3 1816775557136 423 9497661816551519502
HIT 3 468155891728 109 6020294063899952668
HIT 3 506810597392 118 11265573340060538510
HIT 3 712969027600 166 11518809632578559585
HIT 3 1816775622672 423 5671173775221755502
HIT 3 468155957264 109 6121592726284746129
HIT 3 506810662928 118 9314110861984626629
HIT 3 712969093136 166 5169981316119920908
HIT 3 1816775688208 423 3834509486435092831
HIT 3 468156022800 109 2899262850495093903
HIT 3 506810728464 118 16364265540930619207
HIT 3 712969158672 166 13700661943173582384
HIT 3 1816775753744 423 5341540500387402975
HIT 3 468156088336 109 11778414206285813826
HIT 3 506810794000 118 17682329900284795523
HIT 3 712969224208 166 16825662185850016974
HIT 3 1816775819280 423 11738034975816746534
HIT 3 468156153872 109 15174655115563543713
HIT 3 506810859536 118 11935539000508416577
HIT 3 712969289744 166 15897796494124055563
HIT 3 1816775884816 423 7563377879382735919
HIT 3 468156219408 109 8054762238800125244
HIT 3 506810925072 118 9269935812080180468
HIT 3 712969355280 166 1738430672212541121
HIT 3 1816775950352 423 4016037667593057139
HIT 3 468156284944 109 3608089372160587375
HIT 3 506810990608 118 12257826874882523797
HIT 3 712969420816 166 13554272023782281719
HIT 3 1816776015888 423 5149537059618815518
HIT 3 468156350480 109 102759561533017569
HIT 3 506811056144 118 13485264857251285405
HIT 3 712969486352 166 14125962857424587910
HIT 3 1816776081424 423 7752602451461411986
HIT 3 468156416016 109 8453148973472298610
HIT 3 506811121680 118 10635569241499967891
HIT 3 712969551888 166 1236193631903355072
HIT 3 1816776146960 423 13728146355115738339
HIT 3 468156481552 109 14401236664908246955
HIT 3 506811187216 118 3058811602473474779
HIT 3 712969617424 166 12136558048382209988
HIT 3 1816776212496 423 3680764929131672964
HIT 3 468156547088 109 5064659451563215402
HIT 3 506811252752 118 298937697299523898
HIT 3 712969682960 166 4532192049958447164
HIT 3 1816776278032 423 9675458442719759632
HIT 3 468156612624 109 4124487438727516649
HIT 3 506811318288 118 11325210502858541546
HIT 3 712969748496 166 11617723593118434226
HIT 3 1816776343568 423 11793831917419637789
HIT 3 468156678160 109 16125638866681371580
HIT 3 506811383824 118 15906533950737026040
HIT 3 712969814032 166 16926273323670643525
HIT 3 1816776409104 423 8364137959272811335
HIT 3 468156743696 109 3960349178166140825
HIT 3 506811449360 118 9649886861439484663
HIT 3 712969879568 166 1941799050737251419
HIT 3 1816776474640 423 10778282998553061734
HIT 3 468156809232 109 2139123439707538687
HIT 3 506811514896 118 17192627315874818658
HIT 3 712969945104 166 14951538234758073583
HIT 3 1816776540176 423 16084731922100723089
HIT 3 468156874768 109 5851901911929230485
HIT 3 506811580432 118 16318354422291472868
HIT 3 712970010640 166 9633227771488614677
HIT 3 1816776605712 423 13374043715367836166
HIT 3 468156940304 109 15327763833008075263
HIT 3 506811645968 118 6394694015422258288
HIT 3 712970076176 166 14592764282857696975
HIT 3 506813153294 118 11992018526787884110
HIT 3 712971583502 166 11758726483159014279
HIT 3 1816778178574 423 11735879207477698113
HIT 3 476748447758 111 10340430878006018098
HIT 3 506813218830 118 14438369087443259681
HIT 3 712971649038 166 15142405953717448015
HIT 3 1816778244110 423 10635711810495508469
HIT 3 498223349774 116 4608490351690158907
HIT 3 506813284366 118 18282029423199884502
HIT 3 511108251662 119 18235547031742523492
HIT 3 515403218958 120 6346260837591196769
HIT 3 704381779982 164 8460896485290078824
HIT 3 712971714574 166 11215699058142009743
HIT 3 717266681870 167 176479861259937232
HIT 3 721561649166 168 9993517091383719186
HIT 3 1808188375054 421 2195399672634329245
HIT 3 1812483342350 422 9390748403882147334
HIT 3 1816778309646 423 17026235552667462923
HIT 3 1825368244238 425 12548004993989959318
HIT 3 506813415438 118 13934647259627225969
HIT 3 1816776671248 423 17254801371535118510
HIT 3 468157005840 109 4690117406876901044
HIT 3 506811711504 118 1199431542175980313
HIT 3 712970141712 166 4892525834946033040
HIT 3 1816776736784 423 11517524079061068518
HIT 3 468157071376 109 14545224628323917359
HIT 3 506811777040 118 17493743655903632640
HIT 3 712970207248 166 18378299356029896807
HIT 3 1816776802320 423 7267273663304601472
HIT 3 468157136912 109 11171428528742469031
HIT 3 506811842576 118 7385636584888125880
HIT 3 712970272784 166 13219313675936200167
HIT 3 1816776867856 423 15846515676556769211
HIT 3 468157202448 109 3245805924357107826
HIT 3 506811908112 118 11606080730012518042
HIT 3 712970338320 166 3540063329606642304
HIT 3 1816776933392 423 5871910796063340784
HIT 3 468157267984 109 1879122116797399850
HIT 3 506811973648 118 4323440220024659323
HIT 3 712970403856 166 13725163169867291961
HIT 3 1816776998928 423 12039435600502026647
HIT 3 468157333520 109 433766611043544014
HIT 3 506812039184 118 4263299474621920083
HIT 3 712970469392 166 3541150472777688346
HIT 3 1816777064464 423 1090889825520304820
HIT 3 468157399056 109 7710930353282721479
HIT 3 506812104720 118 16346936395056630655
HIT 3 712970534928 166 17697662559303866842
HIT 3 1816777130000 423 9925517137012749843
HIT 3 468157464592 109 7793575292787380385
HIT 3 506812170256 118 15141159472982080261
HIT 3 712970600464 166 17178717805453000629
HIT 3 1816777195536 423 8350813352897667830
HIT 3 468157530128 109 3153652176115475842
HIT 3 506812235792 118 5233540171434466070
HIT 3 712970666000 166 4708180200398447457
HIT 3 1816777261072 423 15274383252008459607
HIT 3 468157595664 109 10674034928947734798
HIT 3 506812301328 118 13628485249018122744
HIT 3 712970731536 166 17652563236759583043
HIT 3 1816777326608 423 3286025280399839243
HIT 3 712971845646 166 4552375585655471523
HIT 3 1816778440718 423 1336971891348825551
HIT 3 712972173326 166 17486386926581361505
HIT 3 1816778768398 423 2239830087248802022
HIT 3 704382369806 164 81263796211664190
HIT 3 712972304398 166 17570704782679149058
HIT 3 717267271694 167 9939793030935069281
HIT 3 721562238990 168 2451547436162955821
HIT 3 1808188964878 421 10912336704600426293
HIT 3 1812483932174 422 14687375300969044977
HIT 3 1816778899470 423 15560408431232440079
HIT 3 1825368834062 425 1209119177598212725
HIT 3 515403874318 120 17009559450332317172
HIT 3 712972369934 166 10193110291366672139
HIT 3 1816778965006 423 17386416060546681160
HIT 3 712972435470 166 14365038744018743234
HIT 3 1816779030542 423 14704034695474508852
HIT 3 506813284367 118 32960271050448812
HIT 3 712971714575 166 4316987856867577302
HIT 3 1816778309647 423 17503734037126831936
HIT 3 468157661200 109 7090738902773209984
HIT 3 506812366864 118 4885328850806413648
HIT 3 712970797072 166 1135750511325603663
HIT 3 1816777392144 423 168580679395296946
HIT 3 468157726736 109 2055145461074287350
HIT 3 506812432400 118 8909622636648077375
HIT 3 712970862608 166 5214978712384646788
HIT 3 1816777457680 423 13339349820480333352
HIT 3 468157792272 109 2163289847247474903
HIT 3 506812497936 118 10151370605518595159
HIT 3 712970928144 166 10772702069479902456
HIT 3 1816777523216 423 3900176593197185738
HIT 3 468157857808 109 13655567622684021050
HIT 3 506812563472 118 1987139344937434836
HIT 3 712970993680 166 15846473885554313858
HIT 3 1816777588752 423 6397040852661230748
HIT 3 468157923344 109 2017497855445938572
HIT 3 506812629008 118 1017739223068789331
HIT 3 712971059216 166 1933661141444633204
HIT 3 1816777654288 423 12644359259539128746
HIT 3 468157988880 109 1875684906756943951
HIT 3 506812694544 118 1244355405621747156
HIT 3 712971124752 166 7093898439627134743
HIT 3 1816777719824 423 7229615807616560568
HIT 3 468158054416 109 10109362247942495161
HIT 3 506812760080 118 17914219684359383863
HIT 3 712971190288 166 9453954057614217303
HIT 3 1816777785360 423 14191906256784996637
HIT 3 468158119952 109 1909292314795510779
HIT 3 506812825616 118 13837316363708342623
HIT 3 712971255824 166 17903630804520744389
HIT 3 1816777850896 423 11439764059083206582
HIT 3 468158185488 109 9785675889021840717
HIT 3 506812891152 118 11100081867238042577
HIT 3 712971321360 166 6935424397835674811
HIT 3 1816777916432 423 17383118468036029415
HIT 3 468158251024 109 9526076133020872158
HIT 3 506812956688 118 18167847669889164684
HIT 3 712971386896 166 3898986471814495054
HIT 3 1816777981968 423 14240719888605322412
HIT 3 459568381968 107 9526076133020872158
HIT 3 468158316560 109 13849694021632624268
HIT 3 506813022224 118 9203660780254057936
HIT 3 712971452432 166 3471832062303334544
HIT 3 1816778047504 423 16327955391146408812
HIT 3 468158382096 109 17972418187813536084
HIT 3 476748316688 111 9260656542363226379
HIT 3 712972304399 166 14262585299309867530
HIT 3 506813087760 118 17298449495704914787
HIT 3 712971517968 166 7187342119714943559
HIT 3 1816778899471 423 1906441918128535524
HIT 3 1816778113040 423 9675154477708162210
HIT 3 468158447632 109 9260656542363226379
HIT 3 498223218704 116 6445487086456121332
HIT 3 506813153296 118 11944140500512958593
HIT 3 511108120592 119 9485809462488683334
HIT 3 515403087888 120 721754839462297644
HIT 3 704381648912 164 14263534669848773593
HIT 3 712971583504 166 12732275131901676464
HIT 3 717266550800 167 8745685520415741771
HIT 3 721561518096 168 10464434248031514140
HIT 3 1808188243984 421 9738114662158149017
HIT 3 1812483211280 422 10983884730856821111
HIT 3 1816778178576 423 7814674759015392569
HIT 3 1825368113168 425 14330130808049426160
HIT 3 472453480464 110 3661357225594329428
HIT 3 476748447760 111 18085104110460362196
HIT 3 485338382352 113 17850439086627367053
HIT 3 498223284240 116 9665632581724220610
HIT 3 506813218832 118 12192057170858668138
HIT 3 511108186128 119 2685234303279573997
HIT 3 515403153424 120 10457066413673868943
HIT 3 704381714448 164 404605447605786699
HIT 3 712971649040 166 8606954514260935350
HIT 3 717266616336 167 1356090032889837921
HIT 3 721561583632 168 1113400899419277532
HIT 3 1808188309520 421 4232026065082786520
HIT 3 1812483276816 422 18037924143657589507
HIT 3 1816778244112 423 7384730908297932543
HIT 3 1825368178704 425 16017347664718230519
HIT 3 472453546000 110 17563246436225291680
HIT 3 476748513296 111 17850439086627367053
HIT 3 481043480592 112 3661357225594329428
HIT 3 485338447888 113 17949698792200895507
HIT 3 489633415184 114 8675338234908508592
HIT 3 493928382480 115 14854432718868169932
HIT 3 498223349776 116 9467366765137441762
HIT 3 502518317072 117 10526550728833700693
HIT 3 506813284368 118 949399234137733464
HIT 3 511108251664 119 14004708109289780979
HIT 3 515403218960 120 18164919102300971553
HIT 3 519698186256 121 18379289718533671615
HIT 3 523993153552 122 14883086013989467178
HIT 3 528288120848 123 14276127056447431054
HIT 3 532583088144 124 5587448614405338131
HIT 3 536878055440 125 11643507250938728537
HIT 3 541173022736 126 2347441026349790166
HIT 3 545467990032 127 13955131794839894293
HIT 3 549762957328 128 2766232055843162302
HIT 3 554057924624 129 1137950250547463768
HIT 3 558352891920 130 7644373244670147516
HIT 3 562647859216 131 8550784441425224440
HIT 3 566942826512 132 324633745885173704
HIT 3 571237793808 133 6445577990117570955
HIT 3 575532761104 134 13017814603475442894
HIT 3 579827728400 135 3893174858738907361
HIT 3 584122695696 136 13013667256825823305
HIT 3 588417662992 137 18442090113559041019
HIT 3 592712630288 138 897552382002478449
HIT 3 597007597584 139 8708803893156013331
HIT 3 601302564880 140 2831288603030909997
HIT 3 605597532176 141 9010135865708814928
HIT 3 609892499472 142 3343264222364158467
HIT 3 614187466768 143 16851188202513357356
HIT 3 618482434064 144 13974848094634677402
HIT 3 622777401360 145 7293371751957630481
HIT 3 627072368656 146 7976339855281379670
HIT 3 631367335952 147 11536366271540138928
HIT 3 635662303248 148 8412787286398110796
HIT 3 639957270544 149 13064323620892698731
HIT 3 644252237840 150 12384948048955740959
HIT 3 648547205136 151 13246981802545855007
HIT 3 652842172432 152 2396493117604532304
HIT 3 657137139728 153 17185158732336751936
HIT 3 661432107024 154 12607449368430213197
HIT 3 665727074320 155 3747501276313871144
HIT 3 670022041616 156 17074826875393003900
HIT 3 674317008912 157 1097424401955973921
HIT 3 678611976208 158 15764078920893678240
HIT 3 682906943504 159 4775084594350672375
HIT 3 687201910800 160 3742151707222847772
HIT 3 691496878096 161 47946400859524742
HIT 3 695791845392 162 2504472665247547443
HIT 3 700086812688 163 11975504616805558699
HIT 3 704381779984 164 17011052823013664708
HIT 3 708676747280 165 9860463753050248418
HIT 3 712971714576 166 16085649289704966662
HIT 3 717266681872 167 7480968744006682304
HIT 3 721561649168 168 9611395298728833514
HIT 3 725856616464 169 15553641712634256623
HIT 3 730151583760 170 3039475524309844367
HIT 3 734446551056 171 3352334777455257246
HIT 3 738741518352 172 5916084697138058162
HIT 3 743036485648 173 4771457255975040820
HIT 3 747331452944 174 16664396530785359672
HIT 3 751626420240 175 4015938032740151680
HIT 3 755921387536 176 10737238649906207954
HIT 3 760216354832 177 9116300963054649519
HIT 3 764511322128 178 1086749382988014293
HIT 3 768806289424 179 79891922809723751
HIT 3 773101256720 180 18298516750798337334
HIT 3 777396224016 181 3183192597984894530
HIT 3 781691191312 182 8754575240511186977
HIT 3 785986158608 183 2770947552086242029
HIT 3 790281125904 184 9134234864070228569
HIT 3 794576093200 185 14650573014326937660
HIT 3 798871060496 186 4535165035965505878
HIT 3 803166027792 187 11663452775455042119
HIT 3 807460995088 188 17121531914055663528
HIT 3 811755962384 189 3188109057392703816
HIT 3 816050929680 190 6544289248038980069
HIT 3 820345896976 191 17374780553632345566
HIT 3 824640864272 192 17205460194068097318
HIT 3 828935831568 193 18442389200059883458
HIT 3 833230798864 194 11681745205925124193
HIT 3 837525766160 195 16797926448437907290
HIT 3 841820733456 196 12908344360790386019
HIT 3 846115700752 197 5758496857913407067
HIT 3 850410668048 198 12722986386349702896
HIT 3 854705635344 199 2070010477732933148
HIT 3 859000602640 200 14141543153346161467
HIT 3 863295569936 201 18020125527094232731
HIT 3 867590537232 202 3881523208118047202
HIT 3 871885504528 203 7048951369754766331
HIT 3 876180471824 204 18011325659092240281
HIT 3 880475439120 205 16385583599965276714
HIT 3 884770406416 206 452926090738713927
HIT 3 889065373712 207 16397550234005890656
HIT 3 893360341008 208 1316626143718085385
HIT 3 897655308304 209 9641410127476094415
HIT 3 901950275600 210 15133619872260341534
HIT 3 906245242896 211 13334617946711099594
HIT 3 910540210192 212 14447146629083674744
HIT 3 914835177488 213 14009121928623536543
HIT 3 919130144784 214 263096707271331768
HIT 3 923425112080 215 9041733644333834686
HIT 3 927720079376 216 15898285071240773792
HIT 3 932015046672 217 8982188013151739570
HIT 3 936310013968 218 1312623325143654631
HIT 3 940604981264 219 2687853107215451125
HIT 3 944899948560 220 166101263730100835
HIT 3 949194915856 221 17402308908317188455
HIT 3 953489883152 222 8598794136219433493
HIT 3 957784850448 223 11161941516474420935
HIT 3 962079817744 224 8351408281607322889
HIT 3 966374785040 225 7779289815713806098
HIT 3 970669752336 226 11348411416502577116
HIT 3 974964719632 227 2597396926626503351
HIT 3 979259686928 228 15744362925752160286
HIT 3 983554654224 229 14977228661629201891
HIT 3 987849621520 230 11707149295947630122
HIT 3 992144588816 231 131446584292239604
HIT 3 996439556112 232 5380031058710980005
HIT 3 1000734523408 233 16326728112904234584
HIT 3 1005029490704 234 988419139388465302
HIT 3 1009324458000 235 2223734150266298872
HIT 3 1013619425296 236 1273503861991861320
HIT 3 1017914392592 237 4069492919236743026
HIT 3 1022209359888 238 16237465234425527779
HIT 3 1026504327184 239 3477762723645202938
HIT 3 1030799294480 240 8598532275009241
HIT 3 1035094261776 241 3736441225993438016
HIT 3 1039389229072 242 8036416434022012490
HIT 3 1043684196368 243 12625167219434526281
HIT 3 1047979163664 244 18344987456424490000
HIT 3 1052274130960 245 12394604192600999447
HIT 3 1056569098256 246 3665400789563187686
HIT 3 1060864065552 247 7293996833664170391
HIT 3 1065159032848 248 5286609232671357286
HIT 3 1069454000144 249 15209908741509798133
HIT 3 1073748967440 250 5293378631948654915
HIT 3 1078043934736 251 8170655488385557197
HIT 3 1082338902032 252 17771940827419530889
HIT 3 1086633869328 253 12072592308619953428
HIT 3 1090928836624 254 13837610620434778226
HIT 3 1095223803920 255 17314102371994372290
HIT 3 1099518771216 256 11276634088849199378
HIT 3 1103813738512 257 11161868065246843242
HIT 3 1108108705808 258 10410085304327456415
HIT 3 1112403673104 259 11540944543375020091
HIT 3 1116698640400 260 13778718366339598120
HIT 3 1120993607696 261 12674546971123144550
HIT 3 1125288574992 262 824068903230064643
HIT 3 1129583542288 263 15782913315404535721
HIT 3 1133878509584 264 6845763638145986193
HIT 3 1138173476880 265 308092466940246940
HIT 3 1142468444176 266 1465945176679163631
HIT 3 1146763411472 267 17389715530491143935
HIT 3 1151058378768 268 14968138668467285363
HIT 3 1155353346064 269 2326330111929703006
HIT 3 1159648313360 270 7193677839635105822
HIT 3 1163943280656 271 10369359441131862073
HIT 3 1168238247952 272 16055215567279327285
HIT 3 1172533215248 273 17259345680598896908
HIT 3 1176828182544 274 6614546453535890039
HIT 3 1181123149840 275 16395752148206003157
HIT 3 1185418117136 276 13720255872203724043
HIT 3 1189713084432 277 6492781670279773486
HIT 3 1194008051728 278 8725465370515794305
HIT 3 1198303019024 279 5332870130639359443
HIT 3 1202597986320 280 13728426562438443080
HIT 3 1206892953616 281 6064038303218870314
HIT 3 1211187920912 282 18122931577861291806
HIT 3 1215482888208 283 12624803762647727386
HIT 3 1219777855504 284 8230415037187942007
HIT 3 1224072822800 285 11335444012879789144
HIT 3 1228367790096 286 10760810174215620167
HIT 3 1232662757392 287 15675916974898457702
HIT 3 1236957724688 288 6487900670048457350
HIT 3 1241252691984 289 13958036506773422576
HIT 3 1245547659280 290 12325203236345607021
HIT 3 1249842626576 291 8120138745852036804
HIT 3 1254137593872 292 13228267464451443468
HIT 3 1258432561168 293 17630654878312726793
HIT 3 1262727528464 294 782266339366914672
HIT 3 1267022495760 295 5385824832301102522
HIT 3 1271317463056 296 6869752238831404137
HIT 3 1275612430352 297 8924538654966084201
HIT 3 1279907397648 298 10601360538700854717
HIT 3 1284202364944 299 10145928644770920332
HIT 3 1288497332240 300 11206300934677602208
HIT 3 1292792299536 301 13579965826928782380
HIT 3 1297087266832 302 8864397733384359549
HIT 3 1301382234128 303 15197811439634528074
HIT 3 1305677201424 304 4425456737666173433
HIT 3 1309972168720 305 17905255942182196761
HIT 3 1314267136016 306 8692923513034059860
HIT 3 1318562103312 307 11831249499953734170
HIT 3 1322857070608 308 2472531239171011760
HIT 3 1327152037904 309 8572642142571797165
HIT 3 1331447005200 310 14668058058085422123
HIT 3 1335741972496 311 10796225852929505509
HIT 3 1340036939792 312 3478995258518120989
HIT 3 1344331907088 313 9156469700598629869
HIT 3 1348626874384 314 10622907876795708994
HIT 3 1352921841680 315 12941193060978457953
HIT 3 1357216808976 316 5158762041402846285
HIT 3 1361511776272 317 3826648266999054471
HIT 3 1365806743568 318 3735593532276115877
HIT 3 1370101710864 319 12420804076960580754
HIT 3 1374396678160 320 16172997385030248919
HIT 3 1378691645456 321 6116464661687324147
HIT 3 1382986612752 322 6115865448460588787
HIT 3 1387281580048 323 6035767588567771757
HIT 3 1391576547344 324 5228834171096652112
HIT 3 1395871514640 325 8144912651003835924
HIT 3 1400166481936 326 4610671497819592954
HIT 3 1404461449232 327 16507677763971178426
HIT 3 1408756416528 328 7533286874947550261
HIT 3 1413051383824 329 17147181562191932771
HIT 3 1417346351120 330 12412731090656841312
HIT 3 1421641318416 331 15631374885161627970
HIT 3 1425936285712 332 12665743784860251539
HIT 3 1430231253008 333 294504394675052449
HIT 3 1434526220304 334 11767599852846536055
HIT 3 1438821187600 335 6793173808681556952
HIT 3 1443116154896 336 9656961962856414862
HIT 3 1447411122192 337 13248838180138450287
HIT 3 1451706089488 338 7407730703866994586
HIT 3 1456001056784 339 16305628948440948619
HIT 3 1460296024080 340 6934935604476533174
HIT 3 1464590991376 341 12464485675909165317
HIT 3 1468885958672 342 3305012927114792652
HIT 3 1473180925968 343 6765985890159829474
HIT 3 1477475893264 344 11878330755118347062
HIT 3 1481770860560 345 17565682054791293484
HIT 3 1486065827856 346 1934279182545130859
HIT 3 1490360795152 347 8914428628818282555
HIT 3 1494655762448 348 17464527782328493281
HIT 3 1498950729744 349 10367297054410711400
HIT 3 1503245697040 350 4849796610614925781
HIT 3 1507540664336 351 4656232824237999091
HIT 3 1511835631632 352 6337069801830329707
HIT 3 1516130598928 353 1732089306947039652
HIT 3 1520425566224 354 6305755956428787966
HIT 3 1524720533520 355 18177594125686379132
HIT 3 1529015500816 356 17590115396132941671
HIT 3 1533310468112 357 10868511871901118020
HIT 3 1537605435408 358 10553403529186326881
HIT 3 1541900402704 359 6093225207763946575
HIT 3 1546195370000 360 1379424811880652261
HIT 3 1550490337296 361 4814662288250426739
HIT 3 1554785304592 362 8627270943644281663
HIT 3 1559080271888 363 13158155546092587014
HIT 3 1563375239184 364 11953146838459484484
HIT 3 1567670206480 365 15620825523156184113
HIT 3 1571965173776 366 15634798258971332147
HIT 3 1576260141072 367 12103949869572552959
HIT 3 1580555108368 368 7021093126052872857
HIT 3 1584850075664 369 2027413202610203862
HIT 3 1589145042960 370 6454790177974275733
HIT 3 1593440010256 371 13775572496717406324
HIT 3 1597734977552 372 4301098259797904780
HIT 3 1602029944848 373 10526169949958065051
HIT 3 1606324912144 374 12919778905866114478
HIT 3 1610619879440 375 17547137913944630562
HIT 3 1614914846736 376 17376333600166246057
HIT 3 1619209814032 377 17139505372545700736
HIT 3 1623504781328 378 786340697003631374
HIT 3 1627799748624 379 14452796713984076020
HIT 3 1632094715920 380 11376944921635293051
HIT 3 1636389683216 381 12114592493768844195
HIT 3 1640684650512 382 8814957430414597860
HIT 3 1644979617808 383 16463522877171471514
HIT 3 1649274585104 384 18073259807909990857
HIT 3 1653569552400 385 8162384663634458217
HIT 3 1657864519696 386 18253614001650667211
HIT 3 1662159486992 387 4692701172624157944
HIT 3 1666454454288 388 896715718957482954
HIT 3 1670749421584 389 651254235860665630
HIT 3 1675044388880 390 8664450651411660665
HIT 3 1679339356176 391 6561861558080628257
HIT 3 1683634323472 392 14120453379922520218
HIT 3 1687929290768 393 439060963859019247
HIT 3 1692224258064 394 10436910124516524023
HIT 3 1696519225360 395 1611130115319394658
HIT 3 1700814192656 396 300232341655199712
HIT 3 1705109159952 397 1279889969753049237
HIT 3 1709404127248 398 8112464032926852605
HIT 3 1713699094544 399 8721134465588709313
HIT 3 1717994061840 400 12903323670948361562
HIT 3 1722289029136 401 17919075122059842444
HIT 3 1726583996432 402 2610620841574322649
HIT 3 1730878963728 403 2996170560333417307
HIT 3 1735173931024 404 13653985807009680347
HIT 3 1739468898320 405 7874353396649486011
HIT 3 1743763865616 406 15779665939906713104
HIT 3 1748058832912 407 3406277201782915937
HIT 3 1752353800208 408 5209210068946369562
HIT 3 1756648767504 409 2888283407853331451
HIT 3 1760943734800 410 8516151804897068976
HIT 3 1765238702096 411 6894264167690240800
HIT 3 1769533669392 412 2583263287909546921
HIT 3 1773828636688 413 7375288449606270965
HIT 3 1778123603984 414 439729474544531838
HIT 3 1782418571280 415 16024270764577179101
HIT 3 1786713538576 416 13953527438488937535
HIT 3 1791008505872 417 9764606364981031505
HIT 3 1795303473168 418 8067302680886053027
HIT 3 1799598440464 419 17863797184197247939
HIT 3 1803893407760 420 17334283432468497611
HIT 3 1808188375056 421 5766111244008204466
HIT 3 1812483342352 422 10458856784608327192
HIT 3 1816778309648 423 17368410979664519145
HIT 3 1821073276944 424 9498383076589991566
HIT 3 1825368244240 425 4151809335075107048
HIT 3 1829663211536 426 2833772022570758998
HIT 3 1833958178832 427 15601944498952051430
HIT 3 1838253146128 428 6352737203102325645
HIT 3 1842548113424 429 5763098814140823009
HIT 3 1846843080720 430 13879758271827605932
HIT 3 1851138048016 431 23184170457919737
HIT 3 1855433015312 432 11476893624945339480
HIT 3 1859727982608 433 12806834462999964400
HIT 3 1864022949904 434 17493560052026910922
HIT 3 1868317917200 435 11142022664999923808
HIT 3 1872612884496 436 6266793499103772820
HIT 3 1876907851792 437 12296730819615198366
HIT 3 1881202819088 438 12267936972096105640
HIT 3 1885497786384 439 16054881099696531308
HIT 3 1889792753680 440 527031268937458454
HIT 3 1894087720976 441 14442491204830999399
HIT 3 1898382688272 442 6156441803426901730
HIT 3 1902677655568 443 7839168244577799104
HIT 3 1906972622864 444 8041931844868479386
HIT 3 1911267590160 445 2878732947244023161
HIT 3 1915562557456 446 8711438231013663801
HIT 3 1919857524752 447 3670045931876668609
HIT 3 1924152492048 448 13056222435265773429
HIT 3 1928447459344 449 453353729268208475
HIT 3 1932742426640 450 6533074872689308021
HIT 3 1937037393936 451 15143012805843367228
HIT 3 1941332361232 452 11189294629250233713
HIT 3 1945627328528 453 3091945311218253957
HIT 3 1949922295824 454 17623384162086268519
HIT 3 1954217263120 455 12442683997128435414
HIT 3 1958512230416 456 4417098128038448533
HIT 3 1962807197712 457 10681592103668459702
HIT 3 1967102165008 458 10780366479143989486
HIT 3 1971397132304 459 848370070543057421
HIT 3 1975692099600 460 3015011711784546420
HIT 3 1979987066896 461 1189191783937392071
HIT 3 1984282034192 462 9667140779352382027
HIT 3 1988577001488 463 5475554833216615049
HIT 3 1992871968784 464 5803839322433824240
HIT 3 1997166936080 465 5251355757095118149
HIT 3 2001461903376 466 14097170844538660733
HIT 3 2005756870672 467 16445752288797832915
HIT 3 2010051837968 468 4847803467899882667
HIT 3 2014346805264 469 4045811362568383794
HIT 3 2018641772560 470 2106861909269449929
HIT 3 2022936739856 471 8471732323499445329
HIT 3 2027231707152 472 6444337200343385641
HIT 3 2031526674448 473 8479882805872689724
HIT 3 2035821641744 474 2960304041594259204
HIT 3 2040116609040 475 1689971273976860574
HIT 3 2044411576336 476 9888874057872722354
HIT 3 2048706543632 477 287896318005733327
HIT 3 2053001510928 478 6617563754696355917
HIT 3 2057296478224 479 16911761784401506412
HIT 3 2061591445520 480 18909198867295018
HIT 3 2065886412816 481 11862735922603449864
HIT 3 2070181380112 482 13159207112276878239
HIT 3 2074476347408 483 11066900834358925994
HIT 3 2078771314704 484 7830735854903387301
HIT 3 2083066282000 485 5146301516608782917
HIT 3 2087361249296 486 9081773509758451323
HIT 3 2091656216592 487 8445856646190257661
HIT 3 2095951183888 488 12045363817350422996
HIT 3 2100246151184 489 15448081730154108883
HIT 3 2104541118480 490 15790141895221982255
HIT 3 2108836085776 491 11246668676917141677
HIT 3 2113131053072 492 5310517445783690791
HIT 3 2117426020368 493 1724035929982698435
HIT 3 2121720987664 494 16472118266003428268
HIT 3 2126015954960 495 3308824814556285584
HIT 3 2130310922256 496 10090544112777778401
HIT 3 2134605889552 497 12806777771230136734
HIT 3 2138900856848 498 8989366549281015586
HIT 3 2143195824144 499 5112544152700609895
HIT 3 2147490791440 500 3116602864532128710
HIT 3 2151785758736 501 17804569040601217953
HIT 3 2156080726032 502 15463899577176085657
HIT 3 2160375693328 503 833799508381100547
HIT 3 2164670660624 504 1787060837860305383
HIT 3 2168965627920 505 14164127886594271340
HIT 3 2173260595216 506 2456845472339447143
HIT 3 2177555562512 507 17035178009489124569
HIT 3 2181850529808 508 5108531961763500879
HIT 3 2186145497104 509 14265371895558277658
HIT 3 2190440464400 510 2267592333855164601
HIT 3 2194735431696 511 4854975059230450388
HIT 3 485338513424 113 336355659547604550
HIT 3 506813349904 118 11229705134498147422
HIT 3 712971780112 166 11679771310501505354
HIT 3 1816778375184 423 17897609773570193887
HIT 3 498223480848 116 1374476910758897520
HIT 3 506813415440 118 9309814078024074705
HIT 3 511108382736 119 16292253576765463582
HIT 3 515403350032 120 5357928774133452324
HIT 3 704381911056 164 7981005172061963834
HIT 3 712971845648 166 3542254557884462810
HIT 3 717266812944 167 8392324537964519103
HIT 3 721561780240 168 6813977529728698964
HIT 3 1808188506128 421 312217645158905738
HIT 3 1812483473424 422 7955308180575993690
HIT 3 1816778440720 423 12357009317056170015
HIT 3 1825368375312 425 10870345932908721419
HIT 3 506813480976 118 16425593723121611714
HIT 3 712971911184 166 10058181883241004739
HIT 3 1816778506256 423 6848950930827927580
HIT 3 506813546512 118 6976984537092748295
HIT 3 712971976720 166 9199133280071584364
HIT 3 1816778571792 423 2131469269875751661
HIT 3 498223677456 116 1835043149437906514
HIT 3 506813612048 118 10237933015268233374
HIT 3 712972042256 166 1306212451306421609
HIT 3 1816778637328 423 5542505999151862374
HIT 3 506813677584 118 1835043149437906514
HIT 3 712972107792 166 18326906779522041786
HIT 3 1816778702864 423 3989263230874454537
HIT 3 506813743120 118 14208748893123517556
HIT 3 704382238736 164 13455800150426170626
HIT 3 712972173328 166 9027652680665800468
HIT 3 717267140624 167 7627468510155729110
HIT 3 721562107920 168 9500021206923186532
HIT 3 1808188833808 421 71248986404098551
HIT 3 1812483801104 422 8369167022660477340
HIT 3 1816778768400 423 12649072602650537174
HIT 3 1825368702992 425 17933060482107782777
HIT 3 506813808656 118 4877818763775313776
HIT 3 515403743248 120 14208748893123517556
HIT 3 712972238864 166 7764166273004865580
HIT 3 1816778833936 423 958122562422148294
HIT 3 515403808784 120 1054720395879912348
HIT 3 519698776080 121 17432083288543385121
HIT 3 523993743376 122 14514993894918657740
HIT 3 528288710672 123 3377179491762208654
HIT 3 532583677968 124 1678064751430595013
HIT 3 536878645264 125 10425779231861437936
HIT 3 541173612560 126 7551689294612164612
HIT 3 545468579856 127 2649997691079694991
HIT 3 549763547152 128 15234070309200335646
HIT 3 554058514448 129 1370090145605061061
HIT 3 558353481744 130 18038502614721458649
HIT 3 562648449040 131 9535947419132029850
HIT 3 566943416336 132 8074157312584970291
HIT 3 571238383632 133 9759177065301917282
HIT 3 575533350928 134 15345787220373349959
HIT 3 579828318224 135 3330104760323106932
HIT 3 584123285520 136 322277993580466290
HIT 3 588418252816 137 14712782318388884147
HIT 3 592713220112 138 12613821077681701798
HIT 3 597008187408 139 12027284743652937037
HIT 3 601303154704 140 12371264506844638159
HIT 3 605598122000 141 4867064418189080293
HIT 3 609893089296 142 557790845729936508
HIT 3 614188056592 143 6164023384436313501
HIT 3 618483023888 144 12724399120794347793
HIT 3 622777991184 145 16998888810253271916
HIT 3 627072958480 146 14751059998913431351
HIT 3 631367925776 147 12432051975666741138
HIT 3 635662893072 148 7187728377776837310
HIT 3 639957860368 149 14905007775293748265
HIT 3 644252827664 150 17962046845591293757
HIT 3 648547794960 151 16923904467443568220
HIT 3 652842762256 152 7531027683280535842
HIT 3 657137729552 153 15901365333535529533
HIT 3 661432696848 154 15984006455284460498
HIT 3 665727664144 155 14504486199705915031
HIT 3 670022631440 156 13046715425989526532
HIT 3 674317598736 157 15257094410210526372
HIT 3 678612566032 158 4010934477246432816
HIT 3 682907533328 159 11643060342995474827
HIT 3 687202500624 160 6666551668169376266
HIT 3 691497467920 161 17294735993622671833
HIT 3 695792435216 162 2719253738925647769
HIT 3 700087402512 163 10378997934625033259
HIT 3 704382369808 164 7209239736749172
HIT 3 708677337104 165 3903129957238614145
HIT 3 712972304400 166 12409922618658333818
HIT 3 717267271696 167 12695047378923663568
HIT 3 721562238992 168 11133085551047530240
HIT 3 725857206288 169 14235183859336724319
HIT 3 730152173584 170 2047310983363293729
HIT 3 734447140880 171 15352043117620906406
HIT 3 738742108176 172 163322553064852861
HIT 3 743037075472 173 10025122197695202553
HIT 3 747332042768 174 14498539301262916128
HIT 3 751627010064 175 11846347428078619213
HIT 3 755921977360 176 8665220735806008036
HIT 3 760216944656 177 4637523821756665050
HIT 3 764511911952 178 3672865907625737435
HIT 3 768806879248 179 8357278739304623397
HIT 3 773101846544 180 16559170840529001899
HIT 3 777396813840 181 372091479024730594
HIT 3 781691781136 182 13818996133761810583
HIT 3 785986748432 183 11292218026255117740
HIT 3 790281715728 184 13552662465786720359
HIT 3 794576683024 185 11785375694928300981
HIT 3 798871650320 186 3052804462374729378
HIT 3 803166617616 187 14286962053046926930
HIT 3 807461584912 188 17357458925239409057
HIT 3 811756552208 189 7145530008499662211
HIT 3 816051519504 190 17153569825819036665
HIT 3 820346486800 191 1727727582481009912
HIT 3 824641454096 192 9122592277444752895
HIT 3 828936421392 193 9591845063715507963
HIT 3 833231388688 194 4146972799726961705
HIT 3 837526355984 195 14302674298451575051
HIT 3 841821323280 196 2183212855591409355
HIT 3 846116290576 197 2759727092266531606
HIT 3 850411257872 198 5243692403714535217
HIT 3 854706225168 199 10686203246198014066
HIT 3 859001192464 200 13040160728715689348
HIT 3 863296159760 201 14542760921977442795
HIT 3 867591127056 202 2022842724166151989
HIT 3 871886094352 203 16431948203509690469
HIT 3 876181061648 204 6410885456504207521
HIT 3 880476028944 205 3353345115044511410
HIT 3 884770996240 206 14378817845290337671
HIT 3 889065963536 207 8738542338623222848
HIT 3 893360930832 208 8287733997413965115
HIT 3 897655898128 209 9080238238415239731
HIT 3 901950865424 210 15885737942941267516
HIT 3 906245832720 211 7142604144997479134
HIT 3 910540800016 212 4156356725049352349
HIT 3 914835767312 213 877145668561185862
HIT 3 919130734608 214 2541568326792452985
HIT 3 923425701904 215 5514837262195431800
HIT 3 927720669200 216 8094343584128629296
HIT 3 932015636496 217 9690804971456699597
HIT 3 936310603792 218 14828794663142147974
HIT 3 940605571088 219 3538028936460980454
HIT 3 944900538384 220 16560810907168225302
HIT 3 949195505680 221 4642198963091812615
HIT 3 953490472976 222 2857087671294746461
HIT 3 957785440272 223 17477459727734020054
HIT 3 962080407568 224 346582087010528888
HIT 3 966375374864 225 18380560835646362333
HIT 3 970670342160 226 13229635673887188561
HIT 3 974965309456 227 423228560216779182
HIT 3 979260276752 228 6763489588002353448
HIT 3 983555244048 229 13658153835502327356
HIT 3 987850211344 230 5467458342731663586
HIT 3 992145178640 231 13509971633102319596
HIT 3 996440145936 232 15140540923565016757
HIT 3 1000735113232 233 14267606327166576307
HIT 3 1005030080528 234 12351696724834515730
HIT 3 1009325047824 235 3980441242847787499
HIT 3 1013620015120 236 16038412710528115013
HIT 3 1017914982416 237 13807624788502624828
HIT 3 1022209949712 238 15328355735874010073
HIT 3 1026504917008 239 14579745423293987204
HIT 3 1030799884304 240 17458485533121579831
HIT 3 1035094851600 241 4351059322070450620
HIT 3 1039389818896 242 12502030742882722205
HIT 3 1043684786192 243 7703413656635072619
HIT 3 1047979753488 244 1351734668848419321
HIT 3 1052274720784 245 9813706405294159424
HIT 3 1056569688080 246 6616101983976135362
HIT 3 1060864655376 247 14160117732331933457
HIT 3 1065159622672 248 3234073410909037849
HIT 3 1069454589968 249 9787770185084662356
HIT 3 1073749557264 250 8527305843519640374
HIT 3 1078044524560 251 7683458573516079086
HIT 3 1082339491856 252 702272527290006297
HIT 3 1086634459152 253 264270999665710243
HIT 3 1090929426448 254 8674695187200030953
HIT 3 1095224393744 255 8714654144682638218
HIT 3 1099519361040 256 6433549825795844817
HIT 3 1103814328336 257 11688804180560604610
HIT 3 1108109295632 258 5422071231647235780
HIT 3 1112404262928 259 9559866834529207091
HIT 3 1116699230224 260 18139629572871436885
HIT 3 1120994197520 261 9525751063404814257
HIT 3 1125289164816 262 11975308601958841985
HIT 3 1129584132112 263 15031042789052325644
HIT 3 1133879099408 264 17288994708609738804
HIT 3 1138174066704 265 4952985458512978935
HIT 3 1142469034000 266 6048920881078870520
HIT 3 1146764001296 267 6669970332930023320
HIT 3 1151058968592 268 1701155631848384999
HIT 3 1155353935888 269 12242563841986685407
HIT 3 1159648903184 270 18316191657930348325
HIT 3 1163943870480 271 6536217887074357363
HIT 3 1168238837776 272 14221906622648068738
HIT 3 1172533805072 273 7418256577994704214
HIT 3 1176828772368 274 9006910534169338275
HIT 3 1181123739664 275 12240731245745140817
HIT 3 1185418706960 276 10615026624468571540
HIT 3 1189713674256 277 11809893316836949937
HIT 3 1194008641552 278 7600019471967322478
HIT 3 1198303608848 279 8698311275434339343
HIT 3 1202598576144 280 6021856877994750911
HIT 3 1206893543440 281 8520520133024238162
HIT 3 1211188510736 282 16163805534174544829
HIT 3 1215483478032 283 10377156764657997199
HIT 3 1219778445328 284 9053383350348675929
HIT 3 1224073412624 285 17254590938844738827
HIT 3 1228368379920 286 17598735005338097126
HIT 3 1232663347216 287 7594874147830386496
HIT 3 1236958314512 288 8684366497079311621
HIT 3 1241253281808 289 15388473758265284404
HIT 3 1245548249104 290 13221093958191778386
HIT 3 1249843216400 291 5290049594249973457
HIT 3 1254138183696 292 8400443023784335257
HIT 3 1258433150992 293 12980915220643303128
HIT 3 1262728118288 294 12646417288882490693
HIT 3 1267023085584 295 11416835954917648069
HIT 3 1271318052880 296 7661169657459285293
HIT 3 1275613020176 297 4959736359768220188
HIT 3 1279907987472 298 1058251126714226820
HIT 3 1284202954768 299 18271641430632686305
HIT 3 1288497922064 300 3990073791260768964
HIT 3 1292792889360 301 920708186654402854
HIT 3 1297087856656 302 16627138918789056561
HIT 3 1301382823952 303 14027277010948678097
HIT 3 1305677791248 304 6886677811995881740
HIT 3 1309972758544 305 12696858734127806512
HIT 3 1314267725840 306 9789802721489571021
HIT 3 1318562693136 307 13683092842615923475
HIT 3 1322857660432 308 15931727776810994915
HIT 3 1327152627728 309 8878959775375021272
HIT 3 1331447595024 310 1581822813104978870
HIT 3 1335742562320 311 4334680990893182643
HIT 3 1340037529616 312 6702743474131213591
HIT 3 1344332496912 313 14359288742851025455
HIT 3 1348627464208 314 10380879028737493732
HIT 3 1352922431504 315 579371358371585567
HIT 3 1357217398800 316 10482814868241684317
HIT 3 1361512366096 317 92857996502605878
HIT 3 1365807333392 318 9268042078448016362
HIT 3 1370102300688 319 16599191114091520736
HIT 3 1374397267984 320 5001606375808080675
HIT 3 1378692235280 321 7592859664765110776
HIT 3 1382987202576 322 16880435858846404864
HIT 3 1387282169872 323 7306026735065341770
HIT 3 1391577137168 324 16417346036748827509
HIT 3 1395872104464 325 17789981017675709341
HIT 3 1400167071760 326 7688074136969544129
HIT 3 1404462039056 327 354706715439136734
HIT 3 1408757006352 328 3199848025651282492
HIT 3 1413051973648 329 8356218628179638437
HIT 3 1417346940944 330 16396746595410292423
HIT 3 1421641908240 331 2528040591737617778
HIT 3 1425936875536 332 1040192856466593522
HIT 3 1430231842832 333 497714908613199552
HIT 3 1434526810128 334 16113711495223026788
HIT 3 1438821777424 335 13283204340950334647
HIT 3 1443116744720 336 2391018323094331745
HIT 3 1447411712016 337 3192662003934858574
HIT 3 1451706679312 338 10488402654432861762
HIT 3 1456001646608 339 15901362293525359953
HIT 3 1460296613904 340 16991611395171016975
HIT 3 1464591581200 341 17404108758108075670
HIT 3 1468886548496 342 3366820088368296116
HIT 3 1473181515792 343 12814267726069600326
HIT 3 1477476483088 344 10922139437130862591
HIT 3 1481771450384 345 17288012307351761769
HIT 3 1486066417680 346 9391551075363616288
HIT 3 1490361384976 347 7035417184067085868
HIT 3 1494656352272 348 1197401568045952104
HIT 3 1498951319568 349 6404784239538757060
HIT 3 1503246286864 350 3821431988749303393
HIT 3 1507541254160 351 4249194082403097086
HIT 3 1511836221456 352 9223874841661227530
HIT 3 1516131188752 353 15241948996216255860
HIT 3 1520426156048 354 14640914433561110256
HIT 3 1524721123344 355 9437663800902361199
HIT 3 1529016090640 356 5148556927392242062
HIT 3 1533311057936 357 6465897573587339074
HIT 3 1537606025232 358 9672651235508453759
HIT 3 1541900992528 359 18046841981285453267
HIT 3 1546195959824 360 6716837533733269034
HIT 3 1550490927120 361 1547155477068669861
HIT 3 1554785894416 362 15597930858946245997
HIT 3 1559080861712 363 16157534773657156468
HIT 3 1563375829008 364 1740198187179557645
HIT 3 1567670796304 365 14971790116554242617
HIT 3 1571965763600 366 8506040846106556604
HIT 3 1576260730896 367 16693562962488598917
HIT 3 1580555698192 368 13966076722139749846
HIT 3 1584850665488 369 17654642261954267364
HIT 3 1589145632784 370 17755286770475863685
HIT 3 1593440600080 371 2304156042965818136
HIT 3 1597735567376 372 13912643375969452253
HIT 3 1602030534672 373 14929149152341367894
HIT 3 1606325501968 374 12157492816920830670
HIT 3 1610620469264 375 11550447226268900107
HIT 3 1614915436560 376 102740171747328990
HIT 3 1619210403856 377 10269549469956972762
HIT 3 1623505371152 378 17839931324997777766
HIT 3 1627800338448 379 8324392458592941587
HIT 3 1632095305744 380 4603638896107968806
HIT 3 1636390273040 381 9988055645283235704
HIT 3 1640685240336 382 13257725745296067402
HIT 3 1644980207632 383 13376573843318016256
HIT 3 1649275174928 384 879375051190753196
HIT 3 1653570142224 385 8328797851920399461
HIT 3 1657865109520 386 12882339812547359597
HIT 3 1662160076816 387 2120220649926691057
HIT 3 1666455044112 388 9641417471971223912
HIT 3 1670750011408 389 2146175718588362230
HIT 3 1675044978704 390 13498654410414546261
HIT 3 1679339946000 391 4862517825697990677
HIT 3 1683634913296 392 13432697303462077856
HIT 3 1687929880592 393 16456152048683479280
HIT 3 1692224847888 394 13159451398555003740
HIT 3 1696519815184 395 8262004918202410768
HIT 3 1700814782480 396 11299614637341379204
HIT 3 1705109749776 397 15267691160015190509
HIT 3 1709404717072 398 12912936911097541672
HIT 3 1713699684368 399 17591571069527990817
HIT 3 1717994651664 400 7313467555311607028
HIT 3 1722289618960 401 11985776148569762030
HIT 3 1726584586256 402 13746731486475359114
HIT 3 1730879553552 403 12149034393054133793
HIT 3 1735174520848 404 11091972592503252887
HIT 3 1739469488144 405 13639198193040628239
HIT 3 1743764455440 406 3874870782692089443
HIT 3 1748059422736 407 12481917599594351949
HIT 3 1752354390032 408 3120155125431775873
HIT 3 1756649357328 409 16680595477460146286
HIT 3 1760944324624 410 13743144655581327213
HIT 3 1765239291920 411 16323484017057413993
HIT 3 1769534259216 412 3089160124490492617
HIT 3 1773829226512 413 10077964346454290298
HIT 3 1778124193808 414 9712110966541300340
HIT 3 1782419161104 415 13397619576160514025
HIT 3 1786714128400 416 13390434091437825459
HIT 3 1791009095696 417 11311689275100937695
HIT 3 1795304062992 418 360395807238108386
HIT 3 1799599030288 419 7185527700671262919
HIT 3 1803893997584 420 16275231802556572306
HIT 3 1808188964880 421 317596833058043962
HIT 3 1812483932176 422 3235876084709766360
HIT 3 1816778899472 423 15429172204195274237
HIT 3 1821073866768 424 6082267199554999449
HIT 3 1825368834064 425 9155630076628568267
HIT 3 1829663801360 426 11066893005918429441
HIT 3 1833958768656 427 16229850953556669248
HIT 3 1838253735952 428 16109140207132600581
HIT 3 1842548703248 429 7255440257796251086
HIT 3 1846843670544 430 1423313640653490485
HIT 3 1851138637840 431 1061806672096928139
HIT 3 1855433605136 432 691479953771795409
HIT 3 1859728572432 433 13458118822870005482
HIT 3 1864023539728 434 902025395237457410
HIT 3 1868318507024 435 6748486252271090246
HIT 3 1872613474320 436 16176190979615745360
HIT 3 1876908441616 437 5970255038047358812
HIT 3 1881203408912 438 464853275446781278
HIT 3 1885498376208 439 10006868466839599822
HIT 3 1889793343504 440 11442691736814740389
HIT 3 1894088310800 441 11730131660574201110
HIT 3 1898383278096 442 5982135193286840145
HIT 3 1902678245392 443 13680208397124920903
HIT 3 1906973212688 444 15651931781316106367
HIT 3 1911268179984 445 1704007918137144015
HIT 3 1915563147280 446 2266281705755671402
HIT 3 1919858114576 447 7769010238331922487
HIT 3 1924153081872 448 12409767479660897334
HIT 3 1928448049168 449 12582781205727364087
HIT 3 1932743016464 450 10280076431842993825
HIT 3 1937037983760 451 17150868770160302972
HIT 3 1941332951056 452 3604489440914041898
HIT 3 1945627918352 453 9587115685057440673
HIT 3 1949922885648 454 17205155288106536797
HIT 3 1954217852944 455 2730619785634215006
HIT 3 1958512820240 456 15904821020502730160
HIT 3 1962807787536 457 1505549703102835502
HIT 3 1967102754832 458 8171537854339450499
HIT 3 1971397722128 459 9279684561514346932
HIT 3 1975692689424 460 12192379598526711784
HIT 3 1979987656720 461 14482574433564869041
HIT 3 1984282624016 462 9043204136767212137
HIT 3 1988577591312 463 16986900636127125065
HIT 3 1992872558608 464 15929267460445713103
HIT 3 1997167525904 465 7585052593162174
HIT 3 2001462493200 466 2204891656853252529
HIT 3 2005757460496 467 9959167205966230300
HIT 3 2010052427792 468 4563349759114802792
HIT 3 2014347395088 469 16193264423217989623
HIT 3 2018642362384 470 9938650780047556710
HIT 3 2022937329680 471 3386703390947153443
HIT 3 2027232296976 472 10916741148866181456
HIT 3 2031527264272 473 13044170317718676004
HIT 3 2035822231568 474 5456218632064937531
HIT 3 2040117198864 475 10652987029145303623
HIT 3 2044412166160 476 17634175102711919456
HIT 3 2048707133456 477 13817024094519699972
HIT 3 2053002100752 478 17118716317373616717
HIT 3 2057297068048 479 9596809760409601380
HIT 3 2061592035344 480 6661644959884969337
HIT 3 2065887002640 481 18129369185556167151
HIT 3 2070181969936 482 5729321338752669839
HIT 3 2074476937232 483 11456267175101654710
HIT 3 2078771904528 484 5005958981524066263
HIT 3 2083066871824 485 1009039143667316045
HIT 3 2087361839120 486 15000000253524478886
HIT 3 2091656806416 487 17009596490142416370
HIT 3 2095951773712 488 1261327266694953991
HIT 3 2100246741008 489 1673770392642062278
HIT 3 2104541708304 490 10710888598455500312
HIT 3 2108836675600 491 11951608550429897532
HIT 3 2113131642896 492 13923220742464854566
HIT 3 2117426610192 493 13058982227806542323
HIT 3 2121721577488 494 18083405390167197887
HIT 3 2126016544784 495 2963135334936028921
HIT 3 2130311512080 496 3764478729504842343
HIT 3 2134606479376 497 8908180421847785540
HIT 3 2138901446672 498 17431530570503016250
HIT 3 2143196413968 499 656837573863337781
HIT 3 2147491381264 500 2119232409611221506
HIT 3 2151786348560 501 12395181209974209303
HIT 3 2156081315856 502 5281434276547548515
HIT 3 2160376283152 503 4322301121982533489
HIT 3 2164671250448 504 3794016341561865170
HIT 3 2168966217744 505 2110859439061792283
HIT 3 2173261185040 506 3978869291930846168
HIT 3 2177556152336 507 1215140443841297578
HIT 3 2181851119632 508 8028105577667970370
HIT 3 2186146086928 509 11693091941220952528
HIT 3 2190441054224 510 5519034956908782084
HIT 3 2194736021520 511 3346772234662725504
HIT 3 515403874320 120 10274636505525447107
HIT 3 519698841616 121 3377179491762208654
HIT 3 523993808912 122 1054720395879912348
HIT 3 704382435344 164 10003705496549168684
HIT 3 712972369936 166 5921195263708479922
HIT 3 717267337232 167 7618404101874984519
HIT 3 721562304528 168 7850884613708520100
HIT 3 1808189030416 421 10920324204194236474
HIT 3 1816781914126 423 8142630610401521003
HIT 3 1812483997712 422 16294900507453004777
HIT 3 1816778965008 423 16736179004929808713
HIT 3 1825368899600 425 13603124381645967116
HIT 3 1808192110606 421 16541287330541677134
HIT 3 1812487077902 422 7464859939926328920
HIT 3 1816782045198 423 13408291453215730123
HIT 3 1825371979790 425 18138309854994897732
HIT 3 721565450254 168 5220942355186502963
HIT 3 1816782110734 423 14856675049687010265
HIT 3 704382500880 164 74239317005836642
HIT 3 712972435472 166 16933966906774085473
HIT 3 717267402768 167 11648736874075959620
HIT 3 721562370064 168 10870345932908721419
HIT 3 1816782176270 423 5475670016196040652
HIT 3 1808189095952 421 6222722879533784176
HIT 3 1812484063248 422 16532797033464679908
HIT 3 1816779030544 423 6617579658092952228
HIT 3 1825368965136 425 6813977529728698964
HIT 3 523993939984 122 9751722352794262488
HIT 3 712972501008 166 7326825560489705971
HIT 3 1816779096080 423 8228941475206546977
HIT 3 712972566544 166 7941550158069046089
HIT 3 1816779161616 423 728703054073594433
HIT 3 712972632080 166 12853136096148919149
HIT 3 1816779227152 423 1498741174973342728
HIT 3 712972697616 166 17291328214364251816
HIT 3 1816779292688 423 7638784704496246971
HIT 3 712972763152 166 9897657710899625570
HIT 3 1816779358224 423 10056473224469662576
HIT 3 712972828688 166 14146942767970480529
HIT 3 1816779423760 423 12142054729000028895
HIT 3 712972894224 166 3048286649572469830
HIT 3 1816779489296 423 12661331756454756164
HIT 3 712972959760 166 10156241908833755361
HIT 3 1816779554832 423 11537836625988421237
HIT 3 712973025296 166 1997785115511084072
HIT 3 1816779620368 423 16892324638159706940
HIT 3 712973090832 166 2146949575649826425
HIT 3 1816782045199 423 16782719971867196715
HIT 3 506813153297 118 543768895882771775
HIT 3 712971583505 166 7982492273527765884
HIT 3 1816778178577 423 10225730489015058009
HIT 3 476748447761 111 5428078798141678166
HIT 3 506813218833 118 10586313174091399031
HIT 3 712971649041 166 13624818657691724770
HIT 3 1816778244113 423 10418682367369076605
HIT 3 498223349777 116 1730112046484305510
HIT 3 506813284369 118 8962647421819785798
HIT 3 511108251665 119 17826255500382891608
HIT 3 515403218961 120 11351432522167767449
HIT 3 704381779985 164 16210719424507501313
HIT 3 712971714577 166 4786531020300532805
HIT 3 717266681873 167 7479509280581689455
HIT 3 721561649169 168 13733869205714828912
HIT 3 1808188375057 421 13899464687538662169
HIT 3 1812483342353 422 16762815354705927826
HIT 3 1816778309649 423 11984906290350512612
HIT 3 1825368244241 425 14706242484869660677
HIT 3 506813415441 118 5811837003637551302
HIT 3 712971845649 166 9653348105517647068
HIT 3 1816778440721 423 16049115191425016232
HIT 3 712972173329 166 12545671096168299
HIT 3 1816778768401 423 4436547273631274949
HIT 3 1816779685904 423 11363204457087364924
HIT 3 712973156368 166 3666980659906440620
HIT 3 1816779751440 423 3012292273489312204
HIT 3 712973221904 166 5339560406925722
HIT 3 1816779816976 423 8755980258744809819
HIT 3 712973287440 166 11702550992075535829
HIT 3 1816779882512 423 17798745883286790693
HIT 3 712973352976 166 15178256497650817576
HIT 3 1816779948048 423 10512917065999725724
HIT 3 712973418512 166 10291583388104306293
HIT 3 1816780013584 423 15300518652285465176
HIT 3 712973484048 166 12362061767636923319
HIT 3 1816780079120 423 11111799113546599632
HIT 3 712973549584 166 14618995816749538244
HIT 3 1816780144656 423 7154712063083891184
HIT 3 712973615120 166 443402570930849129
HIT 3 1816780210192 423 8800392636609204558
HIT 3 712973680656 166 8788379285428446126
HIT 3 1816780275728 423 10810087125860245624
HIT 3 712973746192 166 5154151250975059050
HIT 3 1816780341264 423 8881160212254448069
HIT 3 712973811728 166 8292745425730642312
HIT 3 704382369809 164 7684442116479074962
HIT 3 712972304401 166 17783352158918236687
HIT 3 717267271697 167 12793651484106821055
HIT 3 721562238993 168 10965980157171596565
HIT 3 1808188964881 421 12177919559171067271
HIT 3 1812483932177 422 3082727860686789427
HIT 3 1816778899473 423 8151119838827387276
HIT 3 1825368834065 425 3079484266035792700
HIT 3 515403874321 120 16029408082211759151
HIT 3 712972369937 166 6415702707735335936
HIT 3 1816778965009 423 1546797268282173135
HIT 3 712972435473 166 9009724570038634749
HIT 3 1816779030545 423 14728817254582387910
HIT 3 1816780406800 423 12198552259906208669
HIT 3 712973877264 166 12858519737477317122
HIT 3 1816780472336 423 16875082639341712580
HIT 3 712973942800 166 6964238965184983478
HIT 3 1816780537872 423 15990968576583052813
HIT 3 712974008336 166 17847380054908183156
HIT 3 1816780603408 423 17134035500305305803
HIT 3 712974073872 166 13384081828575773540
HIT 3 1816780668944 423 17179187228557723810
HIT 3 712974139408 166 12914352505113665146
HIT 3 1816780734480 423 6315186000891027001
HIT 3 712974204944 166 14376289745927372507
HIT 3 1816780800016 423 5751226509641937647
HIT 3 712974270480 166 5721142088772499652
HIT 3 1816780865552 423 2252195380531271898
HIT 3 712974336016 166 1812476656484531952
HIT 3 1816780931088 423 190748669237527361
HIT 3 712974401552 166 17765830995395569252
HIT 3 1816780996624 423 13679492591178678755
HIT 3 712974467088 166 14025764794865210088
HIT 3 1816781062160 423 3649808774485232256
HIT 3 712974532624 166 16264028509657916036
HIT 3 1816781127696 423 17938261315363464631
HIT 3 712974598160 166 6965301825459729045
HIT 3 1816781193232 423 4876209289725007253
HIT 3 712974663696 166 1237454414292806504
HIT 3 1816781258768 423 2380744936953362376
HIT 3 712974729232 166 2493773503539669434
HIT 3 1816781324304 423 2826086210383224916
HIT 3 712974794768 166 14416568334491300285
HIT 3 1816781389840 423 12084397977045812637
HIT 3 712974860304 166 15829271868827281707
HIT 3 1816781455376 423 4138799630482542573
HIT 3 712974925840 166 4134379113900938320
HIT 3 1816781520912 423 8206515287343828230
HIT 3 712974991376 166 12298945534128320457
HIT 3 1816781586448 423 8012228301704120310
HIT 3 712975056912 166 15562817830452584689
HIT 3 1816781651984 423 11066874453135182896
HIT 3 712975122448 166 2287249828185176933
HIT 3 1816781717520 423 11845524447761709550
HIT 3 704385253392 164 16172996217309471435
HIT 3 712975187984 166 346514423846401128
HIT 3 1816781783056 423 17720922624045935152
HIT 3 712975253520 166 16172996217309471435
HIT 3 1816781848592 423 18340692253141273957
HIT 3 712975319056 166 306932980009666968
HIT 3 1808191979536 421 9001415035486960671
HIT 3 1812486946832 422 7269744134293672107
HIT 3 1816781914128 423 11429012869170548403
HIT 3 1825371848720 425 7840608879315136620
HIT 3 712975384592 166 10026884171588196796
HIT 3 721565319184 168 306932980009666968
HIT 3 1816781979664 423 11454147272271107568
HIT 3 721565384720 168 7542446878924701915
HIT 3 725860352016 169 2011090928760626582
HIT 3 730155319312 170 1910929064760193681
HIT 3 734450286608 171 7269906748222759829
HIT 3 738745253904 172 5876887111342670698
HIT 3 743040221200 173 6179986390790290729
HIT 3 747335188496 174 17223720573678975528
HIT 3 751630155792 175 10035040968226101547
HIT 3 755925123088 176 7025340781014704615
HIT 3 760220090384 177 7471539742857326476
HIT 3 764515057680 178 13180887946630379226
HIT 3 768810024976 179 10831225878022735836
HIT 3 773104992272 180 7213089028444859942
HIT 3 777399959568 181 16996012852159780495
HIT 3 781694926864 182 13649507325683269257
HIT 3 785989894160 183 11941659678660649309
HIT 3 790284861456 184 6184089170228111910
HIT 3 794579828752 185 13605984486992453702
HIT 3 798874796048 186 11658236086901794142
HIT 3 803169763344 187 7352020984969343060
HIT 3 807464730640 188 18151814637901155012
HIT 3 811759697936 189 12739312213306015123
HIT 3 816054665232 190 2606229015448636406
HIT 3 820349632528 191 6214302529631506232
HIT 3 824644599824 192 5659649969859092134
HIT 3 828939567120 193 11930953544487897874
HIT 3 833234534416 194 2142259957390261998
HIT 3 837529501712 195 12376701023133949243
HIT 3 841824469008 196 6751193668350252566
HIT 3 846119436304 197 17937219562325495497
HIT 3 850414403600 198 2058995523504977858
HIT 3 854709370896 199 3356848569967225212
HIT 3 859004338192 200 10934362142608274144
HIT 3 863299305488 201 15850986462056696470
HIT 3 867594272784 202 14305630026300238069
HIT 3 871889240080 203 13851895328540528292
HIT 3 876184207376 204 5468882963405319038
HIT 3 880479174672 205 1011570631049166270
HIT 3 884774141968 206 13233409203732382908
HIT 3 889069109264 207 16473035588386950268
HIT 3 893364076560 208 4024418913910104325
HIT 3 897659043856 209 4919867081030994120
HIT 3 901954011152 210 1906386406814517734
HIT 3 906248978448 211 10969724975667037956
HIT 3 910543945744 212 3744086698925773831
HIT 3 914838913040 213 15454523360986146807
HIT 3 919133880336 214 2986395741010374910
HIT 3 923428847632 215 13205800777192085118
HIT 3 927723814928 216 179791562809998593
HIT 3 932018782224 217 14248057193487985660
HIT 3 936313749520 218 12869371239308732565
HIT 3 940608716816 219 6600402211355323062
HIT 3 944903684112 220 8638959566803425270
HIT 3 949198651408 221 14709726682519313960
HIT 3 953493618704 222 10513120581720944513
HIT 3 957788586000 223 1364981084094802636
HIT 3 962083553296 224 17501298408991214020
HIT 3 966378520592 225 2205261745078553766
HIT 3 970673487888 226 10026245868272044152
HIT 3 974968455184 227 11884400894272523983
HIT 3 979263422480 228 8595080170707077740
HIT 3 983558389776 229 4673458285933312733
HIT 3 987853357072 230 14612559824234836835
HIT 3 992148324368 231 5572007313523898274
HIT 3 996443291664 232 14366959915344975334
HIT 3 1000738258960 233 2814916530521439420
HIT 3 1005033226256 234 18213733729782692607
HIT 3 1009328193552 235 10418469264073945613
HIT 3 1013623160848 236 18221678879268747033
HIT 3 1017918128144 237 13463110088499167480
HIT 3 1022213095440 238 3779100298604730810
HIT 3 1026508062736 239 219673103561790671
HIT 3 1030803030032 240 7643664716686837288
HIT 3 1035097997328 241 2620382016728666644
HIT 3 1039392964624 242 6025154050071817643
HIT 3 1043687931920 243 12421920998787158591
HIT 3 1047982899216 244 15572202014572842384
HIT 3 1052277866512 245 15182422171285703135
HIT 3 1056572833808 246 13512157903047852643
HIT 3 1060867801104 247 10774680064845450190
HIT 3 1065162768400 248 8748272112776397708
HIT 3 1069457735696 249 697069723080843557
HIT 3 1073752702992 250 17793180011974815406
HIT 3 1078047670288 251 17504372899272145987
HIT 3 1082342637584 252 8709881742247890659
HIT 3 1086637604880 253 16139357678656388210
HIT 3 1090932572176 254 5467655281503992801
HIT 3 1095227539472 255 2557602754327451225
HIT 3 1099522506768 256 7140275338246150364
HIT 3 1103817474064 257 12729625354702205926
HIT 3 1108112441360 258 1392455520036139872
HIT 3 1112407408656 259 16866993114539309908
HIT 3 1116702375952 260 16854118108671262968
HIT 3 1120997343248 261 5065600171303233585
HIT 3 1125292310544 262 6033297876766711322
HIT 3 1129587277840 263 8910713131323241713
HIT 3 1133882245136 264 7601354595636262886
HIT 3 1138177212432 265 15303164740773703382
HIT 3 1142472179728 266 11041839231898539772
HIT 3 1146767147024 267 2450139447132797851
HIT 3 1151062114320 268 17225113553658488290
HIT 3 1155357081616 269 7971303837799485887
HIT 3 1159652048912 270 16187014864255853965
HIT 3 1163947016208 271 3900928213172784915
HIT 3 1168241983504 272 11237433032273795821
HIT 3 1172536950800 273 17985799859813432011
HIT 3 1176831918096 274 14783224982737136742
HIT 3 1181126885392 275 12618189125832523360
HIT 3 1185421852688 276 10165864878236552918
HIT 3 1189716819984 277 4385322099481031060
HIT 3 1194011787280 278 7309887479042754154
HIT 3 1198306754576 279 5244868373920875958
HIT 3 1202601721872 280 5498667033890017898
HIT 3 1206896689168 281 14314122103987820952
HIT 3 1211191656464 282 14898680597387541792
HIT 3 1215486623760 283 12371428437948931806
HIT 3 1219781591056 284 16624626113596253552
HIT 3 1224076558352 285 11907980794338495124
HIT 3 1228371525648 286 7702794315333415566
HIT 3 1232666492944 287 7344555791096438243
HIT 3 1236961460240 288 17968446373008453397
HIT 3 1241256427536 289 2987547276747469890
HIT 3 1245551394832 290 16747419552669609674
HIT 3 1249846362128 291 5518178725955134342
HIT 3 1254141329424 292 9347420477820637061
HIT 3 1258436296720 293 15527137867427785317
HIT 3 1262731264016 294 7393599295935392213
HIT 3 1267026231312 295 11440378735465414555
HIT 3 1271321198608 296 718544526430061575
HIT 3 1275616165904 297 12994689445117565230
HIT 3 1279911133200 298 9631022810965858827
HIT 3 1284206100496 299 9296541559138045034
HIT 3 1288501067792 300 1424345646781453352
HIT 3 1292796035088 301 7686139418465238838
HIT 3 1297091002384 302 4902846359857601523
HIT 3 1301385969680 303 13851073766515699247
HIT 3 1305680936976 304 16804107932403746304
HIT 3 1309975904272 305 17768047288808592265
HIT 3 1314270871568 306 10971997805686662135
HIT 3 1318565838864 307 13962839065554496170
HIT 3 1322860806160 308 10603918442076758015
HIT 3 1327155773456 309 265603577855046904
HIT 3 1331450740752 310 5964994404157600253
HIT 3 1335745708048 311 13079439169970790434
HIT 3 1340040675344 312 15832695486435124254
HIT 3 1344335642640 313 5414991429561074723
HIT 3 1348630609936 314 4768411286089080394
HIT 3 1352925577232 315 13839888068120693960
HIT 3 1357220544528 316 11715124739839409099
HIT 3 1361515511824 317 8868385048574134568
HIT 3 1365810479120 318 8906460402157484874
HIT 3 1370105446416 319 12405667066744379798
HIT 3 1374400413712 320 4601987969932038251
HIT 3 1378695381008 321 4490527196685257925
HIT 3 1382990348304 322 2217203552860664109
HIT 3 1387285315600 323 3184095238187410435
HIT 3 1391580282896 324 17165749524135105978
HIT 3 1395875250192 325 10184610893167903425
HIT 3 1400170217488 326 7830761285943710708
HIT 3 1404465184784 327 14172277699504835326
HIT 3 1408760152080 328 9363890946039544569
HIT 3 1413055119376 329 15106122496291022263
HIT 3 1417350086672 330 4694441135078503137
HIT 3 1421645053968 331 4174346221083824237
HIT 3 1425940021264 332 15639548909877046751
HIT 3 1430234988560 333 10380349698569384664
HIT 3 1434529955856 334 5705628251976185867
HIT 3 1438824923152 335 15405634275069104610
HIT 3 1443119890448 336 8663418894093956820
HIT 3 1447414857744 337 7356198035599847712
HIT 3 1451709825040 338 1786672311099574924
HIT 3 1456004792336 339 9857606574596374046
HIT 3 1460299759632 340 12379414733109558117
HIT 3 1464594726928 341 12026383848591789236
HIT 3 1468889694224 342 2328366273666917945
HIT 3 1473184661520 343 14477160521817015428
HIT 3 1477479628816 344 7718309920069029900
HIT 3 1481774596112 345 2922827483258253620
HIT 3 1486069563408 346 17467363018837302171
HIT 3 1490364530704 347 10084921918258545545
HIT 3 1494659498000 348 14778170109750406346
HIT 3 1498954465296 349 13013458942162577278
HIT 3 1503249432592 350 4012653433309686913
HIT 3 1507544399888 351 4216483552942677511
HIT 3 1511839367184 352 17714306163694700892
HIT 3 1516134334480 353 16393745432067573815
HIT 3 1520429301776 354 11149555311045343367
HIT 3 1524724269072 355 12208976386529230184
HIT 3 1529019236368 356 7999726327874993653
HIT 3 1533314203664 357 14539625454177929175
HIT 3 1537609170960 358 10493136491648158289
HIT 3 1541904138256 359 78560867572640146
HIT 3 1546199105552 360 3105692076343074020
HIT 3 1550494072848 361 10672947798338446295
HIT 3 1554789040144 362 2565585864287788378
HIT 3 1559084007440 363 3148792258081082186
HIT 3 1563378974736 364 16327933091813634275
HIT 3 1567673942032 365 17092333845082913677
HIT 3 1571968909328 366 13498837776360256928
HIT 3 1576263876624 367 15887975931429763339
HIT 3 1580558843920 368 8942683704600393405
HIT 3 1584853811216 369 11907400534633112411
HIT 3 1589148778512 370 3611071040998109433
HIT 3 1593443745808 371 7747073341420898873
HIT 3 1597738713104 372 1560582389491082614
HIT 3 1602033680400 373 1365454983936652217
HIT 3 1606328647696 374 15221901630773427470
HIT 3 1610623614992 375 7074911468396909299
HIT 3 1614918582288 376 3525594296525549847
HIT 3 1619213549584 377 16284380649695823884
HIT 3 1623508516880 378 53877064098812794
HIT 3 1627803484176 379 8854995648103748953
HIT 3 1632098451472 380 13436355689238864224
HIT 3 1636393418768 381 12576187703718137056
HIT 3 1640688386064 382 11854388969819274969
HIT 3 1644983353360 383 9102053241182328264
HIT 3 1649278320656 384 3069155914248202310
HIT 3 1653573287952 385 11632657099070747802
HIT 3 1657868255248 386 14861942904098642589
HIT 3 1662163222544 387 3217213947990827710
HIT 3 1666458189840 388 2420748459396349706
HIT 3 1670753157136 389 15687998187836008158
HIT 3 1675048124432 390 4636878758351288471
HIT 3 1679343091728 391 16973026548468235990
HIT 3 1683638059024 392 9037807339333962013
HIT 3 1687933026320 393 4780883507522363546
HIT 3 1692227993616 394 1311811938093373060
HIT 3 1696522960912 395 7439916137390240093
HIT 3 1700817928208 396 2272098124208821529
HIT 3 1705112895504 397 7112818999939594242
HIT 3 1709407862800 398 8477828527685938791
HIT 3 1713702830096 399 6582652094823189567
HIT 3 1717997797392 400 11940261988192096904
HIT 3 1722292764688 401 12107094594965983780
HIT 3 1726587731984 402 9149510539999036724
HIT 3 1730882699280 403 1592381722048634038
HIT 3 1735177666576 404 9715625175430249860
HIT 3 1739472633872 405 6380635104694960959
HIT 3 1743767601168 406 15274538762193601063
HIT 3 1748062568464 407 13843666052847010379
HIT 3 1752357535760 408 2055398834352796707
HIT 3 1756652503056 409 644019143443259160
HIT 3 1760947470352 410 8149078773226298945
HIT 3 1765242437648 411 2589845787792483619
HIT 3 1769537404944 412 3731712780730673729
HIT 3 1773832372240 413 12516275477624186481
HIT 3 1778127339536 414 13268443659197816038
HIT 3 1782422306832 415 6619545195411936356
HIT 3 1786717274128 416 7433639944269917453
HIT 3 1791012241424 417 17047554003037174050
HIT 3 1795307208720 418 13975914710255395253
HIT 3 1799602176016 419 9694346716259983266
HIT 3 1803897143312 420 12247163757849974796
HIT 3 1808192110608 421 4822106593941104773
HIT 3 1812487077904 422 16119860656055973799
HIT 3 1816782045200 423 15641646288776409288
HIT 3 1821077012496 424 5028365401474447259
HIT 3 1825371979792 425 10153453803642246818
HIT 3 1829666947088 426 1727197827288422579
HIT 3 1833961914384 427 11222447505435537015
HIT 3 1838256881680 428 18241405572499609611
HIT 3 1842551848976 429 287688469399832584
HIT 3 1846846816272 430 15181978679288145868
HIT 3 1851141783568 431 15982476453965196119
HIT 3 1855436750864 432 12078023629500723669
HIT 3 1859731718160 433 3673560719713465937
HIT 3 1864026685456 434 11392681911597654860
HIT 3 1868321652752 435 13293345576140729919
HIT 3 1872616620048 436 17537421389736516379
HIT 3 1876911587344 437 14306749732736092520
HIT 3 1881206554640 438 7211859687601211732
HIT 3 1885501521936 439 14960976635114662811
HIT 3 1889796489232 440 16814648400840647123
HIT 3 1894091456528 441 7578584328157569813
HIT 3 1898386423824 442 7256738104326318049
HIT 3 1902681391120 443 16115209791806435062
HIT 3 1906976358416 444 11796151967761491953
HIT 3 1911271325712 445 14902112667080799638
HIT 3 1915566293008 446 17585459916773645089
HIT 3 1919861260304 447 303309746467213429
HIT 3 1924156227600 448 2995644648551656493
HIT 3 1928451194896 449 16794278493070163440
HIT 3 1932746162192 450 5402916547541069171
HIT 3 1937041129488 451 4576430730758375768
HIT 3 1941336096784 452 1231427983283415067
HIT 3 1945631064080 453 1625005723174625859
HIT 3 1949926031376 454 2890726650566199608
HIT 3 1954220998672 455 1020029427443291552
HIT 3 1958515965968 456 8140355614763803945
HIT 3 1962810933264 457 5991430924146998140
HIT 3 1967105900560 458 18097616977322730235
HIT 3 1971400867856 459 15965197575193549744
HIT 3 1975695835152 460 2500323590215650669
HIT 3 1979990802448 461 17574376125058269979
HIT 3 1984285769744 462 4113249484815285037
HIT 3 1988580737040 463 4698119980860181161
HIT 3 1992875704336 464 6756437453064393582
HIT 3 1997170671632 465 13779698647420266835
HIT 3 2001465638928 466 16076565447881518274
HIT 3 2005760606224 467 14447944300892218034
HIT 3 2010055573520 468 4556306036568255350
HIT 3 2014350540816 469 11002734873369715017
HIT 3 2018645508112 470 9621251741386916507
HIT 3 2022940475408 471 13866452258953535849
HIT 3 2027235442704 472 141763233950743393
HIT 3 2031530410000 473 14860544476255922118
HIT 3 2035825377296 474 7244823164901074781
HIT 3 2040120344592 475 16349417573556840017
HIT 3 2044415311888 476 16904773925243638655
HIT 3 2048710279184 477 2194631559092929813
HIT 3 2053005246480 478 14929896482273523736
HIT 3 2057300213776 479 6854944744770393421
HIT 3 2061595181072 480 1514306737292674577
HIT 3 2065890148368 481 4380764216472566371
HIT 3 2070185115664 482 16863026734353877264
HIT 3 2074480082960 483 18046438650341972949
HIT 3 2078775050256 484 12073463405074161538
HIT 3 2083070017552 485 10937937486086171581
HIT 3 2087364984848 486 17555249912825657231
HIT 3 2091659952144 487 9088657735537800644
HIT 3 2095954919440 488 12521434449289632439
HIT 3 2100249886736 489 2503116669659101204
HIT 3 2104544854032 490 13513185782151719418
HIT 3 2108839821328 491 8907909196522221140
HIT 3 2113134788624 492 3449934137206133386
HIT 3 2117429755920 493 9909518729193629608
HIT 3 2121724723216 494 13312036271848111028
HIT 3 2126019690512 495 6933924507489926446
HIT 3 2130314657808 496 10441168411704993354
HIT 3 2134609625104 497 5916222926728613356
HIT 3 2138904592400 498 1331364382050396142
HIT 3 2143199559696 499 9107594541035965925
HIT 3 2147494526992 500 748742256316685862
HIT 3 2151789494288 501 7612829687475600315
HIT 3 2156084461584 502 8358556645889619560
HIT 3 2160379428880 503 4826672166113872145
HIT 3 2164674396176 504 9342096966072770093
HIT 3 2168969363472 505 12035479122117059449
HIT 3 2173264330768 506 16579196863136842464
HIT 3 2177559298064 507 5834133168299997893
HIT 3 2181854265360 508 1634595828389449873
HIT 3 2186149232656 509 8157928724964765936
HIT 3 2190444199952 510 9857706494597435826
HIT 3 2194739167248 511 8973729897539135447
HIT 3 721565450256 168 14469706853079344946
HIT 3 725860417552 169 7269906748222759829
HIT 3 730155384848 170 7542446878924701915
HIT 3 1808192176144 421 13628556174323412861
HIT 3 1812487143440 422 5391842637186311975
HIT 3 1816782110736 423 4285008276561184022
HIT 3 1825372045328 425 17844541288850684916
HIT 3 1808192241680 421 2495968359043478291
HIT 3 1812487208976 422 1051314232089216081
HIT 3 1816782176272 423 4626334733989555122
HIT 3 1825372110864 425 5357928774133452324
HIT 3 730155515920 170 16625550293716010630
HIT 3 1816782241808 423 2569093043085018932
HIT 3 1816782307344 423 1105225183947582698
HIT 3 1816782372880 423 5126058412600784035
HIT 3 1816782438416 423 14898068403573368832
HIT 3 1816782503952 423 8538764319564766638
HIT 3 1816782569488 423 14932985960622770598
HIT 3 1816782635024 423 6846638991568681394
HIT 3 1816782700560 423 8865728396649132077
HIT 3 1816782766096 423 9273554241370110905
HIT 3 1816781914129 423 3928315041755888530
HIT 3 1808192110609 421 13301886790394190366
HIT 3 1812487077905 422 16207233048366998512
HIT 3 1816782045201 423 8313432777668683124
HIT 3 1825371979793 425 103229185339371197
HIT 3 721565450257 168 2420481866155997104
HIT 3 1816782110737 423 5873694168426238139
HIT 3 1816782176273 423 18097118501842389385
HIT 3 1816782831632 423 9905976842524786052
HIT 3 1816782897168 423 2127928349291220658
HIT 3 1816782962704 423 17863268573316311371
HIT 3 1816783028240 423 11353643189218725137
HIT 3 1816783093776 423 3503407644885237501
HIT 3 1816783159312 423 18271303029753307696
HIT 3 1816783224848 423 10150785652918748581
HIT 3 1816783290384 423 8999471491533587789
HIT 3 1816783355920 423 1341417044994346041
HIT 3 1816783421456 423 15553882925027068250
HIT 3 1816783486992 423 213475797170693039
HIT 3 1816783552528 423 15943852719710168856
HIT 3 1816783618064 423 5064734489273883456
HIT 3 1816783683600 423 4559060456380323959
HIT 3 1816783749136 423 12745829162627946672
HIT 3 1816783814672 423 2827997174996041441
HIT 3 1816783880208 423 9747745852352669231
HIT 3 1816783945744 423 10821273215307857618
HIT 3 1816784011280 423 6155872680202173699
HIT 3 1816784076816 423 7651347585171374246
HIT 3 1816784142352 423 14667970850372150491
HIT 3 1816784207888 423 1257915818942428541
HIT 3 1816784273424 423 15087983745941053696
HIT 3 1816784338960 423 67159805672448674
HIT 3 1816784404496 423 5497428762209134405
HIT 3 1816784470032 423 5969537690878565500
HIT 3 1816784535568 423 4624467299315010208
HIT 3 1816784601104 423 15976701147829110447
HIT 3 1816784666640 423 11056379692238600792
HIT 3 1816784732176 423 5508478841611100958
HIT 3 1816784797712 423 4400412021747030834
HIT 3 1816784863248 423 14885484847728197917
HIT 3 1816784928784 423 7647640148082641753
HIT 3 1816784994320 423 7080657227245777359
HIT 3 1816785059856 423 6159792028722165801
HIT 3 1816785125392 423 14990080605405798774
HIT 3 1816785190928 423 16550558220199859283
HIT 3 1816785256464 423 11696930804578292727
HIT 3 1816785322000 423 17652746902878627414
HIT 3 1816785387536 423 17755590050861544200
HIT 3 1816785453072 423 7166717714130258056
HIT 3 1816785518608 423 3788768575306362123
HIT 3 1816785584144 423 237731172316239857
HIT 3 1816785649680 423 13936460861656595158
HIT 3 1816785715216 423 10679537596061466190
HIT 3 1816785780752 423 8614993312286605190
HIT 3 1816785846288 423 18197064606981658105
HIT 3 1816785911824 423 12858490587015108046
HIT 3 1825388757006 425 987912416646070683
HIT 3 468152746003 109 5505186484183926399
HIT 3 506807451667 118 2929478942325931222
HIT 3 712965881875 166 17104375463763588864
HIT 3 1816772476947 423 5873912302920530046
HIT 3 1816785977360 423 14063825076589178842
HIT 3 1816786042896 423 7555624463324860423
HIT 3 1816786108432 423 273312921195351161
HIT 3 1816786173968 423 4340153395769127099
HIT 3 1816786239504 423 8961427492239141886
HIT 3 1816786305040 423 8207020013564841329
HIT 3 1816786370576 423 3116892261200914312
HIT 3 1816786436112 423 1802998623839005252
HIT 3 1816786501648 423 7479274083440818020
HIT 3 1816786567184 423 9833325165394982159
HIT 3 1816786632720 423 2491890656040033726
HIT 3 1816786698256 423 8150162216603889686
HIT 3 1816786763792 423 14741993475013293851
HIT 3 1816786829328 423 14247399555963551348
HIT 3 1816786894864 423 15195873856749518859
HIT 3 1816786960400 423 9106521412368447261
HIT 3 1816787025936 423 7526448078987185744
HIT 3 1816787091472 423 658443651328823543
HIT 3 1816787157008 423 1272830030545519161
HIT 3 1816787222544 423 16204410589880801155
HIT 3 1816787288080 423 5571975763742531458
HIT 3 1816787353616 423 7257415534392388442
HIT 3 1816787419152 423 3047068192708747291
HIT 3 1816787484688 423 8616812682418513924
HIT 3 1816787550224 423 8388334456892177755
HIT 3 1816787615760 423 18002858591111037019
HIT 3 1816787681296 423 2078603253334051344
HIT 3 1816787746832 423 5917128051730119219
HIT 3 1816787812368 423 10592237984285466272
HIT 3 1816787877904 423 7327811784491431534
HIT 3 1816787943440 423 16776169751170430178
HIT 3 1816788008976 423 2975714173062787727
HIT 3 1816788074512 423 7215318737072727661
HIT 3 1816788140048 423 13225548351539387488
HIT 3 1816788205584 423 14198121753094037390
HIT 3 1816788271120 423 18025401345610263051
HIT 3 1816788336656 423 3467841684823922388
HIT 3 1816788402192 423 11151006657091949225
HIT 3 1816788467728 423 13516933716931516679
HIT 3 1816788533264 423 11945242549226759958
HIT 3 1816788598800 423 14532643874168890474
HIT 3 1816788664336 423 16341921520372539845
HIT 3 1816788729872 423 14620035766911674201
HIT 3 1816788795408 423 8352945066783753803
HIT 3 1816788860944 423 1274413209638439025
HIT 3 1816788926480 423 9510700986294188446
HIT 3 1816788992016 423 18245348769727535285
HIT 3 1816789057552 423 15993361808886335166
HIT 3 1816789123088 423 427391118247577908
HIT 3 1816789188624 423 10225956848639950655
HIT 3 1816789254160 423 4248077804064610929
HIT 3 1816789319696 423 7876823819668899993
HIT 3 1816789385232 423 1725899084037585413
HIT 3 1816789450768 423 16053437044948651186
HIT 3 1816789516304 423 1201391953110251033
HIT 3 1816789581840 423 573606399371245887
HIT 3 1816789647376 423 11114563129367370993
HIT 3 1816789712912 423 619255777497605806
HIT 3 1816789778448 423 3912520299284699650
HIT 3 1816789843984 423 10944996283681555523
HIT 3 1816789909520 423 11177479359221907151
HIT 3 1816789975056 423 17182889604729756546
HIT 3 1816790040592 423 3203071544326433495
HIT 3 1816790106128 423 2339915274715777437
HIT 3 1816790171664 423 8585574049109293704
HIT 3 1816790237200 423 16954364801229089692
HIT 3 1816790302736 423 16576734846899558131
HIT 3 1816790368272 423 13907483008836032891
HIT 3 1816790433808 423 1431872968048284907
HIT 3 1816790499344 423 15591979273595650607
HIT 3 1816790564880 423 9133294157147576880
HIT 3 1816790630416 423 10667215131590902167
HIT 3 1816790695952 423 7787062432781251763
HIT 3 1816790761488 423 14416257495925843845
HIT 3 1816790827024 423 10749776977762401923
HIT 3 1816790892560 423 9838533452231766370
HIT 3 1816790958096 423 2333794517450377872
HIT 3 1816791023632 423 1992529314846523397
HIT 3 506813153298 118 4062489672911408826
HIT 3 712971583506 166 15020325213029419284
HIT 3 1816778178578 423 15411569832432228358
HIT 3 476748447762 111 5505186484183926399
HIT 3 506813218834 118 17040188481935192983
HIT 3 712971649042 166 11453812950104090810
HIT 3 1816778244114 423 10788464910474167263
HIT 3 498223349778 116 349732628377114099
HIT 3 506813284370 118 4399542862730702112
HIT 3 511108251666 119 14687131060468732520
HIT 3 515403218962 120 11009284215437938474
HIT 3 704381779986 164 13124646346846750221
HIT 3 712971714578 166 8245864382864259069
HIT 3 717266681874 167 12947320338896365204
HIT 3 721561649170 168 7105409370935948151
HIT 3 1816791089168 423 4059970076506125182
HIT 3 1816791154704 423 13644180412706891661
HIT 3 1816791220240 423 8949360245347916591
HIT 3 1816791285776 423 15585088566262550506
HIT 3 1816791351312 423 9880564921365006316
HIT 3 1816791416848 423 16650556795639136463
HIT 3 1816791482384 423 10165284579081818925
HIT 3 1816791547920 423 1514268802569475422
HIT 3 1816791613456 423 3131308324455120069
HIT 3 1816791678992 423 12285047700425179587
HIT 3 1816791744528 423 12128917310194576581
HIT 3 506813284371 118 11739173603096142665
HIT 3 712971714579 166 17656488700846872863
HIT 3 1816778309651 423 613477365389415043
HIT 3 1816791810064 423 15256928851416972382
HIT 3 1816791875600 423 5432524979771898802
HIT 3 1816791941136 423 14097858129791456200
HIT 3 1816792006672 423 10670484412248206792
HIT 3 1816792072208 423 181763036839604046
HIT 3 1816792137744 423 17955285832623601299
HIT 3 1816792203280 423 12602807543595510508
HIT 3 1816792268816 423 4079703487318215449
HIT 3 1816792334352 423 17437320798229014642
HIT 3 1816792399888 423 10485961821942628583
HIT 3 1816792465424 423 6235566086303357152
HIT 3 1816792530960 423 17090232458934124433
HIT 3 1816792596496 423 908830330043056014
HIT 3 1816792662032 423 10058804825988749850
HIT 3 1816792727568 423 16423518086539826345
HIT 3 1816792793104 423 224871445997789400
HIT 3 1808188375058 421 16991938074013198624
HIT 3 1812483342354 422 13468076683085189607
HIT 3 1816778309650 423 4815931683185738577
HIT 3 1825368244242 425 4009267994355321667
HIT 3 506813415442 118 5577066138070902683
HIT 3 712971845650 166 12337935939845030747
HIT 3 1816778440722 423 10999771591726497543
HIT 3 712972173330 166 18056978821486988490
HIT 3 1816778768402 423 12894696252357634919
HIT 3 704382369810 164 13259923139883631391
HIT 3 712972304402 166 5881883405782475121
HIT 3 717267271698 167 1727536759559996269
HIT 3 721562238994 168 12208588775672346307
HIT 3 1808188964882 421 5387281953578075235
HIT 3 1812483932178 422 4059291843933614685
HIT 3 1816778899474 423 8065603175786423747
HIT 3 1825368834066 425 4723011226053474607
HIT 3 515403874322 120 2929478942325931222
HIT 3 712972369938 166 14546873725061713363
HIT 3 1816778965010 423 8457111654008615634
HIT 3 712972435474 166 4532360165815694712
HIT 3 1816779030546 423 10549153924133884103
HIT 3 712972304403 166 7432506141093577825
HIT 3 1816778899475 423 13292195235555177645
HIT 3 1816792858640 423 9088066609641989604
HIT 3 1816792924176 423 9050200332555957326
HIT 3 1816792989712 423 10557915388391026378
HIT 3 1816793055248 423 12042530957537373126
HIT 3 1816793120784 423 6948761993618095043
HIT 3 1816793186320 423 10592932681482235329
HIT 3 1816793251856 423 412561841068629164
HIT 3 1816793317392 423 9405158297782416172
HIT 3 1816793382928 423 17407502416859066940
HIT 3 1816793448464 423 10549952960491305432
HIT 3 1816793514000 423 18167991063612831631
HIT 3 1816793579536 423 4144863562213772297
HIT 3 1816793645072 423 13865857375004722015
HIT 3 1816793710608 423 4966244656660639750
HIT 3 1816793776144 423 2904703565932543334
HIT 3 1816793841680 423 1426644885795773553
HIT 3 1816793907216 423 8714808203321158946
HIT 3 1816793972752 423 13939995552368919250
HIT 3 1816794038288 423 15864894906074098821
HIT 3 1816794103824 423 10762680209544603828
HIT 3 1816794169360 423 11888319900291713234
HIT 3 1816794234896 423 18321580404333904126
HIT 3 1816794300432 423 3438820510561027642
HIT 3 1816794365968 423 15921277254963203393
HIT 3 1816794431504 423 6620446406919598964
HIT 3 1816794497040 423 887222900660885984
HIT 3 1816794562576 423 17953410338551712668
HIT 3 1816794628112 423 1048776562281469941
HIT 3 1816794693648 423 4221286394535083836
HIT 3 1816794759184 423 2180065332897188718
HIT 3 1816794824720 423 11704602848738422729
HIT 3 1825388757009 425 9606787118964784167
HIT 3 1816794890256 423 13909398499936044655
HIT 3 1816794955792 423 5281620318434913325
HIT 3 1816795021328 423 8209644428825124587
HIT 3 1816795086864 423 16807274571256523035
HIT 3 1816795152400 423 9943967559795697305
HIT 3 1816795217936 423 7817310535107790443
HIT 3 1816795283472 423 14281705298210052693
HIT 3 1816795349008 423 14428958463848377026
HIT 3 1816795414544 423 13850813579507283193
HIT 3 1816795480080 423 16141617667562954565
HIT 3 1816795545616 423 17798888985807131945
HIT 3 1816795611152 423 14262102668446762378
HIT 3 1816795676688 423 10970119737006349550
HIT 3 1816795742224 423 2979859730894560919
HIT 3 1816795807760 423 16154311031651170399
HIT 3 1816795873296 423 8804837824390507768
HIT 3 1816795938832 423 9162368644597967900
HIT 3 1816796004368 423 16474067693232881706
HIT 3 1816796069904 423 10682792757255268149
HIT 3 1816796135440 423 2479957123616941771
HIT 3 1816796200976 423 15966124161497152708
HIT 3 1816796266512 423 16063042419475860720
HIT 3 1816796332048 423 9765915513318404129
HIT 3 1816796397584 423 14702955679265531341
HIT 3 1816796463120 423 2880935456975761465
HIT 3 1816796528656 423 4044326336040401458
HIT 3 1816796594192 423 6814611108093212343
HIT 3 1816796659728 423 13961770991706321534
HIT 3 1816796725264 423 10027038761903021509
HIT 3 1816796790800 423 17332161600866956270
HIT 3 1816796856336 423 16740607705329649480
HIT 3 1816796921872 423 3804996406633140022
HIT 3 1816782045203 423 13006265008119315530
HIT 3 1816781914130 423 17562850065240545945
HIT 3 1808192110610 421 4251131498703942252
HIT 3 1812487077906 422 12252343784891687184
HIT 3 1816782045202 423 11140464432354363428
HIT 3 1825371979794 425 1171719358897200150
HIT 3 721565450258 168 17104375463763588864
HIT 3 1816782110738 423 4724611861895795618
HIT 3 1816782176274 423 11858359686433002672
HIT 3 1816796987408 423 9125374265391014174
HIT 3 1816797052944 423 692661366558365708
HIT 3 1816797118480 423 2620363531518924811
HIT 3 1816797184016 423 5464165903599892980
HIT 3 1816797249552 423 3240829014536978086
HIT 3 1816797315088 423 3272164705279751808
HIT 3 1816797380624 423 9898394164738801759
HIT 3 1816797446160 423 12286016311389085515
HIT 3 1816797511696 423 10437173508800072854
HIT 3 1816797577232 423 1898966591936704826
HIT 3 1816797642768 423 17690891702332642014
HIT 3 1816797708304 423 594283931940293341
HIT 3 1816797773840 423 16345178000607884882
HIT 3 1816797839376 423 1336616645012777791
HIT 3 1816797904912 423 3689282500498792857
HIT 3 1816797970448 423 6307047131347593194
HIT 3 1816798035984 423 15245047860072356546
HIT 3 1816798101520 423 2013777173022540274
HIT 3 1816798167056 423 3808383090579469472
HIT 3 1816798232592 423 5785405455760275216
HIT 3 1816798298128 423 2888881371066144681
HIT 3 1816798363664 423 2946282089421813507
HIT 3 1816798429200 423 10447437326972930970
HIT 3 1816798494736 423 15440504814114301059
HIT 3 1816798560272 423 14085253597034742797
HIT 3 1808208691216 421 14085253597034742797
HIT 3 1816798625808 423 6795379625962609648
HIT 3 1816798691344 423 3184347733334061857
HIT 3 1825388625936 425 9110622295127943471
HIT 3 1816798756880 423 9110622295127943471
HIT 3 1821093789712 424 14984215013376191658
HIT 3 1825388757008 425 636102409134385323
HIT 3 1833978691600 427 13241586279251624797
HIT 3 1821093855248 424 14354666169180909654
HIT 3 1825388822544 425 13241586279251624797
HIT 3 1829683789840 426 14984215013376191658
HIT 3 1833978757136 427 11908209364585990958
HIT 3 1838273724432 428 452861381725131124
HIT 3 1842568691728 429 9814929575284102259
HIT 3 1846863659024 430 18057106158964049885
HIT 3 1851158626320 431 658175916624645347
HIT 3 1855453593616 432 6002350209418080955
HIT 3 1859748560912 433 6350553612830007727
HIT 3 1864043528208 434 8204929588541190975
HIT 3 1868338495504 435 6472692506208762230
HIT 3 1872633462800 436 18266989987381105628
HIT 3 1876928430096 437 538179044281983211
HIT 3 1881223397392 438 7360184313110532411
HIT 3 1885518364688 439 7236155433156888527
HIT 3 1889813331984 440 5565111418642792273
HIT 3 1894108299280 441 13484312374535193554
HIT 3 1898403266576 442 10847512076761521353
HIT 3 1902698233872 443 5691363666186105241
HIT 3 1906993201168 444 17604713543459804163
HIT 3 1911288168464 445 1887931393036429426
HIT 3 1915583135760 446 2571878815268813651
HIT 3 1919878103056 447 11450913625140557670
HIT 3 1924173070352 448 10297481624051921479
HIT 3 1928468037648 449 12171321490582123947
HIT 3 1932763004944 450 2418970524030838457
HIT 3 1937057972240 451 8239389157295837497
HIT 3 1941352939536 452 705197843916718625
HIT 3 1945647906832 453 2840775823578481393
HIT 3 1949942874128 454 4669864390939221720
HIT 3 1954237841424 455 13790274047789699041
HIT 3 1958532808720 456 9834616504188168461
HIT 3 1962827776016 457 18038964436582500938
HIT 3 1967122743312 458 10680766809254650174
HIT 3 1971417710608 459 11448454090663463251
HIT 3 1975712677904 460 15911001849880655635
HIT 3 1980007645200 461 10481090923513906230
HIT 3 1984302612496 462 14774732724246974404
HIT 3 1988597579792 463 3002475416424590621
HIT 3 1992892547088 464 1098795762786015959
HIT 3 1997187514384 465 17480238139661403324
HIT 3 2001482481680 466 13806886269968878296
HIT 3 2005777448976 467 7995334120301852270
HIT 3 2010072416272 468 11679958313937566227
HIT 3 2014367383568 469 17359624364275621355
HIT 3 2018662350864 470 12252729407968323666
HIT 3 2022957318160 471 319195915995305566
HIT 3 2027252285456 472 16154863035857300885
HIT 3 2031547252752 473 11469869351305525547
HIT 3 2035842220048 474 14870073348339450862
HIT 3 2040137187344 475 14238710822800637015
HIT 3 2044432154640 476 9145839724430044527
HIT 3 2048727121936 477 1201037879613950132
HIT 3 2053022089232 478 3689493345215648328
HIT 3 2057317056528 479 3039787170748611993
HIT 3 2061612023824 480 11461357245927651230
HIT 3 2065906991120 481 4898667447153809497
HIT 3 2070201958416 482 15643615705406084682
HIT 3 2074496925712 483 6986029125686152276
HIT 3 2078791893008 484 14410720793374109947
HIT 3 2083086860304 485 8263696880333470106
HIT 3 2087381827600 486 5821506157501595731
HIT 3 2091676794896 487 11314000697715486388
HIT 3 2095971762192 488 4036298614612982996
HIT 3 2100266729488 489 17801611482105460968
HIT 3 2104561696784 490 1386344572093881233
HIT 3 2108856664080 491 17035853086457766528
HIT 3 2113151631376 492 8172586983499284878
HIT 3 2117446598672 493 16994531247268837443
HIT 3 2121741565968 494 4691885636957692552
HIT 3 2126036533264 495 7311416374015287402
HIT 3 2130331500560 496 9039197451111736167
HIT 3 2134626467856 497 13603227698484335999
HIT 3 2138921435152 498 359072088163483500
HIT 3 2143216402448 499 5246065215088045481
HIT 3 2147511369744 500 18364967078881048945
HIT 3 2151806337040 501 11955427705533569266
HIT 3 2156101304336 502 12202254629436146792
HIT 3 2160396271632 503 8521248213487173687
HIT 3 2164691238928 504 10957426622435226969
HIT 3 2168986206224 505 13452254024032777837
HIT 3 2173281173520 506 3626632219713965670
HIT 3 2177576140816 507 10527768152378750504
HIT 3 2181871108112 508 11303684506114349867
HIT 3 2186166075408 509 8160035177435556541
HIT 3 2190461042704 510 8130467665466237073
HIT 3 2194756010000 511 9735984438797974806
HIT 3 1833978822672 427 16060906784446326200
HIT 3 506813284372 118 6679236799204930917
HIT 3 712971714580 166 9148334607657588799
HIT 3 1816778309652 423 1041284627239289952
HIT 3 712972304404 166 7668248884950841933
HIT 3 1816778899476 423 9811306336996037134
HIT 3 1825388757010 425 5873912302920530046
HIT 3 506813284373 118 14628056708802077793
HIT 3 712971714581 166 16465061816766693320
HIT 3 1816778309653 423 6887329500964786210
HIT 3 712972304405 166 11923895859530113144
HIT 3 1816778899477 423 2622361815977311037
HIT 3 1816782045204 423 15858619843687014007
HIT 3 1816782045205 423 3440989143330129411
HIT 3 506813284374 118 2977565753802183652
HIT 3 712971714582 166 12447001756924665582
HIT 3 1816778309654 423 17248307836834205246
HIT 3 712972304406 166 17872541012511968870
HIT 3 1816778899478 423 1467823141418623766
HIT 3 506813284375 118 8694956241575372447
HIT 3 712971714583 166 6868851848204063619
HIT 3 1816778309655 423 1820330105230259798
HIT 3 1816782045206 423 11256474804934248878
HIT 3 712972304407 166 3803511430422875944
HIT 3 1816778899479 423 17689027507974112374
HIT 3 1816782045207 423 388918943975492318
HIT 3 506813284376 118 1824453541372122502
HIT 3 712971714584 166 8623042406860340166
HIT 3 1816778309656 423 465146581040276307
HIT 3 712972304408 166 7101927206855625745
HIT 3 1816778899480 423 13280277843441305710
HIT 3 1816782045208 423 5556361311205276604
HIT 3 506813284377 118 17420752818561422778
HIT 3 712971714585 166 7885097583763227810
HIT 3 1816778309657 423 13453478555419686910
HIT 3 712972304409 166 5600440510625110856
HIT 3 1816778899481 423 4404635551472534619
HIT 3 506813284378 118 10001771584975900350
HIT 3 712971714586 166 797815969800859612
HIT 3 1816778309658 423 13488258464831945715
HIT 3 712972304410 166 13260188621871837948
HIT 3 1816778899482 423 9527647501106053392
HIT 3 1816782045209 423 15299592235943153257
HIT 3 1816782045210 423 12098716467721205299
HIT 3 506813284379 118 4092724004430653663
HIT 3 712971714587 166 5987899145395843819
HIT 3 1816778309659 423 10327808966917469493
HIT 3 712972304411 166 9889029857113146033
HIT 3 1816778899483 423 10966624063812041303
HIT 3 1816782045211 423 10257399325372164916
HIT 3 506813284380 118 4438506250419206396
HIT 3 712971714588 166 9665474573217483497
HIT 3 1816778309660 423 15233581489685526264
HIT 3 712972304412 166 14725355207388194217
HIT 3 1816778899484 423 987459930226641222
HIT 3 506813284381 118 17252557329461761798
HIT 3 712971714589 166 13417466837666621355
HIT 3 1816778309661 423 17968326329320904778
HIT 3 712972304413 166 15823870366283615523
HIT 3 1816778899485 423 10833778945388586042
HIT 3 1816782045212 423 527611096102064376
HIT 3 506813284382 118 6671587961706430343
HIT 3 712971714590 166 15539777633704785838
HIT 3 1816778309662 423 16169247767632120151
HIT 3 712972304414 166 13757690440318073242
HIT 3 1816778899486 423 544679526285744740
HIT 3 1816782045213 423 1704287014913759323
HIT 3 506813284383 118 6293315490175436524
HIT 3 712971714591 166 14960675900918681981
HIT 3 1816778309663 423 10738921575048016436
HIT 3 1816782045214 423 4524382414639977698
HIT 3 712972304415 166 293258290378538163
HIT 3 1816778899487 423 17407087981056817680
HIT 3 1816782045215 423 13419673441527074116
HIT 3 506813284386 118 12687650052210600475
HIT 3 712971714594 166 12257818326960179761
HIT 3 1816778309666 423 2616737081195818958
HIT 3 712972304418 166 10833159614462570823
HIT 3 1816778899490 423 8465426274868193137
HIT 3 506813284384 118 14091943552692717741
HIT 3 712971714592 166 2483614977137286272
HIT 3 1816778309664 423 8261861106131802078
HIT 3 712972304416 166 4440388311987297162
HIT 3 1816778899488 423 16072689501170787565
HIT 3 506813284387 118 5702081089620929237
HIT 3 712971714595 166 10704205268009060824
HIT 3 1816778309667 423 2646536045860621684
HIT 3 506813284385 118 1982012967664471932
HIT 3 712971714593 166 12476663413856817199
HIT 3 1816778309665 423 3585429686389519934
HIT 3 712972304419 166 7307929163022903566
HIT 3 1816778899491 423 7336470638139799984
HIT 3 1816782045218 423 1488285712018024308
HIT 3 712972304417 166 16158726469934238187
HIT 3 1816778899489 423 9382014063154981218
HIT 3 1816782045219 423 17684334722668243724
HIT 3 1816782045216 423 9936155231674455567
HIT 3 1816782045217 423 7450929853800637098
HIT 3 506813284388 118 8401304893459013417
HIT 3 712971714596 166 13813352351438428939
HIT 3 1816778309668 423 7691531021264239746
HIT 3 712972304420 166 262464371744990469
HIT 3 1816778899492 423 5340154840820526415
HIT 3 506813284389 118 15434573756936671834
HIT 3 1816782045220 423 6428269570078980949
HIT 3 712971714597 166 7602084664257021548
HIT 3 1816778309669 423 13184189676778106752
HIT 3 712972304421 166 8587088903966243704
HIT 3 1816778899493 423 12440744944229083508
HIT 3 506813284391 118 2649606081565026332
HIT 3 712971714599 166 5888200154541191700
HIT 3 1816778309671 423 3375018623305868871
HIT 3 1816782045221 423 15878576842878695408
HIT 3 712972304423 166 17974079359328682591
HIT 3 1816778899495 423 12083859155738344563
HIT 3 506813284390 118 16488283302815210479
HIT 3 712971714598 166 8084062688749630814
HIT 3 1816778309670 423 6959198247815663278
HIT 3 712972304422 166 10967565962986758866
HIT 3 1816778899494 423 3121810982824374543
HIT 3 1816782045223 423 14178745966512689619
HIT 3 1816782045222 423 15228079270753237126
HIT 3 506813284392 118 15720401799553852213
HIT 3 712971714600 166 7091817061381289996
HIT 3 1816778309672 423 10237398259244004227
HIT 3 712972304424 166 12330082425812965873
HIT 3 1816778899496 423 13305986199756679674
HIT 3 1816782045224 423 14455581396019357265
HIT 3 506813284393 118 17717240264241370884
HIT 3 712971714601 166 4799546008120064824
HIT 3 1816778309673 423 8116178743615713667
HIT 3 712972304425 166 3245089948470147940
HIT 3 1816778899497 423 13336216479225726165
HIT 3 506813284394 118 15988705222281907341
HIT 3 712971714602 166 3402906488370814156
HIT 3 1816778309674 423 10929087664956101185
HIT 3 1816782045225 423 8933735044105510155
HIT 3 712972304426 166 4596639715016127472
HIT 3 1816778899498 423 14544223025499707235
HIT 3 1816782045226 423 14577224414274859711
HIT 3 506813284395 118 11024723668968799747
HIT 3 712971714603 166 1000496862443587302
HIT 3 1816778309675 423 6782812472770239686
HIT 3 712972304427 166 2240531333712689627
HIT 3 1816778899499 423 3279595064393238396
HIT 3 506813284396 118 17584922602473173995
HIT 3 712971714604 166 7529741779366695643
HIT 3 1816778309676 423 16317056128013863334
HIT 3 712972304428 166 6840554086294146896
HIT 3 1816778899500 423 9894183424960917192
HIT 3 1816782045227 423 11260796477543394491
HIT 3 506813284397 118 10935099008585297389
HIT 3 712971714605 166 14099011778043658799
HIT 3 1816778309677 423 11567508883656182751
HIT 3 1816782045228 423 3442359794308302381
HIT 3 712972304429 166 5738812652625398385
HIT 3 1816778899501 423 1954834934068653864
HIT 3 506813284398 118 12602109506153462380
HIT 3 712971714606 166 17296536363875401103
HIT 3 1816778309678 423 10932562685753193463
HIT 3 1816782045229 423 11379982313272056496
HIT 3 712972304430 166 16326730820516225120
HIT 3 1816778899502 423 13270977146539470777
HIT 3 1816782045230 423 9268577937921517217
HIT 3 506813284399 118 14507897963823012346
HIT 3 712971714607 166 5487499769106862956
HIT 3 1816778309679 423 15198559895580798900
HIT 3 712972304431 166 15793779470721147215
HIT 3 1816778899503 423 11330735410310260236
HIT 3 1816782045231 423 9344974952484779257
HIT 3 506813284401 118 6241552023912520482
HIT 3 712971714609 166 7919927801867504316
HIT 3 1816778309681 423 13889396622602132092
HIT 3 712972304433 166 390977442967855053
HIT 3 1816778899505 423 16711938648149209182
HIT 3 506813284400 118 14895865842408280967
HIT 3 712971714608 166 8049230461339274353
HIT 3 1816778309680 423 18141001710991469753
HIT 3 712972304432 166 16803625674069193186
HIT 3 1816778899504 423 9198957487216765115
HIT 3 1816782045233 423 9680051257886670456
HIT 3 506813284402 118 3066596711176010748
HIT 3 712971714610 166 17991357722428350619
HIT 3 1816778309682 423 14792932473196594120
HIT 3 712972304434 166 1943153075404577990
HIT 3 1816778899506 423 9566828146821923288
HIT 3 1816782045232 423 16432701413509013572
HIT 3 1816782045234 423 4865392428605772148
HIT 3 506813284403 118 17247463995830047195
HIT 3 712971714611 166 16470246875926570935
HIT 3 1816778309683 423 13589090343191416804
HIT 3 712972304435 166 9378631131884236403
HIT 3 1816778899507 423 754255565548230129
HIT 3 1816782045235 423 11811445171292583314
HIT 3 506813284404 118 3363442606424071104
HIT 3 712971714612 166 14548919291505313148
HIT 3 1816778309684 423 12052011682017860520
HIT 3 712972304436 166 510162973878081777
HIT 3 1816778899508 423 18437683530309757916
HIT 3 1816782045236 423 10093510925449911887
HIT 3 506813284405 118 6309295670148186823
HIT 3 712971714613 166 5953925850461517731
HIT 3 1816778309685 423 9720241458833166454
HIT 3 712972304437 166 11427384599891820318
HIT 3 1816778899509 423 549170157868535265
HIT 3 1816782045237 423 11374822007893505304
HIT 3 506813284406 118 14619051291661783329
HIT 3 712971714614 166 2987721269462540616
HIT 3 1816778309686 423 3036802220420077948
HIT 3 712972304438 166 12268748448502882492
HIT 3 1816778899510 423 9024888976709163246
HIT 3 506813284407 118 17746671398312872055
HIT 3 712971714615 166 5229796480069342263
HIT 3 1816778309687 423 12822203749135159913
HIT 3 712972304439 166 16115051357990194322
HIT 3 1816778899511 423 11886285188840947594
HIT 3 1816782045238 423 4241088097957348860
HIT 3 506813284408 118 1982752695996156036
HIT 3 712971714616 166 11627914466748507534
HIT 3 1816778309688 423 3178386126825820979
HIT 3 1816782045239 423 5820864585327722068
HIT 3 712972304440 166 7475675172930407785
HIT 3 1816778899512 423 17789983006269646951
HIT 3 506813284409 118 17232957778145439725
HIT 3 712971714617 166 14180821489300969476
HIT 3 1816778309689 423 17166548160137335847
HIT 3 1816782045240 423 7250691245213961071
HIT 3 712972304441 166 5284431800812979926
HIT 3 1816778899513 423 5194413536390660627
HIT 3 1816782045241 423 4292351070199031679
HIT 3 506813284410 118 5467626931341777670
HIT 3 712971714618 166 11091422268624689049
HIT 3 1816778309690 423 4213179064550601549
HIT 3 712972304442 166 208706775951068750
HIT 3 1816778899514 423 16042693384290135107
HIT 3 506813284411 118 3142305695547984471
HIT 3 712971714619 166 5538455772240734291
HIT 3 1816778309691 423 14515129351416993742
HIT 3 506813284412 118 12727068282644653886
HIT 3 712971714620 166 6684335330810626820
HIT 3 1816778309692 423 6239912180828139664
HIT 3 712972304443 166 17088375612951767046
HIT 3 1816778899515 423 9879441457986366308
HIT 3 712972304444 166 6256548017328282370
HIT 3 1816778899516 423 11064519625920122619
HIT 3 1816782045242 423 5089386657295579785
HIT 3 1816782045243 423 15617372352556169006
HIT 3 1816782045244 423 13257706979380135932
HIT 3 506813284413 118 880205937630084236
HIT 3 712971714621 166 13932421354433831093
HIT 3 1816778309693 423 4531720291174006330
HIT 3 712972304445 166 18215425966354199247
HIT 3 1816778899517 423 15273294705347505071
HIT 3 506813284414 118 6662636309304556638
HIT 3 712971714622 166 10037150689431707636
HIT 3 1816778309694 423 15437536784847168444
HIT 3 712972304446 166 3601551429090354908
HIT 3 1816778899518 423 5836074099629890100
HIT 3 1816782045245 423 3241203283215436473
HIT 3 506813284415 118 15816971988736618086
HIT 3 712971714623 166 7432357679482872006
HIT 3 1816778309695 423 18136125967866926883
HIT 3 712972304447 166 1499953433508235651
HIT 3 1816778899519 423 12142737357208323425
HIT 3 1816782045246 423 1730701999482697317
HIT 3 506813284416 118 17618826805621074158
HIT 3 712971714624 166 11834722682651020204
HIT 3 1816778309696 423 4177160850404719942
HIT 3 712972304448 166 10214640041479700998
HIT 3 1816778899520 423 15060857482238304145
HIT 3 1816782045247 423 5645894777937784405
HIT 3 1816782045248 423 3155716486763167486
HIT 3 506813284418 118 16758838978307113457
HIT 3 712971714626 166 7202028134822530199
HIT 3 1816778309698 423 9396607084266849884
HIT 3 712972304450 166 13765194538329104101
HIT 3 1816778899522 423 14710827495565806871
HIT 3 506813284417 118 8274478641230749309
HIT 3 712971714625 166 3698535419338929259
HIT 3 1816778309697 423 5832993590129664435
HIT 3 712972304449 166 11488354389028657593
HIT 3 1816778899521 423 14545463709971543110
HIT 3 506813284419 118 316162091938171287
HIT 3 712971714627 166 16337186519831347351
HIT 3 1816778309699 423 4720908034310027113
HIT 3 712972304451 166 5694097609203694160
HIT 3 1816778899523 423 16336192417593509244
HIT 3 1816782045250 423 343806054794842368
HIT 3 1816782045251 423 16371268942992868566
HIT 3 1816782045249 423 9911413907412286379
HIT 3 506813284420 118 1308345764681888803
HIT 3 712971714628 166 6238242826891284358
HIT 3 1816778309700 423 2003873107701571198
HIT 3 712972304452 166 18209048834573152511
HIT 3 1816778899524 423 4779430266924571004
HIT 3 1816782045252 423 9161663922803408605
HIT 3 506813284421 118 4557850464286247074
HIT 3 712971714629 166 9359077648519695020
HIT 3 1816778309701 423 6846985487440244563
HIT 3 712972304453 166 14586710078938951075
HIT 3 1816778899525 423 16619095821242883914
HIT 3 506813284422 118 3985007248427362730
HIT 3 712971714630 166 18201388089991601910
HIT 3 1816778309702 423 16154325956524834467
HIT 3 712972304454 166 5229165025524976100
HIT 3 1816778899526 423 7323839406446939383
HIT 3 1816782045253 423 12558867466532504445
HIT 3 1816782045254 423 1322803688023554591
HIT 3 506813284423 118 11976287766612435107
HIT 3 712971714631 166 6378739295761395091
HIT 3 1816778309703 423 10003193538367704508
HIT 3 712972304455 166 11568481147500639916
HIT 3 1816778899527 423 4156954335622055249
HIT 3 506813284424 118 1233788962820548811
HIT 3 712971714632 166 17407754594504575114
HIT 3 1816778309704 423 4058529317463327707
HIT 3 712972304456 166 6489370512657278566
HIT 3 1816778899528 423 10176733606484266375
HIT 3 1816782045255 423 11459284950051618064
HIT 3 1816782045256 423 3607687156292493961
HIT 3 506813284425 118 8225370290476626455
HIT 3 712971714633 166 17214967472693067177
HIT 3 1816778309705 423 8758857257333189694
HIT 3 712972304457 166 17433561082432898253
HIT 3 1816778899529 423 11417978861760134008
HIT 3 506813284426 118 53527352566330422
HIT 3 712971714634 166 8263984525527002125
HIT 3 1816778309706 423 15686920283402784798
HIT 3 712972304458 166 14829882532922692149
HIT 3 1816778899530 423 10989901562192539370
HIT 3 1816782045257 423 8546810723454483251
HIT 3 1816782045258 423 3568415446816138043
HIT 3 506813284427 118 6011320482629745084
HIT 3 712971714635 166 15316567230035448476
HIT 3 1816778309707 423 11310754326548207689
HIT 3 712972304459 166 6844630930236144576
HIT 3 1816778899531 423 14081619684537500329
HIT 3 506813284428 118 7054586577010415432
HIT 3 712971714636 166 676698172724742259
HIT 3 1816778309708 423 5497461168229207672
HIT 3 1816782045259 423 14314760634018990896
HIT 3 506813284429 118 11978054020151303525
HIT 3 712971714637 166 16228700879684425715
HIT 3 1816778309709 423 11644784216736037974
HIT 3 712972304460 166 10736406360807991348
HIT 3 1816778899532 423 18253474695567645721
HIT 3 712972304461 166 4986828282726194406
HIT 3 1816778899533 423 5714767114571297228
HIT 3 506813284430 118 4258932397049636519
HIT 3 712971714638 166 14786201396361920493
HIT 3 1816778309710 423 10103249533071794861
HIT 3 712972304462 166 9351959639654935668
HIT 3 1816778899534 423 6658595718069960402
HIT 3 1816782045261 423 12683403852178977940
HIT 3 1816782045262 423 10097159733985492452
HIT 3 1816782045260 423 17951306173542712664
HIT 3 506813284431 118 16951875080307814845
HIT 3 712971714639 166 1065551417321704799
HIT 3 1816778309711 423 10629501416645822634
HIT 3 712972304463 166 10522572378196268814
HIT 3 1816778899535 423 5064855930156580462
HIT 3 1816782045263 423 655820685102871594
HIT 3 506813284432 118 9433070812043010456
HIT 3 712971714640 166 2755499342409684481
HIT 3 1816778309712 423 9496172214894664422
HIT 3 712972304464 166 8121781460740876454
HIT 3 1816778899536 423 12690001875633421142
HIT 3 506813284433 118 7191376326091178794
HIT 3 712971714641 166 15010300990960921754
HIT 3 1816778309713 423 10296619185339679884
HIT 3 712972304465 166 17381265397683258577
HIT 3 1816778899537 423 4421814429544437951
HIT 3 1816782045264 423 12379673414337118006
HIT 3 506813284434 118 16947301031223005807
HIT 3 712971714642 166 2717231476233369997
HIT 3 1816778309714 423 3635789903168820542
HIT 3 1816782045265 423 4373538431301559551
HIT 3 712972304466 166 9131845790417833495
HIT 3 1816778899538 423 17324218673592771022
HIT 3 506813284435 118 10478664905511326776
HIT 3 712971714643 166 15172040575178428470
HIT 3 1816778309715 423 3707435240497751784
HIT 3 712972304467 166 14411947560586351664
HIT 3 1816778899539 423 551019523685007539
HIT 3 1816782045266 423 14835796014277578770
HIT 3 1816782045267 423 16334813710854800945
HIT 3 506813284436 118 17258012802713556782
HIT 3 712971714644 166 6601715162286378797
HIT 3 1816778309716 423 8641514974639992818
HIT 3 712972304468 166 2960047547848092507
HIT 3 1816778899540 423 5309457133469459959
HIT 3 506813284437 118 14454334541936170563
HIT 3 712971714645 166 5103743722796407527
HIT 3 1816778309717 423 15575316122894911431
HIT 3 712972304469 166 7873037987573762805
HIT 3 1816778899541 423 8540653430086250171
HIT 3 1816782045268 423 14674769233874509804
HIT 3 1816782045269 423 15778765679640496252
HIT 3 506813284438 118 9868569495359517862
HIT 3 712971714646 166 7649801562270626258
HIT 3 1816778309718 423 3207167358980700694
HIT 3 712972304470 166 17021074763377562122
HIT 3 1816778899542 423 12279925707875397493
HIT 3 1816782045270 423 9387453089246277134
HIT 3 506813284439 118 11650683982331877299
HIT 3 712971714647 166 1681101178121329247
HIT 3 1816778309719 423 10107224177591313746
HIT 3 712972304471 166 17823136303531810677
HIT 3 1816778899543 423 10468950834852290744
HIT 3 506813284440 118 6756726796269035091
HIT 3 712971714648 166 5195652874633595361
HIT 3 1816778309720 423 8391049723969785830
HIT 3 1816782045271 423 14647403721549099988
HIT 3 712972304472 166 3637692170991916689
HIT 3 1816778899544 423 7023485595942556669
HIT 3 506813284441 118 1694300869831388345
HIT 3 712971714649 166 408150394259951150
HIT 3 1816778309721 423 5958658007361766633
HIT 3 712972304473 166 7290626830008907418
HIT 3 1816778899545 423 9817264077095105325
HIT 3 1816782045272 423 9512159476222773692
HIT 3 506813284442 118 17438982117020570300
HIT 3 712971714650 166 543046596776101590
HIT 3 1816778309722 423 6991001688531254163
HIT 3 712972304474 166 8403699654695793854
HIT 3 1816778899546 423 14077939077126606412
HIT 3 1816782045273 423 17710690530770228292
HIT 3 1816782045274 423 4573728527462727654
HIT 3 506813284443 118 7000644400177584949
HIT 3 712971714651 166 6669942355479467769
HIT 3 1816778309723 423 1574552240890560313
HIT 3 712972304475 166 10536811540417960323
HIT 3 1816778899547 423 9170741358382205826
HIT 3 506813284444 118 14558092759750599566
HIT 3 712971714652 166 7612583319686041587
HIT 3 1816778309724 423 9420921047719746581
HIT 3 712972304476 166 17780771975659079832
HIT 3 1816778899548 423 10920836174750926815
HIT 3 506813284445 118 9253093385798565236
HIT 3 712971714653 166 17932692635165046451
HIT 3 1816778309725 423 9597768415041890960
HIT 3 712972304477 166 3940107362613340714
HIT 3 1816778899549 423 15632051617112776126
HIT 3 1816782045275 423 11455464625332548489
HIT 3 1816782045276 423 16875832047923177222
HIT 3 506813284446 118 15269642534868385825
HIT 3 712971714654 166 14324239523054972245
HIT 3 1816778309726 423 8861822218472140086
HIT 3 1816782045277 423 11563729988774006659
HIT 3 712972304478 166 11575025867388248973
HIT 3 1816778899550 423 10153235811799295907
HIT 3 1816782045278 423 7782871245993734251
HIT 3 506813284447 118 14030985438873313714
HIT 3 712971714655 166 15802789679731249178
HIT 3 1816778309727 423 1902369757435705836
HIT 3 712972304479 166 12870459363820538029
HIT 3 1816778899551 423 14145003406236019626
HIT 3 506813284448 118 4556296505659725982
HIT 3 712971714656 166 8890208142564122146
HIT 3 1816778309728 423 1165994170828329401
HIT 3 712972304480 166 17793411830626323515
HIT 3 1816778899552 423 5557202559723652268
HIT 3 506813284449 118 3909621636826852398
HIT 3 712971714657 166 2203105852943591036
HIT 3 1816778309729 423 10518714432369623467
HIT 3 712972304481 166 6634355805178888045
HIT 3 506813284450 118 8272787489597847912
HIT 3 712971714658 166 5103994247117988049
HIT 3 1816778309730 423 11077466411664225151
HIT 3 1816778899553 423 6007020116800644364
HIT 3 712972304482 166 1462351829178576741
HIT 3 1816778899554 423 17189462554853313366
HIT 3 1816782045279 423 3143223553253234117
HIT 3 1816782045280 423 6409410653942495343
HIT 3 1816782045281 423 5840718796242196866
HIT 3 1816782045282 423 11555263151293818541
HIT 3 506813284451 118 6320044901359187662
HIT 3 712971714659 166 12359742512124113947
HIT 3 1816778309731 423 11641499872986676864
HIT 3 712972304483 166 3016114266045405205
HIT 3 1816778899555 423 10635345495107682465
HIT 3 506813284452 118 2156872350899206224
HIT 3 712971714660 166 16466906306810135308
HIT 3 1816778309732 423 6731942690354533743
HIT 3 712972304484 166 17818204343600476758
HIT 3 1816778899556 423 14576794444060440773
HIT 3 1816782045283 423 10781220048550343934
HIT 3 1816782045284 423 4542237542490985056
HIT 3 506813284453 118 1728437075311277835
HIT 3 712971714661 166 3358582823081386848
HIT 3 1816778309733 423 9044796084299019141
HIT 3 506813284454 118 1766207883281728502
HIT 3 712971714662 166 14988174778426716530
HIT 3 1816778309734 423 11129250370049269350
HIT 3 712972304486 166 14822530289333288729
HIT 3 1816778899558 423 8314950919729031533
HIT 3 712972304485 166 3002220576002241264
HIT 3 1816778899557 423 8016277392219249348
HIT 3 1816782045285 423 7892266067001366613
HIT 3 1816782045286 423 13652678754123133859
HIT 3 506813284455 118 16124945467034139833
HIT 3 712971714663 166 6309815206267196418
HIT 3 1816778309735 423 6119207330973525231
HIT 3 712972304487 166 15189613785994047598
HIT 3 1816778899559 423 11026150654741837026
HIT 3 506813284456 118 9040938623943968974
HIT 3 712971714664 166 4077679883059762126
HIT 3 1816778309736 423 4121882457947807736
HIT 3 712972304488 166 5177312676210781375
HIT 3 1816778899560 423 14858548642563757167
HIT 3 1816782045287 423 16335605187178075296
HIT 3 1816782045288 423 17021883390056303203
HIT 3 506813153385 118 9040938623943968974
HIT 3 712971583593 166 4077679883059762126
HIT 3 1816778178665 423 4121882457947807736
HIT 3 506813284457 118 13023682146153767692
HIT 3 712971714665 166 5113932140990581108
HIT 3 1816778309737 423 18223174865276691042
HIT 3 712972304489 166 14045063700656986446
HIT 3 1816778899561 423 1469303856565255469
HIT 3 506813284458 118 8877310865497472413
HIT 3 712971714666 166 9107901949883030459
HIT 3 1816778309738 423 16009061272905460749
HIT 3 506813415530 118 788123618114053032
HIT 3 712971845738 166 15030871631147275590
HIT 3 1816778440810 423 2919520407781441290
HIT 3 712972304490 166 2350110434671481663
HIT 3 1816782045289 423 18243135976765983061
HIT 3 1816778899562 423 17356853241566357476
HIT 3 1816782045290 423 7127931129050629908
HIT 3 506813284459 118 788123618114053032
HIT 3 712971714667 166 15030871631147275590
HIT 3 1816778309739 423 2919520407781441290
HIT 3 712972173419 166 8072360371394201449
HIT 3 1816778768491 423 1054026157123628613
HIT 3 704382369899 164 15082598838489492826
HIT 3 712972304491 166 15247671388720725149
HIT 3 717267271787 167 10268144402264169173
HIT 3 721562239083 168 8838873919313377087
HIT 3 1808188964971 421 4204414985450058487
HIT 3 1812483932267 422 11949319164503034747
HIT 3 1816778899563 423 9376598288342465274
HIT 3 1825368834155 425 6123096125419279390
HIT 3 515403874411 120 8877310865497472413
HIT 3 712972370027 166 563457041616013673
HIT 3 485338513516 113 6258803139483764440
HIT 3 506813349996 118 3861102089159223486
HIT 3 712971780204 166 18346445569481884101
HIT 3 1816778375276 423 17320747571689455333
HIT 3 498223480940 116 17280107258540696284
HIT 3 506813415532 118 14759371706743653340
HIT 3 511108382828 119 9332620307710712920
HIT 3 515403350124 120 8217159464958466351
HIT 3 704381911148 164 1192797847083375174
HIT 3 712971845740 166 5924163289582765380
HIT 3 717266813036 167 1662325706144677112
HIT 3 721561780332 168 7154661727046032597
HIT 3 1808188506220 421 4081968403694458746
HIT 3 1812483473516 422 7556100272233111800
HIT 3 1816778440812 423 8854953652164557701
HIT 3 1825368375404 425 14956974798549387026
HIT 3 506813546604 118 9947127796388310977
HIT 3 1816778965099 423 17870449687551821433
HIT 3 712972435563 166 299141495830800527
HIT 3 1816779030635 423 8208328703034650727
HIT 3 712971976812 166 2835653635995207554
HIT 3 1816778571884 423 6188894075022551236
HIT 3 712972173420 166 10937945776684390485
HIT 3 1816778768492 423 15218011084283745828
HIT 3 704382369900 164 925194274256096931
HIT 3 712972304492 166 3585432075665732497
HIT 3 717267271788 167 4155415995108751461
HIT 3 721562239084 168 2683145631969312335
HIT 3 1808188964972 421 1037081793342888693
HIT 3 1812483932268 422 16102348890622703254
HIT 3 1816778899564 423 16098236765766012948
HIT 3 1825368834156 425 16603492128951796935
HIT 3 515403874412 120 4609989077054983409
HIT 3 712972370028 166 1710483269039801474
HIT 3 1816778965100 423 6765481857090230481
HIT 3 712972435564 166 13195275840684978629
HIT 3 1816779030636 423 8695956834252186056
HIT 3 1816781914219 423 3072807695597061876
HIT 3 1808192110699 421 5833647854368298074
HIT 3 1812487077995 422 9932074369234959224
HIT 3 1816782045291 423 16529172458204431672
HIT 3 1825371979883 425 1681371014040679711
HIT 3 721565450347 168 9107901949883030459
HIT 3 1816782110827 423 3132178076223386123
HIT 3 1816782176363 423 16751013291001335423
HIT 3 1816781914220 423 1694750752131863472
HIT 3 1808192110700 421 1868015915061346243
HIT 3 1812487077996 422 11611153055418805516
HIT 3 1816782045292 423 3002665013908349112
HIT 3 1825371979884 425 6275466183117939817
HIT 3 721565450348 168 2777544731220265218
HIT 3 1816782110828 423 18339678590113335613
HIT 3 1816782176364 423 12295631013206709333
HIT 3 506813349997 118 4609989077054983409
HIT 3 712971780205 166 2777544731220265218
HIT 3 1816778375277 423 12990896219532034178
HIT 3 506813415533 118 9947127796388310977
HIT 3 712971845741 166 2835653635995207554
HIT 3 1816778440813 423 6188894075022551236
HIT 3 506813481069 118 3861102089159223486
HIT 3 712971911277 166 18346445569481884101
HIT 3 1816778506349 423 17320747571689455333
HIT 3 506813546605 118 17958570933113003718
HIT 3 712971976813 166 10900361029868938560
HIT 3 1816778571885 423 8287598008035560707
HIT 3 498223677549 116 15911341909791940182
HIT 3 506813612141 118 13091676195374785353
HIT 3 712972042349 166 5044858925755095278
HIT 3 1816778637421 423 9703695476784197300
HIT 3 506813677677 118 15911341909791940182
HIT 3 712972107885 166 14412283735569177852
HIT 3 1816778702957 423 10917445890894735537
HIT 3 506813743213 118 8428447803749809313
HIT 3 704382238829 164 5684198661347469025
HIT 3 712972173421 166 8433869966932661539
HIT 3 717267140717 167 7876848402470690367
HIT 3 721562108013 168 11947673126777645550
HIT 3 1808188833901 421 17599208662689524700
HIT 3 1812483801197 422 103998203188754850
HIT 3 1816778768493 423 1409735991548359910
HIT 3 1825368703085 425 2893280974409913403
HIT 3 506813808749 118 17280107258540696284
HIT 3 515403743341 120 8428447803749809313
HIT 3 712972238957 166 12334074520330770292
HIT 3 1816778834029 423 3916903113299513390
HIT 3 515403808877 120 14866755681289166336
HIT 3 519698776173 121 9332620307710712920
HIT 3 523993743469 122 11021959973382136885
HIT 3 528288710765 123 11385132042389130230
HIT 3 532583678061 124 1879862162117766080
HIT 3 536878645357 125 7446616954747096836
HIT 3 541173612653 126 10991731407682097050
HIT 3 545468579949 127 7218943516791748422
HIT 3 549763547245 128 14574000250380169072
HIT 3 554058514541 129 13901437568373660506
HIT 3 558353481837 130 3791331995141841271
HIT 3 562648449133 131 2171802682994158663
HIT 3 566943416429 132 14950271923166823411
HIT 3 571238383725 133 17173901066771153546
HIT 3 575533351021 134 3099349502156027354
HIT 3 579828318317 135 505738568218438353
HIT 3 584123285613 136 4386162164892898892
HIT 3 588418252909 137 12685328320406119664
HIT 3 592713220205 138 4140992668538371515
HIT 3 597008187501 139 16148852094467480698
HIT 3 601303154797 140 9779211655264556759
HIT 3 605598122093 141 8031686481962789516
HIT 3 609893089389 142 16987296762485749557
HIT 3 614188056685 143 1450522201028699452
HIT 3 618483023981 144 10884983494249950721
HIT 3 622777991277 145 5483804899093453852
HIT 3 627072958573 146 18305663579423067153
HIT 3 631367925869 147 13621543404288294390
HIT 3 635662893165 148 7922788373459930500
HIT 3 639957860461 149 8760646331378237455
HIT 3 644252827757 150 10880412609020053734
HIT 3 648547795053 151 14791095060866407792
HIT 3 652842762349 152 11708272508423646229
HIT 3 657137729645 153 6576238004437123725
HIT 3 661432696941 154 6450980862918266922
HIT 3 665727664237 155 2767259888946314932
HIT 3 670022631533 156 11280872467453528528
HIT 3 674317598829 157 6813097759671177795
HIT 3 678612566125 158 4786955275205037514
HIT 3 682907533421 159 15634232801009667814
HIT 3 687202500717 160 252440856717293350
HIT 3 691497468013 161 13447119099507758702
HIT 3 695792435309 162 5997856631701043449
HIT 3 700087402605 163 4044539345980482755
HIT 3 704382369901 164 10966360141853263333
HIT 3 708677337197 165 15824190985809964925
HIT 3 712972304493 166 1342499750693291897
HIT 3 717267271789 167 3501310456905405656
HIT 3 721562239085 168 15226405562869908601
HIT 3 725857206381 169 7076448295135807167
HIT 3 730152173677 170 12076428206511640225
HIT 3 734447140973 171 7282891197475107436
HIT 3 738742108269 172 3902960808465270467
HIT 3 743037075565 173 1475054118244916361
HIT 3 747332042861 174 14952641722254521061
HIT 3 751627010157 175 5133119866819185655
HIT 3 755921977453 176 16651285341204549558
HIT 3 760216944749 177 2227451857042949073
HIT 3 764511912045 178 11522429213049308550
HIT 3 768806879341 179 17429049126950059748
HIT 3 773101846637 180 9536159857395869757
HIT 3 777396813933 181 256602156576831868
HIT 3 781691781229 182 3114038032470777737
HIT 3 785986748525 183 5599518867287127470
HIT 3 790281715821 184 11012634194733221005
HIT 3 794576683117 185 9481687932134263512
HIT 3 798871650413 186 17600406607252818593
HIT 3 803166617709 187 8472515209308127629
HIT 3 807461585005 188 7103011346410247981
HIT 3 811756552301 189 2028960957329564501
HIT 3 816051519597 190 7881342631512382449
HIT 3 820346486893 191 1330798601758988990
HIT 3 824641454189 192 2106592860697966225
HIT 3 828936421485 193 13296284114186351292
HIT 3 833231388781 194 10641348420598065595
HIT 3 837526356077 195 3502953199627791687
HIT 3 841821323373 196 12487674183550336227
HIT 3 846116290669 197 12669703472052069075
HIT 3 850411257965 198 17699637124561774685
HIT 3 854706225261 199 15731791054821501194
HIT 3 859001192557 200 14148301763879387279
HIT 3 863296159853 201 10349025120692298327
HIT 3 867591127149 202 12352749297463195430
HIT 3 871886094445 203 9072348773209994411
HIT 3 876181061741 204 9186624342593366744
HIT 3 880476029037 205 176869561064845447
HIT 3 884770996333 206 12322624851247174262
HIT 3 889065963629 207 3983552367642932233
HIT 3 893360930925 208 15536713124651218483
HIT 3 897655898221 209 15360633715165810354
HIT 3 901950865517 210 10001542285014682220
HIT 3 906245832813 211 17415835477839845841
HIT 3 910540800109 212 8798136813601472428
HIT 3 914835767405 213 9787580241449233053
HIT 3 919130734701 214 7002593663645816748
HIT 3 923425701997 215 10633520184333268079
HIT 3 927720669293 216 2590839795225415260
HIT 3 932015636589 217 10044512116809783895
HIT 3 936310603885 218 3407607510610166111
HIT 3 940605571181 219 3430579132077340063
HIT 3 944900538477 220 6444437844549408850
HIT 3 949195505773 221 3244068943359217589
HIT 3 953490473069 222 2799802879758535920
HIT 3 957785440365 223 2208370761173203193
HIT 3 962080407661 224 18139476884356817548
HIT 3 966375374957 225 5926439521008079187
HIT 3 970670342253 226 6716420906196862853
HIT 3 974965309549 227 16675456764096632915
HIT 3 979260276845 228 6670934293622799006
HIT 3 983555244141 229 13825085963193520278
HIT 3 987850211437 230 15951254842485610445
HIT 3 992145178733 231 3409357780376547506
HIT 3 996440146029 232 8109513846211674224
HIT 3 1000735113325 233 7504445064139812338
HIT 3 1005030080621 234 6803386737226129234
HIT 3 1009325047917 235 11622144786175834172
HIT 3 1013620015213 236 3628316934645077906
HIT 3 1017914982509 237 17494347711912571171
HIT 3 1022209949805 238 1746755168440909449
HIT 3 1026504917101 239 2895935314990213299
HIT 3 1030799884397 240 10673261049115219918
HIT 3 1035094851693 241 8975911594019886716
HIT 3 1039389818989 242 14319675650783024747
HIT 3 1043684786285 243 9663524979597436584
HIT 3 1047979753581 244 1633315161367769244
HIT 3 1052274720877 245 10255471805878385090
HIT 3 1056569688173 246 6924262674021892113
HIT 3 1060864655469 247 10842789715843358263
HIT 3 1065159622765 248 5288902165706733663
HIT 3 1069454590061 249 16985905674941561993
HIT 3 1073749557357 250 2231982497964874576
HIT 3 1078044524653 251 5349565486749561921
HIT 3 1082339491949 252 17627806008836254085
HIT 3 1086634459245 253 9724688005570766988
HIT 3 1090929426541 254 2169740624417759997
HIT 3 1095224393837 255 11875447050287450778
HIT 3 1099519361133 256 7541635997671043811
HIT 3 1103814328429 257 255227867727549558
HIT 3 1108109295725 258 1931941621485172930
HIT 3 1112404263021 259 13778030508988860726
HIT 3 1116699230317 260 15328770701649472642
HIT 3 1120994197613 261 7853026050002750833
HIT 3 1125289164909 262 17562731402059412496
HIT 3 1129584132205 263 17033148019305577326
HIT 3 1133879099501 264 3330445766761066993
HIT 3 1138174066797 265 3095247408361776088
HIT 3 1142469034093 266 7912281737688885351
HIT 3 1146764001389 267 4065479523612294036
HIT 3 1151058968685 268 16046606894734394902
HIT 3 1155353935981 269 2148946009791974344
HIT 3 1159648903277 270 16594686516594684791
HIT 3 1163943870573 271 3175597043756183422
HIT 3 1168238837869 272 1962595661487519307
HIT 3 1172533805165 273 9603677977038438858
HIT 3 1176828772461 274 16503160433968266252
HIT 3 1181123739757 275 5072531409345310746
HIT 3 1185418707053 276 2472089681879179787
HIT 3 1189713674349 277 12418315989295044131
HIT 3 1194008641645 278 10134442148833382602
HIT 3 1198303608941 279 3597864107390489373
HIT 3 1202598576237 280 2759078909128092432
HIT 3 1206893543533 281 4729081726354579182
HIT 3 1211188510829 282 6907805929547520969
HIT 3 1215483478125 283 17760171336197762033
HIT 3 1219778445421 284 14300539317461766841
HIT 3 1224073412717 285 11172228765727739669
HIT 3 1228368380013 286 7400773813995698107
HIT 3 1232663347309 287 17578876648696224952
HIT 3 1236958314605 288 12238417659458349884
HIT 3 1241253281901 289 11422592756458096780
HIT 3 1245548249197 290 7029016690996697365
HIT 3 1249843216493 291 18144275237097559914
HIT 3 1254138183789 292 13392706663317192069
HIT 3 1258433151085 293 15421373885776460583
HIT 3 1262728118381 294 17946465517217766843
HIT 3 1267023085677 295 17941125870341792997
HIT 3 1271318052973 296 5325004567791674827
HIT 3 1275613020269 297 16086729064779309166
HIT 3 1279907987565 298 12536541770650334235
HIT 3 1284202954861 299 13673301779768824928
HIT 3 1288497922157 300 478987942126233458
HIT 3 1292792889453 301 2669497220643766598
HIT 3 1297087856749 302 15391261140414721243
HIT 3 1301382824045 303 8310612369780600838
HIT 3 1305677791341 304 6320090930155274368
HIT 3 1309972758637 305 2866732866296661016
HIT 3 1314267725933 306 16387388152277382664
HIT 3 1318562693229 307 12247674559291252282
HIT 3 1322857660525 308 1238616443534325492
HIT 3 1327152627821 309 15521957421660122229
HIT 3 1331447595117 310 5536055695636700998
HIT 3 1335742562413 311 13783230889835639605
HIT 3 1340037529709 312 12324648794735335140
HIT 3 1344332497005 313 8595759025326536669
HIT 3 1348627464301 314 15384112423172830266
HIT 3 1352922431597 315 560074953892488088
HIT 3 1357217398893 316 10929262576287872472
HIT 3 1361512366189 317 5886069624518238815
HIT 3 1365807333485 318 10701222240017219351
HIT 3 1370102300781 319 1297398388037605707
HIT 3 1374397268077 320 2402270059699009059
HIT 3 1378692235373 321 5719215453526771047
HIT 3 1382987202669 322 4101953085834780843
HIT 3 1387282169965 323 3778871184750864931
HIT 3 1391577137261 324 265079997408750408
HIT 3 1395872104557 325 12222246902463042968
HIT 3 1400167071853 326 3927927697945274040
HIT 3 1404462039149 327 1215202120568213640
HIT 3 1408757006445 328 4204231399644120676
HIT 3 1413051973741 329 6460218730133415311
HIT 3 1417346941037 330 13730170695542493192
HIT 3 1421641908333 331 13417192309484511126
HIT 3 1425936875629 332 13748374244456394408
HIT 3 1430231842925 333 14248177610747247679
HIT 3 1434526810221 334 12141144487344506780
HIT 3 1438821777517 335 16587846069701495284
HIT 3 1443116744813 336 16560717658692843656
HIT 3 1447411712109 337 11645080855505567858
HIT 3 1451706679405 338 17098268793950727285
HIT 3 1456001646701 339 11058928329779698640
HIT 3 1460296613997 340 121095266294068143
HIT 3 1464591581293 341 1249695412163057490
HIT 3 1468886548589 342 4757032672108086337
HIT 3 1473181515885 343 17233681389537883306
HIT 3 1477476483181 344 10057117240161770188
HIT 3 1481771450477 345 5151981000521211259
HIT 3 1486066417773 346 5817423808592630688
HIT 3 1490361385069 347 2459729508407055647
HIT 3 1494656352365 348 14328025739040533279
HIT 3 1498951319661 349 13883526160588878968
HIT 3 1503246286957 350 18232438624705848856
HIT 3 1507541254253 351 17998628159442758196
HIT 3 1511836221549 352 1786923354191279994
HIT 3 1516131188845 353 3283302264032804379
HIT 3 1520426156141 354 7469645790848774908
HIT 3 1524721123437 355 9022029048704609861
HIT 3 1529016090733 356 9440548784507393604
HIT 3 1533311058029 357 13246601346448791860
HIT 3 1537606025325 358 11721911253459552765
HIT 3 1541900992621 359 12089511507001285630
HIT 3 1546195959917 360 824663342435347672
HIT 3 1550490927213 361 5089173975414756919
HIT 3 1554785894509 362 8991864963179416394
HIT 3 1559080861805 363 14362619711045976494
HIT 3 1563375829101 364 7515255689457167840
HIT 3 1567670796397 365 8070163197608368042
HIT 3 1571965763693 366 16473175810329049213
HIT 3 1576260730989 367 10646764727233158158
HIT 3 1580555698285 368 14635159169908524982
HIT 3 1584850665581 369 15413655216850980729
HIT 3 1589145632877 370 16084757073227008514
HIT 3 1593440600173 371 3367448823252730758
HIT 3 1597735567469 372 15161426042023714941
HIT 3 1602030534765 373 16660221757723018615
HIT 3 1606325502061 374 4817115388162859970
HIT 3 1610620469357 375 17889342946893458544
HIT 3 1614915436653 376 2745963165672331671
HIT 3 1619210403949 377 1057674752495440899
HIT 3 1623505371245 378 3809143749370015085
HIT 3 1627800338541 379 6172439737386285169
HIT 3 1632095305837 380 14248784025037801090
HIT 3 1636390273133 381 7119084340969311781
HIT 3 1640685240429 382 5028990354727641267
HIT 3 1644980207725 383 12142457021936191218
HIT 3 1649275175021 384 5177758281788240782
HIT 3 1653570142317 385 11267231998175057711
HIT 3 1657865109613 386 12234691559880807482
HIT 3 1662160076909 387 4200356125966865166
HIT 3 1666455044205 388 9810094834959562099
HIT 3 1670750011501 389 732382902838887183
HIT 3 1675044978797 390 3835580540696909767
HIT 3 1679339946093 391 4779533489689827596
HIT 3 1683634913389 392 9706779638624098110
HIT 3 1687929880685 393 680721662965502593
HIT 3 1692224847981 394 17165704329229087907
HIT 3 1696519815277 395 18319103825018165037
HIT 3 1700814782573 396 1856732965876377147
HIT 3 1705109749869 397 2699902115291078967
HIT 3 1709404717165 398 8632203028256545475
HIT 3 1713699684461 399 4549055706902536744
HIT 3 1717994651757 400 426288964202716042
HIT 3 1722289619053 401 15625677379216657359
HIT 3 1726584586349 402 3874512167501335576
HIT 3 1730879553645 403 795143901621031771
HIT 3 1735174520941 404 17866836896299457015
HIT 3 1739469488237 405 15268371506887779050
HIT 3 1743764455533 406 3895545404738089383
HIT 3 1748059422829 407 6862968295929018651
HIT 3 1752354390125 408 108697075764951912
HIT 3 1756649357421 409 17620303917435429477
HIT 3 1760944324717 410 6331672572425817630
HIT 3 1765239292013 411 8264737670100190428
HIT 3 1769534259309 412 5892421794994257551
HIT 3 1773829226605 413 10661164193060505761
HIT 3 1778124193901 414 1485464666553978737
HIT 3 1782419161197 415 10429573213606577188
HIT 3 1786714128493 416 3648045745074987048
HIT 3 1791009095789 417 2556378534728042750
HIT 3 1795304063085 418 5821369663702236318
HIT 3 1799599030381 419 12912926179398283469
HIT 3 1803893997677 420 13173602466383295216
HIT 3 1808188964973 421 1972109336461721081
HIT 3 1812483932269 422 15680747370387999697
HIT 3 1816778899565 423 13691181640481652404
HIT 3 1821073866861 424 7732165516838678189
HIT 3 1825368834157 425 13110319698116714958
HIT 3 1829663801453 426 308689931100435642
HIT 3 1833958768749 427 2091810588773137380
HIT 3 1838253736045 428 18019612137199350957
HIT 3 1842548703341 429 12907633809110824485
HIT 3 1846843670637 430 15509737504308096806
HIT 3 1851138637933 431 7322733244977934017
HIT 3 1855433605229 432 4738193278391496743
HIT 3 1859728572525 433 9553872662459243460
HIT 3 1864023539821 434 12753650562452251509
HIT 3 1868318507117 435 901964144937238326
HIT 3 1872613474413 436 7778604088316510964
HIT 3 1876908441709 437 1477454664578991769
HIT 3 1881203409005 438 15251095424332637530
HIT 3 1885498376301 439 528626789069871547
HIT 3 1889793343597 440 5264756682539528081
HIT 3 1894088310893 441 10861576126422733502
HIT 3 1898383278189 442 9879937788984287100
HIT 3 1902678245485 443 6909331543593823494
HIT 3 1906973212781 444 15079114763565011653
HIT 3 1911268180077 445 960453608744473384
HIT 3 1915563147373 446 9594905180581077499
HIT 3 1919858114669 447 8046989943418804841
HIT 3 1924153081965 448 13767906636863803987
HIT 3 1928448049261 449 15757575932361658796
HIT 3 1932743016557 450 10225041797934993834
HIT 3 1937037983853 451 930991245533723040
HIT 3 1941332951149 452 7268333515491710084
HIT 3 1945627918445 453 7121304735853484622
HIT 3 1949922885741 454 12737572373520629023
HIT 3 1954217853037 455 13115689966222785857
HIT 3 1958512820333 456 1885416237063104700
HIT 3 1962807787629 457 8367128125426689809
HIT 3 1967102754925 458 17240124405641924138
HIT 3 1971397722221 459 9295171856003367495
HIT 3 1975692689517 460 3913310090255276918
HIT 3 1979987656813 461 5261379396354030903
HIT 3 1984282624109 462 15999536246000896206
HIT 3 1988577591405 463 15441640915467744733
HIT 3 1992872558701 464 18410134984932467631
HIT 3 1997167525997 465 17265854037848833068
HIT 3 2001462493293 466 14149236987849164006
HIT 3 2005757460589 467 7497891864344526968
HIT 3 2010052427885 468 10146915680294572683
HIT 3 2014347395181 469 1065135450875439690
HIT 3 2018642362477 470 7735275107736329745
HIT 3 2022937329773 471 7553882074685276328
HIT 3 2027232297069 472 6386596326393359124
HIT 3 2031527264365 473 2225275766565320680
HIT 3 2035822231661 474 3799611111628221453
HIT 3 2040117198957 475 769389773125733998
HIT 3 2044412166253 476 11296200869119521413
HIT 3 2048707133549 477 16247934751427377972
HIT 3 2053002100845 478 5541896468853350775
HIT 3 2057297068141 479 8639343811944083889
HIT 3 2061592035437 480 8857596980166240305
HIT 3 2065887002733 481 2647595745707017027
HIT 3 2070181970029 482 4971243017757050382
HIT 3 2074476937325 483 4390367162172761726
HIT 3 2078771904621 484 11263634891501286095
HIT 3 2083066871917 485 3180467129446330204
HIT 3 2087361839213 486 888396147728883500
HIT 3 2091656806509 487 15904372478904689211
HIT 3 2095951773805 488 11591618123619686881
HIT 3 2100246741101 489 15126535104386239321
HIT 3 2104541708397 490 8431098225512757299
HIT 3 2108836675693 491 12176152793935387228
HIT 3 2113131642989 492 17170827201243772961
HIT 3 2117426610285 493 10829811940095160846
HIT 3 2121721577581 494 17881678709564366382
HIT 3 2126016544877 495 5385448279186809270
HIT 3 2130311512173 496 15602709307414252893
HIT 3 2134606479469 497 2071971283818617643
HIT 3 2138901446765 498 13753391549702232224
HIT 3 2143196414061 499 15035864912837313159
HIT 3 2147491381357 500 4554915098008982817
HIT 3 2151786348653 501 17404580498597794015
HIT 3 2156081315949 502 7230865716699883946
HIT 3 2160376283245 503 2739137102961701394
HIT 3 2164671250541 504 5061413044759472823
HIT 3 2168966217837 505 5951819390563216734
HIT 3 2173261185133 506 15352794485939493748
HIT 3 2177556152429 507 15770002145853899508
HIT 3 2181851119725 508 12462537183430376580
HIT 3 2186146087021 509 17055572529591739537
HIT 3 2190441054317 510 7150636943632703757
HIT 3 2194736021613 511 17270184825795748710
HIT 3 515403874413 120 14759371706743653340
HIT 3 519698841709 121 11385132042389130230
HIT 3 523993809005 122 14866755681289166336
HIT 3 704382435437 164 14635710734274321004
HIT 3 712972370029 166 475587986932037823
HIT 3 717267337325 167 12923356092444320041
HIT 3 721562304621 168 1605561157965270184
HIT 3 1808189030509 421 3142322700172862077
HIT 3 1812483997805 422 6509652682482502882
HIT 3 1816778965101 423 16589847232208206435
HIT 3 1825368899693 425 11561643925813026331
HIT 3 704382500973 164 16775924694127119505
HIT 3 712972435565 166 1250060818354539545
HIT 3 717267402861 167 2505838473391962442
HIT 3 721562370157 168 4009267994355321667
HIT 3 1808189096045 421 11375330425832377649
HIT 3 1812484063341 422 4496974380666040545
HIT 3 1816779030637 423 6805318567262593038
HIT 3 1825368965229 425 7105409370935948151
HIT 3 523993940077 122 8217159464958466351
HIT 3 712972501101 166 4092993735770481021
HIT 3 1816779096173 423 3076510495536262438
HIT 3 712972566637 166 13102052910185518290
HIT 3 1816779161709 423 13807498918168615970
HIT 3 712972632173 166 2392718140202144207
HIT 3 1816779227245 423 1867674573310076274
HIT 3 712972697709 166 9845919005602160314
HIT 3 1816779292781 423 14589840786781100441
HIT 3 712972763245 166 15545968034326328961
HIT 3 1816779358317 423 2362696876571814479
HIT 3 712972828781 166 14447333580241437705
HIT 3 1816779423853 423 15928500357751194871
HIT 3 712972894317 166 6197808790442485694
HIT 3 1816779489389 423 15408724177286590489
HIT 3 712972959853 166 14729015890642265842
HIT 3 1816779554925 423 16499470808105155244
HIT 3 712973025389 166 9633539268700344390
HIT 3 1816779620461 423 9039852770464663738
HIT 3 712973090925 166 9869725957534382439
HIT 3 1816779685997 423 15266557257843476819
HIT 3 712973156461 166 17676360979416132699
HIT 3 1816779751533 423 3305633908263011276
HIT 3 712973221997 166 2503247631003414460
HIT 3 1816779817069 423 2256583393406094630
HIT 3 712973287533 166 11205250761072073587
HIT 3 1816779882605 423 16459097558520621849
HIT 3 712973353069 166 16305189352363745816
HIT 3 1816779948141 423 11987521478280278627
HIT 3 712973418605 166 18321224261443099473
HIT 3 1816780013677 423 9600912297726904428
HIT 3 712973484141 166 4810746624630382513
HIT 3 1816780079213 423 9051795893262802454
HIT 3 712973549677 166 993095843226925444
HIT 3 1816780144749 423 13231781088753065659
HIT 3 712973615213 166 6783709874183025241
HIT 3 1816780210285 423 8379184090633673074
HIT 3 712973680749 166 7791922547228548028
HIT 3 1816780275821 423 5732321017537572002
HIT 3 712973746285 166 6474989103165410590
HIT 3 1816780341357 423 17774542453863381070
HIT 3 712973811821 166 7340728604242114511
HIT 3 1816780406893 423 5234670061069816426
HIT 3 712973877357 166 13895840768729852085
HIT 3 1816780472429 423 4133585695907757772
HIT 3 712973942893 166 13273793015172989528
HIT 3 1816780537965 423 118596058437804769
HIT 3 712974008429 166 7569462408703966611
HIT 3 1816780603501 423 4460093338742557276
HIT 3 712974073965 166 12332709514655784499
HIT 3 1816780669037 423 11836083772343704802
HIT 3 712974139501 166 16516732013306205855
HIT 3 1816780734573 423 17644289247964422743
HIT 3 712974205037 166 2737685424754522416
HIT 3 1816780800109 423 9699619763975860098
HIT 3 712974270573 166 17504288500606918965
HIT 3 1816780865645 423 9481403126989746015
HIT 3 712974336109 166 15972671657130567633
HIT 3 1816780931181 423 13983572574051346980
HIT 3 712974401645 166 13539599923608564448
HIT 3 1816780996717 423 9452978092408164355
HIT 3 712974467181 166 10991481341522833787
HIT 3 1816781062253 423 17971403591955079362
HIT 3 712974532717 166 9616173643858951489
HIT 3 1816781127789 423 1375813556101141694
HIT 3 712974598253 166 4848218727769796578
HIT 3 1816781193325 423 8858349844697624375
HIT 3 712974663789 166 3957476544675679256
HIT 3 1816781258861 423 3249800726654319885
HIT 3 712974729325 166 5234875004675994978
HIT 3 1816781324397 423 9472796013600020905
HIT 3 712974794861 166 1390753987495374670
HIT 3 1816781389933 423 1653709841610119782
HIT 3 712974860397 166 7808153238922581303
HIT 3 1816781455469 423 3327473728176401106
HIT 3 712974925933 166 17641248981407048758
HIT 3 1816781521005 423 10779540935664956480
HIT 3 712974991469 166 2631774165518158271
HIT 3 1816781586541 423 15979694874583814555
HIT 3 712975057005 166 5474795377954995432
HIT 3 1816781652077 423 3250816666452944145
HIT 3 712975122541 166 5231864998645893118
HIT 3 1816781717613 423 9007790659480191859
HIT 3 704385253485 164 5501776475534757808
HIT 3 712975188077 166 8467596834233903316
HIT 3 1816781783149 423 5807181579085871933
HIT 3 712975253613 166 5501776475534757808
HIT 3 1816781848685 423 2219059684790108086
HIT 3 712975319149 166 12548145332221481785
HIT 3 1808191979629 421 16970606177538991846
HIT 3 1812486946925 422 11550559617938246027
HIT 3 1816781914221 423 4022751675611533886
HIT 3 1825371848813 425 2242301186862081730
HIT 3 712975384685 166 1192797847083375174
HIT 3 721565319277 168 12548145332221481785
HIT 3 1816781979757 423 9522723243171474726
HIT 3 721565384813 168 17146284027559483243
HIT 3 725860352109 169 1662325706144677112
HIT 3 730155319405 170 18411358151911206823
HIT 3 734450286701 171 2168326681514606534
HIT 3 738745253997 172 18438646843075738796
HIT 3 743040221293 173 3849943845368939297
HIT 3 747335188589 174 6463980987475614673
HIT 3 751630155885 175 1134807550755902930
HIT 3 755925123181 176 7521399962159731401
HIT 3 760220090477 177 15318902245240856916
HIT 3 764515057773 178 2221072006492006768
HIT 3 768810025069 179 8529246090219572871
HIT 3 773104992365 180 6002142877033621678
HIT 3 777399959661 181 5774369154602503904
HIT 3 781694926957 182 832340719133041065
HIT 3 785989894253 183 253287141012600533
HIT 3 790284861549 184 6762524307460585931
HIT 3 794579828845 185 16128922534793810572
HIT 3 798874796141 186 13663372996702751695
HIT 3 803169763437 187 17001237082806878542
HIT 3 807464730733 188 10682211833213282993
HIT 3 811759698029 189 6716929573768610927
HIT 3 816054665325 190 13509478824264399316
HIT 3 820349632621 191 18226564497089167326
HIT 3 824644599917 192 13612938432967920874
HIT 3 828939567213 193 12230009027707245263
HIT 3 833234534509 194 6582477474803901189
HIT 3 837529501805 195 8448339724755022920
HIT 3 841824469101 196 14767504140569076673
HIT 3 846119436397 197 3417296189492932230
HIT 3 850414403693 198 5669628644895462130
HIT 3 854709370989 199 16246388635168453382
HIT 3 859004338285 200 4508334445005015975
HIT 3 863299305581 201 15573670608718035691
HIT 3 867594272877 202 15402337262902611620
HIT 3 871889240173 203 10369489010322464058
HIT 3 876184207469 204 4026257908813454221
HIT 3 880479174765 205 4450946442053379723
HIT 3 884774142061 206 15736424270470423780
HIT 3 889069109357 207 3717997034164202527
HIT 3 893364076653 208 8159886299130529991
HIT 3 897659043949 209 1138550764783372043
HIT 3 901954011245 210 5048484299741982185
HIT 3 906248978541 211 2318310537009490638
HIT 3 910543945837 212 4839341470232562252
HIT 3 914838913133 213 13208452390405348607
HIT 3 919133880429 214 12798599588616104734
HIT 3 923428847725 215 1650955069773254700
HIT 3 927723815021 216 2238950392775345489
HIT 3 932018782317 217 8267677236916802847
HIT 3 936313749613 218 7280873813277577910
HIT 3 940608716909 219 9600878246502043483
HIT 3 944903684205 220 17083817584574854203
HIT 3 949198651501 221 50551463656760669
HIT 3 953493618797 222 6768849743859698740
HIT 3 957788586093 223 17622402571890822657
HIT 3 962083553389 224 8759549149808927887
HIT 3 966378520685 225 8451847332862709636
HIT 3 970673487981 226 18244710199293388971
HIT 3 974968455277 227 9864014791681484078
HIT 3 979263422573 228 15057169297462233581
HIT 3 983558389869 229 9519103417345580911
HIT 3 987853357165 230 14742415530165088428
HIT 3 992148324461 231 4196214530410025471
HIT 3 996443291757 232 6355534461823196965
HIT 3 1000738259053 233 13274323724207355817
HIT 3 1005033226349 234 9029152126367986867
HIT 3 1009328193645 235 9179258206979963737
HIT 3 1013623160941 236 16144558426324438887
HIT 3 1017918128237 237 11459456586551022671
HIT 3 1022213095533 238 11597497278828326765
HIT 3 1026508062829 239 18352098573331309214
HIT 3 1030803030125 240 5545384198043764894
HIT 3 1035097997421 241 14957463200383334593
HIT 3 1039392964717 242 12400767123705281668
HIT 3 1043687932013 243 5489422533061385093
HIT 3 1047982899309 244 8541311662846267902
HIT 3 1052277866605 245 9651141276553600413
HIT 3 1056572833901 246 14137112972155463461
HIT 3 1060867801197 247 4646842035455104457
HIT 3 1065162768493 248 7135790264129895653
HIT 3 1069457735789 249 15891497709179601877
HIT 3 1073752703085 250 765870337447036170
HIT 3 1078047670381 251 15884053142334649071
HIT 3 1082342637677 252 13607369732493297478
HIT 3 1086637604973 253 13713832049278525251
HIT 3 1090932572269 254 10029041289306706902
HIT 3 1095227539565 255 1951602339288037450
HIT 3 1099522506861 256 17661877520349338405
HIT 3 1103817474157 257 10165124260088624910
HIT 3 1108112441453 258 5361624615520663844
HIT 3 1112407408749 259 16025940829305652781
HIT 3 1116702376045 260 17203334903394628034
HIT 3 1120997343341 261 7249088531229806937
HIT 3 1125292310637 262 4329660830237646949
HIT 3 1129587277933 263 9931219483667205626
HIT 3 1133882245229 264 12205452644997147204
HIT 3 1138177212525 265 8370735860608634606
HIT 3 1142472179821 266 16955127411724588600
HIT 3 1146767147117 267 15946770554303125466
HIT 3 1151062114413 268 857833910264949388
HIT 3 1155357081709 269 17390843097902327044
HIT 3 1159652049005 270 7710067077352984083
HIT 3 1163947016301 271 9758956800453919439
HIT 3 1168241983597 272 3276169849236274954
HIT 3 1172536950893 273 7425752400437380779
HIT 3 1176831918189 274 13764833739787270237
HIT 3 1181126885485 275 15402613450756371154
HIT 3 1185421852781 276 2315747372117690469
HIT 3 1189716820077 277 11460174522835390285
HIT 3 1194011787373 278 13637439960438805332
HIT 3 1198306754669 279 8501739689361627408
HIT 3 1202601721965 280 2091450785846313404
HIT 3 1206896689261 281 3630668515757321063
HIT 3 1211191656557 282 6902818398739785874
HIT 3 1215486623853 283 11553756016591021521
HIT 3 1219781591149 284 1966225822062437544
HIT 3 1224076558445 285 459476576581412995
HIT 3 1228371525741 286 15668831362651025778
HIT 3 1232666493037 287 3751042194848672546
HIT 3 1236961460333 288 15577456678691670485
HIT 3 1241256427629 289 2670579815312374362
HIT 3 1245551394925 290 5516367446581308355
HIT 3 1249846362221 291 2362166943966795398
HIT 3 1254141329517 292 2177645142666121640
HIT 3 1258436296813 293 16847525285524635207
HIT 3 1262731264109 294 2100604243213704134
HIT 3 1267026231405 295 14431009381252292180
HIT 3 1271321198701 296 6324248697030748707
HIT 3 1275616165997 297 3780426199086102884
HIT 3 1279911133293 298 12447154748696697525
HIT 3 1284206100589 299 6518617658916119283
HIT 3 1288501067885 300 15837469972968895193
HIT 3 1292796035181 301 4344292019156579735
HIT 3 1297091002477 302 14628773977345430409
HIT 3 1301385969773 303 3473688734663940285
HIT 3 1305680937069 304 15553775372330676082
HIT 3 1309975904365 305 9420948798221359563
HIT 3 1314270871661 306 10949954888483837370
HIT 3 1318565838957 307 11819973272535327960
HIT 3 1322860806253 308 3215047084031593939
HIT 3 1327155773549 309 17737552368526233987
HIT 3 1331450740845 310 9152884245265911431
HIT 3 1335745708141 311 5695870226759281741
HIT 3 1340040675437 312 10683576064697578989
HIT 3 1344335642733 313 16677457315823008528
HIT 3 1348630610029 314 288926116393600352
HIT 3 1352925577325 315 4910531567320037986
HIT 3 1357220544621 316 6820750275692940157
HIT 3 1361515511917 317 16483688776077185403
HIT 3 1365810479213 318 1722354004508890472
HIT 3 1370105446509 319 5589434012524177269
HIT 3 1374400413805 320 11328956454309863548
HIT 3 1378695381101 321 14387207425198479609
HIT 3 1382990348397 322 14958842257116425757
HIT 3 1387285315693 323 11375274648813917297
HIT 3 1391580282989 324 3896404681683942641
HIT 3 1395875250285 325 4766519166677949089
HIT 3 1400170217581 326 15965084438963968719
HIT 3 1404465184877 327 3992255476742306303
HIT 3 1408760152173 328 8789103919435713969
HIT 3 1413055119469 329 18128502833118815643
HIT 3 1417350086765 330 9724673061609855816
HIT 3 1421645054061 331 17228839082631147521
HIT 3 1425940021357 332 7848445555179013043
HIT 3 1430234988653 333 17759119218130411345
HIT 3 1434529955949 334 5571287223722958144
HIT 3 1438824923245 335 9479673600620867726
HIT 3 1443119890541 336 17427597689422749701
HIT 3 1447414857837 337 3852479689215503837
HIT 3 1451709825133 338 4107549041277014612
HIT 3 1456004792429 339 12430791469714572261
HIT 3 1460299759725 340 9925510704465527780
HIT 3 1464594727021 341 15644837615851708113
HIT 3 1468889694317 342 17255301142728106090
HIT 3 1473184661613 343 9165245823845070835
HIT 3 1477479628909 344 15113689164860266308
HIT 3 1481774596205 345 7596958361885406786
HIT 3 1486069563501 346 11124281828345764781
HIT 3 1490364530797 347 7773543559290992344
HIT 3 1494659498093 348 2479161954572886633
HIT 3 1498954465389 349 5216242843851020885
HIT 3 1503249432685 350 1298626136711516869
HIT 3 1507544399981 351 18029048051358514843
HIT 3 1511839367277 352 10682340397106588125
HIT 3 1516134334573 353 10175503152132722083
HIT 3 1520429301869 354 9775401739046497202
HIT 3 1524724269165 355 8491120603755481346
HIT 3 1529019236461 356 5145053699157251819
HIT 3 1533314203757 357 16603279596455841236
HIT 3 1537609171053 358 3684929980701502597
HIT 3 1541904138349 359 6356482041023301309
HIT 3 1546199105645 360 14152094710077584404
HIT 3 1550494072941 361 2155763867019988248
HIT 3 1554789040237 362 11570318113815490019
HIT 3 1559084007533 363 7418003035045700419
HIT 3 1563378974829 364 17598893726910000114
HIT 3 1567673942125 365 1807224895637707471
HIT 3 1571968909421 366 12045606643188499084
HIT 3 1576263876717 367 902456796110908148
HIT 3 1580558844013 368 17288595991068788511
HIT 3 1584853811309 369 16539241764689696158
HIT 3 1589148778605 370 12047524998560006217
HIT 3 1593443745901 371 13345612294889279435
HIT 3 1597738713197 372 4930012403025792457
HIT 3 1602033680493 373 18341797545748477252
HIT 3 1606328647789 374 17794254320142697141
HIT 3 1610623615085 375 1535327910693234077
HIT 3 1614918582381 376 1544804013431573252
HIT 3 1619213549677 377 1085527308132635661
HIT 3 1623508516973 378 17310395520380799118
HIT 3 1627803484269 379 10036977383628374242
HIT 3 1632098451565 380 4085898063094713299
HIT 3 1636393418861 381 2178167569842826475
HIT 3 1640688386157 382 3068126326649936215
HIT 3 1644983353453 383 8051927990318877211
HIT 3 1649278320749 384 12660859301961898709
HIT 3 1653573288045 385 15039876019498943975
HIT 3 1657868255341 386 288612512441788536
HIT 3 1662163222637 387 10159195906718024421
HIT 3 1666458189933 388 6004597366237414848
HIT 3 1670753157229 389 11394246082814835227
HIT 3 1675048124525 390 17681073019061420903
HIT 3 1679343091821 391 6628523141889272952
HIT 3 1683638059117 392 9571207637003217302
HIT 3 1687933026413 393 9215769941059133508
HIT 3 1692227993709 394 6476960106045644816
HIT 3 1696522961005 395 13902062372351238569
HIT 3 1700817928301 396 5274379124338283963
HIT 3 1705112895597 397 6764371760212408389
HIT 3 1709407862893 398 1981576358788077558
HIT 3 1713702830189 399 18075979656126705736
HIT 3 1717997797485 400 1032982765435410783
HIT 3 1722292764781 401 2587630427991509245
HIT 3 1726587732077 402 14455929220121202083
HIT 3 1730882699373 403 440932731917741604
HIT 3 1735177666669 404 4029203796704911609
HIT 3 1739472633965 405 10620347321804929224
HIT 3 1743767601261 406 17977281380107514792
HIT 3 1748062568557 407 3605685120466798517
HIT 3 1752357535853 408 13186592349544792781
HIT 3 1756652503149 409 2381604120681264448
HIT 3 1760947470445 410 18237615626894096746
HIT 3 1765242437741 411 3402610598702591743
HIT 3 1769537405037 412 17241845711749036636
HIT 3 1773832372333 413 1702143814000360804
HIT 3 1778127339629 414 604764870625325181
HIT 3 1782422306925 415 4059531227619762456
HIT 3 1786717274221 416 13627149359582377072
HIT 3 1791012241517 417 335708640945148203
HIT 3 1795307208813 418 1130461761305323717
HIT 3 1799602176109 419 4723642473171588417
HIT 3 1803897143405 420 14955062587827983620
HIT 3 1808192110701 421 4282215248377752583
HIT 3 1812487077997 422 2431573365431909630
HIT 3 1816782045293 423 15700617469089273612
HIT 3 1821077012589 424 15174904716834104755
HIT 3 1825371979885 425 1375493867970263719
HIT 3 1829666947181 426 16953687023258553549
HIT 3 1833961914477 427 15460773152338250522
HIT 3 1838256881773 428 18217855241172598635
HIT 3 1842551849069 429 844188377669331442
HIT 3 1846846816365 430 1771682277600660863
HIT 3 1851141783661 431 12928314862464838149
HIT 3 1855436750957 432 2476622572069879973
HIT 3 1859731718253 433 3035930712452670337
HIT 3 1864026685549 434 15503050952985807070
HIT 3 1868321652845 435 7318093067901383599
HIT 3 1872616620141 436 6578752292478582131
HIT 3 1876911587437 437 424497973192058460
HIT 3 1881206554733 438 13460704570048671751
HIT 3 1885501522029 439 2203451173941244359
HIT 3 1889796489325 440 10023023500084440273
HIT 3 1894091456621 441 487120666537207408
HIT 3 1898386423917 442 8342921448776282977
HIT 3 1902681391213 443 1840044687665989537
HIT 3 1906976358509 444 2268013523777385917
HIT 3 1911271325805 445 9249916372390020569
HIT 3 1915566293101 446 8707366112543804416
HIT 3 1919861260397 447 6757792865042814565
HIT 3 1924156227693 448 15603257163064624959
HIT 3 1928451194989 449 15871575134014613887
HIT 3 1932746162285 450 17865431536896718584
HIT 3 1937041129581 451 4544336845909370821
HIT 3 1941336096877 452 15709460409851181806
HIT 3 1945631064173 453 16353638890622787462
HIT 3 1949926031469 454 8215242218548884854
HIT 3 1954220998765 455 18159307343415935873
HIT 3 1958515966061 456 6130923222326306807
HIT 3 1962810933357 457 1703890137255996979
HIT 3 1967105900653 458 104549991335671446
HIT 3 1971400867949 459 13171243622399765666
HIT 3 1975695835245 460 1077172570282548482
HIT 3 1979990802541 461 16595759694047872164
HIT 3 1984285769837 462 18294679308335310570
HIT 3 1988580737133 463 1537984594943925057
HIT 3 1992875704429 464 6946215224115187668
HIT 3 1997170671725 465 15554248427717655310
HIT 3 2001465639021 466 1772202587519659851
HIT 3 2005760606317 467 15781927053574583831
HIT 3 2010055573613 468 2505590343780255756
HIT 3 2014350540909 469 3313605235124726420
HIT 3 2018645508205 470 8437788107213451438
HIT 3 2022940475501 471 122608535872556201
HIT 3 2027235442797 472 10332924873614028356
HIT 3 2031530410093 473 5005308141404832798
HIT 3 2035825377389 474 11096868730321701487
HIT 3 2040120344685 475 4809797156979501174
HIT 3 2044415311981 476 16977404211607217107
HIT 3 2048710279277 477 1216150138658286569
HIT 3 2053005246573 478 5934592261257105002
HIT 3 2057300213869 479 8006591812614336787
HIT 3 2061595181165 480 760753697042100477
HIT 3 2065890148461 481 10677661130847071256
HIT 3 2070185115757 482 884307974365058262
HIT 3 2074480083053 483 892017415496220018
HIT 3 2078775050349 484 4747294457313462764
HIT 3 2083070017645 485 5155241851753093789
HIT 3 2087364984941 486 13085790195428529615
HIT 3 2091659952237 487 14374295953456320258
HIT 3 2095954919533 488 17979261333254733930
HIT 3 2100249886829 489 9898156371821757373
HIT 3 2104544854125 490 7218579050480566265
HIT 3 2108839821421 491 15787300532478675024
HIT 3 2113134788717 492 263379947867120411
HIT 3 2117429756013 493 2263020666890742225
HIT 3 2121724723309 494 17851155293510582286
HIT 3 2126019690605 495 12056814958093288185
HIT 3 2130314657901 496 9475633718351328703
HIT 3 2134609625197 497 2933819176767576245
HIT 3 2138904592493 498 11745013774150965721
HIT 3 2143199559789 499 927758655162218385
HIT 3 2147494527085 500 4527827785345713174
HIT 3 2151789494381 501 8721499081842038683
HIT 3 2156084461677 502 16981603384038887112
HIT 3 2160379428973 503 9700311818958826412
HIT 3 2164674396269 504 10583820051300404213
HIT 3 2168969363565 505 11653009802964103204
HIT 3 2173264330861 506 10271445573699117111
HIT 3 2177559298157 507 14019330282515466054
HIT 3 2181854265453 508 766699343715955379
HIT 3 2186149232749 509 16945288078631044607
HIT 3 2190444200045 510 11611159020434227625
HIT 3 2194739167341 511 7126631910898942381
HIT 3 721565450349 168 5924163289582765380
HIT 3 725860417645 169 2168326681514606534
HIT 3 730155384941 170 17146284027559483243
HIT 3 1808192176237 421 14285133080140445684
HIT 3 1812487143533 422 13275713973293548762
HIT 3 1816782110829 423 2387845252865970041
HIT 3 1825372045421 425 9744746908595424304
HIT 3 1808192241773 421 17622075255272591026
HIT 3 1812487209069 422 2477681328946670471
HIT 3 1816782176365 423 6848565491176303043
HIT 3 1825372110957 425 11009284215437938474
HIT 3 730155516013 170 7154661727046032597
HIT 3 1816782241901 423 11876509448852573586
HIT 3 1816782307437 423 13511100356926471894
HIT 3 1816782372973 423 10378970254284179767
HIT 3 1816782438509 423 11613668996862850901
HIT 3 1816782504045 423 4046773959852218937
HIT 3 1816782569581 423 3838401518313164496
HIT 3 1816782635117 423 2026464134575445024
HIT 3 1816782700653 423 16184312598300631248
HIT 3 1816782766189 423 17524637264731431165
HIT 3 1816782831725 423 3791007496721195885
HIT 3 1816782897261 423 14258614259868395340
HIT 3 1816782962797 423 16389915753021147655
HIT 3 1816783028333 423 8090985807846992265
HIT 3 1816783093869 423 12479248097019292703
HIT 3 1816783159405 423 12576987064641487751
HIT 3 1816783224941 423 5222786006471568536
HIT 3 1816783290477 423 16396125471921800673
HIT 3 1816783356013 423 956225366641952461
HIT 3 1816783421549 423 6201335022404177322
HIT 3 1816783487085 423 12396906938673033667
HIT 3 1816783552621 423 17350434761992552010
HIT 3 1816783618157 423 5474918655931550244
HIT 3 1816783683693 423 14126932804697738925
HIT 3 1816783749229 423 16063113507301849517
HIT 3 1816783814765 423 18107945593659174159
HIT 3 1816783880301 423 14581108529698681617
HIT 3 1825388757099 425 16009061272905460749
HIT 3 1816783945837 423 8828503296696967233
HIT 3 1816784011373 423 12281584770337707706
HIT 3 1816784076909 423 14619550483712813787
HIT 3 1816784142445 423 17495640876535280841
HIT 3 1816784207981 423 16165630699461423093
HIT 3 1816784273517 423 6735554935664744692
HIT 3 1816784339053 423 8250142323425917024
HIT 3 1816784404589 423 1790504620321311519
HIT 3 1816784470125 423 2439888134735435587
HIT 3 1816784535661 423 16736256153452800112
HIT 3 1816784601197 423 17423516083528136108
HIT 3 1816784666733 423 8609076741614476560
HIT 3 1816784732269 423 13723524496384271908
HIT 3 1816784797805 423 18242653224532778790
HIT 3 1816784863341 423 15265397209061465664
HIT 3 1816784928877 423 5311301571397887211
HIT 3 1816784994413 423 12566375200262136345
HIT 3 1816785059949 423 10188996111767473793
HIT 3 1816785125485 423 5531276428784876478
HIT 3 1816785191021 423 18211041593114806728
HIT 3 506813546606 118 11100751815997926221
HIT 3 712971976814 166 12647374218538973081
HIT 3 1816785256557 423 5334063595169720217
HIT 3 1816778571886 423 16987306221194477873
HIT 3 1816785322093 423 5769961778569783605
HIT 3 712972304494 166 4114005614019414148
HIT 3 1816785387629 423 2742860859753743160
HIT 3 1816778899566 423 17959112173602230862
HIT 3 1816785453165 423 13695765040181814830
HIT 3 1816785518701 423 3790723280164115180
HIT 3 1816785584237 423 3357550580225740555
HIT 3 1816785649773 423 667941768169458720
HIT 3 1816785715309 423 2059494024207191484
HIT 3 1816785780845 423 3680180533554389875
HIT 3 1816785846381 423 8007626606642726187
HIT 3 1816785911917 423 1593711950641552457
HIT 3 1816785977453 423 4229776951652200971
HIT 3 1816786042989 423 8260508517551494470
HIT 3 1825388757100 425 12990896219532034178
HIT 3 712972173423 166 9428025091931334592
HIT 3 1816778768495 423 15978848391405587469
HIT 3 704382369903 164 5809958354999444070
HIT 3 712972304495 166 15544203870035899359
HIT 3 717267271791 167 16198265954910088458
HIT 3 721562239087 168 4723011226053474607
HIT 3 1808188964975 421 13142816961421766337
HIT 3 1812483932271 422 14852781906646534777
HIT 3 1816778899567 423 11790915209179891044
HIT 3 1825368834159 425 12208588775672346307
HIT 3 515403874415 120 11100751815997926221
HIT 3 712972370031 166 14080202594911059438
HIT 3 1816778965103 423 4994705661839908510
HIT 3 712972435567 166 1171719358897200150
HIT 3 1816779030639 423 11858359686433002672
HIT 3 1816786108525 423 2923086399570371444
HIT 3 1816786174061 423 5626382270255059373
HIT 3 1816786239597 423 13396590618975446976
HIT 3 1816786305133 423 13659449643808285297
HIT 3 1816786370669 423 3859262473634501548
HIT 3 1816786436205 423 3066381860584665634
HIT 3 1816786501741 423 12047258613432967806
HIT 3 1816786567277 423 12500106357661792286
HIT 3 1816786632813 423 4368582162581883171
HIT 3 1816786698349 423 5241564518695271111
HIT 3 1816786763885 423 2684462438897665753
HIT 3 1816786829421 423 5329343378741126243
HIT 3 1816786894957 423 15651998702942731606
HIT 3 1816786960493 423 1974150358473914744
HIT 3 1816787026029 423 4997835590772566393
HIT 3 1816787091565 423 5926625142819026515
HIT 3 1816787157101 423 7703876211887065528
HIT 3 712972304496 166 4907484399810322543
HIT 3 1816778899568 423 3761618169007763190
HIT 3 1816787222637 423 16400633838436025183
HIT 3 1816787288173 423 15713750235095842721
HIT 3 1816787353709 423 12410544278066676497
HIT 3 1816787419245 423 7735389772344480135
HIT 3 1816787484781 423 13294107412086050803
HIT 3 1816787550317 423 4397197991687053876
HIT 3 1816787615853 423 935978198100347842
HIT 3 1816787681389 423 7931763791199886090
HIT 3 1816787746925 423 237711741205729225
HIT 3 1816787812461 423 10998988126353358767
HIT 3 1816787877997 423 3329577258673334313
HIT 3 1816787943533 423 10768403001099245308
HIT 3 1816788009069 423 16761493006213344073
HIT 3 1816788074605 423 6996369453634041702
HIT 3 1816788140141 423 18097409172367904345
HIT 3 1816788205677 423 13031195403101768125
HIT 3 1816788271213 423 9677370460007863961
HIT 3 1816788336749 423 12955430342853061709
HIT 3 1816788402285 423 10727088476213232219
HIT 3 1816788467821 423 11765553381761079890
HIT 3 1816788533357 423 13628576838219525274
HIT 3 1816788598893 423 16101106586750648969
HIT 3 1816788664429 423 3491481266108418066
HIT 3 1816788729965 423 10041592589819849051
HIT 3 1816788795501 423 17829574867649704140
HIT 3 1816788861037 423 2763499509122498300
HIT 3 1816788926573 423 4032581808034267165
HIT 3 1816788992109 423 4186703338444285610
HIT 3 1816789057645 423 3043389606462828962
HIT 3 1816789123181 423 2101590304312394114
HIT 3 1816789188717 423 870163208286153907
HIT 3 1816789254253 423 16600326371040722822
HIT 3 1816789319789 423 9317728343909539962
HIT 3 1816789385325 423 9243724936155441903
HIT 3 1816789450861 423 3944311971202361925
HIT 3 1816789516397 423 11914974274735175659
HIT 3 1816789581933 423 4570636084204706649
HIT 3 1816781914223 423 12756803111774062331
HIT 3 1816789647469 423 1382890207093458771
HIT 3 1816789713005 423 15067124992157953036
HIT 3 1816782045294 423 17424730354174310249
HIT 3 1816789778541 423 233043830708187726
HIT 3 1816789844077 423 10241885895049383209
HIT 3 1816789909613 423 17671897949503275101
HIT 3 1816789975149 423 14464285531204229036
HIT 3 1816790040685 423 15943187232679347410
HIT 3 1816790106221 423 16444220704679021433
HIT 3 1816790171757 423 10662946085471807007
HIT 3 1816790237293 423 14571317719739955397
HIT 3 1816790302829 423 8476645952893551
HIT 3 1816790368365 423 12111372904257084684
HIT 3 1816790433901 423 8913376144164069247
HIT 3 1816790499437 423 3983595125137847145
HIT 3 1816790564973 423 15111135468200383962
HIT 3 1816790630509 423 11394855967816267112
HIT 3 1816790696045 423 12888030990740598875
HIT 3 1816790761581 423 3330455102923552537
HIT 3 1816790827117 423 16591800616398930232
HIT 3 1816790892653 423 11696147511599939625
HIT 3 1816790958189 423 3209925769426622871
HIT 3 1816782045296 423 9368008445418312434
HIT 3 1808192110703 421 17727108067389414731
HIT 3 1812487077999 422 17925757497927740846
HIT 3 1816782045295 423 4478652824485813828
HIT 3 1825371979887 425 4532360165815694712
HIT 3 721565450351 168 12647374218538973081
HIT 3 1816782110831 423 10356276063786428082
HIT 3 1816782176367 423 10549153924133884103
HIT 3 1816791023725 423 8835463588629543276
HIT 3 1816791089261 423 11839003045394513830
HIT 3 1816791154797 423 12851626156883618917
HIT 3 1816791220333 423 14409004408337459542
HIT 3 1816791285869 423 3464897468573870309
HIT 3 1816791351405 423 1126684573373577577
HIT 3 1816791416941 423 16121954587704604021
HIT 3 1816791482477 423 11812259609660350758
HIT 3 1816791548013 423 9849590365280527120
HIT 3 1816791613549 423 14795979449618114701
HIT 3 1816791679085 423 11050315336207018246
HIT 3 1816791744621 423 11249459355322444505
HIT 3 1816791810157 423 7897104843849364011
HIT 3 1816791875693 423 8258607556919414188
HIT 3 1816791941229 423 6304774218632835204
HIT 3 1816792006765 423 16088053862643621105
HIT 3 1816792072301 423 15363824322565346638
HIT 3 1816792137837 423 13668740247082336221
HIT 3 1816792203373 423 11393107839090493639
HIT 3 1816792268909 423 6638791380558682437
HIT 3 1816792334445 423 5422882288806168928
HIT 3 1816792399981 423 8552056752429740963
HIT 3 1816792465517 423 5972354875673376442
HIT 3 1816792531053 423 9467742624149744969
HIT 3 1816792596589 423 4779203565951410078
HIT 3 1816792662125 423 16797580181690738134
HIT 3 1816792727661 423 16772471746742676544
HIT 3 1816792793197 423 7090899586803542305
HIT 3 1816792858733 423 10464424777845044364
HIT 3 1816792924269 423 16111676707928886277
HIT 3 1816792989805 423 11008659274750623903
HIT 3 1816793055341 423 11904042456015425791
HIT 3 1816793120877 423 16666269716437715002
HIT 3 1816793186413 423 17370415867054192025
HIT 3 1816793251949 423 17505799341289993565
HIT 3 1816793317485 423 3140474121093180077
HIT 3 1816793383021 423 7610617827874205368
HIT 3 1816793448557 423 2064698782727634825
HIT 3 1816793514093 423 2721777863371193598
HIT 3 1816793579629 423 3575970981140476128
HIT 3 1816793645165 423 5159959205226852992
HIT 3 1816793710701 423 10205589123785053466
HIT 3 1816793776237 423 15798934778241349537
HIT 3 1816793841773 423 8021581988797100095
HIT 3 1816793907309 423 446055744564304861
HIT 3 1816793972845 423 5185135426402026835
HIT 3 1816794038381 423 12344669441505721560
HIT 3 1816794103917 423 12060347287761002987
HIT 3 1816794169453 423 3809745958161198835
HIT 3 1816794234989 423 7123118519156821277
HIT 3 1816794300525 423 2483761177240248306
HIT 3 1816794366061 423 3460167746536886230
HIT 3 1816794431597 423 7629101084357080258
HIT 3 1816794497133 423 17039838165943476694
HIT 3 1816794562669 423 10154075316590005573
HIT 3 1816794628205 423 9019613002573020160
HIT 3 1816794693741 423 3418513677463637315
HIT 3 1816794759277 423 10482950982604467475
HIT 3 1816794824813 423 5002016740281512114
HIT 3 1816794890349 423 9514054595205949187
HIT 3 1816794955885 423 6151627851983331307
HIT 3 1816795021421 423 6066339812188725406
HIT 3 1816795086957 423 9384941917664322579
HIT 3 1816795152493 423 2210705505728313533
HIT 3 1816795218029 423 9404999379007448928
HIT 3 1816795283565 423 10736521965239000886
HIT 3 1816795349101 423 2312748146568856747
HIT 3 1816795414637 423 7893267142632266863
HIT 3 1816795480173 423 10891601423454095415
HIT 3 1816795545709 423 6997826793946781242
HIT 3 1816795611245 423 9232720613963538074
HIT 3 1816795676781 423 17578521038586811979
HIT 3 1816795742317 423 16452476910874333660
HIT 3 1816795807853 423 13580858073787483221
HIT 3 1816795873389 423 15206840525136267139
HIT 3 1816795938925 423 6383333344363254010
HIT 3 1816796004461 423 8489931578886556049
HIT 3 1816796069997 423 114342859411445691
HIT 3 1816796135533 423 3095601921054286372
HIT 3 1816796201069 423 13305219311872850292
HIT 3 1816796266605 423 5537772637553000191
HIT 3 1816796332141 423 18143230742890789767
HIT 3 1816796397677 423 3193046045216217262
HIT 3 1816796463213 423 15264259964183080640
HIT 3 1816796528749 423 1427423797030971395
HIT 3 1816796594285 423 3641351383450198929
HIT 3 1816796659821 423 16973476285138723790
HIT 3 1816796725357 423 1712226289367620674
HIT 3 1816796790893 423 16177692997855857003
HIT 3 1816796856429 423 5662415586864049478
HIT 3 1816796921965 423 12378935335000703733
HIT 3 1816796987501 423 4034623640549344481
HIT 3 1816797053037 423 5579610781694406875
HIT 3 1816797118573 423 3474456008758716324
HIT 3 1816797184109 423 9088906680244555467
HIT 3 1816797249645 423 2883510066892160337
HIT 3 1816797315181 423 2597451553751570549
HIT 3 1816797380717 423 11951193939066261842
HIT 3 1816797446253 423 15334357130482810102
HIT 3 1816797511789 423 16694037852447261578
HIT 3 1816797577325 423 14112253093078956565
HIT 3 1816797642861 423 458318720912091786
HIT 3 1816797708397 423 17661386248172033912
HIT 3 1816797773933 423 1966754725356022703
HIT 3 1816797839469 423 1316147198939522487
HIT 3 1816797905005 423 15614474975793549756
HIT 3 1816797970541 423 10104184301723720560
HIT 3 1816798036077 423 18015247771156885430
HIT 3 1816798101613 423 4777692686085762960
HIT 3 1816798167149 423 6311642486173209169
HIT 3 1816798232685 423 14734562667568044817
HIT 3 1816798298221 423 2881036973329746321
HIT 3 1816798363757 423 9434299531551691671
HIT 3 1816798429293 423 11429562758279785465
HIT 3 1816798494829 423 3415134689416527972
HIT 3 1816798560365 423 14956072949837884013
HIT 3 1808208691309 421 14956072949837884013
HIT 3 1816798625901 423 56734340655683086
HIT 3 1816798691437 423 4081968403694458746
HIT 3 1825388626029 425 15484745809924623038
HIT 3 1816798756973 423 15484745809924623038
HIT 3 1821093789805 424 4595871709972451465
HIT 3 1825388757101 425 8854953652164557701
HIT 3 1833978691693 427 7139560481403460817
HIT 3 1821093855341 424 7556100272233111800
HIT 3 1825388822637 425 7139560481403460817
HIT 3 1829683789933 426 4595871709972451465
HIT 3 1833978757229 427 10238382446959532842
HIT 3 1838273724525 428 6049917547130447038
HIT 3 1842568691821 429 5801346675763183591
HIT 3 1846863659117 430 4378346545594659961
HIT 3 1851158626413 431 9856716395570362617
HIT 3 1855453593709 432 17775332495363868513
HIT 3 1859748561005 433 6659219492619119192
HIT 3 1864043528301 434 15209058548292391959
HIT 3 1868338495597 435 14181591856697881393
HIT 3 1872633462893 436 17801899004551398222
HIT 3 1876928430189 437 1894264723370433008
HIT 3 1881223397485 438 5395402295975732051
HIT 3 1885518364781 439 6698463108909719795
HIT 3 1889813332077 440 7703983679844929766
HIT 3 1894108299373 441 12695972230912915622
HIT 3 1898403266669 442 11708618263777587973
HIT 3 1902698233965 443 13435054493812980671
HIT 3 1906993201261 444 13018847038415362559
HIT 3 1911288168557 445 12841402447951336125
HIT 3 1915583135853 446 9566810436642084248
HIT 3 1919878103149 447 1468586558892789213
HIT 3 1924173070445 448 4222977952836071843
HIT 3 1928468037741 449 14715536587361405214
HIT 3 1932763005037 450 6972395168471567415
HIT 3 1937057972333 451 2200694879804088736
HIT 3 1941352939629 452 8530009893887464548
HIT 3 1945647906925 453 6094672479886359466
HIT 3 1949942874221 454 332297045851341603
HIT 3 1954237841517 455 8029194869582467674
HIT 3 1958532808813 456 11925795387267510985
HIT 3 1962827776109 457 10736583766216904967
HIT 3 1967122743405 458 11896016291349248982
HIT 3 1971417710701 459 8395490184759798865
HIT 3 1975712677997 460 17312152577521936710
HIT 3 1980007645293 461 11174607332441300952
HIT 3 1984302612589 462 9851450303760351691
HIT 3 1988597579885 463 4731172857157136932
HIT 3 1992892547181 464 4392626997287735319
HIT 3 1997187514477 465 5078667254065965865
HIT 3 2001482481773 466 5506424182552723109
HIT 3 2005777449069 467 5529673633618098760
HIT 3 2010072416365 468 3015935997041447044
HIT 3 2014367383661 469 2879422911683747688
HIT 3 2018662350957 470 9648462376309399218
HIT 3 2022957318253 471 18044239048132292861
HIT 3 2027252285549 472 11127855223069489482
HIT 3 2031547252845 473 1799474939030120182
HIT 3 2035842220141 474 9788204733231663668
HIT 3 2040137187437 475 2712587007750481532
HIT 3 2044432154733 476 5467524138212818479
HIT 3 2048727122029 477 1483464919234509114
HIT 3 2053022089325 478 74588752419587428
HIT 3 2057317056621 479 11976086821672544864
HIT 3 2061612023917 480 9499574207516944355
HIT 3 2065906991213 481 9897884284986720010
HIT 3 2070201958509 482 5317126557985247619
HIT 3 2074496925805 483 14519645915084097947
HIT 3 2078791893101 484 10526694736929899400
HIT 3 2083086860397 485 9449915932017885845
HIT 3 2087381827693 486 16644856678080144824
HIT 3 2091676794989 487 12915823865853128066
HIT 3 2095971762285 488 17113777086320237376
HIT 3 2100266729581 489 14859921215559019679
HIT 3 2104561696877 490 9165012596368585124
HIT 3 2108856664173 491 2748457962665848271
HIT 3 2113151631469 492 4584327801005357161
HIT 3 2117446598765 493 4397565303918469845
HIT 3 2121741566061 494 12335234504320861791
HIT 3 2126036533357 495 3782972946751399635
HIT 3 2130331500653 496 9805830643641971672
HIT 3 2134626467949 497 3934605922894668819
HIT 3 2138921435245 498 16320251423391057268
HIT 3 2143216402541 499 8376919524382205586
HIT 3 2147511369837 500 7575235020443217378
HIT 3 2151806337133 501 15788156127040627211
HIT 3 2156101304429 502 7973583868393532130
HIT 3 2160396271725 503 9554033277017584550
HIT 3 2164691239021 504 14983632208344694706
HIT 3 2168986206317 505 16296322697299118805
HIT 3 2173281173613 506 12926446668742233036
HIT 3 2177576140909 507 500131685822842927
HIT 3 2181871108205 508 7996483105893923471
HIT 3 2186166075501 509 8277709272084484750
HIT 3 2190461042797 510 3614856973909729578
HIT 3 2194756010093 511 12355701690769573983
HIT 3 1833978822765 427 14956974798549387026
HIT 3 712972304497 166 8889293312583510797
HIT 3 1816778899569 423 6266814728328406874
HIT 3 1825388757103 425 16987306221194477873
HIT 3 712972173426 166 7658169337614999995
HIT 3 1816778768498 423 1801611196805896139
HIT 3 712972304498 166 11234544629463860555
HIT 3 1816778899570 423 10996369432640209921
HIT 3 712972304499 166 7658169337614999995
HIT 3 1816778899571 423 1801611196805896139
HIT 3 1816782045298 423 12254922522875060621
HIT 3 1816782045299 423 14807714180633889181
HIT 3 1816782045297 423 150837597603460795
HIT 3 712972304500 166 1070219820536959933
HIT 3 1816778899572 423 11831974210402148037
HIT 3 1816781914228 423 12259764673457034307
HIT 3 1808192110708 421 10818404555808731943
HIT 3 1812487078004 422 6448171800779508815
HIT 3 1816782045300 423 11195549750323507160
HIT 3 1825371979892 425 9893802282650580260
HIT 3 721565450356 168 8964701272702703416
HIT 3 1816782110836 423 8621300250693741374
HIT 3 1816782176372 423 1446666250533004863
HIT 3 712972304501 166 8964701272702703416
HIT 3 1816778899573 423 6876274254859444477
HIT 3 712972435573 166 1070219820536959933
HIT 3 1816779030645 423 11831974210402148037
HIT 3 1816782045301 423 16724654310431936872
HIT 3 712972435574 166 8659378750666193893
HIT 3 1816779030646 423 9374261765961577097
HIT 3 712972501110 166 6655847537607391772
HIT 3 1816779096182 423 2906133735528201957
HIT 3 712972566646 166 11059294005073518345
HIT 3 1816779161718 423 17120906941969277396
HIT 3 712972632182 166 8271195058761366161
HIT 3 1816779227254 423 2685816281187525586
HIT 3 712972697718 166 8392307043290117835
HIT 3 1816779292790 423 6659346347163849696
HIT 3 712972763254 166 5508652533776414970
HIT 3 1816779358326 423 17258782491813408651
HIT 3 712972828790 166 12330747264938876174
HIT 3 1816779423862 423 1037331765174858905
HIT 3 712972894326 166 6592022427380418631
HIT 3 1816779489398 423 5090239118377190670
HIT 3 712972959862 166 6651619161404375350
HIT 3 1816779554934 423 7337265691984526967
HIT 3 712973025398 166 12382297898410903940
HIT 3 1816779620470 423 15386084488745218408
HIT 3 712973090934 166 12121892837052668866
HIT 3 1816779686006 423 15626245964697887233
HIT 3 712973156470 166 9815265844644871163
HIT 3 1816779751542 423 17261013569677809952
HIT 3 712973222006 166 10901738207590048114
HIT 3 1816779817078 423 9824173941961725013
HIT 3 712973287542 166 9839294778611057475
HIT 3 1816779882614 423 11349046269969133147
HIT 3 712973353078 166 4010206689157276742
HIT 3 1816779948150 423 9324659233645365237
HIT 3 712973418614 166 9166035737992384895
HIT 3 1816780013686 423 5007924400127186716
HIT 3 712973484150 166 16922829410811916246
HIT 3 1816780079222 423 2472579578562252630
HIT 3 712973549686 166 15779825100746517678
HIT 3 1816780144758 423 13991209870396362359
HIT 3 712973615222 166 11548633326347448239
HIT 3 1816780210294 423 5991175674129879529
HIT 3 712973680758 166 5543166904117935705
HIT 3 1816780275830 423 8161129720788863708
HIT 3 712973746294 166 9564364573649949948
HIT 3 1816780341366 423 2188393876914032458
HIT 3 712973811830 166 9523679399972567833
HIT 3 1816780406902 423 131634684599390199
HIT 3 712973877366 166 5052471940226676084
HIT 3 1816780472438 423 2188149055476220754
HIT 3 712973942902 166 18407924612698339470
HIT 3 1816780537974 423 4336344695044130831
HIT 3 712974008438 166 8978034993903406350
HIT 3 1816780603510 423 423047073631797268
HIT 3 712974073974 166 17673252224949259554
HIT 3 1816780669046 423 16813550977709834067
HIT 3 712974139510 166 5599789681100244965
HIT 3 1816780734582 423 5531106013479171299
HIT 3 712974205046 166 17543669579510205086
HIT 3 1816780800118 423 12994805982241450172
HIT 3 712974270582 166 7168739829074541149
HIT 3 1816780865654 423 11283816163096049065
HIT 3 712974336118 166 12493734118542844420
HIT 3 1816780931190 423 3901874274931650143
HIT 3 712974401654 166 8585839492663408081
HIT 3 1816780996726 423 9447190658577912169
HIT 3 712974467190 166 11040326851773416581
HIT 3 1816781062262 423 14290464027085497391
HIT 3 712974532726 166 16124069091043306881
HIT 3 1816781127798 423 5039107721452255410
HIT 3 712974598262 166 13955333741149583900
HIT 3 1816781193334 423 2886504949634528425
HIT 3 712974663798 166 15764200948625987432
HIT 3 1816781258870 423 11019776645202037479
HIT 3 712974729334 166 2346240797577041918
HIT 3 1816781324406 423 3436183668166925085
HIT 3 712974794870 166 1000721781365069696
HIT 3 1816781389942 423 3683876068423220005
HIT 3 712974860406 166 9037691584687440601
HIT 3 1816781455478 423 11385431769214814930
HIT 3 712974925942 166 15659249115127975144
HIT 3 1816781521014 423 882074676150024058
HIT 3 712974991478 166 8271648523330636939
HIT 3 1816781586550 423 17137058459121156747
HIT 3 712975057014 166 13629990288040874665
HIT 3 1816781652086 423 2205402986058105030
HIT 3 712975122550 166 8327729745250938017
HIT 3 1816781717622 423 16097597954932524758
HIT 3 704385253494 164 18398834974931548551
HIT 3 712975188086 166 2053109399066717959
HIT 3 1816781783158 423 12737887911298531170
HIT 3 712975253622 166 18398834974931548551
HIT 3 1816781848694 423 18130017542966513486
HIT 3 712975319158 166 1092392772115769338
HIT 3 1808191979638 421 12306891874728542028
HIT 3 1812486946934 422 1222476695559145728
HIT 3 1816781914230 423 4032775671976764399
HIT 3 1825371848822 425 6150008822909964186
HIT 3 712975384694 166 13430582618307997289
HIT 3 721565319286 168 1092392772115769338
HIT 3 1816781979766 423 1054391659033665615
HIT 3 721565384822 168 3060952673941513997
HIT 3 725860352118 169 2224302584369747140
HIT 3 730155319414 170 5543684877627392200
HIT 3 734450286710 171 10906365789547606488
HIT 3 738745254006 172 961761187028742779
HIT 3 743040221302 173 1723327865356998990
HIT 3 747335188598 174 10456490155712000106
HIT 3 751630155894 175 5466894127184502556
HIT 3 755925123190 176 9961066539639513265
HIT 3 760220090486 177 17260624428404743156
HIT 3 764515057782 178 4008582767945653964
HIT 3 768810025078 179 9092537028646511692
HIT 3 773104992374 180 18012553109701028487
HIT 3 777399959670 181 7237292481354187524
HIT 3 781694926966 182 10889026210151864073
HIT 3 785989894262 183 15644785084690224349
HIT 3 790284861558 184 6600847440669552453
HIT 3 794579828854 185 15122545651127533970
HIT 3 798874796150 186 708724346619290878
HIT 3 803169763446 187 4430950846028138836
HIT 3 807464730742 188 11645501464532744968
HIT 3 811759698038 189 17723555721772225345
HIT 3 816054665334 190 1045929493958247747
HIT 3 820349632630 191 15033885691035141542
HIT 3 824644599926 192 17353112019544540824
HIT 3 828939567222 193 2437344542988439198
HIT 3 833234534518 194 17112148211521930591
HIT 3 837529501814 195 511645801511286246
HIT 3 841824469110 196 8551796368692630428
HIT 3 846119436406 197 9216884159114297879
HIT 3 850414403702 198 6368861647577004964
HIT 3 854709370998 199 10599820386560723083
HIT 3 859004338294 200 15732582695486611047
HIT 3 863299305590 201 14532916267855540376
HIT 3 867594272886 202 14604677180866617710
HIT 3 871889240182 203 11135780098803505055
HIT 3 876184207478 204 10795998725842154072
HIT 3 880479174774 205 2340282767950678990
HIT 3 884774142070 206 5055907370674337805
HIT 3 889069109366 207 11988469530484423731
HIT 3 893364076662 208 6622307217739157786
HIT 3 897659043958 209 11849651103793209158
HIT 3 901954011254 210 13692949262799393893
HIT 3 906248978550 211 14791413978843139959
HIT 3 910543945846 212 4095094418774170316
HIT 3 914838913142 213 15910348904438108053
HIT 3 919133880438 214 2386108478993213134
HIT 3 923428847734 215 17579104767060684485
HIT 3 927723815030 216 3279755419949997393
HIT 3 932018782326 217 9416760505061624652
HIT 3 936313749622 218 3150228731210228021
HIT 3 940608716918 219 8529066672412388560
HIT 3 944903684214 220 7528678722166625439
HIT 3 949198651510 221 11552404106222099588
HIT 3 953493618806 222 10727277670777400775
HIT 3 957788586102 223 11120670438917502920
HIT 3 962083553398 224 6303870980395919241
HIT 3 966378520694 225 9320232888615087652
HIT 3 970673487990 226 9744343368899444466
HIT 3 974968455286 227 17955082596459152327
HIT 3 979263422582 228 2351366069332051340
HIT 3 983558389878 229 13508729342493900123
HIT 3 987853357174 230 1454353392943183529
HIT 3 992148324470 231 11012711396859501913
HIT 3 996443291766 232 15565756398549951444
HIT 3 1000738259062 233 8616689548077810535
HIT 3 1005033226358 234 11540319923615897953
HIT 3 1009328193654 235 15476583466131838711
HIT 3 1013623160950 236 2499910783841158884
HIT 3 1017918128246 237 289529235943026762
HIT 3 1022213095542 238 12279590882875741580
HIT 3 1026508062838 239 3915775830053546705
HIT 3 1030803030134 240 8416560070000191946
HIT 3 1035097997430 241 12634365986730001310
HIT 3 1039392964726 242 2423669539799883357
HIT 3 1043687932022 243 3583520217510217096
HIT 3 1047982899318 244 13961598873431150516
HIT 3 1052277866614 245 12927909685534591835
HIT 3 1056572833910 246 10950943798100247098
HIT 3 1060867801206 247 13612847966669202870
HIT 3 1065162768502 248 10065368948216807885
HIT 3 1069457735798 249 13844363454693738328
HIT 3 1073752703094 250 14178315128262740486
HIT 3 1078047670390 251 5428958107441557823
HIT 3 1082342637686 252 594364532667090443
HIT 3 1086637604982 253 10031147740996037628
HIT 3 1090932572278 254 8766216933530470994
HIT 3 1095227539574 255 16352160558843528377
HIT 3 1099522506870 256 729898576784061785
HIT 3 1103817474166 257 8448748213957234765
HIT 3 1108112441462 258 6405409070955721077
HIT 3 1112407408758 259 11323697614830581616
HIT 3 1116702376054 260 5273241407632347604
HIT 3 1120997343350 261 3154642436841573511
HIT 3 1125292310646 262 14625670595561407700
HIT 3 1129587277942 263 17429799489419729686
HIT 3 1133882245238 264 17076133872796123657
HIT 3 1138177212534 265 8956409699572051526
HIT 3 1142472179830 266 12532802650855397553
HIT 3 1146767147126 267 16116412044329462567
HIT 3 1151062114422 268 6540827830316888931
HIT 3 1155357081718 269 17191534855657246755
HIT 3 1159652049014 270 16479313983451501235
HIT 3 1163947016310 271 10585540999515693610
HIT 3 1168241983606 272 15432829189606847267
HIT 3 1172536950902 273 4476925867660635722
HIT 3 1176831918198 274 6500184413845174072
HIT 3 1181126885494 275 13042386369214065349
HIT 3 1185421852790 276 12559556775998282729
HIT 3 1189716820086 277 2863893145285237094
HIT 3 1194011787382 278 9962438938509413865
HIT 3 1198306754678 279 9496097620444288175
HIT 3 1202601721974 280 11460641767334418650
HIT 3 1206896689270 281 11940472511640632124
HIT 3 1211191656566 282 8513697002331811094
HIT 3 1215486623862 283 15448964377997643140
HIT 3 1219781591158 284 13503465804209094375
HIT 3 1224076558454 285 2844573939730543277
HIT 3 1228371525750 286 3594929477746916956
HIT 3 1232666493046 287 4846190217078833458
HIT 3 1236961460342 288 17816435802942146913
HIT 3 1241256427638 289 8713178192156682963
HIT 3 1245551394934 290 14283208665400716801
HIT 3 1249846362230 291 6291090552631823856
HIT 3 1254141329526 292 8357131877527026709
HIT 3 1258436296822 293 16887910544249419823
HIT 3 1262731264118 294 5451954400694482339
HIT 3 1267026231414 295 18299502484045320809
HIT 3 1271321198710 296 14911303958381831750
HIT 3 1275616166006 297 16339538953921775189
HIT 3 1279911133302 298 13296253833663758924
HIT 3 1284206100598 299 16690136292263063984
HIT 3 1288501067894 300 9863080171635256032
HIT 3 1292796035190 301 18364821141982707616
HIT 3 1297091002486 302 9848674018519508813
HIT 3 1301385969782 303 13017774055560485051
HIT 3 1305680937078 304 13404995245661505787
HIT 3 1309975904374 305 16136142116916082415
HIT 3 1314270871670 306 5267896657043765947
HIT 3 1318565838966 307 10077542938453656585
HIT 3 1322860806262 308 11306865087832361578
HIT 3 1327155773558 309 14802377679431262257
HIT 3 1331450740854 310 2545054834500448206
HIT 3 1335745708150 311 18376536875004200544
HIT 3 1340040675446 312 17797175727534663910
HIT 3 1344335642742 313 4730723223392558611
HIT 3 1348630610038 314 8995897179373286665
HIT 3 1352925577334 315 3426543052384289294
HIT 3 1357220544630 316 8496126990345218541
HIT 3 1361515511926 317 15424327443295304360
HIT 3 1365810479222 318 3695421786792596408
HIT 3 1370105446518 319 5348488657127860623
HIT 3 1374400413814 320 6195407214977803895
HIT 3 1378695381110 321 8966137158135785348
HIT 3 1382990348406 322 3581385872334749308
HIT 3 1387285315702 323 1151539953704767878
HIT 3 1391580282998 324 1903862216974637256
HIT 3 1395875250294 325 16471874209161609097
HIT 3 1400170217590 326 17689193098129718509
HIT 3 1404465184886 327 2401762214544266353
HIT 3 1408760152182 328 8412952476332801463
HIT 3 1413055119478 329 10266110799620444973
HIT 3 1417350086774 330 8052185487975147876
HIT 3 1421645054070 331 16917354953661208338
HIT 3 1425940021366 332 18311492136890637320
HIT 3 1430234988662 333 14949780457099926627
HIT 3 1434529955958 334 11980864901438191701
HIT 3 1438824923254 335 18379090825541282145
HIT 3 1443119890550 336 14830813020666014761
HIT 3 1447414857846 337 18420024972767645398
HIT 3 1451709825142 338 5707732538746223750
HIT 3 1456004792438 339 11821655985969600977
HIT 3 1460299759734 340 6458158561244184396
HIT 3 1464594727030 341 7279904952925805539
HIT 3 1468889694326 342 16378299213597088121
HIT 3 1473184661622 343 999940216914667829
HIT 3 1477479628918 344 11271800984564211509
HIT 3 1481774596214 345 17410981224878260821
HIT 3 1486069563510 346 15206782445100566709
HIT 3 1490364530806 347 15086522332776856402
HIT 3 1494659498102 348 12454858899946292665
HIT 3 1498954465398 349 7517972658750213577
HIT 3 1503249432694 350 10906788902915889183
HIT 3 1507544399990 351 16669650594885912713
HIT 3 1511839367286 352 2254470997017673342
HIT 3 1516134334582 353 6664215392547148393
HIT 3 1520429301878 354 17747687808263787600
HIT 3 1524724269174 355 15154191029397504748
HIT 3 1529019236470 356 7369324466608218841
HIT 3 1533314203766 357 6317320847348031716
HIT 3 1537609171062 358 6074585024650473604
HIT 3 1541904138358 359 6007634078806702449
HIT 3 1546199105654 360 17645341234389158796
HIT 3 1550494072950 361 2073873935039294342
HIT 3 704382500983 164 13430582618307997289
HIT 3 1554789040246 362 2432340811785109517
HIT 3 712972435575 166 11831764427992587049
HIT 3 1559084007542 363 13968758559133610660
HIT 3 717267402871 167 2224302584369747140
HIT 3 1563378974838 364 17580677928648431984
HIT 3 721562370167 168 6273685064291414741
HIT 3 1567673942134 365 8187714019969062152
HIT 3 1571968909430 366 6549282241769739697
HIT 3 1576263876726 367 13456437278324812351
HIT 3 1580558844022 368 8822369291523565171
HIT 3 1584853811318 369 8088187419432718218
HIT 3 1589148778614 370 16346486798573712580
HIT 3 1593443745910 371 15135631037069320925
HIT 3 1597738713206 372 4213166998831264330
HIT 3 1602033680502 373 1689883195382923975
HIT 3 1606328647798 374 16838329399134904836
HIT 3 1610623615094 375 5091672474971018160
HIT 3 1614918582390 376 9125781026469762597
HIT 3 1619213549686 377 4085396381639054328
HIT 3 1623508516982 378 7283259093369744548
HIT 3 1627803484278 379 862757672869462992
HIT 3 1632098451574 380 1626777660159500355
HIT 3 1636393418870 381 15391296267162405238
HIT 3 1640688386166 382 14366524994223010417
HIT 3 1644983353462 383 11418570395449463983
HIT 3 1649278320758 384 8693200700348308048
HIT 3 1653573288054 385 16193882094660694970
HIT 3 1657868255350 386 14444812523428936761
HIT 3 1662163222646 387 10295128463881910886
HIT 3 1666458189942 388 11424519620890088847
HIT 3 1670753157238 389 12769858922051771539
HIT 3 1675048124534 390 12853345109022064965
HIT 3 1679343091830 391 1216434782087231115
HIT 3 1683638059126 392 15603242083292269794
HIT 3 1687933026422 393 13764127417890603915
HIT 3 1692227993718 394 5836060915464222683
HIT 3 1696522961014 395 7562636739620357106
HIT 3 1700817928310 396 14824656933218453873
HIT 3 1705112895606 397 475130539938447253
HIT 3 1709407862902 398 10369560709463717503
HIT 3 1713702830198 399 18192898615193723805
HIT 3 1717997797494 400 12323814577309694936
HIT 3 1722292764790 401 15600405349876960617
HIT 3 1726587732086 402 7090075006932382387
HIT 3 1730882699382 403 13116988567403095432
HIT 3 1735177666678 404 1695563542764206221
HIT 3 1739472633974 405 6793813585775551435
HIT 3 1743767601270 406 16458989674959458669
HIT 3 1748062568566 407 17901575710509188484
HIT 3 1752357535862 408 6990591759280740148
HIT 3 1756652503158 409 16647506318256615512
HIT 3 1760947470454 410 18299228934187465125
HIT 3 1765242437750 411 15232724155922354707
HIT 3 1769537405046 412 4599370832621595439
HIT 3 1773832372342 413 16211742172265738160
HIT 3 1778127339638 414 15957472729769106835
HIT 3 1782422306934 415 11937263563023945544
HIT 3 1786717274230 416 5070443339947615603
HIT 3 1808189096055 421 2639338335069029387
HIT 3 1791012241526 417 4963279962158114986
HIT 3 1812484063351 422 8687500858778604056
HIT 3 1795307208822 418 7424706318450235284
HIT 3 1816779030647 423 16934520275386274562
HIT 3 1799602176118 419 5066504392002522472
HIT 3 1825368965239 425 2579482871179668587
HIT 3 1803897143414 420 10732826083964889129
HIT 3 1808192110710 421 13013101614025721028
HIT 3 1812487078006 422 5108977079402205645
HIT 3 1816782045302 423 12308264155074653599
HIT 3 1821077012598 424 6021073817295242214
HIT 3 1825371979894 425 11321517790589971291
HIT 3 1829666947190 426 17846394182014684864
HIT 3 1833961914486 427 17201359068421516145
HIT 3 1838256881782 428 8750452488272993843
HIT 3 1842551849078 429 9512645542692545912
HIT 3 1846846816374 430 14829253149301952375
HIT 3 1851141783670 431 2265762831314286234
HIT 3 1855436750966 432 15010703236796744640
HIT 3 1859731718262 433 17554170414681380563
HIT 3 1864026685558 434 3842062459367974424
HIT 3 523993940087 122 2680450402044637784
HIT 3 1868321652854 435 14221245898385628925
HIT 3 1872616620150 436 15571175640792101552
HIT 3 1876911587446 437 10219114033923733489
HIT 3 1881206554742 438 4309217895873479852
HIT 3 1885501522038 439 17028798347209855392
HIT 3 1889796489334 440 6752030947281906858
HIT 3 1894091456630 441 15136012279045774388
HIT 3 1898386423926 442 17157463414775342277
HIT 3 712972501111 166 8271195058761366161
HIT 3 1902681391222 443 9460689920741599940
HIT 3 1906976358518 444 4403484065385839063
HIT 3 1911271325814 445 8482474507023792398
HIT 3 1915566293110 446 14966477051762328523
HIT 3 1919861260406 447 10903792435832845286
HIT 3 1924156227702 448 9672101964804297527
HIT 3 1928451194998 449 4769556027579350056
HIT 3 1932746162294 450 6722839087281965597
HIT 3 1937041129590 451 11322390148926400583
HIT 3 1941336096886 452 1422057098629549972
HIT 3 1945631064182 453 346334478480620517
HIT 3 1949926031478 454 5296768016674455157
HIT 3 1954220998774 455 17160911306569789094
HIT 3 1958515966070 456 15487647136510289831
HIT 3 1962810933366 457 18110734722282181373
HIT 3 1967105900662 458 8447699831200741474
HIT 3 1971400867958 459 16160728793630876980
HIT 3 1975695835254 460 13746958235549825220
HIT 3 1979990802550 461 10279312032999337983
HIT 3 1984285769846 462 4195987301645553110
HIT 3 1988580737142 463 3620720319275696803
HIT 3 1992875704438 464 8203659321628454825
HIT 3 1997170671734 465 11571624763087804292
HIT 3 2001465639030 466 17959570509430564096
HIT 3 2005760606326 467 11745307994070533632
HIT 3 2010055573622 468 16298590145707787971
HIT 3 2014350540918 469 4721124293191500726
HIT 3 2018645508214 470 13096207952441286398
HIT 3 2022940475510 471 7675151701070749026
HIT 3 2027235442806 472 9304087421187453867
HIT 3 2031530410102 473 8148326076310948570
HIT 3 2035825377398 474 8405193064631747837
HIT 3 2040120344694 475 13881433382318714830
HIT 3 2044415311990 476 8299441530778989778
HIT 3 2048710279286 477 2832067874488010375
HIT 3 2053005246582 478 8167590817380158983
HIT 3 2057300213878 479 7689130623381374523
HIT 3 2061595181174 480 17954677433480285916
HIT 3 2065890148470 481 11447677228376178415
HIT 3 2070185115766 482 15437483255333616032
HIT 3 2074480083062 483 13713491835232989765
HIT 3 2078775050358 484 11994789985265754935
HIT 3 2083070017654 485 4495588429677442737
HIT 3 2087364984950 486 9288378577898901250
HIT 3 2091659952246 487 2253972767787042447
HIT 3 2095954919542 488 13092103338615146185
HIT 3 2100249886838 489 13515696433431373842
HIT 3 2104544854134 490 13833443144312531236
HIT 3 1816779096183 423 2685816281187525586
HIT 3 2108839821430 491 10522786940484468061
HIT 3 2113134788726 492 12370497168606429666
HIT 3 2117429756022 493 9196207005955731465
HIT 3 2121724723318 494 8167540724365470296
HIT 3 2126019690614 495 12190920651796263096
HIT 3 2130314657910 496 17924778638628857592
HIT 3 2134609625206 497 15870863423561068879
HIT 3 2138904592502 498 13908606961391379277
HIT 3 2143199559798 499 4590930526135497110
HIT 3 2147494527094 500 11357233614187297532
HIT 3 2151789494390 501 10603349769746184739
HIT 3 2156084461686 502 15144672348374688251
HIT 3 2160379428982 503 14109758238995536101
HIT 3 2164674396278 504 2126011929512755159
HIT 3 2168969363574 505 18256098145749477849
HIT 3 2173264330870 506 9975344479926091371
HIT 3 2177559298166 507 15653522714103927887
HIT 3 2181854265462 508 16783150890325403419
HIT 3 2186149232758 509 7715168507429240560
HIT 3 2190444200054 510 2216350291656087923
HIT 3 2194739167350 511 15487626917149815148
HIT 3 721565450358 168 11831764427992587049
HIT 3 725860417654 169 10906365789547606488
HIT 3 730155384950 170 3060952673941513997
HIT 3 1808192176246 421 5819501862862312522
HIT 3 1812487143542 422 2572646717055405139
HIT 3 1816782110838 423 7532910991332859171
HIT 3 1825372045430 425 7217818917106623069
HIT 3 1808192241782 421 13001376742928316433
HIT 3 1812487209078 422 3665751318057732074
HIT 3 1816782176374 423 12520921315204967831
HIT 3 1825372110966 425 5577066138070902683
HIT 3 730155516022 170 6273685064291414741
HIT 3 1816782241910 423 1447731806155257762
HIT 3 1816782307446 423 1077206700670537350
HIT 3 1816782372982 423 4528611814733724101
HIT 3 1816782438518 423 18096448419141011921
HIT 3 1816782504054 423 1768001493885259426
HIT 3 1816782569590 423 9915671272118074606
HIT 3 1816782635126 423 11735336581260823626
HIT 3 1816782700662 423 17423181233454024558
HIT 3 1816782766198 423 14557230232194931986
HIT 3 1816782831734 423 15999059381058109991
HIT 3 1816782897270 423 557917599309567875
HIT 3 1816782962806 423 9314005378952375138
HIT 3 1816783028342 423 2699506700640427016
HIT 3 1816783093878 423 16251666121043063599
HIT 3 1816783159414 423 1282330860902930785
HIT 3 1816783224950 423 9604488201818355513
HIT 3 1816783290486 423 609146835696414786
HIT 3 1816783356022 423 16877600940370801651
HIT 3 1816783421558 423 5859864180379503712
HIT 3 1816783487094 423 7374887553251538723
HIT 3 1816783552630 423 11324038066460921120
HIT 3 1816783618166 423 4469394323384653048
HIT 3 1816783683702 423 980881221712158070
HIT 3 1816783749238 423 16464577704285303838
HIT 3 1816783814774 423 12371574286798028282
HIT 3 1816783880310 423 8816317062988477861
HIT 3 1816783945846 423 7392741423070712255
HIT 3 1816784011382 423 2512855650760602449
HIT 3 1816784076918 423 3576261105970393720
HIT 3 1816784142454 423 1595987448716466346
HIT 3 1816784207990 423 14381655244108347757
HIT 3 1816784273526 423 5745014988707266873
HIT 3 1816784339062 423 307269719195127704
HIT 3 1816784404598 423 1480401286291832378
HIT 3 1816784470134 423 11235251469715180155
HIT 3 1816784535670 423 7989517160667751028
HIT 3 1816784601206 423 7029122505428333507
HIT 3 1816784666742 423 355410883184603108
HIT 3 1816784732278 423 8433935274973998918
HIT 3 1816784797814 423 1415501469535365094
HIT 3 1816784863350 423 17943396061075715881
HIT 3 1816784928886 423 5326767707323016625
HIT 3 1816784994422 423 15087921997560971945
HIT 3 1816785059958 423 9796275297651461992
HIT 3 1816785125494 423 17570773567811156273
HIT 3 1816785191030 423 16197687792718410669
HIT 3 1816785256566 423 4106065114424234343
HIT 3 1816785322102 423 4883092721976647919
HIT 3 1816785387638 423 10992772874565573348
HIT 3 1816785453174 423 12398172849964376199
HIT 3 1816785518710 423 6559947393999528784
HIT 3 1816785584246 423 15193598344330386491
HIT 3 1816785649782 423 8517732879718616295
HIT 3 1816785715318 423 320816727592977251
HIT 3 1816785780854 423 4191695555819508728
HIT 3 1816785846390 423 9818844206817091215
HIT 3 1816785911926 423 2309874095514253155
HIT 3 1816785977462 423 4481469969886418056
HIT 3 1816786042998 423 7933541505057586615
HIT 3 1816786108534 423 801524554275972181
HIT 3 1816786174070 423 10960512354462961755
HIT 3 1816786239606 423 7511899160202112348
HIT 3 1816786305142 423 2892855220933094402
HIT 3 1816786370678 423 7621908072591934426
HIT 3 1816786436214 423 14233969088292771391
HIT 3 1816786501750 423 309983565565807187
HIT 3 1816786567286 423 4691044159314582447
HIT 3 1816786632822 423 1383713826454880345
HIT 3 1816786698358 423 12052176945202616430
HIT 3 1816786763894 423 14676269526381893964
HIT 3 1816786829430 423 10693525148251515264
HIT 3 1816786894966 423 12735871254400269356
HIT 3 1816786960502 423 18322188177271210839
HIT 3 1816787026038 423 11449168591638383748
HIT 3 1816787091574 423 17207238052170657617
HIT 3 1816787157110 423 7087113077893952261
HIT 3 1816787222646 423 1408319622635457330
HIT 3 1816787288182 423 1455655634483703421
HIT 3 712972566647 166 8659378750666193893
HIT 3 1816787353718 423 15941132661269252521
HIT 3 1816779161719 423 9374261765961577097
HIT 3 1816787419254 423 2151817567033302856
HIT 3 1816787484790 423 5828924277647159191
HIT 3 1816787550326 423 6419680367597060117
HIT 3 1816787615862 423 13996599701518676417
HIT 3 1816787681398 423 5856802423096617465
HIT 3 1816787746934 423 15253249903489275517
HIT 3 1816787812470 423 767072545464740875
HIT 3 1816787878006 423 8111803922064113633
HIT 3 1816787943542 423 3996454547431104700
HIT 3 1816788009078 423 827878333022764798
HIT 3 1816788074614 423 9669075086455950402
HIT 3 1816788140150 423 1680561847257346400
HIT 3 1816788205686 423 4205175808603335764
HIT 3 1816788271222 423 8315092616815903589
HIT 3 1816788336758 423 1732848630976768497
HIT 3 1816788402294 423 18237168198482439623
HIT 3 1816788467830 423 5842733888042346943
HIT 3 1816788533366 423 14140646428398194522
HIT 3 1816788598902 423 9808985336292694167
HIT 3 1816788664438 423 9195425921616878437
HIT 3 1816788729974 423 12616260748843064160
HIT 3 1816788795510 423 4177592639774560083
HIT 3 1816788861046 423 7637176124431362383
HIT 3 1816788926582 423 1389832559873747477
HIT 3 1816788992118 423 13311469070944311152
HIT 3 1816789057654 423 2280842396657471625
HIT 3 1816789123190 423 16665047500116135981
HIT 3 1816789188726 423 13099724014733875578
HIT 3 1816789254262 423 173302777348357308
HIT 3 1816789319798 423 18283278490953440768
HIT 3 1816789385334 423 7144503496090443715
HIT 3 1816789450870 423 7430354715202718537
HIT 3 1816789516406 423 5641913273771918622
HIT 3 1816789581942 423 3197177553977609158
HIT 3 1816789647478 423 5377214568547520431
HIT 3 1816789713014 423 1642834539513099590
HIT 3 1816789778550 423 1842234720653226958
HIT 3 1816789844086 423 18087151237775700753
HIT 3 1816789909622 423 1379609189607190178
HIT 3 1816789975158 423 15423507818809756625
HIT 3 1816790040694 423 8297765565220625666
HIT 3 1816790106230 423 6002771112917243467
HIT 3 1816790171766 423 1769970515393077115
HIT 3 1816790237302 423 14500415521885905362
HIT 3 1816790302838 423 3360672057825356495
HIT 3 1816790368374 423 1981662289437964379
HIT 3 1816790433910 423 5757984001036522799
HIT 3 1816790499446 423 7140955652641081820
HIT 3 1816790564982 423 10995715049756675453
HIT 3 1816790630518 423 10361195162900408971
HIT 3 1816790696054 423 5881447003561570485
HIT 3 1816790761590 423 14650645420431395715
HIT 3 1816790827126 423 765392905411136527
HIT 3 1816790892662 423 5262661053226176612
HIT 3 1816790958198 423 8903495313825909187
HIT 3 1816791023734 423 5652479363390141298
HIT 3 1816791089270 423 5051963540620918258
HIT 3 1816791154806 423 15844940816389514498
HIT 3 1816791220342 423 16912309038479717463
HIT 3 1816791285878 423 12253273227275921423
HIT 3 1816791351414 423 3221218412274734161
HIT 3 1816791416950 423 3396059818429657881
HIT 3 1816791482486 423 16181777273351909830
HIT 3 1816791548022 423 7212669557656513172
HIT 3 1816791613558 423 11328180536656486351
HIT 3 1816791679094 423 5231103116874125021
HIT 3 1816791744630 423 14632918756624259415
HIT 3 1816791810166 423 29005241153841871
HIT 3 1816791875702 423 15032738830351145800
HIT 3 1816791941238 423 13560026702792478990
HIT 3 1816792006774 423 16884745949336980862
HIT 3 1816792072310 423 10896295662246963352
HIT 3 1816792137846 423 9417380431365053285
HIT 3 1816792203382 423 142255628032407521
HIT 3 1816792268918 423 6850454899106231248
HIT 3 1816792334454 423 1678468067754293086
HIT 3 1816792399990 423 820717136016391539
HIT 3 1816792465526 423 3572525397625721519
HIT 3 1816792531062 423 9457171312812271558
HIT 3 1816792596598 423 80939504864957910
HIT 3 1816792662134 423 18155257986453077131
HIT 3 1816792727670 423 4202111699454259410
HIT 3 1816792793206 423 13037633811239636335
HIT 3 1816792858742 423 5820303425857373654
HIT 3 1816792924278 423 7252759220789723976
HIT 3 1816792989814 423 5210191479780055811
HIT 3 1816793055350 423 16749588936481587507
HIT 3 1816793120886 423 11035064426146073669
HIT 3 1816793186422 423 10177136348703070806
HIT 3 1816793251958 423 18076235633901812274
HIT 3 1816793317494 423 9084985333952862879
HIT 3 1816793383030 423 6055205232897468756
HIT 3 1816793448566 423 16356534338230053443
HIT 3 1816793514102 423 14994487607802408396
HIT 3 1816793579638 423 14631916038054904725
HIT 3 1816793645174 423 16492186006806781440
HIT 3 1816793710710 423 11045012372626118854
HIT 3 1816793776246 423 11656756246170947462
HIT 3 1816793841782 423 16930747375346002553
HIT 3 1816793907318 423 4714162302369188745
HIT 3 1816793972854 423 339914495831618463
HIT 3 1816794038390 423 16145877508354197990
HIT 3 1816794103926 423 2098784189072851061
HIT 3 1816794169462 423 1585281430764048051
HIT 3 1816794234998 423 10859951767439238813
HIT 3 1816794300534 423 3831015418856001173
HIT 3 1816794366070 423 17900266771099169176
HIT 3 1816794431606 423 6661471380326473900
HIT 3 1816794497142 423 4857569899597044871
HIT 3 1816794562678 423 1519319744203637789
HIT 3 1816794628214 423 12656717597436869043
HIT 3 1816794693750 423 6258305541839815907
HIT 3 1816794759286 423 18097108054712291709
HIT 3 1816794824822 423 7744793740356461978
HIT 3 1816794890358 423 8245600843508068131
HIT 3 1816794955894 423 14351512466795051437
HIT 3 1816795021430 423 12054998167169163923
HIT 3 1816795086966 423 42916799519671275
HIT 3 1816795152502 423 8925644625789602770
HIT 3 1816795218038 423 17658989210688087937
HIT 3 1816795283574 423 6626807141014615802
HIT 3 1816795349110 423 10220116975564395756
HIT 3 1816795414646 423 8568288001003008584
HIT 3 1816795480182 423 13511091326074707077
HIT 3 1816795545718 423 2429270057013834759
HIT 3 1816795611254 423 12262595515925611052
HIT 3 1816795676790 423 6122059670412568414
HIT 3 1816795742326 423 184426888814559443
HIT 3 1816795807862 423 18372013373897817106
HIT 3 1816795873398 423 13256591167320401070
HIT 3 1816795938934 423 11018322989727412510
HIT 3 1816796004470 423 16070697817150602478
HIT 3 1816796070006 423 8272096910720673283
HIT 3 1816796135542 423 14996088050867955317
HIT 3 1816796201078 423 4151682664674767444
HIT 3 1816796266614 423 8601816548283141093
HIT 3 1816796332150 423 11747330393518775579
HIT 3 1816796397686 423 14170466583475515719
HIT 3 1816796463222 423 14809007480972207046
HIT 3 1816796528758 423 1234716807784811807
HIT 3 1816796594294 423 9483547514810695170
HIT 3 1816796659830 423 7991920512059496109
HIT 3 1816796725366 423 15917667049575426944
HIT 3 1816796790902 423 1544183884058661709
HIT 3 1816796856438 423 14637051240032110416
HIT 3 1816796921974 423 10387850078572869525
HIT 3 1816796987510 423 7681852410102615945
HIT 3 1816797053046 423 3840492387785370802
HIT 3 1816797118582 423 13707544410847376052
HIT 3 1816797184118 423 9110172649906729048
HIT 3 1816797249654 423 9632758772268632840
HIT 3 1816797315190 423 400237731208556263
HIT 3 1816797380726 423 18389735317007899715
HIT 3 1816797446262 423 14271196602644701276
HIT 3 1816797511798 423 17311770015307890054
HIT 3 1816797577334 423 6066124716271707516
HIT 3 1816797642870 423 6439125908250418299
HIT 3 1816797708406 423 15475989568731893416
HIT 3 1816797773942 423 7144348533891461889
HIT 3 1816797839478 423 8189448575382888760
HIT 3 1816797905014 423 16106730698613642490
HIT 3 1816797970550 423 18177531347890784702
HIT 3 1816798036086 423 15211007256532546149
HIT 3 1816798101622 423 727860988208785037
HIT 3 1816798167158 423 17523861564289110432
HIT 3 1816798232694 423 7960456565630053212
HIT 3 1816798298230 423 8989021470298644633
HIT 3 1816798363766 423 9921312047246123764
HIT 3 1816798429302 423 16905177394966171824
HIT 3 1816798494838 423 13374820033410871723
HIT 3 1816798560374 423 15188117611178630607
HIT 3 1808208691318 421 15188117611178630607
HIT 3 1816798625910 423 8723987789195531021
HIT 3 1816798691446 423 2639338335069029387
HIT 3 1825388626038 425 14281878842958896820
HIT 3 1816798756982 423 14281878842958896820
HIT 3 1821093789814 424 2157431851143994631
HIT 3 1825388757110 425 16934520275386274562
HIT 3 1833978691702 427 102288030921636936
HIT 3 1821093855350 424 8687500858778604056
HIT 3 1825388822646 425 102288030921636936
HIT 3 1829683789942 426 2157431851143994631
HIT 3 1833978757238 427 3265039773809146643
HIT 3 1838273724534 428 14835186191391730933
HIT 3 1842568691830 429 1936162351060675499
HIT 3 1846863659126 430 918037754929767054
HIT 3 1851158626422 431 17370098748777616241
HIT 3 1855453593718 432 17139944711299548845
HIT 3 1859748561014 433 2327635727035127756
HIT 3 1864043528310 434 12358827723431585731
HIT 3 1868338495606 435 10224139708178216894
HIT 3 1872633462902 436 2855074204923762002
HIT 3 1876928430198 437 9873583715496428607
HIT 3 1881223397494 438 11051978439986601078
HIT 3 1885518364790 439 6483070330814546030
HIT 3 1889813332086 440 18293014549789602220
HIT 3 1894108299382 441 6136254999618319875
HIT 3 1898403266678 442 7940661830996213795
HIT 3 1902698233974 443 4949007364809361725
HIT 3 1906993201270 444 7697338697359017038
HIT 3 1911288168566 445 13817441774694755523
HIT 3 1915583135862 446 6675437009996872612
HIT 3 1919878103158 447 3034485018501547305
HIT 3 1924173070454 448 7306078342336870620
HIT 3 1928468037750 449 16606591032171796342
HIT 3 1932763005046 450 12858571043795799444
HIT 3 1937057972342 451 6906268435600077882
HIT 3 1941352939638 452 9752210218039239578
HIT 3 1945647906934 453 4922084816575756621
HIT 3 1949942874230 454 284598362588334671
HIT 3 1954237841526 455 5884294991716418178
HIT 3 1958532808822 456 288609583298836353
HIT 3 1962827776118 457 16687548447277917844
HIT 3 1967122743414 458 11184345541822867422
HIT 3 1971417710710 459 16114597333080011627
HIT 3 1975712678006 460 4729818375452781032
HIT 3 1980007645302 461 12941987815188471887
HIT 3 1984302612598 462 14385527328140103139
HIT 3 1988597579894 463 5275740730054391991
HIT 3 1992892547190 464 5758383911433464882
HIT 3 1997187514486 465 3425845561501580766
HIT 3 2001482481782 466 9929614368445891541
HIT 3 2005777449078 467 8921379540652236889
HIT 3 2010072416374 468 9829255130091544056
HIT 3 2014367383670 469 5546591134465285515
HIT 3 2018662350966 470 10729583261108874300
HIT 3 2022957318262 471 11539554891136977056
HIT 3 2027252285558 472 5882396630891013461
HIT 3 2031547252854 473 12647340632821183673
HIT 3 2035842220150 474 13735838968421351535
HIT 3 2040137187446 475 1706167974645494849
HIT 3 2044432154742 476 13365686269642097268
HIT 3 2048727122038 477 8755549921618375027
HIT 3 2053022089334 478 1833793724663884066
HIT 3 2057317056630 479 5112178093085620080
HIT 3 2061612023926 480 7277702717828837889
HIT 3 2065906991222 481 6038133877736774373
HIT 3 2070201958518 482 6144225826098637048
HIT 3 2074496925814 483 11270991949133572040
HIT 3 2078791893110 484 12294370171124576663
HIT 3 2083086860406 485 16438461232884580308
HIT 3 2087381827702 486 1157674384562263327
HIT 3 2091676794998 487 15676656023197084027
HIT 3 2095971762294 488 14261689567556626256
HIT 3 2100266729590 489 9398397337099927457
HIT 3 2104561696886 490 17371401789323538063
HIT 3 2108856664182 491 17684644429181656308
HIT 3 2113151631478 492 1568336113234411600
HIT 3 2117446598774 493 1601323997147554370
HIT 3 2121741566070 494 14948953000975997172
HIT 3 2126036533366 495 12456181993474161699
HIT 3 2130331500662 496 13159012948199440542
HIT 3 2134626467958 497 4693806467702692296
HIT 3 2138921435254 498 13567709976817950914
HIT 3 2143216402550 499 17627841226243175919
HIT 3 2147511369846 500 14008272202631156912
HIT 3 2151806337142 501 1454214995267541482
HIT 3 2156101304438 502 14509532879497900728
HIT 3 2160396271734 503 18280669324450233957
HIT 3 2164691239030 504 6833974708754858223
HIT 3 2168986206326 505 1460155306626093293
HIT 3 2173281173622 506 88725791728165850
HIT 3 2177576140918 507 17633061998762365670
HIT 3 2181871108214 508 12800893568254978165
HIT 3 2186166075510 509 14164428723875406239
HIT 3 2190461042806 510 8276704856844055260
HIT 3 2194756010102 511 4343043859180477280
HIT 3 1833978822774 427 2579482871179668587
HIT 3 712972566649 166 14654809692545294400
HIT 3 1816779161721 423 2345343257061892591
HIT 3 1816781914231 423 8503349812104439124
HIT 3 1808192110711 421 9141758069742275050
HIT 3 1812487078007 422 18127722372344917179
HIT 3 1816782045303 423 8667192559893140957
HIT 3 1825371979895 425 15136285164741043922
HIT 3 721565450359 168 6655847537607391772
HIT 3 1816782110839 423 2998010131375924850
HIT 3 1816782176375 423 1883321044522700817
HIT 3 1816782045305 423 6583962283270181283
HIT 3 1816781914232 423 13346814065992529298
HIT 3 1808192110712 421 2469298549481482239
HIT 3 1812487078008 422 11518164772165794131
HIT 3 1816782045304 423 9543286985821857336
HIT 3 1825371979896 425 12337935939845030747
HIT 3 721565450360 168 14654809692545294400
HIT 3 1816782110840 423 12849340732801412316
HIT 3 1816782176376 423 10999771591726497543
HIT 3 1825388757108 425 6876274254859444477
HIT 3 1816782045306 423 13442336135998617121
HIT 3 1825388757111 425 2906133735528201957
HIT 3 1816782045307 423 15403946657666531478
HIT 3 1816782045308 423 11219115884722797134
HIT 3 1825388757112 425 2345343257061892591
HIT 3 1816782045309 423 10080451545101520621
HIT 3 1816782045310 423 5022491165655406799
HIT 3 1816782045311 423 11993202156800117700
HIT 3 1816782045313 423 15567784984283361271
HIT 3 1816782045314 423 13398750595119680122
HIT 3 1816782045312 423 9830951363368445912
HIT 3 1816782045315 423 4099934187303748846
HIT 3 1816782045316 423 1399917655214556340
HIT 3 1816782045317 423 2461783494581805650
HIT 3 1816782045318 423 16129947355834069977
HIT 3 1816782045319 423 4432072038152920808
HIT 3 1816782045320 423 4685239106883931091
HIT 3 1816782045321 423 16148901945185568799
HIT 3 1816782045322 423 9939850127282743493
HIT 3 1816782045323 423 14320816491561476066
HIT 3 1816782045324 423 1096891014334966347
HIT 3 1816782045325 423 10861280680854412697
HIT 3 1816782045326 423 163678179286213138
HIT 3 1816782045328 423 3898003954976397827
HIT 3 1816782045327 423 3281229827647898370
HIT 3 1816782045329 423 5418047129733462207
HIT 3 1816782045330 423 16524889756217983292
HIT 3 1816782045331 423 12459406219521859633
HIT 3 1816782045332 423 6992777215300858270
HIT 3 1816782045333 423 12241712387108809528
HIT 3 1816782045334 423 8967899583245100301
HIT 3 1816782045335 423 6447098431746215034
HIT 3 1816782045336 423 2596155383314851378
HIT 3 1816782045337 423 4658834398284982941
HIT 3 1816782045338 423 17025919017586784908
HIT 3 1816782045339 423 15219768834707563166
HIT 3 1816782045340 423 18301962556023824115
HIT 3 1816782045341 423 12767405719291839640
HIT 3 1816782045342 423 14777684949598398828
HIT 3 1816782045343 423 16281409644664489656
HIT 3 1816782045344 423 8936382522760237078
HIT 3 1816782045345 423 17864975442821769117
HIT 3 1816781914274 423 6656720142569901660
HIT 3 1816782045346 423 3553902318382091954
HIT 3 1816782045347 423 6656720142569901660
HIT 3 1816782045348 423 2364799115826129747
HIT 3 1816782045349 423 6481094078273583288
HIT 3 1816782176421 423 2364799115826129747
HIT 3 1825388757156 425 6481094078273583288
HIT 3 1816782176422 423 12711359797397889032
HIT 3 1808192241831 421 14827300178209529617
HIT 3 1812487209127 422 12616484642391335047
HIT 3 1816782176423 423 16744992213674370017
HIT 3 1825372111015 425 17462494819213274110
HIT 3 1816782241958 423 9103747949029356292
HIT 3 730155516071 170 15170740755768589531
HIT 3 1816782241959 423 6350814175033525532
HIT 3 1816782307494 423 334297938125463101
HIT 3 1816782307495 423 12711359797397889032
HIT 3 1816782373030 423 6350814175033525532
HIT 3 1816782438566 423 8624128688446317114
HIT 3 1816782504102 423 248402835557918291
HIT 3 1816782569638 423 7233319799335565909
HIT 3 1816782635174 423 9191677886387420848
HIT 3 1816782700710 423 635775473489672191
HIT 3 1816782766246 423 15931951110427681498
HIT 3 1816782831782 423 4039162433385012783
HIT 3 1816782897318 423 6778928489941889309
HIT 3 1816782962854 423 17034777037332701660
HIT 3 1816783028390 423 6959861854767267564
HIT 3 1816783093926 423 6397614063160448849
HIT 3 1816783159462 423 13255295545873388460
HIT 3 1816783224998 423 10009334920528952282
HIT 3 1816783290534 423 4141299897781352179
HIT 3 1816783356070 423 14886335072457159764
HIT 3 1816783421606 423 818897313895999105
HIT 3 1816783487142 423 2003233470909476592
HIT 3 1816783552678 423 4708521157976871171
HIT 3 1816783618214 423 7645397593734578534
HIT 3 1816783683750 423 17140314266619628884
HIT 3 1816783749286 423 18263595033655471003
HIT 3 1816783814822 423 2356581745271074646
HIT 3 1816783880358 423 7315677531362478372
HIT 3 1816783945894 423 17259526579851797172
HIT 3 1816784011430 423 15699582618275469478
HIT 3 1816784076966 423 5612491006952421278
HIT 3 1816784142502 423 8366195542579357208
HIT 3 1816784208038 423 10451413429834318941
HIT 3 1816784273574 423 13315114653315613724
HIT 3 1816784339110 423 2487862134137476943
HIT 3 1816784404646 423 2754516379320966807
HIT 3 1816784470182 423 12896020647610546365
HIT 3 1816784535718 423 9566779137229245284
HIT 3 1816784601254 423 3648321099042231274
HIT 3 1816784666790 423 10451361611757704206
HIT 3 1816784732326 423 12317659641266448953
HIT 3 1816784797862 423 14073901734387952494
HIT 3 1816784863398 423 18411149805736462396
HIT 3 1816784928934 423 15761595884792035130
HIT 3 1816784994470 423 3631211505749527386
HIT 3 1816785060006 423 1339405028499602971
HIT 3 1816785125542 423 7246850180175234082
HIT 3 1816785191078 423 15724142764260129106
HIT 3 1816785256614 423 2378251253670856397
HIT 3 1816785322150 423 16307474525180056343
HIT 3 1816785387686 423 1838802253963399495
HIT 3 1816785453222 423 1292181877420111922
HIT 3 1816785518758 423 12409933486855891670
HIT 3 1816785584294 423 14069308353944684954
HIT 3 1816785649830 423 3620746233742817213
HIT 3 1816785715366 423 3616161912673520177
HIT 3 1816785780902 423 7405973898734057986
HIT 3 1816785846438 423 12124914384589979328
HIT 3 1816785911974 423 2350964898550990682
HIT 3 1816785977510 423 13342378642121964153
HIT 3 1816786043046 423 3962894937553537529
HIT 3 1816786108582 423 13881587867783276206
HIT 3 1816786174118 423 11245355831622120532
HIT 3 1816786239654 423 924350880126717056
HIT 3 1816786305190 423 15020114806023549672
HIT 3 1816786370726 423 1474218607584214575
HIT 3 1816786436262 423 15497269564107574240
HIT 3 1816782307497 423 2669539705853942650
HIT 3 1816786501798 423 14869566816836008637
HIT 3 1816786567334 423 9622018877498058243
HIT 3 1816786632870 423 12987180742141013624
HIT 3 1816786698406 423 3164415740967233775
HIT 3 1816786763942 423 5171941647887838267
HIT 3 1816786829478 423 7236428908927185665
HIT 3 1816786895014 423 7322564799043293856
HIT 3 1816786960550 423 17605876319367902267
HIT 3 1816787026086 423 12089148253528025880
HIT 3 1816787091622 423 5857062967663541669
HIT 3 1816787157158 423 16861159310265269046
HIT 3 1816787222694 423 10203246854965486445
HIT 3 1816787288230 423 4720062717078599981
HIT 3 1816787353766 423 8098026566193147911
HIT 3 1816787419302 423 9007411166716259131
HIT 3 1816787484838 423 9911721113777143552
HIT 3 1816787550374 423 78423715508251086
HIT 3 1816787615910 423 12121513030181436954
HIT 3 1816787681446 423 9741219704541104694
HIT 3 1816787746982 423 13535590228671693230
HIT 3 1816787812518 423 17853289869351299469
HIT 3 1816787878054 423 9536555672795790776
HIT 3 1816787943590 423 15608013026246298428
HIT 3 1816788009126 423 10257692494778835334
HIT 3 1816788074662 423 11099069522847167377
HIT 3 1816788140198 423 16931173598936588259
HIT 3 1816788205734 423 5463741788591053654
HIT 3 1816788271270 423 17798346859625427355
HIT 3 1816788336806 423 17088969953895757856
HIT 3 1816788402342 423 11724116790374567991
HIT 3 1816788467878 423 16994792609355651143
HIT 3 1816788533414 423 9678813621268298596
HIT 3 1816788598950 423 10863381503510392625
HIT 3 1825388757159 425 9103747949029356292
HIT 3 1816788664486 423 6325274466394011983
HIT 3 1816788730022 423 11473306670966214674
HIT 3 1816788795558 423 9512261594143055759
HIT 3 1816788861094 423 1018943830154527521
HIT 3 1816788926630 423 11507009909626210757
HIT 3 1816788992166 423 16764995799018377641
HIT 3 1816789057702 423 10536296193011342330
HIT 3 1816789123238 423 11054125956052083739
HIT 3 1816789188774 423 3852399357209627862
HIT 3 1816789254310 423 7242802608287560474
HIT 3 1816789319846 423 16673996313675589356
HIT 3 1816789385382 423 3432733370094245428
HIT 3 1816789450918 423 14374009632961422344
HIT 3 1816789516454 423 17578604852764122959
HIT 3 1816789581990 423 8612128449786215459
HIT 3 1816789647526 423 1766096641820280886
HIT 3 1825388757160 425 2669539705853942650
HIT 3 1816789713062 423 8611982738617013289
HIT 3 1816789778598 423 12722045322122066390
HIT 3 1816789844134 423 2237014956467870824
HIT 3 1816789909670 423 5002596306309193368
HIT 3 1816789975206 423 9707628051293820804
HIT 3 1816790040742 423 6906337504093469988
HIT 3 1816790106278 423 10860593118472230318
HIT 3 1816790171814 423 367722556570479305
HIT 3 1816790237350 423 17063042782761272880
HIT 3 1816790302886 423 6967926800033189309
HIT 3 1816790368422 423 8969328517971613431
HIT 3 1816790433958 423 4724699580620158515
HIT 3 1816790499494 423 13919930043499966107
HIT 3 1816790565030 423 13789927248649743414
HIT 3 1816790630566 423 1249307699616196380
HIT 3 1816790696102 423 15401303466950758367
HIT 3 1816790761638 423 15020058830474337557
HIT 3 1816790827174 423 16819273585641494307
HIT 3 1816790892710 423 13647600229701241967
HIT 3 1816790958246 423 1085198929032346545
HIT 3 1816791023782 423 13727199628060947032
HIT 3 1816791089318 423 8956619700188715719
HIT 3 1816791154854 423 10530491639726137835
HIT 3 1816791220390 423 10036114324885028245
HIT 3 1816791285926 423 13961482354214854209
HIT 3 1816791351462 423 2463732025764963407
HIT 3 1816791416998 423 12638015577702299509
HIT 3 1816791482534 423 12933236618276879779
HIT 3 1816791548070 423 10149944811684688716
HIT 3 1816791613606 423 3521528617680720585
HIT 3 1816791679142 423 9043056796555047925
HIT 3 1816791744678 423 2847721530146592748
HIT 3 1816791810214 423 17794080348970291097
HIT 3 1816791875750 423 1200659563943337964
HIT 3 1816791941286 423 2356783686761826912
HIT 3 1816792006822 423 11860551281883472647
HIT 3 1816792072358 423 12413145639276123791
HIT 3 1816792137894 423 568004062464248538
HIT 3 1816792203430 423 12930334991706049478
HIT 3 1816792268966 423 11725998417112630650
HIT 3 1816792334502 423 18228131098293892392
HIT 3 1816792400038 423 11342353222235457453
HIT 3 1816792465574 423 8053098293525900651
HIT 3 1816792531110 423 6710798399749130910
HIT 3 1816792596646 423 8795784393664196063
HIT 3 1816792662182 423 11602332923587114237
HIT 3 1816792727718 423 17544853392919116401
HIT 3 1816792793254 423 449721891311663988
HIT 3 1816792858790 423 15519239057602812331
HIT 3 1816792924326 423 4100660018698134982
HIT 3 1816792989862 423 4718940856399526856
HIT 3 1816793055398 423 12134378950218119607
HIT 3 1816793120934 423 2417280045113235223
HIT 3 1816793186470 423 6480905709574909067
HIT 3 1816793252006 423 1156479520984849839
HIT 3 1816793317542 423 5095252503471068925
HIT 3 1816793383078 423 16858656403267553030
HIT 3 1816793448614 423 9303492476332742345
HIT 3 1816793514150 423 63523938671936805
HIT 3 1816793579686 423 11924586134590567145
HIT 3 1816793645222 423 14110888688823181970
HIT 3 1816793710758 423 2621369786064081765
HIT 3 1816793776294 423 11843575831169887407
HIT 3 1816793841830 423 17471748780481450808
HIT 3 1816793907366 423 1736966828716942334
HIT 3 1816793972902 423 6677761708145252943
HIT 3 1816794038438 423 6079007925666442808
HIT 3 1816794103974 423 18192005722736834436
HIT 3 1816794169510 423 5758279991450906131
HIT 3 1816794235046 423 12708979239032721489
HIT 3 1816794300582 423 11691945803197050196
HIT 3 1816794366118 423 521921534377446010
HIT 3 1816794431654 423 831635431244876939
HIT 3 1816794497190 423 13261325817298818115
HIT 3 1816794562726 423 5962481325586001232
HIT 3 1816794628262 423 10307304001618518728
HIT 3 1816794693798 423 11621142004696331815
HIT 3 1816794759334 423 1270105037958743433
HIT 3 1816794824870 423 15620703533421660806
HIT 3 1816794890406 423 8447199531543006056
HIT 3 1816794955942 423 146349337615927234
HIT 3 1816795021478 423 8185615992835153703
HIT 3 1816795087014 423 4203416009561845211
HIT 3 1816795152550 423 1136512936738693306
HIT 3 1816795218086 423 9654209423805937493
HIT 3 1816795283622 423 16803738452973498858
HIT 3 1816795349158 423 10117785103262455055
HIT 3 1816795414694 423 10512739132085486448
HIT 3 1816795480230 423 7887336482238260438
HIT 3 1816795545766 423 11820589527313874682
HIT 3 1816795611302 423 4063823454139744742
HIT 3 1816795676838 423 18337272547157845716
HIT 3 1816795742374 423 6792258322180113254
HIT 3 1816795807910 423 3607155994019277871
HIT 3 1816795873446 423 16075421970000983105
HIT 3 1816795938982 423 19013952241163185
HIT 3 1816796004518 423 10595319777785701010
HIT 3 1816796070054 423 15366735133571428870
HIT 3 1816796135590 423 7882401407171763223
HIT 3 1816796201126 423 10080865132686275400
HIT 3 1816796266662 423 11570933808338646785
HIT 3 1816796332198 423 18430746316720928521
HIT 3 1816796397734 423 13089946301509163196
HIT 3 1816796463270 423 7322206356221119003
HIT 3 1816796528806 423 10987306720644464540
HIT 3 1816796594342 423 4975134648970780581
HIT 3 1816796659878 423 10868070009863785712
HIT 3 1816796725414 423 17592927841756977738
HIT 3 1816796790950 423 10651421352443251042
HIT 3 1816796856486 423 10053675671843819335
HIT 3 1816796922022 423 6625345295618743455
HIT 3 1816796987558 423 8458356377891820901
HIT 3 1816797053094 423 5546409997907665502
HIT 3 1816797118630 423 11053118140787340847
HIT 3 1816797184166 423 15249312489695966088
HIT 3 1816797249702 423 4323716352635474344
HIT 3 1816797315238 423 9422082189497290644
HIT 3 1816797380774 423 4473196212513023963
HIT 3 1816797446310 423 9893368778080296628
HIT 3 1816797511846 423 15216987368376474045
HIT 3 1816797577382 423 4470847173731878033
HIT 3 1816797642918 423 2827710789622965609
HIT 3 1816797708454 423 3490992403986370281
HIT 3 1816797773990 423 14718436806143539287
HIT 3 1816797839526 423 4918761472391477362
HIT 3 1816797905062 423 4268372749615834660
HIT 3 1816797970598 423 8813461106720352333
HIT 3 1816798036134 423 1475234616534437171
HIT 3 1816798101670 423 15252934854311293111
HIT 3 1816798167206 423 14724019750159374763
HIT 3 1816798232742 423 74284627987970326
HIT 3 1816798298278 423 2788328356164479136
HIT 3 1816798363814 423 17924768970462252324
HIT 3 1816798429350 423 7881740052284867337
HIT 3 1816798494886 423 5363918463362308045
HIT 3 1816798560422 423 3134696843091604841
HIT 3 1808208691366 421 3134696843091604841
HIT 3 1816798625958 423 13631601759322336400
HIT 3 1816798691494 423 14827300178209529617
HIT 3 1825388626086 425 13708464453617205355
HIT 3 1816798757030 423 13708464453617205355
HIT 3 1821093789862 424 412275407582262147
HIT 3 1825388757158 425 16744992213674370017
HIT 3 1833978691750 427 11836624142144517637
HIT 3 1821093855398 424 12616484642391335047
HIT 3 1825388822694 425 11836624142144517637
HIT 3 1829683789990 426 412275407582262147
HIT 3 1833978757286 427 4963309592474747095
HIT 3 1838273724582 428 8743765550329528286
HIT 3 1842568691878 429 14408600652420937120
HIT 3 1846863659174 430 15811675141461589412
HIT 3 1851158626470 431 14698831642512793678
HIT 3 1855453593766 432 4716928482773209906
HIT 3 1859748561062 433 4056286043720238839
HIT 3 1864043528358 434 12371221009636596750
HIT 3 1868338495654 435 11151751535569911313
HIT 3 1872633462950 436 15490955310352519132
HIT 3 1876928430246 437 9277454821629716791
HIT 3 1881223397542 438 9191080192803723960
HIT 3 1885518364838 439 13750571404812782961
HIT 3 1889813332134 440 3010654104043286159
HIT 3 1894108299430 441 6460020693674993779
HIT 3 1898403266726 442 7397513156999111231
HIT 3 1902698234022 443 9402442806991625133
HIT 3 1906993201318 444 770637430973791971
HIT 3 1911288168614 445 11447054551275619245
HIT 3 1915583135910 446 12197507082771003169
HIT 3 1919878103206 447 12866161763635926421
HIT 3 1924173070502 448 15886497976725974615
HIT 3 1928468037798 449 13165208497773264639
HIT 3 1932763005094 450 6334717980072936615
HIT 3 1937057972390 451 4097474201821897789
HIT 3 1941352939686 452 17748289326311633141
HIT 3 1945647906982 453 3512185058868021405
HIT 3 1949942874278 454 9071101118366369227
HIT 3 1954237841574 455 15186436076768866816
HIT 3 1958532808870 456 13151772983561258614
HIT 3 1962827776166 457 12565218660319371821
HIT 3 1967122743462 458 9864258463813494835
HIT 3 1971417710758 459 2515430472519432380
HIT 3 1975712678054 460 12698336087490099221
HIT 3 1980007645350 461 1608046828159310770
HIT 3 1984302612646 462 13555272046636188348
HIT 3 1988597579942 463 2266340877522484366
HIT 3 1992892547238 464 7343114798439182078
HIT 3 1997187514534 465 12330837602169855131
HIT 3 2001482481830 466 1029899304789298068
HIT 3 2005777449126 467 13738796634882154495
HIT 3 2010072416422 468 7638949586101054613
HIT 3 2014367383718 469 3434681122282411874
HIT 3 2018662351014 470 5055426125597998840
HIT 3 2022957318310 471 3060180356323491980
HIT 3 2027252285606 472 12951228076345293666
HIT 3 2031547252902 473 9806735552758296521
HIT 3 2035842220198 474 2037439304389949836
HIT 3 2040137187494 475 9845144388025301028
HIT 3 2044432154790 476 878769545870031462
HIT 3 2048727122086 477 17763668604565409469
HIT 3 2053022089382 478 15665312002038554315
HIT 3 2057317056678 479 18097007906063119487
HIT 3 2061612023974 480 12662045220397356409
HIT 3 2065906991270 481 3859700389901090977
HIT 3 2070201958566 482 16797144148366247115
HIT 3 2074496925862 483 11139989596801188574
HIT 3 2078791893158 484 300631602131046232
HIT 3 2083086860454 485 15441704369681950634
HIT 3 2087381827750 486 8969081805839853299
HIT 3 2091676795046 487 6778338331206158384
HIT 3 2095971762342 488 17018488751599407898
HIT 3 2100266729638 489 16314116151748244782
HIT 3 2104561696934 490 4561815657819366174
HIT 3 2108856664230 491 1652321988212901246
HIT 3 2113151631526 492 11986911285868395652
HIT 3 2117446598822 493 10661832631735361489
HIT 3 2121741566118 494 9506564990583980092
HIT 3 2126036533414 495 10745697873003500543
HIT 3 2130331500710 496 5898448643721964551
HIT 3 2134626468006 497 12206446961818570382
HIT 3 2138921435302 498 7744847767990253983
HIT 3 2143216402598 499 9432501494367417338
HIT 3 2147511369894 500 8262007510932151970
HIT 3 2151806337190 501 4672431282394695082
HIT 3 2156101304486 502 3589726801134436853
HIT 3 2160396271782 503 6390929579732336664
HIT 3 2164691239078 504 7435970197920190587
HIT 3 2168986206374 505 10437194560215735640
HIT 3 2173281173670 506 12531463887033739862
HIT 3 2177576140966 507 2657067275628964113
HIT 3 2181871108262 508 95072414295523186
HIT 3 2186166075558 509 18366141071007852968
HIT 3 2190461042854 510 2032051211206548261
HIT 3 2194756010150 511 13917234967406576435
HIT 3 1833978822822 427 17462494819213274110
HIT 3 1833978823078 427 16709134783758615928
DONE data/p_a55.txt sz=3 range=[0,512) n=22108160 zero=0 18.5s
