HIT 1 87 87 8165309744973494154
HIT 1 134 134 6564963279817872155
HIT 1 195 195 12416656637246500580
HIT 1 221 221 11986618630867486688
HIT 1 229 229 1580336592625712678
DONE data/p_a01.txt sz=1 range=[0,512) n=512 zero=0 0.0s
HIT 2 8781909 134 14068638890262252847
HIT 2 12779605 195 15698903440886592302
HIT 2 14483541 221 8004294974565433227
HIT 2 15007829 229 2003287015532493814
HIT 2 5832790 89 8165309744973494154
HIT 2 8781910 134 1043254696385957594
HIT 2 12779606 195 8592120988144477098
HIT 2 14483542 221 4174238072089859140
HIT 2 15007830 229 15208868640715419505
HIT 2 8650839 132 12186369387397036994
HIT 2 8781911 134 4474732124262933791
HIT 2 8847447 135 18057319595458060393
HIT 2 8912983 136 15828134485017931001
HIT 2 8781913 134 2152897457374177580
HIT 2 12779609 195 1611979716040943648
HIT 2 14483545 221 17573239617157213480
HIT 2 15007833 229 456551998406193138
HIT 2 12648535 193 12315721915338182689
HIT 2 12714071 194 17664038114750545981
HIT 2 12779607 195 12803332895288753697
HIT 2 12910679 197 16682763797165196455
HIT 2 14352471 219 13561799897046873520
HIT 2 14418007 220 8821417148490672688
HIT 2 14483543 221 11112941526478255174
HIT 2 14614615 223 12366663571827463653
HIT 2 14876759 227 3185450553555592963
HIT 2 14942295 228 4137445898881926681
HIT 2 15007831 229 2214632862376344808
HIT 2 15138903 231 13436421468071198139
HIT 2 12779652 195 1660776313802853715
HIT 2 12648582 193 14249007637587379810
HIT 2 12714118 194 9376200736513203358
HIT 2 12779654 195 4133659867894178619
HIT 2 12910726 197 4345879469115690645
HIT 2 14352518 219 8433953906238164899
HIT 2 14418054 220 10458472893450868461
HIT 2 14483590 221 6562194030458681714
HIT 2 14614662 223 8317303505416459415
HIT 2 14876806 227 15096536526039892759
HIT 2 14942342 228 13592384235803753435
HIT 2 15007878 229 2290911358669205185
HIT 2 15138950 231 12989217245448920141
HIT 2 8913031 136 6564963279817872155
HIT 2 12779655 195 14689652144393573243
HIT 2 14483591 221 3928915174189558346
HIT 2 15007879 229 5359134128606533344
HIT 2 12779656 195 6896481553785785834
HIT 2 14483592 221 5999649913220253245
HIT 2 15007880 229 12448993986678225330
HIT 2 14483588 221 1673979388673761420
HIT 2 15007876 229 11406999139480964492
HIT 2 14483649 221 701394869476121415
HIT 2 15007937 229 11687031322156881088
HIT 2 12910786 197 12416656637246500580
HIT 2 14483650 221 12828490445037423847
HIT 2 15007938 229 2734772345295357070
HIT 2 14352579 219 837155708572336369
HIT 2 14418115 220 6044482741890372230
HIT 2 14483651 221 3562183021368925590
HIT 2 14614723 223 13353750039624901502
HIT 2 14876867 227 1180903593158067641
HIT 2 14942403 228 14989931207541903938
HIT 2 15007939 229 12031270851413799365
HIT 2 15139011 231 12257591231629279973
HIT 2 14483653 221 12385536388708423549
HIT 2 15007941 229 11713972413815038228
HIT 2 15007963 229 17684477813198118813
HIT 2 14614748 223 11986618630867486688
HIT 2 15007964 229 891059428540276751
HIT 2 14876893 227 10413906407818811697
HIT 2 14942429 228 15943332587264857191
HIT 2 15007965 229 1103461649926475849
HIT 2 15139037 231 3794198595349973062
HIT 2 15007967 229 13384650343447822735
HIT 2 15139044 231 1580336592625712678
DONE data/p_a01.txt sz=2 range=[0,512) n=130560 zero=0 0.4s
HIT 3 575531319297 134 6944338448788879995
HIT 3 575531319298 134 5077017794363811553
HIT 3 837524324354 195 1089434457274322070
HIT 3 949193474050 221 6158946494834264450
HIT 3 983553212418 229 9281927835820117196
HIT 3 575531319296 134 2537416772542258094
HIT 3 837524324352 195 7357036447894999417
HIT 3 949193474048 221 14534819501940354639
HIT 3 983553212416 229 7390234259880635478
HIT 3 837524324353 195 15474000991840643532
HIT 3 949193474049 221 13315012708683326861
HIT 3 983553212417 229 11494359579520016355
HIT 3 575531319299 134 14667167740832331722
HIT 3 837524324355 195 17702213405510268579
HIT 3 949193474051 221 15855570307085142115
HIT 3 983553212419 229 12589807735904516136
HIT 3 837527404546 195 17603432822011024907
HIT 3 949196554242 221 15207213978803442243
HIT 3 983556292610 229 2761611238888802402
HIT 3 837527404544 195 5270573334569334951
HIT 3 949196554240 221 2788492987993518008
HIT 3 983556292608 229 7609480100210817272
HIT 3 837527404545 195 4959474718008872024
HIT 3 949196554241 221 9633354558957375006
HIT 3 983556292609 229 14668973863973879075
HIT 3 837527404547 195 9088993608781655523
HIT 3 949196554243 221 930741514595377292
HIT 3 983556292611 229 17406487306394750234
HIT 3 949200551936 221 9190229114562167796
HIT 3 983560290304 229 7706037032565319629
HIT 3 949200551937 221 5817923867139514700
HIT 3 983560290305 229 12870661913580979168
HIT 3 949200551938 221 14196176663194236693
HIT 3 983560290306 229 3884894198598523659
HIT 3 949200551939 221 16808587664041832618
HIT 3 983560290307 229 4545029866053440667
HIT 3 983561994240 229 4413546354350561367
HIT 3 983561994241 229 13676916272916049474
HIT 3 983561994242 229 17135591687796506139
HIT 3 983561994243 229 651474776620841170
HIT 3 575531319302 134 632980576689553652
HIT 3 837524324358 195 686184128364515780
HIT 3 949193474054 221 9877707133669392422
HIT 3 983553212422 229 16246959762951880415
HIT 3 575531319300 134 10042158989318373765
HIT 3 837524324356 195 16251305824326950574
HIT 3 949193474052 221 14018105866828212405
HIT 3 983553212420 229 17660339184927579147
HIT 3 575531319301 134 15843153261718351996
HIT 3 837524324357 195 2458245660340491296
HIT 3 949193474053 221 2965285412504354671
HIT 3 983553212421 229 11837013215826778292
HIT 3 575531319303 134 12956831627636293531
HIT 3 837524324359 195 17926245182993191571
HIT 3 949193474055 221 551031554033271385
HIT 3 983553212423 229 10932107530995758492
HIT 3 837527404548 195 2071241027908428601
HIT 3 949196554244 221 15391218305473634241
HIT 3 983556292612 229 6531455817657742012
HIT 3 837527404550 195 1401628959961078312
HIT 3 949196554246 221 8832439781475640923
HIT 3 983556292614 229 890215191830682267
HIT 3 837527404551 195 7939058433092360065
HIT 3 949196554247 221 220290297352048758
HIT 3 983556292615 229 621319155123760991
HIT 3 837527404549 195 2994368925348946627
HIT 3 949196554245 221 151093931286539493
HIT 3 983556292613 229 6897741214967936075
HIT 3 949200551940 221 14176995127379006066
HIT 3 983560290308 229 11684391996932765487
HIT 3 949200551941 221 18060340878752586501
HIT 3 983560290309 229 3327432729504752587
HIT 3 949200551942 221 17839618821497828318
HIT 3 983560290310 229 639280270849642898
HIT 3 949200551943 221 5016389239435922642
HIT 3 983560290311 229 7702150171449447587
HIT 3 983561994244 229 17799546983577869276
HIT 3 983561994245 229 11877577968730186450
HIT 3 983561994246 229 6834962420430379163
HIT 3 983561994247 229 1538773682248276623
HIT 3 575531319304 134 15097179097738955191
HIT 3 837524324360 195 14267179090465731935
HIT 3 949193474056 221 8642156013171947688
HIT 3 983553212424 229 8134320053035212522
HIT 3 575531319305 134 15382030692412434372
HIT 3 837524324361 195 14655561905435787297
HIT 3 949193474057 221 5590962384428771334
HIT 3 983553212425 229 12418976478722035137
HIT 3 575531319307 134 11455149793932945620
HIT 3 837524324363 195 8553127275368055555
HIT 3 949193474059 221 369024302752871452
HIT 3 983553212427 229 14304583963218882602
HIT 3 575531319306 134 6143495054604878975
HIT 3 837524324362 195 5685324461232058214
HIT 3 949193474058 221 8598014426709136034
HIT 3 983553212426 229 3314099428472784506
HIT 3 837527404553 195 17866184112890907127
HIT 3 949196554249 221 5225182520852079762
HIT 3 983556292617 229 17688052888709792066
HIT 3 837527404552 195 970039816824207039
HIT 3 949196554248 221 12630808994088955957
HIT 3 983556292616 229 4732328185373337223
HIT 3 837527404555 195 9939695062591744623
HIT 3 949196554251 221 6219767854089317248
HIT 3 983556292619 229 4347873155012103686
HIT 3 837527404554 195 11978578078576914265
HIT 3 949196554250 221 14709129017594485039
HIT 3 983556292618 229 11685283511342985158
HIT 3 949200551946 221 16567084477277198909
HIT 3 983560290314 229 4321630444866299602
HIT 3 949200551945 221 7212872910119435737
HIT 3 983560290313 229 3990781793463284497
HIT 3 949200551947 221 13341433719019320641
HIT 3 983560290315 229 2822032194803428536
HIT 3 983561994250 229 12097400840503587753
HIT 3 983561994249 229 2123571343307359601
HIT 3 983561994251 229 12103538435923651807
HIT 3 949200551944 221 164411864408359342
HIT 3 983560290312 229 1554889685543753054
HIT 3 983561994248 229 4982296681375867263
HIT 3 575531319308 134 11402275837907831441
HIT 3 837524324364 195 18308529925097819777
HIT 3 949193474060 221 6836183081884499393
HIT 3 983553212428 229 10764330105825198377
HIT 3 837527404556 195 10331056985858144178
HIT 3 949196554252 221 1053955492793337052
HIT 3 983556292620 229 5204820169924974828
HIT 3 575531319309 134 16823445078717362643
HIT 3 837524324365 195 11800273994822645260
HIT 3 949193474061 221 12798019449135929027
HIT 3 983553212429 229 14774088035384747438
HIT 3 949200551948 221 17220469801094856593
HIT 3 983560290316 229 8857335394421178026
HIT 3 837527404557 195 4428109973401601379
HIT 3 949196554253 221 11824435040177882366
HIT 3 983556292621 229 1462997630148823420
HIT 3 983561994252 229 4749624044410228917
HIT 3 575531319310 134 7949673321124830930
HIT 3 837524324366 195 15664468284907386787
HIT 3 949193474062 221 11568249192588644084
HIT 3 983553212430 229 15821579473785960495
HIT 3 575531319311 134 1735484027135258363
HIT 3 837524324367 195 2156974119158624817
HIT 3 949193474063 221 18322668835087075684
HIT 3 983553212431 229 6179443393888425790
HIT 3 949200551949 221 14095079950099300902
HIT 3 983560290317 229 13328735044984384567
HIT 3 983561994253 229 13895528852928368241
HIT 3 837527404558 195 7328928268085068826
HIT 3 949196554254 221 3151018862101275801
HIT 3 983556292622 229 16202071049175638037
HIT 3 837527404559 195 13085361386554390249
HIT 3 949196554255 221 837672522345518918
HIT 3 983556292623 229 15367161095503946924
HIT 3 575531319312 134 5717569902039271346
HIT 3 837524324368 195 11041417591833726564
HIT 3 949193474064 221 11255545434130166141
HIT 3 983553212432 229 11453353575892155261
HIT 3 837527404560 195 5168206957148524106
HIT 3 949196554256 221 13894225050635805680
HIT 3 983556292624 229 3482194231451417101
HIT 3 949200551950 221 12577116097437475655
HIT 3 983560290318 229 4327652959560737284
HIT 3 575531319313 134 2077045070172182507
HIT 3 837524324369 195 12731648536343773981
HIT 3 949193474065 221 14953336288022394871
HIT 3 983553212433 229 17970966591330229884
HIT 3 949200551951 221 13861522127436334479
HIT 3 983560290319 229 1431400051231506313
HIT 3 949200551952 221 14704760458516471943
HIT 3 983560290320 229 17671311107107996815
HIT 3 837527404561 195 6156553646154775207
HIT 3 949196554257 221 15045643677089955766
HIT 3 983556292625 229 10902401954046235750
HIT 3 983561994255 229 16036605472992218502
HIT 3 983561994256 229 194316402635393055
HIT 3 983561994254 229 7649658616653909779
HIT 3 949200551953 221 16886860364505287985
HIT 3 983560290321 229 16667759113437119819
HIT 3 983561994257 229 15407840937160816385
HIT 3 575531319314 134 5836639197951904194
HIT 3 837524324370 195 14344852060932830692
HIT 3 949193474066 221 4938735569905622514
HIT 3 983553212434 229 8882129569785186630
HIT 3 837527404562 195 4374686356002952741
HIT 3 949196554258 221 9845543336856491070
HIT 3 983556292626 229 4640186423582959084
HIT 3 575531319315 134 13947859336685932523
HIT 3 837524324371 195 565160046464756679
HIT 3 949193474067 221 3534813559331385579
HIT 3 983553212435 229 12167902437717749681
HIT 3 837527404563 195 16830036654296873948
HIT 3 949196554259 221 2812022177895054464
HIT 3 983556292627 229 15364065159615350889
HIT 3 949200551954 221 8967126941084585851
HIT 3 983560290322 229 11743995145083400823
HIT 3 983561994258 229 1823962276596834724
HIT 3 575531319316 134 10755759312872523991
HIT 3 837524324372 195 12450180156899336455
HIT 3 949193474068 221 10901386368026435811
HIT 3 983553212436 229 2825245579012107144
HIT 3 949200551955 221 2140308253296904895
HIT 3 983560290323 229 3959764341629159425
HIT 3 575531319317 134 2406141981440916939
HIT 3 837524324373 195 9121356009243066050
HIT 3 949193474069 221 16838148128213187410
HIT 3 983553212437 229 11960784756147423432
HIT 3 983561994259 229 15276689141529514715
HIT 3 837527404564 195 666134295037959625
HIT 3 949196554260 221 9283471370288242559
HIT 3 983556292628 229 9768206787103203179
HIT 3 837527404565 195 17739540111911237375
HIT 3 949196554261 221 13137327952268048696
HIT 3 983556292629 229 10024359380445048120
HIT 3 949200551957 221 4506921740144500838
HIT 3 983560290325 229 8214051095173330683
HIT 3 949200551956 221 1639341921842971770
HIT 3 983560290324 229 14278024471176653515
HIT 3 575531319318 134 14098892872015543601
HIT 3 837524324374 195 766368132558023585
HIT 3 949193474070 221 4672914117178108755
HIT 3 983553212438 229 18053169237543050743
HIT 3 983561994261 229 15577074451913857059
HIT 3 983561994260 229 6075213604319078793
HIT 3 837527404566 195 13052841354829828466
HIT 3 949196554262 221 2172421681269174408
HIT 3 983556292630 229 4216898166343611854
HIT 3 949200551958 221 12920883603759590344
HIT 3 983560290326 229 1202028441209845
HIT 3 983561994262 229 14901433867237483333
HIT 3 575531319319 134 11337689785647411354
HIT 3 837524324375 195 9156010445865342003
HIT 3 949193474071 221 10786020346926778082
HIT 3 983553212439 229 15788501146699331678
HIT 3 837527404567 195 3738508859793677242
HIT 3 949196554263 221 812028128449215943
HIT 3 983556292631 229 14290331790742798841
HIT 3 575531319321 134 800767275191119182
HIT 3 837524324377 195 3743614203436733239
HIT 3 949193474073 221 16060705657742531211
HIT 3 983553212441 229 5066553946776630093
HIT 3 575531319320 134 14430635870136168793
HIT 3 837524324376 195 9131067232795958415
HIT 3 949193474072 221 3788436261478364521
HIT 3 983553212440 229 14824900742262994054
HIT 3 949200551959 221 14331607754128940448
HIT 3 983560290327 229 7628732104175945792
HIT 3 983561994263 229 302929527660034786
HIT 3 837527404569 195 2633237885068034328
HIT 3 949196554265 221 4667486891961515577
HIT 3 983556292633 229 9809201112930385460
HIT 3 575531319322 134 16726659270777303577
HIT 3 837524324378 195 7976197781230347097
HIT 3 949193474074 221 725470316786729813
HIT 3 983553212442 229 13902941098947162708
HIT 3 837527404568 195 14138183118516859488
HIT 3 949196554264 221 16273372841207784659
HIT 3 983556292632 229 18074525536102649201
HIT 3 949200551961 221 12463675400991582333
HIT 3 983560290329 229 9369892507088357692
HIT 3 983561994265 229 5236735460426939211
HIT 3 837527404570 195 17590670410982237660
HIT 3 949196554266 221 18355202466435264617
HIT 3 983556292634 229 18115807956907934334
HIT 3 949200551960 221 4107537631319393527
HIT 3 983560290328 229 8089247430432858328
HIT 3 983561994264 229 3318531593197827678
HIT 3 949200551962 221 5729759295592983367
HIT 3 983560290330 229 14830882301226297619
HIT 3 575531319324 134 5508365810342399046
HIT 3 837524324380 195 10962481982237814436
HIT 3 949193474076 221 9673855456011032203
HIT 3 983553212444 229 1482577673235196520
HIT 3 983561994266 229 6856356296104838521
HIT 3 837527404572 195 15647090221157418502
HIT 3 949196554268 221 7737840067632855956
HIT 3 983556292636 229 1069250091157192666
HIT 3 949200551964 221 17788583197906918935
HIT 3 983560290332 229 976360168464693189
HIT 3 575531319323 134 16526535189744136534
HIT 3 837524324379 195 10859503472325147714
HIT 3 949193474075 221 2732478742981832685
HIT 3 983553212443 229 13920297752976098429
HIT 3 983561994268 229 15436976322112877841
HIT 3 837527404571 195 4403043456600088738
HIT 3 949196554267 221 5698221863585597995
HIT 3 983556292635 229 5758170285577263477
HIT 3 575531319326 134 15616543294705596662
HIT 3 837524324382 195 6060745665405267827
HIT 3 949193474078 221 7075561973087892241
HIT 3 983553212446 229 4917430639464189771
HIT 3 575531319325 134 490811280832461503
HIT 3 837524324381 195 16707871588061778998
HIT 3 949193474077 221 10337362371722372722
HIT 3 983553212445 229 15925445475685542264
HIT 3 949200551963 221 13603957583396644566
HIT 3 983560290331 229 5450633373664875381
HIT 3 837527404574 195 9700034125553746466
HIT 3 949196554270 221 13798015815684987755
HIT 3 983556292638 229 16131562586443643408
HIT 3 983561994267 229 6368773068101424747
HIT 3 837527404573 195 16276396656875455604
HIT 3 949196554269 221 15684567286683693071
HIT 3 983556292637 229 11174916654070320690
HIT 3 949200551966 221 3033164902958574210
HIT 3 983560290334 229 13240327505787885340
HIT 3 983561994270 229 3633614823159045096
HIT 3 575531319327 134 16868837469604711015
HIT 3 837524324383 195 10643160415277439390
HIT 3 949193474079 221 3525529123817102376
HIT 3 983553212447 229 16169842433638498521
HIT 3 949200551965 221 6728930385446239472
HIT 3 983560290333 229 2493221480873350110
HIT 3 983561994269 229 8949994690838415404
HIT 3 837527404575 195 17128718086506746060
HIT 3 949196554271 221 13931415888495515936
HIT 3 983556292639 229 545012550297431177
HIT 3 575531319328 134 6483137515219122306
HIT 3 837524324384 195 11880657185940572713
HIT 3 949193474080 221 8795664120831823767
HIT 3 983553212448 229 7640245952674715676
HIT 3 837527404576 195 17494294882811682148
HIT 3 949196554272 221 1535264767542559978
HIT 3 983556292640 229 1509814274491821998
HIT 3 949200551967 221 5807806360894118778
HIT 3 983560290335 229 5791070833807705932
HIT 3 575531319329 134 13501658493704085436
HIT 3 837524324385 195 6565730244856310209
HIT 3 949193474081 221 333086377840163460
HIT 3 983553212449 229 6294840625809598830
HIT 3 949200551968 221 1616849536859714698
HIT 3 983560290336 229 8282740228871986977
HIT 3 983561994271 229 3381497642342935928
HIT 3 983561994272 229 4087791158477514977
HIT 3 837527404577 195 9823385977038819773
HIT 3 949196554273 221 18422554574397258214
HIT 3 983556292641 229 17352896640771936624
HIT 3 575531319330 134 16641959039475556064
HIT 3 837524324386 195 10389290798692091766
HIT 3 949193474082 221 6054807323303080917
HIT 3 983553212450 229 17911190174611225105
HIT 3 949200551969 221 12673187469050322918
HIT 3 983560290337 229 688758784042335089
HIT 3 837527404578 195 7172550662518630750
HIT 3 949196554274 221 3619977464877087704
HIT 3 983556292642 229 16598435719747888193
HIT 3 983561994273 229 2982441731027574162
HIT 3 575531319331 134 8880622990499915778
HIT 3 837524324387 195 9250021370056027571
HIT 3 949193474083 221 961782865337815053
HIT 3 983553212451 229 17286784780132266261
HIT 3 575531319332 134 11246094189820249509
HIT 3 837524324388 195 11132676644079746750
HIT 3 949193474084 221 11352067547806187124
HIT 3 983553212452 229 1273205892953997588
HIT 3 837527404579 195 1477642526586227317
HIT 3 949196554275 221 10280546360128193403
HIT 3 983556292643 229 3694549578275493241
HIT 3 949200551970 221 13707273463762432381
HIT 3 983560290338 229 12156451087180762039
HIT 3 983561994274 229 2188164017150831944
HIT 3 837527404580 195 13839470356931089328
HIT 3 949196554276 221 1603027826759483512
HIT 3 983556292644 229 15069012730648076301
HIT 3 949200551971 221 3802170929000476847
HIT 3 983560290339 229 4284188786783953727
HIT 3 983561994275 229 4023351239191812951
HIT 3 949200551972 221 10849386577196216644
HIT 3 983560290340 229 7467627908978845241
HIT 3 983561994276 229 7861349400401533301
HIT 3 575531319333 134 2296813729426284082
HIT 3 837524324389 195 9653059528107630285
HIT 3 949193474085 221 4254945716086488344
HIT 3 983553212453 229 17862163909752579993
HIT 3 837527404581 195 15791209084568557437
HIT 3 949196554277 221 14742239952729435929
HIT 3 983556292645 229 13981730255411387112
HIT 3 575531319334 134 9591270136459052687
HIT 3 837524324390 195 5027293011569881660
HIT 3 949193474086 221 5217390938779070978
HIT 3 983553212454 229 17815637169926778327
HIT 3 575531319335 134 7517221222269996153
HIT 3 837524324391 195 468276784543962045
HIT 3 949193474087 221 4183782851810824549
HIT 3 983553212455 229 6172928137321760090
HIT 3 575531319336 134 16795246377839539112
HIT 3 837524324392 195 1780831017712099797
HIT 3 949193474088 221 7658176172274772718
HIT 3 983553212456 229 5092753455215081940
HIT 3 837527404583 195 17804111854091763171
HIT 3 949196554279 221 11261768460629380672
HIT 3 983556292647 229 9676439681562941332
HIT 3 949200551973 221 955424018853262981
HIT 3 983560290341 229 14253632143096723181
HIT 3 837527404582 195 7185578792754120113
HIT 3 949196554278 221 7737897640526946589
HIT 3 983556292646 229 9713643038499186404
HIT 3 983561994277 229 10257611002366174892
HIT 3 837527404584 195 13433860193427908405
HIT 3 949196554280 221 2129690442023514385
HIT 3 983556292648 229 3559607731049709991
HIT 3 949200551975 221 13096601549593363815
HIT 3 983560290343 229 9350578648494414998
HIT 3 983561994279 229 7845351545546354618
HIT 3 949200551974 221 220545454720178961
HIT 3 983560290342 229 13558534388654438769
HIT 3 949200551976 221 14211010531821050205
HIT 3 983560290344 229 16407154069271612534
HIT 3 983561994280 229 11383697639551709515
HIT 3 983561994278 229 16074087235438897103
HIT 3 575531319337 134 15293707489671459764
HIT 3 837524324393 195 3002268457023674564
HIT 3 949193474089 221 7824111942874182220
HIT 3 983553212457 229 8806699329234324065
HIT 3 837527404585 195 1035488940919047568
HIT 3 949196554281 221 13873365424842827055
HIT 3 983556292649 229 7755469927903367661
HIT 3 575531319338 134 11476669310061836714
HIT 3 837524324394 195 4546831471230892778
HIT 3 949193474090 221 15848438969744237415
HIT 3 983553212458 229 10504976716311705101
HIT 3 949200551977 221 1580214947965535707
HIT 3 983560290345 229 5905431624031157140
HIT 3 983561994281 229 8009114608696348186
HIT 3 837527404586 195 15117612412506020329
HIT 3 949196554282 221 3443435801938081467
HIT 3 983556292650 229 11846102934357429326
HIT 3 575531319339 134 4129845596833559472
HIT 3 837524324395 195 10552059306967265504
HIT 3 949193474091 221 7306107831650260226
HIT 3 983553212459 229 16677537154067328004
HIT 3 575531319340 134 13479603624975756811
HIT 3 837524324396 195 2049291878765242443
HIT 3 949193474092 221 10271907070212733833
HIT 3 983553212460 229 10575496463068553468
HIT 3 949200551978 221 12780272835458566773
HIT 3 983560290346 229 12666964519237828575
HIT 3 837527404587 195 11318958408814114461
HIT 3 949196554283 221 9785799156796924501
HIT 3 983556292651 229 3410806039989207755
HIT 3 837527404588 195 17480134038509955615
HIT 3 949196554284 221 2951372766927853344
HIT 3 983556292652 229 17138093354217506555
HIT 3 575531319341 134 16793694035544241043
HIT 3 837524324397 195 17014529856446313472
HIT 3 949193474093 221 6887405733916526106
HIT 3 983553212461 229 6645513228942110793
HIT 3 983561994282 229 2406695437498810793
HIT 3 949200551979 221 10611328836202350259
HIT 3 983560290347 229 13611735665490213725
HIT 3 983561994283 229 13755726923752052924
HIT 3 837527404589 195 409634456448243248
HIT 3 949196554285 221 3108917848525168816
HIT 3 983556292653 229 10526028684218913243
HIT 3 949200551980 221 16559838990194106526
HIT 3 983560290348 229 10143137022837890442
HIT 3 949200551981 221 16173238910824737709
HIT 3 983560290349 229 9505677055316510749
HIT 3 983561994285 229 4327254078210997893
HIT 3 983561994284 229 4483030859753039871
HIT 3 575531319342 134 7255071907466668521
HIT 3 837524324398 195 9253146077856011701
HIT 3 949193474094 221 4331120773225882831
HIT 3 983553212462 229 13610605153444048105
HIT 3 575531319344 134 4843238256680109124
HIT 3 837524324400 195 2552038731945160551
HIT 3 949193474096 221 8334329635123452060
HIT 3 983553212464 229 2619617450272364849
HIT 3 837527404590 195 18072236801697326676
HIT 3 949196554286 221 11883243090049247552
HIT 3 983556292654 229 18309260718360090628
HIT 3 575531319343 134 6385557892412145388
HIT 3 837524324399 195 3276436463875397598
HIT 3 949193474095 221 5891709111970307586
HIT 3 983553212463 229 815509868763460730
HIT 3 837527404592 195 17505429261069125981
HIT 3 949196554288 221 2896345584037727426
HIT 3 983556292656 229 11682176096159979984
HIT 3 575531319345 134 3182790649483495732
HIT 3 837524324401 195 10309718483375749863
HIT 3 949193474097 221 12168189020219160030
HIT 3 983553212465 229 4612125897881305392
HIT 3 949200551984 221 12957161700330852005
HIT 3 983560290352 229 370030856280807133
HIT 3 949200551982 221 9859489829386206199
HIT 3 983560290350 229 14427501084096011864
HIT 3 983561994288 229 17152740249638898803
HIT 3 837527404591 195 7641067031286855006
HIT 3 949196554287 221 7460487419739437270
HIT 3 983556292655 229 3958263209469929880
HIT 3 837527404593 195 12614163164381905461
HIT 3 949196554289 221 2047564477768130630
HIT 3 983556292657 229 1278619296354788928
HIT 3 983561994286 229 12292658789676634571
HIT 3 949200551985 221 13004553916084341943
HIT 3 983560290353 229 7866652187093801785
HIT 3 949200551983 221 9467374369904009056
HIT 3 983560290351 229 2099263524055211836
HIT 3 983561994289 229 8632079551563975807
HIT 3 983561994287 229 1390060670576161235
HIT 3 575531319346 134 17981038234439612162
HIT 3 837524324402 195 6980497918951288585
HIT 3 949193474098 221 14900395992580159516
HIT 3 983553212466 229 8647363447225776402
HIT 3 575531319347 134 1747945884088212782
HIT 3 837524324403 195 15712324935251647789
HIT 3 949193474099 221 12548854111599400068
HIT 3 983553212467 229 12163610300251635548
HIT 3 837527404594 195 11689094021694664978
HIT 3 949196554290 221 12237015249157555885
HIT 3 983556292658 229 17550133106284969678
HIT 3 837527404595 195 14311436764774981770
HIT 3 949196554291 221 15497636562365300557
HIT 3 983556292659 229 3842615045974608323
HIT 3 575531319348 134 7373673556123322699
HIT 3 837524324404 195 10406026421964505733
HIT 3 949193474100 221 6890518867612632207
HIT 3 983553212468 229 3953993755042468237
HIT 3 949200551986 221 14228960475114219314
HIT 3 983560290354 229 3905528645013932420
HIT 3 949200551987 221 5531714996187874139
HIT 3 983560290355 229 5101048330654612704
HIT 3 983561994290 229 16413427805632777133
HIT 3 983561994291 229 13610598466149495849
HIT 3 575531319349 134 14118465433164282684
HIT 3 837524324405 195 14063805249811918116
HIT 3 949193474101 221 5935394652417327118
HIT 3 983553212469 229 12339379060653847512
HIT 3 837527404596 195 90972287541819829
HIT 3 949196554292 221 17508708885272731224
HIT 3 983556292660 229 11058710195793724996
HIT 3 837527404597 195 3739858635898910667
HIT 3 949196554293 221 1658021738826002934
HIT 3 983556292661 229 16313133380796335905
HIT 3 949200551988 221 4346972220690688809
HIT 3 983560290356 229 15997253115202425233
HIT 3 983561994292 229 5357101439078516184
HIT 3 949200551989 221 6363881106391061058
HIT 3 983560290357 229 15897830263160564221
HIT 3 575531319350 134 3680333776312364823
HIT 3 837524324406 195 7516584209067588300
HIT 3 949193474102 221 6607480655856611480
HIT 3 983553212470 229 1238473983464634317
HIT 3 575531319351 134 14954342436335411174
HIT 3 837524324407 195 9540031038767418446
HIT 3 949193474103 221 18126263089842887975
HIT 3 983553212471 229 11159554196794429099
HIT 3 983561994293 229 15488361700498751263
HIT 3 837527404598 195 1893676450415742393
HIT 3 949196554294 221 17782890182467191335
HIT 3 983556292662 229 16889986146733423349
HIT 3 837527404599 195 9887586047174973966
HIT 3 949196554295 221 8505554989255439565
HIT 3 983556292663 229 5991067399480344113
HIT 3 949200551990 221 4678024623394300798
HIT 3 983560290358 229 11265376608951416050
HIT 3 575531319352 134 3137972283640021036
HIT 3 837524324408 195 12354846001632361695
HIT 3 949193474104 221 14422002190453236124
HIT 3 983553212472 229 17054405845305361374
HIT 3 949200551991 221 13579057885962156409
HIT 3 983560290359 229 12837060820348267958
HIT 3 983561994294 229 2259303528095692389
HIT 3 983561994295 229 11330214179743784569
HIT 3 837527404600 195 7579181092422437667
HIT 3 949196554296 221 1525499805041401006
HIT 3 983556292664 229 9087857759297505613
HIT 3 575531319353 134 17399955694759042826
HIT 3 837524324409 195 10473112678933461901
HIT 3 949193474105 221 3140962679225399820
HIT 3 983553212473 229 12048978824521197035
HIT 3 949200551992 221 12490841943446934048
HIT 3 983560290360 229 16968182040275433797
HIT 3 983561994296 229 12358579697632724080
HIT 3 837527404601 195 7953959223598956231
HIT 3 949196554297 221 6438472307685512222
HIT 3 983556292665 229 10859261370035214429
HIT 3 575531319354 134 14572587684719647769
HIT 3 837524324410 195 7350222560957397955
HIT 3 949193474106 221 11415841711244708605
HIT 3 983553212474 229 497862952657128429
HIT 3 575531319355 134 11622120660805850462
HIT 3 837524324411 195 10522046048133678252
HIT 3 949193474107 221 14935051274347410621
HIT 3 983553212475 229 2009550713775543261
HIT 3 837527404602 195 15484388582399863068
HIT 3 949196554298 221 14054574428262628132
HIT 3 983556292666 229 2603136692770431584
HIT 3 949200551993 221 4675481545606393309
HIT 3 983560290361 229 17766215784862352815
HIT 3 575531319356 134 16839693072170601002
HIT 3 837524324412 195 5359758609290670277
HIT 3 949193474108 221 1409525069496458277
HIT 3 983553212476 229 6561286414298030014
HIT 3 949200551994 221 8211708771457151334
HIT 3 983560290362 229 4924363498857909645
HIT 3 837527404603 195 15282789173054657717
HIT 3 949196554299 221 14858159795084980541
HIT 3 983556292667 229 10736236283090443288
HIT 3 983561994297 229 926881417023233206
HIT 3 983561994298 229 14498444062400179295
HIT 3 837527404604 195 14701626946598917860
HIT 3 949196554300 221 9199961507490274211
HIT 3 983556292668 229 5945385799625209924
HIT 3 949200551995 221 12863937806193461221
HIT 3 983560290363 229 12895196121313230592
HIT 3 983561994299 229 14821004077343934610
HIT 3 949200551996 221 47937563861034246
HIT 3 983560290364 229 4702778614230473331
HIT 3 983561994300 229 11255552372042524432
HIT 3 575531319357 134 4754953197418442315
HIT 3 837524324413 195 2457439905109923323
HIT 3 949193474109 221 811831457430452544
HIT 3 983553212477 229 15706289103230796010
HIT 3 575531319358 134 2049421732678107976
HIT 3 837524324414 195 11681656757218949585
HIT 3 949193474110 221 800005851458143902
HIT 3 983553212478 229 15924831507704380636
HIT 3 837527404605 195 13411908941176691086
HIT 3 949196554301 221 1245381379341255218
HIT 3 983556292669 229 17409056275503945160
HIT 3 575531319359 134 1039806635900062762
HIT 3 837524324415 195 5665815523243494886
HIT 3 949193474111 221 1826451567528194772
HIT 3 983553212479 229 11064266268738189224
HIT 3 575531319360 134 4690100827162138385
HIT 3 837524324416 195 17563745826499330334
HIT 3 949193474112 221 12877112305277350771
HIT 3 983553212480 229 18178692517365076838
HIT 3 837527404606 195 18186775532225438470
HIT 3 949196554302 221 5936196583184147791
HIT 3 983556292670 229 15473230276510454884
HIT 3 949200551997 221 2862583221302314238
HIT 3 983560290365 229 12677802193505164068
HIT 3 983561994301 229 10483842289938772116
HIT 3 837527404608 195 15143458378021238537
HIT 3 949196554304 221 14723698683766558074
HIT 3 983556292672 229 5934834829467229578
HIT 3 837527404607 195 1889113996789209039
HIT 3 949196554303 221 3569092710758911593
HIT 3 983556292671 229 8641001957395832923
HIT 3 949200551998 221 8355863499212297405
HIT 3 983560290366 229 4005465493266154040
HIT 3 983561994302 229 4499019543295899450
HIT 3 949200552000 221 3125211415123573368
HIT 3 983560290368 229 11128789219528318235
HIT 3 983561994304 229 7106479097946458407
HIT 3 949200551999 221 14100049489001151890
HIT 3 983560290367 229 16943898184959025555
HIT 3 575531319361 134 9519702054710110548
HIT 3 837524324417 195 8101868107492234699
HIT 3 949193474113 221 4052688172614118082
HIT 3 983553212481 229 14701347894233945678
HIT 3 983561994303 229 7209346368099635699
HIT 3 837527404609 195 8857825980629740746
HIT 3 949196554305 221 12498836301423467643
HIT 3 983556292673 229 4552233893233008639
HIT 3 575531319362 134 5146411871471940243
HIT 3 837524324418 195 17213400371511996833
HIT 3 949193474114 221 2425309812889091666
HIT 3 983553212482 229 11384166301545833224
HIT 3 575531319363 134 15863540002443683
HIT 3 837524324419 195 4432513204103177505
HIT 3 949193474115 221 17099157884567095035
HIT 3 983553212483 229 14211373321436679840
HIT 3 949200552001 221 16458649219854757880
HIT 3 983560290369 229 13982208236022900410
HIT 3 983561994305 229 13695559962034872805
HIT 3 837527404611 195 9729765841414402858
HIT 3 949196554307 221 8001789425261135078
HIT 3 983556292675 229 1583339762532088109
HIT 3 837527404610 195 10514309057213689105
HIT 3 949196554306 221 14955961203256962994
HIT 3 983556292674 229 966796506385179383
HIT 3 575531319364 134 9713099157708704566
HIT 3 837524324420 195 4634605986001454763
HIT 3 949193474116 221 1872276947135500324
HIT 3 983553212484 229 1430630276434136809
HIT 3 949200552003 221 336591140112057072
HIT 3 983560290371 229 7811971628143898863
HIT 3 983561994307 229 15262455317193152330
HIT 3 949200552002 221 18432542135669372481
HIT 3 983560290370 229 3754221626193083620
HIT 3 575531319365 134 7965439328897196280
HIT 3 837524324421 195 3704914569132221658
HIT 3 949193474117 221 1944896706028919258
HIT 3 983553212485 229 5737728271514487359
HIT 3 983561994306 229 5801121102722356453
HIT 3 837527404612 195 1364798305624515641
HIT 3 949196554308 221 3185573432707959222
HIT 3 983556292676 229 1660995345844630119
HIT 3 837527404613 195 11751642028582592962
HIT 3 949196554309 221 13332679174890029895
HIT 3 983556292677 229 13412283502101985041
HIT 3 949200552004 221 9311982821396439844
HIT 3 983560290372 229 9541667004338218757
HIT 3 949200552005 221 4561049589830873403
HIT 3 983560290373 229 15307579218570785894
HIT 3 983561994309 229 15568777566753171219
HIT 3 983561994308 229 1246102641665125913
HIT 3 575531319366 134 21179758985656363
HIT 3 837524324422 195 8196934519751485648
HIT 3 949193474118 221 17716112954053656805
HIT 3 983553212486 229 5112131050462848768
HIT 3 837527404614 195 9150244780517352349
HIT 3 949196554310 221 5612637329939479548
HIT 3 983556292678 229 9073113015053936558
HIT 3 575531319368 134 7539551740174397356
HIT 3 837524324424 195 10899089772385249656
HIT 3 949193474120 221 8563547496937239730
HIT 3 983553212488 229 14537492896676447980
HIT 3 575531319367 134 2729188995556209196
HIT 3 837524324423 195 5248884103173217351
HIT 3 949193474119 221 15027629991480960169
HIT 3 983553212487 229 8272138478046022389
HIT 3 837527404616 195 9001222675370894783
HIT 3 949196554312 221 2854357433727246346
HIT 3 983556292680 229 5753432671246839192
HIT 3 837527404615 195 16654937515563244860
HIT 3 949196554311 221 1159691230645583623
HIT 3 983556292679 229 16013360809470162983
HIT 3 949200552006 221 13187159985122016760
HIT 3 983560290374 229 10731767982758039549
HIT 3 949200552008 221 6787534106800466079
HIT 3 983560290376 229 3757843730320079518
HIT 3 983561994312 229 8017786449484911897
HIT 3 575531319369 134 18363419446192415097
HIT 3 837524324425 195 13275135836459392773
HIT 3 949193474121 221 6051335245437188851
HIT 3 983553212489 229 3391807799908290837
HIT 3 983561994310 229 15054101465628775877
HIT 3 949200552007 221 1103015077341480406
HIT 3 983560290375 229 18378192174986929420
HIT 3 983561994311 229 4142071339738318465
HIT 3 575531319370 134 15495878171208342703
HIT 3 837524324426 195 1733259590042627401
HIT 3 949193474122 221 240360864196580296
HIT 3 983553212490 229 1862653180125960881
HIT 3 837527404617 195 18317775015830909289
HIT 3 949196554313 221 15272009961251126258
HIT 3 983556292681 229 13580627671855354710
HIT 3 837527404618 195 17214226214150328675
HIT 3 949196554314 221 9809285632225825947
HIT 3 983556292682 229 11923043828022111092
HIT 3 949200552010 221 13028315230002819821
HIT 3 983560290378 229 6646753823249222402
HIT 3 949200552009 221 775413015010860180
HIT 3 983560290377 229 2227805407314628883
HIT 3 983561994313 229 12826454124578336097
HIT 3 983561994314 229 3501165664700516949
HIT 3 575531319371 134 16628900208868521800
HIT 3 837524324427 195 1508317247520132216
HIT 3 949193474123 221 15934471066945781481
HIT 3 983553212491 229 6016521022819715513
HIT 3 575531319372 134 17413353760194661548
HIT 3 837524324428 195 17134868897837084226
HIT 3 949193474124 221 4464876491310393527
HIT 3 983553212492 229 11496201887403811544
HIT 3 837527404619 195 5882863295819975597
HIT 3 949196554315 221 8727895131783970877
HIT 3 983556292683 229 5494936293124553652
HIT 3 575531319373 134 8260488858981494609
HIT 3 837524324429 195 11639235419483730921
HIT 3 949193474125 221 12170308377605591461
HIT 3 983553212493 229 12479486104949863480
HIT 3 837527404620 195 7401670575652718426
HIT 3 949196554316 221 7924833529404548372
HIT 3 983556292684 229 722276511272879104
HIT 3 837527404621 195 14223102792804406578
HIT 3 949196554317 221 11255566389986385702
HIT 3 983556292685 229 17159703009343103691
HIT 3 949200552011 221 15029147599865129748
HIT 3 983560290379 229 6523440836918886735
HIT 3 949200552013 221 16162306569953637892
HIT 3 983560290381 229 9783124982019280113
HIT 3 983561994315 229 15336784702913705661
HIT 3 575531319374 134 4631884694260667186
HIT 3 837524324430 195 3745839975123519046
HIT 3 949193474126 221 16613408039497096394
HIT 3 983553212494 229 11205356145634277985
HIT 3 983561994317 229 10043958541160150554
HIT 3 949200552012 221 3262521443877038533
HIT 3 983560290380 229 1235944187381031940
HIT 3 983561994316 229 6545327750903133834
HIT 3 575531319375 134 5060200687948529601
HIT 3 837524324431 195 14203428684566455504
HIT 3 949193474127 221 6697040528748355032
HIT 3 983553212495 229 5483235575124342887
HIT 3 837527404622 195 13334470656043165364
HIT 3 949196554318 221 4980647381516254346
HIT 3 983556292686 229 18158951404733040481
HIT 3 837527404623 195 868341994814255754
HIT 3 949196554319 221 10015371101680947550
HIT 3 983556292687 229 15331194048381377328
HIT 3 949200552015 221 9413556149569299331
HIT 3 983560290383 229 4565848336177148859
HIT 3 575531319376 134 9603546388123473034
HIT 3 837524324432 195 6513995750243431812
HIT 3 949193474128 221 3850008993889139449
HIT 3 983553212496 229 6441565783014085483
HIT 3 983561994319 229 16486501733918699055
HIT 3 949200552014 221 2526190751585287744
HIT 3 983560290382 229 15222389651621080389
HIT 3 575531319377 134 14947660206772295738
HIT 3 837524324433 195 12505563627948294153
HIT 3 949193474129 221 11237691796414160785
HIT 3 983553212497 229 10968251305978421715
HIT 3 983561994318 229 14755687263417519201
HIT 3 837527404624 195 11348238641106160632
HIT 3 949196554320 221 4597636715645464317
HIT 3 983556292688 229 903717559389657991
HIT 3 837527404625 195 14204594623607291697
HIT 3 949196554321 221 1652247873229667943
HIT 3 983556292689 229 11785763204981878784
HIT 3 575531319378 134 15649029530990536008
HIT 3 837524324434 195 5490282326571051595
HIT 3 949193474130 221 3401415490666990209
HIT 3 983553212498 229 7612167813104940894
HIT 3 949200552016 221 1757161290962413865
HIT 3 983560290384 229 16057997898668527819
HIT 3 949200552017 221 12567295688401751861
HIT 3 983560290385 229 16558423131899005957
HIT 3 575531188307 134 15649029530990536008
HIT 3 837524193363 195 5490282326571051595
HIT 3 949193343059 221 3401415490666990209
HIT 3 983553081427 229 7612167813104940894
HIT 3 575531319379 134 17764090487647067748
HIT 3 837524324435 195 8062863756894712297
HIT 3 949193474131 221 2480428994007029663
HIT 3 983553212499 229 16763270580455255554
HIT 3 983561994320 229 7183703887539632409
HIT 3 837527404626 195 3117373275635799115
HIT 3 949196554322 221 12819590550030774175
HIT 3 983556292690 229 13047498031957482569
HIT 3 983561994321 229 9544006161308083
HIT 3 837527404627 195 15258315891364321883
HIT 3 949196554323 221 14679932317349843695
HIT 3 983556292691 229 11709824367221840124
HIT 3 949200552018 221 10255195439118607996
HIT 3 983560290386 229 7645202200181578688
HIT 3 983561994322 229 12936097060556773708
HIT 3 949200552019 221 5656410755384170460
HIT 3 983560290387 229 14088739225491523939
HIT 3 983561994323 229 13122503063915326792
HIT 3 575531319380 134 14068638890262252847
HIT 3 837524324436 195 15698903440886592302
HIT 3 949193474132 221 8004294974565433227
HIT 3 983553212500 229 2003287015532493814
HIT 3 575531450452 134 15033889782387200055
HIT 3 837524455508 195 8118606211073685822
HIT 3 949193605204 221 8893685376645588007
HIT 3 983553343572 229 10339199084028573694
HIT 3 575531319381 134 15033889782387200055
HIT 3 837524324437 195 8118606211073685822
HIT 3 949193474133 221 8893685376645588007
HIT 3 983553212501 229 10339199084028573694
HIT 3 390847791190 91 8165309744973494154
HIT 3 575531384918 134 14914156272995527729
HIT 3 837524389974 195 17648777727555916099
HIT 3 949193539670 221 11911924469171324082
HIT 3 983553278038 229 7230071193280561078
HIT 3 566941515862 132 12186369387397036994
HIT 3 575531450454 134 4474732124262933791
HIT 3 579826417750 135 18057319595458060393
HIT 3 584121385046 136 15828134485017931001
HIT 3 828934520918 193 12315721915338182689
HIT 3 833229488214 194 17664038114750545981
HIT 3 837524455510 195 12803332895288753697
HIT 3 846114390102 197 16682763797165196455
HIT 3 940603670614 219 13561799897046873520
HIT 3 944898637910 220 8821417148490672688
HIT 3 949193605206 221 11112941526478255174
HIT 3 957783539798 223 12366663571827463653
HIT 3 974963408982 227 3185450553555592963
HIT 3 979258376278 228 4137445898881926681
HIT 3 983553343574 229 2214632862376344808
HIT 3 992143278166 231 13436421468071198139
HIT 3 575531581526 134 16942747869335855773
HIT 3 837524586582 195 7475471281818270358
HIT 3 949193736278 221 15862213620831131488
HIT 3 983553474646 229 9011818676784002442
HIT 3 837527273557 195 14371976889235493399
HIT 3 949196423253 221 17401161012405169308
HIT 3 983556161621 229 12150895059635847896
HIT 3 828937470037 193 7024252896919714278
HIT 3 833232437333 194 13214218807650595624
HIT 3 837527404629 195 17667266075066789271
HIT 3 846117339221 197 868381299506967597
HIT 3 940606619733 219 8668941794988157181
HIT 3 944901587029 220 17758255805993933727
HIT 3 949196554325 221 18028883578442643429
HIT 3 957786488917 223 12846866715531580993
HIT 3 974966358101 227 5656573434818490941
HIT 3 979261325397 228 16810923641618327515
HIT 3 983556292693 229 17907336954730615862
HIT 3 992146227285 231 17684864549920793094
HIT 3 584124399701 136 14068638890262252847
HIT 3 837527470165 195 16793971765279587769
HIT 3 949196619861 221 9672114466761356475
HIT 3 983556358229 229 8205947372543902571
HIT 3 837527535701 195 10986522397652979589
HIT 3 949196685397 221 12791655124464260589
HIT 3 983556423765 229 9953625040409312995
HIT 3 949200420949 221 1270383733562219461
HIT 3 983560159317 229 7124076494711960407
HIT 3 846121271381 197 15698903440886592302
HIT 3 949200486485 221 13064891872948653700
HIT 3 983560224853 229 17835286688209047253
HIT 3 940610617429 219 6809712372985353064
HIT 3 944905584725 220 220773360709081766
HIT 3 949200552021 221 8313950921468161171
HIT 3 957790486613 223 6761472462255880109
HIT 3 974970355797 227 3276140742134492210
HIT 3 979265323093 228 4117521988496918776
HIT 3 983560290389 229 13421971179744443109
HIT 3 992150224981 231 7010010937811749310
HIT 3 949200683093 221 7498460994821182692
HIT 3 983560421461 229 709085768677239267
HIT 3 983561863253 229 12828353999861762085
HIT 3 957792125013 223 8004294974565433227
HIT 3 983561928789 229 1409247987583762841
HIT 3 974972059733 227 8114673795086327449
HIT 3 979267027029 228 14750361437369356077
HIT 3 983561994325 229 4790315342785038597
HIT 3 992151928917 231 15083713710396655608
HIT 3 983562125397 229 14398786231859328258
HIT 3 992152387669 231 2003287015532493814
HIT 3 837527404628 195 149913674903371062
HIT 3 949196554324 221 4904854131837969487
HIT 3 983556292692 229 10503800691532384385
HIT 3 575531384919 134 1043254696385957594
HIT 3 837524389975 195 8592120988144477098
HIT 3 949193539671 221 4174238072089859140
HIT 3 983553278039 229 15208868640715419505
HIT 3 575531450455 134 16942747869335855773
HIT 3 837524455511 195 7475471281818270358
HIT 3 949193605207 221 15862213620831131488
HIT 3 983553343575 229 9011818676784002442
HIT 3 575531515991 134 14914156272995527729
HIT 3 837524521047 195 17648777727555916099
HIT 3 949193670743 221 11911924469171324082
HIT 3 983553409111 229 7230071193280561078
HIT 3 575531581527 134 11416739915692177348
HIT 3 837524586583 195 11370674961192764580
HIT 3 949193736279 221 9003401060097963507
HIT 3 983553474647 229 16261504005131074304
HIT 3 575531647063 134 3425774198429400719
HIT 3 837524652119 195 8560747850467528776
HIT 3 949193801815 221 16263908407124917308
HIT 3 983553540183 229 2979337309059285119
HIT 3 575531712599 134 1189587487344239664
HIT 3 837524717655 195 2492033670642041812
HIT 3 949193867351 221 4782354587298640442
HIT 3 983553605719 229 16795049371117913482
HIT 3 575531778135 134 9226011640003014865
HIT 3 837524783191 195 7827238909067397527
HIT 3 949193932887 221 3886129361794639837
HIT 3 983553671255 229 2627191690065558096
HIT 3 575531843671 134 16425630660316308105
HIT 3 837524848727 195 5398152029571857068
HIT 3 949193998423 221 12390911447947686267
HIT 3 983553736791 229 5859027526367793282
HIT 3 575531909207 134 6383732233483792874
HIT 3 837524914263 195 1361471354563606419
HIT 3 949194063959 221 12911093385101350561
HIT 3 983553802327 229 8661844381363863809
HIT 3 575531974743 134 181147881455832361
HIT 3 837524979799 195 16103347482002349402
HIT 3 949194129495 221 1249774702450815090
HIT 3 983553867863 229 17476193796049849443
HIT 3 575532040279 134 11738676731854676505
HIT 3 837525045335 195 16430436970456753753
HIT 3 949194195031 221 12293949630226013315
HIT 3 983553933399 229 5052289561460678045
HIT 3 575532105815 134 13643430152593260512
HIT 3 837525110871 195 4371650311781608086
HIT 3 949194260567 221 11165665256025843607
HIT 3 983553998935 229 10858645260620332232
HIT 3 575532171351 134 6467814674370959354
HIT 3 837525176407 195 1320091839299757170
HIT 3 949194326103 221 3253089416321414657
HIT 3 983554064471 229 6791308240443660176
HIT 3 575532236887 134 5627899880191828006
HIT 3 837525241943 195 18383798848633929584
HIT 3 949194391639 221 11226931248564490052
HIT 3 983554130007 229 9511985950861429986
HIT 3 575532302423 134 11116893817340310693
HIT 3 837525307479 195 6599712394977006075
HIT 3 949194457175 221 17264869324963881671
HIT 3 983554195543 229 15819152255270388500
HIT 3 575532367959 134 17049213397329816059
HIT 3 837525373015 195 13828264189951814692
HIT 3 949194522711 221 5085361299276621488
HIT 3 983554261079 229 14191020185883463135
HIT 3 575532433495 134 15629775286413646985
HIT 3 837525438551 195 6613368284638941656
HIT 3 949194588247 221 16898672977341210814
HIT 3 983554326615 229 8704631944617169319
HIT 3 575532499031 134 8103570445002232544
HIT 3 837525504087 195 5794325579491040894
HIT 3 949194653783 221 5244244379023250746
HIT 3 983554392151 229 9839911841697953719
HIT 3 575532564567 134 13250316730373047533
HIT 3 837525569623 195 9269635687218702658
HIT 3 949194719319 221 13789422431024286771
HIT 3 983554457687 229 17353551731258580770
HIT 3 575532630103 134 268697407322438034
HIT 3 837525635159 195 15956570921459578796
HIT 3 949194784855 221 2165207173306812019
HIT 3 983554523223 229 3569226434559463717
HIT 3 575532695639 134 17323178547163190140
HIT 3 837525700695 195 11602161635971239439
HIT 3 949194850391 221 3202262588473380858
HIT 3 983554588759 229 2858899967126145690
HIT 3 575532761175 134 7300958302956168332
HIT 3 837525766231 195 5577333914615404586
HIT 3 949194915927 221 15641739967974939840
HIT 3 983554654295 229 9357815853576225806
HIT 3 575532826711 134 4487841799718203228
HIT 3 837525831767 195 10133161918190695148
HIT 3 949194981463 221 8959867731690119391
HIT 3 983554719831 229 1104895678499288717
HIT 3 575532892247 134 14944061311580972081
HIT 3 837525897303 195 12383187852276267504
HIT 3 949195046999 221 5608771408207333936
HIT 3 983554785367 229 1589671997911230985
HIT 3 575532957783 134 17916989692004720905
HIT 3 837525962839 195 9596582691998919595
HIT 3 949195112535 221 3322832315924112110
HIT 3 983554850903 229 8706464526576247359
HIT 3 575533023319 134 6409886603734160306
HIT 3 837526028375 195 8344617452620581116
HIT 3 949195178071 221 17356338349546238465
HIT 3 983554916439 229 16380067235942220446
HIT 3 575533088855 134 11134872478383618668
HIT 3 837526093911 195 12917043982880070247
HIT 3 949195243607 221 8273544200383959126
HIT 3 983554981975 229 5143933500851789947
HIT 3 575533154391 134 17201455812347257974
HIT 3 837526159447 195 5564553116320878614
HIT 3 949195309143 221 15347783747172610084
HIT 3 983555047511 229 12359438066478640710
HIT 3 575533219927 134 1381538198201969080
HIT 3 837526224983 195 12545302398009425359
HIT 3 949195374679 221 3864625628531487747
HIT 3 983555113047 229 8356814992190461719
HIT 3 575533285463 134 12670674845481017305
HIT 3 837526290519 195 10057607730665758621
HIT 3 949195440215 221 7962964602073027580
HIT 3 983555178583 229 1393233951829303588
HIT 3 575533350999 134 686207716596192872
HIT 3 837526356055 195 2154264622693087272
HIT 3 949195505751 221 15199195718762290229
HIT 3 983555244119 229 14747320283408175982
HIT 3 575533416535 134 15658388624592565546
HIT 3 837526421591 195 844178387521608952
HIT 3 949195571287 221 570822546655644190
HIT 3 983555309655 229 7382993083124606962
HIT 3 575533482071 134 6646147885119328663
HIT 3 837526487127 195 17934171322954625848
HIT 3 949195636823 221 4208900389474596513
HIT 3 983555375191 229 8382950253772936806
HIT 3 575533547607 134 17869635029218864808
HIT 3 837526552663 195 11039905754874785697
HIT 3 949195702359 221 6905772928789776752
HIT 3 983555440727 229 2659836006831918673
HIT 3 837527273558 195 13250373418087972061
HIT 3 949196423254 221 12818048021518135907
HIT 3 983556161622 229 1924999082704275786
HIT 3 575533613143 134 12851603687712061223
HIT 3 837526618199 195 10393088858183074399
HIT 3 949195767895 221 16181262171516050191
HIT 3 983555506263 229 15150070168595012924
HIT 3 828937470038 193 13268811453902214858
HIT 3 833232437334 194 11882858917787759589
HIT 3 837527404630 195 606754945889327732
HIT 3 846117339222 197 7813969126987073022
HIT 3 940606619734 219 5005105131700259082
HIT 3 944901587030 220 1780705471848094090
HIT 3 949196554326 221 16266026765225507234
HIT 3 957786488918 223 9557463643911061586
HIT 3 974966358102 227 11202461508074704592
HIT 3 979261325398 228 184409372875928280
HIT 3 983556292694 229 14459016022692542751
HIT 3 992146227286 231 6520302627901639654
HIT 3 575533678679 134 7328491582815711208
HIT 3 837526683735 195 10305490305320410706
HIT 3 949195833431 221 614991505324392922
HIT 3 983555571799 229 12817607242785221628
HIT 3 584124399702 136 1043254696385957594
HIT 3 837527470166 195 8992864177163368504
HIT 3 949196619862 221 3193800841283965518
HIT 3 983556358230 229 13518732143285021983
HIT 3 575533744215 134 196400356333005762
HIT 3 837526749271 195 11826271229558382777
HIT 3 949195898967 221 5811562882918818532
HIT 3 983555637335 229 6056377846717332288
HIT 3 837527535702 195 4658375500477768
HIT 3 949196685398 221 2179874811684281604
HIT 3 983556423766 229 324158079786327034
HIT 3 575533809751 134 15749676068688363349
HIT 3 837526814807 195 12582561369591397471
HIT 3 949195964503 221 9615499392888806201
HIT 3 983555702871 229 606808147927747337
HIT 3 575533875287 134 15540772034333121431
HIT 3 837526880343 195 14524644964654078872
HIT 3 949196030039 221 3991335103643809331
HIT 3 983555768407 229 5073849004619047524
HIT 3 575533940823 134 12627394256883497782
HIT 3 837526945879 195 4437413613353561088
HIT 3 949196095575 221 8606445247124125114
HIT 3 983555833943 229 8033458966896080223
HIT 3 575534006359 134 8186511536321240400
HIT 3 837527011415 195 10597710932464622855
HIT 3 949196161111 221 3604851664953061595
HIT 3 983555899479 229 10477538181781841401
HIT 3 575534071895 134 7258930054735374602
HIT 3 837527076951 195 9287806896342000053
HIT 3 949196226647 221 12783872378330472457
HIT 3 983555965015 229 9225430774611329411
HIT 3 566944202839 132 1863377808382283000
HIT 3 575534137431 134 1131794671663148159
HIT 3 837527142487 195 13906606529676150686
HIT 3 949196292183 221 1359610472603984868
HIT 3 983556030551 229 1539269200661102028
HIT 3 575534202967 134 1863377808382283000
HIT 3 837527208023 195 4871962804599487302
HIT 3 949196357719 221 14546912719543594819
HIT 3 983556096087 229 4400002575053043206
HIT 3 575534268503 134 12913248435874296250
HIT 3 828937338967 193 11233496757631590396
HIT 3 833232306263 194 12513315490661581483
HIT 3 837527273559 195 6070901103727372100
HIT 3 846117208151 197 13726455545970158753
HIT 3 940606488663 219 17877397477034719870
HIT 3 944901455959 220 2808568983805172155
HIT 3 949196423255 221 7852966886848858634
HIT 3 957786357847 223 2732067745591073028
HIT 3 974966227031 227 5838019165143487657
HIT 3 979261194327 228 612467394643507759
HIT 3 983556161623 229 13793974536904728022
HIT 3 992146096215 231 4885351118675193912
HIT 3 575534334039 134 12186369387397036994
HIT 3 584124268631 136 12913248435874296250
HIT 3 837527339095 195 5089893908370443647
HIT 3 949196488791 221 12341713171439946006
HIT 3 983556227159 229 8838219306720287773
HIT 3 584124334167 136 17924900902713854081
HIT 3 588419301463 137 18057319595458060393
HIT 3 592714268759 138 7242056075512542614
HIT 3 597009236055 139 11012205513905275791
HIT 3 601304203351 140 2587197060886101025
HIT 3 605599170647 141 10382825872834820831
HIT 3 609894137943 142 9475242052049961928
HIT 3 614189105239 143 145184655931137177
HIT 3 618484072535 144 11173485907701443080
HIT 3 622779039831 145 10332826684215282833
HIT 3 627074007127 146 16009686934329730260
HIT 3 631368974423 147 1176466454956741178
HIT 3 635663941719 148 15378665364479332922
HIT 3 639958909015 149 14441210291127774293
HIT 3 644253876311 150 5874117837064450214
HIT 3 648548843607 151 7974626072640165153
HIT 3 652843810903 152 7600426487557519850
HIT 3 657138778199 153 2618102977679307835
HIT 3 661433745495 154 12134390027089406485
HIT 3 665728712791 155 12715204967554057670
HIT 3 670023680087 156 9580980510795549907
HIT 3 674318647383 157 9464876525016117107
HIT 3 678613614679 158 11391716802393662920
HIT 3 682908581975 159 13451394135124640875
HIT 3 687203549271 160 3287928331779805602
HIT 3 691498516567 161 7280785659217463179
HIT 3 695793483863 162 1172957181379550681
HIT 3 700088451159 163 7544841840733172185
HIT 3 704383418455 164 327032388809137965
HIT 3 708678385751 165 3884265616954030697
HIT 3 712973353047 166 18029798635378474300
HIT 3 717268320343 167 3976803587352665639
HIT 3 721563287639 168 12504766794163018884
HIT 3 725858254935 169 4140081026660121683
HIT 3 730153222231 170 6217611921334475379
HIT 3 734448189527 171 11957417285385479332
HIT 3 738743156823 172 16271754311456940659
HIT 3 743038124119 173 10339777140374241406
HIT 3 747333091415 174 8550857163681332835
HIT 3 751628058711 175 13647343530475953160
HIT 3 755923026007 176 4969297467124212945
HIT 3 760217993303 177 12068710139866109438
HIT 3 764512960599 178 7223271301444344908
HIT 3 768807927895 179 17961505612227270959
HIT 3 773102895191 180 16369865407357703760
HIT 3 777397862487 181 14333147645809683237
HIT 3 781692829783 182 16148868460532462405
HIT 3 785987797079 183 14922738346393540309
HIT 3 790282764375 184 18281173631602426244
HIT 3 794577731671 185 6994414206435176953
HIT 3 798872698967 186 931786464829056543
HIT 3 803167666263 187 8566772360228435179
HIT 3 807462633559 188 4933859834065228900
HIT 3 811757600855 189 1720727707929195720
HIT 3 816052568151 190 11984011762266554670
HIT 3 820347535447 191 2612738209569078196
HIT 3 824642502743 192 6135013098245730892
HIT 3 828937470039 193 13645789953517713391
HIT 3 833232437335 194 17021676640338462401
HIT 3 837527404631 195 17445187469151391341
HIT 3 841822371927 196 12645973279243569216
HIT 3 846117339223 197 12866782396224842669
HIT 3 850412306519 198 17556837598619042788
HIT 3 854707273815 199 2081552428147641130
HIT 3 859002241111 200 4823375994155974362
HIT 3 863297208407 201 5716926938680114200
HIT 3 867592175703 202 3504019194845389891
HIT 3 871887142999 203 9714710221445969925
HIT 3 876182110295 204 2951814025566837483
HIT 3 880477077591 205 10020751904281000290
HIT 3 884772044887 206 13044363271322974605
HIT 3 889067012183 207 12353371199256088870
HIT 3 893361979479 208 7407435574768660180
HIT 3 897656946775 209 16536873307431797319
HIT 3 901951914071 210 16802510124719380446
HIT 3 906246881367 211 12820114350736642711
HIT 3 910541848663 212 5364636326791021016
HIT 3 914836815959 213 14254315354191802592
HIT 3 919131783255 214 240478211204658889
HIT 3 923426750551 215 2821164110943662938
HIT 3 927721717847 216 7681160460188187080
HIT 3 932016685143 217 4845799831436434942
HIT 3 936311652439 218 7723097529952782070
HIT 3 940606619735 219 7397145009844574156
HIT 3 944901587031 220 1600066602940536398
HIT 3 949196554327 221 17806657334718262423
HIT 3 953491521623 222 6449209455146255000
HIT 3 957786488919 223 5149420031707016777
HIT 3 962081456215 224 12048431916055539168
HIT 3 966376423511 225 1478674170832453683
HIT 3 970671390807 226 16504287583100732047
HIT 3 974966358103 227 7785946343074983373
HIT 3 979261325399 228 4116207206944694807
HIT 3 983556292695 229 16948669106373830484
HIT 3 987851259991 230 14891578766490273533
HIT 3 992146227287 231 2040591136372365836
HIT 3 996441194583 232 3516283983238433804
HIT 3 1000736161879 233 4323494830486874271
HIT 3 1005031129175 234 12552094174072592946
HIT 3 1009326096471 235 3150480612770912441
HIT 3 1013621063767 236 15853540403272937173
HIT 3 1017916031063 237 13188435366716410412
HIT 3 1022210998359 238 11555942082718818005
HIT 3 1026505965655 239 1646033814967044324
HIT 3 1030800932951 240 17426099094765484223
HIT 3 1035095900247 241 17562614818600713073
HIT 3 1039390867543 242 870152836511839548
HIT 3 1043685834839 243 12966901914679778717
HIT 3 1047980802135 244 800046391743469647
HIT 3 1052275769431 245 18334168501246987219
HIT 3 1056570736727 246 15158662733161127993
HIT 3 1060865704023 247 18067802228217807678
HIT 3 1065160671319 248 13858310932924044238
HIT 3 1069455638615 249 7180473918082982886
HIT 3 1073750605911 250 14114737205843061799
HIT 3 1078045573207 251 1476749955117376965
HIT 3 1082340540503 252 2151324702068179703
HIT 3 1086635507799 253 14136472052458105498
HIT 3 1090930475095 254 6456942344335090304
HIT 3 1095225442391 255 2226814144931235252
HIT 3 1099520409687 256 2656700304268453891
HIT 3 1103815376983 257 7836312441493239632
HIT 3 1108110344279 258 56273073666878602
HIT 3 1112405311575 259 14920081619191596570
HIT 3 1116700278871 260 17454069662858632496
HIT 3 1120995246167 261 2244192660204131405
HIT 3 1125290213463 262 10657696097175023825
HIT 3 1129585180759 263 2932609776642798824
HIT 3 1133880148055 264 12853141841075342248
HIT 3 1138175115351 265 1654055477925244653
HIT 3 1142470082647 266 7378641460010244080
HIT 3 1146765049943 267 291666568261504493
HIT 3 1151060017239 268 1121486651415375523
HIT 3 1155354984535 269 13673010737847738970
HIT 3 1159649951831 270 10194008669646310849
HIT 3 1163944919127 271 15056440433983171375
HIT 3 1168239886423 272 9302886340312318258
HIT 3 1172534853719 273 9745323166437033296
HIT 3 1176829821015 274 16857062015010665684
HIT 3 1181124788311 275 14168196303959405183
HIT 3 1185419755607 276 3657019733505643742
HIT 3 1189714722903 277 7797181340576469317
HIT 3 1194009690199 278 6848204466500080722
HIT 3 1198304657495 279 15694827521511219231
HIT 3 1202599624791 280 16445727060840039688
HIT 3 1206894592087 281 12165451579229387070
HIT 3 1211189559383 282 5674386511641456366
HIT 3 1215484526679 283 9082652366758816883
HIT 3 1219779493975 284 13200874528522418476
HIT 3 1224074461271 285 2102455538279309897
HIT 3 1228369428567 286 11991103740432585575
HIT 3 1232664395863 287 11930151053610190840
HIT 3 1236959363159 288 14787628379162334412
HIT 3 1241254330455 289 6742101361179528204
HIT 3 1245549297751 290 4473426343905976331
HIT 3 1249844265047 291 5644924732883993209
HIT 3 1254139232343 292 5184692507686277509
HIT 3 1258434199639 293 7147554574881405584
HIT 3 1262729166935 294 17497024802560324883
HIT 3 1267024134231 295 12420522713084836555
HIT 3 1271319101527 296 3601710142758795213
HIT 3 1275614068823 297 8251017143120054669
HIT 3 1279909036119 298 14735674640895119789
HIT 3 1284204003415 299 1077684218017600141
HIT 3 1288498970711 300 11107406262089484568
HIT 3 1292793938007 301 12065767083668557949
HIT 3 1297088905303 302 12718407117579793936
HIT 3 1301383872599 303 5632388123420624832
HIT 3 1305678839895 304 5917151649835090326
HIT 3 1309973807191 305 8765151980313402017
HIT 3 1314268774487 306 14570751338985287323
HIT 3 1318563741783 307 15002400882675148764
HIT 3 1322858709079 308 17981957614640234361
HIT 3 1327153676375 309 4441489179032076025
HIT 3 1331448643671 310 6095046067162095263
HIT 3 1335743610967 311 10346671144120355432
HIT 3 1340038578263 312 8066015647841626696
HIT 3 1344333545559 313 15406038984403530364
HIT 3 1348628512855 314 13472057446576967041
HIT 3 1352923480151 315 11760230584294948495
HIT 3 1357218447447 316 15030089395581083733
HIT 3 1361513414743 317 3089235066040945111
HIT 3 1365808382039 318 11395857554528330889
HIT 3 1370103349335 319 3941196858211749658
HIT 3 1374398316631 320 77742611565822768
HIT 3 1378693283927 321 62219560635907476
HIT 3 1382988251223 322 2645209640613699065
HIT 3 1387283218519 323 13440812414598944298
HIT 3 1391578185815 324 8627220841544679043
HIT 3 1395873153111 325 10345333362058374512
HIT 3 1400168120407 326 12092458030817238797
HIT 3 1404463087703 327 15640180542257158603
HIT 3 1408758054999 328 5116906915643274090
HIT 3 1413053022295 329 11846179256735260101
HIT 3 1417347989591 330 13111752050644619017
HIT 3 1421642956887 331 2546452681451042711
HIT 3 1425937924183 332 6105284918280134459
HIT 3 1430232891479 333 306037998525002732
HIT 3 1434527858775 334 5100724085387981452
HIT 3 1438822826071 335 2678633939356331423
HIT 3 1443117793367 336 10382682201208866997
HIT 3 1447412760663 337 5846628158718263014
HIT 3 1451707727959 338 5883741271108243822
HIT 3 1456002695255 339 13485374424309227291
HIT 3 1460297662551 340 16194122840809599110
HIT 3 1464592629847 341 15708163958450036110
HIT 3 1468887597143 342 17448261072906374126
HIT 3 1473182564439 343 6424072974180890191
HIT 3 1477477531735 344 15158040504865063291
HIT 3 1481772499031 345 15848529190742419015
HIT 3 1486067466327 346 2638350609618648191
HIT 3 1490362433623 347 10688873269999669207
HIT 3 1494657400919 348 15347941801555443029
HIT 3 1498952368215 349 3263205520037711605
HIT 3 1503247335511 350 4261578295291211844
HIT 3 1507542302807 351 12818430952112357220
HIT 3 1511837270103 352 15194105333774791911
HIT 3 1516132237399 353 1156674476630428915
HIT 3 1520427204695 354 12736397493797780316
HIT 3 1524722171991 355 10503565606691210299
HIT 3 1529017139287 356 13213506184123501320
HIT 3 1533312106583 357 7574185274272779751
HIT 3 1537607073879 358 15489307278925695640
HIT 3 1541902041175 359 16711491854165554478
HIT 3 1546197008471 360 13845324063022622506
HIT 3 1550491975767 361 13307812468566124127
HIT 3 1554786943063 362 16757427334226976943
HIT 3 1559081910359 363 3726800402509147919
HIT 3 1563376877655 364 5961913464017412648
HIT 3 1567671844951 365 8129956116631072789
HIT 3 1571966812247 366 10663852307910918142
HIT 3 1576261779543 367 1761494032188746222
HIT 3 1580556746839 368 13272489642832471150
HIT 3 1584851714135 369 4103713383992643120
HIT 3 1589146681431 370 254355175333783252
HIT 3 1593441648727 371 458443971096928986
HIT 3 1597736616023 372 9510755695692678507
HIT 3 1602031583319 373 12132166025144041677
HIT 3 1606326550615 374 9696087586328049621
HIT 3 1610621517911 375 12985505305410182633
HIT 3 1614916485207 376 6095748873446879493
HIT 3 1619211452503 377 6458112225065305689
HIT 3 1623506419799 378 945596234202796509
HIT 3 1627801387095 379 7899618529197882147
HIT 3 1632096354391 380 1987748419267077377
HIT 3 1636391321687 381 15110383158483591488
HIT 3 1640686288983 382 12748766156578370232
HIT 3 1644981256279 383 15147763291460273592
HIT 3 1649276223575 384 2078595709521179088
HIT 3 1653571190871 385 8391866134915771306
HIT 3 1657866158167 386 6585605717692398226
HIT 3 1662161125463 387 7239690865947720211
HIT 3 1666456092759 388 5002788779137306308
HIT 3 1670751060055 389 2627772921162367444
HIT 3 1675046027351 390 4801529342491398750
HIT 3 1679340994647 391 5645681070465456038
HIT 3 1683635961943 392 8830812270025572334
HIT 3 1687930929239 393 15239995887975823717
HIT 3 1692225896535 394 13503298605049793493
HIT 3 1696520863831 395 16836462813425968304
HIT 3 1700815831127 396 16077946632737102819
HIT 3 1705110798423 397 6326302423161149276
HIT 3 1709405765719 398 3363550900597110041
HIT 3 1713700733015 399 9510807225768755576
HIT 3 1717995700311 400 4775173935911409315
HIT 3 1722290667607 401 83571567684810305
HIT 3 1726585634903 402 9299346343894232496
HIT 3 1730880602199 403 13282782977703875279
HIT 3 1735175569495 404 10257766830867143886
HIT 3 1739470536791 405 8348008647605241841
HIT 3 1743765504087 406 13666141226303590328
HIT 3 1748060471383 407 12768100144684283536
HIT 3 1752355438679 408 4059292587765269857
HIT 3 1756650405975 409 1571190118380299734
HIT 3 1760945373271 410 5912986151106580437
HIT 3 1765240340567 411 6868485152262190993
HIT 3 1769535307863 412 15391174512641929172
HIT 3 1773830275159 413 16259493657283909938
HIT 3 1778125242455 414 10570916114951287264
HIT 3 1782420209751 415 16796294267889124280
HIT 3 1786715177047 416 15259829009009760670
HIT 3 1791010144343 417 2131774962757283318
HIT 3 1795305111639 418 701163211320136083
HIT 3 1799600078935 419 8276906859806627186
HIT 3 1803895046231 420 4522725578474821110
HIT 3 1808190013527 421 2126874125972899491
HIT 3 1812484980823 422 4275148735273401117
HIT 3 1816779948119 423 6864101631003148285
HIT 3 1821074915415 424 8060439319358464926
HIT 3 1825369882711 425 17774197549218713740
HIT 3 1829664850007 426 10370224981322694143
HIT 3 1833959817303 427 6946531939614070103
HIT 3 1838254784599 428 11194915475707567179
HIT 3 1842549751895 429 4540952789046014068
HIT 3 1846844719191 430 6020595874789725577
HIT 3 1851139686487 431 8558137581567065187
HIT 3 1855434653783 432 17710365332218356463
HIT 3 1859729621079 433 10474859890430294537
HIT 3 1864024588375 434 10367822959216828020
HIT 3 1868319555671 435 8611864235659099320
HIT 3 1872614522967 436 15935231290261719564
HIT 3 1876909490263 437 9666766556405009132
HIT 3 1881204457559 438 17483013137773165183
HIT 3 1885499424855 439 1669873354243209600
HIT 3 1889794392151 440 6259673832238655088
HIT 3 1894089359447 441 2825726446741087108
HIT 3 1898384326743 442 13661019726469507503
HIT 3 1902679294039 443 3124945073494597314
HIT 3 1906974261335 444 8203861521975607031
HIT 3 1911269228631 445 12203249120616861323
HIT 3 1915564195927 446 5187657448810016234
HIT 3 1919859163223 447 2403422890039796871
HIT 3 1924154130519 448 8206139813399228001
HIT 3 1928449097815 449 14134545871183430996
HIT 3 1932744065111 450 2457336431090716499
HIT 3 1937039032407 451 4157363535115543731
HIT 3 1941333999703 452 16665374131400629303
HIT 3 1945628966999 453 9536875895061387791
HIT 3 1949923934295 454 13865938779797360899
HIT 3 1954218901591 455 7265435376390504352
HIT 3 1958513868887 456 10826863072849078557
HIT 3 1962808836183 457 9258020435612258698
HIT 3 1967103803479 458 10556975336346555542
HIT 3 1971398770775 459 1063576095758612355
HIT 3 1975693738071 460 18133213725590720167
HIT 3 1979988705367 461 404781913488145430
HIT 3 1984283672663 462 9848370250194480010
HIT 3 1988578639959 463 18041981795705460291
HIT 3 1992873607255 464 6441990350760840970
HIT 3 1997168574551 465 780666999700726687
HIT 3 2001463541847 466 15961842788144286930
HIT 3 2005758509143 467 17394457446944666202
HIT 3 2010053476439 468 17966452734582612174
HIT 3 2014348443735 469 11507548965178562020
HIT 3 2018643411031 470 6723687254951363451
HIT 3 2022938378327 471 17062524826127181121
HIT 3 2027233345623 472 6291700931824499300
HIT 3 2031528312919 473 16127706322634980140
HIT 3 2035823280215 474 10839924674846113160
HIT 3 2040118247511 475 17625554368670600542
HIT 3 575531581528 134 2152897457374177580
HIT 3 837524586584 195 1611979716040943648
HIT 3 949193736280 221 17573239617157213480
HIT 3 983553474648 229 456551998406193138
HIT 3 2044413214807 476 11909288713731552290
HIT 3 2048708182103 477 7963560493594283212
HIT 3 2053003149399 478 16175484900148582177
HIT 3 2057298116695 479 4859396644198398254
HIT 3 2061593083991 480 4249001114078952014
HIT 3 2065888051287 481 8480366183978840234
HIT 3 2070183018583 482 12437659000814322926
HIT 3 2074477985879 483 9738982886963951089
HIT 3 2078772953175 484 5548206738766413487
HIT 3 2083067920471 485 1795660217075430103
HIT 3 2087362887767 486 13713248736489926661
HIT 3 2091657855063 487 916561587878565702
HIT 3 2095952822359 488 399373340794132542
HIT 3 2100247789655 489 15528121166776722528
HIT 3 2104542756951 490 10118321631190576200
HIT 3 2108837724247 491 2233731496398228555
HIT 3 2113132691543 492 5086660790754686592
HIT 3 2117427658839 493 11242346349934158580
HIT 3 2121722626135 494 5986295810110264212
HIT 3 2126017593431 495 13535277424793862558
HIT 3 2130312560727 496 6918352259592878138
HIT 3 2134607528023 497 5484312440241743114
HIT 3 2138902495319 498 15956202794106355836
HIT 3 2143197462615 499 10123698715120079053
HIT 3 2147492429911 500 14089718076542930999
HIT 3 2151787397207 501 360852664913490297
HIT 3 2156082364503 502 4209672786095282438
HIT 3 2160377331799 503 16834702671307609709
HIT 3 2164672299095 504 16380486073429392746
HIT 3 2168967266391 505 17763895878930728848
HIT 3 2173262233687 506 4896345846983034030
HIT 3 2177557200983 507 14924104539027824305
HIT 3 2181852168279 508 7248618757246126368
HIT 3 2186147135575 509 6159536119544359204
HIT 3 2190442102871 510 17495081850241300642
HIT 3 2194737070167 511 10640503249316591180
HIT 3 584124399703 136 4474732124262933791
HIT 3 588419366999 137 11012205513905275791
HIT 3 592714334295 138 17924900902713854081
HIT 3 828937535575 193 9722632334413154108
HIT 3 833232502871 194 8718435085278244305
HIT 3 837527470167 195 12528021271285744331
HIT 3 846117404759 197 2578079260164760707
HIT 3 940606685271 219 16903108775298480159
HIT 3 944901652567 220 10906230331532145926
HIT 3 949196619863 221 4224741020458023980
HIT 3 957786554455 223 1582895220157681641
HIT 3 974966423639 227 17107237444230873064
HIT 3 979261390935 228 15799298300075289178
HIT 3 983556358231 229 10439537909678593019
HIT 3 992146292823 231 10191966749947739185
HIT 3 828937601111 193 3276194856478177269
HIT 3 833232568407 194 1712052905417259594
HIT 3 837527535703 195 1509466110326055898
HIT 3 846117470295 197 6369278056819934454
HIT 3 940606750807 219 13753433186062657121
HIT 3 944901718103 220 14438401043190440121
HIT 3 949196685399 221 4180869873087083975
HIT 3 957786619991 223 1802802416463919937
HIT 3 974966489175 227 8936705884223098354
HIT 3 979261456471 228 17693027695169582954
HIT 3 983556423767 229 4785818742730621904
HIT 3 992146358359 231 12626048882771216870
HIT 3 592714465367 138 15828134485017931001
HIT 3 837527601239 195 15113861241578581150
HIT 3 949196750935 221 2589719105824537667
HIT 3 983556489303 229 6625026812165038037
HIT 3 837527666775 195 3837496854619773387
HIT 3 949196816471 221 16510220615785854611
HIT 3 983556554839 229 4987370588821800740
HIT 3 837527732311 195 42544669213703201
HIT 3 949196882007 221 17713836449507112028
HIT 3 983556620375 229 2538152565304913186
HIT 3 837527797847 195 5296771824783537593
HIT 3 949196947543 221 15157822254836120323
HIT 3 983556685911 229 3328157316864806496
HIT 3 837527863383 195 2815477409790359384
HIT 3 949197013079 221 10865358758748686327
HIT 3 983556751447 229 13195596851582557906
HIT 3 837527928919 195 5018318969272523478
HIT 3 949197078615 221 6756445397989652244
HIT 3 983556816983 229 7622485248658391804
HIT 3 837527994455 195 11024615858277242873
HIT 3 949197144151 221 8670136604850652295
HIT 3 983556882519 229 13763071118827031062
HIT 3 837528059991 195 549167142147246167
HIT 3 949197209687 221 2075007952697152041
HIT 3 983556948055 229 670574195525846538
HIT 3 837528125527 195 689139312742757823
HIT 3 949197275223 221 13288512135767369936
HIT 3 983557013591 229 14859653564352291496
HIT 3 837528191063 195 2102276852239601339
HIT 3 949197340759 221 4707734698837744681
HIT 3 983557079127 229 17072838663990640321
HIT 3 837528256599 195 2488117823758195008
HIT 3 949197406295 221 7848893766763838644
HIT 3 983557144663 229 12397107313298502624
HIT 3 837528322135 195 1623286511904879851
HIT 3 949197471831 221 15873222408847968135
HIT 3 983557210199 229 11562673871072237449
HIT 3 837528387671 195 7982978783551432166
HIT 3 949197537367 221 2514965219298486228
HIT 3 983557275735 229 575454378286720041
HIT 3 837528453207 195 3225071256229570120
HIT 3 949197602903 221 10655820815545385346
HIT 3 983557341271 229 4032107100337859665
HIT 3 837528518743 195 3144228752550199136
HIT 3 949197668439 221 6881357902137795606
HIT 3 983557406807 229 14855412379716424326
HIT 3 837528584279 195 12785788624251227893
HIT 3 949197733975 221 12577153749984150978
HIT 3 983557472343 229 13292471171332881281
HIT 3 837528649815 195 16265242999913955573
HIT 3 949197799511 221 9750757877732373404
HIT 3 983557537879 229 6872104941525847648
HIT 3 837528715351 195 5106602467962618689
HIT 3 949197865047 221 14685104976594548124
HIT 3 983557603415 229 10637327026609706732
HIT 3 837528780887 195 8020699661832458576
HIT 3 949197930583 221 13049883789354583336
HIT 3 983557668951 229 18402296011960063256
HIT 3 949200552020 221 1868960965817708239
HIT 3 983560290388 229 10642206580045224533
HIT 3 837527404632 195 7392027226564150616
HIT 3 949196554328 221 12364141309110103872
HIT 3 983556292696 229 13631763063276931554
HIT 3 837528846423 195 10780185563141911739
HIT 3 949197996119 221 10721514488432521338
HIT 3 983557734487 229 17468504016581991725
HIT 3 837528911959 195 7034912612072971933
HIT 3 949198061655 221 4980282950069669372
HIT 3 983557800023 229 17873356704792687651
HIT 3 837528977495 195 14104135578436828910
HIT 3 949198127191 221 14009368616076753707
HIT 3 983557865559 229 119591336019953571
HIT 3 837529043031 195 15918044553116721924
HIT 3 949198192727 221 17782039468382399294
HIT 3 983557931095 229 5013523818015570142
HIT 3 837529108567 195 2826675192335715579
HIT 3 949198258263 221 10663987486775644285
HIT 3 983557996631 229 10188590829837392134
HIT 3 837529174103 195 7035531441090786425
HIT 3 949198323799 221 737411380389169924
HIT 3 983558062167 229 3156849164457524438
HIT 3 837529239639 195 9023176325472071964
HIT 3 949198389335 221 15114793672039034076
HIT 3 983558127703 229 16264816257549276879
HIT 3 837529305175 195 15710696911129750453
HIT 3 949198454871 221 778481235017385287
HIT 3 983558193239 229 4419128739494770258
HIT 3 837529370711 195 3378596417506017557
HIT 3 949198520407 221 12508252105947026930
HIT 3 983558258775 229 8456409641111932855
HIT 3 837529436247 195 16032886300537569763
HIT 3 949198585943 221 88060893105018566
HIT 3 983558324311 229 10122423670127122640
HIT 3 837529501783 195 3671802721179332271
HIT 3 949198651479 221 15507594512636500889
HIT 3 983558389847 229 3460736611183553654
HIT 3 837529567319 195 1520814383782115339
HIT 3 949198717015 221 18166270181344020697
HIT 3 983558455383 229 12442224302910369721
HIT 3 837529632855 195 97209827045495031
HIT 3 949198782551 221 16244081848240688149
HIT 3 983558520919 229 17036494549814520548
HIT 3 837529698391 195 4361876236907663116
HIT 3 949198848087 221 1248599450585916943
HIT 3 983558586455 229 9786485490906637053
HIT 3 837529763927 195 17365104468569028620
HIT 3 949198913623 221 4430896698364754320
HIT 3 983558651991 229 8975898657506912711
HIT 3 837529829463 195 16858874449886332387
HIT 3 949198979159 221 15640536342596319703
HIT 3 983558717527 229 15166388694569425035
HIT 3 837529894999 195 9769114282957581401
HIT 3 949199044695 221 12463446568475443520
HIT 3 983558783063 229 17564418422530673788
HIT 3 837529960535 195 9918991469919053201
HIT 3 949199110231 221 9868876211147101467
HIT 3 983558848599 229 7359610593649624160
HIT 3 837530026071 195 8949231151576693304
HIT 3 949199175767 221 8668762101404342095
HIT 3 983558914135 229 16387443594687119396
HIT 3 837530091607 195 81874952493172705
HIT 3 949199241303 221 4527214408620042577
HIT 3 983558979671 229 10842402921163310586
HIT 3 837530157143 195 18297056436150463792
HIT 3 949199306839 221 6515780403704658135
HIT 3 983559045207 229 14741851368920304219
HIT 3 837530222679 195 18157349191211273336
HIT 3 949199372375 221 12658994415113323212
HIT 3 983559110743 229 7168374003936518777
HIT 3 837530288215 195 873634777555070066
HIT 3 949199437911 221 15835539927509663828
HIT 3 983559176279 229 3047893913091783373
HIT 3 837530353751 195 4660377654286048421
HIT 3 949199503447 221 5072043168809878907
HIT 3 983559241815 229 11299091681365495364
HIT 3 837530419287 195 10838167905502871031
HIT 3 949199568983 221 17217599681434807012
HIT 3 983559307351 229 17010656219664590331
HIT 3 837530484823 195 6295041569298973797
HIT 3 949199634519 221 5051592617862662467
HIT 3 983559372887 229 1656927173486235918
HIT 3 837530550359 195 9556943642412482831
HIT 3 949199700055 221 10498473925651916871
HIT 3 983559438423 229 5627769803370590774
HIT 3 837530615895 195 14647735869599746756
HIT 3 949199765591 221 12792962138176571273
HIT 3 983559503959 229 13868201354654423003
HIT 3 837530681431 195 9405895919821832853
HIT 3 949199831127 221 7230525522419152096
HIT 3 983559569495 229 12988622339133426317
HIT 3 837530746967 195 13035470670943114335
HIT 3 949199896663 221 14772013592493636075
HIT 3 983559635031 229 9877379728468015975
HIT 3 837530812503 195 2911161509186727409
HIT 3 949199962199 221 14796292067079956505
HIT 3 983559700567 229 17160715262175584992
HIT 3 837530878039 195 6485824769504827721
HIT 3 949200027735 221 1192365558858117397
HIT 3 983559766103 229 16467212765449767038
HIT 3 837530943575 195 7784444848603708816
HIT 3 949200093271 221 8396834782550553553
HIT 3 983559831639 229 5662898121122756187
HIT 3 837531009111 195 10171506839752189390
HIT 3 949200158807 221 4042059420271544629
HIT 3 983559897175 229 12726791899320804943
HIT 3 837531074647 195 16034711456345953131
HIT 3 949200224343 221 18334140848211681068
HIT 3 983559962711 229 5112858257766188769
HIT 3 828941205591 193 16034711456345953131
HIT 3 837531140183 195 11557038579648346689
HIT 3 949200289879 221 10601564279757558170
HIT 3 983560028247 229 12039633012909767107
HIT 3 837531205719 195 12315721915338182689
HIT 3 846121140311 197 17914311566041580342
HIT 3 949200355415 221 5953692956297933816
HIT 3 983560093783 229 5149732338649795989
HIT 3 837531271255 195 17914311566041580342
HIT 3 940610486359 219 3867156740653527895
HIT 3 944905453655 220 2106778224217431331
HIT 3 949200420951 221 6982501930845509595
HIT 3 957790355543 223 12589534841551913680
HIT 3 974970224727 227 17123219369448536917
HIT 3 979265192023 228 10182539418091737288
HIT 3 983560159319 229 2197745050077711196
HIT 3 992150093911 231 3013865228038173011
HIT 3 841826304087 196 16760098815997787773
HIT 3 846121271383 197 12803332895288753697
HIT 3 854711205975 199 1288041240727819323
HIT 3 940610551895 219 15305185365115915526
HIT 3 944905519191 220 12520187143132871323
HIT 3 949200486487 221 3996725429349212212
HIT 3 957790421079 223 7283420461735534940
HIT 3 974970290263 227 2835743806660761811
HIT 3 979265257559 228 11329929703255517909
HIT 3 983560224855 229 7579972015942798367
HIT 3 992150159447 231 6827171103933826130
HIT 3 841826369623 196 17664038114750545981
HIT 3 846121336919 197 1288041240727819323
HIT 3 850416304215 198 16760098815997787773
HIT 3 854711271511 199 967065210835907065
HIT 3 859006238807 200 7840657071379514893
HIT 3 863301206103 201 3561463448977512484
HIT 3 867596173399 202 8114733765730699033
HIT 3 871891140695 203 513458673449205112
HIT 3 876186107991 204 11706978840417304056
HIT 3 880481075287 205 16197761738055856645
HIT 3 884776042583 206 7087072000054851528
HIT 3 889071009879 207 18008127133205080496
HIT 3 893365977175 208 11138760008781568935
HIT 3 897660944471 209 16622964076810406703
HIT 3 901955911767 210 15147074449759106347
HIT 3 906250879063 211 6566782831357788826
HIT 3 910545846359 212 17381883656310411052
HIT 3 914840813655 213 6907758867950211421
HIT 3 919135780951 214 12899092772055892997
HIT 3 923430748247 215 9036982849507412516
HIT 3 927725715543 216 15547844613798926702
HIT 3 932020682839 217 8180038108649299308
HIT 3 936315650135 218 10226622907969471023
HIT 3 940610617431 219 9984187296308171425
HIT 3 944905584727 220 2471156326296638294
HIT 3 949200552023 221 15148033363473300219
HIT 3 953495519319 222 16521762341373966901
HIT 3 957790486615 223 8123195245872937047
HIT 3 962085453911 224 11016111983433711650
HIT 3 966380421207 225 13477094184186053814
HIT 3 970675388503 226 13010308246106257841
HIT 3 974970355799 227 5742414499918387821
HIT 3 979265323095 228 16838894603573847910
HIT 3 983560290391 229 16523553275245348872
HIT 3 987855257687 230 10501007625641006953
HIT 3 992150224983 231 13929920606020535665
HIT 3 996445192279 232 15135879895884330472
HIT 3 1000740159575 233 5978947044587858793
HIT 3 1005035126871 234 8509823650934055816
HIT 3 1009330094167 235 12017968515370132712
HIT 3 1013625061463 236 3791536161046923118
HIT 3 1017920028759 237 9129349338909366188
HIT 3 1022214996055 238 7986688731275503555
HIT 3 1026509963351 239 14352849691652361411
HIT 3 1030804930647 240 18302298969839563445
HIT 3 1035099897943 241 6655122963296418410
HIT 3 1039394865239 242 1584642800637496647
HIT 3 1043689832535 243 7709018014163344428
HIT 3 1047984799831 244 15990634541767336411
HIT 3 1052279767127 245 13503786185621259641
HIT 3 1056574734423 246 8194856519081690614
HIT 3 1060869701719 247 11033029010947927337
HIT 3 1065164669015 248 2215546945645590336
HIT 3 1069459636311 249 17041132212199642743
HIT 3 1073754603607 250 16658964342964018517
HIT 3 1078049570903 251 887098207957368620
HIT 3 1082344538199 252 15927698776734926088
HIT 3 1086639505495 253 583616650986601173
HIT 3 1090934472791 254 11752384445549913118
HIT 3 1095229440087 255 12085183609578505218
HIT 3 1099524407383 256 8295011958740450542
HIT 3 1103819374679 257 5717278683986247374
HIT 3 1108114341975 258 12677796387396999108
HIT 3 1112409309271 259 10318460253128004834
HIT 3 1116704276567 260 3268036733879512496
HIT 3 1120999243863 261 16363716733521995845
HIT 3 1125294211159 262 2396799856989544892
HIT 3 1129589178455 263 6077609681352235803
HIT 3 1133884145751 264 12144572577552723866
HIT 3 1138179113047 265 4364018925909574664
HIT 3 1142474080343 266 10288570211069993945
HIT 3 1146769047639 267 666905435771269525
HIT 3 1151064014935 268 14610293858506144145
HIT 3 1155358982231 269 2185558457841596843
HIT 3 1159653949527 270 2751080982729147429
HIT 3 1163948916823 271 14240733815392238624
HIT 3 1168243884119 272 4483838210798553904
HIT 3 1172538851415 273 4600439284855730598
HIT 3 1176833818711 274 5773508187914043681
HIT 3 1181128786007 275 10435167597402657548
HIT 3 1185423753303 276 4812676759015777758
HIT 3 1189718720599 277 14123277349154877136
HIT 3 1194013687895 278 18262219057611343288
HIT 3 1198308655191 279 13324601113951384194
HIT 3 1202603622487 280 4931581357937198748
HIT 3 1206898589783 281 3127459629479927746
HIT 3 1211193557079 282 8072320249682806418
HIT 3 1215488524375 283 17547454552358456987
HIT 3 1219783491671 284 3471068737880415215
HIT 3 1224078458967 285 9959963215653209537
HIT 3 1228373426263 286 4542147002258588595
HIT 3 1232668393559 287 13246454557457234487
HIT 3 1236963360855 288 1072698733781612749
HIT 3 1241258328151 289 3258406800500332876
HIT 3 1245553295447 290 4912870844185338165
HIT 3 1249848262743 291 17087258851744809273
HIT 3 1254143230039 292 15431548021614786125
HIT 3 1258438197335 293 15153164938232593754
HIT 3 1262733164631 294 16388637498760627101
HIT 3 1267028131927 295 5005153556618693486
HIT 3 1271323099223 296 6984839660296947462
HIT 3 1275618066519 297 8530759793025650650
HIT 3 1279913033815 298 5021162694682760722
HIT 3 1284208001111 299 4819411242419185313
HIT 3 1288502968407 300 5475901536892630907
HIT 3 1292797935703 301 6535204715469065166
HIT 3 1297092902999 302 5682240985516751646
HIT 3 1301387870295 303 10972374009332230266
HIT 3 1305682837591 304 4277157113933708156
HIT 3 1309977804887 305 15329164190528363566
HIT 3 1314272772183 306 15368542124428126185
HIT 3 1318567739479 307 9165812679255895107
HIT 3 1322862706775 308 6314121345964293531
HIT 3 1327157674071 309 2662543386990955795
HIT 3 1331452641367 310 16928943149178729098
HIT 3 1335747608663 311 535272534750518568
HIT 3 1340042575959 312 468421885511377401
HIT 3 1344337543255 313 3893968628376242131
HIT 3 1348632510551 314 12488884759255156181
HIT 3 1352927477847 315 15307727391975506955
HIT 3 1357222445143 316 11763246883679537597
HIT 3 1361517412439 317 17487318115025218597
HIT 3 1365812379735 318 4576245575060213375
HIT 3 1370107347031 319 7404959175822445682
HIT 3 1374402314327 320 9861306172005272601
HIT 3 1378697281623 321 497121118589746976
HIT 3 1382992248919 322 1249186317377280035
HIT 3 1387287216215 323 13609868327104320886
HIT 3 1391582183511 324 4786619825026281365
HIT 3 1395877150807 325 16508454048736220563
HIT 3 1400172118103 326 2471284356737928378
HIT 3 1404467085399 327 15282592101741512721
HIT 3 1408762052695 328 15668380198114331100
HIT 3 1413057019991 329 10683274033408794188
HIT 3 1417351987287 330 1320037738356822920
HIT 3 1421646954583 331 12303150449890915807
HIT 3 1425941921879 332 6555340531664944614
HIT 3 1430236889175 333 3483280824026886307
HIT 3 1434531856471 334 17617969490129515234
HIT 3 1438826823767 335 7230131165468159022
HIT 3 1443121791063 336 9917554308516038839
HIT 3 1447416758359 337 6249157756098355946
HIT 3 1451711725655 338 11415254707716148895
HIT 3 1456006692951 339 498252946788677464
HIT 3 1460301660247 340 8769496465591194344
HIT 3 1464596627543 341 7478600399612651383
HIT 3 1468891594839 342 12948873922711695052
HIT 3 1473186562135 343 5602490987791124271
HIT 3 1477481529431 344 6137755406165763997
HIT 3 1481776496727 345 7107649646943861645
HIT 3 1486071464023 346 18353298057841680804
HIT 3 1490366431319 347 10526147557079279749
HIT 3 1494661398615 348 906672275043620665
HIT 3 1498956365911 349 10198349608739493205
HIT 3 1503251333207 350 8836205554510490938
HIT 3 1507546300503 351 2269394319678599741
HIT 3 1511841267799 352 16203842303867374755
HIT 3 1516136235095 353 4801422699863276943
HIT 3 1520431202391 354 17239481504502584737
HIT 3 1524726169687 355 6176069591578310428
HIT 3 1529021136983 356 18061167782798809985
HIT 3 1533316104279 357 2381882168110342112
HIT 3 1537611071575 358 827411059157958284
HIT 3 1541906038871 359 12194286446047330803
HIT 3 1546201006167 360 10747551633254967841
HIT 3 1550495973463 361 10482221864925213451
HIT 3 1554790940759 362 5286538421371271498
HIT 3 1559085908055 363 8629974852198413015
HIT 3 1563380875351 364 11767120329668146937
HIT 3 1567675842647 365 13451714062449366170
HIT 3 1571970809943 366 2985896023879181803
HIT 3 1576265777239 367 9841316157575301503
HIT 3 1580560744535 368 1753755411441802994
HIT 3 1584855711831 369 8355190702880455529
HIT 3 1589150679127 370 3372122156795076208
HIT 3 1593445646423 371 10118159141247445400
HIT 3 1597740613719 372 15487136870262804266
HIT 3 1602035581015 373 16820403927311091646
HIT 3 1606330548311 374 5433455951571026407
HIT 3 1610625515607 375 18183248008993815515
HIT 3 1614920482903 376 16532548574253008185
HIT 3 1619215450199 377 5770417721569018633
HIT 3 1623510417495 378 3330205240447382963
HIT 3 1627805384791 379 15789646959318339022
HIT 3 1632100352087 380 1816053234991079196
HIT 3 1636395319383 381 12107624471892607140
HIT 3 1640690286679 382 5783555227687727411
HIT 3 1644985253975 383 11673424560546363466
HIT 3 1649280221271 384 1248250705952589962
HIT 3 1653575188567 385 3688012143721969746
HIT 3 1657870155863 386 16075841241982592141
HIT 3 1662165123159 387 11706543817765433584
HIT 3 1666460090455 388 6684770969826106219
HIT 3 1670755057751 389 9513432581706309428
HIT 3 1675050025047 390 16115192820193865193
HIT 3 1679344992343 391 12923511701797498273
HIT 3 1683639959639 392 6022530560739199214
HIT 3 1687934926935 393 5548917713214944386
HIT 3 1692229894231 394 5947373621701224187
HIT 3 1696524861527 395 7866508569818884596
HIT 3 1700819828823 396 4706217998235107193
HIT 3 1705114796119 397 14296619150570725277
HIT 3 1709409763415 398 6832609647234402027
HIT 3 1713704730711 399 14488226664244798702
HIT 3 1717999698007 400 2081241805975985094
HIT 3 1722294665303 401 13378891881311968595
HIT 3 1726589632599 402 11373691787829162431
HIT 3 1730884599895 403 16531791205107151979
HIT 3 1735179567191 404 14025212953706906353
HIT 3 1739474534487 405 15123435410954758693
HIT 3 1743769501783 406 10655613607762387705
HIT 3 1748064469079 407 6726872529762319839
HIT 3 1752359436375 408 3971822886786724949
HIT 3 1756654403671 409 14138581012047708216
HIT 3 1760949370967 410 16516433869382148538
HIT 3 1765244338263 411 17711911776726995237
HIT 3 1769539305559 412 2794416195223600813
HIT 3 1773834272855 413 11645797080414358908
HIT 3 1778129240151 414 9661421777815077242
HIT 3 1782424207447 415 329234934168585004
HIT 3 1786719174743 416 1435206242832540545
HIT 3 1791014142039 417 16569367852974679796
HIT 3 1795309109335 418 9702957271116249302
HIT 3 1799604076631 419 3559146590983439141
HIT 3 1803899043927 420 12792943781252150266
HIT 3 1808194011223 421 4558644390781802634
HIT 3 1812488978519 422 11055930344228340318
HIT 3 1816783945815 423 10516774372381635794
HIT 3 1821078913111 424 15615661852037456533
HIT 3 1825373880407 425 17876743447408149640
HIT 3 1829668847703 426 11650305458482643911
HIT 3 1833963814999 427 12262254817661117522
HIT 3 1838258782295 428 6200078539115102038
HIT 3 1842553749591 429 201515399700145418
HIT 3 1846848716887 430 9116538349615380681
HIT 3 1851143684183 431 2926322530015743119
HIT 3 1855438651479 432 5522138304176133434
HIT 3 1859733618775 433 15562758754758618538
HIT 3 1864028586071 434 17151511551592608050
HIT 3 1868323553367 435 264524834605814700
HIT 3 1872618520663 436 412215239837148516
HIT 3 1876913487959 437 11494055343855457173
HIT 3 1881208455255 438 8559835737553403791
HIT 3 1885503422551 439 8351078989408617641
HIT 3 1889798389847 440 10727548286560445925
HIT 3 1894093357143 441 17898911627813478184
HIT 3 1898388324439 442 8770346072164400245
HIT 3 1902683291735 443 13117396900680554516
HIT 3 1906978259031 444 5866123520228459968
HIT 3 1911273226327 445 6483517858078197797
HIT 3 1915568193623 446 3011869835192111339
HIT 3 1919863160919 447 4394872233622553065
HIT 3 1924158128215 448 5637352935961076300
HIT 3 1928453095511 449 1028748145443238246
HIT 3 1932748062807 450 1448464664339750640
HIT 3 1937043030103 451 11018180954056167878
HIT 3 1941337997399 452 13009504336765355663
HIT 3 1945632964695 453 12929150317729984559
HIT 3 1949927931991 454 13917954600891225771
HIT 3 1954222899287 455 1624488150329664897
HIT 3 1958517866583 456 6925260285385099307
HIT 3 1962812833879 457 4372647521896689410
HIT 3 1967107801175 458 15228115201840450608
HIT 3 1971402768471 459 14314473270682853531
HIT 3 1975697735767 460 5694506512090862131
HIT 3 1979992703063 461 3528311826737617600
HIT 3 1984287670359 462 7199936587396328533
HIT 3 1988582637655 463 13770089988428902014
HIT 3 1992877604951 464 6757569211032190703
HIT 3 1997172572247 465 5128853128991513037
HIT 3 2001467539543 466 17576219822580658057
HIT 3 2005762506839 467 16050112283943462720
HIT 3 2010057474135 468 14409145239958826552
HIT 3 2014352441431 469 9190602868430802835
HIT 3 2018647408727 470 2109373277272668342
HIT 3 2022942376023 471 4004144379524766232
HIT 3 2027237343319 472 8991437923992540087
HIT 3 2031532310615 473 4283538997275388143
HIT 3 2035827277911 474 11868162557511878676
HIT 3 2040122245207 475 3975595818495697947
HIT 3 2044417212503 476 18246824333840036407
HIT 3 2048712179799 477 1946100793675403457
HIT 3 2053007147095 478 12600503817103919687
HIT 3 2057302114391 479 10872274218091767821
HIT 3 2061597081687 480 8481358534827403675
HIT 3 2065892048983 481 341200294085042248
HIT 3 2070187016279 482 10862715986286761278
HIT 3 2074481983575 483 17080056427164355372
HIT 3 2078776950871 484 9570597025732176611
HIT 3 2083071918167 485 17209939688622769071
HIT 3 2087366885463 486 5246721149162915039
HIT 3 2091661852759 487 7265965517725822051
HIT 3 2095956820055 488 15369176581608194367
HIT 3 2100251787351 489 11311756753988372927
HIT 3 2104546754647 490 13378093444873383782
HIT 3 2108841721943 491 15912801973027460739
HIT 3 2113136689239 492 1945403499990725038
HIT 3 2117431656535 493 5955907703065920174
HIT 3 2121726623831 494 16941051132546384977
HIT 3 2126021591127 495 39715958660061890
HIT 3 2130316558423 496 6953990975776757285
HIT 3 2134611525719 497 969158526905744439
HIT 3 2138906493015 498 18322922467845296414
HIT 3 2143201460311 499 8209152628220921742
HIT 3 2147496427607 500 15404405888384014306
HIT 3 2151791394903 501 5674623856685072285
HIT 3 2156086362199 502 15383274408912021815
HIT 3 2160381329495 503 3459030815320721088
HIT 3 2164676296791 504 15560933363991789567
HIT 3 2168971264087 505 150487149101253824
HIT 3 2173266231383 506 5373901600258190162
HIT 3 2177561198679 507 17530122693723006732
HIT 3 2181856165975 508 443208996850792154
HIT 3 2186151133271 509 15029724301849556753
HIT 3 2190446100567 510 11328156062747383329
HIT 3 2194741067863 511 13886736535162118560
HIT 3 854711337047 199 16682763797165196455
HIT 3 949200617559 221 6110473773502330051
HIT 3 983560355927 229 2386632220074673553
HIT 3 940610748503 219 461847491189423827
HIT 3 944905715799 220 14400163045676606487
HIT 3 949200683095 221 8363604377019460544
HIT 3 957790617687 223 12626048882771216870
HIT 3 974970486871 227 14280108351689923086
HIT 3 979265454167 228 1652935999639342257
HIT 3 983560421463 229 6443615235935291057
HIT 3 992150356055 231 1802802416463919937
HIT 3 949200748631 221 17623601661126788546
HIT 3 983560486999 229 12814679863600917314
HIT 3 983561994324 229 6330456485783904892
HIT 3 949200814167 221 5885658222971268745
HIT 3 983560552535 229 16739724066346945030
HIT 3 949200879703 221 6760468063507515862
HIT 3 983560618071 229 4973842589990677718
HIT 3 949200945239 221 6719233615841299970
HIT 3 983560683607 229 8229445043004182483
HIT 3 949201010775 221 15551890436855142433
HIT 3 983560749143 229 272464333125207670
HIT 3 949201076311 221 9542138779576418490
HIT 3 983560814679 229 3037921311769456498
HIT 3 949201141847 221 10330818591607700581
HIT 3 983560880215 229 3150429087161160654
HIT 3 949201207383 221 9908465521580217598
HIT 3 983560945751 229 6284727784155184372
HIT 3 949201272919 221 14919393721500267495
HIT 3 983561011287 229 2262288619137985474
HIT 3 949201338455 221 3137708074989764942
HIT 3 983561076823 229 3681024251052549914
HIT 3 949201403991 221 11897017640688230839
HIT 3 983561142359 229 16640899852581596892
HIT 3 949201469527 221 2138675524050398075
HIT 3 983561207895 229 8660997808763403037
HIT 3 949201535063 221 17174565003614901586
HIT 3 983561273431 229 10536085342321839353
HIT 3 949201600599 221 13752734943216307770
HIT 3 983561338967 229 3463557809581348857
HIT 3 949201666135 221 2848691010916145474
HIT 3 983561404503 229 14960614592289762011
HIT 3 949201731671 221 9233525815950505239
HIT 3 983561470039 229 12142730007935286504
HIT 3 949201797207 221 16428331016882431677
HIT 3 983561535575 229 817685396710861551
HIT 3 949201862743 221 12306078436042219447
HIT 3 983561601111 229 7708789565877991348
HIT 3 949201928279 221 183949559211955164
HIT 3 983561666647 229 16634601540070574489
HIT 3 940612059223 219 183949559211955164
HIT 3 949201993815 221 18214955951125558487
HIT 3 983561732183 229 2555405470145399927
HIT 3 949202059351 221 13561799897046873520
HIT 3 957791993943 223 15865558058447958208
HIT 3 983561797719 229 9058063104885599894
HIT 3 949202124887 221 15865558058447958208
HIT 3 974971928663 227 3210740928089871316
HIT 3 979266895959 228 2901410106686406245
HIT 3 983561863255 229 14996121570442407979
HIT 3 992151797847 231 10014337296688125961
HIT 3 953497157719 222 13595288097725142395
HIT 3 957792125015 223 11112941526478255174
HIT 3 966382059607 225 14884042879250403882
HIT 3 974971994199 227 11466163083253603819
HIT 3 979266961495 228 17433149325916324639
HIT 3 983561928791 229 869222779745188052
HIT 3 992151863383 231 16359794729528068090
HIT 3 953497223255 222 8821417148490672688
HIT 3 957792190551 223 14884042879250403882
HIT 3 962087157847 224 13595288097725142395
HIT 3 966382125143 225 8652989548655795091
HIT 3 970677092439 226 17246554072599241237
HIT 3 974972059735 227 16392994348558509750
HIT 3 979267027031 228 1698827858302206856
HIT 3 983561994327 229 17953185736220920828
HIT 3 987856961623 230 9552359482156100731
HIT 3 992151928919 231 257212928518517733
HIT 3 996446896215 232 12222119047105191187
HIT 3 1000741863511 233 7497954839238588145
HIT 3 1005036830807 234 7197878030382871277
HIT 3 1009331798103 235 6593157379939933940
HIT 3 1013626765399 236 3366670667375808953
HIT 3 1017921732695 237 6894249115007932215
HIT 3 1022216699991 238 10108103501701382970
HIT 3 1026511667287 239 16861498035229177646
HIT 3 1030806634583 240 11326770419502328216
HIT 3 1035101601879 241 1041740464432688569
HIT 3 1039396569175 242 12722274255941079465
HIT 3 1043691536471 243 8282081029244221753
HIT 3 1047986503767 244 18336927214089010819
HIT 3 1052281471063 245 10941378309278218355
HIT 3 1056576438359 246 11465530548842650798
HIT 3 1060871405655 247 999950758104592306
HIT 3 1065166372951 248 9553684752623798050
HIT 3 1069461340247 249 4054433636095586805
HIT 3 1073756307543 250 17625919362189738074
HIT 3 1078051274839 251 12195005831823596938
HIT 3 1082346242135 252 14605207909814701423
HIT 3 1086641209431 253 12989524478974304123
HIT 3 1090936176727 254 17413254549469679386
HIT 3 1095231144023 255 2683233929003560696
HIT 3 1099526111319 256 14433304826111946225
HIT 3 1103821078615 257 15965882291900897406
HIT 3 1108116045911 258 8632911434026916225
HIT 3 1112411013207 259 7403319187771760613
HIT 3 1116705980503 260 6138487127910590268
HIT 3 1121000947799 261 317294182148731366
HIT 3 1125295915095 262 2869130857639617445
HIT 3 1129590882391 263 321845361271777339
HIT 3 1133885849687 264 16660099395991558192
HIT 3 1138180816983 265 17499534092539202323
HIT 3 1142475784279 266 17637220236928074586
HIT 3 1146770751575 267 8789174407214168411
HIT 3 1151065718871 268 4797476335231731469
HIT 3 1155360686167 269 16152733978357940998
HIT 3 1159655653463 270 10039267508256756637
HIT 3 1163950620759 271 15342870628533258384
HIT 3 1168245588055 272 9507785682749682975
HIT 3 1172540555351 273 4652797013129309250
HIT 3 1176835522647 274 14627294970334098956
HIT 3 1181130489943 275 12220657549491425890
HIT 3 1185425457239 276 14265212056543964796
HIT 3 1189720424535 277 17169976758149178125
HIT 3 1194015391831 278 10549463571479564315
HIT 3 1198310359127 279 4201550769970893612
HIT 3 1202605326423 280 9713359905104746583
HIT 3 1206900293719 281 9066010611974036650
HIT 3 1211195261015 282 10920750246376083373
HIT 3 1215490228311 283 1918895515345876129
HIT 3 1219785195607 284 9109543196340664279
HIT 3 1224080162903 285 16789326905482177283
HIT 3 1228375130199 286 2643370137709338216
HIT 3 1232670097495 287 6249006930259744083
HIT 3 1236965064791 288 2502979286301013947
HIT 3 1241260032087 289 11369853851089272596
HIT 3 1245554999383 290 9235418207308396023
HIT 3 1249849966679 291 17071680493096864625
HIT 3 1254144933975 292 10858407262439555397
HIT 3 1258439901271 293 8200990042751077064
HIT 3 1262734868567 294 9958081106230291603
HIT 3 1267029835863 295 15866278073690485914
HIT 3 1271324803159 296 16085882673094895826
HIT 3 1275619770455 297 12125379813463667225
HIT 3 1279914737751 298 15570807752965417117
HIT 3 1284209705047 299 2408825425887423248
HIT 3 1288504672343 300 3469189579379404482
HIT 3 1292799639639 301 6286195978283672106
HIT 3 1297094606935 302 11284246685212567240
HIT 3 1301389574231 303 7946384439900124857
HIT 3 1305684541527 304 3317360926383520770
HIT 3 1309979508823 305 15545932622588878736
HIT 3 1314274476119 306 12110917155889521570
HIT 3 1318569443415 307 6480585760739770124
HIT 3 1322864410711 308 6011848522618615399
HIT 3 1327159378007 309 11665216086675985492
HIT 3 1331454345303 310 15142934668293810353
HIT 3 1335749312599 311 3071819467380557828
HIT 3 1340044279895 312 4825044813664300777
HIT 3 1344339247191 313 12949260533763436688
HIT 3 1348634214487 314 13446037504200374095
HIT 3 1352929181783 315 11204438746157344818
HIT 3 1357224149079 316 13419897639563037884
HIT 3 1361519116375 317 4195455603177219510
HIT 3 1365814083671 318 14506081639809826976
HIT 3 1370109050967 319 4324216245762669218
HIT 3 1374404018263 320 8221192434834836277
HIT 3 1378698985559 321 5303816416380765933
HIT 3 1382993952855 322 3901691519921567698
HIT 3 1387288920151 323 2294185586354789046
HIT 3 1391583887447 324 5936094515056267118
HIT 3 1395878854743 325 14071019586038674123
HIT 3 1400173822039 326 5915028667509160805
HIT 3 1404468789335 327 12163540875179807309
HIT 3 1408763756631 328 14957354703241448517
HIT 3 1413058723927 329 1382637544512595471
HIT 3 1417353691223 330 17999475570791978418
HIT 3 1421648658519 331 6736457532373739523
HIT 3 1425943625815 332 3801334426514490648
HIT 3 1430238593111 333 15585624852839477045
HIT 3 1434533560407 334 8023059113971425626
HIT 3 1438828527703 335 7846200028976625284
HIT 3 1443123494999 336 16125233744502609231
HIT 3 1447418462295 337 665499050794381546
HIT 3 1451713429591 338 14788059578476877955
HIT 3 1456008396887 339 3596050595265776488
HIT 3 1460303364183 340 10096583751503585692
HIT 3 1464598331479 341 3552873500387118872
HIT 3 1468893298775 342 8187509070556844448
HIT 3 1473188266071 343 10365128473466780531
HIT 3 1477483233367 344 18340478165823100163
HIT 3 1481778200663 345 14053971255713045701
HIT 3 1486073167959 346 322304786755353216
HIT 3 1490368135255 347 15168261910561912406
HIT 3 1494663102551 348 8412844393648221927
HIT 3 1498958069847 349 1681803435797285833
HIT 3 1503253037143 350 6152004527804582756
HIT 3 1507548004439 351 7775652108245257772
HIT 3 1511842971735 352 18350428024124613282
HIT 3 1516137939031 353 13974288463701486142
HIT 3 1520432906327 354 13268225261990828471
HIT 3 1524727873623 355 10487937121583628562
HIT 3 1529022840919 356 3562920405329748634
HIT 3 1533317808215 357 8184923345986642115
HIT 3 1537612775511 358 43382414558280636
HIT 3 1541907742807 359 11352862695688783093
HIT 3 1546202710103 360 11247896601573876743
HIT 3 1550497677399 361 2804972910763969624
HIT 3 1554792644695 362 7945320265422256118
HIT 3 1559087611991 363 13920320794377921248
HIT 3 1563382579287 364 781340466759805772
HIT 3 1567677546583 365 8842076779667162319
HIT 3 1571972513879 366 18101825604486060050
HIT 3 1576267481175 367 14573405766931634233
HIT 3 1580562448471 368 10968132415246760416
HIT 3 1584857415767 369 4584077012115733954
HIT 3 1589152383063 370 11565194786998645498
HIT 3 1593447350359 371 11402080923376556075
HIT 3 1597742317655 372 5377009201261509091
HIT 3 1602037284951 373 4968185668092283613
HIT 3 1606332252247 374 10495632795192806604
HIT 3 1610627219543 375 11226724049204599055
HIT 3 1614922186839 376 822221831112804096
HIT 3 1619217154135 377 14082316972298621710
HIT 3 1623512121431 378 17865938786125118757
HIT 3 1627807088727 379 321759497096038640
HIT 3 1632102056023 380 14760026383052276721
HIT 3 1636397023319 381 349389378139182084
HIT 3 1640691990615 382 15173760624936898203
HIT 3 1644986957911 383 5587844582113422057
HIT 3 1649281925207 384 12798625074395014011
HIT 3 1653576892503 385 14791564886978461066
HIT 3 1657871859799 386 1430800213902625782
HIT 3 1662166827095 387 14497889885347010861
HIT 3 1666461794391 388 13357962893966723785
HIT 3 1670756761687 389 6210593173960242190
HIT 3 1675051728983 390 6269575031489885010
HIT 3 1679346696279 391 5997223069434263990
HIT 3 1683641663575 392 1225557297505631477
HIT 3 1687936630871 393 17213011786574823836
HIT 3 1692231598167 394 10903620876632005505
HIT 3 1696526565463 395 5724718511729869887
HIT 3 1700821532759 396 12356842154782894796
HIT 3 1705116500055 397 7695364415693339908
HIT 3 1709411467351 398 11219260007710311105
HIT 3 1713706434647 399 10877926400028125806
HIT 3 1718001401943 400 9183744243477828559
HIT 3 1722296369239 401 3869768462701489667
HIT 3 1726591336535 402 13006445508616516712
HIT 3 1730886303831 403 10227202398974565322
HIT 3 1735181271127 404 9209164771581739211
HIT 3 1739476238423 405 10787975189555019432
HIT 3 1743771205719 406 17372912312983007822
HIT 3 1748066173015 407 12502057998361792146
HIT 3 1752361140311 408 18058655358026874273
HIT 3 1756656107607 409 1610354724746187562
HIT 3 1760951074903 410 16561698130087241250
HIT 3 1765246042199 411 9349949912337040362
HIT 3 1769541009495 412 6395440920452026893
HIT 3 1773835976791 413 3465065854559011224
HIT 3 1778130944087 414 10249540022303633493
HIT 3 1782425911383 415 10387506209228524868
HIT 3 1786720878679 416 13836170670810222256
HIT 3 1791015845975 417 18258817268429777325
HIT 3 1795310813271 418 11760589846287709840
HIT 3 1799605780567 419 10263363916389590813
HIT 3 1803900747863 420 416951119127567112
HIT 3 1808195715159 421 7882980690552752757
HIT 3 1812490682455 422 11766072423874824780
HIT 3 1816785649751 423 13374159906888031831
HIT 3 1821080617047 424 3223933963348397790
HIT 3 1825375584343 425 15504151140482829525
HIT 3 1829670551639 426 3137816158184220658
HIT 3 1833965518935 427 13936426208726547513
HIT 3 1838260486231 428 14922278988269644706
HIT 3 1842555453527 429 4112130195461372754
HIT 3 1846850420823 430 12785276522942257101
HIT 3 1851145388119 431 9235941150108057199
HIT 3 1855440355415 432 14332873448949952103
HIT 3 1859735322711 433 12995425990678022246
HIT 3 1864030290007 434 6171329883852172572
HIT 3 1868325257303 435 13047760764808206056
HIT 3 1872620224599 436 7470255299480905306
HIT 3 1876915191895 437 5285842408839271733
HIT 3 1881210159191 438 10853771717182994763
HIT 3 1885505126487 439 10215668630333770006
HIT 3 1889800093783 440 12280973225091912049
HIT 3 1894095061079 441 402591927344611419
HIT 3 1898390028375 442 14282584504615536240
HIT 3 1902684995671 443 12957836700399065068
HIT 3 1906979962967 444 6127409330661646453
HIT 3 1911274930263 445 14592127492760124684
HIT 3 1915569897559 446 4636689220029626125
HIT 3 1919864864855 447 11178631134644937595
HIT 3 1924159832151 448 6541143548623269518
HIT 3 1928454799447 449 13396319692801396578
HIT 3 1932749766743 450 13793157225400799623
HIT 3 1937044734039 451 5865946532674631715
HIT 3 1941339701335 452 4783228070885741947
HIT 3 1945634668631 453 11132366061897993112
HIT 3 1949929635927 454 1330705325319782797
HIT 3 1954224603223 455 2349543020272893301
HIT 3 1958519570519 456 10474009706824416311
HIT 3 1962814537815 457 14495537667698123725
HIT 3 1967109505111 458 5039378336135603598
HIT 3 1971404472407 459 8726809842273778789
HIT 3 1975699439703 460 4319021379598218782
HIT 3 1979994406999 461 14651182545336009053
HIT 3 1984289374295 462 4325934278949357080
HIT 3 1988584341591 463 13566755019257873791
HIT 3 1992879308887 464 2545079233309850109
HIT 3 1997174276183 465 9649347521592957534
HIT 3 2001469243479 466 5490928457188998205
HIT 3 2005764210775 467 18305500453404167434
HIT 3 2010059178071 468 16185272733391092106
HIT 3 2014354145367 469 4909200555554010062
HIT 3 2018649112663 470 18010580004419794758
HIT 3 2022944079959 471 13828368260242105232
HIT 3 2027239047255 472 11774876433409431709
HIT 3 2031534014551 473 7147253815430001904
HIT 3 2035828981847 474 18266559823173621585
HIT 3 2040123949143 475 15880659369552735476
HIT 3 2044418916439 476 7759611684892492391
HIT 3 2048713883735 477 14554301012632297930
HIT 3 2053008851031 478 10011682254019537636
HIT 3 2057303818327 479 4481960987828720178
HIT 3 2061598785623 480 9975388003586097372
HIT 3 2065893752919 481 1089920482843008544
HIT 3 2070188720215 482 439011320892665451
HIT 3 2074483687511 483 5853293198433343232
HIT 3 2078778654807 484 13707912738635557460
HIT 3 2083073622103 485 6827413387599989601
HIT 3 2087368589399 486 3193098518712054521
HIT 3 2091663556695 487 11405834439403916917
HIT 3 2095958523991 488 13940021102310360253
HIT 3 2100253491287 489 11450528779207221708
HIT 3 2104548458583 490 13822428727380063468
HIT 3 2108843425879 491 5706867076365236672
HIT 3 2113138393175 492 798642347013540197
HIT 3 2117433360471 493 15311956875180151233
HIT 3 2121728327767 494 9995935973224127437
HIT 3 2126023295063 495 16603491468948469980
HIT 3 2130318262359 496 16998108110557558936
HIT 3 2134613229655 497 7538764642764174481
HIT 3 2138908196951 498 17491722694865505281
HIT 3 2143203164247 499 5778536256098158669
HIT 3 2147498131543 500 16497759684416842330
HIT 3 2151793098839 501 15115453388934095614
HIT 3 2156088066135 502 14532094832859869550
HIT 3 2160383033431 503 1273637959892283365
HIT 3 2164678000727 504 769475344688594512
HIT 3 2168972968023 505 7137255072535851439
HIT 3 2173267935319 506 11921360346068796128
HIT 3 2177562902615 507 13057385516350067599
HIT 3 2181857869911 508 8195524892855067894
HIT 3 2186152837207 509 13809389622832187991
HIT 3 2190447804503 510 13318099310528444571
HIT 3 2194742771799 511 10408769866035904978
HIT 3 966382190679 225 12366663571827463653
HIT 3 983562059863 229 13110972400502257929
HIT 3 974972190807 227 7094255774061516201
HIT 3 979267158103 228 12069316515716971347
HIT 3 983562125399 229 5306300940416806843
HIT 3 992152059991 231 6369278056819934454
HIT 3 983562190935 229 3641728540937246698
HIT 3 974972321879 227 3641728540937246698
HIT 3 983562256471 229 1531419080249569837
HIT 3 983562322007 229 3185450553555592963
HIT 3 992152256599 231 3784701341477214038
HIT 3 983562387543 229 3784701341477214038
HIT 3 987857420375 230 16392452445530260388
HIT 3 992152387671 231 2214632862376344808
HIT 3 1000742322263 233 2608159444546838080
HIT 3 987857485911 230 4137445898881926681
HIT 3 992152453207 231 2608159444546838080
HIT 3 996447420503 232 16392452445530260388
HIT 3 1000742387799 233 15627197459381556828
HIT 3 1005037355095 234 14747947145640895917
HIT 3 1009332322391 235 13052668195067210990
HIT 3 1013627289687 236 15959536683628451063
HIT 3 1017922256983 237 9855355664168771057
HIT 3 1022217224279 238 17412268099642819337
HIT 3 1026512191575 239 2400098715685060425
HIT 3 1030807158871 240 1030928299187338494
HIT 3 1035102126167 241 12269548587707789002
HIT 3 1039397093463 242 17628918917365760078
HIT 3 1043692060759 243 14337967141116069131
HIT 3 1047987028055 244 9009035065374909009
HIT 3 1052281995351 245 10859660726106226989
HIT 3 1056576962647 246 6234417821419464859
HIT 3 1060871929943 247 13405853269189396435
HIT 3 1065166897239 248 8625984828343821171
HIT 3 1069461864535 249 13582602855370857389
HIT 3 1073756831831 250 493535016131659640
HIT 3 1078051799127 251 18023320145380335810
HIT 3 1082346766423 252 17158973604415343357
HIT 3 1086641733719 253 9478344458963796955
HIT 3 1090936701015 254 9218428964161660079
HIT 3 1095231668311 255 13663485627230797718
HIT 3 1099526635607 256 9462956433973034779
HIT 3 1103821602903 257 517796679658969472
HIT 3 1108116570199 258 3094340586555676988
HIT 3 1112411537495 259 8054340465407491481
HIT 3 1116706504791 260 11894447458163134939
HIT 3 1121001472087 261 13656572825943110232
HIT 3 1125296439383 262 10342164582144427821
HIT 3 1129591406679 263 15902764054772457565
HIT 3 1133886373975 264 14341608474074710398
HIT 3 1138181341271 265 8755947724726877371
HIT 3 1142476308567 266 15359949743630988133
HIT 3 1146771275863 267 10225151419077607979
HIT 3 1151066243159 268 10350183398402861
HIT 3 1155361210455 269 6872626584982196770
HIT 3 1159656177751 270 3137534090333966114
HIT 3 1163951145047 271 2075527376859465023
HIT 3 1168246112343 272 10643010328850767004
HIT 3 1172541079639 273 905175660059129585
HIT 3 1176836046935 274 13401174221360000227
HIT 3 1181131014231 275 14869166556069756432
HIT 3 1185425981527 276 6985846060523884430
HIT 3 1189720948823 277 6401404682957712556
HIT 3 1194015916119 278 16029132905065961238
HIT 3 1198310883415 279 15953227138423758894
HIT 3 1202605850711 280 18149729898694935312
HIT 3 1206900818007 281 11306802028461375335
HIT 3 1211195785303 282 1131683389516138430
HIT 3 1215490752599 283 9888673322242461613
HIT 3 1219785719895 284 11918154708692132059
HIT 3 1224080687191 285 16937964180967051595
HIT 3 1228375654487 286 3484885960161336744
HIT 3 1232670621783 287 17404139957152345602
HIT 3 1236965589079 288 16976945518710004442
HIT 3 1241260556375 289 15609445210643909897
HIT 3 1245555523671 290 11345084373729872728
HIT 3 1249850490967 291 12087183017918791200
HIT 3 1254145458263 292 4567125213067331652
HIT 3 1258440425559 293 11976028501359840435
HIT 3 1262735392855 294 12765491165640882880
HIT 3 1267030360151 295 4473336251469771673
HIT 3 1271325327447 296 16141236254549824242
HIT 3 1275620294743 297 12734552188849269982
HIT 3 1279915262039 298 10954201836940982844
HIT 3 1284210229335 299 2906717198526698211
HIT 3 1288505196631 300 17557644746645087013
HIT 3 1292800163927 301 8219788746890940810
HIT 3 1297095131223 302 9643075784365289628
HIT 3 1301390098519 303 10386277231114916706
HIT 3 1305685065815 304 9151393065877490598
HIT 3 1309980033111 305 4544279805143851040
HIT 3 1314275000407 306 14702359993108781895
HIT 3 1318569967703 307 10585985451937974232
HIT 3 1322864934999 308 13141360819429270491
HIT 3 1327159902295 309 9652418434785822848
HIT 3 1331454869591 310 990898791681212616
HIT 3 1335749836887 311 14851702226517763951
HIT 3 1340044804183 312 17902875624585026978
HIT 3 1344339771479 313 12305527960633831226
HIT 3 1348634738775 314 15756430633141632098
HIT 3 1352929706071 315 6545924778736745471
HIT 3 1357224673367 316 6690072698497483788
HIT 3 1361519640663 317 18219199226588012079
HIT 3 1365814607959 318 12103442940206246828
HIT 3 1370109575255 319 647228666673212832
HIT 3 1374404542551 320 8777699754153555911
HIT 3 1378699509847 321 6204376844711873282
HIT 3 1382994477143 322 1462953218807270388
HIT 3 1387289444439 323 10011956134398061697
HIT 3 1391584411735 324 17802129849639343378
HIT 3 1395879379031 325 7086265536426608179
HIT 3 1400174346327 326 12524850691247878562
HIT 3 1404469313623 327 11772764521549379752
HIT 3 1408764280919 328 10609551602273203900
HIT 3 1413059248215 329 15677950968115105135
HIT 3 1417354215511 330 13293856550169618800
HIT 3 1421649182807 331 13215822555827116008
HIT 3 1425944150103 332 421057210772645638
HIT 3 1430239117399 333 8842008216352692501
HIT 3 1434534084695 334 12338337839627284861
HIT 3 1438829051991 335 17584807894727916288
HIT 3 1443124019287 336 15623826771884700912
HIT 3 1447418986583 337 14180236662736996270
HIT 3 1451713953879 338 10130584075253720143
HIT 3 1456008921175 339 8205569415906887078
HIT 3 1460303888471 340 16602802310176813501
HIT 3 1464598855767 341 4305157318205252562
HIT 3 1468893823063 342 13054469956681762420
HIT 3 1473188790359 343 12349106220710044038
HIT 3 1477483757655 344 10659420093932762578
HIT 3 1481778724951 345 95037437511258117
HIT 3 1486073692247 346 12891615985846704153
HIT 3 1490368659543 347 8028708368032051174
HIT 3 1494663626839 348 16749054290667072014
HIT 3 1498958594135 349 13634176018027327566
HIT 3 1503253561431 350 17382650414478838531
HIT 3 1507548528727 351 1685381363506690675
HIT 3 1511843496023 352 16382442889980061638
HIT 3 1516138463319 353 10958521200817149932
HIT 3 1520433430615 354 2674157190213015169
HIT 3 1524728397911 355 18025231988731231281
HIT 3 1529023365207 356 15547652362922729321
HIT 3 1533318332503 357 13168549145126686339
HIT 3 1537613299799 358 14727399570956864130
HIT 3 1541908267095 359 4053941152300943243
HIT 3 1546203234391 360 15345369910475126104
HIT 3 1550498201687 361 12952469117861574392
HIT 3 1554793168983 362 10460434704164850577
HIT 3 1559088136279 363 18291597902315277058
HIT 3 1563383103575 364 11993327250068297364
HIT 3 1567678070871 365 7485384043197978028
HIT 3 1571973038167 366 17283984467294004354
HIT 3 1576268005463 367 9127857574794673717
HIT 3 1580562972759 368 16338169348160742225
HIT 3 1584857940055 369 16959719705682535844
HIT 3 1589152907351 370 16634813576517311705
HIT 3 1593447874647 371 3474303408289307267
HIT 3 1597742841943 372 2938607791877457847
HIT 3 1602037809239 373 15463019724778236999
HIT 3 1606332776535 374 5387744627737673379
HIT 3 1610627743831 375 8997552772522097921
HIT 3 1614922711127 376 3550899291937561490
HIT 3 1619217678423 377 10475856168368975763
HIT 3 1623512645719 378 5978100114490072617
HIT 3 1627807613015 379 8573683394779861139
HIT 3 1632102580311 380 7800163795794528593
HIT 3 1636397547607 381 17598577096776975801
HIT 3 1640692514903 382 9086874042183248698
HIT 3 1644987482199 383 10700956024833535193
HIT 3 1649282449495 384 17754159427609379275
HIT 3 1653577416791 385 13467150943030287250
HIT 3 1657872384087 386 1207648438465807655
HIT 3 1662167351383 387 8521693589197772364
HIT 3 1666462318679 388 4375002850798580325
HIT 3 1670757285975 389 1270847342148606267
HIT 3 1675052253271 390 13576546647477140432
HIT 3 1679347220567 391 11989886462337402434
HIT 3 1683642187863 392 5847931024737811700
HIT 3 1687937155159 393 4319405757046585977
HIT 3 1692232122455 394 8552868315780787333
HIT 3 1696527089751 395 13625137627221342771
HIT 3 1700822057047 396 6789356525346034086
HIT 3 1705117024343 397 11863413406324092283
HIT 3 1709411991639 398 12147630519962280464
HIT 3 1713706958935 399 70093113189350595
HIT 3 1718001926231 400 13917379479357483027
HIT 3 1722296893527 401 9137921069888192188
HIT 3 1726591860823 402 6736178368082833098
HIT 3 1730886828119 403 13534759887396344815
HIT 3 1735181795415 404 6340322081630434081
HIT 3 1739476762711 405 526055389932157514
HIT 3 1743771730007 406 10767663741205256340
HIT 3 1748066697303 407 8262394298887991850
HIT 3 1752361664599 408 1618838324996998959
HIT 3 1756656631895 409 16199338659575297080
HIT 3 1760951599191 410 16624950779954221573
HIT 3 1765246566487 411 8710781535362761905
HIT 3 1769541533783 412 14632975687255608081
HIT 3 1773836501079 413 9448180482608321798
HIT 3 1778131468375 414 2558330888348260594
HIT 3 1782426435671 415 555233737751425988
HIT 3 1786721402967 416 2304445921027776742
HIT 3 1791016370263 417 5998639934148497954
HIT 3 1795311337559 418 10152784817017433542
HIT 3 1799606304855 419 9462128962669144382
HIT 3 1803901272151 420 17031678509707978338
HIT 3 1808196239447 421 16375905126685841475
HIT 3 1812491206743 422 12495504717450596250
HIT 3 1816786174039 423 12151937235770642066
HIT 3 1821081141335 424 18020972525182968271
HIT 3 1825376108631 425 3658589441377833848
HIT 3 1829671075927 426 7096695166940460910
HIT 3 1833966043223 427 432300700535192057
HIT 3 1838261010519 428 9186324763679065944
HIT 3 1842555977815 429 12719344658223105312
HIT 3 1846850945111 430 5798265771471392944
HIT 3 1851145912407 431 6750760534139802578
HIT 3 1855440879703 432 5334967012113276484
HIT 3 1859735846999 433 15820918477801757192
HIT 3 1864030814295 434 17236541270993429718
HIT 3 1868325781591 435 14331467984468394941
HIT 3 1872620748887 436 2756088742916806911
HIT 3 1876915716183 437 10859449185735640387
HIT 3 1881210683479 438 3979300360811778355
HIT 3 1885505650775 439 7525284019244942942
HIT 3 1889800618071 440 6836555651445180419
HIT 3 1894095585367 441 4144871861605529
HIT 3 1898390552663 442 3025986421694173777
HIT 3 1902685519959 443 12055578962813687163
HIT 3 1906980487255 444 7081832543558980812
HIT 3 1911275454551 445 8702443917111976966
HIT 3 1915570421847 446 18023562098975242421
HIT 3 1919865389143 447 8787895845984547514
HIT 3 1924160356439 448 750140100099536381
HIT 3 1928455323735 449 11319658455286328932
HIT 3 1932750291031 450 16658583862051235911
HIT 3 1937045258327 451 14220977458874125941
HIT 3 1941340225623 452 8761303994970083418
HIT 3 1945635192919 453 541923540410546740
HIT 3 1949930160215 454 10667583575153840783
HIT 3 1954225127511 455 7348187804705390630
HIT 3 1958520094807 456 13940758560679446634
HIT 3 1962815062103 457 17794875077408782796
HIT 3 1967110029399 458 9887893932962980984
HIT 3 1971404996695 459 1718678295893998351
HIT 3 1975699963991 460 12207611338257360878
HIT 3 1979994931287 461 9243280235660033814
HIT 3 1984289898583 462 11824108976343478276
HIT 3 1988584865879 463 5782633522661924195
HIT 3 1992879833175 464 1071426847053823434
HIT 3 1997174800471 465 17147715178600982081
HIT 3 2001469767767 466 10767505788890311310
HIT 3 2005764735063 467 1454969350054069814
HIT 3 2010059702359 468 3853174938126799755
HIT 3 2014354669655 469 8516488557700372381
HIT 3 2018649636951 470 2755328307465973504
HIT 3 2022944604247 471 2680837158183642681
HIT 3 2027239571543 472 13399433651104031350
HIT 3 2031534538839 473 5445080117115911695
HIT 3 2035829506135 474 4405609311351030352
HIT 3 2040124473431 475 13447129965646102436
HIT 3 2044419440727 476 16005852861442543216
HIT 3 2048714408023 477 4004619998316962178
HIT 3 2053009375319 478 4665755117629292155
HIT 3 2057304342615 479 12811376759540869217
HIT 3 2061599309911 480 5439256626447923831
HIT 3 2065894277207 481 14516937436254710148
HIT 3 2070189244503 482 12193520738792589253
HIT 3 2074484211799 483 4099726184616179120
HIT 3 2078779179095 484 14625190784254067878
HIT 3 2083074146391 485 39213428770320688
HIT 3 2087369113687 486 8152488699825704304
HIT 3 2091664080983 487 15338288806604196302
HIT 3 2095959048279 488 7156422484282818633
HIT 3 2100254015575 489 11278418112938270926
HIT 3 2104548982871 490 15663792912639429257
HIT 3 2108843950167 491 6220171485698912956
HIT 3 2113138917463 492 5736127670301616199
HIT 3 2117433884759 493 17497640010780873613
HIT 3 2121728852055 494 12115239155598369360
HIT 3 2126023819351 495 6140410191729369958
HIT 3 2130318786647 496 12990136213878268922
HIT 3 2134613753943 497 12018938245515966507
HIT 3 2138908721239 498 15974770462140460499
HIT 3 2143203688535 499 3390279074981226619
HIT 3 2147498655831 500 17041420573900095421
HIT 3 2151793623127 501 3472619028878726489
HIT 3 2156088590423 502 15020813032496931522
HIT 3 2160383557719 503 6791601556912837150
HIT 3 2164678525015 504 14978080675500083963
HIT 3 2168973492311 505 16439932807179448466
HIT 3 2173268459607 506 7616390160101166580
HIT 3 2177563426903 507 9658328551803888539
HIT 3 2181858394199 508 8302169988806250702
HIT 3 2186153361495 509 15531500092525979007
HIT 3 2190448328791 510 11366499704253343111
HIT 3 2194743296087 511 13682174702797497287
HIT 3 1000742453335 233 13436421468071198139
HIT 3 949200552024 221 4097961560914918512
HIT 3 983560290392 229 3220585756568635374
HIT 3 983561994328 229 17807661245224723158
HIT 3 949200420950 221 12745168286129284601
HIT 3 983560159318 229 16390040301042480340
HIT 3 846121271382 197 8592120988144477098
HIT 3 949200486486 221 12815887749201804391
HIT 3 983560224854 229 6023505232800802168
HIT 3 940610617430 219 1730949042627217383
HIT 3 944905584726 220 10795574304499614593
HIT 3 949200552022 221 9126593122387937357
HIT 3 957790486614 223 17666701297081508516
HIT 3 974970355798 227 18445517229366988134
HIT 3 979265323094 228 16304313256513821344
HIT 3 983560290390 229 12039421136332982081
HIT 3 992150224982 231 10253203997981587612
HIT 3 949200683094 221 11478317481606577626
HIT 3 983560421462 229 16791500873121341276
HIT 3 983561863254 229 13268887357968253817
HIT 3 957792125014 223 4174238072089859140
HIT 3 983561928790 229 11019984149511525364
HIT 3 974972059734 227 12229723110583146783
HIT 3 979267027030 228 17066628182857168224
HIT 3 983561994326 229 11905323492292319987
HIT 3 992151928918 231 2457596094376755828
HIT 3 983562125398 229 17544289886533819509
HIT 3 992152387670 231 15208868640715419505
HIT 3 837527273561 195 5671254508270794818
HIT 3 949196423257 221 18394597767206002770
HIT 3 983556161625 229 18360900475026497760
HIT 3 828937470041 193 13305145215715398307
HIT 3 833232437337 194 10260426463403520857
HIT 3 837527404633 195 8985506189742895468
HIT 3 846117339225 197 15759822580687279487
HIT 3 940606619737 219 12697458080020163029
HIT 3 944901587033 220 16169983908079801390
HIT 3 949196554329 221 2304948979514822880
HIT 3 957786488921 223 13495294345440735018
HIT 3 974966358105 227 15832987402737092289
HIT 3 979261325401 228 4669374353159711780
HIT 3 983556292697 229 8452278034479449243
HIT 3 992146227289 231 1513806092914394276
HIT 3 584124399705 136 2152897457374177580
HIT 3 837527470169 195 7820489858509116009
HIT 3 949196619865 221 1478809300822012143
HIT 3 983556358233 229 12413210575799148397
HIT 3 837527535705 195 4095673551615406443
HIT 3 949196685401 221 7481810095888756367
HIT 3 983556423769 229 4770224477413123784
HIT 3 837527404634 195 1732835401895493594
HIT 3 949196554330 221 15861669816655704862
HIT 3 983556292698 229 697268850249942010
HIT 3 837527404635 195 9655256146205551454
HIT 3 949196554331 221 17262349397633466290
HIT 3 983556292699 229 18195686821675023175
HIT 3 949200420953 221 14331251303251210043
HIT 3 983560159321 229 7447747203286847976
HIT 3 846121271385 197 1611979716040943648
HIT 3 949200486489 221 6091653823045311709
HIT 3 983560224857 229 11355006204207670101
HIT 3 940610617433 219 17732341820246111526
HIT 3 944905584729 220 3436645052042171230
HIT 3 949200552025 221 188964422909698714
HIT 3 957790486617 223 4382863857905844677
HIT 3 974970355801 227 7264410104193266996
HIT 3 979265323097 228 758690153647314812
HIT 3 983560290393 229 17672128268489977135
HIT 3 992150224985 231 3429591786982660708
HIT 3 949200683097 221 17281724956716156372
HIT 3 983560421465 229 4284494693779685699
HIT 3 949200552026 221 11173178294520291378
HIT 3 983560290394 229 8300585216957340763
HIT 3 837527404636 195 13434356986516192728
HIT 3 949196554332 221 11536927212021283786
HIT 3 983556292700 229 9682631742281746931
HIT 3 983561863257 229 10609175677078870352
HIT 3 957792125017 223 17573239617157213480
HIT 3 983561928793 229 17772786619536558127
HIT 3 974972059737 227 1898805384035149965
HIT 3 979267027033 228 13890087535143750793
HIT 3 983561994329 229 10397095072939759483
HIT 3 992151928921 231 7404512058503451308
HIT 3 983562125401 229 914670651014013789
HIT 3 992152387673 231 456551998406193138
HIT 3 949200552027 221 14332102684659144401
HIT 3 983560290395 229 15100679190939710301
HIT 3 983561994330 229 6847839532565726255
HIT 3 983561994331 229 11890679332124586673
HIT 3 949200552028 221 11338559646578923673
HIT 3 983560290396 229 12608130901351065992
HIT 3 983561994332 229 16027263811760539855
HIT 3 837527404637 195 17983212952413596451
HIT 3 949196554333 221 10987650199966070709
HIT 3 983556292701 229 9476635533543400931
HIT 3 949200552029 221 5026785290073311038
HIT 3 837527404638 195 14920841683087744548
HIT 3 983560290397 229 12995536328332051481
HIT 3 949196554334 221 3165562474927109056
HIT 3 983556292702 229 8992379236933979117
HIT 3 983561994333 229 9126182014819394688
HIT 3 837527404639 195 13245353392830498141
HIT 3 949196554335 221 3350006719199446099
HIT 3 983556292703 229 8785361428315334854
HIT 3 949200552030 221 7243288334490378553
HIT 3 983560290398 229 3071310240324269341
HIT 3 837527404640 195 5384676612045521211
HIT 3 949196554336 221 13047410802944063800
HIT 3 983556292704 229 10082035790417838173
HIT 3 837527404641 195 3056104762944381419
HIT 3 949196554337 221 14926230996844909368
HIT 3 983556292705 229 1810479896117183520
HIT 3 983561994334 229 4017669239531711728
HIT 3 949200552031 221 12706551178410019510
HIT 3 983560290399 229 6272149790837550355
HIT 3 949200552033 221 12576965118153956810
HIT 3 983560290401 229 14650348494498933555
HIT 3 983561994337 229 773087590965168102
HIT 3 949200552032 221 1841717455856263774
HIT 3 983560290400 229 11384942281940262862
HIT 3 983561994335 229 12216984943177629557
HIT 3 983561994336 229 4519116449448679156
HIT 3 837527404643 195 232214707084307229
HIT 3 949196554339 221 11314079606265248396
HIT 3 983556292707 229 13574232511656182482
HIT 3 837527404642 195 4240203177392453790
HIT 3 949196554338 221 4159989248184753750
HIT 3 983556292706 229 7457336055564785262
HIT 3 949200552035 221 15516613100345220218
HIT 3 983560290403 229 1072503306224494593
HIT 3 983561994339 229 12187150810329498978
HIT 3 837527404644 195 15126168705442356199
HIT 3 949196554340 221 3313609977315858598
HIT 3 983556292708 229 16168743870241553403
HIT 3 837527404645 195 16568946154476706665
HIT 3 949196554341 221 13715204862591115074
HIT 3 983556292709 229 7480528301499219213
HIT 3 949200552034 221 6721249017073997029
HIT 3 983560290402 229 2279244552566333243
HIT 3 949200552036 221 774993068094276212
HIT 3 983560290404 229 3758713683106656392
HIT 3 983561994338 229 1899030505206149466
HIT 3 983561994340 229 5784433200814946590
HIT 3 949200552037 221 5808460841637420545
HIT 3 983560290405 229 12313556864413310411
HIT 3 983561994341 229 10015393154678543551
HIT 3 837527404647 195 5808835367310792626
HIT 3 949196554343 221 8932299867226384665
HIT 3 983556292711 229 12868618637354419405
HIT 3 837527404646 195 1488976217114218868
HIT 3 949196554342 221 8696911071314935125
HIT 3 983556292710 229 6512124490640947974
HIT 3 837527404648 195 1981186560694238206
HIT 3 949196554344 221 15612688337550209824
HIT 3 983556292712 229 9106325255919722328
HIT 3 949200552039 221 3880219142160603383
HIT 3 983560290407 229 3444269940304338449
HIT 3 983561994343 229 13728643699219587604
HIT 3 949200552038 221 2088536827182932719
HIT 3 983560290406 229 14149757152526134930
HIT 3 949200552040 221 11382616988601865627
HIT 3 983560290408 229 10790538857847170823
HIT 3 983561994342 229 4521874387271269457
HIT 3 983561994344 229 10420845230718258820
HIT 3 837527404649 195 17537215740541684134
HIT 3 949196554345 221 396554552868246912
HIT 3 983556292713 229 12538880590418679764
HIT 3 837527404650 195 4618866103194067757
HIT 3 949196554346 221 5292190665400978922
HIT 3 983556292714 229 5781796547375614653
HIT 3 949200552041 221 14145495283673450408
HIT 3 983560290409 229 13908838201925920277
HIT 3 983561994345 229 6536851433118452157
HIT 3 949200552042 221 1941933627021353860
HIT 3 983560290410 229 770233557599435022
HIT 3 837527404651 195 12489341180685059278
HIT 3 949196554347 221 3113325426804889411
HIT 3 983556292715 229 79090472543264744
HIT 3 983561994346 229 8872989230956504495
HIT 3 837527404652 195 1589572407930727424
HIT 3 949196554348 221 1871103702433940394
HIT 3 983556292716 229 7746305180374309317
HIT 3 949200552043 221 12324255364495766471
HIT 3 983560290411 229 1666629636600786132
HIT 3 983561994347 229 15544521335433738659
HIT 3 949200552044 221 11454217001507620209
HIT 3 983560290412 229 16840010174771566726
HIT 3 837527404654 195 14235002181642101368
HIT 3 949196554350 221 8499594007800589381
HIT 3 983556292718 229 11628809619097939160
HIT 3 837527404653 195 2768623383276281274
HIT 3 949196554349 221 13899906622117782813
HIT 3 983556292717 229 9179432653409516582
HIT 3 983561994348 229 17496148525866746140
HIT 3 949200552046 221 10184152403721436155
HIT 3 983560290414 229 8462904575803446759
HIT 3 837527404655 195 11265349335806207901
HIT 3 949196554351 221 4485804560211881462
HIT 3 983556292719 229 790718468857535223
HIT 3 983561994350 229 7310710382056339231
HIT 3 949200552045 221 6330713752226813587
HIT 3 983560290413 229 14942793176838713283
HIT 3 983561994349 229 3658278607619453229
HIT 3 949200552047 221 1180083797376322889
HIT 3 983560290415 229 10819716146556419313
HIT 3 983561994351 229 14866257633713167081
HIT 3 837527404657 195 4029745347417661273
HIT 3 949196554353 221 2554082465341297960
HIT 3 983556292721 229 7942426653277784840
HIT 3 837527404656 195 8477090941779694287
HIT 3 949196554352 221 14342283929402453058
HIT 3 983556292720 229 17694321214641305609
HIT 3 949200552049 221 14839561437153670424
HIT 3 983560290417 229 3513774683895963856
HIT 3 837527404658 195 235884731029453479
HIT 3 949196554354 221 4806589347303058730
HIT 3 983556292722 229 17418120586824050781
HIT 3 983561994353 229 5504805380896352976
HIT 3 949200552048 221 8515855139877698618
HIT 3 983560290416 229 14839905646507646678
HIT 3 837527404659 195 8381114447093390262
HIT 3 949196554355 221 16393539325830540586
HIT 3 983556292723 229 5735922183559488036
HIT 3 949200552050 221 3881486208176065142
HIT 3 983560290418 229 16532603214178092724
HIT 3 983561994352 229 7068947471342198664
HIT 3 983561994354 229 12053984647573632223
HIT 3 949200552051 221 13985442246986329847
HIT 3 983560290419 229 10707583953521127784
HIT 3 837527404660 195 12675157639253007584
HIT 3 949196554356 221 10748426973105222741
HIT 3 983556292724 229 6240535128266049830
HIT 3 983561994355 229 210247220665162740
HIT 3 949200552052 221 8680870525855174165
HIT 3 983560290420 229 10604923197109558159
HIT 3 983561994356 229 2105527732833492516
HIT 3 837527404661 195 13260067451022999158
HIT 3 949196554357 221 5631092210799355646
HIT 3 983556292725 229 11509792961825730877
HIT 3 837527404662 195 5410097108541655892
HIT 3 949196554358 221 16986017270609178148
HIT 3 983556292726 229 8529366511213093488
HIT 3 949200552053 221 11830329787285860452
HIT 3 983560290421 229 5018075858795623550
HIT 3 837527404663 195 16791662045713233554
HIT 3 949196554359 221 5454251180782261606
HIT 3 983556292727 229 9302389928361714936
HIT 3 949200552054 221 11565993154508018116
HIT 3 983560290422 229 12538168789025716779
HIT 3 983561994357 229 6542777353293383633
HIT 3 837527404664 195 13002030389512089868
HIT 3 949196554360 221 10910635322577868010
HIT 3 983556292728 229 12789916080495050478
HIT 3 983561994358 229 6687803987576552121
HIT 3 949200552055 221 9752231033287145027
HIT 3 983560290423 229 14695407679856561982
HIT 3 949200552056 221 5862548354357516027
HIT 3 983560290424 229 2047426313377219380
HIT 3 983561994359 229 2939777513112472783
HIT 3 983561994360 229 14790378575814238869
HIT 3 837527404665 195 16310300803478168724
HIT 3 949196554361 221 10565828254559236049
HIT 3 983556292729 229 14879704843693320476
HIT 3 837527404666 195 10742100817064509469
HIT 3 949196554362 221 15373801532185253895
HIT 3 983556292730 229 11040723629416950193
HIT 3 837527404667 195 7884703809509678096
HIT 3 949196554363 221 3883896479387136821
HIT 3 983556292731 229 6995430252166355669
HIT 3 949200552057 221 1172609736367413927
HIT 3 983560290425 229 18102056220057905304
HIT 3 837527404668 195 14437954899722986653
HIT 3 949196554364 221 12859463696065897675
HIT 3 983556292732 229 6689536638411227885
HIT 3 949200552058 221 7766343998570355116
HIT 3 983560290426 229 12722466402177571050
HIT 3 983561994361 229 6538389947733695165
HIT 3 949200552059 221 2193038712338236280
HIT 3 983560290427 229 15156855808195747034
HIT 3 983561994362 229 7200636998677408595
HIT 3 983561994363 229 10616103038086651611
HIT 3 949200552060 221 2956207861723277044
HIT 3 983560290428 229 2416074270548813298
HIT 3 983561994364 229 6718811479091071873
HIT 3 837527404669 195 17355472654937396967
HIT 3 837527404670 195 16050426520977834376
HIT 3 949196554366 221 7462685011322029079
HIT 3 983556292734 229 13622385656925722242
HIT 3 949196554365 221 9016017100252986349
HIT 3 983556292733 229 7714844536139163613
HIT 3 837527404671 195 4156855467856153640
HIT 3 949196554367 221 11333086725986544766
HIT 3 983556292735 229 6545049378709336234
HIT 3 949200552061 221 11309306976272338249
HIT 3 983560290429 229 4781667887154632626
HIT 3 983561994365 229 5993974052203027479
HIT 3 837527404672 195 16969953632970639674
HIT 3 949196554368 221 14719572699974506481
HIT 3 983556292736 229 10622918271881990873
HIT 3 949200552063 221 8165023422167595327
HIT 3 983560290431 229 15364899840301095615
HIT 3 949200552062 221 10930114834817266965
HIT 3 983560290430 229 18114882477334191549
HIT 3 983561994366 229 15588304265716168703
HIT 3 983561994367 229 2518340671533940715
HIT 3 949200552064 221 8826049426975410826
HIT 3 983560290432 229 7084006387901903871
HIT 3 983561994368 229 7996937827900154179
HIT 3 837527404673 195 10299622990491727517
HIT 3 949196554369 221 2502978313091510404
HIT 3 983556292737 229 17670291815229497688
HIT 3 837527273602 195 10313217311050177371
HIT 3 949196423298 221 16053292746715407588
HIT 3 983556161666 229 1785272299221605830
HIT 3 837527404674 195 3841072132949969505
HIT 3 949196554370 221 6879717313287368384
HIT 3 983556292738 229 3546211467215527027
HIT 3 949200552065 221 15883553344843826035
HIT 3 983560290433 229 9556142728760998649
HIT 3 837527404676 195 16021286631802428679
HIT 3 949196554372 221 15421229997602434363
HIT 3 983556292740 229 6392556952590464548
HIT 3 949200552066 221 4109230891984372747
HIT 3 983560290434 229 17975566500198261047
HIT 3 837527404675 195 10313217311050177371
HIT 3 949196554371 221 16053292746715407588
HIT 3 983556292739 229 1785272299221605830
HIT 3 983561994369 229 1171670389965554488
HIT 3 983561994370 229 15554062797297135369
HIT 3 949200420996 221 13553684418381697820
HIT 3 983560159364 229 4129533039735924117
HIT 3 846121271428 197 1660776313802853715
HIT 3 949200486532 221 17413480115633350943
HIT 3 983560224900 229 1151913937676896209
HIT 3 940610617476 219 17327039182173608144
HIT 3 944905584772 220 5107716228530463326
HIT 3 949200552068 221 17068343388525174554
HIT 3 957790486660 223 9317505232069220117
HIT 3 974970355844 227 2921560424663858992
HIT 3 979265323140 228 17982383052285224250
HIT 3 983560290436 229 5802909934713803959
HIT 3 992150225028 231 12198180177904772690
HIT 3 949200683140 221 935740436420933124
HIT 3 983560421508 229 174891514900347354
HIT 3 983561863300 229 18168325003026742478
HIT 3 957792125060 223 1673979388673761420
HIT 3 983561928836 229 14154462315278746539
HIT 3 974972059780 227 17625666055747846320
HIT 3 979267027076 228 12920226894830076867
HIT 3 983561994372 229 14440091983015394768
HIT 3 992151928964 231 6103790541724311152
HIT 3 983562125444 229 8345654841433857880
HIT 3 992152387716 231 11406999139480964492
HIT 3 949200552067 221 6388527687034253888
HIT 3 983560290435 229 11234446046550844895
HIT 3 983561994371 229 11706104589566885170
HIT 3 837527404677 195 1660776313802853715
HIT 3 949196554373 221 1673979388673761420
HIT 3 983556292741 229 11406999139480964492
HIT 3 837527535749 195 16021286631802428679
HIT 3 949196685445 221 15421229997602434363
HIT 3 983556423813 229 6392556952590464548
HIT 3 837527535750 195 15518050585803385874
HIT 3 949196685446 221 14165513997388821934
HIT 3 983556423814 229 2155156149711004786
HIT 3 837527601286 195 14689652144393573243
HIT 3 949196750982 221 3928915174189558346
HIT 3 983556489350 229 5359134128606533344
HIT 3 837527666822 195 16867925598016269093
HIT 3 949196816518 221 3613491284578991289
HIT 3 983556554886 229 3537457962640785247
HIT 3 837527732358 195 11746123719013333736
HIT 3 949196882054 221 18028821233247649920
HIT 3 983556620422 229 5358960484121904909
HIT 3 837527797894 195 13239361713035805327
HIT 3 949196947590 221 137999874088294739
HIT 3 983556685958 229 5788202329009017321
HIT 3 837527863430 195 13481862346028819439
HIT 3 949197013126 221 553088244976496973
HIT 3 983556751494 229 12848015544071779165
HIT 3 837527928966 195 1610272799771761237
HIT 3 949197078662 221 9742302963550267842
HIT 3 983556817030 229 15387721666850972658
HIT 3 828937601159 193 14249007637587379810
HIT 3 833232568455 194 9376200736513203358
HIT 3 837527535751 195 4133659867894178619
HIT 3 846117470343 197 4345879469115690645
HIT 3 940606750855 219 8433953906238164899
HIT 3 944901718151 220 10458472893450868461
HIT 3 949196685447 221 6562194030458681714
HIT 3 957786620039 223 8317303505416459415
HIT 3 974966489223 227 15096536526039892759
HIT 3 979261456519 228 13592384235803753435
HIT 3 983556423815 229 2290911358669205185
HIT 3 992146358407 231 12989217245448920141
HIT 3 592714465415 138 6564963279817872155
HIT 3 837527601287 195 11746123719013333736
HIT 3 949196750983 221 18028821233247649920
HIT 3 983556489351 229 5358960484121904909
HIT 3 837527666823 195 15518050585803385874
HIT 3 949196816519 221 14165513997388821934
HIT 3 983556554887 229 2155156149711004786
HIT 3 837527994502 195 2762484946720602447
HIT 3 949197144198 221 14455532107841971253
HIT 3 983556882566 229 10539962043785587752
HIT 3 837528060038 195 496703282945382642
HIT 3 949197209734 221 16164304107834624137
HIT 3 983556948102 229 100402035318804347
HIT 3 837528125574 195 6300901807294603224
HIT 3 949197275270 221 6237874122492837214
HIT 3 983557013638 229 14928056724586660856
HIT 3 837528191110 195 5675579486124671922
HIT 3 949197340806 221 6461096469125748557
HIT 3 983557079174 229 11326860080418621246
HIT 3 837528256646 195 7448688057944846741
HIT 3 949197406342 221 8659591689832831068
HIT 3 983557144710 229 6777790960433485779
HIT 3 837528322182 195 9133490711748333692
HIT 3 949197471878 221 6423354339566195866
HIT 3 983557210246 229 5672313051426526389
HIT 3 837528387718 195 2817964342899116439
HIT 3 949197537414 221 9631382470012303596
HIT 3 983557275782 229 7291894958263826959
HIT 3 837528453254 195 3325524027748601374
HIT 3 949197602950 221 12357598227437726377
HIT 3 983557341318 229 4676339030288876010
HIT 3 837528518790 195 18108180694605855173
HIT 3 949197668486 221 17839229950952690354
HIT 3 983557406854 229 3161691708205795238
HIT 3 837528584326 195 13467377211358135112
HIT 3 949197734022 221 4429987906796032870
HIT 3 983557472390 229 14268176923718671204
HIT 3 837528649862 195 13397350759339613496
HIT 3 949197799558 221 10916684457809990141
HIT 3 983557537926 229 6071847742811941570
HIT 3 837528715398 195 6162434058080288499
HIT 3 949197865094 221 11498117513776777600
HIT 3 983557603462 229 13968504067071423163
HIT 3 837528780934 195 5863441591591290442
HIT 3 949197930630 221 7776421120490845054
HIT 3 983557668998 229 3732096191159385583
HIT 3 949200552069 221 3370258358945432850
HIT 3 983560290437 229 7345475622475793686
HIT 3 837528846470 195 14294416555762759860
HIT 3 949197996166 221 301783129183340668
HIT 3 983557734534 229 15950959963127342519
HIT 3 837528912006 195 4788679996749688452
HIT 3 949198061702 221 10847107193481744012
HIT 3 983557800070 229 16676547684592477427
HIT 3 837528977542 195 493247339413566418
HIT 3 949198127238 221 13334566172251891826
HIT 3 983557865606 229 8803230532869416724
HIT 3 837529043078 195 17035433520740541948
HIT 3 949198192774 221 14931351306250533870
HIT 3 983557931142 229 3179281241036664812
HIT 3 837529108614 195 15596089992778750775
HIT 3 949198258310 221 1681450858490757450
HIT 3 983557996678 229 6806073071653689403
HIT 3 837529174150 195 13017649228728482038
HIT 3 949198323846 221 8960489552267650085
HIT 3 983558062214 229 14232407916107548179
HIT 3 837529239686 195 10801282937053029067
HIT 3 949198389382 221 11312899268111130050
HIT 3 983558127750 229 7158774990545321465
HIT 3 837529305222 195 7038114684706427593
HIT 3 949198454918 221 17475282150425230201
HIT 3 983558193286 229 7351969649707738650
HIT 3 837529370758 195 12325059144880315521
HIT 3 949198520454 221 14248269016631711980
HIT 3 983558258822 229 8461312235763306928
HIT 3 837529436294 195 12793627041859656085
HIT 3 949198585990 221 16697641172912835858
HIT 3 983558324358 229 8966445975302508783
HIT 3 837529501830 195 17320945985102991148
HIT 3 949198651526 221 8316612806230403440
HIT 3 983558389894 229 16348612151404199210
HIT 3 837529567366 195 16037993355176469967
HIT 3 949198717062 221 1281161867902739536
HIT 3 983558455430 229 8729342820105767342
HIT 3 837529632902 195 25606861566226527
HIT 3 949198782598 221 13910193812988318910
HIT 3 983558520966 229 13429894465433403756
HIT 3 837529698438 195 1811855803339400321
HIT 3 949198848134 221 13502428025195489699
HIT 3 983558586502 229 2835832866441742715
HIT 3 837529763974 195 16111312011514970618
HIT 3 949198913670 221 9335005764392177913
HIT 3 983558652038 229 3588548770418147383
HIT 3 983561994373 229 8296751174092888147
HIT 3 837529829510 195 16503260718688928686
HIT 3 949198979206 221 12732311285977176631
HIT 3 983558717574 229 12631864273422037657
HIT 3 837529895046 195 8430787262090905096
HIT 3 949199044742 221 16104235046756452492
HIT 3 983558783110 229 18066883855661674823
HIT 3 837529960582 195 9421206573389517658
HIT 3 949199110278 221 14229447404658838004
HIT 3 983558848646 229 18420226472768956844
HIT 3 837530026118 195 6155886148208692925
HIT 3 949199175814 221 1117867955551836434
HIT 3 983558914182 229 1739707151663599672
HIT 3 837530091654 195 454400454524139062
HIT 3 949199241350 221 14757624660847870976
HIT 3 983558979718 229 6022617534079496502
HIT 3 837530157190 195 1540188839650024085
HIT 3 949199306886 221 3077423100838479395
HIT 3 983559045254 229 10007706302197275133
HIT 3 837530222726 195 4479278810494615643
HIT 3 949199372422 221 6274484942072888317
HIT 3 983559110790 229 15926793299144860146
HIT 3 837530288262 195 9249462873806774483
HIT 3 949199437958 221 9656272373271068550
HIT 3 983559176326 229 13214567245474711199
HIT 3 837530353798 195 3730060952493256250
HIT 3 949199503494 221 7464286393260796991
HIT 3 983559241862 229 17892428037319667578
HIT 3 837530419334 195 3505611965556116971
HIT 3 949199569030 221 11583049280987750842
HIT 3 983559307398 229 14506749216866219426
HIT 3 837530484870 195 13503295789414223849
HIT 3 949199634566 221 17985965111683191250
HIT 3 983559372934 229 1957689057737808408
HIT 3 837530550406 195 6692058912969156974
HIT 3 949199700102 221 6556726590845382912
HIT 3 983559438470 229 17793166528462565204
HIT 3 837530615942 195 2473159085833268186
HIT 3 949199765638 221 8000108032087125394
HIT 3 983559504006 229 13323768156569087427
HIT 3 837530681478 195 7729666286591860003
HIT 3 949199831174 221 15810093166511175513
HIT 3 983559569542 229 9143763672417649399
HIT 3 837530747014 195 37798714652613990
HIT 3 949199896710 221 15207593886434291314
HIT 3 983559635078 229 8156726553422748047
HIT 3 837530812550 195 13400121889851946624
HIT 3 949199962246 221 5847895225533138700
HIT 3 983559700614 229 2168361359823515416
HIT 3 837530878086 195 13318123208767090378
HIT 3 949200027782 221 1963441170801675665
HIT 3 983559766150 229 8406545995394034180
HIT 3 837530943622 195 15086221724903260188
HIT 3 949200093318 221 7394806968772119269
HIT 3 983559831686 229 323061045826412389
HIT 3 837531009158 195 5437209660649883380
HIT 3 949200158854 221 13273042380088399069
HIT 3 983559897222 229 16662455513803694011
HIT 3 837531074694 195 17242195449216012195
HIT 3 949200224390 221 15696801050555668514
HIT 3 983559962758 229 16750793394333906021
HIT 3 828941205638 193 17242195449216012195
HIT 3 837531140230 195 16849796458885471131
HIT 3 949200289926 221 1218633066987988338
HIT 3 983560028294 229 2093348049490806223
HIT 3 837531205766 195 14249007637587379810
HIT 3 846121140358 197 1416679122213417413
HIT 3 949200355462 221 7833845697431728587
HIT 3 983560093830 229 14932856024175586664
HIT 3 837531271302 195 1416679122213417413
HIT 3 940610486406 219 18167595587348653623
HIT 3 944905453702 220 17298610725545373864
HIT 3 949200420998 221 5897766482551436152
HIT 3 957790355590 223 17758095160249979724
HIT 3 974970224774 227 11502759460846424097
HIT 3 979265192070 228 12366362730729166466
HIT 3 983560159366 229 15455294808952597947
HIT 3 992150093958 231 17345531966778719593
HIT 3 841826304134 196 10571930351330577544
HIT 3 846121271430 197 4133659867894178619
HIT 3 854711206022 199 16947852772831382995
HIT 3 940610551942 219 16542905277701782246
HIT 3 944905519238 220 4533044729804636351
HIT 3 949200486534 221 476255771218909436
HIT 3 957790421126 223 13634345575273806190
HIT 3 974970290310 227 4085515320767842712
HIT 3 979265257606 228 1619155030270951781
HIT 3 983560224902 229 5737278892678341437
HIT 3 992150159494 231 14990158255492358227
HIT 3 841826369670 196 9376200736513203358
HIT 3 846121336966 197 16947852772831382995
HIT 3 850416304262 198 10571930351330577544
HIT 3 854711271558 199 13624486410707478678
HIT 3 859006238854 200 4177808838556958283
HIT 3 863301206150 201 704289987405072641
HIT 3 867596173446 202 7753345653820815069
HIT 3 871891140742 203 13202528039290785773
HIT 3 876186108038 204 5172668743846157897
HIT 3 880481075334 205 11935850289200373680
HIT 3 884776042630 206 2419347041527613802
HIT 3 889071009926 207 10720499735189065634
HIT 3 893365977222 208 3847680762401938683
HIT 3 897660944518 209 16891865649998809883
HIT 3 901955911814 210 17884853171065118287
HIT 3 906250879110 211 9683583657440272823
HIT 3 910545846406 212 4047029188456689675
HIT 3 914840813702 213 7971978301109842940
HIT 3 919135780998 214 597575654597238118
HIT 3 923430748294 215 4970563670378164152
HIT 3 927725715590 216 15209874402233770921
HIT 3 932020682886 217 780584461803988366
HIT 3 936315650182 218 14473643694073806248
HIT 3 940610617478 219 7798077885141064033
HIT 3 944905584774 220 16000320844457851740
HIT 3 949200552070 221 15919109151602951178
HIT 3 953495519366 222 13820938021413295140
HIT 3 957790486662 223 17335228759862233885
HIT 3 962085453958 224 16430797113085533339
HIT 3 966380421254 225 836630597354396164
HIT 3 970675388550 226 16198517589290758361
HIT 3 974970355846 227 7346397806731813918
HIT 3 979265323142 228 16140865285825504474
HIT 3 983560290438 229 8052090746822962981
HIT 3 987855257734 230 5959806984023233274
HIT 3 992150225030 231 3505254964715440999
HIT 3 996445192326 232 548910884824922841
HIT 3 1000740159622 233 5783428877138955357
HIT 3 1005035126918 234 14875843187767901998
HIT 3 1009330094214 235 7402538731348181359
HIT 3 1013625061510 236 12380405696174777692
HIT 3 1017920028806 237 9825630636081389229
HIT 3 1022214996102 238 4419226865269772141
HIT 3 1026509963398 239 8918118968093572512
HIT 3 1030804930694 240 1294466266206761191
HIT 3 1035099897990 241 5665642676050032620
HIT 3 1039394865286 242 8354737857915964286
HIT 3 1043689832582 243 14159916812602154401
HIT 3 1047984799878 244 11302407423080157086
HIT 3 1052279767174 245 5298306471457573331
HIT 3 1056574734470 246 7580332424830603113
HIT 3 1060869701766 247 9592058476150848567
HIT 3 1065164669062 248 17540603281527518616
HIT 3 1069459636358 249 3618953662089589781
HIT 3 1073754603654 250 9706927576103602015
HIT 3 1078049570950 251 13488454901380063669
HIT 3 1082344538246 252 15949652496257647410
HIT 3 1086639505542 253 1575945529457441747
HIT 3 1090934472838 254 3848646378132188404
HIT 3 1095229440134 255 12316218679059751389
HIT 3 1099524407430 256 13082517222424915075
HIT 3 1103819374726 257 6860138920066669555
HIT 3 1108114342022 258 8506834981346109004
HIT 3 1112409309318 259 8919455152894802036
HIT 3 1116704276614 260 4202848712477537058
HIT 3 1120999243910 261 8641286009093284738
HIT 3 1125294211206 262 9058511377013788562
HIT 3 1129589178502 263 12165689103822256497
HIT 3 1133884145798 264 14729505471526618840
HIT 3 1138179113094 265 13244917434599460705
HIT 3 1142474080390 266 5563277384623484149
HIT 3 1146769047686 267 18376059396342048422
HIT 3 1151064014982 268 6513091534954399693
HIT 3 1155358982278 269 2875642116002833549
HIT 3 1159653949574 270 12621926124808854385
HIT 3 1163948916870 271 15082120255457453213
HIT 3 1168243884166 272 7931353915609906586
HIT 3 1172538851462 273 1053445193320120408
HIT 3 1176833818758 274 7774234565161453017
HIT 3 1181128786054 275 16172179750207047428
HIT 3 1185423753350 276 5369997653082710171
HIT 3 1189718720646 277 15455421557673713581
HIT 3 1194013687942 278 1569303667017956138
HIT 3 1198308655238 279 4901727388511409517
HIT 3 1202603622534 280 546874990377230040
HIT 3 1206898589830 281 10728650894689826817
HIT 3 1211193557126 282 5140885345254553263
HIT 3 1215488524422 283 18147058204299938347
HIT 3 1219783491718 284 1007764858421973888
HIT 3 1224078459014 285 4067643263938288207
HIT 3 1228373426310 286 10298957232558246753
HIT 3 1232668393606 287 987114533387806345
HIT 3 1236963360902 288 8690409283553176753
HIT 3 1241258328198 289 15898524690565307959
HIT 3 1245553295494 290 2880989448023966003
HIT 3 1249848262790 291 4176787875721422468
HIT 3 1254143230086 292 1051530470934747164
HIT 3 1258438197382 293 14759355742227491053
HIT 3 1262733164678 294 522780813294843089
HIT 3 1267028131974 295 3851917193445482797
HIT 3 1271323099270 296 18417388614788701551
HIT 3 1275618066566 297 17537466306676623775
HIT 3 1279913033862 298 8417266311305737023
HIT 3 1284208001158 299 1790549731268127892
HIT 3 1288502968454 300 412742098225722612
HIT 3 1292797935750 301 3274466483510851451
HIT 3 1297092903046 302 11135428597100617684
HIT 3 1301387870342 303 15374277321381578666
HIT 3 1305682837638 304 4224262636666297152
HIT 3 1309977804934 305 2389539427633156607
HIT 3 1314272772230 306 2772304068940189685
HIT 3 1318567739526 307 11010881770390627508
HIT 3 1322862706822 308 1650791707255833690
HIT 3 1327157674118 309 3613194329758741723
HIT 3 1331452641414 310 12069266715750939296
HIT 3 1335747608710 311 10826469484018857279
HIT 3 1340042576006 312 14370605131698237317
HIT 3 1344337543302 313 1545711337800499382
HIT 3 1348632510598 314 13199519742112373067
HIT 3 1352927477894 315 16106534067888827710
HIT 3 1357222445190 316 8260802185821671828
HIT 3 1361517412486 317 2893581369468814453
HIT 3 1365812379782 318 17735257233019678945
HIT 3 1370107347078 319 11686613127570136743
HIT 3 1374402314374 320 13094100710981063587
HIT 3 1378697281670 321 4075440538668485459
HIT 3 1382992248966 322 15898693865140886675
HIT 3 1387287216262 323 17944959247509666532
HIT 3 1391582183558 324 17903124385351656323
HIT 3 1395877150854 325 10726175588047585423
HIT 3 1400172118150 326 9873559439277055247
HIT 3 1404467085446 327 9807872288139861111
HIT 3 1408762052742 328 1016822240365657584
HIT 3 1413057020038 329 15726965914318707934
HIT 3 1417351987334 330 3962757437235262036
HIT 3 1421646954630 331 14321030956842638750
HIT 3 1425941921926 332 14099364898820967838
HIT 3 1430236889222 333 11043906212872278810
HIT 3 1434531856518 334 10644501544962613544
HIT 3 1438826823814 335 12413541818620863064
HIT 3 1443121791110 336 17202530375950552238
HIT 3 1447416758406 337 2165754516180778130
HIT 3 1451711725702 338 15666002507895164565
HIT 3 1456006692998 339 12748831050041746510
HIT 3 1460301660294 340 9693922407075975965
HIT 3 1464596627590 341 16346946577715404032
HIT 3 1468891594886 342 14079188844039037771
HIT 3 1473186562182 343 2463648073627022472
HIT 3 1477481529478 344 8577242425547116916
HIT 3 1481776496774 345 8948260857878582882
HIT 3 1486071464070 346 3494695835260101454
HIT 3 1490366431366 347 6724025013315743616
HIT 3 1494661398662 348 9795747083845403731
HIT 3 1498956365958 349 9148932362412266722
HIT 3 1503251333254 350 14901587065096698193
HIT 3 1507546300550 351 3260151775705508057
HIT 3 1511841267846 352 6779071756055193347
HIT 3 1516136235142 353 8939125232178101343
HIT 3 1520431202438 354 13265018928179071502
HIT 3 1524726169734 355 18385853032917037544
HIT 3 1529021137030 356 14667397372366308899
HIT 3 1533316104326 357 3774799922261246157
HIT 3 1537611071622 358 7230009317015838020
HIT 3 1541906038918 359 3325400817157234037
HIT 3 1546201006214 360 591713171726158979
HIT 3 1550495973510 361 12722764894389334294
HIT 3 1554790940806 362 9547030793822123648
HIT 3 1559085908102 363 8194697973564620707
HIT 3 1563380875398 364 2626893164695390974
HIT 3 1567675842694 365 11698039150072212331
HIT 3 1571970809990 366 6344352696352797883
HIT 3 1576265777286 367 4906217363581585211
HIT 3 1580560744582 368 2228185719172342982
HIT 3 1584855711878 369 13886002893334300592
HIT 3 1589150679174 370 7112256995234841690
HIT 3 1593445646470 371 8187498977895948154
HIT 3 1597740613766 372 1371621656570208547
HIT 3 1602035581062 373 10486035853121127661
HIT 3 1606330548358 374 8435999421846716084
HIT 3 1610625515654 375 2029545218153974334
HIT 3 1614920482950 376 6450694350242148484
HIT 3 1619215450246 377 3234510738280164298
HIT 3 1623510417542 378 12395768155738528409
HIT 3 1627805384838 379 16782988395901544130
HIT 3 1632100352134 380 17726651872310702037
HIT 3 1636395319430 381 3188679658281366939
HIT 3 1640690286726 382 11818529979681285254
HIT 3 1644985254022 383 5451089476804873735
HIT 3 1649280221318 384 14535190340402765412
HIT 3 1653575188614 385 411200014556293327
HIT 3 1657870155910 386 15143079397628018433
HIT 3 1662165123206 387 9057102269191359248
HIT 3 1666460090502 388 3007927419756860011
HIT 3 1670755057798 389 17754317472359436701
HIT 3 1675050025094 390 13166121877130534607
HIT 3 1679344992390 391 6403570439147293070
HIT 3 1683639959686 392 14766021960316828242
HIT 3 1687934926982 393 10897434065845755644
HIT 3 1692229894278 394 6316785503135514975
HIT 3 1696524861574 395 1917062255052875936
HIT 3 1700819828870 396 7877498726683835388
HIT 3 1705114796166 397 2848879208833209195
HIT 3 1709409763462 398 2335448053011659347
HIT 3 1713704730758 399 10758137495244573528
HIT 3 1717999698054 400 4482139427344621765
HIT 3 1722294665350 401 6686106362064166378
HIT 3 1726589632646 402 10997598330260107145
HIT 3 1730884599942 403 4543647282155729162
HIT 3 1735179567238 404 759660962998649656
HIT 3 1739474534534 405 16013999598911816801
HIT 3 1743769501830 406 15572918428976538306
HIT 3 1748064469126 407 3472907048869546785
HIT 3 1752359436422 408 7352703490674159018
HIT 3 1756654403718 409 16046814188845558337
HIT 3 1760949371014 410 15743910067572887836
HIT 3 1765244338310 411 18035286484334427116
HIT 3 1769539305606 412 2933732727825458271
HIT 3 1773834272902 413 17562338117108001453
HIT 3 1778129240198 414 12889862428404735125
HIT 3 1782424207494 415 3972706568831477177
HIT 3 1786719174790 416 12091954813587663431
HIT 3 1791014142086 417 15268876199687001446
HIT 3 1795309109382 418 6705030363490067083
HIT 3 1799604076678 419 1622551040678494560
HIT 3 1803899043974 420 1310201728964227936
HIT 3 1808194011270 421 11049977981140494667
HIT 3 1812488978566 422 6269464757144155329
HIT 3 1816783945862 423 13313353895054631160
HIT 3 1821078913158 424 8485423992988281763
HIT 3 1825373880454 425 14324097915616524275
HIT 3 1829668847750 426 3239083617109123255
HIT 3 1833963815046 427 5742458861219022102
HIT 3 1838258782342 428 5649143283760488690
HIT 3 1842553749638 429 7959210622861642651
HIT 3 1846848716934 430 9049748126713996641
HIT 3 1851143684230 431 14374680972542936415
HIT 3 1855438651526 432 2152374693660629937
HIT 3 1859733618822 433 250663827935768758
HIT 3 1864028586118 434 3941013766167216687
HIT 3 1868323553414 435 17094017943998003405
HIT 3 1872618520710 436 14819305974297690636
HIT 3 1876913488006 437 10100199229224768934
HIT 3 1881208455302 438 3981253312206172245
HIT 3 1885503422598 439 11466693573915237408
HIT 3 1889798389894 440 10682721990582191429
HIT 3 1894093357190 441 466767529466750337
HIT 3 1898388324486 442 2705636704404660375
HIT 3 1902683291782 443 12157975066052849102
HIT 3 1906978259078 444 7676776134617747674
HIT 3 1911273226374 445 8271595547516468346
HIT 3 1915568193670 446 10805793542790143522
HIT 3 1919863160966 447 13299797917381435629
HIT 3 1924158128262 448 7108222268947952609
HIT 3 1928453095558 449 11007723421652716887
HIT 3 1932748062854 450 15679194713662602532
HIT 3 1937043030150 451 1297184586347248188
HIT 3 1941337997446 452 2831079090240833762
HIT 3 1945632964742 453 13909498515062835012
HIT 3 1949927932038 454 17308080553332373656
HIT 3 1954222899334 455 6493238822485454393
HIT 3 1958517866630 456 10640549585939615505
HIT 3 1962812833926 457 2404755585973623229
HIT 3 1967107801222 458 8289655829493524224
HIT 3 1971402768518 459 14751425102242476379
HIT 3 1975697735814 460 9614372717486526554
HIT 3 1979992703110 461 6793963225527945657
HIT 3 1984287670406 462 3183210407744439691
HIT 3 1988582637702 463 10320113268939437929
HIT 3 1992877604998 464 17957008603373657515
HIT 3 1997172572294 465 9977829633433254864
HIT 3 2001467539590 466 13803632925285861802
HIT 3 2005762506886 467 8404314334802233376
HIT 3 2010057474182 468 15444686785319971864
HIT 3 2014352441478 469 14848701127734501415
HIT 3 2018647408774 470 324005281272643301
HIT 3 2022942376070 471 7741875173593693472
HIT 3 2027237343366 472 14969105959103826351
HIT 3 2031532310662 473 1841814647147961561
HIT 3 2035827277958 474 8461330119476809831
HIT 3 2040122245254 475 16059943125493419938
HIT 3 2044417212550 476 7449272217833947952
HIT 3 2048712179846 477 4357520786242677646
HIT 3 2053007147142 478 10783240932106393258
HIT 3 2057302114438 479 12839683063917459524
HIT 3 2061597081734 480 5535779273599818702
HIT 3 2065892049030 481 4403336949348957845
HIT 3 2070187016326 482 3788724431140322831
HIT 3 2074481983622 483 4712158156619171743
HIT 3 2078776950918 484 3293390045374863581
HIT 3 2083071918214 485 17449622574861674061
HIT 3 2087366885510 486 8004369690434104395
HIT 3 2091661852806 487 16704367681455563384
HIT 3 2095956820102 488 4126354722003459701
HIT 3 2100251787398 489 13378212023165204832
HIT 3 2104546754694 490 7630042442630942593
HIT 3 2108841721990 491 4930096150606848004
HIT 3 2113136689286 492 5804945451184015559
HIT 3 2117431656582 493 2160120015398087492
HIT 3 2121726623878 494 15598293478138358581
HIT 3 2126021591174 495 15298217507369304385
HIT 3 2130316558470 496 5539544466900179065
HIT 3 2134611525766 497 19155199976002178
HIT 3 2138906493062 498 7907757679700310996
HIT 3 2143201460358 499 11989744720790249718
HIT 3 2147496427654 500 8481777002720889647
HIT 3 2151791394950 501 15271402919861734075
HIT 3 2156086362246 502 3846651021878222313
HIT 3 2160381329542 503 15215912199357315844
HIT 3 2164676296838 504 7053044947614799304
HIT 3 2168971264134 505 83357978041975278
HIT 3 2173266231430 506 8890206905639652750
HIT 3 2177561198726 507 13217221218717334470
HIT 3 2181856166022 508 15730852297449593241
HIT 3 2186151133318 509 13646804315095770335
HIT 3 2190446100614 510 17786106353196827895
HIT 3 2194741067910 511 6222308406269842836
HIT 3 854711337094 199 4345879469115690645
HIT 3 949200617606 221 17925896325694852920
HIT 3 983560355974 229 15297059054850624743
HIT 3 940610748550 219 4792276231366751784
HIT 3 944905715846 220 12967328888491113011
HIT 3 949200683142 221 4822012987655890082
HIT 3 957790617734 223 1513806092914394276
HIT 3 974970486918 227 9161107325816159088
HIT 3 979265454214 228 10391905910673480025
HIT 3 983560421510 229 8180639673386794699
HIT 3 992150356102 231 13495294345440735018
HIT 3 949200748678 221 4584679531888502775
HIT 3 983560487046 229 2236958265437019806
HIT 3 949200814214 221 1426779946757680924
HIT 3 983560552582 229 2164399525363419070
HIT 3 949200879750 221 14268284085342032203
HIT 3 983560618118 229 14859348583382233865
HIT 3 949200945286 221 1585793196829884213
HIT 3 983560683654 229 14183191476831442332
HIT 3 949201010822 221 16297823771761213565
HIT 3 983560749190 229 1169513026331843231
HIT 3 949201076358 221 9603875817674170120
HIT 3 983560814726 229 1900016611047930904
HIT 3 949201141894 221 8350277314030155912
HIT 3 983560880262 229 16925531172557203064
HIT 3 949201207430 221 17206117921911763757
HIT 3 983560945798 229 9518861657226725444
HIT 3 949201272966 221 5449363029506657031
HIT 3 983561011334 229 6531229330592115818
HIT 3 949201338502 221 14732399522064123121
HIT 3 983561076870 229 5666414776502260124
HIT 3 949201404038 221 17448499264547639926
HIT 3 983561142406 229 15445837617932651735
HIT 3 949201469574 221 3342392900000912502
HIT 3 983561207942 229 11717319987637470826
HIT 3 949201535110 221 5922780388414088707
HIT 3 983561273478 229 3925455531244841174
HIT 3 949201600646 221 4808630817850493873
HIT 3 983561339014 229 4719720705319237553
HIT 3 949201666182 221 8971321224270231158
HIT 3 983561404550 229 16814128220425467832
HIT 3 949201731718 221 16992097032378527949
HIT 3 983561470086 229 10045895456131513966
HIT 3 949201797254 221 15288855117774332957
HIT 3 983561535622 229 10045175621918118973
HIT 3 949201862790 221 1944622023234424824
HIT 3 983561601158 229 13599768490443836358
HIT 3 949201928326 221 11425245984450717005
HIT 3 983561666694 229 6499044875029630590
HIT 3 940612059270 219 11425245984450717005
HIT 3 949201993862 221 9224094588467800643
HIT 3 983561732230 229 17818395035453509909
HIT 3 949202059398 221 8433953906238164899
HIT 3 957791993990 223 11481139365898328323
HIT 3 983561797766 229 7959822645143161773
HIT 3 949202124934 221 11481139365898328323
HIT 3 974971928710 227 12846348788145846468
HIT 3 979266896006 228 13697069219879111968
HIT 3 983561863302 229 14965381432638986737
HIT 3 992151797894 231 12078871564936195116
HIT 3 953497157766 222 14558677371317086630
HIT 3 957792125062 223 6562194030458681714
HIT 3 966382059654 225 9770443358505161577
HIT 3 974971994246 227 9204977688769835868
HIT 3 979266961542 228 11658383307878073464
HIT 3 983561928838 229 9485748365761451294
HIT 3 992151863430 231 8584785140476971740
HIT 3 953497223302 222 10458472893450868461
HIT 3 957792190598 223 9770443358505161577
HIT 3 962087157894 224 14558677371317086630
HIT 3 966382125190 225 13048851012810183090
HIT 3 970677092486 226 10587638388446392598
HIT 3 974972059782 227 13898222649365841784
HIT 3 979267027078 228 8361800793713233595
HIT 3 983561994374 229 6138063164414366707
HIT 3 987856961670 230 17430960869010890185
HIT 3 992151928966 231 16767720231480723269
HIT 3 996446896262 232 11681167781448603263
HIT 3 1000741863558 233 2122032187359810308
HIT 3 1005036830854 234 1142510082296465661
HIT 3 1009331798150 235 6551451445420721692
HIT 3 1013626765446 236 10305297186625769300
HIT 3 1017921732742 237 6468972576764598405
HIT 3 1022216700038 238 4357319739153175626
HIT 3 1026511667334 239 17933057333965782879
HIT 3 1030806634630 240 2441778228925547828
HIT 3 1035101601926 241 6010513046441153806
HIT 3 1039396569222 242 12245054278748049128
HIT 3 1043691536518 243 14871230103422641900
HIT 3 1047986503814 244 12275667614700650122
HIT 3 1052281471110 245 14048935218288195636
HIT 3 1056576438406 246 3718201820115772786
HIT 3 1060871405702 247 1249917509860647648
HIT 3 1065166372998 248 2177180103397659268
HIT 3 1069461340294 249 3842637840279982242
HIT 3 1073756307590 250 6712746528656266653
HIT 3 1078051274886 251 2902554590311509877
HIT 3 1082346242182 252 5895215676536461410
HIT 3 1086641209478 253 11893869676853526679
HIT 3 1090936176774 254 7611407128273390585
HIT 3 1095231144070 255 4554316872498630077
HIT 3 1099526111366 256 6418080022396590651
HIT 3 1103821078662 257 14086425189432879894
HIT 3 1108116045958 258 4692684155649695453
HIT 3 1112411013254 259 5370520991339501337
HIT 3 1116705980550 260 16366735117097701440
HIT 3 1121000947846 261 15809784120047557213
HIT 3 1125295915142 262 15758980865381008045
HIT 3 1129590882438 263 17206057798236832182
HIT 3 1133885849734 264 13850707117458219838
HIT 3 1138180817030 265 3331795132119090575
HIT 3 1142475784326 266 15833767087417980076
HIT 3 1146770751622 267 8975712737564693361
HIT 3 1151065718918 268 13142902055692247335
HIT 3 1155360686214 269 16269073719370563083
HIT 3 1159655653510 270 2097979634148103174
HIT 3 1163950620806 271 4657560663304315685
HIT 3 1168245588102 272 14205952415407185091
HIT 3 1172540555398 273 5274022837356992663
HIT 3 1176835522694 274 11364708906709627965
HIT 3 1181130489990 275 3966447055456080820
HIT 3 1185425457286 276 2425561836789798159
HIT 3 1189720424582 277 9671199108818079811
HIT 3 1194015391878 278 10553567456661864161
HIT 3 1198310359174 279 18418430871994365003
HIT 3 1202605326470 280 17564974086537803509
HIT 3 1206900293766 281 4595698902723592198
HIT 3 1211195261062 282 7299623870510359162
HIT 3 1215490228358 283 9514453308938050955
HIT 3 1219785195654 284 5932370586849205161
HIT 3 1224080162950 285 9679869727572888240
HIT 3 1228375130246 286 4514389415354383968
HIT 3 1232670097542 287 5989426659550749330
HIT 3 1236965064838 288 7501748745400204516
HIT 3 1241260032134 289 4468104785053673595
HIT 3 1245554999430 290 3684731254004917372
HIT 3 1249849966726 291 908693526408091032
HIT 3 1254144934022 292 9650778960713963631
HIT 3 1258439901318 293 2990625134804647790
HIT 3 1262734868614 294 15894327001987010704
HIT 3 1267029835910 295 14118308643988910296
HIT 3 1271324803206 296 6192959068086901325
HIT 3 1275619770502 297 1703526758288745865
HIT 3 1279914737798 298 6393123574910277006
HIT 3 1284209705094 299 2287110668064050168
HIT 3 1288504672390 300 10996789577650425908
HIT 3 1292799639686 301 5328094848006932746
HIT 3 1297094606982 302 15927305115970416161
HIT 3 1301389574278 303 8082355238864455069
HIT 3 1305684541574 304 15997138909683928249
HIT 3 1309979508870 305 4970185473087567046
HIT 3 1314274476166 306 11280820030014126840
HIT 3 1318569443462 307 1434888210190205930
HIT 3 1322864410758 308 14277613829902949339
HIT 3 1327159378054 309 2415080878638545910
HIT 3 1331454345350 310 14030670579453304864
HIT 3 1335749312646 311 14281632510181107495
HIT 3 1340044279942 312 16597236983780794094
HIT 3 1344339247238 313 14658863677442359987
HIT 3 1348634214534 314 8878158036381078499
HIT 3 1352929181830 315 2991359503614080931
HIT 3 1357224149126 316 17601800568608334853
HIT 3 1361519116422 317 7010453666785282044
HIT 3 1365814083718 318 11616400159029499322
HIT 3 1370109051014 319 4756458484836496170
HIT 3 1374404018310 320 3859945356752138022
HIT 3 1378698985606 321 10977577441949735578
HIT 3 1382993952902 322 8552191285237329768
HIT 3 1387288920198 323 12880471836932935519
HIT 3 1391583887494 324 13796217126310111784
HIT 3 1395878854790 325 2726006380378825043
HIT 3 1400173822086 326 4717527975913895941
HIT 3 1404468789382 327 6555982944905631438
HIT 3 1408763756678 328 13118666183383619858
HIT 3 1413058723974 329 795274419303908830
HIT 3 1417353691270 330 6002388971991806797
HIT 3 1421648658566 331 1379203014627729134
HIT 3 1425943625862 332 5898167949621413622
HIT 3 1430238593158 333 4718402511041138321
HIT 3 1434533560454 334 5960212254703950200
HIT 3 1438828527750 335 16367283325564491080
HIT 3 1443123495046 336 5170873772545031506
HIT 3 1447418462342 337 12503604306529405230
HIT 3 1451713429638 338 3329985025013963955
HIT 3 1456008396934 339 8560026104753707671
HIT 3 1460303364230 340 7080078838751365201
HIT 3 1464598331526 341 7719495397673523236
HIT 3 1468893298822 342 13453654660625228830
HIT 3 1473188266118 343 7041384470059478713
HIT 3 1477483233414 344 7730021302556324055
HIT 3 1481778200710 345 12599479123381320744
HIT 3 1486073168006 346 14983105046763866182
HIT 3 1490368135302 347 7367359844742638979
HIT 3 1494663102598 348 1145481535193704482
HIT 3 1498958069894 349 4044903932818379848
HIT 3 1503253037190 350 16160590836984399648
HIT 3 1507548004486 351 6416387207293678387
HIT 3 1511842971782 352 5831509779799428715
HIT 3 1516137939078 353 761700992423962140
HIT 3 1520432906374 354 16997201621860709747
HIT 3 1524727873670 355 4565090623284322722
HIT 3 1529022840966 356 11727470839535428620
HIT 3 1533317808262 357 17198572772228790820
HIT 3 1537612775558 358 7016735653494535820
HIT 3 1541907742854 359 1555844166349246770
HIT 3 1546202710150 360 16321023094890618879
HIT 3 1550497677446 361 8117222421862345334
HIT 3 1554792644742 362 5384247395084533551
HIT 3 1559087612038 363 5664314397335382190
HIT 3 1563382579334 364 17947110421197093053
HIT 3 1567677546630 365 14180153285232873318
HIT 3 1571972513926 366 17807702522960513297
HIT 3 1576267481222 367 16097333434571538316
HIT 3 1580562448518 368 10349871285663667965
HIT 3 1584857415814 369 16665826878757398887
HIT 3 1589152383110 370 7579954082332255872
HIT 3 1593447350406 371 4027814163566574593
HIT 3 1597742317702 372 2578709991701759205
HIT 3 1602037284998 373 17067658833843087810
HIT 3 1606332252294 374 3029899365093231651
HIT 3 1610627219590 375 5334119512978859113
HIT 3 1614922186886 376 16722435205121252586
HIT 3 1619217154182 377 13742910645802465069
HIT 3 1623512121478 378 8416920754245625745
HIT 3 1627807088774 379 3071865142510605358
HIT 3 1632102056070 380 7271749592396401924
HIT 3 1636397023366 381 12249826659174919150
HIT 3 1640691990662 382 618847148356719860
HIT 3 1644986957958 383 6793440528732945406
HIT 3 1649281925254 384 4397740465614787734
HIT 3 1653576892550 385 5006421774419326180
HIT 3 1657871859846 386 13790587105096583136
HIT 3 1662166827142 387 10415358607151839737
HIT 3 1666461794438 388 15986796482199221229
HIT 3 1670756761734 389 7712218557191945228
HIT 3 1675051729030 390 6151798441985506264
HIT 3 1679346696326 391 13260565336418092789
HIT 3 1683641663622 392 14004008156839949679
HIT 3 1687936630918 393 5164148599481752297
HIT 3 1692231598214 394 4553919294631472143
HIT 3 1696526565510 395 2357363877306867171
HIT 3 1700821532806 396 7580569323116905900
HIT 3 1705116500102 397 13177219020520176428
HIT 3 1709411467398 398 11872922178642334296
HIT 3 1713706434694 399 11589473749932270868
HIT 3 1718001401990 400 11685193403323578101
HIT 3 1722296369286 401 10886375826236893994
HIT 3 1726591336582 402 16463070635692722027
HIT 3 1730886303878 403 10629842465251995024
HIT 3 1735181271174 404 11021838244095834300
HIT 3 1739476238470 405 9144118275524270804
HIT 3 1743771205766 406 8060248475456690952
HIT 3 1748066173062 407 12697509470399222953
HIT 3 1752361140358 408 16476532873830284571
HIT 3 1756656107654 409 5307153473733932422
HIT 3 1760951074950 410 7853375282930077893
HIT 3 1765246042246 411 9142612524512236771
HIT 3 1769541009542 412 12473007982640164742
HIT 3 1773835976838 413 7661255536280093224
HIT 3 1778130944134 414 762215465504208208
HIT 3 1782425911430 415 7560138917619156158
HIT 3 1786720878726 416 11945943887908828856
HIT 3 1791015846022 417 17602524826579147635
HIT 3 1795310813318 418 587310860323291870
HIT 3 1799605780614 419 15881713657124615600
HIT 3 1803900747910 420 17969248501716769270
HIT 3 1808195715206 421 6862692344027350530
HIT 3 1812490682502 422 12830687469819637855
HIT 3 1816785649798 423 9162349251261954504
HIT 3 1821080617094 424 16483624252589881107
HIT 3 1825375584390 425 15650949846573713575
HIT 3 1829670551686 426 14665876467229530014
HIT 3 1833965518982 427 5851232101252959621
HIT 3 1838260486278 428 12626145764506229715
HIT 3 1842555453574 429 209322237986142916
HIT 3 1846850420870 430 14128271893693565698
HIT 3 1851145388166 431 13290960215205131314
HIT 3 1855440355462 432 6191835547778349854
HIT 3 1859735322758 433 6510450958498641635
HIT 3 1864030290054 434 7839591488510064066
HIT 3 1868325257350 435 18095424653704674457
HIT 3 1872620224646 436 5767089618475030497
HIT 3 1876915191942 437 10197476601648010789
HIT 3 1881210159238 438 13519070731348814165
HIT 3 1885505126534 439 3620155308705033550
HIT 3 1889800093830 440 15192226909434556800
HIT 3 1894095061126 441 8000618182931477781
HIT 3 1898390028422 442 17207126756104422702
HIT 3 1902684995718 443 1705541208103069662
HIT 3 1906979963014 444 4903923633385391713
HIT 3 1911274930310 445 14084810559140399834
HIT 3 1915569897606 446 10889303907426084082
HIT 3 1919864864902 447 10638672534056119387
HIT 3 1924159832198 448 4024658401774531891
HIT 3 1928454799494 449 821650151209405260
HIT 3 1932749766790 450 16807009009981651072
HIT 3 1937044734086 451 11710597851558584194
HIT 3 1941339701382 452 4600856420289955356
HIT 3 1945634668678 453 1478417614069069870
HIT 3 1949929635974 454 11907521077366291618
HIT 3 1954224603270 455 18340215727060373223
HIT 3 1958519570566 456 17127468472966939423
HIT 3 1962814537862 457 14755858968926005816
HIT 3 1967109505158 458 15292019072396546320
HIT 3 1971404472454 459 13308225788839236953
HIT 3 1975699439750 460 17920250780562782885
HIT 3 1979994407046 461 16529727624189196220
HIT 3 1984289374342 462 15321583742787933235
HIT 3 1988584341638 463 16765665045939531796
HIT 3 1992879308934 464 10448580712885759712
HIT 3 1997174276230 465 9150554194691150667
HIT 3 2001469243526 466 9786927566031236546
HIT 3 2005764210822 467 1416111189426638499
HIT 3 2010059178118 468 6404539699575155001
HIT 3 2014354145414 469 9034185351172077588
HIT 3 2018649112710 470 2651868812033890472
HIT 3 2022944080006 471 1490973573611452864
HIT 3 2027239047302 472 899143963732281950
HIT 3 2031534014598 473 10049426704338704082
HIT 3 2035828981894 474 4089633448329639640
HIT 3 2040123949190 475 10090289332698646330
HIT 3 2044418916486 476 17170430844545552343
HIT 3 2048713883782 477 6827519170034192196
HIT 3 2053008851078 478 1880685958291865983
HIT 3 2057303818374 479 7004639147721132241
HIT 3 2061598785670 480 14755122642843325814
HIT 3 2065893752966 481 12207834757031153281
HIT 3 2070188720262 482 9181275321604896083
HIT 3 2074483687558 483 4576930191233843129
HIT 3 2078778654854 484 9612838834342556638
HIT 3 2083073622150 485 14961222133160094679
HIT 3 2087368589446 486 7503478044593079585
HIT 3 2091663556742 487 13753515939460529780
HIT 3 2095958524038 488 14426058081855242874
HIT 3 2100253491334 489 10703836242546054183
HIT 3 2104548458630 490 10577547076378135260
HIT 3 2108843425926 491 5846027497319032985
HIT 3 2113138393222 492 1463516468093398755
HIT 3 2117433360518 493 8260207246258896584
HIT 3 2121728327814 494 12626410342460820928
HIT 3 2126023295110 495 2460132835246873514
HIT 3 2130318262406 496 9136298285965030168
HIT 3 2134613229702 497 7590035064872069332
HIT 3 2138908196998 498 8162504461062328235
HIT 3 2143203164294 499 3773874357853673816
HIT 3 2147498131590 500 13903202382355080870
HIT 3 2151793098886 501 5084901092098979315
HIT 3 2156088066182 502 17227386646345119384
HIT 3 2160383033478 503 13681679560832373184
HIT 3 2164678000774 504 12098244653579158120
HIT 3 2168972968070 505 425502556786793888
HIT 3 2173267935366 506 17191156060130334737
HIT 3 2177562902662 507 974620364300076751
HIT 3 2181857869958 508 7043358838811160147
HIT 3 2186152837254 509 1271611716330313226
HIT 3 2190447804550 510 13345564874670107069
HIT 3 2194742771846 511 3411044573046144512
HIT 3 966382190726 225 8317303505416459415
HIT 3 983562059910 229 2145091536826123321
HIT 3 974972190854 227 987289358718048069
HIT 3 979267158150 228 935175851879474691
HIT 3 983562125446 229 4303366396990305706
HIT 3 992152060038 231 15759822580687279487
HIT 3 983562190982 229 7084886809713327881
HIT 3 974972321926 227 7084886809713327881
HIT 3 983562256518 229 16903325243086622321
HIT 3 983562322054 229 15096536526039892759
HIT 3 992152256646 231 15463835887318713652
HIT 3 983562387590 229 15463835887318713652
HIT 3 987857420422 230 13269321101371279139
HIT 3 992152387718 231 2290911358669205185
HIT 3 1000742322310 233 8192948679172733668
HIT 3 987857485958 230 13592384235803753435
HIT 3 992152453254 231 8192948679172733668
HIT 3 996447420550 232 13269321101371279139
HIT 3 1000742387846 233 15806309345294564713
HIT 3 1005037355142 234 12719940459839202412
HIT 3 1009332322438 235 8045889918005886548
HIT 3 1013627289734 236 7121162629256567363
HIT 3 1017922257030 237 1345401513664167742
HIT 3 1022217224326 238 4777253606333475897
HIT 3 1026512191622 239 10965446141850335435
HIT 3 1030807158918 240 10938502464782529548
HIT 3 1035102126214 241 5711619724738786858
HIT 3 1039397093510 242 13949793524259302987
HIT 3 1043692060806 243 13007516681869895085
HIT 3 1047987028102 244 9943078088643449768
HIT 3 1052281995398 245 1074347419811507275
HIT 3 1056576962694 246 8118934169114807606
HIT 3 1060871929990 247 15011578335533020786
HIT 3 1065166897286 248 11709576902983820560
HIT 3 1069461864582 249 12495290605962038571
HIT 3 1073756831878 250 13274831734557635083
HIT 3 1078051799174 251 9753935713089262161
HIT 3 1082346766470 252 7413042049770156568
HIT 3 1086641733766 253 16370622694022940683
HIT 3 1090936701062 254 1675361895258201361
HIT 3 1095231668358 255 17473783917931001541
HIT 3 1099526635654 256 15638952597837616981
HIT 3 1103821602950 257 14534050455372120769
HIT 3 1108116570246 258 17578635741924769671
HIT 3 1112411537542 259 17097856465369690105
HIT 3 1116706504838 260 5652081594615229597
HIT 3 1121001472134 261 15641985183960329033
HIT 3 1125296439430 262 7094075969733168244
HIT 3 1129591406726 263 1958668058396555342
HIT 3 1133886374022 264 9488460122368571563
HIT 3 1138181341318 265 14445508023171249464
HIT 3 1142476308614 266 6745237910020491790
HIT 3 1146771275910 267 4663572458113610551
HIT 3 1151066243206 268 17500369859020232737
HIT 3 1155361210502 269 7855306974151485725
HIT 3 1159656177798 270 17220019927550731464
HIT 3 1163951145094 271 16877121122868821421
HIT 3 1168246112390 272 9460231409981684329
HIT 3 1172541079686 273 14199446507172575278
HIT 3 1176836046982 274 6552780246835966715
HIT 3 1181131014278 275 12765470406140029446
HIT 3 1185425981574 276 5291088473853903839
HIT 3 1189720948870 277 11305402963501908193
HIT 3 1194015916166 278 4311860195525030214
HIT 3 1198310883462 279 10337818964932614855
HIT 3 1202605850758 280 960623040477210683
HIT 3 1206900818054 281 15865922664448003497
HIT 3 1211195785350 282 8735389422579130282
HIT 3 1215490752646 283 6813370978537162949
HIT 3 1219785719942 284 15114767369996926637
HIT 3 1224080687238 285 2542493195439960200
HIT 3 1228375654534 286 17724029968221364368
HIT 3 1232670621830 287 14213583562061341505
HIT 3 1236965589126 288 17576766786151913314
HIT 3 1241260556422 289 11959220621507621079
HIT 3 1245555523718 290 12456008942111623109
HIT 3 1249850491014 291 5411322438332682992
HIT 3 1254145458310 292 9176224058042894549
HIT 3 1258440425606 293 13696539679845207076
HIT 3 1262735392902 294 12808752212498038593
HIT 3 1267030360198 295 14618682516146855561
HIT 3 1271325327494 296 1867200841285398751
HIT 3 1275620294790 297 9955976840349615432
HIT 3 1279915262086 298 990619049540078172
HIT 3 1284210229382 299 14720365444806912951
HIT 3 1288505196678 300 3678963326507984887
HIT 3 1292800163974 301 10308129475953467341
HIT 3 1297095131270 302 6964966221543280308
HIT 3 1301390098566 303 5529471117275379293
HIT 3 1305685065862 304 1297446089805974029
HIT 3 1309980033158 305 4647023488408857730
HIT 3 1314275000454 306 12030291638127034216
HIT 3 1318569967750 307 6617696309137245195
HIT 3 1322864935046 308 5555869949726719223
HIT 3 1327159902342 309 15813961925366183540
HIT 3 1331454869638 310 14788651090411243644
HIT 3 1335749836934 311 14837861886772091762
HIT 3 1340044804230 312 323369175837961093
HIT 3 1344339771526 313 14608034059955890110
HIT 3 1348634738822 314 2729088740608031808
HIT 3 1352929706118 315 7561165482942195465
HIT 3 1357224673414 316 8817461781822732970
HIT 3 1361519640710 317 15921963811950380550
HIT 3 1365814608006 318 16462912435653088308
HIT 3 1370109575302 319 13517515720995491862
HIT 3 1374404542598 320 13062586612646701763
HIT 3 1378699509894 321 9449298572629498016
HIT 3 1382994477190 322 8248379782648760979
HIT 3 1387289444486 323 13342257862030597058
HIT 3 1391584411782 324 2439492951644093723
HIT 3 1395879379078 325 15815590519538109840
HIT 3 1400174346374 326 5114968521821419192
HIT 3 1404469313670 327 6125316287736643318
HIT 3 1408764280966 328 681284330322378058
HIT 3 1413059248262 329 8160258408186859456
HIT 3 1417354215558 330 12171113650173395378
HIT 3 1421649182854 331 8727975893440156829
HIT 3 1425944150150 332 227300650537702489
HIT 3 1430239117446 333 7808532646457691169
HIT 3 1434534084742 334 11839831566184752691
HIT 3 1438829052038 335 8119542195743211156
HIT 3 1443124019334 336 17385072543470770394
HIT 3 1447418986630 337 13482577759199395560
HIT 3 1451713953926 338 15539437175900310630
HIT 3 1456008921222 339 3858020524696946180
HIT 3 1460303888518 340 5985877971476731598
HIT 3 1464598855814 341 15764559492282880153
HIT 3 1468893823110 342 326741237009199906
HIT 3 1473188790406 343 12316666776896401571
HIT 3 1477483757702 344 2102407041527934499
HIT 3 1481778724998 345 15077513600216024618
HIT 3 1486073692294 346 8617814941429679666
HIT 3 1490368659590 347 4312073532460769932
HIT 3 1494663626886 348 12825882113224314730
HIT 3 1498958594182 349 11203192259375194494
HIT 3 1503253561478 350 546258934445223260
HIT 3 1507548528774 351 35339315576667063
HIT 3 1511843496070 352 3754093909785055659
HIT 3 1516138463366 353 14498038409176182635
HIT 3 1520433430662 354 142573035110737235
HIT 3 1524728397958 355 13114017003726118657
HIT 3 1529023365254 356 4094564225602807823
HIT 3 1533318332550 357 10373874908869455586
HIT 3 1537613299846 358 1244742019093483501
HIT 3 1541908267142 359 8527340471675803882
HIT 3 1546203234438 360 3140962007273200990
HIT 3 1550498201734 361 1893809822762180331
HIT 3 1554793169030 362 3688455062354535622
HIT 3 1559088136326 363 2102894626055358895
HIT 3 1563383103622 364 3965869430379205795
HIT 3 1567678070918 365 3582914412290769797
HIT 3 1571973038214 366 5976906703104299728
HIT 3 1576268005510 367 16980102068127140331
HIT 3 1580562972806 368 18426859424502134485
HIT 3 1584857940102 369 16683243904282352589
HIT 3 1589152907398 370 18321295134674225355
HIT 3 1593447874694 371 11992561922899698930
HIT 3 1597742841990 372 59600036969641951
HIT 3 1602037809286 373 545801723740769272
HIT 3 1606332776582 374 15437555875334964375
HIT 3 1610627743878 375 12186262655313674941
HIT 3 1614922711174 376 7417571011799735072
HIT 3 1619217678470 377 7141248828849850278
HIT 3 1623512645766 378 13995054581207888156
HIT 3 1627807613062 379 53546256324457197
HIT 3 1632102580358 380 9560002274424647076
HIT 3 1636397547654 381 13749712635388639308
HIT 3 1640692514950 382 4409315516887021622
HIT 3 1644987482246 383 4386987926046260423
HIT 3 1649282449542 384 7174454551307677923
HIT 3 1653577416838 385 3505321769198590404
HIT 3 1657872384134 386 6214310981199686552
HIT 3 1662167351430 387 10155209881460537925
HIT 3 1666462318726 388 845854529242851421
HIT 3 1670757286022 389 11446043418181516998
HIT 3 1675052253318 390 10812968763922655493
HIT 3 1679347220614 391 17379299676700500998
HIT 3 1683642187910 392 7182009663899175799
HIT 3 1687937155206 393 14707832361172704697
HIT 3 1692232122502 394 992249229600071606
HIT 3 1696527089798 395 15961839494823531797
HIT 3 1700822057094 396 17497866290179494629
HIT 3 1705117024390 397 7476721301177803174
HIT 3 1709411991686 398 4300946296986221977
HIT 3 1713706958982 399 13098097039144132564
HIT 3 1718001926278 400 4579536707162327356
HIT 3 1722296893574 401 17410403743290241900
HIT 3 1726591860870 402 16264270996111586896
HIT 3 1730886828166 403 4433812839847951699
HIT 3 1735181795462 404 13979995216088157852
HIT 3 949200420999 221 4236934097027024519
HIT 3 1739476762758 405 15347954535447243972
HIT 3 1743771730054 406 14268999080840364729
HIT 3 983560159367 229 13050277140081702105
HIT 3 1748066697350 407 5792774776718488727
HIT 3 1752361664646 408 13011063579366501585
HIT 3 1756656631942 409 7434978471641997142
HIT 3 1760951599238 410 8401491988149806810
HIT 3 1765246566534 411 2311743443925320077
HIT 3 1769541533830 412 17036272594947560386
HIT 3 1773836501126 413 15240843506080522373
HIT 3 1778131468422 414 4215915134944371642
HIT 3 1782426435718 415 6725101454572341359
HIT 3 1786721403014 416 12569854116334521145
HIT 3 1791016370310 417 15437412722013979953
HIT 3 1795311337606 418 17846452391267142822
HIT 3 1799606304902 419 13396824432686589019
HIT 3 1803901272198 420 12206697301281346568
HIT 3 1808196239494 421 8116630486275990299
HIT 3 1812491206790 422 6649197086078288367
HIT 3 1816786174086 423 10454940938960113573
HIT 3 1821081141382 424 9796204684410593764
HIT 3 1825376108678 425 7795066645376046904
HIT 3 1829671075974 426 17771976774056563923
HIT 3 1833966043270 427 8986014428138857356
HIT 3 1838261010566 428 5307585483764024026
HIT 3 1842555977862 429 5020229517642706332
HIT 3 1846850945158 430 2979276340073335289
HIT 3 1851145912454 431 344250303848599093
HIT 3 1855440879750 432 9470519746477222672
HIT 3 1859735847046 433 15070507951520193625
HIT 3 1864030814342 434 10859153202855918555
HIT 3 1868325781638 435 11520446152753030898
HIT 3 1872620748934 436 12831402660477102284
HIT 3 1876915716230 437 1311242042083845382
HIT 3 1881210683526 438 14016811530846025647
HIT 3 1885505650822 439 16550406708752243716
HIT 3 1889800618118 440 9890951156322701619
HIT 3 1894095585414 441 8906926678550822603
HIT 3 1898390552710 442 10982342885721761341
HIT 3 1902685520006 443 11275442880014384767
HIT 3 1906980487302 444 5345359344737117322
HIT 3 1911275454598 445 17140370238377024471
HIT 3 1915570421894 446 15041040594844722672
HIT 3 1919865389190 447 479341374550006826
HIT 3 1924160356486 448 13667680597005604235
HIT 3 1928455323782 449 8144606974485673422
HIT 3 1932750291078 450 17978204474415445303
HIT 3 1937045258374 451 10153224929609012277
HIT 3 1941340225670 452 5458257122301682502
HIT 3 1945635192966 453 16440904956072601004
HIT 3 1949930160262 454 16825343600496901099
HIT 3 1954225127558 455 9099627143329930432
HIT 3 1958520094854 456 6208726913016341984
HIT 3 1962815062150 457 8975697588472117713
HIT 3 1967110029446 458 5009929954270959918
HIT 3 1971404996742 459 3016754165509025480
HIT 3 1975699964038 460 16608593222648887289
HIT 3 846121271431 197 14689652144393573243
HIT 3 1979994931334 461 5213920856089161106
HIT 3 1984289898630 462 16156267349746579391
HIT 3 1988584865926 463 16678046922326989509
HIT 3 949200486535 221 16623052379943074290
HIT 3 1992879833222 464 15451806151849220743
HIT 3 1997174800518 465 3219417312227299098
HIT 3 983560224903 229 12052897397940606411
HIT 3 2001469767814 466 6418728938820647974
HIT 3 2005764735110 467 9776165027918368069
HIT 3 2010059702406 468 2482982812694322987
HIT 3 2014354669702 469 16805130402267948613
HIT 3 2018649636998 470 10661611178881199531
HIT 3 2022944604294 471 9461079876432238527
HIT 3 2027239571590 472 3228696035846098605
HIT 3 2031534538886 473 18258975751435355032
HIT 3 2035829506182 474 9562632461036705830
HIT 3 2040124473478 475 18367411722451459388
HIT 3 2044419440774 476 18170531801338338328
HIT 3 2048714408070 477 8864204640399219483
HIT 3 2053009375366 478 2790302241085560877
HIT 3 2057304342662 479 15762743228799458120
HIT 3 2061599309958 480 16681628708343287011
HIT 3 2065894277254 481 407848674283531974
HIT 3 2070189244550 482 18154838827423498291
HIT 3 2074484211846 483 9048414716629750502
HIT 3 2078779179142 484 6073997186185676808
HIT 3 2083074146438 485 10898216800935158819
HIT 3 2087369113734 486 16595284481902883778
HIT 3 2091664081030 487 6893508414219584130
HIT 3 2095959048326 488 1395968720020240782
HIT 3 2100254015622 489 14152707207405613054
HIT 3 2104548982918 490 1190626492540892508
HIT 3 2108843950214 491 18257729868514976466
HIT 3 2113138917510 492 2306396995062161053
HIT 3 2117433884806 493 17856319642658587431
HIT 3 2121728852102 494 6566677679137751518
HIT 3 2126023819398 495 14809905836364405949
HIT 3 2130318786694 496 7491973810766822495
HIT 3 2134613753990 497 12895136400129779514
HIT 3 2138908721286 498 569386377027904897
HIT 3 2143203688582 499 9860870129705353623
HIT 3 2147498655878 500 3277066193273671269
HIT 3 2151793623174 501 2311265539680882821
HIT 3 2156088590470 502 3297813037128779517
HIT 3 2160383557766 503 11554398636800029352
HIT 3 2164678525062 504 17055984683896873936
HIT 3 2168973492358 505 11481901179785987449
HIT 3 2173268459654 506 1158239928190175839
HIT 3 2177563426950 507 536093031304407345
HIT 3 2181858394246 508 12035097165018886948
HIT 3 2186153361542 509 4807480021144708467
HIT 3 2190448328838 510 17514157252936091118
HIT 3 2194743296134 511 278632967021652765
HIT 3 1000742453382 233 12989217245448920141
HIT 3 940610617479 219 11011146190830160880
HIT 3 944905584775 220 7257675949729037373
HIT 3 949200552071 221 5937499568769637227
HIT 3 957790486663 223 15221039159307874901
HIT 3 974970355847 227 1491475855300433807
HIT 3 979265323143 228 15785076556268249924
HIT 3 983560290439 229 16357004991033496520
HIT 3 992150225031 231 6078036329138136976
HIT 3 949200683143 221 4636596929666536731
HIT 3 983560421511 229 5053362473558753642
HIT 3 983561863303 229 4035345947254703433
HIT 3 957792125063 223 3928915174189558346
HIT 3 983561928839 229 13562910841562301475
HIT 3 974972059783 227 10280205164095059883
HIT 3 979267027079 228 9404684335730822716
HIT 3 983561994375 229 3355946039175035959
HIT 3 992151928967 231 10421439666196868313
HIT 3 949200421000 221 13825664914185261226
HIT 3 983560159368 229 1230021768897933521
HIT 3 846121271432 197 6896481553785785834
HIT 3 949200486536 221 11090327004808391385
HIT 3 983560224904 229 3290301842280343699
HIT 3 940610617480 219 8999669172839012205
HIT 3 944905584776 220 10357733020930174500
HIT 3 949200552072 221 11568966225457724161
HIT 3 957790486664 223 3429591786982660708
HIT 3 974970355848 227 3675574830840822005
HIT 3 979265323144 228 16283687762393747624
HIT 3 983560290440 229 9382602702472368952
HIT 3 992150225032 231 4382863857905844677
HIT 3 983562125447 229 10562067898700571216
HIT 3 949200683144 221 7404512058503451308
HIT 3 983560421512 229 914670651014013789
HIT 3 992152387719 231 5359134128606533344
HIT 3 837527666825 195 6896481553785785834
HIT 3 949196816521 221 5999649913220253245
HIT 3 983556554889 229 12448993986678225330
HIT 3 983561863304 229 934422824112481250
HIT 3 957792125064 223 5999649913220253245
HIT 3 983561928840 229 17727990626586478671
HIT 3 974972059784 227 10597594159953791912
HIT 3 979267027080 228 4024841174742983294
HIT 3 983561994376 229 16987080535266920472
HIT 3 992151928968 231 17281724956716156372
HIT 3 983562125448 229 4284494693779685699
HIT 3 992152387720 231 12448993986678225330
HIT 3 949200552073 221 9264978664820780638
HIT 3 983560290441 229 9810739828260770823
HIT 3 983561994377 229 1304458589719553966
HIT 3 949200552074 221 2234922795654903315
HIT 3 983560290442 229 3178198493229829789
HIT 3 983561994378 229 5880061768436167160
HIT 3 949200552077 221 11646507381339306286
HIT 3 983560290445 229 11905452658295518854
HIT 3 983561994381 229 8019945982133052318
HIT 3 949200552075 221 51796559710206132
HIT 3 983560290443 229 16350360693506397459
HIT 3 949200552076 221 17406602900968851333
HIT 3 983560290444 229 4494323305830493136
HIT 3 949200552078 221 359169810382275873
HIT 3 983560290446 229 36746306054505486
HIT 3 983561994379 229 12796023469662964737
HIT 3 983561994380 229 16062445047822588151
HIT 3 983561994382 229 16008135111383523326
HIT 3 949200552079 221 703759282644926145
HIT 3 983560290447 229 14234825470560186912
HIT 3 983561994383 229 3477763850488923193
HIT 3 949200552080 221 16809807449401577677
HIT 3 983560290448 229 4233753749136479696
HIT 3 983561994384 229 17230545272369181786
HIT 3 949200552081 221 9501478652520991394
HIT 3 983560290449 229 9247854940203603365
HIT 3 983561994385 229 1113521801931047728
HIT 3 949200552082 221 12306401677681807180
HIT 3 983560290450 229 8058576609835682405
HIT 3 983561994386 229 2588832780714234494
HIT 3 949200552083 221 7473474020590003151
HIT 3 983560290451 229 11174432051852194836
HIT 3 983561994387 229 3846164995165437782
HIT 3 949200552084 221 9524083700912692916
HIT 3 983560290452 229 14311114904963621528
HIT 3 983561994388 229 16283128422412425865
HIT 3 949200552085 221 17437436936201731826
HIT 3 983560290453 229 8072040750971924682
HIT 3 949200552086 221 10466224702551124617
HIT 3 983560290454 229 10115400318563980814
HIT 3 983561994389 229 17616373860951139398
HIT 3 983561994390 229 17656011522433203847
HIT 3 949200552087 221 16885496366560491107
HIT 3 983560290455 229 15769203317021217020
HIT 3 983561994391 229 4794182011045915343
HIT 3 949200552088 221 10830133550351607497
HIT 3 983560290456 229 9714865876363275134
HIT 3 983561994392 229 8470529248738173213
HIT 3 949200552089 221 3023097062843322942
HIT 3 983560290457 229 9557370645236961447
HIT 3 983561994393 229 4242856520678882254
HIT 3 949200552090 221 8897072077957406673
HIT 3 983560290458 229 14599067270488264383
HIT 3 949200552091 221 11693099014071074994
HIT 3 983560290459 229 3109026840167407302
HIT 3 983561994395 229 13630744135512036257
HIT 3 983561994394 229 1835550375338274847
HIT 3 949200552092 221 1655498512206535645
HIT 3 983560290460 229 18303540687543485972
HIT 3 983561994396 229 15769005992061183861
HIT 3 949200552093 221 14222264175171021441
HIT 3 983560290461 229 10191479507161320000
HIT 3 983561994397 229 4160172964053349582
HIT 3 949200552094 221 5345964846900661172
HIT 3 983560290462 229 9150557873196280802
HIT 3 949200552095 221 5411060053107993377
HIT 3 983560290463 229 204402984213246542
HIT 3 983561994399 229 3759180338278293472
HIT 3 983561994398 229 17838943629614022442
HIT 3 949200552096 221 10618960003687874590
HIT 3 983560290464 229 10437539144321419581
HIT 3 983561994400 229 10161733944954309838
HIT 3 949200552097 221 3617969022548744147
HIT 3 983560290465 229 14748019023178976422
HIT 3 983561994401 229 3630396042145316808
HIT 3 949200552099 221 5217756816466956443
HIT 3 983560290467 229 5896193949279143479
HIT 3 949200552098 221 10308864753056957804
HIT 3 983560290466 229 15925571900692835995
HIT 3 983561994403 229 8833012917893602041
HIT 3 983561994402 229 15258547320816695466
HIT 3 949200552100 221 14387068040505006918
HIT 3 983560290468 229 5279721095221981240
HIT 3 983561994404 229 12048790048641502361
HIT 3 949200552102 221 939688507850180338
HIT 3 983560290470 229 11700846771715145985
HIT 3 983561994406 229 2689174025561551224
HIT 3 949200552101 221 10033126305783759115
HIT 3 983560290469 229 3272369914641363010
HIT 3 983561994405 229 14528448727606045349
HIT 3 949200552103 221 11149657957912713979
HIT 3 983560290471 229 3624974517406320777
HIT 3 983561994407 229 10400654900977397991
HIT 3 949200552104 221 13845167315684685464
HIT 3 983560290472 229 12133187966165204625
HIT 3 983561994408 229 11878359689132109210
HIT 3 949200552105 221 16564807565965658583
HIT 3 983560290473 229 7841694821127570892
HIT 3 983561994409 229 15911181277348247402
HIT 3 949200552106 221 4984688794087993703
HIT 3 983560290474 229 5342309914116420888
HIT 3 983561994410 229 2249209241331032811
HIT 3 949200552107 221 6641265377728974185
HIT 3 983560290475 229 5355428265573841533
HIT 3 949200552108 221 10785683225735670762
HIT 3 983560290476 229 14228751324137395960
HIT 3 983561994411 229 7455555772477048379
HIT 3 983561994412 229 16718005902793893833
HIT 3 949200552110 221 8117744751669589878
HIT 3 983560290478 229 499827531535424024
HIT 3 983561994414 229 6477522375090714963
HIT 3 949200552109 221 13977631084032069337
HIT 3 983560290477 229 2333173396628794984
HIT 3 983561994413 229 18322892464368691243
HIT 3 949200552111 221 2589230247825952891
HIT 3 983560290479 229 12837858227220479871
HIT 3 983561994415 229 6360890887157982737
HIT 3 949200552112 221 14230504163055174325
HIT 3 983560290480 229 14048861270934518871
HIT 3 949200552113 221 14610246620912978345
HIT 3 983560290481 229 5133729589321178748
HIT 3 983561994416 229 12309349175339702758
HIT 3 983561994417 229 2325437950374153745
HIT 3 949200552114 221 4498261101278928371
HIT 3 983560290482 229 7015208814569106618
HIT 3 983561994418 229 1697302230415215052
HIT 3 949200552115 221 5712854693406572578
HIT 3 983560290483 229 11332496089223802900
HIT 3 983561994419 229 14838815056869544824
HIT 3 949200552116 221 14557720255775651744
HIT 3 983560290484 229 7984017994932937865
HIT 3 949200552117 221 5962668526330378303
HIT 3 983560290485 229 18057687474099539408
HIT 3 983561994421 229 5939449715076944715
HIT 3 949200552118 221 5097595293871180565
HIT 3 983560290486 229 9800832244063167677
HIT 3 983561994420 229 2281322850368904548
HIT 3 983561994422 229 3265360270204863515
HIT 3 949200552119 221 15593467508437581916
HIT 3 983560290487 229 13040104905655828640
HIT 3 983561994423 229 6905504090798820919
HIT 3 949200552120 221 11448333351481414030
HIT 3 983560290488 229 5997138012542163745
HIT 3 983561994424 229 7789540241423038725
HIT 3 949200552122 221 4089420974629878896
HIT 3 983560290490 229 9819525537749467073
HIT 3 949200552121 221 7148756020118979302
HIT 3 983560290489 229 30345300401729970
HIT 3 983561994425 229 14103224829033235955
HIT 3 983561994426 229 6004522965351121353
HIT 3 949200552123 221 5363954381576804738
HIT 3 983560290491 229 186767682183219588
HIT 3 983561994427 229 13152265011307506620
HIT 3 949200552124 221 3230931457298634638
HIT 3 983560290492 229 12656101497337233962
HIT 3 983561994428 229 12609929351355397751
HIT 3 949200552125 221 7911939147035202928
HIT 3 983560290493 229 8703581360438396465
HIT 3 983561994429 229 12058674764640309938
HIT 3 949200552126 221 11056064822812610765
HIT 3 983560290494 229 1131492393570968604
HIT 3 983561994430 229 14751974602047722114
HIT 3 949200421055 221 11056064822812610765
HIT 3 983560159423 229 1131492393570968604
HIT 3 949200552127 221 3574403273857399690
HIT 3 983560290495 229 10108445633942561422
HIT 3 983561994431 229 11302720639123891015
HIT 3 949200552129 221 9979848612263280315
HIT 3 983560290497 229 16472240663481507163
HIT 3 949200552128 221 701394869476121415
HIT 3 983560290496 229 11687031322156881088
HIT 3 949200683200 221 9979848612263280315
HIT 3 983560421568 229 16472240663481507163
HIT 3 983561994432 229 16845220718798274845
HIT 3 983561863361 229 6814186765853064205
HIT 3 957792125121 223 701394869476121415
HIT 3 983561928897 229 427599251388659993
HIT 3 974972059841 227 14873988693392004887
HIT 3 979267027137 228 2111723196304418713
HIT 3 983561994433 229 11368917579344816547
HIT 3 992151929025 231 4364076310226928845
HIT 3 983562125505 229 15038947355562115494
HIT 3 992152387777 231 11687031322156881088
HIT 3 854711337154 199 12416656637246500580
HIT 3 949200617666 221 16975759992698685917
HIT 3 983560356034 229 5405361419748572252
HIT 3 940610748610 219 837155708572336369
HIT 3 944905715906 220 6044482741890372230
HIT 3 949200683202 221 3562183021368925590
HIT 3 957790617794 223 13353750039624901502
HIT 3 974970486978 227 1180903593158067641
HIT 3 979265454274 228 14989931207541903938
HIT 3 983560421570 229 12031270851413799365
HIT 3 992150356162 231 12257591231629279973
HIT 3 949200814274 221 9993287227602773403
HIT 3 983560552642 229 6475484217554643730
HIT 3 983561863362 229 16182852912091312030
HIT 3 957792125122 223 12828490445037423847
HIT 3 983561928898 229 11260362517773264249
HIT 3 974972059842 227 12794455154361563506
HIT 3 979267027138 228 18058741240939173940
HIT 3 983561994434 229 553226524840341486
HIT 3 992151929026 231 7075300598884962161
HIT 3 983562125506 229 17839018346586799523
HIT 3 992152387778 231 2734772345295357070
HIT 3 949200617667 221 12828490445037423847
HIT 3 983560356035 229 2734772345295357070
HIT 3 949200683203 221 9993287227602773403
HIT 3 983560421571 229 6475484217554643730
HIT 3 949200748739 221 16975759992698685917
HIT 3 983560487107 229 5405361419748572252
HIT 3 949200814275 221 11900113767800033510
HIT 3 983560552643 229 16575764395102455804
HIT 3 949200879811 221 16681076899606288214
HIT 3 983560618179 229 4181763447847626307
HIT 3 949200945347 221 2351572571378854578
HIT 3 983560683715 229 15382563737054798264
HIT 3 949201010883 221 17117675097721547710
HIT 3 983560749251 229 15158143159946101691
HIT 3 949201076419 221 1177987058834480663
HIT 3 983560814787 229 1003446628061855694
HIT 3 949201141955 221 498989922542321509
HIT 3 983560880323 229 15811805923760775801
HIT 3 949201207491 221 1087526793465811639
HIT 3 983560945859 229 4855919546678523814
HIT 3 949201273027 221 3579678303765279080
HIT 3 983561011395 229 11337437604059673026
HIT 3 949201338563 221 8910215604578750281
HIT 3 983561076931 229 16326698438698706908
HIT 3 949201404099 221 12172861790961658103
HIT 3 983561142467 229 12178757370137431786
HIT 3 949201469635 221 12300009827653672896
HIT 3 983561208003 229 2978407750916130467
HIT 3 949201535171 221 15889742955583209560
HIT 3 983561273539 229 812501109382018769
HIT 3 949201600707 221 16806720781025648426
HIT 3 983561339075 229 17105099685918007707
HIT 3 949201666243 221 12073665994346822022
HIT 3 983561404611 229 7361223670544872228
HIT 3 949201731779 221 2696312362623672019
HIT 3 983561470147 229 8607705318961330801
HIT 3 949201797315 221 14077399052094223066
HIT 3 983561535683 229 1338589884575872688
HIT 3 949201862851 221 16661057631421727875
HIT 3 983561601219 229 15640279909550040860
HIT 3 949201928387 221 7817233055022126103
HIT 3 983561666755 229 2577872862714643225
HIT 3 940612059331 219 7817233055022126103
HIT 3 949201993923 221 1779231703365769905
HIT 3 983561732291 229 242013820789965586
HIT 3 949202059459 221 837155708572336369
HIT 3 957791994051 223 15540579299329015250
HIT 3 983561797827 229 4699437581528701624
HIT 3 949202124995 221 15540579299329015250
HIT 3 974971928771 227 16049995257871886808
HIT 3 979266896067 228 9657369288587092413
HIT 3 983561863363 229 5260155059261923657
HIT 3 992151797955 231 10422042167410213842
HIT 3 953497157827 222 7431385503644970095
HIT 3 957792125123 223 3562183021368925590
HIT 3 966382059715 225 9432947056347688387
HIT 3 974971994307 227 12237570216668579396
HIT 3 979266961603 228 11567894489508047503
HIT 3 983561928899 229 6792841109488722764
HIT 3 992151863491 231 2602097078976569235
HIT 3 953497223363 222 6044482741890372230
HIT 3 957792190659 223 9432947056347688387
HIT 3 962087157955 224 7431385503644970095
HIT 3 966382125251 225 13449404206317168054
HIT 3 970677092547 226 443849113138588698
HIT 3 974972059843 227 14926980432270661855
HIT 3 979267027139 228 12090436546458006057
HIT 3 983561994435 229 18033540996092787634
HIT 3 987856961731 230 10125738936355958314
HIT 3 992151929027 231 18383874479993236553
HIT 3 996446896323 232 6502802949641854412
HIT 3 1000741863619 233 12338790268109208052
HIT 3 1005036830915 234 9980630286720644584
HIT 3 1009331798211 235 10723610297607266966
HIT 3 1013626765507 236 7199151223909334490
HIT 3 1017921732803 237 8848066389072061716
HIT 3 1022216700099 238 6837865416239668537
HIT 3 1026511667395 239 3221504503204481946
HIT 3 1030806634691 240 9754340629149995258
HIT 3 1035101601987 241 15972963975252863565
HIT 3 1039396569283 242 11804345331736751863
HIT 3 1043691536579 243 18391499308687834097
HIT 3 1047986503875 244 15994325150934426532
HIT 3 1052281471171 245 9632287225482623334
HIT 3 1056576438467 246 10455218998887583700
HIT 3 1060871405763 247 13364191474836626971
HIT 3 1065166373059 248 5830369449048731568
HIT 3 1069461340355 249 12978614529777899926
HIT 3 1073756307651 250 15658897597936974379
HIT 3 1078051274947 251 16827504156732483563
HIT 3 1082346242243 252 11624371059785665402
HIT 3 1086641209539 253 12625658280488341904
HIT 3 1090936176835 254 1361192153108763980
HIT 3 1095231144131 255 17900265494055400223
HIT 3 1099526111427 256 2039576528466527172
HIT 3 1103821078723 257 13600080759703530492
HIT 3 1108116046019 258 10635138917751980766
HIT 3 1112411013315 259 12269132136990921950
HIT 3 1116705980611 260 6451864654099769770
HIT 3 1121000947907 261 14216272048381305432
HIT 3 1125295915203 262 14197636100490538144
HIT 3 1129590882499 263 2342448765706367667
HIT 3 1133885849795 264 13485651028386978989
HIT 3 1138180817091 265 792052049395094398
HIT 3 1142475784387 266 17009171557809962615
HIT 3 1146770751683 267 17649894857992378359
HIT 3 1151065718979 268 2193967198768221906
HIT 3 1155360686275 269 16787263145194791412
HIT 3 1159655653571 270 8317273663306441766
HIT 3 1163950620867 271 11800060505210285022
HIT 3 1168245588163 272 15125659326675023620
HIT 3 1172540555459 273 498285504383172244
HIT 3 1176835522755 274 2692076448355580948
HIT 3 1181130490051 275 10127131808205334784
HIT 3 1185425457347 276 16944813583836367287
HIT 3 1189720424643 277 7869260042937276163
HIT 3 1194015391939 278 11925605894879215970
HIT 3 1198310359235 279 7109693578084184607
HIT 3 1202605326531 280 1503139635625027378
HIT 3 1206900293827 281 3333011449172841410
HIT 3 1211195261123 282 10406268659016950560
HIT 3 1215490228419 283 7923157651613103233
HIT 3 1219785195715 284 2313876866965060536
HIT 3 1224080163011 285 1627865550252584240
HIT 3 1228375130307 286 14481239904396307021
HIT 3 1232670097603 287 8660069198861002740
HIT 3 1236965064899 288 10622478878815030759
HIT 3 1241260032195 289 12812687565540340951
HIT 3 1245554999491 290 7737434318337823510
HIT 3 1249849966787 291 925937648712443071
HIT 3 1254144934083 292 7532235546710751274
HIT 3 1258439901379 293 14351863826367605083
HIT 3 1262734868675 294 6509705976527523207
HIT 3 1267029835971 295 7124209859224655361
HIT 3 1271324803267 296 13820915426869630982
HIT 3 1275619770563 297 17095174727645309958
HIT 3 1279914737859 298 14535710665383627220
HIT 3 1284209705155 299 18016288320526392470
HIT 3 1288504672451 300 2672291120125092788
HIT 3 1292799639747 301 6634960122308754383
HIT 3 1297094607043 302 9428047105498607790
HIT 3 1301389574339 303 16799905969458255891
HIT 3 1305684541635 304 4348388260654821971
HIT 3 1309979508931 305 16635499398749094071
HIT 3 1314274476227 306 9398806806078411894
HIT 3 1318569443523 307 15654617790045161497
HIT 3 1322864410819 308 10196698603827076653
HIT 3 1327159378115 309 7949944130103382334
HIT 3 1331454345411 310 1033364942866024389
HIT 3 1335749312707 311 8190204817978310520
HIT 3 1340044280003 312 9272582343890214869
HIT 3 1344339247299 313 5415553999580754904
HIT 3 1348634214595 314 17423476671385576750
HIT 3 1352929181891 315 11928858291831668802
HIT 3 1357224149187 316 11152855672318215784
HIT 3 1361519116483 317 9762444527811156750
HIT 3 1365814083779 318 2902675425336581307
HIT 3 1370109051075 319 15620038500194276764
HIT 3 1374404018371 320 10014454952114454715
HIT 3 1378698985667 321 12266700130695829189
HIT 3 1382993952963 322 12033760316291742494
HIT 3 1387288920259 323 9547510631138989430
HIT 3 1391583887555 324 10778316152645710893
HIT 3 1395878854851 325 8503941483611038051
HIT 3 1400173822147 326 7424914782050732080
HIT 3 1404468789443 327 10308876885283046467
HIT 3 1408763756739 328 13330866311285716755
HIT 3 1413058724035 329 17687194463421103201
HIT 3 1417353691331 330 11121735412936242450
HIT 3 1421648658627 331 8057137396321648260
HIT 3 1425943625923 332 18252719957130984233
HIT 3 1430238593219 333 3460747379265184484
HIT 3 1434533560515 334 12487082435567342857
HIT 3 1438828527811 335 1734080184472642007
HIT 3 1443123495107 336 15133886046120718031
HIT 3 1447418462403 337 12829108216267239069
HIT 3 1451713429699 338 71987379470966918
HIT 3 1456008396995 339 9680703359016917044
HIT 3 1460303364291 340 1836417442054307178
HIT 3 1464598331587 341 15789604345954904497
HIT 3 1468893298883 342 5194335494117722868
HIT 3 1473188266179 343 8396913909218566972
HIT 3 1477483233475 344 11744748313669545469
HIT 3 1481778200771 345 16029828397123098550
HIT 3 1486073168067 346 6392529001581713254
HIT 3 1490368135363 347 2112380874155887679
HIT 3 1494663102659 348 10482432909316536709
HIT 3 1498958069955 349 18306972574602470743
HIT 3 1503253037251 350 10674918915549877366
HIT 3 1507548004547 351 96805942608173039
HIT 3 1511842971843 352 16023166873605764817
HIT 3 1516137939139 353 1493594813109157618
HIT 3 1520432906435 354 13448121287244453395
HIT 3 1524727873731 355 12588831019257152862
HIT 3 1529022841027 356 5401662652646414128
HIT 3 1533317808323 357 10554928831154070557
HIT 3 1537612775619 358 13043097888657624368
HIT 3 1541907742915 359 12092451305337230086
HIT 3 1546202710211 360 15984278458330507304
HIT 3 1550497677507 361 12367066510564295861
HIT 3 1554792644803 362 8450289241900548879
HIT 3 1559087612099 363 4277635713431831977
HIT 3 1563382579395 364 4927881965253500969
HIT 3 1567677546691 365 14272669087668355285
HIT 3 1571972513987 366 3239375905989029066
HIT 3 1576267481283 367 7544840317762832330
HIT 3 1580562448579 368 946045398660877739
HIT 3 1584857415875 369 10738559128651522879
HIT 3 1589152383171 370 17160693429505115136
HIT 3 1593447350467 371 12546057615532410720
HIT 3 1597742317763 372 5249026921241261914
HIT 3 1602037285059 373 9621416004607954053
HIT 3 1606332252355 374 16257570218585635464
HIT 3 1610627219651 375 12735221814989268632
HIT 3 1614922186947 376 9661922809691827647
HIT 3 1619217154243 377 12033793594675293891
HIT 3 1623512121539 378 5603271230122136225
HIT 3 1627807088835 379 4715902569345190444
HIT 3 1632102056131 380 1796120891560757038
HIT 3 1636397023427 381 14647546846761074831
HIT 3 1640691990723 382 4323311645583239777
HIT 3 1644986958019 383 17455311818513261835
HIT 3 1649281925315 384 11427031898557016365
HIT 3 1653576892611 385 4788945497363339512
HIT 3 1657871859907 386 8555748678975725170
HIT 3 1662166827203 387 15138225135248093015
HIT 3 1666461794499 388 9562030327435681240
HIT 3 1670756761795 389 1058158074447227069
HIT 3 1675051729091 390 12977514977185410032
HIT 3 1679346696387 391 17053170526369246519
HIT 3 1683641663683 392 9550926119635984760
HIT 3 1687936630979 393 6290957475210821476
HIT 3 1692231598275 394 5898273599280949055
HIT 3 1696526565571 395 12415930632960911294
HIT 3 1700821532867 396 1410801915352696283
HIT 3 1705116500163 397 9633259032164829235
HIT 3 1709411467459 398 2111120196069348925
HIT 3 1713706434755 399 3329503942486631097
HIT 3 1718001402051 400 8730721825824223059
HIT 3 1722296369347 401 11586801374133354805
HIT 3 1726591336643 402 15367195189321350843
HIT 3 1730886303939 403 3229386239913316272
HIT 3 1735181271235 404 9121840514469700486
HIT 3 1739476238531 405 8375221226915548576
HIT 3 1743771205827 406 3034989916258259289
HIT 3 1748066173123 407 16428588804307639311
HIT 3 1752361140419 408 13903466548847061583
HIT 3 1756656107715 409 4973965658069206007
HIT 3 1760951075011 410 4940287320544511866
HIT 3 1765246042307 411 14470699196822585954
HIT 3 1769541009603 412 13438907265202453675
HIT 3 1773835976899 413 10234472778988285315
HIT 3 1778130944195 414 16591374284017062293
HIT 3 1782425911491 415 8858367232664554697
HIT 3 1786720878787 416 8052405286227398952
HIT 3 1791015846083 417 10777759987672454919
HIT 3 1795310813379 418 8285616674686638147
HIT 3 1799605780675 419 11443267371567816402
HIT 3 1803900747971 420 16172833095153701614
HIT 3 1808195715267 421 13515124204099075905
HIT 3 1812490682563 422 12489714901692055678
HIT 3 1816785649859 423 8341967834884599372
HIT 3 1821080617155 424 6873039209875943094
HIT 3 1825375584451 425 17951295344523416099
HIT 3 1829670551747 426 3160873349898471265
HIT 3 1833965519043 427 3410523540399271579
HIT 3 1838260486339 428 14867785265249644442
HIT 3 1842555453635 429 4297771097978450854
HIT 3 1846850420931 430 7113534650710138550
HIT 3 1851145388227 431 1817485943451717249
HIT 3 1855440355523 432 2424023793669536325
HIT 3 1859735322819 433 15589775396804456108
HIT 3 1864030290115 434 18182833864993927943
HIT 3 1868325257411 435 4303115327868580988
HIT 3 1872620224707 436 15985483442197799703
HIT 3 1876915192003 437 18009802149617798379
HIT 3 1881210159299 438 9518038727334916619
HIT 3 1885505126595 439 7014917353393936284
HIT 3 1889800093891 440 12750724976710671032
HIT 3 1894095061187 441 1583863052983396216
HIT 3 1898390028483 442 15028134129084253217
HIT 3 1902684995779 443 7577944335857023734
HIT 3 1906979963075 444 1793786997164739326
HIT 3 1911274930371 445 12083776192908796123
HIT 3 1915569897667 446 9049626706562243382
HIT 3 1919864864963 447 1300991609254087349
HIT 3 1924159832259 448 10790073147595518646
HIT 3 1928454799555 449 732007665356541944
HIT 3 1932749766851 450 3014865667904571050
HIT 3 1937044734147 451 3725535992421437473
HIT 3 1941339701443 452 4278886668097768644
HIT 3 1945634668739 453 16796673759556073711
HIT 3 1949929636035 454 1058164164365656656
HIT 3 1954224603331 455 10459932491465791443
HIT 3 1958519570627 456 13584849120368652123
HIT 3 1962814537923 457 15954007706809152267
HIT 3 1967109505219 458 15282579023857869113
HIT 3 1971404472515 459 1584235190421870681
HIT 3 1975699439811 460 6189001246756960513
HIT 3 1979994407107 461 16367143082372342049
HIT 3 1984289374403 462 15456406404570284276
HIT 3 1988584341699 463 4477593290286612779
HIT 3 1992879308995 464 10730046901576291227
HIT 3 1997174276291 465 4752713658159356841
HIT 3 2001469243587 466 5306749022923670166
HIT 3 2005764210883 467 15400420640702895774
HIT 3 2010059178179 468 12740552149289284096
HIT 3 2014354145475 469 14171283045734819867
HIT 3 2018649112771 470 645978965383047287
HIT 3 2022944080067 471 15748347483429980234
HIT 3 2027239047363 472 4096653660407761443
HIT 3 2031534014659 473 7500923613193726935
HIT 3 2035828981955 474 11057412590833799141
HIT 3 2040123949251 475 14618137610834651715
HIT 3 2044418916547 476 7638456758198355118
HIT 3 2048713883843 477 9888423369306161000
HIT 3 2053008851139 478 15652317797924867570
HIT 3 2057303818435 479 1367222582307635210
HIT 3 2061598785731 480 6306545312772336659
HIT 3 2065893753027 481 15236630014254088921
HIT 3 2070188720323 482 12610161321306792212
HIT 3 2074483687619 483 7909055068211300403
HIT 3 2078778654915 484 14326417222837403357
HIT 3 2083073622211 485 1120678440486055742
HIT 3 2087368589507 486 11525141563786675003
HIT 3 2091663556803 487 15974023619414360378
HIT 3 2095958524099 488 9466734534342499445
HIT 3 2100253491395 489 3132975797073337086
HIT 3 2104548458691 490 5236797935246636813
HIT 3 2108843425987 491 1500940359058091716
HIT 3 2113138393283 492 404696466042325354
HIT 3 2117433360579 493 4089607291901954469
HIT 3 2121728327875 494 15311803840016498142
HIT 3 2126023295171 495 13891098592766418798
HIT 3 2130318262467 496 1371182692857646181
HIT 3 2134613229763 497 3044640525244180142
HIT 3 2138908197059 498 9290973856763112087
HIT 3 2143203164355 499 8459352292422178234
HIT 3 2147498131651 500 4864776683073563038
HIT 3 2151793098947 501 7874471806078373042
HIT 3 2156088066243 502 8197941094950849209
HIT 3 2160383033539 503 15848166976746969608
HIT 3 2164678000835 504 10998217696261462940
HIT 3 2168972968131 505 422984119293206000
HIT 3 2173267935427 506 6708266018225469283
HIT 3 2177562902723 507 9380842068529293744
HIT 3 2181857870019 508 1406345517310278049
HIT 3 2186152837315 509 448121657966316085
HIT 3 2190447804611 510 8535412653290488386
HIT 3 2194742771907 511 10030790302599309407
HIT 3 966382190787 225 13353750039624901502
HIT 3 983562059971 229 9528345100873295895
HIT 3 974972190915 227 1109527913687956474
HIT 3 979267158211 228 12802815970393283158
HIT 3 983562125507 229 1640257969538197164
HIT 3 992152060099 231 4095673551615406443
HIT 3 949200814276 221 12385536388708423549
HIT 3 983560552644 229 11713972413815038228
HIT 3 983562191043 229 13120293723850193952
HIT 3 974972321987 227 13120293723850193952
HIT 3 983562256579 229 17011090072092649127
HIT 3 983562322115 229 1180903593158067641
HIT 3 992152256707 231 6020128302290625074
HIT 3 983562387651 229 6020128302290625074
HIT 3 987857420483 230 4349159952056160350
HIT 3 992152387779 231 12031270851413799365
HIT 3 1000742322371 233 16682515120540687546
HIT 3 987857486019 230 14989931207541903938
HIT 3 992152453315 231 16682515120540687546
HIT 3 996447420611 232 4349159952056160350
HIT 3 1000742387907 233 9504601142039607615
HIT 3 1005037355203 234 6974120383393566173
HIT 3 1009332322499 235 12905324536273825249
HIT 3 1013627289795 236 4278688742255925342
HIT 3 1017922257091 237 18043930387992191128
HIT 3 1022217224387 238 17781028918816066447
HIT 3 1026512191683 239 2642202522128102312
HIT 3 1030807158979 240 5995205866405489466
HIT 3 1035102126275 241 11003685603334743601
HIT 3 1039397093571 242 1708114109302318832
HIT 3 1043692060867 243 7646831328277657819
HIT 3 1047987028163 244 11595745070487151155
HIT 3 1052281995459 245 3031635874050217701
HIT 3 1056576962755 246 17604377552966354939
HIT 3 1060871930051 247 8313971157926838184
HIT 3 1065166897347 248 2200064773180721211
HIT 3 1069461864643 249 670697213712600131
HIT 3 1073756831939 250 3316687143731801790
HIT 3 1078051799235 251 5656670652824890141
HIT 3 1082346766531 252 17770765130263873796
HIT 3 1086641733827 253 4715201610814960289
HIT 3 1090936701123 254 3560574742877939641
HIT 3 1095231668419 255 14823636514598080291
HIT 3 1099526635715 256 5869648440781394349
HIT 3 1103821603011 257 9116914861628227204
HIT 3 1108116570307 258 16991138831340262097
HIT 3 1112411537603 259 17829310663879088702
HIT 3 1116706504899 260 8328423581052551286
HIT 3 1121001472195 261 10226435886104809235
HIT 3 1125296439491 262 6513739393888501686
HIT 3 1129591406787 263 14187599045053940596
HIT 3 1133886374083 264 651449913844515012
HIT 3 1138181341379 265 2717609134265134246
HIT 3 1142476308675 266 17361647450970494515
HIT 3 1146771275971 267 7418704800081101610
HIT 3 1151066243267 268 17418803803441212144
HIT 3 1155361210563 269 10277835329492435072
HIT 3 1159656177859 270 11007281897393641480
HIT 3 1163951145155 271 5292586326695651628
HIT 3 1168246112451 272 12367697177790920235
HIT 3 1172541079747 273 4174745674787025127
HIT 3 1176836047043 274 10911962066915529927
HIT 3 1181131014339 275 11658228863774735911
HIT 3 1185425981635 276 671698183102519717
HIT 3 1189720948931 277 7477157498620784997
HIT 3 1194015916227 278 10342602364741607201
HIT 3 1198310883523 279 949052840866593718
HIT 3 1202605850819 280 12124768424530662799
HIT 3 1206900818115 281 7830189485273242747
HIT 3 1211195785411 282 13779419825923222358
HIT 3 1215490752707 283 6481323996929657705
HIT 3 1219785720003 284 12924151154003257750
HIT 3 1224080687299 285 17428881586832230192
HIT 3 1228375654595 286 10327352546452931517
HIT 3 1232670621891 287 7604635173277428831
HIT 3 1236965589187 288 18111163297063936149
HIT 3 1241260556483 289 11699398378875294552
HIT 3 1245555523779 290 14000780434083992765
HIT 3 1249850491075 291 3920546997879180914
HIT 3 1254145458371 292 14874729267194238608
HIT 3 1258440425667 293 16605434343235418271
HIT 3 1262735392963 294 6925524945510693113
HIT 3 1267030360259 295 1204075561794089903
HIT 3 1271325327555 296 11762310207008872394
HIT 3 1275620294851 297 3920734689130694681
HIT 3 1279915262147 298 12772253080775265425
HIT 3 1284210229443 299 7092484735886809159
HIT 3 1288505196739 300 7841882775591284564
HIT 3 1292800164035 301 8770309247724885081
HIT 3 1297095131331 302 8732642181169052365
HIT 3 1301390098627 303 12184199907889933621
HIT 3 1305685065923 304 5148207923741181416
HIT 3 1309980033219 305 13036494228929260818
HIT 3 1314275000515 306 10506501645436223875
HIT 3 1318569967811 307 12811735599272430880
HIT 3 1322864935107 308 9686745409313288670
HIT 3 1327159902403 309 4233722754832718029
HIT 3 1331454869699 310 17819417692199862746
HIT 3 1335749836995 311 16457328455813728853
HIT 3 1340044804291 312 12631994780366069760
HIT 3 1344339771587 313 9882242023961016171
HIT 3 1348634738883 314 17500679943416403953
HIT 3 1352929706179 315 15953121447612544999
HIT 3 1357224673475 316 14251128537409858355
HIT 3 1361519640771 317 2508681238875824362
HIT 3 1365814608067 318 16796920401661056764
HIT 3 1370109575363 319 14230483245684738245
HIT 3 1374404542659 320 3139482984705153977
HIT 3 1378699509955 321 15244909616195313623
HIT 3 1382994477251 322 6627489350263485818
HIT 3 1387289444547 323 9579108589786171371
HIT 3 1391584411843 324 10903311161258994249
HIT 3 1395879379139 325 16593994080040802464
HIT 3 1400174346435 326 10139661142371167632
HIT 3 1404469313731 327 5182790062853469922
HIT 3 1408764281027 328 13527367264087583881
HIT 3 1413059248323 329 3867235261012843067
HIT 3 1417354215619 330 3429115301413149416
HIT 3 1421649182915 331 6471440220983709556
HIT 3 1425944150211 332 16929795796376002292
HIT 3 1430239117507 333 2068807963540243589
HIT 3 1434534084803 334 10367985850779176811
HIT 3 1438829052099 335 819413943003216845
HIT 3 1443124019395 336 16448629239253774723
HIT 3 1447418986691 337 12302603997589069467
HIT 3 1451713953987 338 7666288848776754700
HIT 3 1456008921283 339 7840223525063516939
HIT 3 1460303888579 340 12787466455361388853
HIT 3 1464598855875 341 8922499382453952550
HIT 3 1468893823171 342 6288784783876257673
HIT 3 1473188790467 343 15126061869434983110
HIT 3 1477483757763 344 12875207134951577626
HIT 3 1481778725059 345 2338832719343064522
HIT 3 1486073692355 346 4583437395824630290
HIT 3 1490368659651 347 15035200564229160783
HIT 3 1494663626947 348 675357050782645371
HIT 3 1498958594243 349 10356238534484098389
HIT 3 1503253561539 350 6889354400540391371
HIT 3 1507548528835 351 3853018846008139704
HIT 3 1511843496131 352 4923714631092854443
HIT 3 1516138463427 353 11756179825215850310
HIT 3 1520433430723 354 2377855469533849018
HIT 3 1524728398019 355 17326820286848802905
HIT 3 1529023365315 356 6976322146311100467
HIT 3 1533318332611 357 9499490515071813379
HIT 3 1537613299907 358 18185177362208877535
HIT 3 1541908267203 359 6644599880523505531
HIT 3 1546203234499 360 3970623760342314067
HIT 3 1550498201795 361 13276173519996315934
HIT 3 1554793169091 362 2952033994345061744
HIT 3 1559088136387 363 9953937347119839378
HIT 3 1563383103683 364 16467362153485998751
HIT 3 1567678070979 365 14158156675080786601
HIT 3 1571973038275 366 8406487592524254928
HIT 3 1576268005571 367 10509819457568541484
HIT 3 1580562972867 368 2143909617356130205
HIT 3 1584857940163 369 12552619906682806346
HIT 3 1589152907459 370 11368473306675987799
HIT 3 1593447874755 371 10129141869060509577
HIT 3 1597742842051 372 1346421804766623130
HIT 3 1602037809347 373 7287151057723184120
HIT 3 1606332776643 374 12317089103978688248
HIT 3 1610627743939 375 517206418299890087
HIT 3 1614922711235 376 7794119349500700062
HIT 3 1619217678531 377 6411807897112093861
HIT 3 1623512645827 378 11363113954099963110
HIT 3 1627807613123 379 12931444512785464906
HIT 3 1632102580419 380 7521345323748452004
HIT 3 1636397547715 381 16125240525864171860
HIT 3 1640692515011 382 14484368986361221261
HIT 3 1644987482307 383 14966805306681450303
HIT 3 1649282449603 384 9151929755814490078
HIT 3 1653577416899 385 1040979560634617126
HIT 3 1657872384195 386 7456502185748927995
HIT 3 1662167351491 387 14213567600595505476
HIT 3 1666462318787 388 11076375892460066400
HIT 3 1670757286083 389 13728298255769952592
HIT 3 1675052253379 390 18134357428566764500
HIT 3 1679347220675 391 18220969745078400811
HIT 3 1683642187971 392 11942489742060429250
HIT 3 1687937155267 393 11946668308727558144
HIT 3 1692232122563 394 14493713947582026571
HIT 3 1696527089859 395 12748112322673692415
HIT 3 1700822057155 396 12387337635974737005
HIT 3 1705117024451 397 1284404607015379110
HIT 3 1709411991747 398 8047945648673117632
HIT 3 1713706959043 399 15464678306240407684
HIT 3 1718001926339 400 4077086712644234115
HIT 3 1722296893635 401 1130347685887442601
HIT 3 1726591860931 402 2458466010002017546
HIT 3 1730886828227 403 3256919698836584286
HIT 3 1735181795523 404 2600242097042524157
HIT 3 1739476762819 405 2412097676055965834
HIT 3 1743771730115 406 15578620678134789934
HIT 3 1748066697411 407 12719507177862748217
HIT 3 1752361664707 408 10504924895150824732
HIT 3 1756656632003 409 8552876144377235452
HIT 3 1760951599299 410 657930322280111410
HIT 3 1765246566595 411 11850998964587416141
HIT 3 1769541533891 412 14879889504701302026
HIT 3 1773836501187 413 2896113745232593061
HIT 3 1778131468483 414 2779892327296327713
HIT 3 1782426435779 415 13067850111233120665
HIT 3 1786721403075 416 13987487457341216160
HIT 3 1791016370371 417 3723314655073083500
HIT 3 1795311337667 418 14970350009180075764
HIT 3 1799606304963 419 11365119454863816885
HIT 3 1803901272259 420 13345538601309071532
HIT 3 1808196239555 421 4115026430248373700
HIT 3 1812491206851 422 7549771758366355359
HIT 3 1816786174147 423 14393845592223790281
HIT 3 1821081141443 424 8159820272898093479
HIT 3 1825376108739 425 3707509825080569081
HIT 3 1829671076035 426 17612745500044500539
HIT 3 1833966043331 427 14393860480577414152
HIT 3 1838261010627 428 5583231048621098544
HIT 3 1842555977923 429 15284241113647193450
HIT 3 1846850945219 430 10117659357392705017
HIT 3 1851145912515 431 2013165136462260590
HIT 3 1855440879811 432 12617462902707982544
HIT 3 1859735847107 433 18429448354529698891
HIT 3 1864030814403 434 11858544809714956592
HIT 3 1868325781699 435 8128558237331753964
HIT 3 1872620748995 436 6497869974524497146
HIT 3 1876915716291 437 4170317019209325517
HIT 3 1881210683587 438 9621303576135528617
HIT 3 1885505650883 439 17365140931458507518
HIT 3 1889800618179 440 17343263482956687505
HIT 3 1894095585475 441 15580565195949373378
HIT 3 1898390552771 442 2326286282771302885
HIT 3 1902685520067 443 5659927168288998437
HIT 3 1906980487363 444 1174823493186673345
HIT 3 1911275454659 445 9166275232748261075
HIT 3 1915570421955 446 10510103609578238875
HIT 3 1919865389251 447 14194251000305721057
HIT 3 1924160356547 448 13589277489869034341
HIT 3 1928455323843 449 16025184643386559150
HIT 3 1932750291139 450 7856122770554662886
HIT 3 1937045258435 451 13685623684812272860
HIT 3 1941340225731 452 15018394673971904892
HIT 3 1945635193027 453 5364230601147843740
HIT 3 1949930160323 454 9426191536265027595
HIT 3 1954225127619 455 6016845276427253458
HIT 3 1958520094915 456 2061891472054691405
HIT 3 1962815062211 457 2315813720508155669
HIT 3 1967110029507 458 7841398891073985504
HIT 3 1971404996803 459 18305849033846325784
HIT 3 1975699964099 460 14887789103616164429
HIT 3 1979994931395 461 1125615340242112542
HIT 3 1984289898691 462 10298663086081297580
HIT 3 1988584865987 463 8256329928351551457
HIT 3 1992879833283 464 6226526400406285255
HIT 3 1997174800579 465 2622646895968908305
HIT 3 2001469767875 466 15750734382394291292
HIT 3 2005764735171 467 9030639470849460398
HIT 3 2010059702467 468 13476633744928851535
HIT 3 2014354669763 469 18440957180652932782
HIT 3 2018649637059 470 2895498471199563894
HIT 3 2022944604355 471 16488641020835464854
HIT 3 2027239571651 472 8243472858377797041
HIT 3 2031534538947 473 2669544715111582437
HIT 3 2035829506243 474 2410783996685639242
HIT 3 2040124473539 475 363278725130160957
HIT 3 2044419440835 476 3393091410104972835
HIT 3 2048714408131 477 15719210661351308461
HIT 3 2053009375427 478 8389814129027512523
HIT 3 2057304342723 479 11363872946881706174
HIT 3 2061599310019 480 12872850185126309060
HIT 3 2065894277315 481 7125759560844285298
HIT 3 2070189244611 482 9650659724474811299
HIT 3 2074484211907 483 7078575772966452000
HIT 3 2078779179203 484 3353579771611714381
HIT 3 2083074146499 485 15331127737804207720
HIT 3 2087369113795 486 8398242434814181538
HIT 3 2091664081091 487 10414375835625400992
HIT 3 2095959048387 488 17837929284356489015
HIT 3 2100254015683 489 17367331355393221684
HIT 3 2104548982979 490 13436677687191742565
HIT 3 2108843950275 491 1770507894844062451
HIT 3 2113138917571 492 14314595839880223447
HIT 3 2117433884867 493 6845424262870349232
HIT 3 2121728852163 494 13162603691241325805
HIT 3 2126023819459 495 5369734354122283308
HIT 3 2130318786755 496 1635403120908903547
HIT 3 2134613754051 497 17477704422511829877
HIT 3 2138908721347 498 15680524787322294302
HIT 3 2143203688643 499 5719817715323076574
HIT 3 2147498655939 500 9025883018455506300
HIT 3 2151793623235 501 2683204051408275203
HIT 3 2156088590531 502 1615587067545941136
HIT 3 2160383557827 503 9921104943015137681
HIT 3 2164678525123 504 12883515433387162872
HIT 3 2168973492419 505 16775491937098136320
HIT 3 2173268459715 506 11855824483023073387
HIT 3 2177563427011 507 15688628837501086800
HIT 3 2181858394307 508 7402280993434086779
HIT 3 2186153361603 509 2790403219900992898
HIT 3 2190448328899 510 13321170830719897458
HIT 3 2194743296195 511 5587512329489085573
HIT 3 1000742453443 233 12257591231629279973
HIT 3 983561994436 229 18230279359347718165
HIT 3 983561863365 229 14352429466673444336
HIT 3 957792125125 223 12385536388708423549
HIT 3 983561928901 229 16421561760150809913
HIT 3 974972059845 227 11267356679969120894
HIT 3 979267027141 228 15699620374439146387
HIT 3 983561994437 229 3935364148570459160
HIT 3 992151929029 231 7481810095888756367
HIT 3 983562125509 229 4770224477413123784
HIT 3 992152387781 231 11713972413815038228
HIT 3 983561994438 229 13719442702173507171
HIT 3 983561994440 229 16148030106950022649
HIT 3 983561994439 229 13080172864140355440
HIT 3 983561994441 229 16802957622713630188
HIT 3 983561994442 229 14660444597623278591
HIT 3 983561994443 229 6277405267057077709
HIT 3 983561994444 229 7477480629018322169
HIT 3 983561994445 229 14607011396768230653
HIT 3 983561994446 229 15191523561403894495
HIT 3 983561994447 229 12532555809304012869
HIT 3 983561994448 229 14829567911919448170
HIT 3 983561994449 229 9710617207764360994
HIT 3 983561994450 229 16671988665079822677
HIT 3 983561994451 229 14375063946643252018
HIT 3 983561994452 229 1207463216695834885
HIT 3 983561994453 229 10800924580008409457
HIT 3 983561994454 229 17285791323719915567
HIT 3 983561994455 229 13427369963313323214
HIT 3 983561994456 229 5080284156271623061
HIT 3 983561863385 229 5080284156271623061
HIT 3 983561994457 229 6059107443795311095
HIT 3 983561994458 229 17684477813198118813
HIT 3 983562125530 229 1433802122051998884
HIT 3 983561994459 229 1433802122051998884
HIT 3 966382190812 225 11986618630867486688
HIT 3 983562059996 229 6313635366191056024
HIT 3 974972190940 227 10413906407818811697
HIT 3 979267158236 228 15943332587264857191
HIT 3 983562125532 229 1103461649926475849
HIT 3 992152060124 231 3794198595349973062
HIT 3 983562256604 229 17656238610791057743
HIT 3 992152387804 231 891059428540276751
HIT 3 992152387803 231 17684477813198118813
HIT 3 983562059997 229 891059428540276751
HIT 3 983562125533 229 17656238610791057743
HIT 3 983562191069 229 6313635366191056024
HIT 3 974972322013 227 6313635366191056024
HIT 3 983562256605 229 11936301442575567079
HIT 3 983562322141 229 10413906407818811697
HIT 3 992152256733 231 14321028551488384898
HIT 3 983562387677 229 14321028551488384898
HIT 3 987857420509 230 14844787497503165367
HIT 3 992152387805 231 1103461649926475849
HIT 3 1000742322397 233 7548197816550783991
HIT 3 987857486045 230 15943332587264857191
HIT 3 992152453341 231 7548197816550783991
HIT 3 996447420637 232 14844787497503165367
HIT 3 1000742387933 233 3978752608205982040
HIT 3 1005037355229 234 1089393507379639013
HIT 3 1009332322525 235 7982314904256310591
HIT 3 1013627289821 236 13861935855258637414
HIT 3 1017922257117 237 2146269370303489651
HIT 3 1022217224413 238 8281315330111767366
HIT 3 1026512191709 239 398536486625896711
HIT 3 1030807159005 240 16225535064385662523
HIT 3 1035102126301 241 9954878066544244983
HIT 3 1039397093597 242 15522858072923309848
HIT 3 1043692060893 243 12317269246632192767
HIT 3 1047987028189 244 12508017029347648829
HIT 3 1052281995485 245 5982863450575053374
HIT 3 1056576962781 246 6114354685045958156
HIT 3 1060871930077 247 2641658958658963273
HIT 3 1065166897373 248 5191693847684120062
HIT 3 1069461864669 249 16025991204368067261
HIT 3 1073756831965 250 4206278697655889220
HIT 3 1078051799261 251 1608582636791306573
HIT 3 1082346766557 252 18382605762698434931
HIT 3 1086641733853 253 3477116237844378335
HIT 3 1090936701149 254 3684463860082213925
HIT 3 1095231668445 255 2330772340280776220
HIT 3 1099526635741 256 1088457628534101789
HIT 3 1103821603037 257 7181147907916186582
HIT 3 1108116570333 258 14439115515941649795
HIT 3 1112411537629 259 8069441509575105690
HIT 3 1116706504925 260 3935020662552359673
HIT 3 1121001472221 261 8546910294118608253
HIT 3 1125296439517 262 13557383974215137466
HIT 3 1129591406813 263 11053941811804391949
HIT 3 1133886374109 264 4247597782081062178
HIT 3 1138181341405 265 12150760479947909828
HIT 3 1142476308701 266 11451241310634730854
HIT 3 1146771275997 267 8152265128641883290
HIT 3 1151066243293 268 18106478321927826712
HIT 3 1155361210589 269 9696748571739765414
HIT 3 1159656177885 270 9043234279717647648
HIT 3 1163951145181 271 1929616999594567439
HIT 3 1168246112477 272 5365297339523045242
HIT 3 1172541079773 273 35740799111149623
HIT 3 1176836047069 274 3254539545174701909
HIT 3 1181131014365 275 13480220495962384208
HIT 3 1185425981661 276 10483177083163797030
HIT 3 1189720948957 277 14347811284543554377
HIT 3 1194015916253 278 682952458005954011
HIT 3 1198310883549 279 1505459954701485465
HIT 3 1202605850845 280 18379365549951571404
HIT 3 1206900818141 281 7873251459152739603
HIT 3 1211195785437 282 8874033451089237388
HIT 3 1215490752733 283 14473269911671412913
HIT 3 1219785720029 284 2545458582841003738
HIT 3 1224080687325 285 5825222455037832935
HIT 3 1228375654621 286 3279899596244353023
HIT 3 1232670621917 287 11077264971911250143
HIT 3 1236965589213 288 10545411833965626242
HIT 3 1241260556509 289 5379616022075197226
HIT 3 1245555523805 290 1075655742846895643
HIT 3 1249850491101 291 15230966764920167794
HIT 3 1254145458397 292 5413040400525512863
HIT 3 1258440425693 293 6503017993192703169
HIT 3 1262735392989 294 808194215794991081
HIT 3 1267030360285 295 1850185896067951330
HIT 3 1271325327581 296 4319411393881811870
HIT 3 1275620294877 297 2996577736922502832
HIT 3 1279915262173 298 12496701252307491265
HIT 3 1284210229469 299 5516974159459659815
HIT 3 1288505196765 300 16828121112390733516
HIT 3 1292800164061 301 2304246403601413738
HIT 3 1297095131357 302 7465937739032670750
HIT 3 1301390098653 303 9900711014297671538
HIT 3 1305685065949 304 17812992688731476995
HIT 3 1309980033245 305 13140537422838526322
HIT 3 1314275000541 306 9490670945493200530
HIT 3 1318569967837 307 16977070704876483754
HIT 3 1322864935133 308 2170498581719311024
HIT 3 1327159902429 309 9603140233126980557
HIT 3 1331454869725 310 9797937998927839856
HIT 3 1335749837021 311 4506768620055759439
HIT 3 1340044804317 312 9924266583891043410
HIT 3 1344339771613 313 15722593351821587207
HIT 3 1348634738909 314 9372816575676040472
HIT 3 1352929706205 315 3950952485462739607
HIT 3 1357224673501 316 17245738832238993992
HIT 3 1361519640797 317 1746036217703358983
HIT 3 1365814608093 318 3877551646182256537
HIT 3 1370109575389 319 2212930804552389706
HIT 3 1374404542685 320 15808419649897067092
HIT 3 1378699509981 321 10070141648753761181
HIT 3 1382994477277 322 11280225488983887291
HIT 3 1387289444573 323 16561365176573856806
HIT 3 1391584411869 324 7751718016380214702
HIT 3 1395879379165 325 3819500977201304974
HIT 3 1400174346461 326 12137470962537985750
HIT 3 1404469313757 327 1206924874164026034
HIT 3 1408764281053 328 11439271368861919077
HIT 3 1413059248349 329 16002084929265154442
HIT 3 1417354215645 330 8103192295682816505
HIT 3 1421649182941 331 17600150349078454502
HIT 3 1425944150237 332 15541163790861627768
HIT 3 1430239117533 333 9400521218664527603
HIT 3 1434534084829 334 14622655970435362091
HIT 3 1438829052125 335 10843132842522048715
HIT 3 1443124019421 336 7904812186487959440
HIT 3 1447418986717 337 17132117802212109258
HIT 3 1451713954013 338 554178234932771156
HIT 3 1456008921309 339 1105805904090347935
HIT 3 1460303888605 340 11250703373109350376
HIT 3 1464598855901 341 2177273418538011583
HIT 3 1468893823197 342 6848095570276717227
HIT 3 1473188790493 343 14779926369553196824
HIT 3 1477483757789 344 6823327845052055128
HIT 3 1481778725085 345 823433949529694022
HIT 3 1486073692381 346 2022813153686925396
HIT 3 1490368659677 347 12572368610160937134
HIT 3 1494663626973 348 11743364810479605745
HIT 3 1498958594269 349 12414905776008684064
HIT 3 1503253561565 350 9757239722067151826
HIT 3 1507548528861 351 16415190419993683714
HIT 3 1511843496157 352 15711391258283445949
HIT 3 1516138463453 353 13516394851477410349
HIT 3 1520433430749 354 16940577666953094217
HIT 3 1524728398045 355 17150931224109464356
HIT 3 1529023365341 356 16829938686069226585
HIT 3 1533318332637 357 3640595044610346536
HIT 3 1537613299933 358 16435446833781804648
HIT 3 1541908267229 359 11838362135132927007
HIT 3 1546203234525 360 1356578478607773261
HIT 3 1550498201821 361 7852869599432633934
HIT 3 1554793169117 362 6919977063531484251
HIT 3 1559088136413 363 3422971563524256552
HIT 3 1563383103709 364 6203397872955012884
HIT 3 1567678071005 365 5350265002841796628
HIT 3 1571973038301 366 6553332549962971472
HIT 3 1576268005597 367 12324704006994277916
HIT 3 1580562972893 368 17974282325896684502
HIT 3 1584857940189 369 15218719033332340557
HIT 3 1589152907485 370 2634284028242584887
HIT 3 1593447874781 371 17810842013101819433
HIT 3 1597742842077 372 15878411101874861674
HIT 3 1602037809373 373 252939147433077242
HIT 3 1606332776669 374 10980188400532887698
HIT 3 1610627743965 375 11165469052895742777
HIT 3 1614922711261 376 13201894264725305132
HIT 3 1619217678557 377 14356745565476696375
HIT 3 1623512645853 378 5422945517080645973
HIT 3 1627807613149 379 7825865176809181999
HIT 3 1632102580445 380 7777041703027578998
HIT 3 1636397547741 381 8629434880909775729
HIT 3 1640692515037 382 13212013520200119333
HIT 3 1644987482333 383 9200057479794813958
HIT 3 1649282449629 384 11199086762069600639
HIT 3 1653577416925 385 5852482083907127110
HIT 3 1657872384221 386 13778226593009111711
HIT 3 1662167351517 387 1454059998015241447
HIT 3 1666462318813 388 3148549534537897022
HIT 3 1670757286109 389 4627689632318447022
HIT 3 1675052253405 390 10768031792653910003
HIT 3 1679347220701 391 5462630594402695769
HIT 3 1683642187997 392 11187127982250086052
HIT 3 1687937155293 393 12643693714464465314
HIT 3 1692232122589 394 2065817457870762752
HIT 3 1696527089885 395 18279439243011689745
HIT 3 1700822057181 396 17967589998060836690
HIT 3 1705117024477 397 5589284683834725483
HIT 3 1709411991773 398 10946542319033461105
HIT 3 1713706959069 399 7688842057726630384
HIT 3 1718001926365 400 1488273263758681858
HIT 3 1722296893661 401 9957055873372277006
HIT 3 1726591860957 402 295617801166695981
HIT 3 1730886828253 403 11561333211702926778
HIT 3 1735181795549 404 7438353271053304568
HIT 3 1739476762845 405 2540233670173935753
HIT 3 1743771730141 406 5735167859230466869
HIT 3 1748066697437 407 9002934883889494439
HIT 3 1752361664733 408 9738700165309109690
HIT 3 1756656632029 409 6485977615592013370
HIT 3 1760951599325 410 16613930801541953782
HIT 3 1765246566621 411 15504643534809502817
HIT 3 1769541533917 412 12220095419390531435
HIT 3 1773836501213 413 12804819373834171249
HIT 3 1778131468509 414 5848171101982553849
HIT 3 1782426435805 415 1458232859043781068
HIT 3 1786721403101 416 6014379923565090462
HIT 3 1791016370397 417 5616311302812566532
HIT 3 1795311337693 418 6373872575910006033
HIT 3 1799606304989 419 10025833682754586979
HIT 3 1803901272285 420 954118306535288166
HIT 3 1808196239581 421 13240642564795580096
HIT 3 1812491206877 422 15166406954795284523
HIT 3 1816786174173 423 7266661527848430401
HIT 3 1821081141469 424 8721435877579039766
HIT 3 1825376108765 425 3193756461486463789
HIT 3 1829671076061 426 10428002251850100956
HIT 3 1833966043357 427 3605183819388910074
HIT 3 1838261010653 428 14652330247244666968
HIT 3 1842555977949 429 15138301355717644847
HIT 3 1846850945245 430 13446108407344928844
HIT 3 1851145912541 431 1939402174051086821
HIT 3 1855440879837 432 15876060953385201756
HIT 3 1859735847133 433 2825568938836216305
HIT 3 1864030814429 434 15413222909063055446
HIT 3 1868325781725 435 3018235769623098919
HIT 3 1872620749021 436 4078619657472380005
HIT 3 1876915716317 437 4642465222849098022
HIT 3 1881210683613 438 7245779738842768116
HIT 3 1885505650909 439 18341729266845033395
HIT 3 1889800618205 440 12734307859452908609
HIT 3 1894095585501 441 12177533909727368283
HIT 3 1898390552797 442 16449656144299756789
HIT 3 1902685520093 443 4881903100123895817
HIT 3 1906980487389 444 8138534011165377824
HIT 3 1911275454685 445 4886020290711028547
HIT 3 1915570421981 446 16851914889741886285
HIT 3 1919865389277 447 13198083595318036336
HIT 3 1924160356573 448 7509981310549850093
HIT 3 1928455323869 449 15026500706882857917
HIT 3 1932750291165 450 14236664666313555262
HIT 3 1937045258461 451 16108930367157877748
HIT 3 1941340225757 452 5128352373770528912
HIT 3 1945635193053 453 1915880081086293111
HIT 3 1949930160349 454 4430024760928225134
HIT 3 1954225127645 455 5447693099591244555
HIT 3 1958520094941 456 1137049525801366550
HIT 3 1962815062237 457 11745346488072946035
HIT 3 1967110029533 458 6352046617534565004
HIT 3 1971404996829 459 1130109216836782016
HIT 3 1975699964125 460 2026246200808581962
HIT 3 1979994931421 461 16624010638707016591
HIT 3 1984289898717 462 11909721084788468261
HIT 3 1988584866013 463 6576695555233991534
HIT 3 1992879833309 464 13108718979038089892
HIT 3 1997174800605 465 16748062098780426651
HIT 3 2001469767901 466 422182092492957425
HIT 3 2005764735197 467 7946360143908346246
HIT 3 2010059702493 468 17465031592225236776
HIT 3 2014354669789 469 4192612179262053353
HIT 3 2018649637085 470 10708010800469810449
HIT 3 2022944604381 471 12546623632542455870
HIT 3 2027239571677 472 9066572499185773702
HIT 3 2031534538973 473 17013300112085632501
HIT 3 2035829506269 474 4710804131907761775
HIT 3 2040124473565 475 1626418401163854348
HIT 3 2044419440861 476 16192270027996062405
HIT 3 2048714408157 477 10632649529754081792
HIT 3 2053009375453 478 13353063663349232798
HIT 3 2057304342749 479 9556834379131860003
HIT 3 2061599310045 480 2745085688338950199
HIT 3 2065894277341 481 8419291454580737049
HIT 3 2070189244637 482 236389587856606448
HIT 3 2074484211933 483 16539297175956652533
HIT 3 2078779179229 484 9031967272328873878
HIT 3 2083074146525 485 9623541151352689301
HIT 3 2087369113821 486 225739320846056175
HIT 3 2091664081117 487 10315407679536873785
HIT 3 2095959048413 488 13150615173254062222
HIT 3 2100254015709 489 5549454526771513281
HIT 3 2104548983005 490 1469275557531784338
HIT 3 2108843950301 491 9940617501798940713
HIT 3 2113138917597 492 932092894830936613
HIT 3 2117433884893 493 12762801482463929174
HIT 3 2121728852189 494 532251435847717638
HIT 3 2126023819485 495 8664493060216607753
HIT 3 2130318786781 496 1551657048861600019
HIT 3 2134613754077 497 16778718528738924821
HIT 3 2138908721373 498 7165228828221386417
HIT 3 2143203688669 499 16714223089000827294
HIT 3 2147498655965 500 4994494350374941202
HIT 3 2151793623261 501 6576457487605980052
HIT 3 2156088590557 502 17743015734247857230
HIT 3 2160383557853 503 8313149028379772966
HIT 3 2164678525149 504 5158131131375802628
HIT 3 2168973492445 505 3814205610521833045
HIT 3 2173268459741 506 1275164758049838229
HIT 3 2177563427037 507 396409641701128062
HIT 3 2181858394333 508 4613996187498377233
HIT 3 2186153361629 509 546487560206788282
HIT 3 2190448328925 510 5564706788682688877
HIT 3 2194743296221 511 9728843087119420982
HIT 3 1000742453469 233 3794198595349973062
HIT 3 983562256606 229 13384650343447822735
HIT 3 992152387807 231 13384650343447822735
HIT 3 1000742453476 233 1580336592625712678
DONE data/p_a01.txt sz=3 range=[0,512) n=22108160 zero=0 18.5s
