HIT 1 19 19 11732884301236367886
HIT 1 68 68 9703155374480198553
HIT 1 308 308 16471446589979841877
HIT 1 405 405 8131711355623213218
HIT 1 502 502 14580996874655424960
DONE data/p_n_a0001.txt sz=1 range=[0,512) n=512 zero=0 0.0s
HIT 2 4456465 68 6298631804492276363
HIT 2 20185105 308 5680251897643039804
HIT 2 1376274 21 11732884301236367886
HIT 2 4456466 68 7436371734788598322
HIT 2 20185106 308 4926105308331057478
HIT 2 26542098 405 10856355733004532547
HIT 2 32899090 502 12206506999166144510
HIT 2 4325395 66 3799719329270477568
HIT 2 4456467 68 1778671832965768010
HIT 2 4522003 69 9445739853579443867
HIT 2 4587539 70 11965516137812372815
HIT 2 20054035 306 8908181526618415396
HIT 2 20185107 308 11055486004046802137
HIT 2 20250643 309 13546841031101783506
HIT 2 20316179 310 18217747319013233201
HIT 2 26542097 405 16133397390645240328
HIT 2 32899089 502 12370126299313563642
HIT 2 4456469 68 2309142675471496479
HIT 2 20185109 308 17746842352676081038
HIT 2 26542101 405 1987686139520900092
HIT 2 26411027 403 8396142935833293922
HIT 2 26476563 404 3235207971120730532
HIT 2 26542099 405 14046344139648785280
HIT 2 26673171 407 13956095844138562197
HIT 2 32768019 500 3123848909170443258
HIT 2 32899091 502 2395575319782966183
HIT 2 32964627 503 6153959919840334887
HIT 2 33030163 504 9121630368754560841
HIT 2 32899093 502 17468280353724961213
HIT 2 20185154 308 2799311093043495606
HIT 2 26542146 405 2636636425768074940
HIT 2 32899138 502 10802985812052125749
HIT 2 20054084 306 10928804285774694743
HIT 2 20185156 308 15542896609149018261
HIT 2 20250692 309 14194472428467396705
HIT 2 20316228 310 11982954084403292196
HIT 2 26411076 403 5340754455686637712
HIT 2 26476612 404 12595255777034924792
HIT 2 26542148 405 6737868164130015781
HIT 2 26673220 407 8852041052199365727
HIT 2 32768068 500 9418739780647620859
HIT 2 32899140 502 3374372254291242791
HIT 2 32964676 503 539887796999653016
HIT 2 33030212 504 1254237032659975801
HIT 2 4587589 70 9703155374480198553
HIT 2 20185157 308 10660613834949240164
HIT 2 26542149 405 12471791940498072061
HIT 2 32899141 502 7790902212329909665
HIT 2 20185158 308 14885250157827113824
HIT 2 26542150 405 672152572585052851
HIT 2 32899142 502 17553744088529794171
HIT 2 26542386 405 10147297919098775637
HIT 2 32899378 502 5600257001758721667
HIT 2 26411316 403 5854360202496230305
HIT 2 26476852 404 743266179002193952
HIT 2 26542388 405 435276034516842657
HIT 2 26673460 407 4851336085596761182
HIT 2 32768308 500 16338194507632475444
HIT 2 32899380 502 12876927972376461072
HIT 2 32964916 503 6230351581242583131
HIT 2 33030452 504 17500373770022668883
HIT 2 20316469 310 16471446589979841877
HIT 2 26542389 405 18103550774041378224
HIT 2 32899381 502 12749227818373739509
HIT 2 26542390 405 3944038917499031274
HIT 2 32899382 502 8068738464448836736
HIT 2 26673556 407 8131711355623213218
HIT 2 32899475 502 1827508049105083373
HIT 2 32768405 500 16218161972257255762
HIT 2 32899477 502 12549198265573946081
HIT 2 32965013 503 9104934661435308227
HIT 2 32899476 502 9521000918118508964
HIT 2 33030549 504 15663529085293700291
HIT 2 32899479 502 18334633664424691904
HIT 2 33030647 504 14580996874655424960
DONE data/p_n_a0001.txt sz=2 range=[0,512) n=130560 zero=0 0.2s
HIT 3 292059021315 68 10532759664979567073
HIT 3 1322851172355 308 10848860779674337681
HIT 3 1739463000067 405 10654447129491684654
HIT 3 2156074827779 502 3673093910288940400
HIT 3 292059021314 68 16980583492387063843
HIT 3 292059021312 68 3192225728748438927
HIT 3 1322851172352 308 5666250308754655498
HIT 3 1739463000064 405 9417772249555721582
HIT 3 2156074827776 502 6455705905916338735
HIT 3 1322851172354 308 13800837402430996639
HIT 3 1739463000066 405 3112571037544503380
HIT 3 2156074827778 502 7873134387400995785
HIT 3 292059021313 68 2062503032517759981
HIT 3 1322851172353 308 4131911991325545954
HIT 3 1739463000065 405 16316556501456637016
HIT 3 2156074827777 502 1752565500766353812
HIT 3 1322854383618 308 18065882265068009020
HIT 3 1739466211330 405 13859784881330525937
HIT 3 2156078039042 502 10192459676463403065
HIT 3 1322854383616 308 10652607249106269964
HIT 3 1739466211328 405 12248358799913552751
HIT 3 2156078039040 502 12656442516869090597
HIT 3 1322854383619 308 15300152531173933485
HIT 3 1739466211331 405 18273840331695301494
HIT 3 2156078039043 502 14274187832914332562
HIT 3 1322854383617 308 15958411482295590529
HIT 3 1739466211329 405 14119986141467360264
HIT 3 2156078039041 502 7853925276268464783
HIT 3 1739481939968 405 18148654458359435896
HIT 3 2156093767680 502 534593060215733576
HIT 3 1739481939971 405 4694348093018300256
HIT 3 2156093767683 502 4563615257479037401
HIT 3 1739481939969 405 1991998164371581331
HIT 3 2156093767681 502 7430202615641614127
HIT 3 1739481939970 405 2209414582752429961
HIT 3 2156093767682 502 7623403307130533576
HIT 3 2156100124672 502 11212082169095186587
HIT 3 2156100124673 502 14071396565917749140
HIT 3 2156100124675 502 11398121898171035523
HIT 3 2156100124674 502 10806181240236910061
HIT 3 292059021316 68 5429436377951944809
HIT 3 1322851172356 308 4746611544266044980
HIT 3 1739463000068 405 8374777356239001787
HIT 3 2156074827780 502 5537046583295992345
HIT 3 292059021317 68 1648437632735446529
HIT 3 292059021318 68 69296236161522631
HIT 3 1322851172358 308 17200360950936739222
HIT 3 1739463000070 405 8290617372129817519
HIT 3 2156074827782 502 18421496529052991908
HIT 3 1322851172357 308 8470320101180858741
HIT 3 1739463000069 405 3575825859933733640
HIT 3 2156074827781 502 2977591613648808197
HIT 3 292059021319 68 5194077148100936277
HIT 3 1322851172359 308 5925283819518458343
HIT 3 1739463000071 405 3819805903057601182
HIT 3 2156074827783 502 4811928823387117137
HIT 3 1322854383620 308 4618917897565896560
HIT 3 1739466211332 405 14851654735273171747
HIT 3 2156078039044 502 6962536502516493827
HIT 3 1322854383621 308 1780031371868141809
HIT 3 1739466211333 405 14004664600853699159
HIT 3 2156078039045 502 7603838341232162714
HIT 3 1322854383622 308 909860382351570827
HIT 3 1739466211334 405 9306662922242999128
HIT 3 2156078039046 502 13303244665388491068
HIT 3 1322854383623 308 5324408971273025031
HIT 3 1739466211335 405 14419088560335891376
HIT 3 2156078039047 502 17740070464623416749
HIT 3 1739481939974 405 2461884945993810117
HIT 3 2156093767686 502 7853044773359741772
HIT 3 1739481939972 405 3134526039247948428
HIT 3 2156093767684 502 10533716905922747193
HIT 3 1739481939973 405 8236411191899992440
HIT 3 2156093767685 502 6317215341991594329
HIT 3 1739481939975 405 6405807879586848675
HIT 3 2156093767687 502 17216162620615716928
HIT 3 2156100124678 502 889078014082392797
HIT 3 2156100124676 502 12242546956271845320
HIT 3 2156100124679 502 5610385251610952728
HIT 3 2156100124677 502 9112153818073012071
HIT 3 292059021320 68 4299119026718771547
HIT 3 1322851172360 308 9979768137158947919
HIT 3 1739463000072 405 4352546952220473643
HIT 3 2156074827784 502 1423743478537773156
HIT 3 292059021321 68 2649803013655410685
HIT 3 1322851172361 308 1077676207714864441
HIT 3 1739463000073 405 2380807773348519600
HIT 3 2156074827785 502 1789310824064499817
HIT 3 292059021322 68 53483789820804545
HIT 3 1322851172362 308 5554437477732682804
HIT 3 1739463000074 405 7226878190781036086
HIT 3 2156074827786 502 15530746024179597754
HIT 3 292059021323 68 2324752997134563214
HIT 3 1322851172363 308 17964578524260815672
HIT 3 1739463000075 405 2828053805593758203
HIT 3 2156074827787 502 8392634955275276228
HIT 3 1322854383624 308 17419563110786751681
HIT 3 1739466211336 405 12492248823739978593
HIT 3 1322854383625 308 14605973542075478130
HIT 3 1739466211337 405 2871212900819504454
HIT 3 2156078039049 502 8195112321286067349
HIT 3 1322854383626 308 7438526015941604307
HIT 3 1739466211338 405 14284063564056155813
HIT 3 2156078039050 502 16558240910204311404
HIT 3 2156078039048 502 2376984182176715632
HIT 3 1322854383627 308 10982945766293405390
HIT 3 1739466211339 405 1990870250570841663
HIT 3 2156078039051 502 1025089353275183235
HIT 3 1739481939976 405 10775320777498643306
HIT 3 2156093767688 502 10845472845156868414
HIT 3 2156100124680 502 15374881418393517770
HIT 3 292059021324 68 6139895578599591921
HIT 3 1322851172364 308 6156495827010421341
HIT 3 1739463000076 405 6961630857918745298
HIT 3 2156074827788 502 6079091719410539456
HIT 3 1739481939977 405 3900340595593496186
HIT 3 2156093767689 502 13189607344205704324
HIT 3 1739481939979 405 17724021250843463823
HIT 3 2156093767691 502 17467040808911722447
HIT 3 1739481939978 405 5543124873651091869
HIT 3 2156093767690 502 1465543289988375728
HIT 3 2156100124681 502 13977192555880316463
HIT 3 1322854383628 308 2533636834356734193
HIT 3 1739466211340 405 16009147930017720592
HIT 3 2156078039052 502 17480822418461528310
HIT 3 2156100124683 502 11079027326708040972
HIT 3 292059021325 68 2901484176184608606
HIT 3 1322851172365 308 7282603141681359255
HIT 3 1739463000077 405 9477286507555429824
HIT 3 2156074827789 502 11013099127113210233
HIT 3 2156100124682 502 5897171715824406258
HIT 3 292059021326 68 1040668552134711807
HIT 3 1322851172366 308 11572254242729427973
HIT 3 1739463000078 405 12916445903044984854
HIT 3 2156074827790 502 18081225920429423796
HIT 3 292058890255 68 1040668552134711807
HIT 3 1322851041295 308 11572254242729427973
HIT 3 1739462869007 405 12916445903044984854
HIT 3 2156074696719 502 18081225920429423796
HIT 3 292059021327 68 875152576521789987
HIT 3 1322851172367 308 14993043346500313858
HIT 3 1739463000079 405 16106627617910459976
HIT 3 2156074827791 502 11329619104756091317
HIT 3 1322854383629 308 15775663560963367327
HIT 3 1739466211341 405 9352120544377543485
HIT 3 2156078039053 502 9513755259817630581
HIT 3 1322854383630 308 3917183938524538095
HIT 3 1739466211342 405 18127413694297167693
HIT 3 2156078039054 502 6693591623086724277
HIT 3 1739481939980 405 17340270467635706914
HIT 3 2156093767692 502 4590417903392690135
HIT 3 1322854383631 308 13755656584096637830
HIT 3 1739466211343 405 7547087925831103539
HIT 3 2156078039055 502 3020466897360861362
HIT 3 2156100124684 502 3412626487890978696
HIT 3 292059021328 68 6298631804492276363
HIT 3 1322851172368 308 5680251897643039804
HIT 3 1739463000080 405 16133397390645240328
HIT 3 2156074827792 502 12370126299313563642
HIT 3 292059152400 68 955551780736443454
HIT 3 1322851303440 308 15667028599281652615
HIT 3 1739463131152 405 15735122081409717189
HIT 3 2156074958864 502 14364459026318694968
HIT 3 1322854383632 308 9028957042691297139
HIT 3 1739466211344 405 2898978243683486227
HIT 3 2156078039056 502 5982268742286783483
HIT 3 1739481939984 405 11289123345775232142
HIT 3 2156093767696 502 4060205662740446575
HIT 3 2156100124688 502 17891270269918461159
HIT 3 292059021329 68 955551780736443454
HIT 3 1322851172369 308 15667028599281652615
HIT 3 1739463000081 405 15735122081409717189
HIT 3 2156074827793 502 14364459026318694968
HIT 3 1739481939981 405 5545073204448989111
HIT 3 2156093767693 502 1794065824618838115
HIT 3 1739481939983 405 7401846290547356775
HIT 3 2156093767695 502 7683037167139025579
HIT 3 1739481939982 405 17473538081790056801
HIT 3 2156093767694 502 6098217161735727133
HIT 3 1322854252561 308 8255598143189061922
HIT 3 1739466080273 405 2560890189782438145
HIT 3 2156077907985 502 4786483414654628145
HIT 3 1314264449041 306 1438850439431041782
HIT 3 1322854383633 308 2105131491474696436
HIT 3 1327149350929 309 1143642213790689411
HIT 3 1331444318225 310 2216758454503721125
HIT 3 1730876276753 403 10710758965225647127
HIT 3 1735171244049 404 9851063830334679098
HIT 3 1739466211345 405 4543216104772728079
HIT 3 1748056145937 407 17913444445407122560
HIT 3 2147488104465 500 4967753988750491284
HIT 3 2156078039057 502 1415133386053535600
HIT 3 2160373006353 503 8618975179404769683
HIT 3 2164667973649 504 4387552942012485248
HIT 3 300652232721 70 6298631804492276363
HIT 3 1322854449169 308 1355727905640065908
HIT 3 1739466276881 405 6305222984577787991
HIT 3 2156078104593 502 17378259311867513517
HIT 3 1322854514705 308 17673673670814451841
HIT 3 1739466342417 405 6756133591343502332
HIT 3 2156078170129 502 3793016978933735860
HIT 3 2156100124687 502 2886119907586124463
HIT 3 2156100124685 502 8088212230527047428
HIT 3 2156100124686 502 6355136271422554788
HIT 3 98785558546 23 11732884301236367886
HIT 3 292059086866 68 5825865787271180466
HIT 3 1322851237906 308 9642635957835241451
HIT 3 1739463065618 405 16739564427271666815
HIT 3 2156074893330 502 3588657777439618271
HIT 3 283469217810 66 3799719329270477568
HIT 3 292059152402 68 1778671832965768010
HIT 3 296354119698 69 9445739853579443867
HIT 3 300649086994 70 11965516137812372815
HIT 3 1314261368850 306 8908181526618415396
HIT 3 1322851303442 308 11055486004046802137
HIT 3 1327146270738 309 13546841031101783506
HIT 3 1331441238034 310 18217747319013233201
HIT 3 1730873196562 403 8396142935833293922
HIT 3 1735168163858 404 3235207971120730532
HIT 3 1739463131154 405 14046344139648785280
HIT 3 1748053065746 407 13956095844138562197
HIT 3 2147485024274 500 3123848909170443258
HIT 3 2156074958866 502 2395575319782966183
HIT 3 2160369926162 503 6153959919840334887
HIT 3 2164664893458 504 9121630368754560841
HIT 3 292059283474 68 18345426352642200021
HIT 3 1322851434514 308 6357154598438811746
HIT 3 1739463262226 405 1200405026318405032
HIT 3 2156075089938 502 11654898568808622959
HIT 3 292059086867 68 7436371734788598322
HIT 3 1322851237907 308 4926105308331057478
HIT 3 1739463065619 405 10856355733004532547
HIT 3 2156074893331 502 12206506999166144510
HIT 3 292059152403 68 18345426352642200021
HIT 3 1322851303443 308 6357154598438811746
HIT 3 1739463131155 405 1200405026318405032
HIT 3 2156074958867 502 11654898568808622959
HIT 3 292059217939 68 5825865787271180466
HIT 3 1322851368979 308 9642635957835241451
HIT 3 1739463196691 405 16739564427271666815
HIT 3 2156075024403 502 3588657777439618271
HIT 3 292059283475 68 11339000382863244745
HIT 3 1322851434515 308 7569069180952508494
HIT 3 1739463262227 405 9199773651262702394
HIT 3 2156075089939 502 16746153469790896078
HIT 3 292059349011 68 13941371989588047965
HIT 3 1322851500051 308 2705481650341681127
HIT 3 1739463327763 405 8581886241442230085
HIT 3 2156075155475 502 3379759716775921796
HIT 3 292059414547 68 15058159416416317727
HIT 3 292059283476 68 2309142675471496479
HIT 3 1322851434516 308 17746842352676081038
HIT 3 1739463262228 405 1987686139520900092
HIT 3 2156075089940 502 17468280353724961213
HIT 3 1322851565587 308 12439123268785367061
HIT 3 1739463393299 405 10966647940415371896
HIT 3 2156075221011 502 12688854774109435208
HIT 3 292059480083 68 13472053324301022930
HIT 3 1322851631123 308 12896617164546118991
HIT 3 1739463458835 405 13953179999518946082
HIT 3 2156075286547 502 8570422406558489054
HIT 3 292059545619 68 14771515968018241906
HIT 3 1322851696659 308 6185210623309480432
HIT 3 1739463524371 405 9309434367085811634
HIT 3 2156075352083 502 6874802068858685152
HIT 3 292059611155 68 5505421593566191060
HIT 3 1322851762195 308 10000805766777976520
HIT 3 1739463589907 405 15565988256468870424
HIT 3 2156075417619 502 4922261464991729420
HIT 3 292059676691 68 5796222640729758595
HIT 3 1322851827731 308 11322805938993976757
HIT 3 1739463655443 405 9474372553096751401
HIT 3 2156075483155 502 11429860951664161849
HIT 3 292059742227 68 1454465039419909316
HIT 3 1322851893267 308 17066582786940864974
HIT 3 1739463720979 405 5892119571768301307
HIT 3 2156075548691 502 12918042380831985501
HIT 3 292059807763 68 531414868804989145
HIT 3 1322851958803 308 7060868370765604996
HIT 3 1739463786515 405 14602899570064742012
HIT 3 2156075614227 502 2417803413403192776
HIT 3 292059873299 68 9381147786837856330
HIT 3 1322852024339 308 4401300525826285368
HIT 3 1739463852051 405 16548982369693048490
HIT 3 2156075679763 502 16672173352780178364
HIT 3 292059938835 68 15572949140105001638
HIT 3 1322852089875 308 5847577235733158233
HIT 3 1739463917587 405 10139595349660291364
HIT 3 2156075745299 502 2573710798298053392
HIT 3 292060004371 68 6132456726183728685
HIT 3 1322854252562 308 4592369794108151297
HIT 3 1739466080274 405 15011962473148881359
HIT 3 2156077907986 502 12932744693341321888
HIT 3 1314264449042 306 14384540655298362358
HIT 3 1322854383634 308 14405527124143166825
HIT 3 1327149350930 309 13732689753395893905
HIT 3 1331444318226 310 15085777136968410605
HIT 3 1730876276754 403 14268059522598315728
HIT 3 1735171244050 404 4914444439379189943
HIT 3 1739466211346 405 17481141232413377146
HIT 3 1748056145938 407 5635648674139651804
HIT 3 2147488104466 500 4743789345908199212
HIT 3 2156078039058 502 5722551204536243031
HIT 3 2160373006354 503 11266190235894863240
HIT 3 2164667973650 504 14307721132943208611
HIT 3 300652232722 70 7436371734788598322
HIT 3 1322854449170 308 2735996994354959813
HIT 3 1739466276882 405 13406924591785333062
HIT 3 2156078104594 502 7878577423168621765
HIT 3 1322854514706 308 5793546418922212067
HIT 3 1739466342418 405 8046770605325895740
HIT 3 2156078170130 502 12337769832827077747
HIT 3 1322852155411 308 10391642098453128979
HIT 3 1739463983123 405 15337830571967528611
HIT 3 2156075810835 502 11050784166621021934
HIT 3 292060069907 68 7886495065343532679
HIT 3 1322852220947 308 11487404916437604274
HIT 3 1739464048659 405 1126022701394401747
HIT 3 2156075876371 502 4146384918898392770
HIT 3 292060135443 68 11367305566901956615
HIT 3 1322852286483 308 1396405565807735257
HIT 3 1739464114195 405 15517044573626207922
HIT 3 2156075941907 502 9016636493503844658
HIT 3 292060200979 68 13857456904121737135
HIT 3 1322852352019 308 14421053783046802186
HIT 3 1739464179731 405 750293964425274706
HIT 3 2156076007443 502 10835856504618878657
HIT 3 292060266515 68 3590809297390729990
HIT 3 1322852417555 308 4726104805121343280
HIT 3 1739464245267 405 6560648390844364520
HIT 3 2156076072979 502 8589424087148813993
HIT 3 292060332051 68 17383809759812669046
HIT 3 1322852483091 308 14150671140239783011
HIT 3 1739464310803 405 2724872946395933384
HIT 3 2156076138515 502 6326562634084590157
HIT 3 292060397587 68 7890995779886871909
HIT 3 1322852548627 308 7151501031404856535
HIT 3 1739464376339 405 6471314262569005284
HIT 3 2156076204051 502 9409609922016787799
HIT 3 292060463123 68 14370707795416178575
HIT 3 1322852614163 308 3928660061114178474
HIT 3 1739464441875 405 11597718126599314720
HIT 3 2156076269587 502 7127043227095696710
HIT 3 292060528659 68 12248406094344624137
HIT 3 1322852679699 308 14237293433342711036
HIT 3 1739464507411 405 7052654357696198834
HIT 3 2156076335123 502 3204867829750702736
HIT 3 292060594195 68 15221377392254854479
HIT 3 1322852745235 308 6335173177728112031
HIT 3 1739464572947 405 4595416548891707155
HIT 3 2156076400659 502 4651914999332028361
HIT 3 292060659731 68 2312534813479683120
HIT 3 1322852810771 308 9155331706217589338
HIT 3 1739464638483 405 15853439443914715572
HIT 3 2156076466195 502 6799948041321965637
HIT 3 292060725267 68 5109045386857762194
HIT 3 1322852876307 308 9324780393356976954
HIT 3 1739464704019 405 5843284746548308096
HIT 3 2156076531731 502 15404590960316358918
HIT 3 292060790803 68 16560689594082461459
HIT 3 1322852941843 308 5523477685766548573
HIT 3 1739464769555 405 3418250307090904618
HIT 3 2156076597267 502 11719657452700973576
HIT 3 292060856339 68 13131380794655699020
HIT 3 1322853007379 308 2189557571610723817
HIT 3 1739464835091 405 16662736794498917042
HIT 3 2156076662803 502 13459593712986120065
HIT 3 292060921875 68 7493759701756174161
HIT 3 1322853072915 308 2830368372061424387
HIT 3 1739464900627 405 9117651060740108936
HIT 3 2156076728339 502 16097190879875075973
HIT 3 292060987411 68 9619614127836980840
HIT 3 1322853138451 308 6546020595498962501
HIT 3 1739464966163 405 14609374512442132068
HIT 3 2156076793875 502 7750532082172911286
HIT 3 292061052947 68 14352714225473035845
HIT 3 1322853203987 308 369060974503528197
HIT 3 1739465031699 405 4556990346250023285
HIT 3 2156076859411 502 15173043818915706449
HIT 3 292061118483 68 4018879694706318064
HIT 3 1322853269523 308 9900983264251505378
HIT 3 1739465097235 405 17817101381946284980
HIT 3 2156076924947 502 21083282236519496
HIT 3 292061184019 68 7689236083490071875
HIT 3 1322853335059 308 16924468550534587361
HIT 3 1739465162771 405 7808510113867921581
HIT 3 2156076990483 502 12441043510731795787
HIT 3 292061249555 68 11596714597983118247
HIT 3 1322853400595 308 12314810634891191575
HIT 3 1739465228307 405 4138579678406943310
HIT 3 2156077056019 502 16042017747357930868
HIT 3 292061315091 68 2157801226666558947
HIT 3 1322853466131 308 7172877055638137080
HIT 3 1739465293843 405 5758830303592997493
HIT 3 2156077121555 502 13150361351804902305
HIT 3 292061380627 68 13280835488813751690
HIT 3 1322853531667 308 9252486929514825597
HIT 3 1739465359379 405 17585979681755158526
HIT 3 2156077187091 502 3894191529667477140
HIT 3 292061446163 68 6133432762251984169
HIT 3 1322853597203 308 8954839902490859803
HIT 3 1739465424915 405 119980359741095189
HIT 3 2156077252627 502 15148218152483515075
HIT 3 292061511699 68 2729932720965206321
HIT 3 1322853662739 308 3544085788401607944
HIT 3 1739465490451 405 10482790021751126500
HIT 3 2156077318163 502 8089578753398104083
HIT 3 292061577235 68 18299487245428512132
HIT 3 1322853728275 308 12334095129621771533
HIT 3 1739465555987 405 15882130903288336536
HIT 3 2156077383699 502 15137973182577274523
HIT 3 292061642771 68 15254476438171266300
HIT 3 1322853793811 308 4993316389021712928
HIT 3 1739465621523 405 4229462324972180317
HIT 3 2156077449235 502 653800464530712499
HIT 3 292061708307 68 11876169378322756104
HIT 3 1322853859347 308 12518746892526827722
HIT 3 1739465687059 405 15383984546660115828
HIT 3 2156077514771 502 4650216964840569629
HIT 3 292061773843 68 6131141166958855439
HIT 3 1322853924883 308 7110030011469277815
HIT 3 1739465752595 405 10143330908726107500
HIT 3 2156077580307 502 12752509219683219450
HIT 3 292061839379 68 2684180160036891124
HIT 3 1322853990419 308 15220428036401299427
HIT 3 1739465818131 405 15269451457521391190
HIT 3 2156077645843 502 17665268594046724307
HIT 3 292061904915 68 6012331503401186857
HIT 3 1322854055955 308 2177147349487925552
HIT 3 1739465883667 405 18126137688427538711
HIT 3 2156077711379 502 9567254266784615236
HIT 3 283472035859 66 12378903996195007507
HIT 3 292061970451 68 7332617183422236386
HIT 3 1322854121491 308 15211893692846885260
HIT 3 1739465949203 405 15976916387379362204
HIT 3 2156077776915 502 16745040699633323918
HIT 3 292062035987 68 12378903996195007507
HIT 3 1322854187027 308 1329761987749767952
HIT 3 1739466014739 405 17070592982672320177
HIT 3 2156077842451 502 3053074562728567808
HIT 3 292062101523 68 12497917580232961693
HIT 3 1314264317971 306 3575926310237157022
HIT 3 1322854252563 308 11330022165530096740
HIT 3 1327149219859 309 1146421795376384810
HIT 3 1331444187155 310 9806547281179003430
HIT 3 1730876145683 403 9992092762653168076
HIT 3 1735171112979 404 2121307998531261198
HIT 3 1739466080275 405 12316445917980985019
HIT 3 1748056014867 407 739704839453491330
HIT 3 2147487973395 500 14851581125616702605
HIT 3 2156077907987 502 16433682445760158894
HIT 3 2160372875283 503 259878249175044396
HIT 3 2164667842579 504 13590407041830341288
HIT 3 292062167059 68 3799719329270477568
HIT 3 300652101651 70 12497917580232961693
HIT 3 1322854318099 308 12581903762303255132
HIT 3 1739466145811 405 7356249210449777080
HIT 3 2156077973523 502 11540900078476951158
HIT 3 300652167187 70 9297000578927803420
HIT 3 304947134483 71 9445739853579443867
HIT 3 309242101779 72 12862980734895643488
HIT 3 313537069075 73 18034781869544714658
HIT 3 317832036371 74 14937971260775908915
HIT 3 322127003667 75 2829460991801338789
HIT 3 326421970963 76 13263635684479309032
HIT 3 330716938259 77 9484054029493440923
HIT 3 335011905555 78 15747758105138393210
HIT 3 339306872851 79 14993567999769967871
HIT 3 343601840147 80 3398151535804136925
HIT 3 347896807443 81 2962534404131699605
HIT 3 352191774739 82 3869399335977478527
HIT 3 356486742035 83 18397676515592996284
HIT 3 360781709331 84 12040049128693134599
HIT 3 365076676627 85 1311273867920698607
HIT 3 369371643923 86 10359112950903129158
HIT 3 373666611219 87 15719269975477791403
HIT 3 377961578515 88 8425800723437888860
HIT 3 382256545811 89 17278766454914237452
HIT 3 386551513107 90 2424838783649117818
HIT 3 390846480403 91 6051365824149645994
HIT 3 395141447699 92 15635109463463737176
HIT 3 399436414995 93 1098861136532207866
HIT 3 403731382291 94 5706889549220221073
HIT 3 408026349587 95 10395616763613045486
HIT 3 412321316883 96 10718001185683747083
HIT 3 416616284179 97 15762165444273218836
HIT 3 420911251475 98 409383413886687887
HIT 3 425206218771 99 13215550144115508587
HIT 3 429501186067 100 16340736998220997070
HIT 3 433796153363 101 7102598640538244970
HIT 3 438091120659 102 14124289186961467913
HIT 3 442386087955 103 12724929391692343814
HIT 3 446681055251 104 9079507473107378004
HIT 3 450976022547 105 17497932026517706146
HIT 3 455270989843 106 14699158385202770900
HIT 3 459565957139 107 15078090510262319058
HIT 3 463860924435 108 14041196229376628427
HIT 3 468155891731 109 3279132289146593062
HIT 3 472450859027 110 6264442670405317728
HIT 3 476745826323 111 1645915881224916078
HIT 3 481040793619 112 2218934199040945787
HIT 3 485335760915 113 431868732878311406
HIT 3 489630728211 114 6322317365796748903
HIT 3 493925695507 115 15263151719602110775
HIT 3 498220662803 116 2507857155970548055
HIT 3 502515630099 117 4489528899397944083
HIT 3 506810597395 118 12384456987267281459
HIT 3 511105564691 119 6878529432082831031
HIT 3 515400531987 120 6783941995151940960
HIT 3 519695499283 121 9403305978643883552
HIT 3 523990466579 122 17155376315453113053
HIT 3 528285433875 123 13702746144025867273
HIT 3 532580401171 124 6555984047206774640
HIT 3 536875368467 125 4540353460769062162
HIT 3 541170335763 126 10133306550468162007
HIT 3 545465303059 127 7349703974742041305
HIT 3 549760270355 128 2382758549308638015
HIT 3 554055237651 129 7469251021745760889
HIT 3 558350204947 130 3764605960586148399
HIT 3 562645172243 131 18371668047323229804
HIT 3 566940139539 132 8929807002668510093
HIT 3 571235106835 133 9636899978360344625
HIT 3 575530074131 134 2154263846775437486
HIT 3 579825041427 135 7537723123001162491
HIT 3 584120008723 136 14500459097264991275
HIT 3 588414976019 137 15173397569052827149
HIT 3 592709943315 138 5072174453012157653
HIT 3 597004910611 139 6039236270063910832
HIT 3 601299877907 140 2405400140843419181
HIT 3 605594845203 141 17408749401575647477
HIT 3 609889812499 142 18239790548291179015
HIT 3 614184779795 143 1854559823903437846
HIT 3 618479747091 144 6644660520936249761
HIT 3 622774714387 145 5438105448643556153
HIT 3 627069681683 146 6395180751788408318
HIT 3 631364648979 147 13294583581740472380
HIT 3 635659616275 148 8004532678726977065
HIT 3 639954583571 149 2057154493679526908
HIT 3 644249550867 150 4529682010566577312
HIT 3 648544518163 151 13959272669548443976
HIT 3 652839485459 152 7418838816545817559
HIT 3 657134452755 153 13563562081977904050
HIT 3 661429420051 154 14408204803590042504
HIT 3 665724387347 155 135556609504128602
HIT 3 670019354643 156 16924341407263809549
HIT 3 674314321939 157 17046529955905922142
HIT 3 678609289235 158 5087892042668056992
HIT 3 682904256531 159 8643323051993705469
HIT 3 687199223827 160 13095562676755358046
HIT 3 691494191123 161 14221965613985883160
HIT 3 695789158419 162 5221778456652037657
HIT 3 700084125715 163 7876809462364190253
HIT 3 704379093011 164 15730837822670133966
HIT 3 708674060307 165 17471362989438593330
HIT 3 712969027603 166 13650219954798906163
HIT 3 717263994899 167 15432562388004007721
HIT 3 721558962195 168 12198470375121365989
HIT 3 725853929491 169 1650098699704100394
HIT 3 730148896787 170 14713880831194713724
HIT 3 734443864083 171 9163106553425521518
HIT 3 738738831379 172 5429587432420592255
HIT 3 743033798675 173 7529962083631655081
HIT 3 747328765971 174 15718822946133607439
HIT 3 751623733267 175 11903818440238393572
HIT 3 755918700563 176 5896304218003616780
HIT 3 760213667859 177 15172674507453731684
HIT 3 764508635155 178 7152904074235193422
HIT 3 768803602451 179 14358915264705220379
HIT 3 773098569747 180 9393546969529518960
HIT 3 777393537043 181 18122228262839348004
HIT 3 781688504339 182 10532919467176639219
HIT 3 785983471635 183 14813868738013181093
HIT 3 790278438931 184 11581131028578519010
HIT 3 794573406227 185 16692779592137846581
HIT 3 798868373523 186 15826134843064374038
HIT 3 803163340819 187 2308519883469609458
HIT 3 807458308115 188 15754114379646148469
HIT 3 811753275411 189 14699449562714996481
HIT 3 816048242707 190 5342541130129149846
HIT 3 820343210003 191 5158533066438254900
HIT 3 824638177299 192 6291752882194605333
HIT 3 828933144595 193 2347657525462531637
HIT 3 833228111891 194 8686645673725794247
HIT 3 837523079187 195 3098756506763519697
HIT 3 841818046483 196 1301089039561999857
HIT 3 846113013779 197 760392155355125470
HIT 3 850407981075 198 12467652041400718065
HIT 3 854702948371 199 9978422936128499999
HIT 3 858997915667 200 2623886528382525030
HIT 3 863292882963 201 3653507474288209766
HIT 3 867587850259 202 6658270258472105366
HIT 3 871882817555 203 13099065250091851604
HIT 3 876177784851 204 12153262826933237724
HIT 3 880472752147 205 17639139338159574658
HIT 3 884767719443 206 7355783839118356022
HIT 3 889062686739 207 15452616157495405886
HIT 3 893357654035 208 2570943104022702339
HIT 3 897652621331 209 8529710272202190725
HIT 3 901947588627 210 8753669154016603880
HIT 3 906242555923 211 748484904884370009
HIT 3 910537523219 212 4589640720814053257
HIT 3 914832490515 213 668609570324605074
HIT 3 919127457811 214 15643983532333152327
HIT 3 923422425107 215 7669812996642764116
HIT 3 927717392403 216 14683034351914769058
HIT 3 932012359699 217 2384088610170146189
HIT 3 936307326995 218 5779957789178763319
HIT 3 940602294291 219 14890588621404040018
HIT 3 944897261587 220 3072615515201160634
HIT 3 949192228883 221 5760855712014381848
HIT 3 953487196179 222 8518566513245303601
HIT 3 957782163475 223 11534437170365141945
HIT 3 962077130771 224 12925646052610374332
HIT 3 966372098067 225 6347500408834056889
HIT 3 970667065363 226 18180801412515122817
HIT 3 974962032659 227 4148941410682364214
HIT 3 979256999955 228 15520522211953938523
HIT 3 983551967251 229 8852168750889446040
HIT 3 987846934547 230 5814463744559327215
HIT 3 992141901843 231 3823302524457597152
HIT 3 996436869139 232 12657467836676202060
HIT 3 1000731836435 233 17947393754227876468
HIT 3 1005026803731 234 11879066851298936150
HIT 3 1009321771027 235 4994707362362404710
HIT 3 1013616738323 236 5026816388356778077
HIT 3 1017911705619 237 3280913442518748436
HIT 3 1022206672915 238 7849959875399555644
HIT 3 1026501640211 239 4327739438945089917
HIT 3 1030796607507 240 1639864479051118511
HIT 3 1035091574803 241 16567405601086579502
HIT 3 1039386542099 242 1885983438127594909
HIT 3 1043681509395 243 11855787683181281257
HIT 3 1047976476691 244 16701714412308420005
HIT 3 1052271443987 245 4285338238270991574
HIT 3 1056566411283 246 7921013915887255509
HIT 3 1060861378579 247 10341199412677060326
HIT 3 1065156345875 248 3082683054992074268
HIT 3 1069451313171 249 16066045633104316527
HIT 3 1073746280467 250 17077013902046447410
HIT 3 1078041247763 251 15108393817006195607
HIT 3 1082336215059 252 6422686796014584570
HIT 3 1086631182355 253 13514575316104839120
HIT 3 1090926149651 254 3783364922660290127
HIT 3 1095221116947 255 4118165046156760679
HIT 3 1099516084243 256 1289527044363731848
HIT 3 1103811051539 257 8335668419743536909
HIT 3 1108106018835 258 2861216422857207625
HIT 3 1112400986131 259 5738072900764696951
HIT 3 1116695953427 260 5135956680215508255
HIT 3 1120990920723 261 16014138403580225533
HIT 3 1125285888019 262 12076664041533253468
HIT 3 1129580855315 263 10597349207245012487
HIT 3 1133875822611 264 14256965167599864515
HIT 3 1138170789907 265 15602840486204774544
HIT 3 1142465757203 266 11250755686029538285
HIT 3 1146760724499 267 8019744165599147295
HIT 3 1151055691795 268 5996837614589436259
HIT 3 1155350659091 269 9151523611408313036
HIT 3 1159645626387 270 6027778510130010748
HIT 3 1163940593683 271 1705979418876267201
HIT 3 1168235560979 272 5943446025793995672
HIT 3 1172530528275 273 5473729236930099237
HIT 3 1176825495571 274 16010814757364108070
HIT 3 1181120462867 275 10368355720029573283
HIT 3 1185415430163 276 15496842452480602358
HIT 3 1189710397459 277 10230322615740814933
HIT 3 1194005364755 278 1132267317595783501
HIT 3 1198300332051 279 6640793823772798614
HIT 3 1202595299347 280 11299257411806154566
HIT 3 1206890266643 281 6833134495140356425
HIT 3 1211185233939 282 18064840878482887959
HIT 3 1215480201235 283 18051797232504056620
HIT 3 1219775168531 284 927746783870842354
HIT 3 1224070135827 285 10775620218245860049
HIT 3 1228365103123 286 9600711143604996562
HIT 3 1232660070419 287 8854104460576615093
HIT 3 1236955037715 288 14648783516783103857
HIT 3 1241250005011 289 2782009347589206700
HIT 3 1245544972307 290 3887994130025176855
HIT 3 1249839939603 291 17556698584836714228
HIT 3 1254134906899 292 1950688957082346209
HIT 3 1258429874195 293 3487303636553596882
HIT 3 1262724841491 294 1916758921940587697
HIT 3 1267019808787 295 13185775382936666319
HIT 3 1271314776083 296 5646311346154673192
HIT 3 1275609743379 297 4020236060291333236
HIT 3 1279904710675 298 1602158843154997517
HIT 3 1284199677971 299 11899494968011952587
HIT 3 1288494645267 300 5116260434100517710
HIT 3 1292789612563 301 15359039550683414523
HIT 3 1297084579859 302 4519357418372814072
HIT 3 1301379547155 303 13372830273373003947
HIT 3 1305674514451 304 912365938114112154
HIT 3 1309969481747 305 2073623351026993089
HIT 3 1314264449043 306 11964163600131302506
HIT 3 1318559416339 307 8677482891113076864
HIT 3 1322854383635 308 2768082967824062889
HIT 3 1327149350931 309 2784712904050322022
HIT 3 1331444318227 310 4335153552454657044
HIT 3 1335739285523 311 915879715558829612
HIT 3 1340034252819 312 4768404136393390440
HIT 3 1344329220115 313 343496605856905880
HIT 3 1348624187411 314 13805081020174522787
HIT 3 1352919154707 315 11870253957352938412
HIT 3 1357214122003 316 6833645496244982275
HIT 3 1361509089299 317 16779900060045740028
HIT 3 1365804056595 318 16160608703704974318
HIT 3 1370099023891 319 882265015907188653
HIT 3 1374393991187 320 14043488388355682774
HIT 3 1378688958483 321 11738430672786758728
HIT 3 1382983925779 322 12299327671454349216
HIT 3 1387278893075 323 18045090543035219826
HIT 3 1391573860371 324 6564005522062803687
HIT 3 1395868827667 325 3066625071936231850
HIT 3 1400163794963 326 7011963032486329453
HIT 3 1404458762259 327 14605144820109680017
HIT 3 1408753729555 328 4159813690355504907
HIT 3 1413048696851 329 1037213057024650893
HIT 3 1417343664147 330 12164688255369201639
HIT 3 1421638631443 331 11593294051952394693
HIT 3 1425933598739 332 4998028928613162591
HIT 3 1430228566035 333 8113397963883978168
HIT 3 1434523533331 334 2096457245160235041
HIT 3 1438818500627 335 5054492999333218600
HIT 3 1443113467923 336 12025325185098349506
HIT 3 1447408435219 337 939079895959985137
HIT 3 1451703402515 338 15079175522765877827
HIT 3 1455998369811 339 8174123120896904738
HIT 3 1460293337107 340 10491902101189832514
HIT 3 1464588304403 341 16925250689785129113
HIT 3 1468883271699 342 17929816387937039720
HIT 3 1473178238995 343 1511445417924610710
HIT 3 1477473206291 344 8467763386684404967
HIT 3 1481768173587 345 847741020191813935
HIT 3 1486063140883 346 3037702645588174728
HIT 3 1490358108179 347 13872824480032845551
HIT 3 1494653075475 348 6970501920659348329
HIT 3 1498948042771 349 16495801639255301651
HIT 3 1503243010067 350 17837444357194866736
HIT 3 1507537977363 351 3120813079876690225
HIT 3 1511832944659 352 11103036874019330633
HIT 3 1516127911955 353 5446437959649605878
HIT 3 1520422879251 354 3684921470106292176
HIT 3 1524717846547 355 4726343153222447635
HIT 3 1529012813843 356 16666885795153900606
HIT 3 1533307781139 357 2700954705059480920
HIT 3 1537602748435 358 9043197527873028615
HIT 3 1541897715731 359 4414383502975198842
HIT 3 1546192683027 360 6574079432543296808
HIT 3 1550487650323 361 12221536052507115614
HIT 3 1554782617619 362 2604555714301388447
HIT 3 1559077584915 363 15461513642749802220
HIT 3 1563372552211 364 3542877201904290103
HIT 3 1567667519507 365 11190233358696425246
HIT 3 1571962486803 366 5173106942889244116
HIT 3 1576257454099 367 1704994420561306194
HIT 3 1580552421395 368 17830964418766835449
HIT 3 1584847388691 369 5474418098897187041
HIT 3 1589142355987 370 3310204022467471169
HIT 3 1593437323283 371 15719643584230924655
HIT 3 1597732290579 372 8872201838187629957
HIT 3 1602027257875 373 16952957081036506088
HIT 3 1606322225171 374 4889645500775293078
HIT 3 1610617192467 375 6006337926347068994
HIT 3 1614912159763 376 4953274108884785900
HIT 3 1619207127059 377 13405314008802793166
HIT 3 1623502094355 378 11143911652152966926
HIT 3 1627797061651 379 2635393401627734737
HIT 3 1632092028947 380 3628047052034610529
HIT 3 1636386996243 381 16963830609601264800
HIT 3 1640681963539 382 14285617351622773329
HIT 3 1644976930835 383 15941754299469298348
HIT 3 1649271898131 384 14910413374259081847
HIT 3 1653566865427 385 18078672089776525795
HIT 3 1657861832723 386 16653231280303042523
HIT 3 1662156800019 387 17209503033810270977
HIT 3 1666451767315 388 10110013193836647350
HIT 3 1670746734611 389 13723053633355107920
HIT 3 1675041701907 390 14690145508992668605
HIT 3 1679336669203 391 248535838534948900
HIT 3 1683631636499 392 6301819309107138012
HIT 3 1687926603795 393 1426811343636571684
HIT 3 1692221571091 394 14359726334977271636
HIT 3 1696516538387 395 83913877539762381
HIT 3 1700811505683 396 3068717199908130705
HIT 3 1705106472979 397 11110366636052888383
HIT 3 1709401440275 398 6230850901199237248
HIT 3 1713696407571 399 10790890970719891860
HIT 3 1717991374867 400 5907216520696429352
HIT 3 1722286342163 401 2238729768892285190
HIT 3 1726581309459 402 17171425174057718205
HIT 3 1730876276755 403 5554357507556874385
HIT 3 1735171244051 404 18209729771311876735
HIT 3 1739466211347 405 5022225438772546769
HIT 3 1322854383636 308 4220546775223717156
HIT 3 1739481808913 405 254359903268549648
HIT 3 1743761178643 406 5206849901518895591
HIT 3 1748056145939 407 14827428087717234950
HIT 3 1752351113235 408 16505820559326352246
HIT 3 1756646080531 409 13754114759714957569
HIT 3 1760941047827 410 7450239329469627917
HIT 3 1765236015123 411 7441955236564610124
HIT 3 1769530982419 412 9713382023011436881
HIT 3 1773825949715 413 11667609694605159267
HIT 3 1778120917011 414 78212689384420180
HIT 3 1739466211348 405 9627915447680238940
HIT 3 1782415884307 415 15376945474674665511
HIT 3 2156093636625 502 5793953600567176346
HIT 3 1786710851603 416 10588013104813861506
HIT 3 1791005818899 417 11951202967191722799
HIT 3 1795300786195 418 1261945385039765744
HIT 3 1799595753491 419 1827342216605927343
HIT 3 1803890720787 420 13012123261264116349
HIT 3 1808185688083 421 2147218080233912036
HIT 3 1812480655379 422 1567206017693150160
HIT 3 1816775622675 423 10475124516473213728
HIT 3 1821070589971 424 14807492509331160148
HIT 3 2156078039060 502 2145679977643039983
HIT 3 1825365557267 425 7593213143424170183
HIT 3 1829660524563 426 17645751724019341329
HIT 3 1833955491859 427 5338423920535516505
HIT 3 1838250459155 428 5930355378673795083
HIT 3 1842545426451 429 8334391556544625697
HIT 3 1846840393747 430 6275378951610589838
HIT 3 1851135361043 431 15547689286538383122
HIT 3 1855430328339 432 16955648723183897951
HIT 3 1859725295635 433 13414707005405168254
HIT 3 1864020262931 434 51373223063818195
HIT 3 1868315230227 435 9838335939724248074
HIT 3 1872610197523 436 17604398308152487471
HIT 3 1876905164819 437 12126529661115513011
HIT 3 1881200132115 438 17683205072868704744
HIT 3 1885495099411 439 17069662159249944237
HIT 3 1889790066707 440 4704627913332284473
HIT 3 1894085034003 441 11543154080003228658
HIT 3 1898380001299 442 18065695462591916083
HIT 3 1902674968595 443 18424403475038894332
HIT 3 1906969935891 444 6030005331593772141
HIT 3 1911264903187 445 16382435717312321277
HIT 3 1915559870483 446 8849281988477395117
HIT 3 1919854837779 447 4617445919221453257
HIT 3 1924149805075 448 14050522361166630724
HIT 3 1928444772371 449 10470349687513525631
HIT 3 1932739739667 450 10110340023260257699
HIT 3 1937034706963 451 2063395210070177551
HIT 3 1941329674259 452 12494934247169516646
HIT 3 1945624641555 453 12700584485534604918
HIT 3 1730892005393 403 195117625817717353
HIT 3 1949919608851 454 1150488886248960605
HIT 3 1735186972689 404 8440619935934449156
HIT 3 1954214576147 455 13001258676453761247
HIT 3 1739481939985 405 5565336094701816895
HIT 3 1958509543443 456 3257116933164973768
HIT 3 1748071874577 407 7982224205501302
HIT 3 1962804510739 457 11289527387869888103
HIT 3 1967099478035 458 8826000617798897096
HIT 3 1971394445331 459 16498039393359265063
HIT 3 1975689412627 460 1557716796825383718
HIT 3 1979984379923 461 16019784899909146545
HIT 3 1984279347219 462 18312633098008600268
HIT 3 1988574314515 463 17827591449030546028
HIT 3 2147503833105 500 16700571887513543844
HIT 3 1992869281811 464 3167811749928728573
HIT 3 2156093767697 502 5007885035674272754
HIT 3 1997164249107 465 17850055290277373126
HIT 3 2160388734993 503 10738023346903202408
HIT 3 2001459216403 466 15211734137258039498
HIT 3 2164683702289 504 4980697153471042477
HIT 3 2005754183699 467 16947004123004557856
HIT 3 1331460112401 310 5680251897643039804
HIT 3 2010049150995 468 3282467690386502257
HIT 3 2014344118291 469 14029617943082439652
HIT 3 2018639085587 470 6520355974182898018
HIT 3 2022934052883 471 9903068669110444731
HIT 3 2027229020179 472 8977701650151098449
HIT 3 2031523987475 473 16686125925599980249
HIT 3 2035818954771 474 9076882128497421833
HIT 3 2040113922067 475 5056465555104081318
HIT 3 2044408889363 476 358285636365497809
HIT 3 2048703856659 477 17396536455162517439
HIT 3 2052998823955 478 3248794757197292428
HIT 3 1739482005521 405 3782302407217284735
HIT 3 2057293791251 479 1282406826439342566
HIT 3 2061588758547 480 7637413119213942582
HIT 3 2065883725843 481 1254278318953688781
HIT 3 2070178693139 482 12842804208272278267
HIT 3 2074473660435 483 13909641415270122128
HIT 3 2078768627731 484 8199414431143603878
HIT 3 2083063595027 485 1707834290839512106
HIT 3 2087358562323 486 4755839788511036008
HIT 3 2091653529619 487 16973802813958190561
HIT 3 2095948496915 488 1641225199417633437
HIT 3 2100243464211 489 2680671369531579844
HIT 3 2104538431507 490 15099677784218157254
HIT 3 2108833398803 491 16783232019124320427
HIT 3 2113128366099 492 1907897099439196258
HIT 3 2117423333395 493 3897334457070119659
HIT 3 2156093833233 502 12772048306975929202
HIT 3 2121718300691 494 13763786877389669304
HIT 3 2126013267987 495 13544333458389767586
HIT 3 2130308235283 496 15400865360547153122
HIT 3 2134603202579 497 16200428991686440108
HIT 3 2138898169875 498 8978537124344125349
HIT 3 2143193137171 499 8047061714697859047
HIT 3 2147488104467 500 1610151664689966025
HIT 3 2151783071763 501 11641160167760788408
HIT 3 2156078039059 502 13091476314096772432
HIT 3 2160373006355 503 12348534194275935512
HIT 3 2164667973651 504 2090490530828103966
HIT 3 2168962940947 505 13389351904506010196
HIT 3 2173257908243 506 1066563230549354659
HIT 3 1739482071057 405 5722269214853742683
HIT 3 2177552875539 507 9040015527718297155
HIT 3 2181847842835 508 3652881433410839993
HIT 3 2186142810131 509 13176937643477996365
HIT 3 2190437777427 510 2041788842838672354
HIT 3 2194732744723 511 9402234950552354252
HIT 3 300652232723 70 1778671832965768010
HIT 3 304947200019 71 18034781869544714658
HIT 3 309242167315 72 9297000578927803420
HIT 3 2156093898769 502 15391902524671659153
HIT 3 1314264514579 306 6128849809567570837
HIT 3 1322854449171 308 2448232216820508648
HIT 3 1327149416467 309 16422042447915465220
HIT 3 1331444383763 310 8254279800402247630
HIT 3 1730876342291 403 919775513392189131
HIT 3 1735171309587 404 9490085432128798788
HIT 3 1739466276883 405 12311183972834727161
HIT 3 1748056211475 407 7997694491216870147
HIT 3 2147488170003 500 5936082791972806124
HIT 3 2156078104595 502 6565478794933957694
HIT 3 2160373071891 503 11038969100872401777
HIT 3 2164668039187 504 1831188459549164575
HIT 3 1314264580115 306 15772230150916604224
HIT 3 1322854514707 308 11534318523873190404
HIT 3 1327149482003 309 17795919063940793723
HIT 3 1331444449299 310 8275070857173184461
HIT 3 1730876407827 403 13481098650122457791
HIT 3 1735171375123 404 1667631501070341188
HIT 3 1739466342419 405 4760256028383375638
HIT 3 1748056277011 407 14925584597753969170
HIT 3 2147488235539 500 6094719269267989388
HIT 3 2156078170131 502 2808160216145981882
HIT 3 2160373137427 503 14223595818073827438
HIT 3 2164668104723 504 16084184268388341974
HIT 3 309242298387 72 11965516137812372815
HIT 3 1322854580243 308 9791278025008014112
HIT 3 1739466407955 405 6488171861867466464
HIT 3 2156078235667 502 12026074647554294005
HIT 3 1322854645779 308 3621432033618773561
HIT 3 1739466473491 405 12057039951564103075
HIT 3 2156078301203 502 6350859345472117941
HIT 3 1322854711315 308 9168980300572886428
HIT 3 1739466539027 405 1660023612591799415
HIT 3 2156078366739 502 6579370085901765672
HIT 3 1322854776851 308 13580266584714150751
HIT 3 1739466604563 405 2161109087790535903
HIT 3 2156078432275 502 13697879839364509934
HIT 3 1322854842387 308 12186227499405847120
HIT 3 1739466670099 405 15565115702960606216
HIT 3 2156078497811 502 14359645884158349309
HIT 3 1322854907923 308 154038590259655933
HIT 3 1739466735635 405 14763518364619465235
HIT 3 2156078563347 502 16609036058402972058
HIT 3 1322854973459 308 10106980602969786064
HIT 3 1739466801171 405 13792702580133133948
HIT 3 2156078628883 502 8840559016845012912
HIT 3 1322855038995 308 14731537812213151824
HIT 3 1739466866707 405 15543276218508642619
HIT 3 2156078694419 502 7877842559157358654
HIT 3 1322855104531 308 6443789505671585052
HIT 3 1739466932243 405 4113606685274270555
HIT 3 2156078759955 502 2057720769642516134
HIT 3 1322855170067 308 15054680813817738462
HIT 3 1739466997779 405 7983352822244141410
HIT 3 2156078825491 502 4837990845343427911
HIT 3 1322855235603 308 2612033014255008364
HIT 3 1739467063315 405 11724169977552162790
HIT 3 2156078891027 502 8293363913607266433
HIT 3 1322855301139 308 16566182939171964624
HIT 3 1739467128851 405 1691701697817194495
HIT 3 2156078956563 502 16145790755527052419
HIT 3 1322855366675 308 11856874959630048775
HIT 3 1739467194387 405 15309474102626388477
HIT 3 2156079022099 502 7734770098026405755
HIT 3 1322855432211 308 10864087801196387005
HIT 3 1739467259923 405 17146702644385874654
HIT 3 2156079087635 502 5962706624130554689
HIT 3 1322855497747 308 14558623191640003901
HIT 3 1739467325459 405 16070381862384399863
HIT 3 2156079153171 502 208878723183197214
HIT 3 2156099993617 502 3312959564631405035
HIT 3 1748078166033 407 16133397390645240328
HIT 3 2156100059153 502 12473779660197757583
HIT 3 2147510190097 500 808813154856422210
HIT 3 2156100124689 502 8931882709290061038
HIT 3 2160395091985 503 5828396998559759607
HIT 3 2164690059281 504 14829083869663307003
HIT 3 2156100255761 502 1029019548506168641
HIT 3 1322855563283 308 9630232561114821053
HIT 3 1739467390995 405 857974665183451755
HIT 3 2156079218707 502 7069570491982731835
HIT 3 1322855628819 308 1710222302074876864
HIT 3 1739467456531 405 798776754899064565
HIT 3 2156079284243 502 6039032590630136399
HIT 3 1322855694355 308 3825098553186879278
HIT 3 1739467522067 405 1815332416495606929
HIT 3 2156079349779 502 7872843036219627677
HIT 3 1322855759891 308 15511996151242502887
HIT 3 1739467587603 405 512568809550590270
HIT 3 2156079415315 502 13912429296223765214
HIT 3 1322855825427 308 7778360239827313259
HIT 3 1739467653139 405 6286631333573329218
HIT 3 2156079480851 502 14936604880176424781
HIT 3 1322855890963 308 15998137054083012621
HIT 3 1739467718675 405 11357684038043435975
HIT 3 2156079546387 502 9414570282750778979
HIT 3 1322855956499 308 2754769777273652922
HIT 3 1739467784211 405 12497178247388069471
HIT 3 2156079611923 502 7825357815187949691
HIT 3 1322856022035 308 7564632071688541913
HIT 3 1739467849747 405 18043502311624139508
HIT 3 2156079677459 502 3730547552287804581
HIT 3 1322856087571 308 12392452774345612523
HIT 3 1739467915283 405 1922279301906928661
HIT 3 2156079742995 502 16101314890683340426
HIT 3 1322856153107 308 11659974415444537165
HIT 3 1739467980819 405 14948681654439422811
HIT 3 2164696481809 504 12370126299313563642
HIT 3 2156079808531 502 13484899387095466013
HIT 3 1322856218643 308 7138452868358759573
HIT 3 1739468046355 405 8628395915370709921
HIT 3 2156079874067 502 764758454490816470
HIT 3 1322856284179 308 13560150505714534077
HIT 3 1739468111891 405 12746271907819136278
HIT 3 2156079939603 502 4608819128931033470
HIT 3 1322856349715 308 13963484678128535367
HIT 3 1739468177427 405 8803995394032232684
HIT 3 2156080005139 502 14740051699441822271
HIT 3 1322856415251 308 2474104809330825591
HIT 3 1739468242963 405 18304988934660174418
HIT 3 2156080070675 502 6044840715051106020
HIT 3 1322856480787 308 2476466221474140323
HIT 3 1739468308499 405 3634313096963978213
HIT 3 2156080136211 502 9304919599781109935
HIT 3 1322856546323 308 15235803410922722138
HIT 3 1739468374035 405 2161581245136289163
HIT 3 2156080201747 502 11663097942501712270
HIT 3 1322856611859 308 16908528090760139855
HIT 3 1739468439571 405 7075785916484898295
HIT 3 2156080267283 502 10923185253099659875
HIT 3 1322856677395 308 5912390958425369100
HIT 3 1739468505107 405 18242198231682716239
HIT 3 2156080332819 502 4058802639761782235
HIT 3 1322856742931 308 5095831446196598117
HIT 3 1739468570643 405 16619133003083600390
HIT 3 2156080398355 502 13128514619583686129
HIT 3 1739481808914 405 10882567053679995829
HIT 3 2156093636626 502 15689862037073680398
HIT 3 1730892005394 403 15944481377739203967
HIT 3 1735186972690 404 5019204319383382720
HIT 3 1739481939986 405 9721356361132593420
HIT 3 1748071874578 407 15974211995558425261
HIT 3 2147503833106 500 13523243233793976336
HIT 3 2156093767698 502 16481690072646919650
HIT 3 2160388734994 503 4251463362897583377
HIT 3 2164683702290 504 9842643108337828113
HIT 3 1331460112402 310 4926105308331057478
HIT 3 1739482005522 405 12304995612646577420
HIT 3 2156093833234 502 3042682328617697551
HIT 3 1739482071058 405 8896463150615755424
HIT 3 2156093898770 502 8290381910179804938
HIT 3 1322856808467 308 14967911541505470243
HIT 3 1739468636179 405 3660126564180521984
HIT 3 2156080463891 502 2283203105091319724
HIT 3 1322856874003 308 6721960148431559915
HIT 3 1739468701715 405 9588019394588602210
HIT 3 2156080529427 502 1356157030142459457
HIT 3 1322856939539 308 13366721640257495700
HIT 3 1739468767251 405 10593599188117643161
HIT 3 2156080594963 502 7138263976868714574
HIT 3 1322857005075 308 6668664258356160685
HIT 3 1739468832787 405 15251128676472937229
HIT 3 2156080660499 502 6373819356153495413
HIT 3 1322857070611 308 17113852058551202232
HIT 3 1739468898323 405 1387699138972908096
HIT 3 2156080726035 502 16812665929857248489
HIT 3 1322857136147 308 3033255709038220380
HIT 3 1739468963859 405 14105795554527513853
HIT 3 2156080791571 502 9511405406437739803
HIT 3 1322857201683 308 2696515957986629651
HIT 3 1739469029395 405 8547460448576100728
HIT 3 2156080857107 502 1423805878796062416
HIT 3 1322857267219 308 18115649791214549984
HIT 3 1739469094931 405 17385204828405036053
HIT 3 2156080922643 502 17960652658312272204
HIT 3 1322857332755 308 1915602604761379190
HIT 3 1739469160467 405 697736801941192913
HIT 3 2156080988179 502 12765237613964317471
HIT 3 1322857398291 308 832196372233837903
HIT 3 1739469226003 405 9355230603430551986
HIT 3 2156081053715 502 16177157227108278159
HIT 3 1322857463827 308 11926743180292246186
HIT 3 1739469291539 405 12115836998236883404
HIT 3 1322854252565 308 13376484990093657167
HIT 3 1739466080277 405 7860097899889650596
HIT 3 2156077907989 502 17276450548092029866
HIT 3 1314264449045 306 11034439852565840735
HIT 3 1322854383637 308 15199625111600696027
HIT 3 1327149350933 309 10334599407629509308
HIT 3 1331444318229 310 10308252115804009198
HIT 3 1730876276757 403 14751128945384440148
HIT 3 1735171244053 404 4892820562902476927
HIT 3 1739466211349 405 12510619163061646650
HIT 3 1748056145941 407 4714574163926628472
HIT 3 2147488104469 500 18025260968866033605
HIT 3 2156078039061 502 1684869218520626596
HIT 3 2160373006357 503 8568164227463542142
HIT 3 2164667973653 504 18108679640892489197
HIT 3 300652232725 70 2309142675471496479
HIT 3 1322854449173 308 11709173732826835695
HIT 3 1739466276885 405 5014112929943133912
HIT 3 2156078104597 502 16292908585924684120
HIT 3 1322854514709 308 1695109700529052674
HIT 3 1739466342421 405 5252614706198850889
HIT 3 2156078170133 502 18001262708998428656
HIT 3 2156081119251 502 4237110988352977041
HIT 3 1322857529363 308 6219093395350029153
HIT 3 1739469357075 405 390175799101185234
HIT 3 2156081184787 502 8641910688829095447
HIT 3 1322857594899 308 67447901711003568
HIT 3 2156099993618 502 14726427721668783009
HIT 3 1748078166034 407 10856355733004532547
HIT 3 1739469422611 405 5071812981611486923
HIT 3 2156100059154 502 6734184671879923782
HIT 3 2156081250323 502 18254643006773289713
HIT 3 2147510190098 500 5212379590552961399
HIT 3 2156100124690 502 5534314935368791392
HIT 3 2160395091986 503 17073796359111765998
HIT 3 2164690059282 504 3457050016971053737
HIT 3 2156100255762 502 2335871640104618814
HIT 3 1322857660435 308 3520174888108301315
HIT 3 1739469488147 405 607228133057598092
HIT 3 2156081315859 502 13823910105019051607
HIT 3 1322857725971 308 1489381943792755172
HIT 3 1739469553683 405 15421809016215915167
HIT 3 2156081381395 502 17571955213113303614
HIT 3 1322857791507 308 1047623905908922315
HIT 3 1739469619219 405 14234684297317308086
HIT 3 2156081446931 502 9541666226633031073
HIT 3 1322857857043 308 7170848625781279711
HIT 3 1739469684755 405 3534390875601846651
HIT 3 2156081512467 502 5503968096688735488
HIT 3 1322857922579 308 5552437823294901402
HIT 3 1739469750291 405 8978889148664803073
HIT 3 2156081578003 502 5741789669938845208
HIT 3 1322857988115 308 1274932215633487712
HIT 3 1739469815827 405 17137677437566751422
HIT 3 2156081643539 502 13198469403587258857
HIT 3 1322858053651 308 4678666654499692231
HIT 3 1739469881363 405 17433720957995714894
HIT 3 2156081709075 502 10208188186806818881
HIT 3 1322858119187 308 7019744706743881319
HIT 3 1739469946899 405 5691648462184023460
HIT 3 2156081774611 502 4246785310873140490
HIT 3 1322858184723 308 13180166332313539275
HIT 3 2164696481810 504 12206506999166144510
HIT 3 1739470012435 405 15777636058203986250
HIT 3 2156081840147 502 11378250625721900418
HIT 3 1322858250259 308 3844527390912281436
HIT 3 1739470077971 405 12073583696420715760
HIT 3 2156081905683 502 13522062064332553545
HIT 3 1322858315795 308 16176121828433475338
HIT 3 1739470143507 405 3472679415130416658
HIT 3 2156081971219 502 17567216294432951733
HIT 3 1322858381331 308 6559373484091212248
HIT 3 1739470209043 405 2294800128142651152
HIT 3 2156082036755 502 10240848831483586108
HIT 3 1322858446867 308 17709644795335252367
HIT 3 1739470274579 405 177997799955509430
HIT 3 2156082102291 502 12965170404812094569
HIT 3 1322858512403 308 8724663051723354718
HIT 3 1739470340115 405 9775790921093147657
HIT 3 2156082167827 502 6928824380924999745
HIT 3 1322858577939 308 7367658012815078165
HIT 3 1739470405651 405 17935246730819639179
HIT 3 2156082233363 502 14747999481734257726
HIT 3 1322858643475 308 9682436161275016920
HIT 3 1739470471187 405 15576787619414456603
HIT 3 2156082298899 502 13150636711714236414
HIT 3 1322858709011 308 18302770281740656927
HIT 3 1739470536723 405 10296002967778162704
HIT 3 2156082364435 502 12198292688147409232
HIT 3 1322858774547 308 14730466947475029932
HIT 3 1739470602259 405 2038320454899852392
HIT 3 2156082429971 502 764994293250431913
HIT 3 1322858840083 308 13995593276009759269
HIT 3 1739470667795 405 13594245463669838045
HIT 3 2156082495507 502 790717220567411926
HIT 3 1322858905619 308 4912680052119974294
HIT 3 1739470733331 405 14360457927190488922
HIT 3 2156082561043 502 12742595642689557357
HIT 3 1322858971155 308 17561359525342276198
HIT 3 1739470798867 405 2757782748846585062
HIT 3 2156082626579 502 17337845501523190924
HIT 3 1322859036691 308 1443457822908481579
HIT 3 1739470864403 405 8343830167899246274
HIT 3 2156082692115 502 16722290979333013893
HIT 3 1322859102227 308 18140439779288447563
HIT 3 1739470929939 405 14157424157852488954
HIT 3 2156082757651 502 3595240222585042195
HIT 3 1322859167763 308 17482177716616306683
HIT 3 1739470995475 405 6665913211478573636
HIT 3 2156082823187 502 11368563200363445956
HIT 3 1322859233299 308 10412701831951315795
HIT 3 1739471061011 405 3431849949692994801
HIT 3 2156082888723 502 7719353408509103989
HIT 3 1322859298835 308 15002872450250470066
HIT 3 1739471126547 405 25996412674147275
HIT 3 2156082954259 502 708317035480706677
HIT 3 1322859364371 308 949110749398752515
HIT 3 1739471192083 405 4698530959586597194
HIT 3 2156083019795 502 5289699356479675506
HIT 3 1322859429907 308 18026905773408740546
HIT 3 1739471257619 405 8351658762144257769
HIT 3 2156083085331 502 6778782600239399418
HIT 3 1322854383638 308 6486614468892863443
HIT 3 1739466211350 405 6156793803126376232
HIT 3 2156078039062 502 14551554109105161230
HIT 3 1322859495443 308 5294344817281649955
HIT 3 1739471323155 405 6396969328921855845
HIT 3 2156083150867 502 9076855686243766856
HIT 3 1322859560979 308 16051759648493863408
HIT 3 1739471388691 405 2267100173977046339
HIT 3 2156083216403 502 9261780586172752285
HIT 3 1322859626515 308 11197222206302655741
HIT 3 1739471454227 405 17774753710973281848
HIT 3 2156083281939 502 6735257084498096025
HIT 3 1322859692051 308 17789426128883301057
HIT 3 1739471519763 405 5240333119543578878
HIT 3 2156083347475 502 13622886672470616058
HIT 3 1322859757587 308 7371426108173109145
HIT 3 1739471585299 405 16888388390368325923
HIT 3 2156083413011 502 13059665605734012764
HIT 3 1322859823123 308 16985922014539355912
HIT 3 1739471650835 405 906480562909125497
HIT 3 2156083478547 502 10103874629035878846
HIT 3 1322859888659 308 4704206686660929392
HIT 3 1739471716371 405 3431993109202353889
HIT 3 2156083544083 502 10545662377864382004
HIT 3 1322859954195 308 14792388578537178297
HIT 3 1739471781907 405 10254651860790496592
HIT 3 2156083609619 502 12855109582597314654
HIT 3 1322860019731 308 8888296590944134397
HIT 3 1739471847443 405 2992760884344705653
HIT 3 2156083675155 502 17386885519819130118
HIT 3 1322860085267 308 8283255552156364383
HIT 3 1739471912979 405 15085092127933856873
HIT 3 2156083740691 502 17780674605448496615
HIT 3 1322860150803 308 18293727036110056860
HIT 3 1739471978515 405 200813673796233163
HIT 3 2156083806227 502 9790733776438941401
HIT 3 1322860216339 308 311132329010677107
HIT 3 1739472044051 405 6696278372124425573
HIT 3 2156083871763 502 15005074004777895291
HIT 3 1322860281875 308 16673691131570152434
HIT 3 1739472109587 405 8942932377479942540
HIT 3 2156083937299 502 3365504986937274336
HIT 3 1322860347411 308 13916992433684763867
HIT 3 1739472175123 405 11141423228504500355
HIT 3 2156084002835 502 3815672916519699253
HIT 3 1322860412947 308 15951640713319493417
HIT 3 1739472240659 405 11784236846373588078
HIT 3 2156084068371 502 5471386768580384204
HIT 3 1322860478483 308 18075197433405490425
HIT 3 1739472306195 405 14354419016412925612
HIT 3 2156084133907 502 1221586081459938272
HIT 3 1322860544019 308 17222969367178971163
HIT 3 1739472371731 405 16485832420752293895
HIT 3 2156084199443 502 12903423037502495252
HIT 3 1322860609555 308 6621250468904617861
HIT 3 1739472437267 405 14860220255926231259
HIT 3 2156084264979 502 17050900396253710628
HIT 3 1322860675091 308 17441755285053089461
HIT 3 1739472502803 405 15679632267301342067
HIT 3 2156084330515 502 14265624131998220916
HIT 3 1322860740627 308 15007032712488356336
HIT 3 1739472568339 405 10587483816661564816
HIT 3 2156084396051 502 12910207490061542973
HIT 3 1322860806163 308 15609585586342383809
HIT 3 1739472633875 405 12187122317731674888
HIT 3 2156084461587 502 16596386087231068584
HIT 3 1322860871699 308 10366792745822931417
HIT 3 1739472699411 405 12699001541321820594
HIT 3 2156084527123 502 3901255917854247229
HIT 3 1322860937235 308 3866158211875349808
HIT 3 1739472764947 405 9645713640155334548
HIT 3 2156084592659 502 6974556178923866989
HIT 3 1322861002771 308 8663266097655680623
HIT 3 1739472830483 405 11177904259750443267
HIT 3 2156084658195 502 13661337464108638455
HIT 3 1322861068307 308 7076154273330901610
HIT 3 1739472896019 405 579740866343757487
HIT 3 2156084723731 502 16504431742076768865
HIT 3 1322861133843 308 15707227927018152830
HIT 3 1739472961555 405 8484381717482504608
HIT 3 2156084789267 502 7004919390236175626
HIT 3 1322861199379 308 9102595577699505592
HIT 3 1739473027091 405 7933735365563676126
HIT 3 2156084854803 502 16225422792576640127
HIT 3 1322861264915 308 15776447356993391183
HIT 3 1739473092627 405 3301301549953764972
HIT 3 2156084920339 502 17594972369132817307
HIT 3 1322861330451 308 7393885511867284019
HIT 3 1739473158163 405 10847204042321450753
HIT 3 2156084985875 502 5269275118117563195
HIT 3 1322861395987 308 12658814102635964304
HIT 3 1739473223699 405 8604714908326968818
HIT 3 2156085051411 502 6215650886062754444
HIT 3 1322861461523 308 9531595446949644302
HIT 3 1739473289235 405 14381385109949585110
HIT 3 2156085116947 502 4148106135756168240
HIT 3 1322861527059 308 5619320655497099957
HIT 3 1739473354771 405 1391191743972382142
HIT 3 2156085182483 502 7379694333534781154
HIT 3 1322861592595 308 7148128071306716650
HIT 3 1739473420307 405 7939203707476034394
HIT 3 2156085248019 502 2454038183024305443
HIT 3 1322861658131 308 1615741372569088811
HIT 3 1739473485843 405 6224601366957231815
HIT 3 2156085313555 502 65784553249663676
HIT 3 1322861723667 308 3581244737357536912
HIT 3 1739473551379 405 554479956710075684
HIT 3 2156085379091 502 12932750764690855338
HIT 3 1322861789203 308 7172629329729757256
HIT 3 1739473616915 405 10458940596859334731
HIT 3 1739481808917 405 445612375696752218
HIT 3 2156093636629 502 12754496028025968757
HIT 3 1730892005397 403 1463642979681540183
HIT 3 1735186972693 404 593586347353336625
HIT 3 1739481939989 405 6584347045876268275
HIT 3 1748071874581 407 4736392037402990589
HIT 3 2147503833109 500 16838531199977016232
HIT 3 2156093767701 502 16802752801131989246
HIT 3 2160388734997 503 5762780315430209069
HIT 3 2164683702293 504 3890085849772234804
HIT 3 1331460112405 310 17746842352676081038
HIT 3 1739482005525 405 15249667486774673027
HIT 3 2156093833237 502 6453709311415522348
HIT 3 1739482071061 405 14999003887558346779
HIT 3 2156093898773 502 5049605437937379041
HIT 3 2156085444627 502 13646200637263312510
HIT 3 1322861854739 308 8598409112509279002
HIT 3 1739473682451 405 1334447258307711975
HIT 3 2156085510163 502 5883922107250599967
HIT 3 1322861920275 308 5160142411510624384
HIT 3 1739473747987 405 1891324695716392941
HIT 3 2156085575699 502 1105153656588875096
HIT 3 1322861985811 308 12284193495779959059
HIT 3 1739473813523 405 7913312807704671936
HIT 3 2156085641235 502 734769214273258017
HIT 3 1322862051347 308 2161265462659657777
HIT 3 1739473879059 405 10368910248205248328
HIT 3 2156085706771 502 13105852225744010841
HIT 3 1322862116883 308 5777037069601035217
HIT 3 1739473944595 405 16798289210129217660
HIT 3 2156085772307 502 11594084415646393607
HIT 3 1322862182419 308 17835013763489591260
HIT 3 1739474010131 405 1695953168248100186
HIT 3 2156085837843 502 3010270339430282215
HIT 3 1322862247955 308 4113883226302462119
HIT 3 1739474075667 405 211724943243620314
HIT 3 2156085903379 502 13389842049067893900
HIT 3 1322862313491 308 15140951741653429054
HIT 3 1739474141203 405 17411828693717572658
HIT 3 2156085968915 502 6097146201529175322
HIT 3 1322862379027 308 1808882675006501943
HIT 3 1739474206739 405 2166620062062392833
HIT 3 2156086034451 502 18378453510497760033
HIT 3 1322862444563 308 15512119503837474381
HIT 3 1739474272275 405 1215455991344135
HIT 3 2156086099987 502 6841112112652304683
HIT 3 1322862510099 308 17710464076098278647
HIT 3 1739474337811 405 6696932647676767712
HIT 3 2156086165523 502 13839706466110200445
HIT 3 1322862575635 308 16699454288436004083
HIT 3 1739474403347 405 8276448036402272849
HIT 3 2156086231059 502 3143528734557987259
HIT 3 1322862641171 308 4169378730744959193
HIT 3 1739474468883 405 17725169826762776232
HIT 3 2156086296595 502 16299327366968727397
HIT 3 1322862706707 308 13848735276863705027
HIT 3 1739474534419 405 13573996610288367680
HIT 3 2156086362131 502 3056463361508941101
HIT 3 1322862772243 308 7987653207062747842
HIT 3 1739474599955 405 6038953302399945833
HIT 3 2156086427667 502 16678187135611555876
HIT 3 1322862837779 308 16466745715501835929
HIT 3 1739474665491 405 11537267740603023902
HIT 3 2156086493203 502 3898243760299963381
HIT 3 1322862903315 308 6936721732634083710
HIT 3 1739474731027 405 14339371478590545499
HIT 3 2156086558739 502 17718968894284142987
HIT 3 1322862968851 308 10037357877722375870
HIT 3 1739474796563 405 11828434002758062709
HIT 3 2156086624275 502 2766222512502526611
HIT 3 1322863034387 308 18219577805046579516
HIT 3 1739474862099 405 4971915762663194689
HIT 3 2156086689811 502 14152597128548004586
HIT 3 1322863099923 308 16509783616321387978
HIT 3 1739474927635 405 10706708472798573924
HIT 3 2156086755347 502 1439974281445393846
HIT 3 1322863165459 308 6371993657314671521
HIT 3 1739474993171 405 10225107651345448105
HIT 3 2156086820883 502 10655939052093381854
HIT 3 1322863230995 308 357077037773936986
HIT 3 1739475058707 405 9163917056566564100
HIT 3 2156086886419 502 3230014575662661691
HIT 3 1322863296531 308 15406762935709676358
HIT 3 1739475124243 405 13378772121990444070
HIT 3 2156086951955 502 12822053292905127589
HIT 3 1322863362067 308 1076085055098546252
HIT 3 1739475189779 405 3324886112684122961
HIT 3 2156087017491 502 9518935505312165952
HIT 3 1322863427603 308 5792626945691045325
HIT 3 1739475255315 405 17629385175669200691
HIT 3 2156087083027 502 13067447473749468723
HIT 3 1322863493139 308 4544675737880643498
HIT 3 1739475320851 405 18202522464023965056
HIT 3 2156087148563 502 13884082636664736538
HIT 3 2156099993621 502 6667953134906282755
HIT 3 1748078166037 407 1987686139520900092
HIT 3 2156100059157 502 8572895610874603682
HIT 3 2147510190101 500 11985881933548278784
HIT 3 2156100124693 502 18023190184316540556
HIT 3 2160395091989 503 17611646155201630434
HIT 3 2164690059285 504 12473622263986526528
HIT 3 2156100255765 502 5152564656950740769
HIT 3 2164696481813 504 17468280353724961213
HIT 3 1322863558675 308 5525330664175457520
HIT 3 1739475386387 405 14724662329629528879
HIT 3 2156087214099 502 9396030095635103716
HIT 3 1322863624211 308 5694958728948784416
HIT 3 1739475451923 405 1745883425408078948
HIT 3 2156087279635 502 15381366745544279711
HIT 3 1322863689747 308 13715725564974635196
HIT 3 1739475517459 405 17587292435276957772
HIT 3 2156087345171 502 7588576685513073977
HIT 3 1322863755283 308 1317755733426617475
HIT 3 1739475582995 405 12827824254137686064
HIT 3 2156087410707 502 2939290184747581555
HIT 3 1322863820819 308 16133652099469640986
HIT 3 1739475648531 405 10475489940047315177
HIT 3 2156087476243 502 10873047328552563817
HIT 3 1322863886355 308 827401847029325512
HIT 3 1739475714067 405 5256999681875091125
HIT 3 2156087541779 502 10015357375613018595
HIT 3 1322863951891 308 14723559559056704453
HIT 3 1739475779603 405 5130905675190798999
HIT 3 2156087607315 502 18180203880679690268
HIT 3 1322864017427 308 5110431611789125220
HIT 3 1739475845139 405 3212302155488959865
HIT 3 2156087672851 502 5131641559278373612
HIT 3 1322864082963 308 11247863482517637685
HIT 3 1739475910675 405 6041916346678306930
HIT 3 2156087738387 502 8455614724686772478
HIT 3 1322864148499 308 6895331101625299587
HIT 3 1739475976211 405 15343948524097245084
HIT 3 2156087803923 502 6962494796050339006
HIT 3 1322864214035 308 16330511834217812126
HIT 3 1739476041747 405 16856782183207202494
HIT 3 2156087869459 502 4039146190351099965
HIT 3 1322864279571 308 5998849889955741847
HIT 3 1739476107283 405 9916287157179518591
HIT 3 2156087934995 502 9708038610179879650
HIT 3 1322864345107 308 3868194822824741570
HIT 3 1739476172819 405 6456578403744126070
HIT 3 2156088000531 502 12244856536985800990
HIT 3 1739481939990 405 10972395638461529617
HIT 3 2156093767702 502 2507447150644778456
HIT 3 1322864410643 308 1240049681604350684
HIT 3 1739476238355 405 7913120792828834761
HIT 3 2156088066067 502 4378379919523097308
HIT 3 1322864476179 308 13258519203277005146
HIT 3 1739476303891 405 1073760307118921389
HIT 3 2156088131603 502 9529859586998323470
HIT 3 1322864541715 308 57125365056095732
HIT 3 1739476369427 405 6918413297092439036
HIT 3 2156088197139 502 14109779904770123927
HIT 3 1322864607251 308 1075442759457084996
HIT 3 1739476434963 405 12358121188121139858
HIT 3 2156088262675 502 7622811533006556318
HIT 3 1322864672787 308 8484236636862889875
HIT 3 1739476500499 405 7564534739816818664
HIT 3 2156088328211 502 6130231921644261410
HIT 3 1322864738323 308 7291628998251653801
HIT 3 1739476566035 405 9364767650833244787
HIT 3 2156088393747 502 6858691804407464138
HIT 3 1322864803859 308 12912479228662064706
HIT 3 1739476631571 405 778896853169908337
HIT 3 2156088459283 502 7009342720916272868
HIT 3 1322864869395 308 1847398221394721950
HIT 3 1739476697107 405 10133962890421103403
HIT 3 2156088524819 502 16397868946740553584
HIT 3 1322864934931 308 11239382196595551474
HIT 3 1739476762643 405 17950068035058452232
HIT 3 2156088590355 502 18446535268999803815
HIT 3 1322865000467 308 1338872865925304727
HIT 3 1739476828179 405 3366644803835988155
HIT 3 2156088655891 502 6408292533356088123
HIT 3 1322865066003 308 1381228143722499816
HIT 3 1739476893715 405 10621558762132998474
HIT 3 2156088721427 502 14137156308535627442
HIT 3 1322865131539 308 5351261081461216044
HIT 3 1739476959251 405 1337954745305806503
HIT 3 2156088786963 502 13196941118908180593
HIT 3 1322865197075 308 5088950246586188087
HIT 3 1739477024787 405 10524125681293954319
HIT 3 2156088852499 502 13196837919111067255
HIT 3 1322865262611 308 9116725582038462534
HIT 3 2156100124694 502 14149969580956204942
HIT 3 1739481939988 405 10430235950429737578
HIT 3 2156093767700 502 14009094465855580491
HIT 3 1739477090323 405 17143521408578359536
HIT 3 2156088918035 502 6699013447252118309
HIT 3 1322865328147 308 5695199877801786706
HIT 3 1739477155859 405 2827721008693361234
HIT 3 2156088983571 502 4368033808405051434
HIT 3 1322865393683 308 9443847138193583786
HIT 3 1739477221395 405 1915188144729971844
HIT 3 2156089049107 502 16711029074861379836
HIT 3 1322865459219 308 7442631188177753748
HIT 3 1739477286931 405 16804095863402866281
HIT 3 2156089114643 502 11987721095854347325
HIT 3 1322865524755 308 7997048560940695277
HIT 3 1739477352467 405 2460705860922612828
HIT 3 2156089180179 502 11484702365547618904
HIT 3 1322865590291 308 16162590068838179237
HIT 3 1739477418003 405 14153864719691846656
HIT 3 2156089245715 502 2608715988970128261
HIT 3 1322865655827 308 2613354324228747307
HIT 3 1739477483539 405 8829659613765671073
HIT 3 2156089311251 502 16495179002846105601
HIT 3 1322865721363 308 404695112297349815
HIT 3 1739477549075 405 7827719933026960673
HIT 3 2156089376787 502 13098133866141747118
HIT 3 1322865786899 308 7753377588263178487
HIT 3 1739477614611 405 14316675012326831237
HIT 3 2156089442323 502 4962721943217460169
HIT 3 1322865852435 308 10326739809665676962
HIT 3 1739477680147 405 10276943616023923060
HIT 3 2156089507859 502 9840583664900643669
HIT 3 1322865917971 308 16468418177455805477
HIT 3 1739477745683 405 1531869116485438328
HIT 3 2156089573395 502 15888246738491830307
HIT 3 1322865983507 308 14162421487584145701
HIT 3 1739477811219 405 161292498620673370
HIT 3 2156089638931 502 4867287513590516443
HIT 3 1322866049043 308 16746158708122849813
HIT 3 1739477876755 405 3934739566208357785
HIT 3 2156089704467 502 3243463667024772979
HIT 3 1322866114579 308 10367890829212111384
HIT 3 1739477942291 405 7674623201884075207
HIT 3 2156089770003 502 6981912015065468378
HIT 3 1322866180115 308 3619237248099758452
HIT 3 1739478007827 405 9818199349203993587
HIT 3 2156089835539 502 11034906308354582763
HIT 3 1322866245651 308 18213482478860864563
HIT 3 1322854383640 308 432066081938914979
HIT 3 1739466211352 405 12892289249056619148
HIT 3 2156078039064 502 4791493936473393655
HIT 3 1322854383639 308 5887691462578305904
HIT 3 1739466211351 405 12072224545027220280
HIT 3 2156078039063 502 4247673397071681969
HIT 3 1739478073363 405 5811439855153474845
HIT 3 2156089901075 502 17851555930284325840
HIT 3 1322866311187 308 15290911539925597018
HIT 3 1739478138899 405 3456170390116104509
HIT 3 2156089966611 502 10342419373346310495
HIT 3 1322866376723 308 7128643762453446675
HIT 3 1739478204435 405 15382170363305905844
HIT 3 2156090032147 502 5150501831884701235
HIT 3 1322866442259 308 13046047116546790349
HIT 3 1739478269971 405 945474957924698858
HIT 3 2156090097683 502 17642614864315729298
HIT 3 1322866507795 308 12548614225916776858
HIT 3 1739478335507 405 6209065933777045517
HIT 3 2156090163219 502 11972080983664196383
HIT 3 1322866573331 308 1742547162513648023
HIT 3 1739478401043 405 12119006829279402010
HIT 3 2156090228755 502 14442126470167107049
HIT 3 1322866638867 308 16435284840113056417
HIT 3 1739478466579 405 13208988886737130014
HIT 3 2156090294291 502 17185403695065262733
HIT 3 1322866704403 308 4631980533235541714
HIT 3 1739478532115 405 1522414877764251934
HIT 3 2156090359827 502 10678595714215988395
HIT 3 1322866769939 308 8519005568445730942
HIT 3 1739478597651 405 13219203051410401212
HIT 3 2156090425363 502 16689356393868565503
HIT 3 1322866835475 308 125220826350865656
HIT 3 1739478663187 405 9189313920599783738
HIT 3 2156090490899 502 9134761429018974614
HIT 3 1322866901011 308 14408424499526319282
HIT 3 1739478728723 405 5791696331121119726
HIT 3 2156090556435 502 5697409116452154759
HIT 3 1322866966547 308 12939473811544532604
HIT 3 1739478794259 405 9092452787994525325
HIT 3 2156090621971 502 11508608048334502222
HIT 3 1322867032083 308 12028118142286302289
HIT 3 1739478859795 405 5184822227666420652
HIT 3 2156090687507 502 12890071146780633263
HIT 3 1322867097619 308 2489366658021483079
HIT 3 1739478925331 405 904193524814347989
HIT 3 2156090753043 502 977391310243594145
HIT 3 1322867163155 308 5785319126913397610
HIT 3 1739478990867 405 4946059950037750281
HIT 3 2156090818579 502 8142220114270672267
HIT 3 1322867228691 308 5668435897510771905
HIT 3 1739479056403 405 5897220923147319572
HIT 3 2156090884115 502 18031367746953006245
HIT 3 1322867294227 308 5647511373730125660
HIT 3 1739479121939 405 11200339303298306070
HIT 3 2156090949651 502 11220738658115566022
HIT 3 1322867359763 308 10852505299963898360
HIT 3 1739479187475 405 5987779188016845747
HIT 3 2156091015187 502 592316157473516751
HIT 3 1322867425299 308 559698828271871030
HIT 3 1739479253011 405 12601404305467396113
HIT 3 2156091080723 502 10240592290390492633
HIT 3 1322867490835 308 2691753157149601544
HIT 3 1739479318547 405 15120110633521086059
HIT 3 2156091146259 502 14145146785101895507
HIT 3 1322867556371 308 7408230030456842699
HIT 3 1739479384083 405 5454228543520678999
HIT 3 2156091211795 502 18291594178343025477
HIT 3 1322867621907 308 10846367035304823772
HIT 3 1739479449619 405 15998922009023220723
HIT 3 2156091277331 502 15550145425063279119
HIT 3 1322867687443 308 13686770365572120928
HIT 3 1739479515155 405 17411381260331203245
HIT 3 2156091342867 502 1095020652684597882
HIT 3 1322867752979 308 10114443126023782552
HIT 3 1739479580691 405 5983906706515512720
HIT 3 2156091408403 502 5589267880463544146
HIT 3 1322867818515 308 7910767099913901366
HIT 3 1739479646227 405 12835815349743802167
HIT 3 2156091473939 502 18281218508093128867
HIT 3 1322867884051 308 964017043483198190
HIT 3 1739479711763 405 17858609412742062984
HIT 3 2156091539475 502 16179089527063444101
HIT 3 1322867949587 308 4767513541899870072
HIT 3 1739479777299 405 11705017868692854520
HIT 3 2156091605011 502 2774497689814217443
HIT 3 1322868015123 308 5336600527073625348
HIT 3 1739479842835 405 16793081379940133703
HIT 3 2156091670547 502 4340788896399469753
HIT 3 1322868080659 308 5704831806141178198
HIT 3 1739479908371 405 3667134047050874652
HIT 3 2156091736083 502 10858519462883908358
HIT 3 1322868146195 308 3153116320596120445
HIT 3 1739479973907 405 17803616629578588169
HIT 3 2156091801619 502 14599919592511518899
HIT 3 1322868211731 308 8946182199761898971
HIT 3 1739480039443 405 8102251609330260009
HIT 3 2156091867155 502 14300338770228724316
HIT 3 1322868277267 308 18134385518646804149
HIT 3 1739480104979 405 13746193791231968631
HIT 3 2156091932691 502 3800918495267680542
HIT 3 1322868342803 308 3900108804492026108
HIT 3 1739480170515 405 8018781370604418289
HIT 3 2156091998227 502 4556420044133059373
HIT 3 1322868408339 308 12901794911464080503
HIT 3 1739480236051 405 12985874753561753651
HIT 3 2156092063763 502 6498991677701538669
HIT 3 1322868473875 308 9215412969869621742
HIT 3 1739480301587 405 7266751085961009758
HIT 3 2156092129299 502 14216165034922581168
HIT 3 2156100124692 502 7723529184666157352
HIT 3 1322868539411 308 10847885934997673925
HIT 3 1739480367123 405 16093533111000985437
HIT 3 2156092194835 502 7627926437963439637
HIT 3 1322868604947 308 16581240456998368738
HIT 3 1739480432659 405 939262578796887208
HIT 3 2156092260371 502 4391976611174786268
HIT 3 1322868670483 308 10317285770164035323
HIT 3 1739480498195 405 4521605291122556934
HIT 3 2156092325907 502 4409503321538011360
HIT 3 1322868736019 308 12929211805938323076
HIT 3 1739480563731 405 12477223784564279430
HIT 3 2156092391443 502 12421654144100503538
HIT 3 1322868801555 308 5694644838132914046
HIT 3 1739480629267 405 13805548113897478769
HIT 3 2156092456979 502 3082700718031057095
HIT 3 1322868867091 308 16263986286469957842
HIT 3 1739480694803 405 6469882202074667998
HIT 3 2156092522515 502 5951290387885395128
HIT 3 1322868932627 308 18151544281735513523
HIT 3 1739480760339 405 8940536285146410216
HIT 3 2156092588051 502 12297937104697693735
HIT 3 1322868998163 308 5608970171173314487
HIT 3 1739480825875 405 7460086736789813791
HIT 3 2156092653587 502 10173330858065804503
HIT 3 1322869063699 308 8534838073858649970
HIT 3 1739480891411 405 5358306113281496284
HIT 3 2156092719123 502 5340184358737501510
HIT 3 1322869129235 308 2659372783101879670
HIT 3 1739480956947 405 13861668363258994642
HIT 3 2156092784659 502 10917937010874134510
HIT 3 1322869194771 308 16880512319795483960
HIT 3 1739481022483 405 13670521713529231092
HIT 3 1739481939992 405 10987023438866486037
HIT 3 2156092850195 502 513496683306562883
HIT 3 1322869260307 308 12965495874736102814
HIT 3 2156093767704 502 12013837118970471423
HIT 3 1739481088019 405 3732118877110981658
HIT 3 2156092915731 502 10932458339875598909
HIT 3 1322869325843 308 5732323736831780707
HIT 3 1739481153555 405 12113566760087035725
HIT 3 2156092981267 502 7242139470574105540
HIT 3 1322869391379 308 13295005780053846483
HIT 3 1739481219091 405 1755594061243140755
HIT 3 2156093046803 502 14374846959359178038
HIT 3 1322869456915 308 3947467198714794481
HIT 3 1739481284627 405 5312004753114867638
HIT 3 2156093112339 502 8764973752735806070
HIT 3 1322869522451 308 4517438520339466646
HIT 3 1739481350163 405 12608878281902641236
HIT 3 2156093177875 502 11228436801423316908
HIT 3 1322869587987 308 12423583894716840979
HIT 3 1739481415699 405 2200998964993136081
HIT 3 2156093243411 502 5628391288361261658
HIT 3 1322869653523 308 11219036111028342444
HIT 3 1739481481235 405 3821321115477352544
HIT 3 2156093308947 502 9866972082942358632
HIT 3 1322869719059 308 16156998352585845611
HIT 3 1739481546771 405 8241624788206133895
HIT 3 2156093374483 502 15447711620488686693
HIT 3 2156100124696 502 13473953819832593231
HIT 3 1322869784595 308 1403534743562175897
HIT 3 1739481612307 405 17693347691367190751
HIT 3 2156093440019 502 15385741004682330222
HIT 3 1314279915539 306 11844097182604386433
HIT 3 1322869850131 308 7249953092663680607
HIT 3 1739481677843 405 6237673637137532400
HIT 3 2156093505555 502 13011419241518664323
HIT 3 1322869915667 308 11844097182604386433
HIT 3 1739481743379 405 13376793892020031385
HIT 3 2156093571091 502 16691405833490050761
HIT 3 1322869981203 308 746682783139714735
HIT 3 1730891874323 403 14183596176664592809
HIT 3 1735186841619 404 10081877771445921668
HIT 3 1739481808915 405 7948567186065681466
HIT 3 1748071743507 407 7813485897350684812
HIT 3 2147503702035 500 1825762747764754514
HIT 3 2156093636627 502 2763491945635730205
HIT 3 2160388603923 503 15577812060601635953
HIT 3 2164683571219 504 18428097184864152380
HIT 3 1322870046739 308 8908181526618415396
HIT 3 1331459981331 310 746682783139714735
HIT 3 1739481874451 405 11900972114266289887
HIT 3 2156093702163 502 8932035104838594194
HIT 3 1331460046867 310 1759953798076029172
HIT 3 1335755014163 311 13546841031101783506
HIT 3 1340049981459 312 6379867795736196295
HIT 3 1344344948755 313 526268673156562755
HIT 3 1348639916051 314 13722974667549366460
HIT 3 1352934883347 315 7662328807670986355
HIT 3 1357229850643 316 9694015291319258408
HIT 3 1361524817939 317 4927536256200384686
HIT 3 1365819785235 318 13775639103378220355
HIT 3 1370114752531 319 1203327408380912537
HIT 3 1374409719827 320 17813015997513501525
HIT 3 1378704687123 321 17798740123187340871
HIT 3 1382999654419 322 12248738320464601269
HIT 3 1387294621715 323 12054419118437510528
HIT 3 1391589589011 324 813426970987899685
HIT 3 1395884556307 325 3315327182657966932
HIT 3 1400179523603 326 2370012028468813648
HIT 3 1404474490899 327 4457228590158610444
HIT 3 1408769458195 328 147583911114545339
HIT 3 1413064425491 329 2918810375178747400
HIT 3 1417359392787 330 704155504998342744
HIT 3 1421654360083 331 5294887468637886505
HIT 3 1425949327379 332 16117414847531455711
HIT 3 1430244294675 333 6887591571874452200
HIT 3 1434539261971 334 6939535985676221878
HIT 3 1438834229267 335 17706006401374509992
HIT 3 1443129196563 336 9407576808525078159
HIT 3 1447424163859 337 10910120008486891290
HIT 3 1451719131155 338 9556910885183931465
HIT 3 1456014098451 339 15983051013733059182
HIT 3 1460309065747 340 15325905700575834908
HIT 3 1464604033043 341 10543062365596025089
HIT 3 1468899000339 342 3337006454979491305
HIT 3 1473193967635 343 14313589852259455648
HIT 3 1477488934931 344 15532064511974423207
HIT 3 1481783902227 345 7543425786083189713
HIT 3 1486078869523 346 16151042496104710528
HIT 3 1490373836819 347 563668403081930114
HIT 3 1494668804115 348 903341704419416174
HIT 3 1498963771411 349 13409163625496205133
HIT 3 1503258738707 350 15886481094295149990
HIT 3 1507553706003 351 32371426101247200
HIT 3 1511848673299 352 5339102411308152946
HIT 3 1516143640595 353 10585369881956498140
HIT 3 1520438607891 354 7189602996527517803
HIT 3 1524733575187 355 1291340190225851912
HIT 3 1529028542483 356 16467039001739947535
HIT 3 1533323509779 357 3357720821060061966
HIT 3 1537618477075 358 651211805736288873
HIT 3 1541913444371 359 9385117325945951742
HIT 3 1546208411667 360 8862843442394254338
HIT 3 1550503378963 361 7145217622058070765
HIT 3 1554798346259 362 7124396426413561364
HIT 3 1559093313555 363 2063743724708812734
HIT 3 1563388280851 364 16291394303370557775
HIT 3 1567683248147 365 4418089979212457735
HIT 3 1571978215443 366 15909787775197257297
HIT 3 1576273182739 367 12240068089748844643
HIT 3 1580568150035 368 18019004209410135590
HIT 3 1584863117331 369 17601961894683481398
HIT 3 1589158084627 370 12215691525682726353
HIT 3 1593453051923 371 2721921426123199009
HIT 3 1597748019219 372 2324882827349982018
HIT 3 1602042986515 373 7723344916295218203
HIT 3 1606337953811 374 14443137196162983639
HIT 3 1610632921107 375 815698836522940296
HIT 3 1614927888403 376 7286663272824107386
HIT 3 1619222855699 377 17225753518211843499
HIT 3 1623517822995 378 14070325051760857113
HIT 3 1627812790291 379 482472628414624434
HIT 3 1632107757587 380 6242683086264815701
HIT 3 1636402724883 381 4671577643391975471
HIT 3 1640697692179 382 7081220480835127025
HIT 3 1644992659475 383 13341737987700156493
HIT 3 1649287626771 384 5693048456808511378
HIT 3 1653582594067 385 10041277989996298074
HIT 3 1657877561363 386 5464022472424135941
HIT 3 1662172528659 387 13234459268212320086
HIT 3 1666467495955 388 8122083199737192946
HIT 3 1670762463251 389 57325075686304235
HIT 3 1675057430547 390 3312934121799261027
HIT 3 1679352397843 391 1574512336527277784
HIT 3 1683647365139 392 16907807494124669744
HIT 3 1687942332435 393 11555381482289221849
HIT 3 1692237299731 394 12822352404550901264
HIT 3 1696532267027 395 11378761432502347408
HIT 3 1700827234323 396 17674773605403834924
HIT 3 1705122201619 397 14807385784112660993
HIT 3 1709417168915 398 12560309903406043598
HIT 3 1713712136211 399 16316251652540074465
HIT 3 1718007103507 400 9869028726916890763
HIT 3 1722302070803 401 12587373708232457759
HIT 3 1726597038099 402 10700201468178356301
HIT 3 1730892005395 403 14184887237075397215
HIT 3 1735186972691 404 3786738843170508022
HIT 3 1739481939987 405 10652251695017089214
HIT 3 1743776907283 406 14821198279694284311
HIT 3 1748071874579 407 15343726244448756045
HIT 3 1752366841875 408 18169050007854798249
HIT 3 1756661809171 409 15965725423199949773
HIT 3 1760956776467 410 11251316100055480596
HIT 3 1765251743763 411 2578569465669745547
HIT 3 1769546711059 412 4956785470761133482
HIT 3 1773841678355 413 2768492456914710497
HIT 3 1778136645651 414 2562447744222610823
HIT 3 1782431612947 415 12019881953475687267
HIT 3 1786726580243 416 18019282665959595251
HIT 3 1791021547539 417 9320401845207023937
HIT 3 1795316514835 418 12939513595703034171
HIT 3 1799611482131 419 12441677222998123827
HIT 3 1803906449427 420 16216945950693646137
HIT 3 1808201416723 421 1144952693841524362
HIT 3 1812496384019 422 15040208544463232521
HIT 3 1816791351315 423 2971773501331849126
HIT 3 1821086318611 424 7121307431917250220
HIT 3 1825381285907 425 16718731815092014788
HIT 3 1829676253203 426 4855538377945978081
HIT 3 1833971220499 427 10546698106698932318
HIT 3 1838266187795 428 10176807454641044114
HIT 3 1842561155091 429 12275344715007580367
HIT 3 1846856122387 430 9194373437659507501
HIT 3 1851151089683 431 10690567475140663682
HIT 3 1855446056979 432 15350625687819198882
HIT 3 1859741024275 433 971014499568459202
HIT 3 1864035991571 434 12827256245582111359
HIT 3 1868330958867 435 1220662810311507736
HIT 3 1872625926163 436 17198505280471692437
HIT 3 1876920893459 437 8494476704391613499
HIT 3 1881215860755 438 2973142784213685851
HIT 3 1885510828051 439 7567356637705949141
HIT 3 1889805795347 440 10077829254641680321
HIT 3 1894100762643 441 1586070700037956697
HIT 3 1898395729939 442 12578739828967630701
HIT 3 1902690697235 443 13303145066838701463
HIT 3 1906985664531 444 17634160730551024655
HIT 3 1911280631827 445 16352825393229427758
HIT 3 1915575599123 446 2673127938439285317
HIT 3 1919870566419 447 9442259611896882153
HIT 3 1924165533715 448 4772127588441179091
HIT 3 1928460501011 449 13686979340718051148
HIT 3 1932755468307 450 16853479496591540573
HIT 3 1937050435603 451 14554825927087740341
HIT 3 1941345402899 452 14154692552442821025
HIT 3 1945640370195 453 9699706558260809341
HIT 3 1949935337491 454 205182139634230133
HIT 3 1954230304787 455 10455163688530511560
HIT 3 1958525272083 456 16848313636735239409
HIT 3 1962820239379 457 7923319680155610334
HIT 3 1967115206675 458 7190582897383280814
HIT 3 1971410173971 459 886348896997503825
HIT 3 1975705141267 460 9175175866609867178
HIT 3 1980000108563 461 17470834110823928527
HIT 3 1984295075859 462 9230940302873951756
HIT 3 1988590043155 463 13577844856578566189
HIT 3 1992885010451 464 11894331298048327669
HIT 3 1997179977747 465 9664192053416777398
HIT 3 2001474945043 466 3199330097479862480
HIT 3 2005769912339 467 17710553025159884532
HIT 3 2010064879635 468 6635752463626941551
HIT 3 2014359846931 469 6336651315770068932
HIT 3 2018654814227 470 14123872924147827065
HIT 3 2022949781523 471 3109130755133631922
HIT 3 2027244748819 472 9443292995489219128
HIT 3 2031539716115 473 8093772784791351862
HIT 3 2035834683411 474 8524411537238428678
HIT 3 2040129650707 475 13422997981607535019
HIT 3 2044424618003 476 14140947487282457757
HIT 3 2048719585299 477 1210645483475879927
HIT 3 2053014552595 478 4227706335208555359
HIT 3 2057309519891 479 11209049766001200976
HIT 3 2061604487187 480 14772341860276154534
HIT 3 2065899454483 481 15945494034534760327
HIT 3 2070194421779 482 8335953989114768825
HIT 3 2074489389075 483 10424983358411627664
HIT 3 2078784356371 484 16641011768841561966
HIT 3 2083079323667 485 10787041307063343470
HIT 3 2087374290963 486 13122588327647239264
HIT 3 2091669258259 487 924466991391682300
HIT 3 2095964225555 488 17194141336180052099
HIT 3 2100259192851 489 11874720508559594925
HIT 3 2104554160147 490 245107435786743244
HIT 3 2108849127443 491 12537567150241156820
HIT 3 2113144094739 492 6531595674741841845
HIT 3 2117439062035 493 6924404478243857456
HIT 3 2121734029331 494 11631679724367198156
HIT 3 2126028996627 495 13072770809595146717
HIT 3 2130323963923 496 180123681526257856
HIT 3 2134618931219 497 16332273595817231930
HIT 3 2138913898515 498 113021096865390838
HIT 3 2143208865811 499 18225718098364064412
HIT 3 2147503833107 500 1957547711163022307
HIT 3 2151798800403 501 9781413006361181350
HIT 3 2156093767699 502 14233027956360290955
HIT 3 2160388734995 503 3135922260196545593
HIT 3 2164683702291 504 15675854471047879549
HIT 3 2168978669587 505 920534766657727329
HIT 3 2173273636883 506 5944770565291754027
HIT 3 2177568604179 507 14140052489351025402
HIT 3 2181863571475 508 13648197530856844380
HIT 3 2186158538771 509 14943604629977721938
HIT 3 2190453506067 510 10612813826287781701
HIT 3 2194748473363 511 2478235114826353574
HIT 3 1331460112403 310 11055486004046802137
HIT 3 1335755079699 311 526268673156562755
HIT 3 1340050046995 312 1759953798076029172
HIT 3 1730892070931 403 2492484436535938774
HIT 3 1735187038227 404 8362342636099050971
HIT 3 1739482005523 405 4312589949275000700
HIT 3 1748071940115 407 12967728114348233483
HIT 3 2147503898643 500 15610204354991947794
HIT 3 2156093833235 502 9079610248829596748
HIT 3 2160388800531 503 15179800100405738876
HIT 3 2164683767827 504 3152451520149961689
HIT 3 1730892136467 403 4877503462450685371
HIT 3 1735187103763 404 5289397908103748162
HIT 3 1739482071059 405 15733511018666741273
HIT 3 1748072005651 407 16084184268388341974
HIT 3 2147503964179 500 14233003327214494926
HIT 3 2156093898771 502 5058671393060439583
HIT 3 2160388866067 503 7431630625247507060
HIT 3 2164683833363 504 14925584597753969170
HIT 3 1340050178067 312 18217747319013233201
HIT 3 1739482136595 405 7712022741318094848
HIT 3 2156093964307 502 9917124478587953452
HIT 3 1739482202131 405 13229525645003372367
HIT 3 2156094029843 502 11413632972495678111
HIT 3 1739482267667 405 13468108440224684279
HIT 3 2156094095379 502 12781624557009865021
HIT 3 1739482333203 405 18123382290044690853
HIT 3 2156094160915 502 5911952205449845874
HIT 3 1739482398739 405 14556595712204522359
HIT 3 2156094226451 502 9362143219016372514
HIT 3 1739482464275 405 1517573002866537927
HIT 3 2156094291987 502 9933173579561820826
HIT 3 1739482529811 405 15019845032640857820
HIT 3 2156094357523 502 5614762140023682568
HIT 3 1739482595347 405 14071793632355966868
HIT 3 2156094423059 502 5370921197845982007
HIT 3 1739482660883 405 13058925480353027979
HIT 3 2156094488595 502 537108074697992120
HIT 3 1739482726419 405 4144385087535505906
HIT 3 1322854383641 308 10926742871391302827
HIT 3 1739466211353 405 8579771280858078385
HIT 3 2156078039065 502 8900242419472965109
HIT 3 2156094554131 502 12126621591167227679
HIT 3 1739482791955 405 4692040592916038626
HIT 3 2156094619667 502 18054098104587701914
HIT 3 1739482857491 405 8518215731388687942
HIT 3 2156094685203 502 17025064023444386457
HIT 3 1739482923027 405 10567788158293921842
HIT 3 2156094750739 502 5259525206627699766
HIT 3 1739482988563 405 2821860504475377626
HIT 3 2156094816275 502 6215128573694929990
HIT 3 1739483054099 405 7677945450412292978
HIT 3 2156094881811 502 7707650759479279961
HIT 3 1739483119635 405 15939480340203095738
HIT 3 2156094947347 502 8367256633943071417
HIT 3 1739483185171 405 9330580131300420754
HIT 3 2156095012883 502 12544672393311309919
HIT 3 1739483250707 405 17860029664228654772
HIT 3 2156095078419 502 2052279683206285539
HIT 3 1739483316243 405 7334555288099653271
HIT 3 2156095143955 502 11474348013061564475
HIT 3 1739483381779 405 17428997495034037332
HIT 3 2156095209491 502 8765039256403800485
HIT 3 1739483447315 405 5981043550289806716
HIT 3 2156095275027 502 2930288675649135052
HIT 3 1739483512851 405 13404947775745578282
HIT 3 2156095340563 502 4620552995993680002
HIT 3 1739483578387 405 11074446089094961584
HIT 3 2156095406099 502 1190033667317835504
HIT 3 1739483643923 405 3853266262452525976
HIT 3 2156095471635 502 3473749389396039527
HIT 3 1739483709459 405 1903710679041552583
HIT 3 2156095537171 502 2154628691072002290
HIT 3 1739483774995 405 8986170277682927684
HIT 3 2156095602707 502 7121364383236804161
HIT 3 1739483840531 405 17941276146327993702
HIT 3 2156095668243 502 4589215296543034935
HIT 3 1739483906067 405 3452226724224305367
HIT 3 2156095733779 502 13873823557611962945
HIT 3 1739483971603 405 5417387564424185441
HIT 3 2156095799315 502 5064905994512690082
HIT 3 1739484037139 405 7628539743238109570
HIT 3 2156095864851 502 5966142358578313390
HIT 3 1739484102675 405 9463806051940828915
HIT 3 2156095930387 502 9952895220709476052
HIT 3 1739484168211 405 8640787743987325401
HIT 3 2156095995923 502 17591901314582982625
HIT 3 1739484233747 405 16495574878285037958
HIT 3 2156096061459 502 16764333538476379488
HIT 3 1739484299283 405 17772166908979382956
HIT 3 2156096126995 502 5857522296704935643
HIT 3 1739484364819 405 10880883148872388419
HIT 3 2156096192531 502 4523241386378877806
HIT 3 1739484430355 405 7095397099227980150
HIT 3 2156096258067 502 6565664592078896111
HIT 3 1739484495891 405 7657409341724555317
HIT 3 2156096323603 502 16313812083579983378
HIT 3 1739484561427 405 9931807263345339820
HIT 3 2156096389139 502 14919380269968796778
HIT 3 1739484626963 405 9437757813557116718
HIT 3 2156096454675 502 8809818156413614393
HIT 3 1739484692499 405 3482233765325187175
HIT 3 2156096520211 502 2506754907656267911
HIT 3 1739484758035 405 2691955312559109076
HIT 3 2156096585747 502 742586864603242529
HIT 3 1739484823571 405 15578754759447366156
HIT 3 2156096651283 502 1153422581770749728
HIT 3 1739484889107 405 17804472660026631225
HIT 3 2156096716819 502 1852084043250947834
HIT 3 1739484954643 405 17186938809999196601
HIT 3 2156096782355 502 12866979227155214915
HIT 3 1739485020179 405 17148959854740605787
HIT 3 2156096847891 502 17409134158652309754
HIT 3 1739485085715 405 16784471446719038803
HIT 3 2156096913427 502 9631181102750665417
HIT 3 1739485151251 405 315016613808970246
HIT 3 2156096978963 502 8989916880140176474
HIT 3 1739485216787 405 8890776755738246578
HIT 3 2156097044499 502 16467225843466742287
HIT 3 1739485282323 405 1751901737660820612
HIT 3 2156097110035 502 4991403022354018295
HIT 3 1739485347859 405 2388136794468753718
HIT 3 2156097175571 502 10960122180347674684
HIT 3 1739485413395 405 3512420180131859867
HIT 3 2156097241107 502 13450707950271457390
HIT 3 1739485478931 405 5195839292581116120
HIT 3 2156097306643 502 10375677372140566971
HIT 3 1739485544467 405 4187256091640550813
HIT 3 2156097372179 502 15997423669713320939
HIT 3 1739485610003 405 17998824273737550053
HIT 3 2156097437715 502 1208471380059600371
HIT 3 1739485675539 405 17864256644229868107
HIT 3 2156097503251 502 7077937018763163627
HIT 3 1739485741075 405 15705834205342426827
HIT 3 2156097568787 502 14156029623968221785
HIT 3 1739485806611 405 1414260409131213442
HIT 3 2156097634323 502 1192859908999970391
HIT 3 1739485872147 405 12541399695950940054
HIT 3 2156097699859 502 1815456757570415439
HIT 3 1739485937683 405 3042250497655832502
HIT 3 2156097765395 502 11187639041372580632
HIT 3 1739486003219 405 6122191111940870064
HIT 3 2156097830931 502 6209581760865511723
HIT 3 1739486068755 405 3389327857609183250
HIT 3 2156097896467 502 10649921289295364184
HIT 3 1739486134291 405 17047687011037349695
HIT 3 2156097962003 502 6624666595524183621
HIT 3 1739486199827 405 883793153704120371
HIT 3 2156098027539 502 7239295959609869803
HIT 3 1739486265363 405 9473664013433628906
HIT 3 2156098093075 502 6188217080945337720
HIT 3 1739486330899 405 5771936212226491348
HIT 3 2156098158611 502 14606013833218916355
HIT 3 1739486396435 405 17113627925737429486
HIT 3 2156098224147 502 17467833578798510620
HIT 3 1739486461971 405 7761824375148523584
HIT 3 2156098289683 502 8737216392525654861
HIT 3 1739486527507 405 16503019873308844646
HIT 3 2156098355219 502 13997920824915199855
HIT 3 1739486593043 405 11492248413093806192
HIT 3 2156098420755 502 16446310549813520775
HIT 3 1739486658579 405 5101688142829360781
HIT 3 2156098486291 502 24936245333492688
HIT 3 1739486724115 405 3071663597706713385
HIT 3 2156098551827 502 14999419448953090217
HIT 3 1739486789651 405 16150886549510669705
HIT 3 2156098617363 502 11036902222243323182
HIT 3 1739486855187 405 5548738902864171107
HIT 3 2156098682899 502 9799214522773082193
HIT 3 1739486920723 405 16857967132234936791
HIT 3 2156098748435 502 7204345315923089587
HIT 3 1739486986259 405 13844071710693216205
HIT 3 2156098813971 502 12585049246903382750
HIT 3 1739487051795 405 14468089724629348908
HIT 3 2156098879507 502 17408243065684980103
HIT 3 1739487117331 405 17645961012459858528
HIT 3 2156098945043 502 9857985303132275772
HIT 3 1739487182867 405 5185694541498847011
HIT 3 2156099010579 502 4524260712245235507
HIT 3 1739487248403 405 2993833895550669837
HIT 3 2156099076115 502 9757107240649918970
HIT 3 1739487313939 405 12668254067708183774
HIT 3 2156099141651 502 3460930051062654010
HIT 3 1739487379475 405 12588584552852571340
HIT 3 2156099207187 502 2330644899531547838
HIT 3 1739487445011 405 4141910671330581982
HIT 3 2156099272723 502 5383048100156342744
HIT 3 1739487510547 405 12092517523216133014
HIT 3 2156099338259 502 4827842488700061329
HIT 3 1739487576083 405 7979607523023956957
HIT 3 2156099403795 502 14511555662068172292
HIT 3 1739487641619 405 3998848799792458253
HIT 3 2156099469331 502 11179197633940086591
HIT 3 1739487707155 405 16296100516728821576
HIT 3 2156099534867 502 18012714800993129206
HIT 3 1739487772691 405 15688389807673212627
HIT 3 2156099600403 502 8312322021181768617
HIT 3 1739487838227 405 2083265256443875967
HIT 3 2156099665939 502 5159611492276433327
HIT 3 1739487903763 405 13888577486742238668
HIT 3 2156099731475 502 12765726657586236605
HIT 3 1739487969299 405 17390447469008414851
HIT 3 2156099797011 502 7196016398553654065
HIT 3 1730898100243 403 17390447469008414851
HIT 3 1739488034835 405 16491249340140955297
HIT 3 2156099862547 502 743987478626840911
HIT 3 1739488100371 405 8396142935833293922
HIT 3 1748078034963 407 15837302659916182016
HIT 3 2156099928083 502 6843166078850517269
HIT 3 1739488165907 405 15837302659916182016
HIT 3 2147510059027 500 5831284466598849862
HIT 3 2156099993619 502 10808094736623490612
HIT 3 2160394960915 503 10487638991130627962
HIT 3 2164689928211 504 16982390925599337277
HIT 3 1743783198739 406 14006595531611917208
HIT 3 1748078166035 407 14046344139648785280
HIT 3 1756668100627 409 14257199981649406132
HIT 3 2147510124563 500 4129181073351354009
HIT 3 2156100059155 502 12846280184330112526
HIT 3 2160395026451 503 12831754179811688525
HIT 3 2164689993747 504 13313235599418174306
HIT 3 1743783264275 406 3235207971120730532
HIT 3 1748078231571 407 14257199981649406132
HIT 3 1752373198867 408 14006595531611917208
HIT 3 1756668166163 409 10290932550476513925
HIT 3 1760963133459 410 3886889700888579346
HIT 3 1765258100755 411 7207096516784003446
HIT 3 1769553068051 412 11121770191535505835
HIT 3 1773848035347 413 13577064838383065862
HIT 3 1778143002643 414 17340596580027140607
HIT 3 1782437969939 415 14418890211207276146
HIT 3 1786732937235 416 9032992204013849978
HIT 3 1791027904531 417 3091329217286676478
HIT 3 1795322871827 418 11386047009048324071
HIT 3 1799617839123 419 10256374003131040665
HIT 3 1803912806419 420 8349968490932451919
HIT 3 1808207773715 421 17451685874620350248
HIT 3 1812502741011 422 11211667151239433658
HIT 3 1816797708307 423 4803446137409492967
HIT 3 1821092675603 424 4479772900186424645
HIT 3 1825387642899 425 5038588586820290538
HIT 3 1829682610195 426 5471281714907467357
HIT 3 1833977577491 427 8930763668846792396
HIT 3 1838272544787 428 10282920413022988177
HIT 3 1842567512083 429 15710308134985663958
HIT 3 1846862479379 430 5468511742653092630
HIT 3 1851157446675 431 8980814980021986351
HIT 3 1855452413971 432 5337907881334939707
HIT 3 1859747381267 433 15802265503271458575
HIT 3 1864042348563 434 11713186405273394306
HIT 3 1868337315859 435 17910735474374841518
HIT 3 1739481939993 405 17011674310709055545
HIT 3 2156093767705 502 4382179837323071039
HIT 3 1322854383642 308 12320158408969093509
HIT 3 1739466211354 405 3087414694408709758
HIT 3 2156078039066 502 18297349457142638269
HIT 3 1872632283155 436 6916141549446662351
HIT 3 1876927250451 437 9468111784243275304
HIT 3 1881222217747 438 3762742130598342603
HIT 3 1885517185043 439 9525242981562769842
HIT 3 1889812152339 440 13843499039590988258
HIT 3 1894107119635 441 13429262996627845289
HIT 3 1898402086931 442 4929425907246482969
HIT 3 1902697054227 443 12730357994122284669
HIT 3 1906992021523 444 3987630458252276495
HIT 3 1911286988819 445 18433587125599257445
HIT 3 1915581956115 446 12721728262111907512
HIT 3 1919876923411 447 12191681759955317648
HIT 3 1924171890707 448 16109552322505963514
HIT 3 1928466858003 449 11881937120926728831
HIT 3 1932761825299 450 16122586736572357728
HIT 3 1937056792595 451 12865335090952147928
HIT 3 1941351759891 452 2534817572914246119
HIT 3 1945646727187 453 5718961502941679154
HIT 3 1949941694483 454 10198751322530198683
HIT 3 1954236661779 455 8464248152017339717
HIT 3 1958531629075 456 4269069984515166804
HIT 3 1962826596371 457 14049292814090538719
HIT 3 1967121563667 458 4337865330731756899
HIT 3 1971416530963 459 599062722354253358
HIT 3 1975711498259 460 16997647183641435737
HIT 3 1980006465555 461 5017563763317582944
HIT 3 1984301432851 462 4726709314245675054
HIT 3 1988596400147 463 16867151705391680883
HIT 3 1992891367443 464 3324652260983759929
HIT 3 1997186334739 465 14154437203426496082
HIT 3 2001481302035 466 4953837911477001867
HIT 3 2005776269331 467 13464984038263141217
HIT 3 2010071236627 468 734557895399920882
HIT 3 2014366203923 469 9276522408956301336
HIT 3 2018661171219 470 12601089197581050464
HIT 3 2022956138515 471 8382561762130099333
HIT 3 2027251105811 472 2491086229335299339
HIT 3 2031546073107 473 12621751397355093226
HIT 3 2035841040403 474 12888587292540825910
HIT 3 2040136007699 475 11629756555495587602
HIT 3 2044430974995 476 13484869643456443049
HIT 3 2048725942291 477 8914369202153913583
HIT 3 2053020909587 478 3632118801861319664
HIT 3 2057315876883 479 6387056599945035795
HIT 3 2061610844179 480 5439984758467051074
HIT 3 2065905811475 481 11368891830648163008
HIT 3 2070200778771 482 16056388934735391641
HIT 3 2074495746067 483 5394622958096076387
HIT 3 2078790713363 484 16746456181858859426
HIT 3 2083085680659 485 16330937716627934270
HIT 3 2087380647955 486 13902319891203750102
HIT 3 2091675615251 487 8891538471939009395
HIT 3 2095970582547 488 6574694778147974620
HIT 3 2100265549843 489 1257262175259504356
HIT 3 2104560517139 490 15119353155074405135
HIT 3 2108855484435 491 12650745784974379572
HIT 3 2113150451731 492 5955004651672734427
HIT 3 2117445419027 493 2965533187210769216
HIT 3 2121740386323 494 16858190886185626180
HIT 3 2126035353619 495 15351595181838617848
HIT 3 2130330320915 496 17359480070735985807
HIT 3 2134625288211 497 1320507224641111721
HIT 3 2138920255507 498 11177072505690370426
HIT 3 2143215222803 499 1355953771589092855
HIT 3 2147510190099 500 14823918316366810130
HIT 3 2151805157395 501 3433757400983007668
HIT 3 2156100124691 502 17768657059538444550
HIT 3 2160395091987 503 9663475952799180851
HIT 3 2164690059283 504 7059944312323713998
HIT 3 2168985026579 505 9311750210603521100
HIT 3 2173279993875 506 13913393479755784552
HIT 3 2177574961171 507 395280768262985085
HIT 3 2181869928467 508 12536757447863207480
HIT 3 2186164895763 509 6914837586662608374
HIT 3 2190459863059 510 3484524934061682612
HIT 3 2194754830355 511 5669149609575261032
HIT 3 1756668231699 409 13956095844138562197
HIT 3 2156100190227 502 3178336678223464223
HIT 3 2147510321171 500 12635228540225006835
HIT 3 2156100255763 502 16175907872739901760
HIT 3 2160395223059 503 17142874175074890050
HIT 3 2164690190355 504 8275070857173184461
HIT 3 2156100321299 502 8416020022145001515
HIT 3 2156100386835 502 15673445877340515127
HIT 3 2156100452371 502 14727427446545563027
HIT 3 2156100517907 502 5228920967819743984
HIT 3 2156100583443 502 12081441969936996176
HIT 3 2156100648979 502 15805177387439189954
HIT 3 2156100714515 502 5351572109816744500
HIT 3 2156100780051 502 17865990675763366282
HIT 3 2156100845587 502 12869008919865431453
HIT 3 2156100911123 502 16479519393313286561
HIT 3 2156100976659 502 6532447322298915025
HIT 3 2156101042195 502 55165516965080445
HIT 3 2156101107731 502 10825894494478367364
HIT 3 2156101173267 502 860949720273241056
HIT 3 2156101238803 502 15387883456480578731
HIT 3 2156101304339 502 14458921211000151043
HIT 3 2156101369875 502 10766282195046157567
HIT 3 2156101435411 502 4701212138810785879
HIT 3 2156101500947 502 3154272435053744712
HIT 3 2156101566483 502 4854554638054883723
HIT 3 2156101632019 502 14020075235314241723
HIT 3 2156101697555 502 15586049126105050598
HIT 3 2156101763091 502 18103230074882359285
HIT 3 2156101828627 502 15280512875135104976
HIT 3 2156101894163 502 9325589734442971564
HIT 3 2156101959699 502 4781473758906207197
HIT 3 2156102025235 502 1240845970187391443
HIT 3 2156102090771 502 5473626999183942204
HIT 3 2156102156307 502 514501347560804559
HIT 3 2156102221843 502 11735774025395769332
HIT 3 2156102287379 502 7574035705361046756
HIT 3 2156102352915 502 9875001128382313991
HIT 3 2156102418451 502 2022827717889768640
HIT 3 2156102483987 502 386584266402193942
HIT 3 2156102549523 502 7772258833163651399
HIT 3 2156102615059 502 4406434535412755830
HIT 3 2156102680595 502 14193918948558979837
HIT 3 2156102746131 502 9729876826730568887
HIT 3 2156102811667 502 1690070561007791548
HIT 3 2156102877203 502 13194304830627674117
HIT 3 2156102942739 502 10083284229112087218
HIT 3 2156103008275 502 8999271534549497613
HIT 3 2156103073811 502 4280513117919760576
HIT 3 2156103139347 502 16327171044973127496
HIT 3 2156103204883 502 15042536842765436806
HIT 3 2156103270419 502 10266988612962934771
HIT 3 2156103335955 502 15739791349351840743
HIT 3 2156103401491 502 14396490856133200112
HIT 3 2156103467027 502 16968509586910724410
HIT 3 2156103532563 502 8921014289946992605
HIT 3 2156103598099 502 10875903422090005294
HIT 3 2156103663635 502 3413077868559246695
HIT 3 2156103729171 502 4084267749633871678
HIT 3 2156103794707 502 6153719777250796165
HIT 3 2156103860243 502 2050789054783784107
HIT 3 2156103925779 502 12075953066789231173
HIT 3 2156100124697 502 12751528040740802412
HIT 3 2156103991315 502 14830229249002786704
HIT 3 2156104056851 502 5825622527348254118
HIT 3 2156104122387 502 3361369101825509436
HIT 3 2156104187923 502 7526606860491658153
HIT 3 2156104253459 502 6611554875838952950
HIT 3 2156104318995 502 17979174543798045848
HIT 3 2156104384531 502 9191722586624266547
HIT 3 2156104450067 502 6332423309019003916
HIT 3 2156104515603 502 2333922157956141643
HIT 3 2156104581139 502 11192818503744532220
HIT 3 2156104646675 502 8313151811387897994
HIT 3 2156104712211 502 9662361784187775831
HIT 3 2156104777747 502 12360895556550247934
HIT 3 2156104843283 502 8318486621640373918
HIT 3 2156104908819 502 12031518705061071912
HIT 3 2156104974355 502 3650029516869794609
HIT 3 2156105039891 502 6265782239720521708
HIT 3 2156105105427 502 642675139614693760
HIT 3 2156105170963 502 16103582401430498157
HIT 3 2156105236499 502 12543239551756489997
HIT 3 2156105302035 502 7001059053204783029
HIT 3 2156105367571 502 4361392025736514318
HIT 3 2156105433107 502 516924676099635517
HIT 3 2156105498643 502 10207039957041343169
HIT 3 2156105564179 502 7523490493878011323
HIT 3 2156105629715 502 11264578962318770367
HIT 3 2156105695251 502 8385392076389181563
HIT 3 2156105760787 502 6134096177250080001
HIT 3 2156105826323 502 16379692474634824232
HIT 3 2156105891859 502 3963742873219872476
HIT 3 2156105957395 502 14068189175514857414
HIT 3 2156106022931 502 9247327070977649689
HIT 3 2156106088467 502 9327965237250667680
HIT 3 2156106154003 502 438716710496743515
HIT 3 2147516284947 500 9589227750493142727
HIT 3 2156106219539 502 13114888897724940450
HIT 3 2156106285075 502 9589227750493142727
HIT 3 2156106350611 502 1996551244127002965
HIT 3 2156106416147 502 3123848909170443258
HIT 3 2164696350739 504 1996551244127002965
HIT 3 2164696416275 504 15057093366992775115
HIT 3 2168991383571 505 6153959919840334887
HIT 3 2173286350867 506 5590948717745636684
HIT 3 2177581318163 507 4313188367482875506
HIT 3 2181876285459 508 5843320875347721688
HIT 3 2186171252755 509 5511153261850511906
HIT 3 2190466220051 510 14997005107216492701
HIT 3 2194761187347 511 15219367036570575508
HIT 3 2164696481811 504 2395575319782966183
HIT 3 2168991449107 505 4313188367482875506
HIT 3 2173286416403 506 15057093366992775115
HIT 3 2173286547475 506 9121630368754560841
HIT 3 1322854383644 308 14756927794516015095
HIT 3 1739466211356 405 16779444156575869283
HIT 3 2156078039068 502 12925486361136250135
HIT 3 1322854383643 308 13211270220691533106
HIT 3 1739466211355 405 17776362093948497531
HIT 3 2156078039067 502 18210338176443462925
HIT 3 1739481939991 405 15158586283038744746
HIT 3 2156093767703 502 16918241690723202500
HIT 3 2156100124695 502 18223653906222903997
HIT 3 1739481939996 405 6585162184843634545
HIT 3 2156093767708 502 14758314816625969025
HIT 3 1322854383645 308 6680566050477541203
HIT 3 1739466211357 405 11454454342044754653
HIT 3 2156078039069 502 18379320402720127350
HIT 3 1739481939994 405 8164384314636423131
HIT 3 2156093767706 502 13265817599280382700
HIT 3 2156100124700 502 6047056188411367415
HIT 3 2156100124698 502 17340355786403037460
HIT 3 1322854383646 308 9027253045840434557
HIT 3 1739466211358 405 15962031533258515855
HIT 3 2156078039070 502 14794209384973605749
HIT 3 1322854383647 308 6870646357958392886
HIT 3 1739466211359 405 15493427181134935904
HIT 3 2156078039071 502 6237297794245086682
HIT 3 1739481939995 405 127440016065151088
HIT 3 2156093767707 502 13711296899894203006
HIT 3 2156100124699 502 16130428894066724870
HIT 3 1739481939998 405 9585152887097509478
HIT 3 2156093767710 502 14810050977181499814
HIT 3 1739481939997 405 15637497162896517176
HIT 3 2156093767709 502 5279986043491457430
HIT 3 2156100124702 502 17753444205404360979
HIT 3 1322854383648 308 5991667334182474188
HIT 3 1739466211360 405 11092913445936600446
HIT 3 2156078039072 502 15341611869693861353
HIT 3 2156100124701 502 17546595393760523783
HIT 3 1322854383649 308 6005084204354736710
HIT 3 1739466211361 405 990201594369566464
HIT 3 2156078039073 502 8135447213015355501
HIT 3 1739481939999 405 16603190118827974966
HIT 3 2156093767711 502 3737496370934028165
HIT 3 1322854383650 308 9890892439275344471
HIT 3 1739466211362 405 11917267080220690646
HIT 3 2156078039074 502 15327349245751390102
HIT 3 2156100124703 502 9712091816867661394
HIT 3 1322854383651 308 12879931585390955179
HIT 3 1739466211363 405 7888806064238395787
HIT 3 2156078039075 502 2535079815165155390
HIT 3 1739481940001 405 2206287344940577521
HIT 3 2156093767713 502 6644190173164525238
HIT 3 2156100124705 502 12310548461214067697
HIT 3 1322854383652 308 5301054729711531143
HIT 3 1739466211364 405 13548774597853515613
HIT 3 2156078039076 502 2312005029670748664
HIT 3 1739481940000 405 10079345685411619080
HIT 3 2156093767712 502 17015564744366517122
HIT 3 1739481940002 405 14713680311127033851
HIT 3 2156093767714 502 15927983198541412754
HIT 3 1739481940003 405 7884844824187599309
HIT 3 2156093767715 502 1061782677792662968
HIT 3 2156100124704 502 4653744342371114769
HIT 3 2156100124706 502 2713123502155426833
HIT 3 1739481940004 405 8126476037127613691
HIT 3 2156093767716 502 914450124117126904
HIT 3 2156100124707 502 1030489648299423815
HIT 3 1322854383654 308 8361062646011879380
HIT 3 1739466211366 405 1052902082394412654
HIT 3 2156078039078 502 6565605010411003631
HIT 3 2156100124708 502 1926836766204990147
HIT 3 1322854383655 308 17265261804984888986
HIT 3 1739466211367 405 1988385711878874100
HIT 3 2156078039079 502 10796742855170201972
HIT 3 1322854383653 308 18053689461578320797
HIT 3 1739466211365 405 14683236072579873741
HIT 3 2156078039077 502 9401191660324257633
HIT 3 1322854383656 308 14807171674254015589
HIT 3 1739466211368 405 9258936962552974987
HIT 3 2156078039080 502 5387189619989537706
HIT 3 1739481940007 405 13584510194888788555
HIT 3 2156093767719 502 5434581091238940956
HIT 3 2156100124711 502 3221566778412612449
HIT 3 1739481940008 405 4883913729562684776
HIT 3 2156093767720 502 7668449449215606263
HIT 3 1322854383657 308 15505045711615979922
HIT 3 1739466211369 405 1224700954673393500
HIT 3 2156078039081 502 17258992066329710310
HIT 3 2156100124712 502 12040930014620817387
HIT 3 1739481940006 405 5507079338395608632
HIT 3 2156093767718 502 17832914471916483786
HIT 3 1322854383658 308 5719318148034148533
HIT 3 1739466211370 405 17331286600346056638
HIT 3 2156078039082 502 6352917817731109518
HIT 3 2156100124710 502 11682132693661939996
HIT 3 1322854383659 308 13225829977628940562
HIT 3 1739466211371 405 6038659579481875929
HIT 3 2156078039083 502 1849949604815617719
HIT 3 1739481940005 405 8832001213679152832
HIT 3 2156093767717 502 10578200848088651870
HIT 3 1739481940009 405 14989173937234151168
HIT 3 2156093767721 502 8335909735568888234
HIT 3 2156100124709 502 6865214672978628339
HIT 3 2156100124713 502 17808279324816200618
HIT 3 1739481940010 405 10105528817666812357
HIT 3 2156093767722 502 13990006535632965500
HIT 3 1322854383660 308 197567480505351647
HIT 3 1739466211372 405 13218539955428566116
HIT 3 2156078039084 502 10669223178824663136
HIT 3 1322854383661 308 6238228024761335142
HIT 3 1739466211373 405 15130746498042490071
HIT 3 2156078039085 502 1511803295894817353
HIT 3 2156100124714 502 8827385052872148623
HIT 3 1739481940011 405 6701338188998438345
HIT 3 2156093767723 502 17996274343421923553
HIT 3 1322854383662 308 6114786172957224661
HIT 3 1739466211374 405 5191884638739747716
HIT 3 2156078039086 502 5712616402568046790
HIT 3 2156100124715 502 16460834961202641702
HIT 3 1322854383663 308 9545814179525940107
HIT 3 1739466211375 405 16781714830931795786
HIT 3 2156078039087 502 17688752870350139469
HIT 3 1739481940013 405 6788909157039235097
HIT 3 2156093767725 502 14673746164280756027
HIT 3 2156100124717 502 14913459398194046459
HIT 3 1739481940014 405 6002131749144620008
HIT 3 2156093767726 502 12689892995416780061
HIT 3 1322854383664 308 9937417928872230672
HIT 3 1739466211376 405 9051492644056552551
HIT 3 2156078039088 502 8408328289923965531
HIT 3 2156100124718 502 9734988146406402231
HIT 3 1322854383665 308 15329934245189677638
HIT 3 1739466211377 405 17387899040017162637
HIT 3 2156078039089 502 4264822229559983227
HIT 3 1739481940012 405 7409586759301449319
HIT 3 2156093767724 502 15532904494456344491
HIT 3 2156100124716 502 6893673101402148487
HIT 3 1322854383666 308 8468866584710440562
HIT 3 1739466211378 405 13038671715659479597
HIT 3 2156078039090 502 17895239702454661118
HIT 3 1739481940015 405 18025504420589390298
HIT 3 2156093767727 502 8081863341671527591
HIT 3 1739481940016 405 15494188294301592154
HIT 3 2156093767728 502 9052591212820920498
HIT 3 2156100124720 502 15460374867658868753
HIT 3 2156100124719 502 7674505047331799927
HIT 3 1739481940017 405 12450346656773279564
HIT 3 2156093767729 502 9466457392043488742
HIT 3 1322854383667 308 9933378981135288620
HIT 3 1739466211379 405 16373512188646216585
HIT 3 2156078039091 502 8491194742040387081
HIT 3 1322854383668 308 7513476040782038809
HIT 3 1739466211380 405 13752994006813968692
HIT 3 2156078039092 502 12977700736333993282
HIT 3 2156100124721 502 2354839518509671781
HIT 3 1322854383669 308 4282404877759528737
HIT 3 1739466211381 405 15158742653394753559
HIT 3 2156078039093 502 14733616982198535683
HIT 3 1739481940018 405 10852752095492999559
HIT 3 2156093767730 502 12636614627621201609
HIT 3 2156100124722 502 4282908872535988629
HIT 3 1739481940019 405 3912351804363788600
HIT 3 2156093767731 502 7656448164091731870
HIT 3 1322854383670 308 8418675640664339040
HIT 3 1739466211382 405 248749636924502520
HIT 3 2156078039094 502 16747673840882052804
HIT 3 2156100124723 502 7827743520015132478
HIT 3 1739481940020 405 4871485023325069020
HIT 3 2156093767732 502 17639367441858428478
HIT 3 1739481940021 405 9187558067259659099
HIT 3 2156093767733 502 2909128287404168289
HIT 3 2156100124724 502 6902588226731958210
HIT 3 1322854383671 308 15748318469825690718
HIT 3 1739466211383 405 12133001219288666393
HIT 3 2156078039095 502 5715386470269522518
HIT 3 1322854383672 308 13366764501505523922
HIT 3 1739466211384 405 10353375718699118211
HIT 3 2156078039096 502 10472647367133656100
HIT 3 2156100124725 502 3829481553045399510
HIT 3 1322854383673 308 6215258723090715414
HIT 3 1739466211385 405 12906861428643894099
HIT 3 2156078039097 502 6944083313646716786
HIT 3 1739481940022 405 14552879390465102857
HIT 3 2156093767734 502 949152918333473700
HIT 3 2156100124726 502 9626302338709291917
HIT 3 1739481940023 405 9530484959756460059
HIT 3 2156093767735 502 16115078638264319930
HIT 3 1322854383674 308 11090584213397147035
HIT 3 1739466211386 405 16575240285282809468
HIT 3 2156078039098 502 2538549455602783567
HIT 3 1739481940024 405 17158510060185277317
HIT 3 2156093767736 502 12525640874774213943
HIT 3 2156100124727 502 4950679853466230340
HIT 3 1322854383675 308 10352472741904739384
HIT 3 1739466211387 405 15491655539064347789
HIT 3 2156078039099 502 13860547912595122773
HIT 3 2156100124728 502 9848544459456629830
HIT 3 1322854383676 308 14208194446863989181
HIT 3 1739466211388 405 11019247833270416736
HIT 3 2156078039100 502 9371943815721754822
HIT 3 1739481940027 405 6794288826930253269
HIT 3 2156093767739 502 8058067179593523806
HIT 3 2156100124731 502 2875893042832834751
HIT 3 1322854383677 308 4953463859805163761
HIT 3 1739466211389 405 6738645930915260210
HIT 3 2156078039101 502 4322092459872974159
HIT 3 1739481940025 405 11659386787424740819
HIT 3 2156093767737 502 14837683448528747400
HIT 3 1739481940029 405 1897747884107516286
HIT 3 2156093767741 502 7855073211712683801
HIT 3 2156100124733 502 2354024615720473880
HIT 3 2156100124729 502 2340883396550564896
HIT 3 1322854383678 308 5191780244481369588
HIT 3 1739466211390 405 10908800584314537272
HIT 3 2156078039102 502 12141119586981790365
HIT 3 1322854383679 308 13196101322787164561
HIT 3 1739466211391 405 5875882206098972549
HIT 3 2156078039103 502 5925163077273190702
HIT 3 1739481940030 405 1724913395286276542
HIT 3 2156093767742 502 8192041482096669935
HIT 3 2156100124734 502 12167085673709595619
HIT 3 1322854252608 308 817602167413332474
HIT 3 1739466080320 405 4006524126011502519
HIT 3 2156077908032 502 5863044643018348737
HIT 3 1322854383680 308 870319351276984229
HIT 3 1739466211392 405 1862345751697883809
HIT 3 2156078039104 502 12665639460397403864
HIT 3 1739481940026 405 2756658483570395246
HIT 3 2156093767738 502 5711107728118547065
HIT 3 2156100124730 502 6573376396990548388
HIT 3 1322854383681 308 817602167413332474
HIT 3 1739466211393 405 4006524126011502519
HIT 3 2156078039105 502 5863044643018348737
HIT 3 1739481940028 405 6204022098778709828
HIT 3 2156093767740 502 3656977857806142813
HIT 3 1739481940032 405 3099099853637092513
HIT 3 2156093767744 502 4143423583367322205
HIT 3 2156100124732 502 18066156900071613146
HIT 3 1322854383682 308 14627197842793317717
HIT 3 1739466211394 405 1713973708965489961
HIT 3 2156078039106 502 8337967977187186134
HIT 3 2156100124736 502 13103634464076744137
HIT 3 1322854383683 308 2799311093043495606
HIT 3 1739466211395 405 2636636425768074940
HIT 3 2156078039107 502 10802985812052125749
HIT 3 1322854514755 308 14627197842793317717
HIT 3 1739466342467 405 1713973708965489961
HIT 3 2156078170179 502 8337967977187186134
HIT 3 1739481940033 405 5361728994969002312
HIT 3 2156093767745 502 14314667663862054778
HIT 3 1739481940031 405 11737850289048399429
HIT 3 2156093767743 502 4380941988195458089
HIT 3 2156100124737 502 12729460160593033464
HIT 3 1322854514756 308 2161510694482390427
HIT 3 1739466342468 405 10191217842398397415
HIT 3 2156078170180 502 17988720236297435751
HIT 3 1322854580292 308 10660613834949240164
HIT 3 1739466408004 405 12471791940498072061
HIT 3 2156078235716 502 7790902212329909665
HIT 3 1322854645828 308 6403906200510333949
HIT 3 1739466473540 405 17451199910028229610
HIT 3 2156078301252 502 17793390486037370294
HIT 3 1322854711364 308 12343860773007882348
HIT 3 1739466539076 405 10360161656493218001
HIT 3 2156078366788 502 10450053886586988016
HIT 3 1322854776900 308 10614824052646346163
HIT 3 1739466604612 405 5155196698238025180
HIT 3 2156078432324 502 13886684760651013891
HIT 3 1322854842436 308 8132100222173164081
HIT 3 1739466670148 405 9495147441211222541
HIT 3 2156078497860 502 3390967082076259158
HIT 3 1322854907972 308 8177167362914234068
HIT 3 1739466735684 405 13593323495239007057
HIT 3 2156078563396 502 524400932223109509
HIT 3 1322854973508 308 14243495537673855954
HIT 3 1739466801220 405 5360666420153593682
HIT 3 2156078628932 502 8115477658339974281
HIT 3 1322855039044 308 2920374629429469845
HIT 3 1739466866756 405 15280923795597885292
HIT 3 2156078694468 502 5741783065500711910
HIT 3 1322855104580 308 12039494062438071909
HIT 3 1739466932292 405 17488178202439387946
HIT 3 2156078760004 502 17095704299172460933
HIT 3 1322855170116 308 10401271928317897864
HIT 3 1739466997828 405 10533457642196931393
HIT 3 2156078825540 502 12266499947938760070
HIT 3 1322855235652 308 16031743252830357718
HIT 3 1739467063364 405 15423667064333675321
HIT 3 2156078891076 502 1748975412339327712
HIT 3 1322855301188 308 14337632364017321071
HIT 3 1739467128900 405 10319329059901868689
HIT 3 2156078956612 502 9970680161396569576
HIT 3 1322855366724 308 287442637798157849
HIT 3 1739467194436 405 3489244415626941740
HIT 3 2156079022148 502 6278900576454576899
HIT 3 1322855432260 308 11392895252542031130
HIT 3 1739467259972 405 3845255938084339257
HIT 3 2156079087684 502 9373294076605882135
HIT 3 1322855497796 308 5346020404404499379
HIT 3 1739467325508 405 5295074158665249008
HIT 3 2156079153220 502 12451543502198092440
HIT 3 1322855563332 308 11752675248516670746
HIT 3 1739467391044 405 18082135738658686138
HIT 3 2156079218756 502 9137170296662928265
HIT 3 1322855628868 308 4876783979077718809
HIT 3 1739467456580 405 15434765419505675540
HIT 3 2156079284292 502 10591447351409097241
HIT 3 1322855694404 308 5056392017247145255
HIT 3 1739467522116 405 48268816863119733
HIT 3 2156079349828 502 12171151843374868398
HIT 3 1322855759940 308 2412151380983637386
HIT 3 1739467587652 405 6905095436547122055
HIT 3 2156079415364 502 2407052816248647391
HIT 3 1322855825476 308 14434294819852094109
HIT 3 1739467653188 405 12915461716874524271
HIT 3 2156079480900 502 4435170521604996983
HIT 3 1322855891012 308 2895016562355220334
HIT 3 1739467718724 405 12623448196864301993
HIT 3 2156079546436 502 2159901498479514452
HIT 3 1322855956548 308 16301419553662428985
HIT 3 1739467784260 405 3112518055288930665
HIT 3 2156079611972 502 4198408353654903022
HIT 3 1322856022084 308 18361602058057171083
HIT 3 1739467849796 405 14755990121983395878
HIT 3 2156079677508 502 12158376421523815951
HIT 3 1322856087620 308 13459496172981615949
HIT 3 1739467915332 405 6963646904408929643
HIT 3 2156079743044 502 153637227622011717
HIT 3 1322856153156 308 5888073242037359367
HIT 3 1739467980868 405 16706144480344951794
HIT 3 2156079808580 502 77220920913187823
HIT 3 1322856218692 308 16327130128933763638
HIT 3 1739468046404 405 2532732153683325294
HIT 3 2156079874116 502 15392807677298831980
HIT 3 1322856284228 308 15483256891771344822
HIT 3 1739468111940 405 11417564849645710930
HIT 3 2156079939652 502 10793227268472482424
HIT 3 1322856349764 308 14030665658189143577
HIT 3 1739468177476 405 13262073576940702452
HIT 3 2156080005188 502 12778488366461963243
HIT 3 1322856415300 308 17469781939346147279
HIT 3 1739468243012 405 9991082564052242209
HIT 3 2156080070724 502 3003074870222060850
HIT 3 1322856480836 308 14879434547986899193
HIT 3 1739468308548 405 15955757195033238722
HIT 3 2156080136260 502 5663514707740119721
HIT 3 1322856546372 308 14769084345432675186
HIT 3 1739468374084 405 11197881023675758972
HIT 3 2156080201796 502 4158269052794966617
HIT 3 1322856611908 308 472130589257057390
HIT 3 1739468439620 405 6531392861169863876
HIT 3 2156080267332 502 17061767772905031044
HIT 3 1322856677444 308 3076700310127069600
HIT 3 1739468505156 405 17235980099491401250
HIT 3 2156080332868 502 13583193780968951152
HIT 3 1322856742980 308 13833515443883769915
HIT 3 1739468570692 405 1390329423946101259
HIT 3 2156080398404 502 13136131623006062133
HIT 3 1322856808516 308 2456664217038156145
HIT 3 1739468636228 405 17535218174959165033
HIT 3 2156080463940 502 17049283753389281291
HIT 3 1322856874052 308 5648519944519737823
HIT 3 1739468701764 405 5494132856607744751
HIT 3 2156080529476 502 15327203316982364181
HIT 3 1322856939588 308 8254218303080161645
HIT 3 1739468767300 405 12940943835634286900
HIT 3 2156080595012 502 5149630627278479332
HIT 3 1322857005124 308 9771115678301635807
HIT 3 1739468832836 405 7180083517727095293
HIT 3 2156080660548 502 1316962242091220515
HIT 3 1322857070660 308 6692741994821856307
HIT 3 1739468898372 405 11791216907134886770
HIT 3 2156080726084 502 12336779682194223626
HIT 3 1322857136196 308 6825467398209175851
HIT 3 1739468963908 405 15494618344976956757
HIT 3 2156080791620 502 15139509917305961687
HIT 3 1322857201732 308 504411160758073373
HIT 3 1739469029444 405 16627151688930458582
HIT 3 2156080857156 502 2708559913443743361
HIT 3 1322857267268 308 3627900355316804837
HIT 3 1739469094980 405 9787893903765510250
HIT 3 2156080922692 502 10578285032919025021
HIT 3 1322857332804 308 9447620108370462120
HIT 3 1739469160516 405 13270387508517997644
HIT 3 2156080988228 502 4906521046283652692
HIT 3 1322857398340 308 14357818456764427328
HIT 3 1739469226052 405 10056839375757706444
HIT 3 2156081053764 502 6661481444168778096
HIT 3 1322857463876 308 6748698747448010524
HIT 3 1739469291588 405 3506726046448341899
HIT 3 2156081119300 502 3536364687651444182
HIT 3 1322857529412 308 7396491538480951120
HIT 3 1739481940035 405 14830352400660525658
HIT 3 2156093767747 502 11923948572019345102
HIT 3 2156100124735 502 11829034955760686762
HIT 3 1739469357124 405 7588482966659811101
HIT 3 2156081184836 502 11125413213589212822
HIT 3 1322857594948 308 1172660877547169084
HIT 3 1739469422660 405 13694079345609819793
HIT 3 2156081250372 502 3785518944715514223
HIT 3 1322857660484 308 18313899654982919317
HIT 3 1739469488196 405 690754613712424644
HIT 3 2156081315908 502 14618456354424308615
HIT 3 1322857726020 308 13634275544523738710
HIT 3 1739469553732 405 5562110563680736472
HIT 3 2156081381444 502 5159790740192912409
HIT 3 1322857791556 308 16770963122479926894
HIT 3 1739469619268 405 17912021132223543229
HIT 3 2156081446980 502 11338360979100869365
HIT 3 1322857857092 308 6837853288247039984
HIT 3 1739469684804 405 2950495081551249980
HIT 3 2156081512516 502 12330342286071282654
HIT 3 1322857922628 308 1901417104215798125
HIT 3 1739469750340 405 9416547659180364330
HIT 3 2156081578052 502 433631574174965477
HIT 3 1322857988164 308 4091091896041883093
HIT 3 1739469815876 405 5415046111393535242
HIT 3 2156081643588 502 5489198714872255767
HIT 3 1322858053700 308 13442400394709749985
HIT 3 1739469881412 405 3023428771307951940
HIT 3 2156081709124 502 3161663479131229985
HIT 3 1322858119236 308 4946799733830211248
HIT 3 1739469946948 405 11185609625192563108
HIT 3 2156081774660 502 15188944062951637200
HIT 3 1322858184772 308 11567887386979916775
HIT 3 1739470012484 405 16856022969100648189
HIT 3 2156081840196 502 12741740588634391212
HIT 3 1322858250308 308 5572812605152698495
HIT 3 1739470078020 405 7949873933771040352
HIT 3 2156081905732 502 18111346489175247471
HIT 3 1322858315844 308 14093826584388500874
HIT 3 1739470143556 405 482813571753060133
HIT 3 2156081971268 502 7869485941063050693
HIT 3 1322858381380 308 14914650077201905626
HIT 3 1739470209092 405 6405882001679667292
HIT 3 2156082036804 502 1943906045985858423
HIT 3 1322858446916 308 3693017471201678699
HIT 3 1739470274628 405 11082896755486276560
HIT 3 2156082102340 502 15487034321778622338
HIT 3 1322858512452 308 16041955554264544996
HIT 3 1739470340164 405 2174324629880621058
HIT 3 2156082167876 502 3150318733924739290
HIT 3 1322858577988 308 303142376287222246
HIT 3 1739470405700 405 8511322936648246528
HIT 3 2156082233412 502 6650904401563926781
HIT 3 1322858643524 308 3426086579642797848
HIT 3 1739470471236 405 10054925376651348292
HIT 3 2156082298948 502 17417209127513296725
HIT 3 1322858709060 308 10497402980917256814
HIT 3 1739470536772 405 9864771416109913872
HIT 3 2156082364484 502 11644775489337313553
HIT 3 1322858774596 308 8684330074459086441
HIT 3 1314264580165 306 10928804285774694743
HIT 3 1322854514757 308 15542896609149018261
HIT 3 1327149482053 309 14194472428467396705
HIT 3 1331444449349 310 11982954084403292196
HIT 3 1739470602308 405 5422703945913183143
HIT 3 1730876407877 403 5340754455686637712
HIT 3 1735171375173 404 12595255777034924792
HIT 3 1739466342469 405 6737868164130015781
HIT 3 1748056277061 407 8852041052199365727
HIT 3 2156082430020 502 10527619697490410619
HIT 3 2147488235589 500 9418739780647620859
HIT 3 2156078170181 502 3374372254291242791
HIT 3 2160373137477 503 539887796999653016
HIT 3 2164668104773 504 1254237032659975801
HIT 3 309242298437 72 9703155374480198553
HIT 3 1322858840132 308 4681293094847581471
HIT 3 1739470667844 405 5505785435654061460
HIT 3 1322854580293 308 12343860773007882348
HIT 3 2156082495556 502 13502290941436039070
HIT 3 1739466408005 405 10360161656493218001
HIT 3 1322858905668 308 1084127047432590842
HIT 3 2156078235717 502 10450053886586988016
HIT 3 1739470733380 405 10491469580877233258
HIT 3 2156082561092 502 16737602678290591510
HIT 3 1322854645829 308 2161510694482390427
HIT 3 1322858971204 308 13627613252922771479
HIT 3 1739466473541 405 10191217842398397415
HIT 3 1739470798916 405 12448733384735662901
HIT 3 2156078301253 502 17988720236297435751
HIT 3 2156082626628 502 15233016193189105241
HIT 3 1322859036740 308 210503515097973165
HIT 3 1739470864452 405 1321027242444821177
HIT 3 2156082692164 502 3339617660114459379
HIT 3 1322859102276 308 10907917496862431912
HIT 3 1739470929988 405 15118743892161419426
HIT 3 2156082757700 502 15902732332884868881
HIT 3 1322859167812 308 1931258544347194004
HIT 3 1739470995524 405 8086995683976710218
HIT 3 2156082823236 502 6652945229496565292
HIT 3 1322859233348 308 6609195819683083555
HIT 3 1739471061060 405 3007864767032039070
HIT 3 2156082888772 502 4476114254971486896
HIT 3 1322859298884 308 3845377909535943878
HIT 3 1739471126596 405 2894777737583146346
HIT 3 2156082954308 502 17945475109772319125
HIT 3 1322859364420 308 3527513345731033982
HIT 3 1739471192132 405 2286926473336527883
HIT 3 2156083019844 502 7641095430256167556
HIT 3 1739481808962 405 657243430590184008
HIT 3 2156093636674 502 9692161636877934153
HIT 3 1322859429956 308 1932276278664217224
HIT 3 1739471257668 405 7188817427691725950
HIT 3 1730892005442 403 7171790857884230522
HIT 3 1735186972738 404 8230627109885061879
HIT 3 1739481940034 405 8728197031208951974
HIT 3 2156083085380 502 977676590972586782
HIT 3 1748071874626 407 15871865546101685055
HIT 3 2147503833154 500 14874174053156910040
HIT 3 2156093767746 502 6379763304717602657
HIT 3 2160388735042 503 15075109417988255886
HIT 3 2164683702338 504 9543326410460056069
HIT 3 1331460112450 310 2799311093043495606
HIT 3 1322859495492 308 592904685595591101
HIT 3 1739482005570 405 9783528196928802592
HIT 3 1739471323204 405 168085265485811307
HIT 3 2156083150916 502 6037993492244070596
HIT 3 1322859561028 308 7422334255282090563
HIT 3 1739471388740 405 10725358182368675295
HIT 3 2156083216452 502 15739568045301005816
HIT 3 1322859626564 308 10591851250151202818
HIT 3 1739471454276 405 18255133704278525322
HIT 3 2156083281988 502 11876718989569191688
HIT 3 1322859692100 308 7832667904802795602
HIT 3 1739471519812 405 14007583757346801560
HIT 3 2156093833282 502 1557227284542799677
HIT 3 2156100124739 502 11073506990838109414
HIT 3 2156083347524 502 17678209968123129309
HIT 3 1739482071106 405 9460775087401448090
HIT 3 2156093898818 502 14274329366729236520
HIT 3 1322859757636 308 1327099411819124577
HIT 3 1739471585348 405 17173913310701895861
HIT 3 2156083413060 502 13137114971213110599
HIT 3 1322859823172 308 1082957575409638117
HIT 3 1739471650884 405 11409966662080388492
HIT 3 2156083478596 502 13960819037801106683
HIT 3 1322859888708 308 14436505139943294644
HIT 3 1739471716420 405 715607659982652156
HIT 3 2156083544132 502 16286922484346807829
HIT 3 1322859954244 308 4010312285920623893
HIT 3 1739471781956 405 655172555037787463
HIT 3 2156083609668 502 17974728901051729715
HIT 3 1322860019780 308 4501018299991475510
HIT 3 1739471847492 405 663821793198997940
HIT 3 2156083675204 502 8573789129873113010
HIT 3 1322860085316 308 1774628207336796389
HIT 3 1739471913028 405 10330320180299648019
HIT 3 2156083740740 502 530110265953101285
HIT 3 1322860150852 308 9450142418455782615
HIT 3 1739471978564 405 12736583315188684436
HIT 3 2156083806276 502 7549350313975090797
HIT 3 1322860216388 308 5655679615550240503
HIT 3 1739472044100 405 5830609458376865491
HIT 3 2156083871812 502 208380106867547401
HIT 3 1322860281924 308 13915901540729389094
HIT 3 1739472109636 405 9038767052857379530
HIT 3 2156083937348 502 2962406896095229109
HIT 3 1322860347460 308 27117286792568476
HIT 3 1739472175172 405 2007996553466031777
HIT 3 2156084002884 502 13287194254655720170
HIT 3 1322860412996 308 3283875974886983934
HIT 3 1739472240708 405 13785774137343297802
HIT 3 2156084068420 502 1251565540345720717
HIT 3 1322860478532 308 9744147538426111922
HIT 3 1739472306244 405 15132311320016547898
HIT 3 2156084133956 502 7489651359475502474
HIT 3 1322860544068 308 12455646027371985644
HIT 3 1739472371780 405 7473934226021836548
HIT 3 2156084199492 502 6872084175709987591
HIT 3 1322860609604 308 8149396328986695119
HIT 3 1739472437316 405 13146424177422423480
HIT 3 2156084265028 502 2985807644922840888
HIT 3 1322860675140 308 12324874611793688776
HIT 3 1739472502852 405 8366844683205097852
HIT 3 2156084330564 502 15589237743018704203
HIT 3 1322860740676 308 5643418751767417718
HIT 3 1739472568388 405 121848199515623734
HIT 3 2156084396100 502 11830773274135567020
HIT 3 1322860806212 308 6212762679559670013
HIT 3 1739472633924 405 7492652553383286416
HIT 3 2156084461636 502 15528080203551234355
HIT 3 1322860871748 308 14330392897097986533
HIT 3 1739472699460 405 13717666550585323767
HIT 3 2156084527172 502 15022830503512876980
HIT 3 1322860937284 308 6592886722462707710
HIT 3 1739472764996 405 17414085573827423820
HIT 3 2156084592708 502 13510509018265575148
HIT 3 1322861002820 308 3812888949134484022
HIT 3 1739472830532 405 5131292782540752771
HIT 3 2156084658244 502 14630219787863582262
HIT 3 1322861068356 308 16899645936915692833
HIT 3 1739472896068 405 10020851216649927737
HIT 3 2156084723780 502 16266019098519451475
HIT 3 1322861133892 308 7088896182554673651
HIT 3 1739472961604 405 12975705002046582107
HIT 3 2156084789316 502 7212091325640571880
HIT 3 1322861199428 308 15028323628524907687
HIT 3 1739473027140 405 6478746652400945707
HIT 3 2156084854852 502 7974970522913151494
HIT 3 1322861264964 308 13010271002675274563
HIT 3 1739473092676 405 2027425446861556691
HIT 3 2156084920388 502 7195192107172263099
HIT 3 1322861330500 308 6366196566280407079
HIT 3 1739473158212 405 10626095548385488463
HIT 3 2156084985924 502 6577469427209983300
HIT 3 1322861396036 308 12153121181903695156
HIT 3 1739473223748 405 2634585060399444681
HIT 3 2156085051460 502 17237318099339924203
HIT 3 1322861461572 308 5282309335528483289
HIT 3 1739473289284 405 7222484457227862898
HIT 3 2156085116996 502 16496119954244335585
HIT 3 1322861527108 308 14411403218118678629
HIT 3 1739473354820 405 2880229074518539007
HIT 3 2156085182532 502 5969181895039701908
HIT 3 1322861592644 308 3282229727410242660
HIT 3 1739473420356 405 4099717132650798217
HIT 3 2156085248068 502 11730944069355494679
HIT 3 1322861658180 308 7527619241402323493
HIT 3 1739473485892 405 13404949147513019214
HIT 3 2156085313604 502 3001692291023372856
HIT 3 1322861723716 308 10301110058646814982
HIT 3 1739473551428 405 12981502138632705898
HIT 3 2156085379140 502 6483101592265513152
HIT 3 1322861789252 308 11661049376917408614
HIT 3 1739473616964 405 4326421005243113291
HIT 3 2156085444676 502 4398791105387149119
HIT 3 1322861854788 308 11394792519469463426
HIT 3 1739473682500 405 5918986495364334034
HIT 3 2156085510212 502 16341853510203308198
HIT 3 1322861920324 308 4495981181803695279
HIT 3 1739473748036 405 12045102207268873110
HIT 3 2156085575748 502 3908631708231952394
HIT 3 1322861985860 308 10006137736521668720
HIT 3 1739473813572 405 11894532601741790422
HIT 3 2156085641284 502 927216123608537543
HIT 3 1322862051396 308 1460994030742492479
HIT 3 1739473879108 405 9752374939584282185
HIT 3 2156085706820 502 952094067966473843
HIT 3 1322862116932 308 1011033772937750714
HIT 3 1739473944644 405 12458216691299984962
HIT 3 2156085772356 502 18247170007648383376
HIT 3 1322862182468 308 3881164909154727965
HIT 3 1739474010180 405 5240183746410111693
HIT 3 2156099993666 502 14231100444105199263
HIT 3 1748078166082 407 2636636425768074940
HIT 3 2156100059202 502 17175855972551188244
HIT 3 2147510190146 500 6670908797804756958
HIT 3 2156100124738 502 1708210484220704526
HIT 3 2160395092034 503 17074312479979788893
HIT 3 2164690059330 504 15505777241343841872
HIT 3 2156085837892 502 11139745869166488086
HIT 3 2156100255810 502 14033134314710849407
HIT 3 1322862248004 308 15729276544971379973
HIT 3 1739474075716 405 8707836533361372824
HIT 3 2156085903428 502 7305090806409698302
HIT 3 1322862313540 308 13875716044610918367
HIT 3 1739474141252 405 11859185312465614560
HIT 3 2156085968964 502 4486783020795760225
HIT 3 1322862379076 308 2744397977715268826
HIT 3 1739474206788 405 17840628578621035608
HIT 3 2156086034500 502 16122447145573067561
HIT 3 1322862444612 308 11532452520155400341
HIT 3 1739474272324 405 1696128786502457424
HIT 3 2156086100036 502 5539225499110262183
HIT 3 1322862510148 308 9295024381273515090
HIT 3 1739474337860 405 6261696834269116065
HIT 3 2156086165572 502 5734364897981683846
HIT 3 1322862575684 308 16500168316982762363
HIT 3 1739474403396 405 16774798447125233430
HIT 3 2156086231108 502 8782450461218175463
HIT 3 1322862641220 308 4307413748614088862
HIT 3 1739474468932 405 7950083140282549135
HIT 3 2156086296644 502 938316572213764076
HIT 3 1322862706756 308 11150903176629201233
HIT 3 1739474534468 405 18130023587804088966
HIT 3 2156086362180 502 9386819459635382815
HIT 3 1322862772292 308 4795784089742601325
HIT 3 1739474600004 405 5843180692313064284
HIT 3 2156086427716 502 8970094964409246968
HIT 3 1322862837828 308 17548597607445718695
HIT 3 1739474665540 405 7928103634263357238
HIT 3 2156086493252 502 15513338285862637264
HIT 3 1322862903364 308 7135205453604405291
HIT 3 1739474731076 405 13399183556215747807
HIT 3 2156086558788 502 8290906864586351212
HIT 3 1322862968900 308 5225718633709233078
HIT 3 1739474796612 405 14011482319022383596
HIT 3 2156086624324 502 12404901291406847344
HIT 3 1322863034436 308 5365859215519781784
HIT 3 1739474862148 405 1462208267882255885
HIT 3 2156086689860 502 13781383965660626733
HIT 3 1322863099972 308 10723837852959330858
HIT 3 1739474927684 405 9599717467338543865
HIT 3 2156086755396 502 17948492479174124157
HIT 3 1322863165508 308 8217133785763664391
HIT 3 1739474993220 405 17359860399626692767
HIT 3 2164696481858 504 10802985812052125749
HIT 3 2156086820932 502 678138427049427575
HIT 3 1322863231044 308 18410690929844459225
HIT 3 1739475058756 405 7056011064754723937
HIT 3 2156086886468 502 11577597088762922704
HIT 3 1322863296580 308 10777119348707548288
HIT 3 1739475124292 405 7721941076440464250
HIT 3 2156086952004 502 15690240700273285674
HIT 3 1322863362116 308 2404349174194806634
HIT 3 1739475189828 405 1014938370980254267
HIT 3 2156087017540 502 16225569853557982462
HIT 3 1322863427652 308 769098597185517449
HIT 3 1739475255364 405 11977205405320306878
HIT 3 2156087083076 502 1907087990760749091
HIT 3 1322863493188 308 3511180573656592307
HIT 3 1322854645831 308 14885250157827113824
HIT 3 1739475320900 405 13655917207810037849
HIT 3 1739466473543 405 672152572585052851
HIT 3 2156087148612 502 528325589918524037
HIT 3 2156078301255 502 17553744088529794171
HIT 3 1322863558724 308 12813091745705718271
HIT 3 1739475386436 405 12820181511950103496
HIT 3 2156087214148 502 4450180089015080980
HIT 3 1322863624260 308 3960918166272574253
HIT 3 1739475451972 405 9270569902262264265
HIT 3 2156087279684 502 448152941307841658
HIT 3 1322863689796 308 11422852909082907118
HIT 3 1739475517508 405 5235596959732356282
HIT 3 2156087345220 502 5009470494961988865
HIT 3 1322863755332 308 5694868206056211594
HIT 3 1739475583044 405 12996463277933364464
HIT 3 2156087410756 502 1808558047710081101
HIT 3 1322863820868 308 15485129422444361847
HIT 3 1739475648580 405 9840373660811048777
HIT 3 2156087476292 502 1554492543716742978
HIT 3 1322863886404 308 769994467341379678
HIT 3 1739475714116 405 11160142904426498334
HIT 3 2156087541828 502 17448270125436507800
HIT 3 1322863951940 308 13003280221290214436
HIT 3 1739475779652 405 2502265874639485690
HIT 3 2156087607364 502 2556375935174906427
HIT 3 1322864017476 308 4667960826502009562
HIT 3 1739475845188 405 11367003177871085883
HIT 3 2156087672900 502 10619534296789075873
HIT 3 1322864083012 308 987740477733486224
HIT 3 1739475910724 405 5436957563244396305
HIT 3 2156087738436 502 15448717901551031121
HIT 3 1322864148548 308 11950559468841580427
HIT 3 1739475976260 405 13451958673109157834
HIT 3 2156087803972 502 11944020163203940124
HIT 3 1322864214084 308 14976998926972492652
HIT 3 1739476041796 405 2048951963445016153
HIT 3 2156087869508 502 12531455080564159149
HIT 3 1322864279620 308 1604928381441722556
HIT 3 1739476107332 405 15115572551257106344
HIT 3 2156087935044 502 10376092404011575793
HIT 3 1322864345156 308 15468338772904471508
HIT 3 1739476172868 405 3526653076261592015
HIT 3 2156088000580 502 16284089652138015455
HIT 3 1322864410692 308 17001333783158062143
HIT 3 1739476238404 405 9642341350926447165
HIT 3 2156088066116 502 2096098462874463287
HIT 3 1322864476228 308 4383012154328792862
HIT 3 1739476303940 405 1649447490233654116
HIT 3 2156088131652 502 5177515067864400627
HIT 3 1322864541764 308 3307321351747307269
HIT 3 1739476369476 405 5089192151364748224
HIT 3 2156088197188 502 15831950156170534724
HIT 3 1322864607300 308 10493574259207435057
HIT 3 1739476435012 405 891069422842571197
HIT 3 2156088262724 502 9168433562449523174
HIT 3 1322864672836 308 10536591388977022466
HIT 3 1739476500548 405 10715004781071351052
HIT 3 2156088328260 502 18078057107310020002
HIT 3 1322864738372 308 15579051445347023441
HIT 3 1739476566084 405 10344794586472714728
HIT 3 2156088393796 502 1067366127887177113
HIT 3 1322864803908 308 6381342750702208379
HIT 3 1739476631620 405 8862927085567071950
HIT 3 2156088459332 502 5409416975667053246
HIT 3 1322864869444 308 11055333524975969577
HIT 3 1739476697156 405 13704058212644591692
HIT 3 2156088524868 502 2589580168149868089
HIT 3 1322864934980 308 2971872118810090217
HIT 3 1739476762692 405 9958313664451455592
HIT 3 2156088590404 502 7894824704868321240
HIT 3 1322865000516 308 5604285539028738861
HIT 3 1739476828228 405 13159801013712735680
HIT 3 2156088655940 502 17508820483610424002
HIT 3 1322865066052 308 15180093238977798579
HIT 3 1739476893764 405 5098739403963550640
HIT 3 2156088721476 502 2529715256173647274
HIT 3 1322865131588 308 17937683638026675003
HIT 3 1739476959300 405 1341447405117334845
HIT 3 2156088787012 502 16450367026518553149
HIT 3 1322865197124 308 13261479897655075301
HIT 3 1739477024836 405 3421191999273917645
HIT 3 2156088852548 502 11321679152337814587
HIT 3 1322865262660 308 9820747652878833608
HIT 3 1739477090372 405 10182523219895049284
HIT 3 2156088918084 502 16430952361887969635
HIT 3 1322865328196 308 15755401820821162969
HIT 3 1739477155908 405 5443597579993683160
HIT 3 2156088983620 502 10716493378019522072
HIT 3 1322865393732 308 9953282764054821760
HIT 3 1739477221444 405 16805387084809399946
HIT 3 2156089049156 502 14389956519923294800
HIT 3 1322865459268 308 3919680351554347303
HIT 3 1739477286980 405 3407221720610871851
HIT 3 2156089114692 502 237879595170055927
HIT 3 1322865524804 308 6606672334714881426
HIT 3 1739477352516 405 3574502341170803540
HIT 3 2156089180228 502 10100370485812306981
HIT 3 1322865590340 308 7218981608781968189
HIT 3 1739477418052 405 9650337721681265299
HIT 3 2156089245764 502 8902694485785026425
HIT 3 1322865655876 308 4842856983992220424
HIT 3 1739477483588 405 4497017326146147038
HIT 3 2156089311300 502 10172769114113873609
HIT 3 1322865721412 308 13789323032624054491
HIT 3 1739477549124 405 9887725815035005882
HIT 3 2156089376836 502 14966631380989482
HIT 3 1322865786948 308 405219113487062969
HIT 3 1739477614660 405 11977455257569912772
HIT 3 2156089442372 502 3077493742179256994
HIT 3 1322865852484 308 13032556108714252585
HIT 3 1739477680196 405 16991593829215445526
HIT 3 2156089507908 502 12266742942995843364
HIT 3 1322865918020 308 9031191779620084369
HIT 3 1739477745732 405 14881539739812285109
HIT 3 2156089573444 502 8859363748821346963
HIT 3 1322865983556 308 12090478712939407226
HIT 3 1739477811268 405 18304084939262699946
HIT 3 2156089638980 502 15911171820187267086
HIT 3 1322866049092 308 1142425686618444538
HIT 3 1739477876804 405 16958884327508256117
HIT 3 2156089704516 502 4507506375867217987
HIT 3 1322866114628 308 12695331232471074931
HIT 3 1739477942340 405 17208731272810340735
HIT 3 2156089770052 502 13310532697341908549
HIT 3 1322866180164 308 12547600763454846586
HIT 3 1739478007876 405 1052384520938413891
HIT 3 2156089835588 502 11794478304527531859
HIT 3 1322866245700 308 11748064269266084316
HIT 3 1739478073412 405 14355607248148791945
HIT 3 2156089901124 502 14621523474993677733
HIT 3 1322866311236 308 16044094446549477574
HIT 3 1739478138948 405 2157036769792423782
HIT 3 2156089966660 502 6246064221242118733
HIT 3 1322866376772 308 18120809941050576472
HIT 3 1739478204484 405 17691063737874560361
HIT 3 2156090032196 502 18265610555216878543
HIT 3 1322866442308 308 13201591503756485505
HIT 3 1739478270020 405 12988544815692236547
HIT 3 2156090097732 502 5849629063191380218
HIT 3 1322866507844 308 6315788796918707312
HIT 3 1739478335556 405 2232106057136590157
HIT 3 2156090163268 502 171358236908700387
HIT 3 1322866573380 308 13419642427530480644
HIT 3 1739478401092 405 10338606718332355294
HIT 3 2156090228804 502 2432488093200217884
HIT 3 1322866638916 308 3134944612758813739
HIT 3 1739478466628 405 16496009167497018773
HIT 3 2156090294340 502 16237090894659049089
HIT 3 1322866704452 308 5801814553970058916
HIT 3 1739478532164 405 17362270243664261882
HIT 3 2156090359876 502 8025164824286862220
HIT 3 1322866769988 308 15122813821511385448
HIT 3 1739478597700 405 4881816495069644823
HIT 3 2156090425412 502 12601010469507688243
HIT 3 1322866835524 308 11533221534808062880
HIT 3 1739478663236 405 7062892958038616232
HIT 3 2156090490948 502 270602165401772485
HIT 3 1322866901060 308 10030967988401304466
HIT 3 1739478728772 405 9264242519011018563
HIT 3 2156090556484 502 17085194415837052840
HIT 3 1322866966596 308 2513265002153648558
HIT 3 1739478794308 405 2657771279419225323
HIT 3 2156090622020 502 9944317838441573483
HIT 3 1322867032132 308 11091302272697224350
HIT 3 1739478859844 405 15203851948343370987
HIT 3 2156090687556 502 16474006666115584633
HIT 3 1322867097668 308 6224662096868941033
HIT 3 1739478925380 405 14958775723826071931
HIT 3 2156090753092 502 5057036802431735557
HIT 3 1322867163204 308 2109804885843537943
HIT 3 1739478990916 405 14574440561216938034
HIT 3 2156090818628 502 12792828556719136920
HIT 3 1322867228740 308 5168228903214547478
HIT 3 1739479056452 405 11946681857166379503
HIT 3 2156090884164 502 2017620745027876985
HIT 3 1322867294276 308 11168076166872790189
HIT 3 1739479121988 405 2839225257938446987
HIT 3 2156090949700 502 8204977030968151732
HIT 3 1322867359812 308 8156820086307507984
HIT 3 1739479187524 405 17645857909218074389
HIT 3 2156091015236 502 4556768632754890925
HIT 3 1322867425348 308 7165942915077409110
HIT 3 1739479253060 405 15094988546644520402
HIT 3 2156091080772 502 18032791962774509981
HIT 3 1322867490884 308 5242670498332704974
HIT 3 1739479318596 405 240733684867520121
HIT 3 2156091146308 502 13858188094948818969
HIT 3 1322867556420 308 2919798218257010623
HIT 3 1739479384132 405 16497452438782212163
HIT 3 2156091211844 502 16719584528462456382
HIT 3 1322867621956 308 5926351116838437600
HIT 3 1739479449668 405 4895658113060078656
HIT 3 2156091277380 502 11586545322269357587
HIT 3 1322867687492 308 16899164677880638687
HIT 3 1739479515204 405 13963934997426732581
HIT 3 2156091342916 502 5190931787323754125
HIT 3 1322867753028 308 5842106927242607316
HIT 3 1739479580740 405 8780020708500397857
HIT 3 2156091408452 502 3867508803359974540
HIT 3 1322867818564 308 9448519165468671381
HIT 3 1739479646276 405 616894318614556460
HIT 3 2156091473988 502 1768190859553763323
HIT 3 1322867884100 308 17864514613422440889
HIT 3 1739479711812 405 11643356011637657696
HIT 3 2156091539524 502 10275638876241387452
HIT 3 1322867949636 308 4190301790991066318
HIT 3 1739479777348 405 15824301270078344947
HIT 3 2156091605060 502 13841524823684620276
HIT 3 1322868015172 308 13790548062623915316
HIT 3 1739479842884 405 9984163341420226070
HIT 3 2156091670596 502 3769786380396553660
HIT 3 1322868080708 308 6309704172801521672
HIT 3 1739479908420 405 14755146829486974185
HIT 3 2156091736132 502 18411699383884677133
HIT 3 1322868146244 308 10998029051562004965
HIT 3 1739479973956 405 11660496667631386838
HIT 3 2156091801668 502 14401183972485208207
HIT 3 1322868211780 308 4291761477941845412
HIT 3 1739480039492 405 13777005023209519808
HIT 3 2156091867204 502 3871347064508488225
HIT 3 1322868277316 308 13075499434758925259
HIT 3 1739480105028 405 11064791308146631419
HIT 3 2156091932740 502 3277144568039743324
HIT 3 1322868342852 308 9016660941784173755
HIT 3 1739480170564 405 9781692645279864392
HIT 3 2156091998276 502 2339684467648713923
HIT 3 1322868408388 308 175156372962260380
HIT 3 1739480236100 405 14946843317906226421
HIT 3 2156092063812 502 9142281368410391701
HIT 3 1322868473924 308 17613733304500871135
HIT 3 1739480301636 405 13317457071090523390
HIT 3 2156092129348 502 6343317264400088049
HIT 3 1322868539460 308 6341098606206737497
HIT 3 1739480367172 405 17161801077982368734
HIT 3 2156092194884 502 2529947354731460573
HIT 3 1322868604996 308 5303030762839899954
HIT 3 1739480432708 405 5237864729811982561
HIT 3 2156092260420 502 7690990848710072484
HIT 3 1322868670532 308 16088941054829749229
HIT 3 1739480498244 405 17801292541515429857
HIT 3 2156092325956 502 797527544219983941
HIT 3 1322868736068 308 13422029815834850833
HIT 3 1739480563780 405 9944607970738331303
HIT 3 2156092391492 502 15688641931336312631
HIT 3 1322868801604 308 2463423338550628540
HIT 3 1739480629316 405 15520615798639062674
HIT 3 2156092457028 502 12413942319380381605
HIT 3 1322868867140 308 11848644104838708581
HIT 3 1739480694852 405 1395002807967000383
HIT 3 2156092522564 502 12568444267312143767
HIT 3 1322868932676 308 12821801393922942717
HIT 3 1739480760388 405 5564567218217592213
HIT 3 2156092588100 502 8783777154320420372
HIT 3 1322868998212 308 1274547564967192792
HIT 3 1739480825924 405 8222153534426142843
HIT 3 2156092653636 502 14594007749440450994
HIT 3 1322869063748 308 9828255636466874714
HIT 3 1739480891460 405 6377928774734435504
HIT 3 2156092719172 502 4513424060424809724
HIT 3 1322869129284 308 11108065730175538502
HIT 3 1739480956996 405 14980435651235135549
HIT 3 2156092784708 502 4159782966659701785
HIT 3 1322869194820 308 154597468204948611
HIT 3 1739481022532 405 6411909772906894314
HIT 3 2156092850244 502 10836515965594644491
HIT 3 1322869260356 308 3986100073376242803
HIT 3 1739481088068 405 355142901165864827
HIT 3 2156092915780 502 13158607982582988294
HIT 3 1322869325892 308 11763987242613143295
HIT 3 1739481153604 405 11463558965232966842
HIT 3 2156092981316 502 2975165079642949852
HIT 3 1322869391428 308 11733308869190929907
HIT 3 1739481219140 405 16565206266209848114
HIT 3 2156093046852 502 9051427403155707291
HIT 3 1322869456964 308 14123126403918906906
HIT 3 1739481284676 405 15774552054703300322
HIT 3 2156093112388 502 11109325730836049361
HIT 3 1322869522500 308 12612599300719464185
HIT 3 1739481350212 405 13820044889342160290
HIT 3 2156093177924 502 2163035924068817502
HIT 3 1322869588036 308 5486047832572123787
HIT 3 1739481415748 405 9723155423385551032
HIT 3 2156093243460 502 6897997123213112430
HIT 3 1322869653572 308 12607070136159194587
HIT 3 1739481481284 405 17405142439918142041
HIT 3 2156093308996 502 12312114986630710009
HIT 3 1322869719108 308 16011448140142734729
HIT 3 1739481546820 405 6583624029586133625
HIT 3 2156093374532 502 10348023856525743534
HIT 3 1322869784644 308 5002570793800299703
HIT 3 1739481612356 405 6986893860605978424
HIT 3 2156093440068 502 3477267673474550133
HIT 3 1314279915588 306 12885895136845882849
HIT 3 1322869850180 308 18292123336956241358
HIT 3 1739481677892 405 10268726832644811250
HIT 3 2156093505604 502 4785826831686255234
HIT 3 1322869915716 308 12885895136845882849
HIT 3 1739481743428 405 944883541638184225
HIT 3 2156093571140 502 2477953504421388339
HIT 3 1322869981252 308 7435783369603184603
HIT 3 1730891874372 403 6060074047796597579
HIT 3 1735186841668 404 10794973797600728191
HIT 3 1739481808964 405 265333142201234140
HIT 3 1748071743556 407 1450980871669069817
HIT 3 2147503702084 500 5466311252558702885
HIT 3 2156093636676 502 2544742086736811291
HIT 3 2160388603972 503 13887657277192494543
HIT 3 2164683571268 504 12470165039777828444
HIT 3 1322870046788 308 10928804285774694743
HIT 3 1331459981380 310 7435783369603184603
HIT 3 1739481874500 405 10021366109587183435
HIT 3 2156093702212 502 4490118552814705533
HIT 3 1331460046916 310 17988422400909324797
HIT 3 1335755014212 311 14194472428467396705
HIT 3 1340049981508 312 3709967421911797767
HIT 3 1344344948804 313 800930270877248651
HIT 3 1348639916100 314 10641456358620431095
HIT 3 1352934883396 315 7295780241873019997
HIT 3 1357229850692 316 8152512954865999453
HIT 3 1361524817988 317 16000714386209284150
HIT 3 1365819785284 318 5408822510491014271
HIT 3 1370114752580 319 12300602549377437948
HIT 3 1374409719876 320 5809664626921597385
HIT 3 1378704687172 321 13780532834691561491
HIT 3 1382999654468 322 11170878937117948085
HIT 3 1387294621764 323 3479873428532249488
HIT 3 1391589589060 324 17236767158444351001
HIT 3 1395884556356 325 2635461240148556773
HIT 3 1400179523652 326 16634145904823727988
HIT 3 1404474490948 327 778413119001869118
HIT 3 1408769458244 328 551060030925203426
HIT 3 1413064425540 329 2155471573196923608
HIT 3 1417359392836 330 1896341390251428799
HIT 3 1421654360132 331 6190552447896962940
HIT 3 1425949327428 332 3110751759468346240
HIT 3 1430244294724 333 10535387195481921801
HIT 3 1434539262020 334 17176993222767041
HIT 3 1438834229316 335 6509613861189659308
HIT 3 1443129196612 336 2992227156460777454
HIT 3 1447424163908 337 3626080366865714113
HIT 3 1451719131204 338 4799176818176031375
HIT 3 1456014098500 339 405834567723489978
HIT 3 1460309065796 340 13735232242822176592
HIT 3 1464604033092 341 15231415538612431489
HIT 3 1468899000388 342 7387590411224490147
HIT 3 1473193967684 343 14534733693463079546
HIT 3 1477488934980 344 6185901229762895399
HIT 3 1481783902276 345 14307036025513151913
HIT 3 1486078869572 346 8184904569556991896
HIT 3 1490373836868 347 16445504961370465796
HIT 3 1494668804164 348 11719297500877053579
HIT 3 1498963771460 349 2084351609307228167
HIT 3 1503258738756 350 3375694102469582597
HIT 3 1507553706052 351 8505525839807280056
HIT 3 1511848673348 352 5545659549783710779
HIT 3 1516143640644 353 17408590151936115906
HIT 3 1520438607940 354 16313474006998759068
HIT 3 1524733575236 355 7466614935425438131
HIT 3 1529028542532 356 9524899493718226692
HIT 3 1533323509828 357 15427085438015875003
HIT 3 1537618477124 358 14183257946844151690
HIT 3 1541913444420 359 18369503605128470119
HIT 3 1546208411716 360 7979281064572994255
HIT 3 1550503379012 361 3080009239925162805
HIT 3 1554798346308 362 13161074086736145732
HIT 3 1559093313604 363 9395667958146483933
HIT 3 1563388280900 364 8583381499271782522
HIT 3 1567683248196 365 11775296864081720943
HIT 3 1571978215492 366 5725842181123117762
HIT 3 1576273182788 367 18257519474902924461
HIT 3 1580568150084 368 15676593079969425213
HIT 3 1584863117380 369 14323889062314987449
HIT 3 1589158084676 370 15975697510160294922
HIT 3 1593453051972 371 14772609625866287940
HIT 3 1597748019268 372 16654281967790817831
HIT 3 1602042986564 373 16551717170617505418
HIT 3 1606337953860 374 3089326168825982827
HIT 3 1610632921156 375 4346472824670970318
HIT 3 1614927888452 376 11648497265923341363
HIT 3 1619222855748 377 17528623626314287491
HIT 3 1623517823044 378 1109703100898259105
HIT 3 1627812790340 379 1857593278707026529
HIT 3 1632107757636 380 10849562011974458050
HIT 3 1636402724932 381 14067526572745673105
HIT 3 1640697692228 382 1982788419112665391
HIT 3 1644992659524 383 11060420543428211459
HIT 3 1649287626820 384 5721508325725027582
HIT 3 1653582594116 385 16459760657474842567
HIT 3 1657877561412 386 15644512550138922738
HIT 3 1662172528708 387 14669125009063075125
HIT 3 1666467496004 388 17026070428688344831
HIT 3 1670762463300 389 5287894646125576620
HIT 3 1675057430596 390 13068686302885309147
HIT 3 1679352397892 391 3414912748376104093
HIT 3 1683647365188 392 17374573257731177126
HIT 3 1687942332484 393 17676077877288963733
HIT 3 1692237299780 394 16099730385672275406
HIT 3 1696532267076 395 2165426707970476548
HIT 3 1700827234372 396 13345005545328103630
HIT 3 1705122201668 397 5185627039307027138
HIT 3 1709417168964 398 15900610814575376645
HIT 3 1713712136260 399 13314879587604998575
HIT 3 1718007103556 400 10585240683185490385
HIT 3 1722302070852 401 12015341949413246471
HIT 3 1726597038148 402 16955917173001999504
HIT 3 1730892005444 403 6117949637822766698
HIT 3 1735186972740 404 547548408547109416
HIT 3 1739481940036 405 1502500174359839373
HIT 3 1743776907332 406 16502258798179175137
HIT 3 1748071874628 407 2515002727007102797
HIT 3 1752366841924 408 3373069369867180633
HIT 3 1756661809220 409 12736943449258193846
HIT 3 1760956776516 410 4164840561040810665
HIT 3 1765251743812 411 10804850702974685967
HIT 3 1769546711108 412 2116557649364627037
HIT 3 1773841678404 413 15445625094624955204
HIT 3 1778136645700 414 9649265435426601881
HIT 3 1782431612996 415 1950275727040435115
HIT 3 1786726580292 416 10121442286452288551
HIT 3 1791021547588 417 17385196323184017544
HIT 3 1795316514884 418 11933863291857650306
HIT 3 1799611482180 419 8984501232882929322
HIT 3 1803906449476 420 16161430109364946827
HIT 3 1808201416772 421 2911573538821034982
HIT 3 1812496384068 422 15928453109990293509
HIT 3 1816791351364 423 15504870824862863848
HIT 3 1821086318660 424 7027390965618248063
HIT 3 1825381285956 425 9341451883941430991
HIT 3 1829676253252 426 12754872717773610784
HIT 3 1833971220548 427 12277895986648752167
HIT 3 1838266187844 428 7757441884575791130
HIT 3 1842561155140 429 4265401147638847956
HIT 3 1846856122436 430 3767544345172712587
HIT 3 1851151089732 431 9077531838423996310
HIT 3 1855446057028 432 2468390897783505623
HIT 3 1859741024324 433 11135465415608851779
HIT 3 1864035991620 434 16343253721986970432
HIT 3 1868330958916 435 12878116273622766274
HIT 3 1872625926212 436 1564184266830652247
HIT 3 1876920893508 437 16357308632583962944
HIT 3 1881215860804 438 1965340194731443035
HIT 3 1885510828100 439 9745214486815429493
HIT 3 1889805795396 440 169594978045883672
HIT 3 1894100762692 441 6337512517356059495
HIT 3 1898395729988 442 13905961448883113263
HIT 3 1902690697284 443 12270421884958625149
HIT 3 1906985664580 444 1871799347864686217
HIT 3 1911280631876 445 5459181154682868038
HIT 3 1915575599172 446 8079308806004768845
HIT 3 1919870566468 447 17911995944105381230
HIT 3 1924165533764 448 4395555377765856232
HIT 3 1928460501060 449 12076901442469574204
HIT 3 1932755468356 450 14838948761986847798
HIT 3 1937050435652 451 6613014261504265163
HIT 3 1941345402948 452 14363819484376967663
HIT 3 1945640370244 453 15232502242897764943
HIT 3 1949935337540 454 5804448054580427873
HIT 3 1954230304836 455 14387293213276603275
HIT 3 1958525272132 456 7042328655865823967
HIT 3 1962820239428 457 11352146416782677257
HIT 3 1967115206724 458 8200632401246235233
HIT 3 1971410174020 459 9270627469570176318
HIT 3 1975705141316 460 13395241000615422056
HIT 3 1980000108612 461 6974567004760477802
HIT 3 1984295075908 462 6726451726369233093
HIT 3 1988590043204 463 17563318630380104694
HIT 3 1992885010500 464 8654997601857745842
HIT 3 1997179977796 465 12048971570967623312
HIT 3 2001474945092 466 2248071153727410773
HIT 3 2005769912388 467 16654806715342010698
HIT 3 2010064879684 468 10477386530564697619
HIT 3 2014359846980 469 8697600483501874197
HIT 3 2018654814276 470 3283340875331325405
HIT 3 2022949781572 471 12793938851633454916
HIT 3 2027244748868 472 14472507366459693425
HIT 3 2031539716164 473 17424023569158541462
HIT 3 2035834683460 474 16897130067074176782
HIT 3 2040129650756 475 9868728752033094168
HIT 3 2044424618052 476 15416360300002462762
HIT 3 2048719585348 477 16875829899878219722
HIT 3 2053014552644 478 1810879373755294143
HIT 3 2057309519940 479 16846858145817589193
HIT 3 2061604487236 480 11709530609625012494
HIT 3 2065899454532 481 17783213545121636340
HIT 3 2070194421828 482 5235701645781180782
HIT 3 2074489389124 483 17217171624133789572
HIT 3 2078784356420 484 4874093332971951363
HIT 3 2083079323716 485 15306058247001189340
HIT 3 2087374291012 486 12181028914245630853
HIT 3 2091669258308 487 4062662476372561257
HIT 3 2095964225604 488 17418280294446159953
HIT 3 2100259192900 489 5269468979442736979
HIT 3 2104554160196 490 6124584184863116446
HIT 3 2108849127492 491 14089962951845456005
HIT 3 2113144094788 492 13239329111292668698
HIT 3 2117439062084 493 736913558048496359
HIT 3 2121734029380 494 17535344672847221866
HIT 3 2126028996676 495 14130512429974356250
HIT 3 2130323963972 496 7731977268063812901
HIT 3 2134618931268 497 16075229542905367078
HIT 3 2138913898564 498 5804057267580602236
HIT 3 2143208865860 499 4317112443286037047
HIT 3 2147503833156 500 11175368595098061125
HIT 3 2151798800452 501 8887586492856126441
HIT 3 2156093767748 502 5126179693123945698
HIT 3 2160388735044 503 2389397658085081702
HIT 3 2164683702340 504 16941818315014369860
HIT 3 2168978669636 505 7656360648841874767
HIT 3 2173273636932 506 17631780343033897861
HIT 3 2177568604228 507 8282422510406061540
HIT 3 2181863571524 508 2971516022994275265
HIT 3 2186158538820 509 10211895200124883787
HIT 3 2190453506116 510 6464959717186812439
HIT 3 2194748473412 511 3395490783294179577
HIT 3 1331460112452 310 15542896609149018261
HIT 3 1335755079748 311 800930270877248651
HIT 3 1340050047044 312 17988422400909324797
HIT 3 1730892070980 403 1495993101966516427
HIT 3 1735187038276 404 6478799814306143664
HIT 3 1739482005572 405 14001590101900148642
HIT 3 1748071940164 407 11404698906036042843
HIT 3 2147503898692 500 11762930568977434511
HIT 3 2156093833284 502 8707243078774838676
HIT 3 2160388800580 503 6833571006136978777
HIT 3 2164683767876 504 11977578996420395127
HIT 3 1730892136516 403 10396139539055257
HIT 3 1735187103812 404 11563010526174324464
HIT 3 1739482071108 405 4747973767756554054
HIT 3 1748072005700 407 18108679640892489197
HIT 3 2147503964228 500 3118198264525231891
HIT 3 2156093898820 502 7157761446180589260
HIT 3 2160388866116 503 15682727928302405324
HIT 3 2164683833412 504 4714574163926628472
HIT 3 1340050178116 312 11982954084403292196
HIT 3 1739482136644 405 3167630836751061025
HIT 3 2156093964356 502 1230469555670206180
HIT 3 1739482202180 405 13329220808109930055
HIT 3 2156094029892 502 1322057285997177180
HIT 3 1739482267716 405 11154202583553774718
HIT 3 2156094095428 502 6354990806440441299
HIT 3 1739482333252 405 3317555261390117644
HIT 3 2156094160964 502 13249036115944224202
HIT 3 1739482398788 405 177125944829918550
HIT 3 2156094226500 502 942346485816348672
HIT 3 1739482464324 405 16752603513230693927
HIT 3 2156094292036 502 15680959922623057851
HIT 3 1739482529860 405 17356132135339312463
HIT 3 2156094357572 502 1240816430820213701
HIT 3 1739482595396 405 12107215952492026365
HIT 3 2156094423108 502 14249904523025230078
HIT 3 1739482660932 405 17754673082765764726
HIT 3 2156094488644 502 6551987168736335950
HIT 3 1739482726468 405 13626761034945936119
HIT 3 2156094554180 502 9749982177462779050
HIT 3 1739482792004 405 3673198896869572020
HIT 3 2156094619716 502 10795163050042309949
HIT 3 1739482857540 405 14039268385785903109
HIT 3 2156094685252 502 228086358499529379
HIT 3 1739482923076 405 12324882097170448304
HIT 3 2156094750788 502 16215412300810501531
HIT 3 1739482988612 405 14375107419747136787
HIT 3 2156094816324 502 8394625968238048007
HIT 3 1739483054148 405 10266895823298593705
HIT 3 2156094881860 502 1172037512265305565
HIT 3 1739483119684 405 17965776602494875164
HIT 3 2156094947396 502 7740628171754119985
HIT 3 1739483185220 405 16681574427145883939
HIT 3 2156095012932 502 15283367177294021714
HIT 3 1739483250756 405 2123468931679472661
HIT 3 2156095078468 502 1171736311217629366
HIT 3 1739483316292 405 15486070410520606001
HIT 3 2156095144004 502 7514738117974797154
HIT 3 1739483381828 405 14631864859987089317
HIT 3 2156095209540 502 3011163227293173128
HIT 3 1739483447364 405 4651682996637939705
HIT 3 2156095275076 502 6734688883458924077
HIT 3 1739483512900 405 12327930056980233474
HIT 3 2156095340612 502 17269154865482918577
HIT 3 1739483578436 405 4792828504005242868
HIT 3 2156095406148 502 11056433571607668375
HIT 3 1739483643972 405 16350375072955403101
HIT 3 2156095471684 502 4896839460005107617
HIT 3 1739483709508 405 3862518272234520335
HIT 3 2156095537220 502 2401457686347736450
HIT 3 1739483775044 405 6753067344514333665
HIT 3 2156095602756 502 18186194184395187330
HIT 3 1739483840580 405 17213529732495144958
HIT 3 2156095668292 502 12237814181055429601
HIT 3 1739483906116 405 1496499748986774171
HIT 3 2156095733828 502 5488837209893670931
HIT 3 1739483971652 405 6513015634236902479
HIT 3 2156095799364 502 2702305344822340199
HIT 3 1739484037188 405 15907447208794833535
HIT 3 2156095864900 502 10017560374436070510
HIT 3 1739484102724 405 164625589577245209
HIT 3 2156095930436 502 13526225027824657854
HIT 3 1739484168260 405 2677134181250767917
HIT 3 2156095995972 502 9161016440129613017
HIT 3 1739484233796 405 11322265187866054780
HIT 3 2156096061508 502 1432252783914590586
HIT 3 1739484299332 405 2367560768650279209
HIT 3 2156096127044 502 1822981611146297647
HIT 3 1739484364868 405 2408516820405071736
HIT 3 2156096192580 502 7222011086858775181
HIT 3 1739484430404 405 1924303228937375170
HIT 3 2156096258116 502 14894975422352475949
HIT 3 1739484495940 405 17662995114858000480
HIT 3 2156096323652 502 10406822306781159531
HIT 3 1739484561476 405 17625773542435167518
HIT 3 2156096389188 502 18223004602064247148
HIT 3 1739484627012 405 13984196691085631892
HIT 3 2156096454724 502 10228607791013437496
HIT 3 1739484692548 405 15467555707385748135
HIT 3 2156096520260 502 14587455923534304395
HIT 3 1739484758084 405 15324853244972595039
HIT 3 2156096585796 502 8214267867917584431
HIT 3 1739484823620 405 9401296020096321582
HIT 3 2156096651332 502 14618933561600259387
HIT 3 1739484889156 405 411623601964945752
HIT 3 2156096716868 502 17376811701069068535
HIT 3 1739484954692 405 8182563098568999869
HIT 3 2156096782404 502 3800623789128102755
HIT 3 1739485020228 405 3027006140487633930
HIT 3 2156096847940 502 1455842161656240344
HIT 3 1739485085764 405 8946935209284325472
HIT 3 2156096913476 502 17398759915563102628
HIT 3 1739485151300 405 11120386648092877244
HIT 3 2156096979012 502 6353179607650357734
HIT 3 1739485216836 405 10401595530381799084
HIT 3 2156097044548 502 10880502850863305273
HIT 3 1739485282372 405 18255189926223335336
HIT 3 2156097110084 502 17821072854571142130
HIT 3 1739485347908 405 6763047576365412734
HIT 3 2156097175620 502 4309695804977088753
HIT 3 1739485413444 405 11058842944859792595
HIT 3 2156097241156 502 11198514762197873896
HIT 3 1739485478980 405 480029753389397897
HIT 3 2156097306692 502 2563985829370968385
HIT 3 1739485544516 405 7649667736904920180
HIT 3 2156097372228 502 10067839093228204631
HIT 3 1739485610052 405 364672005355283048
HIT 3 2156097437764 502 11650678033525236750
HIT 3 1739485675588 405 7201024689322479732
HIT 3 2156097503300 502 5184826375805669726
HIT 3 1739485741124 405 12602215321551939404
HIT 3 2156097568836 502 16604958618546393920
HIT 3 1739485806660 405 961531641157508153
HIT 3 2156097634372 502 12958806071487562147
HIT 3 1739485872196 405 16530070368844855799
HIT 3 2156097699908 502 1604952746179932033
HIT 3 1739485937732 405 13792474623636649192
HIT 3 2156097765444 502 9292398094517980374
HIT 3 1739486003268 405 12894442899610764786
HIT 3 2156097830980 502 13828164270108614745
HIT 3 1739486068804 405 17928514214904530239
HIT 3 2156097896516 502 993095674328528311
HIT 3 1739486134340 405 6945736811404676801
HIT 3 2156097962052 502 5222467585893455270
HIT 3 1739486199876 405 5791910686689349041
HIT 3 2156098027588 502 11472045562861261958
HIT 3 1739486265412 405 11854278089645994673
HIT 3 2156098093124 502 16302504837804747635
HIT 3 1739486330948 405 14912690780377632480
HIT 3 2156098158660 502 16507797711155913294
HIT 3 1739486396484 405 15122327233280057054
HIT 3 2156098224196 502 1580399631241561529
HIT 3 1739486462020 405 16099894439054111131
HIT 3 2156098289732 502 7586602391295435479
HIT 3 1739486527556 405 1164962791678992058
HIT 3 2156098355268 502 1526066479097642487
HIT 3 1739486593092 405 804443084894987086
HIT 3 2156098420804 502 11452425251736993210
HIT 3 1739486658628 405 16887943360515695191
HIT 3 2156098486340 502 18017197167723036399
HIT 3 1739486724164 405 15482408792369546348
HIT 3 2156098551876 502 7668703013572942937
HIT 3 1739486789700 405 16342191920929104507
HIT 3 2156098617412 502 2698991524821957591
HIT 3 1739486855236 405 9456731044123743876
HIT 3 2156098682948 502 14028778970107871058
HIT 3 1739486920772 405 15417418628742653332
HIT 3 2156098748484 502 10223165092922416260
HIT 3 1739486986308 405 10438389869755405545
HIT 3 2156098814020 502 12256310800915891401
HIT 3 1739487051844 405 7062180682413552986
HIT 3 2156098879556 502 17830315612622650594
HIT 3 1739487117380 405 16108797862539348923
HIT 3 2156098945092 502 2814788893684473186
HIT 3 1739487182916 405 1600439199733161277
HIT 3 2156099010628 502 9303567768036966879
HIT 3 1739487248452 405 4575701943670316541
HIT 3 2156099076164 502 11677943526906706653
HIT 3 1739487313988 405 16668875276980412882
HIT 3 2156099141700 502 15834587632222526290
HIT 3 1739487379524 405 11443162292093579730
HIT 3 2156099207236 502 2923576089345924568
HIT 3 1739487445060 405 15027109299258182603
HIT 3 2156099272772 502 2744959466900667240
HIT 3 1739487510596 405 2181038691644528493
HIT 3 2156099338308 502 4225627496710371578
HIT 3 1739487576132 405 14756822194417172689
HIT 3 2156099403844 502 3362467924922592
HIT 3 1739487641668 405 9439797631490352873
HIT 3 2156099469380 502 11422491344705634385
HIT 3 1739487707204 405 1165899781844783622
HIT 3 2156099534916 502 3158255228555986751
HIT 3 1739487772740 405 3638167922154553554
HIT 3 2156099600452 502 1092905896315948779
HIT 3 1739487838276 405 10720923435188381817
HIT 3 2156099665988 502 756471886972473028
HIT 3 1739487903812 405 8144183663759861300
HIT 3 2156099731524 502 6307404666620372722
HIT 3 1739487969348 405 11789210967236220814
HIT 3 2156099797060 502 11687645755622702481
HIT 3 1730898100292 403 11789210967236220814
HIT 3 1739488034884 405 7439476565148119547
HIT 3 2156099862596 502 7571465985790700725
HIT 3 1739488100420 405 5340754455686637712
HIT 3 1748078035012 407 8449068381036226475
HIT 3 2156099928132 502 14681841029723232515
HIT 3 1739488165956 405 8449068381036226475
HIT 3 2147510059076 500 16672946668487516534
HIT 3 2156099993668 502 8550945080227341775
HIT 3 2160394960964 503 14331117019422328322
HIT 3 2164689928260 504 12066270728014848466
HIT 3 1743783198788 406 2847380672844202750
HIT 3 1748078166084 407 6737868164130015781
HIT 3 1756668100676 409 16677196722208209830
HIT 3 2147510124612 500 7865049743646218120
HIT 3 2156100059204 502 10619555933365042680
HIT 3 2160395026500 503 5872264636275516890
HIT 3 2164689993796 504 1501151168471908884
HIT 3 1743783264324 406 12595255777034924792
HIT 3 1748078231620 407 16677196722208209830
HIT 3 1752373198916 408 2847380672844202750
HIT 3 1756668166212 409 18215665309213900358
HIT 3 1760963133508 410 9810609532196431109
HIT 3 1765258100804 411 8215940641715255843
HIT 3 1769553068100 412 15391778051908708629
HIT 3 1773848035396 413 5904909229328762349
HIT 3 1778143002692 414 15148694137562237449
HIT 3 1782437969988 415 555994201145640150
HIT 3 1786732937284 416 8501658470416562939
HIT 3 1791027904580 417 12555806874759061668
HIT 3 1795322871876 418 15343018029788278035
HIT 3 1799617839172 419 14844448783235833210
HIT 3 1803912806468 420 5628320281870499755
HIT 3 1808207773764 421 4448689414321939632
HIT 3 1812502741060 422 1209817859204234947
HIT 3 1816797708356 423 43306016510636662
HIT 3 1821092675652 424 8521704983036561256
HIT 3 1825387642948 425 11251949663823478722
HIT 3 1829682610244 426 16072255308512390930
HIT 3 1833977577540 427 8888169675680439689
HIT 3 1838272544836 428 5191403020537096698
HIT 3 1842567512132 429 13257259436729123983
HIT 3 1846862479428 430 4517173420061428424
HIT 3 1851157446724 431 11198717087727237107
HIT 3 1855452414020 432 5947966267707212220
HIT 3 1859747381316 433 12352117721745267610
HIT 3 1864042348612 434 15604358845271530924
HIT 3 1868337315908 435 4032680854352024734
HIT 3 1872632283204 436 4599292785654210624
HIT 3 1876927250500 437 6340965943156040030
HIT 3 1881222217796 438 13016886327853049556
HIT 3 1885517185092 439 9542869020275151106
HIT 3 1889812152388 440 6729820596409503130
HIT 3 1894107119684 441 2548537266868773573
HIT 3 1898402086980 442 6375346018004535700
HIT 3 1902697054276 443 13680532386292457745
HIT 3 1906992021572 444 7190408531241655071
HIT 3 1911286988868 445 18181135449755906536
HIT 3 1915581956164 446 2912983215872281093
HIT 3 1919876923460 447 16437455345298752624
HIT 3 1924171890756 448 2996182419766993424
HIT 3 1928466858052 449 15403703124981070086
HIT 3 1932761825348 450 493465128636013
HIT 3 1937056792644 451 6289208068391611240
HIT 3 1941351759940 452 12448962685586181195
HIT 3 1945646727236 453 7010326251057114450
HIT 3 1949941694532 454 13300388113245922674
HIT 3 1954236661828 455 3909931263478841998
HIT 3 1958531629124 456 16981145030272553450
HIT 3 1962826596420 457 10901452769410247146
HIT 3 1967121563716 458 3863422320068937089
HIT 3 1971416531012 459 3086769169395396289
HIT 3 1975711498308 460 7668247814372161102
HIT 3 1980006465604 461 4969943214309025488
HIT 3 1984301432900 462 14409532622761586684
HIT 3 1988596400196 463 17982601504819023193
HIT 3 1992891367492 464 11729668685817204129
HIT 3 1997186334788 465 5514495645381134574
HIT 3 2001481302084 466 7341014783065595836
HIT 3 2005776269380 467 10067375819626630435
HIT 3 2010071236676 468 5340025732126714835
HIT 3 2014366203972 469 1176155873156363260
HIT 3 2018661171268 470 13274521613683463897
HIT 3 2022956138564 471 9833706053489163757
HIT 3 2027251105860 472 10026172984843387740
HIT 3 2031546073156 473 655862440180718325
HIT 3 2035841040452 474 2930628126186653949
HIT 3 2040136007748 475 6034222762791786843
HIT 3 2044430975044 476 5784474450048790532
HIT 3 2048725942340 477 9362597007995762224
HIT 3 2053020909636 478 14589403873529681579
HIT 3 2057315876932 479 6905645515956380715
HIT 3 2061610844228 480 17983859359900853531
HIT 3 2065905811524 481 5236024829746743147
HIT 3 2070200778820 482 10573321304793869740
HIT 3 2074495746116 483 8045430390738147813
HIT 3 2078790713412 484 6459890728009555566
HIT 3 2083085680708 485 6546696715730456768
HIT 3 2087380648004 486 10066458811470364982
HIT 3 2091675615300 487 9520047697112781716
HIT 3 2095970582596 488 7845342355874197210
HIT 3 2100265549892 489 12116806322225092958
HIT 3 2104560517188 490 10369855680081301588
HIT 3 2108855484484 491 3079967684727003273
HIT 3 2113150451780 492 12862974349149461872
HIT 3 2117445419076 493 4433477541105039250
HIT 3 2121740386372 494 2767380878115231939
HIT 3 2126035353668 495 906502093508830773
HIT 3 2130330320964 496 8591719984309880788
HIT 3 2134625288260 497 5877082015565324538
HIT 3 2138920255556 498 9253385203764675725
HIT 3 2143215222852 499 17993541329483906226
HIT 3 2147510190148 500 10076150616915404760
HIT 3 2151805157444 501 15932458027966696691
HIT 3 2156100124740 502 2629544473372153099
HIT 3 2160395092036 503 17193187461893624257
HIT 3 2164690059332 504 9656817816965391532
HIT 3 2168985026628 505 10016590175567228112
HIT 3 2173279993924 506 8948428745119096990
HIT 3 2177574961220 507 12337805583389262856
HIT 3 2181869928516 508 10119055308534915760
HIT 3 2186164895812 509 12799256681690711024
HIT 3 2190459863108 510 13250415678877507049
HIT 3 2194754830404 511 9222085085690419512
HIT 3 1756668231748 409 8852041052199365727
HIT 3 2156100190276 502 5287930940046768959
HIT 3 2147510321220 500 10786782605410753212
HIT 3 2156100255812 502 8798648366754716454
HIT 3 2160395223108 503 3465956248679843071
HIT 3 2164690190404 504 10308252115804009198
HIT 3 2156100321348 502 14200105686563301001
HIT 3 2156100386884 502 5850062054665143422
HIT 3 2156100452420 502 11689707571955265084
HIT 3 2156100517956 502 6090378416835574800
HIT 3 2156100583492 502 12250413362106944649
HIT 3 2156100649028 502 17774900295443920520
HIT 3 2156100714564 502 2518312511866755843
HIT 3 2156100780100 502 8700094568190816026
HIT 3 2156100845636 502 2557256614616551196
HIT 3 2156100911172 502 14673884055207118206
HIT 3 2156100976708 502 17826226132541676172
HIT 3 2156101042244 502 3921055156340508874
HIT 3 2156101107780 502 1729043045784880055
HIT 3 2156101173316 502 1232578101641720426
HIT 3 2156101238852 502 5232589854861073517
HIT 3 2156101304388 502 16821748570419337397
HIT 3 2156101369924 502 7610984844463940935
HIT 3 2156101435460 502 11331317640923778333
HIT 3 2156101500996 502 15189981000428940318
HIT 3 2156101566532 502 2773155973905966758
HIT 3 2156101632068 502 9097370390976583188
HIT 3 2156101697604 502 10670876968487675613
HIT 3 2156101763140 502 10838087501989294741
HIT 3 2156101828676 502 11081917571619481667
HIT 3 2156101894212 502 13162481561906935595
HIT 3 2156101959748 502 3288176451500470485
HIT 3 2156102025284 502 2163621620451093331
HIT 3 2156102090820 502 17089834301730707660
HIT 3 2156102156356 502 7939905182111126983
HIT 3 2156102221892 502 17969957002590861914
HIT 3 2156102287428 502 9794989880014011134
HIT 3 2156102352964 502 11823057677538253575
HIT 3 2156102418500 502 9256334824239163590
HIT 3 2156102484036 502 914442942970809801
HIT 3 2156102549572 502 14273412850370426935
HIT 3 2156102615108 502 16122505617109565581
HIT 3 2156102680644 502 2563699356809786834
HIT 3 2156102746180 502 16118310061673597485
HIT 3 2156102811716 502 7959547829704308232
HIT 3 2156102877252 502 16069669737273820852
HIT 3 2156102942788 502 1366574247270354480
HIT 3 2156103008324 502 29885017870926663
HIT 3 2156103073860 502 552256991350189080
HIT 3 2156103139396 502 5887620590858855428
HIT 3 2156103204932 502 14720685722659766006
HIT 3 2156103270468 502 8685241271852133794
HIT 3 2156103336004 502 1116439424153822797
HIT 3 2156103401540 502 5913059499726311030
HIT 3 2156103467076 502 9979547947252163426
HIT 3 2156103532612 502 16358876204036009689
HIT 3 2156103598148 502 14867625275589766018
HIT 3 2156103663684 502 5623337760707263452
HIT 3 2156103729220 502 4547151189187170449
HIT 3 2156103794756 502 4595863560346206257
HIT 3 2156103860292 502 1379258663731218491
HIT 3 2156103925828 502 2518998834781191203
HIT 3 2156103991364 502 781154635996220049
HIT 3 2156104056900 502 5500586260083650582
HIT 3 2156104122436 502 15847333277103692315
HIT 3 2156104187972 502 3360779104196161219
HIT 3 2156104253508 502 8631606014963583595
HIT 3 2156104319044 502 10212912509867313065
HIT 3 2156104384580 502 17638406919497846486
HIT 3 2156104450116 502 2118231594872549727
HIT 3 2156104515652 502 6911499538908602820
HIT 3 2156104581188 502 8333823122643266671
HIT 3 2156104646724 502 5006621863160458871
HIT 3 2156104712260 502 13961460509022082733
HIT 3 2156104777796 502 5623685710239260168
HIT 3 2156104843332 502 11948189715503676147
HIT 3 2156104908868 502 18017146887936128192
HIT 3 2156104974404 502 1839151422051396677
HIT 3 2156105039940 502 12329145249190489143
HIT 3 2156105105476 502 6490587960976795843
HIT 3 2156105171012 502 17174391297299997420
HIT 3 2156105236548 502 18087927795548541329
HIT 3 2156105302084 502 141779199645258286
HIT 3 2156105367620 502 14708361311572433900
HIT 3 2156105433156 502 1378730668068873244
HIT 3 2156105498692 502 14253704067619110692
HIT 3 2156105564228 502 10204973738472788712
HIT 3 2156105629764 502 292531151335849054
HIT 3 2156105695300 502 2808077097114425076
HIT 3 2156105760836 502 5850658552809918016
HIT 3 2156105826372 502 9996264763232810501
HIT 3 2156105891908 502 11837230013293620250
HIT 3 2156105957444 502 17885452676782368639
HIT 3 2156106022980 502 5921097320680551973
HIT 3 2156106088516 502 406894190862120634
HIT 3 2156106154052 502 11987364438208292194
HIT 3 2147516284996 500 8285740798333182953
HIT 3 2156106219588 502 13439017307095171968
HIT 3 2156106285124 502 8285740798333182953
HIT 3 2156106350660 502 13161200545740252214
HIT 3 2156106416196 502 9418739780647620859
HIT 3 2164696350788 504 13161200545740252214
HIT 3 2164696416324 504 298586607644537509
HIT 3 2168991383620 505 539887796999653016
HIT 3 2173286350916 506 16700627196590075683
HIT 3 2177581318212 507 12844660563097074629
HIT 3 2181876285508 508 14788295157564690022
HIT 3 2186171252804 509 17338234505161094984
HIT 3 2190466220100 510 4293541962349558076
HIT 3 2194761187396 511 7878762332568903508
HIT 3 2164696481860 504 3374372254291242791
HIT 3 2168991449156 505 12844660563097074629
HIT 3 2173286416452 506 298586607644537509
HIT 3 2173286547524 506 1254237032659975801
HIT 3 1739481808966 405 4299171817061335674
HIT 3 2156093636678 502 2564923994375955430
HIT 3 1730892005446 403 5588023383695441100
HIT 3 1735186972742 404 13471988622377285612
HIT 3 1739481940038 405 2681401470678986888
HIT 3 1748071874630 407 3890085849772234804
HIT 3 1739481940039 405 17146789118659970561
HIT 3 2156093767751 502 8994140560702588957
HIT 3 2147503833158 500 13252457046515591801
HIT 3 2156093767750 502 3833553651218492202
HIT 3 2160388735046 503 18266952185435175339
HIT 3 2164683702342 504 4736392037402990589
HIT 3 1331460112454 310 14885250157827113824
HIT 3 1739482005574 405 5544587341194054814
HIT 3 2156093833286 502 11874647241509526300
HIT 3 1739482071110 405 12473622263986526528
HIT 3 2156093898822 502 5152564656950740769
HIT 3 2156100124743 502 2511639108749461027
HIT 3 2156099993670 502 17589517294702098721
HIT 3 1748078166086 407 672152572585052851
HIT 3 2156100059206 502 4043231671710285204
HIT 3 2147510190150 500 15427972586397676861
HIT 3 2156100124742 502 6567873148994146001
HIT 3 2160395092038 503 10626863100517818450
HIT 3 2164690059334 504 14999003887558346779
HIT 3 2156100255814 502 5049605437937379041
HIT 3 2164696481862 504 17553744088529794171
HIT 3 1739481808965 405 1700062647422317367
HIT 3 2156093636677 502 6805310180434563087
HIT 3 1730892005445 403 3824172277356087866
HIT 3 1735186972741 404 3558040718124226345
HIT 3 1739481940037 405 11961945744338923496
HIT 3 1748071874629 407 4265638854222966260
HIT 3 2147503833157 500 8574025814746715028
HIT 3 2156093767749 502 18108730014376852330
HIT 3 2160388735045 503 17387089170564596524
HIT 3 2164683702341 504 2679935874117703530
HIT 3 1331460112453 310 10660613834949240164
HIT 3 1739482005573 405 5080970086592874300
HIT 3 2156093833285 502 2469635095923540280
HIT 3 1739482071109 405 14756813135475806006
HIT 3 2156093898821 502 10618148402455412783
HIT 3 2156099993669 502 2646733863572970081
HIT 3 1748078166085 407 12471791940498072061
HIT 3 2156100059205 502 616871443546072886
HIT 3 2147510190149 500 16438117808258439437
HIT 3 2156100124741 502 9894670222466822628
HIT 3 2160395092037 503 17848328957188482165
HIT 3 2164690059333 504 14718097801296112529
HIT 3 2156100255813 502 8314718921638726914
HIT 3 2164696481861 504 7790902212329909665
HIT 3 1739481940040 405 6405623827446577453
HIT 3 2156093767752 502 12214823593473467634
HIT 3 2156100124744 502 12663780147743638852
HIT 3 1739481940041 405 15300749049108712112
HIT 3 2156093767753 502 3729353837595031641
HIT 3 1739481940042 405 7562432177469811958
HIT 3 2156093767754 502 17473505394478133432
HIT 3 2156100124745 502 15307251144560936929
HIT 3 2156100124746 502 3203009743895183875
HIT 3 1739481940043 405 9866995241447952555
HIT 3 2156093767755 502 16598655415981666318
HIT 3 2156100124747 502 618478281766534994
HIT 3 1739481940044 405 10998790522447557678
HIT 3 2156093767756 502 15831691977421775095
HIT 3 2156100124748 502 14324453438735757669
HIT 3 1739481940046 405 11746006993672263726
HIT 3 2156093767758 502 7178213604755649412
HIT 3 1739481940045 405 11348065917466904408
HIT 3 2156093767757 502 948207064901893718
HIT 3 2156100124750 502 9071302683023007286
HIT 3 2156100124749 502 18419388042411844705
HIT 3 1739481940047 405 1848863392777929516
HIT 3 2156093767759 502 8632434497753654793
HIT 3 2156100124751 502 4317764000935681168
HIT 3 1739481940048 405 2442237618327316001
HIT 3 2156093767760 502 1887125729320681250
HIT 3 2156100124752 502 11938760201654338354
HIT 3 1739481940050 405 13118766386816408609
HIT 3 2156093767762 502 12751796036675596238
HIT 3 2156100124754 502 8410245546493465862
HIT 3 1739481940049 405 4355206563412937454
HIT 3 2156093767761 502 5463476995995389660
HIT 3 2156100124753 502 16251668422962023501
HIT 3 1739481940051 405 8908820936792041599
HIT 3 2156093767763 502 683986681764909511
HIT 3 2156100124755 502 4654575688850583864
HIT 3 1739481940052 405 7832681965480730325
HIT 3 2156093767764 502 322674971687840619
HIT 3 2156100124756 502 13321420881801107960
HIT 3 1739481940054 405 9605190505654306554
HIT 3 2156093767766 502 6416519785770928777
HIT 3 2156100124758 502 17372604095144425321
HIT 3 1739481940053 405 1536569015622314845
HIT 3 2156093767765 502 13960254545753951750
HIT 3 2156100124757 502 7047275004525333269
HIT 3 1739481940055 405 12489687341202431637
HIT 3 2156093767767 502 10591690043894021058
HIT 3 1739481940057 405 995220164595973856
HIT 3 2156093767769 502 17310569097375658293
HIT 3 1739481940056 405 14039117995263830461
HIT 3 2156093767768 502 4076658296905222557
HIT 3 2156100124759 502 10646400242005463438
HIT 3 2156100124761 502 180293922683603810
HIT 3 2156100124760 502 4172138926624205720
HIT 3 1739481940058 405 10306437329810966071
HIT 3 2156093767770 502 2876248927476862421
HIT 3 2156100124762 502 56196201156045021
HIT 3 1739481940059 405 15857986436820722156
HIT 3 2156093767771 502 1173853096469517500
HIT 3 2156100124763 502 15113499028596460799
HIT 3 1739481940060 405 14287868755386656743
HIT 3 2156093767772 502 18443295830750206481
HIT 3 1739481940061 405 5687066073309583884
HIT 3 2156093767773 502 7309818639631488684
HIT 3 2156100124764 502 6137092047015046436
HIT 3 2156100124765 502 11394589089050960624
HIT 3 1739481940062 405 3356728349951266601
HIT 3 2156093767774 502 14296157996619547547
HIT 3 1739481940063 405 11415569037779887197
HIT 3 2156093767775 502 2400494301495871157
HIT 3 2156100124766 502 1961777178311701553
HIT 3 2156100124767 502 5444099589889824947
HIT 3 1739481940064 405 1243450150293657808
HIT 3 2156093767776 502 15095657894727231878
HIT 3 1739481940065 405 16105500729644562340
HIT 3 2156093767777 502 9041836943256975189
HIT 3 2156100124768 502 8973826298024892404
HIT 3 2156100124769 502 15585118002036941440
HIT 3 1739481940067 405 5952203156216325416
HIT 3 2156093767779 502 2232234532214875325
HIT 3 1739481940066 405 340166414427390161
HIT 3 2156093767778 502 8275648497328919869
HIT 3 2156100124771 502 17531135587729220412
HIT 3 2156100124770 502 9020777999489243363
HIT 3 1739481940068 405 7863202223584565191
HIT 3 2156093767780 502 3795484496812483374
HIT 3 1739481940070 405 951800793071872700
HIT 3 1739481940069 405 6490717250901244681
HIT 3 2156093767781 502 14777583020301171574
HIT 3 1739481940071 405 9375514921715271009
HIT 3 2156093767783 502 10926334262135533754
HIT 3 2156093767782 502 9556678499062513169
HIT 3 2156100124775 502 11075358146846650884
HIT 3 2156100124772 502 13195718779173522087
HIT 3 2156100124773 502 17716251964699421037
HIT 3 2156100124774 502 1579034206353717911
HIT 3 1739481940072 405 2388356927021661632
HIT 3 2156093767784 502 5953430874260596340
HIT 3 1739481940074 405 13275663866606503659
HIT 3 2156093767786 502 10691625123342489616
HIT 3 2156100124776 502 268402959417515625
HIT 3 1739481940073 405 6360198178789018173
HIT 3 2156093767785 502 6776670414540897659
HIT 3 2156100124778 502 1577555835917420004
HIT 3 1739481940075 405 5907357933519292884
HIT 3 2156093767787 502 2168790801892306195
HIT 3 2156100124777 502 7000568919212226406
HIT 3 2156100124779 502 17136414673335113009
HIT 3 1739481940077 405 16241320747084751079
HIT 3 2156093767789 502 2832375154692481716
HIT 3 2156100124781 502 7701236021480297032
HIT 3 1739481940076 405 3540860180180123982
HIT 3 2156093767788 502 12771771548778878196
HIT 3 2156100124780 502 11252087674830584335
HIT 3 1739481940078 405 1334881485221973693
HIT 3 2156093767790 502 4691510391619681673
HIT 3 1739481940079 405 10515667553293474194
HIT 3 2156093767791 502 5019700202033517480
HIT 3 1739481940080 405 15166066760193897357
HIT 3 2156093767792 502 5996645661179342028
HIT 3 2156100124782 502 7653865142423229781
HIT 3 2156100124783 502 12963608771370790143
HIT 3 2156100124784 502 116095279541030137
HIT 3 1739481940081 405 18331208907345005867
HIT 3 2156093767793 502 15372624481146049018
HIT 3 2156100124785 502 12179658293046698986
HIT 3 1739481940083 405 543726633425424683
HIT 3 2156093767795 502 858557604859213066
HIT 3 1739481940082 405 8670703911352169826
HIT 3 2156093767794 502 10375808388487005422
HIT 3 1739481940084 405 11216026593945513619
HIT 3 2156093767796 502 15626321366697166572
HIT 3 2156100124787 502 6554006643474737620
HIT 3 2156100124786 502 15707506250767206887
HIT 3 2156100124788 502 9304883235628032997
HIT 3 1739481940085 405 8569221181796005833
HIT 3 2156093767797 502 1812692662390070399
HIT 3 1739481940086 405 3440569761193654716
HIT 3 2156093767798 502 13608105252955792145
HIT 3 1739481940088 405 15435763212468161664
HIT 3 2156093767800 502 7353831350686691924
HIT 3 2156100124789 502 14773029975248164512
HIT 3 2156100124792 502 14824226831513936518
HIT 3 1739481940087 405 2415873578646238726
HIT 3 2156093767799 502 15589779793726708367
HIT 3 2156100124790 502 14701525649365142722
HIT 3 2156100124791 502 4398668953497683019
HIT 3 1739481940089 405 13525690855014158724
HIT 3 2156093767801 502 464979247742329689
HIT 3 2156100124793 502 3793749071063747604
HIT 3 1739481940091 405 11161554695632383661
HIT 3 2156093767803 502 13584844582940029053
HIT 3 1739481940090 405 18403915834346613834
HIT 3 2156093767802 502 16580531836026881832
HIT 3 2156100124795 502 13700699729428024077
HIT 3 2156100124794 502 18290523523942998859
HIT 3 1739481940093 405 3947207130550947647
HIT 3 2156093767805 502 7877470593343327903
HIT 3 1739481940092 405 15700583055523170974
HIT 3 2156093767804 502 12470589375765689425
HIT 3 2156100124797 502 14106913983439659808
HIT 3 2156100124796 502 14553954699917927246
HIT 3 1739481940094 405 7032167210720128832
HIT 3 2156093767806 502 17475372682338499490
HIT 3 2156100124798 502 16387719231913581323
HIT 3 1739481940096 405 17255630337497056869
HIT 3 2156093767808 502 15121245702666153154
HIT 3 1739481940095 405 16965174823488113191
HIT 3 2156093767807 502 16435805928693061530
HIT 3 2156100124800 502 9130086442415586110
HIT 3 1739481940097 405 15140263098652047679
HIT 3 2156093767809 502 15586551202657701171
HIT 3 2156100124799 502 5344451237359141838
HIT 3 2156100124801 502 3226426834976006593
HIT 3 1739481940098 405 9062353684754555348
HIT 3 2156093767810 502 16625084761454896053
HIT 3 2156100124802 502 2168179987427179042
HIT 3 1739481940101 405 4502983634026395980
HIT 3 2156093767813 502 5575803795582204099
HIT 3 1739481940099 405 13616124897806050219
HIT 3 2156093767811 502 7233251612700032987
HIT 3 2156100124805 502 16022319622266839637
HIT 3 1739481940100 405 11592926247967044370
HIT 3 2156093767812 502 569719334097988894
HIT 3 2156100124803 502 7242767440150228555
HIT 3 2156100124804 502 15761982180844647684
HIT 3 1739481940102 405 3389329050215444552
HIT 3 2156093767814 502 3948990795823431859
HIT 3 1739481940103 405 8856892341456122737
HIT 3 2156093767815 502 10004968298681847704
HIT 3 2156100124806 502 11333461316246041927
HIT 3 2156100124807 502 7078136197269931352
HIT 3 1739481940104 405 13113705483712645969
HIT 3 2156093767816 502 11595994423818018709
HIT 3 1739481940105 405 15131226868581420170
HIT 3 2156093767817 502 1839463632029698763
HIT 3 2156100124808 502 9786940111012857792
HIT 3 1739481940106 405 14467256042142538076
HIT 3 2156093767818 502 17245333645842813036
HIT 3 1739481940107 405 3105849431111640488
HIT 3 2156093767819 502 9177047762192630455
HIT 3 2156100124809 502 646077312289052466
HIT 3 2156100124811 502 17303456559125036093
HIT 3 2156100124810 502 3434078260632321667
HIT 3 1739481940110 405 51086580317166905
HIT 3 2156093767822 502 6415338902552265037
HIT 3 2156100124814 502 11621059283722301777
HIT 3 1739481940111 405 2894455310632702547
HIT 3 2156093767823 502 10293654461342157785
HIT 3 1739481940108 405 2284771791954874815
HIT 3 2156093767820 502 13943286690587671831
HIT 3 1739481940109 405 10071953888057217178
HIT 3 2156093767821 502 7736760107446228590
HIT 3 2156100124815 502 3683550951724907243
HIT 3 2156100124812 502 2868016309386311351
HIT 3 2156100124813 502 3762043675535243359
HIT 3 1739481940112 405 16009119272038363592
HIT 3 2156093767824 502 11758462262149138296
HIT 3 2156100124816 502 1684272319806979951
HIT 3 1739481940113 405 9409760169751301465
HIT 3 2156093767825 502 14348019042433835883
HIT 3 2156100124817 502 2981718745485507243
HIT 3 1739481940114 405 12642097417995331013
HIT 3 2156093767826 502 7891817770918777821
HIT 3 1739481940115 405 5485907127903828804
HIT 3 2156093767827 502 1374626258012646471
HIT 3 1739481940116 405 4294443972351039832
HIT 3 2156093767828 502 8402599916422305547
HIT 3 2156100124820 502 14442411055399998710
HIT 3 2156100124818 502 1725767194180249144
HIT 3 2156100124819 502 6620378877725859963
HIT 3 1739481940117 405 5299758312144216116
HIT 3 2156093767829 502 12662682977680889832
HIT 3 2156100124821 502 2160768858079248223
HIT 3 1739481940118 405 16269706502265132157
HIT 3 2156093767830 502 3928225866171153984
HIT 3 1739481940119 405 11765898218637658895
HIT 3 2156093767831 502 6232723352507125636
HIT 3 1739481940120 405 60631575054769012
HIT 3 2156093767832 502 12141363784196729997
HIT 3 2156100124822 502 14059229315147440830
HIT 3 2156100124824 502 9052129682264025309
HIT 3 2156100124823 502 5101110833922373518
HIT 3 1739481940121 405 17418210117175202465
HIT 3 2156093767833 502 11395578352662869827
HIT 3 2156100124825 502 11525790047091526724
HIT 3 1739481940122 405 18328500235719162905
HIT 3 2156093767834 502 7574504966669910076
HIT 3 1739481940124 405 5139992830329390275
HIT 3 2156093767836 502 10273841396120660463
HIT 3 1739481940123 405 16177641726064510597
HIT 3 2156093767835 502 2310978182753078736
HIT 3 1739481940125 405 7338602447677116551
HIT 3 2156093767837 502 7178648155171846679
HIT 3 2156100124826 502 7206071992405326045
HIT 3 2156100124828 502 6863018084351050679
HIT 3 2156100124829 502 17402513326248133095
HIT 3 2156100124827 502 15192749304695066747
HIT 3 1739481940127 405 13270957083650318324
HIT 3 2156093767839 502 2393426790882539352
HIT 3 1739481940126 405 15653787443200564548
HIT 3 2156093767838 502 13198962779613297224
HIT 3 1739481940128 405 11458337280082313112
HIT 3 2156093767840 502 135826947170837352
HIT 3 2156100124831 502 8384944400107355580
HIT 3 2156100124830 502 18003017927788640318
HIT 3 1739481940129 405 17342684465135803334
HIT 3 2156093767841 502 5192717362996640720
HIT 3 2156100124832 502 2335751850415962759
HIT 3 2156100124833 502 13729341357823321459
HIT 3 1739481940130 405 9299688610194233225
HIT 3 2156093767842 502 7875608406584821137
HIT 3 1739481940131 405 8344661639851698588
HIT 3 2156093767843 502 17067750745589710200
HIT 3 1739481940132 405 17340163138393188681
HIT 3 2156093767844 502 14283405532420317235
HIT 3 2156100124834 502 1601800273930419734
HIT 3 2156100124835 502 17163709548044739553
HIT 3 2156100124836 502 7077147104461825919
HIT 3 1739481940133 405 13207709610530879256
HIT 3 2156093767845 502 3506653100233224461
HIT 3 2156100124837 502 14643198009977476857
HIT 3 1739481940135 405 9070790941373040803
HIT 3 2156093767847 502 14214887778791573241
HIT 3 1739481940134 405 12540252722997765211
HIT 3 2156093767846 502 12167822492090033616
HIT 3 1739481940136 405 15675344248624149274
HIT 3 2156093767848 502 15923276731193976922
HIT 3 2156100124839 502 4808338408134280786
HIT 3 2156100124838 502 9100899101882337526
HIT 3 2156100124840 502 12020289275306735554
HIT 3 1739481940140 405 15174578691208142408
HIT 3 2156093767852 502 8304323231707068072
HIT 3 1739481940138 405 3024647355882517375
HIT 3 2156093767850 502 8002094480851736740
HIT 3 1739481940137 405 17682657922639657870
HIT 3 2156093767849 502 8521872338294755600
HIT 3 2156100124844 502 5786848141056006907
HIT 3 1739481940139 405 205021069289808551
HIT 3 2156093767851 502 6091356109663995094
HIT 3 2156100124842 502 2726001247346075033
HIT 3 2156100124841 502 7990900103532358977
HIT 3 2156100124843 502 14284390209922736318
HIT 3 1739481940141 405 1717281425909903877
HIT 3 2156093767853 502 2994612307858546409
HIT 3 2156100124845 502 3318874628125283838
HIT 3 1739481940142 405 1407341740057674619
HIT 3 2156093767854 502 4191258016840698804
HIT 3 2156100124846 502 4269310145816494089
HIT 3 1739481940145 405 2276740565925740230
HIT 3 2156093767857 502 13012001263691735575
HIT 3 1739481940144 405 10050749986372124382
HIT 3 2156093767856 502 15105392872035874468
HIT 3 1739481940143 405 7936379196477651436
HIT 3 2156093767855 502 3084647304349826439
HIT 3 2156100124849 502 14973402853460076825
HIT 3 1739481940146 405 7759151400973064123
HIT 3 2156093767858 502 16258409191523397052
HIT 3 2156100124848 502 8248650359195471063
HIT 3 2156100124847 502 13043067840455740841
HIT 3 2156100124850 502 2695494835103565864
HIT 3 1739481940147 405 14257531047891167265
HIT 3 2156093767859 502 14599693066299389712
HIT 3 2156100124851 502 12099548935168056750
HIT 3 1739481940149 405 1552089548792568079
HIT 3 2156093767861 502 17936612250514547979
HIT 3 1739481940148 405 17648348342284608591
HIT 3 2156093767860 502 13489576967243907309
HIT 3 2156100124853 502 715393563568405053
HIT 3 1739481940150 405 6668700236406288713
HIT 3 2156093767862 502 2689236807557800869
HIT 3 1739481940151 405 12301464555406043797
HIT 3 2156093767863 502 4408827521842137185
HIT 3 2156100124852 502 5695659257273112231
HIT 3 2156100124855 502 18304825736761179031
HIT 3 2156100124854 502 1423751850624532974
HIT 3 1739481940152 405 8888304687838370981
HIT 3 2156093767864 502 4789283571576814470
HIT 3 2156100124856 502 4158809360601965673
HIT 3 1739481940153 405 4379099366880061625
HIT 3 2156093767865 502 4242326310047581383
HIT 3 1739481940154 405 903743503116160915
HIT 3 2156093767866 502 7597108965138650403
HIT 3 1739481940155 405 10766238461186914301
HIT 3 2156093767867 502 10347802617823781321
HIT 3 1739481940156 405 12636517661564068549
HIT 3 2156093767868 502 13524583238173047661
HIT 3 2156100124858 502 2074115208171938762
HIT 3 2156100124857 502 8667092926702748655
HIT 3 2156100124859 502 13042901961091459206
HIT 3 2156100124860 502 3517723125197742215
HIT 3 1739481940157 405 11610836108267185969
HIT 3 2156093767869 502 8394880905701643061
HIT 3 2156100124861 502 17117098734074176649
HIT 3 1739481940158 405 2803487396502622512
HIT 3 2156093767870 502 8644638285307441191
HIT 3 1739481940160 405 1347169469557207062
HIT 3 2156093767872 502 10992919574846110625
HIT 3 2156100124864 502 3071317636563167935
HIT 3 2156100124862 502 1197621332762681804
HIT 3 1739481940161 405 3381587607705257515
HIT 3 2156093767873 502 4977001587077370932
HIT 3 2156100124865 502 13300473443231018557
HIT 3 1739481940162 405 14209277434967971083
HIT 3 2156093767874 502 8047990030303106783
HIT 3 1739481940159 405 17121813591138326900
HIT 3 2156093767871 502 3915051957509249099
HIT 3 1739481940163 405 5475698774929098495
HIT 3 2156093767875 502 17011181521088234835
HIT 3 2156100124866 502 15226948138706762711
HIT 3 1739481940164 405 3349126945363258377
HIT 3 2156093767876 502 702648520673377156
HIT 3 2156100124867 502 627483945381888795
HIT 3 2156100124863 502 14584799037753620505
HIT 3 2156100124868 502 6106541206101025648
HIT 3 1739481940165 405 18288269519341458719
HIT 3 2156093767877 502 15226780044589191466
HIT 3 1739481940168 405 10959539683519337380
HIT 3 2156093767880 502 10801260051221542281
HIT 3 1739481940167 405 12910923913523817908
HIT 3 2156093767879 502 10572845375142384064
HIT 3 2156100124869 502 3188298076802918297
HIT 3 1739481940166 405 7336449470948882364
HIT 3 2156093767878 502 5724530208767462299
HIT 3 2156100124872 502 4639507046980729461
HIT 3 2156100124871 502 15428250765634005919
HIT 3 2156100124870 502 14249201703441084357
HIT 3 1739481940171 405 13559192745868005858
HIT 3 2156093767883 502 634800772199563877
HIT 3 1739481940169 405 11696752300449674084
HIT 3 2156093767881 502 8492031113543730390
HIT 3 2156100124875 502 10161047792390796798
HIT 3 1739481940170 405 337648772606136979
HIT 3 2156093767882 502 16422251855204874580
HIT 3 2156100124874 502 9332040566734876766
HIT 3 1739481940172 405 13562636268347467887
HIT 3 2156093767884 502 10191455471755655855
HIT 3 2156100124873 502 4947632010153032162
HIT 3 1739481940173 405 13904573167573989653
HIT 3 2156093767885 502 7887919625032602571
HIT 3 2156100124876 502 11800462549315786861
HIT 3 1739481940174 405 7581157446688157618
HIT 3 2156093767886 502 6389454543562713609
HIT 3 2156100124877 502 1783423600114651493
HIT 3 2156100124878 502 9584642979665593585
HIT 3 1739481940175 405 6290357379582780718
HIT 3 2156093767887 502 3715249232765632715
HIT 3 2156100124879 502 15543821832883251534
HIT 3 1739481940176 405 12136512672439870175
HIT 3 2156093767888 502 10048073688126728426
HIT 3 1739481940177 405 10926615792618462414
HIT 3 2156093767889 502 9396467581363188357
HIT 3 1739481940178 405 14078570434009219521
HIT 3 2156093767890 502 10601329722064498128
HIT 3 2156100124882 502 18265441642740597090
HIT 3 2156100124881 502 13150064132051794493
HIT 3 1739481940179 405 9192746062068115868
HIT 3 2156093767891 502 2914026717249532742
HIT 3 2156100124880 502 567937640855607390
HIT 3 2156100124883 502 7745100718457173512
HIT 3 1739481940180 405 9259522897777932144
HIT 3 2156093767892 502 5916552023986022714
HIT 3 1739481940181 405 9312069410294040001
HIT 3 2156093767893 502 390136824333664262
HIT 3 1739481940182 405 6576450112437423980
HIT 3 2156093767894 502 7981382892753082173
HIT 3 2156100124884 502 456967037521810094
HIT 3 1739481940183 405 4965326188289895686
HIT 3 2156093767895 502 7347144536572252717
HIT 3 2156100124885 502 11082497256543014762
HIT 3 2156100124887 502 5033523564936450393
HIT 3 2156100124886 502 8639662319735171498
HIT 3 1739481940184 405 10475306873919687355
HIT 3 2156093767896 502 1299869488133713359
HIT 3 1739481940185 405 7142859972387408545
HIT 3 1739481940187 405 13770020263162315528
HIT 3 2156093767899 502 9987623772575580933
HIT 3 2156093767897 502 2837510134982159192
HIT 3 2156100124888 502 13665709957025684587
HIT 3 1739481940186 405 328836348649282720
HIT 3 2156093767898 502 6534770156158876822
HIT 3 2156100124891 502 5870991562174427482
HIT 3 2156100124889 502 9757571979344967535
HIT 3 2156100124890 502 14263542504486755359
HIT 3 1739481940188 405 11431091968869296208
HIT 3 2156093767900 502 5427138438462350720
HIT 3 2156100124892 502 13391518319137806663
HIT 3 1739481940189 405 3500842047687999360
HIT 3 2156093767901 502 15651524055652094398
HIT 3 1739481940191 405 14739073164160914548
HIT 3 2156093767903 502 13510903121487288516
HIT 3 1739481940190 405 5076386491067188370
HIT 3 2156093767902 502 13524857674263392613
HIT 3 2156100124893 502 1167947610671348738
HIT 3 1739481940192 405 16347747759602605155
HIT 3 2156093767904 502 5810036742693516045
HIT 3 2156100124895 502 15291574234125295375
HIT 3 2156100124894 502 12437214213566444431
HIT 3 2156100124896 502 8238789015427697331
HIT 3 1739481940193 405 8456932590102510145
HIT 3 2156093767905 502 13278614907855373245
HIT 3 1739481940194 405 807155925246844051
HIT 3 2156093767906 502 662090490608061779
HIT 3 1739481940195 405 1708949608004852778
HIT 3 2156093767907 502 1324768794936217137
HIT 3 1739481940196 405 12906922144127389595
HIT 3 2156093767908 502 10460475996611955661
HIT 3 2156100124897 502 4749069529175983488
HIT 3 2156100124898 502 3488081863224489147
HIT 3 2156100124899 502 8341258248932472702
HIT 3 2156100124900 502 8025204202790444045
HIT 3 1739481940197 405 9514119377975456153
HIT 3 2156093767909 502 15471821098643434680
HIT 3 1739481940198 405 3550834312324407089
HIT 3 2156093767910 502 5897843039835788850
HIT 3 2156100124901 502 2393160310936627747
HIT 3 1739481940199 405 18323380495590436352
HIT 3 2156093767911 502 6480264169629715079
HIT 3 1739481940200 405 13393209547342407088
HIT 3 2156093767912 502 12376119147206638730
HIT 3 2156100124903 502 12694414325687581063
HIT 3 2156100124902 502 3958435816524317181
HIT 3 1739481940201 405 456575025473122067
HIT 3 2156093767913 502 9902393738001499525
HIT 3 2156100124904 502 2442893028709657792
HIT 3 1739481940203 405 10995050748898001298
HIT 3 2156093767915 502 3991791079346535535
HIT 3 2156100124905 502 16320210928834653851
HIT 3 1739481940202 405 15292050289995786596
HIT 3 2156093767914 502 4667800887060005980
HIT 3 1739481940204 405 17186256455893178953
HIT 3 2156093767916 502 13246023135897094890
HIT 3 2156100124907 502 14118096915450030723
HIT 3 2156100124906 502 13276965126975304884
HIT 3 2156100124908 502 3025727072472516993
HIT 3 1739481940205 405 5957567167951094889
HIT 3 2156093767917 502 3224329312704303284
HIT 3 1739481940206 405 15849296099156124585
HIT 3 2156093767918 502 1570777211971649801
HIT 3 1739481940207 405 16116560327048249987
HIT 3 2156093767919 502 16397486034758776183
HIT 3 1739481940208 405 6355581758965699103
HIT 3 2156093767920 502 5690431556212049742
HIT 3 2156100124909 502 15224426785648248132
HIT 3 2156100124911 502 13389583642525323193
HIT 3 2156100124910 502 11302515930457381438
HIT 3 2156100124912 502 15203965200360425175
HIT 3 1739481940209 405 9699060324270128745
HIT 3 2156093767921 502 15425719946687902069
HIT 3 1739481940210 405 6706045849581977051
HIT 3 2156093767922 502 15309098359324564197
HIT 3 1739481940211 405 13746498035039983269
HIT 3 2156093767923 502 12512893883658901066
HIT 3 1739481940212 405 1240734247570504426
HIT 3 2156093767924 502 6080338838013297644
HIT 3 2156100124913 502 7796903014979423874
HIT 3 2156100124914 502 8926634107453114949
HIT 3 2156100124915 502 18362794938482781080
HIT 3 2156100124916 502 6380819434407126128
HIT 3 1739481940213 405 17318373096918180584
HIT 3 2156093767925 502 17500731845615249006
HIT 3 1739481940214 405 755414959473673911
HIT 3 2156093767926 502 7653320465504993373
HIT 3 1739481940216 405 7035506183079408321
HIT 3 2156093767928 502 8311668492228814455
HIT 3 1739481940215 405 10804694228553972151
HIT 3 2156093767927 502 18104884625074981914
HIT 3 2156100124917 502 12713770060293902287
HIT 3 2156100124920 502 5170791166300756665
HIT 3 2156100124919 502 407487103144970937
HIT 3 2156100124918 502 3843881290165233880
HIT 3 1739481940217 405 12008262545617427937
HIT 3 2156093767929 502 17759019170599657684
HIT 3 1739481940220 405 12972286379609641713
HIT 3 2156093767932 502 8434279961855911068
HIT 3 1739481940218 405 7314058497633105292
HIT 3 2156093767930 502 4566124465068659964
HIT 3 1739481940219 405 76217718331847234
HIT 3 2156093767931 502 7683165893426969525
HIT 3 2156100124921 502 3745631557676326527
HIT 3 2156100124924 502 11093036720047725670
HIT 3 2156100124922 502 105856804761188167
HIT 3 2156100124923 502 2348806603984391037
HIT 3 1739481940221 405 2960142847608739035
HIT 3 2156093767933 502 15587466729285451825
HIT 3 1739481940222 405 14297579242026410
HIT 3 2156093767934 502 1847257937835398115
HIT 3 1739481940224 405 10864638016391550092
HIT 3 2156093767936 502 5696395803035372470
HIT 3 1739481940223 405 1308253754964304941
HIT 3 2156093767935 502 735112775804207807
HIT 3 2156100124925 502 6413278721420284233
HIT 3 2156100124928 502 7951113827745712874
HIT 3 2156100124926 502 5301628978069210096
HIT 3 2156100124927 502 17500445250647645731
HIT 3 1739481940225 405 14568876832408751635
HIT 3 2156093767937 502 5830387862068850751
HIT 3 1739481940226 405 18385880560756542563
HIT 3 2156093767938 502 2077471761352953553
HIT 3 1739481940227 405 17316989401657736662
HIT 3 2156093767939 502 10557188650175529916
HIT 3 1739481940228 405 7851127850850719372
HIT 3 2156093767940 502 3537585851590398815
HIT 3 2156100124929 502 9495727662756431939
HIT 3 2156100124930 502 8343699477349686647
HIT 3 2156100124931 502 6933873473898886472
HIT 3 2156100124932 502 13100753089753546403
HIT 3 1739481940229 405 7341847721127251708
HIT 3 2156093767941 502 10594579784282736514
HIT 3 1739481940230 405 15001810569013551305
HIT 3 2156093767942 502 2831846946665336872
HIT 3 1739481940231 405 1333538369044864426
HIT 3 2156093767943 502 9160119785450474255
HIT 3 1739481940232 405 15579329784390243082
HIT 3 2156093767944 502 13298659921641110251
HIT 3 2156100124934 502 10046591484793978465
HIT 3 2156100124933 502 2093743632053455987
HIT 3 2156100124935 502 10585905986475453728
HIT 3 1739481940233 405 8835624631216206793
HIT 3 2156093767945 502 1094946125779095767
HIT 3 2156100124936 502 9669978718080353669
HIT 3 2156100124937 502 10620430620096470005
HIT 3 1739481940234 405 812508975065330587
HIT 3 2156093767946 502 5861014300872904599
HIT 3 1739481940235 405 6595374127396121613
HIT 3 2156093767947 502 18411579982908486909
HIT 3 1739481940236 405 9321061742992584844
HIT 3 2156093767948 502 6937606795470019400
HIT 3 1739481940237 405 7471831470592204713
HIT 3 2156093767949 502 14296835418026624916
HIT 3 2156100124940 502 1560816507228531598
HIT 3 2156100124938 502 10672328901179751323
HIT 3 1739481940238 405 12337916087644131390
HIT 3 2156093767950 502 5396055663631502595
HIT 3 2156100124939 502 10644905303023859986
HIT 3 2156100124941 502 2776723962213102747
HIT 3 2156100124942 502 3909503133014281771
HIT 3 1739481940239 405 1772555279090005948
HIT 3 2156093767951 502 12528486827248066009
HIT 3 1739481940241 405 10270523466733825385
HIT 3 2156093767953 502 5990575534830412774
HIT 3 1739481940240 405 2138435011537096589
HIT 3 2156093767952 502 9831693698001078160
HIT 3 1739481940242 405 5481549451452574356
HIT 3 2156093767954 502 5336164417372236819
HIT 3 2156100124945 502 11172420668957242537
HIT 3 1739481940243 405 13163727736677093886
HIT 3 2156093767955 502 12750829993828232926
HIT 3 2156100124943 502 16352171627032433049
HIT 3 2156100124947 502 1032662215952546994
HIT 3 2156100124946 502 15427468302013897740
HIT 3 2156100124944 502 9720733142608136937
HIT 3 1739481940245 405 3951590326763845845
HIT 3 2156093767957 502 5188539309305597704
HIT 3 1739481940244 405 12267150650066221104
HIT 3 2156093767956 502 4880613427700770977
HIT 3 1739481940246 405 14123264279578961149
HIT 3 2156093767958 502 3833485760309710415
HIT 3 1739481940247 405 10225456588997754398
HIT 3 2156093767959 502 9867483317671695994
HIT 3 2156100124949 502 1470710703567549498
HIT 3 2156100124948 502 13140162839053439349
HIT 3 1739481940248 405 4656309462926222796
HIT 3 2156093767960 502 10148280935608622483
HIT 3 2156100124950 502 17081102349581448962
HIT 3 2156100124951 502 8010027321647831394
HIT 3 1739481940249 405 2947418785535995122
HIT 3 2156093767961 502 9044330214901069496
HIT 3 2156100124952 502 1246603336861012949
HIT 3 1739481940250 405 328052653116002942
HIT 3 2156093767962 502 8427401046355391255
HIT 3 1739481940251 405 3389412512810190259
HIT 3 2156093767963 502 14968274416588793460
HIT 3 1739481940252 405 1134188005529640576
HIT 3 2156093767964 502 18081975050254645724
HIT 3 2156100124953 502 3453223636769761574
HIT 3 2156100124954 502 16311565113894864430
HIT 3 2156100124956 502 9399808765430726867
HIT 3 1739481940253 405 10636119635916081016
HIT 3 2156093767965 502 11266215306280764386
HIT 3 1739481940254 405 17665298285920514244
HIT 3 2156093767966 502 4119407638780271464
HIT 3 1739481940255 405 547763473405485698
HIT 3 2156093767967 502 3457693609453575035
HIT 3 2156100124955 502 13523024083109871411
HIT 3 2156100124958 502 8032099255486078522
HIT 3 2156100124957 502 17172782164421107389
HIT 3 1739481940256 405 17361681764215375554
HIT 3 2156093767968 502 14424255663973160232
HIT 3 2156100124959 502 16874586919047990601
HIT 3 1739481940257 405 661174658649059475
HIT 3 2156093767969 502 2538919461435887220
HIT 3 1739481940258 405 12035867684592691628
HIT 3 2156093767970 502 5123149329325946925
HIT 3 1739481940259 405 16992429903472956860
HIT 3 2156093767971 502 996841291147212392
HIT 3 2156100124962 502 13135065738866826637
HIT 3 2156100124961 502 16036116138560802705
HIT 3 1739481940260 405 14927657482774680627
HIT 3 2156093767972 502 11261901923729870797
HIT 3 2156100124960 502 11292212794407651186
HIT 3 1739481940262 405 16466596766095891664
HIT 3 2156100124964 502 8471892111476394299
HIT 3 2156093767974 502 3716305123626907907
HIT 3 1739481940261 405 8376150045826732307
HIT 3 2156093767973 502 14428346896901581693
HIT 3 2156100124963 502 9389574707756898787
HIT 3 1739481940263 405 13584389913313173329
HIT 3 2156093767975 502 18339793489083058779
HIT 3 1739481940264 405 8921950047858183831
HIT 3 2156093767976 502 2743096681915956648
HIT 3 2156100124967 502 16318231417331188860
HIT 3 2156100124966 502 11155092518444075993
HIT 3 2156100124968 502 7041590964605606404
HIT 3 2156100124965 502 11759013369486340965
HIT 3 1739481940265 405 513984106222622824
HIT 3 2156093767977 502 9216238599526621743
HIT 3 1739481940267 405 1856196339450781344
HIT 3 2156093767979 502 11497922601709859705
HIT 3 1739481940266 405 2145744971892369977
HIT 3 2156093767978 502 4498503844381163600
HIT 3 1739481940268 405 13497936178769273694
HIT 3 2156093767980 502 439858484655430464
HIT 3 2156100124969 502 8569913217897645894
HIT 3 2156100124971 502 4988272471266899348
HIT 3 1739481940269 405 15397564829685893844
HIT 3 2156093767981 502 6423626022558500019
HIT 3 1739481940270 405 17778171520496312554
HIT 3 2156093767982 502 646970082361491471
HIT 3 2156100124970 502 3196774651885445172
HIT 3 2156100124972 502 4083647749187146390
HIT 3 2156100124974 502 15479864217594068917
HIT 3 2156100124973 502 1967780534524200056
HIT 3 1739481940271 405 12788597326451515155
HIT 3 2156093767983 502 17165493150808508496
HIT 3 1739481809200 405 595301625355894509
HIT 3 2156093636912 502 13788768286898193084
HIT 3 1739481940272 405 16414749355243590690
HIT 3 2156093767984 502 10237514528785223440
HIT 3 1739481940273 405 595301625355894509
HIT 3 2156093767985 502 13788768286898193084
HIT 3 1739481940274 405 11436456384883661553
HIT 3 2156093767986 502 13982832579515384777
HIT 3 2156100124977 502 12878914473402362129
HIT 3 2156099993906 502 1128370344724888143
HIT 3 1748078166322 407 10147297919098775637
HIT 3 2156100059442 502 17403877585065762124
HIT 3 2147510190386 500 15289639395879888561
HIT 3 2156100124978 502 7201082570954991894
HIT 3 2160395092274 503 1513097437119104977
HIT 3 2164690059570 504 2159811208007619835
HIT 3 2156100256050 502 15120610877746360378
HIT 3 2156100124975 502 9920581332707852123
HIT 3 2156100124976 502 9115687188292245711
HIT 3 2164696482098 504 5600257001758721667
HIT 3 1739482071348 405 9425661992042727478
HIT 3 2156093899060 502 3063731177963787653
HIT 3 1739482136884 405 18103550774041378224
HIT 3 2156093964596 502 12749227818373739509
HIT 3 1739482202420 405 4178251841214549892
HIT 3 2156094030132 502 17456351659934051406
HIT 3 1739482267956 405 7502175539447521043
HIT 3 2156094095668 502 17103637376523992135
HIT 3 1739482333492 405 16219904815807270656
HIT 3 2156094161204 502 112683517489101891
HIT 3 1739482399028 405 2319429835090660188
HIT 3 2156094226740 502 16944250413043964339
HIT 3 1739482464564 405 4352514335285192503
HIT 3 2156094292276 502 18071348117282801092
HIT 3 1739482530100 405 13738079001433714641
HIT 3 2156094357812 502 5594401527270987190
HIT 3 1739482595636 405 16941610437649181251
HIT 3 2156094423348 502 10692697979511374826
HIT 3 1739482661172 405 4958549357470486660
HIT 3 2156094488884 502 686807214777371934
HIT 3 1739482726708 405 8869878577007353499
HIT 3 2156094554420 502 4632560440891700407
HIT 3 1739482792244 405 17923267509783877955
HIT 3 2156094619956 502 16250648436863622156
HIT 3 1739482857780 405 11754904716379734837
HIT 3 2156094685492 502 16041869013223632331
HIT 3 1739482923316 405 4424776263155117493
HIT 3 2156094751028 502 5026129118513588187
HIT 3 1739482988852 405 16663627049198650281
HIT 3 2156094816564 502 6045643870999719653
HIT 3 1739483054388 405 1731428335574279130
HIT 3 2156094882100 502 5046202007848431614
HIT 3 1739483119924 405 16575629710070866119
HIT 3 2156094947636 502 2838088418414795033
HIT 3 1739483185460 405 18265347097657294277
HIT 3 2156095013172 502 4995696663899822502
HIT 3 1739483250996 405 8903781875838667228
HIT 3 1739481940275 405 10147297919098775637
HIT 3 2156093767987 502 5600257001758721667
HIT 3 1739482071347 405 11436456384883661553
HIT 3 2156093899059 502 13982832579515384777
HIT 3 2156095078708 502 11786954384295636933
HIT 3 1739483316532 405 7981688181889198931
HIT 3 2156095144244 502 4919101624972779522
HIT 3 1739483382068 405 3075816091313347548
HIT 3 2156095209780 502 2038498400622774182
HIT 3 1739483447604 405 3042006043793150164
HIT 3 2156095275316 502 17973780592458996809
HIT 3 1739483513140 405 3558092050620934768
HIT 3 2156095340852 502 11156438054515022085
HIT 3 1739483578676 405 12827047443458903885
HIT 3 2156095406388 502 7360020724921270112
HIT 3 1739483644212 405 9901543427787701231
HIT 3 2156095471924 502 10346008589423426756
HIT 3 1739483709748 405 7898421225657154783
HIT 3 2156095537460 502 6667690225523783368
HIT 3 1739483775284 405 16121270901739876754
HIT 3 2156095602996 502 4666924496372308615
HIT 3 1739483840820 405 13745951240503268595
HIT 3 2156095668532 502 9018301377600753239
HIT 3 1739483906356 405 5180122526699004381
HIT 3 2156095734068 502 12770152614028329229
HIT 3 1739483971892 405 6771165548368716945
HIT 3 2156095799604 502 17296438064791608261
HIT 3 1739484037428 405 14876153027153571800
HIT 3 2156095865140 502 5872748142981763237
HIT 3 1739484102964 405 16596113188022053411
HIT 3 2156095930676 502 17899985146828499040
HIT 3 1739484168500 405 8808546867789944370
HIT 3 2156095996212 502 16061209373318574267
HIT 3 1739484234036 405 5059066452669271539
HIT 3 2156096061748 502 376157056186085127
HIT 3 1739484299572 405 13353960002355587556
HIT 3 2156096127284 502 731230851664956402
HIT 3 1739484365108 405 6365665687748011696
HIT 3 2156096192820 502 15527158602523865526
HIT 3 1739484430644 405 3384496023052435098
HIT 3 2156096258356 502 13850612056211413086
HIT 3 1739484496180 405 10479661232505455353
HIT 3 2156096323892 502 5891067707005378355
HIT 3 1739484561716 405 10577530046168925903
HIT 3 2156096389428 502 6873975119142832286
HIT 3 1739484627252 405 14006149314015759124
HIT 3 1730892136757 403 5854360202496230305
HIT 3 1735187104053 404 743266179002193952
HIT 3 1739482071349 405 435276034516842657
HIT 3 1748072005941 407 4851336085596761182
HIT 3 2147503964469 500 16338194507632475444
HIT 3 2156093899061 502 12876927972376461072
HIT 3 2160388866357 503 6230351581242583131
HIT 3 2164683833653 504 17500373770022668883
HIT 3 1340050178357 312 16471446589979841877
HIT 3 1739482136885 405 7502175539447521043
HIT 3 2156093964597 502 17103637376523992135
HIT 3 1739482202421 405 9425661992042727478
HIT 3 2156094030133 502 3063731177963787653
HIT 3 2156096454964 502 1059014728464582373
HIT 3 1739484692788 405 11936504482193387157
HIT 3 2156096520500 502 18194867840184500938
HIT 3 1739484758324 405 10245459256633931317
HIT 3 2156096586036 502 4451329778303725848
HIT 3 1739484823860 405 4172437235594078442
HIT 3 2156096651572 502 5049770734305382754
HIT 3 1739484889396 405 1203940557304574931
HIT 3 2156096717108 502 840970084415783068
HIT 3 1739484954932 405 11582834457868927941
HIT 3 2156096782644 502 6855583801929399155
HIT 3 1739485020468 405 12092401186804982558
HIT 3 2156096848180 502 12424711853483163891
HIT 3 1739485086004 405 3437431925132160959
HIT 3 2156096913716 502 440829543979523442
HIT 3 1739485151540 405 4886143229147783193
HIT 3 2156096979252 502 1355381985289280348
HIT 3 1739485217076 405 13944838382950048321
HIT 3 2156097044788 502 3986919171897492563
HIT 3 1739485282612 405 17668737052313135770
HIT 3 2156097110324 502 14879933147860750009
HIT 3 1739485348148 405 516725705077369158
HIT 3 2156097175860 502 16186371210523795343
HIT 3 1739485413684 405 7057676668186375725
HIT 3 2156097241396 502 12708919313214168767
HIT 3 1739485479220 405 15696937824229012665
HIT 3 2156097306932 502 893216686378908840
HIT 3 1739485544756 405 16004852882201141857
HIT 3 2156097372468 502 14258080476635103947
HIT 3 1739485610292 405 10095772823291418514
HIT 3 2156097438004 502 13195587587097380737
HIT 3 1739485675828 405 12270172749581281216
HIT 3 2156097503540 502 8639159850949899179
HIT 3 1739485741364 405 6725100273796132137
HIT 3 2156097569076 502 6119791188893430948
HIT 3 1739485806900 405 6987791212339939509
HIT 3 2156097634612 502 11265698874014813624
HIT 3 1739485872436 405 14162897188269400849
HIT 3 2156097700148 502 13549784656971084499
HIT 3 1739485937972 405 8841065503702050870
HIT 3 2156097765684 502 3010188504956182133
HIT 3 1739486003508 405 13378086638537591554
HIT 3 2156097831220 502 4635154280838215550
HIT 3 1739486069044 405 3171303780023012507
HIT 3 2156097896756 502 3026677508848752513
HIT 3 1739486134580 405 14445552462482503738
HIT 3 2156097962292 502 16823579408333059776
HIT 3 1739486200116 405 14655352746476763390
HIT 3 2156098027828 502 97182794405455829
HIT 3 1739486265652 405 14047842454468677457
HIT 3 2156098093364 502 13781757444724525946
HIT 3 1739486331188 405 8793525301088519521
HIT 3 2156098158900 502 12365660509139050511
HIT 3 1739486396724 405 366804325069132679
HIT 3 2156098224436 502 6354065561157653159
HIT 3 1739486462260 405 4550297787073206222
HIT 3 2156098289972 502 7625836238219409549
HIT 3 1739486527796 405 7327860012313995153
HIT 3 2156098355508 502 13774990945398865196
HIT 3 1739486593332 405 14373033018010465768
HIT 3 2156098421044 502 18215961819030912536
HIT 3 1739486658868 405 7578353314216992107
HIT 3 2156098486580 502 6696765601788978727
HIT 3 1739486724404 405 2996557178471606499
HIT 3 2156098552116 502 12469474210025896926
HIT 3 1739486789940 405 14335252395645790207
HIT 3 2156098617652 502 12509402013610586762
HIT 3 1739486855476 405 15769414636253363221
HIT 3 2156098683188 502 2621436950533157525
HIT 3 1739486921012 405 3299316508313640160
HIT 3 2156098748724 502 1225892529589027880
HIT 3 1739486986548 405 5517051502466929510
HIT 3 2156098814260 502 3292118632595150152
HIT 3 1739487052084 405 4418950149304365590
HIT 3 2156098879796 502 4203498785403202800
HIT 3 1739487117620 405 17946901380285902806
HIT 3 2156098945332 502 3236531133618310854
HIT 3 1739487183156 405 11920103066405778248
HIT 3 2156099010868 502 1053505325151526686
HIT 3 1739487248692 405 3521781225607186180
HIT 3 2156099076404 502 10572723774150188189
HIT 3 1739487314228 405 4045205108952573935
HIT 3 2156099141940 502 9363681407162643325
HIT 3 1739487379764 405 12899322931433732717
HIT 3 2156099207476 502 1306746772928031776
HIT 3 1739487445300 405 5497647258203370111
HIT 3 2156099273012 502 3864416594039968502
HIT 3 1739487510836 405 4150577092743432804
HIT 3 2156099338548 502 1859352407293780780
HIT 3 1739487576372 405 3532164435782733879
HIT 3 2156099404084 502 3832661266963002316
HIT 3 1739487641908 405 16271801719777023435
HIT 3 2156099469620 502 12077277142997072145
HIT 3 1739487707444 405 14614428521261605381
HIT 3 2156099535156 502 7114136928868890805
HIT 3 1739487772980 405 8271238607699873493
HIT 3 2156099600692 502 5401339910648418392
HIT 3 1739487838516 405 18246882627230748472
HIT 3 2156099666228 502 3620785918009924453
HIT 3 1739487904052 405 14266218095152727640
HIT 3 2156099731764 502 911810136042851458
HIT 3 1739487969588 405 11840410853061059121
HIT 3 2156099797300 502 17974368823481948517
HIT 3 1730898100532 403 11840410853061059121
HIT 3 1739488035124 405 7455292223477952977
HIT 3 2156099862836 502 13833770310054144883
HIT 3 1739488100660 405 5854360202496230305
HIT 3 2156100124979 502 2671333453077851604
HIT 3 1748078035252 407 301007933585512524
HIT 3 2156099928372 502 18438047297002030020
HIT 3 1739488166196 405 301007933585512524
HIT 3 2147510059316 500 11360477415185267276
HIT 3 2156099993908 502 11213496899405122493
HIT 3 2160394961204 503 18129158590259407183
HIT 3 2164689928500 504 17271918417777699462
HIT 3 1743783199028 406 9784479668611654155
HIT 3 1748078166324 407 435276034516842657
HIT 3 1756668100916 409 13844160620654178356
HIT 3 2147510124852 500 1770147005352807287
HIT 3 2156100059444 502 12691635328531297417
HIT 3 2160395026740 503 2341756968726235565
HIT 3 2164689994036 504 11385561102124420017
HIT 3 1743783264564 406 743266179002193952
HIT 3 1748078231860 407 13844160620654178356
HIT 3 1752373199156 408 9784479668611654155
HIT 3 1756668166452 409 10815842786211340658
HIT 3 1760963133748 410 5680504635278392158
HIT 3 1765258101044 411 14987478815467639656
HIT 3 1769553068340 412 4033555941628159277
HIT 3 1773848035636 413 48592052286352865
HIT 3 1778143002932 414 7958888010990290970
HIT 3 1782437970228 415 10889145781881086443
HIT 3 1786732937524 416 10589636695394461047
HIT 3 1791027904820 417 11838137121431713539
HIT 3 1795322872116 418 12787022311832280147
HIT 3 1799617839412 419 477033915416817586
HIT 3 1803912806708 420 13259727653961112822
HIT 3 1808207774004 421 16096255754499751462
HIT 3 1812502741300 422 21315760840120628
HIT 3 1816797708596 423 1049850977876772819
HIT 3 1821092675892 424 6160593159687905213
HIT 3 1825387643188 425 14747339865412656502
HIT 3 1829682610484 426 8961611959146964621
HIT 3 1833977577780 427 8534223486866376229
HIT 3 1838272545076 428 5250326545220403787
HIT 3 1842567512372 429 15382112434033091478
HIT 3 1846862479668 430 9048233142539029936
HIT 3 1851157446964 431 5851051489900225568
HIT 3 1855452414260 432 8688938288145046844
HIT 3 1859747381556 433 12366267265991584537
HIT 3 1864042348852 434 14821779417592236966
HIT 3 1868337316148 435 3075391541590865359
HIT 3 1872632283444 436 3782641207631704768
HIT 3 1876927250740 437 17015344989708048653
HIT 3 1881222218036 438 17847007036987378022
HIT 3 1885517185332 439 4845598325856374343
HIT 3 1889812152628 440 17226209687161658197
HIT 3 1894107119924 441 6001528747694226326
HIT 3 1898402087220 442 3148237114790560271
HIT 3 1902697054516 443 9160979606972854142
HIT 3 1906992021812 444 6333237716593957435
HIT 3 1911286989108 445 5527048298815548780
HIT 3 1915581956404 446 13672737089659402233
HIT 3 1919876923700 447 11457415714636116576
HIT 3 1924171890996 448 17762204551558740549
HIT 3 1928466858292 449 17732734287153759264
HIT 3 1932761825588 450 1360564256241686124
HIT 3 1937056792884 451 16872359282576392305
HIT 3 1941351760180 452 9277786509453163412
HIT 3 1945646727476 453 14667125916527775437
HIT 3 1949941694772 454 4712648841922649132
HIT 3 1954236662068 455 15760289788785860536
HIT 3 1958531629364 456 10393506009340973438
HIT 3 1962826596660 457 1621299029078965064
HIT 3 1967121563956 458 16242523309348014503
HIT 3 1971416531252 459 15459980546675770902
HIT 3 1975711498548 460 12841053480844533347
HIT 3 1980006465844 461 3974023629255089062
HIT 3 1984301433140 462 14727332469433839596
HIT 3 1988596400436 463 10690727777259652654
HIT 3 1992891367732 464 9536418132707587658
HIT 3 1997186335028 465 12723584921545613573
HIT 3 2001481302324 466 2568805199837091316
HIT 3 2005776269620 467 15177839435336177395
HIT 3 2010071236916 468 3974382085419053885
HIT 3 2014366204212 469 15225851368759253682
HIT 3 2018661171508 470 5331538543332899111
HIT 3 2022956138804 471 267005376779837231
HIT 3 2027251106100 472 11922599135521392399
HIT 3 2031546073396 473 11913722145850407067
HIT 3 2035841040692 474 15997337128786924453
HIT 3 2040136007988 475 3360808011488669534
HIT 3 2044430975284 476 17225120813684638188
HIT 3 2048725942580 477 1595835903608731503
HIT 3 2053020909876 478 663740753148010093
HIT 3 2057315877172 479 9911491915267682756
HIT 3 2061610844468 480 18259859662743691223
HIT 3 2065905811764 481 10288973157318618570
HIT 3 2070200779060 482 14954533350838229255
HIT 3 2074495746356 483 14558434180275856101
HIT 3 2078790713652 484 10699441548533327598
HIT 3 2083085680948 485 12103187793901133817
HIT 3 2087380648244 486 3328513868563836053
HIT 3 2091675615540 487 6405658825177963115
HIT 3 2095970582836 488 8615621267567556818
HIT 3 2100265550132 489 2597953482102990989
HIT 3 2104560517428 490 5407799193583995838
HIT 3 2108855484724 491 3650770265584690945
HIT 3 2113150452020 492 13975722689829551270
HIT 3 2117445419316 493 7230484353028977972
HIT 3 2121740386612 494 18249773019045242408
HIT 3 2126035353908 495 4528941760690652772
HIT 3 2130330321204 496 16925079390959702661
HIT 3 2134625288500 497 1273790013156267561
HIT 3 2138920255796 498 2103815717772513049
HIT 3 2143215223092 499 1766543400627007078
HIT 3 2147510190388 500 15277197909093268752
HIT 3 2151805157684 501 3644435783191389572
HIT 3 2156100124980 502 7141452370011747552
HIT 3 2160395092276 503 11172381008772003382
HIT 3 2164690059572 504 9756253978542103558
HIT 3 2168985026868 505 11166503634557476576
HIT 3 2173279994164 506 17285016744325531369
HIT 3 2177574961460 507 13018878181630724466
HIT 3 2181869928756 508 77476151205057317
HIT 3 2186164896052 509 5192683161110137407
HIT 3 2190459863348 510 7673750234174860078
HIT 3 2194754830644 511 12045221605724715005
HIT 3 1756668231988 409 4851336085596761182
HIT 3 2156100190516 502 4174132395830456039
HIT 3 2147510321460 500 13088451025186127084
HIT 3 2156100256052 502 5361370762804447923
HIT 3 2160395223348 503 933086684579933955
HIT 3 2164690190644 504 1695109700529052674
HIT 3 2156100321588 502 2497547531095864865
HIT 3 2156100387124 502 11001921274538106074
HIT 3 2156100452660 502 4376536386010673838
HIT 3 2156100518196 502 749605952503493010
HIT 3 2156100583732 502 13052970540191766151
HIT 3 2156100649268 502 6154171333127658085
HIT 3 2156100714804 502 12658064930542208908
HIT 3 2156100780340 502 12570019182683967569
HIT 3 2156100845876 502 7173381294471774045
HIT 3 2156100911412 502 2120825842917743359
HIT 3 2156100976948 502 12886815265579405449
HIT 3 2156101042484 502 4952198943198129028
HIT 3 2156101108020 502 10155070284234890573
HIT 3 2156101173556 502 16256278258615086443
HIT 3 2156101239092 502 1836026546510271999
HIT 3 2156101304628 502 14895762476901680130
HIT 3 2156101370164 502 3285265638119973021
HIT 3 2156101435700 502 12437482810092948789
HIT 3 2156101501236 502 1523650766571327935
HIT 3 2156101566772 502 12264584523798569749
HIT 3 2156101632308 502 10728042189542255272
HIT 3 2156099993909 502 10052313796857612141
HIT 3 1748078166325 407 18103550774041378224
HIT 3 2156100059445 502 16167975280763351786
HIT 3 2147510190389 500 2535890569080621703
HIT 3 2156100124981 502 2663293934554332672
HIT 3 2160395092277 503 7821706288822003740
HIT 3 2164690059573 504 10449803728274926420
HIT 3 2156100256053 502 14737221191569191614
HIT 3 2156101697844 502 254956541846526599
HIT 3 2156101763380 502 6717734833357478287
HIT 3 2156101828916 502 15330202397926895085
HIT 3 2156101894452 502 4943416150187740514
HIT 3 2156101959988 502 16838117098739676707
HIT 3 2156102025524 502 13762895478639042465
HIT 3 2156102091060 502 3048176064623212303
HIT 3 2156102156596 502 11427314966733364368
HIT 3 2156102222132 502 3235351490720130966
HIT 3 2156102287668 502 2753191528958246437
HIT 3 2156102353204 502 3784119788184867161
HIT 3 2156102418740 502 3294909839963749871
HIT 3 2156102484276 502 4787373527736603556
HIT 3 2156102549812 502 337562959600421346
HIT 3 2156102615348 502 6662301313784535456
HIT 3 2156102680884 502 3680422919606714789
HIT 3 2156102746420 502 1139442572287647572
HIT 3 2156102811956 502 12670080751372299814
HIT 3 2156102877492 502 9835800556754829431
HIT 3 2156102943028 502 1832608461860665659
HIT 3 2156103008564 502 5254652274151089795
HIT 3 2156103074100 502 15032968513777778212
HIT 3 2156103139636 502 9612387301771206509
HIT 3 2156103205172 502 13768826952503736185
HIT 3 2156103270708 502 12870589185772547080
HIT 3 2156103336244 502 10541683893042891735
HIT 3 2156103401780 502 283547910644677305
HIT 3 2156103467316 502 7773189353840314835
HIT 3 2156103532852 502 9901466605950967902
HIT 3 2156103598388 502 16885481233499418248
HIT 3 2156103663924 502 18068690171526264672
HIT 3 2156103729460 502 17333641053199805280
HIT 3 2156103794996 502 12107190973097136192
HIT 3 2156103860532 502 13556861274225269897
HIT 3 2156103926068 502 12788676668889246818
HIT 3 2156103991604 502 10419543008004825861
HIT 3 2156104057140 502 991300453724056616
HIT 3 2156104122676 502 10734120062907968427
HIT 3 2156104188212 502 5788961203197800604
HIT 3 2156104253748 502 8164962995404797061
HIT 3 2156104319284 502 3412961884147812414
HIT 3 2156104384820 502 1508042852158755562
HIT 3 2156104450356 502 17352484913139565589
HIT 3 2156104515892 502 2417045121290937275
HIT 3 2156104581428 502 4920990409316461743
HIT 3 2156104646964 502 10004853562353871872
HIT 3 2156104712500 502 12906167525640058830
HIT 3 2156104778036 502 8571703326450940272
HIT 3 2156104843572 502 6689194980650405552
HIT 3 2156104909108 502 798312726505900478
HIT 3 2156104974644 502 17781768899075468464
HIT 3 2156105040180 502 17237395741951668249
HIT 3 2156105105716 502 11408608957289884300
HIT 3 2156105171252 502 11533649931947647778
HIT 3 2156105236788 502 14340647566883354319
HIT 3 2156105302324 502 4752044563596642206
HIT 3 2156105367860 502 1108622621647133551
HIT 3 2156105433396 502 642063654000202079
HIT 3 2156105498932 502 12748082196646666576
HIT 3 2156105564468 502 17668392269045607070
HIT 3 2156105630004 502 6818689507887022926
HIT 3 2156105695540 502 4649620052921912322
HIT 3 2156105761076 502 6077345538088210623
HIT 3 2156105826612 502 12067833108395329236
HIT 3 2156105892148 502 10173648873191333071
HIT 3 2156105957684 502 10825881559218883006
HIT 3 2156106023220 502 1566237605208127819
HIT 3 2156106088756 502 291180584689408270
HIT 3 2156106154292 502 16496846272448468238
HIT 3 2147516285236 500 8853542056475881626
HIT 3 2156106219828 502 14189867740160845388
HIT 3 2156106285364 502 8853542056475881626
HIT 3 2156106350900 502 16754454986928818150
HIT 3 2156106416436 502 16338194507632475444
HIT 3 2164696351028 504 16754454986928818150
HIT 3 2164696416564 504 9659877389621245568
HIT 3 2168991383860 505 6230351581242583131
HIT 3 2173286351156 506 18141239047719846945
HIT 3 2177581318452 507 5330017231084056011
HIT 3 2181876285748 508 4744500644772663745
HIT 3 2186171253044 509 12450463073415565980
HIT 3 2190466220340 510 5516844627103634045
HIT 3 2194761187636 511 15221331656483636568
HIT 3 2164696482100 504 12876927972376461072
HIT 3 2168991449396 505 5330017231084056011
HIT 3 2173286416692 506 9659877389621245568
HIT 3 2173286547764 506 17500373770022668883
HIT 3 1739482202423 405 3944038917499031274
HIT 3 2156094030135 502 8068738464448836736
HIT 3 2156099993910 502 16445952359259132675
HIT 3 1748078166326 407 3944038917499031274
HIT 3 2156100059446 502 14999878378701016190
HIT 3 2147510190390 500 7948302996289266358
HIT 3 2156100124982 502 10843434236500726528
HIT 3 2160395092278 503 13327429246544195274
HIT 3 2164690059574 504 5252614706198850889
HIT 3 2156100256054 502 18001262708998428656
HIT 3 2164696482102 504 8068738464448836736
HIT 3 2164696482101 504 12749227818373739509
HIT 3 2156100124984 502 4177644225994717358
HIT 3 2156100124985 502 14291239217426364483
HIT 3 2156100124983 502 5135104668602835939
HIT 3 2156100124986 502 8351042731308289354
HIT 3 2156100124987 502 9215728379319965048
HIT 3 2156100124988 502 14378833737180228431
HIT 3 2156100124989 502 10787953656006145036
HIT 3 2156100124990 502 14008914649551268221
HIT 3 2156100124992 502 2648354181108925426
HIT 3 2156100124993 502 13392470410704444235
HIT 3 2156100124994 502 6481764648621042561
HIT 3 2156100124991 502 14939693958633523776
HIT 3 2156100124995 502 9418884146124871766
HIT 3 2156100124996 502 12834833105627870328
HIT 3 2156100124997 502 8047950693005762901
HIT 3 2156100124999 502 11747629123107439034
HIT 3 2156100124998 502 9567133826324828820
HIT 3 2156100125000 502 16351260774553948112
HIT 3 2156100125001 502 343921173154995499
HIT 3 2156100125002 502 16447646710766028677
HIT 3 2156100125003 502 11196148368944415731
HIT 3 2156100125004 502 7547904963643157669
HIT 3 2156100125005 502 13710846828225373553
HIT 3 2156100125007 502 9909362047471000950
HIT 3 2156100125008 502 10474293951470158206
HIT 3 2156100125006 502 5830042684918050454
HIT 3 2156100125012 502 15724519444528478686
HIT 3 2156100125011 502 8761653240436202427
HIT 3 2156100125010 502 14717176559213749284
HIT 3 2156100125009 502 2086884475593569212
HIT 3 2156100125013 502 8087741584170612302
HIT 3 2156100125014 502 791368008095470033
HIT 3 2156100125015 502 8868017758714023059
HIT 3 2156100125017 502 9991857254316047098
HIT 3 2156100125019 502 18159367338431041753
HIT 3 2156100125018 502 11372617503936214269
HIT 3 2156100125016 502 10340951973210288901
HIT 3 2156100125020 502 7016356206564846559
HIT 3 2156100125022 502 7440564651191759380
HIT 3 2156100125021 502 10367006092910404358
HIT 3 2156100125024 502 3400615311356827565
HIT 3 2156100125023 502 10156260388194298825
HIT 3 2156100125025 502 7256707309633933854
HIT 3 2156100125026 502 7353318175356381108
HIT 3 2156100125027 502 1888858687353762824
HIT 3 2156100125028 502 2411622458134800853
HIT 3 2156100125029 502 9600121154006403741
HIT 3 2156100125031 502 8927555335593047559
HIT 3 2156100125030 502 6885761473852603163
HIT 3 2156100125032 502 1786076519765477880
HIT 3 2156100125034 502 8278695395166632344
HIT 3 2156100125033 502 14469129362635767139
HIT 3 2156100125036 502 7839293551637722006
HIT 3 2156100125035 502 18348962309800752612
HIT 3 2156100125038 502 11995190118645696467
HIT 3 2156100125037 502 8086061430442370503
HIT 3 2156100125039 502 16811239008587927303
HIT 3 2156100125041 502 16495541749472949508
HIT 3 2156100125040 502 9900023964755596580
HIT 3 2156100125043 502 1054814036549760112
HIT 3 2156100125042 502 5306239038362902934
HIT 3 2156100125044 502 7488154061834105785
HIT 3 2156100125045 502 15001109350528648873
HIT 3 2156100125047 502 6956226328327750097
HIT 3 2156100125046 502 9110166201294415393
HIT 3 2156100125048 502 12413661503999808383
HIT 3 2156100125049 502 11534424475698328917
HIT 3 2156100125050 502 14702810706460769578
HIT 3 2156100125051 502 2242160817543763521
HIT 3 2156100125055 502 14007418618087877222
HIT 3 2156100125054 502 11829157737727939280
HIT 3 2156100125052 502 8892811220540052152
HIT 3 2156100125053 502 1443575106012246263
HIT 3 2156100125057 502 15151219442789991269
HIT 3 2156100125056 502 13139623454260065575
HIT 3 2156100125058 502 17895712180875814924
HIT 3 2156100125059 502 5855084893063322956
HIT 3 2156100125061 502 2672962090758851564
HIT 3 2156100125060 502 5709428538439983354
HIT 3 2156100125064 502 10261378501695133833
HIT 3 2156100125063 502 3200442209003260306
HIT 3 2156100125062 502 4405571302612132256
HIT 3 2156100125066 502 6264874984199969274
HIT 3 2156100125065 502 11595596067531459720
HIT 3 2156100125067 502 1090024505535936399
HIT 3 2156100125069 502 12366641050465901594
HIT 3 2156100125068 502 16145057818541979031
HIT 3 2156100125070 502 1848822659615857330
HIT 3 2156099994001 502 15611573124172671833
HIT 3 2156100125073 502 17964447313475447262
HIT 3 2156100125071 502 17666552307103189868
HIT 3 2156100125072 502 15611573124172671833
HIT 3 2156100125074 502 1827508049105083373
HIT 3 2156100256146 502 12375976501441462918
HIT 3 2156100125075 502 12375976501441462918
HIT 3 1756668232084 409 8131711355623213218
HIT 3 2156100190612 502 656165218350444055
HIT 3 2147510321556 500 16218161972257255762
HIT 3 2156100256148 502 12549198265573946081
HIT 3 2160395223444 503 9104934661435308227
HIT 3 2164690190740 504 15663529085293700291
HIT 3 2156100387220 502 14422657452208855288
HIT 3 2156100190613 502 9521000918118508964
HIT 3 2156100256149 502 14422657452208855288
HIT 3 2156100321685 502 656165218350444055
HIT 3 2156100387221 502 14910226259450780943
HIT 3 2156100452757 502 10238522493539931989
HIT 3 2156100518293 502 15708204871170587018
HIT 3 2156100583829 502 16852727009967915286
HIT 3 2156100649365 502 6431480314946815293
HIT 3 2156100714901 502 46712117565569887
HIT 3 2156100780437 502 2747761035776900260
HIT 3 2156100845973 502 442947455575536337
HIT 3 2156100911509 502 9949562053825265310
HIT 3 2156100977045 502 4501359675756971941
HIT 3 2156101042581 502 2714482303920484762
HIT 3 2156101108117 502 1673948013452944490
HIT 3 2156101173653 502 409232508497448839
HIT 3 2156101239189 502 17435773899914893536
HIT 3 2156101304725 502 893382771023514694
HIT 3 2156101370261 502 11736799758023844808
HIT 3 2156101435797 502 1411606016420876753
HIT 3 2156101501333 502 16078913473791035372
HIT 3 2156101566869 502 12990961155069339715
HIT 3 2164696482195 504 1827508049105083373
HIT 3 2164696482196 504 9521000918118508964
HIT 3 2156101632405 502 15541743722335256136
HIT 3 2156101697941 502 9022478435536963709
HIT 3 2156101763477 502 11859837196689370206
HIT 3 2156101829013 502 14970328219780802162
HIT 3 2156101894549 502 6564831325683198808
HIT 3 2156101960085 502 2544484694819476183
HIT 3 2156102025621 502 17848757959803789773
HIT 3 2156102091157 502 18037287654623473232
HIT 3 2156102156693 502 13908063687385420786
HIT 3 2156102222229 502 9604778748028453470
HIT 3 2156102287765 502 6038577552474162392
HIT 3 2156102353301 502 6167097490848256295
HIT 3 2156102418837 502 6436843624203230492
HIT 3 2156102484373 502 14489314749508662174
HIT 3 2156102549909 502 4875800685337365598
HIT 3 2156102615445 502 15435601679616082475
HIT 3 2156102680981 502 1305608174299346743
HIT 3 2156102746517 502 2917771798813758587
HIT 3 2156102812053 502 6348472568703011498
HIT 3 2156102877589 502 14225541387236667003
HIT 3 2156102943125 502 8812500342227593072
HIT 3 2156103008661 502 14072859089649396742
HIT 3 2156103074197 502 14266530332692319097
HIT 3 2156103139733 502 8575524699138663704
HIT 3 2156103205269 502 5846756046509222382
HIT 3 2156103270805 502 2637313516201765776
HIT 3 2156103336341 502 8956133122697941033
HIT 3 2156103401877 502 529248761858506256
HIT 3 2156103467413 502 17613960731242424733
HIT 3 2156103532949 502 16072202733534319392
HIT 3 2156103598485 502 5776636351070106173
HIT 3 2156103664021 502 14061200686637586186
HIT 3 2156103729557 502 4031924669641356189
HIT 3 2156103795093 502 11486744719940358739
HIT 3 2156103860629 502 17759266537143150090
HIT 3 2156103926165 502 12731056229199556807
HIT 3 2156103991701 502 4144142290061794141
HIT 3 2156104057237 502 13513829714955793721
HIT 3 2156104122773 502 2910514727684456143
HIT 3 2156104188309 502 5495176133225559806
HIT 3 2156104253845 502 9524790432692409677
HIT 3 2156104319381 502 13951569379602885777
HIT 3 2156104384917 502 6404863010649762410
HIT 3 2156104450453 502 9685259468977554090
HIT 3 2156104515989 502 13672316991239576573
HIT 3 2156104581525 502 17480536707612644399
HIT 3 2156104647061 502 14103446905969055770
HIT 3 2156104712597 502 5602858737410969790
HIT 3 2156104778133 502 7146900673628469965
HIT 3 2156104843669 502 14925702193342553477
HIT 3 2156104909205 502 393145543909605435
HIT 3 2156104974741 502 9538479122295490805
HIT 3 2156105040277 502 17557389286948118591
HIT 3 2156105105813 502 12661689189470008901
HIT 3 2156105171349 502 923784255808184996
HIT 3 2156105236885 502 15688273542984227408
HIT 3 2156105302421 502 156248611421497366
HIT 3 2156105367957 502 15408021193095441283
HIT 3 2156105433493 502 14107226276737576061
HIT 3 2156105499029 502 18385030741997755015
HIT 3 2156105564565 502 15771818770238162407
HIT 3 2156105630101 502 9786184464617372456
HIT 3 2156105695637 502 7663230616439813223
HIT 3 2156105761173 502 1314944759857206677
HIT 3 2156105826709 502 17693685042736565723
HIT 3 2156105892245 502 17654230913049588261
HIT 3 2156105957781 502 16833484828877424598
HIT 3 2156106023317 502 6757737123549374710
HIT 3 2156106088853 502 9378874135893765914
HIT 3 2156106154389 502 14031294484336117222
HIT 3 2147516285333 500 4556007182178988415
HIT 3 2156106219925 502 289120444389111498
HIT 3 2156106285461 502 4556007182178988415
HIT 3 2156106350997 502 8411356422116457827
HIT 3 2156106416533 502 16218161972257255762
HIT 3 2164696351125 504 8411356422116457827
HIT 3 2164696416661 504 11296892134194628573
HIT 3 2168991383957 505 9104934661435308227
HIT 3 2173286351253 506 11012515312634780768
HIT 3 2177581318549 507 12984067824300881204
HIT 3 2181876285845 508 12266655501082940173
HIT 3 2186171253141 509 4392926464730106690
HIT 3 2190466220437 510 5009368915743037560
HIT 3 2194761187733 511 13350233899860812528
HIT 3 2164696482197 504 12549198265573946081
HIT 3 2168991449493 505 12984067824300881204
HIT 3 2173286416789 506 11296892134194628573
HIT 3 2173286547861 506 15663529085293700291
HIT 3 2156100387222 502 18334633664424691904
HIT 3 2164696482199 504 18334633664424691904
HIT 3 2173286547959 506 14580996874655424960
DONE data/p_n_a0001.txt sz=3 range=[0,512) n=22108160 zero=0 21.1s
