HIT 1 4 4 12003719226066874482
HIT 1 27 27 12019041867487727242
HIT 1 82 82 11445323395496637776
HIT 1 356 356 6371598786949246188
HIT 1 432 432 1607074094782726558
DONE data/p_inv3.txt sz=1 range=[0,512) n=512 zero=0 0.0s
HIT 2 1769474 27 15358938973191211771
HIT 2 5373954 82 11990330053524552500
HIT 2 23330818 356 11549044527136813247
HIT 2 28311554 432 1980757441485940810
HIT 2 1638404 25 13108498824157182641
HIT 2 1703940 26 5427914524137197876
HIT 2 1769476 27 7672852784550454206
HIT 2 1900548 29 15499052717023857731
HIT 2 5242884 80 11857077348397269989
HIT 2 5373956 82 5882462696607583716
HIT 2 5439492 83 12698375450747077726
HIT 2 5505028 84 1214556840138094831
HIT 2 393221 6 12003719226066874482
HIT 2 1769477 27 16681778707890401201
HIT 2 5373957 82 12125754627060273390
HIT 2 1769478 27 11372608929696205892
HIT 2 5373958 82 5684299216720345206
HIT 2 23330822 356 16336480970568558823
HIT 2 28311558 432 6575308678067119724
HIT 2 23199748 354 11859449600408321627
HIT 2 23330820 356 14063149097891902990
HIT 2 23396356 357 11541877543433842612
HIT 2 23461892 358 1355141259412165488
HIT 2 28180484 430 5058822701407309142
HIT 2 28311556 432 4020333542159602596
HIT 2 28377092 433 12729942412813526721
HIT 2 28442628 434 730540888370638404
HIT 2 23330821 356 1885281114280106691
HIT 2 28311557 432 13273223533681065
HIT 2 5373977 82 9215285001964708592
HIT 2 23330841 356 12088702163270078646
HIT 2 28311577 432 3677056375379832894
HIT 2 1900570 29 12019041867487727242
HIT 2 5373978 82 15530728660302037828
HIT 2 23330842 356 12728161617660001433
HIT 2 28311578 432 8968149458527017763
HIT 2 5373981 82 11903276817955454794
HIT 2 23330845 356 8410312149410248886
HIT 2 28311581 432 10672926631535029376
HIT 2 5242907 80 11794599894034741943
HIT 2 5373979 82 13119913483513968759
HIT 2 5439515 83 1197748780302141833
HIT 2 5505051 84 17433813129285370683
HIT 2 23199771 354 161566959192562570
HIT 2 23330843 356 4302488312443280620
HIT 2 23396379 357 4261190777063073061
HIT 2 23461915 358 17831462804303371903
HIT 2 28180507 430 8188649728695018477
HIT 2 28311579 432 7666545345819014630
HIT 2 28377115 433 14815985314102077780
HIT 2 28442651 434 12189798077744774847
HIT 2 23330896 356 13810867214050253742
HIT 2 28311632 432 14578653345705601123
HIT 2 23199826 354 5124808368115320021
HIT 2 23330898 356 7504012115350011725
HIT 2 23396434 357 15661293225634552616
HIT 2 23461970 358 14228660251731293972
HIT 2 28180562 430 8725743375845499841
HIT 2 28311634 432 13002785950885153273
HIT 2 28377170 433 1755964120000685423
HIT 2 28442706 434 10983527807133715434
HIT 2 5505107 84 11445323395496637776
HIT 2 23330899 356 4337489141204950012
HIT 2 28311635 432 14511205767192339280
HIT 2 23330900 356 3331532258017910967
HIT 2 28311636 432 9947402371084569137
HIT 2 28311906 432 3925072494554630086
HIT 2 28180836 430 5565460340595497814
HIT 2 28311908 432 7839761506534694239
HIT 2 28377444 433 1061307637030725785
HIT 2 28442980 434 7847895097948304969
HIT 2 23462245 358 6371598786949246188
HIT 2 28311909 432 12293521075037983581
HIT 2 28311910 432 10383629714865347408
HIT 2 28443057 434 1607074094782726558
DONE data/p_inv3.txt sz=2 range=[0,512) n=130560 zero=0 0.4s
HIT 3 115964248064 27 1423507279715978128
HIT 3 115964379138 27 10039812183795813687
HIT 3 352187580418 82 11620022144083444655
HIT 3 352187449344 82 14281854885394397351
HIT 3 1529008619522 356 8388530415780783334
HIT 3 1855426134018 432 1422189350532978992
HIT 3 1529008488448 356 13864493386877093480
HIT 3 1855426002944 432 2501623884908597777
HIT 3 115964379139 27 15358938973191211771
HIT 3 352187580419 82 11990330053524552500
HIT 3 115964379136 27 17953527355705788918
HIT 3 352187580416 82 17424665924027941522
HIT 3 1529008619523 356 11549044527136813247
HIT 3 1855426134019 432 1980757441485940810
HIT 3 1529008619520 356 7820764831999244585
HIT 3 115964379137 27 1423507279715978128
HIT 3 352187580417 82 14281854885394397351
HIT 3 1529008619521 356 13864493386877093480
HIT 3 1855426134017 432 2501623884908597777
HIT 3 1855426134016 432 17208244130226285852
HIT 3 115964510211 27 10039812183795813687
HIT 3 352187711491 82 11620022144083444655
HIT 3 1529008750595 356 8388530415780783334
HIT 3 1855426265091 432 1422189350532978992
HIT 3 352188956674 82 11343054059278029851
HIT 3 1529009995778 356 2441033767571053899
HIT 3 352189087744 82 10125605177890950414
HIT 3 1855427510274 432 6620671296957478325
HIT 3 124555755522 29 15358938973191211771
HIT 3 352189022210 82 9673012854093753041
HIT 3 1529010061314 356 2258094766484757111
HIT 3 1855427575810 432 318017797391232119
HIT 3 343599153154 80 12776665298380002481
HIT 3 352189087746 82 2080612418716905587
HIT 3 356484055042 83 446205572471249131
HIT 3 360779022338 84 10040967667496935605
HIT 3 1520420192258 354 8071007382861726852
HIT 3 1529010126850 356 1384906527842445855
HIT 3 1533305094146 357 12833952998936847054
HIT 3 1537600061442 358 8003018159991577431
HIT 3 1846837706754 430 14838017902152500837
HIT 3 1855427641346 432 5638888088924266827
HIT 3 1859722608642 433 15437625687071955839
HIT 3 1864017575938 434 7607964048329813824
HIT 3 352189218818 82 12589562889332015706
HIT 3 1529010257922 356 2095271790374084650
HIT 3 1855427772418 432 16552718774755477800
HIT 3 1529010126848 356 17090435793578437865
HIT 3 1855427641344 432 6839332857054573798
HIT 3 352189087747 82 17846605662073788981
HIT 3 1529010126851 356 5701143329539748760
HIT 3 1855427641347 432 12056497491604011110
HIT 3 352189087745 82 8250594712077421414
HIT 3 1529010126849 356 5761096244168725606
HIT 3 1855427641345 432 1236219957613905159
HIT 3 1529013600258 356 17359468681192504596
HIT 3 1855431114754 432 1980135743404785543
HIT 3 1520423796738 354 3925997647953863191
HIT 3 1529013731330 356 12405178581041218085
HIT 3 1533308698626 357 2340147603546247233
HIT 3 1537603665922 358 10672864416042939798
HIT 3 1846841311234 430 10374856638945144401
HIT 3 1855431245826 432 8290880835210138572
HIT 3 1859726213122 433 2076982535911984580
HIT 3 1864021180418 434 11302622060329577774
HIT 3 360782692354 84 11990330053524552500
HIT 3 1529013796866 356 11211201236620432808
HIT 3 1855431311362 432 4863988286167257076
HIT 3 1529013862402 356 14455295893422888581
HIT 3 1855431376898 432 9132654695797602558
HIT 3 1529013731328 356 4213955922696554134
HIT 3 1855431245824 432 12994528366429764559
HIT 3 1529013731331 356 16618280324502037777
HIT 3 1855431245827 432 6648126024267856816
HIT 3 1529013731329 356 15772726444808668478
HIT 3 1855431245825 432 14800370049344131381
HIT 3 1855449071618 432 13595666597043110477
HIT 3 1846859268098 430 8809554688606089390
HIT 3 1855449202690 432 15858056399537787823
HIT 3 1859744169986 433 9048190055010612907
HIT 3 1864039137282 434 6444907336065560838
HIT 3 1537621688322 358 11549044527136813247
HIT 3 1855449268226 432 8713451805617717098
HIT 3 1855449333762 432 2541859747390428567
HIT 3 1855449202688 432 10530581610113610229
HIT 3 1855449202691 432 15568836458771745235
HIT 3 1864044183554 434 1980757441485940810
HIT 3 115964510212 27 221650441175779175
HIT 3 352187711492 82 12796644687285380052
HIT 3 1529008750596 356 18340576096899655257
HIT 3 1855426265092 432 12619641162488123808
HIT 3 115964575748 27 16681778707890401201
HIT 3 352187777028 82 12125754627060273390
HIT 3 1529008816132 356 1885281114280106691
HIT 3 1855426330628 432 13273223533681065
HIT 3 115964641284 27 16640732324598070070
HIT 3 352187842564 82 14122428930835885382
HIT 3 1529008881668 356 6447957412377895313
HIT 3 1855426396164 432 17336102440443127340
HIT 3 115964706820 27 13358448702273530163
HIT 3 352187908100 82 17964783847323389145
HIT 3 1529008947204 356 7244794603990647512
HIT 3 1855426461700 432 17050899898813858461
HIT 3 115964772356 27 13289447922600188750
HIT 3 352187973636 82 9007693742037034022
HIT 3 1529009012740 356 14646287582114835908
HIT 3 1855426527236 432 2550996005310603227
HIT 3 115964837892 27 5455630672716625510
HIT 3 352188039172 82 8714390921390382966
HIT 3 1529009078276 356 4614641637683804767
HIT 3 1855426592772 432 8672163317418173557
HIT 3 115964903428 27 11543687965917146527
HIT 3 352188104708 82 18208234160536158403
HIT 3 1529009143812 356 6325152877721574270
HIT 3 1855426658308 432 9217160552493417536
HIT 3 115964968964 27 985460101956370018
HIT 3 352188170244 82 12349049419675275696
HIT 3 1529009209348 356 10801754985445220606
HIT 3 1855426723844 432 5917773787718313564
HIT 3 115965034500 27 2935196760512360686
HIT 3 107374575621 25 13108498824157182641
HIT 3 111669542917 26 5427914524137197876
HIT 3 115964510213 27 7672852784550454206
HIT 3 124554444805 29 15499052717023857731
HIT 3 343597776901 80 11857077348397269989
HIT 3 352187711493 82 5882462696607583716
HIT 3 356482678789 83 12698375450747077726
HIT 3 360777646085 84 1214556840138094831
HIT 3 1520418816005 354 11859449600408321627
HIT 3 1529008750597 356 14063149097891902990
HIT 3 1533303717893 357 11541877543433842612
HIT 3 1537598685189 358 1355141259412165488
HIT 3 1846836330501 430 5058822701407309142
HIT 3 1855426265093 432 4020333542159602596
HIT 3 1859721232389 433 12729942412813526721
HIT 3 1864016199685 434 730540888370638404
HIT 3 34360197125 8 12003719226066874482
HIT 3 115964575749 27 13358448702273530163
HIT 3 352187777029 82 17964783847323389145
HIT 3 1529008816133 356 7244794603990647512
HIT 3 1855426330629 432 17050899898813858461
HIT 3 115964641285 27 221650441175779175
HIT 3 352187842565 82 12796644687285380052
HIT 3 1529008881669 356 18340576096899655257
HIT 3 1855426396165 432 12619641162488123808
HIT 3 352188235780 82 11550830099176174606
HIT 3 1529009274884 356 5854342965575663922
HIT 3 1855426789380 432 11878709083946289167
HIT 3 115965100036 27 3208671724231476510
HIT 3 352188301316 82 4820150083546522524
HIT 3 1529009340420 356 14800927302868576820
HIT 3 1855426854916 432 17019515391704704886
HIT 3 115965165572 27 1960168377201572262
HIT 3 352188366852 82 8061979465524860776
HIT 3 1529009405956 356 18251496469250199055
HIT 3 1855426920452 432 3228034156354970277
HIT 3 115965231108 27 5963095702574872513
HIT 3 352188432388 82 6515879457306973314
HIT 3 1529009471492 356 6030165744853256569
HIT 3 1855426985988 432 7775163866594288436
HIT 3 115965296644 27 303674653238306044
HIT 3 352188497924 82 6218577748185467592
HIT 3 1529009537028 356 8078883928210939327
HIT 3 1855427051524 432 13645446522613499854
HIT 3 115965362180 27 17176286519321351471
HIT 3 352188563460 82 9221978908278005802
HIT 3 1529009602564 356 4404702627888317321
HIT 3 1855427117060 432 5085129966245641620
HIT 3 115965427716 27 6576446152356490432
HIT 3 352188628996 82 11513343604107464283
HIT 3 1529009668100 356 8730878163623374693
HIT 3 1855427182596 432 7622453073579903720
HIT 3 115965493252 27 882588263525487769
HIT 3 352188694532 82 17215294494091021140
HIT 3 1529009733636 356 8289060362461100627
HIT 3 1855427248132 432 14678641730343036871
HIT 3 115965558788 27 12069114653051338967
HIT 3 352188760068 82 18034430391689596067
HIT 3 1855449202689 432 12456598361272898724
HIT 3 1529009799172 356 6104484988135572942
HIT 3 1855427313668 432 12919322276090700899
HIT 3 107375689732 25 12069114653051338967
HIT 3 115965624324 27 6997922575532765331
HIT 3 352188825604 82 5350718896840677280
HIT 3 1529009864708 356 11006667607915457416
HIT 3 1855427379204 432 645190944869887786
HIT 3 115965689860 27 13108498824157182641
HIT 3 124555624452 29 15938184058925405252
HIT 3 352188891140 82 15385044550348849354
HIT 3 1529009930244 356 6511726602342697051
HIT 3 1855427444740 432 4114169651752510533
HIT 3 115965755396 27 15938184058925405252
HIT 3 343599022084 80 4144018512328795899
HIT 3 352188956676 82 14948084271045661667
HIT 3 356483923972 83 7026673622073869836
HIT 3 360778891268 84 13843805523302848459
HIT 3 1520420061188 354 15043350481337170742
HIT 3 1529009995780 356 16006002263974785680
HIT 3 1533304963076 357 4710411418488551877
HIT 3 1537599930372 358 14213136758308931125
HIT 3 1846837575684 430 7403487944418912917
HIT 3 1855427510276 432 11471396049902651265
HIT 3 1859722477572 433 15498332372063711886
HIT 3 1864017444868 434 1095088066453673781
HIT 3 120260788228 28 15413296233630279443
HIT 3 124555755524 29 7672852784550454206
HIT 3 133145690116 31 13019416217449719506
HIT 3 343599087620 80 9473304152694334288
HIT 3 352189022212 82 1380348336911142117
HIT 3 356483989508 83 15626270754691191068
HIT 3 360778956804 84 17586681693528851576
HIT 3 1520420126724 354 17153073519366713273
HIT 3 1529010061316 356 2164819535858728256
HIT 3 1533305028612 357 1694872067150924651
HIT 3 1537599995908 358 12353711927301732294
HIT 3 1846837641220 430 13292314675352186073
HIT 3 1855427575812 432 6610305389926272592
HIT 3 1859722543108 433 13098678574543055691
HIT 3 1864017510404 434 10745267523817393929
HIT 3 120260853764 28 5427914524137197876
HIT 3 124555821060 29 13019416217449719506
HIT 3 128850788356 30 15413296233630279443
HIT 3 133145755652 31 2948907429182297237
HIT 3 137440722948 32 8054128740900727877
HIT 3 141735690244 33 4543479447121826058
HIT 3 146030657540 34 9246643477389368946
HIT 3 150325624836 35 7592520569444664723
HIT 3 154620592132 36 10670365080663377118
HIT 3 158915559428 37 6463836080608204702
HIT 3 163210526724 38 3886736119860966886
HIT 3 167505494020 39 8948641812119596781
HIT 3 171800461316 40 3548044492069334984
HIT 3 176095428612 41 115077665532973512
HIT 3 180390395908 42 4227886814439315506
HIT 3 184685363204 43 5238599615424880340
HIT 3 188980330500 44 488758333071832472
HIT 3 193275297796 45 13764562466764042327
HIT 3 197570265092 46 2451781657751173244
HIT 3 201865232388 47 14384432219246327035
HIT 3 206160199684 48 4448407887296208526
HIT 3 210455166980 49 15801463724543111868
HIT 3 214750134276 50 12028520041571751450
HIT 3 219045101572 51 12216490445152761119
HIT 3 223340068868 52 13575709981452808612
HIT 3 227635036164 53 385511214793278484
HIT 3 231930003460 54 4207565195414308365
HIT 3 236224970756 55 2900880559836361695
HIT 3 240519938052 56 13403568807649618235
HIT 3 244814905348 57 13960953863246475675
HIT 3 249109872644 58 7926829979666692929
HIT 3 253404839940 59 10633493550643622580
HIT 3 257699807236 60 7290962992350002648
HIT 3 261994774532 61 12980220453565170928
HIT 3 266289741828 62 11794408794890878757
HIT 3 270584709124 63 16562841404239727809
HIT 3 274879676420 64 4897314308763404495
HIT 3 279174643716 65 1959220156633338488
HIT 3 283469611012 66 11530453821911451277
HIT 3 287764578308 67 8853768286476125765
HIT 3 292059545604 68 18095124629020800855
HIT 3 296354512900 69 9940297838274476101
HIT 3 300649480196 70 8486836615371552081
HIT 3 304944447492 71 12236531272144897737
HIT 3 309239414788 72 8857547918535717194
HIT 3 313534382084 73 11760910018047186553
HIT 3 317829349380 74 10079473461250321566
HIT 3 322124316676 75 2236411470034846074
HIT 3 326419283972 76 12574410670491643306
HIT 3 330714251268 77 7573425496659879349
HIT 3 335009218564 78 8758881682073226338
HIT 3 339304185860 79 9284644876916755209
HIT 3 343599153156 80 16265430639025789536
HIT 3 347894120452 81 18315215408530956587
HIT 3 352189087748 82 14995242290092965802
HIT 3 356484055044 83 1977887450745925690
HIT 3 360779022340 84 10560917865346284046
HIT 3 365073989636 85 883976362510808935
HIT 3 369368956932 86 14346844738177522861
HIT 3 373663924228 87 6519456509892250235
HIT 3 377958891524 88 4955103304117675991
HIT 3 382253858820 89 14855368165587253195
HIT 3 386548826116 90 7744884362815173543
HIT 3 390843793412 91 1667352169876457065
HIT 3 395138760708 92 5637390905384633209
HIT 3 399433728004 93 124465326451195557
HIT 3 403728695300 94 9069197120885025979
HIT 3 408023662596 95 14801553096980103473
HIT 3 412318629892 96 15543441117119192261
HIT 3 416613597188 97 4567533193680186350
HIT 3 420908564484 98 17012141790637821082
HIT 3 425203531780 99 6020699927453850859
HIT 3 429498499076 100 8533819281980415653
HIT 3 433793466372 101 8347895642895056296
HIT 3 438088433668 102 5732309518754701809
HIT 3 442383400964 103 8642049655467874166
HIT 3 446678368260 104 15275725194138486960
HIT 3 450973335556 105 1101257370176977105
HIT 3 455268302852 106 1708099968112530305
HIT 3 459563270148 107 7276550938484300780
HIT 3 463858237444 108 3741641189728920925
HIT 3 468153204740 109 6590277981066450635
HIT 3 472448172036 110 7491125913795168208
HIT 3 476743139332 111 8540134546656115512
HIT 3 481038106628 112 12545934581835424737
HIT 3 485333073924 113 6715460676432305599
HIT 3 489628041220 114 11974654526334920724
HIT 3 493923008516 115 16480030644789550987
HIT 3 498217975812 116 7538268083072776791
HIT 3 502512943108 117 16124789792705523981
HIT 3 506807910404 118 1673185797623922484
HIT 3 511102877700 119 113924009561197395
HIT 3 515397844996 120 12870154155698769089
HIT 3 519692812292 121 1831836201632760802
HIT 3 523987779588 122 10156738891889732831
HIT 3 528282746884 123 3107146617096179216
HIT 3 532577714180 124 8590494189161275934
HIT 3 536872681476 125 2859874250971561231
HIT 3 541167648772 126 6234362503890372476
HIT 3 545462616068 127 11568546628385863352
HIT 3 549757583364 128 18276610284892872199
HIT 3 554052550660 129 1810580930803509507
HIT 3 558347517956 130 16393117233984218919
HIT 3 562642485252 131 1700564904421377322
HIT 3 566937452548 132 10636782582726600757
HIT 3 571232419844 133 13754180325453387989
HIT 3 575527387140 134 12234169425572959254
HIT 3 579822354436 135 4584517684494057694
HIT 3 584117321732 136 10893440116324254601
HIT 3 588412289028 137 14039895645609204793
HIT 3 592707256324 138 4364612377857467855
HIT 3 597002223620 139 14375760297850521540
HIT 3 601297190916 140 18098931841798939551
HIT 3 605592158212 141 11435770720845180185
HIT 3 609887125508 142 11151215799846127330
HIT 3 614182092804 143 2194103734715164651
HIT 3 618477060100 144 16434624920535151361
HIT 3 622772027396 145 14055945597594439155
HIT 3 627066994692 146 12615852160980959949
HIT 3 631361961988 147 7432181226701150394
HIT 3 635656929284 148 11606138328901774039
HIT 3 639951896580 149 5357998425119410460
HIT 3 644246863876 150 14811541110507759879
HIT 3 648541831172 151 11696813565401400062
HIT 3 652836798468 152 18015882917841715055
HIT 3 657131765764 153 7065634135776427740
HIT 3 661426733060 154 13851750355601445795
HIT 3 665721700356 155 10220471042219373287
HIT 3 670016667652 156 3804600420260107082
HIT 3 674311634948 157 14907612750867492927
HIT 3 678606602244 158 861355391968024741
HIT 3 682901569540 159 7912356779456358065
HIT 3 687196536836 160 11420623027004533085
HIT 3 691491504132 161 4940931294968968821
HIT 3 695786471428 162 10428422342616029043
HIT 3 700081438724 163 13032652009327650308
HIT 3 704376406020 164 14232801632828976179
HIT 3 708671373316 165 17789136267623413431
HIT 3 712966340612 166 3522626096556832133
HIT 3 717261307908 167 5649061161407993117
HIT 3 721556275204 168 3554356187529952604
HIT 3 725851242500 169 1697659828432222018
HIT 3 730146209796 170 3993865598232993809
HIT 3 734441177092 171 17951734751278132327
HIT 3 738736144388 172 11426552911393891820
HIT 3 743031111684 173 3676154769638145261
HIT 3 747326078980 174 1612096031961417326
HIT 3 751621046276 175 896041717722062879
HIT 3 755916013572 176 17113152093443730050
HIT 3 760210980868 177 1255133940168892514
HIT 3 764505948164 178 1204215344578247591
HIT 3 768800915460 179 1514707178251406528
HIT 3 773095882756 180 10773943412622690516
HIT 3 777390850052 181 4275300098341255539
HIT 3 781685817348 182 1849843645171598291
HIT 3 785980784644 183 9666410144021004182
HIT 3 790275751940 184 11384331516583998103
HIT 3 794570719236 185 13219776939076493147
HIT 3 798865686532 186 5619727100249252812
HIT 3 803160653828 187 17836672289857610795
HIT 3 807455621124 188 11579763495250951514
HIT 3 811750588420 189 1075502017218636034
HIT 3 816045555716 190 11004743568682256884
HIT 3 820340523012 191 1025834925217187840
HIT 3 824635490308 192 6247698127167513618
HIT 3 828930457604 193 14020911672357666276
HIT 3 833225424900 194 14976493977650794686
HIT 3 837520392196 195 17522177265929326407
HIT 3 841815359492 196 18173592250561668706
HIT 3 846110326788 197 12636910803246762438
HIT 3 850405294084 198 411499067789329007
HIT 3 854700261380 199 13205819591308289346
HIT 3 858995228676 200 5648689256871141938
HIT 3 863290195972 201 17771905386086603095
HIT 3 867585163268 202 12772230652697523242
HIT 3 871880130564 203 14879663260302683797
HIT 3 876175097860 204 17224018048760617696
HIT 3 880470065156 205 7695641366776421900
HIT 3 884765032452 206 2527257259995970167
HIT 3 889059999748 207 15302876127019968070
HIT 3 893354967044 208 9560360678097796846
HIT 3 897649934340 209 3521833131006033064
HIT 3 901944901636 210 18342166919227102387
HIT 3 906239868932 211 8201230972620839156
HIT 3 910534836228 212 4488177719152106912
HIT 3 914829803524 213 1662736437016760899
HIT 3 919124770820 214 7363760644877970401
HIT 3 923419738116 215 9505865221721089280
HIT 3 927714705412 216 13197200043970761539
HIT 3 932009672708 217 2352650787765786010
HIT 3 936304640004 218 14501881775097899645
HIT 3 940599607300 219 15049581109972253617
HIT 3 944894574596 220 6483758942774493797
HIT 3 949189541892 221 1165245678581855522
HIT 3 953484509188 222 7754780005407466881
HIT 3 957779476484 223 7102259378523020472
HIT 3 962074443780 224 5246808673374406148
HIT 3 966369411076 225 3236825799358060265
HIT 3 970664378372 226 18115281274824973146
HIT 3 974959345668 227 4044774231725672361
HIT 3 979254312964 228 13107306489301981932
HIT 3 983549280260 229 17734857112633270269
HIT 3 987844247556 230 13351495223017036611
HIT 3 992139214852 231 13819419185763036062
HIT 3 996434182148 232 8880563633691003488
HIT 3 1000729149444 233 16199136467488156153
HIT 3 1005024116740 234 12240087510133341879
HIT 3 1009319084036 235 5749597919884044111
HIT 3 1013614051332 236 15222554585493858373
HIT 3 1017909018628 237 7887063954497613123
HIT 3 1022203985924 238 9730289355662820325
HIT 3 1026498953220 239 7052070260444708201
HIT 3 1030793920516 240 3166672626493398871
HIT 3 1035088887812 241 3245795900270614672
HIT 3 1039383855108 242 4094002566320057973
HIT 3 1043678822404 243 10520792248326965807
HIT 3 1047973789700 244 11444337718207744411
HIT 3 1052268756996 245 16451020180852702288
HIT 3 1056563724292 246 14715364044877259739
HIT 3 1060858691588 247 17123205186647268793
HIT 3 1065153658884 248 4556546204703078944
HIT 3 1069448626180 249 13187445723995802969
HIT 3 1073743593476 250 16070724444025486068
HIT 3 1078038560772 251 11452676760344350383
HIT 3 1082333528068 252 16390046664950616613
HIT 3 1086628495364 253 17457322310192034415
HIT 3 1090923462660 254 2866393257435317021
HIT 3 1095218429956 255 4154319686245676044
HIT 3 1099513397252 256 4698886305228629620
HIT 3 1103808364548 257 1521481916243149392
HIT 3 1108103331844 258 4989378921285069245
HIT 3 1112398299140 259 15067884093558838440
HIT 3 1116693266436 260 17459360612083298673
HIT 3 1120988233732 261 2261353294999835163
HIT 3 1125283201028 262 1577802573848708846
HIT 3 1129578168324 263 4695613168626115938
HIT 3 1133873135620 264 1678763748354003386
HIT 3 1138168102916 265 11680582092272129059
HIT 3 1142463070212 266 14585535487608549392
HIT 3 1146758037508 267 14865079401163060333
HIT 3 1151053004804 268 8026197766355301107
HIT 3 1155347972100 269 13454629655170149021
HIT 3 352188956677 82 8601612078941157064
HIT 3 1529009995781 356 9967944044886719311
HIT 3 1855427510277 432 7051569084675655401
HIT 3 124555755525 29 16681778707890401201
HIT 3 352189022213 82 14988194461254388432
HIT 3 1529010061317 356 16313470280157558923
HIT 3 1855427575813 432 7920869106033001248
HIT 3 343599153157 80 6847510610483169519
HIT 3 352189087749 82 2180350327472016719
HIT 3 356484055045 83 17047528480152821616
HIT 3 360779022341 84 6014354069867631286
HIT 3 1520420192261 354 16417836449233027655
HIT 3 1529010126853 356 18343876148409143212
HIT 3 1533305094149 357 14824613192441077010
HIT 3 1537600061445 358 14595052896202340268
HIT 3 1159642939396 270 3672633028218543163
HIT 3 1163937906692 271 2489425198764477656
HIT 3 1168232873988 272 4424821717456082145
HIT 3 1172527841284 273 13864475417378654110
HIT 3 1176822808580 274 13341211355824183044
HIT 3 1181117775876 275 10497143896252536117
HIT 3 1185412743172 276 14528865722651886006
HIT 3 1189707710468 277 5079630753695617216
HIT 3 1194002677764 278 11976352357305880199
HIT 3 1198297645060 279 7762940695120408365
HIT 3 1202592612356 280 7846491397821706181
HIT 3 1206887579652 281 16027159218007574828
HIT 3 1211182546948 282 5525050492003524902
HIT 3 1215477514244 283 911081692034806516
HIT 3 1219772481540 284 9658246194022439641
HIT 3 1224067448836 285 13976946399142362160
HIT 3 1228362416132 286 6167067804366989106
HIT 3 1232657383428 287 2676083184084858263
HIT 3 1236952350724 288 14580199794828046976
HIT 3 1241247318020 289 4625693187871465003
HIT 3 1245542285316 290 5941385202049169130
HIT 3 1249837252612 291 1710491653638724803
HIT 3 1254132219908 292 14588685494050254213
HIT 3 1258427187204 293 9141995038916145636
HIT 3 1262722154500 294 379257612892190583
HIT 3 1267017121796 295 616296640131225579
HIT 3 1271312089092 296 15535727924444685511
HIT 3 1275607056388 297 15559654765102613516
HIT 3 1279902023684 298 17821227041840000623
HIT 3 1284196990980 299 6092370444003920932
HIT 3 1288491958276 300 8285204104856218620
HIT 3 1292786925572 301 15800480434878261594
HIT 3 1297081892868 302 15223596634114126875
HIT 3 1301376860164 303 374525743344942144
HIT 3 1305671827460 304 860913759150957482
HIT 3 1309966794756 305 3750858439323689149
HIT 3 1314261762052 306 14425728298929662543
HIT 3 1318556729348 307 9713235758200284783
HIT 3 1322851696644 308 1454770388765901374
HIT 3 1327146663940 309 14645948689222664873
HIT 3 1331441631236 310 8421444315159212874
HIT 3 1335736598532 311 15532852532932289549
HIT 3 1340031565828 312 15836263000488983654
HIT 3 1344326533124 313 5554301200780026111
HIT 3 1348621500420 314 8648645396487494607
HIT 3 1352916467716 315 7142580415492832642
HIT 3 1357211435012 316 3945318054935881808
HIT 3 1361506402308 317 16267988925606282207
HIT 3 1365801369604 318 18337083799499466948
HIT 3 1370096336900 319 13406327788816475353
HIT 3 1374391304196 320 293631325857781532
HIT 3 1378686271492 321 17478237725521818772
HIT 3 1382981238788 322 10988175363232783305
HIT 3 1387276206084 323 1053870992747743108
HIT 3 1391571173380 324 6782104589593658889
HIT 3 1395866140676 325 15046929543987041368
HIT 3 1400161107972 326 117750378214399859
HIT 3 1404456075268 327 11240635183260386825
HIT 3 1408751042564 328 8626037591064270605
HIT 3 1413046009860 329 5760553951911770423
HIT 3 1417340977156 330 17607103911909674548
HIT 3 1421635944452 331 11701463174864705006
HIT 3 1425930911748 332 3500992768050057898
HIT 3 1430225879044 333 10428323118828400330
HIT 3 1434520846340 334 13607000955146958773
HIT 3 1438815813636 335 11284325388656019418
HIT 3 1443110780932 336 7841118570562175715
HIT 3 1447405748228 337 17104098749992244741
HIT 3 1451700715524 338 7556344117008951981
HIT 3 1455995682820 339 18270845786445018798
HIT 3 1460290650116 340 10194569626063003318
HIT 3 1464585617412 341 15599744635848355521
HIT 3 1468880584708 342 15031896470718922701
HIT 3 1473175552004 343 17608423207869172889
HIT 3 1477470519300 344 14663957948462638124
HIT 3 1481765486596 345 6619676554285400760
HIT 3 1486060453892 346 8168511462845350559
HIT 3 1490355421188 347 1892993075968930318
HIT 3 1494650388484 348 3040551279241203831
HIT 3 1498945355780 349 748019247980687699
HIT 3 1503240323076 350 3321553570623685478
HIT 3 1507535290372 351 6054504856309647307
HIT 3 1511830257668 352 10263422931962245763
HIT 3 1516125224964 353 18189805783597069376
HIT 3 1520420192260 354 11466977660956131930
HIT 3 1524715159556 355 2387321098966129167
HIT 3 1529010126852 356 13344196023670928883
HIT 3 1533305094148 357 68666116008132803
HIT 3 1537600061444 358 7314431061416692577
HIT 3 1541895028740 359 17284278081450247893
HIT 3 1546189996036 360 2093123335946385796
HIT 3 1550484963332 361 1589110848303047174
HIT 3 1554779930628 362 5562472027227324876
HIT 3 1559074897924 363 18427190771479118803
HIT 3 1563369865220 364 9631542376649920291
HIT 3 1567664832516 365 12994451835023543294
HIT 3 1571959799812 366 16540622015863508052
HIT 3 1576254767108 367 4815839882375335329
HIT 3 1580549734404 368 11605650803112913466
HIT 3 1584844701700 369 16131660103632449341
HIT 3 1589139668996 370 12019936565976060184
HIT 3 1593434636292 371 14451482396977504429
HIT 3 1597729603588 372 1682794261573251761
HIT 3 1602024570884 373 18025855712620000616
HIT 3 1606319538180 374 3420448555354625806
HIT 3 1610614505476 375 15537291517375161664
HIT 3 1614909472772 376 16878670060490195910
HIT 3 1619204440068 377 7419652474889917165
HIT 3 1623499407364 378 2497048847370138712
HIT 3 1627794374660 379 8543740219135842098
HIT 3 1632089341956 380 11713369480922710834
HIT 3 1636384309252 381 12729274172527760452
HIT 3 1640679276548 382 18025297276983013163
HIT 3 1644974243844 383 10784432706002030700
HIT 3 1649269211140 384 8186674834134183280
HIT 3 1653564178436 385 17284125627823608911
HIT 3 1657859145732 386 17682764861820830037
HIT 3 1662154113028 387 2874199254784490809
HIT 3 1666449080324 388 3796089279819503359
HIT 3 1670744047620 389 8614071000023207068
HIT 3 1675039014916 390 16593603295420905713
HIT 3 1679333982212 391 3601485528538615977
HIT 3 1683628949508 392 7386207455767561521
HIT 3 1687923916804 393 16909573173800104787
HIT 3 1692218884100 394 7040881230035005944
HIT 3 1696513851396 395 10076284875471500520
HIT 3 1700808818692 396 7659007357190578229
HIT 3 1705103785988 397 3872763131281549069
HIT 3 1709398753284 398 3100006781368392053
HIT 3 1713693720580 399 5493933992496203288
HIT 3 1717988687876 400 4534010140165140138
HIT 3 1722283655172 401 7527453690360113479
HIT 3 1726578622468 402 3797108896235343767
HIT 3 1730873589764 403 10333662783797328383
HIT 3 1735168557060 404 1508124003981595357
HIT 3 1739463524356 405 4765072922396977393
HIT 3 1743758491652 406 16162064663583365979
HIT 3 1748053458948 407 5595541111711975754
HIT 3 1752348426244 408 2900602229261970186
HIT 3 1756643393540 409 355796285107551369
HIT 3 1760938360836 410 15639486120733811154
HIT 3 1765233328132 411 4190818462989923177
HIT 3 1769528295428 412 697458410568827818
HIT 3 1773823262724 413 3868299298080446261
HIT 3 1778118230020 414 855017393261261962
HIT 3 1782413197316 415 15303484212953959668
HIT 3 1786708164612 416 4998214213362138289
HIT 3 1791003131908 417 16645241343103090083
HIT 3 1795298099204 418 7327923082499019010
HIT 3 1799593066500 419 11545373541301105045
HIT 3 1803888033796 420 15109833108108104439
HIT 3 1808183001092 421 1513045326383050394
HIT 3 1812477968388 422 13652874516268076638
HIT 3 1816772935684 423 14940237453413214127
HIT 3 1821067902980 424 5946802769905770572
HIT 3 1825362870276 425 12815715942747241324
HIT 3 1829657837572 426 2878416084740197390
HIT 3 1833952804868 427 5676376818921059671
HIT 3 1838247772164 428 8140328747940451646
HIT 3 1842542739460 429 18119052610795868928
HIT 3 1846837706756 430 14610944084999522432
HIT 3 1851132674052 431 2351521138412789538
HIT 3 1855427641348 432 1052413721776274050
HIT 3 1859722608644 433 6109574712019142028
HIT 3 1864017575940 434 666230337909350632
HIT 3 1868312543236 435 13070771738682644556
HIT 3 1872607510532 436 5515895876272117232
HIT 3 1876902477828 437 14814313899649159261
HIT 3 1881197445124 438 8323308555290536195
HIT 3 1885492412420 439 13667839385221625901
HIT 3 1889787379716 440 6678592294076216888
HIT 3 1894082347012 441 2112199380203911425
HIT 3 1898377314308 442 14165323200699619650
HIT 3 1902672281604 443 1283122801639518811
HIT 3 1906967248900 444 314623028987202665
HIT 3 1911262216196 445 4010335921080117696
HIT 3 1915557183492 446 5803994378476458211
HIT 3 1919852150788 447 7458057347884998411
HIT 3 1924147118084 448 9265800556759713634
HIT 3 1928442085380 449 18051725137041091336
HIT 3 1932737052676 450 3205124442767805013
HIT 3 1937032019972 451 1874631896204632023
HIT 3 1941326987268 452 2770769134546486911
HIT 3 1945621954564 453 2474904383514119092
HIT 3 1949916921860 454 11938683301402645008
HIT 3 1954211889156 455 7327997905240677759
HIT 3 1958506856452 456 15413219569979771383
HIT 3 1962801823748 457 16903797363158548787
HIT 3 1967096791044 458 6045103314231600072
HIT 3 1971391758340 459 10801816444136089816
HIT 3 1975686725636 460 594720576657007908
HIT 3 1979981692932 461 600183207220505863
HIT 3 1984276660228 462 1799226860694007530
HIT 3 1988571627524 463 3437374747829527317
HIT 3 1992866594820 464 10041230188316602135
HIT 3 1997161562116 465 4907922760710212051
HIT 3 2001456529412 466 6350476037957324187
HIT 3 2005751496708 467 16624708256167432919
HIT 3 2010046464004 468 6134051218079827577
HIT 3 2014341431300 469 17210757695652020848
HIT 3 2018636398596 470 7988150739223656945
HIT 3 2022931365892 471 1387976984034074600
HIT 3 2027226333188 472 17860011377734524456
HIT 3 2031521300484 473 3931866238027348628
HIT 3 2035816267780 474 17877705131354507564
HIT 3 2040111235076 475 13649662641862599019
HIT 3 2044406202372 476 4409176800396287509
HIT 3 2048701169668 477 14195328406881151951
HIT 3 2052996136964 478 898515438891599012
HIT 3 2057291104260 479 12878692934783114325
HIT 3 2061586071556 480 2529744786358028560
HIT 3 2065881038852 481 17856331302202955185
HIT 3 2070176006148 482 17479832348029949072
HIT 3 2074470973444 483 12074009524757352767
HIT 3 2078765940740 484 4019603986845885106
HIT 3 2083060908036 485 10742048877736047146
HIT 3 2087355875332 486 8548510975429137646
HIT 3 2091650842628 487 10665210113663066629
HIT 3 2095945809924 488 2996781051766950942
HIT 3 2100240777220 489 16288817272512477648
HIT 3 2104535744516 490 3756465750408684687
HIT 3 2108830711812 491 13314767016931550374
HIT 3 2113125679108 492 10824987017787264424
HIT 3 2117420646404 493 12008954901678632934
HIT 3 2121715613700 494 11024160673202561729
HIT 3 2126010580996 495 3515322928417997862
HIT 3 2130305548292 496 2246318629510717869
HIT 3 2134600515588 497 8420993728427777407
HIT 3 2138895482884 498 8544758824328878121
HIT 3 2143190450180 499 10276092462271605052
HIT 3 2147485417476 500 3520517036444478987
HIT 3 2151780384772 501 12275374965964769140
HIT 3 2156075352068 502 13010355455238582943
HIT 3 2160370319364 503 7999478154112845893
HIT 3 2164665286660 504 9033411012423713498
HIT 3 2168960253956 505 15832145631844036786
HIT 3 2173255221252 506 4797157105782296540
HIT 3 2177550188548 507 11059614825724160702
HIT 3 2181845155844 508 3875519275747939088
HIT 3 2186140123140 509 2486974073622580097
HIT 3 2190435090436 510 15286054966293471737
HIT 3 2194730057732 511 11224774847279462081
HIT 3 133145821188 31 15499052717023857731
HIT 3 352189153284 82 11027579525823779562
HIT 3 1529010192388 356 13912108482930409354
HIT 3 1855427706884 432 2078830776156269381
HIT 3 343599284228 80 6791514618614878786
HIT 3 352189218820 82 11297671463418290641
HIT 3 356484186116 83 15201733347836240394
HIT 3 360779153412 84 15636088703815261162
HIT 3 1520420323332 354 13790822353633861333
HIT 3 1529010257924 356 4257032184686842788
HIT 3 1533305225220 357 17650838908352660706
HIT 3 1537600192516 358 15422853879854026509
HIT 3 1846837837828 430 14112514890333259884
HIT 3 1855427772420 432 13295711948608724535
HIT 3 1859722739716 433 7503344773105849240
HIT 3 1864017707012 434 10456976293766049214
HIT 3 352189284356 82 17292664322773071300
HIT 3 1529010323460 356 994454218037183384
HIT 3 1855427837956 432 633586005357385451
HIT 3 352189349892 82 15391633208537161516
HIT 3 1529010388996 356 181721865326573149
HIT 3 1855427903492 432 14062313245843527417
HIT 3 352189415428 82 12452185582636562750
HIT 3 1529010454532 356 17479254724048038783
HIT 3 1855427969028 432 6167834766071669477
HIT 3 352189480964 82 17378735759316649830
HIT 3 1529010520068 356 13826490861507177486
HIT 3 1855428034564 432 16934399393922421193
HIT 3 1846837706757 430 5147280105617239673
HIT 3 1855427641349 432 8272688740257590192
HIT 3 1859722608645 433 15144947358091925309
HIT 3 1864017575941 434 15776567151693219238
HIT 3 352189546500 82 16253720786098326983
HIT 3 1529010585604 356 13295050456017082288
HIT 3 1855428100100 432 8916017879752710677
HIT 3 352189612036 82 5332944185404368624
HIT 3 352189218821 82 9968948678615311617
HIT 3 1529010651140 356 9480100817998975233
HIT 3 1855428165636 432 7932119026927585701
HIT 3 352189677572 82 5523009854002576357
HIT 3 1529010257925 356 7190874320203686246
HIT 3 1855427772421 432 812285961839149762
HIT 3 1529010716676 356 12505876041896872
HIT 3 1855428231172 432 2311451548076253939
HIT 3 352189743108 82 12985638059604851966
HIT 3 1529010782212 356 5652439425251185049
HIT 3 1855428296708 432 9321693040213955185
HIT 3 352189808644 82 16240990867594075966
HIT 3 1529010847748 356 1214468569598172482
HIT 3 1855428362244 432 9906600462525878816
HIT 3 352189874180 82 5308540507775720312
HIT 3 1529010913284 356 128759727563827139
HIT 3 1855428427780 432 17946025918217649666
HIT 3 352189939716 82 5145046945511839299
HIT 3 1529010978820 356 14681421537622975527
HIT 3 1855428493316 432 11584744925845088841
HIT 3 352190005252 82 3586472948028120592
HIT 3 1529011044356 356 8084232149585664314
HIT 3 1855428558852 432 17954936280938058830
HIT 3 352190070788 82 16555614529052027654
HIT 3 115964641287 27 11372608929696205892
HIT 3 352187842567 82 5684299216720345206
HIT 3 1529008881671 356 16336480970568558823
HIT 3 1855426396167 432 6575308678067119724
HIT 3 352188956678 82 7821565043445448757
HIT 3 1529009995782 356 4753987488490737729
HIT 3 1855427510278 432 3145532619050050969
HIT 3 124555755526 29 11372608929696205892
HIT 3 352189022214 82 13151732872708878638
HIT 3 1529010061318 356 2976110451801110795
HIT 3 1855427575814 432 9144733738819717280
HIT 3 343599153158 80 9709365772756799979
HIT 3 352189087750 82 12705367395817657997
HIT 3 356484055046 83 870435804018571893
HIT 3 360779022342 84 10444502980253156218
HIT 3 1520420192262 354 12671584635473527084
HIT 3 1529010126854 356 17681477413784279422
HIT 3 1533305094150 357 4695878050377052140
HIT 3 1537600061446 358 16368534340229982227
HIT 3 1846837706758 430 9480352741884506366
HIT 3 1855427641350 432 5772009045439380368
HIT 3 1859722608646 433 16744445720352405898
HIT 3 1864017575942 434 5040195958928343480
HIT 3 352189218822 82 7077700244068518648
HIT 3 1529010257926 356 2362787031445357518
HIT 3 1855427772422 432 2355390574656874165
HIT 3 1529011109892 356 7501649212781589486
HIT 3 1855428624388 432 11372990293207745240
HIT 3 352190136324 82 16073809710607336523
HIT 3 1529011175428 356 5616444137320678506
HIT 3 1855428689924 432 2779740682507706468
HIT 3 352190201860 82 11433614414273460848
HIT 3 1529011240964 356 8533724296732117836
HIT 3 1855428755460 432 10302243310686532580
HIT 3 352190267396 82 16824952468778012730
HIT 3 1529011306500 356 13672265537228465335
HIT 3 1855428820996 432 8054951835274203798
HIT 3 352190332932 82 1432387231905422889
HIT 3 1529011372036 356 4144834648954742669
HIT 3 1855428886532 432 15204708690699088129
HIT 3 352190398468 82 6902333703994436392
HIT 3 1529011437572 356 10147876557411955848
HIT 3 1855428952068 432 6655648175669155447
HIT 3 352190464004 82 14551567544959122388
HIT 3 1529011503108 356 2561304950609467782
HIT 3 1855429017604 432 15889401017578934445
HIT 3 352190529540 82 526241929613935646
HIT 3 1529011568644 356 8371270831461476663
HIT 3 1855429083140 432 1888868358890005431
HIT 3 352190595076 82 1538881936314311518
HIT 3 1529011634180 356 15657866371716512170
HIT 3 1855429148676 432 2183584373618768542
HIT 3 352190660612 82 18232001979188077508
HIT 3 1529011699716 356 11387366420997905509
HIT 3 1855429214212 432 4882027696013034131
HIT 3 352190726148 82 742745189384131886
HIT 3 1529011765252 356 14174290964615531207
HIT 3 1855429279748 432 12251231594692076199
HIT 3 352190791684 82 3071156574142899758
HIT 3 1529011830788 356 3028674532826400177
HIT 3 1855429345284 432 7786958921079496764
HIT 3 352190857220 82 14319896360434715233
HIT 3 1529011896324 356 3204018124060073926
HIT 3 1855429410820 432 5940646922293622525
HIT 3 352190922756 82 5080193912262479482
HIT 3 1529011961860 356 5029034409598946163
HIT 3 1855429476356 432 11200965021896768671
HIT 3 352190988292 82 7949898581152032885
HIT 3 1529012027396 356 14759746438476386953
HIT 3 1855429541892 432 11696211290271799125
HIT 3 352191053828 82 8890968709026489263
HIT 3 1529012092932 356 2537975137961630261
HIT 3 1855429607428 432 3368581882941518698
HIT 3 352189087751 82 4792409784995128207
HIT 3 1529010126855 356 11814611911009558202
HIT 3 1855427641351 432 8140081889353527015
HIT 3 352191119364 82 14593307921291972743
HIT 3 1529012158468 356 9830088346739031305
HIT 3 1855429672964 432 7287714291131426801
HIT 3 352191184900 82 7352155639706560231
HIT 3 1529012224004 356 2194282022085400319
HIT 3 1855429738500 432 2248110653346885265
HIT 3 352191250436 82 2091908271764636204
HIT 3 1529012289540 356 14624094189419730393
HIT 3 1855429804036 432 14197813276701255036
HIT 3 352191315972 82 4690352578748642930
HIT 3 1529012355076 356 5610401404167230882
HIT 3 1855429869572 432 6033439253047548808
HIT 3 352191381508 82 15993454198602359879
HIT 3 1529012420612 356 6944509907645812816
HIT 3 1855429935108 432 15262548519373233229
HIT 3 352191447044 82 9652219857588087461
HIT 3 1529012486148 356 3591045743711544611
HIT 3 1855430000644 432 15920343242166491760
HIT 3 352191512580 82 15260148274550427791
HIT 3 1529012551684 356 2820892513923974766
HIT 3 1855430066180 432 5678446082021236295
HIT 3 352191578116 82 15841507450236620931
HIT 3 1529012617220 356 12467700572334827024
HIT 3 1855430131716 432 9455029980938212202
HIT 3 352191643652 82 1731502979833586751
HIT 3 1529012682756 356 7674122868651572501
HIT 3 1855430197252 432 14325951798286425504
HIT 3 352191709188 82 4622886474831043325
HIT 3 1529012748292 356 8134261078432399293
HIT 3 1855430262788 432 6093806843005032153
HIT 3 352191774724 82 2692854897720182638
HIT 3 1529012813828 356 9117290401999381750
HIT 3 1855430328324 432 10088541555332613691
HIT 3 352191840260 82 12980915197280463380
HIT 3 1529012879364 356 12051505487321030122
HIT 3 1855430393860 432 12300788264048457740
HIT 3 352191905796 82 9768224742469206960
HIT 3 1529012944900 356 13244112260517181987
HIT 3 1855430459396 432 8908381505293666531
HIT 3 352191971332 82 3343482840172484354
HIT 3 1529013010436 356 15625156433214117952
HIT 3 1855430524932 432 13116956008752822970
HIT 3 352192036868 82 17507289098464362082
HIT 3 1529013075972 356 15796477673028434467
HIT 3 1855430590468 432 16555735196599442892
HIT 3 352192102404 82 4077700506292375773
HIT 3 1529013141508 356 8368751253605926461
HIT 3 1855430656004 432 14576285939527653623
HIT 3 352192167940 82 1299560306052916920
HIT 3 1529013207044 356 2800184894648449758
HIT 3 1855430721540 432 6689423871256077869
HIT 3 352192233476 82 11562388966698820528
HIT 3 1529013272580 356 9805189901694913239
HIT 3 1855430787076 432 16606113197772440500
HIT 3 352192299012 82 9454700854183022862
HIT 3 1529013338116 356 12585065989846959893
HIT 3 1855430852612 432 3025552919365817295
HIT 3 352192364548 82 15665235325012186711
HIT 3 1529013403652 356 5952426826347594170
HIT 3 1855430918148 432 18344703898209734702
HIT 3 343602495492 80 3845647715545284136
HIT 3 352192430084 82 2600368667922006677
HIT 3 1529013469188 356 7512675605517160269
HIT 3 1855430983684 432 17282784079643390778
HIT 3 352192495620 82 3845647715545284136
HIT 3 1529013534724 356 12480058808833445122
HIT 3 1855431049220 432 1611007764101271339
HIT 3 352192561156 82 247886333249409128
HIT 3 1520423665668 354 10034913277973945405
HIT 3 1529013600260 356 15284567381384638756
HIT 3 1533308567556 357 10939548653946400032
HIT 3 1537603534852 358 10568169891075593285
HIT 3 1846841180164 430 1613708788175621839
HIT 3 1855431114756 432 17762586845783665749
HIT 3 1859726082052 433 12320256244436696719
HIT 3 1864021049348 434 6419196776004466010
HIT 3 352192626692 82 11857077348397269989
HIT 3 360782561284 84 247886333249409128
HIT 3 1529013665796 356 16018133092824364524
HIT 3 1855431180292 432 12650847558789310571
HIT 3 360782626820 84 13871506597931084999
HIT 3 365077594116 85 12698375450747077726
HIT 3 369372561412 86 7177169491367955830
HIT 3 373667528708 87 12624491974179670760
HIT 3 377962496004 88 12137152657942953845
HIT 3 382257463300 89 1038464503307379478
HIT 3 386552430596 90 5895613103426548208
HIT 3 390847397892 91 8034424166567320944
HIT 3 395142365188 92 16184727127028687897
HIT 3 399437332484 93 1043609779893159601
HIT 3 403732299780 94 339056142299987233
HIT 3 408027267076 95 11296432577309022205
HIT 3 412322234372 96 17936269700440007438
HIT 3 416617201668 97 14499888705958464423
HIT 3 420912168964 98 2855269980245914653
HIT 3 425207136260 99 12538296961155931861
HIT 3 429502103556 100 8580908651910612438
HIT 3 433797070852 101 10653350912928011346
HIT 3 438092038148 102 4148769351002372563
HIT 3 442387005444 103 10212144682917085042
HIT 3 446681972740 104 17852859401878713578
HIT 3 450976940036 105 3359022587709236448
HIT 3 455271907332 106 15980129109180125984
HIT 3 459566874628 107 352755503015206554
HIT 3 463861841924 108 1700670516723262211
HIT 3 468156809220 109 12671329201700173789
HIT 3 472451776516 110 6323047770661130697
HIT 3 476746743812 111 13353267567831244043
HIT 3 481041711108 112 1012732375266154179
HIT 3 485336678404 113 17535037533405050291
HIT 3 489631645700 114 11485296862472800309
HIT 3 493926612996 115 15256032218185063352
HIT 3 498221580292 116 4423338116389216510
HIT 3 502516547588 117 3329425078907319860
HIT 3 506811514884 118 10853833490745208424
HIT 3 511106482180 119 10569182841522937860
HIT 3 515401449476 120 11950080584052415264
HIT 3 519696416772 121 2020333539696505820
HIT 3 523991384068 122 615321714316756507
HIT 3 528286351364 123 17169458499574444247
HIT 3 532581318660 124 3334003286411584047
HIT 3 536876285956 125 9259331834812396598
HIT 3 541171253252 126 11693392859499488111
HIT 3 545466220548 127 18427637113580428181
HIT 3 549761187844 128 18162940862015994639
HIT 3 554056155140 129 2889698993597233523
HIT 3 558351122436 130 17236318047676997894
HIT 3 562646089732 131 9762551634621264513
HIT 3 566941057028 132 392898284737782201
HIT 3 571236024324 133 14428004671570747274
HIT 3 575530991620 134 1764233760639095013
HIT 3 579825958916 135 13136107691534908151
HIT 3 584120926212 136 10781313528067845198
HIT 3 588415893508 137 1885344342983997714
HIT 3 592710860804 138 3598085220543683687
HIT 3 597005828100 139 11349931642936789472
HIT 3 601300795396 140 179150065718362807
HIT 3 605595762692 141 4237488078976392311
HIT 3 609890729988 142 2054117357730818005
HIT 3 614185697284 143 14387435487713412116
HIT 3 618480664580 144 16295790126954708560
HIT 3 622775631876 145 10926649169615989967
HIT 3 627070599172 146 1195941607295995875
HIT 3 631365566468 147 6920823494626985437
HIT 3 635660533764 148 14694750892491329227
HIT 3 639955501060 149 17339433955102587805
HIT 3 644250468356 150 309994808840856424
HIT 3 648545435652 151 1984731434697403042
HIT 3 652840402948 152 8761583496914107530
HIT 3 657135370244 153 2389794963627850576
HIT 3 661430337540 154 14023083509239917307
HIT 3 665725304836 155 14045679481003414694
HIT 3 670020272132 156 10542162671843244844
HIT 3 674315239428 157 18092816417739070231
HIT 3 678610206724 158 7813917320164117514
HIT 3 682905174020 159 4408165494386959887
HIT 3 687200141316 160 2823535690511219197
HIT 3 691495108612 161 11726226530578300389
HIT 3 695790075908 162 9126108141693942016
HIT 3 700085043204 163 13305204152957530369
HIT 3 704380010500 164 6199650334103868425
HIT 3 708674977796 165 10305158920103745048
HIT 3 712969945092 166 12693377020660034059
HIT 3 717264912388 167 17792199684306706484
HIT 3 721559879684 168 4434523153343885472
HIT 3 725854846980 169 17015228701864106799
HIT 3 730149814276 170 9041253197433192420
HIT 3 734444781572 171 17594126736791830959
HIT 3 738739748868 172 3471866684279272255
HIT 3 743034716164 173 7720832599138706022
HIT 3 747329683460 174 9402737209573598534
HIT 3 751624650756 175 5910197669626715232
HIT 3 755919618052 176 7465310936837996312
HIT 3 760214585348 177 2096111417874147226
HIT 3 764509552644 178 4086492383173882195
HIT 3 768804519940 179 15294302400664789260
HIT 3 773099487236 180 11172862666355717364
HIT 3 777394454532 181 13759343743818127691
HIT 3 781689421828 182 13113692119421971068
HIT 3 785984389124 183 13302822078184856615
HIT 3 790279356420 184 15010961029858872859
HIT 3 794574323716 185 8609015573654367240
HIT 3 798869291012 186 17295009949971467439
HIT 3 803164258308 187 1905500042034649838
HIT 3 807459225604 188 12389135637674323624
HIT 3 811754192900 189 15581079941105151062
HIT 3 816049160196 190 4407936482445732173
HIT 3 820344127492 191 7016237112980560995
HIT 3 824639094788 192 10846889721640121591
HIT 3 828934062084 193 566980240460843351
HIT 3 833229029380 194 8972137926753185821
HIT 3 837523996676 195 3355477346179457761
HIT 3 841818963972 196 7091216382573671134
HIT 3 846113931268 197 11328665632103264170
HIT 3 850408898564 198 10077635456728847226
HIT 3 854703865860 199 10029117880064148213
HIT 3 858998833156 200 359683483543254510
HIT 3 863293800452 201 8714337490733109280
HIT 3 867588767748 202 6973646238039064029
HIT 3 871883735044 203 3500121481522007743
HIT 3 876178702340 204 705655358788609732
HIT 3 880473669636 205 16976562425186608075
HIT 3 884768636932 206 2047867186542834512
HIT 3 889063604228 207 2570291538867769067
HIT 3 893358571524 208 3358079489242394484
HIT 3 897653538820 209 262450465824535449
HIT 3 901948506116 210 14100293028378021053
HIT 3 906243473412 211 11279547939548167540
HIT 3 910538440708 212 7075242041283390899
HIT 3 914833408004 213 8540240597631844885
HIT 3 919128375300 214 17971825873313426169
HIT 3 923423342596 215 5018389714705002339
HIT 3 927718309892 216 13984441720442905282
HIT 3 932013277188 217 2644526962863886383
HIT 3 936308244484 218 7905537387959894543
HIT 3 940603211780 219 5133006763027713924
HIT 3 944898179076 220 17545386210626341025
HIT 3 949193146372 221 3527642533290475842
HIT 3 953488113668 222 10434489252834924305
HIT 3 957783080964 223 14363479861439615655
HIT 3 962078048260 224 17813026501083763162
HIT 3 966373015556 225 8669450773085619511
HIT 3 970667982852 226 10833918480643601378
HIT 3 974962950148 227 465483669120223859
HIT 3 979257917444 228 3568998673539437684
HIT 3 983552884740 229 10973072190795429449
HIT 3 987847852036 230 7177923057954222209
HIT 3 992142819332 231 16157460521260796987
HIT 3 996437786628 232 15465924801182829204
HIT 3 1000732753924 233 2533735141578388869
HIT 3 1005027721220 234 12660059657095539330
HIT 3 1009322688516 235 6485433457300705495
HIT 3 1013617655812 236 804910732471036441
HIT 3 1017912623108 237 11328804731210800741
HIT 3 1022207590404 238 7320077587354464945
HIT 3 1026502557700 239 12804270224234401984
HIT 3 1030797524996 240 13820658782305581602
HIT 3 1035092492292 241 16264037854844683946
HIT 3 1039387459588 242 14545553767894588436
HIT 3 1043682426884 243 8394636041330523649
HIT 3 1047977394180 244 2885908034837892087
HIT 3 1052272361476 245 12820550512883634645
HIT 3 1056567328772 246 1486809596007408677
HIT 3 1060862296068 247 12255005123433658025
HIT 3 1065157263364 248 3758022955574579263
HIT 3 1069452230660 249 13198533619422859640
HIT 3 1073747197956 250 6021157962198617113
HIT 3 1078042165252 251 15358604809355651043
HIT 3 1082337132548 252 17806978857000213497
HIT 3 1086632099844 253 17732120149033925690
HIT 3 1090927067140 254 85210879787550433
HIT 3 1095222034436 255 8382205896648852294
HIT 3 1099517001732 256 12888157720968800445
HIT 3 1103811969028 257 4341342904636946652
HIT 3 1108106936324 258 6993605744089544610
HIT 3 1112401903620 259 765129039162124162
HIT 3 1116696870916 260 5027764862931739166
HIT 3 1120991838212 261 5109042160709938266
HIT 3 1125286805508 262 4750659324688166354
HIT 3 1129581772804 263 11049127272050432646
HIT 3 1133876740100 264 12008566268148192984
HIT 3 1138171707396 265 4073335590821420467
HIT 3 1142466674692 266 9522608070327449372
HIT 3 1146761641988 267 3436042335116158426
HIT 3 1151056609284 268 7903681718324439090
HIT 3 1155351576580 269 18275398870216419307
HIT 3 1159646543876 270 14502330734684894721
HIT 3 1163941511172 271 2726172827214350822
HIT 3 1168236478468 272 1231122374868322440
HIT 3 1172531445764 273 12184450835530148839
HIT 3 1176826413060 274 1937527961677146282
HIT 3 1181121380356 275 5526458413441146165
HIT 3 1185416347652 276 4690969770902597427
HIT 3 1189711314948 277 9529451386533484052
HIT 3 1194006282244 278 2012895423913008667
HIT 3 1198301249540 279 4341753617999596892
HIT 3 1202596216836 280 3719609998838938055
HIT 3 1206891184132 281 6435797022962618138
HIT 3 1211186151428 282 997019011925627758
HIT 3 1215481118724 283 11717051775720119002
HIT 3 1219776086020 284 2088304513493887153
HIT 3 1224071053316 285 4841681225393803590
HIT 3 1228366020612 286 7896648540867009536
HIT 3 1232660987908 287 4098879535481760171
HIT 3 1236955955204 288 12597569320609912743
HIT 3 1241250922500 289 2658316949361400148
HIT 3 1245545889796 290 8626119808459552712
HIT 3 1249840857092 291 14010917786803397116
HIT 3 1254135824388 292 14585495660675886894
HIT 3 1258430791684 293 15060605412181306513
HIT 3 1262725758980 294 3547767665074029479
HIT 3 1267020726276 295 2412844544715648759
HIT 3 1271315693572 296 4461089068086285121
HIT 3 1275610660868 297 16479947744255741356
HIT 3 1279905628164 298 1871835075280525348
HIT 3 1284200595460 299 189575643369064043
HIT 3 1288495562756 300 5265669964417457333
HIT 3 1292790530052 301 9101468534909968690
HIT 3 1297085497348 302 16977701387215222971
HIT 3 1301380464644 303 10239720287673528257
HIT 3 1305675431940 304 3893488815172516291
HIT 3 1309970399236 305 3155018693263149998
HIT 3 1314265366532 306 4161137580858096370
HIT 3 1318560333828 307 13251467702334884309
HIT 3 1322855301124 308 8830288413288355843
HIT 3 1327150268420 309 15343757353241363269
HIT 3 1331445235716 310 11529299606734884052
HIT 3 1335740203012 311 4157676004391621175
HIT 3 1340035170308 312 6614371732328530945
HIT 3 1344330137604 313 12967829048988900442
HIT 3 1348625104900 314 9101431496116567563
HIT 3 1352920072196 315 12659403430934000096
HIT 3 1357215039492 316 8816824593333928415
HIT 3 1361510006788 317 17036170686237070261
HIT 3 1365804974084 318 10234602104669228890
HIT 3 1370099941380 319 17618244451193640886
HIT 3 1374394908676 320 6850017641640388316
HIT 3 1378689875972 321 2251213792332141459
HIT 3 1382984843268 322 7529228369989153567
HIT 3 1387279810564 323 4190537231527975678
HIT 3 1391574777860 324 647534071815222804
HIT 3 1395869745156 325 11243565667751686939
HIT 3 1400164712452 326 11621428391198691491
HIT 3 1404459679748 327 7673299236299695479
HIT 3 1408754647044 328 6838491806261122550
HIT 3 1413049614340 329 1963786314878169378
HIT 3 1417344581636 330 9588712343287362720
HIT 3 1421639548932 331 16721037695951120403
HIT 3 1425934516228 332 17877550765164218062
HIT 3 1430229483524 333 11813859563201576766
HIT 3 1434524450820 334 8261299103867239491
HIT 3 1438819418116 335 6741300022712818196
HIT 3 1443114385412 336 16894307500450476573
HIT 3 1447409352708 337 14839332942509155751
HIT 3 1451704320004 338 10363162572769776190
HIT 3 1455999287300 339 2209320320198937211
HIT 3 1460294254596 340 16904428942043086864
HIT 3 1464589221892 341 13815157141559049772
HIT 3 1468884189188 342 13652239336994061999
HIT 3 1473179156484 343 2352294677229089652
HIT 3 1477474123780 344 17678457952229044400
HIT 3 1481769091076 345 16855538995182894473
HIT 3 1486064058372 346 15764661537370124039
HIT 3 1490359025668 347 17606140992763734940
HIT 3 1494653992964 348 5415834243578590733
HIT 3 1498948960260 349 3444198013476485256
HIT 3 1503243927556 350 7412068262140951358
HIT 3 1507538894852 351 8345022168612145373
HIT 3 1511833862148 352 14917472508010372506
HIT 3 1516128829444 353 5790040819752607350
HIT 3 1520423796740 354 5676218718483217438
HIT 3 1524718764036 355 7560112130574146309
HIT 3 1529013731332 356 9569306282955824615
HIT 3 1533308698628 357 5916569524856320450
HIT 3 1537603665924 358 1114472290566421825
HIT 3 1541898633220 359 6043870031520660079
HIT 3 1546193600516 360 11650027658437312363
HIT 3 1550488567812 361 3361080921558116434
HIT 3 1554783535108 362 6884567301113718347
HIT 3 1559078502404 363 3935953320935374862
HIT 3 1563373469700 364 4543517073983310635
HIT 3 1567668436996 365 15749723901717460591
HIT 3 1571963404292 366 6945824233989619477
HIT 3 1576258371588 367 9102956497521342767
HIT 3 1580553338884 368 17134149344542157637
HIT 3 1584848306180 369 15221663503625341058
HIT 3 1589143273476 370 13937749942284376546
HIT 3 1593438240772 371 15071451945946886526
HIT 3 1597733208068 372 8317648661999515986
HIT 3 1602028175364 373 6289530972978665037
HIT 3 1606323142660 374 11535358263090355300
HIT 3 1610618109956 375 7601115606137575602
HIT 3 1614913077252 376 91376390454686140
HIT 3 1619208044548 377 6210924846758290674
HIT 3 1623503011844 378 4301057486374405239
HIT 3 1627797979140 379 11981645931318017922
HIT 3 1632092946436 380 5700165450104708045
HIT 3 1636387913732 381 4427545730528256793
HIT 3 1640682881028 382 7060963674211014710
HIT 3 1644977848324 383 13341475271783737598
HIT 3 1649272815620 384 940412042939069497
HIT 3 1653567782916 385 10077239618767759999
HIT 3 1657862750212 386 10956493825484408839
HIT 3 1662157717508 387 12455673186216718160
HIT 3 1666452684804 388 10970570120920604213
HIT 3 1670747652100 389 15763036340097499903
HIT 3 1675042619396 390 17780031552347346789
HIT 3 1679337586692 391 1317733441183687964
HIT 3 1683632553988 392 17453239773108442506
HIT 3 1687927521284 393 13595316016190308573
HIT 3 1692222488580 394 6643776998589445402
HIT 3 1696517455876 395 8260822777000358278
HIT 3 1700812423172 396 14596851606572135215
HIT 3 1705107390468 397 17273338837703414161
HIT 3 1709402357764 398 6553687815063232664
HIT 3 1713697325060 399 4382568373939729540
HIT 3 1717992292356 400 6752248747348728824
HIT 3 1722287259652 401 11649515537092571333
HIT 3 1726582226948 402 2970300763174235473
HIT 3 1730877194244 403 1655317391585881587
HIT 3 1735172161540 404 13267987505062776847
HIT 3 1739467128836 405 12842337318315371506
HIT 3 1743762096132 406 3210924567291779070
HIT 3 1748057063428 407 17801711763971457847
HIT 3 1752352030724 408 12844534168804203228
HIT 3 1756646998020 409 7550202609812023969
HIT 3 1760941965316 410 9800428340048481826
HIT 3 1765236932612 411 13549934385154553077
HIT 3 1769531899908 412 15706025819320875950
HIT 3 1773826867204 413 14139431515185524985
HIT 3 1778121834500 414 1323793923083284686
HIT 3 1782416801796 415 11649944082629501654
HIT 3 1786711769092 416 4475000903101364037
HIT 3 1791006736388 417 18390208089915575593
HIT 3 1795301703684 418 10493880765321113478
HIT 3 1799596670980 419 6202857706536180140
HIT 3 1803891638276 420 10676420694118570621
HIT 3 1808186605572 421 5022299760876711082
HIT 3 1812481572868 422 2450184298780446142
HIT 3 1816776540164 423 10498925355468732584
HIT 3 1821071507460 424 1020835674257694151
HIT 3 1825366474756 425 2093687247106757786
HIT 3 1829661442052 426 7923961979876684037
HIT 3 1833956409348 427 2099601951948735525
HIT 3 1838251376644 428 10430055101630864457
HIT 3 1842546343940 429 10511390409700209001
HIT 3 1846841311236 430 13965161809731240991
HIT 3 1851136278532 431 9944760325136066240
HIT 3 1855431245828 432 8491249979850362575
HIT 3 1859726213124 433 4427782156888564749
HIT 3 1864021180420 434 4115122045325773605
HIT 3 1868316147716 435 11967257383482799165
HIT 3 1872611115012 436 5672314712166191870
HIT 3 1876906082308 437 2302538228676750902
HIT 3 1881201049604 438 14883567363345228873
HIT 3 1885496016900 439 9641602676044852057
HIT 3 1889790984196 440 16726350128329693124
HIT 3 1894085951492 441 15883824909921495970
HIT 3 1898380918788 442 17298183411215124835
HIT 3 1902675886084 443 9323539989084957312
HIT 3 1906970853380 444 11054224273167600115
HIT 3 1911265820676 445 18145132019554858843
HIT 3 1915560787972 446 15208362941118186745
HIT 3 1919855755268 447 8670189238137516315
HIT 3 1924150722564 448 1207964776275718965
HIT 3 1928445689860 449 3679815847615149551
HIT 3 1932740657156 450 1712608693464845140
HIT 3 1937035624452 451 4692201118171887915
HIT 3 1941330591748 452 8371892334971791297
HIT 3 1945625559044 453 16328054128913025267
HIT 3 1949920526340 454 6150943944097295067
HIT 3 1954215493636 455 6175452443753912937
HIT 3 1958510460932 456 2626362179082784785
HIT 3 1962805428228 457 4249732439450299148
HIT 3 1967100395524 458 9179952974227571772
HIT 3 1971395362820 459 5621661114397443343
HIT 3 1975690330116 460 15318573072506197737
HIT 3 1979985297412 461 3809005860557887642
HIT 3 1984280264708 462 11764357972263031210
HIT 3 1988575232004 463 10484411151478835424
HIT 3 1992870199300 464 17564410543834280483
HIT 3 1997165166596 465 5535910653164206429
HIT 3 2001460133892 466 15252212667033241971
HIT 3 2005755101188 467 16757049276835189420
HIT 3 2010050068484 468 12108873577117595251
HIT 3 2014345035780 469 1618627736051143249
HIT 3 2018640003076 470 2945229300995939628
HIT 3 2022934970372 471 10324907086057403910
HIT 3 2027229937668 472 4486389043678657361
HIT 3 2031524904964 473 1049153138587889189
HIT 3 2035819872260 474 17310122466062299885
HIT 3 2040114839556 475 17744753580660073817
HIT 3 2044409806852 476 15940883579861725853
HIT 3 2048704774148 477 13601170895529972310
HIT 3 2052999741444 478 6523669126601789296
HIT 3 2057294708740 479 14860887231525653610
HIT 3 2061589676036 480 4782284188665517016
HIT 3 2065884643332 481 15025185205156236740
HIT 3 2070179610628 482 9827494165373900256
HIT 3 2074474577924 483 18332364923628534117
HIT 3 2078769545220 484 4956785316121950425
HIT 3 2083064512516 485 2061211704819481203
HIT 3 2087359479812 486 11190807590709151363
HIT 3 2091654447108 487 9935647409372650928
HIT 3 2095949414404 488 6423517578181845230
HIT 3 2100244381700 489 6011797505169741988
HIT 3 2104539348996 490 5514671689393388685
HIT 3 2108834316292 491 10463542493081197245
HIT 3 2113129283588 492 10362830013483909481
HIT 3 2117424250884 493 11086800774490071487
HIT 3 2121719218180 494 5155144697055253166
HIT 3 2126014185476 495 3281543283215753471
HIT 3 2130309152772 496 9700454191347701072
HIT 3 2134604120068 497 16793591196469476311
HIT 3 2138899087364 498 11768983529902966707
HIT 3 2143194054660 499 6611771350156229828
HIT 3 2147489021956 500 12805931943680166295
HIT 3 2151783989252 501 14937604297681045099
HIT 3 2156078956548 502 16071804533104582785
HIT 3 2160373923844 503 1921128829844940980
HIT 3 2164668891140 504 18145968363600701327
HIT 3 2168963858436 505 4148012980591699030
HIT 3 2173258825732 506 2413682453481003659
HIT 3 2177553793028 507 2632680330669348069
HIT 3 2181848760324 508 1356100671672319573
HIT 3 2186143727620 509 3710941888395845092
HIT 3 2190438694916 510 4748674108330719538
HIT 3 2194733662212 511 6571185902079412740
HIT 3 360782692356 84 5882462696607583716
HIT 3 365077659652 85 12624491974179670760
HIT 3 369372626948 86 13871506597931084999
HIT 3 1520423862276 354 11153641073123713021
HIT 3 1529013796868 356 16361705169018918020
HIT 3 1533308764164 357 13608405005955761512
HIT 3 1537603731460 358 10100437824388500654
HIT 3 1846841376772 430 17843219468390813794
HIT 3 1855431311364 432 4764981706033401980
HIT 3 1859726278660 433 14410352793496063653
HIT 3 1864021245956 434 6873023767431678685
HIT 3 1520423927812 354 11737879462480139340
HIT 3 1529013862404 356 13300004581054858759
HIT 3 1533308829700 357 1294720358114006485
HIT 3 1537603796996 358 10456976293766049214
HIT 3 1846841442308 430 17608917131383222582
HIT 3 1855431376900 432 3004531700618055461
HIT 3 1859726344196 433 11304825786112932639
HIT 3 1864021311492 434 15422853879854026509
HIT 3 369372758020 86 1214556840138094831
HIT 3 1529013927940 356 17976807794679188210
HIT 3 1855431442436 432 3348226725611215560
HIT 3 1529013993476 356 376484634161687774
HIT 3 1855431507972 432 13050313554265843259
HIT 3 1529014059012 356 1739651444244616703
HIT 3 1855431573508 432 14705926027365036625
HIT 3 1529013600262 356 208639520561620783
HIT 3 1855431114758 432 3071651113424688912
HIT 3 1520423796742 354 17622555987039598818
HIT 3 1529013731334 356 3651636949068873221
HIT 3 1533308698630 357 10622038238831926021
HIT 3 1537603665926 358 9812771493012004550
HIT 3 1846841311238 430 4818960923500410007
HIT 3 1855431245830 432 8352527657702240544
HIT 3 1859726213126 433 16106838521458828385
HIT 3 1864021180422 434 15905083213125260007
HIT 3 360782692358 84 5684299216720345206
HIT 3 1529013796870 356 6700292704237686473
HIT 3 1855431311366 432 15074947109671710057
HIT 3 1529013862406 356 15046408363730002077
HIT 3 1855431376902 432 9954155721274078842
HIT 3 1529013600261 356 7269939501893280000
HIT 3 1855431114757 432 11935257960947394838
HIT 3 1520423796741 354 11715103121913345476
HIT 3 1529013731333 356 12831375139957503269
HIT 3 1533308698629 357 10871117305151748357
HIT 3 1537603665925 358 12904265203597232878
HIT 3 1846841311237 430 16421080227776017872
HIT 3 1855431245829 432 16271151009678503985
HIT 3 1859726213125 433 11883576488709275693
HIT 3 1864021180421 434 17182681260232455337
HIT 3 360782692357 84 12125754627060273390
HIT 3 1529013796869 356 13264634499916878523
HIT 3 1855431311365 432 4231585028259227623
HIT 3 1529013862405 356 11774903725311396355
HIT 3 1855431376901 432 8766680716682794742
HIT 3 1529014124548 356 10104680135557807705
HIT 3 1855431639044 432 14112976016091723619
HIT 3 1529014190084 356 4267549373366060689
HIT 3 1855431704580 432 4140177623809799331
HIT 3 1529014255620 356 14378981115289517099
HIT 3 1855431770116 432 624386412433276067
HIT 3 1529014321156 356 8553543668650317022
HIT 3 1855431835652 432 16369301952377782124
HIT 3 1529014386692 356 7540666963896127382
HIT 3 1855431901188 432 5456117943941845544
HIT 3 1529014452228 356 16011353920939260117
HIT 3 1855431966724 432 10907806730294699250
HIT 3 1529014517764 356 14430405543212557917
HIT 3 1855432032260 432 15471079921000342301
HIT 3 1529014583300 356 980233877392631046
HIT 3 1855432097796 432 13466221589687498987
HIT 3 1529014648836 356 2369713070262140880
HIT 3 1855432163332 432 16353404180612902548
HIT 3 1529014714372 356 2971920455109398416
HIT 3 1855432228868 432 2288331384102141609
HIT 3 1529014779908 356 9260581329376662000
HIT 3 1855432294404 432 620715888098666007
HIT 3 1529013731335 356 17110880497382650425
HIT 3 1855431245831 432 1509300815511910221
HIT 3 1529014845444 356 15712767077073707286
HIT 3 1855432359940 432 4250723344778552085
HIT 3 1529014910980 356 405642255743446827
HIT 3 1855432425476 432 18405239774146717271
HIT 3 1529014976516 356 13052025267537445190
HIT 3 1855432491012 432 409385142583940310
HIT 3 1529015042052 356 6772260811945818384
HIT 3 1855432556548 432 13659916120153700945
HIT 3 1529015107588 356 15637967342511366181
HIT 3 1855432622084 432 11897070359691762943
HIT 3 1529015173124 356 8174865435482583490
HIT 3 1855432687620 432 12282945968682983890
HIT 3 1529015238660 356 15385242940053462987
HIT 3 1855432753156 432 5400998547620997927
HIT 3 1529015304196 356 15158685255387263825
HIT 3 1855432818692 432 7198737125092725459
HIT 3 1529015369732 356 13224364136284230334
HIT 3 1855432884228 432 1956854162063547266
HIT 3 1529015435268 356 16266885073142690391
HIT 3 1855432949764 432 4077749076149251408
HIT 3 1529015500804 356 6766362887318454052
HIT 3 1855433015300 432 6687517390325127591
HIT 3 1529015566340 356 18327612234881177275
HIT 3 1855433080836 432 3969637680296988296
HIT 3 1529015631876 356 9334826473077697171
HIT 3 1855433146372 432 10134077568974854804
HIT 3 1529015697412 356 7383514076080626033
HIT 3 1855433211908 432 5421440773117476272
HIT 3 1529015762948 356 6723769224857212662
HIT 3 1855433277444 432 10080420062491351040
HIT 3 1529015828484 356 5663732972949059650
HIT 3 1855433342980 432 16665954769933007469
HIT 3 1529015894020 356 2075038131636125629
HIT 3 1855433408516 432 10704888230495856844
HIT 3 1529015959556 356 8584238243903878107
HIT 3 1855433474052 432 12927188882061329544
HIT 3 1529016025092 356 11448894950421811322
HIT 3 1855433539588 432 17718781934712547567
HIT 3 1529016090628 356 543274488764552293
HIT 3 1855433605124 432 6162654746439181216
HIT 3 1529016156164 356 8199060216368813910
HIT 3 1855433670660 432 1440733965655582487
HIT 3 1529016221700 356 5972087239514070628
HIT 3 1855433736196 432 2546172145769664294
HIT 3 1529016287236 356 11142361839213211592
HIT 3 1855433801732 432 5133935357109458346
HIT 3 1529016352772 356 13355022830919977651
HIT 3 1855433867268 432 11503053998414047069
HIT 3 1529016418308 356 17409229099246938984
HIT 3 1855433932804 432 16883253215558129505
HIT 3 1529016483844 356 8129646955475573620
HIT 3 1855433998340 432 15171968562834003653
HIT 3 1529016549380 356 8940795029629911509
HIT 3 1855434063876 432 13019413498428175528
HIT 3 1529016614916 356 2513825073121159050
HIT 3 1855434129412 432 5738599350058017733
HIT 3 1529016680452 356 5020848709823936378
HIT 3 1855434194948 432 9943452447099687910
HIT 3 1529016745988 356 10460808335943379576
HIT 3 1855434260484 432 4263780071479757265
HIT 3 1529016811524 356 9642218324890747250
HIT 3 1855434326020 432 4424353146544668230
HIT 3 1529016877060 356 13930197311623618885
HIT 3 1855434391556 432 17998552218869026513
HIT 3 1529016942596 356 9315784870856713399
HIT 3 1855434457092 432 2494325806193067121
HIT 3 1529017008132 356 17271343485356129218
HIT 3 1855434522628 432 333253213944535555
HIT 3 1529017073668 356 17211334644356974798
HIT 3 1855434588164 432 15059484756279003725
HIT 3 1529017139204 356 12980687668755338238
HIT 3 1855434653700 432 507774121121059640
HIT 3 1529017204740 356 2133055221233037503
HIT 3 1855434719236 432 602514696371411102
HIT 3 1529017270276 356 14298244790228395373
HIT 3 1855434784772 432 840847337566851284
HIT 3 1529017335812 356 2767089338342989142
HIT 3 1855434850308 432 8285722888504033201
HIT 3 1529017401348 356 1561860631362171172
HIT 3 1855434915844 432 9502102922528710483
HIT 3 1529017466884 356 272640974476889771
HIT 3 1855434981380 432 2781595515753956323
HIT 3 1529017532420 356 1446792877395672662
HIT 3 1855435046916 432 5449082014960082128
HIT 3 1529017597956 356 3756356008222318837
HIT 3 1855435112452 432 1066261123848659499
HIT 3 1529017663492 356 13748813988394908940
HIT 3 1855435177988 432 11621981027450532551
HIT 3 1529017729028 356 10677260860550643844
HIT 3 1855435243524 432 15078305928380981884
HIT 3 1529017794564 356 11263654131714076263
HIT 3 1855435309060 432 908448081369872481
HIT 3 1529017860100 356 1786973927180387130
HIT 3 1855435374596 432 9872793878088838112
HIT 3 1529017925636 356 2162015281096357787
HIT 3 1855435440132 432 1180765670765820648
HIT 3 1529017991172 356 8367805841840258270
HIT 3 1855435505668 432 3425852865421724090
HIT 3 1529018056708 356 9735036488187665548
HIT 3 1855435571204 432 18238269617626594222
HIT 3 1529018122244 356 430170536253419918
HIT 3 1855435636740 432 6447978040714661317
HIT 3 1529018187780 356 927151231226176740
HIT 3 1855435702276 432 11668698044182562066
HIT 3 1529018253316 356 10872151854277434061
HIT 3 1855435767812 432 17766890792146496045
HIT 3 1529018318852 356 9753033247887603184
HIT 3 1855435833348 432 5509519815464681197
HIT 3 1529018384388 356 11326401090224479452
HIT 3 1855435898884 432 2515318279038720120
HIT 3 1529018449924 356 16573755916826021528
HIT 3 1855435964420 432 17158525256465502516
HIT 3 1529018515460 356 17466560790823073218
HIT 3 1855436029956 432 7565565795122541113
HIT 3 1529018580996 356 13393909918253856558
HIT 3 1855436095492 432 14519463205698914951
HIT 3 1529018646532 356 4239761049418334944
HIT 3 1855436161028 432 553655563891969768
HIT 3 1529018712068 356 10978574011182524199
HIT 3 1855436226564 432 12966967168602627684
HIT 3 1529018777604 356 7674975614174833670
HIT 3 1855436292100 432 11994773196943441819
HIT 3 1529018843140 356 17662662888104140791
HIT 3 1855436357636 432 14313701522791601887
HIT 3 1529018908676 356 3513549416078110716
HIT 3 1855436423172 432 973475146877428354
HIT 3 1529018974212 356 1716085657216215474
HIT 3 1855436488708 432 6276914893236386746
HIT 3 1529019039748 356 1086638708992595205
HIT 3 1855436554244 432 17480897827628872461
HIT 3 1529019105284 356 7688987368144396201
HIT 3 1855436619780 432 15496235031653821252
HIT 3 1529019170820 356 16427113398219220946
HIT 3 1855436685316 432 17473720832624829933
HIT 3 1529019236356 356 3093158409489203027
HIT 3 1855436750852 432 8386051940323514678
HIT 3 1529019301892 356 8292464062034022170
HIT 3 1855436816388 432 7611115518038485279
HIT 3 1529019367428 356 14060772481970734579
HIT 3 1855436881924 432 8303485957567599980
HIT 3 1529019432964 356 13870558982695376772
HIT 3 1855436947460 432 8906718389686372647
HIT 3 1529019498500 356 6454748325620523315
HIT 3 1855437012996 432 13733407196883448021
HIT 3 1529019564036 356 3035488248135221484
HIT 3 1855437078532 432 3492135231496176909
HIT 3 1529019629572 356 10476600365142663666
HIT 3 1855437144068 432 3323661659982263121
HIT 3 1529019695108 356 10810322841618252660
HIT 3 1855437209604 432 17759725979755598359
HIT 3 1529019760644 356 15087422786897692207
HIT 3 1855437275140 432 16779202989068609324
HIT 3 1529019826180 356 15933469312825320622
HIT 3 1855437340676 432 12728261524380861815
HIT 3 1529019891716 356 13269664446313091339
HIT 3 1855437406212 432 8184021692054893120
HIT 3 1529019957252 356 16398887800204839658
HIT 3 1855437471748 432 17929044545101992033
HIT 3 1529020022788 356 3579872651525981824
HIT 3 1855437537284 432 8933197058156361621
HIT 3 1529020088324 356 11112036510354067225
HIT 3 1855437602820 432 1469955684924452022
HIT 3 1529020153860 356 14894808609909347229
HIT 3 1855437668356 432 17954088815301989408
HIT 3 1529020219396 356 15988146105932223803
HIT 3 1855437733892 432 14663090344698565123
HIT 3 1529020284932 356 3969207203124647304
HIT 3 1855437799428 432 10382947323027215633
HIT 3 1529020350468 356 7219414104747091930
HIT 3 1855437864964 432 2647699267316696930
HIT 3 1529020416004 356 13765816138084180063
HIT 3 1855437930500 432 8337554719671908246
HIT 3 1529020481540 356 6513483963194634742
HIT 3 1855437996036 432 16199552866474636830
HIT 3 1529020547076 356 5054189407582783370
HIT 3 1855438061572 432 4734916098468723306
HIT 3 1529020612612 356 4265960220681768324
HIT 3 1855438127108 432 228242015159940556
HIT 3 1529020678148 356 6953581687248080274
HIT 3 1855438192644 432 11567364102879834325
HIT 3 1529020743684 356 8394498810410635464
HIT 3 1855438258180 432 14476540882989025983
HIT 3 1529020809220 356 15676491010151999393
HIT 3 1855438323716 432 11972050799105631554
HIT 3 1529020874756 356 13963076285345849082
HIT 3 1855438389252 432 13236381819772576943
HIT 3 1529020940292 356 17929247398928270228
HIT 3 1855438454788 432 8704655358464064622
HIT 3 1529021005828 356 5915416795509828923
HIT 3 1855438520324 432 7570430215187477589
HIT 3 1529021071364 356 17387573954921969143
HIT 3 1855438585860 432 4754435225312455944
HIT 3 1529021136900 356 18103925226830350339
HIT 3 1855438651396 432 9944348386835164465
HIT 3 1529021202436 356 3251410263774882604
HIT 3 1855438716932 432 13064947562298574627
HIT 3 1529021267972 356 8730596943538350252
HIT 3 1855438782468 432 10601237564627870494
HIT 3 1529021333508 356 15154607133869781704
HIT 3 1855438848004 432 14302493479685485063
HIT 3 1529021399044 356 13677946920174501929
HIT 3 1855438913540 432 17175241231888462639
HIT 3 1529021464580 356 8116579592292241484
HIT 3 1855438979076 432 5986090820245749651
HIT 3 1529021530116 356 13135998373611076685
HIT 3 1855439044612 432 9225598270980431403
HIT 3 1529021595652 356 14508465881966803211
HIT 3 1855439110148 432 5274456925089081198
HIT 3 1529021661188 356 7659383621764136833
HIT 3 1855439175684 432 8421562727878208062
HIT 3 1529021726724 356 1649104170718480645
HIT 3 1855439241220 432 15933533338580022717
HIT 3 1529021792260 356 17841561376428430494
HIT 3 1855439306756 432 868933803500598248
HIT 3 1529021857796 356 367838354058147957
HIT 3 1855439372292 432 13612037187360006808
HIT 3 1529021923332 356 39212192538189443
HIT 3 1855439437828 432 9497129547434883778
HIT 3 1529021988868 356 4915749646752197066
HIT 3 1855439503364 432 80425062977690726
HIT 3 1529022054404 356 8066979094654538539
HIT 3 1855439568900 432 8686840085167510288
HIT 3 1529022119940 356 585736153050214949
HIT 3 1855439634436 432 2332187958918547003
HIT 3 1529022185476 356 15238827631905835532
HIT 3 1855439699972 432 1713883495567728810
HIT 3 1529022251012 356 5701141943501927443
HIT 3 1855439765508 432 1712368613730223868
HIT 3 1529022316548 356 2923269255295043581
HIT 3 1855439831044 432 5014381071668623665
HIT 3 1529022382084 356 6478190886634111471
HIT 3 1855439896580 432 1705410807525256265
HIT 3 1529022447620 356 17255571686133706378
HIT 3 1855439962116 432 3085486736766076927
HIT 3 1529022513156 356 4604159882469724176
HIT 3 1855440027652 432 9798631978791378328
HIT 3 1529022578692 356 11323305815218020188
HIT 3 1855440093188 432 15175984404564547087
HIT 3 1529022644228 356 16093517204081483518
HIT 3 1855440158724 432 3004918540511657674
HIT 3 1529022709764 356 1842193662128637997
HIT 3 1855440224260 432 7186115375787820563
HIT 3 1529022775300 356 14401593469545677290
HIT 3 1855440289796 432 12374865564992153109
HIT 3 1529022840836 356 3973613059402586993
HIT 3 1855440355332 432 5076646331323815744
HIT 3 1529022906372 356 65718826240897793
HIT 3 1855440420868 432 3554622714617776788
HIT 3 1529022971908 356 211519151290439622
HIT 3 1855440486404 432 10460492495573489592
HIT 3 1529023037444 356 9515913268686741619
HIT 3 1855440551940 432 1086990763534831410
HIT 3 1529023102980 356 8392630983120430238
HIT 3 1855440617476 432 18432816790387492253
HIT 3 1529023168516 356 5550697870041600697
HIT 3 1855440683012 432 7474761236813889333
HIT 3 1529023234052 356 17672424303524034839
HIT 3 1855440748548 432 3538628859492594619
HIT 3 1529023299588 356 9826908758595622140
HIT 3 1855440814084 432 10391604304216167618
HIT 3 1529023365124 356 12096651180154559015
HIT 3 1855440879620 432 8509783977445301192
HIT 3 1529023430660 356 5966901279407186428
HIT 3 1855440945156 432 14606538824206660554
HIT 3 1529023496196 356 8105270367455311512
HIT 3 1855441010692 432 4893940584213857892
HIT 3 1529023561732 356 647727332126461073
HIT 3 1855441076228 432 4408922515856959270
HIT 3 1529023627268 356 2332614546835726013
HIT 3 1855441141764 432 13242817770432974402
HIT 3 1529023692804 356 8515390423129754144
HIT 3 1855441207300 432 497863822476205587
HIT 3 1529023758340 356 3731047534493833077
HIT 3 1855441272836 432 8340627967254987427
HIT 3 1529023823876 356 13806708068492796111
HIT 3 1855441338372 432 10536297495518369607
HIT 3 1529023889412 356 10809597018675010666
HIT 3 1855441403908 432 8184647720068723935
HIT 3 1529023954948 356 16215888766313893574
HIT 3 1855441469444 432 1394591632784288534
HIT 3 1529024020484 356 8631492825500360580
HIT 3 1855441534980 432 15781667547231898960
HIT 3 1529024086020 356 2165937554198437786
HIT 3 1855441600516 432 8633368472040178661
HIT 3 1529024151556 356 4318772441746721738
HIT 3 1855441666052 432 16829166600959534105
HIT 3 1529024217092 356 1465650745667403092
HIT 3 1855441731588 432 10790575742037054849
HIT 3 1529024282628 356 12335044944449606168
HIT 3 1855441797124 432 11886693143558114369
HIT 3 1529024348164 356 1225087866523167515
HIT 3 1855441862660 432 1089361937707508679
HIT 3 1529024413700 356 15061393957322960500
HIT 3 1855441928196 432 16928183360037136509
HIT 3 1529024479236 356 15356855625653443218
HIT 3 1855441993732 432 8532930086215330707
HIT 3 1529024544772 356 1251745488007069852
HIT 3 1855442059268 432 218526971499835495
HIT 3 1529024610308 356 18377064499040611341
HIT 3 1855442124804 432 9765470634710381958
HIT 3 1529024675844 356 18436072631857235324
HIT 3 1855442190340 432 14356762034238719203
HIT 3 1529024741380 356 13234184932894350688
HIT 3 1855442255876 432 12650408141051488885
HIT 3 1529024806916 356 5818567305865933900
HIT 3 1855442321412 432 15580091112282991738
HIT 3 1529024872452 356 682031507541684653
HIT 3 1855442386948 432 9943031513648369277
HIT 3 1529024937988 356 2048999991721643720
HIT 3 1855442452484 432 9270580494906354626
HIT 3 1529025003524 356 10743772302846017570
HIT 3 1855442518020 432 11857200387799662969
HIT 3 1529025069060 356 18387879799812538704
HIT 3 1855442583556 432 145097336106826116
HIT 3 1529025134596 356 12922077438943209996
HIT 3 1855442649092 432 9271364719881455779
HIT 3 1529025200132 356 280199504446918689
HIT 3 1855442714628 432 13355260014419981612
HIT 3 1529025265668 356 6770949580171408721
HIT 3 1855442780164 432 15863655654009260465
HIT 3 1529025331204 356 17809484305762563318
HIT 3 1855442845700 432 1441425463184264768
HIT 3 1529025396740 356 7664252514168690270
HIT 3 1855442911236 432 17564326866597884777
HIT 3 1529025462276 356 3998241527611102835
HIT 3 1855442976772 432 7828910245442859523
HIT 3 1529025527812 356 1728695601305630936
HIT 3 1855443042308 432 3517215266586455392
HIT 3 1529025593348 356 6707716784315666888
HIT 3 1855443107844 432 3792221043858545767
HIT 3 1529025658884 356 4120730451968960108
HIT 3 1855443173380 432 12561948578376744760
HIT 3 1529025724420 356 1741236478766795492
HIT 3 1855443238916 432 2378312746996761531
HIT 3 1529025789956 356 10697843150901591998
HIT 3 1855443304452 432 12882171980974189537
HIT 3 1529025855492 356 4941456964158672800
HIT 3 1855443369988 432 11700955697401192225
HIT 3 1529025921028 356 16968360224384539504
HIT 3 1855443435524 432 2911837457836358219
HIT 3 1529025986564 356 14843852262306562205
HIT 3 1855443501060 432 237881025314948371
HIT 3 1529026052100 356 4973608581604322766
HIT 3 1855443566596 432 824723365029207571
HIT 3 1529026117636 356 3542091736892257232
HIT 3 1855443632132 432 11057993361603647977
HIT 3 1529026183172 356 18307946548203120391
HIT 3 1855443697668 432 11673340920378396353
HIT 3 1529026248708 356 2718763851250967799
HIT 3 1855443763204 432 4817732952852238514
HIT 3 1529026314244 356 3047006367722130817
HIT 3 1855443828740 432 11433483621615755807
HIT 3 1529026379780 356 1354690520830886271
HIT 3 1855443894276 432 15185701832090578688
HIT 3 1529026445316 356 4795691470585182596
HIT 3 1855443959812 432 3469657752096286889
HIT 3 1529026510852 356 13420193907786802621
HIT 3 1855444025348 432 3617683919385349139
HIT 3 1529026576388 356 14580809081821048755
HIT 3 1855444090884 432 8141378288172892883
HIT 3 1529026641924 356 7834488143095910286
HIT 3 1855444156420 432 17483898014570003080
HIT 3 1529026707460 356 14217025437048102520
HIT 3 1855444221956 432 10237694952752804631
HIT 3 1529026772996 356 10599491309224872130
HIT 3 1855444287492 432 13196131364023195177
HIT 3 1529026838532 356 2697844183360216635
HIT 3 1855444353028 432 16256249404587137767
HIT 3 1529026904068 356 8641940256169479601
HIT 3 1855444418564 432 1092358515129112021
HIT 3 1529026969604 356 2043461895498972085
HIT 3 1855444484100 432 8443456511515336141
HIT 3 1529027035140 356 2679384747300237305
HIT 3 1855444549636 432 9557710110893298746
HIT 3 1529027100676 356 2347432484406538749
HIT 3 1855444615172 432 9785169802076139037
HIT 3 1529027166212 356 527368228911498885
HIT 3 1855444680708 432 3277121026073557790
HIT 3 1529027231748 356 745883843854633667
HIT 3 1855444746244 432 7829751892555112357
HIT 3 1529027297284 356 17086677598048036779
HIT 3 1855444811780 432 8074566481083989510
HIT 3 1529027362820 356 6480725746177737552
HIT 3 1855444877316 432 12155667206012188472
HIT 3 1529027428356 356 1676253683623213949
HIT 3 1855444942852 432 18017569993195504955
HIT 3 1529027493892 356 3490584584941411766
HIT 3 1855445008388 432 5734653180236350656
HIT 3 1529027559428 356 12051006072692790207
HIT 3 1855445073924 432 10831274714380818085
HIT 3 1529027624964 356 14424222267709055094
HIT 3 1855445139460 432 1843372576134501554
HIT 3 1529027690500 356 4799300041039728529
HIT 3 1855445204996 432 9134230463211677563
HIT 3 1529027756036 356 3587523049313987674
HIT 3 1855445270532 432 1786369296273675384
HIT 3 1529027821572 356 879019335882989271
HIT 3 1855445336068 432 12648159984741398206
HIT 3 1529027887108 356 10817453344458759599
HIT 3 1855445401604 432 7573384822945449379
HIT 3 1529027952644 356 12444003037500199479
HIT 3 1855445467140 432 14030734446308275003
HIT 3 1529028018180 356 11253395048082134590
HIT 3 1855445532676 432 14420830212147722447
HIT 3 1529028083716 356 14780622980146083590
HIT 3 1855445598212 432 17522884281022738444
HIT 3 1529028149252 356 14184122160315938330
HIT 3 1855445663748 432 7789861293074417277
HIT 3 1529028214788 356 5669778882962543846
HIT 3 1855445729284 432 16951270166111026069
HIT 3 1529028280324 356 7238024329046959786
HIT 3 1855445794820 432 5538569276460879532
HIT 3 1529028345860 356 1584796768019781571
HIT 3 1855445860356 432 4658160160085963360
HIT 3 1529028411396 356 3617557123162043533
HIT 3 1855445925892 432 17433059143162934266
HIT 3 1529028476932 356 4801065932638616207
HIT 3 1855445991428 432 9312043724559218270
HIT 3 1529028542468 356 12471780416816336548
HIT 3 1855446056964 432 14747895324458249439
HIT 3 1529028608004 356 15936460000135657746
HIT 3 1855446122500 432 14543127044017261798
HIT 3 1529028673540 356 14510077061476927219
HIT 3 1855446188036 432 5249265445485521471
HIT 3 1529028739076 356 17502870077126579227
HIT 3 1855446253572 432 8142457372439549192
HIT 3 1529028804612 356 13604382223182789907
HIT 3 1855446319108 432 11330461996880845353
HIT 3 1529028870148 356 12636118969723959642
HIT 3 1855446384644 432 73651759297386235
HIT 3 1529028935684 356 168524581834561599
HIT 3 1855446450180 432 5080711206613581802
HIT 3 1529029001220 356 745417176562146616
HIT 3 1855446515716 432 16246646870836703703
HIT 3 1529029066756 356 12020449439414531316
HIT 3 1855446581252 432 344804633351406758
HIT 3 1529029132292 356 13717204627690303062
HIT 3 1855446646788 432 7718452281909972682
HIT 3 1529029197828 356 12155866303298402589
HIT 3 1855446712324 432 5819497183617128774
HIT 3 1529029263364 356 14481713887975180602
HIT 3 1855446777860 432 14665376218677520482
HIT 3 1529029328900 356 11690216362778598253
HIT 3 1855446843396 432 16459113230373053561
HIT 3 1529029394436 356 4290980783175425301
HIT 3 1855446908932 432 7640068239560090568
HIT 3 1529029459972 356 177998311635838443
HIT 3 1855446974468 432 689051104980766676
HIT 3 1529029525508 356 3463836843537185715
HIT 3 1855447040004 432 14980440170678956027
HIT 3 1529029591044 356 1372087128611190140
HIT 3 1855447105540 432 11374960437227603756
HIT 3 1529029656580 356 13225120408896748442
HIT 3 1855447171076 432 2739281811894144563
HIT 3 1529029722116 356 3965066046286094694
HIT 3 1855447236612 432 5815190451664762943
HIT 3 1855449071621 432 10967852548646484131
HIT 3 1846859268101 430 12924918159882489739
HIT 3 1855449202693 432 10562075106972121700
HIT 3 1859744169989 433 614679392855215438
HIT 3 1864039137285 434 15621834229900262179
HIT 3 1537621688325 358 1885281114280106691
HIT 3 1855449268229 432 17238002638384438648
HIT 3 1855449333765 432 3447319883842286471
HIT 3 1855449202695 432 15637643642507504376
HIT 3 1529029787652 356 9142619112263769329
HIT 3 1855447302148 432 11445184009002673075
HIT 3 1529029853188 356 11971082409004108192
HIT 3 1855447367684 432 283898925454391263
HIT 3 1529029918724 356 16817312392602080248
HIT 3 1855447433220 432 3608943761422266096
HIT 3 1529029984260 356 18424689086525351119
HIT 3 1855447498756 432 12314875290136952960
HIT 3 1529030049796 356 4546675791875206937
HIT 3 1855447564292 432 16341433708846625022
HIT 3 1529030115332 356 3812250067207025903
HIT 3 1855447629828 432 3234638230150384578
HIT 3 1529030180868 356 3046508728148938520
HIT 3 1855447695364 432 16020706010629093222
HIT 3 1529030246404 356 5547973954646401880
HIT 3 1855447760900 432 2441817562919231423
HIT 3 1529030311940 356 15612693906517368806
HIT 3 1855447826436 432 17139031477177047117
HIT 3 1529030377476 356 5470582045777867434
HIT 3 1855447891972 432 7391244166761359108
HIT 3 1529030443012 356 9912988686308499805
HIT 3 1855447957508 432 15707507482103390396
HIT 3 1529030508548 356 10733495672788822212
HIT 3 1855448023044 432 12070940856667771614
HIT 3 1529030574084 356 4056702145423625474
HIT 3 1855448088580 432 7446605455007168348
HIT 3 1529030639620 356 18352772815921956791
HIT 3 1855448154116 432 4897864715931020256
HIT 3 1529030705156 356 18156785018915723205
HIT 3 1855448219652 432 7153083290557147300
HIT 3 1529030770692 356 16271787679628263957
HIT 3 1855448285188 432 10897145512072726637
HIT 3 1529030836228 356 14700657372223760950
HIT 3 1855448350724 432 6311396751069970499
HIT 3 1529030901764 356 15186176243863863884
HIT 3 1855448416260 432 8736473531570710974
HIT 3 1529030967300 356 4143081448373101499
HIT 3 1855448481796 432 174798570755183001
HIT 3 1529031032836 356 15055344641629612417
HIT 3 1855448547332 432 15751029832237194787
HIT 3 1529031098372 356 5699298956148570471
HIT 3 1855448612868 432 4906776606045090713
HIT 3 1529031163908 356 11311479083266818911
HIT 3 1855448678404 432 11482170751825911741
HIT 3 1529031229444 356 6200799851416230044
HIT 3 1855448743940 432 2471348839381226194
HIT 3 1529031294980 356 6814129818278441266
HIT 3 1855449071622 432 18011690417838611567
HIT 3 1846859268102 430 6136782092445135020
HIT 3 1855449202694 432 413246317044648589
HIT 3 1859744169990 433 3271604286462648117
HIT 3 1864039137286 434 13446525350841389720
HIT 3 1537621688326 358 16336480970568558823
HIT 3 1855449268230 432 15821554579374694019
HIT 3 1855449333766 432 660489587765782990
HIT 3 1855448809476 432 12193489180540045913
HIT 3 1529031360516 356 15173229604729484432
HIT 3 1855448875012 432 18326368353253629888
HIT 3 1520441491460 354 276082727961237614
HIT 3 1529031426052 356 14732556181364134382
HIT 3 1855448940548 432 9960681226180178427
HIT 3 1529031491588 356 276082727961237614
HIT 3 1855449006084 432 9981583306360149342
HIT 3 1529031557124 356 14575618952416493316
HIT 3 1846859137028 430 9338097995661773910
HIT 3 1855449071620 432 6478384338450156657
HIT 3 1859744038916 433 8374711156464528252
HIT 3 1864039006212 434 14139637658274908040
HIT 3 1529031622660 356 11859449600408321627
HIT 3 1537621557252 358 14575618952416493316
HIT 3 1855449137156 432 12862966751665542348
HIT 3 1537621622788 358 16339817476747698528
HIT 3 1541916590084 359 11541877543433842612
HIT 3 1546211557380 360 4346663195872866794
HIT 3 1550506524676 361 5308007544218151251
HIT 3 1554801491972 362 3411933578525339373
HIT 3 1559096459268 363 14296586618045435743
HIT 3 1563391426564 364 6791016697890404858
HIT 3 1567686393860 365 15486046194716359037
HIT 3 1571981361156 366 18148334014394022977
HIT 3 1576276328452 367 12927778574643009176
HIT 3 1580571295748 368 13016002842549893361
HIT 3 1584866263044 369 8444505233610231912
HIT 3 1589161230340 370 8656762652601451542
HIT 3 1593456197636 371 5022468276142519922
HIT 3 1597751164932 372 6469581341590044231
HIT 3 1602046132228 373 970036263888105192
HIT 3 1606341099524 374 10677683390467101223
HIT 3 1610636066820 375 3977125184324980188
HIT 3 1614931034116 376 8444420220668684120
HIT 3 1619226001412 377 14299697106945233256
HIT 3 1623520968708 378 6645648956219285255
HIT 3 1627815936004 379 5621427506024890937
HIT 3 1632110903300 380 11221549651376429680
HIT 3 1636405870596 381 9786993282336068603
HIT 3 1640700837892 382 18133860983134589087
HIT 3 1644995805188 383 2615206723413198069
HIT 3 1649290772484 384 84755272223572110
HIT 3 1653585739780 385 738362877423425958
HIT 3 1657880707076 386 5931554157180331282
HIT 3 1662175674372 387 1888837609007658494
HIT 3 1666470641668 388 17522981323042563990
HIT 3 1670765608964 389 17156580760080805658
HIT 3 1675060576260 390 1351991172458454014
HIT 3 1679355543556 391 9902650230461081969
HIT 3 1683650510852 392 9332710594645693661
HIT 3 1687945478148 393 17128313161628219717
HIT 3 1692240445444 394 9180623087797189621
HIT 3 1696535412740 395 2657511844737787178
HIT 3 1700830380036 396 6666537871515328224
HIT 3 1705125347332 397 8554508288768826218
HIT 3 1709420314628 398 9910706098116704959
HIT 3 1713715281924 399 10513647566235315458
HIT 3 1718010249220 400 16846183623190718541
HIT 3 1722305216516 401 12433875994719420343
HIT 3 1726600183812 402 15555243627482721854
HIT 3 1730895151108 403 6675398868041097265
HIT 3 1735190118404 404 16505109136398442779
HIT 3 1739485085700 405 16055649536478888985
HIT 3 1743780052996 406 5264882557792209592
HIT 3 1748075020292 407 17469783800023308669
HIT 3 1752369987588 408 2046869565242158602
HIT 3 1756664954884 409 11458997308993077881
HIT 3 1760959922180 410 3283567966988791472
HIT 3 1765254889476 411 15538593695196018356
HIT 3 1769549856772 412 393860131685500040
HIT 3 1773844824068 413 11446194611584247086
HIT 3 1778139791364 414 18208659007012558561
HIT 3 1782434758660 415 7024319381309937739
HIT 3 1786729725956 416 7100920602690057145
HIT 3 1791024693252 417 17613870595065657357
HIT 3 1795319660548 418 7419682783260828641
HIT 3 1799614627844 419 15137233639643210741
HIT 3 1803909595140 420 15261370132166844450
HIT 3 1808204562436 421 14911073236953360774
HIT 3 1812499529732 422 4168736146880279362
HIT 3 1816794497028 423 1179597105083862187
HIT 3 1821089464324 424 7948011060444554361
HIT 3 1825384431620 425 13385643556989634381
HIT 3 1829679398916 426 12368613137843386326
HIT 3 1833974366212 427 12122889764852448434
HIT 3 1838269333508 428 12555713402668920075
HIT 3 1842564300804 429 2298172871753097077
HIT 3 1846859268100 430 4319079982909119347
HIT 3 1851154235396 431 463873358048484455
HIT 3 1855449202692 432 975127789506376746
HIT 3 1859744169988 433 7768194536415767392
HIT 3 1864039137284 434 10283135957964633433
HIT 3 1868334104580 435 7316193393156472085
HIT 3 1872629071876 436 6457008999404944395
HIT 3 1876924039172 437 14233042593964809390
HIT 3 1881219006468 438 11508112823126738005
HIT 3 1885513973764 439 13248232641792664957
HIT 3 1889808941060 440 16486822722901908059
HIT 3 1894103908356 441 4758186848445590443
HIT 3 1898398875652 442 3793925532145403905
HIT 3 1902693842948 443 9677177607817554240
HIT 3 1906988810244 444 6851489542544046343
HIT 3 1911283777540 445 16377312911977380498
HIT 3 1915578744836 446 10660090799991635757
HIT 3 1919873712132 447 17134828197051475926
HIT 3 1924168679428 448 4314460864690277226
HIT 3 1928463646724 449 2523887487855717015
HIT 3 1932758614020 450 11052612226265275717
HIT 3 1937053581316 451 1697346352626659830
HIT 3 1941348548612 452 2285886311796571301
HIT 3 1945643515908 453 806198939200080327
HIT 3 1949938483204 454 6168899952283884479
HIT 3 1954233450500 455 7578733391611649543
HIT 3 1958528417796 456 18316690021853594976
HIT 3 1962823385092 457 9293692656352172990
HIT 3 1967118352388 458 2976250114556882558
HIT 3 1971413319684 459 8614581876524523796
HIT 3 1975708286980 460 96379217330793473
HIT 3 1980003254276 461 12183052971316747845
HIT 3 1984298221572 462 6439754858954363294
HIT 3 1988593188868 463 4096385624073606019
HIT 3 1992888156164 464 13449279449328372021
HIT 3 1997183123460 465 8016645542451480558
HIT 3 2001478090756 466 12626423151654578323
HIT 3 2005773058052 467 14825629077527262592
HIT 3 2010068025348 468 15983969960104241346
HIT 3 2014362992644 469 7344004945723556779
HIT 3 2018657959940 470 1380061360846268115
HIT 3 2022952927236 471 5377550497072134057
HIT 3 2027247894532 472 3572443275359540272
HIT 3 2031542861828 473 11657478950086888714
HIT 3 2035837829124 474 11634265002729595529
HIT 3 2040132796420 475 5053940438594202770
HIT 3 2044427763716 476 759694408253839696
HIT 3 2048722731012 477 5839460474270698776
HIT 3 2053017698308 478 13374086624551653857
HIT 3 2057312665604 479 13689710561199569512
HIT 3 2061607632900 480 15061228711761712035
HIT 3 2065902600196 481 17488869249474429064
HIT 3 2070197567492 482 2916999539241991093
HIT 3 2074492534788 483 4457656025768245892
HIT 3 2078787502084 484 9350667777895276899
HIT 3 2083082469380 485 10106251339088824290
HIT 3 2087377436676 486 6842369391289335610
HIT 3 2091672403972 487 6938943248447996822
HIT 3 2095967371268 488 3866225156685177818
HIT 3 2100262338564 489 1172904227613142466
HIT 3 2104557305860 490 6169043193105688019
HIT 3 2108852273156 491 16645892148083209319
HIT 3 2113147240452 492 11282012931671198337
HIT 3 2117442207748 493 7492395150844056348
HIT 3 2121737175044 494 3662161732790588611
HIT 3 2126032142340 495 9495767555001159061
HIT 3 2130327109636 496 3957905973788257076
HIT 3 2134622076932 497 10874009879100556893
HIT 3 2138917044228 498 12927779914436697835
HIT 3 2143212011524 499 8159241030480783100
HIT 3 2147506978820 500 3610135970963068281
HIT 3 2151801946116 501 17924780154126154823
HIT 3 2156096913412 502 7275091337150787746
HIT 3 2160391880708 503 17363106223538234118
HIT 3 2164686848004 504 14426138516902573351
HIT 3 2168981815300 505 3427491793050782857
HIT 3 2173276782596 506 7347931966264440566
HIT 3 2177571749892 507 750841009092115073
HIT 3 2181866717188 508 2659593856711175016
HIT 3 2186161684484 509 3855700154220486640
HIT 3 2190456651780 510 4995989452366322469
HIT 3 2194751619076 511 4105248063159574012
HIT 3 1537621688324 358 14063149097891902990
HIT 3 1541916655620 359 5308007544218151251
HIT 3 1546211622916 360 16339817476747698528
HIT 3 1846859333636 430 3070262571869425851
HIT 3 1855449268228 432 577544178060663690
HIT 3 1859744235524 433 2210574083245471874
HIT 3 1864039202820 434 6316470038365877183
HIT 3 1846859399172 430 9862161801506660250
HIT 3 1855449333764 432 7186174273151224944
HIT 3 1859744301060 433 1275236968395178300
HIT 3 1864039268356 434 15636088703815261162
HIT 3 1546211753988 360 1355141259412165488
HIT 3 1855449399300 432 17974591315049587597
HIT 3 1855449464836 432 16291891239500755732
HIT 3 1855449530372 432 16414004818027507529
HIT 3 1855449595908 432 4096283525058935427
HIT 3 1855449661444 432 16191710621222970094
HIT 3 1855449726980 432 17224760717735913472
HIT 3 1855449792516 432 346857831452287260
HIT 3 1855449858052 432 5782035802796823584
HIT 3 1855449923588 432 10559382916352869966
HIT 3 1855449989124 432 12982406206455217391
HIT 3 1855450054660 432 2608459101933661267
HIT 3 1855450120196 432 1487991503860505229
HIT 3 1855450185732 432 4652880456202352563
HIT 3 1855450251268 432 14326185592173833358
HIT 3 1855450316804 432 8797947060436443460
HIT 3 1855450382340 432 15212505408092507046
HIT 3 1855450447876 432 17291828244492227718
HIT 3 1855450513412 432 2196541131713770506
HIT 3 1855450578948 432 4758855816903087003
HIT 3 1864044183557 434 13273223533681065
HIT 3 1855450644484 432 5605541175648576049
HIT 3 1855450710020 432 14597984141509113396
HIT 3 1855450775556 432 10119211983021145634
HIT 3 1855450841092 432 17124618291759550253
HIT 3 1855450906628 432 15704187394391798319
HIT 3 1855450972164 432 6909102986735288116
HIT 3 1855451037700 432 12320423082818606908
HIT 3 1855451103236 432 5648888496014290284
HIT 3 1855451168772 432 3908143657801577999
HIT 3 1855451234308 432 17722208740910749853
HIT 3 1855451299844 432 5468594333630888493
HIT 3 1855451365380 432 15303629802706701081
HIT 3 1855451430916 432 136967970930925106
HIT 3 1855451496452 432 9369765614065216580
HIT 3 1855451561988 432 12646354120590588605
HIT 3 1855451627524 432 12558854396007994920
HIT 3 1855451693060 432 11066192382683295023
HIT 3 1855451758596 432 2258556956006919767
HIT 3 1855451824132 432 6842435494975537718
HIT 3 1855451889668 432 17512671594548449104
HIT 3 1855451955204 432 2283626156767656670
HIT 3 1855452020740 432 17667041959481220939
HIT 3 1855452086276 432 6501461198198778603
HIT 3 1855452151812 432 11775543516658231453
HIT 3 1855452217348 432 11653290451104897594
HIT 3 1855452282884 432 11929074412106616090
HIT 3 1855452348420 432 17619413891833887408
HIT 3 1855452413956 432 15017344087795222019
HIT 3 1855452479492 432 12686127674684279080
HIT 3 1855452545028 432 13034869754850759646
HIT 3 1855452610564 432 13862481942096046229
HIT 3 1855452676100 432 12383610600552166027
HIT 3 1855452741636 432 18138078583277005359
HIT 3 1855452807172 432 476372227395477987
HIT 3 1855452872708 432 13611519969976722496
HIT 3 1855452938244 432 5347215979618680358
HIT 3 1855453003780 432 13321897164654664447
HIT 3 1864044183558 434 6575308678067119724
HIT 3 1855453069316 432 849629647912891343
HIT 3 1855453134852 432 16955777935974932704
HIT 3 1855453200388 432 11377505142794125359
HIT 3 1855453265924 432 501222404071009895
HIT 3 1855453331460 432 2816987976054037166
HIT 3 1855453396996 432 13643314200238813768
HIT 3 1855453462532 432 16029619276121902246
HIT 3 1855453528068 432 3172762089580462579
HIT 3 1855453593604 432 8865391366569521293
HIT 3 1855453659140 432 10197063503604747086
HIT 3 1855453724676 432 14197046058829461201
HIT 3 1855453790212 432 9312197544696291627
HIT 3 1855453855748 432 17243654297441224737
HIT 3 1846863986692 430 18423588162693019385
HIT 3 1855453921284 432 14634751209100450653
HIT 3 1855453986820 432 18423588162693019385
HIT 3 1855454052356 432 17291534608772885976
HIT 3 1855454117892 432 5058822701407309142
HIT 3 1864044052484 434 17291534608772885976
HIT 3 1864044118020 434 12827038931923754796
HIT 3 1868339085316 435 12729942412813526721
HIT 3 1872634052612 436 1668123348199106417
HIT 3 1876929019908 437 3153792773221805444
HIT 3 1881223987204 438 8761057050369121922
HIT 3 1885518954500 439 7385303186281153180
HIT 3 1889813921796 440 17187434646117139330
HIT 3 1894108889092 441 227977825635908378
HIT 3 1898403856388 442 11648857629217656910
HIT 3 1902698823684 443 7467885023913900685
HIT 3 1906993790980 444 6456571321208833068
HIT 3 1911288758276 445 634862616940487889
HIT 3 1915583725572 446 12958932833917687372
HIT 3 1919878692868 447 4583242463663423815
HIT 3 1924173660164 448 9622974096808169157
HIT 3 1928468627460 449 14480535276278731373
HIT 3 1932763594756 450 13290870350033668183
HIT 3 1937058562052 451 17125674950746610439
HIT 3 1941353529348 452 14497199319647406429
HIT 3 1945648496644 453 6601909508179503837
HIT 3 1949943463940 454 8744583743388332944
HIT 3 1954238431236 455 8224686649704735624
HIT 3 1958533398532 456 13728877943393757861
HIT 3 1962828365828 457 18113216232467167253
HIT 3 1967123333124 458 7600074677348498542
HIT 3 1971418300420 459 16648091412929236648
HIT 3 1975713267716 460 14862674710376331623
HIT 3 1980008235012 461 10773823998513383392
HIT 3 1984303202308 462 5229977640200259738
HIT 3 1988598169604 463 8090083533256345378
HIT 3 1992893136900 464 15906063575925876278
HIT 3 1997188104196 465 5766861334615052514
HIT 3 2001483071492 466 4231455406731678579
HIT 3 2005778038788 467 3684033254607870061
HIT 3 2010073006084 468 17401097131526621058
HIT 3 2014367973380 469 16107281848779922856
HIT 3 2018662940676 470 15869099967120648882
HIT 3 2022957907972 471 4325092661938189971
HIT 3 2027252875268 472 7905086958271618080
HIT 3 2031547842564 473 4696033536804899819
HIT 3 2035842809860 474 5922430253786693026
HIT 3 2040137777156 475 16097188413622065415
HIT 3 2044432744452 476 17152075370691118247
HIT 3 2048727711748 477 12642418349297632705
HIT 3 2053022679044 478 10930554558993356192
HIT 3 2057317646340 479 13455578885092251250
HIT 3 2061612613636 480 1851655040438277944
HIT 3 2065907580932 481 82803392326305670
HIT 3 2070202548228 482 8002500272372318110
HIT 3 2074497515524 483 9929896063261810586
HIT 3 2078792482820 484 10590127027055323846
HIT 3 2083087450116 485 2135996879236664727
HIT 3 2087382417412 486 4074465096767781038
HIT 3 2091677384708 487 1835509718859965358
HIT 3 2095972352004 488 674335349141049572
HIT 3 2100267319300 489 12961014162668498218
HIT 3 2104562286596 490 2606233131072648619
HIT 3 2108857253892 491 13024848985720753484
HIT 3 2113152221188 492 8472278103989808569
HIT 3 2117447188484 493 4734639705961530998
HIT 3 2121742155780 494 16151589817951884260
HIT 3 2126037123076 495 7414592822678953280
HIT 3 2130332090372 496 4441214439684022861
HIT 3 2134627057668 497 11184060900384191833
HIT 3 2138922024964 498 16683090492421242486
HIT 3 2143216992260 499 8618664305835781130
HIT 3 2147511959556 500 14176614614114946091
HIT 3 2151806926852 501 11039319277735467178
HIT 3 2156101894148 502 15490472293080676270
HIT 3 2160396861444 503 13718653628586703410
HIT 3 2164691828740 504 15962799070843588605
HIT 3 2168986796036 505 12101029210024425923
HIT 3 2173281763332 506 1745629891452836939
HIT 3 2177576730628 507 11870788463407390237
HIT 3 2181871697924 508 3842979822227779301
HIT 3 2186166665220 509 10603861822156494365
HIT 3 2190461632516 510 1342569914895277864
HIT 3 2194756599812 511 8760803971811658302
HIT 3 1864044183556 434 4020333542159602596
HIT 3 1868339150852 435 3153792773221805444
HIT 3 1872634118148 436 12827038931923754796
HIT 3 1872634249220 436 730540888370638404
HIT 3 352189087755 82 6083650965226237814
HIT 3 1529010126859 356 15853098948150382087
HIT 3 1855427641355 432 7845956080264270400
HIT 3 352189087752 82 14307583301337101654
HIT 3 1529010126856 356 4925608327488457012
HIT 3 1855427641352 432 5963053346883821113
HIT 3 352189087754 82 14841818167642589012
HIT 3 1529010126858 356 8754210285404730876
HIT 3 1855427641354 432 1848240819867845504
HIT 3 352189087753 82 11143631618784707291
HIT 3 1529010126857 356 14836007203680503668
HIT 3 1855427641353 432 7579988365707219578
HIT 3 1529013731339 356 5540715989615838708
HIT 3 1855431245835 432 4760943358247083396
HIT 3 1529013731338 356 6864240378579529175
HIT 3 1529013731336 356 12522775336844644918
HIT 3 1855431245832 432 2616216376292698085
HIT 3 1855431245834 432 12807727608539750878
HIT 3 1529013731337 356 361777930849603342
HIT 3 1855431245833 432 14406738710849244815
HIT 3 1855449202699 432 11477227648274703060
HIT 3 1855449202697 432 2570040842192511273
HIT 3 352189087756 82 5154688658876228784
HIT 3 1529010126860 356 15946169829724920684
HIT 3 1855427641356 432 17758989604037796657
HIT 3 1855449202696 432 15308871269488427441
HIT 3 352189087757 82 9642002412977922046
HIT 3 1529010126861 356 988677471983592704
HIT 3 1855427641357 432 16181740963302822972
HIT 3 1855449202698 432 3595843360085937659
HIT 3 352189087758 82 7003885004200543240
HIT 3 1529010126862 356 9388019482739036058
HIT 3 1855427641358 432 10551194132288916896
HIT 3 1529013731340 356 243089661694575924
HIT 3 1855431245836 432 6749494840490437995
HIT 3 352189087759 82 8538514098541509039
HIT 3 1529013731341 356 3695899440192181436
HIT 3 1855431245837 432 9547388273358247232
HIT 3 1529010126863 356 8645534168160613777
HIT 3 1855427641359 432 7236038543025117668
HIT 3 1529013731342 356 15159794600227276887
HIT 3 1855431245838 432 9951401068372180710
HIT 3 1529013731343 356 3849530221693260991
HIT 3 1855431245839 432 9197020093329437085
HIT 3 1855449202701 432 4263281684105061252
HIT 3 1855449202700 432 12440403221844225815
HIT 3 352189087760 82 7566247689383063788
HIT 3 1529010126864 356 8699071975634315082
HIT 3 1855427641360 432 3745454270563896788
HIT 3 352189087761 82 6026343047245684358
HIT 3 1529010126865 356 9058362639696940129
HIT 3 1855427641361 432 953387865431886401
HIT 3 1529013731344 356 7133408682446632599
HIT 3 1855431245840 432 12758093854536937414
HIT 3 1529013731345 356 17894900557124122865
HIT 3 1855431245841 432 7989052527761025677
HIT 3 1855449202702 432 6962977338298812138
HIT 3 1855449202703 432 16574679424365836426
HIT 3 352189087762 82 16812507173221709292
HIT 3 1529010126866 356 7997660285359134681
HIT 3 1855427641362 432 17278655165952571
HIT 3 352189087763 82 15270096230613683865
HIT 3 1529010126867 356 4546352353830750120
HIT 3 1855427641363 432 1448325022961596436
HIT 3 1529013731346 356 3439396766380961034
HIT 3 1855431245842 432 14445306765476064883
HIT 3 1529013731347 356 1680461424918910601
HIT 3 1855431245843 432 10581505561468008394
HIT 3 1855449202704 432 17070059418335725649
HIT 3 1855449202705 432 7636479109711500689
HIT 3 352189087764 82 7084468038844414024
HIT 3 1529010126868 356 17668073574709285770
HIT 3 1855427641364 432 1106392187899759830
HIT 3 1529013731348 356 11991337489820017888
HIT 3 1855431245844 432 479150669891543101
HIT 3 352189087765 82 3155232358070886206
HIT 3 1529010126869 356 7715752441552124562
HIT 3 1855427641365 432 10463543045458569416
HIT 3 1855449202708 432 16372862967832471116
HIT 3 352189087766 82 7041648868022121887
HIT 3 1529010126870 356 10929871454532893717
HIT 3 1855427641366 432 17598017724928297239
HIT 3 1529013731350 356 8670748158223747770
HIT 3 1855431245846 432 1899268918565672828
HIT 3 1529013731349 356 2122751891862695570
HIT 3 1855431245845 432 2607224055574441140
HIT 3 1855449202710 432 16950058071168218649
HIT 3 1855449202706 432 14024970560395364250
HIT 3 352188956695 82 7041648868022121887
HIT 3 1529009995799 356 10929871454532893717
HIT 3 1855427510295 432 17598017724928297239
HIT 3 352189087767 82 5256135018398042053
HIT 3 1529010126871 356 86879313625074430
HIT 3 1855427641367 432 12432481433182769523
HIT 3 1855449202707 432 2991597839445472276
HIT 3 352189087768 82 9215285001964708592
HIT 3 1529010126872 356 12088702163270078646
HIT 3 1855427641368 432 3677056375379832894
HIT 3 352189218840 82 5634191841330092684
HIT 3 1529010257944 356 10578614440444452604
HIT 3 1855427772440 432 5976777375208988272
HIT 3 1529013731351 356 17186801379604951618
HIT 3 1855431245847 432 3480067749835324621
HIT 3 352189087769 82 5634191841330092684
HIT 3 1529010126873 356 10578614440444452604
HIT 3 1855427641369 432 5976777375208988272
HIT 3 1529013731352 356 17381490106179028755
HIT 3 1855431245848 432 1692144430378745087
HIT 3 1529013600281 356 4114649186439492217
HIT 3 1855431114777 432 8719076857061685100
HIT 3 1520423796761 354 8641171315900624900
HIT 3 1529013731353 356 12491412636249400404
HIT 3 1533308698649 357 15994202226182762690
HIT 3 1537603665945 358 9078947727534814268
HIT 3 1846841311257 430 10152109701524461231
HIT 3 1855431245849 432 15107907821220347768
HIT 3 1859726213145 433 2032339754269883295
HIT 3 1864021180441 434 4467872190740366385
HIT 3 360782692377 84 9215285001964708592
HIT 3 1529013796889 356 14248649610165624464
HIT 3 1855431311385 432 17265580567718864563
HIT 3 1529013862425 356 11850123730957033497
HIT 3 1855431376921 432 17377781084427147284
HIT 3 1855449202709 432 11404181530046540258
HIT 3 133145821210 31 12019041867487727242
HIT 3 352189153306 82 12085859147956669091
HIT 3 1529010192410 356 5919881487731543242
HIT 3 1855427706906 432 7819099421988183549
HIT 3 343599284250 80 11794599894034741943
HIT 3 352189218842 82 13119913483513968759
HIT 3 356484186138 83 1197748780302141833
HIT 3 360779153434 84 17433813129285370683
HIT 3 1520420323354 354 161566959192562570
HIT 3 1529010257946 356 4302488312443280620
HIT 3 1533305225242 357 4261190777063073061
HIT 3 1537600192538 358 17831462804303371903
HIT 3 1846837837850 430 8188649728695018477
HIT 3 1855427772442 432 7666545345819014630
HIT 3 1859722739738 433 14815985314102077780
HIT 3 1864017707034 434 12189798077744774847
HIT 3 352189349914 82 12247218136697723572
HIT 3 1529010389018 356 9568091193474927526
HIT 3 1855427903514 432 2294526302043635290
HIT 3 1855449202711 432 8167483027942761272
HIT 3 1529013600282 356 6635556586537139023
HIT 3 1855431114778 432 15669785983318828868
HIT 3 1520423796762 354 12031633084512416588
HIT 3 1529013731354 356 18429641496952302136
HIT 3 1533308698650 357 15999188505406781214
HIT 3 1537603665946 358 17132607159014553868
HIT 3 1846841311258 430 4813620527585772437
HIT 3 1855431245850 432 15897060323930235615
HIT 3 1859726213146 433 7292266453429910812
HIT 3 1864021180442 434 5851715805449858997
HIT 3 360782692378 84 15530728660302037828
HIT 3 1529013796890 356 9878476947552338506
HIT 3 1855431311386 432 13557051289693414162
HIT 3 1529013862426 356 10927443565782760052
HIT 3 1855431376922 432 869856156061587764
HIT 3 352189153307 82 15530728660302037828
HIT 3 1529010192411 356 12728161617660001433
HIT 3 1855427706907 432 8968149458527017763
HIT 3 352189218843 82 12247218136697723572
HIT 3 1529010257947 356 9568091193474927526
HIT 3 1855427772443 432 2294526302043635290
HIT 3 352189284379 82 12085859147956669091
HIT 3 1529010323483 356 5919881487731543242
HIT 3 1855427837979 432 7819099421988183549
HIT 3 352189349915 82 8151595643065140117
HIT 3 1529010389019 356 16604793943970978702
HIT 3 1855427903515 432 13389630667788037051
HIT 3 352189415451 82 16588486561420914482
HIT 3 1529010454555 356 5090967515639366883
HIT 3 1855427969051 432 1224941229718529988
HIT 3 352189480987 82 8161239062314593907
HIT 3 1529010520091 356 15450225264203815623
HIT 3 1855428034587 432 9340620460563320343
HIT 3 352189546523 82 5745157526988231938
HIT 3 1529010585627 356 17043239292227935226
HIT 3 1855428100123 432 17440839272080572717
HIT 3 352189612059 82 18335240256947907469
HIT 3 1529010651163 356 9420028590152257309
HIT 3 1855428165659 432 13393840152379821299
HIT 3 352189677595 82 11101266608062225574
HIT 3 1529010716699 356 18163141938318217829
HIT 3 1855428231195 432 6503735862102131283
HIT 3 352189743131 82 1823698584121918874
HIT 3 1529010782235 356 1957726600828477608
HIT 3 1855428296731 432 17011478853532211206
HIT 3 352189808667 82 13915679398462393455
HIT 3 1529010847771 356 13193187923169143366
HIT 3 1855428362267 432 11264557274301976668
HIT 3 352189874203 82 3879542779501144406
HIT 3 1529010913307 356 5802199903944325548
HIT 3 1855428427803 432 2816885593764388658
HIT 3 352189939739 82 2790451196339441707
HIT 3 1529010978843 356 17437968837498246107
HIT 3 1855428493339 432 3714473325161473990
HIT 3 352190005275 82 15721090695079246042
HIT 3 1529011044379 356 2155756971635901413
HIT 3 1855428558875 432 16931812101329850581
HIT 3 352190070811 82 6420469012289603612
HIT 3 1529011109915 356 636217285611109601
HIT 3 1855428624411 432 14562134870945867541
HIT 3 352190136347 82 14335874738972835904
HIT 3 1529011175451 356 1572109524242019171
HIT 3 1855428689947 432 1976548896378468431
HIT 3 352190201883 82 14872848213972037046
HIT 3 1529011240987 356 7778239869982377420
HIT 3 1855428755483 432 12168772628868317975
HIT 3 352190267419 82 4292364516037834213
HIT 3 1529011306523 356 14087517664183916748
HIT 3 1855428821019 432 4990469005915785419
HIT 3 352190332955 82 10220877033874131681
HIT 3 1529011372059 356 4586728430462202719
HIT 3 1855428886555 432 9148406621190416290
HIT 3 352190398491 82 5326380727011412490
HIT 3 1529011437595 356 2004160727552715240
HIT 3 1855428952091 432 3105873080413523116
HIT 3 352190464027 82 14167000624063930056
HIT 3 1529011503131 356 15552052374472708920
HIT 3 1855429017627 432 6884097695655504592
HIT 3 352190529563 82 274638728259016660
HIT 3 1529011568667 356 15255114850535090868
HIT 3 1855429083163 432 8249172962461340986
HIT 3 352190595099 82 3853423691515510304
HIT 3 1529011634203 356 13143661233071269108
HIT 3 1855429148699 432 12387582395501889035
HIT 3 352190660635 82 15512717467239533161
HIT 3 1529011699739 356 14747884898521259652
HIT 3 1855429214235 432 8967053106368591081
HIT 3 352190726171 82 8883765378629188653
HIT 3 1529011765275 356 1785180383293888821
HIT 3 1855429279771 432 15726523227682792572
HIT 3 352190791707 82 10473686383764815125
HIT 3 1529011830811 356 14134032913762991892
HIT 3 1855429345307 432 7002218027562332236
HIT 3 352190857243 82 12530803460588568137
HIT 3 1529011896347 356 3567395680300248582
HIT 3 1855429410843 432 3353565828225336623
HIT 3 352190922779 82 861133079489080981
HIT 3 1529011961883 356 6906059724222821720
HIT 3 1855429476379 432 2382249339684526437
HIT 3 352190988315 82 4664336002041728300
HIT 3 1529012027419 356 2981737601774239058
HIT 3 1855429541915 432 4021040090431429551
HIT 3 352191053851 82 7295278325800986103
HIT 3 1529012092955 356 5233960435154245504
HIT 3 1855429607451 432 12894327692233632976
HIT 3 352191119387 82 15174399339925344488
HIT 3 1529012158491 356 8918719581257399018
HIT 3 1855429672987 432 16824175333864875419
HIT 3 352191184923 82 11938750276377636058
HIT 3 1529012224027 356 13448333466883845093
HIT 3 1855429738523 432 16473587497680997627
HIT 3 352191250459 82 16015364585495853352
HIT 3 1529012289563 356 6554325814249364441
HIT 3 1855429804059 432 2228071731118741844
HIT 3 352191315995 82 13382940131610954929
HIT 3 1529012355099 356 17691821991020110179
HIT 3 1855429869595 432 2720414534925895115
HIT 3 352191381531 82 9744782996584521328
HIT 3 1529012420635 356 2035672321921717094
HIT 3 1855429935131 432 3188170138425651560
HIT 3 352191447067 82 17809382971968742178
HIT 3 1529012486171 356 5915578344046409687
HIT 3 1855430000667 432 2678510179050721999
HIT 3 352191512603 82 11721777764825059787
HIT 3 1529012551707 356 8646725916622092070
HIT 3 1855430066203 432 2368734883949250308
HIT 3 352191578139 82 14964157729558008072
HIT 3 1529012617243 356 2387334695826117988
HIT 3 1855430131739 432 2272224963772360390
HIT 3 352191643675 82 11168924144071835737
HIT 3 1529012682779 356 315712960328565292
HIT 3 1855430197275 432 12883883688666614615
HIT 3 352191709211 82 15835205375853527676
HIT 3 1529012748315 356 15922632331931221472
HIT 3 1855430262811 432 18395092269685055693
HIT 3 352191774747 82 7764335333128689527
HIT 3 1529012813851 356 13624245444083767955
HIT 3 1855430328347 432 6956510821965351236
HIT 3 352191840283 82 1270007051701200335
HIT 3 1529012879387 356 5764300387368053699
HIT 3 1855430393883 432 17704377709922412559
HIT 3 352191905819 82 15225605161306386548
HIT 3 1529012944923 356 5501772861003874903
HIT 3 1855430459419 432 10976004908846260547
HIT 3 352191971355 82 11770233547675679424
HIT 3 1529013010459 356 3390965731655571089
HIT 3 1855430524955 432 123901719755240248
HIT 3 352192036891 82 6122368222613229422
HIT 3 1855449202712 432 8221717052859883913
HIT 3 1529013075995 356 17374804598685190679
HIT 3 1855430590491 432 4881867857935147039
HIT 3 352192102427 82 9390547571782770064
HIT 3 1529013141531 356 233604685194695508
HIT 3 1855430656027 432 16667003864571915348
HIT 3 352192167963 82 5845882199420653472
HIT 3 1529013207067 356 15988766140951966569
HIT 3 1855430721563 432 4591949380172631301
HIT 3 352192233499 82 1763293236360665065
HIT 3 1529013272603 356 6827421815406346819
HIT 3 1855430787099 432 17477612169511106782
HIT 3 352192299035 82 5534183377506214827
HIT 3 1529013338139 356 17511718766307139528
HIT 3 1855430852635 432 8863879537259305308
HIT 3 352192364571 82 11490284617249506408
HIT 3 1529013403675 356 13922615473206752475
HIT 3 1855449071641 432 7901954517630649744
HIT 3 1846859268121 430 14904875714054635149
HIT 3 1855449202713 432 3490516823422542638
HIT 3 1859744170009 433 1664606062576621211
HIT 3 1864039137305 434 898585609355598531
HIT 3 1537621688345 358 12088702163270078646
HIT 3 1855449268249 432 13987931736673734324
HIT 3 1855449333785 432 1110043047971353792
HIT 3 1855430918171 432 11725908523892299175
HIT 3 343602495515 80 12901127411960327349
HIT 3 352192430107 82 11090069676486580438
HIT 3 1529013469211 356 7198231314352336195
HIT 3 1855430983707 432 13817545052515514121
HIT 3 352192495643 82 12901127411960327349
HIT 3 1529013534747 356 2701987635832890957
HIT 3 1855431049243 432 17443165317517827021
HIT 3 352192561179 82 5502186982188041095
HIT 3 1520423665691 354 15378248738909155664
HIT 3 1529013600283 356 10922754007126099502
HIT 3 1533308567579 357 5531420013811319010
HIT 3 1537603534875 358 15728372905865964694
HIT 3 1846841180187 430 4266501681800110582
HIT 3 1855431114779 432 13421464812382026434
HIT 3 1859726082075 433 4546700227924781042
HIT 3 1864021049371 434 2887927510841038431
HIT 3 352192626715 82 11794599894034741943
HIT 3 360782561307 84 5502186982188041095
HIT 3 1529013665819 356 14299896119479187248
HIT 3 1855431180315 432 2246330852299472050
HIT 3 360782626843 84 7749962250491361845
HIT 3 365077594139 85 1197748780302141833
HIT 3 369372561435 86 10326951221040946257
HIT 3 373667528731 87 11146644398850999312
HIT 3 377962496027 88 4264854410749671095
HIT 3 382257463323 89 12558440843530313777
HIT 3 386552430619 90 5265557168513527931
HIT 3 390847397915 91 15760405740704990589
HIT 3 395142365211 92 1296085366367352024
HIT 3 399437332507 93 17271488723682304530
HIT 3 403732299803 94 1172445728062242306
HIT 3 408027267099 95 3769703608426922083
HIT 3 412322234395 96 10112850708278380135
HIT 3 416617201691 97 5018850849165095135
HIT 3 420912168987 98 2686166813488547350
HIT 3 425207136283 99 18412774398949408478
HIT 3 429502103579 100 8952323709874798846
HIT 3 433797070875 101 9742086032266004906
HIT 3 438092038171 102 4276884683247307307
HIT 3 442387005467 103 1628799380670627684
HIT 3 446681972763 104 6193059608399699728
HIT 3 450976940059 105 5995951710705960810
HIT 3 455271907355 106 9450844815965654330
HIT 3 459566874651 107 2219885857735716896
HIT 3 463861841947 108 2770028806116410395
HIT 3 468156809243 109 3889964468999663322
HIT 3 472451776539 110 11419520458092439149
HIT 3 476746743835 111 12135257444146940925
HIT 3 481041711131 112 11631866470633755887
HIT 3 485336678427 113 4355692476436728252
HIT 3 489631645723 114 8501080224861049580
HIT 3 493926613019 115 13914228135789671873
HIT 3 498221580315 116 417032990181501210
HIT 3 502516547611 117 16150695260148282428
HIT 3 506811514907 118 4695093423379992369
HIT 3 511106482203 119 1837480531017389323
HIT 3 515401449499 120 9301703373135715606
HIT 3 519696416795 121 17478983511050696355
HIT 3 523991384091 122 3201973750193186250
HIT 3 528286351387 123 9615227106170944761
HIT 3 532581318683 124 6943295240647413404
HIT 3 536876285979 125 1697098690353496919
HIT 3 541171253275 126 13166681521812556168
HIT 3 545466220571 127 18181409609711132261
HIT 3 549761187867 128 6103588041592452141
HIT 3 554056155163 129 469639801657032486
HIT 3 558351122459 130 2337438041308605260
HIT 3 562646089755 131 14944203240786585662
HIT 3 566941057051 132 10057903796223477355
HIT 3 571236024347 133 3954990008474997574
HIT 3 575530991643 134 10835184456201632749
HIT 3 579825958939 135 3218534321988140693
HIT 3 584120926235 136 8555927668981724739
HIT 3 588415893531 137 12177731861743328106
HIT 3 592710860827 138 8728019958773846816
HIT 3 597005828123 139 10086248514898170777
HIT 3 601300795419 140 6465247191081721566
HIT 3 605595762715 141 17006857166499536383
HIT 3 609890730011 142 11637032858231667658
HIT 3 614185697307 143 15712549638381321797
HIT 3 618480664603 144 5134448110856042330
HIT 3 622775631899 145 6919623282261192719
HIT 3 627070599195 146 11108797262085034190
HIT 3 631365566491 147 6398012498426175316
HIT 3 635660533787 148 2214752800301024857
HIT 3 639955501083 149 12398811913176738316
HIT 3 644250468379 150 11529125820575525601
HIT 3 648545435675 151 17178891529991556437
HIT 3 652840402971 152 17822341265415883586
HIT 3 657135370267 153 6473399071847922401
HIT 3 661430337563 154 15468728711107371955
HIT 3 665725304859 155 2993002380166909714
HIT 3 670020272155 156 2297412574055803591
HIT 3 674315239451 157 10393803647328602128
HIT 3 678610206747 158 7807618504351600087
HIT 3 682905174043 159 8063220092384554639
HIT 3 687200141339 160 13528299195587633832
HIT 3 691495108635 161 8520673094349670558
HIT 3 695790075931 162 10471945221752787532
HIT 3 700085043227 163 11645617938794239100
HIT 3 704380010523 164 7060755293859061006
HIT 3 708674977819 165 2736008057319047143
HIT 3 712969945115 166 15572197627738364540
HIT 3 717264912411 167 18373921896724373803
HIT 3 721559879707 168 11611779622231900371
HIT 3 725854847003 169 4831972830333335561
HIT 3 730149814299 170 505859014912110366
HIT 3 734444781595 171 10962698273198909963
HIT 3 738739748891 172 506587312055160957
HIT 3 743034716187 173 15543414877781840249
HIT 3 747329683483 174 14437147736002155287
HIT 3 751624650779 175 587639660967969055
HIT 3 755919618075 176 5827854219547886256
HIT 3 760214585371 177 667293443778187090
HIT 3 764509552667 178 5882183733364204831
HIT 3 768804519963 179 4071908172410226518
HIT 3 773099487259 180 15803417752131919099
HIT 3 777394454555 181 2753484223625501789
HIT 3 781689421851 182 15669172986447361428
HIT 3 785984389147 183 6360406632487286849
HIT 3 790279356443 184 11845603185724945452
HIT 3 794574323739 185 10440588309992581476
HIT 3 798869291035 186 12477489567852107496
HIT 3 803164258331 187 1274761689426451314
HIT 3 807459225627 188 7705666263235189825
HIT 3 811754192923 189 11330393324953060808
HIT 3 816049160219 190 13283762907087113019
HIT 3 820344127515 191 6793907063757757526
HIT 3 824639094811 192 165552042752053578
HIT 3 828934062107 193 5327032664644164473
HIT 3 833229029403 194 9656787076386428720
HIT 3 837523996699 195 4796593966512605641
HIT 3 841818963995 196 13894024362100932960
HIT 3 846113931291 197 5468714540669502586
HIT 3 850408898587 198 4631325882148396403
HIT 3 854703865883 199 7764107799626832431
HIT 3 858998833179 200 2972354854179376468
HIT 3 863293800475 201 13575379223785411862
HIT 3 867588767771 202 1465238737731272462
HIT 3 871883735067 203 11860831269284267797
HIT 3 876178702363 204 15676841482067855362
HIT 3 880473669659 205 4962459599943033596
HIT 3 884768636955 206 12199135662853290936
HIT 3 889063604251 207 11072119533367743249
HIT 3 893358571547 208 16575389325931353805
HIT 3 897653538843 209 14762142656605070303
HIT 3 901948506139 210 1793432416714651501
HIT 3 906243473435 211 12817213442490935114
HIT 3 910538440731 212 12902133585390694710
HIT 3 914833408027 213 17474838493309864495
HIT 3 919128375323 214 15220732288442161080
HIT 3 923423342619 215 17261218936302519994
HIT 3 927718309915 216 5869740624193255716
HIT 3 932013277211 217 10730124156488478848
HIT 3 936308244507 218 13054867579227031017
HIT 3 940603211803 219 12819565595600638944
HIT 3 944898179099 220 11270886896218342821
HIT 3 949193146395 221 15123982932046508073
HIT 3 953488113691 222 222001514484785533
HIT 3 957783080987 223 3429381844775423033
HIT 3 962078048283 224 8550998987173705877
HIT 3 966373015579 225 16379364098046646306
HIT 3 970667982875 226 18295520424432228775
HIT 3 974962950171 227 7065018468972921175
HIT 3 979257917467 228 12912783186878702280
HIT 3 983552884763 229 826372656991601074
HIT 3 987847852059 230 18346302154116036842
HIT 3 992142819355 231 14011720636473460986
HIT 3 996437786651 232 13781286292004884762
HIT 3 1000732753947 233 217242006086857068
HIT 3 1005027721243 234 2389406299749859902
HIT 3 1009322688539 235 2458679688255616480
HIT 3 1013617655835 236 10848764072066793465
HIT 3 1017912623131 237 12898467684941383128
HIT 3 1022207590427 238 16937364351306925336
HIT 3 1026502557723 239 10384388489112602358
HIT 3 1030797525019 240 9179767362021874277
HIT 3 1035092492315 241 2962873911454304167
HIT 3 1039387459611 242 13481954953196386061
HIT 3 1043682426907 243 2172957032724218784
HIT 3 1047977394203 244 13983875924290662221
HIT 3 1052272361499 245 11246687166955539496
HIT 3 1056567328795 246 15597471509205837712
HIT 3 1060862296091 247 15731556954265888630
HIT 3 1065157263387 248 9594092326829154963
HIT 3 1069452230683 249 7414316892660153454
HIT 3 1073747197979 250 8517387617536640308
HIT 3 1078042165275 251 4556597159607093525
HIT 3 1082337132571 252 16873922602593902447
HIT 3 1086632099867 253 4000462683692202594
HIT 3 1090927067163 254 11623042207386882402
HIT 3 1095222034459 255 3200499261576410683
HIT 3 1099517001755 256 12362120081918264234
HIT 3 1103811969051 257 15930323934073447149
HIT 3 1108106936347 258 5309287414306481321
HIT 3 1112401903643 259 9423864418502693600
HIT 3 1116696870939 260 8218863510871871509
HIT 3 1120991838235 261 14418720084672255949
HIT 3 1125286805531 262 10966180499174699702
HIT 3 1129581772827 263 16774524864543163453
HIT 3 1133876740123 264 2411693455450429273
HIT 3 1138171707419 265 9389829625748133955
HIT 3 1142466674715 266 8576245999871510317
HIT 3 1146761642011 267 170672348373433438
HIT 3 1151056609307 268 12938681819329080925
HIT 3 1155351576603 269 3563492306961919941
HIT 3 1159646543899 270 1281501324621209111
HIT 3 1163941511195 271 15415386425828817593
HIT 3 1168236478491 272 2079155055154827933
HIT 3 1172531445787 273 13589023672909314093
HIT 3 1176826413083 274 4847248486101687648
HIT 3 1181121380379 275 16445285976237884149
HIT 3 1185416347675 276 15979108125055095319
HIT 3 1189711314971 277 10666816184277025146
HIT 3 1194006282267 278 15560650686605297464
HIT 3 1198301249563 279 13139659453727168745
HIT 3 1202596216859 280 16690251958569359808
HIT 3 1206891184155 281 14219662695792994988
HIT 3 1211186151451 282 9483563478166468213
HIT 3 1215481118747 283 1185943214215706959
HIT 3 1219776086043 284 4956925473815180769
HIT 3 1224071053339 285 15278328215532489403
HIT 3 1228366020635 286 5748860015542393109
HIT 3 1232660987931 287 3720557600919465559
HIT 3 1236955955227 288 11660411344784105045
HIT 3 1241250922523 289 1916474732307321768
HIT 3 1245545889819 290 6952569332828548650
HIT 3 1249840857115 291 7924211704441679558
HIT 3 1254135824411 292 5682945746456757165
HIT 3 1258430791707 293 2978375628373223648
HIT 3 1262725759003 294 8674992876843799100
HIT 3 1267020726299 295 12412210007091782847
HIT 3 1271315693595 296 6643317211141430448
HIT 3 1275610660891 297 12859932309027673235
HIT 3 1279905628187 298 14030105415318542059
HIT 3 1284200595483 299 4933802532547603568
HIT 3 1288495562779 300 17128941142226381753
HIT 3 1292790530075 301 9900912533092563323
HIT 3 1297085497371 302 2964856181315878204
HIT 3 1301380464667 303 12075865543647772166
HIT 3 1305675431963 304 11991165611849949857
HIT 3 1309970399259 305 6624557320108207452
HIT 3 1314265366555 306 15902257889799836818
HIT 3 1318560333851 307 10171014978026069839
HIT 3 1322855301147 308 15543814349924057564
HIT 3 1327150268443 309 9815575909012936894
HIT 3 1331445235739 310 7021524559409190670
HIT 3 1335740203035 311 10762427752608564646
HIT 3 1340035170331 312 9736244182429516019
HIT 3 1344330137627 313 2343692557882200112
HIT 3 1348625104923 314 7804394641242082375
HIT 3 1352920072219 315 5080262289955768126
HIT 3 1357215039515 316 5930786514401916182
HIT 3 1361510006811 317 18137881942845946063
HIT 3 1365804974107 318 14351456815686896567
HIT 3 1370099941403 319 9373619468250157917
HIT 3 1374394908699 320 16977869740630104207
HIT 3 1378689875995 321 8315561252725061628
HIT 3 1382984843291 322 16563848435507336076
HIT 3 1387279810587 323 14328437537497386765
HIT 3 1391574777883 324 10357197686671784033
HIT 3 1395869745179 325 11721393507394736577
HIT 3 1400164712475 326 2616110107298346650
HIT 3 1404459679771 327 14051475193544889030
HIT 3 1408754647067 328 15593125897405881463
HIT 3 1413049614363 329 3005308485363715882
HIT 3 1417344581659 330 6254013483962660983
HIT 3 1421639548955 331 7515629050607536598
HIT 3 1425934516251 332 6338150053019995385
HIT 3 1430229483547 333 13226215301129564185
HIT 3 1434524450843 334 17802562103034118162
HIT 3 1438819418139 335 13617355935973543234
HIT 3 1443114385435 336 5754581724012305595
HIT 3 1447409352731 337 13813493385727411428
HIT 3 1451704320027 338 16787730208709429521
HIT 3 1455999287323 339 7358068157048696919
HIT 3 1460294254619 340 2319950775429795760
HIT 3 1464589221915 341 12023109976919646288
HIT 3 1468884189211 342 4885504492545805955
HIT 3 1473179156507 343 10352046189807455639
HIT 3 1477474123803 344 509525439623881294
HIT 3 1481769091099 345 588749965677968491
HIT 3 1486064058395 346 11912151518180314750
HIT 3 1490359025691 347 5909129855115931567
HIT 3 1494653992987 348 293374125210676827
HIT 3 1498948960283 349 2693754339934918024
HIT 3 1503243927579 350 3413633237188640553
HIT 3 1507538894875 351 14838421000315310634
HIT 3 1511833862171 352 14097227885672130769
HIT 3 1516128829467 353 15929801059848357656
HIT 3 1520423796763 354 14146600319028276163
HIT 3 1524718764059 355 11821795185127066414
HIT 3 1529013731355 356 8287454097152343927
HIT 3 1533308698651 357 4051006637287039346
HIT 3 1537603665947 358 9201758845438833480
HIT 3 1541898633243 359 5519871297542688120
HIT 3 1546193600539 360 2823277048775196395
HIT 3 1550488567835 361 361941654275510707
HIT 3 1554783535131 362 10282391068601152120
HIT 3 1559078502427 363 4666809550405457837
HIT 3 1563373469723 364 10044285475126804911
HIT 3 1567668437019 365 5069733685403380135
HIT 3 1571963404315 366 394404733981543361
HIT 3 1576258371611 367 7193049978436317117
HIT 3 1580553338907 368 4100422285879278892
HIT 3 1584848306203 369 10707304651337045282
HIT 3 1589143273499 370 9572126375008296556
HIT 3 1593438240795 371 12696142304513693062
HIT 3 1597733208091 372 1863552555686100481
HIT 3 1602028175387 373 16230005317420389179
HIT 3 1606323142683 374 14745058286447482734
HIT 3 1610618109979 375 4844836335743498152
HIT 3 1614913077275 376 11981146446291495941
HIT 3 1619208044571 377 9651205039868463938
HIT 3 1623503011867 378 3333034787618332785
HIT 3 1627797979163 379 9882109377166173414
HIT 3 1632092946459 380 8813786476787730997
HIT 3 1636387913755 381 1011424423905258464
HIT 3 1640682881051 382 15372313299069430230
HIT 3 1644977848347 383 4300174535138640978
HIT 3 1649272815643 384 17816090752359384208
HIT 3 1653567782939 385 11727211635803410711
HIT 3 1657862750235 386 7152265466494664290
HIT 3 1662157717531 387 3637104435392028123
HIT 3 1666452684827 388 17805348794653273521
HIT 3 1670747652123 389 58432308671262922
HIT 3 1675042619419 390 7552737493075981286
HIT 3 1679337586715 391 14476321020838408180
HIT 3 1683632554011 392 16538550840486101310
HIT 3 1687927521307 393 17125100759830699558
HIT 3 1692222488603 394 3004753610774948495
HIT 3 1696517455899 395 13331359335278921600
HIT 3 1700812423195 396 13201649199794273578
HIT 3 1705107390491 397 12923372343828526821
HIT 3 1709402357787 398 15129262943207339915
HIT 3 1713697325083 399 11907391960553217307
HIT 3 1717992292379 400 10803603306053542144
HIT 3 1722287259675 401 8770518398026203942
HIT 3 1726582226971 402 6594063759691448205
HIT 3 1730877194267 403 1338931811108487763
HIT 3 1735172161563 404 5611610883961730677
HIT 3 1739467128859 405 13437077711025301175
HIT 3 1743762096155 406 604921007471198659
HIT 3 1748057063451 407 5816926887148691072
HIT 3 1752352030747 408 7417198492013922009
HIT 3 1756646998043 409 13505896213543600499
HIT 3 1760941965339 410 17791450804692944686
HIT 3 1765236932635 411 6240249797361100579
HIT 3 1769531899931 412 12110270110986896931
HIT 3 1773826867227 413 14072580658262882046
HIT 3 1778121834523 414 6694938976294405698
HIT 3 1782416801819 415 12996669905391069844
HIT 3 1786711769115 416 17924244757647076665
HIT 3 1791006736411 417 16150897580996117146
HIT 3 1795301703707 418 17678100851320317279
HIT 3 1799596671003 419 13474227428630208132
HIT 3 1803891638299 420 7741263172099485547
HIT 3 1808186605595 421 17423264143955555967
HIT 3 1812481572891 422 1768693391926149671
HIT 3 1816776540187 423 6068837227172925271
HIT 3 1821071507483 424 13713581093272762143
HIT 3 1825366474779 425 7768801122685530097
HIT 3 1829661442075 426 8692525395655713507
HIT 3 1833956409371 427 7286471947010152629
HIT 3 1838251376667 428 985264765657953281
HIT 3 1842546343963 429 9076969588448707410
HIT 3 1846841311259 430 5296601034129294290
HIT 3 1851136278555 431 15599049295980401304
HIT 3 1855431245851 432 12022809262339611449
HIT 3 1859726213147 433 7252846705099454989
HIT 3 1864021180443 434 3754666346063141445
HIT 3 1868316147739 435 1466951131908101859
HIT 3 1872611115035 436 605443864286351614
HIT 3 1876906082331 437 2115302009421268662
HIT 3 1881201049627 438 8910019702898917030
HIT 3 1885496016923 439 57803741829440054
HIT 3 1889790984219 440 5357394050209870136
HIT 3 1894085951515 441 10433772609249757296
HIT 3 1898380918811 442 2776830580348857036
HIT 3 1902675886107 443 1771099828833640548
HIT 3 1906970853403 444 10784319861861118303
HIT 3 1911265820699 445 17245201939734190783
HIT 3 1915560787995 446 611056049178249991
HIT 3 1919855755291 447 3145098047907923617
HIT 3 1924150722587 448 7254536093890037486
HIT 3 1928445689883 449 3237694546052348174
HIT 3 1932740657179 450 3935305941388854381
HIT 3 1937035624475 451 791925662116021421
HIT 3 1941330591771 452 16855955547395600519
HIT 3 1945625559067 453 9334876523927540739
HIT 3 1949920526363 454 3426500006934052849
HIT 3 1954215493659 455 11435070900325523967
HIT 3 1958510460955 456 6455633004283908874
HIT 3 1962805428251 457 11409547349086406819
HIT 3 1967100395547 458 17084557306558074895
HIT 3 1971395362843 459 10130749005760525768
HIT 3 1975690330139 460 2118814162881231532
HIT 3 1979985297435 461 15411326719506167768
HIT 3 1984280264731 462 8700943513574804446
HIT 3 1988575232027 463 8704388408470571437
HIT 3 1992870199323 464 9262618934170011526
HIT 3 1997165166619 465 8758117020872230196
HIT 3 2001460133915 466 5592713892447405101
HIT 3 2005755101211 467 1502435798746410028
HIT 3 2010050068507 468 12502538000214897433
HIT 3 2014345035803 469 6494165685462051299
HIT 3 2018640003099 470 4639086237997590289
HIT 3 2022934970395 471 1462222192836443639
HIT 3 2027229937691 472 16112226039156568226
HIT 3 2031524904987 473 15866707627075942388
HIT 3 2035819872283 474 3201777716765890162
HIT 3 2040114839579 475 16577565933047038204
HIT 3 2044409806875 476 14868093530285104970
HIT 3 2048704774171 477 15010617744757501028
HIT 3 2052999741467 478 671023392884552601
HIT 3 2057294708763 479 4653008004042853693
HIT 3 2061589676059 480 8025459573393360087
HIT 3 2065884643355 481 14307638009498042003
HIT 3 2070179610651 482 8463058409909215792
HIT 3 2074474577947 483 10319382090274160731
HIT 3 2078769545243 484 15084416626450005359
HIT 3 2083064512539 485 17618685380158990746
HIT 3 2087359479835 486 11024857055401986403
HIT 3 2091654447131 487 14266790485176635674
HIT 3 2095949414427 488 9562248106900919922
HIT 3 2100244381723 489 14594429801611502749
HIT 3 2104539349019 490 17664397084970120534
HIT 3 2108834316315 491 3044204189933877286
HIT 3 2113129283611 492 7351788468883939903
HIT 3 2117424250907 493 2590885722506438370
HIT 3 2121719218203 494 15096140229341555144
HIT 3 2126014185499 495 10628324125226696170
HIT 3 2130309152795 496 6665070010183108706
HIT 3 2134604120091 497 18095368522305165640
HIT 3 2138899087387 498 2569467602761900617
HIT 3 2143194054683 499 13668547805359219267
HIT 3 2147489021979 500 11304744433783184770
HIT 3 2151783989275 501 1936487855034488823
HIT 3 2156078956571 502 8620670881246135160
HIT 3 2160373923867 503 12323587782769638271
HIT 3 2164668891163 504 3811251164660644416
HIT 3 2168963858459 505 2375703741005526419
HIT 3 2173258825755 506 14102875604886140487
HIT 3 2177553793051 507 6956890721535193539
HIT 3 2181848760347 508 7733769524417308191
HIT 3 2186143727643 509 6837151454945761629
HIT 3 2190438694939 510 11405364639590385194
HIT 3 2194733662235 511 4621853464528812864
HIT 3 360782692379 84 13119913483513968759
HIT 3 365077659675 85 11146644398850999312
HIT 3 369372626971 86 7749962250491361845
HIT 3 1520423862299 354 14043853446239117133
HIT 3 1529013796891 356 7250580578590939039
HIT 3 1533308764187 357 17123684279837703552
HIT 3 1537603731483 358 2554557144444419801
HIT 3 1846841376795 430 8216756894614885234
HIT 3 1855431311387 432 7469752330453794082
HIT 3 1859726278683 433 4426075117589006176
HIT 3 1864021245979 434 16958746552650085524
HIT 3 1520423927835 354 13018083185371202710
HIT 3 1529013862427 356 7768054320904163241
HIT 3 1533308829723 357 5051919173689477556
HIT 3 1537603797019 358 5040195958928343480
HIT 3 1846841442331 430 3890913476644176492
HIT 3 1855431376923 432 15996004502583919490
HIT 3 1859726344219 433 15792341783792239971
HIT 3 1864021311515 434 16368534340229982227
HIT 3 369372758043 86 17433813129285370683
HIT 3 1529013927963 356 14024470812734805038
HIT 3 1855431442459 432 11431785819559517103
HIT 3 1529013993499 356 1054907478346481303
HIT 3 1855431507995 432 6069332197692250923
HIT 3 1529014059035 356 9822571711616178332
HIT 3 1855431573531 432 7253481764156094003
HIT 3 1529014124571 356 3690801658259866680
HIT 3 1855431639067 432 4923379795890633387
HIT 3 1529014190107 356 33146257891805315
HIT 3 1855431704603 432 9231567162811187390
HIT 3 1529014255643 356 16752378432926115634
HIT 3 1855431770139 432 2709145623158218539
HIT 3 1529014321179 356 2023589921457130043
HIT 3 1855431835675 432 8909150530805956795
HIT 3 1529014386715 356 17644052501362126153
HIT 3 1855431901211 432 4984041389436817020
HIT 3 1529014452251 356 7378896012635534208
HIT 3 1864044183577 434 3677056375379832894
HIT 3 1855431966747 432 15999945981901850316
HIT 3 1529014517787 356 15645086670517242851
HIT 3 1855432032283 432 11976152462954017837
HIT 3 1529014583323 356 14089778758580578066
HIT 3 1855432097819 432 5244007398332502195
HIT 3 1529014648859 356 8526007512845231094
HIT 3 1855432163355 432 9891131109672011100
HIT 3 1529014714395 356 11113157757895657294
HIT 3 1855432228891 432 17853730084946381931
HIT 3 1529014779931 356 11717701084432787871
HIT 3 1855432294427 432 1550710113757635303
HIT 3 1529014845467 356 2874591168218259001
HIT 3 1855432359963 432 15737351271509891039
HIT 3 1529014911003 356 14262242242962311296
HIT 3 1855432425499 432 9649783762998685465
HIT 3 1529014976539 356 5240530369195458246
HIT 3 1855432491035 432 8818202224253336252
HIT 3 1529015042075 356 7037331075077015206
HIT 3 1855432556571 432 5557706152980498637
HIT 3 1529015107611 356 9299340890228620739
HIT 3 1855432622107 432 18078064276977301855
HIT 3 1529015173147 356 2529263746674172702
HIT 3 1855432687643 432 13358760345386996903
HIT 3 352189349916 82 11903276817955454794
HIT 3 1529010389020 356 8410312149410248886
HIT 3 1855427903516 432 10672926631535029376
HIT 3 1529015238683 356 3658403050303434144
HIT 3 1855432753179 432 15858397917081371246
HIT 3 1529015304219 356 11991413034176503160
HIT 3 1855432818715 432 3245550486711237369
HIT 3 1529015369755 356 13973441311581006341
HIT 3 1855432884251 432 8268992011554546623
HIT 3 1529015435291 356 14164365684701437094
HIT 3 1855432949787 432 9161637418054338748
HIT 3 1529015500827 356 3042092860853673084
HIT 3 1855433015323 432 9998907892279613387
HIT 3 1529015566363 356 3405021153671651765
HIT 3 1855433080859 432 15717904526416761405
HIT 3 1529015631899 356 17915018015885843486
HIT 3 1855433146395 432 10832514821909631214
HIT 3 1529015697435 356 7117100630531025880
HIT 3 1855433211931 432 12226999195760932200
HIT 3 1529015762971 356 7060260645850344950
HIT 3 1855433277467 432 7724723159606575039
HIT 3 1529015828507 356 13125888477084757044
HIT 3 1855433343003 432 2522015580959399912
HIT 3 1529015894043 356 12855636036255884097
HIT 3 1855433408539 432 10098722224475668438
HIT 3 1529015959579 356 4122446271212410065
HIT 3 1855433474075 432 12622753142599318009
HIT 3 1529016025115 356 11302904394288497331
HIT 3 1855433539611 432 10539042337184047455
HIT 3 1529016090651 356 13055139406117303589
HIT 3 1855433605147 432 274364782512796729
HIT 3 1529016156187 356 4164512580924441125
HIT 3 1855433670683 432 14317634362565366462
HIT 3 1529016221723 356 14288428130002281751
HIT 3 1855433736219 432 930145143429924697
HIT 3 1529016287259 356 16095671960645470345
HIT 3 1855433801755 432 16450872617480918498
HIT 3 1529016352795 356 6937411819729715248
HIT 3 1855433867291 432 10521196596883104193
HIT 3 1529016418331 356 11657085591169645531
HIT 3 1855433932827 432 12926465348900428825
HIT 3 1529016483867 356 11025393900223608691
HIT 3 1855433998363 432 2731959664036715074
HIT 3 1529016549403 356 722213705118296861
HIT 3 1855434063899 432 5797392475472484369
HIT 3 1529016614939 356 4158679368289815171
HIT 3 1855434129435 432 8109834686260685596
HIT 3 1529016680475 356 13833335692148831337
HIT 3 1855434194971 432 1404329845515184447
HIT 3 1529016746011 356 10702319584205136388
HIT 3 1855434260507 432 12063298841362248990
HIT 3 1529016811547 356 12126184164129152408
HIT 3 1855434326043 432 14273993040866363990
HIT 3 1529016877083 356 380891040909723354
HIT 3 1855434391579 432 14931488213627666161
HIT 3 1529016942619 356 13056669135196113428
HIT 3 1855434457115 432 2973285608373295074
HIT 3 1529017008155 356 6531448416023973059
HIT 3 1855434522651 432 7372979557250472096
HIT 3 1529017073691 356 17066188168965205032
HIT 3 1855434588187 432 6217737861574357960
HIT 3 1529017139227 356 9025174578914479748
HIT 3 1855434653723 432 9612402915675547502
HIT 3 1529017204763 356 15419741736850091475
HIT 3 1855434719259 432 4508877570908351375
HIT 3 1529017270299 356 8043790301259338504
HIT 3 1855434784795 432 16776090512839430039
HIT 3 1529017335835 356 5849868696312092403
HIT 3 1855434850331 432 12348789939449883330
HIT 3 1529017401371 356 10459434197552382894
HIT 3 1855434915867 432 8870632031283738395
HIT 3 1529017466907 356 16730186892865819304
HIT 3 1855434981403 432 1900440222214475190
HIT 3 1529017532443 356 5863184119486419423
HIT 3 1855435046939 432 2232714664009109402
HIT 3 1529017597979 356 2319973843044925757
HIT 3 1855435112475 432 16801725484640645214
HIT 3 1529017663515 356 2403651126071620873
HIT 3 1855435178011 432 17222080448284155747
HIT 3 1529017729051 356 9592779327212442174
HIT 3 1855435243547 432 2525068607154130678
HIT 3 1529017794587 356 1542255556794591098
HIT 3 1855435309083 432 17067109388442012256
HIT 3 1529017860123 356 11029289297899574989
HIT 3 1855435374619 432 7886557527909562185
HIT 3 1529017925659 356 4884256046687820951
HIT 3 1855435440155 432 7248742994745244478
HIT 3 1529017991195 356 13765715130384164350
HIT 3 1855435505691 432 1743082912180934120
HIT 3 1529018056731 356 7882286539554227597
HIT 3 1855435571227 432 14568768978223870831
HIT 3 1529018122267 356 13754804226201391173
HIT 3 1855435636763 432 15486638472084231267
HIT 3 1529018187803 356 16689505822549903666
HIT 3 1855435702299 432 13280388320827417045
HIT 3 1529018253339 356 350588328103825298
HIT 3 1855435767835 432 3999215456039367844
HIT 3 1529018318875 356 18307802765042147542
HIT 3 1855435833371 432 2571575814441600094
HIT 3 1529018384411 356 11783229864542709261
HIT 3 1855435898907 432 15310365419070810077
HIT 3 1529018449947 356 815504244430938050
HIT 3 1855435964443 432 10755220197830824376
HIT 3 1529018515483 356 7559176246699755673
HIT 3 1855436029979 432 7735911371212741268
HIT 3 1529018581019 356 14424809249240095415
HIT 3 1855436095515 432 13405203187494651081
HIT 3 1529018646555 356 543049329067889929
HIT 3 1855436161051 432 8401353458450603573
HIT 3 1529018712091 356 10965309011100026178
HIT 3 1855436226587 432 1404525981733714682
HIT 3 1529018777627 356 4348093909671196268
HIT 3 1855436292123 432 2508403379459406814
HIT 3 1529018843163 356 7392930221486914673
HIT 3 1855436357659 432 9786615164163684643
HIT 3 1529018908699 356 11962822740173368281
HIT 3 1855436423195 432 11158252621781600903
HIT 3 1529018974235 356 1631373759338848896
HIT 3 1855436488731 432 1837750455907252398
HIT 3 1529019039771 356 506223974752643
HIT 3 1855436554267 432 13979261222728515020
HIT 3 1529019105307 356 13180490123760334512
HIT 3 1855436619803 432 8035505507773275597
HIT 3 1529019170843 356 2799578910296093627
HIT 3 1855436685339 432 12514523186915726996
HIT 3 1529019236379 356 13803753155558740473
HIT 3 1855436750875 432 14925038856605478411
HIT 3 1529019301915 356 5828114809043022687
HIT 3 1855436816411 432 7914374766513585755
HIT 3 1529019367451 356 11773247348909696702
HIT 3 1855436881947 432 16866591416335817595
HIT 3 1529013600285 356 207646119227999017
HIT 3 1529019432987 356 2035242542528615375
HIT 3 1855431114781 432 8533210374795754814
HIT 3 1855436947483 432 726663248696083037
HIT 3 1529019498523 356 17356982238278924472
HIT 3 1855437013019 432 15469513621852449144
HIT 3 1529019564059 356 13504402852229303263
HIT 3 1855437078555 432 14942082474162275848
HIT 3 1520423796765 354 6500049005399277047
HIT 3 1529013731357 356 6657810574773272439
HIT 3 1533308698653 357 4775352038400853708
HIT 3 1537603665949 358 15905083213125260007
HIT 3 1846841311261 430 5339649882023768755
HIT 3 1855431245853 432 44875946158930438
HIT 3 1859726213149 433 2238639939485807626
HIT 3 1529019629595 356 4912985866872623796
HIT 3 1864021180445 434 9812771493012004550
HIT 3 1855437144091 432 10233762204389184030
HIT 3 360782692381 84 11903276817955454794
HIT 3 1529019695131 356 14520216571924427718
HIT 3 1855437209627 432 12877085041270899390
HIT 3 1529013796893 356 11754954082362851370
HIT 3 1855431311389 432 17375913552552228170
HIT 3 1529019760667 356 11887708432503113297
HIT 3 1855437275163 432 6230998275784500456
HIT 3 1529019826203 356 17505357110015986841
HIT 3 1855437340699 432 17117948969846240966
HIT 3 1529019891739 356 10511172042838905540
HIT 3 1855437406235 432 7988093212377796625
HIT 3 1529019957275 356 14061837078612968520
HIT 3 1855437471771 432 4755807249359281210
HIT 3 1529020022811 356 16258774952249326896
HIT 3 1529013862429 356 13446525350841389720
HIT 3 1855431376925 432 660489587765782990
HIT 3 1529013731356 356 203633931912530322
HIT 3 1855431245852 432 9237994929997005797
HIT 3 1855437537307 432 5064500036817580505
HIT 3 1529020088347 356 18151142835135529466
HIT 3 1855437602843 432 10212812963464295372
HIT 3 1529020153883 356 552241296267144652
HIT 3 1855437668379 432 17990620008120682810
HIT 3 1529020219419 356 10595885314711402944
HIT 3 1855437733915 432 10839682400196330612
HIT 3 1529020284955 356 8217323239757282105
HIT 3 1855437799451 432 4311545887368722851
HIT 3 1529020350491 356 1687312539635452908
HIT 3 1855437864987 432 10939161409603000862
HIT 3 1529020416027 356 14067779235444826331
HIT 3 1855437930523 432 9226571513037173272
HIT 3 1529020481563 356 11617550817941556612
HIT 3 1855437996059 432 6894812948321732849
HIT 3 1529020547099 356 1840614476640747888
HIT 3 1855438061595 432 17641982869551158504
HIT 3 1529020612635 356 4587753146423398481
HIT 3 1855438127131 432 14761428984496123089
HIT 3 1529020678171 356 6942966451290310267
HIT 3 1855438192667 432 18318102845932919876
HIT 3 1529020743707 356 5430129039554704543
HIT 3 1855438258203 432 4646435094254044949
HIT 3 1529020809243 356 13536669290571120396
HIT 3 1855438323739 432 9116992695178819780
HIT 3 1529020874779 356 2285522071637427139
HIT 3 1855438389275 432 18050040162091584547
HIT 3 1529020940315 356 11151147379394181166
HIT 3 1855438454811 432 12587808429757185738
HIT 3 1529021005851 356 1363583362098966365
HIT 3 1855438520347 432 16778013357873737618
HIT 3 1529021071387 356 7852857223908818990
HIT 3 1855438585883 432 3170799803333045101
HIT 3 1529021136923 356 3207914458469276808
HIT 3 1855438651419 432 5839015062800079755
HIT 3 1529021202459 356 1488927527574923928
HIT 3 1855438716955 432 8252281437439370715
HIT 3 1529021267995 356 18197192748667111092
HIT 3 1855438782491 432 11778953078057131016
HIT 3 1529021333531 356 2630366989069341572
HIT 3 1855438848027 432 15155361628476226158
HIT 3 1529021399067 356 3455146692139659964
HIT 3 1855438913563 432 4941581097434844134
HIT 3 1529021464603 356 17367414841798908699
HIT 3 1855438979099 432 12751219310034333101
HIT 3 1529021530139 356 12126054050690954534
HIT 3 1855439044635 432 1198175980865677658
HIT 3 1529021595675 356 11358563756349025661
HIT 3 1855439110171 432 16864511263778302247
HIT 3 1529021661211 356 16403996768652125305
HIT 3 1855439175707 432 5280032800748186889
HIT 3 1529021726747 356 8415412939312028361
HIT 3 1855439241243 432 6724701399610250116
HIT 3 1529021792283 356 11483987953082465105
HIT 3 1855439306779 432 819748061020341304
HIT 3 1529021857819 356 10266117064543101069
HIT 3 1855439372315 432 8639939788957577852
HIT 3 1529021923355 356 15511794945787714647
HIT 3 1855439437851 432 16963176131266580379
HIT 3 1529021988891 356 12280741873040363302
HIT 3 1855439503387 432 17549202954765711945
HIT 3 1529022054427 356 13270371401788245424
HIT 3 1855439568923 432 9334406220710285174
HIT 3 1855449071642 432 17604180267847843133
HIT 3 1529022119963 356 12379218984921959819
HIT 3 1855439634459 432 6079057744115930365
HIT 3 1529022185499 356 16470643720240178834
HIT 3 1855439699995 432 9421616640488188409
HIT 3 1529022251035 356 4279503987371655734
HIT 3 1855439765531 432 850664084409892938
HIT 3 1529022316571 356 11465679500890787698
HIT 3 1855439831067 432 2464541106092395191
HIT 3 1529022382107 356 2053963782035216197
HIT 3 1855439896603 432 6647242659101876579
HIT 3 1529022447643 356 1965800461512273364
HIT 3 1855439962139 432 12568980720727347559
HIT 3 1529022513179 356 17981144774316900502
HIT 3 1855440027675 432 17618158882518624329
HIT 3 1529022578715 356 6308351050731575356
HIT 3 1855440093211 432 5524347684512645130
HIT 3 1529022644251 356 12035137431445489623
HIT 3 1855440158747 432 14559023008055287315
HIT 3 1529022709787 356 12658675236028114680
HIT 3 1855440224283 432 3986591843044411492
HIT 3 1529022775323 356 14795702987345023596
HIT 3 1855440289819 432 8926326403010381999
HIT 3 1529022840859 356 9953377297106592618
HIT 3 1855440355355 432 11485606918104636629
HIT 3 1529022906395 356 7477715481737498068
HIT 3 1855440420891 432 18111104477265400840
HIT 3 1529022971931 356 13880794099832314672
HIT 3 1855440486427 432 7263177266264617419
HIT 3 1529023037467 356 4608000646606897976
HIT 3 1855440551963 432 17324248810929810213
HIT 3 1529023103003 356 14845700049640591658
HIT 3 1855440617499 432 1711276416478893290
HIT 3 1529023168539 356 8428304798599656383
HIT 3 1846859268122 430 16423715328379498769
HIT 3 1855449202714 432 7525821155198315046
HIT 3 1859744170010 433 12346451035879141852
HIT 3 1864039137306 434 6206692976471107450
HIT 3 1537621688346 358 12728161617660001433
HIT 3 1855449268250 432 6119202978010910865
HIT 3 1855449333786 432 17173772842546001973
HIT 3 1855440683035 432 17527262936505655288
HIT 3 1529023234075 356 8237422906174487516
HIT 3 1855440748571 432 16641491906796872772
HIT 3 1529023299611 356 5617428652501984562
HIT 3 1855440814107 432 17157972577863055180
HIT 3 1529023365147 356 6562361795471549079
HIT 3 1855440879643 432 7298137787766653325
HIT 3 1529023430683 356 16983812287982208653
HIT 3 1855440945179 432 1343524021104175528
HIT 3 1529023496219 356 16589090618614874334
HIT 3 1855441010715 432 9131720212316251991
HIT 3 1529023561755 356 11689135320499552624
HIT 3 1855441076251 432 17589966460194782347
HIT 3 1529023627291 356 16115832688953406199
HIT 3 1855441141787 432 11727464389974381617
HIT 3 1529023692827 356 8752879480535216449
HIT 3 1855441207323 432 6029075970014557524
HIT 3 1529023758363 356 16571544657507897331
HIT 3 1855441272859 432 5812017213247987913
HIT 3 1529023823899 356 17143844587730085050
HIT 3 1855441338395 432 12346593536982260847
HIT 3 1529023889435 356 16814548676952904046
HIT 3 1855441403931 432 10272359133897752369
HIT 3 1529023954971 356 10005919930083212391
HIT 3 1855441469467 432 16647069284878313364
HIT 3 1529024020507 356 7122787663205670024
HIT 3 1855441535003 432 10015873359426159087
HIT 3 1529024086043 356 1754907503349914112
HIT 3 1855441600539 432 8919681167141461074
HIT 3 1529024151579 356 1111275143601820281
HIT 3 1855441666075 432 6185931284251174879
HIT 3 1529024217115 356 9617437702776720246
HIT 3 1855441731611 432 10654703652709085391
HIT 3 1529024282651 356 345940443619893397
HIT 3 1855441797147 432 13279441675193642445
HIT 3 1529024348187 356 17511330775177592596
HIT 3 1855441862683 432 6863769502672674286
HIT 3 1864044183578 434 8968149458527017763
HIT 3 1529024413723 356 2974993343520361695
HIT 3 1855441928219 432 16605532613373939375
HIT 3 1529024479259 356 10340746458238032575
HIT 3 1855441993755 432 4767367646217582737
HIT 3 1529024544795 356 7655511976295475568
HIT 3 1855442059291 432 1358232684000731525
HIT 3 1529024610331 356 11293839816013290859
HIT 3 1855442124827 432 3234306445964175978
HIT 3 1529024675867 356 3462925694784176285
HIT 3 1855442190363 432 10364413051092754266
HIT 3 1529024741403 356 6443431363484498060
HIT 3 1855442255899 432 16092463768944458374
HIT 3 1529024806939 356 4609342051224663686
HIT 3 1855442321435 432 16732851270515928331
HIT 3 1529024872475 356 4893185558785609107
HIT 3 1855442386971 432 9510765267128813711
HIT 3 1529024938011 356 14882759223812408650
HIT 3 1855442452507 432 13182006605519284271
HIT 3 1529025003547 356 13063926764287607671
HIT 3 1855442518043 432 9722509575558318571
HIT 3 1529025069083 356 3178642710614052977
HIT 3 1855442583579 432 17347297432828274563
HIT 3 1529025134619 356 787280456447172275
HIT 3 1855442649115 432 17444789168369416311
HIT 3 1529025200155 356 17229908052898626645
HIT 3 1855442714651 432 18106654173550086025
HIT 3 1529025265691 356 6906596649720844355
HIT 3 1855442780187 432 17202870477422287733
HIT 3 1529025331227 356 9759723744249881562
HIT 3 1855442845723 432 7718555061452315253
HIT 3 1529025396763 356 9404693112568591142
HIT 3 1855442911259 432 11528979485164241978
HIT 3 1529025462299 356 11830586085097037702
HIT 3 1855442976795 432 6142715410787475837
HIT 3 1529025527835 356 13452453611147353923
HIT 3 1855443042331 432 3951654821852638876
HIT 3 1529025593371 356 7683930097638187660
HIT 3 1855443107867 432 16188956065474547930
HIT 3 1529025658907 356 3413480112366310757
HIT 3 1855443173403 432 9813312011886902670
HIT 3 1529025724443 356 16375952327508554342
HIT 3 1855443238939 432 15823407320913224830
HIT 3 1529025789979 356 12026659391656983685
HIT 3 1855443304475 432 9640121165661382692
HIT 3 1529025855515 356 3491090547924834346
HIT 3 1855443370011 432 9119068761952291631
HIT 3 1529025921051 356 1054804279927409902
HIT 3 1855443435547 432 7899466474717693855
HIT 3 1529025986587 356 10701932359388405461
HIT 3 1855443501083 432 1260083924661150462
HIT 3 1529026052123 356 7297985926510943526
HIT 3 1855443566619 432 4885409000275501900
HIT 3 1529026117659 356 6501398342098884031
HIT 3 1855443632155 432 17607525751386666104
HIT 3 1529026183195 356 682721714203700224
HIT 3 1855443697691 432 10310819156913683332
HIT 3 1529026248731 356 7577567232840331512
HIT 3 1855443763227 432 2527281593767074328
HIT 3 1529026314267 356 3471052546351990824
HIT 3 1855443828763 432 12617214897041479798
HIT 3 1529026379803 356 8615745192736309323
HIT 3 1855443894299 432 6860779650227554028
HIT 3 1529026445339 356 17645798640140352892
HIT 3 1855443959835 432 14955808532689689413
HIT 3 1529026510875 356 322617160604061553
HIT 3 1855444025371 432 4358526944850608433
HIT 3 1529026576411 356 9185239110378376534
HIT 3 1855444090907 432 17994932834634444684
HIT 3 1529026641947 356 11966803952997335812
HIT 3 1855444156443 432 13760591447561971194
HIT 3 1529026707483 356 3862811306638931608
HIT 3 1855444221979 432 14772945743143279382
HIT 3 1529026773019 356 6339887316536432904
HIT 3 1855444287515 432 7914115507168502860
HIT 3 1529026838555 356 17652162300695735344
HIT 3 1855444353051 432 12339120113665603967
HIT 3 1529026904091 356 17840223258606463275
HIT 3 1855444418587 432 9056727699560040685
HIT 3 1529026969627 356 8448301416205299345
HIT 3 1855444484123 432 15065334759012844430
HIT 3 1529027035163 356 4973102891372804622
HIT 3 1855444549659 432 6973779117993866539
HIT 3 1529027100699 356 1670586065444380511
HIT 3 1855444615195 432 12042748100185885287
HIT 3 1529027166235 356 6869853111009652932
HIT 3 1855444680731 432 9650397092245389929
HIT 3 1529027231771 356 18349945131325268828
HIT 3 1855444746267 432 11194163277802303355
HIT 3 1529027297307 356 1349311127599697705
HIT 3 1855444811803 432 11264185667735160387
HIT 3 1529027362843 356 1274025336513095811
HIT 3 1855444877339 432 2898771835604493708
HIT 3 1529027428379 356 5419089608610645035
HIT 3 1855444942875 432 5870671546132060177
HIT 3 1529027493915 356 4968419956645533137
HIT 3 1855445008411 432 4066057120693543427
HIT 3 1529027559451 356 4430441522510122783
HIT 3 1855445073947 432 4864355643777144856
HIT 3 1529027624987 356 18340316332041308290
HIT 3 1855445139483 432 5166846233768244078
HIT 3 1529027690523 356 11570174082821534337
HIT 3 1855445205019 432 15811685787001154578
HIT 3 1529027756059 356 6067286857159184492
HIT 3 1855445270555 432 18396518707128733091
HIT 3 1529027821595 356 9422419912210549892
HIT 3 1855445336091 432 14423298217948472133
HIT 3 1529027887131 356 2892242524363756183
HIT 3 1855445401627 432 10293824013414979480
HIT 3 1529027952667 356 7755618785865470537
HIT 3 1855445467163 432 4736655498715101496
HIT 3 1529028018203 356 5052337588481527973
HIT 3 1855445532699 432 12344274324507689616
HIT 3 1529028083739 356 958985912480216605
HIT 3 1855445598235 432 11760468169625219180
HIT 3 1529028149275 356 14640696369540172128
HIT 3 1855445663771 432 2514209750636346361
HIT 3 1529028214811 356 13209318283337377754
HIT 3 1855445729307 432 16489758014597049503
HIT 3 1529028280347 356 12913739444614302465
HIT 3 1855445794843 432 14434361583619143879
HIT 3 1529028345883 356 13832697129192569616
HIT 3 1855445860379 432 4130054272167209118
HIT 3 1529028411419 356 18038411868483074086
HIT 3 1855445925915 432 5248451428672483545
HIT 3 1529028476955 356 17470243650226269575
HIT 3 1855445991451 432 4200985210111122248
HIT 3 1529028542491 356 10860566572334327394
HIT 3 1855446056987 432 12618737991470947251
HIT 3 1529028608027 356 3587130914974274253
HIT 3 1855446122523 432 12325387604351060325
HIT 3 1529028673563 356 9604188221602548203
HIT 3 1855446188059 432 1193630883867280825
HIT 3 1529028739099 356 6346604387452972684
HIT 3 1855446253595 432 797837246638323296
HIT 3 1529028804635 356 4979852634123715137
HIT 3 1855446319131 432 8176491535655656924
HIT 3 1529028870171 356 4529589498858434548
HIT 3 1855446384667 432 12715383713249101550
HIT 3 1529028935707 356 13218912682385188846
HIT 3 1855446450203 432 2855242097406736022
HIT 3 1529029001243 356 16983640921706232979
HIT 3 1855446515739 432 4929514776500817712
HIT 3 1529029066779 356 4139644915551755143
HIT 3 1855446581275 432 10112870585503334012
HIT 3 1529029132315 356 4647787740849810413
HIT 3 1855446646811 432 7906857551473400146
HIT 3 1529029197851 356 11267815301747908908
HIT 3 1855446712347 432 919009489079464418
HIT 3 1529029263387 356 9359469273280925583
HIT 3 1855446777883 432 3002432815023372361
HIT 3 1529029328923 356 12003569455164211461
HIT 3 1855446843419 432 11166286212081452752
HIT 3 1529029394459 356 3678730875784266642
HIT 3 1855446908955 432 5904906123219585624
HIT 3 1529029459995 356 18008136675977125960
HIT 3 1855446974491 432 16625708451552437379
HIT 3 1529029525531 356 425689982031502608
HIT 3 1855447040027 432 13852736681345656982
HIT 3 1529029591067 356 16260852838000567795
HIT 3 1855447105563 432 14698439950628030051
HIT 3 1529029656603 356 9501691120984751651
HIT 3 1855447171099 432 1324533087859880200
HIT 3 1529029722139 356 8868793063722536042
HIT 3 1855447236635 432 6783513705562625733
HIT 3 1529029787675 356 10789343674133988597
HIT 3 1855447302171 432 8313284540011423015
HIT 3 1529029853211 356 10013316901180040636
HIT 3 1855447367707 432 2945313829907281952
HIT 3 1529029918747 356 15620005863783329353
HIT 3 1855447433243 432 544803372193450138
HIT 3 1529029984283 356 5987768824691123912
HIT 3 1855447498779 432 8075849580568633607
HIT 3 1529030049819 356 1421339597985589483
HIT 3 1855447564315 432 12620064591821285336
HIT 3 1529030115355 356 9574745153233368297
HIT 3 1855447629851 432 1957501086852805398
HIT 3 1529030180891 356 7653608485366783851
HIT 3 1855447695387 432 1858915309503489856
HIT 3 1529030246427 356 6687550623753030256
HIT 3 1855447760923 432 15291968135480726466
HIT 3 1529030311963 356 8781082946178039383
HIT 3 1855447826459 432 7943278325375994197
HIT 3 1529030377499 356 3561312762980541103
HIT 3 1855447891995 432 1372629756464854525
HIT 3 1529030443035 356 4542946956918479063
HIT 3 1855447957531 432 7362689199197908269
HIT 3 1529030508571 356 10689619213107817381
HIT 3 1855448023067 432 16809964263483630292
HIT 3 1529030574107 356 4030256158789438107
HIT 3 1855448088603 432 1175901393397350777
HIT 3 1529030639643 356 17033695375886573827
HIT 3 1855448154139 432 16009961233232303911
HIT 3 1529030705179 356 8557438063518200953
HIT 3 1855448219675 432 13930311748024501986
HIT 3 1529030770715 356 5819686783718573470
HIT 3 1855448285211 432 13847252935608301385
HIT 3 1529030836251 356 16026146386140242873
HIT 3 1855448350747 432 10049254025189469947
HIT 3 1529030901787 356 11056328941914801231
HIT 3 1529013731358 356 985973513476820373
HIT 3 1855431245854 432 6877741951346475018
HIT 3 1855448416283 432 5166921008621084020
HIT 3 1529030967323 356 16634058759272507828
HIT 3 1855448481819 432 8549994071529999465
HIT 3 1529031032859 356 2487426840504179404
HIT 3 1855448547355 432 5762416662532138696
HIT 3 1529031098395 356 9419149157667870878
HIT 3 1855448612891 432 6673361713235154386
HIT 3 1529031163931 356 8161657455431470818
HIT 3 1855448678427 432 5796506072952044124
HIT 3 1529031229467 356 18257413789137412203
HIT 3 1855448743963 432 14427747548660758423
HIT 3 1529031295003 356 14071400506225516753
HIT 3 1855448809499 432 8861729110884268471
HIT 3 1529031360539 356 956488517893780316
HIT 3 1855448875035 432 10627714948555092704
HIT 3 1520441491483 354 13697971764774731449
HIT 3 1529031426075 356 14687434524526871554
HIT 3 1855448940571 432 3991345476213306021
HIT 3 1529031491611 356 13697971764774731449
HIT 3 1855449006107 432 826673060164833827
HIT 3 1529031557147 356 10037952100649786267
HIT 3 1846859137051 430 15632462304476152227
HIT 3 1855449071643 432 9882180818110905828
HIT 3 1859744038939 433 226721920848432878
HIT 3 1864039006235 434 14625033124939402812
HIT 3 1529031622683 356 161566959192562570
HIT 3 1537621557275 358 10037952100649786267
HIT 3 1855449137179 432 2202993496589329034
HIT 3 1537621622811 358 907278191091393541
HIT 3 1541916590107 359 4261190777063073061
HIT 3 1546211557403 360 15564648941280078811
HIT 3 1550506524699 361 6632516153840450317
HIT 3 1554801491995 362 7793390233787107728
HIT 3 1559096459291 363 7209652866855266895
HIT 3 1563391426587 364 9730242238829946568
HIT 3 1567686393883 365 3323251214561146495
HIT 3 1571981361179 366 14393733774158529647
HIT 3 1576276328475 367 7303933417268473924
HIT 3 1580571295771 368 4981238442830622778
HIT 3 1584866263067 369 2992819410746139551
HIT 3 1589161230363 370 10470313851562079750
HIT 3 1593456197659 371 8101307401767986457
HIT 3 1597751164955 372 2779312399776675287
HIT 3 1602046132251 373 5852728529660854850
HIT 3 1606341099547 374 3068113419969104799
HIT 3 1610636066843 375 17790197178803479931
HIT 3 1614931034139 376 17856352190116865452
HIT 3 1619226001435 377 3380033750546274369
HIT 3 1623520968731 378 7967986479792804763
HIT 3 1627815936027 379 11480523313731067110
HIT 3 1632110903323 380 4191744356718284864
HIT 3 1636405870619 381 4387071184523129312
HIT 3 1640700837915 382 16501453118326348341
HIT 3 1644995805211 383 13977299286660233666
HIT 3 1649290772507 384 7281036103479527621
HIT 3 1653585739803 385 18239800343279518169
HIT 3 1657880707099 386 6107788269577825882
HIT 3 1662175674395 387 8516217996779674668
HIT 3 1666470641691 388 2847039167823012241
HIT 3 1670765608987 389 276957921490725257
HIT 3 1675060576283 390 16751401893557450764
HIT 3 1679355543579 391 13998947823395661942
HIT 3 1683650510875 392 16188200971473996608
HIT 3 1687945478171 393 6920091201050209047
HIT 3 1692240445467 394 12294943735069150937
HIT 3 1696535412763 395 882605208090343471
HIT 3 1700830380059 396 7440441007395448282
HIT 3 1705125347355 397 11491842702070932466
HIT 3 1709420314651 398 9627265645749144922
HIT 3 1713715281947 399 13360484850129167648
HIT 3 1718010249243 400 4244420556048886741
HIT 3 1722305216539 401 9730246804501428036
HIT 3 1726600183835 402 3282315451565890447
HIT 3 1730895151131 403 147958644507479843
HIT 3 1735190118427 404 8599478649562274024
HIT 3 1739485085723 405 9074806733889408186
HIT 3 1743780053019 406 7385531800542942624
HIT 3 1748075020315 407 15204277818284504354
HIT 3 1752369987611 408 9197775332376987610
HIT 3 1756664954907 409 14508636999096050393
HIT 3 1760959922203 410 6798920393899985343
HIT 3 1765254889499 411 8024964208872938218
HIT 3 1769549856795 412 14269048153000681651
HIT 3 1773844824091 413 4597610429433380619
HIT 3 1778139791387 414 2950849336828611108
HIT 3 1782434758683 415 18202943168723016643
HIT 3 1786729725979 416 433707084729283058
HIT 3 1791024693275 417 4129778355955871906
HIT 3 1795319660571 418 1933382676522428765
HIT 3 1799614627867 419 17008878678928550811
HIT 3 1803909595163 420 13197495365242903153
HIT 3 1808204562459 421 10209122100634338683
HIT 3 1812499529755 422 8702829863195459043
HIT 3 1816794497051 423 4155805411842403660
HIT 3 1821089464347 424 2305867030628535056
HIT 3 1825384431643 425 12521825356467174634
HIT 3 1829679398939 426 2220453228144552832
HIT 3 1833974366235 427 14952510758210641265
HIT 3 1838269333531 428 15594905474771775355
HIT 3 1842564300827 429 15989864757237405953
HIT 3 1846859268123 430 4865837894654704493
HIT 3 1851154235419 431 11608895341827290508
HIT 3 1855449202715 432 10796202419516549654
HIT 3 1859744170011 433 13858546415700546835
HIT 3 1864039137307 434 13902582366827544119
HIT 3 1868334104603 435 8464685248343276167
HIT 3 1872629071899 436 5736278408528174424
HIT 3 1876924039195 437 3765694457326044389
HIT 3 1881219006491 438 17270317083563291849
HIT 3 1885513973787 439 16386912177945069898
HIT 3 1889808941083 440 4715664471328525472
HIT 3 1894103908379 441 6860180302329804983
HIT 3 1898398875675 442 8508273639899145188
HIT 3 1902693842971 443 16419771299664107489
HIT 3 1906988810267 444 6756521271254676717
HIT 3 1911283777563 445 4449739022506382136
HIT 3 1915578744859 446 3043912654903991312
HIT 3 1919873712155 447 11834466627485038633
HIT 3 1924168679451 448 3535951734477799718
HIT 3 1928463646747 449 3909725582869413500
HIT 3 1932758614043 450 9744267966610235266
HIT 3 1937053581339 451 3612376210361277701
HIT 3 1941348548635 452 6249569576858264689
HIT 3 1945643515931 453 6609113908684957798
HIT 3 1949938483227 454 1956658002661103370
HIT 3 1954233450523 455 590178981749500666
HIT 3 1958528417819 456 6472684510964958642
HIT 3 1962823385115 457 7102264298804177370
HIT 3 1967118352411 458 11578444661904846766
HIT 3 1971413319707 459 12143056350659722634
HIT 3 1975708287003 460 356777417365204361
HIT 3 1980003254299 461 7579066456829550910
HIT 3 1984298221595 462 1186658629837355333
HIT 3 1988593188891 463 8936872437434232983
HIT 3 1992888156187 464 12756848949293487234
HIT 3 1997183123483 465 12896259321731503506
HIT 3 2001478090779 466 13831212269016472627
HIT 3 2005773058075 467 3032356153709530515
HIT 3 2010068025371 468 18208599413748287527
HIT 3 2014362992667 469 1434293254911647790
HIT 3 2018657959963 470 1449283575876193698
HIT 3 2022952927259 471 11560509373180905252
HIT 3 2027247894555 472 7711490816623571412
HIT 3 2031542861851 473 6349695703487956881
HIT 3 2035837829147 474 6178889905394041728
HIT 3 2040132796443 475 6994534014603385987
HIT 3 2044427763739 476 3924946913451369568
HIT 3 2048722731035 477 7995578762005308965
HIT 3 2053017698331 478 13316334206873855082
HIT 3 2057312665627 479 4624078977451631000
HIT 3 2061607632923 480 17919036087084063217
HIT 3 2065902600219 481 18318340771545980702
HIT 3 2070197567515 482 6365266389967125289
HIT 3 2074492534811 483 8247331240966549557
HIT 3 2078787502107 484 3646487938435187161
HIT 3 2083082469403 485 15749020411775445289
HIT 3 2087377436699 486 5552833376875321151
HIT 3 2091672403995 487 11531524081284910891
HIT 3 2095967371291 488 1406938323629614541
HIT 3 2100262338587 489 3791813143547809184
HIT 3 2104557305883 490 10171670101938799303
HIT 3 2108852273179 491 1443018355631227795
HIT 3 2113147240475 492 12335618423365242090
HIT 3 2117442207771 493 16515147871856436071
HIT 3 2121737175067 494 15293800536566464489
HIT 3 2126032142363 495 15390497293512512663
HIT 3 2130327109659 496 10934992607616721665
HIT 3 2134622076955 497 3501716401370627721
HIT 3 2138917044251 498 17724530518178254381
HIT 3 2143212011547 499 11822507305451024686
HIT 3 2147506978843 500 15231908271860674061
HIT 3 2151801946139 501 11187377078210454818
HIT 3 2156096913435 502 16728952209583939520
HIT 3 2160391880731 503 3949258390920830942
HIT 3 2164686848027 504 2967958665252644411
HIT 3 2168981815323 505 9175247765654193111
HIT 3 2173276782619 506 10099880190882933947
HIT 3 2177571749915 507 123354775104130834
HIT 3 2181866717211 508 3624743497126924106
HIT 3 2186161684507 509 16529890492328401696
HIT 3 2190456651803 510 10391175435377958472
HIT 3 2194751619099 511 893111838340485043
HIT 3 1537621688347 358 4302488312443280620
HIT 3 1541916655643 359 6632516153840450317
HIT 3 1546211622939 360 907278191091393541
HIT 3 1846859333659 430 3430771516428309443
HIT 3 1855449268251 432 7011009126386713861
HIT 3 1859744235547 433 133635024867070827
HIT 3 1864039202843 434 3889327444081942002
HIT 3 1846859399195 430 7681518577666263146
HIT 3 1855449333787 432 13319475326873097024
HIT 3 1859744301083 433 6203346841574357658
HIT 3 1864039268379 434 10444502980253156218
HIT 3 1546211754011 360 17831462804303371903
HIT 3 1855449399323 432 1945062402580401285
HIT 3 1855449464859 432 18135325519279207286
HIT 3 1855449530395 432 1396479611242942213
HIT 3 1855449595931 432 11486302333328619483
HIT 3 1855449661467 432 1011575876234809944
HIT 3 1855449727003 432 6533265400290927431
HIT 3 1855449792539 432 13360075220322386289
HIT 3 1855449858075 432 5899012801964321723
HIT 3 1855449923611 432 10525851221596694222
HIT 3 1855449989147 432 1848523763819582859
HIT 3 1855450054683 432 15293616157044970644
HIT 3 1855450120219 432 10063424792091597952
HIT 3 1855450185755 432 14970767272386170888
HIT 3 1855450251291 432 18041175595041053692
HIT 3 1855450316827 432 14627475276018948846
HIT 3 1855450382363 432 7743881755085350876
HIT 3 1855450447899 432 14341873541422304646
HIT 3 1855450513435 432 11473259826656720145
HIT 3 1855450578971 432 10891809559669526786
HIT 3 1855450644507 432 15140014015264760262
HIT 3 1855450710043 432 7742776676054643580
HIT 3 1855450775579 432 11841969087535501383
HIT 3 1855450841115 432 14511234271494056111
HIT 3 1855450906651 432 5494866634108344219
HIT 3 1855450972187 432 7764256474603221826
HIT 3 1855451037723 432 16617238960211738691
HIT 3 1855451103259 432 15589950683980136814
HIT 3 1855451168795 432 15266154410092104003
HIT 3 1855451234331 432 11750982688438062153
HIT 3 1855451299867 432 5648565630450124013
HIT 3 1855451365403 432 6486006723152139726
HIT 3 1855451430939 432 14165090422230425806
HIT 3 1855451496475 432 4756190721004981469
HIT 3 1855451562011 432 16485244982711449403
HIT 3 1855451627547 432 8855435919173976298
HIT 3 1855451693083 432 8129041680722097960
HIT 3 1855451758619 432 1683857750322185333
HIT 3 1855451824155 432 3072000701128394643
HIT 3 1855451889691 432 2975816233480475763
HIT 3 1855451955227 432 16544030800936441648
HIT 3 1855452020763 432 10457932660572483590
HIT 3 1855452086299 432 368732723293427937
HIT 3 1855452151835 432 7897755493779905990
HIT 3 1855452217371 432 10970367783332855143
HIT 3 1855452282907 432 7453521251260549113
HIT 3 1855452348443 432 11900933147408089068
HIT 3 1855452413979 432 13595667802316931354
HIT 3 1855452479515 432 1449188949700114349
HIT 3 1855452545051 432 3607240292411677308
HIT 3 1855452610587 432 9531071678560279975
HIT 3 1855452676123 432 1159767855535200694
HIT 3 1855452741659 432 17971075938688431961
HIT 3 1855452807195 432 10182967839786679946
HIT 3 1855452872731 432 939556046691843701
HIT 3 1855452938267 432 6593361518474612481
HIT 3 1855453003803 432 14521393334369427526
HIT 3 1855453069339 432 2228613340897721658
HIT 3 1855453134875 432 10414803710291343473
HIT 3 1855453200411 432 18192850020707909017
HIT 3 1855453265947 432 16077987954129828294
HIT 3 1855453331483 432 6519815788785013451
HIT 3 1855453397019 432 17531148491739251915
HIT 3 1855453462555 432 15736267130455505125
HIT 3 1855453528091 432 7042973219262233999
HIT 3 1855453593627 432 2869597101787925016
HIT 3 1855453659163 432 15353040184482345864
HIT 3 1855453724699 432 486883811930273855
HIT 3 1855453790235 432 1126201365644498238
HIT 3 1855453855771 432 4169973317662379099
HIT 3 1846863986715 430 17723364430997877071
HIT 3 1855453921307 432 14819251218013469155
HIT 3 1855453986843 432 17723364430997877071
HIT 3 1855454052379 432 2014034904411720859
HIT 3 1855454117915 432 8188649728695018477
HIT 3 1864044052507 434 2014034904411720859
HIT 3 1864044118043 434 12422439781469531184
HIT 3 1868339085339 435 14815985314102077780
HIT 3 1872634052635 436 14616852177203634595
HIT 3 1876929019931 437 9454387048223209074
HIT 3 1881223987227 438 8297757884701138181
HIT 3 1885518954523 439 9529612157981628077
HIT 3 1889813921819 440 15671393251203543025
HIT 3 1894108889115 441 1812207271718234623
HIT 3 1898403856411 442 7799605553746687787
HIT 3 1902698823707 443 18383743631609012093
HIT 3 1906993791003 444 15568541188706388033
HIT 3 1911288758299 445 11497203094627898275
HIT 3 1915583725595 446 6869016651540545117
HIT 3 1919878692891 447 8911170412630180483
HIT 3 1924173660187 448 6897250977317075750
HIT 3 1928468627483 449 1408393773486010729
HIT 3 1932763594779 450 10747373027808845864
HIT 3 1937058562075 451 5527754330042092169
HIT 3 1941353529371 452 12909293949935184625
HIT 3 1945648496667 453 6332451174101631613
HIT 3 1949943463963 454 12544892312250537426
HIT 3 1954238431259 455 5062390338316885030
HIT 3 1958533398555 456 2856383956770688735
HIT 3 1962828365851 457 2077329067434859930
HIT 3 1967123333147 458 9959948567589330064
HIT 3 1971418300443 459 4632270280849751986
HIT 3 1975713267739 460 10751108043750526652
HIT 3 1980008235035 461 9385884341257818048
HIT 3 1984303202331 462 1069135047330056653
HIT 3 1988598169627 463 10371596055768801361
HIT 3 1992893136923 464 3043545947838483627
HIT 3 1997188104219 465 13447721032566617145
HIT 3 2001483071515 466 16968696062610255951
HIT 3 2005778038811 467 832445333503612240
HIT 3 2010073006107 468 332519545800037204
HIT 3 2014367973403 469 6081214725168472569
HIT 3 2018662940699 470 14494105648436280124
HIT 3 2022957907995 471 13099038100951842194
HIT 3 2027252875291 472 15709186676127224352
HIT 3 2031547842587 473 1591489870846472206
HIT 3 2035842809883 474 14542243776030901825
HIT 3 2040137777179 475 9932098711719995271
HIT 3 2044432744475 476 8701244348206766069
HIT 3 2048727711771 477 772675765677115611
HIT 3 2053022679067 478 17250350406474666005
HIT 3 2057317646363 479 9397019337469105550
HIT 3 2061612613659 480 4064112947423099734
HIT 3 2065907580955 481 7122490650225017147
HIT 3 2070202548251 482 2304578964046654003
HIT 3 2074497515547 483 8791090598598161011
HIT 3 2078792482843 484 1204548989949174244
HIT 3 2083087450139 485 2737450422435038655
HIT 3 2087382417435 486 13928361078297537266
HIT 3 2091677384731 487 16431102907495075908
HIT 3 2095972352027 488 6561500690561414864
HIT 3 2100267319323 489 7368721928393454012
HIT 3 2104562286619 490 7155411200114305641
HIT 3 2108857253915 491 5453843757185695845
HIT 3 2113152221211 492 5882636238926062410
HIT 3 2117447188507 493 14595865800455682
HIT 3 2121742155803 494 9838663363678144108
HIT 3 2126037123099 495 4846685794087384066
HIT 3 2130332090395 496 9044679743690856433
HIT 3 2134627057691 497 12808903026356108138
HIT 3 2138922024987 498 18036002449715970818
HIT 3 2143216992283 499 15193929687485264565
HIT 3 2147511959579 500 12051443475957677438
HIT 3 2151806926875 501 15360068302383018868
HIT 3 2156101894171 502 10760046104783818114
HIT 3 2160396861467 503 18339144575364843015
HIT 3 2164691828763 504 15108874473174355446
HIT 3 2168986796059 505 5499288201571973048
HIT 3 2173281763355 506 12026268268431465212
HIT 3 2177576730651 507 13935367839445914142
HIT 3 2181871697947 508 13799203668261417137
HIT 3 2186166665243 509 103011417886518986
HIT 3 2190461632539 510 17580192873929471363
HIT 3 2194756599835 511 1138158132710999724
HIT 3 1864044183579 434 7666545345819014630
HIT 3 1868339150875 435 9454387048223209074
HIT 3 1872634118171 436 12422439781469531184
HIT 3 1872634249243 436 12189798077744774847
HIT 3 1529013731359 356 18425933377794528795
HIT 3 1855431245855 432 1332584573886077556
HIT 3 1855449202716 432 16567285238319443692
HIT 3 1855449071645 432 18388181027631682788
HIT 3 1846859268125 430 2430029469810383245
HIT 3 1855449202717 432 2176038869692208989
HIT 3 1859744170013 433 6103596338371115398
HIT 3 1864039137309 434 15046408363730002077
HIT 3 1537621688349 358 8410312149410248886
HIT 3 1855449268253 432 8433389059535357740
HIT 3 1855449333789 432 9954155721274078842
HIT 3 1864044183581 434 10672926631535029376
HIT 3 1529013731360 356 16540975859867604518
HIT 3 1855431245856 432 12231451546085785432
HIT 3 1855449202718 432 3019876436819969229
HIT 3 1529013731361 356 16619911338464645773
HIT 3 1855431245857 432 13627797430161269901
HIT 3 1529013731362 356 9567905120003595130
HIT 3 1855431245858 432 8405887499348034794
HIT 3 1855449202719 432 1157789667161900199
HIT 3 1529013731363 356 6045896406325754631
HIT 3 1855431245859 432 5932084444188611673
HIT 3 1855449202720 432 6090310768193826186
HIT 3 1855449202721 432 6880556815982887699
HIT 3 1855449202722 432 14209692281298719383
HIT 3 1529013731364 356 17223563848771428179
HIT 3 1855431245860 432 9097250888582816436
HIT 3 1529013731365 356 12859400562407486897
HIT 3 1855431245861 432 9061363682026312266
HIT 3 1529013731366 356 8969074502891574773
HIT 3 1855431245862 432 473259832541323853
HIT 3 1855449202723 432 9932895947741745984
HIT 3 1529013731367 356 18083183283876905569
HIT 3 1855431245863 432 16988788623317642881
HIT 3 1855449202726 432 5948038155237226830
HIT 3 1855449202724 432 16209751559996006370
HIT 3 1855449202725 432 14499693183796189437
HIT 3 1529013731368 356 8074245611222317377
HIT 3 1855431245864 432 15867534382388921158
HIT 3 1529013731369 356 423900737793662939
HIT 3 1855431245865 432 9801520813088231615
HIT 3 1529013731370 356 17721611660044293478
HIT 3 1855431245866 432 12054785640314278154
HIT 3 1855449202727 432 11459757208647744235
HIT 3 1529013731371 356 9123307181562352184
HIT 3 1855431245867 432 4228893411660844776
HIT 3 1855449202728 432 17943017525453414056
HIT 3 1855449202730 432 13127760880446731007
HIT 3 1855449202729 432 204134607614090870
HIT 3 1529013731372 356 2192337550579917452
HIT 3 1855431245868 432 12071948867294186401
HIT 3 1529013731373 356 3955573690361718205
HIT 3 1855431245869 432 9798833617812571667
HIT 3 1529013731374 356 11867684820453867389
HIT 3 1855431245870 432 13509696692559135160
HIT 3 1855449202731 432 14739628094159878244
HIT 3 1529013731375 356 10194423456949656695
HIT 3 1855431245871 432 15728538391679988066
HIT 3 1855449202732 432 1367205312048432467
HIT 3 1855449202733 432 15547449337720710705
HIT 3 1855449202734 432 13521691858857244174
HIT 3 1529013731376 356 9371866497774005260
HIT 3 1855431245872 432 1404074407304920255
HIT 3 1529013731377 356 13146675152921707294
HIT 3 1855431245873 432 10195070317784463692
HIT 3 1529013731378 356 11675788850051855380
HIT 3 1855431245874 432 51600337757272412
HIT 3 1855449202735 432 12639402557178608584
HIT 3 1529013731379 356 5184038742704734151
HIT 3 1855431245875 432 3854431681888196445
HIT 3 1855449202736 432 8585967302966223319
HIT 3 1855449202737 432 3518822686754252802
HIT 3 1855449202738 432 11908174206964364848
HIT 3 1529013731380 356 4952060213886777331
HIT 3 1855431245876 432 11271422127199782052
HIT 3 1529013731381 356 17119524763561192923
HIT 3 1855431245877 432 10063475956527315898
HIT 3 1529013731382 356 13897496659013102235
HIT 3 1855431245878 432 9113674086266142577
HIT 3 1855449202739 432 16612413153501352009
HIT 3 1529013731383 356 10661796618997238055
HIT 3 1855431245879 432 15614253114590067280
HIT 3 1855449202740 432 6604802907550852240
HIT 3 1855449202741 432 14592846028935802419
HIT 3 1529013731384 356 6974579885838029833
HIT 3 1855431245880 432 5357598948658893344
HIT 3 1855449202742 432 7666329825061455851
HIT 3 1529013731385 356 17191885878875567768
HIT 3 1855431245881 432 9986521665965437820
HIT 3 1529013731386 356 12065617418369841582
HIT 3 1855431245882 432 3254276795434516978
HIT 3 1855449202743 432 15544480896812557963
HIT 3 1529013731387 356 11097684756497606614
HIT 3 1855431245883 432 14006278198196263524
HIT 3 1855449202744 432 3917429871610871181
HIT 3 1855449202747 432 12532971424634349798
HIT 3 1855449202745 432 3455026986339815697
HIT 3 1529013731388 356 14360653815211432940
HIT 3 1855431245884 432 9720538223352047554
HIT 3 1529013731389 356 8322418942430937309
HIT 3 1855431245885 432 14852830104512269618
HIT 3 1855449202746 432 16885064448576530886
HIT 3 1529013731390 356 4413308544994152989
HIT 3 1855431245886 432 13099358616917053480
HIT 3 1529013731391 356 7317256340084607472
HIT 3 1855431245887 432 13074040297147271559
HIT 3 1855449202748 432 3714928525137224118
HIT 3 1855449202749 432 4304695271469081518
HIT 3 1529013731392 356 3555469375141181562
HIT 3 1855431245888 432 9496504833435574114
HIT 3 1855449202750 432 16708592719938761751
HIT 3 1529013731393 356 11930358209617411688
HIT 3 1855431245889 432 12090634667920601399
HIT 3 1529013731394 356 7992626659001687266
HIT 3 1855431245890 432 15713928428058012652
HIT 3 1855449202751 432 6563031341319106527
HIT 3 1529013731395 356 3274053257977973774
HIT 3 1855431245891 432 12830989588980091716
HIT 3 1855449202752 432 9867364297198881506
HIT 3 1529013731396 356 6280123186756709121
HIT 3 1855431245892 432 10283058288312225825
HIT 3 1855449202753 432 9389458003138196765
HIT 3 1529013731397 356 10729239738907691563
HIT 3 1855431245893 432 5920416127665142195
HIT 3 1855449202754 432 16763198125189078827
HIT 3 1529013731398 356 2513708306807293525
HIT 3 1855431245894 432 12235713846912436260
HIT 3 1855449202755 432 17101339996551701203
HIT 3 1855449202756 432 6011565858318335015
HIT 3 1529013731399 356 4394580883626719696
HIT 3 1855431245895 432 13412035333192168749
HIT 3 1529013731400 356 4788566769157782897
HIT 3 1855431245896 432 1417052644279998517
HIT 3 1855449202757 432 1711723638849214991
HIT 3 1529013731401 356 13011505488209063098
HIT 3 1855431245897 432 8835748705222437414
HIT 3 1855449202758 432 4666246803555816635
HIT 3 1855449202759 432 2538897841754871981
HIT 3 1855449202760 432 10826908749641356221
HIT 3 1529013731402 356 9986975923805556538
HIT 3 1855431245898 432 7332198099885587027
HIT 3 1529013731403 356 18209990856117614298
HIT 3 1855431245899 432 17947735316483836831
HIT 3 1529013731404 356 11278675345013735779
HIT 3 1855431245900 432 15740686736630101274
HIT 3 1855449202761 432 14171481061847586035
HIT 3 1529013731405 356 4372751824155600660
HIT 3 1855431245901 432 6328618776141410582
HIT 3 1855449202764 432 4625896002151035771
HIT 3 1855449202762 432 14400637958769021297
HIT 3 1529013600334 356 14584470800169602013
HIT 3 1855431114830 432 10087652480552776825
HIT 3 1529013731406 356 578735646173118329
HIT 3 1855431245902 432 15284397283353909410
HIT 3 1855449202765 432 757727589197330251
HIT 3 1529013731407 356 14584470800169602013
HIT 3 1855431245903 432 10087652480552776825
HIT 3 1855449202763 432 9054331191211409981
HIT 3 1529013731408 356 4414237623953896924
HIT 3 1855431245904 432 8136122416240644106
HIT 3 1529013731409 356 13810867214050253742
HIT 3 1855431245905 432 14578653345705601123
HIT 3 1529013862481 356 4414237623953896924
HIT 3 1855431376977 432 8136122416240644106
HIT 3 1855449202766 432 12266264238170176362
HIT 3 1529013862482 356 18118628024055269377
HIT 3 1855431376978 432 13663718710984329931
HIT 3 1529013928018 356 4337489141204950012
HIT 3 1855431442514 432 14511205767192339280
HIT 3 1529013993554 356 9087458492389938175
HIT 3 1855431508050 432 4669980398240965543
HIT 3 1529014059090 356 2705232603625367086
HIT 3 1855431573586 432 9489610539521632812
HIT 3 1529014124626 356 10948841969975629014
HIT 3 1855431639122 432 11075468424027815377
HIT 3 1529014190162 356 15115663501034520776
HIT 3 1855431704658 432 7469177043514524769
HIT 3 1529014255698 356 9644080572593312454
HIT 3 1855431770194 432 10860646433593073255
HIT 3 1529014321234 356 12612865581882768968
HIT 3 1855431835730 432 7168741791348204619
HIT 3 1529014386770 356 10132321505939325789
HIT 3 1855431901266 432 1644440489362557028
HIT 3 1529014452306 356 8355066411957026036
HIT 3 1855431966802 432 12419578081782450465
HIT 3 1529014517842 356 10874247660797109590
HIT 3 1855432032338 432 18140108133289299315
HIT 3 1529014583378 356 9093144217893432365
HIT 3 1855432097874 432 7599596809104545345
HIT 3 1529014648914 356 12227989083265845556
HIT 3 1855432163410 432 11713646149231584672
HIT 3 1529014714450 356 10311237770924743077
HIT 3 1855432228946 432 12045852075387165534
HIT 3 1529014779986 356 13240257608235974445
HIT 3 1855432294482 432 1792207988969441680
HIT 3 1529014845522 356 7324133245077526648
HIT 3 1855432360018 432 542905839080729808
HIT 3 1529014911058 356 7763727734035751010
HIT 3 1855432425554 432 5587932833798484985
HIT 3 1529014976594 356 4864196293490090487
HIT 3 1855432491090 432 6410045855754610946
HIT 3 1855449071696 432 17230724719893152330
HIT 3 1846859268176 430 15987991321249785736
HIT 3 1855449202768 432 9633358981350085692
HIT 3 1859744170064 433 13014982324230516502
HIT 3 1864039137360 434 1833866431477329455
HIT 3 1537621688400 358 13810867214050253742
HIT 3 1855449268304 432 16702572045679434348
HIT 3 1855449333840 432 8233102335131021781
HIT 3 1855449202767 432 7973714156622512393
HIT 3 1529015042130 356 3490372344984818971
HIT 3 1855432556626 432 11766837597696133862
HIT 3 1529015107666 356 12497279464259050753
HIT 3 1855432622162 432 17671089785191873711
HIT 3 1529015173202 356 12481991078083169779
HIT 3 1855432687698 432 13080142734930757675
HIT 3 1529015238738 356 14692301853440992971
HIT 3 1855432753234 432 15086046829748794946
HIT 3 1529015304274 356 1212110637800241433
HIT 3 1855432818770 432 2644640851065877904
HIT 3 1529015369810 356 18441016006878792419
HIT 3 1855432884306 432 2470750623693592367
HIT 3 1529015435346 356 10502723899774669135
HIT 3 1855432949842 432 1354404244874566364
HIT 3 1529015500882 356 3085469844167865668
HIT 3 1855433015378 432 1327191202509338000
HIT 3 1529015566418 356 16016954004994511592
HIT 3 1855433080914 432 1773457775670418758
HIT 3 1529015631954 356 15276756426905915185
HIT 3 1855433146450 432 8238800083403543115
HIT 3 1529015697490 356 5839321192349393069
HIT 3 1855433211986 432 7742484125599165241
HIT 3 1529015763026 356 3992370117342442667
HIT 3 1855433277522 432 8516493670243695376
HIT 3 1529015828562 356 6602687756128467592
HIT 3 1855433343058 432 17090393254956423775
HIT 3 1529015894098 356 14878474529160721424
HIT 3 1855433408594 432 703099720711145397
HIT 3 1529015959634 356 10207048803439980815
HIT 3 1855433474130 432 2052138748700083267
HIT 3 1529016025170 356 13172047002779565217
HIT 3 1855433539666 432 17259997049803042190
HIT 3 1864044183632 434 14578653345705601123
HIT 3 1529016090706 356 6395578768703283729
HIT 3 1855433605202 432 11595731995802262658
HIT 3 1529016156242 356 6453644630161429204
HIT 3 1855433670738 432 8095249655872643039
HIT 3 1529016221778 356 3435209145728621843
HIT 3 1855433736274 432 4820779298680271760
HIT 3 1529016287314 356 5736968563530032307
HIT 3 1855433801810 432 9359611080295770038
HIT 3 1529016352850 356 10844761329991665586
HIT 3 1855433867346 432 18372869622059830828
HIT 3 1529016418386 356 10674879187129341886
HIT 3 1855433932882 432 12139207365712108649
HIT 3 1529016483922 356 4479813874297744177
HIT 3 1855433998418 432 10082865709762004599
HIT 3 1529016549458 356 4611420248556476000
HIT 3 1855434063954 432 5098389708580229395
HIT 3 1529016614994 356 14048473261531104358
HIT 3 1855434129490 432 7344869460603009407
HIT 3 1529016680530 356 3762795239770396953
HIT 3 1855434195026 432 5383019587165796903
HIT 3 1529016746066 356 9017553940824762303
HIT 3 1855434260562 432 7505804291363339057
HIT 3 1529016811602 356 15452126916009382232
HIT 3 1855434326098 432 14206565292009075020
HIT 3 1529016877138 356 1266206445820976291
HIT 3 1855434391634 432 8905018926259302801
HIT 3 1520423927891 354 5124808368115320021
HIT 3 1529013862483 356 7504012115350011725
HIT 3 1533308829779 357 15661293225634552616
HIT 3 1537603797075 358 14228660251731293972
HIT 3 1846841442387 430 8725743375845499841
HIT 3 1855431376979 432 13002785950885153273
HIT 3 1859726344275 433 1755964120000685423
HIT 3 1864021311571 434 10983527807133715434
HIT 3 369372758099 86 11445323395496637776
HIT 3 1529013928019 356 2705232603625367086
HIT 3 1855431442515 432 9489610539521632812
HIT 3 1529013993555 356 18118628024055269377
HIT 3 1855431508051 432 13663718710984329931
HIT 3 1529016942674 356 14208582123527837841
HIT 3 1855434457170 432 4903303792111543179
HIT 3 1529017008210 356 9089570916640814394
HIT 3 1855434522706 432 18209815098253544466
HIT 3 1529017073746 356 6820760532787699168
HIT 3 1855434588242 432 12332913615387389105
HIT 3 1529017139282 356 13329162680430075850
HIT 3 1855434653778 432 15730221739030087734
HIT 3 1529017204818 356 15928038513037503767
HIT 3 1855434719314 432 3853583766739723189
HIT 3 1529017270354 356 12234323279497775495
HIT 3 1855434784850 432 12086324440795777980
HIT 3 1529017335890 356 1588047054043908050
HIT 3 1855434850386 432 1473617663423918035
HIT 3 1529017401426 356 12803734858908827815
HIT 3 1855434915922 432 9362803769971634745
HIT 3 1529017466962 356 6661526462583248697
HIT 3 1855434981458 432 15567336601346067223
HIT 3 1529017532498 356 15247025291849085745
HIT 3 1855435046994 432 1148026924207237794
HIT 3 1529017598034 356 14730538108799087240
HIT 3 1855435112530 432 5154279890592165688
HIT 3 1529017663570 356 14066377701164815690
HIT 3 1855435178066 432 12635420924504536033
HIT 3 1529017729106 356 12811087907114632701
HIT 3 1855435243602 432 929495566346797202
HIT 3 1529017794642 356 16103693951123700531
HIT 3 1855435309138 432 17788113187115470609
HIT 3 1529017860178 356 1475466582585486799
HIT 3 1855435374674 432 4875543759909628487
HIT 3 1529017925714 356 1779209265901013801
HIT 3 1855435440210 432 4905205139634224625
HIT 3 1529017991250 356 10467263734614532383
HIT 3 1855435505746 432 14678544091750284930
HIT 3 1529018056786 356 4144102878269984558
HIT 3 1855435571282 432 3058512655318425197
HIT 3 1529018122322 356 15304760504660502181
HIT 3 1855435636818 432 1442153665186174929
HIT 3 1529018187858 356 14657472895383258988
HIT 3 1855435702354 432 134631082688328125
HIT 3 1529018253394 356 13140393308485548848
HIT 3 1855435767890 432 17557521714401774465
HIT 3 1529018318930 356 2722277292772091505
HIT 3 1855435833426 432 7648555039771615853
HIT 3 1529018384466 356 13980518590899678876
HIT 3 1855435898962 432 15877440509807357537
HIT 3 1529018450002 356 3633939257709969348
HIT 3 1855435964498 432 10436579622950588406
HIT 3 1529018515538 356 9780093966339252096
HIT 3 1855436030034 432 14442227332643467083
HIT 3 1529018581074 356 15008656221155170823
HIT 3 1855436095570 432 17748741319307087241
HIT 3 1529018646610 356 12813438395051481122
HIT 3 1855436161106 432 13639061278083158303
HIT 3 1529018712146 356 213878417510715990
HIT 3 1855436226642 432 4686995133648624518
HIT 3 1529018777682 356 123229220121594400
HIT 3 1855436292178 432 5505002040930539575
HIT 3 1529018843218 356 11087185657324706510
HIT 3 1855436357714 432 8295101530455325867
HIT 3 1529018908754 356 10873885117213310245
HIT 3 1855436423250 432 14490317060040977582
HIT 3 1529018974290 356 17914528737975755974
HIT 3 1855436488786 432 7637825323698023780
HIT 3 1529019039826 356 7534481458501950925
HIT 3 1855436554322 432 9180892745014232836
HIT 3 1529019105362 356 16120258972508200281
HIT 3 1855436619858 432 2148377396045963456
HIT 3 1529019170898 356 7946581965477250050
HIT 3 1855436685394 432 15766569716603063774
HIT 3 1529019236434 356 14620945157063585079
HIT 3 1855436750930 432 16283825274814478580
HIT 3 1529019301970 356 5110984486170249930
HIT 3 1855436816466 432 1682286410565881166
HIT 3 1529019367506 356 10280921066101927009
HIT 3 1855436882002 432 16267984830833023775
HIT 3 1529019433042 356 6807124796445212666
HIT 3 1855436947538 432 14904297109514573474
HIT 3 1529019498578 356 1372645046764096167
HIT 3 1855437013074 432 13340940612759298284
HIT 3 1529019564114 356 14609693497140261378
HIT 3 1855437078610 432 13228466371797784774
HIT 3 1529019629650 356 14898091250967114776
HIT 3 1855437144146 432 1409617394882938814
HIT 3 1529019695186 356 15883830868303142080
HIT 3 1855437209682 432 2010340874622536879
HIT 3 1529019760722 356 14114578186425243841
HIT 3 1855437275218 432 6021426873907803182
HIT 3 1529019826258 356 13653220791294531061
HIT 3 1855437340754 432 7821901982380964266
HIT 3 1529019891794 356 712342040575578535
HIT 3 1855437406290 432 15952136109518934072
HIT 3 1529019957330 356 14350046566284335810
HIT 3 1855437471826 432 5172352654369377806
HIT 3 1529020022866 356 15368112453616353446
HIT 3 1855437537362 432 17482886964164248353
HIT 3 1529020088402 356 13457058465921467611
HIT 3 1855437602898 432 6915667355350787237
HIT 3 1529020153938 356 8546498968898958306
HIT 3 1855437668434 432 16015843879075115683
HIT 3 1529020219474 356 16185223357172487159
HIT 3 1855437733970 432 1567632444639124974
HIT 3 1529020285010 356 5625049815523164376
HIT 3 1855437799506 432 4943432873839175692
HIT 3 1529020350546 356 5070132106159329547
HIT 3 1855437865042 432 8785608563994195666
HIT 3 1529020416082 356 16253397780291632329
HIT 3 1855437930578 432 4939926291817060501
HIT 3 1529020481618 356 12699716672700198231
HIT 3 1855437996114 432 1938110398932607497
HIT 3 1529020547154 356 11054299130526468680
HIT 3 1855438061650 432 15586880306749058242
HIT 3 1529020612690 356 12457563673238261127
HIT 3 1855438127186 432 3493607996676328059
HIT 3 1529020678226 356 12238272893368101544
HIT 3 1855438192722 432 17168288030283298732
HIT 3 1529020743762 356 837663806206493491
HIT 3 1855438258258 432 12088638907865466316
HIT 3 1529020809298 356 10637851624411728595
HIT 3 1855438323794 432 7919906486476663738
HIT 3 1529020874834 356 14610872350930851483
HIT 3 1855438389330 432 10526026587343118800
HIT 3 1529020940370 356 1693679750485068310
HIT 3 1855438454866 432 12023126386510912705
HIT 3 1529021005906 356 3268329226635969858
HIT 3 1855438520402 432 12232818044368301764
HIT 3 1529021071442 356 3370271143269633941
HIT 3 1855438585938 432 13270018033870934635
HIT 3 1529021136978 356 7507957668656409347
HIT 3 1855438651474 432 9505997973595214012
HIT 3 1529021202514 356 15455875562123232309
HIT 3 1855438717010 432 12087938045128100556
HIT 3 1529021268050 356 3005163003820573416
HIT 3 1855438782546 432 6801898041789341535
HIT 3 1529021333586 356 18052506586205513575
HIT 3 1855438848082 432 5394815403685374799
HIT 3 1529021399122 356 11563845899609524782
HIT 3 1855438913618 432 17543481642474800211
HIT 3 1855449202769 432 7972604583968301903
HIT 3 1529021464658 356 2243369012522471701
HIT 3 1855438979154 432 3419032089799168050
HIT 3 1529021530194 356 9339863520382744977
HIT 3 1855439044690 432 12458677101171844137
HIT 3 1529021595730 356 16037741414852511895
HIT 3 1855439110226 432 12865924857627763894
HIT 3 1529021661266 356 5833995365885372969
HIT 3 1855439175762 432 9892338705621771908
HIT 3 1529021726802 356 6048249614942714491
HIT 3 1855439241298 432 3884194723424026028
HIT 3 1529021792338 356 8497285868595804436
HIT 3 1855439306834 432 11047854631580742985
HIT 3 1529021857874 356 3251512880397169141
HIT 3 1855439372370 432 8466894481273095950
HIT 3 1529021923410 356 8584388644797874141
HIT 3 1855439437906 432 7819600945470031462
HIT 3 1529021988946 356 2888404924000316423
HIT 3 1855439503442 432 10786580337989023036
HIT 3 1529022054482 356 9095411985680545819
HIT 3 1855439568978 432 2296476146231365563
HIT 3 1529022120018 356 18379926323392673056
HIT 3 1855439634514 432 5137035423761370143
HIT 3 1529022185554 356 2401145418510710589
HIT 3 1855439700050 432 6869975407323873003
HIT 3 1529022251090 356 16254177243861981837
HIT 3 1855439765586 432 6842110385471085183
HIT 3 1529022316626 356 14222898435739632082
HIT 3 1855439831122 432 2964926751583925300
HIT 3 1529022382162 356 3770757980340420313
HIT 3 1855439896658 432 3996765830935012448
HIT 3 1529022447698 356 329646294482818426
HIT 3 1855439962194 432 768556469639877855
HIT 3 1529022513234 356 15487321871022376773
HIT 3 1855440027730 432 5412871144616424642
HIT 3 1529022578770 356 5496277365977742348
HIT 3 1855440093266 432 10523133098127294741
HIT 3 1529022644306 356 1862373958586044992
HIT 3 1855440158802 432 13412925741888285322
HIT 3 1529022709842 356 7769325394320955269
HIT 3 1855440224338 432 12723399408641412517
HIT 3 1529022775378 356 14806901945056025537
HIT 3 1855440289874 432 3699279418220635836
HIT 3 1529022840914 356 9714580785363567847
HIT 3 1855440355410 432 1839882785653479407
HIT 3 1529022906450 356 15944446029472077053
HIT 3 1855440420946 432 10356823040858623746
HIT 3 1529022971986 356 17543395662071304520
HIT 3 1855440486482 432 12065524665064548321
HIT 3 1529023037522 356 7074913607256935620
HIT 3 1855440552018 432 12576389769709679436
HIT 3 1529023103058 356 1026261275446865087
HIT 3 1855440617554 432 5308163516038826484
HIT 3 1529023168594 356 832441457935279024
HIT 3 1855440683090 432 1727528729144645753
HIT 3 1529023234130 356 12139401567457731334
HIT 3 1855440748626 432 16315570729251814769
HIT 3 1529023299666 356 16132446945101013305
HIT 3 1855440814162 432 4689338325435145493
HIT 3 1529023365202 356 17167612822218137978
HIT 3 1855440879698 432 12327906715416486663
HIT 3 1529023430738 356 4375602164508386454
HIT 3 1855440945234 432 18166908406662417423
HIT 3 1529023496274 356 16766446404027128486
HIT 3 1855441010770 432 8014113915842730257
HIT 3 1529023561810 356 2018599076919941390
HIT 3 1855441076306 432 15621120861969947536
HIT 3 1529023627346 356 13818207262053851222
HIT 3 1855441141842 432 12804270373016091507
HIT 3 1529023692882 356 2255874515094766535
HIT 3 1855441207378 432 5435597687278738366
HIT 3 1529023758418 356 6566763957749106260
HIT 3 1855441272914 432 7373611742767045804
HIT 3 1529023823954 356 16053033093086377995
HIT 3 1855441338450 432 4797824800695080837
HIT 3 1529023889490 356 3153482039684316448
HIT 3 1855441403986 432 9890980542203101982
HIT 3 1529023955026 356 11079262918993222058
HIT 3 1855441469522 432 7506597641250668932
HIT 3 1529024020562 356 18280672308791027981
HIT 3 1855441535058 432 13717380933879704288
HIT 3 1529024086098 356 17214349889037703031
HIT 3 1855441600594 432 3357301947310272099
HIT 3 1529024151634 356 18219035039290308345
HIT 3 1855441666130 432 5898293984436616866
HIT 3 1529024217170 356 14869115781004751712
HIT 3 1855441731666 432 732685527656747826
HIT 3 1529024282706 356 4820286386648075511
HIT 3 1855441797202 432 11416420353627152748
HIT 3 1529024348242 356 930329211759306157
HIT 3 1855441862738 432 8577807279873756315
HIT 3 1529013993557 356 3331532258017910967
HIT 3 1529024413778 356 10177930930085213074
HIT 3 1855431508053 432 9947402371084569137
HIT 3 1855441928274 432 5383828092454931047
HIT 3 1529024479314 356 10258386754669160574
HIT 3 1855441993810 432 7646873875007474385
HIT 3 1529024544850 356 5780487594707290414
HIT 3 1855442059346 432 5891319717661607889
HIT 3 1529024610386 356 9602836804924649489
HIT 3 1855442124882 432 10872944246966799757
HIT 3 1529024675922 356 4849007545847288816
HIT 3 1855442190418 432 13469804285895444565
HIT 3 1529024741458 356 5814052878307095002
HIT 3 1855442255954 432 9207050503281791950
HIT 3 1529024806994 356 4616064229319817466
HIT 3 1855442321490 432 2300009037578193819
HIT 3 1529024872530 356 11155184192333531912
HIT 3 1855442387026 432 7162354448944759947
HIT 3 1529024938066 356 5446583147739962370
HIT 3 1855442452562 432 8682643833633467743
HIT 3 1529025003602 356 12519403551618530181
HIT 3 1855442518098 432 17126558803956500753
HIT 3 1529025069138 356 8856163935883717847
HIT 3 1855442583634 432 2332556171960542233
HIT 3 1529025134674 356 5885101789108245012
HIT 3 1855442649170 432 6232344690288733329
HIT 3 1529025200210 356 13853439544102412845
HIT 3 1855442714706 432 11127877416383120310
HIT 3 1529025265746 356 10807906984428003042
HIT 3 1855442780242 432 1962529768313517298
HIT 3 1529025331282 356 4825333700402901448
HIT 3 1855442845778 432 2585002226571464955
HIT 3 1529025396818 356 18121748217946416433
HIT 3 1855442911314 432 5771936048072711604
HIT 3 1529025462354 356 12467137655843500093
HIT 3 1855442976850 432 13614459823167149371
HIT 3 1529025527890 356 1020696444971449808
HIT 3 1855443042386 432 3552476176183527226
HIT 3 1529025593426 356 15624959638723318201
HIT 3 1855443107922 432 15594034336893247753
HIT 3 1529025658962 356 6581357948613722459
HIT 3 1855443173458 432 17047229636127689405
HIT 3 1529025724498 356 8096733007297666729
HIT 3 1855443238994 432 4566438153710891592
HIT 3 1529025790034 356 1166329920250538020
HIT 3 1855443304530 432 17806665572083745607
HIT 3 1529025855570 356 5483838055639583027
HIT 3 1855443370066 432 15974257753672670328
HIT 3 1529025921106 356 14815286564697290684
HIT 3 1855443435602 432 12909991237666704913
HIT 3 1529025986642 356 14388113512621080018
HIT 3 1855443501138 432 14968520713605404599
HIT 3 1529026052178 356 12823601638606571600
HIT 3 1855443566674 432 4101977031676762203
HIT 3 1529026117714 356 8702946158416222518
HIT 3 1855443632210 432 7550058268660428673
HIT 3 1529026183250 356 11591963006613399049
HIT 3 1855443697746 432 14988159812022730022
HIT 3 1529026248786 356 14442276187407697201
HIT 3 1855443763282 432 5171368093816232030
HIT 3 1529026314322 356 5981746171509644718
HIT 3 1855443828818 432 14815008736794941147
HIT 3 1529026379858 356 15692504731121931738
HIT 3 1855443894354 432 8241518758356490712
HIT 3 1529026445394 356 9239901448867682621
HIT 3 1855443959890 432 8521388453538679582
HIT 3 1529026510930 356 12003416519241249778
HIT 3 1855444025426 432 16906953156207241759
HIT 3 1529026576466 356 3682197771756726831
HIT 3 1855444090962 432 6598432947727205837
HIT 3 1529026642002 356 16167499676394434539
HIT 3 1855444156498 432 3926576991197131452
HIT 3 1529026707538 356 16202080931521916157
HIT 3 1855444222034 432 15892913247956489169
HIT 3 1529026773074 356 9844170912656411022
HIT 3 1855444287570 432 18315944656717702945
HIT 3 1529026838610 356 8963622552187841311
HIT 3 1855444353106 432 4062433058135376243
HIT 3 1529026904146 356 11921702500959307341
HIT 3 1855444418642 432 8609242698383667796
HIT 3 1529026969682 356 14212104360011282239
HIT 3 1855444484178 432 15515669587385007920
HIT 3 1529027035218 356 7507604134823016037
HIT 3 1855444549714 432 7177997155995872231
HIT 3 1529027100754 356 6618509172693203881
HIT 3 1855444615250 432 14108726714800637846
HIT 3 1529027166290 356 12084104480694313856
HIT 3 1855444680786 432 11428219583277539982
HIT 3 1529027231826 356 1200528671188767665
HIT 3 1855444746322 432 2790730310606976145
HIT 3 1529027297362 356 6216762037730536734
HIT 3 1855444811858 432 14616034737095975269
HIT 3 1529027362898 356 13703263121255609540
HIT 3 1855444877394 432 14043488024016875541
HIT 3 1529027428434 356 7056026934405406826
HIT 3 1855444942930 432 7658479714337833409
HIT 3 1529027493970 356 18037308549050423731
HIT 3 1855445008466 432 9832878809476866954
HIT 3 1529027559506 356 11555728685239604008
HIT 3 1855445074002 432 7082833220739168776
HIT 3 1529027625042 356 17060393588497612993
HIT 3 1855445139538 432 10297345037916019044
HIT 3 1529027690578 356 5946340545183295790
HIT 3 1855445205074 432 14401637870466320472
HIT 3 1529027756114 356 15866194741795438372
HIT 3 1855445270610 432 14465330044077781933
HIT 3 1529027821650 356 6110295507010627078
HIT 3 1855445336146 432 4343405386631850412
HIT 3 1529027887186 356 6022239497885355089
HIT 3 1855445401682 432 11702250617847044403
HIT 3 1529027952722 356 10831353482869592293
HIT 3 1855445467218 432 11211770796366902917
HIT 3 1529028018258 356 6159026893933195473
HIT 3 1855445532754 432 703338865723299506
HIT 3 1529028083794 356 13280823778719742000
HIT 3 1855445598290 432 13961726949031294892
HIT 3 1529028149330 356 17489138537527606935
HIT 3 1855445663826 432 1813732371944132036
HIT 3 1529028214866 356 16157056902252192793
HIT 3 1855445729362 432 1713419360339201874
HIT 3 1529028280402 356 11361850917835248461
HIT 3 1855445794898 432 2563386845895401573
HIT 3 1529028345938 356 14274876831980414982
HIT 3 1855445860434 432 5405918163468141645
HIT 3 1529028411474 356 13309159289746058537
HIT 3 1855445925970 432 2027991037326115795
HIT 3 1529028477010 356 14368860261812747865
HIT 3 1855445991506 432 7331335443845535431
HIT 3 1529028542546 356 4845671005681845667
HIT 3 1855446057042 432 7457322963531011970
HIT 3 1529028608082 356 17682317830356267127
HIT 3 1855446122578 432 9914707284961311913
HIT 3 1529028673618 356 9865755433547403119
HIT 3 1855446188114 432 1454683547957648418
HIT 3 1529028739154 356 17956677518202489388
HIT 3 1855446253650 432 3011638421521083179
HIT 3 1529028804690 356 3312508397544601746
HIT 3 1855446319186 432 17156816477874883773
HIT 3 1529028870226 356 4901555866966984848
HIT 3 1855446384722 432 3785240185516475539
HIT 3 1529028935762 356 18142107533294236503
HIT 3 1855446450258 432 2139266910611379818
HIT 3 1529029001298 356 5815193674300037324
HIT 3 1855446515794 432 17144205891756009610
HIT 3 1529029066834 356 10090464191807362581
HIT 3 1855446581330 432 2108675258210095331
HIT 3 1529029132370 356 5873988823248829217
HIT 3 1855446646866 432 2571395805252591435
HIT 3 1529029197906 356 4703582389569901526
HIT 3 1855446712402 432 14346741100049463710
HIT 3 1529029263442 356 13991631353712653109
HIT 3 1855446777938 432 15665725707913855235
HIT 3 1529029328978 356 1688761980133445352
HIT 3 1855446843474 432 10996213137470582556
HIT 3 1529029394514 356 16182418118668125085
HIT 3 1855446909010 432 8719757291914593043
HIT 3 1529029460050 356 16653214872231858366
HIT 3 1855446974546 432 11431087777925061980
HIT 3 1529029525586 356 2883798030382807867
HIT 3 1855447040082 432 18048972149867166053
HIT 3 1529029591122 356 18440818842471140916
HIT 3 1855447105618 432 17533861769683060574
HIT 3 1529029656658 356 3880311189812171981
HIT 3 1855447171154 432 5017492352350210564
HIT 3 1529029722194 356 11641931270876247738
HIT 3 1855447236690 432 16151774073948610602
HIT 3 1529029787730 356 14037172727939695497
HIT 3 1855447302226 432 4960253214013306521
HIT 3 1529029853266 356 10694190823092133914
HIT 3 1855447367762 432 2568881546682195119
HIT 3 1529029918802 356 16260483278061905325
HIT 3 1855447433298 432 12658773723060793072
HIT 3 1529029984338 356 16090246364531663922
HIT 3 1855447498834 432 4753370812073298142
HIT 3 1529030049874 356 15295449781394965490
HIT 3 1855447564370 432 10225002594352382093
HIT 3 1529030115410 356 13846828186534693457
HIT 3 1855447629906 432 6833976969821786587
HIT 3 1529030180946 356 16562632679866054832
HIT 3 1855447695442 432 1357373991505049961
HIT 3 1529030246482 356 8956868180318872459
HIT 3 1855447760978 432 17104874179920365415
HIT 3 1529030312018 356 4446967939443060842
HIT 3 1855447826514 432 2253729856438265009
HIT 3 1529030377554 356 9557094448385681608
HIT 3 1855447892050 432 13501346880155285926
HIT 3 1529030443090 356 9489115776637559662
HIT 3 1855447957586 432 704328805104052412
HIT 3 1529030508626 356 608573655929018462
HIT 3 1855448023122 432 8117743260483944187
HIT 3 1529030574162 356 4018232537699518638
HIT 3 1855448088658 432 17214686726889314985
HIT 3 1529030639698 356 2254561077276040809
HIT 3 1855448154194 432 6050542411660687495
HIT 3 1529030705234 356 18320006531115535843
HIT 3 1855448219730 432 17336720248272998326
HIT 3 1529030770770 356 15630245178486257327
HIT 3 1855448285266 432 9695638751879828624
HIT 3 1529030836306 356 11197503865299773901
HIT 3 1855448350802 432 15239545712964571126
HIT 3 1529030901842 356 18272987948668888102
HIT 3 1855448416338 432 5601973589853463617
HIT 3 1529030967378 356 12830224411245400783
HIT 3 1855448481874 432 7385012645936092296
HIT 3 1529031032914 356 7222561019304023498
HIT 3 1855448547410 432 5872473982828364015
HIT 3 1529031098450 356 18206980374052944168
HIT 3 1855448612946 432 3777414928980707621
HIT 3 1529031163986 356 15816939763899056562
HIT 3 1855448678482 432 18260507423512376784
HIT 3 1529031229522 356 10161587226154154111
HIT 3 1855448744018 432 14772178972694998646
HIT 3 1529031295058 356 15902070416613085000
HIT 3 1855448809554 432 3802484454239977662
HIT 3 1529031360594 356 518475576159311898
HIT 3 1855448875090 432 4642064527870661492
HIT 3 1520441491538 354 14409574408185652903
HIT 3 1529031426130 356 4981430028341311031
HIT 3 1855448940626 432 7043294660600987112
HIT 3 1529031491666 356 14409574408185652903
HIT 3 1855449006162 432 17570851105659118413
HIT 3 1529031557202 356 9142226944125366629
HIT 3 1846859137106 430 6131772336335852638
HIT 3 1855449071698 432 16806996412173033852
HIT 3 1859744038994 433 13784916023568333055
HIT 3 1864039006290 434 17321021027814761243
HIT 3 1529031622738 356 5124808368115320021
HIT 3 1537621557330 358 9142226944125366629
HIT 3 1855449137234 432 603857893306480353
HIT 3 1537621622866 358 7494814137910895618
HIT 3 1541916590162 359 15661293225634552616
HIT 3 1546211557458 360 5449911362823828989
HIT 3 1550506524754 361 18127648441169753949
HIT 3 1554801492050 362 16797920605942118652
HIT 3 1559096459346 363 17858457889159601194
HIT 3 1563391426642 364 13019595554247761925
HIT 3 1567686393938 365 7506122278298340726
HIT 3 1571981361234 366 2542768938397599537
HIT 3 1576276328530 367 5452984803562375281
HIT 3 1580571295826 368 17865519431290272118
HIT 3 1584866263122 369 11709592281478682269
HIT 3 1589161230418 370 11983890527576951930
HIT 3 1593456197714 371 8962803568199551263
HIT 3 1597751165010 372 16100624545984200341
HIT 3 1602046132306 373 3306706458611309512
HIT 3 1606341099602 374 4330654137697658306
HIT 3 1610636066898 375 15770050809005665152
HIT 3 1614931034194 376 6463738545215253598
HIT 3 1619226001490 377 1884345533712201307
HIT 3 1623520968786 378 16397169669147029815
HIT 3 1627815936082 379 7269153488624254371
HIT 3 1632110903378 380 8848627172518339983
HIT 3 1636405870674 381 10129647556569023372
HIT 3 1640700837970 382 4296804388520351463
HIT 3 1644995805266 383 15883640199893502376
HIT 3 1649290772562 384 15001874989117379778
HIT 3 1653585739858 385 3568091184404669350
HIT 3 1657880707154 386 15591138689698821670
HIT 3 1662175674450 387 11312406167131933532
HIT 3 1666470641746 388 5323358439660431074
HIT 3 1670765609042 389 1935621888685186867
HIT 3 1675060576338 390 17549334578628858953
HIT 3 1679355543634 391 10793913075037064278
HIT 3 1683650510930 392 13614629131395403207
HIT 3 1687945478226 393 13784730912775998232
HIT 3 1692240445522 394 8227192126371376552
HIT 3 1696535412818 395 11127270779926658933
HIT 3 1700830380114 396 1089579711101880626
HIT 3 1705125347410 397 16933628386119946984
HIT 3 1709420314706 398 14737943494566305859
HIT 3 1713715282002 399 8558674041354087919
HIT 3 1718010249298 400 265139037356756068
HIT 3 1722305216594 401 12634660372733659028
HIT 3 1726600183890 402 7847726069948512583
HIT 3 1730895151186 403 17965135857082929385
HIT 3 1735190118482 404 17449537398349616958
HIT 3 1739485085778 405 742465877234630927
HIT 3 1743780053074 406 17594519140011709181
HIT 3 1748075020370 407 1851562757309000540
HIT 3 1752369987666 408 917460511420400739
HIT 3 1756664954962 409 12457729875689659339
HIT 3 1760959922258 410 1035649044578011390
HIT 3 1765254889554 411 15064369541150015568
HIT 3 1769549856850 412 6411708264078035561
HIT 3 1773844824146 413 7372527206601204049
HIT 3 1778139791442 414 3608535553405473226
HIT 3 1782434758738 415 3137072752018690464
HIT 3 1786729726034 416 9939158680388926063
HIT 3 1791024693330 417 17478818970787435130
HIT 3 1795319660626 418 109006003992431752
HIT 3 1799614627922 419 15484480143642159468
HIT 3 1803909595218 420 15147364840045107407
HIT 3 1808204562514 421 8667155923290526866
HIT 3 1812499529810 422 4284468458809197418
HIT 3 1816794497106 423 10724191591801880399
HIT 3 1821089464402 424 5206838194507481535
HIT 3 1825384431698 425 1607769262797632716
HIT 3 1829679398994 426 3327978612188854215
HIT 3 1833974366290 427 7382474366949454012
HIT 3 1838269333586 428 13576061628330436351
HIT 3 1842564300882 429 15572674014592001601
HIT 3 1846859268178 430 11026725462779813758
HIT 3 1851154235474 431 10807989252017970617
HIT 3 1855449202770 432 2794387158291602742
HIT 3 1859744170066 433 16822884340494430631
HIT 3 1864039137362 434 16717833561285769938
HIT 3 1868334104658 435 8225572903502020464
HIT 3 1872629071954 436 9773247913415903411
HIT 3 1876924039250 437 1295759479435639322
HIT 3 1881219006546 438 9068598989220943340
HIT 3 1885513973842 439 18419751019399639129
HIT 3 1889808941138 440 15428017186113845113
HIT 3 1894103908434 441 4805797948128198928
HIT 3 1898398875730 442 15512386282519697456
HIT 3 1902693843026 443 2178415545313596698
HIT 3 1906988810322 444 2934314000005119918
HIT 3 1911283777618 445 11723772130451592885
HIT 3 1915578744914 446 17494615231104847702
HIT 3 1919873712210 447 15611570199412955403
HIT 3 1924168679506 448 12691830182830712090
HIT 3 1928463646802 449 6752744273761054664
HIT 3 1932758614098 450 15034158029042495121
HIT 3 1937053581394 451 9764207755731842439
HIT 3 1941348548690 452 12255678859163812226
HIT 3 1945643515986 453 1442246458697674082
HIT 3 1949938483282 454 743620843358555837
HIT 3 1954233450578 455 9103489881206142289
HIT 3 1958528417874 456 3903598040860925501
HIT 3 1962823385170 457 16427879277244962234
HIT 3 1967118352466 458 11151179118831653405
HIT 3 1971413319762 459 18385620331737788045
HIT 3 1975708287058 460 9665926394169435655
HIT 3 1980003254354 461 967580123937255682
HIT 3 1984298221650 462 15166214018532572262
HIT 3 1988593188946 463 8351659824301844770
HIT 3 1992888156242 464 660292391746050346
HIT 3 1997183123538 465 8040413093055997550
HIT 3 2001478090834 466 5625711348832198080
HIT 3 2005773058130 467 6564155315689674254
HIT 3 2010068025426 468 6922932027096207510
HIT 3 2014362992722 469 9239393923859524456
HIT 3 2018657960018 470 8012039557485648068
HIT 3 2022952927314 471 7397698892918256792
HIT 3 2027247894610 472 16707654082644369203
HIT 3 2031542861906 473 6173593484337846983
HIT 3 2035837829202 474 12053122962664188570
HIT 3 2040132796498 475 13316515994171856994
HIT 3 2044427763794 476 17280747701859697444
HIT 3 2048722731090 477 5288768017434423914
HIT 3 2053017698386 478 672548570471890551
HIT 3 2057312665682 479 16898705595325760712
HIT 3 2061607632978 480 8144022672081221446
HIT 3 2065902600274 481 16864516561134907264
HIT 3 2070197567570 482 1426346354173824173
HIT 3 2074492534866 483 2949373075615735277
HIT 3 2078787502162 484 2237132790879119614
HIT 3 2083082469458 485 16156733226903705958
HIT 3 2087377436754 486 11895576567268398640
HIT 3 2091672404050 487 6648505316509968056
HIT 3 2095967371346 488 17385690918145136153
HIT 3 2100262338642 489 7369936864297123634
HIT 3 2104557305938 490 12400957652058617014
HIT 3 2108852273234 491 4691597209096879629
HIT 3 2113147240530 492 4970371774451743351
HIT 3 2117442207826 493 2888659404153522619
HIT 3 2121737175122 494 5773822031725698659
HIT 3 2126032142418 495 5802113034335595193
HIT 3 2130327109714 496 1842473682806713518
HIT 3 2134622077010 497 14873250760039184720
HIT 3 2138917044306 498 7103016704666485883
HIT 3 2143212011602 499 9773306610536542030
HIT 3 2147506978898 500 822776904931953808
HIT 3 2151801946194 501 13990365597141730482
HIT 3 2156096913490 502 8507803750601690328
HIT 3 2160391880786 503 3285432507677528993
HIT 3 2164686848082 504 12277329624953190156
HIT 3 2168981815378 505 1724241568862137506
HIT 3 2173276782674 506 15941921681108263818
HIT 3 2177571749970 507 6416860047485143024
HIT 3 2181866717266 508 2522966313515026247
HIT 3 2186161684562 509 13383729757972507480
HIT 3 2190456651858 510 5716783705164157016
HIT 3 2194751619154 511 891342730401969983
HIT 3 1537621688402 358 7504012115350011725
HIT 3 1541916655698 359 18127648441169753949
HIT 3 1546211622994 360 7494814137910895618
HIT 3 1846859333714 430 17945682572909126852
HIT 3 1855449268306 432 15180589962459992802
HIT 3 1859744235602 433 8887005773014147254
HIT 3 1864039202898 434 10150151674943551590
HIT 3 1846859399250 430 15290995208051188960
HIT 3 1855449333842 432 10127072386539861937
HIT 3 1859744301138 433 13023095524156717055
HIT 3 1864039268434 434 7077700244068518648
HIT 3 1546211754066 360 14228660251731293972
HIT 3 1855449399378 432 6726755937520506374
HIT 3 1855449464914 432 4148627800438959044
HIT 3 1855449530450 432 15549498182084857897
HIT 3 1855449595986 432 16256284248030598885
HIT 3 1855449661522 432 15280680288735693447
HIT 3 1855449727058 432 3346168926885233217
HIT 3 1855449792594 432 5942073954520623534
HIT 3 1855449858130 432 9503644243920710092
HIT 3 1855449923666 432 3431350840688870902
HIT 3 1855449989202 432 3651032139253074830
HIT 3 1855450054738 432 1004349113277446867
HIT 3 1855450120274 432 706255034074668571
HIT 3 1855450185810 432 14721957903950773650
HIT 3 1855450251346 432 16953852087738572928
HIT 3 1855450316882 432 3335714288434712118
HIT 3 1855450382418 432 13699704519889395889
HIT 3 1855450447954 432 15736869722801867915
HIT 3 1855450513490 432 4267447730967941439
HIT 3 1855450579026 432 13510085350048208154
HIT 3 1855450644562 432 1865238035360398992
HIT 3 1855450710098 432 13555789056620561765
HIT 3 1855450775634 432 5239801339529814568
HIT 3 1855450841170 432 6463418371870492700
HIT 3 1855450906706 432 9284106572935350282
HIT 3 1855450972242 432 17335105598866882570
HIT 3 1855451037778 432 7358404870451580417
HIT 3 1855451103314 432 9766084106293114685
HIT 3 1855451168850 432 18409704232613303861
HIT 3 1855451234386 432 2547363167181152153
HIT 3 1855451299922 432 1498414281543861748
HIT 3 1855451365458 432 17313638090926567020
HIT 3 1855451430994 432 11487393442870603819
HIT 3 1855451496530 432 17088843883546048853
HIT 3 1855451562066 432 5789098567668163732
HIT 3 1855451627602 432 4923057868770747717
HIT 3 1855451693138 432 5655849021695663200
HIT 3 1855451758674 432 10863335990696279747
HIT 3 1855451824210 432 8119001335887247636
HIT 3 1855451889746 432 14337748678435716541
HIT 3 1855451955282 432 17960915482189049683
HIT 3 1855452020818 432 7145054067580840599
HIT 3 1855452086354 432 10689066521712292274
HIT 3 1855452151890 432 1830503315106263838
HIT 3 1855452217426 432 8784274426976654997
HIT 3 1855452282962 432 16210097209625772451
HIT 3 1855452348498 432 9964915548405011364
HIT 3 1855452414034 432 10466942950690421743
HIT 3 1855452479570 432 8958788480796340739
HIT 3 1855452545106 432 1510450053479665967
HIT 3 1855452610642 432 8592275141948301357
HIT 3 1855452676178 432 15307932228356406459
HIT 3 1855452741714 432 10755745525831150163
HIT 3 1855452807250 432 16841810203847536462
HIT 3 1855452872786 432 9565232767205457494
HIT 3 1855452938322 432 9010690210030786949
HIT 3 1855453003858 432 154408435156623579
HIT 3 1855453069394 432 15492336461280101456
HIT 3 1855453134930 432 938817339833612205
HIT 3 1855453200466 432 11726755259936315080
HIT 3 1855453266002 432 11225793862821160706
HIT 3 1855453331538 432 14475786906932037150
HIT 3 1855453397074 432 999866390945582872
HIT 3 1855453462610 432 15613133217993920688
HIT 3 1855453528146 432 14405864377562444683
HIT 3 1855453593682 432 7276129651018757639
HIT 3 1855453659218 432 9605499111626044705
HIT 3 1855453724754 432 6204920711804013438
HIT 3 1855453790290 432 11263168767368587758
HIT 3 1855453855826 432 3002117714802416842
HIT 3 1846863986770 430 5005840959599495124
HIT 3 1855453921362 432 10084661068401013824
HIT 3 1855453986898 432 5005840959599495124
HIT 3 1855454052434 432 2818864687871492403
HIT 3 1855454117970 432 8725743375845499841
HIT 3 1864044052562 434 2818864687871492403
HIT 3 1864044118098 434 18417884927360813173
HIT 3 1868339085394 435 1755964120000685423
HIT 3 1872634052690 436 5643555259650278378
HIT 3 1876929019986 437 14626478241432044679
HIT 3 1881223987282 438 16122451594263001882
HIT 3 1885518954578 439 10520559699118477766
HIT 3 1889813921874 440 2957859663856418271
HIT 3 1894108889170 441 7481527202454841838
HIT 3 1898403856466 442 15006705888162453665
HIT 3 1902698823762 443 4832339486683418493
HIT 3 1906993791058 444 9871633064318900025
HIT 3 1911288758354 445 12791921861742718700
HIT 3 1915583725650 446 6898025530102592809
HIT 3 1919878692946 447 339375142994411025
HIT 3 1924173660242 448 6267611706072617108
HIT 3 1928468627538 449 6355548326408283690
HIT 3 1932763594834 450 13192957495705632026
HIT 3 1937058562130 451 12169710977426718710
HIT 3 1941353529426 452 5868321125389235190
HIT 3 1945648496722 453 221606796480141641
HIT 3 1949943464018 454 3495787735021904208
HIT 3 1954238431314 455 11556611233785801895
HIT 3 1958533398610 456 7722420366938137769
HIT 3 1962828365906 457 11774935666529152656
HIT 3 1967123333202 458 15794513055519237261
HIT 3 1971418300498 459 12929986118964425337
HIT 3 1975713267794 460 2219291303374404440
HIT 3 1980008235090 461 17246444761716094664
HIT 3 1984303202386 462 11962039578441622330
HIT 3 1988598169682 463 5183497955687370292
HIT 3 1992893136978 464 1842499212300170666
HIT 3 1997188104274 465 5455941592027915736
HIT 3 2001483071570 466 10290682272313859703
HIT 3 2005778038866 467 6355223931071444924
HIT 3 2010073006162 468 8650000937486384730
HIT 3 2014367973458 469 13775329129239352322
HIT 3 2018662940754 470 13142873966106306992
HIT 3 2022957908050 471 760249959031891078
HIT 3 2027252875346 472 2374223352392333947
HIT 3 2031547842642 473 2725920782307891221
HIT 3 2035842809938 474 748958936534279479
HIT 3 2040137777234 475 18142388715854541311
HIT 3 2044432744530 476 11230300812748378761
HIT 3 2048727711826 477 6564628107553075649
HIT 3 2053022679122 478 5396822199263630541
HIT 3 2057317646418 479 9635299054404857962
HIT 3 2061612613714 480 1596909947530110526
HIT 3 2065907581010 481 15368240655339337910
HIT 3 2070202548306 482 7375940972057128283
HIT 3 2074497515602 483 5594413136109929452
HIT 3 2078792482898 484 1063511624989283341
HIT 3 2083087450194 485 8900590432719963707
HIT 3 2087382417490 486 16430540159001584009
HIT 3 2091677384786 487 15737726692836988695
HIT 3 2095972352082 488 16380028539153335676
HIT 3 2100267319378 489 3405418895182264015
HIT 3 2104562286674 490 11860696230220828971
HIT 3 2108857253970 491 10992083764043788538
HIT 3 2113152221266 492 11638385127370104856
HIT 3 2117447188562 493 10522574109518661799
HIT 3 2121742155858 494 10049101240964251562
HIT 3 2126037123154 495 16186923758069695862
HIT 3 2130332090450 496 11593728893499287068
HIT 3 2134627057746 497 16032394404405011444
HIT 3 2138922025042 498 8829886609146207480
HIT 3 2143216992338 499 11082728251518937985
HIT 3 2147511959634 500 2447339972693834356
HIT 3 2151806926930 501 9674429636363646301
HIT 3 2156101894226 502 5531760243394817212
HIT 3 2160396861522 503 11202412704252258929
HIT 3 2164691828818 504 9185491434225912680
HIT 3 2168986796114 505 13064471800308531521
HIT 3 2173281763410 506 16110459025136440952
HIT 3 2177576730706 507 5952690585862822673
HIT 3 2181871698002 508 10555362675500218669
HIT 3 2186166665298 509 18276781551098178362
HIT 3 2190461632594 510 14462434808973181308
HIT 3 2194756599890 511 12609093017973166417
HIT 3 1864044183634 434 13002785950885153273
HIT 3 1868339150930 435 14626478241432044679
HIT 3 1872634118226 436 18417884927360813173
HIT 3 1872634249298 436 10983527807133715434
HIT 3 1855449071699 432 2865138187048967775
HIT 3 1846859268179 430 8766437887445740811
HIT 3 1855449202771 432 18324694086878894130
HIT 3 1859744170067 433 3960751519908281760
HIT 3 1864039137363 434 15205872312438626772
HIT 3 1537621688403 358 4337489141204950012
HIT 3 1855449268307 432 3039474595798844667
HIT 3 1855449333843 432 4067801297201183717
HIT 3 1855449071700 432 13411007705470663400
HIT 3 1846859268180 430 5490652961549539033
HIT 3 1855449202772 432 2214884761288287275
HIT 3 1859744170068 433 1667725828074294714
HIT 3 1864039137364 434 2362787031445357518
HIT 3 1537621688404 358 3331532258017910967
HIT 3 1855449268308 432 14100245321395677961
HIT 3 1855449333844 432 2355390574656874165
HIT 3 1855449202773 432 11064876040836788118
HIT 3 1864044183635 434 14511205767192339280
HIT 3 1864044183636 434 9947402371084569137
HIT 3 1855449202775 432 15901081641309008885
HIT 3 1855449202778 432 2079945240662258652
HIT 3 1855449202779 432 4172831452831635878
HIT 3 1855449202774 432 13278479536401208222
HIT 3 1855449202780 432 3385235797642558794
HIT 3 1855449202777 432 17375537901777323338
HIT 3 1855449202776 432 13668685700625527792
HIT 3 1855449202781 432 16897257594833667253
HIT 3 1855449202782 432 10069596824960585895
HIT 3 1855449202783 432 12228670509516481645
HIT 3 1855449202784 432 6337409588228417145
HIT 3 1855449202785 432 2573420987684455839
HIT 3 1855449202786 432 6810813204634779790
HIT 3 1855449202787 432 10469221891900634375
HIT 3 1855449202788 432 12940527816255174760
HIT 3 1855449202789 432 10335151239855647941
HIT 3 1855449202790 432 7098246749517244390
HIT 3 1855449202792 432 2439703202961690839
HIT 3 1855449202791 432 6969540232515346105
HIT 3 1855449202795 432 11849148017002262870
HIT 3 1855449202794 432 16318697553563567222
HIT 3 1855449202793 432 108271307539762897
HIT 3 1855449202796 432 2593145812953454588
HIT 3 1855449202799 432 14171578518882909403
HIT 3 1855449202797 432 14982683683076926259
HIT 3 1855449202798 432 9718739098712363463
HIT 3 1855449202800 432 5290636967494855134
HIT 3 1855449202801 432 703585888646487927
HIT 3 1855449202802 432 5797121471728809676
HIT 3 1855449202803 432 7718028636203793451
HIT 3 1855449202804 432 10959024282374016983
HIT 3 1855449202806 432 7860739134916564455
HIT 3 1855449202805 432 11048644622974096721
HIT 3 1855449202808 432 11467123749180521568
HIT 3 1855449202807 432 1518066936656250709
HIT 3 1855449202809 432 1581168816971204881
HIT 3 1855449202810 432 5165882078643674533
HIT 3 1855449202811 432 1439112200362528993
HIT 3 1855449202812 432 14378278868811402729
HIT 3 1855449202813 432 2535980055364895590
HIT 3 1855449202814 432 2609534196853982625
HIT 3 1855449202815 432 2101790860902258699
HIT 3 1855449202816 432 15098926835412495807
HIT 3 1855449202817 432 3117264717373631081
HIT 3 1855449202818 432 774681338644184589
HIT 3 1855449202819 432 619350674586522568
HIT 3 1855449202820 432 10067139399147877901
HIT 3 1855449202821 432 2873686821674164262
HIT 3 1855449202823 432 4338311124181399165
HIT 3 1855449202822 432 4219187577773004489
HIT 3 1855449202824 432 1452024584294801789
HIT 3 1855449202825 432 3436375451846392636
HIT 3 1855449202826 432 13216222783233753971
HIT 3 1855449202827 432 16713490415572871598
HIT 3 1855449202828 432 6853106224728256805
HIT 3 1855449202829 432 18322190011078328711
HIT 3 1855449202830 432 3585203165497183801
HIT 3 1855449202832 432 9420234996899605705
HIT 3 1855449202831 432 17391039294321968828
HIT 3 1855449202833 432 15041348059893360747
HIT 3 1855449202834 432 11717206112362380702
HIT 3 1855449202835 432 10137636711267119176
HIT 3 1855449202836 432 7110101924200511135
HIT 3 1855449202837 432 13872529843397832054
HIT 3 1855449202838 432 17609226123489195083
HIT 3 1855449202839 432 5620276506940822922
HIT 3 1855449202840 432 10846865245981280752
HIT 3 1855449202842 432 2350590019977818958
HIT 3 1855449202843 432 8910948088028559657
HIT 3 1855449202841 432 11905486073065596947
HIT 3 1855449202844 432 6626506167332677982
HIT 3 1855449202845 432 7908399993141029313
HIT 3 1855449202847 432 5492520999870285604
HIT 3 1855449202848 432 4095305424801770035
HIT 3 1855449202846 432 2181161737905717834
HIT 3 1855449202849 432 9820700673807644278
HIT 3 1855449202851 432 7738663881512501777
HIT 3 1855449202850 432 12346045058257211512
HIT 3 1855449202852 432 12011266928388244239
HIT 3 1855449202853 432 8034884665314046687
HIT 3 1855449202854 432 12275572556154571843
HIT 3 1855449202855 432 4215463298561560039
HIT 3 1855449202856 432 12743552150281292343
HIT 3 1855449202857 432 4900168619814997634
HIT 3 1855449202858 432 400802451773425071
HIT 3 1855449202859 432 1911366384472470538
HIT 3 1855449202860 432 5491422750593029023
HIT 3 1855449202863 432 3944922802228721762
HIT 3 1855449202861 432 14433947292448813436
HIT 3 1855449202862 432 3760378550724930222
HIT 3 1855449202864 432 14758075830487801553
HIT 3 1855449202865 432 9102077275096226225
HIT 3 1855449202867 432 4319569638579158901
HIT 3 1855449202866 432 13953555330449885340
HIT 3 1855449202868 432 799737187784963350
HIT 3 1855449202869 432 3273829929971990412
HIT 3 1855449202870 432 5112859984184607154
HIT 3 1855449202871 432 10491411670397005714
HIT 3 1855449202872 432 13098724190315313707
HIT 3 1855449202873 432 4782803495657684953
HIT 3 1855449202874 432 997587699826844080
HIT 3 1855449202875 432 10414231977274129303
HIT 3 1855449202876 432 9952330117392056259
HIT 3 1855449202877 432 291586503186185947
HIT 3 1855449202878 432 11022790381153451338
HIT 3 1855449202880 432 7048381777686226393
HIT 3 1855449202881 432 12124168293423817704
HIT 3 1855449202882 432 11424988284064234592
HIT 3 1855449202879 432 8672321598809909820
HIT 3 1855449202883 432 5652208699279655828
HIT 3 1855449202885 432 7002019602328582459
HIT 3 1855449202884 432 15232287904627448307
HIT 3 1855449202886 432 951197924679574886
HIT 3 1855449202887 432 3678967090625332536
HIT 3 1855449202888 432 8574532747269698560
HIT 3 1855449202889 432 17686778856001784420
HIT 3 1855449202891 432 14180594288134781524
HIT 3 1855449202890 432 14469937917639507935
HIT 3 1855449202892 432 14233845656755794175
HIT 3 1855449202894 432 3095984295381734090
HIT 3 1855449202893 432 4324087328420015192
HIT 3 1855449202897 432 4950517268688594816
HIT 3 1855449202895 432 8335134778607646582
HIT 3 1855449202896 432 15754970154546949985
HIT 3 1855449202899 432 2277815754590296651
HIT 3 1855449202898 432 5959251827903098704
HIT 3 1855449202902 432 5920028614618549319
HIT 3 1855449202901 432 11434471458994112281
HIT 3 1855449202900 432 1432067380001114393
HIT 3 1855449202903 432 8182104877797587784
HIT 3 1855449202905 432 16942662856437292848
HIT 3 1855449202906 432 1152369084267445527
HIT 3 1855449202904 432 1021209647007574041
HIT 3 1855449202907 432 14330404628538952115
HIT 3 1855449202908 432 2536661747753791982
HIT 3 1855449202909 432 10355354506452711210
HIT 3 1855449202910 432 18279041708574809229
HIT 3 1855449202911 432 472233803526155605
HIT 3 1855449202914 432 5576457608060485733
HIT 3 1855449202912 432 580469229704104137
HIT 3 1855449202913 432 17903146998118882253
HIT 3 1855449202915 432 15107076389720692856
HIT 3 1855449202916 432 811110598869663973
HIT 3 1855449202919 432 5751779325370224915
HIT 3 1855449202917 432 4014577404132139452
HIT 3 1855449202918 432 11388233089449310310
HIT 3 1855449202920 432 18282908913914371575
HIT 3 1855449202921 432 14493114426780599162
HIT 3 1855449202925 432 13466815357487223050
HIT 3 1855449202923 432 1898171847582223989
HIT 3 1855449202922 432 18359100298751717882
HIT 3 1855449202924 432 12488737262113689148
HIT 3 1855449202926 432 16609607499291219523
HIT 3 1855449202928 432 127898919749980617
HIT 3 1855449202930 432 167820185855585251
HIT 3 1855449202927 432 1565079101040957164
HIT 3 1855449202929 432 15552048430115991313
HIT 3 1855449202931 432 1955825336248440027
HIT 3 1855449202932 432 7272893602636456356
HIT 3 1855449202935 432 10900971012756499874
HIT 3 1855449202933 432 12719700294862832466
HIT 3 1855449202934 432 5433180508761215644
HIT 3 1855449202936 432 5017328706985235697
HIT 3 1855449202938 432 17933510226850983401
HIT 3 1855449202940 432 2510290145397153839
HIT 3 1855449202937 432 14926768323845800230
HIT 3 1855449202939 432 9285823513512847011
HIT 3 1855449202941 432 14681172755294348802
HIT 3 1855449202943 432 14606825539694203856
HIT 3 1855449202942 432 2485266418442041003
HIT 3 1855449202944 432 12529359323803183764
HIT 3 1855449202945 432 8658996302199150975
HIT 3 1855449202946 432 8381517057467753433
HIT 3 1855449202948 432 8074503136592341296
HIT 3 1855449202947 432 18203573743008874663
HIT 3 1855449202950 432 18165899059553564429
HIT 3 1855449202949 432 9573710009051448164
HIT 3 1855449202951 432 4080463862826000332
HIT 3 1855449202952 432 5748038921561321184
HIT 3 1855449202953 432 5283210499630031458
HIT 3 1855449202955 432 12706467669961208027
HIT 3 1855449202954 432 11484917350205754649
HIT 3 1855449202956 432 1190578140964029387
HIT 3 1855449202957 432 3253471123879119445
HIT 3 1855449202958 432 8104031467823795337
HIT 3 1855449202959 432 12881909464130805078
HIT 3 1855449202960 432 12913342937472228108
HIT 3 1855449202961 432 10824967061052551127
HIT 3 1855449202962 432 18052281851969786915
HIT 3 1855449202963 432 18036613610241436650
HIT 3 1855449202964 432 16042801299285918229
HIT 3 1855449202965 432 7068417336604853251
HIT 3 1855449202966 432 18396048160326876568
HIT 3 1855449202967 432 8973181808766842557
HIT 3 1855449202968 432 15533828011188609055
HIT 3 1855449202970 432 7688311466241155579
HIT 3 1855449202969 432 17129578313282980923
HIT 3 1855449202972 432 16609868998156696731
HIT 3 1855449202971 432 13796185256441384052
HIT 3 1855449202973 432 3462176558562613859
HIT 3 1855449202974 432 1839473795928158201
HIT 3 1855449202976 432 17452774785254764466
HIT 3 1855449202975 432 16818711807723350717
HIT 3 1855449202977 432 18232100558711878515
HIT 3 1855449202978 432 415956413862232146
HIT 3 1855449202979 432 2852898839695910162
HIT 3 1855449202980 432 13835350205085375059
HIT 3 1855449202981 432 8674234942152243538
HIT 3 1855449202982 432 3617008858469926078
HIT 3 1855449202984 432 3856057790344880808
HIT 3 1855449202983 432 68006728335990861
HIT 3 1855449202985 432 4192324323056417994
HIT 3 1855449202986 432 1306006075663983186
HIT 3 1855449202987 432 13509937194414116032
HIT 3 1855449202990 432 5544021553400146511
HIT 3 1855449202988 432 4249075209781398405
HIT 3 1855449202989 432 382570396965817507
HIT 3 1855449202991 432 14559503631743473512
HIT 3 1855449202992 432 1962920956457577462
HIT 3 1855449202993 432 9588568402574995560
HIT 3 1855449202994 432 15578877386042583362
HIT 3 1855449202996 432 15201347673765765624
HIT 3 1855449202995 432 14674306635968395077
HIT 3 1855449202997 432 10072397269735690553
HIT 3 1855449203000 432 5913095439700204186
HIT 3 1855449202999 432 12700975271179291448
HIT 3 1855449202998 432 6342061910702521569
HIT 3 1855449203001 432 12418349773644223602
HIT 3 1855449203002 432 15962853034191899716
HIT 3 1855449203005 432 9235143294236652948
HIT 3 1855449203003 432 15069036412692600306
HIT 3 1855449203004 432 10597985240700341505
HIT 3 1855449203006 432 16254666562466714268
HIT 3 1855449203007 432 18344997412479410713
HIT 3 1855449203008 432 13974628955970285623
HIT 3 1855449203009 432 2529401471595645862
HIT 3 1855449203010 432 15436645704303342869
HIT 3 1855449203011 432 14536726961266370541
HIT 3 1855449203012 432 4638588117997697293
HIT 3 1855449203014 432 16693460225961154706
HIT 3 1855449203013 432 10090832150443558508
HIT 3 1855449203015 432 15078713057892754894
HIT 3 1855449203016 432 3517151300044138566
HIT 3 1855449203017 432 9018208024361660350
HIT 3 1855449203018 432 4496298943232361887
HIT 3 1855449203019 432 12885627136540553500
HIT 3 1855449203020 432 3655513068103133348
HIT 3 1855449203022 432 4327591839086325256
HIT 3 1855449203021 432 1979050579026072564
HIT 3 1855449203023 432 17758566581668539145
HIT 3 1855449203024 432 18043975378340001932
HIT 3 1855449203026 432 5956883319638706439
HIT 3 1855449203025 432 10382216228155495524
HIT 3 1855449203027 432 8097985078429620158
HIT 3 1855449203028 432 6326419851649496745
HIT 3 1855449203029 432 13837492958109269490
HIT 3 1855449203030 432 6195724430689309905
HIT 3 1855449203031 432 12200907153399836974
HIT 3 1855449203032 432 13960700760458896629
HIT 3 1855449203033 432 1342782327414645093
HIT 3 1855449203034 432 18198915248431701617
HIT 3 1855449203035 432 7185538323794530463
HIT 3 1855449203037 432 2365074871204701159
HIT 3 1855449203036 432 13565753206832862607
HIT 3 1855449203038 432 4724740132202867886
HIT 3 1855449203039 432 7296145772298201542
HIT 3 1855449071968 432 10059724156493505442
HIT 3 1855449203040 432 8630728050770537405
HIT 3 1855449203042 432 5416231028120472480
HIT 3 1855449203041 432 10059724156493505442
HIT 3 1855449203043 432 3925072494554630086
HIT 3 1855449334115 432 5416231028120472480
HIT 3 1864044183906 434 3925072494554630086
HIT 3 1855449334116 432 11282831978695519062
HIT 3 1855449399652 432 12293521075037983581
HIT 3 1855449465188 432 6027688796511443014
HIT 3 1855449530724 432 7574053300972119125
HIT 3 1855449596260 432 294472525469248636
HIT 3 1855449661796 432 13770380773914794489
HIT 3 1855449727332 432 14546219628975562326
HIT 3 1855449792868 432 16899669008008308281
HIT 3 1855449858404 432 3052511429964479563
HIT 3 1855449923940 432 15739678321584774540
HIT 3 1855449989476 432 7692957573766612599
HIT 3 1855450055012 432 1069292086662027128
HIT 3 1855450120548 432 3437992748399607977
HIT 3 1855450186084 432 11666225946790422712
HIT 3 1855450251620 432 4381880111417092054
HIT 3 1855450317156 432 1749424028664863810
HIT 3 1855450382692 432 3833914226070351616
HIT 3 1855450448228 432 656699268923663323
HIT 3 1855450513764 432 4862078705389847628
HIT 3 1855450579300 432 13229397823376681585
HIT 3 1855450644836 432 4695399905505674028
HIT 3 1855450710372 432 274671358343581953
HIT 3 1855450775908 432 3587297346213477767
HIT 3 1855450841444 432 15036567969729594629
HIT 3 1855450906980 432 12333937323569894518
HIT 3 1855450972516 432 13946228120241877745
HIT 3 1855451038052 432 7076543622198640826
HIT 3 1855451103588 432 380052930910430652
HIT 3 1855451169124 432 12664894664379160781
HIT 3 1855451234660 432 10313440848513838653
HIT 3 1846859399525 430 5565460340595497814
HIT 3 1855449334117 432 7839761506534694239
HIT 3 1859744301413 433 1061307637030725785
HIT 3 1864039268709 434 7847895097948304969
HIT 3 1546211754341 360 6371598786949246188
HIT 3 1855449399653 432 7574053300972119125
HIT 3 1855449465189 432 11282831978695519062
HIT 3 1855451300196 432 4473507405784837715
HIT 3 1855451365732 432 15796577839585597492
HIT 3 1855451431268 432 1274370045908239390
HIT 3 1855451496804 432 17869406107574704259
HIT 3 1855451562340 432 9684378138343956337
HIT 3 1855451627876 432 4944697451811538759
HIT 3 1855451693412 432 618285542567021490
HIT 3 1855451758948 432 17844034204271851687
HIT 3 1855451824484 432 18061641004495359939
HIT 3 1855451890020 432 7077140889039679529
HIT 3 1855451955556 432 2974725242074101741
HIT 3 1855452021092 432 3370964053916976900
HIT 3 1855452086628 432 5358803109590497117
HIT 3 1855452152164 432 14511204862835586522
HIT 3 1855452217700 432 7174313817416509616
HIT 3 1855452283236 432 9320543194324792893
HIT 3 1855452348772 432 4221136545630750846
HIT 3 1855452414308 432 10736093301282406073
HIT 3 1855452479844 432 2099597689055019942
HIT 3 1855452545380 432 12298949995458828655
HIT 3 1855452610916 432 5407220670149143489
HIT 3 1855452676452 432 16704761624751534182
HIT 3 1855452741988 432 10918406161427144419
HIT 3 1855452807524 432 843368142559738015
HIT 3 1855452873060 432 15699825616210223825
HIT 3 1855452938596 432 1980692692245785456
HIT 3 1855453004132 432 1146426726862453538
HIT 3 1855453069668 432 1616486644064344565
HIT 3 1855453135204 432 4392069413713746442
HIT 3 1855453200740 432 5505062672799403317
HIT 3 1855453266276 432 2793180068052917679
HIT 3 1855453331812 432 6057788721937088348
HIT 3 1855453397348 432 14356160963825260600
HIT 3 1855453462884 432 11919471960676057334
HIT 3 1855453528420 432 8743370900431076943
HIT 3 1855453593956 432 13599071783679887244
HIT 3 1855453659492 432 18382490665898209109
HIT 3 1855453725028 432 15348288313586237945
HIT 3 1855453790564 432 3652448571667874816
HIT 3 1855453856100 432 2069093664684135328
HIT 3 1846863987044 430 1689456837998365350
HIT 3 1855453921636 432 6035715491993184907
HIT 3 1855453987172 432 1689456837998365350
HIT 3 1855449465191 432 10383629714865347408
HIT 3 1864044183909 434 12293521075037983581
HIT 3 1855454052708 432 17757019758109845509
HIT 3 1855454118244 432 5565460340595497814
HIT 3 1864044052836 434 17757019758109845509
HIT 3 1864044118372 434 10047626621358495624
HIT 3 1868339085668 435 1061307637030725785
HIT 3 1872634052964 436 3210760365380638534
HIT 3 1876929020260 437 7695877075165683555
HIT 3 1881223987556 438 12755273442071381714
HIT 3 1885518954852 439 18325447778989027153
HIT 3 1889813922148 440 10371582025391456465
HIT 3 1894108889444 441 5088826557254661874
HIT 3 1898403856740 442 12439570249805994444
HIT 3 1902698824036 443 9623823628667366734
HIT 3 1906993791332 444 2872484134543194145
HIT 3 1911288758628 445 2532749565000050437
HIT 3 1915583725924 446 14471245482237953683
HIT 3 1919878693220 447 14191956989394299855
HIT 3 1924173660516 448 10514270916331433811
HIT 3 1928468627812 449 13800917745940300067
HIT 3 1932763595108 450 7804129649266410163
HIT 3 1937058562404 451 14184928339077306334
HIT 3 1941353529700 452 14285814197455682182
HIT 3 1945648496996 453 15734234030343338483
HIT 3 1949943464292 454 3197739870440074719
HIT 3 1954238431588 455 7971339017163122123
HIT 3 1958533398884 456 2023185881726300577
HIT 3 1962828366180 457 3032527143758831843
HIT 3 1967123333476 458 6864704752835172993
HIT 3 1971418300772 459 12318049943050587125
HIT 3 1975713268068 460 13589788408912525946
HIT 3 1980008235364 461 10362088065734373226
HIT 3 1984303202660 462 9616097750105540042
HIT 3 1988598169956 463 2874855811888700814
HIT 3 1992893137252 464 5736720394690789874
HIT 3 1997188104548 465 4013828171414089381
HIT 3 2001483071844 466 13817252503098045515
HIT 3 2005778039140 467 11161037362815720602
HIT 3 2010073006436 468 9549625169315654101
HIT 3 2014367973732 469 12664554710831471293
HIT 3 2018662941028 470 13931232146969791004
HIT 3 2022957908324 471 10860121435640854952
HIT 3 2027252875620 472 6979126901180738092
HIT 3 2031547842916 473 6410263219145827033
HIT 3 2035842810212 474 16239315388225818162
HIT 3 2040137777508 475 1071543338929072251
HIT 3 2044432744804 476 8467850198213957564
HIT 3 2048727712100 477 13976769278319379627
HIT 3 2053022679396 478 17482661458894246671
HIT 3 2057317646692 479 12968835610407434184
HIT 3 2061612613988 480 14377951558640390703
HIT 3 2065907581284 481 17744100633650240516
HIT 3 2070202548580 482 12443888769748876979
HIT 3 2074497515876 483 5785247426749457643
HIT 3 2078792483172 484 784632563967116013
HIT 3 2083087450468 485 8376003305738311725
HIT 3 2087382417764 486 11249808600858988964
HIT 3 2091677385060 487 9696682820934164236
HIT 3 2095972352356 488 17233302315741410567
HIT 3 2100267319652 489 10040256233334748982
HIT 3 2104562286948 490 15769145963591383208
HIT 3 2108857254244 491 7962418387495173458
HIT 3 2113152221540 492 4433116239663426329
HIT 3 2117447188836 493 12513498380520459827
HIT 3 2121742156132 494 10991979321834388056
HIT 3 2126037123428 495 16886109339486183313
HIT 3 2130332090724 496 7802019195537326216
HIT 3 2134627058020 497 17357749102577075561
HIT 3 2138922025316 498 7043083031641659721
HIT 3 2143216992612 499 3553622832106511207
HIT 3 2147511959908 500 16399130138986202273
HIT 3 2151806927204 501 15750264510463857164
HIT 3 2156101894500 502 15319621639890507983
HIT 3 2160396861796 503 15392845850038537943
HIT 3 2164691829092 504 7974487814124983486
HIT 3 2168986796388 505 4969729238824109931
HIT 3 2173281763684 506 1772827425932333304
HIT 3 2177576730980 507 5007048398812200169
HIT 3 2181871698276 508 3493204822621151175
HIT 3 2186166665572 509 2907505471388479099
HIT 3 2190461632868 510 16937638987564651439
HIT 3 2194756600164 511 4684489519417391775
HIT 3 1864044183908 434 7839761506534694239
HIT 3 1868339151204 435 7695877075165683555
HIT 3 1872634118500 436 10047626621358495624
HIT 3 1872634249572 436 7847895097948304969
HIT 3 1864044183910 434 10383629714865347408
HIT 3 1872634249649 436 1607074094782726558
DONE data/p_inv3.txt sz=3 range=[0,512) n=22108160 zero=0 19.7s
