HIT 1 57 57 7036210139526152580
HIT 1 141 141 8971396936200407918
HIT 1 237 237 9402000654987916241
HIT 1 278 278 12407702075643799453
HIT 1 474 474 17547936026040539294
DONE data/p_2p256.txt sz=1 range=[0,512) n=512 zero=0 0.0s
HIT 2 9240631 141 18103026010899569081
HIT 2 15532087 237 10739259812054603378
HIT 2 18219063 278 15867766291638513103
HIT 2 31064119 474 10238401387294391479
HIT 2 3866680 59 7036210139526152580
HIT 2 9240632 141 2133077203217285037
HIT 2 15532088 237 13574867957981971486
HIT 2 18219064 278 310793589723979534
HIT 2 31064120 474 9218906732778439226
HIT 2 9109561 139 15869489574747002952
HIT 2 9175097 140 5011589795011581510
HIT 2 9240633 141 6345680386616419225
HIT 2 9371705 143 951641882497613205
HIT 2 15401017 235 6818755802165286316
HIT 2 15466553 236 2535162352820926821
HIT 2 15532089 237 9387654661946630674
HIT 2 15663161 239 11178292424154896607
HIT 2 18087993 276 11003327092118510654
HIT 2 18219065 278 4629035181175404616
HIT 2 18284601 279 4483044270786172565
HIT 2 18350137 280 6889989032826910922
HIT 2 30933049 472 10908715500898014407
HIT 2 31064121 474 14426346514388337117
HIT 2 31129657 475 7186743545496012302
HIT 2 31195193 476 12845730607750902661
HIT 2 9240635 141 11667716978170352598
HIT 2 15532091 237 2350343013841632424
HIT 2 18219067 278 1242415065859283734
HIT 2 31064123 474 10752661786510865016
HIT 2 15532171 237 17086027522738547234
HIT 2 18219147 278 14528950345916338430
HIT 2 31064203 474 417966596559594392
HIT 2 9371788 143 8971396936200407918
HIT 2 15532172 237 14035353764680687099
HIT 2 18219148 278 12855747323862787219
HIT 2 31064204 474 18365306861279597873
HIT 2 15401101 235 2284885457634809544
HIT 2 15466637 236 4635219725990875070
HIT 2 15532173 237 2557286531386016196
HIT 2 15663245 239 12026426487863091399
HIT 2 18088077 276 59059356607955859
HIT 2 18219149 278 9835173109990837362
HIT 2 18284685 279 2274239225822095243
HIT 2 18350221 280 9826901604922034067
HIT 2 30933133 472 6364440699409369020
HIT 2 31064205 474 599353090366264576
HIT 2 31129741 475 5933166475435174733
HIT 2 31195277 476 13751115151966498610
HIT 2 15532175 237 9580449072514007386
HIT 2 18219151 278 14794232371933870943
HIT 2 31064207 474 9955449009008816972
HIT 2 18219243 278 4918123435700728003
HIT 2 31064299 474 17918744858064746342
HIT 2 18088173 276 15013813955491877635
HIT 2 18219245 278 4738878844329917251
HIT 2 18284781 279 11359767837675959646
HIT 2 18350317 280 319630151735760275
HIT 2 30933229 472 683177821894162604
HIT 2 31064301 474 6626051454222423880
HIT 2 31129837 475 6994838661071902209
HIT 2 31195373 476 13004508638617082878
HIT 2 18219247 278 11648065699622599755
HIT 2 31064303 474 8662399840302262941
HIT 2 15663340 239 9402000654987916241
HIT 2 18219244 278 17211744116375749268
HIT 2 31064300 474 5806333595967202522
HIT 2 31064340 474 5545362545960951984
HIT 2 30933270 472 5571936311687041882
HIT 2 31064342 474 13459772940942707458
HIT 2 31129878 475 2918522309978562965
HIT 2 31195414 476 13554978057019117986
HIT 2 18350359 280 12407702075643799453
HIT 2 31064343 474 2389207544398590160
HIT 2 31064344 474 15763069177895498083
HIT 2 31195611 476 17547936026040539294
DONE data/p_2p256.txt sz=2 range=[0,512) n=130560 zero=0 0.3s
HIT 3 605594124291 141 15743526598434858880
HIT 3 1017910984707 237 13309304252985505329
HIT 3 1194004643843 278 17596155471064807982
HIT 3 2035818233859 474 1296594737958461224
HIT 3 605594124290 141 4337909539128792062
HIT 3 1017910984706 237 291174302942538150
HIT 3 1194004643842 278 4391632767585948159
HIT 3 2035818233858 474 16367814606980157948
HIT 3 605594124288 141 14406289314899788160
HIT 3 1017910984704 237 10268807482639748190
HIT 3 1194004643840 278 12172909705737234476
HIT 3 2035818233856 474 2991523618255566682
HIT 3 605594124289 141 13744217153346005916
HIT 3 1017910984705 237 1869385065933339553
HIT 3 1194004643841 278 17842331450183549520
HIT 3 2035818233857 474 1847913431908418404
HIT 3 1017916489730 237 14936429562311546636
HIT 3 1194010148866 278 5689953577519433188
HIT 3 2035823738882 474 7895346823419066272
HIT 3 1017916489728 237 5711713432084443335
HIT 3 1194010148864 278 10591091839834976127
HIT 3 2035823738880 474 11951398842270471228
HIT 3 1017916489731 237 17342760681705892301
HIT 3 1194010148867 278 10180255975197986915
HIT 3 2035823738883 474 1247594276230415420
HIT 3 1017916489729 237 17244388217316846857
HIT 3 1194010148865 278 2827700604579621016
HIT 3 2035823738881 474 6599103480754811488
HIT 3 1194016440320 278 10285078142818309461
HIT 3 2035830030336 474 1142593079661959440
HIT 3 1194016440322 278 2447188330123018572
HIT 3 2035830030338 474 9259180667534666655
HIT 3 1194016440323 278 4677000242595219461
HIT 3 2035830030339 474 4435237104714410327
HIT 3 2035832717314 474 11450645051295248903
HIT 3 2035832717315 474 16533853681975744745
HIT 3 1194016440321 278 168053670955379555
HIT 3 2035830030337 474 15302844960059059425
HIT 3 2035832717312 474 14187762850908427315
HIT 3 2035832717313 474 11191578775257949299
HIT 3 605594124292 141 594655034805447261
HIT 3 1017910984708 237 3237442962283663864
HIT 3 1194004643844 278 4164249019445267422
HIT 3 2035818233860 474 14371894286771455407
HIT 3 605594124294 141 6776589346559624208
HIT 3 1017910984710 237 2766921703499318751
HIT 3 1194004643846 278 10286806003369838908
HIT 3 2035818233862 474 13235235459375381743
HIT 3 605594124293 141 15686594135634348262
HIT 3 1017910984709 237 14630306627062825921
HIT 3 1194004643845 278 17946591378566758460
HIT 3 2035818233861 474 14708807802703232196
HIT 3 605594124295 141 10997806507075731858
HIT 3 1017910984711 237 6735427038418450469
HIT 3 1194004643847 278 14849528394156247071
HIT 3 2035818233863 474 15327671007788211987
HIT 3 1017916489732 237 1095187730869823390
HIT 3 1194010148868 278 2981964015930921950
HIT 3 2035823738884 474 5679785970827690780
HIT 3 1017916489734 237 6473338032039609226
HIT 3 1194010148870 278 12719937995428545019
HIT 3 2035823738886 474 13789179868495376011
HIT 3 1017916489735 237 12260176980753716765
HIT 3 1194010148871 278 13912241236561971195
HIT 3 2035823738887 474 7708883092769940224
HIT 3 1194016440324 278 9754984555632149665
HIT 3 1017916489733 237 134002996405524675
HIT 3 1194010148869 278 12195783371997839601
HIT 3 2035823738885 474 16245519706187329595
HIT 3 2035830030340 474 2668704226825254467
HIT 3 2035832717316 474 2723065505582694841
HIT 3 1194016440326 278 2258585462428417947
HIT 3 2035830030342 474 9851575388992355107
HIT 3 1194016440327 278 13891618576313675380
HIT 3 2035830030343 474 749621150799007565
HIT 3 2035832717318 474 2100183747494160071
HIT 3 1194016440325 278 8342437859356585769
HIT 3 2035830030341 474 5174299207467177555
HIT 3 2035832717319 474 1928091516227804456
HIT 3 2035832717317 474 9608761127385514697
HIT 3 605594124296 141 3964207727224949547
HIT 3 1017910984712 237 1914782004273286414
HIT 3 1194004643848 278 2630834111418932449
HIT 3 2035818233864 474 3088936513886426396
HIT 3 605594124297 141 762618776826917646
HIT 3 1017910984713 237 11674407067337384599
HIT 3 1194004643849 278 16135769304598777132
HIT 3 2035818233865 474 1518523404749353371
HIT 3 605594124298 141 691097442789310358
HIT 3 1017910984714 237 969973751224263915
HIT 3 1194004643850 278 12060009304232649188
HIT 3 2035818233866 474 12568629896810847971
HIT 3 1017916489736 237 15293928392576956774
HIT 3 1194010148872 278 17377237104818894154
HIT 3 2035823738888 474 12278528573225156476
HIT 3 605594124299 141 1894521016197449405
HIT 3 1017910984715 237 14733104460500380511
HIT 3 1194004643851 278 12505189701262612536
HIT 3 2035818233867 474 3606076949796330249
HIT 3 1017916489737 237 15744311680418665792
HIT 3 1194010148873 278 15007171636478377789
HIT 3 2035823738889 474 9135528319127028342
HIT 3 1017916489738 237 12754201381814075655
HIT 3 1194010148874 278 7439660602196822252
HIT 3 2035823738890 474 11743531053229622129
HIT 3 1194016440328 278 15215369388573137048
HIT 3 2035830030344 474 17337293654815122462
HIT 3 2035832717320 474 11088227477232233602
HIT 3 1194016440329 278 11428807595967674649
HIT 3 2035830030345 474 4949204903638481439
HIT 3 1017916489739 237 1217273038188005987
HIT 3 1194010148875 278 17296339508168498377
HIT 3 2035823738891 474 2725170521306932135
HIT 3 2035832717321 474 304572321606127709
HIT 3 1194016440330 278 6644972447351392161
HIT 3 2035830030346 474 7138608982081470290
HIT 3 2035832717322 474 17610085392718692837
HIT 3 1194016440331 278 6123380620353226751
HIT 3 605594124300 141 1118653566126049212
HIT 3 1017910984716 237 2897506840837376591
HIT 3 1194004643852 278 7663104781980347050
HIT 3 2035818233868 474 9627771275793056420
HIT 3 2035830030347 474 4635901837595788528
HIT 3 2035832717323 474 9029657658939128729
HIT 3 605594124301 141 18146489534125856439
HIT 3 1017910984717 237 9179898603930674142
HIT 3 1194004643853 278 17392449425329681010
HIT 3 2035818233869 474 2100328422986766995
HIT 3 605594124302 141 8653307582479467694
HIT 3 1017910984718 237 227921036144542514
HIT 3 1194004643854 278 9401404269710042162
HIT 3 2035818233870 474 8264355464355701489
HIT 3 1017916489740 237 14443138808096970511
HIT 3 1194010148876 278 4228918415397276364
HIT 3 2035823738892 474 11839841538339983534
HIT 3 1017916489741 237 6495472075280908911
HIT 3 1194010148877 278 16725674374728845168
HIT 3 2035823738893 474 9763790809091574511
HIT 3 605594124303 141 1521805485826693436
HIT 3 1017910984719 237 8974506132996155296
HIT 3 1194004643855 278 5513241016385585349
HIT 3 2035818233871 474 4230734516725412438
HIT 3 1017916489742 237 16212936161061398251
HIT 3 1194010148878 278 1479893037039128374
HIT 3 2035823738894 474 4079261090071359252
HIT 3 1194016440332 278 15836940219754182902
HIT 3 2035830030348 474 16439935625328918273
HIT 3 2035832717324 474 6921121398054401932
HIT 3 1194016440333 278 3516161549418542421
HIT 3 2035830030349 474 5191189392371193717
HIT 3 1194016440334 278 12056494957429102599
HIT 3 2035830030350 474 1917570349518529740
HIT 3 2035832717325 474 10118616486198195766
HIT 3 1017916489743 237 7171958462464065311
HIT 3 1194010148879 278 208482487437527473
HIT 3 2035823738895 474 8996850129728112844
HIT 3 2035832717326 474 7140519648355700730
HIT 3 605594124304 141 9307327941346137096
HIT 3 1017910984720 237 1825549737538310148
HIT 3 1194004643856 278 16326812888531149133
HIT 3 2035818233872 474 9344836665948223688
HIT 3 1194016440335 278 10620613898802832006
HIT 3 2035830030351 474 13396644264174749101
HIT 3 605594124305 141 18080301333146955180
HIT 3 1017910984721 237 5134442937964424122
HIT 3 1194004643857 278 4976048087653133013
HIT 3 2035818233873 474 1759287358939582349
HIT 3 2035832717327 474 1210663414776156145
HIT 3 605594124306 141 9193231359923109298
HIT 3 1017910984722 237 4210407968772009502
HIT 3 1194004643858 278 13651094866969501340
HIT 3 2035818233874 474 16751742011305900694
HIT 3 1017916489744 237 11360781193738522506
HIT 3 1194010148880 278 7077252855890053718
HIT 3 2035823738896 474 2621917679747584781
HIT 3 1017916489745 237 956919039135349492
HIT 3 1194010148881 278 15662592069545589973
HIT 3 2035823738897 474 1941015323839237336
HIT 3 1017916489746 237 14487316780297746297
HIT 3 1194010148882 278 5719034307463933111
HIT 3 2035823738898 474 2574887864123268302
HIT 3 605594124307 141 1231998499323308205
HIT 3 1017910984723 237 1514455838903545324
HIT 3 1194004643859 278 7243323899349563487
HIT 3 2035818233875 474 13240746177762833520
HIT 3 1194016440336 278 2274229452958558351
HIT 3 2035830030352 474 601844043851706117
HIT 3 2035832717328 474 8321086873636059548
HIT 3 1194016440337 278 758078191639414791
HIT 3 2035830030353 474 5167451866024720179
HIT 3 2035832717329 474 754321967932480522
HIT 3 1194016440338 278 1722896696551477553
HIT 3 2035830030354 474 8103076950621096421
HIT 3 1017916489747 237 4847147553080292020
HIT 3 1194010148883 278 11316367014242446076
HIT 3 2035823738899 474 11399394582796696804
HIT 3 2035832717330 474 3655874691096677344
HIT 3 605594124308 141 9637441601594582707
HIT 3 1017910984724 237 16864415589160049492
HIT 3 1194004643860 278 11207808526489689539
HIT 3 2035818233876 474 13704822643828301379
HIT 3 1194016440339 278 17793645819267029997
HIT 3 2035830030355 474 3022436462538515599
HIT 3 605594124309 141 1070403370188371373
HIT 3 1017910984725 237 15178902699137873393
HIT 3 1194004643861 278 1055347160417141690
HIT 3 2035818233877 474 13418782963832504803
HIT 3 2035832717331 474 10342477530618079322
HIT 3 1017916489748 237 10760941356934421900
HIT 3 1194010148884 278 12531499671036461639
HIT 3 2035823738900 474 717066047563512749
HIT 3 605594124310 141 14463564000123163182
HIT 3 1017910984726 237 11515350643511226649
HIT 3 1194004643862 278 13679666084384023753
HIT 3 2035818233878 474 11310678721700027269
HIT 3 1017916489749 237 2869747805788335919
HIT 3 1194010148885 278 17242355001219539862
HIT 3 2035823738901 474 16818733772968643362
HIT 3 1194016440340 278 6249191652043035530
HIT 3 2035830030356 474 3994583518547055047
HIT 3 605594124311 141 16586083941094170895
HIT 3 1017910984727 237 2969124360747262366
HIT 3 1194004643863 278 12480188440742131417
HIT 3 2035818233879 474 17189678674558350010
HIT 3 1017916489750 237 6781983072518943932
HIT 3 2035832717332 474 12180389658320051845
HIT 3 1194010148886 278 15987278312815549401
HIT 3 2035823738902 474 5075653508404191367
HIT 3 1194016440341 278 7439812803074829554
HIT 3 2035830030357 474 6911906618043967022
HIT 3 2035832717333 474 1439567399644611977
HIT 3 1017916489751 237 13720219257197266030
HIT 3 1194010148887 278 5321964151172657607
HIT 3 2035823738903 474 15070050371960731007
HIT 3 1194016440342 278 7942724638110087985
HIT 3 2035830030358 474 16866908192463923022
HIT 3 2035832717334 474 2083222014272043344
HIT 3 605594124312 141 11915821761791561625
HIT 3 1017910984728 237 13274886493476013739
HIT 3 1194004643864 278 8083060366443420859
HIT 3 2035818233880 474 1594352082703393186
HIT 3 605594124313 141 2931106426389866392
HIT 3 1017910984729 237 11626448803345428448
HIT 3 1194004643865 278 14403883064351116875
HIT 3 2035818233881 474 14683964702586059846
HIT 3 1194016440343 278 9068876716646560475
HIT 3 2035830030359 474 17004999037251406413
HIT 3 605594124314 141 7881423859123904296
HIT 3 1017910984730 237 8669346334557990407
HIT 3 1194004643866 278 13508502476207156378
HIT 3 2035818233882 474 12258942264978610986
HIT 3 2035832717335 474 10063245554819193676
HIT 3 1017916489753 237 12816747439704516677
HIT 3 1194010148889 278 11416099668872536475
HIT 3 2035823738905 474 748427663290955180
HIT 3 1017916489752 237 10311448492849387572
HIT 3 1194010148888 278 10010772485006660969
HIT 3 2035823738904 474 12426378589997470569
HIT 3 1194016440345 278 3597730259893758081
HIT 3 2035830030361 474 7023206717843373298
HIT 3 605594124315 141 11841996883859025990
HIT 3 1017910984731 237 12596066834166818175
HIT 3 1194004643867 278 17672800644841884162
HIT 3 1017916489754 237 13057922493613928605
HIT 3 1194010148890 278 5705685620358839572
HIT 3 2035823738906 474 11319309740736643056
HIT 3 2035832717337 474 6593175991752330704
HIT 3 2035818233883 474 17649490293934287027
HIT 3 1194016440344 278 16530625032863167951
HIT 3 2035830030360 474 12355596498113190539
HIT 3 1017916489755 237 12024357690390825559
HIT 3 1194010148891 278 453447688857747790
HIT 3 2035823738907 474 1803725184116055221
HIT 3 2035832717336 474 1883896388147813221
HIT 3 1194016440346 278 2721566708179274710
HIT 3 2035830030362 474 16789043086702207238
HIT 3 605594124316 141 6280420879096477614
HIT 3 1017910984732 237 6537740138563691513
HIT 3 1194004643868 278 9018014213903503546
HIT 3 2035818233884 474 14159178395785463375
HIT 3 2035832717338 474 13496858692094132717
HIT 3 1194016440347 278 4997582369360580170
HIT 3 2035830030363 474 1278222830954283602
HIT 3 2035832717339 474 8364259861621831063
HIT 3 605594124317 141 572917481127784726
HIT 3 1017916489756 237 6320086853801801371
HIT 3 1017910984733 237 4491199718208409753
HIT 3 1194004643869 278 13326320560712157771
HIT 3 1194010148892 278 7768162889329852032
HIT 3 2035818233885 474 12013938485709847062
HIT 3 2035823738908 474 677796591602325038
HIT 3 605594124318 141 14216135840772384418
HIT 3 1017910984734 237 13457471953425162561
HIT 3 1194004643870 278 7681131997461611093
HIT 3 2035818233886 474 8878131845467449764
HIT 3 1017916489757 237 9616493783417882171
HIT 3 1194010148893 278 1494513057083818882
HIT 3 2035823738909 474 766735924045428413
HIT 3 1194016440348 278 16788907718989700186
HIT 3 2035830030364 474 11343677161223937879
HIT 3 605594124319 141 14480242910421857710
HIT 3 1017910984735 237 5556130186523973709
HIT 3 1194004643871 278 13172321579533116882
HIT 3 2035818233887 474 11878578388469623649
HIT 3 2035832717340 474 12115207459351775445
HIT 3 1017916489758 237 6253382967293531035
HIT 3 1194010148894 278 10905460368409969354
HIT 3 2035823738910 474 14646535206953428565
HIT 3 1194016440349 278 3651232467532685552
HIT 3 2035830030365 474 13130349442226671652
HIT 3 2035832717341 474 6054581020480396957
HIT 3 1017916489759 237 7333499100015061375
HIT 3 1194010148895 278 1404607278239767334
HIT 3 2035823738911 474 12292394506543352278
HIT 3 605594124320 141 15089185289495891503
HIT 3 1017910984736 237 4066765994107746549
HIT 3 1194004643872 278 15345348695768880238
HIT 3 2035818233888 474 2165319541353506518
HIT 3 1194016440350 278 221938797279936976
HIT 3 2035830030366 474 17617063356355249224
HIT 3 605594124321 141 8651527960187488859
HIT 3 1017910984737 237 12834062951155624706
HIT 3 1194004643873 278 6885407037140093675
HIT 3 2035818233889 474 13414895711694231977
HIT 3 2035832717342 474 17531810137344519212
HIT 3 1194016440351 278 4421738330292154039
HIT 3 2035830030367 474 8998135357129269716
HIT 3 1017916489760 237 10864212098731743812
HIT 3 1194010148896 278 17603820433053301694
HIT 3 2035823738912 474 4762030977569799382
HIT 3 2035832717343 474 5907031402138811629
HIT 3 1017916489761 237 916296121941683974
HIT 3 1194010148897 278 13099416052890754214
HIT 3 2035823738913 474 13480208742362534389
HIT 3 605594124322 141 14865156018564972116
HIT 3 1017910984738 237 13254092552381823033
HIT 3 1194004643874 278 4736981609075304785
HIT 3 2035818233890 474 11821199336217906821
HIT 3 1194016440352 278 7305529009432623748
HIT 3 2035830030368 474 16346681930981033889
HIT 3 2035832717344 474 4282963531323301035
HIT 3 605594124323 141 8437647805563593194
HIT 3 1017910984739 237 236819425530176968
HIT 3 1194004643875 278 10242482554893409736
HIT 3 2035818233891 474 4289401976324360231
HIT 3 1194016440353 278 14008701556504762884
HIT 3 2035830030369 474 845237015685066897
HIT 3 1017916489762 237 6381747951818326290
HIT 3 1194010148898 278 5835861472068544652
HIT 3 2035823738914 474 7295180362898366024
HIT 3 605594124324 141 2369734249109743303
HIT 3 1017910984740 237 13835907916013508130
HIT 3 1194004643876 278 12303382513220994058
HIT 3 2035818233892 474 3894505019986649751
HIT 3 2035832717345 474 7096670295989355158
HIT 3 1017916489763 237 14769655024822862928
HIT 3 1194010148899 278 7641510039549630802
HIT 3 2035823738915 474 12376820796652703012
HIT 3 1194016440354 278 13649993854546721432
HIT 3 2035830030370 474 17117741577810286575
HIT 3 2035832717346 474 6634170568266305777
HIT 3 1017916489764 237 1240349411526555908
HIT 3 1194010148900 278 781930835928962907
HIT 3 2035823738916 474 10536938064345015722
HIT 3 605594124325 141 11933144380930515359
HIT 3 1017910984741 237 1200383435910491320
HIT 3 1194004643877 278 4613993073370913045
HIT 3 2035818233893 474 17715799802170498436
HIT 3 605594124326 141 18425009916455117517
HIT 3 1017910984742 237 11737738989912802991
HIT 3 1194004643878 278 6910043346183061374
HIT 3 2035818233894 474 9749225360059834047
HIT 3 1194016440356 278 8634515284106498248
HIT 3 2035830030372 474 16277936900473911139
HIT 3 1194016440355 278 17015207003657939924
HIT 3 2035830030371 474 1029520606840409131
HIT 3 2035832717348 474 12818883067760554265
HIT 3 2035832717347 474 16862051203545607798
HIT 3 1017916489766 237 3129785748505991070
HIT 3 1194010148902 278 7726761849996155908
HIT 3 2035823738918 474 8713375541714238576
HIT 3 1017916489765 237 1896635715559666568
HIT 3 1194010148901 278 15394439510701678460
HIT 3 2035823738917 474 2199278049398927367
HIT 3 605594124327 141 10334534523561228853
HIT 3 1017910984743 237 17535776734460517037
HIT 3 1194004643879 278 1359521480325135377
HIT 3 2035818233895 474 5296193375945957263
HIT 3 1194016440357 278 9536068451039953979
HIT 3 2035830030373 474 12805395903277128372
HIT 3 2035832717349 474 7717734632430003573
HIT 3 605594124328 141 4535386508835362891
HIT 3 1017910984744 237 17037479114019445695
HIT 3 1194004643880 278 16420243681116123096
HIT 3 2035818233896 474 637946239647667006
HIT 3 1194016440358 278 14550472328110489904
HIT 3 2035830030374 474 15718627352471826415
HIT 3 2035832717350 474 2949634815554283414
HIT 3 1017916489767 237 5324612559048306693
HIT 3 1194010148903 278 3198486254850014042
HIT 3 2035823738919 474 79152766994226319
HIT 3 605594124329 141 5761440709138396383
HIT 3 1017910984745 237 3599593025296833820
HIT 3 1194004643881 278 11096653016172014920
HIT 3 2035818233897 474 17118579191418563708
HIT 3 1017916489768 237 17987222656553719867
HIT 3 1194010148904 278 15865472890407603505
HIT 3 2035823738920 474 11864151477949126088
HIT 3 1017916489769 237 2459334163899405986
HIT 3 1194010148905 278 9291513158771452423
HIT 3 2035823738921 474 10702019965229080093
HIT 3 1194016440360 278 454858461885630118
HIT 3 2035830030376 474 16015352687466902800
HIT 3 1194016440359 278 8644082982531465065
HIT 3 2035830030375 474 13263940715012203214
HIT 3 605594124330 141 11839715989312403977
HIT 3 1017910984746 237 9584979260623163319
HIT 3 1194004643882 278 9858659976369611135
HIT 3 2035818233898 474 7567756222066226761
HIT 3 2035832717351 474 5531300705320743722
HIT 3 2035832717352 474 11560629053350591451
HIT 3 1194016440361 278 10482706675622188949
HIT 3 2035830030377 474 2910689382030064244
HIT 3 2035832717353 474 18375878204662764620
HIT 3 1017916489770 237 11903397953658149122
HIT 3 1194010148906 278 12928655904041450033
HIT 3 2035823738922 474 14075587432270473398
HIT 3 605594124331 141 7247129500073566164
HIT 3 1017910984747 237 15829116548777734918
HIT 3 1194004643883 278 13897364645824407053
HIT 3 2035818233899 474 15106243504149477290
HIT 3 605594124332 141 4676389926133666050
HIT 3 1017910984748 237 3594301527736454465
HIT 3 1194004643884 278 4233320002672321169
HIT 3 2035818233900 474 10481977105427052485
HIT 3 605594124333 141 3689161392048220302
HIT 3 1017910984749 237 15264981719077190865
HIT 3 1194004643885 278 17304331170951941391
HIT 3 2035818233901 474 1854701301271844467
HIT 3 1194016440362 278 13680613469094099166
HIT 3 2035830030378 474 18368504131709487126
HIT 3 1017916489771 237 5273943725752721861
HIT 3 1194010148907 278 5593880372819525228
HIT 3 2035823738923 474 2586466458080966305
HIT 3 1017916489772 237 4674090895242037538
HIT 3 1194010148908 278 11753186324233304442
HIT 3 2035823738924 474 17878064020536946642
HIT 3 2035832717354 474 8591723295135048591
HIT 3 1194016440363 278 12124210741444578746
HIT 3 2035830030379 474 18422713493244655356
HIT 3 1194016440364 278 1020171679165759963
HIT 3 2035830030380 474 6341068259154115286
HIT 3 1017916489773 237 15040665788040862167
HIT 3 1194010148909 278 17533186264032900645
HIT 3 2035823738925 474 16531907422470260270
HIT 3 605594124334 141 12130897372147621791
HIT 3 1017910984750 237 595649444805021222
HIT 3 1194004643886 278 2601014601863016129
HIT 3 2035818233902 474 16265478484152301287
HIT 3 2035832717355 474 10113179655533539769
HIT 3 2035832717356 474 8973599451888572851
HIT 3 1017916489774 237 14624397471014397043
HIT 3 1194010148910 278 1107400236739331257
HIT 3 2035823738926 474 6603096880940651259
HIT 3 605594124336 141 9208254403876753638
HIT 3 1017910984752 237 12385727567589634075
HIT 3 1194004643888 278 7861639572617444384
HIT 3 2035818233904 474 14815434608836767808
HIT 3 605594124335 141 3736961611828320880
HIT 3 1017910984751 237 17384060314659528239
HIT 3 1194004643887 278 5311819509740296393
HIT 3 2035818233903 474 9645256073032212426
HIT 3 1194016440365 278 16160687166035672108
HIT 3 2035830030381 474 7188709945876256551
HIT 3 1194016440366 278 8395743199525084790
HIT 3 2035830030382 474 9776265859706800102
HIT 3 2035832717357 474 790694094493541719
HIT 3 1017916489775 237 3653321603110809015
HIT 3 1194010148911 278 442589758530772411
HIT 3 2035823738927 474 9575345818331149084
HIT 3 1017916489776 237 9933970444895897318
HIT 3 1194010148912 278 8632472002114987522
HIT 3 2035823738928 474 4736621913684116048
HIT 3 2035832717358 474 13444289957857821051
HIT 3 605594124337 141 1037387984504675984
HIT 3 1017910984753 237 170730440872231924
HIT 3 1194004643889 278 4888840654564502713
HIT 3 2035818233905 474 17702395208666826783
HIT 3 1194016440367 278 12735490532054403877
HIT 3 2035830030383 474 9792892854622884023
HIT 3 2035832717359 474 5409576857616807435
HIT 3 1194016440368 278 4931794121522824560
HIT 3 2035830030384 474 6150945057968751059
HIT 3 605594124338 141 4324357840964949064
HIT 3 1017910984754 237 10362720838487858732
HIT 3 1194004643890 278 12589431723407317562
HIT 3 2035818233906 474 12714744125765404234
HIT 3 2035832717360 474 16821723200431780500
HIT 3 1017916489777 237 9779601940981122872
HIT 3 1194010148913 278 15575846006923086999
HIT 3 2035823738929 474 6593143595537958667
HIT 3 605594124339 141 3296400970303650211
HIT 3 1017910984755 237 17778351815084865011
HIT 3 1194004643891 278 15105119207274467759
HIT 3 2035818233907 474 10742056171025793940
HIT 3 1017916489778 237 14705562692962753407
HIT 3 1194010148914 278 8530911801736540537
HIT 3 2035823738930 474 15278206900269898035
HIT 3 605594124340 141 13752495733674660157
HIT 3 1017910984756 237 1463547581583877053
HIT 3 1194004643892 278 15193252321254667402
HIT 3 2035818233908 474 15891661620690084228
HIT 3 1194016440369 278 16800562385415622891
HIT 3 2035830030385 474 16909004735398898024
HIT 3 2035832717361 474 1533768668399607623
HIT 3 1194016440370 278 12805211948915707519
HIT 3 2035830030386 474 14497929384362428484
HIT 3 1017916489779 237 15583685823706024345
HIT 3 1194010148915 278 2870818808256887476
HIT 3 2035823738931 474 606662017923712505
HIT 3 1017916489780 237 2292456886410231276
HIT 3 1194010148916 278 17701772858007994464
HIT 3 2035823738932 474 14976002687175664038
HIT 3 2035832717362 474 17367580258937660990
HIT 3 605593993269 141 13752495733674660157
HIT 3 1017910853685 237 1463547581583877053
HIT 3 1194004512821 278 15193252321254667402
HIT 3 2035818102837 474 15891661620690084228
HIT 3 605594124341 141 6968798332639793537
HIT 3 1017910984757 237 6469940100835850218
HIT 3 1194004643893 278 3052430885698694287
HIT 3 2035818233909 474 3550446001045688777
HIT 3 605594124342 141 18103026010899569081
HIT 3 1017910984758 237 10739259812054603378
HIT 3 1194004643894 278 15867766291638513103
HIT 3 2035818233910 474 10238401387294391479
HIT 3 605594255414 141 1826506225446667605
HIT 3 1017911115830 237 15657553293149622371
HIT 3 1194004774966 278 16731197258823959809
HIT 3 2035818364982 474 16127710109609907285
HIT 3 1194016440371 278 1416428612780717527
HIT 3 2035830030387 474 16088943755255772326
HIT 3 1194016440372 278 17082141779358053633
HIT 3 2035830030388 474 10681708847959671367
HIT 3 1017916489781 237 6087946369034486395
HIT 3 1194010148917 278 10544388571986744956
HIT 3 2035823738933 474 4256019928476576152
HIT 3 2035832717363 474 16721146255368351855
HIT 3 1017916489782 237 14748228985645711614
HIT 3 1194010148918 278 17469936306247995332
HIT 3 2035823738934 474 8043267890114807843
HIT 3 2035832717364 474 2588873182905247694
HIT 3 1194016440373 278 12442579148564415030
HIT 3 2035830030389 474 15919352343528860059
HIT 3 2035832717365 474 14268161156020411534
HIT 3 605594124343 141 1826506225446667605
HIT 3 1017910984759 237 15657553293149622371
HIT 3 1194004643895 278 16731197258823959809
HIT 3 2035818233911 474 16127710109609907285
HIT 3 1194016440374 278 13764747118453795012
HIT 3 2035830030390 474 15339440854310852991
HIT 3 2035832717366 474 8753207618334341148
HIT 3 261996806200 61 7036210139526152580
HIT 3 605594189880 141 9573076831343361533
HIT 3 1017911050296 237 9413928537724129165
HIT 3 1194004709432 278 6328995788070153111
HIT 3 2035818299448 474 7691681467073448276
HIT 3 597004320824 139 15869489574747002952
HIT 3 601299288120 140 5011589795011581510
HIT 3 605594255416 141 6345680386616419225
HIT 3 614184190008 143 951641882497613205
HIT 3 1009321181240 235 6818755802165286316
HIT 3 1013616148536 236 2535162352820926821
HIT 3 1017911115832 237 9387654661946630674
HIT 3 1026501050424 239 11178292424154896607
HIT 3 1185414840376 276 11003327092118510654
HIT 3 1194004774968 278 4629035181175404616
HIT 3 1198299742264 279 4483044270786172565
HIT 3 1202594709560 280 6889989032826910922
HIT 3 2027228430392 472 10908715500898014407
HIT 3 2035818364984 474 14426346514388337117
HIT 3 2040113332280 475 7186743545496012302
HIT 3 2044408299576 476 12845730607750902661
HIT 3 605594386488 141 9422780872893322881
HIT 3 1017911246904 237 2272166226081770000
HIT 3 1194004906040 278 9579243759359184314
HIT 3 2035818496056 474 5322467300788463336
HIT 3 605594189881 141 2133077203217285037
HIT 3 1017911050297 237 13574867957981971486
HIT 3 1194004709433 278 310793589723979534
HIT 3 2035818299449 474 9218906732778439226
HIT 3 605594255417 141 9422780872893322881
HIT 3 1017911115833 237 2272166226081770000
HIT 3 1194004774969 278 9579243759359184314
HIT 3 2035818364985 474 5322467300788463336
HIT 3 605594320953 141 9573076831343361533
HIT 3 1017911181369 237 9413928537724129165
HIT 3 1194004840505 278 6328995788070153111
HIT 3 2035818430521 474 7691681467073448276
HIT 3 605594386489 141 14126727910859622066
HIT 3 1017911246905 237 156584364143587218
HIT 3 1194004906041 278 8877025453220854976
HIT 3 2035818496057 474 4585466605156696398
HIT 3 605594452025 141 1398473735043803346
HIT 3 1017911312441 237 8368908600920651433
HIT 3 1194004971577 278 2450148792479210918
HIT 3 2035818561593 474 10602888038319631105
HIT 3 605594517561 141 11966645059342405499
HIT 3 1017911377977 237 9147834228232027934
HIT 3 1194005037113 278 9350490531708162314
HIT 3 2035818627129 474 17825886835435965033
HIT 3 605594583097 141 16726607148541800634
HIT 3 1017911443513 237 8600990422183557597
HIT 3 1194005102649 278 5354802441000583334
HIT 3 2035818692665 474 7000346635302054721
HIT 3 605594648633 141 1767870016235232049
HIT 3 1017911509049 237 15808317859377228735
HIT 3 1194005168185 278 17778055097340173891
HIT 3 2035818758201 474 16967284239814227910
HIT 3 605594714169 141 8926946976152356602
HIT 3 1017911574585 237 2223746419720972552
HIT 3 1194005233721 278 5003133322587758064
HIT 3 2035818823737 474 15677515963945880740
HIT 3 605594779705 141 9645332666571144910
HIT 3 1017911640121 237 6008188319365175635
HIT 3 1194005299257 278 6926392376752966026
HIT 3 2035818889273 474 10443528922845706944
HIT 3 605594845241 141 16377462358369801217
HIT 3 1017911705657 237 3735718651689089333
HIT 3 1194005364793 278 5719594623140647153
HIT 3 2035818954809 474 14399097302094306530
HIT 3 605594910777 141 10299950565150832218
HIT 3 1017911771193 237 10336547970291422194
HIT 3 1194005430329 278 2414431637910529946
HIT 3 2035819020345 474 10765317735814970967
HIT 3 605594976313 141 492716253622168633
HIT 3 1017911836729 237 16084597576871445336
HIT 3 1194005495865 278 2122210874927401773
HIT 3 2035819085881 474 13093758190587441698
HIT 3 605595041849 141 603576294984987797
HIT 3 1017911902265 237 9424174437717556593
HIT 3 1194005561401 278 7237741056653645332
HIT 3 2035819151417 474 11880886930267329105
HIT 3 605595107385 141 5481063577515886494
HIT 3 1017911967801 237 17946973540293349809
HIT 3 1194005626937 278 16341539664805856826
HIT 3 2035819216953 474 17697789988101795279
HIT 3 605595172921 141 4887584710497701399
HIT 3 1017912033337 237 8413298128060600107
HIT 3 1194005692473 278 12313796995997099074
HIT 3 2035819282489 474 4824398755633767543
HIT 3 605595238457 141 13215469084845776252
HIT 3 1017912098873 237 6043981941804564532
HIT 3 1194005758009 278 5933131275692234917
HIT 3 2035819348025 474 15151340685424768566
HIT 3 605595303993 141 12361230887708902270
HIT 3 1017912164409 237 13078287209017833591
HIT 3 1194005823545 278 14039575904119806338
HIT 3 2035819413561 474 12935661312672780603
HIT 3 605595369529 141 1049655840185899508
HIT 3 1017912229945 237 15328083121517764687
HIT 3 1194005889081 278 10939852848378837074
HIT 3 2035819479097 474 17993749700438940339
HIT 3 605595435065 141 14023855003632629095
HIT 3 1017912295481 237 6159571116370459171
HIT 3 1194005954617 278 17148208349520867175
HIT 3 2035819544633 474 5093672061060813539
HIT 3 605595500601 141 2139729134900158855
HIT 3 1017912361017 237 12306372493586234039
HIT 3 1194006020153 278 6405185380069262894
HIT 3 2035819610169 474 3884189169519571793
HIT 3 605595566137 141 14496785662843042190
HIT 3 1017916358711 237 12680559320364063541
HIT 3 1194010017847 278 8606970101123760441
HIT 3 2035823607863 474 9539474110603154300
HIT 3 614189498423 143 18103026010899569081
HIT 3 1017916424247 237 14567777938643478746
HIT 3 1194010083383 278 13660921308236712285
HIT 3 2035823673399 474 16363693637118480187
HIT 3 1009326555191 235 13459976842842219979
HIT 3 1013621522487 236 15126896562002964713
HIT 3 1017916489783 237 7971989327778798988
HIT 3 1026506424375 239 6389014417245038439
HIT 3 1185420214327 276 17607898136183949387
HIT 3 1194010148919 278 9584104616086912088
HIT 3 1198305116215 279 11246588348567688403
HIT 3 1202600083511 280 284934962991236977
HIT 3 2027233804343 472 9318203593475617458
HIT 3 2035823738935 474 4240121411560486730
HIT 3 2040118706231 475 2364647768731706077
HIT 3 2044413673527 476 16015208433957102997
HIT 3 1017916620855 237 6521949404203287107
HIT 3 1194010279991 278 14612694994485262256
HIT 3 2035823870007 474 3382579157542230920
HIT 3 1017912426553 237 3478947841575893248
HIT 3 1194006085689 278 2301857996656736313
HIT 3 2035819675705 474 196334364109682670
HIT 3 605595631673 141 17786981138156574998
HIT 3 1017912492089 237 899761790080086228
HIT 3 1194006151225 278 8375938120033514952
HIT 3 2035819741241 474 2719854737025763749
HIT 3 605595697209 141 15263900328455713011
HIT 3 1017912557625 237 12850252055838851671
HIT 3 1194006216761 278 15668926865863359787
HIT 3 2035819806777 474 5765848669986625088
HIT 3 605595762745 141 6135938157282228036
HIT 3 1017912623161 237 1176397381144799026
HIT 3 1194006282297 278 16782724616870055529
HIT 3 2035819872313 474 9886467372415454405
HIT 3 605595828281 141 14711731059156950557
HIT 3 1017912688697 237 8530563740112380804
HIT 3 1194006347833 278 12010398964766504132
HIT 3 2035819937849 474 523276575028893283
HIT 3 605595893817 141 11651210523344470006
HIT 3 1017912754233 237 11933138518117480545
HIT 3 1194006413369 278 12983202999517409889
HIT 3 2035820003385 474 16653638057993976731
HIT 3 605595959353 141 16924653814466475941
HIT 3 1017912819769 237 17650877381981279464
HIT 3 1194006478905 278 16610578909088228184
HIT 3 2035820068921 474 17697502707191685633
HIT 3 605596024889 141 4934323424403659346
HIT 3 1017912885305 237 9245191159303428722
HIT 3 1194006544441 278 16340172306752464420
HIT 3 2035820134457 474 6605670500330944115
HIT 3 605596090425 141 12868923096615624772
HIT 3 1017912950841 237 5839565488789900903
HIT 3 1194006609977 278 3735712904720271439
HIT 3 2035820199993 474 6467802780742386576
HIT 3 605596155961 141 15898952936220412329
HIT 3 1017913016377 237 16858052701327561590
HIT 3 1194006675513 278 9150102381549062564
HIT 3 2035820265529 474 11453957841104570256
HIT 3 605596221497 141 15059880235297036153
HIT 3 1017913081913 237 4131941031359334115
HIT 3 1194006741049 278 9270287372158842183
HIT 3 2035820331065 474 8455267186723861326
HIT 3 605596287033 141 12569419977149655478
HIT 3 1017913147449 237 11624885692298453417
HIT 3 1194006806585 278 2635061906276462482
HIT 3 605594386490 141 11667716978170352598
HIT 3 1017911246906 237 2350343013841632424
HIT 3 1194004906042 278 1242415065859283734
HIT 3 2035818496058 474 10752661786510865016
HIT 3 2035820396601 474 10991936631992695455
HIT 3 605596352569 141 16441282703967926392
HIT 3 1017913212985 237 16932224778722541364
HIT 3 1194006872121 278 4697846475219780641
HIT 3 2035820462137 474 6576469724414118515
HIT 3 605596418105 141 5619743283883740748
HIT 3 1017913278521 237 1445258533975636858
HIT 3 1194006937657 278 3661675782394981414
HIT 3 2035820527673 474 11002541922091744303
HIT 3 605596483641 141 5962556110386433384
HIT 3 1017913344057 237 16492124031056879369
HIT 3 1194007003193 278 75696738840283461
HIT 3 2035820593209 474 11140251419201023060
HIT 3 605596549177 141 10890801318032103304
HIT 3 1017913409593 237 12500257482526148265
HIT 3 1194007068729 278 16164442210830623616
HIT 3 2035820658745 474 16039915161184340464
HIT 3 605596614713 141 11831345146371490404
HIT 3 1017913475129 237 12082730595785593440
HIT 3 1194007134265 278 2509318669802227013
HIT 3 2035820724281 474 14063085906552268752
HIT 3 605596680249 141 14456328676410029531
HIT 3 1017913540665 237 3460625898809969109
HIT 3 1194007199801 278 9476188406827026892
HIT 3 2035820789817 474 13532556662380356745
HIT 3 605596745785 141 2449290130544752884
HIT 3 1017913606201 237 15853544724638679404
HIT 3 1194007265337 278 12911153532171890300
HIT 3 2035820855353 474 113185448728378440
HIT 3 605596811321 141 15690071638215673616
HIT 3 1017913671737 237 15177148039391705343
HIT 3 1194007330873 278 2342017693246833155
HIT 3 2035820920889 474 9489240533307447270
HIT 3 605596876857 141 13540018162349396571
HIT 3 1017913737273 237 14309498088993872899
HIT 3 1194007396409 278 7893328282561618729
HIT 3 2035820986425 474 3381711498098639598
HIT 3 605596942393 141 5251905671609316597
HIT 3 1017913802809 237 6898939831199685929
HIT 3 1194007461945 278 9359916120622684907
HIT 3 2035821051961 474 716812466013047913
HIT 3 605597007929 141 850284197649238263
HIT 3 1017913868345 237 6618125118220649338
HIT 3 1194007527481 278 7503724834304058637
HIT 3 2035821117497 474 4874680677324698799
HIT 3 605597073465 141 3198064310235829869
HIT 3 1017913933881 237 16705527658790732575
HIT 3 1194007593017 278 4806169115569191327
HIT 3 2035821183033 474 12689722482348470960
HIT 3 605597139001 141 15675135584224922358
HIT 3 1017913999417 237 16205066287761702850
HIT 3 1194007658553 278 8253862368060127234
HIT 3 2035821248569 474 12496564326677326004
HIT 3 605597204537 141 3841359445446735992
HIT 3 1017914064953 237 7115451237188269512
HIT 3 1194007724089 278 833268955946277470
HIT 3 2035821314105 474 7339567288720852684
HIT 3 605597270073 141 8098306602130135241
HIT 3 1017914130489 237 2232379471010636800
HIT 3 1194007789625 278 10112080505461261405
HIT 3 2035821379641 474 7698113252099633586
HIT 3 605597335609 141 2492610044091612510
HIT 3 1017914196025 237 16051174546950407248
HIT 3 1194007855161 278 2275494763559318809
HIT 3 2035821445177 474 15763839442978185409
HIT 3 605597401145 141 13149197276690634257
HIT 3 1017914261561 237 14000900590681808990
HIT 3 1194007920697 278 1115559967352815059
HIT 3 2035821510713 474 1332370847582801894
HIT 3 605597466681 141 1144348010047926037
HIT 3 1017914327097 237 1764531264384835167
HIT 3 1194007986233 278 1747746597624118476
HIT 3 2035821576249 474 15421679248434317974
HIT 3 605597532217 141 3754086473257531767
HIT 3 1017914392633 237 2837618462609094158
HIT 3 1194008051769 278 14493284103298788985
HIT 3 2035821641785 474 1256406129449375711
HIT 3 605597597753 141 5809448667420334070
HIT 3 1017914458169 237 14721458395911438352
HIT 3 1194008117305 278 14582335542215446917
HIT 3 2035821707321 474 6297338839678168412
HIT 3 605597663289 141 8713262120980469220
HIT 3 1017914523705 237 6137960557881464677
HIT 3 1194008182841 278 13461429619038270253
HIT 3 2035821772857 474 3009724570244890988
HIT 3 605597728825 141 1035517342157960950
HIT 3 1017914589241 237 7640903643960709096
HIT 3 1194008248377 278 11977725657218101749
HIT 3 2035821838393 474 9673498166440561304
HIT 3 605597794361 141 10176044375805018818
HIT 3 1017914654777 237 1937646837163943092
HIT 3 1194008313913 278 5882937106919925955
HIT 3 2035821903929 474 7759743905880058116
HIT 3 605597859897 141 1274879849564530392
HIT 3 1017914720313 237 2498260501674294908
HIT 3 1194008379449 278 4700590691610139445
HIT 3 2035821969465 474 5981867707126214464
HIT 3 605597925433 141 10703772615186994476
HIT 3 1017914785849 237 7601307913393756669
HIT 3 1194008444985 278 15567508504724451682
HIT 3 2035822035001 474 13339061641695854124
HIT 3 605597990969 141 16224955204670515024
HIT 3 1017914851385 237 17019533124812029674
HIT 3 1194008510521 278 3890312716864192240
HIT 3 2035822100537 474 11213656969084236005
HIT 3 605598056505 141 2361058128211796482
HIT 3 1017914916921 237 6677733744910427864
HIT 3 1194008576057 278 10354176608517945679
HIT 3 2035822166073 474 14397763133028200879
HIT 3 605598122041 141 16477138003187520261
HIT 3 1017914982457 237 4423970710158074236
HIT 3 1194008641593 278 13077477435541240587
HIT 3 2035822231609 474 4657621829713592933
HIT 3 605598187577 141 17351839662681790453
HIT 3 1017915047993 237 13680695108725012800
HIT 3 1194008707129 278 17055993741382261462
HIT 3 2035822297145 474 14238726581530727468
HIT 3 605598253113 141 16354474073448164080
HIT 3 1017915113529 237 7474885907002122862
HIT 3 1194008772665 278 17740241603044612046
HIT 3 2035822362681 474 6889383151797237955
HIT 3 605598318649 141 554777420043060202
HIT 3 1017915179065 237 14038585041303635681
HIT 3 1194008838201 278 3234030683021642718
HIT 3 2035822428217 474 2226521056920955005
HIT 3 605598384185 141 4766585689279978901
HIT 3 1017915244601 237 2812951039015601485
HIT 3 1194008903737 278 14821335891914926101
HIT 3 2035822493753 474 13333077188279619397
HIT 3 605598449721 141 8767094097903320282
HIT 3 1017915310137 237 3011683319582841497
HIT 3 1194008969273 278 8755850475386214816
HIT 3 2035822559289 474 200618931344896932
HIT 3 605598515257 141 13010498392451879313
HIT 3 1017915375673 237 4077365684134316241
HIT 3 1194009034809 278 4235840831906289633
HIT 3 2035822624825 474 7127457217180015652
HIT 3 605598580793 141 3735662466316052188
HIT 3 1017915441209 237 13076572118134844312
HIT 3 1194009100345 278 14696143010994581925
HIT 3 2035822690361 474 10446878672696311777
HIT 3 605598646329 141 9397711623853057983
HIT 3 1017915506745 237 12949809365398484582
HIT 3 1194009165881 278 4396623014034705750
HIT 3 2035822755897 474 9912003671191402320
HIT 3 605598711865 141 16802389660442403467
HIT 3 1017915572281 237 6929781925526127184
HIT 3 1194009231417 278 10420397619941673389
HIT 3 2035822821433 474 327140713055429424
HIT 3 605598777401 141 336908019794045560
HIT 3 1017915637817 237 16535480443007269468
HIT 3 1194009296953 278 7808071537434244087
HIT 3 2035822886969 474 137422549070908815
HIT 3 605598842937 141 15188965271024607507
HIT 3 1017915703353 237 5973636073064675237
HIT 3 1194009362489 278 1447403370619688751
HIT 3 2035822952505 474 13724758065712713163
HIT 3 605598908473 141 3702343735200076286
HIT 3 1017915768889 237 6197898210137153307
HIT 3 1194009428025 278 12808131634470492625
HIT 3 2035823018041 474 13603914984700951510
HIT 3 605598974009 141 15630170139990132286
HIT 3 1017915834425 237 655723655790199162
HIT 3 1194009493561 278 12838259422860290344
HIT 3 2035823083577 474 3081817063830569904
HIT 3 605599039545 141 15599140513718622018
HIT 3 1017915899961 237 2778600839622213327
HIT 3 1194009559097 278 5643274585989562687
HIT 3 2035823149113 474 7599347646371327
HIT 3 605599105081 141 7885364791065204419
HIT 3 1017915965497 237 16218864662255158784
HIT 3 1194009624633 278 16643914429448414298
HIT 3 2035823214649 474 3494150599908252095
HIT 3 605599170617 141 14104260134032313888
HIT 3 1017916031033 237 15475573435961082731
HIT 3 1194009690169 278 9037832215523510488
HIT 3 2035823280185 474 1708153481271422759
HIT 3 605599236153 141 13076320475905471600
HIT 3 1017916096569 237 13111362423434437804
HIT 3 1194009755705 278 15889501085186131052
HIT 3 2035823345721 474 17323076375120863109
HIT 3 605599301689 141 9911730476983719735
HIT 3 1017916162105 237 7007022934655926119
HIT 3 1194009821241 278 5455035560976163372
HIT 3 2035823411257 474 9322169622037903455
HIT 3 597009432633 139 9911730476983719735
HIT 3 605599367225 141 11147637603638866486
HIT 3 1017916227641 237 12975935139574438687
HIT 3 1194009886777 278 2386938037364362229
HIT 3 2035823476793 474 4122557921123954298
HIT 3 605599432761 141 15869489574747002952
HIT 3 614189367353 143 16807662312892138267
HIT 3 1017916293177 237 13288682063982854609
HIT 3 1194009952313 278 2730334054227893179
HIT 3 2035823542329 474 16978083574077923258
HIT 3 605599498297 141 16807662312892138267
HIT 3 1009326424121 235 9337709543580294499
HIT 3 1013621391417 236 7904548690516458870
HIT 3 1017916358713 237 14841177543076472578
HIT 3 1026506293305 239 17389463379191490953
HIT 3 1185420083257 276 1847047346401678969
HIT 3 1194010017849 278 2115371389108424497
HIT 3 1198304985145 279 12285783285621764688
HIT 3 1202599952441 280 671809461486803976
HIT 3 2027233673273 472 887081847806217819
HIT 3 2035823607865 474 18122099370756148408
HIT 3 2040118575161 475 6801367562165974335
HIT 3 2044413542457 476 13468404421887014833
HIT 3 609894531129 142 11108674290422082044
HIT 3 614189498425 143 6345680386616419225
HIT 3 622779433017 145 16375204979858550053
HIT 3 1009326489657 235 14540848774456444245
HIT 3 1013621456953 236 13128034030113423145
HIT 3 1017916424249 237 5682044654633604203
HIT 3 1026506358841 239 75410600428159697
HIT 3 1185420148793 276 15900857874790014280
HIT 3 1194010083385 278 16880248396480141122
HIT 3 1198305050681 279 14057797314654458029
HIT 3 1202600017977 280 8425205088978478302
HIT 3 2027233738809 472 13066698251231187059
HIT 3 2035823673401 474 11627346916915612127
HIT 3 2040118640697 475 14443689214801895263
HIT 3 2044413607993 476 452583422090482582
HIT 3 609894596665 142 5011589795011581510
HIT 3 614189563961 143 16375204979858550053
HIT 3 618484531257 144 11108674290422082044
HIT 3 622779498553 145 7634854447976948082
HIT 3 627074465849 146 1505745179539598154
HIT 3 631369433145 147 3784960893746664837
HIT 3 635664400441 148 5497430337346003456
HIT 3 639959367737 149 11345747440925957485
HIT 3 644254335033 150 5472822858597957762
HIT 3 648549302329 151 13745230343719145856
HIT 3 652844269625 152 432078325096762457
HIT 3 657139236921 153 6357261870475468080
HIT 3 661434204217 154 14994531376851549742
HIT 3 665729171513 155 17920900851586406287
HIT 3 670024138809 156 1815023257824104570
HIT 3 674319106105 157 13896950209899211057
HIT 3 678614073401 158 16091214322530064398
HIT 3 682909040697 159 10358082737423847232
HIT 3 687204007993 160 9506066406642962924
HIT 3 691498975289 161 14806430701520259383
HIT 3 695793942585 162 1337278412912903993
HIT 3 700088909881 163 14023595240467219247
HIT 3 704383877177 164 4742085776268964172
HIT 3 708678844473 165 14538090016094099466
HIT 3 712973811769 166 10065193807639239687
HIT 3 717268779065 167 1955924484338300895
HIT 3 721563746361 168 8090094761270224016
HIT 3 725858713657 169 14597467461954994373
HIT 3 730153680953 170 4043497250727672198
HIT 3 734448648249 171 15776009094364391603
HIT 3 738743615545 172 632544383695760814
HIT 3 743038582841 173 1762022283317333651
HIT 3 747333550137 174 5624818461052812878
HIT 3 751628517433 175 11663025431060929907
HIT 3 755923484729 176 16034274325083731875
HIT 3 760218452025 177 15116808567798108255
HIT 3 764513419321 178 6218876692144695860
HIT 3 768808386617 179 5316177344193206284
HIT 3 773103353913 180 6111815124660751290
HIT 3 777398321209 181 3778847458619879485
HIT 3 781693288505 182 2463249766246724883
HIT 3 785988255801 183 10761670232523295371
HIT 3 790283223097 184 8740475039704688255
HIT 3 794578190393 185 14433357510870578055
HIT 3 798873157689 186 4157051014871021457
HIT 3 803168124985 187 5904017201537101125
HIT 3 807463092281 188 8524538547929214867
HIT 3 811758059577 189 13581636520476943341
HIT 3 816053026873 190 8210512732631398863
HIT 3 820347994169 191 17453670612538926370
HIT 3 824642961465 192 8105787747757681992
HIT 3 828937928761 193 18240101409167626425
HIT 3 833232896057 194 12728144674077976150
HIT 3 837527863353 195 3339907725913147260
HIT 3 841822830649 196 1627390048521369474
HIT 3 846117797945 197 2899543449371523794
HIT 3 850412765241 198 15433611156603054222
HIT 3 854707732537 199 13097706565967677275
HIT 3 859002699833 200 5708568640765528619
HIT 3 863297667129 201 5885323087110051062
HIT 3 867592634425 202 16965235608605920916
HIT 3 871887601721 203 11262555519792343705
HIT 3 876182569017 204 2493560289511386487
HIT 3 880477536313 205 16460247566866031449
HIT 3 884772503609 206 11725563430934986887
HIT 3 889067470905 207 13397507187931533215
HIT 3 893362438201 208 6541208933797922965
HIT 3 897657405497 209 10730730821665820232
HIT 3 901952372793 210 10297470063069970431
HIT 3 906247340089 211 4899794773330719433
HIT 3 910542307385 212 1968842610598248882
HIT 3 914837274681 213 12964150336692581632
HIT 3 919132241977 214 5294587624092177146
HIT 3 923427209273 215 7709512261257874858
HIT 3 927722176569 216 10918499081893884151
HIT 3 932017143865 217 1557335267892741963
HIT 3 936312111161 218 4476611560316023119
HIT 3 940607078457 219 12834115468657182789
HIT 3 944902045753 220 6653040571676193343
HIT 3 949197013049 221 11138353067131801775
HIT 3 953491980345 222 4540855859974951354
HIT 3 957786947641 223 244867023558791788
HIT 3 962081914937 224 12003123308571382682
HIT 3 966376882233 225 8893841353374179456
HIT 3 970671849529 226 13113968286136016155
HIT 3 974966816825 227 9377589752002848840
HIT 3 979261784121 228 10340614187494589584
HIT 3 983556751417 229 13008545760617026678
HIT 3 987851718713 230 13190649256111799508
HIT 3 992146686009 231 16890749960347323121
HIT 3 996441653305 232 6394920272559299261
HIT 3 1000736620601 233 8026985203410338672
HIT 3 1005031587897 234 8501186138819500393
HIT 3 1009326555193 235 7876137595920736494
HIT 3 1013621522489 236 1511351681899650846
HIT 3 1017916489785 237 648496976235413766
HIT 3 1022211457081 238 2512167001313224129
HIT 3 1026506424377 239 12859351243745258045
HIT 3 1030801391673 240 17644537851993224814
HIT 3 1035096358969 241 8962211660613876329
HIT 3 1039391326265 242 13545968457667864978
HIT 3 1043686293561 243 2766141107328318289
HIT 3 1047981260857 244 9220305835013591717
HIT 3 1052276228153 245 17117761762565334364
HIT 3 1056571195449 246 11138435717540075962
HIT 3 1060866162745 247 4399608273063433504
HIT 3 1065161130041 248 9521740671898172356
HIT 3 1069456097337 249 13014000182777626003
HIT 3 1073751064633 250 7784855789929209806
HIT 3 1078046031929 251 4689412079557160759
HIT 3 1082340999225 252 5323697622846502566
HIT 3 1086635966521 253 2544518468780754513
HIT 3 1090930933817 254 637651646020215414
HIT 3 1095225901113 255 6499517869410928211
HIT 3 1099520868409 256 13546770393536747019
HIT 3 1103815835705 257 16716411278584390844
HIT 3 1108110803001 258 15435338716049758418
HIT 3 1112405770297 259 7875823852602559963
HIT 3 1116700737593 260 9845244401670382436
HIT 3 1120995704889 261 16991347835670054231
HIT 3 1125290672185 262 7952395930180401558
HIT 3 1129585639481 263 4869646336908308204
HIT 3 1133880606777 264 8338459366201753061
HIT 3 1138175574073 265 17921270346142266462
HIT 3 1142470541369 266 12269151360631279516
HIT 3 1146765508665 267 12990824185492053604
HIT 3 1151060475961 268 15727607536170964444
HIT 3 1155355443257 269 16437243339626903007
HIT 3 1159650410553 270 9064666903654137873
HIT 3 1163945377849 271 11680460097531383548
HIT 3 1168240345145 272 13175176449118232095
HIT 3 1172535312441 273 16028752805045160596
HIT 3 1176830279737 274 4435870196697340650
HIT 3 1181125247033 275 16279094618022510995
HIT 3 1185420214329 276 15030971283953904273
HIT 3 1189715181625 277 10418830395692240488
HIT 3 1194010148921 278 13672814399446928538
HIT 3 1198305116217 279 1720421590641104767
HIT 3 1202600083513 280 2121076246906881608
HIT 3 1206895050809 281 9757254358554644993
HIT 3 1211190018105 282 13218048055495991601
HIT 3 1215484985401 283 8067370365356597252
HIT 3 1219779952697 284 1079479003032451728
HIT 3 1224074919993 285 6130310009647937256
HIT 3 1228369887289 286 16987957377494031879
HIT 3 1232664854585 287 9001904094956189971
HIT 3 1236959821881 288 13320999952771494444
HIT 3 1241254789177 289 948171410286873359
HIT 3 1245549756473 290 11619617308760520583
HIT 3 1249844723769 291 16443378405996903267
HIT 3 1254139691065 292 1636980103546069852
HIT 3 1258434658361 293 13046164624253039858
HIT 3 1262729625657 294 8670292155473610546
HIT 3 1267024592953 295 16558493767305654031
HIT 3 1271319560249 296 5502246983433300871
HIT 3 1275614527545 297 560233578721935470
HIT 3 1279909494841 298 5905320585405277517
HIT 3 1284204462137 299 11518166637220032922
HIT 3 1288499429433 300 98046845039645037
HIT 3 1292794396729 301 1808188282309166758
HIT 3 1297089364025 302 14408955467539366528
HIT 3 1301384331321 303 16291013333227025793
HIT 3 1305679298617 304 15264448071049278659
HIT 3 1309974265913 305 17064875871497788382
HIT 3 1314269233209 306 1769597478719296947
HIT 3 1318564200505 307 7643263345754169382
HIT 3 1322859167801 308 9711148150364160193
HIT 3 1327154135097 309 13562729951468986271
HIT 3 1331449102393 310 6449213952920106908
HIT 3 1335744069689 311 2615367703867117535
HIT 3 1340039036985 312 638357832094243466
HIT 3 1344334004281 313 1001126421577109350
HIT 3 1348628971577 314 517942498569419374
HIT 3 1352923938873 315 11766433656642749610
HIT 3 1357218906169 316 4954236737532487148
HIT 3 1361513873465 317 2934240843875720608
HIT 3 1365808840761 318 9969374820466192091
HIT 3 1370103808057 319 3698312822410215034
HIT 3 1374398775353 320 8102044993484669740
HIT 3 1378693742649 321 13723024423828448265
HIT 3 1382988709945 322 266997275335778576
HIT 3 1387283677241 323 15252466133818228975
HIT 3 1391578644537 324 8938911976200047545
HIT 3 1395873611833 325 1685775937661199810
HIT 3 1400168579129 326 9676246896431476641
HIT 3 1404463546425 327 10043208267803108424
HIT 3 1408758513721 328 4672367402414278933
HIT 3 1413053481017 329 5205587155996941237
HIT 3 1417348448313 330 4685745401644771678
HIT 3 1421643415609 331 16014815667130139152
HIT 3 1425938382905 332 14080620343106307953
HIT 3 1430233350201 333 1706567318662637915
HIT 3 1434528317497 334 3235125329145018080
HIT 3 1438823284793 335 12696629264887881827
HIT 3 1443118252089 336 2427235173529550659
HIT 3 1447413219385 337 16482782264618829566
HIT 3 1451708186681 338 8925905000087994591
HIT 3 1456003153977 339 14427751368452067269
HIT 3 1460298121273 340 11912191872053106361
HIT 3 1464593088569 341 8155752000656453772
HIT 3 1468888055865 342 16522692539777030698
HIT 3 1473183023161 343 699304033251531517
HIT 3 1477477990457 344 4789103849859899744
HIT 3 1481772957753 345 9342255411257619872
HIT 3 1486067925049 346 2881732066708450597
HIT 3 1490362892345 347 13857111373151559675
HIT 3 1494657859641 348 6934266305638158769
HIT 3 1498952826937 349 16188531352702401545
HIT 3 1503247794233 350 16591674005052843521
HIT 3 1507542761529 351 13578300569718449299
HIT 3 1511837728825 352 18065283504151942349
HIT 3 1516132696121 353 210767890822182703
HIT 3 1520427663417 354 4482536722999661044
HIT 3 1524722630713 355 16620472066270719053
HIT 3 1529017598009 356 192149311198940764
HIT 3 1533312565305 357 3139944570235133036
HIT 3 1537607532601 358 12138093697449017321
HIT 3 1541902499897 359 16486637029599017764
HIT 3 1546197467193 360 13340002656820169071
HIT 3 1550492434489 361 11565768749734066816
HIT 3 1554787401785 362 14287404694856637779
HIT 3 1559082369081 363 5896018250633738315
HIT 3 1563377336377 364 1543046799274549829
HIT 3 1567672303673 365 10287868341870172185
HIT 3 1571967270969 366 5252227258406864499
HIT 3 1576262238265 367 5662566409834285026
HIT 3 1580557205561 368 6278647738896915762
HIT 3 1584852172857 369 14590027284078909844
HIT 3 1589147140153 370 6204200626354364638
HIT 3 1593442107449 371 2014323266555331
HIT 3 1597737074745 372 8540138092893920118
HIT 3 1602032042041 373 3018127805041497548
HIT 3 1606327009337 374 16179181188626651326
HIT 3 1610621976633 375 9389561434789016875
HIT 3 1614916943929 376 843402659536126645
HIT 3 1619211911225 377 9226654354396592292
HIT 3 1623506878521 378 9957794671409981578
HIT 3 1627801845817 379 16194349317843645010
HIT 3 1632096813113 380 8770358641429680076
HIT 3 1636391780409 381 12589947784462257703
HIT 3 1640686747705 382 15998361025469716254
HIT 3 1644981715001 383 11908945710723141661
HIT 3 1649276682297 384 11211162264002500352
HIT 3 1653571649593 385 12203110352860881024
HIT 3 1657866616889 386 9024978046317615373
HIT 3 1662161584185 387 95086310009632262
HIT 3 1666456551481 388 13065279738677685941
HIT 3 1670751518777 389 10762701451415795083
HIT 3 1675046486073 390 11305329197372369806
HIT 3 1679341453369 391 14737563319436251328
HIT 3 1683636420665 392 3635745520089755223
HIT 3 1687931387961 393 4599829524409329331
HIT 3 1692226355257 394 10537622737759056910
HIT 3 1696521322553 395 731272957768408510
HIT 3 1700816289849 396 12258648345126615708
HIT 3 1705111257145 397 10412808045488818559
HIT 3 1709406224441 398 9209554450795040115
HIT 3 1713701191737 399 916376597945561674
HIT 3 1717996159033 400 9796291661116292977
HIT 3 1722291126329 401 13844202728911859740
HIT 3 1726586093625 402 3148478284381185555
HIT 3 1730881060921 403 17659731232996433716
HIT 3 1735176028217 404 10858742598621759501
HIT 3 1739470995513 405 10025111399246275744
HIT 3 1743765962809 406 16914332409284284580
HIT 3 1748060930105 407 807154613799048742
HIT 3 1752355897401 408 16522217616769961652
HIT 3 1756650864697 409 2904034108690212122
HIT 3 1760945831993 410 8544587458443538249
HIT 3 1765240799289 411 11507777934115383457
HIT 3 1769535766585 412 4740809222906297684
HIT 3 1773830733881 413 543540760977429218
HIT 3 1778125701177 414 7258290592718016281
HIT 3 1782420668473 415 2889379352638106872
HIT 3 1786715635769 416 9069781774245810243
HIT 3 1791010603065 417 11826575491714055680
HIT 3 1795305570361 418 13387038495204611837
HIT 3 1799600537657 419 9122067784501797482
HIT 3 1803895504953 420 4526619194752099458
HIT 3 1808190472249 421 2564764740763837958
HIT 3 1812485439545 422 9949158790713988050
HIT 3 1816780406841 423 9917008688996409427
HIT 3 1821075374137 424 15722607002612378397
HIT 3 1825370341433 425 15539320832283393545
HIT 3 1829665308729 426 1378616710100262752
HIT 3 1833960276025 427 435617745628729638
HIT 3 1838255243321 428 16809204172516776853
HIT 3 1842550210617 429 12046725559186400224
HIT 3 1846845177913 430 15646148357459818193
HIT 3 1851140145209 431 6480143105204110879
HIT 3 1855435112505 432 1173577382494108122
HIT 3 1859730079801 433 4664260131155912597
HIT 3 1864025047097 434 17098530201749987501
HIT 3 1868320014393 435 17102035677290941671
HIT 3 1872614981689 436 16883655833942159899
HIT 3 1876909948985 437 10653305413943591769
HIT 3 1881204916281 438 3561907420939823682
HIT 3 1885499883577 439 7144486113366488165
HIT 3 1889794850873 440 783340964452707711
HIT 3 1894089818169 441 7660000811885466069
HIT 3 1898384785465 442 14981272845846000941
HIT 3 1902679752761 443 3780002180514048871
HIT 3 1906974720057 444 14791745111012778658
HIT 3 1911269687353 445 12037328251972119802
HIT 3 1915564654649 446 7702632503201726789
HIT 3 1919859621945 447 8827516094278862073
HIT 3 1924154589241 448 16314560597844228519
HIT 3 1928449556537 449 13145737313453164462
HIT 3 1932744523833 450 826251109423620343
HIT 3 1937039491129 451 1564333187578659496
HIT 3 1941334458425 452 9195117047586299204
HIT 3 1945629425721 453 5580362988910285774
HIT 3 1949924393017 454 1712343834771943720
HIT 3 1954219360313 455 13465086292993058015
HIT 3 1958514327609 456 86689939111316874
HIT 3 1962809294905 457 6969042825882762881
HIT 3 1967104262201 458 6825334041903028123
HIT 3 1971399229497 459 1775494845311998651
HIT 3 1975694196793 460 2352229240276033074
HIT 3 1979989164089 461 3375528722480693375
HIT 3 1984284131385 462 9428913258161358893
HIT 3 1988579098681 463 14636166158793149383
HIT 3 1992874065977 464 12148039794956604843
HIT 3 1997169033273 465 1153274536061639497
HIT 3 2001464000569 466 15712814738465278309
HIT 3 2005758967865 467 7146619119075939163
HIT 3 2010053935161 468 10946977087221047685
HIT 3 2014348902457 469 120094437804162522
HIT 3 2018643869753 470 4300068751403853160
HIT 3 2022938837049 471 787053904714406764
HIT 3 2027233804345 472 16624503017312763436
HIT 3 2031528771641 473 2145363598954790315
HIT 3 2035823738937 474 13873918987867157915
HIT 3 2040118706233 475 12062956650866771159
HIT 3 2044413673529 476 16025471778931240614
HIT 3 2048708640825 477 13886148052929137620
HIT 3 2053003608121 478 8298975488424084655
HIT 3 2057298575417 479 1269865073097083940
HIT 3 2061593542713 480 657314318041556809
HIT 3 2065888510009 481 5136135540923042158
HIT 3 2070183477305 482 12249947871501595499
HIT 3 2074478444601 483 17222276666863446833
HIT 3 2078773411897 484 9067239990333432359
HIT 3 2083068379193 485 1103494953010487588
HIT 3 2087363346489 486 7658985708321524910
HIT 3 2091658313785 487 3976957313040007956
HIT 3 2095953281081 488 3581090835494171347
HIT 3 2100248248377 489 13509511390696257916
HIT 3 2104543215673 490 13501381894371013938
HIT 3 2108838182969 491 13414562980687762767
HIT 3 2113133150265 492 15725040529909868184
HIT 3 2117428117561 493 5292318558122619576
HIT 3 2121723084857 494 17467758502779629017
HIT 3 2126018052153 495 18347250723185070569
HIT 3 2130313019449 496 5537198061180479009
HIT 3 2134607986745 497 4577750554176385296
HIT 3 2138902954041 498 16543721698573779291
HIT 3 2143197921337 499 4466474435160647644
HIT 3 2147492888633 500 17899224495865121019
HIT 3 2151787855929 501 5292377029579556918
HIT 3 2156082823225 502 10314010854865833121
HIT 3 2160377790521 503 9496170171247642750
HIT 3 2164672757817 504 13022839602117918985
HIT 3 2168967725113 505 10100163388868605383
HIT 3 2173262692409 506 16972866947009388102
HIT 3 2177557659705 507 3939081582563453708
HIT 3 2181852627001 508 15805134233513865789
HIT 3 2186147594297 509 16012432374675161686
HIT 3 2190442561593 510 5746160687593877782
HIT 3 2194737528889 511 9734330636583579046
HIT 3 622779564089 145 951641882497613205
HIT 3 1017916555321 237 14911976223767889466
HIT 3 1194010214457 278 17386127735190025657
HIT 3 2035823804473 474 8166532805424881622
HIT 3 1009326686265 235 2862543534878451662
HIT 3 1013621653561 236 4443239843686578987
HIT 3 1017916620857 237 14809267788407943646
HIT 3 1026506555449 239 14076478332957398078
HIT 3 1185420345401 276 15092452278034413729
HIT 3 1194010279993 278 7923050230728520884
HIT 3 1198305247289 279 3371276697029472312
HIT 3 1202600214585 280 2290738311037680230
HIT 3 2027233935417 472 4059120448345327908
HIT 3 2035823870009 474 9637425780747758080
HIT 3 2040118837305 475 14210904340279389461
HIT 3 2044413804601 476 8238762780814341357
HIT 3 1017916686393 237 8371250051087348369
HIT 3 1194010345529 278 6009216382263585650
HIT 3 2035823935545 474 5480555515388277129
HIT 3 1017916751929 237 1032272459535840795
HIT 3 1194010411065 278 15633962161359948735
HIT 3 2035824001081 474 10243096255839572392
HIT 3 1017916817465 237 5958178821230937128
HIT 3 1194010476601 278 904776109249011565
HIT 3 2035824066617 474 4772105642392799255
HIT 3 1017916883001 237 14825151639630442448
HIT 3 1194010542137 278 14809684378216525060
HIT 3 2035824132153 474 3665408338206392410
HIT 3 1194016309303 278 15765241133439624931
HIT 3 2035829899319 474 9101936739739889664
HIT 3 1026512650295 239 10739259812054603378
HIT 3 1194016374839 278 14324504530177924101
HIT 3 2035829964855 474 3064732452163068685
HIT 3 1185426505783 276 13443795180177479884
HIT 3 1194016440375 278 17652528212199604856
HIT 3 1198311407671 279 16250494737940030832
HIT 3 1202606374967 280 4363534283819851937
HIT 3 2027240095799 472 470686082182495753
HIT 3 2035830030391 474 10030324208243241972
HIT 3 2040124997687 475 5496155994624190320
HIT 3 2044419964983 476 11038254607853510498
HIT 3 1017916948537 237 8765579485882434757
HIT 3 1194010607673 278 1384374427832463509
HIT 3 2035824197689 474 10058670264002491611
HIT 3 1017917014073 237 5423701323574227543
HIT 3 1194010673209 278 12764581643390076983
HIT 3 2035824263225 474 10655158375725477972
HIT 3 1017917079609 237 7276958701470945172
HIT 3 1194010738745 278 8449020508743288357
HIT 3 2035824328761 474 2948764781857661447
HIT 3 1017917145145 237 16065239754615322846
HIT 3 1194010804281 278 4086153794602924198
HIT 3 2035824394297 474 12749797622691512290
HIT 3 1017917210681 237 13051389239728432136
HIT 3 1194010869817 278 6564856948553514714
HIT 3 2035824459833 474 16140468410957763934
HIT 3 1017917276217 237 17537804594434056036
HIT 3 1194010935353 278 987878909914099252
HIT 3 2035824525369 474 8041486942202568057
HIT 3 1017917341753 237 14117526276461227809
HIT 3 1194011000889 278 9693432428779393929
HIT 3 2035824590905 474 5134680314992985943
HIT 3 1017917407289 237 3132764846347346866
HIT 3 1194011066425 278 15955886715891125050
HIT 3 2035824656441 474 14180944435635323348
HIT 3 1017917472825 237 17207817632494391077
HIT 3 1194011131961 278 16682821672898070915
HIT 3 2035824721977 474 17988263246203993564
HIT 3 1017917538361 237 8844184831579321781
HIT 3 1194011197497 278 7113294991389429844
HIT 3 2035824787513 474 17812123329497220335
HIT 3 1017917603897 237 16161845338291112661
HIT 3 1194011263033 278 6592578210603891598
HIT 3 2035824853049 474 4274048585069984708
HIT 3 1017917669433 237 10223285378566325862
HIT 3 1194011328569 278 5983936853598843659
HIT 3 1017916358712 237 6967837678302674055
HIT 3 1194010017848 278 2624598577384157898
HIT 3 2035823607864 474 641041014482421650
HIT 3 1194016571447 278 10925733246420888870
HIT 3 2035830161463 474 12238375172609864014
HIT 3 1017916489786 237 6628265765177558717
HIT 3 1194010148922 278 9926003589304693044
HIT 3 2035823738938 474 8041987505677996232
HIT 3 2035824918585 474 1890754517290086387
HIT 3 1017917734969 237 16551872133126667148
HIT 3 1194011394105 278 8334564233009196246
HIT 3 2035824984121 474 16183015219097291765
HIT 3 1017917800505 237 5628747812912514927
HIT 3 1194011459641 278 7969846216276756737
HIT 3 2035825049657 474 11587075759670919645
HIT 3 1017917866041 237 4337208815178212989
HIT 3 1194011525177 278 4962912897869446870
HIT 3 2035825115193 474 3385233359266502892
HIT 3 1017917931577 237 3248072235895502473
HIT 3 1194011590713 278 15949536677832460623
HIT 3 2035825180729 474 8798792228329955798
HIT 3 1017917997113 237 1906112770765637654
HIT 3 1194011656249 278 14444679798827011229
HIT 3 2035825246265 474 16411554346151524180
HIT 3 1017918062649 237 17114031772280593763
HIT 3 1194011721785 278 8735139684106835711
HIT 3 2035825311801 474 7530522775346118589
HIT 3 1017918128185 237 17417134429746111997
HIT 3 1194011787321 278 13712773015118558595
HIT 3 2035825377337 474 2511795205418310313
HIT 3 1017918193721 237 7493530652349985986
HIT 3 1194011852857 278 13256427249857675382
HIT 3 2035825442873 474 7662882969913136412
HIT 3 1017918259257 237 14175094930076963330
HIT 3 1194011918393 278 4394230683128949017
HIT 3 2035825508409 474 12535198383275906485
HIT 3 1017918324793 237 15024795030299015340
HIT 3 1194011983929 278 6243168938103708811
HIT 3 2035825573945 474 10825090722840262688
HIT 3 1017918390329 237 10951521996367966873
HIT 3 1194012049465 278 5274204351191076777
HIT 3 2035825639481 474 8630274213847368168
HIT 3 1017918455865 237 8601592465961030954
HIT 3 1194012115001 278 10652154081706523704
HIT 3 614189498424 143 2133077203217285037
HIT 3 1017916424248 237 5485068635369984737
HIT 3 1194010083384 278 15252632804441515924
HIT 3 2035823673400 474 9320638018852988612
HIT 3 1009326555192 235 17346880672324836743
HIT 3 1013621522488 236 9379012285788160497
HIT 3 1017916489784 237 12861615576028367279
HIT 3 1026506424376 239 17470015292996935390
HIT 3 1185420214328 276 5522102548347398203
HIT 3 1194010148920 278 14699923080178900530
HIT 3 1198305116216 279 15106914795725117164
HIT 3 1202600083512 280 9709149431417793793
HIT 3 2027233804344 472 8526206117202955911
HIT 3 2035823738936 474 7049526066979234499
HIT 3 2040118706232 475 2206917868933460066
HIT 3 2044413673528 476 5864429255601399344
HIT 3 1017916620856 237 9476968861084272722
HIT 3 1194010279992 278 6748089682751591515
HIT 3 2035823870008 474 10673541777496850379
HIT 3 2035825705017 474 14000276619153966855
HIT 3 1017918521401 237 9732710040939920256
HIT 3 1194012180537 278 7253126672331528878
HIT 3 2035825770553 474 11776529371521204164
HIT 3 1017918586937 237 4226620663514842463
HIT 3 1194012246073 278 18232968802003862560
HIT 3 2035825836089 474 14812577664868372390
HIT 3 1017918652473 237 7289489239286966792
HIT 3 1194012311609 278 3602511115595380442
HIT 3 2035825901625 474 10175068663254873137
HIT 3 1017918718009 237 342727682290132394
HIT 3 1194012377145 278 3509623140875948172
HIT 3 2035825967161 474 12913879692036108884
HIT 3 1017918783545 237 9759984010727811237
HIT 3 1194012442681 278 8880408529384301134
HIT 3 2035826032697 474 11949395010999365533
HIT 3 1017918849081 237 6755947970898961052
HIT 3 1194012508217 278 11600801429830440199
HIT 3 2035826098233 474 8778471238393077141
HIT 3 1017918914617 237 7038797698870639269
HIT 3 1194012573753 278 14587518919882060085
HIT 3 2035826163769 474 17919736149078891232
HIT 3 1017918980153 237 2609838283750011216
HIT 3 1194012639289 278 17538894155276709530
HIT 3 2035826229305 474 10259468931914372392
HIT 3 1017919045689 237 5299730225565397102
HIT 3 1194012704825 278 8635869076781581329
HIT 3 2035826294841 474 13480621497801179693
HIT 3 1017919111225 237 8060715208381302355
HIT 3 1194012770361 278 17909225298917821540
HIT 3 2035826360377 474 5468898531007210387
HIT 3 1017919176761 237 4644691855163335584
HIT 3 1194012835897 278 2629425247247449972
HIT 3 2035826425913 474 13694024734506948927
HIT 3 1017919242297 237 8119963513816568037
HIT 3 1194012901433 278 9906590972880018252
HIT 3 2035826491449 474 10146392338486280201
HIT 3 2035832586295 474 11359835816326538310
HIT 3 2027242782775 472 8716743429895863392
HIT 3 2035832717367 474 17293215784016323803
HIT 3 2040127684663 475 922950901144790376
HIT 3 2044422651959 476 16782087886024515895
HIT 3 1202609127479 280 15867766291638513103
HIT 3 2035832782903 474 7625760992852984639
HIT 3 2035832848439 474 7295617787116159230
HIT 3 1017919307833 237 1542553911966884845
HIT 3 1194012966969 278 11385678300791854488
HIT 3 2035826556985 474 3884670029134654788
HIT 3 1017919373369 237 16797021104538506772
HIT 3 1194013032505 278 16894270560878472704
HIT 3 2035826622521 474 4151722441050794380
HIT 3 1017919438905 237 29294638742415216
HIT 3 1194013098041 278 14904263215807929333
HIT 3 2035826688057 474 18414875443493773492
HIT 3 1017919504441 237 7401334698033653477
HIT 3 1194013163577 278 4209158918564730722
HIT 3 2035826753593 474 3246151474090668678
HIT 3 1017919569977 237 17494850282302705238
HIT 3 1194013229113 278 14132910735712689584
HIT 3 2035826819129 474 9215393687011856359
HIT 3 1017919635513 237 5904899323356543361
HIT 3 1194013294649 278 9220938229285181352
HIT 3 2035826884665 474 1387277761816949603
HIT 3 1017919701049 237 6099752658739186405
HIT 3 1194013360185 278 17932720392654068312
HIT 3 2035826950201 474 14432177960479346335
HIT 3 1017919766585 237 18001858427950285135
HIT 3 1194013425721 278 2284398123518171119
HIT 3 2035827015737 474 15608332838302536943
HIT 3 1017919832121 237 17337708754681972932
HIT 3 1194013491257 278 13220496230878851206
HIT 3 2035827081273 474 17139779167792831530
HIT 3 1017919897657 237 7389936088162413243
HIT 3 1194013556793 278 2541981379511328261
HIT 3 2035827146809 474 11738238448586306493
HIT 3 1017919963193 237 5531995483300036606
HIT 3 1194013622329 278 3155047854319715922
HIT 3 2035827212345 474 16419504129000036657
HIT 3 1017920028729 237 9351882483276466036
HIT 3 1194013687865 278 16934733644360872860
HIT 3 2035827277881 474 8363240721921212659
HIT 3 1017920094265 237 837999205396272241
HIT 3 1194013753401 278 13477127483814701124
HIT 3 2035827343417 474 11898759921780643806
HIT 3 1017920159801 237 10517671208138672217
HIT 3 1194013818937 278 10055199034089476188
HIT 3 2035827408953 474 9983591093071398796
HIT 3 1017920225337 237 15832261817993452461
HIT 3 1194013884473 278 1135483237453565537
HIT 3 2035827474489 474 9335471108423733034
HIT 3 1017920290873 237 9720429075148184922
HIT 3 1194013950009 278 18130587651944444149
HIT 3 2035827540025 474 2990841612829293278
HIT 3 1017920356409 237 8758093423563118426
HIT 3 1194014015545 278 15932565971810310513
HIT 3 2035827605561 474 1963076298526247729
HIT 3 1017920421945 237 2866951427271645376
HIT 3 1194014081081 278 12181556339316806166
HIT 3 2035827671097 474 11143806462812891375
HIT 3 1017920487481 237 6352985282082685495
HIT 3 1194014146617 278 11109727057258803468
HIT 3 2035827736633 474 11918196236659457699
HIT 3 1017920553017 237 18162453806259788126
HIT 3 1194014212153 278 16195407452830051787
HIT 3 2035827802169 474 10777502407472009243
HIT 3 1017920618553 237 16439748174393400400
HIT 3 1194014277689 278 14652209242902801003
HIT 3 2035827867705 474 10777906735490897578
HIT 3 1017920684089 237 9345602248752670733
HIT 3 1194014343225 278 872382918624243481
HIT 3 2035827933241 474 4574968913526842778
HIT 3 1017920749625 237 12192691003161968212
HIT 3 1194014408761 278 17028175373159150626
HIT 3 2035827998777 474 15208648664957368688
HIT 3 1017920815161 237 5408511392245749622
HIT 3 1194014474297 278 1260827708470412463
HIT 3 2035828064313 474 4840229776343131211
HIT 3 1017920880697 237 2050404359313005964
HIT 3 1194014539833 278 9399489289571907386
HIT 3 2035828129849 474 8691664486396857549
HIT 3 1017920946233 237 4031555539350630083
HIT 3 1194014605369 278 12006291400078628253
HIT 3 2035828195385 474 586185626776641955
HIT 3 1017921011769 237 3662730475540228438
HIT 3 1194014670905 278 3395540014565230979
HIT 3 2035828260921 474 12928056769114669715
HIT 3 1017921077305 237 3746742479039564321
HIT 3 1194014736441 278 13548252467085765561
HIT 3 2035828326457 474 8338568361068277646
HIT 3 1017921142841 237 2125308518212148427
HIT 3 1194014801977 278 689294277855696582
HIT 3 2035828391993 474 6977057278412721571
HIT 3 1017921208377 237 7816800844612823556
HIT 3 1194014867513 278 3051270400222079301
HIT 3 2035828457529 474 16061377141590466218
HIT 3 1017921273913 237 12599976192957125637
HIT 3 1194014933049 278 15635357228991749087
HIT 3 2035828523065 474 10465559507765224575
HIT 3 1017921339449 237 6276087658725300196
HIT 3 1194014998585 278 17594204624722517272
HIT 3 2035828588601 474 9168087081226244395
HIT 3 1017921404985 237 3383828471572841292
HIT 3 1194015064121 278 17373628833951567090
HIT 3 2035828654137 474 9872997512531241054
HIT 3 1017921470521 237 13432163119807759022
HIT 3 1194015129657 278 16434268426983970677
HIT 3 2035828719673 474 10921079523977101105
HIT 3 1017921536057 237 11776254556586705726
HIT 3 1194015195193 278 16099536156194474361
HIT 3 2035828785209 474 6958696479747122815
HIT 3 1017921601593 237 1428822613952590631
HIT 3 1194015260729 278 15036366167913854937
HIT 3 2035828850745 474 6656463828887620085
HIT 3 1017921667129 237 4206004202139660371
HIT 3 1194015326265 278 5417678151963896079
HIT 3 2035828916281 474 499099315362534948
HIT 3 1017921732665 237 1425949627099785882
HIT 3 1194015391801 278 8470822476004522972
HIT 3 2035828981817 474 9366708794295058931
HIT 3 1017921798201 237 7532045206084087309
HIT 3 1194015457337 278 12084695840241413351
HIT 3 2035829047353 474 7229265398845040769
HIT 3 1017921863737 237 7392948653286199197
HIT 3 1194015522873 278 10593244150916654111
HIT 3 2035829112889 474 8053730764041299217
HIT 3 1017921929273 237 5390221645655645240
HIT 3 1194015588409 278 6170350287098417145
HIT 3 2035829178425 474 16646956547901016455
HIT 3 1017921994809 237 3955454394544085315
HIT 3 1194015653945 278 4412293001480337165
HIT 3 2035829243961 474 4171662796290511266
HIT 3 1017922060345 237 9699744419951514809
HIT 3 1194015719481 278 6195141608841025812
HIT 3 2035829309497 474 7537836704637370935
HIT 3 1017922125881 237 18095885937186500827
HIT 3 1194015785017 278 11584743428978418413
HIT 3 2035829375033 474 5902041026382281569
HIT 3 1017922191417 237 16287456561788013031
HIT 3 1194015850553 278 6301660948702254332
HIT 3 2035829440569 474 14737891557049314939
HIT 3 1017922256953 237 1093196736421231764
HIT 3 1194015916089 278 11680851925010650012
HIT 3 2035829506105 474 7867848846569952542
HIT 3 1017922322489 237 5538223369652363331
HIT 3 1194015981625 278 12005041940378535005
HIT 3 2035829571641 474 13355188531680977745
HIT 3 1017922388025 237 2211861897530450159
HIT 3 1194016047161 278 1550621741217011295
HIT 3 2035829637177 474 15996454130104369538
HIT 3 1017922453561 237 8741223009325831147
HIT 3 1194016112697 278 9956704754915000762
HIT 3 2035829702713 474 15892167044744704437
HIT 3 1009332584505 235 8741223009325831147
HIT 3 1017922519097 237 2713899744651277785
HIT 3 1194016178233 278 9719429574331081906
HIT 3 2035829768249 474 16102609249001444175
HIT 3 1017922584633 237 6818755802165286316
HIT 3 1026512519225 239 2400696294720020127
HIT 3 1194016243769 278 15379974196445160214
HIT 3 2035829833785 474 1516379940204026468
HIT 3 1017922650169 237 2400696294720020127
HIT 3 1185426374713 276 12366663624313304585
HIT 3 1194016309305 278 14554070665865241745
HIT 3 1198311276601 279 5646277975222170336
HIT 3 1202606243897 280 6831006750814224516
HIT 3 2027239964729 472 4618733991016604167
HIT 3 2035829899321 474 3453821392829780104
HIT 3 2040124866617 475 17458135737760716170
HIT 3 2044419833913 476 12255532055867541412
HIT 3 1022217683001 238 91831392149128768
HIT 3 1026512650297 239 9387654661946630674
HIT 3 1035102584889 241 13137873033059853626
HIT 3 1185426440249 276 7723291849268292815
HIT 3 1194016374841 278 3004668134322370858
HIT 3 1198311342137 279 10786576422459628840
HIT 3 1202606309433 280 12439208993141416494
HIT 3 2027240030265 472 8595934891710130019
HIT 3 2035829964857 474 16672292466520245703
HIT 3 2040124932153 475 5704494624589815948
HIT 3 2044419899449 476 10195269447758167902
HIT 3 1022217748537 238 2535162352820926821
HIT 3 1026512715833 239 13137873033059853626
HIT 3 1030807683129 240 91831392149128768
HIT 3 1035102650425 241 14881969053474246495
HIT 3 1039397617721 242 16452596904487761427
HIT 3 1043692585017 243 16652662735101678074
HIT 3 1047987552313 244 4310937871692400235
HIT 3 1052282519609 245 11376238521344432051
HIT 3 1056577486905 246 2276243680640895803
HIT 3 1060872454201 247 16563819325628736738
HIT 3 1065167421497 248 1398603706957013059
HIT 3 1069462388793 249 10436021871655778514
HIT 3 1073757356089 250 1340471622813467373
HIT 3 1078052323385 251 3537018755440826586
HIT 3 1082347290681 252 5882704185420322822
HIT 3 1086642257977 253 13558045704579900420
HIT 3 1090937225273 254 16622959799186067075
HIT 3 1095232192569 255 9813381455275068185
HIT 3 1099527159865 256 1623359697616768731
HIT 3 1103822127161 257 7073807469011510047
HIT 3 1108117094457 258 13921340543938480221
HIT 3 1112412061753 259 7255962667772402304
HIT 3 1116707029049 260 17667757933494489645
HIT 3 1121001996345 261 4019542006692217537
HIT 3 1125296963641 262 2415551038698195193
HIT 3 1129591930937 263 2686077535504040944
HIT 3 1133886898233 264 2856006955511242249
HIT 3 1138181865529 265 5491487038008938637
HIT 3 1142476832825 266 10586288118237467443
HIT 3 1146771800121 267 7897727571765882691
HIT 3 1151066767417 268 18074777957012618298
HIT 3 1155361734713 269 6055666897176479777
HIT 3 1159656702009 270 207643249384310021
HIT 3 1163951669305 271 5457591673753627601
HIT 3 1168246636601 272 3456003622928324644
HIT 3 1172541603897 273 11283414533575081859
HIT 3 1176836571193 274 6800473775151237388
HIT 3 1181131538489 275 2352513355104528384
HIT 3 1185426505785 276 9290700570484107426
HIT 3 1189721473081 277 4301359152963189484
HIT 3 1194016440377 278 4548413924278380345
HIT 3 1198311407673 279 15970587723302994145
HIT 3 1202606374969 280 16523704209348607681
HIT 3 1206901342265 281 16642118648926560715
HIT 3 1211196309561 282 6298432446298607113
HIT 3 1215491276857 283 1979216203487539821
HIT 3 1219786244153 284 16095810259344889428
HIT 3 1224081211449 285 2202623019232189314
HIT 3 1228376178745 286 1394617611092754582
HIT 3 1232671146041 287 10350217044616389364
HIT 3 1236966113337 288 12953641569469577264
HIT 3 1241261080633 289 11854982693544574374
HIT 3 1245556047929 290 708429809535070777
HIT 3 1249851015225 291 9150471326408509512
HIT 3 1254145982521 292 5326002914175390972
HIT 3 1258440949817 293 4790876108463438038
HIT 3 1262735917113 294 8332654153280024778
HIT 3 1267030884409 295 12924045705027729308
HIT 3 1271325851705 296 3999026128603279297
HIT 3 1275620819001 297 7792036703275785490
HIT 3 1279915786297 298 10821163484354059399
HIT 3 1284210753593 299 4039840737181732586
HIT 3 1288505720889 300 18034495279119438234
HIT 3 1292800688185 301 11355528651545481278
HIT 3 1297095655481 302 17975680225245007287
HIT 3 1301390622777 303 8838720044532769954
HIT 3 1305685590073 304 14937385120263567177
HIT 3 1309980557369 305 17045016668721007032
HIT 3 1314275524665 306 4249293334738485255
HIT 3 1318570491961 307 8346483721953968454
HIT 3 1322865459257 308 5077282565626023074
HIT 3 1327160426553 309 920538743271235950
HIT 3 1331455393849 310 3912937475306746336
HIT 3 1335750361145 311 9394281525638927474
HIT 3 1340045328441 312 4015002519574775331
HIT 3 1344340295737 313 506834177618866279
HIT 3 1348635263033 314 9828650039859224442
HIT 3 1352930230329 315 11218633714908323729
HIT 3 1357225197625 316 11062303826217770409
HIT 3 1361520164921 317 18419848468504345744
HIT 3 1365815132217 318 782125682152208301
HIT 3 1370110099513 319 7598593536216983172
HIT 3 1374405066809 320 2045914603784599668
HIT 3 1378700034105 321 11028298240551034308
HIT 3 1382995001401 322 10401883783359839416
HIT 3 1387289968697 323 6373907904916378960
HIT 3 1391584935993 324 1419697545191528331
HIT 3 1395879903289 325 10610402396993680293
HIT 3 1400174870585 326 12790495529072466308
HIT 3 1404469837881 327 17539669913551161848
HIT 3 1408764805177 328 16952538118161476445
HIT 3 1413059772473 329 4133589709824267956
HIT 3 1417354739769 330 7218103972558455349
HIT 3 1421649707065 331 17244949689064758180
HIT 3 1425944674361 332 7427423338297064329
HIT 3 1430239641657 333 10017006368390164032
HIT 3 1434534608953 334 5119577505515880243
HIT 3 1438829576249 335 11808235144906862597
HIT 3 1443124543545 336 4832530785544252060
HIT 3 1447419510841 337 5383646121773987277
HIT 3 1451714478137 338 6878740937070121067
HIT 3 1456009445433 339 3551442390386728260
HIT 3 1460304412729 340 11578117478712964088
HIT 3 1464599380025 341 13846081798280470592
HIT 3 1468894347321 342 5466002531765050567
HIT 3 1473189314617 343 14969069431729582897
HIT 3 1477484281913 344 2719584900256844360
HIT 3 1481779249209 345 8416953437490720918
HIT 3 1486074216505 346 8037678586947197326
HIT 3 1490369183801 347 10611012027655896513
HIT 3 1494664151097 348 6985097570366683004
HIT 3 1498959118393 349 13235991250567448934
HIT 3 1503254085689 350 2242757153470017802
HIT 3 1507549052985 351 6174744692294346605
HIT 3 1511844020281 352 924724808111080520
HIT 3 1516138987577 353 17308721069892795257
HIT 3 1520433954873 354 14228787867588831778
HIT 3 1524728922169 355 1667520148187247264
HIT 3 1529023889465 356 15915161625771278032
HIT 3 1533318856761 357 5425947854087353970
HIT 3 1537613824057 358 2506527707091629728
HIT 3 1541908791353 359 15711781393945672983
HIT 3 1546203758649 360 407455011692160576
HIT 3 1550498725945 361 11372223876053408225
HIT 3 1554793693241 362 9634434789549219668
HIT 3 1559088660537 363 10322608170072649813
HIT 3 1563383627833 364 16296969147101362308
HIT 3 1567678595129 365 9556271783634559796
HIT 3 1571973562425 366 8633815154751643076
HIT 3 1576268529721 367 12220378852145410415
HIT 3 1580563497017 368 5470861289083830953
HIT 3 1584858464313 369 6852213816355529476
HIT 3 1589153431609 370 17774687692092368891
HIT 3 1593448398905 371 16712848674659940576
HIT 3 1597743366201 372 13837205250976176802
HIT 3 1602038333497 373 1082040188892967748
HIT 3 1606333300793 374 15963655983038001543
HIT 3 1610628268089 375 1117700110160338528
HIT 3 1614923235385 376 8400589874121923091
HIT 3 1619218202681 377 15595458242562022898
HIT 3 1623513169977 378 6625587576126087431
HIT 3 1627808137273 379 10783236815831449310
HIT 3 1632103104569 380 17561665317240961132
HIT 3 1636398071865 381 8260174345795189070
HIT 3 1640693039161 382 18328870835868035236
HIT 3 1644988006457 383 3621097695533182143
HIT 3 1649282973753 384 16469095620550368912
HIT 3 1653577941049 385 1704124537893643464
HIT 3 1657872908345 386 17388251608822983245
HIT 3 1662167875641 387 2983509124454420080
HIT 3 1666462842937 388 12278041233569936731
HIT 3 1670757810233 389 16992779186303961717
HIT 3 1675052777529 390 15971032063571737435
HIT 3 1679347744825 391 11838947682011839269
HIT 3 1683642712121 392 11038518747843122492
HIT 3 1687937679417 393 17166896357982753991
HIT 3 1692232646713 394 3690071730541283326
HIT 3 1696527614009 395 6794474734479189141
HIT 3 1700822581305 396 4218931563621923532
HIT 3 1705117548601 397 13932477853451052281
HIT 3 1709412515897 398 2215341924157081594
HIT 3 1713707483193 399 16445178048975547742
HIT 3 1718002450489 400 8820560099476812479
HIT 3 1722297417785 401 15389946757245957892
HIT 3 1726592385081 402 719199243613981885
HIT 3 1730887352377 403 17215743137486125576
HIT 3 1735182319673 404 15661103022759285517
HIT 3 1739477286969 405 6631417573142499000
HIT 3 1743772254265 406 13416653360347987346
HIT 3 1748067221561 407 11400533720575121033
HIT 3 1752362188857 408 14174381781621020061
HIT 3 1756657156153 409 11944618219143962893
HIT 3 1760952123449 410 352265317156303653
HIT 3 1765247090745 411 1560580671486504035
HIT 3 1769542058041 412 11509836993253687245
HIT 3 1773837025337 413 6167518921772015264
HIT 3 1778131992633 414 9329845704914418936
HIT 3 1782426959929 415 9806941926813679521
HIT 3 1786721927225 416 8704994413958975002
HIT 3 1791016894521 417 9539433975024486068
HIT 3 1795311861817 418 1519068656550858094
HIT 3 1799606829113 419 5861218879545135851
HIT 3 1803901796409 420 13891189319548731401
HIT 3 1808196763705 421 4884698606035873537
HIT 3 1812491731001 422 2978436942484581529
HIT 3 1816786698297 423 7289647609692586793
HIT 3 1821081665593 424 11910574511454917961
HIT 3 1825376632889 425 5684252316575616458
HIT 3 1829671600185 426 17632090314747606274
HIT 3 1833966567481 427 16004293859439703377
HIT 3 1838261534777 428 10090922013457796645
HIT 3 1842556502073 429 3744963001450896001
HIT 3 1846851469369 430 1656242170708234171
HIT 3 1851146436665 431 11837195543572368684
HIT 3 1855441403961 432 10629680832509735557
HIT 3 1859736371257 433 1960695063210122329
HIT 3 1864031338553 434 13678021417050845203
HIT 3 1868326305849 435 6018267919831145440
HIT 3 1872621273145 436 17167223258582886661
HIT 3 1876916240441 437 14177088418471649397
HIT 3 1881211207737 438 4935645902524627546
HIT 3 1885506175033 439 4688258702317715809
HIT 3 1889801142329 440 771551088541515175
HIT 3 1894096109625 441 11391325694405212094
HIT 3 1898391076921 442 4904229188249879520
HIT 3 1902686044217 443 11288157369725930987
HIT 3 1906981011513 444 5373665884368393193
HIT 3 1911275978809 445 5316202352823108940
HIT 3 1915570946105 446 4678176978148295830
HIT 3 1919865913401 447 2808419406128872688
HIT 3 1924160880697 448 14440283473031671626
HIT 3 1928455847993 449 17498473511598247519
HIT 3 1932750815289 450 13616431777633375427
HIT 3 1937045782585 451 12606153420411638525
HIT 3 1941340749881 452 5636182970564796920
HIT 3 1945635717177 453 971111882213828376
HIT 3 1949930684473 454 6878656936663650141
HIT 3 1954225651769 455 17173290011645862061
HIT 3 1958520619065 456 4090250876681946694
HIT 3 1962815586361 457 7957252469235750470
HIT 3 1967110553657 458 5896971545318676567
HIT 3 1971405520953 459 12461763770404681880
HIT 3 1975700488249 460 11655221418458421633
HIT 3 1979995455545 461 10292218616378455782
HIT 3 1984290422841 462 9319872713351026279
HIT 3 1988585390137 463 17968857562350031947
HIT 3 1992880357433 464 2177154801850822103
HIT 3 1997175324729 465 10721941384736927744
HIT 3 2001470292025 466 8532569220336472877
HIT 3 2005765259321 467 5325571976571485874
HIT 3 2010060226617 468 15363191992844696651
HIT 3 2014355193913 469 333390519664012052
HIT 3 2018650161209 470 11314554146047468836
HIT 3 2022945128505 471 6684638724367026860
HIT 3 2027240095801 472 5053805841855949120
HIT 3 2031535063097 473 11956330003854254059
HIT 3 2035830030393 474 5006035541440260249
HIT 3 2040124997689 475 14638787720690933802
HIT 3 2044419964985 476 5747966370823873969
HIT 3 2048714932281 477 16058769562089849798
HIT 3 2053009899577 478 8983351130057766096
HIT 3 2057304866873 479 11379163923187043654
HIT 3 2061599834169 480 13887694463478949594
HIT 3 2065894801465 481 5485133693365910787
HIT 3 2070189768761 482 5590385792235800194
HIT 3 2074484736057 483 3148200450749753741
HIT 3 2078779703353 484 3759992157789611002
HIT 3 2083074670649 485 953815092546376209
HIT 3 2087369637945 486 12286888836699569265
HIT 3 2091664605241 487 13969613400364926984
HIT 3 2095959572537 488 5853176862145688005
HIT 3 2100254539833 489 13963524489020944949
HIT 3 2104549507129 490 16351686578131398225
HIT 3 2108844474425 491 7659780609669352958
HIT 3 2113139441721 492 5318154452978192908
HIT 3 2117434409017 493 14372693707661416329
HIT 3 2121729376313 494 16525348644609956147
HIT 3 2126024343609 495 12703135897466777170
HIT 3 2130319310905 496 370076150169001295
HIT 3 2134614278201 497 4689225510517692622
HIT 3 2138909245497 498 12388190901011507545
HIT 3 2143204212793 499 7939282803555205266
HIT 3 2147499180089 500 470601588026435892
HIT 3 2151794147385 501 6203685888575278146
HIT 3 2156089114681 502 14588035862484513982
HIT 3 2160384081977 503 12891141476148038107
HIT 3 2164679049273 504 3593672445069171831
HIT 3 2168974016569 505 5694151625921833638
HIT 3 2173268983865 506 10008743138069851184
HIT 3 2177563951161 507 17910699773230791733
HIT 3 2181858918457 508 6594924013189931652
HIT 3 2186153885753 509 4720980376388564683
HIT 3 2190448853049 510 10936845759023679441
HIT 3 2194743820345 511 9506267635455583058
HIT 3 1035102715961 241 11178292424154896607
HIT 3 1194016505913 278 14870211318596686286
HIT 3 2035830095929 474 3953879694681992955
HIT 3 1185426636857 276 3316449389078975898
HIT 3 1194016571449 278 4986559570047966437
HIT 3 1198311538745 279 3280548240108593693
HIT 3 1202606506041 280 8238762780814341357
HIT 3 2027240226873 472 7119626781906130402
HIT 3 2035830161465 474 9155463384996680404
HIT 3 2040125128761 475 18119486062570278229
HIT 3 2044420096057 476 2290738311037680230
HIT 3 1194016636985 278 15031419773514565372
HIT 3 2035830227001 474 2199340836970673665
HIT 3 1194016702521 278 4240871569289938190
HIT 3 2035830292537 474 14088415541366372414
HIT 3 1194016768057 278 6617375309758241634
HIT 3 2035830358073 474 13583640169202875135
HIT 3 1194016833593 278 1949737144720000860
HIT 3 2035830423609 474 6088899976788597889
HIT 3 1194016899129 278 13534914791968361536
HIT 3 2035830489145 474 8760749923797340441
HIT 3 1194016964665 278 9813783220631494188
HIT 3 2035830554681 474 829492882965841604
HIT 3 1194017030201 278 7445189875959941393
HIT 3 1194016440378 278 7937029661450518300
HIT 3 2035830030394 474 5472703537374764989
HIT 3 2035830620217 474 12035455936499952379
HIT 3 1194017095737 278 2210618767671215405
HIT 3 2035830685753 474 16890589310849183457
HIT 3 1194017161273 278 10671749138865824044
HIT 3 2035830751289 474 17054293720235058449
HIT 3 1194017226809 278 17312612258751030513
HIT 3 2035830816825 474 5482962127972170483
HIT 3 1194017292345 278 16126422311053879741
HIT 3 2035830882361 474 11861228514718208920
HIT 3 1194017357881 278 3154751672332097343
HIT 3 2035830947897 474 11113294845930473382
HIT 3 1194017423417 278 11416165845559423567
HIT 3 2035831013433 474 16847936059358924187
HIT 3 1194017488953 278 13371412598947823615
HIT 3 2035831078969 474 176260761128845617
HIT 3 1194017554489 278 5733960921522844628
HIT 3 2035831144505 474 10289674157780612058
HIT 3 1194017620025 278 9717025260825920695
HIT 3 2035831210041 474 9511845321010420139
HIT 3 1194017685561 278 15115767259417357523
HIT 3 2035831275577 474 9227705699678623967
HIT 3 1194017751097 278 2321918998593139053
HIT 3 2035831341113 474 17827655062062875967
HIT 3 1194017816633 278 4895975502799309616
HIT 3 2035831406649 474 267928344179513066
HIT 3 1194017882169 278 14242753079344003087
HIT 3 2035831472185 474 8145531121970704450
HIT 3 1194017947705 278 14600305067566431106
HIT 3 2035831537721 474 5622710055075173674
HIT 3 1194018013241 278 11770030538445807079
HIT 3 2035831603257 474 13580055364108215906
HIT 3 1194018078777 278 17885995611500598853
HIT 3 2035831668793 474 13464962605759889646
HIT 3 1194018144313 278 3665849799067422140
HIT 3 2035831734329 474 17232512517286228804
HIT 3 1194018209849 278 816704451964472238
HIT 3 2044435562551 476 10238401387294391479
HIT 3 2035831799865 474 7263822216681905590
HIT 3 1194018275385 278 9843715056819578711
HIT 3 2035831865401 474 926553153151204384
HIT 3 1194018340921 278 4236114170649417242
HIT 3 2035831930937 474 16276121131509504740
HIT 3 1194018406457 278 11661865817158411842
HIT 3 2035831996473 474 5009931364972656978
HIT 3 1194018471993 278 9055930828050667903
HIT 3 2035832062009 474 13882002673441616051
HIT 3 1194018537529 278 11292685326465304739
HIT 3 2035832127545 474 1270654980801972105
HIT 3 1194018603065 278 5131275352187450851
HIT 3 2035832193081 474 1013288662678531265
HIT 3 1194018668601 278 1882367886632716903
HIT 3 2035832258617 474 10974678367549918371
HIT 3 1194018734137 278 11100355975269820487
HIT 3 2035832324153 474 18175119255717872853
HIT 3 1194018799673 278 6858075652960724123
HIT 3 2035832389689 474 6010120335062938555
HIT 3 1185428930617 276 13084743494699473631
HIT 3 1194018865209 278 3885552779023711353
HIT 3 2035832455225 474 8397818502073046162
HIT 3 1194018930745 278 13084743494699473631
HIT 3 2035832520761 474 14985498845161749817
HIT 3 1194018996281 278 16037433807516259969
HIT 3 2027242651705 472 3156380756231508891
HIT 3 2035832586297 474 8085647360678718552
HIT 3 2040127553593 475 10635925645676528627
HIT 3 2044422520889 476 4413008937373028665
HIT 3 1194019061817 278 11003327092118510654
HIT 3 1202608996409 280 16037433807516259969
HIT 3 2035832651833 474 591972705957558244
HIT 3 1202609061945 280 9853686441528658568
HIT 3 1206904029241 281 4483044270786172565
HIT 3 1211198996537 282 15164068857631915576
HIT 3 1215493963833 283 12232392963302892958
HIT 3 1219788931129 284 7256808625711059750
HIT 3 1224083898425 285 13881440635861782233
HIT 3 1228378865721 286 10227379108746674467
HIT 3 1232673833017 287 16329350686766425181
HIT 3 1236968800313 288 13209072276256092100
HIT 3 1241263767609 289 2039006538676270899
HIT 3 1245558734905 290 7104015556852984585
HIT 3 1249853702201 291 14344203010545143869
HIT 3 1254148669497 292 8869603546389118678
HIT 3 1258443636793 293 9791948965768369402
HIT 3 1262738604089 294 8151545144733064228
HIT 3 1267033571385 295 5640771425198867088
HIT 3 1271328538681 296 8706458223779485500
HIT 3 1275623505977 297 988665588453787361
HIT 3 1279918473273 298 16736379066620710281
HIT 3 1284213440569 299 15365732496602337976
HIT 3 1288508407865 300 12318867279778746186
HIT 3 1292803375161 301 2761520704024207933
HIT 3 1297098342457 302 16521062309047110900
HIT 3 1301393309753 303 13130150340360449616
HIT 3 1305688277049 304 8370870966858468314
HIT 3 1309983244345 305 10706178558863123481
HIT 3 1314278211641 306 4663847594766872309
HIT 3 1318573178937 307 866345378694028803
HIT 3 1322868146233 308 3779323310345011123
HIT 3 1327163113529 309 13729309835268644561
HIT 3 1331458080825 310 14121254921464773704
HIT 3 1335753048121 311 10748678060445368987
HIT 3 1340048015417 312 5030615681360125484
HIT 3 1344342982713 313 13143424111895360013
HIT 3 1348637950009 314 15562668912055701890
HIT 3 1352932917305 315 8432243525106164641
HIT 3 1357227884601 316 11887895263192044797
HIT 3 1361522851897 317 12684622333193257582
HIT 3 1365817819193 318 2756157925867624040
HIT 3 1370112786489 319 634747280688341478
HIT 3 1374407753785 320 16991490917823493348
HIT 3 1378702721081 321 11367425133430049903
HIT 3 1382997688377 322 4311260332897730552
HIT 3 1387292655673 323 7249558612356863085
HIT 3 1391587622969 324 11210258883807094655
HIT 3 1395882590265 325 16712021316410155054
HIT 3 1400177557561 326 7362865615793309127
HIT 3 1404472524857 327 6138113126852608343
HIT 3 1408767492153 328 16298699140314055180
HIT 3 1413062459449 329 8530895058053348062
HIT 3 1417357426745 330 10881809581975489868
HIT 3 1421652394041 331 4454858448180581693
HIT 3 1425947361337 332 15641251448579961098
HIT 3 1430242328633 333 13149322908331888034
HIT 3 1434537295929 334 946000347865847271
HIT 3 1438832263225 335 311748934203394617
HIT 3 1443127230521 336 3253755129627948213
HIT 3 1447422197817 337 15856628968804102609
HIT 3 1451717165113 338 1013185237706098302
HIT 3 1456012132409 339 2691659628763359900
HIT 3 1460307099705 340 12059438781472769572
HIT 3 1464602067001 341 7299496203185087706
HIT 3 1468897034297 342 3112538563140807892
HIT 3 1473192001593 343 13319417742827982673
HIT 3 1477486968889 344 17863987613861061503
HIT 3 1481781936185 345 14217603077950127660
HIT 3 1486076903481 346 15836398592093192434
HIT 3 1490371870777 347 1983111371811785482
HIT 3 1494666838073 348 11654255477607303768
HIT 3 1498961805369 349 15808559863413043892
HIT 3 1503256772665 350 10827683883943764850
HIT 3 1507551739961 351 3460763791248708522
HIT 3 1511846707257 352 4253448514717284396
HIT 3 1516141674553 353 1916561261292461340
HIT 3 1520436641849 354 10608844515419829779
HIT 3 1524731609145 355 584675426893366293
HIT 3 1529026576441 356 241292818901480048
HIT 3 1533321543737 357 5926795072744392392
HIT 3 1537616511033 358 626862667770741988
HIT 3 1541911478329 359 3766012030014524502
HIT 3 1546206445625 360 7433506417573684717
HIT 3 1550501412921 361 13984069763779894776
HIT 3 1554796380217 362 5271949348102792496
HIT 3 1559091347513 363 4199394402897691927
HIT 3 1563386314809 364 5974828556074682293
HIT 3 1567681282105 365 7568534092202045920
HIT 3 1571976249401 366 9552160260276769929
HIT 3 1576271216697 367 1775378445908678167
HIT 3 1580566183993 368 2990378260261913938
HIT 3 1584861151289 369 9868182374919251138
HIT 3 1589156118585 370 7950320207445621629
HIT 3 1593451085881 371 5349419044573434129
HIT 3 1597746053177 372 2692948183414703151
HIT 3 1602041020473 373 11754681110620451057
HIT 3 1606335987769 374 2917007530019705607
HIT 3 1610630955065 375 42226665151165263
HIT 3 1614925922361 376 13126572940197955360
HIT 3 1619220889657 377 586538174308499316
HIT 3 1623515856953 378 17535752893750642973
HIT 3 1627810824249 379 2411691686021056232
HIT 3 1632105791545 380 13657809774218243242
HIT 3 1636400758841 381 10560938683631617255
HIT 3 1640695726137 382 1538195285696019146
HIT 3 1644990693433 383 17996166083768064846
HIT 3 1649285660729 384 13110309955326941282
HIT 3 1653580628025 385 12755540781728826334
HIT 3 1657875595321 386 8601653386792255983
HIT 3 1662170562617 387 5022090991235475984
HIT 3 1666465529913 388 6283025969369511918
HIT 3 1670760497209 389 17579144378050307914
HIT 3 1675055464505 390 9187095032167482227
HIT 3 1679350431801 391 17338569215394809905
HIT 3 1683645399097 392 4723922523105532688
HIT 3 1687940366393 393 8454496523095063134
HIT 3 1692235333689 394 456711867064031158
HIT 3 1696530300985 395 7102067635298196674
HIT 3 1700825268281 396 4435769510438862807
HIT 3 1705120235577 397 7909884987959746807
HIT 3 1709415202873 398 15097546342501406336
HIT 3 1713710170169 399 11223652343709246361
HIT 3 1718005137465 400 9549325348369245027
HIT 3 1722300104761 401 10084435503549495895
HIT 3 1726595072057 402 14821730225486966440
HIT 3 1730890039353 403 13181828043323131072
HIT 3 1735185006649 404 15546437940755543843
HIT 3 1739479973945 405 13225001956510146618
HIT 3 1743774941241 406 9090633110048779875
HIT 3 1748069908537 407 18178035067093051030
HIT 3 1752364875833 408 17078922155379090198
HIT 3 1756659843129 409 516975129822561333
HIT 3 1760954810425 410 9591021060194299661
HIT 3 1765249777721 411 6116795255684215680
HIT 3 1769544745017 412 4665640660520243182
HIT 3 1773839712313 413 10756774029588632495
HIT 3 1778134679609 414 12208223324429415888
HIT 3 1782429646905 415 9492443773421193849
HIT 3 1786724614201 416 6429308268348722023
HIT 3 1791019581497 417 5677632600407825716
HIT 3 1795314548793 418 14362398109001551233
HIT 3 1799609516089 419 12979170886342092301
HIT 3 1803904483385 420 14420806851957058111
HIT 3 1808199450681 421 12500682202645393046
HIT 3 1812494417977 422 8305216622547261432
HIT 3 1816789385273 423 6587543884684002955
HIT 3 1821084352569 424 13004852494819886259
HIT 3 1825379319865 425 8036873426519313199
HIT 3 1829674287161 426 17043282846679869846
HIT 3 1833969254457 427 8628797457952565890
HIT 3 1838264221753 428 5911479411714190743
HIT 3 1842559189049 429 14816010299772795561
HIT 3 1846854156345 430 14836338818583436360
HIT 3 1851149123641 431 11853324530015434163
HIT 3 1855444090937 432 2618267684980822479
HIT 3 1859739058233 433 18354002633907008623
HIT 3 1864034025529 434 17998610533085725202
HIT 3 1868328992825 435 4330550502340836027
HIT 3 1872623960121 436 13476560660673089896
HIT 3 1876918927417 437 4297092188598827352
HIT 3 1881213894713 438 8546886365281479177
HIT 3 1885508862009 439 16799187501564168321
HIT 3 1889803829305 440 5831240854743386320
HIT 3 1894098796601 441 4217591210953812119
HIT 3 1898393763897 442 2663850853716002320
HIT 3 1902688731193 443 17259097355248511185
HIT 3 1906983698489 444 5126641881866918182
HIT 3 1911278665785 445 5810335518694840425
HIT 3 1915573633081 446 6256857404500922868
HIT 3 1919868600377 447 17495884151098634670
HIT 3 1924163567673 448 17492949588471570300
HIT 3 1928458534969 449 4223976711525556323
HIT 3 1932753502265 450 8922009339679984704
HIT 3 1937048469561 451 10721711159943546357
HIT 3 1941343436857 452 11484623335671243833
HIT 3 1945638404153 453 16308322520697133175
HIT 3 1949933371449 454 10637161749755300567
HIT 3 1954228338745 455 842231726379618903
HIT 3 1958523306041 456 10745941317238275384
HIT 3 1962818273337 457 17313220027563034202
HIT 3 1967113240633 458 12532856710129210212
HIT 3 1971408207929 459 7115644288853471706
HIT 3 1975703175225 460 14181826423731643446
HIT 3 1979998142521 461 5785815463555928513
HIT 3 1984293109817 462 13767273895662568368
HIT 3 1988588077113 463 1657660317281519076
HIT 3 1992883044409 464 13740675392556040329
HIT 3 1997178011705 465 4557987288619450588
HIT 3 2001472979001 466 1918087885169019882
HIT 3 2005767946297 467 14902072418709083339
HIT 3 2010062913593 468 3701971458850447160
HIT 3 2014357880889 469 6070246562526192910
HIT 3 2018652848185 470 6499724062530340331
HIT 3 2022947815481 471 11707559001107242244
HIT 3 2027242782777 472 12951041291864970526
HIT 3 2031537750073 473 12710500554436071793
HIT 3 2035832717369 474 5439863456293104787
HIT 3 2040127684665 475 5772325106256410737
HIT 3 2044422651961 476 4899955155564370480
HIT 3 2048717619257 477 3497964177854557430
HIT 3 2053012586553 478 8285231685293917635
HIT 3 2057307553849 479 4288838608853099687
HIT 3 2061602521145 480 14933618211760683037
HIT 3 2065897488441 481 12994727903108082657
HIT 3 2070192455737 482 7297637209859404644
HIT 3 2074487423033 483 7836950989615879101
HIT 3 2078782390329 484 7676394857688187171
HIT 3 2083077357625 485 6646192212791378750
HIT 3 2087372324921 486 16249406164705223544
HIT 3 2091667292217 487 17262927508470693689
HIT 3 2095962259513 488 15241107763871379114
HIT 3 2100257226809 489 12691778148114855043
HIT 3 2104552194105 490 7379581025899174633
HIT 3 2108847161401 491 14641998693771229472
HIT 3 2113142128697 492 14540613699331918573
HIT 3 2117437095993 493 17674647452703663940
HIT 3 2121732063289 494 14019096009842544677
HIT 3 2126027030585 495 12930176910353291473
HIT 3 2130321997881 496 11096811672634345783
HIT 3 2134616965177 497 9130256468776799360
HIT 3 2138911932473 498 9972685781847682181
HIT 3 2143206899769 499 7012513973869568091
HIT 3 2147501867065 500 33756479254674778
HIT 3 2151796834361 501 6799540450223068883
HIT 3 2156091801657 502 16659747352111459018
HIT 3 2160386768953 503 15920524154530129974
HIT 3 2164681736249 504 13203423262845073061
HIT 3 2168976703545 505 7121428484143792005
HIT 3 2173271670841 506 17281576010533220227
HIT 3 2177566638137 507 263134219971083008
HIT 3 2181861605433 508 3668123883563189424
HIT 3 2186156572729 509 13040149157915840642
HIT 3 2190451540025 510 15391494998528778822
HIT 3 2194746507321 511 12346808406246196979
HIT 3 1202609127481 280 4629035181175404616
HIT 3 1206904094777 281 12232392963302892958
HIT 3 1211199062073 282 9853686441528658568
HIT 3 2027242848313 472 6874953031972370309
HIT 3 2035832782905 474 7443179790649264134
HIT 3 2040127750201 475 15662493719885839169
HIT 3 2044422717497 476 10590195541516342484
HIT 3 2027242913849 472 8151338013719920237
HIT 3 2035832848441 474 9941805447723278114
HIT 3 2040127815737 475 15926562578068440666
HIT 3 2044422783033 476 14076478332957398078
HIT 3 1211199193145 282 6889989032826910922
HIT 3 2035832913977 474 17784132412067726815
HIT 3 2035832979513 474 7267832454236221140
HIT 3 2035833045049 474 14258113781025074863
HIT 3 2035833110585 474 13623542604012766502
HIT 3 2035833176121 474 17849784548382118632
HIT 3 2035833241657 474 11694012136559126559
HIT 3 2035833307193 474 6351292077587779025
HIT 3 2035833372729 474 1915761127127732933
HIT 3 2035833438265 474 5711671391177523223
HIT 3 2035833503801 474 6206211555831166026
HIT 3 2035833569337 474 2864313919351786038
HIT 3 2035833634873 474 12291665613155893305
HIT 3 2035833700409 474 6062484716091649087
HIT 3 2035833765945 474 17453868249985415864
HIT 3 2035833831481 474 5480923232570097786
HIT 3 2035833897017 474 18139335307011034139
HIT 3 2035833962553 474 6922323819314170036
HIT 3 2035834028089 474 5314773520138887436
HIT 3 2035834093625 474 7402245803102213408
HIT 3 2035834159161 474 3244534263915836858
HIT 3 2035834224697 474 17703759052178929403
HIT 3 2035834290233 474 18276359444950582980
HIT 3 2035834355769 474 14522879915822944374
HIT 3 2035834421305 474 12347130747221204506
HIT 3 2035834486841 474 15166738702510300456
HIT 3 2035834552377 474 3593421828388958248
HIT 3 2035834617913 474 14768016720516235350
HIT 3 2035834683449 474 14751410082256929265
HIT 3 2035834748985 474 9129093935464089991
HIT 3 2035834814521 474 7771782933647608434
HIT 3 2035832717370 474 14395175955447519916
HIT 3 2035834880057 474 12751762366454644857
HIT 3 2035834945593 474 15288580629995253563
HIT 3 2035835011129 474 10478253313624896712
HIT 3 2035835076665 474 8328660081368020600
HIT 3 2035835142201 474 4522203813538925976
HIT 3 2035835207737 474 4842681448472341213
HIT 3 2035835273273 474 4075974821565905739
HIT 3 2035835338809 474 3364175574285676706
HIT 3 2035835404345 474 360869960875460023
HIT 3 2035835469881 474 8637564622712210300
HIT 3 2035835535417 474 87188052295259105
HIT 3 2035835600953 474 572923211335393281
HIT 3 2035835666489 474 6958120474499296621
HIT 3 2035835732025 474 132417658504128525
HIT 3 2035835797561 474 15121433490023751072
HIT 3 2035835863097 474 13380128707761225025
HIT 3 2035835928633 474 10348414620227743345
HIT 3 2035835994169 474 16909490110531883180
HIT 3 2035836059705 474 16380876395481675563
HIT 3 2035836125241 474 15682145620015842748
HIT 3 2035836190777 474 3856647423274979776
HIT 3 2035836256313 474 6760863209330716233
HIT 3 2035836321849 474 12546310088833861907
HIT 3 2035836387385 474 15473577208099968980
HIT 3 2035836452921 474 12762320406659316177
HIT 3 2035836518457 474 5325912665767428079
HIT 3 2035836583993 474 12311630397264126492
HIT 3 2035836649529 474 1425396427167039489
HIT 3 2035836715065 474 17902339060922860176
HIT 3 2035836780601 474 13319424970975871468
HIT 3 2035836846137 474 7327228855962269219
HIT 3 2035836911673 474 15185320726868860700
HIT 3 2035836977209 474 13048906406837645697
HIT 3 2035837042745 474 6398855247933195620
HIT 3 2035837108281 474 11880060689339804295
HIT 3 2035837173817 474 11349170316592686075
HIT 3 2035837239353 474 4569280267835128969
HIT 3 2035837304889 474 15612375800417163997
HIT 3 2035837370425 474 1715911374490834261
HIT 3 2035837435961 474 17459121945446204469
HIT 3 2035837501497 474 5733938133725316217
HIT 3 2035837567033 474 16460155541093375718
HIT 3 2035837632569 474 16515796714663311865
HIT 3 2035837698105 474 11927055840036087919
HIT 3 2035837763641 474 12957291492197000171
HIT 3 2035837829177 474 6591199147609822031
HIT 3 2035837894713 474 15467461190547745333
HIT 3 2035837960249 474 12582240431386246887
HIT 3 2035838025785 474 5236183259619539669
HIT 3 2035838091321 474 2546670525409633872
HIT 3 2035838156857 474 2165209990888620974
HIT 3 2035838222393 474 6803823441526542073
HIT 3 2035838287929 474 11905494617780723549
HIT 3 1194016309304 278 10006735927360204432
HIT 3 2035829899320 474 14244369934262878298
HIT 3 1026512650296 239 13574867957981971486
HIT 3 1194016374840 278 9484138393074762938
HIT 3 2035829964856 474 7014174100746517931
HIT 3 1185426505784 276 3366707747708906999
HIT 3 1194016440376 278 17204557055822864927
HIT 3 1198311407672 279 500240090268085163
HIT 3 1202606374968 280 17182830760126042066
HIT 3 2027240095800 472 499954847043031735
HIT 3 2035830030392 474 13673826919524106412
HIT 3 2040124997688 475 7593402440872389672
HIT 3 2044419964984 476 7600207742633125182
HIT 3 1194016571448 278 3764933080304061643
HIT 3 2035830161464 474 17556311729054643480
HIT 3 2035838353465 474 14355981531849218682
HIT 3 2035838419001 474 8706165863897313730
HIT 3 2035838484537 474 14310662269681735264
HIT 3 2035838550073 474 12857816337827212929
HIT 3 2035838615609 474 4722884813960929811
HIT 3 2035838681145 474 747589833716276442
HIT 3 2035838746681 474 6547859431928424313
HIT 3 2035838812217 474 17857402259018111272
HIT 3 2035838877753 474 4711594320348595104
HIT 3 2035838943289 474 18444268112214576439
HIT 3 2035839008825 474 12485031037899293873
HIT 3 2035839074361 474 18136133987146260097
HIT 3 2035839139897 474 5326739411445236682
HIT 3 2035839205433 474 3309246718659248538
HIT 3 2035839270969 474 18037963235264193045
HIT 3 2035839336505 474 17903138532750141617
HIT 3 2035839402041 474 3166333026450385113
HIT 3 2035839467577 474 4159478246486584623
HIT 3 2035839533113 474 16703439294517768049
HIT 3 2035839598649 474 4564913603726318633
HIT 3 2035839664185 474 16909196898606034249
HIT 3 2035839729721 474 12557950572205266982
HIT 3 2035839795257 474 11915229202938454310
HIT 3 2035839860793 474 2822753436414846672
HIT 3 2035839926329 474 3638702552919955649
HIT 3 2035839991865 474 3081961241439907779
HIT 3 2035840057401 474 13155223715947076848
HIT 3 2035840122937 474 9623646484691839944
HIT 3 2035840188473 474 2002574255571465046
HIT 3 2035840254009 474 8851721624631669372
HIT 3 2035840319545 474 13446607674944747425
HIT 3 2035840385081 474 144746426353989064
HIT 3 2035840450617 474 7517284732693704007
HIT 3 2035840516153 474 5332038856171576622
HIT 3 2035840581689 474 9387049465696973460
HIT 3 2035840647225 474 16069530204082546859
HIT 3 2035840712761 474 3594006157003881858
HIT 3 2035840778297 474 2364055359269535422
HIT 3 2035840843833 474 9809860901987037167
HIT 3 2035840909369 474 15225352041012994363
HIT 3 2035840974905 474 5128209248488100282
HIT 3 2035841040441 474 17746388729944794242
HIT 3 2035841105977 474 12811860720948161159
HIT 3 2035841171513 474 6066040391246079488
HIT 3 2035841237049 474 9419534438824536972
HIT 3 2035841302585 474 5847252981274041390
HIT 3 2035841368121 474 3836176859093440551
HIT 3 2035841433657 474 2556545940906513402
HIT 3 2035841499193 474 17343558284748047074
HIT 3 2035841564729 474 3189241911190802418
HIT 3 2035841630265 474 6936806547827967847
HIT 3 2035841695801 474 5763906430469164929
HIT 3 2035841761337 474 12861130928206286487
HIT 3 2035841826873 474 11148236831153051855
HIT 3 2035841892409 474 6206188770060359397
HIT 3 2035841957945 474 4470559193819527643
HIT 3 2035842023481 474 14646951076264460879
HIT 3 2035842089017 474 982198910153143403
HIT 3 2035842154553 474 11053806529681119491
HIT 3 2035842220089 474 5851991540498713211
HIT 3 2035842285625 474 3107010463936630176
HIT 3 2035842351161 474 13393151601076062055
HIT 3 2035842416697 474 7714341233185851725
HIT 3 2035842482233 474 17498958497084701276
HIT 3 2035842547769 474 1701448176687458593
HIT 3 2035842613305 474 15517103085328264174
HIT 3 2035842678841 474 5251364990037486550
HIT 3 2035842744377 474 12645617129247331216
HIT 3 2035842809913 474 6267328030160314799
HIT 3 2035842875449 474 1557202089399235096
HIT 3 2035842940985 474 12564492347444673627
HIT 3 2035843006521 474 183205576347412362
HIT 3 2035843072057 474 10611981018754849126
HIT 3 2035843137593 474 6472572066740071222
HIT 3 2035843203129 474 14931534659996326627
HIT 3 2035843268665 474 17294157903593532641
HIT 3 2035843334201 474 5978608091546130398
HIT 3 2035843399737 474 5992962204886216381
HIT 3 2035843465273 474 970934514477616984
HIT 3 2035843530809 474 9099154850666245272
HIT 3 2035843596345 474 8740511183466853430
HIT 3 2035843661881 474 14699510711495514408
HIT 3 2035843727417 474 4197653115197129611
HIT 3 2035843792953 474 2280917028586557471
HIT 3 2035843858489 474 790724842822006423
HIT 3 2035843924025 474 1790812834890807417
HIT 3 2035843989561 474 10812935976100966038
HIT 3 2035844055097 474 15377012734108965722
HIT 3 2035844120633 474 1583356243147390043
HIT 3 2035844186169 474 6316715155171977873
HIT 3 2035844251705 474 5096275347643072195
HIT 3 2035844317241 474 17020310154200529103
HIT 3 2035844382777 474 11708072683690653228
HIT 3 2035844448313 474 14169571024785717235
HIT 3 2035844513849 474 12415664336772637169
HIT 3 2035844579385 474 302865592718697662
HIT 3 2035844644921 474 13039437429359111023
HIT 3 2035844710457 474 8837660027870895790
HIT 3 2035844775993 474 9284248235875205529
HIT 3 2035844841529 474 7819768027219043205
HIT 3 2035844907065 474 8087390779169615117
HIT 3 2035844972601 474 15077444783845095460
HIT 3 2035845038137 474 4369184111689767213
HIT 3 2035845103673 474 4074817871881857261
HIT 3 2035845169209 474 15302704654012492548
HIT 3 2035845234745 474 7184021580779145458
HIT 3 2027255365689 472 17071764164937035498
HIT 3 2035845300281 474 2526819453705047232
HIT 3 2035845365817 474 17071764164937035498
HIT 3 2035845431353 474 4190156389888424073
HIT 3 2035845496889 474 10908715500898014407
HIT 3 2044435431481 476 4190156389888424073
HIT 3 2044435497017 476 15160821827551448720
HIT 3 2048730464313 477 7186743545496012302
HIT 3 2053025431609 478 6761910558212848904
HIT 3 2057320398905 479 4726944652512462466
HIT 3 2061615366201 480 12659085463863818558
HIT 3 2065910333497 481 2275159678403933909
HIT 3 2070205300793 482 17923634043568424844
HIT 3 2074500268089 483 15704513208371267850
HIT 3 2078795235385 484 3416065138349952929
HIT 3 2083090202681 485 13296828164145791971
HIT 3 2087385169977 486 3232021176196364310
HIT 3 2091680137273 487 3076088043430019598
HIT 3 2095975104569 488 5167049663988777815
HIT 3 2100270071865 489 2951893279278756735
HIT 3 2104565039161 490 6779582182227670232
HIT 3 2108860006457 491 1692266074096639800
HIT 3 2113154973753 492 3583714259197232887
HIT 3 2117449941049 493 697243250972468400
HIT 3 2121744908345 494 4328764461641981970
HIT 3 2126039875641 495 17503180410580974588
HIT 3 2130334842937 496 16003943781411056114
HIT 3 2134629810233 497 9937704928798538041
HIT 3 2138924777529 498 926462776411306378
HIT 3 2143219744825 499 7077996184256043858
HIT 3 2147514712121 500 4882827477335498038
HIT 3 2151809679417 501 12736769259140333552
HIT 3 2156104646713 502 5171811325650310731
HIT 3 2160399614009 503 4380442551163407144
HIT 3 2164694581305 504 8899250216890405195
HIT 3 2168989548601 505 14203792537820014396
HIT 3 2173284515897 506 12319817592670090960
HIT 3 2177579483193 507 4466879589417388827
HIT 3 2181874450489 508 18138487585679975363
HIT 3 2186169417785 509 14022931414809463086
HIT 3 2190464385081 510 14418912688090967655
HIT 3 2194759352377 511 13574690584158605293
HIT 3 2044435562553 476 14426346514388337117
HIT 3 2048730529849 477 4726944652512462466
HIT 3 2053025497145 478 15160821827551448720
HIT 3 2053025628217 478 12845730607750902661
HIT 3 1017916358715 237 6818905515115332990
HIT 3 1194010017851 278 8518297691102342560
HIT 3 2035823607867 474 4248891954137348646
HIT 3 614189498427 143 11667716978170352598
HIT 3 1017916424251 237 13779871466764482488
HIT 3 1194010083387 278 10127727198762878821
HIT 3 2035823673403 474 10440205791863086416
HIT 3 1009326555195 235 4380022743081671597
HIT 3 1013621522491 236 8886149633413839567
HIT 3 1017916489787 237 5590548144619413845
HIT 3 1026506424379 239 17614299204564772174
HIT 3 1185420214331 276 10466951184267612269
HIT 3 1194010148923 278 16405520317141680600
HIT 3 1198305116219 279 14005144966157250784
HIT 3 1202600083515 280 5104875320230748694
HIT 3 2027233804347 472 14833611157460418054
HIT 3 2035823738939 474 4593090833386074044
HIT 3 2040118706235 475 14059818728087554002
HIT 3 2044413673531 476 16040486705026302032
HIT 3 1017916620859 237 7402986697778457760
HIT 3 1194010279995 278 12140500154915961537
HIT 3 2035823870011 474 17556042692851257902
HIT 3 2035832586296 474 16308738508540736447
HIT 3 2027242782776 472 815053490281426521
HIT 3 2035832717368 474 6741633344811730271
HIT 3 2040127684664 475 16095827472830452059
HIT 3 2044422651960 476 7516957225807568347
HIT 3 1202609127480 280 310793589723979534
HIT 3 2035832782904 474 13830635855343242111
HIT 3 2035832848440 474 16571386414114335841
HIT 3 1194016309307 278 980559334729667108
HIT 3 2035829899323 474 3915034450284924666
HIT 3 1026512650299 239 2350343013841632424
HIT 3 1194016374843 278 17563695344613822787
HIT 3 2035829964859 474 9590400929513384661
HIT 3 1185426505787 276 2231734855124157042
HIT 3 1194016440379 278 13089493391978695938
HIT 3 1198311407675 279 2638867482304724058
HIT 3 1202606374971 280 1643703335449943713
HIT 3 1017916489788 237 18103092080079339905
HIT 3 1194010148924 278 8893330484544079696
HIT 3 2035823738940 474 2029073889023329347
HIT 3 2027240095803 472 12080041012736135416
HIT 3 2035830030395 474 4233057213258251260
HIT 3 2040124997691 475 6212068866734390741
HIT 3 2044419964987 476 10786711711127830536
HIT 3 1194016571451 278 692389138403351906
HIT 3 2035830161467 474 12256340791412282609
HIT 3 1017916489789 237 12632773489681944379
HIT 3 1194010148925 278 12014324327787788679
HIT 3 2035823738941 474 15509358354270069682
HIT 3 2035832586299 474 11187666568256613241
HIT 3 2027242782779 472 10707956586627814073
HIT 3 2035832717371 474 2590158083698356548
HIT 3 2040127684667 475 10181165005922785193
HIT 3 2044422651963 476 10944723766013589658
HIT 3 1202609127483 280 1242415065859283734
HIT 3 2035832782907 474 7762010354459842549
HIT 3 2035832848443 474 11605316248797544440
HIT 3 2044435562552 476 9218906732778439226
HIT 3 1194016440380 278 2629571317596189458
HIT 3 2035830030396 474 15541402956560574733
HIT 3 1194016440381 278 6807524175230061420
HIT 3 2035830030397 474 16750256163015578780
HIT 3 2044435562555 476 10752661786510865016
HIT 3 2035832717372 474 18272902842598824715
HIT 3 2035832717373 474 18248205163309244551
HIT 3 1017916489790 237 6961527627465507451
HIT 3 1194010148926 278 6755294182539718187
HIT 3 2035823738942 474 3783260788766315796
HIT 3 1017916489791 237 4130000584065866929
HIT 3 1194010148927 278 5517489543620606812
HIT 3 2035823738943 474 7835281231519143851
HIT 3 1017916489792 237 2409878818856376282
HIT 3 1194010148928 278 5027667991996245083
HIT 3 2035823738944 474 7859677858572073108
HIT 3 1194016440382 278 11451976203452542302
HIT 3 2035830030398 474 3748800296302931980
HIT 3 1194016440383 278 14699617901539685966
HIT 3 2035830030399 474 15303847685699062685
HIT 3 1017916489793 237 13143361513099115847
HIT 3 1194010148929 278 2404897357194354702
HIT 3 2035823738945 474 14873246983432630374
HIT 3 2035832717374 474 5859218133470132689
HIT 3 2035832717375 474 4057122503948121445
HIT 3 1194016440385 278 6190975297770607014
HIT 3 2035830030401 474 817687220049881527
HIT 3 1194016440384 278 8240448952494153677
HIT 3 2035830030400 474 17211391159685148057
HIT 3 2035832717376 474 844708103209135025
HIT 3 2035832717377 474 16398307239751558568
HIT 3 1017916489794 237 3408157288805760576
HIT 3 1194010148930 278 14173555988406295421
HIT 3 2035823738946 474 15452980878279806887
HIT 3 1017916489795 237 2207288721499463215
HIT 3 1194010148931 278 4932842995732640044
HIT 3 2035823738947 474 14508435902820200095
HIT 3 1194016440387 278 720134681945880908
HIT 3 2035830030403 474 15625886151398063368
HIT 3 1017916489797 237 8145830615542657671
HIT 3 1194010148933 278 5849089089121088795
HIT 3 2035823738949 474 14529691154583166448
HIT 3 1194016440386 278 12867940685192330812
HIT 3 2035830030402 474 14582928667279360437
HIT 3 1017916489796 237 8779812977844131239
HIT 3 1194010148932 278 13840799465900040586
HIT 3 2035823738948 474 16733374482300434338
HIT 3 2035832717379 474 15444919676730307812
HIT 3 2035832717378 474 12112447833882245733
HIT 3 1194016440389 278 15085656854067128584
HIT 3 2035830030405 474 8769825922078944661
HIT 3 1194016440388 278 4137540969584635114
HIT 3 2035830030404 474 14337409700577588934
HIT 3 2035832717381 474 99014165884896137
HIT 3 2035832717380 474 18027574586904231868
HIT 3 1017916489798 237 8100330843362654581
HIT 3 1194010148934 278 12609638095298411877
HIT 3 2035823738950 474 10085736172830529223
HIT 3 1017916489799 237 16311419394347276348
HIT 3 1194010148935 278 963801013286937376
HIT 3 2035823738951 474 13252379100165264952
HIT 3 1194016440390 278 1066200451390847382
HIT 3 2035830030406 474 2669935977318151265
HIT 3 1017916489801 237 593138766273528868
HIT 3 1194010148937 278 7258078031759903115
HIT 3 2035823738953 474 8951262538793208577
HIT 3 1017916489800 237 2673761581021206976
HIT 3 1194010148936 278 2939557007446375117
HIT 3 2035823738952 474 9983737897113127381
HIT 3 1194016440391 278 3699253119696623588
HIT 3 2035830030407 474 13290641780219125434
HIT 3 2035832717382 474 493886415810403283
HIT 3 2035832717383 474 12234481475872357879
HIT 3 1194016440393 278 17618376875026330618
HIT 3 2035830030409 474 4840566887750726288
HIT 3 1194016440392 278 6117519503940012348
HIT 3 2035830030408 474 12612872161871654314
HIT 3 2035832717385 474 14274470176911270985
HIT 3 2035832717384 474 17052969819726679672
HIT 3 1017916489803 237 201275734762193956
HIT 3 1194010148939 278 355799096838122054
HIT 3 2035823738955 474 4559378836237628725
HIT 3 1017916489802 237 7847057570288534966
HIT 3 1194010148938 278 5234375252718399749
HIT 3 2035823738954 474 12450189143540607976
HIT 3 1017916489804 237 14504971498172913280
HIT 3 1194010148940 278 6442647020249966688
HIT 3 2035823738956 474 14933808337571298419
HIT 3 1194016440394 278 2208492457851598318
HIT 3 2035830030410 474 9472169719824255370
HIT 3 1017916489805 237 5934044677431610950
HIT 3 1194010148941 278 362504449405231254
HIT 3 2035823738957 474 17953725954827398012
HIT 3 1194016440395 278 13915975895165533703
HIT 3 2035830030411 474 2355644927294714699
HIT 3 2035832717387 474 15823540766132358173
HIT 3 2035832717386 474 16436165721130689467
HIT 3 1194016440396 278 10332653057716808847
HIT 3 2035830030412 474 17700108487352821501
HIT 3 1194016440397 278 12182901429084199803
HIT 3 2035830030413 474 6637200845640305670
HIT 3 2035832717388 474 360563641406689265
HIT 3 2035832717389 474 18087930312878023762
HIT 3 1017916489806 237 16545658320638360408
HIT 3 1194010148942 278 12296770691618580455
HIT 3 1017916489807 237 17204391963090500549
HIT 3 1194010148943 278 2276480619518363174
HIT 3 2035823738958 474 12422374340624674710
HIT 3 2035823738959 474 10928924433427908651
HIT 3 1017916489808 237 3664776780925017312
HIT 3 1017916489809 237 2834698014287752749
HIT 3 1194010148945 278 13244721302606579407
HIT 3 2035823738961 474 971051142731116628
HIT 3 1194010148944 278 5100411298568456076
HIT 3 2035823738960 474 6064311558112853909
HIT 3 1194016440398 278 16021487749020500317
HIT 3 2035830030414 474 15770130234669145572
HIT 3 1194016440399 278 11588500595993042424
HIT 3 2035830030415 474 10977424046077809129
HIT 3 1194016440401 278 13133924074353431437
HIT 3 2035830030417 474 14029892956533571763
HIT 3 2035832717390 474 6180200022577561253
HIT 3 2035832717391 474 1460058016838061316
HIT 3 2035832717393 474 1186825607491713047
HIT 3 1194016440400 278 9935646431711800633
HIT 3 2035830030416 474 14847482355162489253
HIT 3 2035832717392 474 10778115792847468105
HIT 3 1017916489810 237 11637362645507768689
HIT 3 1194010148946 278 286980346655649047
HIT 3 2035823738962 474 1018852263615684840
HIT 3 1017916489812 237 2952312062947565353
HIT 3 1194010148948 278 4292711158808801308
HIT 3 2035823738964 474 527174939478715589
HIT 3 1017916489811 237 2439590955658766034
HIT 3 1194010148947 278 4709740243006654345
HIT 3 2035823738963 474 548127135713587788
HIT 3 1017916489813 237 6141819171938440947
HIT 3 1194010148949 278 14135995025001848264
HIT 3 2035823738965 474 13041441256319729929
HIT 3 1194016440402 278 3985452483402494519
HIT 3 2035830030418 474 1606432081653948227
HIT 3 1194016440404 278 627176687490657630
HIT 3 2035830030420 474 12931405226081083009
HIT 3 2035832717396 474 14832044245075214742
HIT 3 2035832717394 474 2991182397155012289
HIT 3 1194016440403 278 2674598395576845901
HIT 3 2035830030419 474 3286230687197605827
HIT 3 2035832717395 474 12831257307933096757
HIT 3 1194016440405 278 141540646166870533
HIT 3 2035830030421 474 14145607172248021247
HIT 3 2035832717397 474 3015592030502838950
HIT 3 1017916489814 237 4404081542184110638
HIT 3 1194010148950 278 3802526305993308495
HIT 3 2035823738966 474 15471186085917662269
HIT 3 1017916489815 237 17343577978102606430
HIT 3 1194010148951 278 3052410674517757633
HIT 3 2035823738967 474 9608681844080689499
HIT 3 1017916489816 237 787641599127550818
HIT 3 1194010148952 278 2702746805225605113
HIT 3 2035823738968 474 16294364082176710836
HIT 3 1194016440406 278 11219677187915539213
HIT 3 2035830030422 474 8941816809830219463
HIT 3 2035832717398 474 14525022232147307969
HIT 3 1017916489817 237 11542404334538375434
HIT 3 1194010148953 278 15722681756050317231
HIT 3 2035823738969 474 15807592362856825536
HIT 3 1194016440407 278 3501989545825663172
HIT 3 2035830030423 474 7673815059853671869
HIT 3 2035832717399 474 3317762643577253120
HIT 3 1194016440408 278 8666256646443980504
HIT 3 2035830030424 474 2961653588356656060
HIT 3 2035832717400 474 14911643363870404148
HIT 3 1194016440409 278 1437776387678980600
HIT 3 2035830030425 474 1802831300768506211
HIT 3 2035832717401 474 4212528306685922577
HIT 3 1017916489818 237 5762108604101549912
HIT 3 1194010148954 278 7078980091606740960
HIT 3 2035823738970 474 2710457660347233632
HIT 3 1017916489819 237 1806065513605255682
HIT 3 1194010148955 278 8018427251914290408
HIT 3 2035823738971 474 10504006795423104841
HIT 3 1017916489820 237 12834917511780327259
HIT 3 1194010148956 278 18329968102994365527
HIT 3 2035823738972 474 3420021696721991356
HIT 3 1194016440410 278 13193087988538026422
HIT 3 2035830030426 474 13398967862244255810
HIT 3 1017916489821 237 761360159450467563
HIT 3 1194010148957 278 18440753885798845749
HIT 3 2035823738973 474 4841892206628296555
HIT 3 2035832717402 474 503765125912332288
HIT 3 1194016440411 278 1938428126599353444
HIT 3 2035830030427 474 15336001287781356925
HIT 3 2035832717403 474 5997158284597110864
HIT 3 1194016440412 278 10695250765503459713
HIT 3 2035830030428 474 12586519727658496052
HIT 3 1194016440413 278 11832016400748958614
HIT 3 2035830030429 474 4606822156491351352
HIT 3 2035832717404 474 15121235543145516701
HIT 3 2035832717405 474 12629995402787365887
HIT 3 1017916489822 237 13668331753149488482
HIT 3 1194010148958 278 11748968226165093588
HIT 3 2035823738974 474 17133706652906124265
HIT 3 1017916489823 237 2370713686910521735
HIT 3 1194010148959 278 9038603671608900032
HIT 3 2035823738975 474 3589747743425229135
HIT 3 1194016440414 278 3022742141421250772
HIT 3 2035830030430 474 16986204523160581088
HIT 3 1017916489825 237 7475341846902200524
HIT 3 1194010148961 278 12758888310240868337
HIT 3 2035823738977 474 11708389477364156543
HIT 3 1017916489824 237 10028973790140032947
HIT 3 1194010148960 278 813208056225739350
HIT 3 2035823738976 474 6105837339634738379
HIT 3 2035832717406 474 16111458301837431374
HIT 3 1194016440415 278 15778134708463945185
HIT 3 2035830030431 474 15197389993903289690
HIT 3 1194016440417 278 12794144713907302169
HIT 3 2035830030433 474 474178301123409256
HIT 3 2035832717409 474 8197071187430334898
HIT 3 2035832717407 474 3152768210775419966
HIT 3 1194016440416 278 7252695997974649028
HIT 3 2035830030432 474 15641462134361015780
HIT 3 1017916489826 237 1192194888457977223
HIT 3 1194010148962 278 7744764346810884218
HIT 3 2035823738978 474 4460194407154570216
HIT 3 2035832717408 474 15943833462526693162
HIT 3 1017916489827 237 16275066337099622886
HIT 3 1194010148963 278 7634026551509645958
HIT 3 2035823738979 474 14823460593478929203
HIT 3 1017916489828 237 4739788097561819429
HIT 3 1194010148964 278 6936106952054389759
HIT 3 2035823738980 474 7730727881694580938
HIT 3 1194016440418 278 9762256211959339993
HIT 3 2035830030434 474 4931575679702832435
HIT 3 1017916489829 237 2019397541748081565
HIT 3 1194010148965 278 572217702111467602
HIT 3 2035823738981 474 2832530490557562260
HIT 3 2035832717410 474 1021860506945348517
HIT 3 1194016440420 278 11866633710040840248
HIT 3 2035830030436 474 8888048608880860839
HIT 3 1194016440419 278 7569668880952035748
HIT 3 2035830030435 474 11431381492997003120
HIT 3 2035832717412 474 7958557599877884505
HIT 3 1194016440421 278 13570524815510398195
HIT 3 2035832717411 474 17223322637130142687
HIT 3 2035830030437 474 13121623733712592696
HIT 3 2035832717413 474 10095324502836824698
HIT 3 1017916489830 237 1814642523092692294
HIT 3 1194010148966 278 16638468360291935759
HIT 3 2035823738982 474 5048753278819902282
HIT 3 1017916489831 237 11116620906453963850
HIT 3 1194010148967 278 14800585743353176881
HIT 3 2035823738983 474 8793607994627748913
HIT 3 1194016440422 278 18176538066358998558
HIT 3 2035830030438 474 1172740286584450812
HIT 3 1017916489832 237 4839321071480523253
HIT 3 1194010148968 278 11618378660446745106
HIT 3 2035823738984 474 7161733277042868990
HIT 3 1017916489833 237 15532222725516162151
HIT 3 2035832717414 474 8381661733696602026
HIT 3 1194016440423 278 13557339704774607918
HIT 3 2035830030439 474 7667680024882638709
HIT 3 1194010148969 278 1380055345625955095
HIT 3 2035823738985 474 11411893410964867208
HIT 3 2035832717415 474 6983690893134791187
HIT 3 1194016440424 278 11319821229042259612
HIT 3 2035830030440 474 8833807398759613055
HIT 3 1017916489834 237 8302818496226276889
HIT 3 1194010148970 278 6179952415735758358
HIT 3 2035823738986 474 8379414339761613556
HIT 3 2035832717416 474 2293284340614146684
HIT 3 1194016440425 278 5466165048149976612
HIT 3 2035830030441 474 6112637841429666509
HIT 3 1194016440426 278 3449860562178223379
HIT 3 2035830030442 474 4229737995148846378
HIT 3 1017916489835 237 9810892281246008591
HIT 3 1194010148971 278 13882899744311915777
HIT 3 2035823738987 474 16883166145799082237
HIT 3 2035832717418 474 3817374409061633202
HIT 3 2035832717417 474 15542484218351348150
HIT 3 1017916489837 237 9617727570491723146
HIT 3 1194010148973 278 15482814753537170391
HIT 3 2035823738989 474 13476668241399880981
HIT 3 1194016440427 278 7732749276159315711
HIT 3 2035830030443 474 5570248648404060736
HIT 3 1017916489836 237 9353927819813797542
HIT 3 1194010148972 278 18358431786163452294
HIT 3 2035823738988 474 15126051337855047540
HIT 3 1194016440429 278 17714470187372587273
HIT 3 2035830030445 474 4217187363851782463
HIT 3 2035832717421 474 2063401886413557896
HIT 3 2035832717419 474 10829415328506766721
HIT 3 1017916489838 237 5683708257165501104
HIT 3 1194010148974 278 8787251671747045951
HIT 3 2035823738990 474 14772543922763200838
HIT 3 1017916489839 237 14577824814610098129
HIT 3 1194010148975 278 4275977951033779818
HIT 3 2035823738991 474 9036921176530671085
HIT 3 1194016440428 278 7236023074481828600
HIT 3 2035830030444 474 2401270065804417593
HIT 3 1194016440431 278 12527189804989551625
HIT 3 2035830030447 474 10016130927342579719
HIT 3 2035832717423 474 8728548695774135109
HIT 3 2035832717420 474 5357254279514586567
HIT 3 1194016440430 278 8009524907140706414
HIT 3 2035830030446 474 11775415862592221182
HIT 3 1017916489840 237 17639099488281424551
HIT 3 1194010148976 278 4321097113885555020
HIT 3 2035823738992 474 3970280875556955210
HIT 3 2035832717422 474 14237873850810495843
HIT 3 1017916489841 237 14612951485204312364
HIT 3 1194010148977 278 14315913817854072763
HIT 3 2035823738993 474 16298590193529492689
HIT 3 1194016440433 278 5157133699897226044
HIT 3 1017916489842 237 9203989791463273184
HIT 3 1194010148978 278 12170811012784793692
HIT 3 2035830030449 474 5045916885122919979
HIT 3 2035823738994 474 11956273229585440172
HIT 3 2035832717425 474 934529738873220110
HIT 3 1194016440432 278 4645513196548763686
HIT 3 2035830030448 474 1624030694316787249
HIT 3 1017916489843 237 6539912846069980004
HIT 3 1194010148979 278 15576494893971528069
HIT 3 2035823738995 474 3181392291598533120
HIT 3 2035832717424 474 5853656624605392408
HIT 3 1017916489844 237 16561940715219841859
HIT 3 1194010148980 278 15164998408895214662
HIT 3 2035823738996 474 11180501757062333440
HIT 3 1194016440434 278 5678047593418676493
HIT 3 2035830030450 474 18027486941976558335
HIT 3 1194016440436 278 3835597006780889835
HIT 3 2035830030452 474 3514372526236099300
HIT 3 2035832717426 474 15255995802427288792
HIT 3 1194016440435 278 16304684683713764628
HIT 3 2035830030451 474 13869581732621447907
HIT 3 2035832717428 474 18082070159441186337
HIT 3 2035832717427 474 9998350568721134239
HIT 3 1017916489845 237 14929033380950173660
HIT 3 1194010148981 278 11783298127913376760
HIT 3 2035823738997 474 10713488333406206151
HIT 3 1017916489846 237 17392710474588552387
HIT 3 1194010148982 278 12215647575388978242
HIT 3 2035823738998 474 8922890074406093183
HIT 3 1017916489847 237 5495912785844850617
HIT 3 1194010148983 278 3387404833121358079
HIT 3 2035823738999 474 8901397908606352248
HIT 3 1194016440438 278 6331788113026064456
HIT 3 2035830030454 474 9417080830281239676
HIT 3 2035832717430 474 3817716379406637939
HIT 3 1017916489848 237 6841816945247124536
HIT 3 1194010148984 278 4314931919206352800
HIT 3 2035823739000 474 6878737242599168190
HIT 3 1194016440437 278 9684882636165615035
HIT 3 2035830030453 474 16736444568574453342
HIT 3 1017916489849 237 3453052980185732102
HIT 3 1194010148985 278 6948052585836867316
HIT 3 2035823739001 474 1061096455394915401
HIT 3 1194016440439 278 4328985297881019899
HIT 3 2035830030455 474 13541266631329087785
HIT 3 2035832717429 474 2089525004781413222
HIT 3 1194016440441 278 15674294036827032681
HIT 3 2035832717431 474 15490403857904030353
HIT 3 2035830030457 474 13888684468176231448
HIT 3 2035832717433 474 8480567268681939210
HIT 3 1194016440440 278 16766323029939920957
HIT 3 2035830030456 474 363185695794020229
HIT 3 1017916489850 237 5552009099556955726
HIT 3 1194010148986 278 4841267205513977990
HIT 3 2035823739002 474 5172825001150660288
HIT 3 2035832717432 474 17229598627322288416
HIT 3 1017916489851 237 8694336069811745350
HIT 3 1194010148987 278 3094814618840121230
HIT 3 2035823739003 474 2141747355655279516
HIT 3 1017916489852 237 10920721305351189229
HIT 3 1194010148988 278 18214212187336339949
HIT 3 2035823739004 474 11218196404662136085
HIT 3 1194016440442 278 10089226310390588864
HIT 3 2035830030458 474 616306206497185991
HIT 3 1194016440444 278 9496098310069409251
HIT 3 2035830030460 474 14367904818471949827
HIT 3 1017916489853 237 7552774332202457739
HIT 3 1194010148989 278 15349511651120924044
HIT 3 2035823739005 474 12857433636470310770
HIT 3 2035832717436 474 6121168930302861335
HIT 3 2035832717434 474 7517014114920971668
HIT 3 1017916489854 237 2385636182170507239
HIT 3 1194010148990 278 17061314769261314908
HIT 3 2035823739006 474 6236132086395415429
HIT 3 1194016440443 278 16797598054060809759
HIT 3 2035830030459 474 18173103253999095053
HIT 3 1194016440446 278 17384469022225760068
HIT 3 2035830030462 474 15429690592762772655
HIT 3 2035832717435 474 12028517221769360179
HIT 3 1194016440445 278 3131180903561296140
HIT 3 1017916489855 237 17914852291407945333
HIT 3 1194010148991 278 13933835743031748912
HIT 3 2035823739007 474 3529570431772889708
HIT 3 2035832717438 474 5245138693411695369
HIT 3 2035830030461 474 11303653384713415548
HIT 3 2035832717437 474 500215409284994179
HIT 3 1017916489856 237 18112779907159234198
HIT 3 1194010148992 278 3506958904669187748
HIT 3 2035823739008 474 9257616503005362749
HIT 3 1017916489857 237 4841123323120793837
HIT 3 1194010148993 278 8421644614469330771
HIT 3 2035823739009 474 1271281785878334350
HIT 3 1194016440447 278 11130871317531512302
HIT 3 2035830030463 474 17852304387029111537
HIT 3 2035832717439 474 4934971047318625423
HIT 3 1194016440448 278 13356096210713776419
HIT 3 2035830030464 474 18245855776836396925
HIT 3 2035832717440 474 9094691926026341595
HIT 3 1017916489858 237 4666187431952007565
HIT 3 1194010148994 278 11172702598231258515
HIT 3 2035823739010 474 13296326369517538638
HIT 3 1194016440449 278 15178984297736509064
HIT 3 2035830030465 474 16230543245020378148
HIT 3 1017916489859 237 11322173582215577383
HIT 3 1194010148995 278 10377487106669464868
HIT 3 2035823739011 474 7322094012710529782
HIT 3 1017916489860 237 133377668047615434
HIT 3 1194010148996 278 7265721809778897700
HIT 3 2035823739012 474 11127095694406798824
HIT 3 2035832717441 474 7448564420551359007
HIT 3 1194016440450 278 363832634012325390
HIT 3 2035830030466 474 8533380431151647239
HIT 3 2035832717442 474 9036552012394364576
HIT 3 1194016440451 278 4148533158185996878
HIT 3 2035830030467 474 5858652808769697980
HIT 3 1017916489861 237 15514591716993319884
HIT 3 1194010148997 278 11043344184973703655
HIT 3 2035823739013 474 711789014652772195
HIT 3 2035832717443 474 1791440128911951709
HIT 3 1194016440452 278 15714038909583682982
HIT 3 2035830030468 474 6311600464389837352
HIT 3 1017916489862 237 14817508406070990508
HIT 3 1194010148998 278 13124563405307727424
HIT 3 2035823739014 474 10319048127324008356
HIT 3 2035832717444 474 4857432010374690526
HIT 3 1017916489863 237 1744251837453364532
HIT 3 1194010148999 278 12809360103510294789
HIT 3 2035823739015 474 4484367877765777570
HIT 3 1194016440453 278 13667021114775132790
HIT 3 2035830030469 474 11040384851166819109
HIT 3 2035832717445 474 14714981000457513324
HIT 3 1194016440454 278 12182289940096911012
HIT 3 2035830030470 474 8105307306324768259
HIT 3 2035832717446 474 16614534885270688668
HIT 3 1194016440455 278 7048854372084493613
HIT 3 2035830030471 474 3847726674462175979
HIT 3 1017916489864 237 17633563943986398840
HIT 3 1194010149000 278 2479996926854914514
HIT 3 2035823739016 474 396035154757315838
HIT 3 2035832717447 474 17911664751262038298
HIT 3 1017916358793 237 17633563943986398840
HIT 3 1194010017929 278 2479996926854914514
HIT 3 2035823607945 474 396035154757315838
HIT 3 1017916489865 237 13746160697057259903
HIT 3 1194010149001 278 15527359807469879568
HIT 3 2035823739017 474 13752111137205665158
HIT 3 1017916489866 237 17086027522738547234
HIT 3 1194010149002 278 14528950345916338430
HIT 3 2035823739018 474 417966596559594392
HIT 3 1017916620938 237 6201021285423775812
HIT 3 1194010280074 278 4850321202550797943
HIT 3 2035823870090 474 17846508015778388923
HIT 3 1194016440456 278 15211492052653011524
HIT 3 2035830030472 474 18176200039128435518
HIT 3 2035832717448 474 2708409174049617854
HIT 3 1017916489867 237 6201021285423775812
HIT 3 1194010149003 278 4850321202550797943
HIT 3 2035823739019 474 17846508015778388923
HIT 3 1194016440457 278 1798447240486154494
HIT 3 2035830030473 474 18214366303693521837
HIT 3 1194016440458 278 2619798672253540974
HIT 3 2035830030474 474 4242430721202773748
HIT 3 622779564172 145 8971396936200407918
HIT 3 1017916555404 237 15449022555259090850
HIT 3 1194010214540 278 7884353798544484537
HIT 3 2035823804556 474 10473906843399258428
HIT 3 1009326686348 235 2284885457634809544
HIT 3 1013621653644 236 4635219725990875070
HIT 3 1017916620940 237 2557286531386016196
HIT 3 1026506555532 239 12026426487863091399
HIT 3 1185420345484 276 59059356607955859
HIT 3 1194010280076 278 9835173109990837362
HIT 3 1198305247372 279 2274239225822095243
HIT 3 1202600214668 280 9826901604922034067
HIT 3 2027233935500 472 6364440699409369020
HIT 3 2035823870092 474 599353090366264576
HIT 3 2040118837388 475 5933166475435174733
HIT 3 2044413804684 476 13751115151966498610
HIT 3 1017916752012 237 10535609378822569007
HIT 3 1194010411148 278 18023027199429528523
HIT 3 2035824001164 474 4717228162824727733
HIT 3 2035832717449 474 13267719548278991940
HIT 3 2035832717450 474 5218633905520992622
HIT 3 1194016309388 278 15182837950939667331
HIT 3 2035829899404 474 10690947267905778768
HIT 3 1026512650380 239 14035353764680687099
HIT 3 1194016374924 278 13781966265996576082
HIT 3 2035829964940 474 4049524047028492216
HIT 3 1185426505868 276 17512133509882958881
HIT 3 1194016440460 278 14319217447617535925
HIT 3 1198311407756 279 9171270409733058071
HIT 3 1202606375052 280 18064109300627318660
HIT 3 2027240095884 472 6880457545684292752
HIT 3 2035830030476 474 17114668128922567982
HIT 3 2040124997772 475 10276236763784000803
HIT 3 2044419965068 476 8448948638162691673
HIT 3 1194016571532 278 16831524904560227781
HIT 3 2035830161548 474 1932854606820625625
HIT 3 2035832586380 474 16844713888032236426
HIT 3 2027242782860 472 15284674602219753031
HIT 3 2035832717452 474 2333984659756558456
HIT 3 2040127684748 475 4311596412373148710
HIT 3 2044422652044 476 11978366611412774415
HIT 3 1202609127564 280 12855747323862787219
HIT 3 2035832782988 474 5940264020863619727
HIT 3 2035832848524 474 5194473379833184855
HIT 3 2044435562636 476 18365306861279597873
HIT 3 1194016309387 278 14439170794597383528
HIT 3 1017916555405 237 14035353764680687099
HIT 3 1194010214541 278 12855747323862787219
HIT 3 2035829899403 474 10751092074664522455
HIT 3 2035823804557 474 18365306861279597873
HIT 3 1026512650379 239 17086027522738547234
HIT 3 1194016374923 278 13580041479751761543
HIT 3 1017916620941 237 10535609378822569007
HIT 3 1194010280077 278 18023027199429528523
HIT 3 2035829964939 474 6614496561868282342
HIT 3 1185426505867 276 9701993211572942461
HIT 3 1194016440459 278 12640807518418121081
HIT 3 1198311407755 279 2894460865621847351
HIT 3 1202606375051 280 2900264416886574370
HIT 3 2035823870093 474 4717228162824727733
HIT 3 1017916686477 237 15449022555259090850
HIT 3 1194010345613 278 7884353798544484537
HIT 3 2027240095883 472 18041671839089640945
HIT 3 2035830030475 474 4230661113787517445
HIT 3 2040124997771 475 8963847253739668865
HIT 3 2044419965067 476 10808568500880967280
HIT 3 2035823935629 474 10473906843399258428
HIT 3 1017916752013 237 10084277393005948779
HIT 3 1194010411149 278 3247545657265594981
HIT 3 1194016571531 278 3649868470348072071
HIT 3 2035824001165 474 13347481469679120464
HIT 3 1017916817549 237 11162862051893212876
HIT 3 1194010476685 278 14898075110511546403
HIT 3 2035824066701 474 5018886860219306461
HIT 3 1017916883085 237 561125799171445577
HIT 3 1194010542221 278 6896565094581926792
HIT 3 2035824132237 474 8855889171571353568
HIT 3 1017916948621 237 13406470838717966628
HIT 3 1194010607757 278 9575239632338464247
HIT 3 2035824197773 474 9651037828936358845
HIT 3 1017917014157 237 5916758018224430357
HIT 3 1194010673293 278 9197592199249217699
HIT 3 2035824263309 474 13042961942100953535
HIT 3 1017917079693 237 6636453617659599634
HIT 3 1194010738829 278 11163478823176062323
HIT 3 2035824328845 474 15772164756856966548
HIT 3 1017917145229 237 6276207923180839801
HIT 3 1194010804365 278 2834325597295460868
HIT 3 2035824394381 474 10563965860453878764
HIT 3 1017917210765 237 10338089084204331349
HIT 3 1194010869901 278 6140397478975624772
HIT 3 2035824459917 474 16717527132591297835
HIT 3 1017917276301 237 7272220715972638365
HIT 3 1194010935437 278 5131772688772204832
HIT 3 2035824525453 474 7323406457103116740
HIT 3 1017917341837 237 4539029549213176192
HIT 3 1194011000973 278 14434735821518352989
HIT 3 2035824590989 474 18029674784366044364
HIT 3 1017917407373 237 18174747871209719650
HIT 3 1194011066509 278 2870614943650366105
HIT 3 2035824656525 474 13588327186838502214
HIT 3 1017917472909 237 2214497296329285371
HIT 3 1194011132045 278 2400262963794584853
HIT 3 2035824722061 474 12872831031873822960
HIT 3 1017917538445 237 2686730446794266127
HIT 3 1194011197581 278 4891702237687810714
HIT 3 2035824787597 474 17303304369809598855
HIT 3 1017917603981 237 10485704935641681672
HIT 3 1194011263117 278 10769853125493301514
HIT 3 1017916752014 237 9580449072514007386
HIT 3 1194010411150 278 14794232371933870943
HIT 3 2035824001166 474 9955449009008816972
HIT 3 2035830161547 474 14558389222049788465
HIT 3 2035824853133 474 12833892982646294966
HIT 3 1017917669517 237 2291537942530855034
HIT 3 1194011328653 278 15971116503550572889
HIT 3 2035824918669 474 12455731586329729395
HIT 3 1017917735053 237 14702655483567033874
HIT 3 1194011394189 278 5530634460896982268
HIT 3 2035824984205 474 13701864587303743687
HIT 3 1017917800589 237 14893216727632794471
HIT 3 1194011459725 278 5460190107109556707
HIT 3 2035825049741 474 15508044976277678622
HIT 3 1017917866125 237 11599741094070907536
HIT 3 1194011525261 278 10193847959122290183
HIT 3 2035825115277 474 17934605293644485062
HIT 3 1017917931661 237 9782028097551091989
HIT 3 1194011590797 278 3034828242872680920
HIT 3 2035825180813 474 3845050594874374423
HIT 3 1017917997197 237 6749998817035433537
HIT 3 1194011656333 278 7665664232250251247
HIT 3 2035825246349 474 6052203687088184299
HIT 3 1017918062733 237 7119272108366677515
HIT 3 1194011721869 278 5293130496637082187
HIT 3 2035825311885 474 15210506582414772114
HIT 3 1017918128269 237 2695489066805030684
HIT 3 1194011787405 278 4038777079155864732
HIT 3 2035825377421 474 12588529636447664970
HIT 3 1017918193805 237 365341000051113310
HIT 3 1194011852941 278 1796777706123287126
HIT 3 2035825442957 474 6106194345249173284
HIT 3 1017918259341 237 11455237855787392497
HIT 3 1194011918477 278 15253534522519189068
HIT 3 2035825508493 474 3493064777051916452
HIT 3 1017918324877 237 17626126678704980590
HIT 3 1194011984013 278 16907517314136130980
HIT 3 2035825574029 474 13929359104787820776
HIT 3 1017918390413 237 2404463324295990799
HIT 3 1194012049549 278 3071248032242568529
HIT 3 2035825639565 474 13685974703197656631
HIT 3 1017918455949 237 3500126034396532137
HIT 3 1194012115085 278 2422652726667428936
HIT 3 2035825705101 474 12295074247059352235
HIT 3 1017918521485 237 7990042099259549155
HIT 3 1194012180621 278 11411604370680155149
HIT 3 2035825770637 474 14845281810217993496
HIT 3 1017918587021 237 3743219299005301711
HIT 3 1194012246157 278 15920400862724756409
HIT 3 2035825836173 474 3204035263048407023
HIT 3 1017918652557 237 10291972723149181064
HIT 3 1194012311693 278 4567894908508555124
HIT 3 2035825901709 474 411082821715982926
HIT 3 1017918718093 237 10340122305759744294
HIT 3 1194012377229 278 8360358114556085495
HIT 3 2035825967245 474 12532431853391925372
HIT 3 1017918783629 237 2130028573232069508
HIT 3 1194012442765 278 13860802624512196757
HIT 3 2035826032781 474 11816268538469306356
HIT 3 1017918849165 237 1600631217765974360
HIT 3 1194012508301 278 10654326751205912943
HIT 3 2035826098317 474 13030229885467096702
HIT 3 1017918914701 237 13140198751817040488
HIT 3 1194012573837 278 16840104766186771417
HIT 3 2035826163853 474 16581358201360608036
HIT 3 1017918980237 237 17422480981123265936
HIT 3 1194012639373 278 15650538137792843340
HIT 3 2035826229389 474 7762784951797574667
HIT 3 1017919045773 237 12574574922479533942
HIT 3 1194012704909 278 2393014404906221736
HIT 3 2035826294925 474 13315684889970070011
HIT 3 1017919111309 237 14665178539173129309
HIT 3 1194012770445 278 8476284235361062422
HIT 3 2035826360461 474 11212122017986354972
HIT 3 1017919176845 237 16676785375335890694
HIT 3 1194012835981 278 11439575255529680391
HIT 3 2035826425997 474 5005798635858998353
HIT 3 1017919242381 237 4755612286578401331
HIT 3 1194012901517 278 16249750575697185894
HIT 3 2035826491533 474 1507309222043618997
HIT 3 1017919307917 237 10620740219124588472
HIT 3 1194012967053 278 1667185859619194452
HIT 3 2035826557069 474 16557263476012704429
HIT 3 1017919373453 237 371723008300860401
HIT 3 1194013032589 278 5751273128201894874
HIT 3 2035826622605 474 15287629199013461277
HIT 3 1017919438989 237 11547395499340781968
HIT 3 1194013098125 278 4910213851920793426
HIT 3 2035826688141 474 17187399482231361671
HIT 3 1017919504525 237 523200240222813362
HIT 3 1194013163661 278 993889940561155989
HIT 3 2035826753677 474 11305739180242980077
HIT 3 1017919570061 237 9846062477769024205
HIT 3 1194013229197 278 12496299107556871096
HIT 3 2035826819213 474 2949904066142055504
HIT 3 1017919635597 237 7466058740269012670
HIT 3 1194013294733 278 14048710593288782533
HIT 3 2035826884749 474 6224703726496938935
HIT 3 1017919701133 237 1669570998830636831
HIT 3 1194013360269 278 13347013946032069026
HIT 3 2035826950285 474 3639818830539817599
HIT 3 1017919766669 237 16066917222072447779
HIT 3 1194013425805 278 7851600091200191605
HIT 3 2035827015821 474 18167841112718857601
HIT 3 1017919832205 237 5326355594958357104
HIT 3 1194013491341 278 16256915785397339072
HIT 3 2035827081357 474 17987725937175552738
HIT 3 1017919897741 237 6000525253405623037
HIT 3 1194013556877 278 7617604346232619917
HIT 3 2035827146893 474 7077985001153004749
HIT 3 1017919963277 237 3117162699602827582
HIT 3 1194013622413 278 3150196226526831281
HIT 3 2035827212429 474 11382136055898219601
HIT 3 1017920028813 237 5054571429505714271
HIT 3 1194013687949 278 15747910027417252220
HIT 3 2035827277965 474 11283315000361258987
HIT 3 1017920094349 237 11559149360277496942
HIT 3 1194013753485 278 15591196817398229940
HIT 3 2035827343501 474 4110601152145482816
HIT 3 1017920159885 237 14870524539409593185
HIT 3 1194013819021 278 3232887843477785600
HIT 3 2035827409037 474 17224918451028177545
HIT 3 1017920225421 237 7434705861586825388
HIT 3 1194013884557 278 7503927161843076868
HIT 3 2035827474573 474 7150033261878555949
HIT 3 1017920290957 237 10556736147085481841
HIT 3 1194013950093 278 14662440529144389473
HIT 3 2035827540109 474 4535857154766616709
HIT 3 1017920356493 237 16405429821721483504
HIT 3 1194014015629 278 6153536243724074799
HIT 3 2035827605645 474 5936553842889241798
HIT 3 1017920422029 237 13929150516656884127
HIT 3 1194014081165 278 8348856134996307498
HIT 3 2035827671181 474 706559452976693249
HIT 3 1017920487565 237 2421980238668059065
HIT 3 1194014146701 278 5693490413435758147
HIT 3 2035827736717 474 5081739506144715459
HIT 3 1017920553101 237 11183702681559982963
HIT 3 1194014212237 278 10937205110647413864
HIT 3 2035827802253 474 14933331264070287132
HIT 3 1017920618637 237 13014333451646697511
HIT 3 1194014277773 278 17829799321056689350
HIT 3 2035827867789 474 15352581862963898051
HIT 3 1017920684173 237 12158601244749615131
HIT 3 1194014343309 278 2312391454891805338
HIT 3 2035827933325 474 2967525184007823738
HIT 3 1017920749709 237 146419450612901523
HIT 3 1194014408845 278 10541971158309939017
HIT 3 2035827998861 474 4423287298618354277
HIT 3 1017920815245 237 2593648980740322198
HIT 3 1194014474381 278 8523334064709627827
HIT 3 2035828064397 474 7239772387091231944
HIT 3 1017920880781 237 13807489007452620341
HIT 3 1194014539917 278 2571957135238777428
HIT 3 2035828129933 474 12151721364748970381
HIT 3 1017920946317 237 13461745306365891080
HIT 3 1194014605453 278 16222828768237816196
HIT 3 2035828195469 474 6981983623825575455
HIT 3 1017921011853 237 4548320209559990420
HIT 3 1194014670989 278 17187407710114412459
HIT 3 2035828261005 474 12827218821418052770
HIT 3 1017921077389 237 5404785873699628209
HIT 3 1194014736525 278 5793871711143019078
HIT 3 2035828326541 474 1183205063106302479
HIT 3 1017921142925 237 8542544104646773530
HIT 3 1194014802061 278 12778787349224800494
HIT 3 2035828392077 474 878819462121379573
HIT 3 1017921208461 237 5990776603381401739
HIT 3 1194014867597 278 1174092777434011274
HIT 3 2035828457613 474 15801467192198327676
HIT 3 1017921273997 237 5249781594954491630
HIT 3 1194014933133 278 14682562925025339553
HIT 3 2035828523149 474 11191003765829080038
HIT 3 1017921339533 237 334525198638583729
HIT 3 1194014998669 278 12491781070154466835
HIT 3 2035828588685 474 12579419320203015238
HIT 3 1017921405069 237 17066948844733113950
HIT 3 1194015064205 278 205339132342545200
HIT 3 2035828654221 474 3826930661140708723
HIT 3 1017921470605 237 10406128045019448749
HIT 3 1194015129741 278 14583834765227269623
HIT 3 2035828719757 474 10620354524970985717
HIT 3 1017921536141 237 18154341860136359180
HIT 3 1194015195277 278 3534795307230429203
HIT 3 2035828785293 474 4074587525896316408
HIT 3 1017921601677 237 6068275495169159305
HIT 3 1194015260813 278 1247931041881313638
HIT 3 2035828850829 474 16571340481776366973
HIT 3 1017921667213 237 8002813535877638409
HIT 3 1194015326349 278 14855717170860977730
HIT 3 2035828916365 474 5363299180985551887
HIT 3 1017921732749 237 15050870060586597401
HIT 3 1194015391885 278 7905944186698370404
HIT 3 2035828981901 474 13930884384283327273
HIT 3 1017921798285 237 13458970863251536665
HIT 3 1194015457421 278 4738624389945108546
HIT 3 2035829047437 474 12787741679948984978
HIT 3 1017921863821 237 9513577731369660287
HIT 3 1194015522957 278 16813547558006015667
HIT 3 2035829112973 474 11757124815621456770
HIT 3 1017921929357 237 6740383942309203259
HIT 3 1194015588493 278 6356966686797450017
HIT 3 2035829178509 474 13044445792284202533
HIT 3 1017921994893 237 6781182144355413392
HIT 3 1194015654029 278 13975303481281687222
HIT 3 2035829244045 474 7590033763269856017
HIT 3 1017922060429 237 13097239794142612054
HIT 3 1194015719565 278 14384865608639431423
HIT 3 2035829309581 474 6808901252033009593
HIT 3 1017922125965 237 4890569898047682271
HIT 3 1194015785101 278 11090206852629082103
HIT 3 2035829375117 474 12320757518996762816
HIT 3 1017922191501 237 15217785539711630444
HIT 3 1194015850637 278 1496546259992218355
HIT 3 2035829440653 474 9454161709292205104
HIT 3 1017922257037 237 4320316225519168503
HIT 3 1194015916173 278 9763364526548776767
HIT 3 2035829506189 474 10693822904946776389
HIT 3 1017922322573 237 12742546533622314081
HIT 3 1194015981709 278 5254773554988756385
HIT 3 2035829571725 474 17116437816905223718
HIT 3 1017922388109 237 10580398822325433527
HIT 3 1194016047245 278 11137845890970470123
HIT 3 2035829637261 474 9016392646288360307
HIT 3 1017922453645 237 4383865630791850359
HIT 3 1194016112781 278 6969257931326523109
HIT 3 2035829702797 474 4184949839046558816
HIT 3 1009332584589 235 4383865630791850359
HIT 3 1017922519181 237 3954765054117122264
HIT 3 1194016178317 278 12360963776769399354
HIT 3 2035829768333 474 13747790530435771764
HIT 3 1017922584717 237 2284885457634809544
HIT 3 1026512519309 239 3465849596410356472
HIT 3 1194016243853 278 7486573783291588307
HIT 3 2035829833869 474 5690542295830605692
HIT 3 1017922650253 237 3465849596410356472
HIT 3 1185426374797 276 16497397152814066184
HIT 3 1194016309389 278 4254520020344053892
HIT 3 1198311276685 279 3549175774451153870
HIT 3 1202606243981 280 4144062508799733252
HIT 3 2027239964813 472 9062385064717230739
HIT 3 2035829899405 474 16335348063909427723
HIT 3 2040124866701 475 8704717458271722379
HIT 3 2044419833997 476 390035461534525060
HIT 3 1022217683085 238 17871879199650535831
HIT 3 1026512650381 239 2557286531386016196
HIT 3 1035102584973 241 2493436981196885951
HIT 3 1185426440333 276 18071318744902207158
HIT 3 1194016374925 278 12145958138393659666
HIT 3 1198311342221 279 5420005629850363937
HIT 3 1202606309517 280 16674156470069488670
HIT 3 2027240030349 472 6306186728584985593
HIT 3 2035829964941 474 7039926277061137246
HIT 3 2040124932237 475 3194361592867985642
HIT 3 2044419899533 476 11613299836996132381
HIT 3 1022217748621 238 4635219725990875070
HIT 3 1026512715917 239 2493436981196885951
HIT 3 1030807683213 240 17871879199650535831
HIT 3 1035102650509 241 8056381061805207218
HIT 3 1039397617805 242 5415506733283645715
HIT 3 1043692585101 243 18257169022532832670
HIT 3 1047987552397 244 3075801181253103659
HIT 3 1052282519693 245 5317297110288192539
HIT 3 1056577486989 246 10306104628417294779
HIT 3 1060872454285 247 8183737418654250795
HIT 3 1065167421581 248 11959645887084464938
HIT 3 1069462388877 249 8065753534705477970
HIT 3 1073757356173 250 11151545033133234038
HIT 3 1078052323469 251 3844184636058167405
HIT 3 1082347290765 252 13888669261337210584
HIT 3 1086642258061 253 13903193360529252531
HIT 3 1090937225357 254 6761474972359365856
HIT 3 1095232192653 255 2964517709724567752
HIT 3 1099527159949 256 6278775154136569560
HIT 3 1103822127245 257 2905693803262077488
HIT 3 1108117094541 258 17010000008100756886
HIT 3 1112412061837 259 422958915276470942
HIT 3 1116707029133 260 1483980824122796704
HIT 3 1121001996429 261 4089806615017444047
HIT 3 1125296963725 262 893011150467041874
HIT 3 1129591931021 263 9442471274449691136
HIT 3 1133886898317 264 7965221779400516213
HIT 3 1138181865613 265 17344301694524505446
HIT 3 1142476832909 266 12017793142008360050
HIT 3 1146771800205 267 17880784621532086115
HIT 3 1151066767501 268 16956423426754174199
HIT 3 1155361734797 269 2589135376515899512
HIT 3 1159656702093 270 11729590050850383628
HIT 3 1163951669389 271 13612790155386006009
HIT 3 1168246636685 272 3218338112844365227
HIT 3 1172541603981 273 14229450419496941722
HIT 3 1176836571277 274 3022097852484402953
HIT 3 1181131538573 275 17210003918585633081
HIT 3 1185426505869 276 885034508197911715
HIT 3 1189721473165 277 3826122342769222733
HIT 3 1194016440461 278 10113165509316639883
HIT 3 1198311407757 279 16903590065099287566
HIT 3 1202606375053 280 8952263784560613599
HIT 3 1206901342349 281 160079464426617871
HIT 3 1211196309645 282 1555232972617063337
HIT 3 1215491276941 283 3447878172112728323
HIT 3 1219786244237 284 4568685018306887221
HIT 3 1224081211533 285 12993797980254834598
HIT 3 1228376178829 286 3489862097999590522
HIT 3 1232671146125 287 11536361785868706715
HIT 3 1236966113421 288 3364172812226316780
HIT 3 1241261080717 289 10089543210438909634
HIT 3 1245556048013 290 16876907915707197733
HIT 3 1249851015309 291 1087313064461836603
HIT 3 1254145982605 292 15739898003743379542
HIT 3 1258440949901 293 13671234887923782916
HIT 3 1262735917197 294 11073414375979515996
HIT 3 1267030884493 295 11256033066532609544
HIT 3 1271325851789 296 11376692230132107159
HIT 3 1275620819085 297 13808123511983781700
HIT 3 1279915786381 298 2706535765351343741
HIT 3 1284210753677 299 4188585279387073059
HIT 3 1288505720973 300 17433142068461487616
HIT 3 1292800688269 301 8330622160525272348
HIT 3 1297095655565 302 704474095979775100
HIT 3 1301390622861 303 8495430137425692480
HIT 3 1305685590157 304 10092685331897138602
HIT 3 1309980557453 305 5086166825985022770
HIT 3 1314275524749 306 16471555248870885861
HIT 3 1318570492045 307 5179744889289092676
HIT 3 1322865459341 308 8729917480830107166
HIT 3 1327160426637 309 3604812697121326327
HIT 3 1331455393933 310 1621833220498959749
HIT 3 1335750361229 311 1729963321793308788
HIT 3 1340045328525 312 10943472057934463849
HIT 3 1344340295821 313 7942438543322676646
HIT 3 1348635263117 314 13942422835865253100
HIT 3 1352930230413 315 5459999150741332852
HIT 3 1357225197709 316 10187626478543136448
HIT 3 1361520165005 317 10778588536042559767
HIT 3 1365815132301 318 13003392695862424302
HIT 3 1370110099597 319 1335586208991021647
HIT 3 1374405066893 320 10747672469964614230
HIT 3 1378700034189 321 16129289617790488705
HIT 3 1382995001485 322 4446869035685830256
HIT 3 1387289968781 323 9295594145289079907
HIT 3 1391584936077 324 5917004191172275354
HIT 3 1395879903373 325 16490412551905075651
HIT 3 1400174870669 326 913170490290141687
HIT 3 1404469837965 327 9846420362725469834
HIT 3 1408764805261 328 8454880686190239394
HIT 3 1413059772557 329 3641944305163428089
HIT 3 1417354739853 330 4172731502861249148
HIT 3 1421649707149 331 1076175119225324828
HIT 3 1425944674445 332 11875681590990811025
HIT 3 1430239641741 333 2935124807278936143
HIT 3 1434534609037 334 6760875551204619091
HIT 3 1438829576333 335 4064655674867423975
HIT 3 1443124543629 336 16656816347336968498
HIT 3 1447419510925 337 4260172642262462631
HIT 3 1451714478221 338 17732508355433164317
HIT 3 1456009445517 339 16365461892744574210
HIT 3 1460304412813 340 14868961081845434157
HIT 3 1464599380109 341 5541908354697794311
HIT 3 1468894347405 342 7289810758523991660
HIT 3 1473189314701 343 11994113103160497718
HIT 3 1477484281997 344 9373671601083803512
HIT 3 1481779249293 345 17877906496132336882
HIT 3 1486074216589 346 6556110333910940865
HIT 3 1490369183885 347 11855952640457309541
HIT 3 1494664151181 348 10337990339998354145
HIT 3 1498959118477 349 16382390645562536681
HIT 3 1503254085773 350 10635013629740906392
HIT 3 1507549053069 351 11076849266360881440
HIT 3 1511844020365 352 6629067614404440899
HIT 3 1516138987661 353 10162023474307328499
HIT 3 1520433954957 354 7472386014306591600
HIT 3 1524728922253 355 17904615636027393345
HIT 3 1529023889549 356 14383956253082967341
HIT 3 1533318856845 357 11220729334509212678
HIT 3 1537613824141 358 3714821653716006999
HIT 3 1541908791437 359 14119513964420298621
HIT 3 1546203758733 360 11185855254331782701
HIT 3 1550498726029 361 2958336677000491876
HIT 3 1554793693325 362 15768372967178922617
HIT 3 1559088660621 363 5320052627728369206
HIT 3 1563383627917 364 3320768949615073156
HIT 3 1567678595213 365 12272061002430932304
HIT 3 1571973562509 366 2360753316477530675
HIT 3 1576268529805 367 6452833372408680149
HIT 3 1580563497101 368 3997827967668482999
HIT 3 1584858464397 369 8507295454911753457
HIT 3 1589153431693 370 2778960822437580416
HIT 3 1593448398989 371 8829888732862835235
HIT 3 1597743366285 372 12524971355130334701
HIT 3 1602038333581 373 17071595461514886869
HIT 3 1606333300877 374 2897521453098262058
HIT 3 1610628268173 375 2054457173181042638
HIT 3 1614923235469 376 3180067343107966391
HIT 3 1619218202765 377 17962791774013332981
HIT 3 1623513170061 378 6551279209994554399
HIT 3 1627808137357 379 190930593349717571
HIT 3 1632103104653 380 15057059640640597000
HIT 3 1636398071949 381 963594218826759106
HIT 3 1640693039245 382 12944466904659239861
HIT 3 1644988006541 383 3071772846832895816
HIT 3 2035832586379 474 11048575894680014277
HIT 3 2027242782859 472 12495986303003544030
HIT 3 2035832717451 474 10582324990428018178
HIT 3 2040127684747 475 12111457693802322163
HIT 3 2044422652043 476 10194262966898413610
HIT 3 1202609127563 280 14528950345916338430
HIT 3 2035832782987 474 9615795957888272107
HIT 3 2035832848523 474 17733166436031417443
HIT 3 1649282973837 384 14378403297564081254
HIT 3 1653577941133 385 13802616687397567947
HIT 3 1657872908429 386 10481148664589592068
HIT 3 1662167875725 387 5941270894313711794
HIT 3 1666462843021 388 3404510696814079105
HIT 3 1670757810317 389 5787120006008969541
HIT 3 1675052777613 390 6934037802113080588
HIT 3 1679347744909 391 14241635084708795354
HIT 3 1683642712205 392 12767978178658146047
HIT 3 1687937679501 393 4123788817879769636
HIT 3 1692232646797 394 2544513001252010616
HIT 3 1696527614093 395 3672441654592529521
HIT 3 1700822581389 396 14750416126017114816
HIT 3 1705117548685 397 2219428808966941263
HIT 3 1709412515981 398 1493677176098338595
HIT 3 1713707483277 399 517258898697424438
HIT 3 1718002450573 400 14558887470688205634
HIT 3 1722297417869 401 2370318184989116830
HIT 3 1726592385165 402 2891564807387642504
HIT 3 1730887352461 403 10140271128057945632
HIT 3 1735182319757 404 16719000731379412708
HIT 3 1739477287053 405 9624905284193794777
HIT 3 1743772254349 406 12906899867362438066
HIT 3 1748067221645 407 17143253983530324943
HIT 3 1752362188941 408 13429282839613312051
HIT 3 1756657156237 409 17983101467234867266
HIT 3 1760952123533 410 1836698980987736918
HIT 3 1765247090829 411 1732859657599964888
HIT 3 1769542058125 412 7760862486698130732
HIT 3 1773837025421 413 13845818294576010088
HIT 3 1778131992717 414 6251106472080512024
HIT 3 1782426960013 415 763222308633923179
HIT 3 1786721927309 416 3631698328736812764
HIT 3 1791016894605 417 8300834787445864204
HIT 3 1795311861901 418 4052512211256064966
HIT 3 1799606829197 419 265122916406187203
HIT 3 1803901796493 420 4755465590644605497
HIT 3 1808196763789 421 9768475254359953236
HIT 3 1812491731085 422 9346423077108805402
HIT 3 1816786698381 423 3178005963574915215
HIT 3 1821081665677 424 4736472366124542633
HIT 3 1825376632973 425 11322535717477672230
HIT 3 1829671600269 426 12453147969266637444
HIT 3 1833966567565 427 6873155089306309369
HIT 3 1838261534861 428 4572139298866455300
HIT 3 1842556502157 429 2598832446360648315
HIT 3 1846851469453 430 136107074458940288
HIT 3 1851146436749 431 17772147785330634407
HIT 3 1855441404045 432 15188536370053090158
HIT 3 1859736371341 433 7506223907435896242
HIT 3 1864031338637 434 8813326619126880152
HIT 3 1868326305933 435 12965834828861447585
HIT 3 1872621273229 436 540447413452910539
HIT 3 1876916240525 437 2449362779558725566
HIT 3 1881211207821 438 10552321095169009598
HIT 3 1885506175117 439 1325993990266839813
HIT 3 1889801142413 440 6501785061994772725
HIT 3 1894096109709 441 6337212853821375017
HIT 3 1898391077005 442 12323436472637903847
HIT 3 1902686044301 443 12143586796800975682
HIT 3 1906981011597 444 4214109947000078353
HIT 3 1911275978893 445 4641409147217589348
HIT 3 1915570946189 446 13670450903529428889
HIT 3 1919865913485 447 15252579163994310430
HIT 3 1924160880781 448 9099909469124408603
HIT 3 1928455848077 449 10797755413358843985
HIT 3 1932750815373 450 6304795608908924275
HIT 3 1937045782669 451 13841950416776932709
HIT 3 1941340749965 452 13174836752559925241
HIT 3 1945635717261 453 1770654942379812026
HIT 3 1949930684557 454 14827475502958220081
HIT 3 1954225651853 455 2982726719958474510
HIT 3 1958520619149 456 17040955116058404808
HIT 3 1962815586445 457 4737797821388523226
HIT 3 1967110553741 458 3284489113048160391
HIT 3 1971405521037 459 6242708390424433931
HIT 3 1975700488333 460 16244120570845430881
HIT 3 1979995455629 461 139380895386679627
HIT 3 1984290422925 462 17950533402128888804
HIT 3 1988585390221 463 1514622979819744968
HIT 3 1992880357517 464 6154350495552863539
HIT 3 1997175324813 465 771163580544308069
HIT 3 2001470292109 466 2765495732500145263
HIT 3 2005765259405 467 13943030384526234445
HIT 3 2010060226701 468 10437478416725977014
HIT 3 2014355193997 469 195008472386976308
HIT 3 2018650161293 470 14780133599894029664
HIT 3 2022945128589 471 5205351275821255200
HIT 3 2027240095885 472 12722365805033979287
HIT 3 2031535063181 473 3257539352003311816
HIT 3 2035830030477 474 16201402420013492070
HIT 3 2040124997773 475 2010415473831470251
HIT 3 2044419965069 476 474770906021547693
HIT 3 2048714932365 477 17320710049042499605
HIT 3 2053009899661 478 7883780584614148709
HIT 3 2057304866957 479 11752721306797333522
HIT 3 2061599834253 480 1322649912059636911
HIT 3 2065894801549 481 13874796624709825226
HIT 3 2070189768845 482 10462063244274117315
HIT 3 2074484736141 483 11296078199751522548
HIT 3 2078779703437 484 9209677259619104293
HIT 3 2083074670733 485 11462530597420076582
HIT 3 2087369638029 486 12439113272118652959
HIT 3 2091664605325 487 11342690638479722038
HIT 3 2095959572621 488 13285965400183122371
HIT 3 2100254539917 489 17793900405494671985
HIT 3 2104549507213 490 15230366266914662919
HIT 3 2108844474509 491 3451498862677687605
HIT 3 2113139441805 492 17496337493737409139
HIT 3 2117434409101 493 3033619619394953079
HIT 3 2121729376397 494 2680616465683611356
HIT 3 2126024343693 495 12736197822814557636
HIT 3 2130319310989 496 9704554434285727241
HIT 3 2134614278285 497 14814352248716117889
HIT 3 2138909245581 498 9457456637600637347
HIT 3 2143204212877 499 9054201215219592126
HIT 3 2147499180173 500 15659072442583338814
HIT 3 2151794147469 501 4691262367689546597
HIT 3 2156089114765 502 6532248323016803285
HIT 3 2160384082061 503 16787016684095833044
HIT 3 2164679049357 504 9923537055892232924
HIT 3 2168974016653 505 14903707193842818163
HIT 3 2173268983949 506 12215398843457567501
HIT 3 2177563951245 507 4604744007424098846
HIT 3 2181858918541 508 7655921429098245906
HIT 3 2186153885837 509 1681124070762444051
HIT 3 2190448853133 510 16221702602528901056
HIT 3 2194743820429 511 12329633423419425910
HIT 3 1035102716045 241 12026426487863091399
HIT 3 1194016505997 278 16691991795729655295
HIT 3 2035830096013 474 4230655480462544650
HIT 3 1185426636941 276 17468455160773000529
HIT 3 1194016571533 278 959517761136783623
HIT 3 1198311538829 279 3380810992055935821
HIT 3 1202606506125 280 16040486705026302032
HIT 3 2027240226957 472 3696879555061832567
HIT 3 2035830161549 474 2668642859579740727
HIT 3 2040125128845 475 9784190694343326800
HIT 3 2044420096141 476 5104875320230748694
HIT 3 1194016637069 278 12160831735595097883
HIT 3 2035830227085 474 10258606243937267821
HIT 3 1194016702605 278 11692215626983380073
HIT 3 2035830292621 474 1773408151478081951
HIT 3 1194016768141 278 16042427382543679045
HIT 3 2035830358157 474 10739222804577345784
HIT 3 1194016833677 278 2603844268651554420
HIT 3 2035830423693 474 1477267387933299975
HIT 3 1194016899213 278 3911708334152338383
HIT 3 2035830489229 474 6125526605743053765
HIT 3 1194016964749 278 9357487771510430881
HIT 3 2035830554765 474 16048819423542298367
HIT 3 1194017030285 278 17905080641338403111
HIT 3 2035830620301 474 10332221631911726388
HIT 3 1194017095821 278 3567318922219216684
HIT 3 2035830685837 474 14944372988885754203
HIT 3 1194017161357 278 3968489265509502649
HIT 3 2035830751373 474 11613779808308027983
HIT 3 1194017226893 278 15392774992336163897
HIT 3 2035830816909 474 18103887076240114448
HIT 3 1194017292429 278 1452208942689467136
HIT 3 2035830882445 474 11432167354589247516
HIT 3 1194017357965 278 9540314156124331255
HIT 3 2035830947981 474 9701082778862894820
HIT 3 1194017423501 278 5790640263304374183
HIT 3 2035831013517 474 1459046394467553449
HIT 3 1194017489037 278 9770239677838088201
HIT 3 2035831079053 474 16262051289221760815
HIT 3 1194017554573 278 10656457041622709265
HIT 3 2035831144589 474 14256441096742803328
HIT 3 1194017620109 278 10671321733200910452
HIT 3 2035831210125 474 12306214708859430761
HIT 3 1194017685645 278 8699902059904480506
HIT 3 2035831275661 474 5694637584888748432
HIT 3 1194017751181 278 8688682629463401252
HIT 3 2035831341197 474 6263744827564777553
HIT 3 1194017816717 278 12132460407049139311
HIT 3 2035831406733 474 11430848072649388554
HIT 3 1194017882253 278 1590547018012851527
HIT 3 2035831472269 474 6111798786322053401
HIT 3 1194017947789 278 3096069358232769965
HIT 3 2035831537805 474 2995673462129397765
HIT 3 1194018013325 278 5585562457608381939
HIT 3 2035831603341 474 16549831837935984776
HIT 3 1194018078861 278 4777136527685628694
HIT 3 2035831668877 474 13029938993006678983
HIT 3 1194018144397 278 15237831786747623023
HIT 3 2035831734413 474 10128385967692621558
HIT 3 1194018209933 278 17429120684573896691
HIT 3 2035831799949 474 16294509599357243714
HIT 3 1194018275469 278 13045777434752143780
HIT 3 2035831865485 474 1362899350036745525
HIT 3 1194018341005 278 1896756291006525995
HIT 3 2035831931021 474 16277619824722566299
HIT 3 1194018406541 278 11571576151553900657
HIT 3 2035831996557 474 16470446688466067376
HIT 3 1194018472077 278 12357247193259194113
HIT 3 2035832062093 474 12547463009200356186
HIT 3 1194018537613 278 14600615835249530305
HIT 3 2035832127629 474 2576569622579719635
HIT 3 1194018603149 278 15447985714612832754
HIT 3 2035832193165 474 8863419065676036727
HIT 3 1194018668685 278 15957801838458435192
HIT 3 2035832258701 474 4848477961440578889
HIT 3 1194018734221 278 11972113145571116862
HIT 3 2035832324237 474 11488453777291234290
HIT 3 1194018799757 278 15769707854084096742
HIT 3 2035832389773 474 1781191342338430771
HIT 3 1185428930701 276 7595379285051068736
HIT 3 1194018865293 278 10495528126935971431
HIT 3 2035832455309 474 15801759370406563448
HIT 3 1194018930829 278 7595379285051068736
HIT 3 2035832520845 474 18294745856316482318
HIT 3 1194018996365 278 9305082028390824338
HIT 3 2027242651789 472 3138230001594931063
HIT 3 2035832586381 474 11855216371440007028
HIT 3 2040127553677 475 8011126720192474678
HIT 3 2044422520973 476 6454260274694676208
HIT 3 1194019061901 278 59059356607955859
HIT 3 1202608996493 280 9305082028390824338
HIT 3 2035832651917 474 14391957355232825966
HIT 3 1202609062029 280 16102184267714788435
HIT 3 1206904029325 281 2274239225822095243
HIT 3 1211198996621 282 11256980920095341807
HIT 3 1215493963917 283 4671542341751245406
HIT 3 1219788931213 284 1369945524943268904
HIT 3 1224083898509 285 5305339608430801096
HIT 3 1228378865805 286 11161080723437228021
HIT 3 1232673833101 287 5557095377188788
HIT 3 1236968800397 288 12979417586732467967
HIT 3 1241263767693 289 4612089881497656876
HIT 3 1245558734989 290 17716407936054695629
HIT 3 1249853702285 291 11963812308128419529
HIT 3 1254148669581 292 4108453468998057620
HIT 3 1258443636877 293 2615247081610645905
HIT 3 1262738604173 294 6868316114132554114
HIT 3 1267033571469 295 4864646039471748402
HIT 3 1271328538765 296 13940652416200308534
HIT 3 1275623506061 297 3231274363253498206
HIT 3 1279918473357 298 17770676443908951620
HIT 3 1284213440653 299 2820272762815175813
HIT 3 1288508407949 300 6043394539066186603
HIT 3 1292803375245 301 2509869212469127098
HIT 3 1297098342541 302 8969672666100685848
HIT 3 1301393309837 303 4398227218054291297
HIT 3 1305688277133 304 8581460036523916519
HIT 3 1309983244429 305 1103185063595339508
HIT 3 1314278211725 306 17546711349472942559
HIT 3 1318573179021 307 17885397647975165652
HIT 3 1322868146317 308 13552434329691012133
HIT 3 1327163113613 309 11303576058723698826
HIT 3 1331458080909 310 9811690524513559938
HIT 3 1335753048205 311 6606803509284793720
HIT 3 1340048015501 312 6732897932908598431
HIT 3 1344342982797 313 1658809482436132573
HIT 3 1348637950093 314 13503444144603779327
HIT 3 1352932917389 315 4343582780944580520
HIT 3 1357227884685 316 5409648067384466166
HIT 3 1361522851981 317 17017788302594956259
HIT 3 1365817819277 318 7207086607729557909
HIT 3 1370112786573 319 15697318752628455834
HIT 3 1374407753869 320 1934222853285518788
HIT 3 1378702721165 321 11123381849493505011
HIT 3 1382997688461 322 4532188446028274934
HIT 3 1387292655757 323 15000106637455196872
HIT 3 1391587623053 324 17130970256263237679
HIT 3 1395882590349 325 6105333990756254032
HIT 3 1400177557645 326 15198715608211338251
HIT 3 1404472524941 327 3559070476669992313
HIT 3 1408767492237 328 15675393449695184133
HIT 3 1413062459533 329 11108000588636583155
HIT 3 1417357426829 330 5695841767910277743
HIT 3 1421652394125 331 13484172793570125161
HIT 3 1425947361421 332 15547868804371355093
HIT 3 1430242328717 333 658049588352366012
HIT 3 1434537296013 334 12890867416468865262
HIT 3 1438832263309 335 17726315117291993257
HIT 3 1443127230605 336 12419645746056001555
HIT 3 1447422197901 337 2819193075302876834
HIT 3 1451717165197 338 5885621302145517416
HIT 3 1456012132493 339 14803768763336804152
HIT 3 1460307099789 340 17243520626390756827
HIT 3 1464602067085 341 9816137460131133466
HIT 3 1468897034381 342 589535996300606535
HIT 3 1473192001677 343 5394207593357903521
HIT 3 1477486968973 344 16488301623427039905
HIT 3 1481781936269 345 15314260113085772767
HIT 3 1486076903565 346 8725370589236945440
HIT 3 1490371870861 347 9792153561399254848
HIT 3 1494666838157 348 2655627003858678542
HIT 3 1498961805453 349 17258847627761385273
HIT 3 1503256772749 350 8476044857599620228
HIT 3 1507551740045 351 15838049998824191237
HIT 3 1511846707341 352 10986359835606094905
HIT 3 1516141674637 353 13743303874693633849
HIT 3 1520436641933 354 7217592776895805871
HIT 3 1524731609229 355 6303675216269470087
HIT 3 1529026576525 356 2150466189909740104
HIT 3 1533321543821 357 10649955069940917434
HIT 3 1537616511117 358 15759981441137698472
HIT 3 1541911478413 359 13616310716810739893
HIT 3 1546206445709 360 2905521807377825132
HIT 3 1550501413005 361 1907896515914528798
HIT 3 1554796380301 362 10228503053742091074
HIT 3 1559091347597 363 394021649571282616
HIT 3 1563386314893 364 15545945335067187670
HIT 3 1567681282189 365 5026635803436393253
HIT 3 1571976249485 366 11165805898663001908
HIT 3 1576271216781 367 13536659391516028934
HIT 3 1580566184077 368 10296211157776443717
HIT 3 1584861151373 369 6501996741592879028
HIT 3 1589156118669 370 18099707458150105027
HIT 3 1593451085965 371 6761261808376269805
HIT 3 1597746053261 372 17053147625058968220
HIT 3 1602041020557 373 1923041051538242230
HIT 3 1606335987853 374 15685016257194425290
HIT 3 1610630955149 375 3666014483924880618
HIT 3 1614925922445 376 14540224060345028149
HIT 3 1619220889741 377 15291337002841366928
HIT 3 1623515857037 378 15048417339868617894
HIT 3 1627810824333 379 15556726699370409010
HIT 3 1632105791629 380 529507625726427113
HIT 3 1636400758925 381 10418980229003157058
HIT 3 1640695726221 382 6827159035576328536
HIT 3 1644990693517 383 11225118540431288605
HIT 3 1649285660813 384 8479159660269091863
HIT 3 1653580628109 385 14060127305228947850
HIT 3 1657875595405 386 4683262178068896974
HIT 3 1662170562701 387 7055686082503926911
HIT 3 1666465529997 388 14823531403712401175
HIT 3 1670760497293 389 6739168360540142256
HIT 3 1675055464589 390 6233573389397097869
HIT 3 1679350431885 391 9231608779964069930
HIT 3 1683645399181 392 17494369170676837552
HIT 3 1687940366477 393 9217991560163826458
HIT 3 1692235333773 394 8276421460447756549
HIT 3 1696530301069 395 12678438674130940451
HIT 3 1700825268365 396 12395776603609640491
HIT 3 1705120235661 397 16687003611473745300
HIT 3 1709415202957 398 3914574200705969687
HIT 3 1713710170253 399 16657239763418053712
HIT 3 1718005137549 400 2316385870660812377
HIT 3 1722300104845 401 8284950233228552305
HIT 3 1726595072141 402 5498925439669522824
HIT 3 1730890039437 403 3826960753871092278
HIT 3 1735185006733 404 13952830788372113845
HIT 3 1739479974029 405 6193069713133501368
HIT 3 1743774941325 406 2572106280582916909
HIT 3 1748069908621 407 13638807736264697069
HIT 3 1752364875917 408 9530080322246599104
HIT 3 1756659843213 409 5398396629616726671
HIT 3 1760954810509 410 8858094808313253964
HIT 3 1765249777805 411 4476810892975571654
HIT 3 1769544745101 412 2260200002134018328
HIT 3 1773839712397 413 9805854480101645829
HIT 3 1778134679693 414 9772255353923082436
HIT 3 1782429646989 415 4089477230623775270
HIT 3 1786724614285 416 10472859873398557457
HIT 3 1791019581581 417 3669490662988279674
HIT 3 1795314548877 418 16632856784094874055
HIT 3 1799609516173 419 2588569734602885462
HIT 3 1803904483469 420 5348236834074234828
HIT 3 1808199450765 421 9836213573954723009
HIT 3 1812494418061 422 9642642435113861281
HIT 3 1816789385357 423 14938543389669446420
HIT 3 1821084352653 424 14235563495721186418
HIT 3 1825379319949 425 15551774845304772236
HIT 3 1829674287245 426 15021335978876915603
HIT 3 1833969254541 427 1478369096001138404
HIT 3 1838264221837 428 17573783203774261538
HIT 3 1842559189133 429 414424863132742367
HIT 3 1846854156429 430 6327274478290660267
HIT 3 1851149123725 431 14148304800850896498
HIT 3 1855444091021 432 4609109739055652132
HIT 3 1859739058317 433 2670167964082587766
HIT 3 1864034025613 434 5563881154853439294
HIT 3 1868328992909 435 7964297578556252782
HIT 3 1872623960205 436 17203362326265982358
HIT 3 1876918927501 437 8881697151882228869
HIT 3 1881213894797 438 17434094965481140842
HIT 3 1885508862093 439 15398992620792521583
HIT 3 1889803829389 440 16047854607162707441
HIT 3 1894098796685 441 2695706477272090394
HIT 3 1898393763981 442 4653387953180175420
HIT 3 1902688731277 443 6245070766616558558
HIT 3 1906983698573 444 7714344772389689788
HIT 3 1911278665869 445 18080994657712282349
HIT 3 1915573633165 446 16340543515035780928
HIT 3 1919868600461 447 9434245427002393371
HIT 3 1924163567757 448 6953812562399288666
HIT 3 1928458535053 449 10083744744924508571
HIT 3 1932753502349 450 1655098559939786450
HIT 3 1937048469645 451 34228686515178468
HIT 3 1941343436941 452 14944816167132016053
HIT 3 1945638404237 453 14267709247531565521
HIT 3 1949933371533 454 15078307256521744363
HIT 3 1954228338829 455 13191170583333827274
HIT 3 1958523306125 456 1417743035731220542
HIT 3 1962818273421 457 3431074851827734122
HIT 3 1967113240717 458 2922126563291295513
HIT 3 1971408208013 459 13180992418462004476
HIT 3 1975703175309 460 4915668719905211710
HIT 3 1979998142605 461 5505287480072191663
HIT 3 1984293109901 462 18124387512867593751
HIT 3 1988588077197 463 7013481516059380070
HIT 3 1992883044493 464 13175368956862835532
HIT 3 1997178011789 465 17163588356238271561
HIT 3 2001472979085 466 12301718960359933781
HIT 3 2005767946381 467 5867402557747283302
HIT 3 2010062913677 468 3110509495606751101
HIT 3 2014357880973 469 7303299472307290064
HIT 3 2018652848269 470 942762793117239325
HIT 3 2022947815565 471 2785772198633381910
HIT 3 2027242782861 472 4864049979168435579
HIT 3 2031537750157 473 2743944181792641414
HIT 3 2035832717453 474 18376576476193377034
HIT 3 2040127684749 475 11375815121908625893
HIT 3 2044422652045 476 17405972100893256848
HIT 3 2048717619341 477 8417644871305226204
HIT 3 2053012586637 478 12162456961618129189
HIT 3 2057307553933 479 1803022903120083716
HIT 3 2061602521229 480 9758196886910124867
HIT 3 2065897488525 481 17892398178708365919
HIT 3 2070192455821 482 7946339679186892200
HIT 3 2074487423117 483 2736677980695100260
HIT 3 2078782390413 484 4404471263799427011
HIT 3 2083077357709 485 2120433040011689841
HIT 3 2087372325005 486 17167976801621757629
HIT 3 2091667292301 487 16595159067867190529
HIT 3 2095962259597 488 11490808427400482939
HIT 3 2100257226893 489 6107805845743544876
HIT 3 2104552194189 490 9842400014662153593
HIT 3 2108847161485 491 5590070810643534017
HIT 3 2113142128781 492 1661854854930917769
HIT 3 2117437096077 493 17667117770362573729
HIT 3 2121732063373 494 4480512692218316542
HIT 3 2126027030669 495 11378006707296477527
HIT 3 2130321997965 496 11971491094327013451
HIT 3 2134616965261 497 18273155454474759376
HIT 3 2138911932557 498 7125143382314792350
HIT 3 2143206899853 499 15626076228731477259
HIT 3 2147501867149 500 1068276900226451288
HIT 3 2151796834445 501 16260325606412273190
HIT 3 2156091801741 502 603923182286302984
HIT 3 2160386769037 503 15712475765303827092
HIT 3 2164681736333 504 4217421523879209811
HIT 3 2168976703629 505 14582216743245397994
HIT 3 2173271670925 506 662902085459126315
HIT 3 2177566638221 507 15901227850067303249
HIT 3 2181861605517 508 11326660996515269063
HIT 3 2186156572813 509 8529270293524382657
HIT 3 2190451540109 510 12464505602750473635
HIT 3 2194746507405 511 15466871686746481680
HIT 3 1202609127565 280 9835173109990837362
HIT 3 1206904094861 281 4671542341751245406
HIT 3 1211199062157 282 16102184267714788435
HIT 3 2027242848397 472 10780833393581505660
HIT 3 2035832782989 474 14787483748631983344
HIT 3 2040127750285 475 8330800755920255807
HIT 3 2044422717581 476 8011703988008846217
HIT 3 2027242913933 472 1082690856464750384
HIT 3 2035832848525 474 4271525499266435283
HIT 3 2040127815821 475 15982866024423276804
HIT 3 2044422783117 476 17614299204564772174
HIT 3 1211199193229 282 9826901604922034067
HIT 3 2035832914061 474 17377983074522472761
HIT 3 2035832979597 474 6295729933030787336
HIT 3 2035833045133 474 2883013865240187089
HIT 3 2035833110669 474 9756987166718719621
HIT 3 2035833176205 474 13868084802163769493
HIT 3 2035833241741 474 16120961972419479273
HIT 3 2035833307277 474 12767567394415110456
HIT 3 2035833372813 474 6051670873064267704
HIT 3 2035833438349 474 16947829916313819841
HIT 3 2035833503885 474 15222208415682861158
HIT 3 2035833569421 474 15693093263654441281
HIT 3 2035833634957 474 4724113633935502170
HIT 3 2035833700493 474 12662480933745826905
HIT 3 2035833766029 474 9308935669225002860
HIT 3 2035833831565 474 12800703006204552676
HIT 3 2035833897101 474 9522988458593783262
HIT 3 2035833962637 474 13898320915043142978
HIT 3 2035834028173 474 17927742625454410319
HIT 3 2035834093709 474 17443611669399926251
HIT 3 2035834159245 474 6149932289277032635
HIT 3 2035834224781 474 12880626687184543005
HIT 3 2035834290317 474 308214839253370130
HIT 3 2035834355853 474 13317743114857933837
HIT 3 2035834421389 474 13317167065242806494
HIT 3 2035834486925 474 2069983453772805575
HIT 3 2035834552461 474 9330996786570486394
HIT 3 2035834617997 474 15201189528609335526
HIT 3 2035834683533 474 5922301350117194671
HIT 3 2035834749069 474 11453920853210190999
HIT 3 2035834814605 474 3372485778021893129
HIT 3 2035834880141 474 2665721215429518585
HIT 3 2035834945677 474 16887761258678893869
HIT 3 2035835011213 474 10318400836874944774
HIT 3 2035835076749 474 12030144909128365562
HIT 3 2035835142285 474 2731026264895134920
HIT 3 2035835207821 474 12500083647920396425
HIT 3 2035835273357 474 13738361816065091302
HIT 3 2035835338893 474 10436490761948725674
HIT 3 2035835404429 474 5819348014935792310
HIT 3 2035835469965 474 13006807593649631256
HIT 3 2035835535501 474 12508719827580783848
HIT 3 2035835601037 474 11605907745689458731
HIT 3 2035835666573 474 4378674336339698904
HIT 3 2035835732109 474 17968054182975183424
HIT 3 2035835797645 474 9891834787406912402
HIT 3 2035835863181 474 13457563761708541258
HIT 3 2035835928717 474 14516676844523584506
HIT 3 2035835994253 474 6715455033033432688
HIT 3 2035836059789 474 5831910242026159264
HIT 3 2035836125325 474 16986536437098983195
HIT 3 2035836190861 474 8172519926003132102
HIT 3 2035836256397 474 15780386577687389505
HIT 3 2035836321933 474 2269163957040867088
HIT 3 2035836387469 474 12070109065670170672
HIT 3 2035836453005 474 11691306669962867964
HIT 3 2035836518541 474 18043011737414701946
HIT 3 2035836584077 474 17044025215918159095
HIT 3 2035836649613 474 6078405915240612340
HIT 3 2035836715149 474 10761743009681987213
HIT 3 2035836780685 474 3579667380002283121
HIT 3 2035836846221 474 8292989460878759154
HIT 3 2035836911757 474 1153564082403328674
HIT 3 2035836977293 474 15503613033806281484
HIT 3 1194016440462 278 13996763028177646593
HIT 3 2035830030478 474 4412685063647702173
HIT 3 2035837042829 474 13006788162389630708
HIT 3 2035837108365 474 7358191244284283870
HIT 3 2035837173901 474 2579641911168685415
HIT 3 2035837239437 474 7349853950204464387
HIT 3 2035837304973 474 960977906116068544
HIT 3 2035837370509 474 14293879147443378782
HIT 3 2035837436045 474 10934246830018325086
HIT 3 2035837501581 474 3860080767011007233
HIT 3 2035837567117 474 2507268862179542110
HIT 3 2035837632653 474 15485312907118848709
HIT 3 2035837698189 474 14801755920015868773
HIT 3 2035837763725 474 13688348866870786177
HIT 3 2035837829261 474 12943002647607177905
HIT 3 2035837894797 474 4930237397218752838
HIT 3 2035837960333 474 4655834180897940565
HIT 3 2035838025869 474 14677208558024180764
HIT 3 2035838091405 474 11472759420220824330
HIT 3 2035838156941 474 3940527336113874086
HIT 3 2035838222477 474 6736490847957088073
HIT 3 2035838288013 474 2345038681617929589
HIT 3 2035838353549 474 16660398867029565402
HIT 3 2035838419085 474 880716415120402830
HIT 3 2035838484621 474 1337602342297694776
HIT 3 2035838550157 474 178664501570244413
HIT 3 2035838615693 474 9532079335597344891
HIT 3 2035838681229 474 15243077758805010244
HIT 3 2035838746765 474 14978848291712679117
HIT 3 2035838812301 474 13772354662579907064
HIT 3 2035838877837 474 6885102752019513930
HIT 3 2035838943373 474 8855244855323643827
HIT 3 2035839008909 474 15275927042507971153
HIT 3 2035839074445 474 10504003679859852738
HIT 3 2035839139981 474 3958645565145718035
HIT 3 2035839205517 474 9685725841128073699
HIT 3 2035839271053 474 9316032298791396928
HIT 3 1194016309391 278 15468317743791600109
HIT 3 2035829899407 474 17086630529104006881
HIT 3 2044435562635 476 417966596559594392
HIT 3 2035839336589 474 13001169925157908881
HIT 3 2035839402125 474 8098305796027634908
HIT 3 2035839467661 474 10500063380745993639
HIT 3 2035839533197 474 14803754585675562858
HIT 3 2035839598733 474 17804787530533976611
HIT 3 2035839664269 474 5369997667133216892
HIT 3 2035839729805 474 6597382217590815346
HIT 3 2035839795341 474 8799867222973768847
HIT 3 2035839860877 474 3030916380342340469
HIT 3 2035839926413 474 17156162489073167427
HIT 3 2035839991949 474 7526593852431800228
HIT 3 2035840057485 474 13506674041041301670
HIT 3 2035840123021 474 1398367705871334417
HIT 3 2035840188557 474 14066434216284692120
HIT 3 2035840254093 474 4851923723404916535
HIT 3 2035840319629 474 14289027184689048421
HIT 3 2035840385165 474 15606963661401118065
HIT 3 2035840450701 474 8414082665272156921
HIT 3 2035840516237 474 6901291295061426281
HIT 3 2035840581773 474 16270224798066643910
HIT 3 2035840647309 474 12291474844652290438
HIT 3 2035840712845 474 4241247604579177437
HIT 3 2035840778381 474 17504499323255164111
HIT 3 2035840843917 474 7715778279555060227
HIT 3 2035840909453 474 4768651326562986066
HIT 3 2035840974989 474 17926030124895045781
HIT 3 2035841040525 474 16329350583287744193
HIT 3 2035841106061 474 11576597052215564327
HIT 3 2035841171597 474 15313137343362431294
HIT 3 2035841237133 474 15434407257873973036
HIT 3 2035841302669 474 15646100182624814407
HIT 3 2035841368205 474 18148533758649167704
HIT 3 2035841433741 474 18345038336542204200
HIT 3 2035841499277 474 7710911249901826377
HIT 3 2035841564813 474 486518614714093654
HIT 3 2035841630349 474 3678883444144040800
HIT 3 2035841695885 474 2196340803002064681
HIT 3 2035841761421 474 3503676465663565219
HIT 3 2035841826957 474 12652024461306917833
HIT 3 2035841892493 474 6909731880744943991
HIT 3 2035841958029 474 6500362424167295284
HIT 3 2035842023565 474 2584581657289362666
HIT 3 2035842089101 474 8532293679233047981
HIT 3 2035842154637 474 9501455788514470367
HIT 3 2035842220173 474 12122944607367683565
HIT 3 2035842285709 474 4722941445766097646
HIT 3 2035842351245 474 15160231033403664518
HIT 3 2035842416781 474 4497414584120324370
HIT 3 2035842482317 474 6768223687329682830
HIT 3 2035842547853 474 7840782584655380277
HIT 3 2035842613389 474 15894148417250521080
HIT 3 2035842678925 474 521851504478078907
HIT 3 2035832717454 474 11696629223475060250
HIT 3 2035842744461 474 11991979360734054833
HIT 3 2035842809997 474 15258404763076744939
HIT 3 2035842875533 474 1278517379141156846
HIT 3 2035842941069 474 15845328356788861838
HIT 3 1026512650383 239 9580449072514007386
HIT 3 1194016374927 278 7495936569781252120
HIT 3 2035843006605 474 8007596917713100487
HIT 3 2035843072141 474 1642863735563772306
HIT 3 2035829964943 474 10717317385253574786
HIT 3 2035843137677 474 17957820622776856400
HIT 3 2035843203213 474 2988990897139691129
HIT 3 1185426505871 276 8566785106685330339
HIT 3 1194016440463 278 14306834243504792190
HIT 3 1198311407759 279 7150776542118026319
HIT 3 1202606375055 280 10786711711127830536
HIT 3 2035843268749 474 3008929109958765318
HIT 3 2027240095887 472 14996164338053466725
HIT 3 2035830030479 474 9767431744149301732
HIT 3 2040124997775 475 18084693610878666697
HIT 3 2044419965071 476 1643703335449943713
HIT 3 1194016571535 278 10944723766013589658
HIT 3 2035830161551 474 11605316248797544440
HIT 3 2035843334285 474 4489251366863953290
HIT 3 2035843399821 474 16914250430127429657
HIT 3 2035843465357 474 15479227003511509235
HIT 3 2035843530893 474 15650897650633993619
HIT 3 2035843596429 474 17378654016423906698
HIT 3 2035843661965 474 11434726676908190817
HIT 3 2035843727501 474 10966698635496845867
HIT 3 2035843793037 474 10027774779688886817
HIT 3 2035843858573 474 4561640530676431187
HIT 3 2035843924109 474 11506131630234230499
HIT 3 2035843989645 474 11349437585331522130
HIT 3 2035844055181 474 6298208815672021223
HIT 3 2035844120717 474 1430773393984399465
HIT 3 2035844186253 474 14690315304622111370
HIT 3 2035844251789 474 8033949826083799074
HIT 3 2035844317325 474 8725493674358028024
HIT 3 2035844382861 474 3201523238616074164
HIT 3 2035844448397 474 7205433846668822876
HIT 3 2035844513933 474 6056485801442141710
HIT 3 2035844579469 474 11855565359991903565
HIT 3 2035844645005 474 12944369308950473605
HIT 3 2035844710541 474 12397354603668222652
HIT 3 2035844776077 474 6356972146780688567
HIT 3 2035844841613 474 8311023880790490658
HIT 3 2035844907149 474 2647390342744131951
HIT 3 2035844972685 474 16930364372139280619
HIT 3 2035845038221 474 6894714934106418703
HIT 3 2035845103757 474 14100490912006132940
HIT 3 2035845169293 474 6854498903660474468
HIT 3 2035845234829 474 1896613705158488805
HIT 3 2027255365773 472 14187637960910307048
HIT 3 2035845300365 474 12164207781493380799
HIT 3 2035845365901 474 14187637960910307048
HIT 3 2035845431437 474 17743634209422654657
HIT 3 2035845496973 474 6364440699409369020
HIT 3 2044435431565 476 17743634209422654657
HIT 3 2044435497101 476 14214929664795252704
HIT 3 2048730464397 477 5933166475435174733
HIT 3 2053025431693 478 10767940776640984572
HIT 3 2057320398989 479 2104017449643833108
HIT 3 2061615366285 480 3705806754140200328
HIT 3 2065910333581 481 4880991091261526104
HIT 3 2070205300877 482 412625065808060059
HIT 3 2074500268173 483 4349440541109815586
HIT 3 2078795235469 484 17332363355149059273
HIT 3 2083090202765 485 8493250247364543780
HIT 3 2087385170061 486 10808025402050948054
HIT 3 2091680137357 487 15525817803204672434
HIT 3 2095975104653 488 11022620148172662873
HIT 3 2100270071949 489 17449664972765653621
HIT 3 2104565039245 490 17892554707749954385
HIT 3 2108860006541 491 14838450032700977019
HIT 3 2113154973837 492 2574221944135426407
HIT 3 2117449941133 493 862171013511103599
HIT 3 2121744908429 494 15833299992374255436
HIT 3 2126039875725 495 15545228744022629523
HIT 3 2130334843021 496 14273714547238655487
HIT 3 2134629810317 497 8858469516770230978
HIT 3 2138924777613 498 7265652255004828397
HIT 3 2143219744909 499 3799026070462395073
HIT 3 2147514712205 500 14859146484135713991
HIT 3 2151809679501 501 4937417275404219372
HIT 3 2156104646797 502 2576798831747502441
HIT 3 2160399614093 503 11379772311883218320
HIT 3 2164694581389 504 6142347132716814269
HIT 3 2168989548685 505 14227460558563735843
HIT 3 2173284515981 506 6835674113195686068
HIT 3 2177579483277 507 4213952681473512360
HIT 3 2181874450573 508 16946205750206239922
HIT 3 2186169417869 509 7058783523658559284
HIT 3 2190464385165 510 8247045502078868695
HIT 3 2194759352461 511 5641687873313922025
HIT 3 2044435562637 476 599353090366264576
HIT 3 2048730529933 477 2104017449643833108
HIT 3 2053025497229 478 14214929664795252704
HIT 3 2053025628301 478 13751115151966498610
HIT 3 2035832586383 474 3500408698139863344
HIT 3 2027242782863 472 3496766854565026125
HIT 3 2035832717455 474 18092873489710479212
HIT 3 2040127684751 475 1501995113241046881
HIT 3 2044422652047 476 692389138403351906
HIT 3 1202609127567 280 14794232371933870943
HIT 3 2035832782991 474 4834121211410073410
HIT 3 2035832848527 474 12256340791412282609
HIT 3 1194016440464 278 11110002095312206961
HIT 3 2035830030480 474 423024084191775161
HIT 3 1194016440465 278 8314621210076176300
HIT 3 2035830030481 474 5440560444246221853
HIT 3 2035832717456 474 5329776633966939187
HIT 3 2035832717457 474 15844588249281810162
HIT 3 2044435562639 476 9955449009008816972
HIT 3 1194016440466 278 17065819427676612625
HIT 3 2035830030482 474 14999667956726460091
HIT 3 2035832717458 474 14080238560644200592
HIT 3 1194016440467 278 11874953235450341274
HIT 3 2035830030483 474 12922150777672447558
HIT 3 2035832717459 474 14057747380671603159
HIT 3 1194016440468 278 9773555971387563143
HIT 3 2035830030484 474 2374876974327859763
HIT 3 2035832717460 474 14003804966000087264
HIT 3 1194016440469 278 40485483473465783
HIT 3 2035830030485 474 10762378296419014782
HIT 3 2035832717461 474 9664287143018998045
HIT 3 1194016440470 278 9562805469034252733
HIT 3 2035830030486 474 15797040795065206438
HIT 3 2035832717462 474 17257057363461505551
HIT 3 1194016440472 278 9666372281506231347
HIT 3 2035830030488 474 16107365457183600923
HIT 3 1194016440471 278 13701648546503024494
HIT 3 2035830030487 474 228641997933087653
HIT 3 2035832717464 474 17770097738631802447
HIT 3 2035832717463 474 6602041177585563298
HIT 3 1194016440474 278 3008147058263437475
HIT 3 2035830030490 474 2744048168007113451
HIT 3 1194016440473 278 3147733207745079915
HIT 3 2035830030489 474 10497022719925767496
HIT 3 2035832717465 474 6233079118040481115
HIT 3 2035832717466 474 4702859715807910349
HIT 3 1194016440475 278 11046035920948440869
HIT 3 2035830030491 474 208410287665172582
HIT 3 2035832717467 474 7134156199559029513
HIT 3 1194016440476 278 16654089272792262057
HIT 3 2035830030492 474 13056068260097926380
HIT 3 1194016440478 278 5745457068339927856
HIT 3 2035830030494 474 2316269925976516846
HIT 3 2035832717468 474 16672281590819221466
HIT 3 1194016440477 278 17606097973783001279
HIT 3 2035830030493 474 6366863880772223045
HIT 3 2035832717470 474 12830800750169120005
HIT 3 1194016440479 278 2397612129768070773
HIT 3 2035830030495 474 7645340007840443258
HIT 3 2035832717469 474 7130773769676698060
HIT 3 2035832717471 474 993665981611305350
HIT 3 1194016440480 278 15797736646510575535
HIT 3 2035830030496 474 6164794192442399657
HIT 3 1194016440481 278 13457062452730028832
HIT 3 2035830030497 474 673070711610687061
HIT 3 2035832717472 474 15115340506727641571
HIT 3 1194016440482 278 13435844369767216361
HIT 3 2035830030498 474 129584588875539787
HIT 3 2035832717473 474 17924614178895222660
HIT 3 1194016440483 278 2876174002007525497
HIT 3 2035830030499 474 17921948849690942174
HIT 3 2035832717474 474 3739154844649910281
HIT 3 2035832717475 474 8950965940426580648
HIT 3 1194016440484 278 7027287270230790247
HIT 3 2035830030500 474 9868059413607497161
HIT 3 2035832717476 474 4020592368889914533
HIT 3 1194016440485 278 14372450041540417720
HIT 3 2035830030501 474 8201615881522197678
HIT 3 1194016440486 278 9156059985943930387
HIT 3 2035830030502 474 12386745490604467483
HIT 3 2035832717477 474 9152759821199149480
HIT 3 2035832717478 474 18203351264308913352
HIT 3 1194016440487 278 1680014307711662667
HIT 3 2035830030503 474 17742058103123769435
HIT 3 1194016440488 278 2151437681633874476
HIT 3 2035830030504 474 16715017887881620960
HIT 3 2035832717479 474 10703109027205426016
HIT 3 2035832717480 474 696956507846621596
HIT 3 1194016440489 278 13287926310873625390
HIT 3 2035830030505 474 10783990918703024345
HIT 3 1194016440491 278 10820243755152761608
HIT 3 2035830030507 474 3199477929545014070
HIT 3 1194016440490 278 7998324795380241995
HIT 3 2035830030506 474 17469472104304881401
HIT 3 2035832717481 474 10879187024743203239
HIT 3 1194016440492 278 5728333587908717938
HIT 3 2035832717482 474 16061651219400451373
HIT 3 2035830030508 474 10730021988864891150
HIT 3 2035832717483 474 8915189600285602769
HIT 3 2035832717484 474 17854448627867257351
HIT 3 1194016440493 278 15663579358141746282
HIT 3 2035830030509 474 11240733441901745895
HIT 3 1194016440494 278 11638710458090721502
HIT 3 2035830030510 474 6484626389278335560
HIT 3 2035832717485 474 4748842484103911180
HIT 3 2035832717486 474 12571581162979099260
HIT 3 1194016440495 278 17190082090666656275
HIT 3 2035830030511 474 13033727659478448011
HIT 3 2035832717487 474 3017945145715458072
HIT 3 1194016440496 278 4333914799630046880
HIT 3 2035830030512 474 4412182242544483973
HIT 3 2035832717488 474 6547632359944366514
HIT 3 1194016440497 278 3924373520517886227
HIT 3 2035830030513 474 12800902564484477277
HIT 3 1194016440498 278 16807604529346707811
HIT 3 2035830030514 474 9093749049983011684
HIT 3 2035832717490 474 3557128110571023952
HIT 3 2035832717489 474 15766434497039759659
HIT 3 1194016440499 278 6480388750074646127
HIT 3 2035830030515 474 12182466857549412947
HIT 3 2035832717491 474 11019606872328983825
HIT 3 1194016440500 278 8176018484905751327
HIT 3 2035830030516 474 6121964444935207642
HIT 3 1194016440501 278 14899451359012590978
HIT 3 2035830030517 474 10767491237470450385
HIT 3 2035832717492 474 8877837621315844764
HIT 3 1194016440502 278 9941341738711464535
HIT 3 2035830030518 474 15797450855612481453
HIT 3 2035832717493 474 123846403271895744
HIT 3 2035832717494 474 15206390766333169977
HIT 3 1194016440503 278 8342331346761330454
HIT 3 2035830030519 474 16615836577810545902
HIT 3 1194016440504 278 7336949853959043699
HIT 3 2035830030520 474 814138412269105454
HIT 3 2035832717495 474 16805551291968504361
HIT 3 1194016440505 278 5260229455604172148
HIT 3 2035830030521 474 3516657471686728271
HIT 3 2035832717496 474 14712600539794878209
HIT 3 2035832717497 474 3615051232984238709
HIT 3 1194016440506 278 1739532745787657937
HIT 3 2035830030522 474 12945880969376153107
HIT 3 2035832717498 474 7385996102072617530
HIT 3 1194016440507 278 17794841581258345129
HIT 3 2035830030523 474 10767360583324244
HIT 3 1194016440509 278 13533983306177473838
HIT 3 2035830030525 474 7332822641205358550
HIT 3 1194016440508 278 8492346062415958724
HIT 3 2035830030524 474 9452161669848758873
HIT 3 2035832717501 474 5371570938507331656
HIT 3 2035832717499 474 10965051412601820260
HIT 3 2035832717500 474 1526706047233516192
HIT 3 1194016440510 278 856823479196671418
HIT 3 2035830030526 474 5302312448989264543
HIT 3 1194016440511 278 8529673486665386605
HIT 3 2035830030527 474 12411540784651646322
HIT 3 2035832717502 474 9591364225684678938
HIT 3 1194016440512 278 8909505560855329097
HIT 3 2035830030528 474 11027577008102907550
HIT 3 2035832717503 474 13402549747094225188
HIT 3 2035832717504 474 17085869628120890834
HIT 3 1194016440513 278 12538091999632329814
HIT 3 2035830030529 474 6750462658186999092
HIT 3 2035832717505 474 16255286166133870857
HIT 3 1194016440514 278 49129834179761600
HIT 3 2035830030530 474 7299090107631698014
HIT 3 2035832717506 474 17471938582960185282
HIT 3 1194016440516 278 9263345739782595513
HIT 3 2035830030532 474 5199146461589088176
HIT 3 1194016440515 278 6151738106034251369
HIT 3 2035830030531 474 14677253020395055010
HIT 3 2035832717508 474 9230117484148774145
HIT 3 2035832717507 474 9268781123184378109
HIT 3 1194016440518 278 16872059394976161355
HIT 3 2035830030534 474 13437146707929241263
HIT 3 1194016440517 278 2643381340098982573
HIT 3 2035830030533 474 16130763327093923395
HIT 3 2035832717510 474 2949657986432942990
HIT 3 2035832717509 474 17242589982191328200
HIT 3 1194016440519 278 10053530526243448000
HIT 3 2035830030535 474 14223262457720590154
HIT 3 1194016440520 278 16036733565856113998
HIT 3 2035830030536 474 10263775458661030171
HIT 3 2035832717511 474 12069946544124024154
HIT 3 1194016440521 278 5107395311976675521
HIT 3 2035830030537 474 3233478973048748899
HIT 3 2035832717512 474 1936151232760423593
HIT 3 2035832717513 474 4274210639130258091
HIT 3 1194016440522 278 10942890657931783451
HIT 3 2035830030538 474 15692422246141078830
HIT 3 1194016440523 278 13499406215265736697
HIT 3 2035830030539 474 2465824681063099476
HIT 3 1194016440524 278 1619698547626713189
HIT 3 2035830030540 474 10750597953599742240
HIT 3 2035832717514 474 16598699356577950762
HIT 3 2035832717515 474 12761601835367836260
HIT 3 2035832717516 474 4999397333046263821
HIT 3 1194016440525 278 1077703649484001443
HIT 3 2035830030541 474 18205999024068409264
HIT 3 1194016440526 278 3341205015796960203
HIT 3 2035830030542 474 9475021631388005045
HIT 3 2035832717517 474 3675057449963379989
HIT 3 2035832717518 474 11492969106807574530
HIT 3 1194016440527 278 3212912918729750582
HIT 3 2035830030543 474 6239430710777716457
HIT 3 1194016440528 278 8215449871453861655
HIT 3 2035830030544 474 7251444245930274716
HIT 3 2035832717519 474 15640441569637608426
HIT 3 1194016440529 278 376468850125675322
HIT 3 2035830030545 474 15583597255314997739
HIT 3 2035832717520 474 10225264360036107262
HIT 3 2035832717521 474 3521699546450853692
HIT 3 1194016440530 278 6413057366030606178
HIT 3 2035830030546 474 13858177443698242108
HIT 3 1194016440531 278 2564129097584399033
HIT 3 2035830030547 474 7697480353844116957
HIT 3 2035832717522 474 12703379854028074486
HIT 3 1194016440532 278 12182424558741604698
HIT 3 2035830030548 474 3010308448709103908
HIT 3 2035832717523 474 660699521243563218
HIT 3 1194016440533 278 5578333256732441325
HIT 3 2035830030549 474 16977591566049738242
HIT 3 2035832717524 474 807994017867755977
HIT 3 2035832717525 474 9985721975732985269
HIT 3 1194016440535 278 5872908806806309412
HIT 3 2035830030551 474 10480684469298016762
HIT 3 1194016440534 278 17569648933081778881
HIT 3 2035830030550 474 7223743971585675161
HIT 3 1194016440536 278 10766803519716980766
HIT 3 2035830030552 474 12191815035523776081
HIT 3 2035832717527 474 10193517583691409899
HIT 3 2035832717526 474 15710199017679171100
HIT 3 2035832717528 474 4387784841712073532
HIT 3 1194016440537 278 10592123822766050918
HIT 3 2035830030553 474 5186491635680432839
HIT 3 1194016440538 278 15805099631848608750
HIT 3 2035830030554 474 17786796397628421190
HIT 3 1194016440539 278 7612305566261809806
HIT 3 2035830030555 474 6631641020509666697
HIT 3 2035832717529 474 13749280614471215255
HIT 3 2035832717530 474 1042257462345487534
HIT 3 2035832717531 474 6880087346744080442
HIT 3 1194016440540 278 9127121681761076146
HIT 3 2035830030556 474 3938833570101322621
HIT 3 2035832717532 474 6403602295985682494
HIT 3 1194016440541 278 8732007745169080938
HIT 3 2035830030557 474 3838724138309944487
HIT 3 1194016440542 278 14102286712206188148
HIT 3 2035830030558 474 16001999132565988545
HIT 3 1194016440543 278 6422485307514700491
HIT 3 2035830030559 474 3065453035433806703
HIT 3 2035832717533 474 6776703635469684104
HIT 3 2035832717534 474 7835954211209554681
HIT 3 2035832717535 474 13625929703655670071
HIT 3 1194016440544 278 3866884764998384932
HIT 3 2035830030560 474 6482717191501392795
HIT 3 1194016440545 278 9084046794479524701
HIT 3 2035830030561 474 10940683766616194620
HIT 3 2035832717536 474 12804451030224069377
HIT 3 2035832717537 474 2625535861639667999
HIT 3 1194016440546 278 14674809252980969498
HIT 3 2035830030562 474 4090015148273848323
HIT 3 1194016440547 278 12081602783900494053
HIT 3 2035830030563 474 4109918594292313148
HIT 3 2035832717538 474 9273214976512840974
HIT 3 1194016440548 278 13878928627109671878
HIT 3 2035830030564 474 5091684829024990120
HIT 3 2035832717539 474 7294309636539390626
HIT 3 1194016440549 278 12956603007515194798
HIT 3 2035830030565 474 8408537914477383427
HIT 3 2035832717540 474 12969302712735666774
HIT 3 2035832717541 474 9868652441295739068
HIT 3 1194016440550 278 1779779545469693372
HIT 3 2035830030566 474 12555407732921093240
HIT 3 1194016440551 278 6172505608822955648
HIT 3 2035830030567 474 1465230290990453540
HIT 3 1194016440552 278 3060418287908567059
HIT 3 2035830030568 474 12407087042383845123
HIT 3 2035832717542 474 10366815565834738619
HIT 3 2035832717543 474 13939288593666009964
HIT 3 2035832717544 474 121290936412010963
HIT 3 1194016309481 278 3060418287908567059
HIT 3 2035829899497 474 12407087042383845123
HIT 3 1194016440553 278 3693441209722362745
HIT 3 2035830030569 474 7246472905587081195
HIT 3 2035832717545 474 9542896913543237177
HIT 3 1194016440554 278 4918123435700728003
HIT 3 2035830030570 474 17918744858064746342
HIT 3 1194016571626 278 107015709045823922
HIT 3 2035830161642 474 1689367066534881847
HIT 3 2035832717546 474 3036160720449144768
HIT 3 1035102716140 241 9402000654987916241
HIT 3 1194016506092 278 8775306995191854246
HIT 3 2035830096108 474 17464473382588973636
HIT 3 1185426637036 276 15013813955491877635
HIT 3 1194016571628 278 4738878844329917251
HIT 3 1198311538924 279 11359767837675959646
HIT 3 1202606506220 280 319630151735760275
HIT 3 2027240227052 472 683177821894162604
HIT 3 2035830161644 474 6626051454222423880
HIT 3 2040125128940 475 6994838661071902209
HIT 3 2044420096236 476 13004508638617082878
HIT 3 1194016440555 278 107015709045823922
HIT 3 2035830030571 474 1689367066534881847
HIT 3 1194016702700 278 3303341775178573677
HIT 3 2035830292716 474 13468149323089110773
HIT 3 2035832586476 474 1190685325035209130
HIT 3 2027242782956 472 16104392506702277111
HIT 3 2035832717548 474 1167904472880662019
HIT 3 2040127684844 475 10839460160026200572
HIT 3 2044422652140 476 8050217595946376252
HIT 3 1202609127660 280 17211744116375749268
HIT 3 2035832783084 474 16272859670636729048
HIT 3 2035832586475 474 552961066554288120
HIT 3 2027242782955 472 13789982237411128886
HIT 3 2035832717547 474 11174041508648772692
HIT 3 2040127684843 475 11773326294611115074
HIT 3 2044422652139 476 12616699447528813692
HIT 3 1202609127659 280 4918123435700728003
HIT 3 2035832783083 474 15601770941487888598
HIT 3 2035832848619 474 1094931508659458532
HIT 3 2035832848620 474 14695573317439065393
HIT 3 1194016506093 278 17211744116375749268
HIT 3 2035830096109 474 5806333595967202522
HIT 3 1194016571629 278 3303341775178573677
HIT 3 2035830161645 474 13468149323089110773
HIT 3 1194016637165 278 8775306995191854246
HIT 3 1194016702702 278 11648065699622599755
HIT 3 2035830292718 474 8662399840302262941
HIT 3 2035830227181 474 17464473382588973636
HIT 3 1194016702701 278 586204268093655502
HIT 3 2035830292717 474 6084802967024775870
HIT 3 1194016768237 278 610429599973393465
HIT 3 2035830358253 474 15314052351840124953
HIT 3 1194016833773 278 2666122937876386876
HIT 3 2035830423789 474 15645346948320266109
HIT 3 1194016899309 278 10060781723528570901
HIT 3 2035830489325 474 12352780652086753327
HIT 3 1194016964845 278 3607285039868515474
HIT 3 2035830554861 474 13394913504590844470
HIT 3 1194017030381 278 6310945179540038090
HIT 3 2035830620397 474 15706538392299502583
HIT 3 1194017095917 278 6732392870999980531
HIT 3 2035830685933 474 2688403650121577501
HIT 3 1194017161453 278 9912605176637048159
HIT 3 2035830751469 474 4712094668386687956
HIT 3 1194017226989 278 10235177011264251466
HIT 3 2035830817005 474 6497185062161615589
HIT 3 1194017292525 278 6964760835341977322
HIT 3 2035830882541 474 16605360924540497248
HIT 3 1194017358061 278 2482779819324948205
HIT 3 2035830948077 474 4086858037628384953
HIT 3 1194017423597 278 9093099082039411547
HIT 3 2035831013613 474 1159242878237153506
HIT 3 1194017489133 278 16210966552917805446
HIT 3 2035831079149 474 5875519587744942651
HIT 3 1194017554669 278 9938817084753122215
HIT 3 2035831144685 474 2248004831012272001
HIT 3 1194017620205 278 17767499557373302847
HIT 3 2035831210221 474 7217584728617862335
HIT 3 1194017685741 278 11666783488004009032
HIT 3 2035831275757 474 17423633712024381432
HIT 3 1194017751277 278 17026444336482580562
HIT 3 2035831341293 474 8563385463061680963
HIT 3 1194017816813 278 6496761160459466965
HIT 3 2035831406829 474 2697703728078494491
HIT 3 1194017882349 278 10936439574876895178
HIT 3 2035831472365 474 16711342202370216234
HIT 3 1194017947885 278 1998329678900914263
HIT 3 2035831537901 474 8388440267124781530
HIT 3 1194018013421 278 11751843974789998180
HIT 3 2035831603437 474 9133125733065089456
HIT 3 1194018078957 278 4736324847079809259
HIT 3 2035831668973 474 2167513833085589033
HIT 3 1194018144493 278 9872193071288319997
HIT 3 2035831734509 474 7633586841136420332
HIT 3 1194018210029 278 11602030033423972894
HIT 3 2035831800045 474 2827684443862208283
HIT 3 1194018275565 278 12064746544464118655
HIT 3 2035831865581 474 15658687966624405017
HIT 3 1194018341101 278 16044193987784817353
HIT 3 2035831931117 474 2165820786167991966
HIT 3 1194018406637 278 13235038616196180031
HIT 3 2035831996653 474 3626417744214360711
HIT 3 1194018472173 278 15620352579572827759
HIT 3 2035832062189 474 18350962023709085907
HIT 3 1194018537709 278 18059841710465526259
HIT 3 2035832127725 474 2258982641077486589
HIT 3 1194018603245 278 15139129089827592754
HIT 3 2035832193261 474 6870952073314394242
HIT 3 1194018668781 278 15993583456657551844
HIT 3 2035832258797 474 10081032505642502057
HIT 3 1194018734317 278 10251281263362963446
HIT 3 2035832324333 474 5622257108124108194
HIT 3 1194018799853 278 12771226380645460246
HIT 3 2035832389869 474 3890442514099075141
HIT 3 1185428930797 276 4333616628665782809
HIT 3 1194018865389 278 6546807529870788855
HIT 3 2035832455405 474 15908667274103238754
HIT 3 1194018930925 278 4333616628665782809
HIT 3 2035832520941 474 17885199854577391536
HIT 3 1194018996461 278 16228422324841830373
HIT 3 2027242651885 472 4487936247935250486
HIT 3 2035832586477 474 11516156749849165853
HIT 3 2040127553773 475 18076966954002126160
HIT 3 2044422521069 476 16202516889037998093
HIT 3 1194019061997 278 15013813955491877635
HIT 3 1202608996589 280 16228422324841830373
HIT 3 2035832652013 474 1083019291625784976
HIT 3 1202609062125 280 13700738961664087083
HIT 3 1206904029421 281 11359767837675959646
HIT 3 1211198996717 282 696126617224627367
HIT 3 1215493964013 283 7978539670546997680
HIT 3 1219788931309 284 7416012195534144569
HIT 3 1224083898605 285 14456265624650178684
HIT 3 1228378865901 286 1354238242700008544
HIT 3 1232673833197 287 2477885948923945496
HIT 3 1236968800493 288 18416648597847243973
HIT 3 1241263767789 289 13919033173057366334
HIT 3 1245558735085 290 3351755619267924990
HIT 3 1249853702381 291 9512878160023956346
HIT 3 1254148669677 292 4523367158155268662
HIT 3 1258443636973 293 4910119790197429186
HIT 3 1262738604269 294 13028003178060469792
HIT 3 1267033571565 295 18021505371836621084
HIT 3 1271328538861 296 5687519744101847173
HIT 3 1275623506157 297 6287288316950436455
HIT 3 1279918473453 298 8463000743703663776
HIT 3 1284213440749 299 5309573772721941795
HIT 3 1288508408045 300 7538380565970885399
HIT 3 1292803375341 301 16020041521926372805
HIT 3 1297098342637 302 1800102238734163262
HIT 3 1301393309933 303 16410380008399963391
HIT 3 1305688277229 304 8862594028568328586
HIT 3 1309983244525 305 879074697922966157
HIT 3 1314278211821 306 14464200586600714631
HIT 3 1318573179117 307 515537952346013182
HIT 3 1322868146413 308 5765178941597692347
HIT 3 1327163113709 309 2402125725291414912
HIT 3 1331458081005 310 6472156899837219673
HIT 3 1335753048301 311 5367019343064295058
HIT 3 1340048015597 312 17906629009423437799
HIT 3 1344342982893 313 9324255929111626808
HIT 3 1348637950189 314 13356947480263757240
HIT 3 1352932917485 315 2466583401370367374
HIT 3 1357227884781 316 9729006597435249964
HIT 3 1361522852077 317 5599479420538405135
HIT 3 1365817819373 318 16184450604471410275
HIT 3 1370112786669 319 18234887441446465459
HIT 3 1374407753965 320 14735486918071685155
HIT 3 1378702721261 321 12344563921859674088
HIT 3 1382997688557 322 1569487979533456633
HIT 3 1387292655853 323 7876903404852261513
HIT 3 1391587623149 324 7413575118493837991
HIT 3 1395882590445 325 13803942573386727377
HIT 3 1400177557741 326 13867407727031827782
HIT 3 1404472525037 327 14136607538247424352
HIT 3 1408767492333 328 11683411457202609997
HIT 3 1413062459629 329 2720398180615606321
HIT 3 1417357426925 330 16096225090269867737
HIT 3 1421652394221 331 752275918383031131
HIT 3 1425947361517 332 3328020235735493681
HIT 3 1430242328813 333 13310852051848214152
HIT 3 1434537296109 334 1992419921216069925
HIT 3 1438832263405 335 15827425068007595932
HIT 3 1443127230701 336 9227088519358072706
HIT 3 1447422197997 337 10864129734613494364
HIT 3 1451717165293 338 11245512061897401029
HIT 3 1456012132589 339 13185438994149593409
HIT 3 1460307099885 340 12368428379626515206
HIT 3 1464602067181 341 3537827274810033916
HIT 3 1468897034477 342 1192274635326696321
HIT 3 1473192001773 343 8993207055980941549
HIT 3 1477486969069 344 11585652124857042905
HIT 3 1481781936365 345 13570493064447581994
HIT 3 1486076903661 346 7024816413265342465
HIT 3 1490371870957 347 387128930786400304
HIT 3 1494666838253 348 14486984977294942266
HIT 3 1498961805549 349 18435258354654297519
HIT 3 1503256772845 350 14096934424868775553
HIT 3 1507551740141 351 567947327658542840
HIT 3 1511846707437 352 9616967777093208819
HIT 3 1516141674733 353 324464422920822726
HIT 3 1520436642029 354 13047499590950551109
HIT 3 1524731609325 355 13560307523143945924
HIT 3 1529026576621 356 17897101789455590655
HIT 3 1533321543917 357 15344020163262609125
HIT 3 1537616511213 358 15789293996891584815
HIT 3 1541911478509 359 6771107291847490576
HIT 3 1546206445805 360 3680084219782274369
HIT 3 1550501413101 361 12026290375096708240
HIT 3 1554796380397 362 16267126990138270155
HIT 3 1559091347693 363 15270943646845624006
HIT 3 1563386314989 364 16043813545759037564
HIT 3 1567681282285 365 2796044982279157727
HIT 3 1571976249581 366 14993064151447448701
HIT 3 1576271216877 367 1420279792874627542
HIT 3 1580566184173 368 9116569715122570682
HIT 3 1584861151469 369 1140676637095970025
HIT 3 1589156118765 370 1128689244489828821
HIT 3 1593451086061 371 4191697188816138277
HIT 3 1597746053357 372 13683362578527063950
HIT 3 1602041020653 373 7878662641934691685
HIT 3 1606335987949 374 6809746479272215084
HIT 3 1610630955245 375 1590612643016425486
HIT 3 1614925922541 376 12764835740968522110
HIT 3 1619220889837 377 3433294576394888973
HIT 3 1623515857133 378 2090527933454742973
HIT 3 1627810824429 379 4498611806922344842
HIT 3 1632105791725 380 11698527410968209578
HIT 3 1636400759021 381 11371128986554659501
HIT 3 1640695726317 382 12589537453772489600
HIT 3 1644990693613 383 2426736596082263529
HIT 3 1649285660909 384 6968064311960258576
HIT 3 1653580628205 385 17011957207115355549
HIT 3 1657875595501 386 9948370641159350082
HIT 3 1662170562797 387 4360562096963659917
HIT 3 1666465530093 388 7056447706804684779
HIT 3 1670760497389 389 7552687713041915130
HIT 3 1675055464685 390 4845265252981894845
HIT 3 1679350431981 391 12473719870532190388
HIT 3 1683645399277 392 14646105952001552326
HIT 3 1687940366573 393 682432580292823288
HIT 3 1692235333869 394 6021652284738770517
HIT 3 1696530301165 395 7294350648341845030
HIT 3 1700825268461 396 6071027565132425895
HIT 3 1705120235757 397 8060328616724525418
HIT 3 1709415203053 398 4743324222629062634
HIT 3 1713710170349 399 12144211835233885257
HIT 3 1718005137645 400 4591416705916203333
HIT 3 1722300104941 401 7555659725308395626
HIT 3 1726595072237 402 5123517752093933499
HIT 3 1730890039533 403 2260721293600166884
HIT 3 1735185006829 404 8989430207730254170
HIT 3 1739479974125 405 13931996481694982783
HIT 3 1743774941421 406 16664364477636703631
HIT 3 1748069908717 407 752352909808307959
HIT 3 1752364876013 408 1773318666458806295
HIT 3 1756659843309 409 3774189927840526438
HIT 3 1760954810605 410 4376495638612271710
HIT 3 1765249777901 411 17750204939986968030
HIT 3 1769544745197 412 13913157058479606026
HIT 3 1773839712493 413 14366230880424276812
HIT 3 1778134679789 414 12868733721937688142
HIT 3 1782429647085 415 1709465966859730226
HIT 3 1786724614381 416 1448612037117473863
HIT 3 1791019581677 417 2453624225914582962
HIT 3 1795314548973 418 7744594267289714525
HIT 3 1799609516269 419 17706852756630898097
HIT 3 1803904483565 420 2497399560693828592
HIT 3 1808199450861 421 4432077039942965747
HIT 3 1812494418157 422 17724656333105421354
HIT 3 1816789385453 423 17498147641741094533
HIT 3 1821084352749 424 5921411207953154990
HIT 3 1825379320045 425 12175183058557393265
HIT 3 1829674287341 426 15021996003706429063
HIT 3 1833969254637 427 9979817069927343650
HIT 3 1838264221933 428 4296692044731078061
HIT 3 1842559189229 429 3297329443207028218
HIT 3 1846854156525 430 2489084199931579066
HIT 3 1851149123821 431 4226760438474414436
HIT 3 1855444091117 432 17407410605199866886
HIT 3 1859739058413 433 1626922924256009799
HIT 3 1864034025709 434 8747870568776718506
HIT 3 1868328993005 435 15015641067121487424
HIT 3 1872623960301 436 14829012572000616656
HIT 3 1876918927597 437 12694051137950022257
HIT 3 1881213894893 438 13600956159417212643
HIT 3 1885508862189 439 17576978603529022851
HIT 3 1889803829485 440 7980871290259480454
HIT 3 1894098796781 441 10336766127835418363
HIT 3 1898393764077 442 2119590848003185054
HIT 3 1902688731373 443 9503236979462610614
HIT 3 1906983698669 444 2306786272458825558
HIT 3 1911278665965 445 270519499964932730
HIT 3 1915573633261 446 16834235727689141181
HIT 3 1919868600557 447 7910950187764722223
HIT 3 1924163567853 448 7390179956608088243
HIT 3 1928458535149 449 5735175982884879568
HIT 3 1932753502445 450 5907745828769655424
HIT 3 1937048469741 451 8607980869863085302
HIT 3 1941343437037 452 9009709206320851488
HIT 3 1945638404333 453 7728305555804886136
HIT 3 1949933371629 454 7337938114852654738
HIT 3 1954228338925 455 1562257562357675544
HIT 3 1958523306221 456 16638752323558675105
HIT 3 1962818273517 457 4616326916074814397
HIT 3 1967113240813 458 719115963947143585
HIT 3 1971408208109 459 7979927071865562125
HIT 3 1975703175405 460 16417271136336444828
HIT 3 1979998142701 461 12624765194277845322
HIT 3 1984293109997 462 10915476454583760486
HIT 3 1988588077293 463 3313073265475454167
HIT 3 1992883044589 464 17157689797091406120
HIT 3 1997178011885 465 4648671713344799257
HIT 3 2001472979181 466 3175893329353698476
HIT 3 2005767946477 467 13153762140179419647
HIT 3 2010062913773 468 16281884760156168118
HIT 3 2014357881069 469 17333802157537365571
HIT 3 2018652848365 470 17604920977326567145
HIT 3 2022947815661 471 12239516329512188007
HIT 3 2027242782957 472 995680182929725671
HIT 3 2031537750253 473 14043050927055520035
HIT 3 2035832717549 474 7930271083733230102
HIT 3 2040127684845 475 18442898325932405224
HIT 3 2044422652141 476 9547576793151525237
HIT 3 2048717619437 477 264808786043027915
HIT 3 2053012586733 478 16351217212979688247
HIT 3 2057307554029 479 14736884759775133647
HIT 3 2061602521325 480 3219696829368162964
HIT 3 2065897488621 481 3439783183550389971
HIT 3 2070192455917 482 709524919273766439
HIT 3 2074487423213 483 7113509264331768887
HIT 3 2078782390509 484 17960827741646999428
HIT 3 2083077357805 485 12036439081450797011
HIT 3 2087372325101 486 6128125551886661949
HIT 3 2091667292397 487 12652691290668115081
HIT 3 2095962259693 488 5805126696666205526
HIT 3 2100257226989 489 8151131777628638663
HIT 3 2104552194285 490 353872621382786310
HIT 3 2108847161581 491 7374044099106883491
HIT 3 2113142128877 492 3085646267860537196
HIT 3 2117437096173 493 1491914882113064589
HIT 3 2121732063469 494 16962734664967999586
HIT 3 2126027030765 495 18119672610573814996
HIT 3 2130321998061 496 17151994386905380554
HIT 3 2134616965357 497 17794271263187731517
HIT 3 2138911932653 498 3240779912456892234
HIT 3 2143206899949 499 9203060668701606231
HIT 3 2147501867245 500 2898655553851450410
HIT 3 2151796834541 501 12446004831437754755
HIT 3 2156091801837 502 18099257586039788504
HIT 3 2160386769133 503 15206174341120011574
HIT 3 2164681736429 504 14047396834601822165
HIT 3 2168976703725 505 372871262763221440
HIT 3 2173271671021 506 7075363703260157697
HIT 3 2177566638317 507 114799492439692508
HIT 3 2181861605613 508 7037154422530657510
HIT 3 2186156572909 509 3331689445232763933
HIT 3 2190451540205 510 3866115633933887948
HIT 3 2194746507501 511 2202291141443165358
HIT 3 1202609127661 280 4738878844329917251
HIT 3 1206904094957 281 7978539670546997680
HIT 3 1211199062253 282 13700738961664087083
HIT 3 2027242848493 472 9716652322660438467
HIT 3 2035832783085 474 13896170197114643462
HIT 3 2040127750381 475 4484296303449363125
HIT 3 2044422717677 476 8692141000388097425
HIT 3 2027242914029 472 3288367796703685019
HIT 3 2035832848621 474 14832209078778811440
HIT 3 2040127815917 475 13444382437062244976
HIT 3 2044422783213 476 7402986697778457760
HIT 3 1211199193325 282 319630151735760275
HIT 3 2035832914157 474 9063294353322955805
HIT 3 2035832979693 474 8638722133169870595
HIT 3 2035833045229 474 8270281967486877968
HIT 3 2035833110765 474 1628279915345073723
HIT 3 2035833176301 474 8337615304338027638
HIT 3 2035833241837 474 13623475357736889930
HIT 3 2035833307373 474 2968342770738244976
HIT 3 2035833372909 474 6200579875988364599
HIT 3 2035833438445 474 9040103273209443375
HIT 3 2035833503981 474 4496337157665420400
HIT 3 2035832717550 474 6781896341534341679
HIT 3 2035833569517 474 14820274279631149289
HIT 3 2035833635053 474 18287068182088197031
HIT 3 2035833700589 474 2701552692459747511
HIT 3 2035833766125 474 14317682046529946439
HIT 3 2035833831661 474 14694202116183308863
HIT 3 2035833897197 474 644798377599005580
HIT 3 2035833962733 474 14034599096899770965
HIT 3 2035834028269 474 17817461007223364558
HIT 3 2035834093805 474 10438089028361469422
HIT 3 2035834159341 474 16870039083125656657
HIT 3 2035834224877 474 13500411446423255824
HIT 3 2035834290413 474 18291544887283001494
HIT 3 2035834355949 474 6943319984731931304
HIT 3 2035834421485 474 777856880395060853
HIT 3 2035834487021 474 17436606243707217866
HIT 3 2035834552557 474 11314938275992093895
HIT 3 2035834618093 474 5189050534671654324
HIT 3 2035834683629 474 14944727166474613348
HIT 3 2035834749165 474 9245906887376212005
HIT 3 2035834814701 474 204785903344764187
HIT 3 2035834880237 474 16494695986899101311
HIT 3 2035834945773 474 10501326724419388176
HIT 3 2035835011309 474 4524384083150523668
HIT 3 2035835076845 474 1071688820030250033
HIT 3 2035835142381 474 9079183951093994405
HIT 3 2035835207917 474 3915984999866368359
HIT 3 2035835273453 474 356328903435912805
HIT 3 2035835338989 474 3373571695500388378
HIT 3 2035835404525 474 4130476880573983665
HIT 3 2035835470061 474 10847020247929820746
HIT 3 2035835535597 474 6375100951993937147
HIT 3 2035835601133 474 4471075901848632810
HIT 3 2035835666669 474 7999273402106222894
HIT 3 2035835732205 474 17254199857994081152
HIT 3 2035835797741 474 93792012630504895
HIT 3 2035835863277 474 11202122165588866825
HIT 3 2035835928813 474 12779418303665418193
HIT 3 2035835994349 474 14104087459688438793
HIT 3 2035836059885 474 16465717172182530236
HIT 3 2035836125421 474 7560881804748472795
HIT 3 2035836190957 474 11142428576270720931
HIT 3 2035836256493 474 5766232117274275278
HIT 3 2035836322029 474 17402701191004433969
HIT 3 2035836387565 474 394070432662159256
HIT 3 2035836453101 474 8081962653423275563
HIT 3 2035836518637 474 12966874605512194133
HIT 3 2035836584173 474 2351952616010683689
HIT 3 2035836649709 474 14942395305099454147
HIT 3 2035836715245 474 9839287469052194556
HIT 3 2035836780781 474 7879807090031259384
HIT 3 2035836846317 474 4892522294495780171
HIT 3 2035836911853 474 1304549861967323000
HIT 3 2035836977389 474 11777679055856029139
HIT 3 2035837042925 474 9835490400521005966
HIT 3 2035837108461 474 755405313955750413
HIT 3 2035837173997 474 1696667525949933613
HIT 3 2035837239533 474 13433248362382710505
HIT 3 2035837305069 474 13519499357983987093
HIT 3 2035837370605 474 8940436976847712732
HIT 3 2035837436141 474 15253346190111142617
HIT 3 2035837501677 474 14886868580529613997
HIT 3 2035837567213 474 12719237654957385909
HIT 3 2035837632749 474 4382518912412790505
HIT 3 2035837698285 474 15095507657500046263
HIT 3 2035837763821 474 2873526609310601291
HIT 3 2035837829357 474 5276625812570981820
HIT 3 2035837894893 474 15799416766672125839
HIT 3 2035837960429 474 10431882507131501483
HIT 3 2035838025965 474 12632134153317406711
HIT 3 2035838091501 474 12937674460424654258
HIT 3 2035838157037 474 5368674571770638335
HIT 3 2035838222573 474 990642862692109770
HIT 3 2035838288109 474 10039055734715817280
HIT 3 2035838353645 474 4897870229748716814
HIT 3 2035838419181 474 17340763874799860163
HIT 3 2035838484717 474 5168254780386940578
HIT 3 2035838550253 474 17326182017941825782
HIT 3 2035838615789 474 2876325076102018566
HIT 3 2035838681325 474 16606915220996309256
HIT 3 2035838746861 474 13623590109470719780
HIT 3 2035838812397 474 12356509184825085193
HIT 3 2035838877933 474 1444935539502147989
HIT 3 2035838943469 474 15951876744490785975
HIT 3 2035839009005 474 3871243561836781587
HIT 3 2035839074541 474 1521027579315549050
HIT 3 2035839140077 474 1105581536492720127
HIT 3 2035839205613 474 11904422691922395414
HIT 3 2035839271149 474 14689296753401837969
HIT 3 2035839336685 474 12295387233571287147
HIT 3 2044435562731 476 17918744858064746342
HIT 3 2035839402221 474 445103411226531755
HIT 3 2035839467757 474 12795106908263644269
HIT 3 2035839533293 474 5168283276855520370
HIT 3 2035839598829 474 10901602714130669132
HIT 3 2035839664365 474 4570701912035153006
HIT 3 2035839729901 474 15160457743004595063
HIT 3 2035839795437 474 11529434957300547144
HIT 3 2035839860973 474 17682163026039447468
HIT 3 2035839926509 474 2425941223769862966
HIT 3 2035839992045 474 8437574885157496428
HIT 3 2035840057581 474 8687097827288523835
HIT 3 2044435562732 476 5806333595967202522
HIT 3 2035840123117 474 1848032378342282864
HIT 3 2035840188653 474 8591107895884573359
HIT 3 2035840254189 474 14060989242154269431
HIT 3 2035840319725 474 17163169116976903344
HIT 3 2035840385261 474 13800050317192090421
HIT 3 2035840450797 474 17716216224327213585
HIT 3 2035840516333 474 4334740027446999721
HIT 3 2035840581869 474 16030995656766828216
HIT 3 2035840647405 474 5691969534225135703
HIT 3 2035840712941 474 16369172892393531788
HIT 3 2035840778477 474 12907168265861209879
HIT 3 2035840844013 474 12211675257236302757
HIT 3 2035840909549 474 1971244403578364634
HIT 3 2035840975085 474 3205688285913298128
HIT 3 2035841040621 474 3381385023685075135
HIT 3 2035841106157 474 4460769758537512406
HIT 3 2035841171693 474 12952646316906038608
HIT 3 2035841237229 474 17380889224984156716
HIT 3 2035841302765 474 12174154271799447199
HIT 3 2035841368301 474 10776270884781866752
HIT 3 2035841433837 474 17825492837901708453
HIT 3 2035841499373 474 17744298249847104544
HIT 3 2035841564909 474 9121767755495469804
HIT 3 2035841630445 474 13378920177332489493
HIT 3 2035841695981 474 9145620984177108875
HIT 3 2035841761517 474 14499378449895621906
HIT 3 2035841827053 474 4100428065420160221
HIT 3 2035841892589 474 4754418941381761985
HIT 3 2035841958125 474 6685078095203858207
HIT 3 2035842023661 474 9050726414938721937
HIT 3 2035842089197 474 2394593547859581600
HIT 3 2035842154733 474 10031574298718802653
HIT 3 2035842220269 474 9427490051901190614
HIT 3 2035842285805 474 1786886606385686485
HIT 3 2035842351341 474 17285866144954388850
HIT 3 2035842416877 474 16527674977348024481
HIT 3 2035842482413 474 4345074449483323743
HIT 3 2035842547949 474 7535141153133422933
HIT 3 2035842613485 474 17815841420606903125
HIT 3 2035842679021 474 3025514172813606927
HIT 3 2035842744557 474 9630966294851959373
HIT 3 2035842810093 474 6539689195053055663
HIT 3 2035842875629 474 15367205992030444081
HIT 3 2035842941165 474 2559892764594483323
HIT 3 2035843006701 474 6039034967860189805
HIT 3 2035843072237 474 9791609671219340975
HIT 3 2035843137773 474 12599222079812745578
HIT 3 2035843203309 474 9315878395565382584
HIT 3 2035843268845 474 2420902104670558610
HIT 3 2035843334381 474 12183262360916442753
HIT 3 2035843399917 474 10164963166720514183
HIT 3 2035843465453 474 1342429913130633160
HIT 3 2035843530989 474 11160048970942877701
HIT 3 2035843596525 474 2530184236103697389
HIT 3 2035843662061 474 4511219473941938104
HIT 3 2035843727597 474 4765884330764270526
HIT 3 2035843793133 474 8690814967615620546
HIT 3 2035843858669 474 14972267175273305394
HIT 3 2035843924205 474 1868559503791725182
HIT 3 2035843989741 474 11571648653189424855
HIT 3 2035844055277 474 6406235377404810963
HIT 3 2035844120813 474 16193426471427234683
HIT 3 2035844186349 474 7101253023169287830
HIT 3 2035844251885 474 10958913916340215332
HIT 3 2035844317421 474 16589711551111013706
HIT 3 2035844382957 474 5787888621094070866
HIT 3 2035844448493 474 9250611926285047470
HIT 3 2035844514029 474 432029280147064118
HIT 3 2035844579565 474 10103564719338165256
HIT 3 2035844645101 474 7033894537126191687
HIT 3 2035844710637 474 17358875475414975782
HIT 3 2035844776173 474 12847777454652348012
HIT 3 2035844841709 474 5600234688470471796
HIT 3 2035844907245 474 12633146881730970706
HIT 3 2035844972781 474 1017217544380774320
HIT 3 2035845038317 474 2631009625888593425
HIT 3 2035845103853 474 9015055273592770513
HIT 3 2035845169389 474 3105062339353865084
HIT 3 2035845234925 474 14832077405655494699
HIT 3 2027255365869 472 7013358526498876936
HIT 3 2035845300461 474 17710692988075922865
HIT 3 2035845365997 474 7013358526498876936
HIT 3 2035845431533 474 10889961448925354754
HIT 3 2035845497069 474 683177821894162604
HIT 3 2044435431661 476 10889961448925354754
HIT 3 2044435497197 476 7052267280641479680
HIT 3 2048730464493 477 6994838661071902209
HIT 3 2053025431789 478 3480346849087421133
HIT 3 2057320399085 479 15842476763115091704
HIT 3 2061615366381 480 5194496467379093245
HIT 3 2065910333677 481 14087327222874688150
HIT 3 2070205300973 482 40269365622177790
HIT 3 2074500268269 483 7951382660005103781
HIT 3 2078795235565 484 8021478086000516996
HIT 3 2083090202861 485 16435943091968745957
HIT 3 2087385170157 486 6052044642423974372
HIT 3 2091680137453 487 17042932399256038199
HIT 3 2095975104749 488 18163682929324624518
HIT 3 2100270072045 489 13813453174567944612
HIT 3 2104565039341 490 18438926921974201822
HIT 3 2108860006637 491 3924826531087251478
HIT 3 2113154973933 492 8958690195903406907
HIT 3 2117449941229 493 12483512572084340267
HIT 3 2121744908525 494 14633220566674471741
HIT 3 2126039875821 495 11065116312355742945
HIT 3 2130334843117 496 11184224865903785690
HIT 3 2134629810413 497 12216941199263393201
HIT 3 2138924777709 498 3786090668405535506
HIT 3 2143219745005 499 7850178583911024376
HIT 3 2147514712301 500 1795193062058154995
HIT 3 2151809679597 501 6513117833072355937
HIT 3 2156104646893 502 10427635747776273149
HIT 3 2160399614189 503 18027876083528625794
HIT 3 2164694581485 504 7723364500195978454
HIT 3 2168989548781 505 16938935401165307769
HIT 3 2173284516077 506 15706115368305821694
HIT 3 2177579483373 507 12202076396688073144
HIT 3 2181874450669 508 1584561109799459977
HIT 3 2186169417965 509 5738086344452236739
HIT 3 2190464385261 510 6486995442693329050
HIT 3 2194759352557 511 9585839550352815011
HIT 3 2044435562733 476 6626051454222423880
HIT 3 2048730530029 477 15842476763115091704
HIT 3 2053025497325 478 7052267280641479680
HIT 3 2053025628397 478 13004508638617082878
HIT 3 2035832586479 474 11165957003595949264
HIT 3 2027242782959 472 14261245454642797900
HIT 3 2035832717551 474 5969490860183777475
HIT 3 2040127684847 475 14063946873230968384
HIT 3 2044422652143 476 12140500154915961537
HIT 3 1202609127663 280 11648065699622599755
HIT 3 2035832783087 474 8227409736230527919
HIT 3 2035832848623 474 17556042692851257902
HIT 3 2035832717552 474 6013931235555395046
HIT 3 2035832717553 474 604280862329522095
HIT 3 2035832717554 474 15428697165571702701
HIT 3 2044435562735 476 8662399840302262941
HIT 3 2035832717557 474 7197841793641225696
HIT 3 2035832717556 474 14842703459522244379
HIT 3 2035832717555 474 17321105662846360879
HIT 3 2035832717558 474 16605217868286940914
HIT 3 2035832717559 474 1017732598015397271
HIT 3 2035832717560 474 2530279200195481456
HIT 3 2035832717561 474 7770342673629195585
HIT 3 2035832717562 474 15176789951530160337
HIT 3 2035832717563 474 9019615480102728877
HIT 3 2035832717565 474 4156258744661827333
HIT 3 2035832717564 474 6501585683899899341
HIT 3 2035832717566 474 17933135394325379517
HIT 3 2035832717567 474 11443889174875866814
HIT 3 2035832717568 474 18010091565193458567
HIT 3 2035832717569 474 1492114365048475965
HIT 3 2035832717570 474 9610824218790861720
HIT 3 2035832717571 474 15430570867382660768
HIT 3 2035832717572 474 17691938741629072226
HIT 3 2035832717573 474 995026344454947621
HIT 3 2035832717574 474 17236677166367920181
HIT 3 2035832717576 474 3185939841023902472
HIT 3 2035832717575 474 6996243586090656953
HIT 3 2035832717577 474 4344974195514903229
HIT 3 2035832717578 474 15907015599024470310
HIT 3 2035832717579 474 13469900367947236259
HIT 3 2035832717580 474 12805227956881451386
HIT 3 2035832717581 474 9022845733353318891
HIT 3 2035832717583 474 16323876056901107298
HIT 3 2035832717582 474 8345464660620437377
HIT 3 2035832717584 474 11264190421631227011
HIT 3 2035832717585 474 3297921879501250359
HIT 3 2035832586514 474 17349910979627361975
HIT 3 2035832717586 474 12351894763438817593
HIT 3 2035832717587 474 17349910979627361975
HIT 3 2035832717588 474 784778091562377222
HIT 3 2044435562772 476 5545362545960951984
HIT 3 2035832717589 474 5545362545960951984
HIT 3 2035832848661 474 784778091562377222
HIT 3 2035832848662 474 8760069678849403499
HIT 3 2035832914198 474 2389207544398590160
HIT 3 2035832979734 474 11056285402966261396
HIT 3 2035833045270 474 9519498384942720991
HIT 3 2035833110806 474 3999185919197147938
HIT 3 2035833176342 474 12188197657988875412
HIT 3 2035833241878 474 6665812354674519260
HIT 3 2035833307414 474 2858230890019896644
HIT 3 2035833372950 474 2953088324755836866
HIT 3 2035833438486 474 15497783774003918159
HIT 3 2027242914071 472 5571936311687041882
HIT 3 2035832848663 474 13459772940942707458
HIT 3 2040127815959 475 2918522309978562965
HIT 3 2044422783255 476 13554978057019117986
HIT 3 1211199193367 282 12407702075643799453
HIT 3 2035832914199 474 9519498384942720991
HIT 3 2035832979735 474 8760069678849403499
HIT 3 2035833504022 474 11404522259617738825
HIT 3 2035833569558 474 15081059444343476956
HIT 3 2035833635094 474 4598965468851370902
HIT 3 2035833700630 474 5372923996971354505
HIT 3 2035833766166 474 2869981563036710458
HIT 3 2035833831702 474 6489128479739429888
HIT 3 2035833897238 474 15207928492143373350
HIT 3 2035833962774 474 6883373602814388168
HIT 3 2035834028310 474 13302360421516939827
HIT 3 2035834093846 474 18284522269503454003
HIT 3 2035834159382 474 17033564087190849544
HIT 3 2035834224918 474 8058413354529470654
HIT 3 2035834290454 474 330594518154715813
HIT 3 2035834355990 474 15841703428967320147
HIT 3 2035834421526 474 14419301012832748098
HIT 3 2035834487062 474 13671941300337783186
HIT 3 2035834552598 474 12395031857840496227
HIT 3 2035834618134 474 7589528276873530988
HIT 3 2035834683670 474 12333976940190460129
HIT 3 2035834749206 474 12150616694580490439
HIT 3 2035834814742 474 16123110875720151033
HIT 3 2035834880278 474 6114417420730330129
HIT 3 2035834945814 474 17614280765696229742
HIT 3 2035835011350 474 5762958480643052762
HIT 3 2035835076886 474 10080527485019415580
HIT 3 2035835142422 474 11727422182289496703
HIT 3 2035835207958 474 14771298846167449383
HIT 3 2035835273494 474 10433904273368608453
HIT 3 2035835339030 474 14877969507138963409
HIT 3 2035835404566 474 13270342331579536052
HIT 3 2035835470102 474 14287637639769286389
HIT 3 2035835535638 474 4511324865638254027
HIT 3 2035835601174 474 488986121363507913
HIT 3 2035835666710 474 7194123046760874081
HIT 3 2035835732246 474 11624735238716568547
HIT 3 2035835797782 474 5884005144816097528
HIT 3 2035835863318 474 15940964797644983411
HIT 3 2035835928854 474 14878698142537051287
HIT 3 2035835994390 474 8913096343335431282
HIT 3 2035836059926 474 10298727974646414694
HIT 3 2035836125462 474 6499405480841432250
HIT 3 2035836190998 474 9965675924693690596
HIT 3 2035836256534 474 35737945886648261
HIT 3 2035836322070 474 1515770816249224881
HIT 3 2035836387606 474 17651994056474549253
HIT 3 2035836453142 474 10147444941320443519
HIT 3 2035836518678 474 1476827599162185968
HIT 3 2035832979737 474 15763069177895498083
HIT 3 2035836584214 474 273109839632175529
HIT 3 2035836649750 474 17930239244630800925
HIT 3 2035836715286 474 9284041193036383523
HIT 3 2035836780822 474 4588837859654243210
HIT 3 2035836846358 474 8944771192791253755
HIT 3 2035836911894 474 12980196323088155001
HIT 3 2035836977430 474 6282568964768820616
HIT 3 2035837042966 474 8988249406315966008
HIT 3 2035837108502 474 1299434277186802038
HIT 3 2035837174038 474 17986514458511306077
HIT 3 2035837239574 474 15195057571197574432
HIT 3 2035837305110 474 2505545171357952678
HIT 3 2035837370646 474 6946554562553138699
HIT 3 2035837436182 474 384197599575299481
HIT 3 2035837501718 474 2288425662793632713
HIT 3 2035837567254 474 11125008596015598451
HIT 3 2035837632790 474 3118749614593577278
HIT 3 2035837698326 474 17343557893591307409
HIT 3 2035837763862 474 13882849406577323450
HIT 3 2035837829398 474 8684796842087582966
HIT 3 2035837894934 474 5917506341514475896
HIT 3 2035837960470 474 7525446782574509036
HIT 3 2035838026006 474 15343336487543117743
HIT 3 2035838091542 474 17471340251604540849
HIT 3 2035838157078 474 13848079668129630144
HIT 3 2035838222614 474 7393447331156102346
HIT 3 2035838288150 474 5847311698449126787
HIT 3 2035838353686 474 17034267535748235518
HIT 3 2035838419222 474 14240005765426565284
HIT 3 2035838484758 474 2492227463923902404
HIT 3 2035838550294 474 6691807278380206292
HIT 3 2035838615830 474 3670961320270419723
HIT 3 2035838681366 474 15888167052118827377
HIT 3 2035838746902 474 8423579868086531002
HIT 3 2035838812438 474 2175332722416305627
HIT 3 2035838877974 474 16301022905198310478
HIT 3 2035838943510 474 18248783175609349198
HIT 3 2035839009046 474 14128749793303914335
HIT 3 2035839074582 474 4777675686706870470
HIT 3 2035839140118 474 6867887045362712724
HIT 3 2035839205654 474 3964662847011713332
HIT 3 2035839271190 474 11897939445248099573
HIT 3 2035839336726 474 10169755394716194479
HIT 3 2035839402262 474 16556898448963484566
HIT 3 2035839467798 474 16025402026025057495
HIT 3 2035839533334 474 8682736166154787843
HIT 3 2035839598870 474 4315133999887888310
HIT 3 2035839664406 474 16594665947750966429
HIT 3 2035839729942 474 5705234878027036997
HIT 3 2035839795478 474 5141044477808531617
HIT 3 2035839861014 474 3013647503792364029
HIT 3 2035839926550 474 9759733583369880958
HIT 3 2035839992086 474 8825601605088580074
HIT 3 2035840057622 474 3975371468934753262
HIT 3 2035840123158 474 1094066703858170863
HIT 3 2035840188694 474 13980586807616911832
HIT 3 2035840254230 474 2761339349943241889
HIT 3 2035840319766 474 1556562451280088209
HIT 3 2035840385302 474 1111321922761510900
HIT 3 2035840450838 474 11522538787858894707
HIT 3 2035840516374 474 5770953107212823560
HIT 3 2035840581910 474 7107002988082414044
HIT 3 2044435562776 476 15763069177895498083
HIT 3 2035840647446 474 8201481948538597869
HIT 3 2035840712982 474 5252712544007342376
HIT 3 2035840778518 474 9449098111978747254
HIT 3 2035840844054 474 11354506738087259337
HIT 3 2035840909590 474 15956904908489344503
HIT 3 2035840975126 474 2444544011556149845
HIT 3 2035841040662 474 961391026682692831
HIT 3 2035841106198 474 4420500348515261582
HIT 3 2035841171734 474 18159564372242008448
HIT 3 2035841237270 474 4119709630141892714
HIT 3 2035841302806 474 5523005994092891465
HIT 3 2035841368342 474 12882720269345524928
HIT 3 2035841433878 474 17127228198766734473
HIT 3 2035841499414 474 8316082354072180549
HIT 3 2035841564950 474 10791703390182149736
HIT 3 2035841630486 474 10822821868827158619
HIT 3 2035841696022 474 15198025787077192733
HIT 3 2035841761558 474 4525330190129943438
HIT 3 2035841827094 474 4347986733460489204
HIT 3 2035841892630 474 9018096325343908986
HIT 3 2035841958166 474 9903054497692606191
HIT 3 2035842023702 474 17823682683978809804
HIT 3 2035842089238 474 16974740536823623551
HIT 3 2035842154774 474 14877564724218969048
HIT 3 2035842220310 474 7076592121999445601
HIT 3 2035842285846 474 5404467869208641471
HIT 3 2035842351382 474 10411234315412593027
HIT 3 2035842416918 474 9776394402211798495
HIT 3 2035842482454 474 5828658818245100562
HIT 3 2035842547990 474 10982087962852846877
HIT 3 2035842613526 474 17389060423119337366
HIT 3 2035842679062 474 14115332209594058113
HIT 3 2035842744598 474 5776129535577528746
HIT 3 2035842810134 474 1086006331927659199
HIT 3 2035842875670 474 5787171637113503507
HIT 3 2035842941206 474 18075320010548225401
HIT 3 2035843006742 474 4290584672478070765
HIT 3 2035843072278 474 13159752724949978857
HIT 3 2035843137814 474 14722319075636363
HIT 3 2035843203350 474 18198191823928904870
HIT 3 2035843268886 474 18283152177421282564
HIT 3 2035843334422 474 13638593688224099985
HIT 3 2035843399958 474 13019912080350949464
HIT 3 2035843465494 474 16090201493251796577
HIT 3 2035843531030 474 10942235223028541361
HIT 3 2035843596566 474 8862138194596019658
HIT 3 2035843662102 474 4082866184094993843
HIT 3 2035843727638 474 7422156476233591147
HIT 3 2035843793174 474 9372721026055518831
HIT 3 2035843858710 474 12556502516144662750
HIT 3 2035843924246 474 3755281882572973392
HIT 3 2035843989782 474 10914809607275083196
HIT 3 2035844055318 474 1738122586937678804
HIT 3 2035844120854 474 18034657368661386279
HIT 3 2035844186390 474 16576339252443835873
HIT 3 2035844251926 474 12047476245007581124
HIT 3 2035844317462 474 10822923800479307781
HIT 3 2044435562775 476 2389207544398590160
HIT 3 2035844382998 474 1406136320599688959
HIT 3 2035844448534 474 13888139877530129878
HIT 3 2035844514070 474 7723880790356742406
HIT 3 2035844579606 474 10519702992740736357
HIT 3 2035844645142 474 8482091289679522899
HIT 3 2035844710678 474 5526139779970669079
HIT 3 2035844776214 474 16733944882076463524
HIT 3 2035844841750 474 8551732303023163236
HIT 3 2035844907286 474 2801761858171304810
HIT 3 2035844972822 474 4123479726963412574
HIT 3 2035845038358 474 1343649755840108383
HIT 3 2035845103894 474 16650989596857890395
HIT 3 2035845169430 474 7386115126567357531
HIT 3 2035845234966 474 9793787198210183316
HIT 3 2027255365910 472 13245516703211212085
HIT 3 2035845300502 474 6473082777272627720
HIT 3 2035845366038 474 13245516703211212085
HIT 3 2035845431574 474 8866284484501979568
HIT 3 2035845497110 474 5571936311687041882
HIT 3 2044435431702 476 8866284484501979568
HIT 3 2044435497238 476 752267115427768284
HIT 3 2048730464534 477 2918522309978562965
HIT 3 2053025431830 478 18180194519948972309
HIT 3 2057320399126 479 12540369985133226554
HIT 3 2061615366422 480 12882754185398013172
HIT 3 2065910333718 481 16946576145562384238
HIT 3 2070205301014 482 1302053007253121963
HIT 3 2074500268310 483 541588571434664671
HIT 3 2078795235606 484 1519338780900063962
HIT 3 2083090202902 485 617383074644219059
HIT 3 2087385170198 486 7174305734030074775
HIT 3 2091680137494 487 14892310316967667846
HIT 3 2095975104790 488 5876636934819422614
HIT 3 2100270072086 489 15659547928052598801
HIT 3 2104565039382 490 18005794316089959253
HIT 3 2108860006678 491 12151302105992544751
HIT 3 2113154973974 492 13968707104870917269
HIT 3 2117449941270 493 16163208931869286803
HIT 3 2121744908566 494 1067907964589760870
HIT 3 2126039875862 495 16121707264821468829
HIT 3 2130334843158 496 4958171074406204464
HIT 3 2134629810454 497 691187895911887216
HIT 3 2138924777750 498 13226582349142790516
HIT 3 2143219745046 499 12336806974413172032
HIT 3 2147514712342 500 7445564942009558093
HIT 3 2151809679638 501 15083430620364952365
HIT 3 2156104646934 502 8890647837657722221
HIT 3 2160399614230 503 5190444622461114575
HIT 3 2164694581526 504 17272195128337730925
HIT 3 2168989548822 505 2555233935358592457
HIT 3 2173284516118 506 7156902656912604517
HIT 3 2177579483414 507 2640733447740278096
HIT 3 2181874450710 508 15560891943556982205
HIT 3 2186169418006 509 15768439514990432699
HIT 3 2190464385302 510 6842910937954016503
HIT 3 2194759352598 511 11722769549764850444
HIT 3 2044435562774 476 13459772940942707458
HIT 3 2048730530070 477 12540369985133226554
HIT 3 2053025497366 478 752267115427768284
HIT 3 2053025628438 478 13554978057019117986
HIT 3 2053025628635 478 17547936026040539294
DONE data/p_2p256.txt sz=3 range=[0,512) n=22108160 zero=0 19.8s
