HIT 1 39 39 8301652504356584100
HIT 1 111 111 971113117029889601
HIT 1 267 267 12268709231974890128
HIT 1 403 403 14283313488054621710
HIT 1 485 485 17391122902309681446
DONE data/p_n_a55.txt sz=1 range=[0,512) n=512 zero=0 0.1s
HIT 2 2687014 41 8301652504356584100
HIT 2 7274534 111 2185652711506860770
HIT 2 7143463 109 13370330850281081811
HIT 2 7208999 110 17795076571792333411
HIT 2 7274535 111 16990082772728512122
HIT 2 7405607 113 16798961431125789437
HIT 2 17498150 267 926565291716435805
HIT 2 17367079 265 1521796835837426872
HIT 2 17432615 266 6391605290646792307
HIT 2 17498151 267 4239151339904881574
HIT 2 17629223 269 7730590865371025337
HIT 2 26411046 403 5650663537596767630
HIT 2 26279975 401 1138109026407770984
HIT 2 26345511 402 3393574860941602214
HIT 2 26411047 403 18222469832696750284
HIT 2 26542119 405 8344739356843363847
HIT 2 31784998 485 2181017085079607071
HIT 2 31653927 483 10133123887068127467
HIT 2 31719463 484 15490076968923977319
HIT 2 31784999 485 10989612419692770722
HIT 2 31916071 487 4836464977839167783
HIT 2 7274537 111 17185454420006600035
HIT 2 17498153 267 16789613381098806170
HIT 2 7274533 111 969898558914344707
HIT 2 17498149 267 1304537662527483072
HIT 2 26411045 403 11195508454895578985
HIT 2 31784997 485 6622089301363002673
HIT 2 26411049 403 12377491408971299413
HIT 2 31785001 485 12863559821679609584
HIT 2 17498221 267 2127120058544672744
HIT 2 26411117 403 16263310557615618095
HIT 2 31785069 485 7737490115202019595
HIT 2 7405678 113 971113117029889601
HIT 2 17367151 265 16224574146599675516
HIT 2 17432687 266 942633054406225646
HIT 2 17498223 267 3356626142312437520
HIT 2 17629295 269 14840868716725816301
HIT 2 26280047 401 18054516999797847979
HIT 2 26345583 402 2776595349386990447
HIT 2 17498222 267 14475298379551164714
HIT 2 26411119 403 15331231456273095450
HIT 2 26542191 405 6066782219240929174
HIT 2 31653999 483 11435848763335915327
HIT 2 31719535 484 10985202400083374755
HIT 2 31785071 485 3845940803831933976
HIT 2 31916143 487 5012926638042965995
HIT 2 26411118 403 16293901392387971033
HIT 2 31785070 485 13068759280513419780
HIT 2 17498225 267 15784921959770559011
HIT 2 26411121 403 18293145097330107742
HIT 2 31785073 485 17952895375081514031
HIT 2 26411273 403 18116965088439496136
HIT 2 31785225 485 12493058875825845718
HIT 2 17629450 269 12268709231974890128
HIT 2 26411274 403 6542618284006154128
HIT 2 31785226 485 5729403231265980949
HIT 2 26280203 401 4342272815347693296
HIT 2 26345739 402 2733436799214286483
HIT 2 26411275 403 6389573359711556481
HIT 2 26542347 405 14320030040071877109
HIT 2 31654155 483 365926941793048372
HIT 2 31719691 484 15199223906236274969
HIT 2 31785227 485 5789229277625097668
HIT 2 31916299 487 13557020502148385295
HIT 2 26411277 403 13137845235542461061
HIT 2 31785229 485 10628160496803816786
HIT 2 31785361 485 16199571395019511779
HIT 2 26542482 405 14283313488054621710
HIT 2 31785362 485 6949693119087413844
HIT 2 31654291 483 11613018075161330565
HIT 2 31719827 484 2371807713795000253
HIT 2 31785363 485 208397770382026708
HIT 2 31916435 487 3178241965923991101
HIT 2 31785365 485 12006238014878521755
HIT 2 31916516 487 17391122902309681446
DONE data/p_n_a55.txt sz=2 range=[0,512) n=130560 zero=0 0.4s
HIT 3 476743925760 111 7167798445577007775
HIT 3 1146758823936 267 18154036662201090130
HIT 3 1730874376192 403 7100890395497721041
HIT 3 2083061694464 485 17460060934381100560
HIT 3 476743925762 111 13184719217011907625
HIT 3 1146758823938 267 14408547007368860949
HIT 3 1730874376194 403 17157176161972670351
HIT 3 2083061694466 485 18304113650483546391
HIT 3 476743925763 111 1336231037270428544
HIT 3 1146758823939 267 6681404539224273622
HIT 3 1730874376195 403 5946443735874910802
HIT 3 2083061694467 485 10667818309071203469
HIT 3 476743925761 111 6102189874152220163
HIT 3 1146758823937 267 857082133463160538
HIT 3 1730874376193 403 15024428185718276541
HIT 3 2083061694465 485 2393861057985776531
HIT 3 1146763542528 267 5078090617442934271
HIT 3 1146763542530 267 734315865227794089
HIT 3 1730879094786 403 4079545193399764999
HIT 3 2083066413058 485 6676344680494558554
HIT 3 1146763542531 267 17072692500791569118
HIT 3 1730879094787 403 7880365748871785149
HIT 3 2083066413059 485 11513063699666830411
HIT 3 1146763542529 267 17482229632036311094
HIT 3 1730879094785 403 3022378703001554846
HIT 3 2083066413057 485 3477097871394072200
HIT 3 1730879094784 403 9012478189047717611
HIT 3 2083066413056 485 8192395497156750222
HIT 3 1730889318402 403 15266425186480824653
HIT 3 2083076636674 485 16598219423443016220
HIT 3 1730889318401 403 11527566350902052047
HIT 3 2083076636673 485 468752262041427090
HIT 3 1730889318400 403 4422892978965838111
HIT 3 2083076636672 485 5384238518698720540
HIT 3 1730889318403 403 15833796898507038672
HIT 3 2083076636675 485 15069916055756387408
HIT 3 2083085549568 485 16085175574349999485
HIT 3 2083085549569 485 9530000902785851177
HIT 3 2083085549570 485 3130190961616892293
HIT 3 2083085549571 485 16432891800044573985
HIT 3 476743925764 111 12258916633595614347
HIT 3 1146758823940 267 7031717542640494088
HIT 3 1730874376196 403 3111570092125247424
HIT 3 2083061694468 485 16474824609548470259
HIT 3 476743925766 111 1270121897570647954
HIT 3 1146758823942 267 12807586740005482941
HIT 3 1730874376198 403 3608429168893475844
HIT 3 2083061694470 485 11832990495380806569
HIT 3 476743925765 111 12147019453658469028
HIT 3 1146758823941 267 17799136598784840233
HIT 3 1730874376197 403 6993869564006684020
HIT 3 2083061694469 485 929269562178051214
HIT 3 476743925767 111 13037350356561796394
HIT 3 1146758823943 267 9851059213534079439
HIT 3 1730874376199 403 17421756133932481192
HIT 3 2083061694471 485 9774078801174137938
HIT 3 1146763542532 267 9179702981854778889
HIT 3 1730879094788 403 4817575398039736236
HIT 3 2083066413060 485 13992340793309717459
HIT 3 1146763542533 267 7489137067005025958
HIT 3 1730879094789 403 16177328860030380458
HIT 3 2083066413061 485 9034934732146192815
HIT 3 1146763542534 267 13940865956949446236
HIT 3 1730879094790 403 9558997599837793142
HIT 3 2083066413062 485 12884532670807676435
HIT 3 1146763542535 267 15185187085806781983
HIT 3 1730879094791 403 9739540268483544909
HIT 3 2083066413063 485 14633931384900942610
HIT 3 1730889318404 403 18000346009375039811
HIT 3 2083076636676 485 16901838095946746262
HIT 3 2083085549572 485 6049488053526832335
HIT 3 1730889318406 403 17690597313275292065
HIT 3 2083076636678 485 16777019132797708845
HIT 3 1730889318407 403 1144281849409889777
HIT 3 2083076636679 485 9630169295202353180
HIT 3 1730889318405 403 13540911733563129349
HIT 3 2083076636677 485 17084287701624233970
HIT 3 476743925768 111 3004698654406278739
HIT 3 1146758823944 267 255832947122459754
HIT 3 1730874376200 403 15777601766412434466
HIT 3 2083061694472 485 14183128826480222758
HIT 3 2083085549574 485 16483193463357440618
HIT 3 2083085549573 485 12381650833698473403
HIT 3 2083085549575 485 16532153460304092120
HIT 3 476743925770 111 7413806855405779387
HIT 3 1146758823946 267 1691355627832717005
HIT 3 1730874376202 403 9329398702549642682
HIT 3 2083061694474 485 10353311163722984168
HIT 3 476743925769 111 444234709187763897
HIT 3 1146758823945 267 1054590502044539894
HIT 3 1730874376201 403 10471112604975439147
HIT 3 2083061694473 485 15466193921815006521
HIT 3 1146763542536 267 4677855318200855021
HIT 3 1730879094792 403 7422525067807278493
HIT 3 2083066413064 485 1892045486188821822
HIT 3 476743925771 111 10321980624640774874
HIT 3 1146758823947 267 18158842203628594745
HIT 3 1730874376203 403 9294761049128359779
HIT 3 2083061694475 485 13816416061751041016
HIT 3 1146763542537 267 7855354720416675223
HIT 3 1730879094793 403 13756717605400363262
HIT 3 2083066413065 485 5077881390337727439
HIT 3 1146763542538 267 6131656067677620400
HIT 3 1730879094794 403 11634744729540247517
HIT 3 2083066413066 485 15650648227606226863
HIT 3 1146763542539 267 12117827674880548373
HIT 3 1730879094795 403 11741609590971802932
HIT 3 2083066413067 485 6670983556040433453
HIT 3 1730889318408 403 216448069579007778
HIT 3 2083076636680 485 7652520587040045008
HIT 3 2083085549576 485 15635158673108894327
HIT 3 1730889318409 403 17754868766739565421
HIT 3 2083076636681 485 6824142368676852604
HIT 3 1730889318410 403 2364287200506868046
HIT 3 2083076636682 485 7056916199315332475
HIT 3 1730889318411 403 9444420358784979061
HIT 3 2083076636683 485 12937528956470066578
HIT 3 476743925772 111 4543281603589953795
HIT 3 1146758823948 267 12621543432133262275
HIT 3 1730874376204 403 13467218668109327267
HIT 3 2083061694476 485 1325347417243431917
HIT 3 2083085549578 485 409300739366227328
HIT 3 2083085549577 485 3376652783747088364
HIT 3 2083085549579 485 16889105536500603766
HIT 3 1146763542540 267 8427605449009400580
HIT 3 1730879094796 403 16983362950876667049
HIT 3 2083066413068 485 1709385327917738693
HIT 3 476743925773 111 14790465715840433756
HIT 3 1146758823949 267 7299531671310842635
HIT 3 1730874376205 403 1453839672108072613
HIT 3 2083061694477 485 18117829115120521656
HIT 3 476743925774 111 17094210270529812315
HIT 3 1146758823950 267 3843125074458078402
HIT 3 1730874376206 403 7489781341466995613
HIT 3 2083061694478 485 461173784045028439
HIT 3 476743925775 111 2270374588978911770
HIT 3 1146758823951 267 10057820634048021752
HIT 3 1730874376207 403 976794614489179775
HIT 3 2083061694479 485 666538215842137699
HIT 3 1146763542541 267 3049911524825561047
HIT 3 1730879094797 403 7492900104898458623
HIT 3 2083066413069 485 15997933162557594882
HIT 3 1146763542542 267 4446320020089756319
HIT 3 1730879094798 403 15034848626470698424
HIT 3 2083066413070 485 16144226981698613333
HIT 3 1146763542543 267 10608659171645317135
HIT 3 1730879094799 403 8286390952475110767
HIT 3 2083066413071 485 2402444575019272317
HIT 3 1730889318412 403 16491342934058256229
HIT 3 2083076636684 485 6684664639729025028
HIT 3 2083085549580 485 3256458812602490111
HIT 3 1730889318413 403 4895417533356204442
HIT 3 2083076636685 485 16347717616037052392
HIT 3 476743925776 111 14541579005177035084
HIT 3 1146758823952 267 9100853915951125389
HIT 3 1730874376208 403 17613557615213979692
HIT 3 2083061694480 485 12793689535976661656
HIT 3 1730889318414 403 12062030938357539569
HIT 3 2083076636686 485 5491208294857678269
HIT 3 2083085549581 485 5011494713737981568
HIT 3 1730889318415 403 13316455062624830324
HIT 3 2083076636687 485 8266398348327952355
HIT 3 476743925777 111 13723975917513900825
HIT 3 1146758823953 267 464909534783009758
HIT 3 1730874376209 403 6945616177877592010
HIT 3 2083061694481 485 11709190287375643439
HIT 3 1146763542544 267 370846452659234530
HIT 3 1730879094800 403 2037320583581434155
HIT 3 2083066413072 485 13920287624142729259
HIT 3 2083085549582 485 1285868656930552736
HIT 3 2083085549583 485 5141878222773285390
HIT 3 476743925778 111 6268138677664569665
HIT 3 1146758823954 267 141050230703094757
HIT 3 1730874376210 403 567185879700931776
HIT 3 2083061694482 485 17537352438466336514
HIT 3 1146763542545 267 12459741014966191169
HIT 3 1730879094801 403 17083499698857073144
HIT 3 2083066413073 485 7221348204272235290
HIT 3 476743925779 111 5596215703795315126
HIT 3 1146758823955 267 16890290234023842502
HIT 3 1730874376211 403 829996904158681564
HIT 3 2083061694483 485 14176433007304811257
HIT 3 1730889318416 403 2992119701451358675
HIT 3 2083076636688 485 7897291578556659723
HIT 3 1146763542546 267 11484471248281147002
HIT 3 1730879094802 403 13173563624575136207
HIT 3 2083066413074 485 12127890471138076497
HIT 3 1146763542547 267 1161821573194470908
HIT 3 1730879094803 403 7562497739364612276
HIT 3 2083066413075 485 3550565795188967614
HIT 3 2083085549584 485 14021421837110857738
HIT 3 1730889318417 403 10370083864291329576
HIT 3 2083076636689 485 6356358034544394246
HIT 3 476743925780 111 12909225433759490017
HIT 3 1146758823956 267 16519381131328353175
HIT 3 1730874376212 403 10412664319510499301
HIT 3 2083061694484 485 9503460821273939510
HIT 3 1730889318418 403 11473331476786266122
HIT 3 2083076636690 485 4693007552402977593
HIT 3 2083085549585 485 796418918567890042
HIT 3 476743925781 111 16684483772778094154
HIT 3 1146758823957 267 7493420342019754453
HIT 3 2083085549586 485 7861094949983623689
HIT 3 1730874376213 403 10749134072049531630
HIT 3 2083061694485 485 14011031591658005334
HIT 3 1146763542548 267 6525242992627341925
HIT 3 1730879094804 403 6583895576511481003
HIT 3 2083066413076 485 14772327417720194455
HIT 3 476743925782 111 1026217768599315333
HIT 3 1146758823958 267 14338842481546906072
HIT 3 1730874376214 403 16677748439740255280
HIT 3 2083061694486 485 8113439245028553355
HIT 3 1730889318419 403 9008922712053553518
HIT 3 2083076636691 485 14088707902996715065
HIT 3 1146763542549 267 3077252645396530571
HIT 3 1730879094805 403 4195682756619377668
HIT 3 2083066413077 485 3258314634148918262
HIT 3 1146763542550 267 10388791198355104232
HIT 3 1730879094806 403 12895351888614789313
HIT 3 2083066413078 485 7678489442356193466
HIT 3 2083085549587 485 7058700511028495826
HIT 3 1730889318420 403 4767905143684762592
HIT 3 2083076636692 485 12573028716462644385
HIT 3 476743925783 111 14618311369889435652
HIT 3 1146758823959 267 9026732974089981679
HIT 3 1730874376215 403 1794874024972959142
HIT 3 2083061694487 485 6894962774953984829
HIT 3 2083085549588 485 3744262318174274085
HIT 3 1730889318422 403 15314302417938375826
HIT 3 2083076636694 485 7883653921639898687
HIT 3 476743925784 111 10789080452284990634
HIT 3 1146758823960 267 13061817187601104708
HIT 3 1730874376216 403 7238961567674232697
HIT 3 2083061694488 485 4558899775633260503
HIT 3 1730889318421 403 17257083853743627624
HIT 3 2083076636693 485 626326199757373517
HIT 3 2083085549590 485 9280604679738453651
HIT 3 1146763542552 267 6315901576812874809
HIT 3 1730879094808 403 11971089443891477018
HIT 3 2083066413080 485 10776781213223036220
HIT 3 476743925785 111 14964591314810543510
HIT 3 1146758823961 267 17515326835774200620
HIT 3 1730874376217 403 7683270362400541897
HIT 3 2083061694489 485 6874023722088004276
HIT 3 1146763542551 267 5120901387928581761
HIT 3 1730879094807 403 9252888949730961567
HIT 3 2083066413079 485 14871528832244965711
HIT 3 2083085549589 485 10241464454215671661
HIT 3 476743925786 111 3686933270088880762
HIT 3 1146758823962 267 18141692916767239123
HIT 3 1730874376218 403 8497877428042189665
HIT 3 2083061694490 485 14610416720785566807
HIT 3 1146763542553 267 1053574799837168438
HIT 3 1730879094809 403 17389041831846338861
HIT 3 2083066413081 485 9487452761331080209
HIT 3 1730889318424 403 3705979154197525972
HIT 3 2083076636696 485 5511547810602264655
HIT 3 1146763542554 267 14953389848516843531
HIT 3 1730879094810 403 6751848526045739452
HIT 3 2083066413082 485 109464654991620612
HIT 3 1730889318423 403 16654975082742017677
HIT 3 2083076636695 485 4845130712737894284
HIT 3 2083085549592 485 14563293916161833644
HIT 3 1730889318425 403 15791065001801768225
HIT 3 2083076636697 485 2577036879477092383
HIT 3 476743925787 111 6554427204212420912
HIT 3 1146758823963 267 13999728831641302466
HIT 3 1730874376219 403 18425151443337197052
HIT 3 2083061694491 485 10821214056177048606
HIT 3 2083085549591 485 14947484514091498548
HIT 3 476743925788 111 16327458936043711555
HIT 3 1146758823964 267 4063799664074816181
HIT 3 1730874376220 403 16544620413172847273
HIT 3 2083061694492 485 12284872164452546727
HIT 3 2083085549593 485 13631560471984583838
HIT 3 1730889318426 403 7853271916170252582
HIT 3 2083076636698 485 13390703803762160108
HIT 3 476743925789 111 16567156668472537605
HIT 3 1146758823965 267 15954433668487032452
HIT 3 1730874376221 403 13339100102400489123
HIT 3 2083061694493 485 15997003919527887155
HIT 3 1146763542555 267 7157750122517279206
HIT 3 1146763542556 267 2068533724706568356
HIT 3 1730879094812 403 597970193778066610
HIT 3 2083066413084 485 8057642470259529580
HIT 3 1730879094811 403 4375731140516521319
HIT 3 2083066413083 485 14853514178214518302
HIT 3 2083085549594 485 13546098627826223093
HIT 3 1146763542557 267 2264836934117401480
HIT 3 1730879094813 403 13370523341882788006
HIT 3 2083066413085 485 32225868196433610
HIT 3 476743925790 111 1418578116170725286
HIT 3 1146758823966 267 658346696545567128
HIT 3 1730874376222 403 1026987483538154483
HIT 3 2083061694494 485 396824231862491696
HIT 3 1730889318429 403 17175833849795800929
HIT 3 2083076636701 485 11824649448052752299
HIT 3 1730889318428 403 11308927497796474650
HIT 3 2083076636700 485 5219031012152428327
HIT 3 1730889318427 403 11027866925216366592
HIT 3 2083076636699 485 14246638536929335093
HIT 3 1146763542558 267 3485519244665828724
HIT 3 1730879094814 403 16460844581014304950
HIT 3 2083066413086 485 13067846155011222743
HIT 3 2083085549597 485 11526729359590004472
HIT 3 476743925791 111 11661086234923023873
HIT 3 1146758823967 267 2981978205505953975
HIT 3 1730874376223 403 8794775115039604773
HIT 3 2083061694495 485 15472517460484012502
HIT 3 2083085549596 485 551055665225987465
HIT 3 2083085549595 485 1774881827746577444
HIT 3 476743925792 111 15010911652314668461
HIT 3 1146758823968 267 15250050103610976254
HIT 3 1730874376224 403 17219595249832175016
HIT 3 2083061694496 485 15885428545754294921
HIT 3 476743925793 111 2622371843034700384
HIT 3 1146758823969 267 1683145845684053566
HIT 3 1730874376225 403 6122573861378658748
HIT 3 1146763542559 267 17134916813650627803
HIT 3 1730879094815 403 17534862787623641690
HIT 3 2083066413087 485 14988325212829598156
HIT 3 2083061694497 485 11410671074084811205
HIT 3 1730889318430 403 2917204745351645664
HIT 3 2083076636702 485 9566065531680949846
HIT 3 1730889318431 403 17852161306468026740
HIT 3 2083076636703 485 14429796100879016925
HIT 3 1146763542560 267 6227906172453920123
HIT 3 1730879094816 403 4641613673790487602
HIT 3 2083066413088 485 16286756969827561021
HIT 3 1146763542561 267 11549361177352632365
HIT 3 1730879094817 403 9128832652511919984
HIT 3 2083066413089 485 6575263843906378040
HIT 3 2083085549598 485 16146922106199301762
HIT 3 2083085549599 485 17475353876004703923
HIT 3 476743794723 111 11378608743299139549
HIT 3 1146758692899 267 15997416634970034044
HIT 3 1730874245155 403 16995740680753336540
HIT 3 2083061563427 485 6432849894515312211
HIT 3 476743925795 111 11874735568485444435
HIT 3 1146758823971 267 13929889316590510396
HIT 3 1730874376227 403 12908633839465400293
HIT 3 2083061694499 485 17853385738205185017
HIT 3 476743925794 111 11378608743299139549
HIT 3 1146758823970 267 15997416634970034044
HIT 3 1730874376226 403 16995740680753336540
HIT 3 2083061694498 485 6432849894515312211
HIT 3 1730889318432 403 12662893149980487750
HIT 3 2083076636704 485 463642278048304991
HIT 3 1146763542562 267 11365512423100019693
HIT 3 1730879094818 403 17676227824697761791
HIT 3 2083066413090 485 14441916148191936153
HIT 3 1146763542563 267 4183976905834648229
HIT 3 1730879094819 403 13991361728288585766
HIT 3 2083066413091 485 15169558978079416297
HIT 3 1730889318433 403 4553150302001445183
HIT 3 2083076636705 485 15741314925188124913
HIT 3 2083085549600 485 2986657849784735687
HIT 3 476743925796 111 969898558914344707
HIT 3 1146758823972 267 1304537662527483072
HIT 3 1730874376228 403 11195508454895578985
HIT 3 2083061694500 485 6622089301363002673
HIT 3 476744056868 111 13824662046730603096
HIT 3 1146758955044 267 1882121475803822698
HIT 3 1730874507300 403 18221266945168782921
HIT 3 2083061825572 485 17480529108222486306
HIT 3 2083085549601 485 1063959190459093790
HIT 3 1730889318435 403 11703783082874568576
HIT 3 2083076636707 485 6512473557362797300
HIT 3 1730889318434 403 3542827477804085961
HIT 3 2083076636706 485 4113979353662375649
HIT 3 476743925797 111 13824662046730603096
HIT 3 1146758823973 267 1882121475803822698
HIT 3 1730874376229 403 18221266945168782921
HIT 3 2083061694501 485 17480529108222486306
HIT 3 2083085549602 485 2089780252900980579
HIT 3 1146763542564 267 5361121520463860930
HIT 3 1730879094820 403 6083005163755536198
HIT 3 2083066413092 485 8798002644481084574
HIT 3 184686215206 43 8301652504356584100
HIT 3 476743991334 111 8598182609731416134
HIT 3 1146758889510 267 5836755317082309872
HIT 3 1730874441766 403 11610710744651830665
HIT 3 2083061760038 485 1810079453314573332
HIT 3 468154122278 109 13370330850281081811
HIT 3 472449089574 110 17795076571792333411
HIT 3 476744056870 111 16990082772728512122
HIT 3 485333991462 113 16798961431125789437
HIT 3 2083085549603 485 8195754357557493074
HIT 3 1138169020454 265 1521796835837426872
HIT 3 1142463987750 266 6391605290646792307
HIT 3 1146758955046 267 4239151339904881574
HIT 3 1155348889638 269 7730590865371025337
HIT 3 1722284572710 401 1138109026407770984
HIT 3 1726579540006 402 3393574860941602214
HIT 3 1730874507302 403 18222469832696750284
HIT 3 1739464441894 405 8344739356843363847
HIT 3 2074471890982 483 10133123887068127467
HIT 3 2078766858278 484 15490076968923977319
HIT 3 2083061825574 485 10989612419692770722
HIT 3 2091651760166 487 4836464977839167783
HIT 3 476744187942 111 5268365864980521917
HIT 3 1146759086118 267 4112749522267684965
HIT 3 1730874638374 403 317541504776475782
HIT 3 2083061956646 485 6829978730701835234
HIT 3 476743991335 111 2185652711506860770
HIT 3 1146758889511 267 926565291716435805
HIT 3 1730874441767 403 5650663537596767630
HIT 3 2083061760039 485 2181017085079607071
HIT 3 476744056871 111 5268365864980521917
HIT 3 1146758955047 267 4112749522267684965
HIT 3 1730874507303 403 317541504776475782
HIT 3 2083061825575 485 6829978730701835234
HIT 3 476744122407 111 8598182609731416134
HIT 3 1146759020583 267 5836755317082309872
HIT 3 1730874572839 403 11610710744651830665
HIT 3 2083061891111 485 1810079453314573332
HIT 3 476744187943 111 12366950784739761553
HIT 3 1146759086119 267 5727616864415344149
HIT 3 1730874638375 403 10444023836227937168
HIT 3 2083061956647 485 15653742348549927071
HIT 3 476744253479 111 16202571535878727925
HIT 3 1146759151655 267 2752218406173060555
HIT 3 1730874703911 403 16864096199034582666
HIT 3 2083062022183 485 13522471316419662746
HIT 3 476744319015 111 18038441797290590153
HIT 3 1146759217191 267 1799439603234654798
HIT 3 1730874769447 403 65268824406253895
HIT 3 2083062087719 485 16320625225227762851
HIT 3 476744384551 111 15820111061457545117
HIT 3 1146759282727 267 5027707390476450244
HIT 3 1730874834983 403 2530225911610118103
HIT 3 2083062153255 485 10631477060128672611
HIT 3 476744450087 111 16355592742722095481
HIT 3 1146759348263 267 528198821057810892
HIT 3 1730874900519 403 1623719546155846034
HIT 3 2083062218791 485 17720553282635306447
HIT 3 476744515623 111 11802124386900365067
HIT 3 1146759413799 267 8575362851325216856
HIT 3 1730874966055 403 15813590543520463741
HIT 3 2083062284327 485 15895458874149126438
HIT 3 476744581159 111 6413875082529429799
HIT 3 1146759479335 267 12680203884661606608
HIT 3 1730875031591 403 15294207419087290435
HIT 3 2083062349863 485 7899317443807878616
HIT 3 476744646695 111 11861718567794530754
HIT 3 1146759544871 267 17065602971269357785
HIT 3 1730875097127 403 6711161340597412434
HIT 3 2083062415399 485 11631654808745403672
HIT 3 476744712231 111 5011156083261745577
HIT 3 1146759610407 267 1000135507074178124
HIT 3 1730875162663 403 9660467095118645466
HIT 3 2083062480935 485 18350300491863893472
HIT 3 476744777767 111 11294732253427499130
HIT 3 1146759675943 267 14705960220196590832
HIT 3 1730875228199 403 7784949198146195818
HIT 3 2083062546471 485 17134506081713678789
HIT 3 476744843303 111 12661537796280742698
HIT 3 1146759741479 267 2234559728003844046
HIT 3 1730875293735 403 1474763754156677494
HIT 3 2083062612007 485 9872675031491397720
HIT 3 476744908839 111 5315649260004240493
HIT 3 1146759807015 267 2552474456988298248
HIT 3 1730875359271 403 5417272530382360872
HIT 3 2083062677543 485 2113956423471035562
HIT 3 476744974375 111 1865226544549014730
HIT 3 1146759872551 267 10864946662120296259
HIT 3 1730875424807 403 17102378606277244349
HIT 3 2083062743079 485 12060301941383143939
HIT 3 476745039911 111 15959930210833459912
HIT 3 1146759938087 267 9300891101016490858
HIT 3 1730875490343 403 4415280546283289034
HIT 3 2083062808615 485 4677488061722640858
HIT 3 476745105447 111 2703481166656139529
HIT 3 1146760003623 267 16696121020098995811
HIT 3 1730875555879 403 2390705184140048852
HIT 3 2083062874151 485 16714474104011854357
HIT 3 476745170983 111 7385947494983562845
HIT 3 1146760069159 267 11729257801585805389
HIT 3 1730875621415 403 5936389582949227489
HIT 3 2083062939687 485 1833808129352803525
HIT 3 476745236519 111 634619370260511325
HIT 3 1146760134695 267 7678513540021768094
HIT 3 1730875686951 403 11942882284769096240
HIT 3 2083063005223 485 5636664037476030546
HIT 3 476745302055 111 13176736749251841227
HIT 3 1146760200231 267 12547430540709267600
HIT 3 1730875752487 403 1134384697428550271
HIT 3 2083063070759 485 2170005830079901891
HIT 3 476745367591 111 1468305102394850649
HIT 3 1146760265767 267 10406215160167022101
HIT 3 1730875818023 403 8808950371668391413
HIT 3 2083063136295 485 5181189644208516495
HIT 3 476745433127 111 10920516383015605217
HIT 3 1146760331303 267 17372818732712923556
HIT 3 1730875883559 403 5878841475287755738
HIT 3 2083063201831 485 14609976991870111045
HIT 3 476745498663 111 806269919803608342
HIT 3 1146760396839 267 11232976842113588631
HIT 3 1730875949095 403 5901879142302013952
HIT 3 2083063267367 485 10797571702193933491
HIT 3 476745564199 111 16094063689896940657
HIT 3 1146760462375 267 8695507559968925340
HIT 3 1730876014631 403 2673649659318118841
HIT 3 2083063332903 485 1117422632822034811
HIT 3 476745629735 111 12214303979152816612
HIT 3 1146760527911 267 9056103942757318674
HIT 3 1730876080167 403 17315105071277549323
HIT 3 2083063398439 485 4714535797610174216
HIT 3 476745695271 111 10113780466852246976
HIT 3 1146760593447 267 2174580401155913285
HIT 3 1730876145703 403 9252983706490558593
HIT 3 2083063463975 485 8905273423446385776
HIT 3 476745760807 111 13411536534719294249
HIT 3 1146760658983 267 2139180035039182177
HIT 3 1730876211239 403 7914514875463884193
HIT 3 2083063529511 485 8789558337743086957
HIT 3 476745826343 111 12826660087522988940
HIT 3 1146760724519 267 6506705180402102087
HIT 3 1730876276775 403 16925118900555580423
HIT 3 2083063595047 485 14682525884769585563
HIT 3 476745891879 111 9793396877487919405
HIT 3 1146760790055 267 11030754837972622457
HIT 3 1730876342311 403 10102500863923127249
HIT 3 2083063660583 485 13253052279533495838
HIT 3 476745957415 111 17318471580289116416
HIT 3 1146760855591 267 2025285283153388952
HIT 3 1730876407847 403 1966654955941557770
HIT 3 2083063726119 485 14572715297940755704
HIT 3 476746022951 111 9790992142870135997
HIT 3 1146760921127 267 4650566629184912167
HIT 3 1730876473383 403 13259712388248941310
HIT 3 2083063791655 485 7341235703508965232
HIT 3 476746088487 111 778541540626998050
HIT 3 1146760986663 267 11238367049117514233
HIT 3 1730876538919 403 3729546917617546729
HIT 3 2083063857191 485 16172804114311209145
HIT 3 476746154023 111 7170084922034948909
HIT 3 1146761052199 267 15093694465699322548
HIT 3 1730876604455 403 1813146794941892839
HIT 3 2083063922727 485 10751723018079645080
HIT 3 476746219559 111 1853597650319281698
HIT 3 1146761117735 267 14778621710541646532
HIT 3 1730876669991 403 4594388695745744924
HIT 3 2083063988263 485 14301540469208645496
HIT 3 476746285095 111 283923315985870468
HIT 3 1146761183271 267 11503525893526786679
HIT 3 1730876735527 403 5110045846473457179
HIT 3 2083064053799 485 9708147329569874194
HIT 3 476746350631 111 14924108681897849422
HIT 3 1146761248807 267 17903224594318538950
HIT 3 1730876801063 403 9480117003394582897
HIT 3 2083064119335 485 16811164637993157219
HIT 3 476746416167 111 7676747673654136137
HIT 3 1146761314343 267 8125861478230782822
HIT 3 1730876866599 403 5897898461399194167
HIT 3 2083064184871 485 8600648850343614782
HIT 3 476746481703 111 16395246183626274091
HIT 3 1146761379879 267 6012770202048354099
HIT 3 1730876932135 403 13145205601726098103
HIT 3 2083064250407 485 1843861737485821371
HIT 3 476746547239 111 12715102948454514469
HIT 3 1146761445415 267 12880754250524056717
HIT 3 1730876997671 403 15709479656532140219
HIT 3 2083064315943 485 14530916170544715149
HIT 3 476746612775 111 7030541180140695832
HIT 3 1146761510951 267 12965383447762993251
HIT 3 1730877063207 403 17291380166793823105
HIT 3 2083064381479 485 17059942492381890230
HIT 3 476746678311 111 11100428519969711005
HIT 3 1146761576487 267 16981009497052736087
HIT 3 1730877128743 403 15341181140533507971
HIT 3 2083064447015 485 8109487040015113035
HIT 3 476746743847 111 11406086402076325937
HIT 3 1146761642023 267 15182898114146637873
HIT 3 1730877194279 403 3772344627128860428
HIT 3 2083064512551 485 10786773660489200547
HIT 3 476746809383 111 9894179270466670507
HIT 3 1146761707559 267 4573166514216306961
HIT 3 1730877259815 403 5729125015523063237
HIT 3 2083064578087 485 3737910419552822611
HIT 3 476746874919 111 2780431682197899763
HIT 3 1146761773095 267 15241282222447880545
HIT 3 1730877325351 403 444590957315276507
HIT 3 2083064643623 485 17537678288058665838
HIT 3 476746940455 111 16911489358681297578
HIT 3 1146761838631 267 8441459378773151217
HIT 3 1730877390887 403 12458654684410552586
HIT 3 2083064709159 485 7738787323838016438
HIT 3 476747005991 111 3636259580040864137
HIT 3 1146761904167 267 18057148303761522365
HIT 3 1730877456423 403 14966371335586979222
HIT 3 2083064774695 485 5737554085947895171
HIT 3 476747071527 111 8769126837316913753
HIT 3 1146761969703 267 9495254206463052932
HIT 3 1730877521959 403 8524647088613723256
HIT 3 2083064840231 485 1702745581050279890
HIT 3 476747137063 111 951847380368375623
HIT 3 1146762035239 267 17560379960945892174
HIT 3 1730877587495 403 7988081103318215544
HIT 3 2083064905767 485 9604474891223568401
HIT 3 476747202599 111 6761995804223449826
HIT 3 1146762100775 267 8092060885826331232
HIT 3 1730877653031 403 15036161652060856593
HIT 3 2083064971303 485 3549703115610302286
HIT 3 476747268135 111 11134192301611001038
HIT 3 1146762166311 267 2823956630839469509
HIT 3 1730877718567 403 11041374119942385523
HIT 3 2083065036839 485 16573571365761156690
HIT 3 476747333671 111 13379009696186416362
HIT 3 1146762231847 267 14329298848271849002
HIT 3 1730877784103 403 17255132488722300425
HIT 3 2083065102375 485 10701266231702071993
HIT 3 476747399207 111 4376551735635010794
HIT 3 1146762297383 267 9487815203237790246
HIT 3 1730877849639 403 1578332100202716089
HIT 3 2083065167911 485 11064491102271398948
HIT 3 476747464743 111 9742738408959723463
HIT 3 1146762362919 267 17090671751177327498
HIT 3 1730877915175 403 8657159926510736183
HIT 3 2083065233447 485 9345837987784978028
HIT 3 476747530279 111 10532034871789378318
HIT 3 1146762428455 267 10842181434545585270
HIT 3 1730877980711 403 6049959255602434948
HIT 3 2083065298983 485 483455307246091198
HIT 3 476747595815 111 11460314330757896807
HIT 3 1146762493991 267 14784181112667249877
HIT 3 1730878046247 403 14835259452504423063
HIT 3 2083065364519 485 12894732951068761779
HIT 3 476747661351 111 524940568504473859
HIT 3 1146762559527 267 5387048795431313589
HIT 3 1730878111783 403 8078185962262118388
HIT 3 2083065430055 485 11897208446624610453
HIT 3 476747726887 111 13899727690147360099
HIT 3 1146762625063 267 10472247540701740947
HIT 3 1730878177319 403 17635669877105089813
HIT 3 2083065495591 485 9800407957520420786
HIT 3 476747792423 111 15663050118982971216
HIT 3 1146763411494 267 16484793102285840830
HIT 3 1146762690599 267 1487458101244851471
HIT 3 1730878963750 403 9954906304429056919
HIT 3 2083066282022 485 6240956352101897959
HIT 3 485338513446 113 2185652711506860770
HIT 3 1730878242855 403 8398584370190827934
HIT 3 1146763477030 267 1265789779746293790
HIT 3 2083065561127 485 16745774426952767175
HIT 3 476747857959 111 12053160945538033028
HIT 3 1730879029286 403 2558969025537973442
HIT 3 2083066347558 485 2401799450138747837
HIT 3 1146762756135 267 6273261589712761070
HIT 3 1730878308391 403 4906290350125128724
HIT 3 1138173607974 265 6676058841149613302
HIT 3 1142468575270 266 14628392707483374471
HIT 3 1146763542566 267 4511964940021526368
HIT 3 1155353477158 269 7502100377932740317
HIT 3 2083065626663 485 14751191584334694916
HIT 3 476747923495 111 11764563454317144728
HIT 3 1722289160230 401 2697797256612344572
HIT 3 1726584127526 402 7362824419249579605
HIT 3 1730879094822 403 7419610947521723474
HIT 3 1739469029414 405 16703150748482469577
HIT 3 2074476478502 483 5469324571180837494
HIT 3 2078771445798 484 6797379462434682119
HIT 3 2083066413094 485 2307401959340061882
HIT 3 2091656347686 487 9619254686629906949
HIT 3 1146762821671 267 11509777344701852673
HIT 3 1730878373927 403 1730645887590019727
HIT 3 2083065692199 485 2150181752183656446
HIT 3 476747989031 111 5497132866154601538
HIT 3 1146762887207 267 13886914181564200922
HIT 3 1146763673638 267 7322483976415847058
HIT 3 1730878439463 403 17695979948653245868
HIT 3 2083065757735 485 133701878657387582
HIT 3 1730879225894 403 10192741146347663276
HIT 3 476748054567 111 4438151284046512496
HIT 3 2083066544166 485 92660976754263725
HIT 3 1146762952743 267 11332580767312759262
HIT 3 1730878504999 403 7948077596258860276
HIT 3 2083065823271 485 12944435314479938914
HIT 3 476748120103 111 10528368811126197864
HIT 3 1146763018279 267 317670511786206077
HIT 3 1730878570535 403 4490947126540044981
HIT 3 2083065888807 485 6698758902585292833
HIT 3 476748185639 111 2857491573839954952
HIT 3 1146763083815 267 14224110131765688572
HIT 3 1730878636071 403 10118779873700108674
HIT 3 2083065954343 485 12029741274219097786
HIT 3 476748251175 111 4078243241479760910
HIT 3 1146763149351 267 9254814140092955352
HIT 3 1730878701607 403 520042064694813418
HIT 3 2083066019879 485 11211969475605238275
HIT 3 476748316711 111 3521868680651029260
HIT 3 1146763214887 267 9803155357040527708
HIT 3 1730878767143 403 10655511292608135147
HIT 3 2083066085415 485 13596276449260386645
HIT 3 468158447655 109 3521868680651029260
HIT 3 476748382247 111 267952107445941382
HIT 3 1146763280423 267 16071983002887523874
HIT 3 1730878832679 403 12250253796191272169
HIT 3 2083066150951 485 13374743925643695363
HIT 3 476748447783 111 13370330850281081811
HIT 3 485338382375 113 13216931255651992689
HIT 3 1146763345959 267 7753407754293080501
HIT 3 1730878898215 403 615104915031965764
HIT 3 2083066216487 485 5546464618522711892
HIT 3 476748513319 111 13216931255651992689
HIT 3 1138173476903 265 4806286449464866502
HIT 3 1142468444199 266 16891035475261675681
HIT 3 1146763411495 267 13446855811836067397
HIT 3 1155353346087 269 7484788751910870629
HIT 3 1722289029159 401 10573135138741395219
HIT 3 1726583996455 402 9821636440063094246
HIT 3 1730878963751 403 15208559318964170393
HIT 3 1739468898343 405 9158561869858550973
HIT 3 2074476347431 483 7557618696456744044
HIT 3 2078771314727 484 5500880058541457500
HIT 3 2083066282023 485 10450580038029306695
HIT 3 2091656216615 487 13787190067431189117
HIT 3 481043546151 112 12661029140650287699
HIT 3 485338513447 113 16990082772728512122
HIT 3 493928448039 115 2435239289493587214
HIT 3 1138173542439 265 14557158184234040150
HIT 3 1142468509735 266 13503726307158552446
HIT 3 1146763477031 267 6995666607391061725
HIT 3 1155353411623 269 10369753285794579196
HIT 3 1722289094695 401 14041775298072831
HIT 3 1726584061991 402 18205628338509390955
HIT 3 1730879029287 403 4622583149410902024
HIT 3 1739468963879 405 7736290255816281879
HIT 3 2074476412967 483 17789723317736147955
HIT 3 2078771380263 484 9174544223216035140
HIT 3 2083066347559 485 15621596295973517627
HIT 3 2091656282151 487 4376462832522412320
HIT 3 481043611687 112 17795076571792333411
HIT 3 485338578983 113 2435239289493587214
HIT 3 489633546279 114 12661029140650287699
HIT 3 493928513575 115 7178704238184259977
HIT 3 498223480871 116 12289448385512880212
HIT 3 502518448167 117 17780489713166134558
HIT 3 506813415463 118 875448819516970665
HIT 3 511108382759 119 2693613006330216726
HIT 3 515403350055 120 1960978275171089593
HIT 3 519698317351 121 18445785881945916070
HIT 3 523993284647 122 18446669557310662533
HIT 3 528288251943 123 9783682819135324786
HIT 3 532583219239 124 746474802755688138
HIT 3 536878186535 125 13234436194301707662
HIT 3 541173153831 126 7089405365758577823
HIT 3 545468121127 127 598730528335391349
HIT 3 549763088423 128 11651521009516609459
HIT 3 554058055719 129 17616684225585455723
HIT 3 558353023015 130 2941917183388281402
HIT 3 562647990311 131 13358102212071683412
HIT 3 566942957607 132 1547913549356051498
HIT 3 571237924903 133 13605522863536624207
HIT 3 575532892199 134 1871963699498772307
HIT 3 579827859495 135 172289191213049640
HIT 3 584122826791 136 4910452068665513196
HIT 3 588417794087 137 605628254493889761
HIT 3 592712761383 138 2518291238501064351
HIT 3 597007728679 139 7155985989917686408
HIT 3 601302695975 140 12483686670867286122
HIT 3 605597663271 141 1901310523024035009
HIT 3 609892630567 142 544783598710445617
HIT 3 614187597863 143 13873571694620807913
HIT 3 618482565159 144 834584054827819585
HIT 3 622777532455 145 5208335132429643180
HIT 3 627072499751 146 7516916223954675136
HIT 3 631367467047 147 14777580574832629162
HIT 3 635662434343 148 8736726657918856990
HIT 3 639957401639 149 1916512109257275024
HIT 3 644252368935 150 3472065768434957859
HIT 3 648547336231 151 13751738677562236093
HIT 3 652842303527 152 10775069242541731140
HIT 3 657137270823 153 10495796438623381497
HIT 3 661432238119 154 6121573398243886171
HIT 3 665727205415 155 14294582358181585823
HIT 3 670022172711 156 16411452138637746128
HIT 3 674317140007 157 6827025871900750119
HIT 3 678612107303 158 9926570460537022105
HIT 3 682907074599 159 11249798048940384105
HIT 3 687202041895 160 10619902331501742644
HIT 3 691497009191 161 6126750847410130191
HIT 3 695791976487 162 7895251767078828707
HIT 3 700086943783 163 7174808053401362513
HIT 3 704381911079 164 6715066066766426527
HIT 3 708676878375 165 16600301145352611854
HIT 3 712971845671 166 14266674257134927728
HIT 3 717266812967 167 10369618017532828388
HIT 3 721561780263 168 5601753065369475143
HIT 3 725856747559 169 10916490292718223242
HIT 3 730151714855 170 15443785528054816103
HIT 3 734446682151 171 14919039240819867829
HIT 3 738741649447 172 2684585109156962212
HIT 3 743036616743 173 15685484467279788458
HIT 3 747331584039 174 15283842838126985600
HIT 3 751626551335 175 2157482154714587802
HIT 3 755921518631 176 4910239038179906851
HIT 3 760216485927 177 1350295283013749041
HIT 3 764511453223 178 8436105814852248304
HIT 3 768806420519 179 3006885658678887556
HIT 3 773101387815 180 464617003085723924
HIT 3 777396355111 181 17135281296910588112
HIT 3 781691322407 182 1232687877879462626
HIT 3 785986289703 183 16314517569037873314
HIT 3 790281256999 184 15492693917315687033
HIT 3 794576224295 185 11295697398030602558
HIT 3 798871191591 186 9145175401276692954
HIT 3 803166158887 187 14508346296032314813
HIT 3 807461126183 188 9868745215557842040
HIT 3 811756093479 189 4191209415782735827
HIT 3 816051060775 190 790289941044219005
HIT 3 820346028071 191 17108378020369650348
HIT 3 824640995367 192 2651085794087684126
HIT 3 828935962663 193 12112821945397609254
HIT 3 833230929959 194 10764122886187796909
HIT 3 837525897255 195 3941189486181732533
HIT 3 841820864551 196 14524058954228602117
HIT 3 846115831847 197 9091136038423094160
HIT 3 850410799143 198 16411335068202795826
HIT 3 854705766439 199 2899475348256249816
HIT 3 859000733735 200 5284249088782203028
HIT 3 863295701031 201 16746028856992865997
HIT 3 867590668327 202 3433894388325673631
HIT 3 871885635623 203 5120971658908990466
HIT 3 876180602919 204 16344916718473903270
HIT 3 880475570215 205 1210981853492081053
HIT 3 884770537511 206 6340358711510471259
HIT 3 889065504807 207 16748982819562892117
HIT 3 893360472103 208 6881488128302952626
HIT 3 897655439399 209 13107974731470972683
HIT 3 901950406695 210 15464710143063168432
HIT 3 906245373991 211 7522338769708239260
HIT 3 910540341287 212 18066993044688255394
HIT 3 914835308583 213 13262640399793548
HIT 3 919130275879 214 17672159807196496179
HIT 3 923425243175 215 9222802281554796647
HIT 3 927720210471 216 17626424749545423080
HIT 3 932015177767 217 5763684116605945806
HIT 3 936310145063 218 10277380411376916143
HIT 3 940605112359 219 13217800927994543418
HIT 3 944900079655 220 15500849325916462453
HIT 3 949195046951 221 7354314997540228615
HIT 3 953490014247 222 6438814477979086023
HIT 3 957784981543 223 12053036190026332711
HIT 3 962079948839 224 15639061419339391825
HIT 3 966374916135 225 12874591578650994734
HIT 3 970669883431 226 539721756479139819
HIT 3 974964850727 227 16445002046862335211
HIT 3 979259818023 228 2016288081731571962
HIT 3 983554785319 229 11282274291173881277
HIT 3 987849752615 230 143309848071209780
HIT 3 992144719911 231 10631223547835769706
HIT 3 996439687207 232 14218100545345140943
HIT 3 1000734654503 233 6491811196660343219
HIT 3 1005029621799 234 14672948484335553338
HIT 3 1009324589095 235 4706496841739243826
HIT 3 1013619556391 236 2505624574856588133
HIT 3 1017914523687 237 4471636629930905664
HIT 3 1022209490983 238 16336507477815693634
HIT 3 1026504458279 239 17262282216888181566
HIT 3 1030799425575 240 976830475936772076
HIT 3 1035094392871 241 1261853813735007771
HIT 3 1039389360167 242 13772091974560194495
HIT 3 1043684327463 243 2844098190574881755
HIT 3 1047979294759 244 17651410421234926417
HIT 3 1052274262055 245 13956320705060777497
HIT 3 1056569229351 246 3216331438514239321
HIT 3 1060864196647 247 2816429135300981162
HIT 3 1065159163943 248 14309652156733720
HIT 3 1069454131239 249 9455781276203214524
HIT 3 1073749098535 250 12379137736126475237
HIT 3 1078044065831 251 4717225248668292972
HIT 3 1082339033127 252 16074716491145682327
HIT 3 1086634000423 253 13792275161242750669
HIT 3 1090928967719 254 18141897061643457288
HIT 3 1095223935015 255 9414226171912781309
HIT 3 1099518902311 256 13606479029688055063
HIT 3 1103813869607 257 15464430813462441906
HIT 3 1108108836903 258 16184264285075941394
HIT 3 1112403804199 259 18029497269129218307
HIT 3 1116698771495 260 16598495994885692950
HIT 3 1120993738791 261 1549516609988500151
HIT 3 1125288706087 262 3569691064161528319
HIT 3 1129583673383 263 7847527898555523393
HIT 3 1133878640679 264 3325227241162020862
HIT 3 1138173607975 265 15366517609660789017
HIT 3 1142468575271 266 17784629733518799309
HIT 3 1146763542567 267 6038632273649221893
HIT 3 1151058509863 268 290035668979196981
HIT 3 1155353477159 269 4010353315863309064
HIT 3 1159648444455 270 7676069949546596919
HIT 3 1163943411751 271 1500518140799724415
HIT 3 1168238379047 272 3129827946981766911
HIT 3 1172533346343 273 6981315609304215924
HIT 3 1176828313639 274 7997253395988230067
HIT 3 1181123280935 275 11732766439754140818
HIT 3 1185418248231 276 4766177994606524923
HIT 3 1189713215527 277 3938202639152773745
HIT 3 1194008182823 278 15607624883394002717
HIT 3 1198303150119 279 4020582039127667013
HIT 3 1202598117415 280 2576223092729172627
HIT 3 1206893084711 281 7456831585894083490
HIT 3 1211188052007 282 5344857201746922572
HIT 3 1215483019303 283 13732469194421884458
HIT 3 1219777986599 284 4322509514959442734
HIT 3 1224072953895 285 15805289317498351051
HIT 3 1228367921191 286 989991599322212373
HIT 3 1232662888487 287 14740003495269219811
HIT 3 1236957855783 288 5344963654898626803
HIT 3 1241252823079 289 11550203313134556374
HIT 3 1245547790375 290 11460531792657621042
HIT 3 1249842757671 291 6085952928929396591
HIT 3 1254137724967 292 5381497597493974479
HIT 3 1258432692263 293 2342352320485930396
HIT 3 1262727659559 294 7955015912429542170
HIT 3 1267022626855 295 7381994448420892281
HIT 3 1271317594151 296 8847328452791710583
HIT 3 1275612561447 297 4476369776011657231
HIT 3 1279907528743 298 5716534328678295683
HIT 3 1284202496039 299 3531502938713875403
HIT 3 1288497463335 300 11287184547682582419
HIT 3 1292792430631 301 8137160876428739804
HIT 3 1297087397927 302 6172552509464875495
HIT 3 1301382365223 303 10563323666993936185
HIT 3 1305677332519 304 11739463993858367233
HIT 3 1309972299815 305 2753192663942399584
HIT 3 1314267267111 306 2189699073164388184
HIT 3 1318562234407 307 3925014237091802027
HIT 3 1322857201703 308 14618488108296499749
HIT 3 1327152168999 309 7276783011752773464
HIT 3 1331447136295 310 10917698992591545245
HIT 3 1335742103591 311 5381527213627495888
HIT 3 1340037070887 312 5696909639781115091
HIT 3 1344332038183 313 18081064600094975866
HIT 3 1348627005479 314 3868934136834183030
HIT 3 1352921972775 315 18113207040797453349
HIT 3 1357216940071 316 15485884715985679039
HIT 3 1361511907367 317 7621385296937110084
HIT 3 1365806874663 318 7776049763763712860
HIT 3 1370101841959 319 10800136091359473767
HIT 3 1374396809255 320 4374974048092179133
HIT 3 1378691776551 321 3248357931115372201
HIT 3 1382986743847 322 18076703291057702585
HIT 3 1387281711143 323 12200372245631168514
HIT 3 1391576678439 324 12303750828783249439
HIT 3 1395871645735 325 3149315813579261601
HIT 3 1400166613031 326 12448772793485236468
HIT 3 1404461580327 327 8533683626207727689
HIT 3 1408756547623 328 2273358517750545048
HIT 3 1413051514919 329 14929369478355963616
HIT 3 1417346482215 330 2310870009606486744
HIT 3 1421641449511 331 9226717415073320349
HIT 3 1425936416807 332 12699984390436963230
HIT 3 1430231384103 333 14903713729714976282
HIT 3 1434526351399 334 8743939131878789997
HIT 3 1438821318695 335 11457464998362909662
HIT 3 1443116285991 336 5155024942989156756
HIT 3 1447411253287 337 11565358041117654391
HIT 3 1451706220583 338 10157079591661800134
HIT 3 1456001187879 339 11019961137150655995
HIT 3 1460296155175 340 14117773851871342222
HIT 3 1464591122471 341 4262674599182988980
HIT 3 1468886089767 342 3121391021833250002
HIT 3 1473181057063 343 14381656068182920344
HIT 3 1477476024359 344 13397768155286442877
HIT 3 1481770991655 345 216816270789174728
HIT 3 1486065958951 346 17668568434474731154
HIT 3 1490360926247 347 10261381160092591776
HIT 3 1494655893543 348 16637672197273487368
HIT 3 1498950860839 349 14203191657007286762
HIT 3 1503245828135 350 5019731501153509525
HIT 3 1507540795431 351 16903416755116356816
HIT 3 1511835762727 352 3462256311953314203
HIT 3 1516130730023 353 1681184430442468468
HIT 3 1520425697319 354 6644911258636244834
HIT 3 1524720664615 355 13704221590102402258
HIT 3 1529015631911 356 6958873094750488290
HIT 3 1533310599207 357 1311964042375385339
HIT 3 1537605566503 358 4028005145673798455
HIT 3 1541900533799 359 9152911243390191718
HIT 3 1546195501095 360 13493916267305655208
HIT 3 1550490468391 361 1441447013489148166
HIT 3 1554785435687 362 994057945009003619
HIT 3 1559080402983 363 10019680554373366564
HIT 3 1563375370279 364 12289456777321388261
HIT 3 1567670337575 365 16868227631667126075
HIT 3 1571965304871 366 7365132056193484749
HIT 3 1576260272167 367 2347684080968428043
HIT 3 1580555239463 368 12305845128535975714
HIT 3 1584850206759 369 10939922613434126726
HIT 3 1589145174055 370 11818636104225586034
HIT 3 1593440141351 371 10085207336079240342
HIT 3 1597735108647 372 17683542471464303875
HIT 3 1602030075943 373 18091149620813317024
HIT 3 1606325043239 374 10376992393850560018
HIT 3 1610620010535 375 2020543907030642637
HIT 3 1614914977831 376 14906819333680728479
HIT 3 1619209945127 377 15171416478925051867
HIT 3 1623504912423 378 6541365819312742836
HIT 3 1627799879719 379 16232044587680267182
HIT 3 1632094847015 380 16669166286272475651
HIT 3 1636389814311 381 2962285713591535827
HIT 3 1640684781607 382 16749907905215410408
HIT 3 1644979748903 383 16761572391102902307
HIT 3 1649274716199 384 6981628170166417399
HIT 3 1653569683495 385 9935536563324448413
HIT 3 1657864650791 386 7635344666783499070
HIT 3 1662159618087 387 854149884498676083
HIT 3 1666454585383 388 16646903538845862161
HIT 3 1670749552679 389 14157953463261279795
HIT 3 1675044519975 390 3939608269047816335
HIT 3 1679339487271 391 9824657863858783071
HIT 3 1683634454567 392 14040303205144172999
HIT 3 1687929421863 393 334939710193218250
HIT 3 1692224389159 394 13110669168707427759
HIT 3 1696519356455 395 12568741476197151783
HIT 3 1700814323751 396 6503367990320275265
HIT 3 1705109291047 397 7387367925194109490
HIT 3 1709404258343 398 4772569676492689990
HIT 3 1713699225639 399 10919854866348753475
HIT 3 1717994192935 400 11995387485515904500
HIT 3 1722289160231 401 13433713650158723219
HIT 3 1726584127527 402 15173669740548700998
HIT 3 1730879094823 403 926429406793670555
HIT 3 1735174062119 404 10790881108704700854
HIT 3 1739469029415 405 6669738875818674721
HIT 3 1743763996711 406 4886681636557001855
HIT 3 1748058964007 407 11847414776117105475
HIT 3 1752353931303 408 7624204577692272275
HIT 3 1756648898599 409 2728020259901776784
HIT 3 1760943865895 410 8134980851749563922
HIT 3 1765238833191 411 16614477431779140972
HIT 3 1769533800487 412 15510751779259070722
HIT 3 1146763411493 267 4824740318837475632
HIT 3 1773828767783 413 8492868632159128724
HIT 3 1778123735079 414 4930530416112524543
HIT 3 1782418702375 415 813209051663064962
HIT 3 1786713669671 416 7286556943817409571
HIT 3 1791008636967 417 16765536571057140312
HIT 3 1795303604263 418 6464780408956557454
HIT 3 1799598571559 419 16999318542257029173
HIT 3 1803893538855 420 10769449012805925565
HIT 3 1808188506151 421 9966605278158819866
HIT 3 1812483473447 422 17697502680147416814
HIT 3 1816778440743 423 909538762532168782
HIT 3 1821073408039 424 15808533757610491435
HIT 3 1825368375335 425 12923544487326725320
HIT 3 1829663342631 426 17669170987325332177
HIT 3 1833958309927 427 4680698857580855962
HIT 3 1838253277223 428 9504520987304887925
HIT 3 1842548244519 429 16125159837524941830
HIT 3 1846843211815 430 14431026782469043048
HIT 3 1851138179111 431 11897659982787351625
HIT 3 1855433146407 432 5578895050304672907
HIT 3 1859728113703 433 4173325224843848482
HIT 3 1864023080999 434 105428365490541902
HIT 3 1868318048295 435 1390443718395412372
HIT 3 1872613015591 436 12949015214415619704
HIT 3 1876907982887 437 16259359177772855004
HIT 3 1881202950183 438 9808325538049749779
HIT 3 1885497917479 439 18442884253951249930
HIT 3 1889792884775 440 14441584431026973201
HIT 3 1894087852071 441 9223840057897601090
HIT 3 1898382819367 442 17463530266020367679
HIT 3 1902677786663 443 4346549303345119436
HIT 3 1906972753959 444 6166349578133168691
HIT 3 1911267721255 445 4372521297874435906
HIT 3 1915562688551 446 9097119182563868522
HIT 3 1919857655847 447 15243203142059718849
HIT 3 1924152623143 448 9786434825359691256
HIT 3 1928447590439 449 2817946017522914937
HIT 3 1932742557735 450 16725521285894561328
HIT 3 1937037525031 451 9884227550693622931
HIT 3 1941332492327 452 12092897471988181257
HIT 3 1945627459623 453 10833278995003826737
HIT 3 1949922426919 454 2053110941157238489
HIT 3 1954217394215 455 8695618175379500932
HIT 3 1958512361511 456 9283124152452220561
HIT 3 1962807328807 457 5082400433351768697
HIT 3 1967102296103 458 11055799368132584445
HIT 3 1971397263399 459 10432079001269484489
HIT 3 1975692230695 460 3749657202978985373
HIT 3 1979987197991 461 13318579266567227531
HIT 3 1984282165287 462 18371521342878389346
HIT 3 1988577132583 463 16760341491913383289
HIT 3 1992872099879 464 11024084918611108546
HIT 3 1997167067175 465 4610764456982349159
HIT 3 2001462034471 466 5844306246597069568
HIT 3 2005757001767 467 14748815534244807745
HIT 3 2010051969063 468 2678394918749943507
HIT 3 2014346936359 469 10642279931368959999
HIT 3 2018641903655 470 5373407715668554955
HIT 3 2022936870951 471 15779676665575942106
HIT 3 2027231838247 472 13409996695592367850
HIT 3 2031526805543 473 8674231941532991491
HIT 3 2035821772839 474 13572671265184011536
HIT 3 2040116740135 475 16346506054171209881
HIT 3 2044411707431 476 12884931252939685650
HIT 3 2048706674727 477 4960751557422818643
HIT 3 2053001642023 478 10266929797595796163
HIT 3 2057296609319 479 17733404647373333905
HIT 3 1730878963749 403 706344461802605028
HIT 3 2061591576615 480 9122321745435343897
HIT 3 2065886543911 481 7387796959491551661
HIT 3 2070181511207 482 5883106270995091924
HIT 3 2074476478503 483 4252471875465479142
HIT 3 2078771445799 484 5740701042712770822
HIT 3 2083066413095 485 12371113542335228703
HIT 3 2087361380391 486 7286189805218415047
HIT 3 2091656347687 487 7155493269180153992
HIT 3 2095951314983 488 6890393458132054113
HIT 3 2100246282279 489 2800460755921741957
HIT 3 2104541249575 490 3210123085109138944
HIT 3 2108836216871 491 3438791148757524604
HIT 3 2113131184167 492 13876260070457921411
HIT 3 2117426151463 493 6821669602699520947
HIT 3 2121721118759 494 3822117847408388013
HIT 3 2126016086055 495 6392430662244124901
HIT 3 2130311053351 496 10857780050419686182
HIT 3 2134606020647 497 3287387318852034771
HIT 3 2138900987943 498 17605823238953871531
HIT 3 2143195955239 499 17889294079343235897
HIT 3 2147490922535 500 14665495495553842676
HIT 3 2151785889831 501 18132400179368410100
HIT 3 2083066282021 485 13825516756406189964
HIT 3 2156080857127 502 5923721525001822423
HIT 3 2160375824423 503 10325106052481568929
HIT 3 2164670791719 504 7013997457399497406
HIT 3 2168965759015 505 588601864379721519
HIT 3 2173260726311 506 1584110881209142105
HIT 3 485338513445 113 969898558914344707
HIT 3 2177555693607 507 14545402267713365049
HIT 3 2181850660903 508 2573597982578636568
HIT 3 2186145628199 509 5612764030292486559
HIT 3 2190440595495 510 1651498931244602657
HIT 3 2194735562791 511 1375461119008822738
HIT 3 493928579111 115 16798961431125789437
HIT 3 1146763608103 267 14853780306757495201
HIT 3 1730879160359 403 17662155174562654633
HIT 3 1146763477029 267 17373753415010395543
HIT 3 2083066478631 485 12446994277885512043
HIT 3 1730879029285 403 12831088068659172223
HIT 3 1138173739047 265 11723566766495945278
HIT 3 1142468706343 266 6620342836505136662
HIT 3 1146763673639 267 7842190907318172399
HIT 3 1155353608231 269 4216816427957737614
HIT 3 2083066347557 485 6522728232847360076
HIT 3 1138173607973 265 17409221904336194282
HIT 3 1142468575269 266 15450573877148110461
HIT 3 1146763542565 267 6122499904812847849
HIT 3 1155353477157 269 2786828157052804863
HIT 3 1722289291303 401 2200205461143805967
HIT 3 1726584258599 402 11373734276536863312
HIT 3 1730879225895 403 9616338274795147954
HIT 3 1739469160487 405 6827311071046915166
HIT 3 2074476609575 483 10294168908971788915
HIT 3 2078771576871 484 6655488936903818323
HIT 3 1722289160229 401 8619869887101530986
HIT 3 2083066544167 485 4315076224787271166
HIT 3 1726584127525 402 8363140262771776629
HIT 3 2091656478759 487 7823197101502541707
HIT 3 1730879094821 403 16674091702808187318
HIT 3 1739469029413 405 9970155657362983874
HIT 3 2074476478501 483 11997862709274031154
HIT 3 2078771445797 484 1783965832504025744
HIT 3 2083066413093 485 4241474137666485783
HIT 3 2091656347685 487 532344852956477207
HIT 3 1146763739175 267 2368680541372028862
HIT 3 1730879291431 403 3957983127940980882
HIT 3 2083066609703 485 14851114729168690872
HIT 3 1146763804711 267 3376572218793811476
HIT 3 1730879356967 403 12074941570066826687
HIT 3 1146763673637 267 12627230761878179223
HIT 3 2083066675239 485 14378399996827923203
HIT 3 1730879225893 403 17550360457056417745
HIT 3 1146763870247 267 14945666460257742777
HIT 3 2083066544165 485 17564246469545466794
HIT 3 1730879422503 403 7538960059783105373
HIT 3 2083066740775 485 3912601587308772106
HIT 3 1146763935783 267 16782366636530154957
HIT 3 1730879488039 403 905519088560803435
HIT 3 2083066806311 485 1887688415546588564
HIT 3 1146764001319 267 17517753307470474141
HIT 3 1730879553575 403 1795781412645948770
HIT 3 2083066871847 485 13684632292723389737
HIT 3 1146764066855 267 3116470836969848608
HIT 3 1730879619111 403 9939066385100343673
HIT 3 2083066937383 485 14013335853209217888
HIT 3 1146764132391 267 14386592880006334973
HIT 3 1730879684647 403 7893462848952711272
HIT 3 2083067002919 485 14782115311202334533
HIT 3 1146764197927 267 14168731746154317536
HIT 3 1730879750183 403 6612602239281553522
HIT 3 2083067068455 485 5476821774854644395
HIT 3 1146764263463 267 11111161021991987115
HIT 3 1730879815719 403 6961623212637167685
HIT 3 2083067133991 485 15153219288864679800
HIT 3 1146764328999 267 17362577765329608016
HIT 3 1730879881255 403 18055013436154855034
HIT 3 2083067199527 485 13262635510797087531
HIT 3 1146764394535 267 14484639861123446720
HIT 3 1730879946791 403 13027168305665058095
HIT 3 2083067265063 485 4749898274682541977
HIT 3 1146764460071 267 11144153115600485209
HIT 3 1730880012327 403 2354438248123486355
HIT 3 2083067330599 485 5624422421746976845
HIT 3 1146764525607 267 7835925182924587375
HIT 3 1730880077863 403 17355835717504590178
HIT 3 2083067396135 485 1067135023829362493
HIT 3 1146764591143 267 10105441954376172483
HIT 3 1730880143399 403 10421995750842320773
HIT 3 2083067461671 485 6616562891817210241
HIT 3 1146764656679 267 6304206123389049786
HIT 3 1730880208935 403 3252866405049562044
HIT 3 2083067527207 485 9466474405989578738
HIT 3 1146764722215 267 8229290001230041577
HIT 3 1730880274471 403 3425074012201680886
HIT 3 2083067592743 485 5948660032197943434
HIT 3 1146764787751 267 8440067586640896232
HIT 3 1730880340007 403 17335326226344712505
HIT 3 2083067658279 485 10098248519778804505
HIT 3 1146764853287 267 14694675188221792607
HIT 3 1730880405543 403 5024253597124919656
HIT 3 2083067723815 485 2948894607432433900
HIT 3 1146764918823 267 17265003230959139835
HIT 3 1730880471079 403 17456280298817046999
HIT 3 2083067789351 485 13587233402474654823
HIT 3 1146764984359 267 10796828575436388939
HIT 3 1730880536615 403 14010129804293388668
HIT 3 2083067854887 485 16929889112787909917
HIT 3 1146765049895 267 765657053648197986
HIT 3 1730880602151 403 16282220006137948099
HIT 3 2083067920423 485 11703925296678735904
HIT 3 1146765115431 267 10229566204176203333
HIT 3 1730880667687 403 10421224798486751889
HIT 3 2083067985959 485 6968815067053908910
HIT 3 1146765180967 267 14085416640036237256
HIT 3 1730880733223 403 16695953270794887290
HIT 3 2083068051495 485 17665195541786106019
HIT 3 1146765246503 267 3901357193488272610
HIT 3 1730880798759 403 1016599805978042920
HIT 3 2083068117031 485 10223722699525172019
HIT 3 1146765312039 267 1292266088081912918
HIT 3 1730880864295 403 4274665169507293809
HIT 3 2083068182567 485 164753937514233049
HIT 3 1146765377575 267 297705872881066838
HIT 3 1730880929831 403 7264812110124678313
HIT 3 2083068248103 485 17898266806213243014
HIT 3 1146765443111 267 17375512864950029884
HIT 3 1730880995367 403 13780170175055765907
HIT 3 2083068313639 485 9971381196640067268
HIT 3 1146765508647 267 11999856083738288747
HIT 3 1730881060903 403 7683984963369605759
HIT 3 2083068379175 485 6641954551679417643
HIT 3 1146765574183 267 17613889711850536669
HIT 3 1730881126439 403 10784040136792231801
HIT 3 2083068444711 485 16276084842429655905
HIT 3 1146765639719 267 14291615493985692234
HIT 3 1730881191975 403 894530186645004858
HIT 3 2083068510247 485 16487452509948069624
HIT 3 1146765705255 267 1418980831222955279
HIT 3 1730881257511 403 18445517287099843726
HIT 3 2083068575783 485 8862521447767451512
HIT 3 1146765770791 267 17490388398512372800
HIT 3 1730881323047 403 6818640183473215924
HIT 3 2083068641319 485 8138018700636095562
HIT 3 1146765836327 267 13986147742898178163
HIT 3 1730881388583 403 12117493459372538072
HIT 3 2083068706855 485 15755563710086588369
HIT 3 1146765901863 267 6023182199296528691
HIT 3 1730881454119 403 140137023441015245
HIT 3 2083068772391 485 17578700103498009719
HIT 3 1146765967399 267 768617297171501899
HIT 3 1730881519655 403 6116139861007853772
HIT 3 2083068837927 485 3214467219080571313
HIT 3 1146766032935 267 16984671350445722710
HIT 3 1730881585191 403 573264335143836401
HIT 3 2083068903463 485 4889935950806215806
HIT 3 1146766098471 267 17513616735827452194
HIT 3 1730881650727 403 12593502467301911837
HIT 3 2083068968999 485 506750010403990329
HIT 3 1146766164007 267 12202423767692111896
HIT 3 1730881716263 403 9496941224592665666
HIT 3 2083069034535 485 15698775839181828238
HIT 3 1146766229543 267 12666730585643544531
HIT 3 1730881781799 403 7667145057449286193
HIT 3 2083069100071 485 5292693357251453811
HIT 3 1146766295079 267 12788553632228156661
HIT 3 1730881847335 403 2678107765239857912
HIT 3 2083069165607 485 9826813084119154098
HIT 3 1146766360615 267 8656279484883966232
HIT 3 1730881912871 403 6721642555590887236
HIT 3 2083069231143 485 12912765067832178271
HIT 3 1146766426151 267 357603306593846916
HIT 3 1730881978407 403 15888560377850088238
HIT 3 2083069296679 485 16655397969549266024
HIT 3 1146766491687 267 17450170514145522913
HIT 3 1730882043943 403 16457579427466531407
HIT 3 2083069362215 485 3837516257088681221
HIT 3 1146766557223 267 9514532570647194931
HIT 3 1730882109479 403 12318695376264403936
HIT 3 2083069427751 485 7715059068489387251
HIT 3 1146766622759 267 10356313787680470645
HIT 3 1730882175015 403 5808677714778719052
HIT 3 2083069493287 485 7683386715050891435
HIT 3 1146766688295 267 18036694923075637812
HIT 3 1730882240551 403 2808359007991251608
HIT 3 2083069558823 485 5657505413112473905
HIT 3 1146766753831 267 2238491351604653856
HIT 3 1730882306087 403 799044387603588608
HIT 3 2083069624359 485 14517978794446040057
HIT 3 1146766819367 267 17121953377940599348
HIT 3 1730882371623 403 15807736471008569254
HIT 3 2083069689895 485 6762743988091584942
HIT 3 1146766884903 267 2862253286725603106
HIT 3 1730882437159 403 97946509700006754
HIT 3 2083069755431 485 11633428515028017855
HIT 3 1146766950439 267 8730376865897335526
HIT 3 1730882502695 403 16587403087215353715
HIT 3 2083069820967 485 4191989662117464609
HIT 3 1146767015975 267 10730780362381678139
HIT 3 1730882568231 403 12195257555676171410
HIT 3 2083069886503 485 1029606956010843838
HIT 3 1146767081511 267 6357201532037452424
HIT 3 1730882633767 403 6545793153571658540
HIT 3 2083069952039 485 7941733774812749976
HIT 3 1146767147047 267 7087182905820196738
HIT 3 1730882699303 403 11397486068851711859
HIT 3 2083070017575 485 2564986297413690899
HIT 3 1146767212583 267 11502647785409207513
HIT 3 1730882764839 403 8856292012103123124
HIT 3 2083070083111 485 12738034906204106186
HIT 3 1146767278119 267 6916739869816356291
HIT 3 1730882830375 403 9090208325395821176
HIT 3 2083070148647 485 8158260283812881432
HIT 3 1146767343655 267 14395365229815039691
HIT 3 1730882895911 403 2006357638144476822
HIT 3 2083070214183 485 6068536242166665601
HIT 3 1146767409191 267 11594830435621177813
HIT 3 1730882961447 403 11568150226832674928
HIT 3 2083070279719 485 8709923049872757605
HIT 3 1146767474727 267 9068620045238517321
HIT 3 1730883026983 403 7906478428994016735
HIT 3 2083070345255 485 4630599795910268219
HIT 3 1146767540263 267 7460893218159572312
HIT 3 1730883092519 403 3138226224553713064
HIT 3 2083070410791 485 5472574556274428257
HIT 3 1146767605799 267 2797731213184312614
HIT 3 1730883158055 403 11225439946740957547
HIT 3 2083070476327 485 3849145744854014270
HIT 3 1146767671335 267 12830114857458088266
HIT 3 1730883223591 403 6454849752411828898
HIT 3 2083070541863 485 4329380966318291870
HIT 3 1146767736871 267 9111570550717104904
HIT 3 1730883289127 403 7770398108436996063
HIT 3 2083070607399 485 11404254415256967016
HIT 3 1146767802407 267 423760130626926385
HIT 3 1730883354663 403 8985354830069841977
HIT 3 2083070672935 485 12478359359967822903
HIT 3 1146767867943 267 114274612334954079
HIT 3 1730883420199 403 1545297821824138436
HIT 3 2083070738471 485 13163339280448957696
HIT 3 1146767933479 267 3675223609281788171
HIT 3 1730883485735 403 5543541956828228536
HIT 3 2083070804007 485 15971145173761194976
HIT 3 1146767999015 267 11579192308625818042
HIT 3 1730883551271 403 4874209889852911671
HIT 3 2083070869543 485 4235238062080120127
HIT 3 1146768064551 267 6401140504947301916
HIT 3 1730883616807 403 12051576743612928395
HIT 3 2083070935079 485 13547172967637537098
HIT 3 1146768130087 267 3278672549366566080
HIT 3 1730883682343 403 6709908215247690712
HIT 3 2083071000615 485 11727102314965331314
HIT 3 1146768195623 267 900426457109197947
HIT 3 1730883747879 403 5241563557631411316
HIT 3 2083071066151 485 15052061722368941862
HIT 3 1146768261159 267 6169766189465376374
HIT 3 1730883813415 403 844722881464664491
HIT 3 2083071131687 485 8962879639747153719
HIT 3 1146768326695 267 18012324088452464710
HIT 3 1730883878951 403 7281706825691919807
HIT 3 2083071197223 485 12990466641195419775
HIT 3 1146768392231 267 14511887358441158606
HIT 3 1730883944487 403 8681393596342081830
HIT 3 2083071262759 485 6381773748836681497
HIT 3 1146768457767 267 1330242186763214045
HIT 3 1730884010023 403 3847640902408202023
HIT 3 1730889318436 403 12203376513589603816
HIT 3 2083076636708 485 4880547793745262499
HIT 3 2083071328295 485 16458357336951415743
HIT 3 1146768523303 267 17510252759976096044
HIT 3 1730884075559 403 3262564439806892493
HIT 3 2083071393831 485 13969874292047166925
HIT 3 1146768588839 267 2463765149134438654
HIT 3 1730884141095 403 10604038428600336678
HIT 3 2083071459367 485 5468987223705454353
HIT 3 1146768654375 267 869590190234752068
HIT 3 1730884206631 403 9818275925596327737
HIT 3 2083071524903 485 17140745558434874504
HIT 3 1146768719911 267 1764836844927356485
HIT 3 1730884272167 403 6094662451541959646
HIT 3 2083071590439 485 10127580106663334142
HIT 3 1146768785447 267 14635081580427922145
HIT 3 1730884337703 403 17188524085121450265
HIT 3 2083071655975 485 18415663912586344824
HIT 3 1146768850983 267 1812858433633175046
HIT 3 1730884403239 403 15655877417406856434
HIT 3 2083071721511 485 17401231876697783049
HIT 3 1146768916519 267 10931279959577880747
HIT 3 1730884468775 403 18083717996493523526
HIT 3 2083071787047 485 163128236707134320
HIT 3 1146768982055 267 2371539736013081477
HIT 3 1730884534311 403 10071429100792837903
HIT 3 2083071852583 485 4033774843036654907
HIT 3 1146769047591 267 1553967319230503240
HIT 3 1730884599847 403 13336493388031835954
HIT 3 2083071918119 485 5094933070415782109
HIT 3 1146769113127 267 15925469237092640803
HIT 3 1730884665383 403 3332145931692068802
HIT 3 2083071983655 485 6680546524716397013
HIT 3 1146769178663 267 17660106998007889482
HIT 3 1730884730919 403 7125914989631580158
HIT 3 2083072049191 485 17450555769114020386
HIT 3 1146769244199 267 13859489010160168854
HIT 3 1730884796455 403 7906892728014427122
HIT 3 2083072114727 485 4607370428523771256
HIT 3 1146769309735 267 12731549382510455922
HIT 3 1730884861991 403 12318683307337984001
HIT 3 2083072180263 485 14993983642659606905
HIT 3 1146769375271 267 7113531590367873444
HIT 3 1730884927527 403 4906935033898073966
HIT 3 2083072245799 485 2887666974991530074
HIT 3 1146769440807 267 10549715366209999817
HIT 3 1730884993063 403 9315774293813441751
HIT 3 2083072311335 485 17131887122948577566
HIT 3 1146769506343 267 9764795681353893653
HIT 3 1730885058599 403 12198770282105605041
HIT 3 2083072376871 485 7998664075392129673
HIT 3 1146769571879 267 9533696744549218780
HIT 3 1730885124135 403 1940354793116148016
HIT 3 2083072442407 485 396150632461480058
HIT 3 1146769637415 267 10936218469559129068
HIT 3 1730885189671 403 121868806949142841
HIT 3 2083072507943 485 1341971428710959136
HIT 3 1146769702951 267 14055759046318454971
HIT 3 1730885255207 403 972221065499003219
HIT 3 2083072573479 485 14370862899688477364
HIT 3 1146769768487 267 13086809968640847010
HIT 3 1730885320743 403 7120215596050820438
HIT 3 2083072639015 485 11663263018613932440
HIT 3 1146769834023 267 4582508490587971209
HIT 3 1730885386279 403 2292176337381240463
HIT 3 2083072704551 485 11923866913275797093
HIT 3 1146769899559 267 8598369081518481439
HIT 3 1730885451815 403 14266470105020713712
HIT 3 2083072770087 485 12618335869623587750
HIT 3 1146769965095 267 2831906200791221204
HIT 3 1730885517351 403 10253485337441555437
HIT 3 2083072835623 485 716920273864762011
HIT 3 1146770030631 267 7359379013767684014
HIT 3 1730885582887 403 14208882476729683214
HIT 3 2083072901159 485 13805344048881033989
HIT 3 1146770096167 267 15629047069992417988
HIT 3 1730885648423 403 15446362020964733568
HIT 3 2083072966695 485 1629953561583437465
HIT 3 1146770161703 267 2848499628031690564
HIT 3 1730885713959 403 12949115894983539584
HIT 3 2083073032231 485 8403137400017298456
HIT 3 1146770227239 267 4931124657859273018
HIT 3 1730885779495 403 11649735887356336096
HIT 3 2083073097767 485 12530162916242225654
HIT 3 1146770292775 267 9577412813589456743
HIT 3 1730885845031 403 8820585421017027253
HIT 3 2083073163303 485 7350132183160058182
HIT 3 1146770358311 267 16976216248299816785
HIT 3 1730885910567 403 7974580279428453137
HIT 3 2083073228839 485 2756689926538823457
HIT 3 1146770423847 267 4707249051843714963
HIT 3 1730885976103 403 7549358118926158803
HIT 3 2083073294375 485 3595408628745258743
HIT 3 1146770489383 267 9260093759229779166
HIT 3 1730886041639 403 4897027431804920890
HIT 3 2083073359911 485 4789037020249168415
HIT 3 1146770554919 267 4090779356241582192
HIT 3 1730886107175 403 17464828699267640060
HIT 3 2083073425447 485 145714873355312448
HIT 3 1146770620455 267 2227105555165526641
HIT 3 1730886172711 403 5866861110604094163
HIT 3 2083073490983 485 2946060385109106072
HIT 3 1146770685991 267 17969153278629039947
HIT 3 1730886238247 403 12449796902641874732
HIT 3 2083073556519 485 310275159164749232
HIT 3 1146770751527 267 7422068635961162304
HIT 3 1730886303783 403 10889090534631184394
HIT 3 2083073622055 485 17671340059579712489
HIT 3 1146770817063 267 15994413375523014638
HIT 3 1730886369319 403 10213141266649056313
HIT 3 2083073687591 485 15272793262850226554
HIT 3 1146770882599 267 13040770875325928370
HIT 3 1730886434855 403 4684613841346007413
HIT 3 2083073753127 485 5256388036792054433
HIT 3 1146770948135 267 7946307181072302414
HIT 3 1730886500391 403 8658718666890206503
HIT 3 2083073818663 485 15042725131112751803
HIT 3 1146771013671 267 15959820926213394089
HIT 3 1730886565927 403 12914564308871305345
HIT 3 2083073884199 485 9424913849093885870
HIT 3 1146771079207 267 3149402220799709495
HIT 3 1730886631463 403 15583294289070645457
HIT 3 2083073949735 485 13420458526836133416
HIT 3 1146771144743 267 12488015224382620732
HIT 3 1730886696999 403 17351891462813659821
HIT 3 2083074015271 485 2579825945800177905
HIT 3 1146771210279 267 15531096367161480903
HIT 3 1730886762535 403 1982928204505608517
HIT 3 2083074080807 485 11791063141527121648
HIT 3 1146771275815 267 12405825800005643178
HIT 3 1730886828071 403 2490893836831444320
HIT 3 2083074146343 485 2471863641982424016
HIT 3 1146771341351 267 13193405481780604916
HIT 3 1730886893607 403 12917517354141594209
HIT 3 2083074211879 485 4531146262831152482
HIT 3 1146771406887 267 6114877813050694673
HIT 3 1730886959143 403 7632417582686936954
HIT 3 2083074277415 485 6720999683528152525
HIT 3 1146771472423 267 14392238672014461269
HIT 3 1730887024679 403 10700148506352491924
HIT 3 2083074342951 485 138948525801441486
HIT 3 1146771537959 267 10500771920328611820
HIT 3 1730887090215 403 936670396125150238
HIT 3 2083074408487 485 13424190243828712369
HIT 3 1146771603495 267 9857047583153718857
HIT 3 1730887155751 403 15934757819471716744
HIT 3 2083074474023 485 16586719643540729003
HIT 3 1146771669031 267 8827079504455523829
HIT 3 1730887221287 403 12873726460962404499
HIT 3 2083074539559 485 4538886158482082460
HIT 3 1146771734567 267 14999245926290580729
HIT 3 1730887286823 403 17142437408086238333
HIT 3 2083074605095 485 6449586404865759271
HIT 3 1146771800103 267 13977277790396296789
HIT 3 1730887352359 403 2653228156738200691
HIT 3 2083074670631 485 2616790832355537725
HIT 3 1146771865639 267 9436240592538870564
HIT 3 1730887417895 403 18374027386829894893
HIT 3 2083074736167 485 975026721395956026
HIT 3 1146771931175 267 3877199878695716280
HIT 3 1730887483431 403 7617346713880962745
HIT 3 2083074801703 485 1630273464202467422
HIT 3 1146771996711 267 5747903905197290297
HIT 3 1730887548967 403 4294298244088470480
HIT 3 2083074867239 485 8679187610574683703
HIT 3 1146772062247 267 6788046917082956689
HIT 3 1730887614503 403 15855601588398798744
HIT 3 2083074932775 485 3786159725359596437
HIT 3 1146772127783 267 5508760113232465203
HIT 3 1730887680039 403 17981855394183187750
HIT 3 2083074998311 485 695329665466916177
HIT 3 1146772193319 267 5068144793145658939
HIT 3 1730887745575 403 7405510221311478413
HIT 3 2083075063847 485 1296081078631638933
HIT 3 1146772258855 267 17917205712616053667
HIT 3 1730887811111 403 8314659260527692565
HIT 3 2083075129383 485 10647754448591252837
HIT 3 1146772324391 267 3338841104229160676
HIT 3 1730887876647 403 9572210197718595994
HIT 3 2083075194919 485 5658802270300388163
HIT 3 1146772389927 267 10598378541661047720
HIT 3 1730887942183 403 5273755008770157023
HIT 3 2083075260455 485 9399441518454605669
HIT 3 1146772455463 267 17896914337361189470
HIT 3 1730888007719 403 10436151673796446127
HIT 3 2083075325991 485 250371546093073254
HIT 3 1146772520999 267 16379607357680122219
HIT 3 1730888073255 403 12496306147279526732
HIT 3 2083075391527 485 1831110971141382562
HIT 3 1146772586535 267 1963083929630459934
HIT 3 1730888138791 403 4599054083831467096
HIT 3 2083075457063 485 5942794370519318637
HIT 3 1146772652071 267 13507955063092770900
HIT 3 1730888204327 403 2599783238223177289
HIT 3 2083075522599 485 15961674121711136065
HIT 3 1146772717607 267 10658682392077564457
HIT 3 1730888269863 403 13431693987437054765
HIT 3 2083075588135 485 12206603269258593665
HIT 3 1146772783143 267 14639858219917512922
HIT 3 1730888335399 403 5598048995727447918
HIT 3 2083075653671 485 18428690172600224673
HIT 3 1146772848679 267 3285242086544010507
HIT 3 1730888400935 403 12783159495468056034
HIT 3 2083085549604 485 835919240242168196
HIT 3 2083075719207 485 5738018469985001706
HIT 3 1146772914215 267 2087077442630959218
HIT 3 1730888466471 403 12585389919136728019
HIT 3 2083075784743 485 12327276053541965102
HIT 3 1146772979751 267 14050722377990150595
HIT 3 1730888532007 403 18392041516393173542
HIT 3 2083075850279 485 10308329666304121103
HIT 3 1146773045287 267 3082266478814182337
HIT 3 1730888597543 403 6003603173314821927
HIT 3 2083075915815 485 4147047724815213020
HIT 3 1146773110823 267 18284663005062586770
HIT 3 1730888663079 403 3209101775069060953
HIT 3 2083075981351 485 351868150541761035
HIT 3 1146773176359 267 12776436608412717852
HIT 3 1730888728615 403 9487379722921451841
HIT 3 2083076046887 485 6627674573181751287
HIT 3 1146773241895 267 3110242809315384348
HIT 3 1730888794151 403 12387435271798641927
HIT 3 2083076112423 485 14956454165720705840
HIT 3 1146773307431 267 13836560926804467318
HIT 3 1730888859687 403 18027860481779241189
HIT 3 2083076177959 485 3955175139887982523
HIT 3 1146773372967 267 270518512552417449
HIT 3 1730888925223 403 17268379410394894869
HIT 3 2083076243495 485 4041735636011575025
HIT 3 1146773438503 267 1668821458332444967
HIT 3 1730888990759 403 1352141758672487517
HIT 3 2083076309031 485 4369214221649391949
HIT 3 1138183569447 265 1668821458332444967
HIT 3 1146773504039 267 17047398371929825568
HIT 3 1730889056295 403 9094097242507076845
HIT 3 2083076374567 485 7487253603102655496
HIT 3 1146773569575 267 1521796835837426872
HIT 3 1155363504167 269 1164016518291835330
HIT 3 1730889121831 403 3999717300531746316
HIT 3 2083076440103 485 9156703513638382830
HIT 3 1146773635111 267 1164016518291835330
HIT 3 1722299252775 401 4144712086252905800
HIT 3 1726594220071 402 9649203290804321408
HIT 3 1730889187367 403 15027911700117563867
HIT 3 1739479121959 405 9248755770312808572
HIT 3 2074486571047 483 3526391270360982389
HIT 3 2078781538343 484 8055539478589338665
HIT 3 2083076505639 485 13174392574199370910
HIT 3 2091666440231 487 9086990432530669166
HIT 3 1151068667943 268 2759761194491960379
HIT 3 1155363635239 269 4239151339904881574
HIT 3 1163953569831 271 10391603198144496631
HIT 3 1722299318311 401 5372885602116185693
HIT 3 1726594285607 402 15829477660872459889
HIT 3 1730889252903 403 7291219008719294255
HIT 3 1739479187495 405 11384976108093816033
HIT 3 2074486636583 483 11677571400357137428
HIT 3 2078781603879 484 18355712148451214078
HIT 3 2083076571175 485 2493850818874341830
HIT 3 2091666505767 487 9112097857389599338
HIT 3 1151068733479 268 6391605290646792307
HIT 3 1155363700775 269 10391603198144496631
HIT 3 1159658668071 270 2759761194491960379
HIT 3 1163953635367 271 9965419175867594623
HIT 3 1168248602663 272 13198289813668177762
HIT 3 1172543569959 273 12932718384847118159
HIT 3 1176838537255 274 13388579982735604416
HIT 3 1181133504551 275 18015758683217628145
HIT 3 1185428471847 276 14609848706453958616
HIT 3 1189723439143 277 15870575108104149367
HIT 3 1194018406439 278 14150921189803009064
HIT 3 1198313373735 279 1141451354749903675
HIT 3 1202608341031 280 6739382224572972310
HIT 3 1206903308327 281 11457564328502284597
HIT 3 1211198275623 282 2570440857419703809
HIT 3 1215493242919 283 6516490299671065117
HIT 3 1219788210215 284 13003196976502885235
HIT 3 1224083177511 285 5618468212090943759
HIT 3 1228378144807 286 15007081242455543513
HIT 3 1232673112103 287 16999602749935007624
HIT 3 1236968079399 288 16501650983202066546
HIT 3 1241263046695 289 13829135378833755797
HIT 3 1245558013991 290 7454721483325733681
HIT 3 1249852981287 291 7210449123771869603
HIT 3 1254147948583 292 11251838507526908676
HIT 3 1258442915879 293 5752624272014729441
HIT 3 1262737883175 294 16719409314242498972
HIT 3 1267032850471 295 13178541087002034971
HIT 3 1271327817767 296 18083220056709722885
HIT 3 1275622785063 297 11277694663978238286
HIT 3 1279917752359 298 1330085368951182469
HIT 3 1284212719655 299 12815017040518677391
HIT 3 1288507686951 300 3943571243375257443
HIT 3 1292802654247 301 838063611910762815
HIT 3 1297097621543 302 7318045995569268515
HIT 3 1301392588839 303 15167397370855359873
HIT 3 1305687556135 304 8741336337989802621
HIT 3 1309982523431 305 13231006484300150827
HIT 3 1314277490727 306 3111876363612770416
HIT 3 1318572458023 307 724864562438429142
HIT 3 1322867425319 308 6853493025229510204
HIT 3 1327162392615 309 6143469521347267652
HIT 3 1331457359911 310 14866525585605936684
HIT 3 1335752327207 311 5958593831468862550
HIT 3 1340047294503 312 7228269172563517481
HIT 3 1344342261799 313 17576771340406629758
HIT 3 1348637229095 314 6762619950502443637
HIT 3 1352932196391 315 6811592756488993362
HIT 3 1357227163687 316 10636848419338520695
HIT 3 1361522130983 317 8783180600279472379
HIT 3 1365817098279 318 11938693678928496273
HIT 3 1370112065575 319 9069540620771336001
HIT 3 1374407032871 320 4572552384818774724
HIT 3 1378702000167 321 5610539628389117060
HIT 3 1382996967463 322 305005632335263173
HIT 3 1387291934759 323 14602198011330150258
HIT 3 1391586902055 324 6083737454977258115
HIT 3 1395881869351 325 3888433767205311021
HIT 3 1400176836647 326 10153922840309863221
HIT 3 1404471803943 327 5941041424158228819
HIT 3 1408766771239 328 7606847622230389741
HIT 3 1413061738535 329 866695641471486098
HIT 3 1417356705831 330 10160405003577661499
HIT 3 1421651673127 331 1808100819818402321
HIT 3 1425946640423 332 2694700033485842971
HIT 3 1430241607719 333 15512740810066197327
HIT 3 1434536575015 334 11495798775897869261
HIT 3 1438831542311 335 14312187844665192347
HIT 3 1443126509607 336 8184554272108332972
HIT 3 1447421476903 337 15199484457291376883
HIT 3 1451716444199 338 437232555817295648
HIT 3 1456011411495 339 9390420051764014917
HIT 3 1460306378791 340 7222437163533388159
HIT 3 1464601346087 341 9139898537921689146
HIT 3 1468896313383 342 10545433382661101552
HIT 3 1473191280679 343 10145144981264253767
HIT 3 1477486247975 344 17206483841542802439
HIT 3 1481781215271 345 18314683846504328157
HIT 3 1486076182567 346 12895536385563145190
HIT 3 1490371149863 347 15010085298948232929
HIT 3 1494666117159 348 10526285184574132664
HIT 3 1498961084455 349 11639482228925820331
HIT 3 1503256051751 350 6905427164682009456
HIT 3 1507551019047 351 4346921786393647796
HIT 3 1511845986343 352 2852224533870145003
HIT 3 1516140953639 353 15753782669096010043
HIT 3 1520435920935 354 12081212275335771438
HIT 3 1524730888231 355 7793586354214286402
HIT 3 1529025855527 356 16141405775109705991
HIT 3 1533320822823 357 4295874950923176991
HIT 3 1537615790119 358 14431602881348146737
HIT 3 1541910757415 359 15161248904400542736
HIT 3 1546205724711 360 16865235318341041466
HIT 3 1550500692007 361 576040139782474296
HIT 3 1554795659303 362 17875832986995050801
HIT 3 1559090626599 363 13501306386293322000
HIT 3 1563385593895 364 14202515100263561367
HIT 3 1567680561191 365 2224053413035235846
HIT 3 1571975528487 366 16228762946963086824
HIT 3 1576270495783 367 13909615884582756143
HIT 3 1580565463079 368 10386409553161715747
HIT 3 1584860430375 369 10390163948158010815
HIT 3 1589155397671 370 14803469815001627847
HIT 3 1593450364967 371 14292749112918888873
HIT 3 1597745332263 372 8696926841196635206
HIT 3 1602040299559 373 14714241720926314204
HIT 3 1606335266855 374 12119645282535285039
HIT 3 1610630234151 375 4391583421761960328
HIT 3 1614925201447 376 15385877312424583660
HIT 3 1619220168743 377 14838613175657295936
HIT 3 1623515136039 378 16173386546283730093
HIT 3 1627810103335 379 12213628954287424241
HIT 3 1632105070631 380 1858300033679256296
HIT 3 1636400037927 381 6944231286949483118
HIT 3 1640695005223 382 10828188018577758968
HIT 3 1644989972519 383 9272556603722640229
HIT 3 1649284939815 384 4974570835589196523
HIT 3 1653579907111 385 9319364100970209524
HIT 3 1657874874407 386 580981426612439796
HIT 3 1662169841703 387 2969376479808589490
HIT 3 1666464808999 388 3867881615701346968
HIT 3 1670759776295 389 17296297068175085410
HIT 3 1675054743591 390 1789861601187164006
HIT 3 1679349710887 391 1983828328417132123
HIT 3 1683644678183 392 13079232933892448052
HIT 3 1687939645479 393 11295284910370204172
HIT 3 1692234612775 394 14135195550474990848
HIT 3 1696529580071 395 10106133910358010619
HIT 3 1700824547367 396 7849863378397431916
HIT 3 1705119514663 397 7962430558577555582
HIT 3 1709414481959 398 4302088714713461856
HIT 3 1713709449255 399 9753191988517647815
HIT 3 1718004416551 400 16262232926628445440
HIT 3 1722299383847 401 11634267010979417254
HIT 3 1726594351143 402 15068423181159673663
HIT 3 1730889318439 403 7879566889749696446
HIT 3 1735184285735 404 13009487362901965789
HIT 3 1739479253031 405 7160186745659443774
HIT 3 1743774220327 406 9471300594741085524
HIT 3 1748069187623 407 4220822904090076542
HIT 3 1752364154919 408 10716870528780825390
HIT 3 1756659122215 409 2491348688775450195
HIT 3 1760954089511 410 5267948195946013142
HIT 3 1765249056807 411 14786101602854075562
HIT 3 1769544024103 412 11124784612447054932
HIT 3 1773838991399 413 5445081853984952579
HIT 3 1778133958695 414 7174352350257176122
HIT 3 1782428925991 415 9941095968760240817
HIT 3 1786723893287 416 13485217137745713801
HIT 3 1791018860583 417 5391372459517330430
HIT 3 1795313827879 418 10653090486612420588
HIT 3 1799608795175 419 17360296128762030209
HIT 3 1803903762471 420 9404764593190709239
HIT 3 1808198729767 421 3079500565531236154
HIT 3 1812493697063 422 17157738672884911253
HIT 3 1816788664359 423 6673654082609783631
HIT 3 1821083631655 424 6931140886681890631
HIT 3 1825378598951 425 9488101386740879539
HIT 3 1829673566247 426 12491848741160111598
HIT 3 1833968533543 427 12077846001539819128
HIT 3 1838263500839 428 494078814096225700
HIT 3 1842558468135 429 6128539041908931406
HIT 3 1846853435431 430 4305724872598167178
HIT 3 1851148402727 431 7005609756962631722
HIT 3 1855443370023 432 6327336450129363908
HIT 3 1859738337319 433 2749705327263308272
HIT 3 1864033304615 434 2275526059969435167
HIT 3 1868328271911 435 9643929189602051166
HIT 3 1872623239207 436 13878526731188708929
HIT 3 1876918206503 437 11537673270052318995
HIT 3 1881213173799 438 8234667466789753293
HIT 3 1885508141095 439 12372083830468889051
HIT 3 1889803108391 440 7192390833151802888
HIT 3 1894098075687 441 643074482920510933
HIT 3 1898393042983 442 10181517393789059186
HIT 3 1902688010279 443 14511020661793185518
HIT 3 1906982977575 444 11598090792857658274
HIT 3 1911277944871 445 17207239883979332863
HIT 3 1915572912167 446 16792954404685819466
HIT 3 1919867879463 447 2266608386716066111
HIT 3 1924162846759 448 11575781171526381315
HIT 3 1928457814055 449 6896044176368937662
HIT 3 1932752781351 450 17458122472290861369
HIT 3 1937047748647 451 12321967284149990286
HIT 3 1941342715943 452 13235965960233064881
HIT 3 1945637683239 453 5696984438774271192
HIT 3 1949932650535 454 11986278744237499802
HIT 3 1954227617831 455 7901936759003055911
HIT 3 1958522585127 456 323106505070722410
HIT 3 1962817552423 457 1011488777857846049
HIT 3 1967112519719 458 12592890247992622295
HIT 3 1971407487015 459 8920305455667191790
HIT 3 1975702454311 460 13042243998847280515
HIT 3 1979997421607 461 13323530600254472467
HIT 3 1984292388903 462 4531756499239170228
HIT 3 1988587356199 463 13866081924917370568
HIT 3 1992882323495 464 7274133513445355808
HIT 3 1997177290791 465 15235707944710606422
HIT 3 2001472258087 466 5570138462681032123
HIT 3 2005767225383 467 16853084298544520776
HIT 3 2010062192679 468 3595415568417292921
HIT 3 2014357159975 469 5622842468062496219
HIT 3 2018652127271 470 9698399995963674733
HIT 3 2022947094567 471 17333531350580462412
HIT 3 2027242061863 472 9303702831937394323
HIT 3 2031537029159 473 3050575655401214767
HIT 3 2035831996455 474 420593136260407124
HIT 3 2040126963751 475 5834565717700415059
HIT 3 2044421931047 476 706240540109435634
HIT 3 2048716898343 477 5528136462108176066
HIT 3 2053011865639 478 14147044093979688983
HIT 3 2057306832935 479 322621264243679086
HIT 3 2061601800231 480 10055322474925451896
HIT 3 2065896767527 481 9846971657458616850
HIT 3 2070191734823 482 13021772017806887709
HIT 3 2074486702119 483 3362043867357945243
HIT 3 2078781669415 484 288225642603700216
HIT 3 2083076636711 485 2877264917696341510
HIT 3 2087371604007 486 254341749935411501
HIT 3 2091666571303 487 14579949897928974676
HIT 3 2095961538599 488 14652377616419187196
HIT 3 2100256505895 489 8018019482574216308
HIT 3 2104551473191 490 16035953403989750640
HIT 3 2108846440487 491 7054653489158517168
HIT 3 2113141407783 492 16548499520284935229
HIT 3 2117436375079 493 15514894269137983616
HIT 3 2121731342375 494 1157517800509357450
HIT 3 2126026309671 495 11469849606428705168
HIT 3 2130321276967 496 4717252407020016520
HIT 3 2134616244263 497 1629082009694686013
HIT 3 2138911211559 498 3393786132149281634
HIT 3 2143206178855 499 6285658866183730813
HIT 3 2147501146151 500 16990764888454582335
HIT 3 2151796113447 501 7519031955099566804
HIT 3 2156091080743 502 4289837619689682149
HIT 3 2160386048039 503 5579680240009368670
HIT 3 2164681015335 504 3428720998394367358
HIT 3 2168975982631 505 8448821108899669873
HIT 3 2173270949927 506 5119160423955034194
HIT 3 2177565917223 507 7516305718627692792
HIT 3 2181860884519 508 16296694267507228650
HIT 3 2186155851815 509 11966978039667558607
HIT 3 2190450819111 510 12396350946396357985
HIT 3 2194745786407 511 8943789855835994598
HIT 3 1163953700903 271 7730590865371025337
HIT 3 1730889383975 403 16549851073475274019
HIT 3 2083076702247 485 14033510342118726833
HIT 3 1722299514919 401 2759268065322719546
HIT 3 1726594482215 402 8009107085437719608
HIT 3 1730889449511 403 8696301325457654202
HIT 3 1739479384103 405 7823197101502541707
HIT 3 2074486833191 483 7656549616075189758
HIT 3 2078781800487 484 2107759593637324587
HIT 3 2083076767783 485 4455640403978538219
HIT 3 2091666702375 487 6827311071046915166
HIT 3 1730889515047 403 670675093678576214
HIT 3 2083076833319 485 11184668126467576040
HIT 3 1730889580583 403 17814509256747113812
HIT 3 2083076898855 485 2744973288270744816
HIT 3 1730889646119 403 8379037934843662710
HIT 3 2083076964391 485 9197735656463576318
HIT 3 1730889711655 403 11365299354886842661
HIT 3 2083077029927 485 16139778105619759461
HIT 3 1730889777191 403 197329758324635169
HIT 3 2083077095463 485 14791247260682510370
HIT 3 1730889842727 403 11229237076430746380
HIT 3 2083077160999 485 13054817492792105544
HIT 3 1730889908263 403 16170491726298058793
HIT 3 2083077226535 485 11333732527502141746
HIT 3 1730889973799 403 59169181448616039
HIT 3 2083077292071 485 16554107183969867800
HIT 3 1730890039335 403 866227979578422920
HIT 3 2083077357607 485 3728519166549626650
HIT 3 1730890104871 403 7333035770715437144
HIT 3 2083077423143 485 10652214670780517788
HIT 3 1730890170407 403 6022383046351020017
HIT 3 2083077488679 485 2001790838785457306
HIT 3 1730890235943 403 17437006234090046059
HIT 3 2083077554215 485 13880865540868256631
HIT 3 1730890301479 403 8306095187962780343
HIT 3 2083077619751 485 14893323679396551123
HIT 3 1730890367015 403 1949208411838345428
HIT 3 2083077685287 485 9839050554881909449
HIT 3 1730890432551 403 15862859943897649482
HIT 3 2083077750823 485 16514523161926683430
HIT 3 476744187944 111 17185454420006600035
HIT 3 1146759086120 267 16789613381098806170
HIT 3 1730874638376 403 12377491408971299413
HIT 3 2083061956648 485 12863559821679609584
HIT 3 1730890498087 403 3752985353474162286
HIT 3 2083077816359 485 7759600558343841486
HIT 3 1730890563623 403 2964743590256291091
HIT 3 2083077881895 485 3033108912764390018
HIT 3 1730889187366 403 15534355425363238585
HIT 3 2083076505638 485 8257554196238435672
HIT 3 1155363635238 269 926565291716435805
HIT 3 1730889252902 403 7714998935594947919
HIT 3 2083076571174 485 6518541212355569327
HIT 3 1722299383846 401 17147539504789428363
HIT 3 1726594351142 402 9262430498742205432
HIT 3 1730889318438 403 9513510164390935651
HIT 3 1739479253030 405 3033131843793501403
HIT 3 2074486702118 483 17456384965778462324
HIT 3 2078781669414 484 12952190747408073383
HIT 3 2083076636710 485 4445481150922156448
HIT 3 2091666571302 487 16259122245290626653
HIT 3 1730889449510 403 11070849652329194806
HIT 3 2083076767782 485 12753450704947709531
HIT 3 1730890629159 403 8934089492681686110
HIT 3 2083077947431 485 9704200940298134418
HIT 3 1730890694695 403 13182495358041322915
HIT 3 2083078012967 485 8673377617756698644
HIT 3 1730890760231 403 14738291217758522480
HIT 3 2083078078503 485 3721173439504701890
HIT 3 1730890825767 403 11045709631216433720
HIT 3 2083078144039 485 3564021172020188259
HIT 3 1730890891303 403 10176448472973639715
HIT 3 2083078209575 485 4083007465959128686
HIT 3 1730890956839 403 17005551735347983079
HIT 3 2083078275111 485 5785671533109210051
HIT 3 1730891022375 403 60781623831171746
HIT 3 2083078340647 485 11315311665325185862
HIT 3 1730891087911 403 8407518163783742744
HIT 3 2083078406183 485 12493598333977484652
HIT 3 1730891153447 403 563136318638200397
HIT 3 2083078471719 485 18070754330706174133
HIT 3 1730891218983 403 3196370082012592048
HIT 3 2083078537255 485 3134117895694086472
HIT 3 1730891284519 403 13030034899673745698
HIT 3 2083078602791 485 10394168220282641993
HIT 3 1730891350055 403 13871977585222473007
HIT 3 2083078668327 485 11222578803408972648
HIT 3 1730891415591 403 11386431188128371062
HIT 3 2083078733863 485 4710803645584870300
HIT 3 1730891481127 403 420383448957074432
HIT 3 2083078799399 485 12218025703450189668
HIT 3 1730891546663 403 15851993311936008499
HIT 3 2083078864935 485 12890042485234464807
HIT 3 1730891612199 403 11610636357931378215
HIT 3 2083078930471 485 2753011613017735474
HIT 3 1730891677735 403 5572402096512188596
HIT 3 2083078996007 485 3337238651771644105
HIT 3 1730891743271 403 4374695929227266728
HIT 3 2083079061543 485 666167066762465546
HIT 3 1730891808807 403 4751378240625215161
HIT 3 2083079127079 485 15683306579175187317
HIT 3 1730891874343 403 242034158714363125
HIT 3 2083079192615 485 16399214353648080866
HIT 3 1730891939879 403 11866100317864995234
HIT 3 2083079258151 485 180177389077175478
HIT 3 1730892005415 403 14001007523840372672
HIT 3 2083079323687 485 2048665262236009177
HIT 3 1730892070951 403 9663584493615382123
HIT 3 2083079389223 485 815381000037112348
HIT 3 1730892136487 403 16107801596420919238
HIT 3 2083079454759 485 12197626692254426254
HIT 3 1730892202023 403 5883720967682169742
HIT 3 2083079520295 485 5447815806984052926
HIT 3 1730892267559 403 9907633315987003139
HIT 3 2083079585831 485 8014069546450344993
HIT 3 1730892333095 403 13208970290612246984
HIT 3 2083079651367 485 16441034361419257033
HIT 3 1730892398631 403 9551438730965641892
HIT 3 2083079716903 485 596614157838746312
HIT 3 1730892464167 403 12835196800950335856
HIT 3 2083079782439 485 3197038537136709395
HIT 3 1730892529703 403 6428287116950384642
HIT 3 2083079847975 485 6552368248425836859
HIT 3 1730892595239 403 2763185133860343870
HIT 3 2083079913511 485 12087152210984918356
HIT 3 1730892660775 403 13471693404020333730
HIT 3 2083079979047 485 16286496264023756674
HIT 3 1730892726311 403 6830206347420370171
HIT 3 2083080044583 485 7208301128538293540
HIT 3 1730892791847 403 622393714580065129
HIT 3 2083080110119 485 3557910690606229260
HIT 3 1730892857383 403 7968338391241605490
HIT 3 2083080175655 485 12192726064546011572
HIT 3 1730892922919 403 5344999078656061698
HIT 3 2083080241191 485 18315499037833048539
HIT 3 1730892988455 403 694212369137580285
HIT 3 2083080306727 485 18180887126124898653
HIT 3 1730893053991 403 7930040592352456860
HIT 3 2083080372263 485 17454510421589506407
HIT 3 1730893119527 403 6432985035293060224
HIT 3 2083080437799 485 12309972401131847754
HIT 3 1730893185063 403 15256672838143110251
HIT 3 2083080503335 485 15708640065336686840
HIT 3 1730893250599 403 8267769575798642457
HIT 3 2083080568871 485 5393271515678494296
HIT 3 1730893316135 403 14669648747049187827
HIT 3 2083080634407 485 17856444902348328207
HIT 3 1730893381671 403 5895856042658771280
HIT 3 2083080699943 485 4718820588134361611
HIT 3 1730893447207 403 12980946621704956
HIT 3 2083080765479 485 7716845305821444398
HIT 3 1730893512743 403 12772191493400300766
HIT 3 2083080831015 485 8090686315496761481
HIT 3 1730893578279 403 4653423023559076957
HIT 3 2083080896551 485 7044904648922393124
HIT 3 1730893643815 403 14890203339630169483
HIT 3 2083080962087 485 8897267574483027237
HIT 3 1730893709351 403 15278752505042896464
HIT 3 2083081027623 485 11798170184038335515
HIT 3 1730893774887 403 17329024280492477927
HIT 3 2083081093159 485 2368703907528229117
HIT 3 1730893840423 403 6987344556422204036
HIT 3 2083081158695 485 17606481052899393344
HIT 3 1730893905959 403 4341328976138346801
HIT 3 2083081224231 485 16108429812524786778
HIT 3 1730893971495 403 5755407272895507875
HIT 3 2083081289767 485 2010950483510222894
HIT 3 1730894037031 403 2848392020212251263
HIT 3 2083081355303 485 13930929129514904882
HIT 3 1730894102567 403 7112693092431144326
HIT 3 2083081420839 485 14702705075137176901
HIT 3 1730894168103 403 6743779087823747024
HIT 3 2083081486375 485 15003682153590009776
HIT 3 1730894233639 403 220389319073997322
HIT 3 2083081551911 485 13704040377422106390
HIT 3 1730894299175 403 18181362865940649691
HIT 3 2083081617447 485 13197628891285098401
HIT 3 1730894364711 403 9331186473072540633
HIT 3 2083081682983 485 17487842932553276856
HIT 3 1730894430247 403 9123484008895869052
HIT 3 2083081748519 485 18362634734489513276
HIT 3 1730894495783 403 5420901431047853362
HIT 3 2083081814055 485 10934102439008423696
HIT 3 1730894561319 403 16917157998399695277
HIT 3 2083081879591 485 7028398971114627260
HIT 3 1730894626855 403 13439777305534256466
HIT 3 2083081945127 485 15842479794744807444
HIT 3 1730894692391 403 1328269313772998960
HIT 3 2083082010663 485 5687504401011326506
HIT 3 1730894757927 403 17081886700787336243
HIT 3 2083082076199 485 8984608608105067351
HIT 3 1730894823463 403 6549236028130042234
HIT 3 2083082141735 485 543906114808926284
HIT 3 1730894888999 403 7728264134119349464
HIT 3 2083082207271 485 15882257318513067793
HIT 3 1730894954535 403 14683979004909581411
HIT 3 2083082272807 485 2848295987252269450
HIT 3 1730895020071 403 2206183872599758220
HIT 3 2083082338343 485 11501904443420357762
HIT 3 1730895085607 403 14991624840435851666
HIT 3 2083082403879 485 18135521546866041774
HIT 3 1730895151143 403 10913412011019164976
HIT 3 2083082469415 485 2935651100777915393
HIT 3 1730895216679 403 2016447737206170838
HIT 3 2083082534951 485 71186167089698662
HIT 3 1730895282215 403 5379301165678076601
HIT 3 2083082600487 485 6116865383664417554
HIT 3 1730895347751 403 15253908888268804271
HIT 3 2083082666023 485 2386550685021724180
HIT 3 1730895413287 403 5401742162318780938
HIT 3 2083082731559 485 17633116099423320183
HIT 3 1730895478823 403 9106537789619097982
HIT 3 2083082797095 485 13021136515716752749
HIT 3 1730895544359 403 12439891091012602876
HIT 3 2083082862631 485 7485056226849254671
HIT 3 1730895609895 403 17931443722900365292
HIT 3 2083082928167 485 74731225983997067
HIT 3 1730895675431 403 15388628766462440608
HIT 3 2083082993703 485 11520182097462052203
HIT 3 1730895740967 403 13073663927511890731
HIT 3 2083083059239 485 837278990434677586
HIT 3 1730895806503 403 12538793639864236072
HIT 3 2083083124775 485 6945911641894611540
HIT 3 1730895872039 403 10958545354043537881
HIT 3 2083083190311 485 9887251728321607511
HIT 3 1730895937575 403 17510442077047863485
HIT 3 2083083255847 485 16386076065255334740
HIT 3 1730896003111 403 5335849646336338469
HIT 3 2083083321383 485 16462471374339686507
HIT 3 1730896068647 403 6155557281787050328
HIT 3 2083083386919 485 4858591593890732065
HIT 3 1730896134183 403 1134593313281176725
HIT 3 2083083452455 485 6592861636761304827
HIT 3 1730896199719 403 2349869835708980336
HIT 3 2083083517991 485 3678783675735788597
HIT 3 1730896265255 403 2706891271837282821
HIT 3 2083083583527 485 10616815854108001742
HIT 3 1730896330791 403 16001216029517682411
HIT 3 2083083649063 485 10547429559918428080
HIT 3 1730896396327 403 10624281378135122032
HIT 3 2083083714599 485 5844083182587464055
HIT 3 1730896461863 403 14633060428231278955
HIT 3 2083083780135 485 8031610544451213509
HIT 3 1730896527399 403 17340244782833991557
HIT 3 2083083845671 485 1702473248785218134
HIT 3 1730896592935 403 9792231588413896723
HIT 3 2083083911207 485 14377038868314848274
HIT 3 1730896658471 403 1765100982302445576
HIT 3 2083083976743 485 7520720175418000221
HIT 3 1730896724007 403 16092429884839107494
HIT 3 2083084042279 485 13405569540867101372
HIT 3 1730896789543 403 18134170384646974671
HIT 3 2083084107815 485 15548947621030193350
HIT 3 1730896855079 403 1514833128145559782
HIT 3 2083084173351 485 16002603290115714972
HIT 3 1730896920615 403 17216488403708298978
HIT 3 2083084238887 485 16192675344014792712
HIT 3 1730896986151 403 11728094113264130095
HIT 3 2083084304423 485 8566868171802290039
HIT 3 1730897051687 403 17927837518857320355
HIT 3 2083084369959 485 17748391706061691701
HIT 3 1730897117223 403 5194464505048127615
HIT 3 2083084435495 485 17155661783589843635
HIT 3 1730897182759 403 107502644153106666
HIT 3 2083084501031 485 8020926741196917792
HIT 3 1730897248295 403 15096108165331191492
HIT 3 2083084566567 485 16215677835701955144
HIT 3 1730897313831 403 3244169886172746106
HIT 3 2083084632103 485 723522988089696441
HIT 3 1730897379367 403 15506150271937075044
HIT 3 2083084697639 485 13348025651271630435
HIT 3 1730897444903 403 16204161928734513519
HIT 3 2083084763175 485 10041298934285231459
HIT 3 1730897510439 403 5502201652659166958
HIT 3 2083084828711 485 13478095133432815782
HIT 3 1730897575975 403 11062849366713610626
HIT 3 2083084894247 485 18055242870140147965
HIT 3 1730897641511 403 1313965703079732997
HIT 3 2083084959783 485 9797551383030175875
HIT 3 1730897707047 403 12633378452927326876
HIT 3 2083085025319 485 1238391531264408743
HIT 3 1730897772583 403 3876109648832476431
HIT 3 2083085090855 485 14363409641286093160
HIT 3 1730897838119 403 6537301607858354837
HIT 3 2083085156391 485 2255196238443442735
HIT 3 1730897903655 403 10412004943568874712
HIT 3 2083085221927 485 983752993578434403
HIT 3 1722308034599 401 10412004943568874712
HIT 3 1730897969191 403 15194989269052925398
HIT 3 2083085287463 485 15458736515806472234
HIT 3 1730898034727 403 1138109026407770984
HIT 3 1739487969319 405 8342534750686875829
HIT 3 2083085352999 485 12429171350989209704
HIT 3 1730898100263 403 8342534750686875829
HIT 3 2074495483943 483 7055617162089884554
HIT 3 2078790451239 484 6834330150875968196
HIT 3 2083085418535 485 14006267266571213322
HIT 3 2091675353127 487 1842461879933983447
HIT 3 1735193133095 404 12149549823574508395
HIT 3 1739488100391 405 18222469832696750284
HIT 3 1748078034983 407 16883061808010766648
HIT 3 2074495549479 483 4974477643166508952
HIT 3 2078790516775 484 12377668428713563085
HIT 3 2083085484071 485 6024983616566503885
HIT 3 2091675418663 487 15946001893808357070
HIT 3 1735193198631 404 3393574860941602214
HIT 3 1739488165927 405 16883061808010766648
HIT 3 1743783133223 406 12149549823574508395
HIT 3 1748078100519 407 9771353551495978963
HIT 3 1752373067815 408 2393356622026858341
HIT 3 1756668035111 409 8604136460243444629
HIT 3 1760963002407 410 8340478374116665621
HIT 3 1765257969703 411 1638366012194745109
HIT 3 1769552936999 412 16776726686326142221
HIT 3 1773847904295 413 16835428168178156316
HIT 3 1778142871591 414 8233174700867553155
HIT 3 1782437838887 415 9365867812373818927
HIT 3 1786732806183 416 4137959103025805707
HIT 3 1791027773479 417 6840898204495379030
HIT 3 1795322740775 418 9289115862314667733
HIT 3 1799617708071 419 12249449284658188272
HIT 3 1803912675367 420 8156007537144521987
HIT 3 1808207642663 421 17648047951291734776
HIT 3 1812502609959 422 4946489095729630136
HIT 3 1816797577255 423 9547807893815638598
HIT 3 1821092544551 424 1743581447093788593
HIT 3 1825387511847 425 3152600691146021771
HIT 3 1829682479143 426 5314032717826443542
HIT 3 1833977446439 427 18289025255584585710
HIT 3 1838272413735 428 4846572145029408447
HIT 3 1842567381031 429 4123182523229725396
HIT 3 1846862348327 430 8255023839673745564
HIT 3 1851157315623 431 13891337943454075141
HIT 3 1855452282919 432 16795923626494021165
HIT 3 1859747250215 433 570743686301965330
HIT 3 1864042217511 434 4805041291769654266
HIT 3 1868337184807 435 7821656394688928946
HIT 3 1872632152103 436 1885561293293099161
HIT 3 1876927119399 437 1794896048903237571
HIT 3 1881222086695 438 13449392411765110485
HIT 3 1885517053991 439 2833809485083575614
HIT 3 1889812021287 440 13300773968376065227
HIT 3 1894106988583 441 18420535922943222764
HIT 3 1898401955879 442 3643121561726654839
HIT 3 1902696923175 443 2429236785488454076
HIT 3 1906991890471 444 12493447529718054600
HIT 3 1911286857767 445 7960755278747646318
HIT 3 1915581825063 446 12359570667637778148
HIT 3 1919876792359 447 17551823659404829185
HIT 3 1924171759655 448 5678440036682849776
HIT 3 1928466726951 449 5748823835498147374
HIT 3 1932761694247 450 290792550222062968
HIT 3 1937056661543 451 502901130581511000
HIT 3 1941351628839 452 12659903365872621720
HIT 3 1945646596135 453 5179731929643989502
HIT 3 1949941563431 454 3979947970648580619
HIT 3 1954236530727 455 2676173950379228381
HIT 3 1958531498023 456 10487253812787621473
HIT 3 1962826465319 457 17148481087532138068
HIT 3 1967121432615 458 12671679672956483615
HIT 3 1971416399911 459 698511930055251855
HIT 3 1975711367207 460 3661250807415452454
HIT 3 1980006334503 461 3205917656457916211
HIT 3 1984301301799 462 13459904697026430713
HIT 3 1988596269095 463 5685057896551976193
HIT 3 1992891236391 464 6512596418707131686
HIT 3 1997186203687 465 1501784835954040888
HIT 3 2001481170983 466 56829425097005623
HIT 3 2005776138279 467 2887044365233354566
HIT 3 2010071105575 468 499383644904812134
HIT 3 2014366072871 469 16409924026065853067
HIT 3 2018661040167 470 6859316438611903102
HIT 3 2022956007463 471 4277632900334059627
HIT 3 2027250974759 472 10041000029014259738
HIT 3 2031545942055 473 7578617395072928794
HIT 3 2035840909351 474 13366560588983195779
HIT 3 2040135876647 475 6331294333926704025
HIT 3 2044430843943 476 3625862485559355260
HIT 3 2048725811239 477 8921727278904157707
HIT 3 2053020778535 478 4635509775456768797
HIT 3 2057315745831 479 1384515105320299824
HIT 3 2061610713127 480 5813760653425311080
HIT 3 2065905680423 481 10991223075624636876
HIT 3 2070200647719 482 1326010021661547350
HIT 3 2074495615015 483 14213833306739137120
HIT 3 2078790582311 484 15186273505548333271
HIT 3 2083085549607 485 17604943958059672913
HIT 3 2087380516903 486 13818071256241175644
HIT 3 2091675484199 487 12412374297369408642
HIT 3 2095970451495 488 13789026992724324102
HIT 3 2100265418791 489 7562995771847648469
HIT 3 2104560386087 490 16603905365533337794
HIT 3 2108855353383 491 16290891434445468694
HIT 3 2113150320679 492 18324984297546173418
HIT 3 2117445287975 493 13622714147277428085
HIT 3 2121740255271 494 13185201573727892343
HIT 3 2126035222567 495 14307810119840775992
HIT 3 2130330189863 496 9432611978821042587
HIT 3 2134625157159 497 2135804398187884762
HIT 3 2138920124455 498 8293348885672801073
HIT 3 2143215091751 499 8982580188419205744
HIT 3 2147510059047 500 16042667938816825846
HIT 3 2151805026343 501 14648014400089970891
HIT 3 2156099993639 502 11433884797649578436
HIT 3 2160394960935 503 15110075853398441984
HIT 3 2164689928231 504 17739114928161498426
HIT 3 2168984895527 505 13837727054602743017
HIT 3 2173279862823 506 14449648537766063140
HIT 3 2177574830119 507 10359746355630276922
HIT 3 2181869797415 508 5131632303308581617
HIT 3 2186164764711 509 11317427846137205610
HIT 3 2190459732007 510 6565703460087647114
HIT 3 2194754699303 511 917789058513391483
HIT 3 1748078166055 407 8344739356843363847
HIT 3 2083085615143 485 13073028693999960878
HIT 3 2074495746087 483 16480188538962613644
HIT 3 2078790713383 484 7636173726855018387
HIT 3 2083085680679 485 14764392932691221789
HIT 3 2091675615271 487 4216816427957737614
HIT 3 2083085746215 485 16570187392690638939
HIT 3 2083085811751 485 10553731680008974149
HIT 3 2083085877287 485 746842656897087753
HIT 3 2083085942823 485 11977455688292763994
HIT 3 2083086008359 485 16045449146078794579
HIT 3 2083086073895 485 5652784764387013772
HIT 3 2083086139431 485 7255599383201103234
HIT 3 2083086204967 485 14960125755222783522
HIT 3 2083086270503 485 9091650200690946078
HIT 3 2083086336039 485 16090622490908980467
HIT 3 2083086401575 485 16456651668953078101
HIT 3 2083086467111 485 1893649742346992464
HIT 3 2083086532647 485 16108428593330411387
HIT 3 1730889187365 403 2617588668642999845
HIT 3 2083076505637 485 901784174115609723
HIT 3 1155363635237 269 1304537662527483072
HIT 3 1730889252901 403 11214680763163155271
HIT 3 2083076571173 485 10997910505437693490
HIT 3 1722299383845 401 422228095323551270
HIT 3 1726594351141 402 6236747735335527236
HIT 3 1730889318437 403 6164549198455225062
HIT 3 1739479253029 405 6215878841074923333
HIT 3 2074486702117 483 10256037862133352958
HIT 3 2078781669413 484 18352263489489941893
HIT 3 2083076636709 485 11666477842438888236
HIT 3 2091666571301 487 15708516748698787242
HIT 3 2083086598183 485 10349859061661124112
HIT 3 2083086663719 485 4880624074770938482
HIT 3 2083086729255 485 5115115761794096024
HIT 3 2083086794791 485 7408730414634573186
HIT 3 2083086860327 485 13803159213770198173
HIT 3 2083086925863 485 6751433288272977821
HIT 3 2083086991399 485 815232423648472881
HIT 3 2083087056935 485 3888675960005266971
HIT 3 2083087122471 485 7441179261628463713
HIT 3 2083087188007 485 6206828666764334349
HIT 3 2083087253543 485 1026186757841957099
HIT 3 2083087319079 485 5257835863940763066
HIT 3 2083087384615 485 12702220699863111537
HIT 3 2083087450151 485 4608354320194201732
HIT 3 2083087515687 485 6446415500727907139
HIT 3 2083087581223 485 1193699448776106622
HIT 3 2083087646759 485 1857772789467823566
HIT 3 2083087712295 485 9659460297122835016
HIT 3 2083087777831 485 7242093580734288281
HIT 3 2083087843367 485 16223871898280016509
HIT 3 2083087908903 485 9772551524078758564
HIT 3 2083087974439 485 1117024309334731793
HIT 3 2083088039975 485 1367540715043543131
HIT 3 2083088105511 485 16508787649203240090
HIT 3 2083088171047 485 9727371282938818300
HIT 3 2083088236583 485 4883736586747610956
HIT 3 2083088302119 485 12821287578208219328
HIT 3 2083088367655 485 10671735688512201358
HIT 3 2083088433191 485 5497931684082888340
HIT 3 2083088498727 485 7631174222279554125
HIT 3 2083088564263 485 5005833347631670818
HIT 3 2083088629799 485 8397996681011769222
HIT 3 2083088695335 485 15912961596216629332
HIT 3 2083088760871 485 15191233409965075490
HIT 3 2083088826407 485 1772293213229229239
HIT 3 2083088891943 485 16027355177578716055
HIT 3 2083088957479 485 15106547383333824800
HIT 3 2083089023015 485 7574793749031008956
HIT 3 2083089088551 485 4418703630959379317
HIT 3 2083089154087 485 1341818156648643911
HIT 3 2083089219623 485 16700114534029100734
HIT 3 2083089285159 485 17930691818310827970
HIT 3 2083089350695 485 11150818094674882769
HIT 3 2083089416231 485 13002758844949469951
HIT 3 2083089481767 485 10744585919195666982
HIT 3 2083089547303 485 14151086999362080216
HIT 3 2083089612839 485 5157458953738093577
HIT 3 2083089678375 485 1072328465570600405
HIT 3 2083089743911 485 2001013675042482928
HIT 3 2083089809447 485 5741034472742364523
HIT 3 2083089874983 485 5309761979036635125
HIT 3 2083089940519 485 15611993350111509150
HIT 3 2083090006055 485 4636310269771372170
HIT 3 2083090071591 485 8433254945873775838
HIT 3 2083090137127 485 18043980706453033023
HIT 3 2083090202663 485 5212610407269351031
HIT 3 2083090268199 485 12927282156455335596
HIT 3 2083090333735 485 11593185140681214866
HIT 3 2083090399271 485 13185603653824471963
HIT 3 2083090464807 485 11589296163698716048
HIT 3 2083090530343 485 5706928384710026284
HIT 3 2083090595879 485 15117734697423677872
HIT 3 2074500726823 483 15117734697423677872
HIT 3 2083090661415 485 7350874221410552661
HIT 3 2083090726951 485 10133123887068127467
HIT 3 2091680661543 487 6869122723138828414
HIT 3 2083090792487 485 6869122723138828414
HIT 3 2087385825319 486 8973542139550967290
HIT 3 2091680792615 487 10989612419692770722
HIT 3 2100270727207 489 4407428809246826191
HIT 3 2087385890855 486 15490076968923977319
HIT 3 2091680858151 487 4407428809246826191
HIT 3 2095975825447 488 8973542139550967290
HIT 3 2100270792743 489 2040747795053080845
HIT 3 2104565760039 490 4529567263227708558
HIT 3 2108860727335 491 1228111056862800862
HIT 3 2113155694631 492 17931167475301396310
HIT 3 2117450661927 493 10711520048773571780
HIT 3 2121745629223 494 2562386588540574218
HIT 3 2126040596519 495 4177414317089202339
HIT 3 2130335563815 496 15319200651772125027
HIT 3 2134630531111 497 6895287473059188744
HIT 3 2138925498407 498 5582962171575392982
HIT 3 2143220465703 499 5033899106599129952
HIT 3 2147515432999 500 13688619702554000378
HIT 3 2151810400295 501 1729130721994772788
HIT 3 2156105367591 502 1007931084589534880
HIT 3 2160400334887 503 2387724709512435253
HIT 3 2164695302183 504 6287259543926739206
HIT 3 2168990269479 505 3694863648589277792
HIT 3 2173285236775 506 15673069426171509098
HIT 3 2177580204071 507 11338206985517341808
HIT 3 2181875171367 508 5698116516036072909
HIT 3 2186170138663 509 17005089277956452409
HIT 3 2190465105959 510 15277278725699368701
HIT 3 2194760073255 511 11323809575313764263
HIT 3 2100270858279 489 4836464977839167783
HIT 3 1730889449509 403 8859365373328581552
HIT 3 2083076767781 485 868417911264843752
HIT 3 2083085418534 485 838224002718525405
HIT 3 1739488100390 405 5650663537596767630
HIT 3 2083085484070 485 7719869174379722281
HIT 3 1146763542568 267 9196853612787208130
HIT 3 1730879094824 403 17479850662925316364
HIT 3 2083066413096 485 4233121892634512175
HIT 3 2074495615014 483 6028042358352767105
HIT 3 2078790582310 484 16159213901218601526
HIT 3 2083085549606 485 15298644460019169296
HIT 3 2091675484198 487 16503182782726572193
HIT 3 2083085680678 485 8825275649902445009
HIT 3 2091680792614 487 2181017085079607071
HIT 3 1146763411497 267 16605210753771679761
HIT 3 1730878963753 403 15392181019035831670
HIT 3 2083066282025 485 14518752322133030843
HIT 3 485338513449 113 17185454420006600035
HIT 3 1146763477033 267 4219167744942210855
HIT 3 1730879029289 403 18295577677548372042
HIT 3 2083066347561 485 14532804512969008645
HIT 3 1138173607977 265 8925738691548414764
HIT 3 1142468575273 266 17704653791349255140
HIT 3 1146763542569 267 11401753730026367348
HIT 3 1155353477161 269 2442991784445277409
HIT 3 1722289160233 401 3389297341874452844
HIT 3 1726584127529 402 12341581843109247038
HIT 3 1730879094825 403 17606328574163303971
HIT 3 1739469029417 405 1622445024898267654
HIT 3 2074476478505 483 16128159268277059577
HIT 3 2078771445801 484 17521829668291547550
HIT 3 2083066413097 485 2906954180556351727
HIT 3 2091656347689 487 8583380484522424352
HIT 3 2083085418533 485 13566012158645392293
HIT 3 1739488100389 405 11195508454895578985
HIT 3 2083085484069 485 1513900186949719060
HIT 3 2074495615013 483 16430831780286367401
HIT 3 2078790582309 484 6490920078919686686
HIT 3 2083085549605 485 544824643094195821
HIT 3 2091675484197 487 5694378177631280410
HIT 3 1146763673641 267 4997296721780358507
HIT 3 2083085680677 485 13127069860869669829
HIT 3 1730879225897 403 9890952314850492609
HIT 3 2083066544169 485 1820297031556253739
HIT 3 2091680792613 487 6622089301363002673
HIT 3 1146763542570 267 11351320399808438105
HIT 3 1730879094826 403 18365735238752946458
HIT 3 2083066413098 485 10524663362111470819
HIT 3 1730889187369 403 10994278857970403227
HIT 3 2083076505641 485 17024124641143131334
HIT 3 1155363635241 269 16789613381098806170
HIT 3 1730889252905 403 10846369027924660736
HIT 3 2083076571177 485 9178481904975568144
HIT 3 1722299383849 401 4964481365868979083
HIT 3 1726594351145 402 6483534522342579673
HIT 3 1730889318441 403 6751687099470531257
HIT 3 1739479253033 405 7192540078498648049
HIT 3 2074486702121 483 16224017792754735127
HIT 3 2078781669417 484 10440347118089522056
HIT 3 2083076636713 485 4558221782161572421
HIT 3 2091666571305 487 9639561109274983251
HIT 3 1730889449513 403 17238938991007388761
HIT 3 2083076767785 485 3554875152329399949
HIT 3 1146763542571 267 2218264091701860227
HIT 3 1730879094827 403 15004767682477190639
HIT 3 2083066413099 485 11287465676885488599
HIT 3 1730889318440 403 1394281034767713467
HIT 3 2083076636712 485 9900232385580148364
HIT 3 2083085418537 485 17683833947080288123
HIT 3 1739488100393 405 12377491408971299413
HIT 3 2083085484073 485 5891332839737841870
HIT 3 2074495615017 483 15719404482190904815
HIT 3 2078790582313 484 12611509554138374659
HIT 3 2083085549609 485 13101973445386405046
HIT 3 2091675484201 487 778288950362107451
HIT 3 2083085680681 485 18079519542766722416
HIT 3 2091680792617 487 12863559821679609584
HIT 3 2083085549608 485 665175423960302529
HIT 3 1146763542572 267 670888964648701058
HIT 3 1730879094828 403 14973422253312676454
HIT 3 2083066413100 485 13929020492866329781
HIT 3 1730889318443 403 12861196458948632757
HIT 3 2083076636715 485 10103815036938798562
HIT 3 1730889318442 403 3479328705446557442
HIT 3 2083076636714 485 14076772451756223938
HIT 3 1146763542573 267 17893948616058468897
HIT 3 1730879094829 403 17894429818527623601
HIT 3 2083066413101 485 9899401757599551247
HIT 3 2083085549611 485 4059855704671708905
HIT 3 2083085549610 485 1948642886548460645
HIT 3 1730889318444 403 5833651251130399111
HIT 3 2083076636716 485 11686769223351838538
HIT 3 1730889318445 403 14337248741641219819
HIT 3 2083076636717 485 8002758663892809845
HIT 3 2083085549612 485 2304441285921685454
HIT 3 1146763542574 267 15823253481074615399
HIT 3 1730879094830 403 16097028833992189340
HIT 3 2083066413102 485 10412509739809365
HIT 3 1146763542575 267 17302415723280476295
HIT 3 1730879094831 403 8397741082466437865
HIT 3 2083066413103 485 10610633743616387563
HIT 3 1730889318447 403 13598151562652243029
HIT 3 2083076636719 485 4390781907954478831
HIT 3 2083085549615 485 4932149605391755488
HIT 3 1146763542576 267 3705208599109424667
HIT 3 1730879094832 403 17633557916367817906
HIT 3 2083066413104 485 17698248157845960634
HIT 3 2083085549613 485 1168829391650556724
HIT 3 1146763542577 267 8026390170115002144
HIT 3 1730879094833 403 3244088931519210118
HIT 3 2083066413105 485 3180001702344297463
HIT 3 1146763542578 267 11162847107856398909
HIT 3 1730879094834 403 13027751241125429675
HIT 3 2083066413106 485 3628044030285392701
HIT 3 1730889318446 403 263620695345674615
HIT 3 2083076636718 485 958501454739269071
HIT 3 1730889318448 403 1739679691469526629
HIT 3 2083076636720 485 17694202241631156714
HIT 3 2083085549614 485 12912114832430648843
HIT 3 2083085549616 485 2869878569895752273
HIT 3 1730889318449 403 2532866067674155683
HIT 3 2083076636721 485 16383247659435080989
HIT 3 1730889318450 403 10605708322479648764
HIT 3 2083076636722 485 2662925670468080433
HIT 3 1146763542579 267 7407869802445688789
HIT 3 1730879094835 403 15518787296646600271
HIT 3 2083066413107 485 15271727272077056735
HIT 3 2083085549617 485 6026521186329375651
HIT 3 1146763542580 267 6904383408852874773
HIT 3 1730879094836 403 1534840526013543748
HIT 3 2083066413108 485 11930492736668762644
HIT 3 2083085549618 485 17614069649629364887
HIT 3 1146763542581 267 8360534768987228083
HIT 3 1730879094837 403 14909825910751785822
HIT 3 2083066413109 485 5652832372698190224
HIT 3 1730889318451 403 7930104950875777530
HIT 3 2083076636723 485 16426410549013571888
HIT 3 1146763542582 267 17226762470256526757
HIT 3 1730879094838 403 3954593587724001198
HIT 3 2083066413110 485 4867324033354711197
HIT 3 1730889318452 403 4095063467397470337
HIT 3 2083076636724 485 11525672639518544930
HIT 3 2083085549619 485 12233467067382027535
HIT 3 2083085549620 485 494472311617995398
HIT 3 1146763542583 267 7690908685611604764
HIT 3 1730879094839 403 7791660540968311870
HIT 3 2083066413111 485 603794236393913974
HIT 3 1730889318453 403 18050283801873856137
HIT 3 2083076636725 485 9300424661885745630
HIT 3 1730889318454 403 13061898559660629528
HIT 3 2083076636726 485 3704523746300570647
HIT 3 1146763542584 267 8549182984690565118
HIT 3 1730879094840 403 11121569966259326017
HIT 3 2083066413112 485 38117779139036980
HIT 3 2083085549621 485 1710905948526509782
HIT 3 2083085549622 485 12837803328533951389
HIT 3 1730889318455 403 5383030083291689308
HIT 3 2083076636727 485 11496243242629531904
HIT 3 1146763542585 267 2294560424534334846
HIT 3 1730879094841 403 8805860306354792667
HIT 3 2083066413113 485 8234716439152197845
HIT 3 1146763542586 267 9406644222604927441
HIT 3 1730879094842 403 8522393509203222913
HIT 3 2083066413114 485 11661861321170659612
HIT 3 2083085549623 485 6850548017688341585
HIT 3 1730889318456 403 10701901048248466956
HIT 3 2083076636728 485 2521627779433363684
HIT 3 1146763542587 267 3828531007904112965
HIT 3 1730879094843 403 11763366933827613472
HIT 3 2083066413115 485 16861073775428099626
HIT 3 2083085549624 485 15674730614526480653
HIT 3 1730889318457 403 9488710565839990311
HIT 3 2083076636729 485 17593847577927772604
HIT 3 1730889318458 403 17519787615493841374
HIT 3 2083076636730 485 4927791279449531439
HIT 3 1146763542588 267 8764813428155235902
HIT 3 1730879094844 403 16876192299430922660
HIT 3 2083066413116 485 18263913606297598891
HIT 3 2083085549625 485 1343699693528833196
HIT 3 2083085549626 485 7607408927248170125
HIT 3 1730889318459 403 13963279341117154626
HIT 3 2083076636731 485 11200374231520211140
HIT 3 1146763542589 267 1992383379033614779
HIT 3 1730879094845 403 11104452751553752193
HIT 3 2083066413117 485 54279699430640855
HIT 3 1146763542590 267 12747699883332169776
HIT 3 1730879094846 403 7588780363696856533
HIT 3 2083066413118 485 7417695593190814064
HIT 3 2083085549627 485 17660171408181058081
HIT 3 1730889318460 403 15814314354152717011
HIT 3 2083076636732 485 6578393183778401935
HIT 3 1146763542591 267 15617559290490531400
HIT 3 1730879094847 403 2669922432481515992
HIT 3 2083066413119 485 16219037276893814616
HIT 3 2083085549628 485 3848996191716662507
HIT 3 1730889318461 403 7011664142945188231
HIT 3 2083076636733 485 1492452695035963587
HIT 3 1730889318462 403 8758018314202920008
HIT 3 2083076636734 485 15742721943814083181
HIT 3 1146763542592 267 9734733484579615151
HIT 3 1730879094848 403 18120416048599080216
HIT 3 2083066413120 485 13233321344628249460
HIT 3 1730889318463 403 5328226561573957882
HIT 3 2083076636735 485 5316382620506185715
HIT 3 2083085549629 485 8420115620181536403
HIT 3 2083085549630 485 13361126963510570919
HIT 3 2083085549631 485 5328985422889316555
HIT 3 1146763542593 267 13767338203948394792
HIT 3 1730879094849 403 4531140891764070805
HIT 3 2083066413121 485 1887993768286244638
HIT 3 1146763542594 267 11287440194039906008
HIT 3 1730879094850 403 7705708154500393383
HIT 3 2083066413122 485 9450848050084987169
HIT 3 1146763542595 267 17716277009508373643
HIT 3 1730879094851 403 3956388537524704674
HIT 3 2083066413123 485 2547703663340031484
HIT 3 1730889318464 403 14739711354086403164
HIT 3 2083076636736 485 12932566047581583857
HIT 3 1730889318465 403 9937352416829459288
HIT 3 2083076636737 485 16798042110882674046
HIT 3 2083085549632 485 12046899499667928099
HIT 3 1730889318466 403 5462748811261553616
HIT 3 2083076636738 485 12199974042643515843
HIT 3 1730889318467 403 16026522135566161177
HIT 3 2083076636739 485 9550648330370554496
HIT 3 1146763542596 267 4308064828134623228
HIT 3 1730879094852 403 6583749710069471195
HIT 3 2083066413124 485 11749494071511174075
HIT 3 2083085549633 485 12255371469159862496
HIT 3 2083085549634 485 8667237435704015013
HIT 3 1146763542597 267 6311579636272252356
HIT 3 1730879094853 403 9940650354315349606
HIT 3 2083066413125 485 15991166437891005109
HIT 3 1146763542598 267 15395381589878988580
HIT 3 1730879094854 403 5386583725938089028
HIT 3 2083066413126 485 14551157716206141742
HIT 3 2083085549635 485 11530341096185477053
HIT 3 1730889318468 403 3835362132491924181
HIT 3 2083076636740 485 15448792413387752792
HIT 3 1146763542599 267 4632717562660893985
HIT 3 1730879094855 403 14929042129409025315
HIT 3 2083066413127 485 4869719454823973435
HIT 3 1730889318469 403 2444144203889184007
HIT 3 2083076636741 485 3144908040405140599
HIT 3 2083085549636 485 9940356844840819698
HIT 3 2083085549637 485 11553387531733760937
HIT 3 1730889318470 403 2988259493040749509
HIT 3 2083076636742 485 15007022165780322643
HIT 3 1146763542600 267 7977106007467983473
HIT 3 1730879094856 403 14078782342574314666
HIT 3 2083066413128 485 9054665504778974359
HIT 3 1730889318471 403 4536828597045446553
HIT 3 2083076636743 485 17237370614891324719
HIT 3 1146763542601 267 10512914869190756503
HIT 3 1730879094857 403 17314416371234828366
HIT 3 2083066413129 485 9730366734306408771
HIT 3 2083085549638 485 9654622880198182981
HIT 3 2083085549639 485 4933579409171658303
HIT 3 1730889318472 403 7000453605944376876
HIT 3 2083076636744 485 1691687871094709695
HIT 3 1146763542602 267 8875269830479893182
HIT 3 1730879094858 403 7090826577280531984
HIT 3 2083066413130 485 5592806120726200687
HIT 3 2083085549640 485 2803237504011607943
HIT 3 1146763542603 267 2059554944660159751
HIT 3 1730879094859 403 4898607476258466947
HIT 3 2083066413131 485 10402857572076909740
HIT 3 1730889318473 403 17144922859939276774
HIT 3 2083076636745 485 11977045977620641857
HIT 3 1146763542604 267 5173897982088641517
HIT 3 1730879094860 403 16133518923173473259
HIT 3 2083066413132 485 15181158036587575196
HIT 3 2083085549641 485 8116694212606346900
HIT 3 1730889318474 403 8309869705418928076
HIT 3 2083076636746 485 16824452713739490129
HIT 3 1146763542605 267 15784507505855199037
HIT 3 1730879094861 403 11020127435468409707
HIT 3 2083066413133 485 12445042805963446660
HIT 3 2083085549642 485 6191758844617991578
HIT 3 1730889318475 403 12269540095973363388
HIT 3 2083076636747 485 13697522846626791398
HIT 3 1730889318476 403 12220802401290555864
HIT 3 2083076636748 485 12497708003521109053
HIT 3 2083085549643 485 7881687750209113977
HIT 3 1146763542606 267 13013094277225465956
HIT 3 1730879094862 403 12398698914390313302
HIT 3 2083066413134 485 17970138515189287246
HIT 3 1730889318477 403 3381748309641423891
HIT 3 2083076636749 485 2208417268444777908
HIT 3 2083085549644 485 15868778405866990025
HIT 3 1146763542607 267 1523526291428675274
HIT 3 1730879094863 403 17757694777823236771
HIT 3 2083066413135 485 17853371309227161848
HIT 3 2083085549645 485 5148150061469599810
HIT 3 1146763542608 267 3963601527733961077
HIT 3 1730879094864 403 4450167627577501858
HIT 3 2083066413136 485 11195246789884761134
HIT 3 1730889318478 403 14080068952606201501
HIT 3 2083076636750 485 3645593858395662198
HIT 3 1146763542609 267 16134095874733640020
HIT 3 1730879094865 403 1812923237970210170
HIT 3 2083066413137 485 11451940110829670420
HIT 3 2083085549646 485 18376828690176013561
HIT 3 1730889318479 403 10097396411422984252
HIT 3 2083076636751 485 17765202522917535329
HIT 3 1146763542610 267 8379835330218903912
HIT 3 1730879094866 403 13553118776971686226
HIT 3 2083066413138 485 7661048784973697705
HIT 3 1730889318481 403 232180343001579756
HIT 3 2083076636753 485 17184410193317165729
HIT 3 1730889318480 403 9311830095091196936
HIT 3 2083076636752 485 9266090957891314321
HIT 3 2083085549647 485 17457030539472702208
HIT 3 2083085549649 485 5001867464121953872
HIT 3 1146763542611 267 6067709935319513415
HIT 3 1730879094867 403 16172438230625499845
HIT 3 2083066413139 485 9182997398024051346
HIT 3 2083085549648 485 3214731528191881850
HIT 3 1730889318482 403 6586055015665571574
HIT 3 2083076636754 485 3381731512346446132
HIT 3 1146763542612 267 9544225666968415865
HIT 3 1730879094868 403 13556018754754601842
HIT 3 2083066413140 485 3179655131957963832
HIT 3 1146763542613 267 8593011401758777483
HIT 3 1730879094869 403 12883705077789684573
HIT 3 2083066413141 485 8527180623218276758
HIT 3 2083085549650 485 8014601531273576337
HIT 3 1146763542614 267 3103104257029562525
HIT 3 1730879094870 403 18315183453112107022
HIT 3 2083066413142 485 8180835096789033801
HIT 3 1730889318483 403 7423345906468368301
HIT 3 2083076636755 485 4946621853786382268
HIT 3 1730889318484 403 9412404324874765485
HIT 3 2083076636756 485 13830525228779230654
HIT 3 1730889318485 403 5211560711459366652
HIT 3 2083076636757 485 9587469228609528035
HIT 3 2083085549651 485 4397258298477943268
HIT 3 1146763542615 267 14328040511299811591
HIT 3 1730879094871 403 17598062370920085156
HIT 3 2083066413143 485 15840491418723971911
HIT 3 2083085549652 485 1656461691764996784
HIT 3 2083085549653 485 1290427115752078329
HIT 3 1730889318486 403 11706404658266838531
HIT 3 2083076636758 485 17009888098579296737
HIT 3 1146763542616 267 9786821596815385710
HIT 3 1730879094872 403 3295505662622214197
HIT 3 2083066413144 485 12020030785515750608
HIT 3 1146763542617 267 8367395005617191378
HIT 3 1730879094873 403 17446173068074679127
HIT 3 2083066413145 485 9032797040764134311
HIT 3 2083085549654 485 3820264211850216758
HIT 3 1146763542618 267 950093394018316980
HIT 3 1730879094874 403 14867671599629474708
HIT 3 2083066413146 485 12224213368891609227
HIT 3 1730889318487 403 3749706456113042633
HIT 3 2083076636759 485 2504249301284039524
HIT 3 1730889318488 403 7259028096024735473
HIT 3 2083076636760 485 10052390586128995377
HIT 3 2083085549655 485 9536841822262079124
HIT 3 1730889318489 403 14696332048283192732
HIT 3 2083076636761 485 16488052276781140974
HIT 3 1146763542619 267 13512783732898457415
HIT 3 1730879094875 403 13438466754900652745
HIT 3 2083066413147 485 8458413062736924598
HIT 3 2083085549656 485 10572367248574835307
HIT 3 2083085549657 485 11763117959701934011
HIT 3 1730889318490 403 12239040127386743182
HIT 3 2083076636762 485 770203256807762903
HIT 3 1146763542620 267 12037939572494950452
HIT 3 1730879094876 403 9184566188393801652
HIT 3 2083066413148 485 14160082916719245881
HIT 3 1146763542621 267 18332565546039210812
HIT 3 1730879094877 403 16732753256708778425
HIT 3 2083066413149 485 9709325034482264848
HIT 3 2083085549658 485 571442555313399481
HIT 3 1146763542622 267 10224657213885100467
HIT 3 1730879094878 403 5298370796429721147
HIT 3 2083066413150 485 1752385117085908151
HIT 3 1730889318491 403 9168632318959969308
HIT 3 2083076636763 485 18041553354825399582
HIT 3 1730889318492 403 5455671572529440250
HIT 3 2083076636764 485 15919255378172830374
HIT 3 2083085549659 485 11663432495398608507
HIT 3 1730889318493 403 7535733657201063376
HIT 3 2083076636765 485 12631254049615130407
HIT 3 1146763542623 267 2509012006381298442
HIT 3 1730879094879 403 15208462707877521493
HIT 3 2083066413151 485 1566820541407899030
HIT 3 2083085549660 485 14106304265649783553
HIT 3 1730889318494 403 1549111853056185491
HIT 3 2083076636766 485 17171914444757413325
HIT 3 1146763542624 267 1654267613372806411
HIT 3 1730879094880 403 513279996385505562
HIT 3 2083066413152 485 694352802004321660
HIT 3 2083085549661 485 16944972424329934278
HIT 3 1146763542625 267 16456903272751279603
HIT 3 1730879094881 403 1027801659208142544
HIT 3 2083066413153 485 8099176760222022031
HIT 3 2083085549662 485 2035316610734943829
HIT 3 1730889318495 403 17226502553921638205
HIT 3 2083076636767 485 15961082764282409049
HIT 3 1146763542626 267 2900113446082368429
HIT 3 1730879094882 403 17711129302219081150
HIT 3 2083066413154 485 12356280206804173971
HIT 3 2083085549663 485 13118508431874380715
HIT 3 1146763542627 267 10609309887194751376
HIT 3 1730879094883 403 7447213174059715899
HIT 3 2083066413155 485 4641014618663005567
HIT 3 1730889318496 403 7676475039015686748
HIT 3 2083076636768 485 16978630346358351265
HIT 3 1730889318497 403 13609914000497992135
HIT 3 2083076636769 485 17434836221411603884
HIT 3 2083085549664 485 10374185138251282069
HIT 3 1730889318498 403 16618486245437503771
HIT 3 2083076636770 485 16635146267976977055
HIT 3 1146763542628 267 13644783449179139304
HIT 3 1730879094884 403 1322489842544645193
HIT 3 2083066413156 485 17419317280773763712
HIT 3 1730889318499 403 17674799960690605815
HIT 3 2083076636771 485 2973950754069686964
HIT 3 2083085549665 485 223218496171075813
HIT 3 1146763542629 267 10357214322225757145
HIT 3 1730879094885 403 10561737703553899100
HIT 3 2083066413157 485 2733472285569442419
HIT 3 2083085549666 485 11634461874268756598
HIT 3 1146763542630 267 10422067743541423264
HIT 3 1730879094886 403 4634552995298880024
HIT 3 2083066413158 485 1693092901227309558
HIT 3 2083085549667 485 16665769221123253984
HIT 3 1146763542631 267 3209644575042375941
HIT 3 1730879094887 403 18126554914943732889
HIT 3 2083066413159 485 10841018892584781799
HIT 3 1730889318500 403 7528794602396776604
HIT 3 2083076636772 485 17996462058084776908
HIT 3 1730889318501 403 5560484804418163517
HIT 3 2083076636773 485 16695959022597390335
HIT 3 1730889318502 403 11382770078278041747
HIT 3 2083076636774 485 12866653945320692324
HIT 3 1730889318503 403 10473536786036796992
HIT 3 2083076636775 485 14931670790641232816
HIT 3 2083085549668 485 11836832830459871927
HIT 3 2083085549669 485 7967599531521471846
HIT 3 2083085549670 485 11443384320276188566
HIT 3 1146763542632 267 17410042462393184682
HIT 3 1730879094888 403 18025899953156320531
HIT 3 2083066413160 485 16914155711706614801
HIT 3 1146763542633 267 7194062719792598421
HIT 3 1730879094889 403 4952135055046005758
HIT 3 2083066413161 485 5701013846132787881
HIT 3 1146763542634 267 16845514816933597132
HIT 3 1730879094890 403 4442482596487929011
HIT 3 2083066413162 485 15900323535073256102
HIT 3 2083085549671 485 5909176727896310349
HIT 3 1146763411563 267 16845514816933597132
HIT 3 1730878963819 403 4442482596487929011
HIT 3 2083066282091 485 15900323535073256102
HIT 3 1146763542635 267 6749724132805406608
HIT 3 1730879094891 403 7638545253032098147
HIT 3 2083066413163 485 18120479517056414785
HIT 3 1730889318504 403 16595252802755022010
HIT 3 2083076636776 485 16886854391145522598
HIT 3 1730889318505 403 9315550337651789085
HIT 3 2083076636777 485 16660708462831174479
HIT 3 1730889318506 403 1966619477537499010
HIT 3 2083076636778 485 15161676689667875661
HIT 3 1730889318507 403 12082793126089780971
HIT 3 2083076636779 485 16466849785819550712
HIT 3 2083085549672 485 8447160600030051070
HIT 3 1146763542636 267 2127120058544672744
HIT 3 1730879094892 403 16263310557615618095
HIT 3 2083066413164 485 7737490115202019595
HIT 3 2083085549674 485 16899447063675206731
HIT 3 1146763673708 267 18208251503707869951
HIT 3 1730879225964 403 14088540270289447488
HIT 3 2083066544236 485 2253300528628383408
HIT 3 2083085549673 485 6189065509132268435
HIT 3 1146763542637 267 18208251503707869951
HIT 3 1730879094893 403 14088540270289447488
HIT 3 2083066413165 485 2253300528628383408
HIT 3 2083085549675 485 12999347712450150560
HIT 3 493928579182 115 971113117029889601
HIT 3 1146763608174 267 9663899088865584806
HIT 3 1730879160430 403 15304855345089655792
HIT 3 2083066478702 485 468112506285318379
HIT 3 1138173739118 265 16224574146599675516
HIT 3 1142468706414 266 942633054406225646
HIT 3 1146763673710 267 3356626142312437520
HIT 3 1155353608302 269 14840868716725816301
HIT 3 1722289291374 401 18054516999797847979
HIT 3 1726584258670 402 2776595349386990447
HIT 3 1730879225966 403 15331231456273095450
HIT 3 1739469160558 405 6066782219240929174
HIT 3 2074476609646 483 11435848763335915327
HIT 3 2078771576942 484 10985202400083374755
HIT 3 2083066544238 485 3845940803831933976
HIT 3 2091656478830 487 5012926638042965995
HIT 3 1146763804782 267 104313178297018503
HIT 3 1730879357038 403 7864701327354519947
HIT 3 2083066675310 485 8943575089329972240
HIT 3 1146763608175 267 14475298379551164714
HIT 3 1730879160431 403 16293901392387971033
HIT 3 2083066478703 485 13068759280513419780
HIT 3 1146763673711 267 104313178297018503
HIT 3 1730879225967 403 7864701327354519947
HIT 3 2083066544239 485 8943575089329972240
HIT 3 1146763739247 267 9663899088865584806
HIT 3 1730879291503 403 15304855345089655792
HIT 3 2083066609775 485 468112506285318379
HIT 3 1146763804783 267 17399246595399812052
HIT 3 1730879357039 403 1406064084528105594
HIT 3 2083066675311 485 3827520662619444347
HIT 3 1146763870319 267 11646375772605991615
HIT 3 1730879422575 403 16280465258597399148
HIT 3 2083066740847 485 5030045927140456206
HIT 3 1146763935855 267 17692008200804469613
HIT 3 1730879488111 403 15145298643767907427
HIT 3 2083066806383 485 7027763640623862332
HIT 3 1146764001391 267 10457856693673889754
HIT 3 1730879553647 403 14352686503516978053
HIT 3 2083066871919 485 9681630119912797252
HIT 3 1146764066927 267 17755156057660100667
HIT 3 1730879619183 403 17335260279149552568
HIT 3 2083066937455 485 5225525264860348585
HIT 3 1146764132463 267 2477033628409486204
HIT 3 1730879684719 403 149602846351816679
HIT 3 2083067002991 485 17785803244135876
HIT 3 1146764197999 267 3704814148390777415
HIT 3 1730879750255 403 3933842304418778836
HIT 3 2083067068527 485 859459340285909798
HIT 3 1146764263535 267 11076990843011652611
HIT 3 1730879815791 403 14710781120774013670
HIT 3 2083067134063 485 6092623713728676805
HIT 3 1146764329071 267 3792357198492643533
HIT 3 1730879881327 403 14653740888650269604
HIT 3 2083067199599 485 11493339972784351314
HIT 3 1146764394607 267 11546118788302134085
HIT 3 1730879946863 403 12602791704854126676
HIT 3 2083067265135 485 5639212946167117454
HIT 3 1146764460143 267 2109567896984318833
HIT 3 1730880012399 403 6284261108729116225
HIT 3 2083067330671 485 13388439901508224518
HIT 3 1146764525679 267 14543613514893926755
HIT 3 1730880077935 403 8345390787501454035
HIT 3 2083067396207 485 574315290497091118
HIT 3 1146764591215 267 13606273244924314418
HIT 3 1730880143471 403 10756298665962437710
HIT 3 2083067461743 485 10347615756321870700
HIT 3 1146764656751 267 11285419116631786884
HIT 3 1730880209007 403 8072364808224339506
HIT 3 2083067527279 485 17564731564061627224
HIT 3 1146764722287 267 16793171974113038533
HIT 3 1730880274543 403 10759562460271868769
HIT 3 2083067592815 485 7024386513196919046
HIT 3 1146764787823 267 4647121029264768106
HIT 3 1730880340079 403 13466457026413819600
HIT 3 2083067658351 485 16640118789502704803
HIT 3 1146764853359 267 6253241265264076746
HIT 3 1730880405615 403 17569405305114897849
HIT 3 2083067723887 485 14028869829160503067
HIT 3 1146764918895 267 10529987687022298953
HIT 3 1730880471151 403 18154164868593463842
HIT 3 2083067789423 485 1134394577930643896
HIT 3 1146764984431 267 11555365607761811748
HIT 3 1730880536687 403 10583929386095642912
HIT 3 2083067854959 485 11238554744945689091
HIT 3 1146765049967 267 3803061916695138980
HIT 3 1730880602223 403 15242138982095136120
HIT 3 2083067920495 485 7247527428274425046
HIT 3 1146765115503 267 12083191546761227407
HIT 3 1730880667759 403 722335423532991036
HIT 3 2083067986031 485 17043546617692951161
HIT 3 1146765181039 267 13304027685488176545
HIT 3 1730880733295 403 10861124189436720930
HIT 3 2083068051567 485 341533109975937352
HIT 3 1146765246575 267 13452319202896115145
HIT 3 1730880798831 403 1527458165582589559
HIT 3 2083068117103 485 7419593262513213639
HIT 3 1146765312111 267 17586900423812427340
HIT 3 1730880864367 403 7952063054396821918
HIT 3 2083068182639 485 2375814825381041429
HIT 3 1146765377647 267 9883490456441090987
HIT 3 1730880929903 403 17657999582160747229
HIT 3 2083068248175 485 9249490769850773093
HIT 3 1146765443183 267 6202691897669077996
HIT 3 1730880995439 403 2886339425504415050
HIT 3 2083068313711 485 8520390187136142675
HIT 3 1146765508719 267 11216620843931461420
HIT 3 1730881060975 403 3144095362832631176
HIT 3 2083068379247 485 2414641330033050781
HIT 3 1146765574255 267 8541059758903349941
HIT 3 1730881126511 403 3819475452597201843
HIT 3 2083068444783 485 5291164223299710335
HIT 3 1146765639791 267 16220084283198435904
HIT 3 1730881192047 403 15891240974460567933
HIT 3 2083068510319 485 12266378341611819289
HIT 3 1146765705327 267 13197598291597859975
HIT 3 1730881257583 403 18240212702771491598
HIT 3 2083068575855 485 13953727599760644531
HIT 3 1146765770863 267 788919380593569213
HIT 3 1730881323119 403 1606640982605697572
HIT 3 2083068641391 485 15195997802967264146
HIT 3 1146765836399 267 17268602939381093847
HIT 3 1730881388655 403 2734882557642217838
HIT 3 2083068706927 485 18256516490138482178
HIT 3 1146765901935 267 17326010425003215614
HIT 3 1730881454191 403 85984320440499903
HIT 3 2083068772463 485 8607961260147584344
HIT 3 1146765967471 267 11467883693153190253
HIT 3 1730881519727 403 5773214987782901231
HIT 3 2083068837999 485 4647126825809316148
HIT 3 1146766033007 267 1109251817484281176
HIT 3 1730881585263 403 9196947858347129068
HIT 3 2083068903535 485 4066368678989743399
HIT 3 1146766098543 267 14593323605598925163
HIT 3 1730881650799 403 7486555595356136747
HIT 3 2083068969071 485 7699541920507769158
HIT 3 1146766164079 267 3457885572970437815
HIT 3 1730881716335 403 1184882492485047512
HIT 3 2083069034607 485 2486442943019185616
HIT 3 1146766229615 267 6104798697287359046
HIT 3 1730881781871 403 14995058497496691273
HIT 3 2083069100143 485 1025487294418218364
HIT 3 1146766295151 267 8864262997608962697
HIT 3 1730881847407 403 10331099070504453725
HIT 3 2083069165679 485 2520089994402461885
HIT 3 1146766360687 267 17988088872962029216
HIT 3 1730881912943 403 11313059804923084292
HIT 3 2083069231215 485 9472809637727158417
HIT 3 1146766426223 267 13920471333115739413
HIT 3 1730881978479 403 9224208480654615207
HIT 3 2083069296751 485 8123788989637871233
HIT 3 1146766491759 267 9709217545155950375
HIT 3 1730882044015 403 7157176559629913970
HIT 3 2083069362287 485 8316773756350918186
HIT 3 1146766557295 267 14849080036212010967
HIT 3 1730882109551 403 10933830479994873605
HIT 3 2083069427823 485 2082456908257632879
HIT 3 1146766622831 267 9634817988386384758
HIT 3 1730882175087 403 14210457282979644686
HIT 3 2083069493359 485 14746952614690875294
HIT 3 1146766688367 267 56988681590285181
HIT 3 1730882240623 403 10494485923899131017
HIT 3 2083069558895 485 7691689241775223999
HIT 3 1146766753903 267 9488108228241469633
HIT 3 1730882306159 403 14333024057006069184
HIT 3 2083069624431 485 13715451375709668980
HIT 3 1146766819439 267 9926080350252677240
HIT 3 1730882371695 403 13272165148280363274
HIT 3 2083069689967 485 10362900689658559825
HIT 3 1146766884975 267 8130401252357172656
HIT 3 1730882437231 403 14226257592054967505
HIT 3 2083069755503 485 13853426402962261339
HIT 3 1146766950511 267 17765733687023312585
HIT 3 1730882502767 403 12572448110925352440
HIT 3 2083069821039 485 17901139791958532435
HIT 3 1146767016047 267 9305568667057503121
HIT 3 1730882568303 403 398410829169905777
HIT 3 2083069886575 485 569345711901044900
HIT 3 1146767081583 267 4781019900827191695
HIT 3 1730882633839 403 10339176681864059276
HIT 3 2083069952111 485 12688881796247501330
HIT 3 1146767147119 267 14561390057893159301
HIT 3 1730882699375 403 17576107918743209557
HIT 3 2083070017647 485 6962755993808691911
HIT 3 1146767212655 267 662235208362983238
HIT 3 1730882764911 403 16156809426018711219
HIT 3 2083070083183 485 7229613889022456473
HIT 3 1146767278191 267 14624359941227502231
HIT 3 1730882830447 403 13482556756797550175
HIT 3 2083070148719 485 12718540357114281605
HIT 3 1146767343727 267 5829048016284261235
HIT 3 1730882895983 403 15021048332542288799
HIT 3 2083070214255 485 14888270393147700422
HIT 3 1146767409263 267 7109426051543274585
HIT 3 1730882961519 403 13749450743414897508
HIT 3 2083070279791 485 348228940018669676
HIT 3 1146767474799 267 6207626654307823520
HIT 3 1730883027055 403 8670197111735366506
HIT 3 2083070345327 485 4382305765771031656
HIT 3 1146767540335 267 1996523889456778380
HIT 3 1730883092591 403 15998241005200693657
HIT 3 2083070410863 485 220131001047686760
HIT 3 1146767605871 267 15410645521286835424
HIT 3 1730883158127 403 15571083289191919809
HIT 3 2083070476399 485 6950500154524407844
HIT 3 1146767671407 267 2268689294991802815
HIT 3 1730883223663 403 13278090936434554667
HIT 3 2083070541935 485 13125471294910888945
HIT 3 1146767736943 267 5506958319262345872
HIT 3 1730883289199 403 12941332347942883319
HIT 3 2083070607471 485 2644682857353332654
HIT 3 1146767802479 267 8028372723353798194
HIT 3 1730883354735 403 202765391789363250
HIT 3 2083070673007 485 11229882142004885092
HIT 3 1146767868015 267 15667532603100603916
HIT 3 1730883420271 403 1835207750250414478
HIT 3 2083070738543 485 1708228389739711573
HIT 3 1146767933551 267 5011544766869183713
HIT 3 1730883485807 403 9716927986694677344
HIT 3 2083070804079 485 16621136485856306793
HIT 3 1146767999087 267 14970776783838409217
HIT 3 1730883551343 403 2359016665792104595
HIT 3 2083070869615 485 12547992944056914502
HIT 3 1146768064623 267 902711477722807984
HIT 3 1730883616879 403 3997148587171894081
HIT 3 2083070935151 485 9580835703340746273
HIT 3 1146768130159 267 10837821632962909364
HIT 3 1730883682415 403 15499173088085434149
HIT 3 2083071000687 485 3183036847168925978
HIT 3 1146768195695 267 17240003562966726039
HIT 3 1730883747951 403 3952279327670815819
HIT 3 2083071066223 485 10654556315862612090
HIT 3 1146768261231 267 8645449193699838814
HIT 3 1730883813487 403 13746010508091094593
HIT 3 2083071131759 485 1654023796205735117
HIT 3 1146768326767 267 557897284166267185
HIT 3 1730883879023 403 7209024453722683928
HIT 3 2083071197295 485 10765298031589130079
HIT 3 1146768392303 267 10235707202204454797
HIT 3 1730883944559 403 17942483098017498418
HIT 3 2083071262831 485 2914970066947413501
HIT 3 1146768457839 267 2269380836263193789
HIT 3 1730884010095 403 18159703823398200829
HIT 3 2083071328367 485 8542642314798041793
HIT 3 1146768523375 267 11749573666181701461
HIT 3 1730884075631 403 6011818929462163285
HIT 3 2083071393903 485 5660348745252802100
HIT 3 1146768588911 267 4168508696816260621
HIT 3 1730884141167 403 11238631287611359413
HIT 3 2083071459439 485 8435962969518570377
HIT 3 1146768654447 267 6905526900294619525
HIT 3 1730884206703 403 18125716216320151663
HIT 3 2083071524975 485 2611709486061781660
HIT 3 1146768719983 267 8045958527583004235
HIT 3 1730884272239 403 8835646455096308002
HIT 3 2083071590511 485 3095841440129547377
HIT 3 1146768785519 267 11826472480775592031
HIT 3 1730884337775 403 12631130584383621738
HIT 3 2083071656047 485 2231509699038895743
HIT 3 1146768851055 267 195341886330178555
HIT 3 1730884403311 403 4646917224844499066
HIT 3 2083071721583 485 18100751530979820636
HIT 3 1146768916591 267 3879738814801670716
HIT 3 1730884468847 403 3092028311825317546
HIT 3 2083071787119 485 11850427200659665046
HIT 3 1146768982127 267 14583224566158435279
HIT 3 1730884534383 403 3322882522110592771
HIT 3 2083071852655 485 9815251551871494442
HIT 3 1146769047663 267 4147523090736652574
HIT 3 1730884599919 403 4512871076219849057
HIT 3 2083071918191 485 15851424935313764558
HIT 3 1146769113199 267 14463610139781270118
HIT 3 1730884665455 403 7475559821296482884
HIT 3 2083071983727 485 8195336035393736294
HIT 3 1146769178735 267 16149529466655700903
HIT 3 1730884730991 403 10840513384452712589
HIT 3 2083072049263 485 6399274338572685755
HIT 3 1146769244271 267 10774262577590154139
HIT 3 1730884796527 403 10040502449547052866
HIT 3 2083072114799 485 5207560656982092941
HIT 3 1146769309807 267 12679854075062938986
HIT 3 1730884862063 403 10871944378154080645
HIT 3 2083072180335 485 10649249330712253482
HIT 3 1146769375343 267 2347970012494043984
HIT 3 1730884927599 403 17672741455180596995
HIT 3 2083072245871 485 11917285115471187997
HIT 3 1146769440879 267 8772166827167247624
HIT 3 1730884993135 403 18428283250960330151
HIT 3 2083072311407 485 8784372949865949779
HIT 3 1146769506415 267 8531396551296074140
HIT 3 1730885058671 403 18247175759795717758
HIT 3 2083072376943 485 5855175933186965648
HIT 3 1146769571951 267 12999671251054312369
HIT 3 1730885124207 403 9192290119707411916
HIT 3 2083072442479 485 5474254458701119436
HIT 3 1146769637487 267 12118882369349748043
HIT 3 1730885189743 403 8984553103887383361
HIT 3 2083072508015 485 2322751149869133285
HIT 3 1146769703023 267 12757480577873574207
HIT 3 1730885255279 403 17650515055138999733
HIT 3 2083072573551 485 17695103918719955774
HIT 3 1146769768559 267 3633711273356749516
HIT 3 1730885320815 403 601706036530494964
HIT 3 2083072639087 485 4578214262283767566
HIT 3 1146769834095 267 17535112906662702521
HIT 3 1730885386351 403 14615175489948073696
HIT 3 2083072704623 485 5335744867721019782
HIT 3 1146769899631 267 1740590195817150897
HIT 3 1730885451887 403 13508106268021027961
HIT 3 2083072770159 485 11976759718397414743
HIT 3 1146769965167 267 8820007239045653673
HIT 3 1730885517423 403 7864464804993844595
HIT 3 2083072835695 485 18127960264111408226
HIT 3 1146770030703 267 14991957797806559755
HIT 3 1730885582959 403 3466159233574187218
HIT 3 2083072901231 485 5017114718564613856
HIT 3 1146770096239 267 15301420830253109827
HIT 3 1730885648495 403 14823159105863745960
HIT 3 2083072966767 485 902887288186798496
HIT 3 1146770161775 267 6292807850807306762
HIT 3 1730885714031 403 2673860199555840031
HIT 3 2083073032303 485 5182346422683144646
HIT 3 1146770227311 267 14940420738385916139
HIT 3 1730885779567 403 4715154826096200572
HIT 3 2083073097839 485 11371898884041545425
HIT 3 1146770292847 267 18389820335233940058
HIT 3 1730885845103 403 14190301618648319108
HIT 3 2083073163375 485 10713662629235418554
HIT 3 1146770358383 267 2426706053669487490
HIT 3 1730885910639 403 2527040853426934172
HIT 3 2083073228911 485 2720732886723252893
HIT 3 1146770423919 267 1637669977436684464
HIT 3 1730885976175 403 11044372768980358114
HIT 3 2083073294447 485 12410427013955291733
HIT 3 1146770489455 267 4740989537353757124
HIT 3 1730886041711 403 15605250342824314344
HIT 3 2083073359983 485 6519298385950609664
HIT 3 1146770554991 267 17037206362498959471
HIT 3 1730886107247 403 14048427502384398144
HIT 3 2083073425519 485 2938076225759296236
HIT 3 1146770620527 267 3231849933261975667
HIT 3 1730886172783 403 13616176051856399923
HIT 3 2083073491055 485 1766080327206923305
HIT 3 1146770686063 267 4435105902723001957
HIT 3 1730886238319 403 17890571971656569785
HIT 3 2083073556591 485 11289094846066195699
HIT 3 1146770751599 267 2551367085275707100
HIT 3 1730886303855 403 11414395597910922041
HIT 3 2083073622127 485 265605482124211997
HIT 3 1146770817135 267 11082387211577696301
HIT 3 1730886369391 403 15543966839768791202
HIT 3 2083073687663 485 1706806906302608731
HIT 3 1146770882671 267 15094351793597703649
HIT 3 1730886434927 403 12110811902843632535
HIT 3 2083073753199 485 9486616209134429827
HIT 3 1146770948207 267 5018925892693892639
HIT 3 1730886500463 403 894531105323455866
HIT 3 2083073818735 485 13735227654565573302
HIT 3 1146771013743 267 6692820185259051141
HIT 3 1730886565999 403 8583525580152252946
HIT 3 2083073884271 485 10687344167684957694
HIT 3 1146771079279 267 5103450939459827403
HIT 3 1730886631535 403 6471270479938401683
HIT 3 2083073949807 485 16764318323919448890
HIT 3 1146771144815 267 17080619628964566326
HIT 3 1730886697071 403 3676217596468965131
HIT 3 2083074015343 485 12728018216186159085
HIT 3 1146771210351 267 15227677024529141273
HIT 3 1730886762607 403 6078205955747252231
HIT 3 2083074080879 485 15199558015328487848
HIT 3 1146771275887 267 4124975575328304051
HIT 3 1730886828143 403 1215823033669229845
HIT 3 2083074146415 485 15254318294724391604
HIT 3 1146771341423 267 2967585936240603634
HIT 3 1730886893679 403 5258027522224168331
HIT 3 2083074211951 485 4443062096329947968
HIT 3 1146771406959 267 14710195615871300387
HIT 3 1730886959215 403 6871561888829446116
HIT 3 2083074277487 485 17667434252496187286
HIT 3 1146771472495 267 8926187405427695986
HIT 3 1730887024751 403 3486661483298872503
HIT 3 2083074343023 485 5835120525013353297
HIT 3 1146771538031 267 9302581525589828010
HIT 3 1730887090287 403 4150860540006417917
HIT 3 2083074408559 485 4480282176264142672
HIT 3 1146771603567 267 15184692558581154384
HIT 3 1730887155823 403 506498763124523502
HIT 3 2083074474095 485 14690476562096092742
HIT 3 1146771669103 267 6914984634003593572
HIT 3 1730887221359 403 12134610712339494580
HIT 3 2083074539631 485 8007933656945718825
HIT 3 1146771734639 267 3325377756646481270
HIT 3 1730887286895 403 4666877135601409881
HIT 3 2083074605167 485 3476181842755180450
HIT 3 1146771800175 267 5195065689866270424
HIT 3 1730887352431 403 18114138544910962671
HIT 3 2083074670703 485 13512473758471358634
HIT 3 1146771865711 267 15969678026777536223
HIT 3 1730887417967 403 5046905673292813764
HIT 3 2083074736239 485 14325605885019192258
HIT 3 1146771931247 267 89544522941941586
HIT 3 1730887483503 403 4463399254708386097
HIT 3 2083074801775 485 9235058733402548201
HIT 3 1146771996783 267 17988581165123783956
HIT 3 1730887549039 403 11997450967588557071
HIT 3 2083074867311 485 12887333386628582822
HIT 3 1146772062319 267 15810968216744384348
HIT 3 1730887614575 403 12739171370250531477
HIT 3 2083074932847 485 16848320810659793747
HIT 3 1146772127855 267 9801226314580169233
HIT 3 1730887680111 403 15686476700536267103
HIT 3 2083074998383 485 3020598498056252669
HIT 3 1146772193391 267 10658209614209632293
HIT 3 1730887745647 403 1173101391933037104
HIT 3 2083075063919 485 1360366250593809413
HIT 3 1146772258927 267 3066571261462235865
HIT 3 1730887811183 403 17731527350383326114
HIT 3 2083075129455 485 13920567979981518220
HIT 3 1146772324463 267 12038231357338202463
HIT 3 1730887876719 403 5113217485599059223
HIT 3 2083075194991 485 10534060953659721446
HIT 3 1146772389999 267 2233491702960126580
HIT 3 1730887942255 403 1202364371853407206
HIT 3 2083075260527 485 14980178880809888455
HIT 3 1146772455535 267 9671934335477778397
HIT 3 1730888007791 403 7187636132007559296
HIT 3 2083075326063 485 18219980464138708853
HIT 3 1146772521071 267 11116504550166133661
HIT 3 1730888073327 403 1575363169290588200
HIT 3 2083075391599 485 7171987982994721864
HIT 3 1146772586607 267 17731244389143197715
HIT 3 1730888138863 403 12646149429939742125
HIT 3 2083075457135 485 14086553043270864719
HIT 3 1146772652143 267 6307132094407106153
HIT 3 1730888204399 403 11129243214241510514
HIT 3 2083075522671 485 4256345071926419695
HIT 3 1146772717679 267 10617555475930628106
HIT 3 1730888269935 403 1867966543930043425
HIT 3 2083075588207 485 10818770342693562435
HIT 3 1146772783215 267 9587710717328563949
HIT 3 1730888335471 403 8380261070120712138
HIT 3 2083075653743 485 12219514793406827929
HIT 3 1146772848751 267 5735873242794421970
HIT 3 1730888401007 403 12754386903593333496
HIT 3 2083075719279 485 6623754619522355551
HIT 3 1146772914287 267 41397373845390303
HIT 3 1730888466543 403 3406775963749461011
HIT 3 2083075784815 485 15141437239260272722
HIT 3 1146772979823 267 8840255821441363373
HIT 3 1730888532079 403 10785318895442692633
HIT 3 2083075850351 485 6739444659161580008
HIT 3 1146773045359 267 1318879786643681065
HIT 3 1730888597615 403 4755770886078804451
HIT 3 2083075915887 485 8254721051325956956
HIT 3 1146773110895 267 5862963012436621363
HIT 3 1730888663151 403 4043595794788918549
HIT 3 2083075981423 485 4896245294861915137
HIT 3 1146773176431 267 6686555830608431928
HIT 3 1730888728687 403 12957627823596085112
HIT 3 2083076046959 485 5227573188187847809
HIT 3 1146773241967 267 9707855059459823331
HIT 3 1730888794223 403 17261409630522344337
HIT 3 2083076112495 485 1243651494268128958
HIT 3 1146773307503 267 13319625225231900105
HIT 3 1730889318508 403 10422407931604628119
HIT 3 2083076636780 485 17563543469229895076
HIT 3 1730888859759 403 2064473418559571371
HIT 3 2083076178031 485 13789749634901404564
HIT 3 1146773373039 267 7961374322779479988
HIT 3 1730888925295 403 5288239142732401527
HIT 3 2083076243567 485 8406858220324385424
HIT 3 1146773438575 267 3492860656230939369
HIT 3 1730888990831 403 9746484384912245986
HIT 3 2083076309103 485 13712544522882134740
HIT 3 1138183569519 265 3492860656230939369
HIT 3 1146773504111 267 12654205690265272673
HIT 3 1730889056367 403 17459580465457645219
HIT 3 2083076374639 485 8383387371843102950
HIT 3 1146773569647 267 16224574146599675516
HIT 3 1155363504239 269 6373319899396131974
HIT 3 1730889121903 403 8232009229993545153
HIT 3 2083076440175 485 5356291053534553382
HIT 3 1146773635183 267 6373319899396131974
HIT 3 1722299252847 401 4582954583123344876
HIT 3 1726594220143 402 15865802135289780202
HIT 3 1730889187439 403 6484532359652031374
HIT 3 1739479122031 405 12859220969716015521
HIT 3 2074486571119 483 16740471509426863540
HIT 3 2078781538415 484 3598426906870902240
HIT 3 2083076505711 485 452343379498283210
HIT 3 2091666440303 487 9657907851885389268
HIT 3 1151068668015 268 18264783276197446435
HIT 3 1155363635311 269 3356626142312437520
HIT 3 1163953569903 271 8210252576003615634
HIT 3 1722299318383 401 12372552795189637199
HIT 3 1726594285679 402 11117022822843660168
HIT 3 1730889252975 403 9498345745845872385
HIT 3 1739479187567 405 16274917099546732729
HIT 3 2074486636655 483 4289751599773792153
HIT 3 2078781603951 484 17894486806942834256
HIT 3 2083076571247 485 13045904354542525137
HIT 3 2091666505839 487 9107893238926757851
HIT 3 1151068733551 268 942633054406225646
HIT 3 1155363700847 269 8210252576003615634
HIT 3 1159658668143 270 18264783276197446435
HIT 3 1163953635439 271 3335921063290890567
HIT 3 1168248602735 272 2149895025728653156
HIT 3 1172543570031 273 9376286769424870518
HIT 3 1176838537327 274 17742783551893179159
HIT 3 1181133504623 275 13983486012883811764
HIT 3 1185428471919 276 2630108717813212026
HIT 3 1189723439215 277 3263241030455388003
HIT 3 1194018406511 278 15128139377912330609
HIT 3 1198313373807 279 3682982394910840134
HIT 3 1202608341103 280 2320499652173877260
HIT 3 1206903308399 281 8194605315191615631
HIT 3 1211198275695 282 15487241378444580843
HIT 3 1215493242991 283 8098476503172928491
HIT 3 1219788210287 284 1164661276378092370
HIT 3 1224083177583 285 16450739041870097446
HIT 3 1228378144879 286 9562043018087695330
HIT 3 1232673112175 287 12361499505166516298
HIT 3 1236968079471 288 14392344423441733439
HIT 3 1241263046767 289 16863090753547049811
HIT 3 1245558014063 290 15074337422263985190
HIT 3 1249852981359 291 7921853693398022646
HIT 3 1254147948655 292 6643073316974428449
HIT 3 1258442915951 293 3717931650484616645
HIT 3 1262737883247 294 2489247691160332107
HIT 3 1267032850543 295 6745350920369787462
HIT 3 1271327817839 296 9413429580354522647
HIT 3 1275622785135 297 8302319251657756099
HIT 3 1279917752431 298 14048216314994029948
HIT 3 1284212719727 299 4879688879203168722
HIT 3 1288507687023 300 16760946442184041954
HIT 3 1292802654319 301 18132671084475746170
HIT 3 1297097621615 302 18297306292647061347
HIT 3 1301392588911 303 1115298949170867739
HIT 3 1305687556207 304 8781532264880895123
HIT 3 1309982523503 305 2142103495485859278
HIT 3 1314277490799 306 8143504689228649719
HIT 3 1318572458095 307 4034429317385662589
HIT 3 1322867425391 308 16701882668435362082
HIT 3 1327162392687 309 11273727341992625341
HIT 3 1331457359983 310 13018962499256732541
HIT 3 1335752327279 311 594668892429777703
HIT 3 1340047294575 312 7895900100546024446
HIT 3 1344342261871 313 14537470043159829825
HIT 3 1348637229167 314 9982718933158387315
HIT 3 1352932196463 315 11802142521125769614
HIT 3 1357227163759 316 8229390037110205334
HIT 3 1361522131055 317 10556707848568745176
HIT 3 1365817098351 318 9749238124301973358
HIT 3 1370112065647 319 18403241999507005186
HIT 3 1374407032943 320 18298565683866514551
HIT 3 1378702000239 321 12864528588782707771
HIT 3 1382996967535 322 245917647665587699
HIT 3 1387291934831 323 7100918756973921094
HIT 3 1391586902127 324 10070928349171174124
HIT 3 1395881869423 325 2746247016966363406
HIT 3 1400176836719 326 7546145912220664233
HIT 3 1404471804015 327 13809730786434599977
HIT 3 1408766771311 328 390585224376981813
HIT 3 1413061738607 329 14853220728481680700
HIT 3 1417356705903 330 4925768878299979504
HIT 3 1421651673199 331 448775083090948331
HIT 3 1425946640495 332 1850006906110178107
HIT 3 1430241607791 333 10679238901452470747
HIT 3 1434536575087 334 8397738426833299762
HIT 3 1438831542383 335 11823603035666735172
HIT 3 1443126509679 336 13894398734345235165
HIT 3 1447421476975 337 1839461303732817863
HIT 3 1451716444271 338 1519380752617625689
HIT 3 1456011411567 339 7594485471953348559
HIT 3 1460306378863 340 11295967796487244163
HIT 3 1464601346159 341 11050924463192678046
HIT 3 1468896313455 342 16638661463167966376
HIT 3 1473191280751 343 15659926085622226300
HIT 3 1477486248047 344 13244785289101860176
HIT 3 1481781215343 345 565405373470415291
HIT 3 1486076182639 346 3758657496419356572
HIT 3 1490371149935 347 4358348121086791447
HIT 3 1494666117231 348 3255701261230558584
HIT 3 1498961084527 349 12955841997320882357
HIT 3 1503256051823 350 1704527687427915972
HIT 3 1507551019119 351 16100595602104995875
HIT 3 1511845986415 352 3432249726058581953
HIT 3 1516140953711 353 16771482003517148412
HIT 3 1520435921007 354 9370191672325561780
HIT 3 1524730888303 355 818253060147135902
HIT 3 1529025855599 356 5628703053373876534
HIT 3 1533320822895 357 14411201161293331590
HIT 3 1537615790191 358 9088331839099478126
HIT 3 1541910757487 359 10000203737416296225
HIT 3 1546205724783 360 14494035796089627163
HIT 3 1550500692079 361 15986946827292437587
HIT 3 1554795659375 362 13075070283861467802
HIT 3 1559090626671 363 473180184711567475
HIT 3 1563385593967 364 9866107663243968336
HIT 3 1567680561263 365 9836298657700730712
HIT 3 1571975528559 366 3860817415669649592
HIT 3 1576270495855 367 1000963701797462815
HIT 3 1580565463151 368 1482050825246334410
HIT 3 1584860430447 369 7887975384546058903
HIT 3 1589155397743 370 9537370905230258969
HIT 3 1593450365039 371 17433543511450466614
HIT 3 1597745332335 372 8009989387366097306
HIT 3 1602040299631 373 12636857877615930311
HIT 3 1606335266927 374 9182855605759989376
HIT 3 1610630234223 375 9670281532854203652
HIT 3 1614925201519 376 14039442108565274616
HIT 3 1619220168815 377 9125587580180209456
HIT 3 1623515136111 378 10058430309407118049
HIT 3 1627810103407 379 16117080199414769926
HIT 3 1632105070703 380 455079816192564432
HIT 3 1636400037999 381 12293836368408235879
HIT 3 1640695005295 382 7476205050397242515
HIT 3 1644989972591 383 5466151591587312573
HIT 3 1649284939887 384 7398380197484800302
HIT 3 1653579907183 385 1528661224594458898
HIT 3 1657874874479 386 6321456589330242936
HIT 3 1662169841775 387 7633793897003105942
HIT 3 1666464809071 388 4263816170018734318
HIT 3 1670759776367 389 12047923930307262755
HIT 3 1675054743663 390 75727757913845667
HIT 3 1679349710959 391 1260825449255609517
HIT 3 1683644678255 392 14174548732321979369
HIT 3 1687939645551 393 14631281038389107908
HIT 3 1692234612847 394 1372108410784637356
HIT 3 1696529580143 395 14544893698216773694
HIT 3 1700824547439 396 5089527173827938174
HIT 3 1705119514735 397 2002957621448870421
HIT 3 1709414482031 398 4675454162978130977
HIT 3 1713709449327 399 17283867421437630546
HIT 3 1718004416623 400 7030215930347119400
HIT 3 1722299383919 401 9386478554161032735
HIT 3 1726594351215 402 16646609006528679000
HIT 3 1730889318511 403 11891653427182924093
HIT 3 1735184285807 404 18028753514533967921
HIT 3 1739479253103 405 8766850469026692423
HIT 3 1743774220399 406 4508155362713880293
HIT 3 1748069187695 407 6484865805214365463
HIT 3 1752364154991 408 5859951694858475761
HIT 3 1756659122287 409 6388400300261403872
HIT 3 1760954089583 410 7445953187889271723
HIT 3 1765249056879 411 8274461637458748433
HIT 3 1769544024175 412 14496181123922130802
HIT 3 1773838991471 413 4867205375027155220
HIT 3 1778133958767 414 16338937425956766522
HIT 3 1782428926063 415 1957431713664214044
HIT 3 1786723893359 416 16052393479577818209
HIT 3 1791018860655 417 5580160172442248927
HIT 3 1795313827951 418 5233985988115040726
HIT 3 1799608795247 419 731492271538892976
HIT 3 1803903762543 420 1504423873646485587
HIT 3 1808198729839 421 11663337573519477770
HIT 3 1812493697135 422 4286010353993723001
HIT 3 1816788664431 423 5671580872444504994
HIT 3 1821083631727 424 16655324071164682689
HIT 3 1825378599023 425 4192464172973226156
HIT 3 1829673566319 426 1243497179474640687
HIT 3 1833968533615 427 8732017613474325175
HIT 3 1838263500911 428 7850947573651581788
HIT 3 1842558468207 429 5124198000499704808
HIT 3 1846853435503 430 18291796862149098214
HIT 3 1851148402799 431 14615604126567188368
HIT 3 1855443370095 432 7202954736024397143
HIT 3 1859738337391 433 16769109576575873689
HIT 3 1864033304687 434 15890640311934567072
HIT 3 1868328271983 435 6218139041017169649
HIT 3 1872623239279 436 16537796946779435201
HIT 3 1876918206575 437 15595646631890706165
HIT 3 1881213173871 438 14375985928893923589
HIT 3 1885508141167 439 5184681717610975454
HIT 3 1889803108463 440 7685770354715791061
HIT 3 1894098075759 441 3144178958984013163
HIT 3 1898393043055 442 3158788407525230731
HIT 3 1902688010351 443 7922864857456873803
HIT 3 1906982977647 444 12260389388556920751
HIT 3 1911277944943 445 16640840727892531396
HIT 3 1915572912239 446 18241260587731702636
HIT 3 1919867879535 447 16360479745624442377
HIT 3 1924162846831 448 1895525921307254321
HIT 3 1928457814127 449 3154852520100523207
HIT 3 1932752781423 450 14312805740489544687
HIT 3 1937047748719 451 10392632692821388918
HIT 3 1941342716015 452 11838090562112874398
HIT 3 1945637683311 453 5145838429074102190
HIT 3 1949932650607 454 7840436252053975629
HIT 3 1954227617903 455 11656385278674196601
HIT 3 1958522585199 456 6061701406591079969
HIT 3 1962817552495 457 4459502314731853177
HIT 3 1967112519791 458 11771690881507017576
HIT 3 1971407487087 459 10263918794473768547
HIT 3 1975702454383 460 1073793588521886898
HIT 3 1979997421679 461 2886300254482203669
HIT 3 1984292388975 462 2528207023349020540
HIT 3 1988587356271 463 17515057483775710387
HIT 3 1992882323567 464 7689650267011150130
HIT 3 1997177290863 465 651984390365917657
HIT 3 2001472258159 466 9699218388963538541
HIT 3 2005767225455 467 2834744878381624631
HIT 3 2010062192751 468 1594449666705733224
HIT 3 2014357160047 469 1881899844505813875
HIT 3 2018652127343 470 11689835279961611791
HIT 3 2022947094639 471 13495394942530360965
HIT 3 2027242061935 472 16846851875096833414
HIT 3 2031537029231 473 9163107939881038090
HIT 3 2035831996527 474 5687914496878727744
HIT 3 2040126963823 475 8678525244356718741
HIT 3 2044421931119 476 9410933681418495337
HIT 3 2048716898415 477 3568164494602270887
HIT 3 2053011865711 478 2797738299272681292
HIT 3 2057306833007 479 13358120330880271059
HIT 3 2061601800303 480 10907664064239351643
HIT 3 2065896767599 481 3704666525131236130
HIT 3 2070191734895 482 15052024512227229178
HIT 3 2074486702191 483 15948983911962156971
HIT 3 2078781669487 484 4586042540159003337
HIT 3 2083076636783 485 7683018951193462679
HIT 3 2087371604079 486 8079932418366017294
HIT 3 2091666571375 487 13602093289066806385
HIT 3 2095961538671 488 10890133672005628416
HIT 3 2100256505967 489 10259331054074536414
HIT 3 2104551473263 490 18335518087254109731
HIT 3 2108846440559 491 15528986741013786308
HIT 3 2113141407855 492 13345610135207400987
HIT 3 2117436375151 493 2719306077888538965
HIT 3 2121731342447 494 14500957255791410197
HIT 3 2126026309743 495 3058841960652131696
HIT 3 2130321277039 496 7939617326996200820
HIT 3 2134616244335 497 11049339541131696466
HIT 3 2138911211631 498 3556946064942155588
HIT 3 2143206178927 499 4067650969883427712
HIT 3 2147501146223 500 1721082789923849058
HIT 3 2151796113519 501 11246941454421638787
HIT 3 2156091080815 502 14283301867894068325
HIT 3 2160386048111 503 14826024116399365549
HIT 3 2164681015407 504 11854614213289606690
HIT 3 2168975982703 505 6767016459325803055
HIT 3 2173270949999 506 13792838467355196588
HIT 3 2177565917295 507 2371244415591411051
HIT 3 2181860884591 508 6614767294405565513
HIT 3 2186155851887 509 6656744937054082336
HIT 3 2190450819183 510 11696901163073785120
HIT 3 2194745786479 511 14518095204071398401
HIT 3 1163953700975 271 14840868716725816301
HIT 3 1730889384047 403 12832701753513286525
HIT 3 2083076702319 485 14745483102084732622
HIT 3 1722299514991 401 4534755960590972904
HIT 3 1726594482287 402 2978169283053784807
HIT 3 1730889449583 403 2015151942372956765
HIT 3 1739479384175 405 8583380484522424352
HIT 3 2074486833263 483 3832641882320248203
HIT 3 2078781800559 484 14020282580040029045
HIT 3 2083076767855 485 10185142166601864274
HIT 3 2091666702447 487 1622445024898267654
HIT 3 1730889515119 403 5413324454554951866
HIT 3 2083076833391 485 15423285657694120335
HIT 3 1730889580655 403 11758718343554443415
HIT 3 2083076898927 485 9900411673704929430
HIT 3 1730889646191 403 13093067212314510236
HIT 3 2083076964463 485 9448688093566769358
HIT 3 1730889711727 403 2914978252810985184
HIT 3 2083077029999 485 2377571832737207462
HIT 3 1730889777263 403 11217580290079266964
HIT 3 2083077095535 485 3920934630024110665
HIT 3 1730889842799 403 8517807425886501075
HIT 3 2083077161071 485 5365140887909855760
HIT 3 1730889908335 403 8235312928294217371
HIT 3 2083077226607 485 11994982041865530076
HIT 3 1730889973871 403 14997194744701182890
HIT 3 2083077292143 485 13284361953488455220
HIT 3 1730890039407 403 4493620023504712550
HIT 3 2083077357679 485 4284363469220283657
HIT 3 1730890104943 403 10201361291147546849
HIT 3 2083077423215 485 4150454296025178915
HIT 3 1730890170479 403 15840098833745010067
HIT 3 2083077488751 485 18035011523003823417
HIT 3 1730890236015 403 11500353541240731513
HIT 3 2083077554287 485 18005466620489668337
HIT 3 1730890301551 403 10423831311652001774
HIT 3 2083077619823 485 14499490444813476912
HIT 3 1730890367087 403 1037109476704085911
HIT 3 2083077685359 485 5344381714094300874
HIT 3 1730890432623 403 8546434557706094013
HIT 3 2083077750895 485 15448268248130953593
HIT 3 1730890498159 403 14005170032815479387
HIT 3 2083077816431 485 18219737847101300156
HIT 3 1730890563695 403 16931707747572977957
HIT 3 2083077881967 485 17533593151747788725
HIT 3 1730890629231 403 14257793715886629895
HIT 3 2083077947503 485 13070478629989286092
HIT 3 1730890694767 403 821734651711181007
HIT 3 2083078013039 485 4199488948143501315
HIT 3 1730890760303 403 6614346359774162975
HIT 3 2083078078575 485 15639581545151765028
HIT 3 1730890825839 403 3709022406685891151
HIT 3 2083078144111 485 16377745393968839918
HIT 3 1730890891375 403 11588103876869037603
HIT 3 2083078209647 485 3671989549387347363
HIT 3 1730890956911 403 14852955100373643976
HIT 3 2083078275183 485 5099118466925258600
HIT 3 1730891022447 403 3766400005556676703
HIT 3 2083078340719 485 9250749347743008746
HIT 3 1730891087983 403 2087183849247526507
HIT 3 2083078406255 485 9044406325714678110
HIT 3 1730891153519 403 13120515475761141672
HIT 3 2083078471791 485 10056714204639285303
HIT 3 1730891219055 403 6672681047953579033
HIT 3 2083078537327 485 1105011855163371150
HIT 3 1730891284591 403 9733169664638740232
HIT 3 2083078602863 485 11749256583890459628
HIT 3 1730891350127 403 13855518046218638439
HIT 3 2083078668399 485 1023927695488523847
HIT 3 1730891415663 403 7276629132737387419
HIT 3 2083078733935 485 8341187624951340325
HIT 3 1730891481199 403 13214139013802435650
HIT 3 2083078799471 485 14733088706541596328
HIT 3 1730891546735 403 13872598495407284060
HIT 3 2083078865007 485 14924415078513781851
HIT 3 1730891612271 403 3092000873615521151
HIT 3 2083078930543 485 3849449061754048185
HIT 3 1730891677807 403 9096696383902572312
HIT 3 2083078996079 485 13989482742494514300
HIT 3 1730891743343 403 773114220383596088
HIT 3 2083079061615 485 13112111798365012195
HIT 3 1730891808879 403 9894014470034476236
HIT 3 2083079127151 485 8107460084017646765
HIT 3 1730891874415 403 13806817612127797717
HIT 3 2083079192687 485 2132494777208032768
HIT 3 1730891939951 403 1465897947176459671
HIT 3 2083079258223 485 9122749816496241813
HIT 3 1730892005487 403 14673794203255967150
HIT 3 2083079323759 485 18156134501509039889
HIT 3 1730892071023 403 7985252298422372131
HIT 3 1730889187437 403 7008184797580142477
HIT 3 2083076505709 485 17839277247488152225
HIT 3 1155363635309 269 2127120058544672744
HIT 3 1730889252973 403 12456840640732049036
HIT 3 2083076571245 485 8369281524806997853
HIT 3 1722299383917 401 15385380361899268528
HIT 3 1726594351213 402 3920362498751471844
HIT 3 1730889318509 403 2677413516447580514
HIT 3 1739479253101 405 18261418426465492571
HIT 3 2074486702189 483 3502826678325385966
HIT 3 2078781669485 484 15291934040978470605
HIT 3 2083076636781 485 2091992690011444083
HIT 3 2091666571373 487 1204586591844359679
HIT 3 1730889449581 403 8155438810963301438
HIT 3 2083076767853 485 1345348681007640375
HIT 3 2083079389295 485 2721579425071277361
HIT 3 1730892136559 403 17734847307218843999
HIT 3 2083079454831 485 16433569211117280848
HIT 3 1730892202095 403 12856947983558735493
HIT 3 2083079520367 485 7221364586728693172
HIT 3 1730892267631 403 15521997500766639370
HIT 3 2083079585903 485 1868014701449977724
HIT 3 1730892333167 403 14096307131605358157
HIT 3 2083079651439 485 2967730571331582437
HIT 3 1730892398703 403 17390441108274624603
HIT 3 2083079716975 485 8099179544724675084
HIT 3 1730892464239 403 13421820805587218638
HIT 3 2083079782511 485 1314190597073733368
HIT 3 1730892529775 403 6559424137759104911
HIT 3 2083079848047 485 48514233650088637
HIT 3 1730892595311 403 2187642027984536396
HIT 3 2083079913583 485 12336576814612755822
HIT 3 1730892660847 403 7605930936415317507
HIT 3 2083079979119 485 12304691530362639989
HIT 3 1730892726383 403 17228043205862506206
HIT 3 2083080044655 485 9308620156088733081
HIT 3 1730892791919 403 16158700029793728998
HIT 3 2083080110191 485 15470306943301942988
HIT 3 1730892857455 403 17052103838003435428
HIT 3 2083080175727 485 4108838936520541531
HIT 3 1730892922991 403 13382081487467720278
HIT 3 2083080241263 485 4973279324863278312
HIT 3 1730892988527 403 13635760683899389771
HIT 3 2083080306799 485 10517872704362776116
HIT 3 1730893054063 403 15334154048006664212
HIT 3 1730889187438 403 9938504285148219375
HIT 3 2083076505710 485 12766247530950774446
HIT 3 1155363635310 269 14475298379551164714
HIT 3 1730889252974 403 11884828236584567676
HIT 3 2083076571246 485 17863179006195497560
HIT 3 1722299383918 401 4536876440071313680
HIT 3 1726594351214 402 3782418702615855334
HIT 3 1730889318510 403 3088079665949336576
HIT 3 1739479253102 405 6296574931481343820
HIT 3 2074486702190 483 4641503164971856421
HIT 3 2078781669486 484 7288403776596403864
HIT 3 2083076636782 485 513676935225918006
HIT 3 2091666571374 487 16535137543730344981
HIT 3 1730889449582 403 9439152510909424086
HIT 3 2083076767854 485 17916332303044165943
HIT 3 2083080372335 485 15306795986368275608
HIT 3 1730893119599 403 3813740196701715503
HIT 3 2083080437871 485 11137225044101264483
HIT 3 1730893185135 403 3338472381313900374
HIT 3 2083080503407 485 14679066220022395454
HIT 3 1730893250671 403 4344107279481261149
HIT 3 2083080568943 485 946518997094768455
HIT 3 1730893316207 403 17388127575164866327
HIT 3 2083080634479 485 12171496368079142311
HIT 3 1730893381743 403 340000149600856255
HIT 3 2083080700015 485 685323148049119663
HIT 3 1730893447279 403 12303408021960279606
HIT 3 2083080765551 485 15740303424971456055
HIT 3 1730893512815 403 3155263674274058460
HIT 3 2083080831087 485 8977285209463246951
HIT 3 1730893578351 403 17725309177658225603
HIT 3 2083080896623 485 10473117616348438201
HIT 3 1730893643887 403 12822907127167632115
HIT 3 2083080962159 485 1069368285148195016
HIT 3 1730893709423 403 10566756827333353972
HIT 3 2083081027695 485 3765033193757482272
HIT 3 1730893774959 403 1241034382495836554
HIT 3 2083081093231 485 6573274860142533259
HIT 3 1730893840495 403 1797408156202647405
HIT 3 2083081158767 485 7109872899849077237
HIT 3 1730893906031 403 14280561389365522669
HIT 3 2083081224303 485 14253949350227012656
HIT 3 1730893971567 403 6618132776918805628
HIT 3 2083081289839 485 15785388919423376818
HIT 3 1730894037103 403 10149883278969271797
HIT 3 2083081355375 485 8128460195090901110
HIT 3 1730894102639 403 16368500182554976488
HIT 3 2083081420911 485 6287942064193787066
HIT 3 1730894168175 403 1025768108949662093
HIT 3 2083081486447 485 11478301153523479879
HIT 3 1730894233711 403 16049861036076678862
HIT 3 2083081551983 485 11817946738318966806
HIT 3 1730894299247 403 11668277885996838899
HIT 3 2083081617519 485 10978889655171015413
HIT 3 1730894364783 403 2312443792192662797
HIT 3 2083081683055 485 4924877600305541728
HIT 3 1730894430319 403 10170664620032169202
HIT 3 2083081748591 485 4899181567450194052
HIT 3 1730894495855 403 11242761490880136663
HIT 3 2083081814127 485 9342998957541173891
HIT 3 1730894561391 403 2150626981167617542
HIT 3 2083081879663 485 9968081924397755985
HIT 3 1730894626927 403 1278633440993658217
HIT 3 2083081945199 485 14088117131694095285
HIT 3 1730894692463 403 11877511636152871286
HIT 3 2083082010735 485 14162498477047016833
HIT 3 1730894757999 403 2825978826901546060
HIT 3 2083082076271 485 7532354338076658876
HIT 3 1730894823535 403 4814824782201208698
HIT 3 2083082141807 485 13353797592280479022
HIT 3 1730894889071 403 3668039558861040867
HIT 3 2083082207343 485 12262154286079220873
HIT 3 1730894954607 403 132138955618422536
HIT 3 2083082272879 485 4129676314502725571
HIT 3 1730895020143 403 9157282839441753688
HIT 3 2083082338415 485 12965449773203528696
HIT 3 1730895085679 403 520276380649497774
HIT 3 2083082403951 485 4103450534057767087
HIT 3 1730895151215 403 442340918619194610
HIT 3 2083082469487 485 12521157441014750299
HIT 3 1730895216751 403 16894741965572685565
HIT 3 2083082535023 485 4989243741974034246
HIT 3 1730895282287 403 13742740067440696877
HIT 3 2083082600559 485 7942912230826522847
HIT 3 1730895347823 403 694725984667833490
HIT 3 2083082666095 485 12514733963457611004
HIT 3 1730895413359 403 7194103671818065836
HIT 3 2083082731631 485 3376564040873742110
HIT 3 1730895478895 403 822654741290061440
HIT 3 2083082797167 485 10349598616013401046
HIT 3 1730895544431 403 16602930386623775562
HIT 3 2083082862703 485 18247027855857471913
HIT 3 1730895609967 403 5731399098846063871
HIT 3 2083082928239 485 1520575625715890486
HIT 3 1730895675503 403 14277887195379303716
HIT 3 2083082993775 485 15856628350348869142
HIT 3 1730895741039 403 14149066680626672650
HIT 3 2083083059311 485 4345500702774415557
HIT 3 1730895806575 403 4306232734430428893
HIT 3 2083083124847 485 10868241943513022667
HIT 3 1730895872111 403 7507754542672633219
HIT 3 2083083190383 485 9068346717355892683
HIT 3 1730895937647 403 18056560031998332424
HIT 3 2083083255919 485 11134280751074661754
HIT 3 1730896003183 403 7159834627406951414
HIT 3 2083083321455 485 5989230339341620613
HIT 3 1730896068719 403 9747101681117157389
HIT 3 2083083386991 485 3820860066113592980
HIT 3 1730896134255 403 3287291108589039972
HIT 3 2083083452527 485 6417159666614194301
HIT 3 1730896199791 403 6154627335314128151
HIT 3 2083083518063 485 3745531205114230697
HIT 3 1730896265327 403 11554484446387897488
HIT 3 2083083583599 485 8313400128057405278
HIT 3 1730896330863 403 2297530638559493529
HIT 3 2083083649135 485 6106686487662990111
HIT 3 1730896396399 403 2480393463673493096
HIT 3 2083083714671 485 15435921409687812541
HIT 3 1730896461935 403 1049117374165514006
HIT 3 2083083780207 485 2308889682186534961
HIT 3 1730896527471 403 4812646080213207493
HIT 3 2083083845743 485 16505055319246270313
HIT 3 1730896593007 403 3696967835029023968
HIT 3 2083083911279 485 4163488315751270284
HIT 3 1730896658543 403 9330793033370592000
HIT 3 2083083976815 485 6078452141729164810
HIT 3 1730896724079 403 16486019812762405967
HIT 3 2083084042351 485 7762862471307347159
HIT 3 1730896789615 403 8594075025096288472
HIT 3 2083084107887 485 6964134346887718289
HIT 3 1730896855151 403 6099146839817716555
HIT 3 2083084173423 485 12213191312716942841
HIT 3 1730896920687 403 4128157218649793806
HIT 3 2083084238959 485 10275582848224539522
HIT 3 1730896986223 403 18005121357206205308
HIT 3 2083084304495 485 17899492935227520044
HIT 3 1730897051759 403 12683651763744228891
HIT 3 2083084370031 485 2527373077915886925
HIT 3 1730897117295 403 17192865881319953811
HIT 3 2083084435567 485 10760790980976796792
HIT 3 1730897182831 403 4376328589276616518
HIT 3 2083084501103 485 11516710374361578901
HIT 3 1730897248367 403 2898858712931892303
HIT 3 2083084566639 485 9009809098032671656
HIT 3 1730897313903 403 8189499538520191554
HIT 3 2083084632175 485 14656935131247921631
HIT 3 1730897379439 403 12663269863569040729
HIT 3 2083084697711 485 7252994022354864116
HIT 3 1730897444975 403 7402804764895106739
HIT 3 2083084763247 485 10414886031521772561
HIT 3 1730897510511 403 5883749362734393222
HIT 3 2083084828783 485 5101589388084174649
HIT 3 1730897576047 403 3440573029860384189
HIT 3 2083084894319 485 1976635400699959350
HIT 3 1730897641583 403 16881553088999786503
HIT 3 2083084959855 485 3846432559789972580
HIT 3 1730897707119 403 17090995486341083501
HIT 3 2083085025391 485 13245409199922124217
HIT 3 1730897772655 403 6848194328392157880
HIT 3 2083085090927 485 4662224574521633269
HIT 3 1730897838191 403 17269552584049447073
HIT 3 2083085156463 485 5715528897535839191
HIT 3 1730897903727 403 5800921120042906203
HIT 3 2083085221999 485 16152238179325337093
HIT 3 1722308034671 401 5800921120042906203
HIT 3 1730897969263 403 5186790417857933747
HIT 3 2083085287535 485 17917313778126632339
HIT 3 1730898034799 403 18054516999797847979
HIT 3 1739487969391 405 18324360798398303227
HIT 3 2083085353071 485 2485096520074439664
HIT 3 1730898100335 403 18324360798398303227
HIT 3 2074495484015 483 9994325896802257006
HIT 3 2078790451311 484 12479565395947549631
HIT 3 2083085418607 485 2622116046195546778
HIT 3 2091675353199 487 11412859099277826125
HIT 3 1735193133167 404 1743572409861902214
HIT 3 1739488100463 405 15331231456273095450
HIT 3 1748078035055 407 17937096865642256898
HIT 3 2074495549551 483 9785103268552253987
HIT 3 2078790516847 484 6686264603488588348
HIT 3 2083085484143 485 1392010935610514141
HIT 3 2091675418735 487 612084435818218647
HIT 3 1735193198703 404 2776595349386990447
HIT 3 1739488165999 405 17937096865642256898
HIT 3 1743783133295 406 1743572409861902214
HIT 3 1748078100591 407 18149696441386696634
HIT 3 1752373067887 408 3267041284033483309
HIT 3 1756668035183 409 15821670577495336582
HIT 3 1760963002479 410 6967515672375523329
HIT 3 1765257969775 411 16702369384311395408
HIT 3 1769552937071 412 14672758626856546784
HIT 3 1773847904367 413 8157234516345690145
HIT 3 1778142871663 414 4040490852362464558
HIT 3 1782437838959 415 7259693795044906051
HIT 3 1786732806255 416 630342430296857893
HIT 3 1791027773551 417 13283756992126249647
HIT 3 1795322740847 418 9109458902694590738
HIT 3 1799617708143 419 14020213974313999835
HIT 3 1803912675439 420 15037623675086405879
HIT 3 1808207642735 421 6798366809687304313
HIT 3 1812502610031 422 3172571227962385765
HIT 3 1816797577327 423 14979053426734997673
HIT 3 1821092544623 424 3616801373294822914
HIT 3 1825387511919 425 17890263368611501966
HIT 3 1829682479215 426 9643447487949501039
HIT 3 1833977446511 427 15436073068356564679
HIT 3 1838272413807 428 3605122432772313472
HIT 3 1842567381103 429 18124483574018886623
HIT 3 1846862348399 430 8837012298815063652
HIT 3 1851157315695 431 9784926740188875113
HIT 3 1855452282991 432 10620782285665582408
HIT 3 1859747250287 433 11882046519648184142
HIT 3 1864042217583 434 17605180123383235000
HIT 3 1868337184879 435 997995634495289769
HIT 3 1872632152175 436 5952130072906767423
HIT 3 1876927119471 437 2696384990700184420
HIT 3 1881222086767 438 15385291964110314699
HIT 3 1885517054063 439 5533659609926851892
HIT 3 1889812021359 440 5602546434129912832
HIT 3 1894106988655 441 12662854534871146835
HIT 3 1898401955951 442 17202680803093016004
HIT 3 1902696923247 443 17724691664143788833
HIT 3 1906991890543 444 1931109972974860761
HIT 3 1911286857839 445 16640856549962599224
HIT 3 1915581825135 446 3752671004697147305
HIT 3 1919876792431 447 482673128612229672
HIT 3 1924171759727 448 9639880037191325227
HIT 3 1928466727023 449 8141283064528912380
HIT 3 1932761694319 450 2564890779741337524
HIT 3 1937056661615 451 2154931131724539167
HIT 3 1941351628911 452 2263604162800114104
HIT 3 1945646596207 453 14128755276185067515
HIT 3 1949941563503 454 14760709508868290205
HIT 3 1954236530799 455 8448825608888317324
HIT 3 1958531498095 456 9647464446578037907
HIT 3 1962826465391 457 11622330316398998658
HIT 3 1967121432687 458 16815703764612157899
HIT 3 1971416399983 459 13245425297058385841
HIT 3 1975711367279 460 7709087931440784799
HIT 3 1980006334575 461 11761683913322421741
HIT 3 1984301301871 462 12437264230836983972
HIT 3 1988596269167 463 17765161434071015793
HIT 3 1992891236463 464 4381024587044723268
HIT 3 1997186203759 465 8011833998638784280
HIT 3 2001481171055 466 7881316556919917795
HIT 3 2005776138351 467 7421894499233657051
HIT 3 2010071105647 468 14646726030724611207
HIT 3 2014366072943 469 7399324162765982967
HIT 3 2018661040239 470 7394235805609221074
HIT 3 2022956007535 471 7578121954461451926
HIT 3 2027250974831 472 14536439533363027037
HIT 3 2031545942127 473 9188413146614745956
HIT 3 2035840909423 474 14347295449986262082
HIT 3 2040135876719 475 2765344580713236269
HIT 3 2044430844015 476 15393833718015776043
HIT 3 2048725811311 477 5506108922044293051
HIT 3 2053020778607 478 7205793983373095047
HIT 3 2057315745903 479 17351379231015044229
HIT 3 2061610713199 480 2784080019699472183
HIT 3 2065905680495 481 11625609692470862345
HIT 3 2070200647791 482 7053368394206341813
HIT 3 2074495615087 483 5402126778136451116
HIT 3 2078790582383 484 2805949673206798572
HIT 3 2083085549679 485 13764701613051025374
HIT 3 2087380516975 486 12755124262160795255
HIT 3 2091675484271 487 12289538912604270406
HIT 3 2095970451567 488 6011322631059919895
HIT 3 2100265418863 489 9297483263447025385
HIT 3 2104560386159 490 8879802011814510690
HIT 3 2108855353455 491 13547235378390391643
HIT 3 2113150320751 492 13124545560069426236
HIT 3 2117445288047 493 1771510985592711298
HIT 3 2121740255343 494 4719347779707397148
HIT 3 2126035222639 495 17091292908104438218
HIT 3 2130330189935 496 5078867745145652584
HIT 3 2134625157231 497 2759609453789752256
HIT 3 2138920124527 498 14682917271185499069
HIT 3 2143215091823 499 17508405617142387029
HIT 3 2147510059119 500 44592247938833585
HIT 3 2151805026415 501 12698212614902987968
HIT 3 2156099993711 502 2183454830698489790
HIT 3 2160394961007 503 8312086566773783207
HIT 3 2164689928303 504 7025439334986800431
HIT 3 2168984895599 505 10294106320487107389
HIT 3 2173279862895 506 15156802256849814955
HIT 3 2177574830191 507 13495800251123099205
HIT 3 2181869797487 508 11384770122129064197
HIT 3 2186164764783 509 7646317763994333779
HIT 3 2190459732079 510 2203491188346549137
HIT 3 2194754699375 511 8006821270743595445
HIT 3 1748078166127 407 6066782219240929174
HIT 3 2083085615215 485 15670104611618844505
HIT 3 2074495746159 483 17514162500487334162
HIT 3 2078790713455 484 17631378616049999367
HIT 3 2083085680751 485 12940066367356286460
HIT 3 2091675615343 487 2442991784445277409
HIT 3 2083085746287 485 2649647268039712670
HIT 3 2083085811823 485 18007394905126264892
HIT 3 2083085877359 485 9340535784367121721
HIT 3 2083085942895 485 13062493857214136517
HIT 3 2083086008431 485 10613293453123521487
HIT 3 2083086073967 485 10268698896365113679
HIT 3 2083086139503 485 15174430074674714877
HIT 3 2083086205039 485 12825188795550684679
HIT 3 2083086270575 485 10644643341177939520
HIT 3 2083086336111 485 9745951249935501248
HIT 3 2083086401647 485 10063659693191218159
HIT 3 2083086467183 485 1462669459282623752
HIT 3 2083086532719 485 3151318461185577830
HIT 3 2083086598255 485 16817946388529935640
HIT 3 2083086663791 485 15457593447061718440
HIT 3 2083086729327 485 13013441200561082331
HIT 3 2083086794863 485 11505546472422954722
HIT 3 2083086860399 485 14657002671919782084
HIT 3 2083086925935 485 4831819507110325580
HIT 3 2083086991471 485 2624265128900907582
HIT 3 2083087057007 485 11321540308091729892
HIT 3 2083087122543 485 18094026633338955267
HIT 3 2083087188079 485 16562383199459987693
HIT 3 2083087253615 485 14910619606739421662
HIT 3 2083087319151 485 14519150547966788998
HIT 3 2083087384687 485 14931380543903095526
HIT 3 2083087450223 485 2785027180399583830
HIT 3 2083087515759 485 3447172884889925069
HIT 3 2083087581295 485 4271668784691867381
HIT 3 2083087646831 485 17587499085058269559
HIT 3 2083087712367 485 1851215485037787106
HIT 3 2083087777903 485 8775154875646635108
HIT 3 2083087843439 485 17249008108898564917
HIT 3 2083087908975 485 6602239327264639133
HIT 3 2083087974511 485 13980708624026086992
HIT 3 2083088040047 485 3241455640624497633
HIT 3 2083088105583 485 14124338407308593865
HIT 3 2083088171119 485 3160065990412608045
HIT 3 2083088236655 485 11012490840327861689
HIT 3 2083088302191 485 12617151554174479228
HIT 3 2083088367727 485 6901422645209062041
HIT 3 2083088433263 485 13275499275367844583
HIT 3 2083088498799 485 11005501867634920001
HIT 3 2083088564335 485 1651121094886985704
HIT 3 2083088629871 485 7407618758096690193
HIT 3 2083088695407 485 17653307853902470263
HIT 3 2083088760943 485 5816219451514237722
HIT 3 2083088826479 485 1748695704683875842
HIT 3 2083088892015 485 5549855854042883210
HIT 3 2083088957551 485 7433203829492562548
HIT 3 2083089023087 485 2340168325684646768
HIT 3 2083089088623 485 11886325733874796244
HIT 3 2083089154159 485 10712431963188863617
HIT 3 2083089219695 485 15812368214358785337
HIT 3 2083089285231 485 7771442494039439001
HIT 3 2083089350767 485 10388817590313758197
HIT 3 2083089416303 485 6726993264983563221
HIT 3 2083089481839 485 11333523912286494820
HIT 3 2083089547375 485 357081275419022926
HIT 3 2083089612911 485 8177158977494597580
HIT 3 2083089678447 485 13726093903359737028
HIT 3 2083089743983 485 605749080826585100
HIT 3 2083089809519 485 5921865341204376873
HIT 3 2083089875055 485 14831278706838802285
HIT 3 2083089940591 485 923970776829445881
HIT 3 2083090006127 485 6564126047654176399
HIT 3 2083090071663 485 4990279662906369869
HIT 3 2083090137199 485 2470046596778364693
HIT 3 2083090202735 485 4019756272716281774
HIT 3 2083090268271 485 13278168950903758095
HIT 3 2083090333807 485 11633017609724047733
HIT 3 2083090399343 485 15553042914169528000
HIT 3 2083090464879 485 7770683149368582582
HIT 3 2083090530415 485 9465092437594301898
HIT 3 2083090595951 485 7692260629380895244
HIT 3 2074500726895 483 7692260629380895244
HIT 3 2083090661487 485 13549389501784150302
HIT 3 2083090727023 485 11435848763335915327
HIT 3 2091680661615 487 4696695694736439199
HIT 3 2083090792559 485 4696695694736439199
HIT 3 2087385825391 486 12817220951779010936
HIT 3 2091680792687 487 3845940803831933976
HIT 3 2100270727279 489 249782142863598310
HIT 3 2087385890927 486 10985202400083374755
HIT 3 2091680858223 487 249782142863598310
HIT 3 2095975825519 488 12817220951779010936
HIT 3 2100270792815 489 3498735979445493066
HIT 3 2104565760111 490 3858061258730655134
HIT 3 2108860727407 491 15792429821927567801
HIT 3 2113155694703 492 8945540861986475717
HIT 3 2117450661999 493 1224403220392193577
HIT 3 2121745629295 494 5263164202180380812
HIT 3 2126040596591 495 18035793555529575992
HIT 3 2130335563887 496 18055645211120403255
HIT 3 2134630531183 497 16115263207607720300
HIT 3 2138925498479 498 2463752184465607472
HIT 3 2143220465775 499 7980340461096128588
HIT 3 2147515433071 500 16976735047101577429
HIT 3 2151810400367 501 5715178604071366969
HIT 3 2156105367663 502 14868466707023611574
HIT 3 2160400334959 503 16902852940173717272
HIT 3 2164695302255 504 14041154545781943329
HIT 3 2168990269551 505 18407823131974874794
HIT 3 2173285236847 506 7576476894830091561
HIT 3 2177580204143 507 184765643812437997
HIT 3 2181875171439 508 4817899400905626732
HIT 3 2186170138735 509 12808914125238626923
HIT 3 2190465106031 510 10435253470803545915
HIT 3 2194760073327 511 17306894522408078214
HIT 3 2100270858351 489 5012926638042965995
HIT 3 1146763804784 267 15784921959770559011
HIT 3 1730879357040 403 18293145097330107742
HIT 3 2083066675312 485 17952895375081514031
HIT 3 2083085549676 485 7623349858015246197
HIT 3 2083085418605 485 17394820075647467331
HIT 3 1739488100461 405 16263310557615618095
HIT 3 2083085484141 485 5700833577357170560
HIT 3 2074495615085 483 11874187465863743774
HIT 3 2078790582381 484 11401543120429223613
HIT 3 2083085549677 485 14466781749743280565
HIT 3 2091675484269 487 2411732149142300888
HIT 3 2083085680749 485 8887861848819564047
HIT 3 2083085418606 485 6474370688316188454
HIT 3 1739488100462 405 16293901392387971033
HIT 3 2083085484142 485 659108536201238328
HIT 3 2074495615086 483 546190665256029435
HIT 3 2078790582382 484 3135309587410984082
HIT 3 2083085549678 485 6407906848123559769
HIT 3 2091675484270 487 157530528290729006
HIT 3 2083085680750 485 11528936620938556857
HIT 3 2091680792685 487 7737490115202019595
HIT 3 2091680792686 487 13068759280513419780
HIT 3 1730889318512 403 779356100525436633
HIT 3 2083076636784 485 7488734792067910706
HIT 3 1730889187441 403 2715744758588656562
HIT 3 2083076505713 485 10381356464846061505
HIT 3 1155363635313 269 15784921959770559011
HIT 3 1730889252977 403 14806492982040700520
HIT 3 2083076571249 485 10743498929606022087
HIT 3 1722299383921 401 15165736316192954498
HIT 3 1726594351217 402 1578347729922230339
HIT 3 1730889318513 403 12470256986973626230
HIT 3 1739479253105 405 9639561109274983251
HIT 3 2074486702193 483 7777202214487725756
HIT 3 2078781669489 484 16757085815299313823
HIT 3 2083076636785 485 17588517730665660719
HIT 3 2091666571377 487 7192540078498648049
HIT 3 2083085549680 485 1398389035710926351
HIT 3 1730889449585 403 778288950362107451
HIT 3 2083076767857 485 18079519542766722416
HIT 3 1730889318514 403 12635592715021920863
HIT 3 2083076636786 485 2567616710513601425
HIT 3 1730889318515 403 9269046539877289799
HIT 3 2083076636787 485 10222714120222671072
HIT 3 2083085418609 485 8577085473586930070
HIT 3 1739488100465 405 18293145097330107742
HIT 3 2083085484145 485 13838292166059029109
HIT 3 2074495615089 483 8199006610607715832
HIT 3 2078790582385 484 12553430150054481502
HIT 3 2083085549681 485 17995668287628767013
HIT 3 2091675484273 487 17238938991007388761
HIT 3 2083085680753 485 3554875152329399949
HIT 3 2083085549682 485 15679921644501191306
HIT 3 2091680792689 487 17952895375081514031
HIT 3 2083085549683 485 342579975897141819
HIT 3 1730889318516 403 8510985919854526430
HIT 3 2083076636788 485 5486218629211763146
HIT 3 1730889318517 403 15480796165101008460
HIT 3 2083076636789 485 17685613464249165682
HIT 3 1730889318518 403 13643821508914749859
HIT 3 2083076636790 485 11779791968432196929
HIT 3 1730889318519 403 16988750266890009474
HIT 3 2083076636791 485 6166264586322652542
HIT 3 2083085549684 485 13086089032222107000
HIT 3 2083085549685 485 9836217124729454033
HIT 3 2083085549686 485 10263124822591303799
HIT 3 2083085549687 485 5145937380240433467
HIT 3 1730889318521 403 1338737443786579594
HIT 3 2083076636793 485 13496256495752622058
HIT 3 1730889318520 403 1900369985634927492
HIT 3 2083076636792 485 12552703647532120148
HIT 3 2083085549689 485 7124552089913000956
HIT 3 1730889318522 403 11274490087313275261
HIT 3 2083076636794 485 183978278564989196
HIT 3 1730889318523 403 14597204652446429603
HIT 3 2083076636795 485 9682329635249003775
HIT 3 2083085549688 485 5441470038057675313
HIT 3 2083085549690 485 15489214921539986367
HIT 3 2083085549691 485 15688013222953704675
HIT 3 1730889318524 403 15221762871066218583
HIT 3 2083076636796 485 11308618431077721444
HIT 3 1730889318525 403 6386205017186078807
HIT 3 2083076636797 485 16772439278290151497
HIT 3 2083085549692 485 4437501000790391785
HIT 3 1730889318526 403 4903032973524072050
HIT 3 2083076636798 485 14610608432928970627
HIT 3 1730889318527 403 9749541184152510861
HIT 3 2083076636799 485 14772892962640832947
HIT 3 2083085549693 485 498647794593004962
HIT 3 2083085549694 485 15892130656551022541
HIT 3 2083085549695 485 10976567132887549762
HIT 3 1730889318528 403 7852649790867424235
HIT 3 2083076636800 485 6935317202607239174
HIT 3 1730889318529 403 5442137780327745779
HIT 3 2083076636801 485 4197188605798001206
HIT 3 2083085549696 485 13839316192055168821
HIT 3 2083085549697 485 2307526234998023144
HIT 3 1730889318530 403 15649986960954959721
HIT 3 2083076636802 485 13967010702140513377
HIT 3 1730889318531 403 17210292903107425888
HIT 3 2083076636803 485 1364973384430492569
HIT 3 1730889318532 403 4802422800631617210
HIT 3 2083076636804 485 641717219351866869
HIT 3 1730889318533 403 13854066689992746812
HIT 3 2083076636805 485 14042142567797997701
HIT 3 2083085549698 485 17959240953706470767
HIT 3 2083085549700 485 1628120864355841078
HIT 3 2083085549701 485 13297137598246480905
HIT 3 2083085549699 485 13449193649448251114
HIT 3 1730889318535 403 941160275309479418
HIT 3 2083076636807 485 14462070001957690406
HIT 3 1730889318534 403 17440583398691666636
HIT 3 2083076636806 485 10850766272704367685
HIT 3 1730889318536 403 18020869848239743371
HIT 3 2083076636808 485 16740224127543937347
HIT 3 2083085549702 485 6904224047215599121
HIT 3 1730889318537 403 3601920910066608002
HIT 3 2083076636809 485 15278526456845685058
HIT 3 2083085549703 485 8329899109121960710
HIT 3 2083085549704 485 7005403788948329221
HIT 3 2083085549705 485 10767398651853792604
HIT 3 1730889318538 403 9113586557892806757
HIT 3 2083076636810 485 1237711747120235479
HIT 3 1730889318539 403 5675237710862322942
HIT 3 2083076636811 485 18336691145559221508
HIT 3 2083085549706 485 7911858829172100583
HIT 3 1730889318540 403 11392843679513828743
HIT 3 2083076636812 485 5105534529493443837
HIT 3 2083085549707 485 15279192611047759495
HIT 3 1730889318541 403 2937339223232402522
HIT 3 2083076636813 485 17543450530709218519
HIT 3 2083085549708 485 1891896879259294420
HIT 3 2083085549709 485 9069546403842742803
HIT 3 1730889318542 403 16435211080476596614
HIT 3 2083076636814 485 9665734483732960269
HIT 3 1730889318543 403 4375136496822436696
HIT 3 2083076636815 485 18107994936078737816
HIT 3 1730889318544 403 15206333517346376695
HIT 3 2083076636816 485 17862229160907979563
HIT 3 2083085549710 485 10926988191862617433
HIT 3 1730889318545 403 4940053868180050612
HIT 3 2083076636817 485 17097852182620556123
HIT 3 2083085549711 485 725511403213535547
HIT 3 2083085549712 485 11902979519361293637
HIT 3 2083085549713 485 8425354274921317542
HIT 3 1730889318546 403 2012942753448543753
HIT 3 2083076636818 485 14097699663952093544
HIT 3 1730889318547 403 8113096279456337674
HIT 3 2083076636819 485 9205645843294841607
HIT 3 1730889318548 403 3566020881276196995
HIT 3 2083076636820 485 28205704872691386
HIT 3 2083085549714 485 18341822424892921239
HIT 3 2083085549715 485 1731575777761576329
HIT 3 1730889318549 403 18095406287001444483
HIT 3 2083076636821 485 5821327413613363869
HIT 3 2083085549717 485 13324911633127916038
HIT 3 2083085549716 485 3877230185262751080
HIT 3 1730889318550 403 11921544033182130952
HIT 3 2083076636822 485 17525053602905834360
HIT 3 1730889318551 403 400294059360429158
HIT 3 2083076636823 485 7579722241941101655
HIT 3 2083085549719 485 5236952153623616320
HIT 3 2083085549718 485 17380927968916961952
HIT 3 1730889318553 403 2098346798579990521
HIT 3 2083076636825 485 6816057013308652605
HIT 3 1730889318552 403 16228799695484970014
HIT 3 2083076636824 485 14998407357860139747
HIT 3 1730889318554 403 13957259759362960487
HIT 3 2083076636826 485 10267029576179179579
HIT 3 2083085549721 485 167247297819293639
HIT 3 2083085549720 485 12373053703181794134
HIT 3 1730889318555 403 15697376179246344022
HIT 3 2083076636827 485 10626863957444575671
HIT 3 2083085549722 485 5138459374034399741
HIT 3 2083085549723 485 17826143392841912680
HIT 3 1730889318556 403 9397115743553683905
HIT 3 2083076636828 485 16625278752909728316
HIT 3 1730889318557 403 10294325724007051560
HIT 3 2083076636829 485 9143148022536403155
HIT 3 1730889318558 403 14720225058313718996
HIT 3 2083076636830 485 10454069456141433201
HIT 3 2083085549724 485 9140041301041884841
HIT 3 2083085549725 485 8388164795754606319
HIT 3 1730889318559 403 12797199736800040017
HIT 3 2083076636831 485 8778637363879693731
HIT 3 2083085549726 485 7776780477755059415
HIT 3 2083085549727 485 13409975612269162871
HIT 3 1730889318561 403 3624786094289817444
HIT 3 2083076636833 485 13551520874499731973
HIT 3 1730889318560 403 4867524819767320883
HIT 3 2083076636832 485 18154263791932941590
HIT 3 1730889318562 403 947844971678860690
HIT 3 2083076636834 485 6582883985233294792
HIT 3 2083085549729 485 15160937500350139834
HIT 3 1730889318563 403 8954715261021333654
HIT 3 2083076636835 485 12848670689981463044
HIT 3 2083085549728 485 16755893987578776198
HIT 3 2083085549730 485 11747029685382531592
HIT 3 2083085549731 485 9853414639160832759
HIT 3 1730889318564 403 11508338267080001647
HIT 3 2083076636836 485 8252927786661865847
HIT 3 2083085549732 485 12567023871373292439
HIT 3 1730889318567 403 3731477818456564530
HIT 3 2083076636839 485 7438982769384533971
HIT 3 1730889318566 403 5973169490282881977
HIT 3 2083076636838 485 4603035807984920538
HIT 3 1730889318565 403 10477111370804734333
HIT 3 2083076636837 485 8860510072339851205
HIT 3 2083085549735 485 5322032295195665230
HIT 3 2083085549734 485 13304596599264236820
HIT 3 2083085549733 485 9510308093647093505
HIT 3 1730889318568 403 987530192651537594
HIT 3 2083076636840 485 17781664880287729367
HIT 3 1730889318569 403 13849731350048382177
HIT 3 2083076636841 485 3442320750653737528
HIT 3 1730889318571 403 14151388897030873760
HIT 3 2083076636843 485 6739562712399963172
HIT 3 1730889318570 403 2685663418126288975
HIT 3 2083076636842 485 4863246873413208545
HIT 3 2083085549737 485 3153812585681301754
HIT 3 2083085549736 485 6386310672163147310
HIT 3 2083085549739 485 12813118765768374674
HIT 3 2083085549738 485 14061393349262949676
HIT 3 1730889318572 403 2767241583406238816
HIT 3 2083076636844 485 18402462036537265050
HIT 3 1730889318573 403 747614005017405402
HIT 3 1730889318574 403 2502842711666433574
HIT 3 2083076636846 485 16466927357961700167
HIT 3 2083076636845 485 2331148083404320443
HIT 3 1730889318575 403 5580575415712080004
HIT 3 2083076636847 485 15833180081311687698
HIT 3 2083085549741 485 4419019258483980515
HIT 3 2083085549740 485 2198077350073101302
HIT 3 2083085549742 485 14630808469665844
HIT 3 2083085549743 485 14304590108558333411
HIT 3 1730889318576 403 15854725989447187107
HIT 3 2083076636848 485 8805417004142631417
HIT 3 1730889318578 403 12082647733342047865
HIT 3 2083076636850 485 2789292436458325543
HIT 3 2083085549744 485 13075418452251617472
HIT 3 2083085549746 485 15013341872936378718
HIT 3 1730889318577 403 16464200688833983041
HIT 3 2083076636849 485 9881234262294410282
HIT 3 1730889318581 403 9094516775331708397
HIT 3 2083076636853 485 5044016460279105881
HIT 3 1730889318579 403 10017746501238159066
HIT 3 2083076636851 485 6410651155648082143
HIT 3 1730889318580 403 11063383274077854281
HIT 3 2083076636852 485 12922135277693342183
HIT 3 2083085549745 485 10953196241456327273
HIT 3 2083085549749 485 17344977762828737375
HIT 3 2083085549748 485 2997632085692685769
HIT 3 2083085549747 485 9339692406277230515
HIT 3 1730889318582 403 12182156356214993491
HIT 3 2083076636854 485 14134084825719834847
HIT 3 1730889318584 403 383285675047399518
HIT 3 2083076636856 485 8825370963482123171
HIT 3 1730889318583 403 15350424849886028671
HIT 3 2083076636855 485 10321042486540974870
HIT 3 1730889318585 403 9126729164999137059
HIT 3 2083076636857 485 8148467677790124122
HIT 3 2083085549750 485 13743872994093442933
HIT 3 2083085549751 485 5228985520973417186
HIT 3 2083085549752 485 6505004943753188504
HIT 3 2083085549753 485 4529692115628195005
HIT 3 1730889318586 403 3666588267485941498
HIT 3 2083076636858 485 16930886381593628060
HIT 3 1730889318589 403 5241362423081403285
HIT 3 2083076636861 485 1325696003017898706
HIT 3 1730889318588 403 15298984076369929233
HIT 3 2083076636860 485 4222032635659672760
HIT 3 1730889318587 403 3546155970666663279
HIT 3 2083076636859 485 5792865333380948829
HIT 3 2083085549754 485 6138308303017844854
HIT 3 2083085549757 485 1914792204061666075
HIT 3 2083085549755 485 16151066892342429146
HIT 3 2083085549756 485 14912974322158037325
HIT 3 1730889318590 403 1404718140353740077
HIT 3 2083076636862 485 15076737764503951887
HIT 3 1730889318592 403 4351041143674220353
HIT 3 2083076636864 485 17643372100077986496
HIT 3 1730889318591 403 1614207223069523991
HIT 3 2083076636863 485 6960028847877962187
HIT 3 1730889318593 403 6626772949603639022
HIT 3 2083076636865 485 16812261695566055838
HIT 3 2083085549758 485 9807015069271198011
HIT 3 2083085549760 485 7314034075822461349
HIT 3 2083085549759 485 2905618643841575534
HIT 3 1730889318594 403 13550806819613441353
HIT 3 2083076636866 485 5751533055757046719
HIT 3 2083085549761 485 7057574932404262077
HIT 3 1730889318595 403 3390366940086863817
HIT 3 2083076636867 485 8440491540160313726
HIT 3 1730889318596 403 7611686747286996436
HIT 3 2083076636868 485 7263003144961162741
HIT 3 2083085549762 485 2258370226476904569
HIT 3 2083085549763 485 9362502798024351037
HIT 3 1730889318597 403 983488772460481811
HIT 3 2083076636869 485 6043967257011941909
HIT 3 2083085549764 485 5142757576744278079
HIT 3 1730889318598 403 13063910738421275729
HIT 3 2083076636870 485 875464220444295227
HIT 3 1730889318599 403 15081878884127915194
HIT 3 2083076636871 485 12731952955024670959
HIT 3 1730889318600 403 16473623391012888101
HIT 3 2083076636872 485 3017665727897218444
HIT 3 2083085549766 485 16590695656020766413
HIT 3 2083085549765 485 122058167248683913
HIT 3 2083085549767 485 16317142674430390631
HIT 3 1730889318602 403 17086726763428753472
HIT 3 2083076636874 485 6772098683488367513
HIT 3 2083085549768 485 9158163152955865867
HIT 3 1730889318601 403 9741499870812021948
HIT 3 2083076636873 485 14361460264014777015
HIT 3 1730889318603 403 17667170215701326117
HIT 3 2083076636875 485 11286021330110244484
HIT 3 1730889318604 403 18376692686975668341
HIT 3 2083076636876 485 1879397715918034970
HIT 3 2083085549770 485 6136130798474848650
HIT 3 2083085549769 485 1770535569691183953
HIT 3 2083085549771 485 8569668102290667537
HIT 3 2083085549772 485 11675109799879595351
HIT 3 1730889318606 403 17984139049443677682
HIT 3 2083076636878 485 13777480112674398515
HIT 3 1730889318605 403 15449136753323595048
HIT 3 2083076636877 485 15831892428568007077
HIT 3 1730889318607 403 10321941137581853924
HIT 3 2083076636879 485 15732332125531847591
HIT 3 1730889318608 403 14973722815182163810
HIT 3 2083076636880 485 12745364025619372741
HIT 3 2083085549775 485 16255971440828247576
HIT 3 2083085549774 485 8329590892519776392
HIT 3 2083085549773 485 10093407526340585644
HIT 3 1730889318609 403 13718471033273012884
HIT 3 2083076636881 485 5975742742765554029
HIT 3 2083085549776 485 1723400268927130145
HIT 3 1730889318611 403 3967487421404634787
HIT 3 2083076636883 485 10088143574398533873
HIT 3 1730889318610 403 978918964650990545
HIT 3 2083076636882 485 9542260013474386569
HIT 3 2083085549777 485 15782246598761353163
HIT 3 1730889318612 403 13152324195948097453
HIT 3 2083076636884 485 4662377492097345253
HIT 3 2083085549779 485 16591246111648064455
HIT 3 1730889318613 403 18314768664195040968
HIT 3 2083076636885 485 2678172298409776821
HIT 3 2083085549780 485 11328806720330049943
HIT 3 1730889318614 403 1637065782253057987
HIT 3 2083076636886 485 17557225509968186429
HIT 3 2083085549778 485 4509546360065009597
HIT 3 2083085549781 485 9068462053769650444
HIT 3 1730889318615 403 4806482235528713554
HIT 3 2083076636887 485 13577387361510529795
HIT 3 1730889318617 403 17646603051448159324
HIT 3 2083076636889 485 10647829763283216994
HIT 3 1730889318616 403 18398402901089531479
HIT 3 2083076636888 485 7345551200431531201
HIT 3 2083085549782 485 2927970817800059590
HIT 3 2083085549785 485 8086075312203737457
HIT 3 2083085549783 485 16882461917565926130
HIT 3 1730889318618 403 7957719714297144178
HIT 3 2083076636890 485 6711041016700105182
HIT 3 1730889318619 403 14481057857250329548
HIT 3 2083076636891 485 10412216576423323334
HIT 3 1730889318620 403 16229497887170400521
HIT 3 2083076636892 485 11902025515753004332
HIT 3 2083085549784 485 63843757711045093
HIT 3 2083085549786 485 12572452800570126128
HIT 3 2083085549787 485 5011829127888762508
HIT 3 1730889318621 403 8037561031245202199
HIT 3 2083076636893 485 6748512984457212391
HIT 3 2083085549788 485 770058027108219968
HIT 3 1730889318622 403 6647061011759757706
HIT 3 2083076636894 485 14749815303752075319
HIT 3 1730889318623 403 9881059962937595891
HIT 3 2083076636895 485 16459221686098644999
HIT 3 1730889318624 403 8909972244295875408
HIT 3 2083076636896 485 9006201007779998348
HIT 3 2083085549789 485 9430456199845460991
HIT 3 2083085549790 485 1973942533901580601
HIT 3 2083085549792 485 17263333415052476386
HIT 3 2083085549791 485 14576115295497415165
HIT 3 1730889318625 403 18155030704805583124
HIT 3 2083076636897 485 14815933117479277974
HIT 3 1730889318626 403 16759779113672703998
HIT 3 2083076636898 485 7032046625454055577
HIT 3 1730889318627 403 12546636075252834579
HIT 3 2083076636899 485 13703896254076622190
HIT 3 1730889318628 403 13173614684400713094
HIT 3 2083076636900 485 17790363822079919697
HIT 3 2083085549793 485 13776377883518334742
HIT 3 1730889318629 403 9215008138077731853
HIT 3 2083076636901 485 15943027800247659466
HIT 3 2083085549794 485 17797924942794151527
HIT 3 2083085549795 485 932484141602503002
HIT 3 2083085549796 485 2323062470734453424
HIT 3 2083085549797 485 4502117828392909347
HIT 3 1730889318632 403 15911365666878902654
HIT 3 2083076636904 485 8157005730272563113
HIT 3 1730889318630 403 12520952951203434026
HIT 3 2083076636902 485 4166878482294844212
HIT 3 1730889318633 403 2577367832098107559
HIT 3 2083076636905 485 7325708356939213561
HIT 3 1730889318631 403 2150552644954403994
HIT 3 2083076636903 485 17936679462567309008
HIT 3 2083085549800 485 8371642453538648981
HIT 3 2083085549798 485 8234517174935618738
HIT 3 2083085549799 485 9613289098991456236
HIT 3 2083085549801 485 9432914602322901736
HIT 3 1730889318634 403 2037701787279456563
HIT 3 2083076636906 485 6413888496808765468
HIT 3 1730889318635 403 6740759924388615324
HIT 3 2083076636907 485 15417286232552979879
HIT 3 1730889318636 403 12737707663598634403
HIT 3 2083076636908 485 18048559686575141525
HIT 3 1730889318637 403 6544963612131543385
HIT 3 2083076636909 485 7485606597725274791
HIT 3 2083085549802 485 3910318916388169852
HIT 3 1730889318638 403 13577496893395320983
HIT 3 2083076636910 485 12670152061761174877
HIT 3 2083085549804 485 18411500318797429906
HIT 3 2083085549803 485 6428763086568395069
HIT 3 2083085549805 485 12804602142487056308
HIT 3 1730889318640 403 12510943584128021729
HIT 3 2083076636912 485 13778843162795047831
HIT 3 1730889318639 403 5697862595244000835
HIT 3 2083076636911 485 16003168583527598725
HIT 3 1730889318641 403 2345629016430818570
HIT 3 2083076636913 485 11117387888647663037
HIT 3 2083085549806 485 10701942350581140327
HIT 3 2083085549808 485 8543156824522560979
HIT 3 1730889318642 403 2206308443425867803
HIT 3 2083076636914 485 15134950837292917051
HIT 3 2083085549807 485 14872175095196495076
HIT 3 1730889318643 403 2292541944684997447
HIT 3 2083076636915 485 15872100435707891375
HIT 3 2083085549809 485 13882985811755121938
HIT 3 1730889318644 403 5003741045552119867
HIT 3 2083076636916 485 2403688022441634229
HIT 3 1730889318645 403 10879979776076631106
HIT 3 2083076636917 485 17864190132596938495
HIT 3 2083085549810 485 5026600637661901754
HIT 3 2083085549811 485 13153618390958563903
HIT 3 1730889318646 403 4619730876503986621
HIT 3 2083076636918 485 8341084356837705047
HIT 3 2083085549812 485 13108808275537773030
HIT 3 1730889318647 403 16548870562903587409
HIT 3 2083076636919 485 12230082121976055924
HIT 3 2083085549813 485 3846296683677224650
HIT 3 1730889318648 403 16373452645251109336
HIT 3 2083076636920 485 6823038100597193478
HIT 3 2083085549814 485 18218582296219814650
HIT 3 1730889318649 403 5789472912942097026
HIT 3 2083076636921 485 10033941061753487530
HIT 3 1730889318650 403 4432111507567454801
HIT 3 2083076636922 485 14528569491291559666
HIT 3 2083085549815 485 6515651230697046686
HIT 3 1730889318651 403 17366132691260042413
HIT 3 2083076636923 485 11446987570181250528
HIT 3 2083085549816 485 6904681657833497550
HIT 3 1730889318652 403 10613035150733724734
HIT 3 2083076636924 485 11239079890283977988
HIT 3 2083085549818 485 14835156226633098673
HIT 3 2083085549817 485 6878026324372720969
HIT 3 1730889318653 403 3202155426147863472
HIT 3 2083076636925 485 11182906043739528314
HIT 3 1730889318654 403 2149892618027279621
HIT 3 2083076636926 485 11327498123838738819
HIT 3 2083085549819 485 10721166005112950280
HIT 3 2083085549820 485 15226337059243687429
HIT 3 1730889318655 403 6770699683005240052
HIT 3 2083076636927 485 3721413000777386136
HIT 3 2083085549822 485 5498012148209927828
HIT 3 2083085549821 485 314026006830305760
HIT 3 1730889318657 403 1556867085678839015
HIT 3 2083076636929 485 16956020198878243391
HIT 3 1730889318656 403 9734382706714502416
HIT 3 2083076636928 485 9870023954268361084
HIT 3 1730889318658 403 7142834800737497264
HIT 3 2083076636930 485 14893199652604394240
HIT 3 2083085549825 485 4522847802969410244
HIT 3 2083085549823 485 12997468587118872311
HIT 3 1730889318660 403 9662031678138211256
HIT 3 2083076636932 485 4015320452683121783
HIT 3 1730889318659 403 18303448068225846243
HIT 3 2083076636931 485 8144047482503162105
HIT 3 2083085549824 485 7563508439110850795
HIT 3 2083085549826 485 13979756705262874592
HIT 3 1730889318661 403 7368842777856812575
HIT 3 2083076636933 485 13115272572862807505
HIT 3 1730889318662 403 8547517386534878
HIT 3 2083076636934 485 5060944459279640987
HIT 3 2083085549827 485 14579464530181668273
HIT 3 1730889187591 403 8547517386534878
HIT 3 2083076505863 485 5060944459279640987
HIT 3 1730889318663 403 2913264198814625129
HIT 3 2083076636935 485 3123364137879093671
HIT 3 2083085549828 485 6065318974732879432
HIT 3 1730889318664 403 18116965088439496136
HIT 3 2083076636936 485 12493058875825845718
HIT 3 1730889449736 403 11098449701621733928
HIT 3 2083076768008 485 11344739984463599675
HIT 3 2083085549830 485 4572929507515323839
HIT 3 2083085549829 485 94733331447132695
HIT 3 1730889318665 403 11098449701621733928
HIT 3 2083076636937 485 11344739984463599675
HIT 3 1163953701130 271 12268709231974890128
HIT 3 1730889384202 403 10019479709349071265
HIT 3 2083076702474 485 10687563192589321348
HIT 3 1722299515146 401 4342272815347693296
HIT 3 1726594482442 402 2733436799214286483
HIT 3 1730889449738 403 6389573359711556481
HIT 3 1739479384330 405 14320030040071877109
HIT 3 2074486833418 483 365926941793048372
HIT 3 2078781800714 484 15199223906236274969
HIT 3 2083076768010 485 5789229277625097668
HIT 3 2091666702602 487 13557020502148385295
HIT 3 1730889580810 403 5665226284639945306
HIT 3 2083076899082 485 8294964600643113191
HIT 3 2083085549831 485 15812338382403466893
HIT 3 1730889384203 403 6542618284006154128
HIT 3 2083076702475 485 5729403231265980949
HIT 3 1730889449739 403 5665226284639945306
HIT 3 2083076768011 485 8294964600643113191
HIT 3 1730889515275 403 10019479709349071265
HIT 3 2083076833547 485 10687563192589321348
HIT 3 1730889580811 403 16177020824857301711
HIT 3 2083076899083 485 12950481492699791227
HIT 3 1730889646347 403 12436506606801225125
HIT 3 2083076964619 485 13262573405988976077
HIT 3 1730889711883 403 8851835781407744554
HIT 3 2083077030155 485 9312436629013298734
HIT 3 1730889777419 403 7915162201288395414
HIT 3 2083077095691 485 16213737157592922929
HIT 3 1730889842955 403 5656835824271198811
HIT 3 2083077161227 485 3310199457715971205
HIT 3 1730889908491 403 3969402382127756463
HIT 3 2083077226763 485 16853516206760603480
HIT 3 1730889974027 403 17795678180764868121
HIT 3 2083077292299 485 5496421686773595734
HIT 3 1730890039563 403 5798855875248741721
HIT 3 2083077357835 485 2355829361327058609
HIT 3 1730890105099 403 5011382169929140360
HIT 3 2083077423371 485 2172185124628042086
HIT 3 1730890170635 403 1685545652386142040
HIT 3 2083077488907 485 11070228134896740877
HIT 3 1730890236171 403 12450778133337700230
HIT 3 2083077554443 485 1272655682033678124
HIT 3 1730890301707 403 6464370918372902805
HIT 3 2083077619979 485 8839355755465039850
HIT 3 1730890367243 403 881931740676778392
HIT 3 2083077685515 485 17809420806370028235
HIT 3 1730890432779 403 2769083848285385433
HIT 3 2083077751051 485 15984439815826212829
HIT 3 1730890498315 403 15912458342668285337
HIT 3 2083077816587 485 910553476083259402
HIT 3 1730890563851 403 5419962629002798792
HIT 3 2083077882123 485 1946119236259236233
HIT 3 1730890629387 403 5055795049292017213
HIT 3 2083077947659 485 14685712950974210551
HIT 3 1730890694923 403 4289377078924985116
HIT 3 2083078013195 485 5877314303997791836
HIT 3 1730890760459 403 3981351793364725636
HIT 3 2083078078731 485 6472844620523011375
HIT 3 1730890825995 403 15634994328430847126
HIT 3 2083078144267 485 6823739831827182770
HIT 3 1730890891531 403 4808681969718560194
HIT 3 2083078209803 485 14921673277314757450
HIT 3 1730890957067 403 17328914550799906512
HIT 3 2083078275339 485 13530330578006616826
HIT 3 1730891022603 403 17645651678334558890
HIT 3 2083078340875 485 12519685810338933983
HIT 3 1730891088139 403 3553996595830919955
HIT 3 2083078406411 485 7626967155451573387
HIT 3 1730891153675 403 10950595552881606200
HIT 3 2083078471947 485 7726377491961277666
HIT 3 1730891219211 403 14707859087798097990
HIT 3 2083078537483 485 17025014872981711964
HIT 3 1730891284747 403 9386556317565876594
HIT 3 2083078603019 485 6040301606796212211
HIT 3 1730891350283 403 15749403013215673330
HIT 3 2083078668555 485 12610507818870635889
HIT 3 1730891415819 403 6154276399700242224
HIT 3 2083078734091 485 5045343231615002598
HIT 3 1730891481355 403 5875173029234805396
HIT 3 2083078799627 485 14771576507616696093
HIT 3 1730891546891 403 91990871501567948
HIT 3 2083078865163 485 17453633264911402190
HIT 3 1730891612427 403 6896970480004232157
HIT 3 2083078930699 485 4689592073091509861
HIT 3 1730891677963 403 7025841081535122579
HIT 3 2083078996235 485 15402259118885168540
HIT 3 1730891743499 403 5683100857204224864
HIT 3 2083079061771 485 4819267109185900626
HIT 3 1730891809035 403 4328018810228168877
HIT 3 2083079127307 485 16715282828622973682
HIT 3 1730891874571 403 15434701851608287405
HIT 3 2083079192843 485 10668803914967256102
HIT 3 1730891940107 403 13619181341765851509
HIT 3 2083079258379 485 1500286549359381688
HIT 3 1730892005643 403 4152641496750463117
HIT 3 2083079323915 485 5958015978516667761
HIT 3 1730892071179 403 5979335934998733991
HIT 3 2083079389451 485 523523391748925409
HIT 3 1730892136715 403 15509975178878000180
HIT 3 2083079454987 485 2499620901012680598
HIT 3 1730892202251 403 5811532328988848697
HIT 3 2083085549832 485 5881505147831713422
HIT 3 2083079520523 485 4790133042708179140
HIT 3 1730892267787 403 9059866995280072725
HIT 3 2083079586059 485 18190296922570255781
HIT 3 1730892333323 403 14219597061001892770
HIT 3 2083079651595 485 2186782282963035257
HIT 3 1730892398859 403 10231072305046436574
HIT 3 2083079717131 485 4824179432229818206
HIT 3 1730892464395 403 768167409412330443
HIT 3 2083079782667 485 7090175909104669989
HIT 3 1730892529931 403 747599661291015423
HIT 3 2083079848203 485 14809715330247501970
HIT 3 1730892595467 403 15460932730527441647
HIT 3 2083079913739 485 3233261925195135174
HIT 3 1730892661003 403 602992208561763323
HIT 3 2083079979275 485 3406292584837999594
HIT 3 1730892726539 403 4034458491120612978
HIT 3 2083080044811 485 17781827903219532407
HIT 3 1730892792075 403 11305376751447441250
HIT 3 2083080110347 485 47185729464438799
HIT 3 1730892857611 403 9433428409273166430
HIT 3 2083080175883 485 17632647190814331754
HIT 3 1730892923147 403 3894933681983019479
HIT 3 2083080241419 485 7266091059766418825
HIT 3 1730892988683 403 11787672389176377061
HIT 3 2083080306955 485 812208609626693016
HIT 3 1730893054219 403 14211796043851202262
HIT 3 2083080372491 485 16607080422713163913
HIT 3 1730893119755 403 14298459534022767681
HIT 3 2083080438027 485 3941825699119455707
HIT 3 1730893185291 403 5412212230563422807
HIT 3 2083080503563 485 2569172050217436945
HIT 3 1730893250827 403 13838291643424912556
HIT 3 2083080569099 485 13988017377737205131
HIT 3 1730893316363 403 5110808128759039089
HIT 3 2083080634635 485 10663817451461838173
HIT 3 1730893381899 403 10744464220949900394
HIT 3 2083080700171 485 2548563422430081735
HIT 3 1730893447435 403 10650656128702059306
HIT 3 2083080765707 485 16242355105479625401
HIT 3 1730893512971 403 5290429327449992087
HIT 3 2083080831243 485 16517324478511001147
HIT 3 1730893578507 403 11391750077891358530
HIT 3 2083080896779 485 5305323699866581620
HIT 3 2083085418761 485 1261808127500789570
HIT 3 1739488100617 405 18116965088439496136
HIT 3 2083085484297 485 1645118772009041357
HIT 3 2074495615241 483 9221908452290967037
HIT 3 2078790582537 484 10147491867855333732
HIT 3 2083085549833 485 8974330416683085785
HIT 3 2091675484425 487 3185137534383986235
HIT 3 1730893644043 403 6436998463157907397
HIT 3 2083080962315 485 10327177636806788590
HIT 3 1730893709579 403 6330896388323037807
HIT 3 2083081027851 485 15923846059425603078
HIT 3 1730893775115 403 10566602356394324528
HIT 3 2083081093387 485 5653757281396317234
HIT 3 1730893840651 403 9390645028458796394
HIT 3 2083081158923 485 4948964148797037570
HIT 3 1730893906187 403 2004225290657692759
HIT 3 2083081224459 485 4730122707213111029
HIT 3 1730893971723 403 11212308762410183451
HIT 3 2083081289995 485 9099392491044173049
HIT 3 1730894037259 403 18032656776696320335
HIT 3 2083081355531 485 15628529751756566221
HIT 3 1730894102795 403 4606610297822407363
HIT 3 2083081421067 485 3753786990615210350
HIT 3 1730894168331 403 10493513131470685064
HIT 3 2083081486603 485 15545085106599417957
HIT 3 1730894233867 403 8459138079814982316
HIT 3 2083081552139 485 15938305534618178359
HIT 3 1730894299403 403 7696602298407278538
HIT 3 2083081617675 485 4188147201139280362
HIT 3 1730894364939 403 7023114410470596949
HIT 3 2083081683211 485 4841559588596199514
HIT 3 1730894430475 403 15095532325844471326
HIT 3 2083081748747 485 7760020382125871527
HIT 3 1730894496011 403 6756384405591463599
HIT 3 2083081814283 485 12400980113327323717
HIT 3 1730894561547 403 18443106394490826634
HIT 3 2083081879819 485 12608127909712225527
HIT 3 1730894627083 403 3563895447933058644
HIT 3 2083081945355 485 3793169586759025442
HIT 3 1730894692619 403 9152286999224568802
HIT 3 2083082010891 485 9363735331342804359
HIT 3 1730894758155 403 1440267835310991049
HIT 3 2083082076427 485 8601202353481230957
HIT 3 1730894823691 403 4054953379932749447
HIT 3 2083082141963 485 15414388605004177995
HIT 3 1730894889227 403 9959388010424088217
HIT 3 2083082207499 485 5718650650974717035
HIT 3 1730894954763 403 7068495643320799651
HIT 3 2083082273035 485 11182712358348823307
HIT 3 1730895020299 403 12243883228063996337
HIT 3 2083082338571 485 14724705894173812337
HIT 3 1730895085835 403 11191684479558429197
HIT 3 2083082404107 485 16856189053919250614
HIT 3 1730895151371 403 9966101308992445883
HIT 3 2083082469643 485 12822415739959400440
HIT 3 1730895216907 403 6790491791233323146
HIT 3 2083082535179 485 4058455466395645307
HIT 3 1730895282443 403 4223441793214375155
HIT 3 2083082600715 485 8937693373368301366
HIT 3 1730895347979 403 12053501393013704311
HIT 3 2083082666251 485 17575291777481433517
HIT 3 1730895413515 403 15777009938301535092
HIT 3 2083085680905 485 17248747726691082669
HIT 3 1730889580812 403 13137845235542461061
HIT 3 2083076899084 485 10628160496803816786
HIT 3 2083082731787 485 199440480894741077
HIT 3 1730895479051 403 1700624866486601637
HIT 3 2083082797323 485 1574359522495164975
HIT 3 1730895544587 403 4454372987045797244
HIT 3 2083082862859 485 42009126968248384
HIT 3 1730895610123 403 10990505062098173972
HIT 3 2083082928395 485 5021182667822478311
HIT 3 1730895675659 403 14307982332463343412
HIT 3 2083082993931 485 12112440123690555781
HIT 3 1730895741195 403 823912154923928775
HIT 3 2083083059467 485 4655208427813807017
HIT 3 1730895806731 403 9018795034311879183
HIT 3 2083083125003 485 16840384178647416586
HIT 3 1730895872267 403 6699801723321055141
HIT 3 2083083190539 485 18393167681206431206
HIT 3 1730895937803 403 15460495339652707117
HIT 3 2083083256075 485 1048008555156279194
HIT 3 1730896003339 403 8238219458751366722
HIT 3 2083083321611 485 15881805124514061667
HIT 3 1730896068875 403 14736515517162668965
HIT 3 2083083387147 485 6508049856046833064
HIT 3 1730896134411 403 15723418280088180432
HIT 3 2083083452683 485 1099655145911335015
HIT 3 1730896199947 403 11629958988267035851
HIT 3 2083083518219 485 18100058076748429099
HIT 3 1730896265483 403 16892763245826261931
HIT 3 2083083583755 485 1298319461480718654
HIT 3 1730896331019 403 3421941377801040610
HIT 3 2083083649291 485 7174256433553628285
HIT 3 1730896396555 403 7393736222784068981
HIT 3 2083083714827 485 7792225932024778435
HIT 3 1730896462091 403 9772524712292126152
HIT 3 2083083780363 485 7867987612202559644
HIT 3 1730896527627 403 7590901316932328141
HIT 3 2083083845899 485 15473466615197057829
HIT 3 1730896593163 403 8349723649212184936
HIT 3 2083083911435 485 3940554646296541837
HIT 3 1730896658699 403 8811816344523630900
HIT 3 2083083976971 485 10481735148798366194
HIT 3 1730896724235 403 8079206538408212417
HIT 3 2083084042507 485 8157947136824865012
HIT 3 1730896789771 403 15706309988531088283
HIT 3 2083084108043 485 683688590349152082
HIT 3 1730896855307 403 10466035554958939004
HIT 3 2083084173579 485 1209992637768943492
HIT 3 1730896920843 403 5806974376535018761
HIT 3 2083084239115 485 15490323614320213221
HIT 3 1730896986379 403 3119968823858671145
HIT 3 2083084304651 485 2525855393904602803
HIT 3 1730897051915 403 17305758004371974995
HIT 3 2083084370187 485 13054475869340925556
HIT 3 1730897117451 403 15078688522134299123
HIT 3 2083084435723 485 5021151669327305736
HIT 3 1730897182987 403 16358366967025861313
HIT 3 2083084501259 485 14424302137358348588
HIT 3 1730897248523 403 15735174130042262258
HIT 3 2083084566795 485 229694084957760020
HIT 3 1730897314059 403 436693415705924987
HIT 3 2083084632331 485 7324784002898661927
HIT 3 1730897379595 403 14302698889190290852
HIT 3 2083084697867 485 4487843106681184460
HIT 3 1730897445131 403 975746174092636677
HIT 3 2083084763403 485 15402274799263362893
HIT 3 1730897510667 403 13176581317850693002
HIT 3 2083084828939 485 3022691248292905296
HIT 3 1730897576203 403 4829111981143597224
HIT 3 2083084894475 485 17439260461593122611
HIT 3 1730897641739 403 11126921547540146452
HIT 3 2083084960011 485 4204393674576116435
HIT 3 1730897707275 403 1931681194232266524
HIT 3 2083085025547 485 10368463774461071443
HIT 3 1730897772811 403 1568494180290365754
HIT 3 2083085091083 485 8812415573796666146
HIT 3 2083085418762 485 2891199530842627605
HIT 3 1739488100618 405 6542618284006154128
HIT 3 2083085484298 485 2856905939877980929
HIT 3 2074495615242 483 15525120228346602835
HIT 3 2078790582538 484 10413314123415037323
HIT 3 2083085549834 485 7731460313276822337
HIT 3 2091675484426 487 5406130553704172352
HIT 3 2083085680906 485 16064231450280797897
HIT 3 2091680792841 487 12493058875825845718
HIT 3 1730897838347 403 584817840442808830
HIT 3 2083085156619 485 5770747231043631281
HIT 3 1730897903883 403 1945070187292332481
HIT 3 2083085222155 485 6304409608156695241
HIT 3 1722308034827 401 1945070187292332481
HIT 3 1730897969419 403 1619363349348837292
HIT 3 2083085287691 485 5836220752454861843
HIT 3 1730898034955 403 4342272815347693296
HIT 3 1739487969547 405 17879307014495186896
HIT 3 2083085353227 485 13004677263390418205
HIT 3 1730898100491 403 17879307014495186896
HIT 3 2074495484171 483 2542564164759441002
HIT 3 2078790451467 484 2100649314287502216
HIT 3 2083085418763 485 2728561511310267475
HIT 3 2091675353355 487 6420508175395174841
HIT 3 1735193133323 404 16101194269179654144
HIT 3 1739488100619 405 6389573359711556481
HIT 3 1748078035211 407 5063097952665571391
HIT 3 2074495549707 483 15807933175772723018
HIT 3 2078790517003 484 12497549713145444244
HIT 3 2083085484299 485 15478289093068665885
HIT 3 2091675418891 487 9452742200927700070
HIT 3 1735193198859 404 2733436799214286483
HIT 3 1739488166155 405 5063097952665571391
HIT 3 1743783133451 406 16101194269179654144
HIT 3 1748078100747 407 17656193813677298991
HIT 3 1752373068043 408 18267170772744820244
HIT 3 1756668035339 409 16560452638419271975
HIT 3 1760963002635 410 15923804939404951200
HIT 3 1765257969931 411 9413940103546642736
HIT 3 1769552937227 412 15451280036357644375
HIT 3 1773847904523 413 12264085213777115863
HIT 3 1778142871819 414 1128990589659898480
HIT 3 1782437839115 415 17830995194458212341
HIT 3 1786732806411 416 9333412251177301268
HIT 3 1791027773707 417 13186571636770870317
HIT 3 1795322741003 418 1119104526908910196
HIT 3 1799617708299 419 7599859718090432201
HIT 3 1803912675595 420 7323670869120999350
HIT 3 1808207642891 421 11936190063597531316
HIT 3 1812502610187 422 13461866915614716888
HIT 3 1816797577483 423 8985205211277324483
HIT 3 1821092544779 424 13616337223977437755
HIT 3 1825387512075 425 13126876330608716233
HIT 3 1829682479371 426 6490196480978760681
HIT 3 1833977446667 427 5301513843089420026
HIT 3 1838272413963 428 9746410242764536919
HIT 3 1842567381259 429 15222672705880559860
HIT 3 1846862348555 430 8799663251469953657
HIT 3 1851157315851 431 1770862175672669520
HIT 3 1855452283147 432 3828260205497734396
HIT 3 1859747250443 433 12218154641695922228
HIT 3 1864042217739 434 4750433638223759096
HIT 3 1868337185035 435 17501515621077196824
HIT 3 1872632152331 436 13038916149544952064
HIT 3 1876927119627 437 6578369732001868037
HIT 3 1881222086923 438 14781614547634215061
HIT 3 1885517054219 439 18261999448270594802
HIT 3 1889812021515 440 1881362783539231518
HIT 3 1894106988811 441 220269888375048160
HIT 3 1898401956107 442 3170253663152570294
HIT 3 1902696923403 443 3231239276648637291
HIT 3 1906991890699 444 10351944691799822711
HIT 3 1911286857995 445 1068378881685524404
HIT 3 1915581825291 446 11017495778796871146
HIT 3 1919876792587 447 17589757077985892587
HIT 3 1924171759883 448 1712083247062045243
HIT 3 1928466727179 449 10696516323522458195
HIT 3 1932761694475 450 15284010159737556483
HIT 3 1937056661771 451 3250803471105795616
HIT 3 1941351629067 452 13888581800411194832
HIT 3 1945646596363 453 15517014458005389376
HIT 3 1949941563659 454 12544702353043937443
HIT 3 1954236530955 455 8121929866824436725
HIT 3 1958531498251 456 11213681443180968873
HIT 3 1962826465547 457 7949694778957480231
HIT 3 1967121432843 458 10847374752502239016
HIT 3 1971416400139 459 3798430893308077234
HIT 3 1975711367435 460 9463209206964931985
HIT 3 1980006334731 461 8303525097112019074
HIT 3 1984301302027 462 12149234009048724326
HIT 3 1988596269323 463 17843333347720632395
HIT 3 1992891236619 464 10203216313152230056
HIT 3 1997186203915 465 6053870550747580147
HIT 3 2001481171211 466 12659199124354002174
HIT 3 2005776138507 467 7207416953268603698
HIT 3 2010071105803 468 800171020394837059
HIT 3 2014366073099 469 1795218043192459217
HIT 3 2018661040395 470 11763435762809687085
HIT 3 2022956007691 471 4338546008795940814
HIT 3 2027250974987 472 4664138987192641322
HIT 3 2031545942283 473 14586549664817034856
HIT 3 2035840909579 474 13702752788471436666
HIT 3 2040135876875 475 5441629507038678120
HIT 3 2044430844171 476 17731290469289914502
HIT 3 2048725811467 477 2915853355831156119
HIT 3 2053020778763 478 4680104095925243531
HIT 3 2057315746059 479 11029544049516399456
HIT 3 2061610713355 480 13578107741299109062
HIT 3 2065905680651 481 14405390016066543577
HIT 3 2070200647947 482 5022310379792840884
HIT 3 2074495615243 483 9694492206053021097
HIT 3 2078790582539 484 16939827804234444107
HIT 3 2083085549835 485 15854062972580514549
HIT 3 2087380517131 486 14469036564972302181
HIT 3 2091675484427 487 5191137842555287678
HIT 3 2095970451723 488 18062855743793460192
HIT 3 2100265419019 489 4707818487726818144
HIT 3 2104560386315 490 4191724637367125850
HIT 3 2108855353611 491 10515990656853879910
HIT 3 2113150320907 492 30189866165469440
HIT 3 2117445288203 493 14081494141507733011
HIT 3 2121740255499 494 3383585205281622546
HIT 3 2126035222795 495 1663243225666144786
HIT 3 2130330190091 496 17263242903874083732
HIT 3 2134625157387 497 11320651575172221212
HIT 3 2138920124683 498 9543320953182304979
HIT 3 2143215091979 499 4959201176230941642
HIT 3 2147510059275 500 11936876419795178595
HIT 3 2151805026571 501 13628444625126906747
HIT 3 2156099993867 502 7425365848757694565
HIT 3 2160394961163 503 12501223625519618085
HIT 3 2164689928459 504 202507473161203784
HIT 3 2168984895755 505 6408716935446585619
HIT 3 2173279863051 506 10233773435177921451
HIT 3 2177574830347 507 3401761351222188506
HIT 3 2181869797643 508 17511155815778368659
HIT 3 2186164764939 509 16472718106054984322
HIT 3 2190459732235 510 18320260574172147316
HIT 3 2194754699531 511 17009525207884207770
HIT 3 1748078166283 407 14320030040071877109
HIT 3 2083085615371 485 9627151257994659361
HIT 3 2074495746315 483 7052092771195262624
HIT 3 2078790713611 484 2825341646654117621
HIT 3 2083085680907 485 12977253906469796911
HIT 3 2091675615499 487 4997296721780358507
HIT 3 2083085746443 485 12932219501348670552
HIT 3 2083085811979 485 16483017353021999210
HIT 3 2083085877515 485 6447368360311044980
HIT 3 2083085943051 485 17932478295472261623
HIT 3 2083086008587 485 16604621952815301894
HIT 3 2083086074123 485 2069450221243911562
HIT 3 2083086139659 485 11083517980150928217
HIT 3 2083086205195 485 14184078630844836860
HIT 3 2083086270731 485 7983367871675219000
HIT 3 2083086336267 485 15326527690712609968
HIT 3 2083086401803 485 12595723632793866695
HIT 3 2083086467339 485 5327641415985271583
HIT 3 2083086532875 485 6797580595881215882
HIT 3 2083086598411 485 4887556480455034468
HIT 3 2083086663947 485 17816834911540773616
HIT 3 2083086729483 485 4387444957732732567
HIT 3 2083086795019 485 16490550707676321153
HIT 3 2083086860555 485 14937980666597735305
HIT 3 2083086926091 485 1877865664656847079
HIT 3 2083086991627 485 12960105944687653394
HIT 3 2083087057163 485 10908314619302615781
HIT 3 2083087122699 485 5117816497971206235
HIT 3 2083087188235 485 11459838903948016583
HIT 3 2083087253771 485 14579321197211915173
HIT 3 2083087319307 485 3846413325044450354
HIT 3 2083087384843 485 16523314102105017052
HIT 3 2083087450379 485 9815879404179163117
HIT 3 2083087515915 485 16279005705846048990
HIT 3 2083087581451 485 17428615942957775732
HIT 3 2083087646987 485 15185996030381411200
HIT 3 2083087712523 485 15649784465645905586
HIT 3 2083087778059 485 17698079290836518258
HIT 3 2083087843595 485 10037107288199346927
HIT 3 2083087909131 485 4619767773411238264
HIT 3 2083087974667 485 17722779765999293113
HIT 3 2083088040203 485 13552834078532931266
HIT 3 2083088105739 485 4284068376583156790
HIT 3 2083088171275 485 13241495426403136737
HIT 3 2083088236811 485 15216787189545288374
HIT 3 2083088302347 485 9436135227798198194
HIT 3 2083088367883 485 13461346502644217724
HIT 3 2083088433419 485 13222572073098602058
HIT 3 2083088498955 485 11850070740793110602
HIT 3 2083088564491 485 1879701780371125953
HIT 3 2083088630027 485 14715807806235987218
HIT 3 2083088695563 485 5657385542940249381
HIT 3 2083088761099 485 1058729684252912209
HIT 3 2083088826635 485 9280791514179761407
HIT 3 2083088892171 485 2076614814730819429
HIT 3 2083088957707 485 9278497711145249672
HIT 3 2083089023243 485 2573202014473529165
HIT 3 2083089088779 485 6230625413108136262
HIT 3 2083089154315 485 14095365728370085863
HIT 3 2083089219851 485 15902078383439683741
HIT 3 2083089285387 485 15958430307469443312
HIT 3 2083089350923 485 5893929712496394009
HIT 3 2083089416459 485 17450262525123485577
HIT 3 2083089481995 485 15045568072250331479
HIT 3 2083089547531 485 8913502309174150416
HIT 3 2083089613067 485 11836273492183747908
HIT 3 2083089678603 485 13965170220728723286
HIT 3 2083089744139 485 14563475685540423496
HIT 3 2083089809675 485 12875182677073831486
HIT 3 2083089875211 485 12281467745415590254
HIT 3 2083089940747 485 16676552569232199283
HIT 3 2083090006283 485 298114577898936145
HIT 3 2083090071819 485 2799556160530231865
HIT 3 2083090137355 485 13351646074947572600
HIT 3 2083090202891 485 12106441804246218761
HIT 3 2083090268427 485 16774979828750913446
HIT 3 2083090333963 485 16930588689518115645
HIT 3 2083090399499 485 8193858838328003061
HIT 3 2083090465035 485 1872456313209589896
HIT 3 2083090530571 485 1803061629760619964
HIT 3 2083090596107 485 6242948736109711037
HIT 3 2074500727051 483 6242948736109711037
HIT 3 2083090661643 485 17817834744021315496
HIT 3 2083090727179 485 365926941793048372
HIT 3 2091680661771 487 15162687104422816798
HIT 3 2083090792715 485 15162687104422816798
HIT 3 2087385825547 486 12161029880039930681
HIT 3 2091680792843 487 5789229277625097668
HIT 3 2100270727435 489 4026198853533064842
HIT 3 2087385891083 486 15199223906236274969
HIT 3 2091680858379 487 4026198853533064842
HIT 3 2095975825675 488 12161029880039930681
HIT 3 2100270792971 489 10888673281935713788
HIT 3 2104565760267 490 8768567583537360176
HIT 3 2108860727563 491 998460932449164361
HIT 3 2113155694859 492 5288897313389759837
HIT 3 2117450662155 493 8862451037440440423
HIT 3 2121745629451 494 4574118476535983736
HIT 3 2126040596747 495 15769750448068974483
HIT 3 2130335564043 496 5869365575654236129
HIT 3 2134630531339 497 1227386981034428671
HIT 3 2138925498635 498 6609144352369777573
HIT 3 2143220465931 499 2869175932420876208
HIT 3 2147515433227 500 13812333846765028022
HIT 3 2151810400523 501 2088349774042281601
HIT 3 2156105367819 502 3411086071188126420
HIT 3 2160400335115 503 14059295042582065281
HIT 3 2164695302411 504 14225134888568384207
HIT 3 2168990269707 505 14740686771565847432
HIT 3 2173285237003 506 18167877514995020994
HIT 3 2177580204299 507 16010889600292578536
HIT 3 2181875171595 508 7158053486263530707
HIT 3 2186170138891 509 11182482895424427520
HIT 3 2190465106187 510 11618139158936847047
HIT 3 2194760073483 511 12880228096340242965
HIT 3 2100270858507 489 13557020502148385295
HIT 3 2091680792842 487 5729403231265980949
HIT 3 2083085549836 485 5706569973758249274
HIT 3 2083085418765 485 348519896368787079
HIT 3 1739488100621 405 13137845235542461061
HIT 3 2083085484301 485 9203531308370165492
HIT 3 2074495615245 483 4014198101685912564
HIT 3 2078790582541 484 14844759773830973447
HIT 3 2083085549837 485 17914092340341091582
HIT 3 2091675484429 487 9890952314850492609
HIT 3 2083085680909 485 1820297031556253739
HIT 3 2083085549838 485 10100603257921103453
HIT 3 2091680792845 487 10628160496803816786
HIT 3 2083085549839 485 11753340092586901903
HIT 3 2083085549840 485 9532851358947086014
HIT 3 2083085549842 485 18246615943617725740
HIT 3 2083085549841 485 11148060723781460301
HIT 3 2083085549843 485 792413551794431991
HIT 3 2083085549844 485 9909181501859925753
HIT 3 2083085549845 485 4965146696045736943
HIT 3 2083085549846 485 16607940643514835624
HIT 3 2083085549847 485 15142249981278918515
HIT 3 2083085549848 485 1628871702542720145
HIT 3 2083085549849 485 8460860550181431737
HIT 3 2083085549850 485 17478229249669784481
HIT 3 2083085549851 485 7989547596580570567
HIT 3 2083085549852 485 7841689133566330010
HIT 3 2083085549853 485 5286427846051749495
HIT 3 2083085549854 485 5445865290834779789
HIT 3 2083085549855 485 10837088899735630850
HIT 3 2083085549856 485 2307552297164826835
HIT 3 2083085549858 485 4315071854853377438
HIT 3 2083085549857 485 2745305731644503872
HIT 3 2083085549859 485 10360219169179075521
HIT 3 2083085549860 485 10601198331998695780
HIT 3 2083085549863 485 4910134745897120023
HIT 3 2083085549861 485 2638991074323282502
HIT 3 2083085549862 485 8106251139646300232
HIT 3 2083085549864 485 4632736874654400162
HIT 3 2083085549865 485 5572074890741299602
HIT 3 2083085549866 485 14705821323365144255
HIT 3 2083085549867 485 11208176893783759253
HIT 3 2083085549868 485 721577848345997461
HIT 3 2083085549869 485 16977231118556639538
HIT 3 2083085549870 485 3386734328242545115
HIT 3 2083085549871 485 10723779455368443129
HIT 3 2083085549872 485 11163278025997251033
HIT 3 2083085549873 485 14795622847611081890
HIT 3 2083085549874 485 10137839627224567085
HIT 3 2083085549875 485 8802573053242481375
HIT 3 2083085549876 485 13427070100846568762
HIT 3 2083085549877 485 9235360158057527726
HIT 3 2083085549878 485 17801409351224839794
HIT 3 2083085549879 485 13889987476832683343
HIT 3 2083085549880 485 7313497549018024349
HIT 3 2083085549881 485 6358651942707009207
HIT 3 2083085549882 485 14524801153679869520
HIT 3 2083085549883 485 2154217013421218377
HIT 3 2083085549885 485 17570103932807073773
HIT 3 2083085549884 485 8713031250688583369
HIT 3 2083085549886 485 1005789617169743707
HIT 3 2083085549887 485 12404708989981182760
HIT 3 2083085549889 485 10600947259959758474
HIT 3 2083085549888 485 11014899236830423853
HIT 3 2083085549890 485 11829235582557320643
HIT 3 2083085549891 485 7808818800159981461
HIT 3 2083085549892 485 17976040297117308897
HIT 3 2083085549893 485 16746213390063660949
HIT 3 2083085549894 485 17544389685883466329
HIT 3 2083085549895 485 8555013381910831266
HIT 3 2083085549896 485 18302947559499515917
HIT 3 2083085549898 485 13126827241289788575
HIT 3 2083085549897 485 8360916080701196562
HIT 3 2083085549900 485 17724556474533722949
HIT 3 2083085549901 485 6778010993403306470
HIT 3 2083085549899 485 15320530362525397724
HIT 3 2083085549902 485 7938584863969218701
HIT 3 2083085549903 485 13502026845755548387
HIT 3 2083085549905 485 12033464914044295038
HIT 3 2083085549904 485 11519364221480081539
HIT 3 2083085549906 485 16467620352011528284
HIT 3 2083085549907 485 9003808142014126913
HIT 3 2083085549908 485 6505535303920874983
HIT 3 2083085549909 485 7310323239717980591
HIT 3 2083085549911 485 16479400451753258769
HIT 3 2083085549910 485 18069192088025994371
HIT 3 2083085549912 485 2416470189773762581
HIT 3 2083085549913 485 16733687562864882696
HIT 3 2083085549915 485 17637751603762421412
HIT 3 2083085549914 485 9077208556412155227
HIT 3 2083085549916 485 2683887587395560869
HIT 3 2083085549917 485 7097414155962649456
HIT 3 2083085549918 485 2127604452840410177
HIT 3 2083085549919 485 7077334003090751522
HIT 3 2083085549920 485 16154187889054196556
HIT 3 2083085549921 485 16546506206487545324
HIT 3 2083085549923 485 10289498129884159818
HIT 3 2083085549922 485 12409043414408212622
HIT 3 2083085549925 485 10670860493597589256
HIT 3 2083085549924 485 14699041928968209240
HIT 3 2083085549926 485 5262786395117697561
HIT 3 2083085549927 485 8602563417819425840
HIT 3 2083085549929 485 7330047974520141675
HIT 3 2083085549928 485 4152225617596080213
HIT 3 2083085549930 485 15047849187277993589
HIT 3 2083085549931 485 12543766221261601894
HIT 3 2083085549933 485 6910086190380609105
HIT 3 2083085549932 485 3708768242220031246
HIT 3 2083085549934 485 4975976235629646677
HIT 3 2083085549935 485 11117988257111949154
HIT 3 2083085549936 485 4680209827953356067
HIT 3 2083085549937 485 5370576741386971738
HIT 3 2083085549939 485 15282025657427169349
HIT 3 2083085549938 485 14110835321170859757
HIT 3 2083085549940 485 2641603162144661915
HIT 3 2083085549943 485 1503956899537877148
HIT 3 2083085549941 485 17933773944660764354
HIT 3 2083085549942 485 9627147363107167693
HIT 3 2083085549944 485 7165596182892883887
HIT 3 2083085549945 485 3023130088935915817
HIT 3 2083085549948 485 14914915635104566217
HIT 3 2083085549946 485 13019110459624276734
HIT 3 2083085549947 485 11347359280962543142
HIT 3 2083085549949 485 13202886287093067401
HIT 3 2083085549950 485 2256708853053420087
HIT 3 2083085549951 485 10029922193618304649
HIT 3 2083085549952 485 4987591209664639701
HIT 3 2083085549953 485 1837186029697385485
HIT 3 2083085549954 485 18232297081348980849
HIT 3 2083085549956 485 10190479491273589140
HIT 3 2083085549957 485 1285165352581944111
HIT 3 2083085549955 485 11322524424943011217
HIT 3 2083085549958 485 15484988184455236670
HIT 3 2083085549961 485 13809499509073609639
HIT 3 2083085549959 485 15734679563470805871
HIT 3 2083085549960 485 5592418659676629885
HIT 3 2083085549962 485 3958779427395728666
HIT 3 2083085549964 485 1080387504653304500
HIT 3 2083085549965 485 15181992950828677379
HIT 3 2083085549966 485 4287976968418138724
HIT 3 2083085549963 485 18150778657490676869
HIT 3 2083085418895 485 4287976968418138724
HIT 3 2083085549967 485 15716075176568736226
HIT 3 2083085549968 485 16199571395019511779
HIT 3 2083085681040 485 8632707607505193220
HIT 3 2083085549969 485 8632707607505193220
HIT 3 1748078166418 407 14283313488054621710
HIT 3 2083085615506 485 17946537188725085325
HIT 3 2074495746450 483 11613018075161330565
HIT 3 2078790713746 484 2371807713795000253
HIT 3 2083085681042 485 208397770382026708
HIT 3 2091675615634 487 3178241965923991101
HIT 3 2083085812114 485 15847365768103671591
HIT 3 2083085615507 485 6949693119087413844
HIT 3 2083085681043 485 15847365768103671591
HIT 3 2083085746579 485 17946537188725085325
HIT 3 2083085812115 485 4250189688742790420
HIT 3 2083085877651 485 491733173533127480
HIT 3 2083085943187 485 16592153061483640910
HIT 3 2083086008723 485 12222165144654816374
HIT 3 2083086074259 485 17621717592598462613
HIT 3 2083086139795 485 8445913699252140076
HIT 3 2083086205331 485 17818248915699127722
HIT 3 2083086270867 485 9702432333351566154
HIT 3 2083086336403 485 13772248428434023487
HIT 3 2083086401939 485 6559896350922592732
HIT 3 2083086467475 485 8356080239840869917
HIT 3 2083086533011 485 10396346717467949626
HIT 3 2083086598547 485 6376919437206642159
HIT 3 2083086664083 485 4140574204818167178
HIT 3 2083086729619 485 15058272365493119289
HIT 3 2083086795155 485 3801351111135540341
HIT 3 2083086860691 485 9740933385539782565
HIT 3 2083086926227 485 15936177463827076114
HIT 3 2083086991763 485 10528596286500104080
HIT 3 2083087057299 485 8337486253832801851
HIT 3 2083087122835 485 4635468872842195884
HIT 3 2083087188371 485 8361498295413668630
HIT 3 2083087253907 485 11671210192780113372
HIT 3 2083087319443 485 7304867550193722931
HIT 3 2083087384979 485 6022827123937954911
HIT 3 2083087450515 485 17460881170843873653
HIT 3 2083087516051 485 9635152622572871919
HIT 3 2083087581587 485 4011296375395655755
HIT 3 2083087647123 485 12582611979625927018
HIT 3 2083087712659 485 233182634315608646
HIT 3 2083087778195 485 13474419039664348656
HIT 3 2083085812116 485 12006238014878521755
HIT 3 2091680792977 487 16199571395019511779
HIT 3 2091680792978 487 6949693119087413844
HIT 3 2083087843731 485 7840250270276946314
HIT 3 2083087909267 485 17547629872019295844
HIT 3 2083087974803 485 10743505757246411375
HIT 3 2083088040339 485 10991053458720173921
HIT 3 2083088105875 485 16472697693917599338
HIT 3 2083088171411 485 16043704679826396515
HIT 3 2083088236947 485 2354509158290909090
HIT 3 2083088302483 485 7515680769581773289
HIT 3 2083088368019 485 12004641914172674524
HIT 3 2083088433555 485 8394066453955125971
HIT 3 2083088499091 485 3604765364348377560
HIT 3 2083088564627 485 11440803631378996517
HIT 3 2083088630163 485 2300163703276778914
HIT 3 2083088695699 485 17795106695414751616
HIT 3 2083088761235 485 6083099994319289197
HIT 3 2083088826771 485 964898389294122298
HIT 3 2083088892307 485 1290349973548174273
HIT 3 2083088957843 485 3139432786023575193
HIT 3 2083089023379 485 10397327795840927637
HIT 3 2083089088915 485 11499463542677111390
HIT 3 2083089154451 485 2560493387294525747
HIT 3 2083089219987 485 3691988187294621905
HIT 3 2083089285523 485 8972197922118162695
HIT 3 2083089351059 485 5650731234689487712
HIT 3 2083089416595 485 751483946162917759
HIT 3 2083089482131 485 4399155026624583660
HIT 3 2083089547667 485 2474464693313039600
HIT 3 2083089613203 485 10326224668324543213
HIT 3 2083089678739 485 7233995601571570816
HIT 3 2083089744275 485 14817627428350234544
HIT 3 2083089809811 485 15279825636828645479
HIT 3 2083089875347 485 5379434966772823631
HIT 3 2083089940883 485 12444326166672165167
HIT 3 2083090006419 485 12796570414619226376
HIT 3 2083090071955 485 8878311603774547355
HIT 3 2083090137491 485 13290080423531620513
HIT 3 2083090203027 485 4537953669864273093
HIT 3 2083090268563 485 14705463960852927781
HIT 3 2083090334099 485 13872925024464714097
HIT 3 2083090399635 485 2233956304698682985
HIT 3 2083090465171 485 10361562629727923993
HIT 3 2083090530707 485 17696279986320286052
HIT 3 2083090596243 485 8623243428431910779
HIT 3 2074500727187 483 8623243428431910779
HIT 3 2083090661779 485 14709656056928318102
HIT 3 2083090727315 485 11613018075161330565
HIT 3 2091680661907 487 7426416389644023621
HIT 3 2083090792851 485 7426416389644023621
HIT 3 2087385825683 486 8972277316774479760
HIT 3 2091680792979 487 208397770382026708
HIT 3 2100270727571 489 7155349925907141939
HIT 3 2087385891219 486 2371807713795000253
HIT 3 2091680858515 487 7155349925907141939
HIT 3 2095975825811 488 8972277316774479760
HIT 3 2100270793107 489 10487355967979264717
HIT 3 2104565760403 490 3690291389416663675
HIT 3 2108860727699 491 13145845581297285142
HIT 3 2113155694995 492 13610615106134940499
HIT 3 2117450662291 493 13257880229262469896
HIT 3 2121745629587 494 2134801498005550361
HIT 3 2126040596883 495 12583277019101712708
HIT 3 2130335564179 496 8664186731716520957
HIT 3 2134630531475 497 17310804933187822823
HIT 3 2138925498771 498 7488257365526577593
HIT 3 2143220466067 499 9595268956125581500
HIT 3 2147515433363 500 8371632729705207029
HIT 3 2151810400659 501 13385718407217918919
HIT 3 2156105367955 502 2472331541856168059
HIT 3 2160400335251 503 12799153666523630404
HIT 3 2164695302547 504 4390126447152481763
HIT 3 2168990269843 505 13011054178097264349
HIT 3 2173285237139 506 20629166518503382
HIT 3 2177580204435 507 3681106426797306285
HIT 3 2181875171731 508 9593102254423318230
HIT 3 2186170139027 509 7377355389368133376
HIT 3 2190465106323 510 15989244909505025108
HIT 3 2194760073619 511 3950060173085068964
HIT 3 2100270858643 489 3178241965923991101
HIT 3 2091680792981 487 12006238014878521755
HIT 3 2100270858724 489 17391122902309681446
DONE data/p_n_a55.txt sz=3 range=[0,512) n=22108160 zero=0 22.7s
