HIT 1 148 148 8682092707621097191
HIT 1 313 313 10990708827911668846
HIT 1 379 379 14332644685631817896
HIT 1 465 465 5414024360021678458
HIT 1 499 499 18069869511197762072
DONE data/p_lam.txt sz=1 range=[0,512) n=512 zero=0 0.0s
HIT 2 20512914 313 13868473575876227770
HIT 2 24838290 379 17012040041817243094
HIT 2 30474386 465 3966310237388242902
HIT 2 32702610 499 3228060553430324457
HIT 2 20381844 311 9763015776318858845
HIT 2 20447380 312 16807037301878743919
HIT 2 20512916 313 12374736472790133611
HIT 2 20643988 315 11001316130918699177
HIT 2 24707220 377 14161032973382330215
HIT 2 24772756 378 5573462455047294104
HIT 2 24838292 379 9318697386230245870
HIT 2 24969364 381 17481761346056612090
HIT 2 30343316 463 9543946303020309349
HIT 2 30408852 464 17774363126480298
HIT 2 30474388 465 4538255201752391837
HIT 2 30605460 467 2405525072408620234
HIT 2 32571540 497 13466488335755499297
HIT 2 32637076 498 16207229948003110617
HIT 2 32702612 499 17372352577873880262
HIT 2 32833684 501 16643693576621827425
HIT 2 9830549 150 8682092707621097191
HIT 2 20512917 313 7902676849726140961
HIT 2 24838293 379 15438042108292500188
HIT 2 30474389 465 7290953310101620748
HIT 2 32702613 499 2820224222163177738
HIT 2 20512918 313 16883787779951617785
HIT 2 24838294 379 4105432445298677676
HIT 2 30474390 465 15118461308514744010
HIT 2 32702614 499 3269139901115727999
HIT 2 24838455 379 17960325914574840917
HIT 2 30474551 465 14603469511512906946
HIT 2 32702775 499 17506362382810383428
HIT 2 20644152 315 10990708827911668846
HIT 2 24838456 379 4883881635916182188
HIT 2 30474552 465 2325853266089300033
HIT 2 32702776 499 10859350910128118096
HIT 2 24707385 377 7334719172949373620
HIT 2 24772921 378 15316031168543476351
HIT 2 24838457 379 2485563313997825685
HIT 2 24969529 381 16086835314939292300
HIT 2 30343481 463 1330734390101876808
HIT 2 30409017 464 5459464921567609650
HIT 2 30474553 465 16720451832819098235
HIT 2 30605625 467 13962089527790077044
HIT 2 32571705 497 17924901905799231556
HIT 2 32637241 498 17980229081255844517
HIT 2 32702777 499 10563076562262911580
HIT 2 32833849 501 6913208423296184011
HIT 2 24838459 379 4666464417468392421
HIT 2 30474555 465 9250438699371787379
HIT 2 32702779 499 6526038780795516301
HIT 2 30474617 465 9956609737983450387
HIT 2 32702841 499 12165060775843595095
HIT 2 24969594 381 14332644685631817896
HIT 2 30474618 465 6455230949199327383
HIT 2 32702842 499 7466768466194000180
HIT 2 30343547 463 12531366428615188750
HIT 2 30409083 464 13067407236414528194
HIT 2 30474619 465 15015722776099390639
HIT 2 30605691 467 8213240896350163482
HIT 2 32571771 497 15519827335100491132
HIT 2 32637307 498 4190044646772081663
HIT 2 32702843 499 16693762546033799886
HIT 2 32833915 501 14099890428261565598
HIT 2 30474621 465 16047432369076441770
HIT 2 32702845 499 7992625249906476289
HIT 2 32702927 499 16159067375773970976
HIT 2 30605776 467 5414024360021678458
HIT 2 32702928 499 1273962168466114252
HIT 2 32571857 497 8240894863411590898
HIT 2 32637393 498 8597296564355326417
HIT 2 32702929 499 3549476874350922991
HIT 2 32834001 501 6957789022222420585
HIT 2 32702931 499 377566550054499859
HIT 2 32834034 501 18069869511197762072
DONE data/p_lam.txt sz=2 range=[0,512) n=130560 zero=0 0.3s
HIT 3 1344334462977 313 8511653082662518088
HIT 3 1627802304513 379 14684681620477776004
HIT 3 1997169491969 465 13619239580243063103
HIT 3 2143198380033 499 9870449696148562831
HIT 3 1344334462979 313 1737419097061563883
HIT 3 1627802304515 379 12393440184687983393
HIT 3 1997169491971 465 12794737575865428700
HIT 3 2143198380035 499 13369769892209581073
HIT 3 1344334462978 313 8790402951792734030
HIT 3 1627802304514 379 5391472061471720048
HIT 3 1997169491970 465 15526959394989993048
HIT 3 2143198380034 499 485932743445540114
HIT 3 1344334462976 313 14343718582131527492
HIT 3 1627802304512 379 10927244192440684876
HIT 3 1997169491968 465 15828758648926233910
HIT 3 2143198380032 499 13691675258247971250
HIT 3 1627813117955 379 2147993878147536560
HIT 3 1997180305411 465 17155348211914793323
HIT 3 2143209193475 499 1583749294519784255
HIT 3 1627813117953 379 8252251031971705293
HIT 3 1997180305409 465 13874469164606055186
HIT 3 2143209193473 499 151669364399416652
HIT 3 1627813117952 379 13546651614111245316
HIT 3 1997180305408 465 2922850128905881691
HIT 3 2143209193472 499 4088291366465970319
HIT 3 1997184630787 465 4861404449985662384
HIT 3 2143213518851 499 12636027411986957934
HIT 3 1997184630785 465 7735798295022083968
HIT 3 2143213518849 499 7107724621964797945
HIT 3 1997184630784 465 13003298308436447798
HIT 3 1627813117954 379 4520966120608422248
HIT 3 2143213518848 499 3048444903266475133
HIT 3 1997180305410 465 15529744852494998555
HIT 3 2143209193474 499 7111622460390789833
HIT 3 2143219154947 499 5550427799020263462
HIT 3 2143219154945 499 7913520350327620581
HIT 3 2143219154944 499 15650193277083359929
HIT 3 1997184630786 465 15249425466072475505
HIT 3 2143213518850 499 6645650058386352790
HIT 3 2143219154946 499 14616328630789629628
HIT 3 1344334462981 313 1511211589370038648
HIT 3 1627802304517 379 16248168613377674347
HIT 3 1997169491973 465 16410826551691583020
HIT 3 2143198380037 499 11660255697819498071
HIT 3 1344334462980 313 17279725607665639605
HIT 3 1627802304516 379 3011500440625633864
HIT 3 1997169491972 465 18114841959018029701
HIT 3 2143198380036 499 4050242568664005955
HIT 3 1344334462982 313 12363102129799748718
HIT 3 1627802304518 379 6281080388858568817
HIT 3 1997169491974 465 14299099653183674667
HIT 3 2143198380038 499 12925321046264475624
HIT 3 1344334462983 313 2415998796933922306
HIT 3 1627802304519 379 18314814865213614587
HIT 3 1997169491975 465 8282311892924789620
HIT 3 2143198380039 499 10955156827188630663
HIT 3 1627813117957 379 1991543848310058892
HIT 3 1997180305413 465 15182174264280718369
HIT 3 2143209193477 499 6648953227372916719
HIT 3 1627813117956 379 3884457487144232996
HIT 3 1997180305412 465 14927229528714998673
HIT 3 2143209193476 499 3348023774466970368
HIT 3 1627813117958 379 9823937753501575479
HIT 3 1997180305414 465 13596403858157720552
HIT 3 2143209193478 499 7214105565793584872
HIT 3 1627813117959 379 4002226983199569997
HIT 3 1997180305415 465 2848611190762273476
HIT 3 2143209193479 499 4390706115561818837
HIT 3 1997184630789 465 17477209785129402134
HIT 3 2143213518853 499 3008078931015334355
HIT 3 1997184630788 465 8359241666178349725
HIT 3 2143213518852 499 9645633866584869548
HIT 3 1997184630790 465 16306873081425084857
HIT 3 2143213518854 499 997444158932405557
HIT 3 2143219154949 499 2502738097027102092
HIT 3 2143219154948 499 1978293237191153499
HIT 3 2143219154950 499 11574874691504465441
HIT 3 1997184630791 465 9328358685806213755
HIT 3 2143213518855 499 4773784629319120724
HIT 3 2143219154951 499 15760191261715581824
HIT 3 1344334462984 313 6716349536107587785
HIT 3 1627802304520 379 18187291057382022257
HIT 3 1997169491976 465 11224247201421986028
HIT 3 2143198380040 499 5019548465007523494
HIT 3 1344334462985 313 10365784236221267186
HIT 3 1627802304521 379 634580640221805322
HIT 3 1997169491977 465 12141791382722158830
HIT 3 2143198380041 499 18135201967760282377
HIT 3 1344334462986 313 17163010738662730214
HIT 3 1627802304522 379 5316898090869699049
HIT 3 1997169491978 465 2268697386710781260
HIT 3 2143198380042 499 7570125874859104523
HIT 3 1344334462987 313 6244656211248933305
HIT 3 1627802304523 379 13762599325469472955
HIT 3 1997169491979 465 5073009687785878120
HIT 3 2143198380043 499 17845183754460708233
HIT 3 1627813117961 379 8205547493508952374
HIT 3 1997180305417 465 17653984274264320764
HIT 3 2143209193481 499 4146299820250905140
HIT 3 1627813117963 379 14994097718582611619
HIT 3 1997180305419 465 2733815330915049056
HIT 3 2143209193483 499 12233465454807215417
HIT 3 1627813117960 379 15383207153057381261
HIT 3 1997180305416 465 1146334372399681898
HIT 3 2143209193480 499 14216595028110402880
HIT 3 1627813117962 379 3912837093678420283
HIT 3 1997180305418 465 2096180390418912992
HIT 3 2143209193482 499 48520380789533784
HIT 3 1997184630795 465 1115645246512062675
HIT 3 2143213518859 499 11484438996879517680
HIT 3 1997184630792 465 1996110149096213819
HIT 3 2143213518856 499 12046908366929504842
HIT 3 1997184630793 465 3426594316152439060
HIT 3 2143213518857 499 5966936411334092036
HIT 3 2143219154955 499 16033714467805092097
HIT 3 1997184630794 465 17203925062553599268
HIT 3 2143213518858 499 15777981190866823828
HIT 3 2143219154953 499 2439282501745659676
HIT 3 2143219154952 499 14353034604416976942
HIT 3 2143219154954 499 18234025914055343257
HIT 3 1344334462988 313 653527414519694418
HIT 3 1627802304524 379 2360252131207041197
HIT 3 1997169491980 465 1669089296257297941
HIT 3 2143198380044 499 2529000656526769319
HIT 3 1344334462989 313 14229332972242834953
HIT 3 1627802304525 379 5713940621072225316
HIT 3 1997169491981 465 15043964228635160740
HIT 3 2143198380045 499 18406112386388670447
HIT 3 1344334462991 313 12876481253772109473
HIT 3 1627802304527 379 17825902002984050048
HIT 3 1997169491983 465 10477378004575711468
HIT 3 2143198380047 499 6459819466735529086
HIT 3 1344334462990 313 7926016404463486679
HIT 3 1627802304526 379 8864281311138092614
HIT 3 1997169491982 465 11221533928494493830
HIT 3 2143198380046 499 16167196829763581850
HIT 3 1627813117964 379 15795937097801167503
HIT 3 1997180305420 465 11542177927196774605
HIT 3 2143209193484 499 15786398713657256540
HIT 3 1997184630796 465 5062153091738198055
HIT 3 2143213518860 499 6544966984553365220
HIT 3 2143219154956 499 10748454559864169967
HIT 3 1627813117965 379 1262337574203146360
HIT 3 1997180305421 465 15764539757674855741
HIT 3 2143209193485 499 1708555468817618530
HIT 3 1627813117967 379 9076796617732790599
HIT 3 1997180305423 465 13703107159488155931
HIT 3 2143209193487 499 15268897280801858889
HIT 3 1997184630797 465 4231585533054542402
HIT 3 2143213518861 499 12853935121921954377
HIT 3 1997184630799 465 14893984207410251933
HIT 3 2143213518863 499 13846247812707606
HIT 3 2143219154957 499 8208258674269538819
HIT 3 1627813117966 379 196803390318246006
HIT 3 1997180305422 465 5833209718890353961
HIT 3 2143209193486 499 423621345500225059
HIT 3 2143219154959 499 8841491271913993880
HIT 3 1997184630798 465 11199116380622757114
HIT 3 2143213518862 499 5563303785348894724
HIT 3 2143219154958 499 8858010453563693691
HIT 3 1344334462992 313 12063720139339208101
HIT 3 1627802304528 379 3286221176498142742
HIT 3 1997169491984 465 8672349955727608346
HIT 3 2143198380048 499 7849127873743891484
HIT 3 1344334462993 313 6667540170551343333
HIT 3 1627802304529 379 11214851753153652494
HIT 3 1997169491985 465 16007757061266066824
HIT 3 2143198380049 499 17022635859351498615
HIT 3 1344334462994 313 12989070885172941395
HIT 3 1627802304530 379 1381727203824655724
HIT 3 1997169491986 465 5543242339692006004
HIT 3 2143198380050 499 4551358727544215257
HIT 3 1627813117968 379 1782525428705746153
HIT 3 1997180305424 465 18355776805808959665
HIT 3 2143209193488 499 3013827704240041001
HIT 3 1344334462995 313 13466957464604573504
HIT 3 1627802304531 379 9450948999813008424
HIT 3 1997169491987 465 16222686457631634635
HIT 3 2143198380051 499 2849316242410961755
HIT 3 1997184630800 465 3163032890340553782
HIT 3 2143213518864 499 17044267674063644551
HIT 3 2143219154960 499 10902296420569432798
HIT 3 1627813117969 379 5114840175597318191
HIT 3 1997180305425 465 7164679464478666118
HIT 3 2143209193489 499 15026399566828252807
HIT 3 1997184630801 465 16097135961394994401
HIT 3 2143213518865 499 3898046669193777319
HIT 3 1627813117970 379 9775078244933758502
HIT 3 1997180305426 465 2120097595697342300
HIT 3 2143209193490 499 7835250362141153214
HIT 3 2143219154961 499 11550528107082213020
HIT 3 1627813117971 379 4287046755745861239
HIT 3 1997180305427 465 870431010149984183
HIT 3 2143209193491 499 352589727826770714
HIT 3 1997184630802 465 10109605114116364234
HIT 3 2143213518866 499 13359941100700851063
HIT 3 1997184630803 465 14942485112787520558
HIT 3 2143213518867 499 8632551629272886724
HIT 3 2143219154962 499 1463549332827163207
HIT 3 1344334462996 313 3035408700585513311
HIT 3 1627802304532 379 7117664492751102099
HIT 3 1997169491988 465 2622273342237522185
HIT 3 2143198380052 499 12183444962425538380
HIT 3 2143219154963 499 14332456739249393788
HIT 3 1627813117972 379 12437668676382047525
HIT 3 1997180305428 465 2310831990953804683
HIT 3 2143209193492 499 2581551621725560678
HIT 3 1344334462997 313 9615838301049351910
HIT 3 1627802304533 379 9473749472774985981
HIT 3 1997169491989 465 17000685743218954254
HIT 3 2143198380053 499 12442740555542369958
HIT 3 1997184630804 465 4902111152554359775
HIT 3 2143213518868 499 8887540845455884906
HIT 3 2143219154964 499 11277458071497869810
HIT 3 1344334462998 313 15488794073532417563
HIT 3 1627802304534 379 805666933605978315
HIT 3 1997169491990 465 15740070524137824997
HIT 3 2143198380054 499 9730073738757272247
HIT 3 1344334462999 313 14301486079914855615
HIT 3 1627802304535 379 13389819780383968014
HIT 3 1997169491991 465 16208718050532144586
HIT 3 2143198380055 499 3158327668265544714
HIT 3 1627813117973 379 7921417323709474488
HIT 3 1997180305429 465 15922889022675678127
HIT 3 2143209193493 499 762827509769617522
HIT 3 1997184630805 465 12806130723236763219
HIT 3 2143213518869 499 10155827319405501844
HIT 3 1627813117974 379 7180938482072069295
HIT 3 1997180305430 465 1283689990446117503
HIT 3 2143209193494 499 9398282880887163424
HIT 3 2143219154965 499 3376158277594866309
HIT 3 1627813117975 379 14905432381891543161
HIT 3 1997180305431 465 14090677540245281807
HIT 3 2143209193495 499 10772090129420816420
HIT 3 1344334463000 313 17009128172800458771
HIT 3 1627802304536 379 5837482345375388040
HIT 3 1997169491992 465 2438975814677638844
HIT 3 1997184630806 465 5421565339713275275
HIT 3 2143213518870 499 3684912618489659404
HIT 3 2143198380056 499 17672056516684141442
HIT 3 1997184630807 465 3503344870904317035
HIT 3 2143213518871 499 15831245361297053876
HIT 3 2143219154966 499 3086462528810992428
HIT 3 2143219154967 499 2738959032045085073
HIT 3 1627813117976 379 4875154813952188198
HIT 3 1997180305432 465 15927472177791739995
HIT 3 2143209193496 499 10016558064092020014
HIT 3 1997184630808 465 521990939047750208
HIT 3 2143213518872 499 17273321455402190824
HIT 3 1344334463001 313 7866596719020981694
HIT 3 1627802304537 379 10368587531805467013
HIT 3 1997169491993 465 8187117083587305300
HIT 3 2143198380057 499 13566750745415899969
HIT 3 2143219154968 499 7647882630986375028
HIT 3 1344334463002 313 15752293830884961037
HIT 3 1627802304538 379 12671031073851076591
HIT 3 1997169491994 465 3234671582191819354
HIT 3 2143198380058 499 673821913704105287
HIT 3 1344334463003 313 5077493506205838767
HIT 3 1627802304539 379 7644283624927287914
HIT 3 1997169491995 465 10538986953763635147
HIT 3 2143198380059 499 14664261581671733007
HIT 3 1344334463004 313 5635989564109323857
HIT 3 1627802304540 379 18121525890157450882
HIT 3 1997169491996 465 4983325060899196464
HIT 3 2143198380060 499 13751836311162736708
HIT 3 1627813117977 379 3845200117330424204
HIT 3 1997180305433 465 2839932899220121591
HIT 3 2143209193497 499 5530983431479206285
HIT 3 1997184630809 465 4640810157041126887
HIT 3 2143213518873 499 7208989608745469747
HIT 3 2143219154969 499 9207852952845500514
HIT 3 1627813117979 379 9836962857642005797
HIT 3 1627813117978 379 6878889232804166162
HIT 3 1997180305435 465 6395189875793609033
HIT 3 2143209193499 499 8400404980289037931
HIT 3 1997180305434 465 15697531778603188859
HIT 3 2143209193498 499 9045495604211463713
HIT 3 1997184630811 465 15942851372660935110
HIT 3 2143213518875 499 15359676611316641513
HIT 3 1997184630810 465 17985274386949115743
HIT 3 2143213518874 499 12770528349789812373
HIT 3 2143219154970 499 354373055292342401
HIT 3 2143219154971 499 1402702579655758106
HIT 3 1627813117980 379 5003437064169593129
HIT 3 1997180305436 465 643227330125262546
HIT 3 2143209193500 499 12952222087643078116
HIT 3 1997184630812 465 8720660481633291760
HIT 3 2143213518876 499 4006618530357059946
HIT 3 1344334463006 313 2191905589449943652
HIT 3 1627802304542 379 3992589413569027267
HIT 3 1997169491998 465 17813076870603893712
HIT 3 2143198380062 499 10728351312655939054
HIT 3 2143219154972 499 9526735773598727457
HIT 3 1344334463005 313 13811435924335125997
HIT 3 1627802304541 379 12315915351095431629
HIT 3 1997169491997 465 4664900859331348367
HIT 3 2143198380061 499 5624571430680782248
HIT 3 1344334463007 313 5458098570021004023
HIT 3 1627802304543 379 7573499387826073491
HIT 3 1997169491999 465 17214015011820855549
HIT 3 2143198380063 499 9273345364591379052
HIT 3 1627813117982 379 7191682445754636185
HIT 3 1997180305438 465 16269677146768623052
HIT 3 2143209193502 499 7869647039374241660
HIT 3 1997184630814 465 9893803988804320687
HIT 3 2143213518878 499 3647665896104572355
HIT 3 1344334463008 313 13553252678550098117
HIT 3 1627802304544 379 14707072039483474898
HIT 3 1997169492000 465 15418458753400374749
HIT 3 2143198380064 499 6534722524217479236
HIT 3 2143219154974 499 10028716147799321887
HIT 3 1627813117981 379 1444878187841278032
HIT 3 1997180305437 465 8888522952253984986
HIT 3 2143209193501 499 15932076642079512974
HIT 3 1997184630813 465 573706609856824877
HIT 3 2143213518877 499 1179030091117314541
HIT 3 1627813117984 379 4059534943742355751
HIT 3 1997180305440 465 9533859316418577173
HIT 3 2143209193504 499 138451730603485362
HIT 3 1997184630816 465 1954581407635835742
HIT 3 2143213518880 499 15238227903885785141
HIT 3 1344334463009 313 15524976498544632209
HIT 3 1627802304545 379 2282675888439366579
HIT 3 1997169492001 465 4684569595980578108
HIT 3 2143198380065 499 4913769880248436398
HIT 3 2143219154973 499 6879691484957065466
HIT 3 2143219154976 499 4755944999689117797
HIT 3 1627813117983 379 5185566312047714405
HIT 3 1997180305439 465 5274725438764486502
HIT 3 2143209193503 499 7511429377041182056
HIT 3 1997184630815 465 13594744836418849886
HIT 3 2143213518879 499 10409063350596111861
HIT 3 2143219154975 499 14849473117417377440
HIT 3 1627813117985 379 14296785832138000514
HIT 3 1997180305441 465 6588693908287047357
HIT 3 2143209193505 499 16979472733016309023
HIT 3 1344334463011 313 17071183916447812138
HIT 3 1627802304547 379 3666637013004070121
HIT 3 1997169492003 465 11464761750839259489
HIT 3 2143198380067 499 12158194070377889443
HIT 3 1997184630817 465 8284483352313416314
HIT 3 2143213518881 499 11806909292656837894
HIT 3 2143219154977 499 12306402065979554750
HIT 3 1344334463010 313 8777547876060921401
HIT 3 1627802304546 379 11749017623777966506
HIT 3 1997169492002 465 16229464270206051166
HIT 3 2143198380066 499 953738519797810940
HIT 3 1627813117987 379 6115768043933352593
HIT 3 1997180305443 465 3205835458300729446
HIT 3 2143209193507 499 9046717733347687316
HIT 3 1344334463012 313 7359278574420493645
HIT 3 1627802304548 379 3626643423435736933
HIT 3 1997169492004 465 2797813291167504758
HIT 3 2143198380068 499 2394021620324900418
HIT 3 1344334463013 313 11476288977645357494
HIT 3 1627802304549 379 5797285304705393496
HIT 3 1997169492005 465 8810965153206784013
HIT 3 2143198380069 499 4960546814313910788
HIT 3 1997184630819 465 14258199355869091579
HIT 3 2143213518883 499 12018563748256018146
HIT 3 2143219154979 499 5065014118381875248
HIT 3 1627813117986 379 576362400493085229
HIT 3 1997180305442 465 15074144485750365549
HIT 3 2143209193506 499 866176320291777326
HIT 3 1997184630818 465 113796779599995493
HIT 3 2143213518882 499 6976951789227914290
HIT 3 2143219154978 499 17719757089306331150
HIT 3 1627813117988 379 9090869162615963056
HIT 3 1997180305444 465 10232395353303712481
HIT 3 2143209193508 499 6912801690696482362
HIT 3 1344334463014 313 17646784593470709407
HIT 3 1627802304550 379 9538310861075174058
HIT 3 1997169492006 465 1189488478999209994
HIT 3 2143198380070 499 8770556610403740717
HIT 3 1627813117989 379 5578735603100659772
HIT 3 1997180305445 465 10690653248903327951
HIT 3 2143209193509 499 12327580280894186309
HIT 3 1997184630820 465 7755832446645916998
HIT 3 2143213518884 499 11912623376918177182
HIT 3 1344334463015 313 8871652368179639793
HIT 3 1627802304551 379 2175154059833803719
HIT 3 1997169492007 465 7549207315987830717
HIT 3 2143198380071 499 15791740870337970191
HIT 3 2143219154980 499 4597331131615375751
HIT 3 1997184630821 465 244206344549541467
HIT 3 2143213518885 499 1367296976965742153
HIT 3 1627813117990 379 9848448520812603056
HIT 3 1997180305446 465 492692302225983079
HIT 3 2143209193510 499 11432121726250053562
HIT 3 2143219154981 499 15099930897313360240
HIT 3 1997184630822 465 11467476511713511978
HIT 3 2143213518886 499 16666694042045163446
HIT 3 2143219154982 499 7832452667077360712
HIT 3 1627813117991 379 2595720081465903461
HIT 3 1997180305447 465 12672038785606907533
HIT 3 2143209193511 499 7665653512637310087
HIT 3 1997184630823 465 8188618676390479610
HIT 3 2143213518887 499 13884772795576843500
HIT 3 2143219154983 499 11362616333139965452
HIT 3 1344334463016 313 8426073157119674312
HIT 3 1627802304552 379 7312782924075796296
HIT 3 1997169492008 465 11375221036027683391
HIT 3 2143198380072 499 13070790567891590634
HIT 3 1344334463018 313 2525019950065917497
HIT 3 1627802304554 379 13560865214522769322
HIT 3 1997169492010 465 16957011229767286619
HIT 3 2143198380074 499 3608752674808967386
HIT 3 1344334463017 313 13461301220798873941
HIT 3 1627802304553 379 4971454351555553905
HIT 3 1997169492009 465 16853666178594330007
HIT 3 2143198380073 499 18060686422387811450
HIT 3 1344334463019 313 3214506308803017872
HIT 3 1627802304555 379 8603249770036922962
HIT 3 1997169492011 465 1816206497472883958
HIT 3 2143198380075 499 3466201595120471491
HIT 3 1627813117992 379 17976517319130029252
HIT 3 1997180305448 465 5520723216175363734
HIT 3 2143209193512 499 14735809848667329280
HIT 3 1627813117994 379 10877021749337929313
HIT 3 1997180305450 465 11368470650256903004
HIT 3 2143209193514 499 2400923842290430550
HIT 3 1627813117993 379 6453438249550702635
HIT 3 1997180305449 465 3133570317180656287
HIT 3 2143209193513 499 9365763067887033359
HIT 3 1997184630824 465 17805715203406332578
HIT 3 2143213518888 499 4088931843759897694
HIT 3 1997184630826 465 1726334633741744547
HIT 3 2143213518890 499 17475114745421812732
HIT 3 1997184630825 465 6682021354232873532
HIT 3 2143213518889 499 3849006910771596392
HIT 3 2143219154986 499 12845780453337414688
HIT 3 2143219154984 499 17110398514670531426
HIT 3 1627813117995 379 14707058133689063444
HIT 3 1997180305451 465 8066168754440015704
HIT 3 2143209193515 499 16151599397501483389
HIT 3 2143219154985 499 10864302114461162381
HIT 3 1997184630827 465 11062524471448729292
HIT 3 2143213518891 499 8048430664995372079
HIT 3 2143219154987 499 13706681764513526886
HIT 3 1344334463021 313 17535951300695510167
HIT 3 1627802304557 379 12001771124310646002
HIT 3 1997169492013 465 9038599411909664479
HIT 3 2143198380077 499 3851940202576341737
HIT 3 1344334463022 313 14120865145071000389
HIT 3 1627802304558 379 12336514106041275022
HIT 3 1997169492014 465 14938145336929032274
HIT 3 2143198380078 499 3915840555844387348
HIT 3 1344334463020 313 2646530571528336245
HIT 3 1627802304556 379 4767607876369614168
HIT 3 1997169492012 465 1277523980247152615
HIT 3 2143198380076 499 12755812805755771740
HIT 3 1344334463023 313 17352424424614462800
HIT 3 1627802304559 379 4017037829076541468
HIT 3 1997169492015 465 5631017162515917619
HIT 3 2143198380079 499 11585140594198114677
HIT 3 1627813117997 379 13644127221707739327
HIT 3 1997180305453 465 12238605648859864338
HIT 3 2143209193517 499 8014760996593354888
HIT 3 1627813117998 379 8794917726782691029
HIT 3 1997180305454 465 9441239766161444322
HIT 3 2143209193518 499 14889612570652259906
HIT 3 1997184630829 465 10183581636149214093
HIT 3 2143213518893 499 8183454207308546767
HIT 3 1997184630830 465 17503419395997054470
HIT 3 2143213518894 499 15739417509253183544
HIT 3 2143219154990 499 16230498391434448742
HIT 3 2143219154989 499 28180372095240242
HIT 3 1627813117996 379 12418873082539143510
HIT 3 1997180305452 465 12161744454880771584
HIT 3 2143209193516 499 196542915933860406
HIT 3 1997184630828 465 10312433867637197576
HIT 3 2143213518892 499 2241586080415927143
HIT 3 1627813117999 379 10589894651473823574
HIT 3 1997180305455 465 17368317988580495169
HIT 3 2143209193519 499 1094699346174942441
HIT 3 2143219154988 499 2094493300829162625
HIT 3 1344334463024 313 11483694907393325870
HIT 3 1627802304560 379 14628217052983795384
HIT 3 1997169492016 465 11496825613054610533
HIT 3 2143198380080 499 4543523747075017791
HIT 3 1997184630831 465 8825448390014886876
HIT 3 2143213518895 499 16237027558063030420
HIT 3 2143219154991 499 17457701164104389256
HIT 3 1344334463025 313 2412857707599113689
HIT 3 1627802304561 379 3120984556824622701
HIT 3 1997169492017 465 15184873084710783469
HIT 3 2143198380081 499 18042074616607811574
HIT 3 1344334463026 313 201961563525436120
HIT 3 1627802304562 379 1704661750787785937
HIT 3 1997169492018 465 5178240265844253909
HIT 3 2143198380082 499 11242448083319316449
HIT 3 1627813118000 379 1467088738605615436
HIT 3 1997180305456 465 10665832320788099994
HIT 3 2143209193520 499 12484271425831683847
HIT 3 1997184630832 465 12942814175121422178
HIT 3 2143213518896 499 6499622422310232238
HIT 3 1627813118001 379 1602307178132785822
HIT 3 1997180305457 465 6786468890844338276
HIT 3 2143209193521 499 7995750755956776964
HIT 3 1344334463027 313 13059138692537207730
HIT 3 1627802304563 379 10325265724090048548
HIT 3 1997169492019 465 8526186454201834526
HIT 3 2143198380083 499 9517328141519494129
HIT 3 2143219154992 499 5986554270044498669
HIT 3 1627813118002 379 5166675049108264553
HIT 3 1997180305458 465 12403704507348225786
HIT 3 2143209193522 499 11995421651023127302
HIT 3 1997184630833 465 905592642850688649
HIT 3 2143213518897 499 265625532328794130
HIT 3 1997184630834 465 2498237535463161514
HIT 3 2143213518898 499 926533789203960594
HIT 3 2143219154993 499 7786778794182911261
HIT 3 2143219154994 499 1523145402004630808
HIT 3 1344334463028 313 17345475114508411061
HIT 3 1627802304564 379 12608375429995393134
HIT 3 1997169492020 465 14371806598518899600
HIT 3 2143198380084 499 17079257294495639420
HIT 3 1627813118003 379 3325190699780510150
HIT 3 1997180305459 465 577396811278494256
HIT 3 2143209193523 499 15979699776686124326
HIT 3 1344334463029 313 16740686214090788063
HIT 3 1627802304565 379 15136996215155289580
HIT 3 1997169492021 465 16498207929860018422
HIT 3 2143198380085 499 1746348420124169424
HIT 3 1997184630835 465 13139982199569430111
HIT 3 2143213518899 499 2391311722116820754
HIT 3 1344334463030 313 17555366591345267928
HIT 3 1627802304566 379 6392365167391240710
HIT 3 1997169492022 465 5291508753884505225
HIT 3 2143198380086 499 9020926964477466056
HIT 3 2143219154995 499 9611175692031285794
HIT 3 1627813118005 379 17543559035123302297
HIT 3 1997180305461 465 9703703518789932026
HIT 3 2143209193525 499 7710133909954997881
HIT 3 1627813118004 379 14519587177105884662
HIT 3 1997180305460 465 17355375932595172008
HIT 3 2143209193524 499 6953907620044386183
HIT 3 1997184630837 465 9603180667958037346
HIT 3 2143213518901 499 10967458856445500452
HIT 3 1997184630836 465 11856264806945361527
HIT 3 2143213518900 499 14908606027778624669
HIT 3 1344334463031 313 3784199128406220905
HIT 3 1627802304567 379 6284473421922053094
HIT 3 1997169492023 465 18337673439696447699
HIT 3 2143198380087 499 15175985278791003429
HIT 3 2143219154997 499 9742181243542788114
HIT 3 2143219154996 499 1093174221160541033
HIT 3 1627813118006 379 15412533620232242645
HIT 3 1997180305462 465 4848277238876031166
HIT 3 2143209193526 499 616350783539184138
HIT 3 1997184630838 465 11687981316899822029
HIT 3 2143213518902 499 15663713882976206532
HIT 3 2143219154998 499 6331501754188689034
HIT 3 1344334463032 313 11635417464559406718
HIT 3 1627802304568 379 16341762074425765297
HIT 3 1997169492024 465 2931043624060957737
HIT 3 2143198380088 499 275533641339435745
HIT 3 1344334463033 313 14700215268117433802
HIT 3 1627802304569 379 14326426164667620920
HIT 3 1997169492025 465 1707211028031798731
HIT 3 2143198380089 499 9612324614074995727
HIT 3 1627813118007 379 8681402510778273971
HIT 3 1997180305463 465 3751691328181038075
HIT 3 2143209193527 499 4590252358272221361
HIT 3 1344334463034 313 4512533678395076272
HIT 3 1627802304570 379 11915494358152160657
HIT 3 1997169492026 465 8031119745084305117
HIT 3 2143198380090 499 5129443631827450868
HIT 3 1997184630839 465 2616931392504469764
HIT 3 2143213518903 499 1919281191738074464
HIT 3 2143219154999 499 831734689082884836
HIT 3 1627813118008 379 5144694726080248658
HIT 3 1997180305464 465 8738820615379261286
HIT 3 2143209193528 499 11384658586200791072
HIT 3 1627813118009 379 14099462875998429361
HIT 3 1997180305465 465 2415494682270068871
HIT 3 2143209193529 499 11855244667378770352
HIT 3 1997184630840 465 755602236560934250
HIT 3 2143213518904 499 16308953180654333574
HIT 3 1997184630841 465 1042829541817689597
HIT 3 2143213518905 499 7580938734791436628
HIT 3 2143219155001 499 15189239718264757572
HIT 3 2143219155000 499 10036317952386976755
HIT 3 1627813118010 379 2301806412972102445
HIT 3 1997180305466 465 8465114982172463868
HIT 3 2143209193530 499 10063581944023844954
HIT 3 1997184630842 465 10214815644160186150
HIT 3 2143213518906 499 10477050660721839317
HIT 3 2143219155002 499 2692736035204541021
HIT 3 1344334463035 313 6251466468973077620
HIT 3 1627802304571 379 14684546354431205355
HIT 3 1997169492027 465 9446829249159193361
HIT 3 2143198380091 499 15880397394215242977
HIT 3 1344334463036 313 17775254444379332257
HIT 3 1627802304572 379 4219872416000170666
HIT 3 1997169492028 465 475069648390463351
HIT 3 2143198380092 499 10155404658681728124
HIT 3 1344334463037 313 12776688771768763929
HIT 3 1627802304573 379 8312211628624251258
HIT 3 1997169492029 465 2463320275450074255
HIT 3 2143198380093 499 4620198719380545867
HIT 3 1627813118011 379 10681708163863877578
HIT 3 1997180305467 465 14749974454446674272
HIT 3 2143209193531 499 6071347402816956974
HIT 3 1344334463038 313 14958024504368414251
HIT 3 1627802304574 379 14752774747379209942
HIT 3 1997169492030 465 7017047060183839136
HIT 3 2143198380094 499 7542708189565097389
HIT 3 1997184630843 465 10253799916238566459
HIT 3 2143213518907 499 9124801731188651285
HIT 3 1627813118012 379 14482736944048674822
HIT 3 1997180305468 465 11786193161969584615
HIT 3 2143209193532 499 1083095841709607071
HIT 3 1627813118013 379 10011533549849626037
HIT 3 1997180305469 465 2351576954864475682
HIT 3 2143209193533 499 304152108349144819
HIT 3 2143219155003 499 3936357984351857641
HIT 3 1997184630844 465 8317355103877686798
HIT 3 2143213518908 499 2164649631115748615
HIT 3 1997184630845 465 10447771186167006061
HIT 3 2143213518909 499 84888330555941739
HIT 3 2143219155004 499 720962784094125627
HIT 3 2143219155005 499 2318826696887182628
HIT 3 1344334463039 313 1798214302421041447
HIT 3 1627802304575 379 5477938301889036755
HIT 3 1997169492031 465 13306356036494161274
HIT 3 2143198380095 499 4164689908283131540
HIT 3 1344334463040 313 8482343773411318472
HIT 3 1627802304576 379 9465096148738337513
HIT 3 1997169492032 465 3797224964970341390
HIT 3 2143198380096 499 3133980677487943577
HIT 3 1344334463041 313 9562364939909959541
HIT 3 1627802304577 379 13635094278910331992
HIT 3 1997169492033 465 1865294560598914621
HIT 3 2143198380097 499 2418355783953981029
HIT 3 1627813118014 379 13375984856411680597
HIT 3 1997180305470 465 1910260155703752887
HIT 3 2143209193534 499 8159848603624730519
HIT 3 1997184630846 465 1957249440882378876
HIT 3 2143213518910 499 17787515896931025836
HIT 3 2143219155006 499 15117231866870730448
HIT 3 1627813118016 379 8469059736206614404
HIT 3 1997180305472 465 4488160434838761386
HIT 3 2143209193536 499 17905037641235013449
HIT 3 1627813118017 379 13415801710399352524
HIT 3 1997180305473 465 12127659006339377287
HIT 3 2143209193537 499 7622049223584268590
HIT 3 1627813118015 379 15620766239192421601
HIT 3 1997180305471 465 1900790362671803039
HIT 3 2143209193535 499 1368009247893209983
HIT 3 1997184630848 465 2260171577274073706
HIT 3 2143213518912 499 9259060495238424637
HIT 3 1997184630849 465 3304584646054700517
HIT 3 2143213518913 499 3939784236262934289
HIT 3 2143219155008 499 4169619211192214654
HIT 3 1997184630847 465 7005036691129128912
HIT 3 2143213518911 499 9799656595935974246
HIT 3 2143219155009 499 5585292276222422507
HIT 3 2143219155007 499 17708298805803112543
HIT 3 1344334463044 313 1387226401799916945
HIT 3 1627802304580 379 13173546629684431957
HIT 3 1997169492036 465 16131240800009068827
HIT 3 2143198380100 499 3100756532105185775
HIT 3 1344334463042 313 12864682260195315863
HIT 3 1627802304578 379 1524786235775960630
HIT 3 1997169492034 465 3528764093383325790
HIT 3 2143198380098 499 10657072030112266285
HIT 3 1344334463043 313 13492302801152145887
HIT 3 1627802304579 379 10495809564442079352
HIT 3 1997169492035 465 16552579434188161325
HIT 3 2143198380099 499 13457996472709757325
HIT 3 1344334463045 313 17335334291942545861
HIT 3 1627802304581 379 12256298349400369477
HIT 3 1997169492037 465 2230236459979732994
HIT 3 2143198380101 499 12885639617805162352
HIT 3 1627813118019 379 15014177661933163897
HIT 3 1997180305475 465 388839481769127198
HIT 3 2143209193539 499 3646906314445249842
HIT 3 1627813118020 379 16384109404111711835
HIT 3 1997180305476 465 3521030035739756554
HIT 3 2143209193540 499 11346418950022349494
HIT 3 1997184630851 465 16959826443813023219
HIT 3 2143213518915 499 3167434630200627995
HIT 3 1997184630852 465 6306144359434562628
HIT 3 2143213518916 499 10775597743630812790
HIT 3 2143219155011 499 8461061619594120189
HIT 3 2143219155012 499 13244278767453249886
HIT 3 1627813118021 379 1510599626333547100
HIT 3 1997180305477 465 4998592035440309477
HIT 3 2143209193541 499 15029704085712248601
HIT 3 1627813118018 379 4481236728468566033
HIT 3 1997180305474 465 16195301451303869174
HIT 3 2143209193538 499 8413412765093966290
HIT 3 1997184630853 465 12566237969407286286
HIT 3 2143213518917 499 1957268247347217622
HIT 3 2143219155013 499 8784439141120254801
HIT 3 1344334463046 313 17227518165203408412
HIT 3 1627802304582 379 3843417767918765123
HIT 3 1997169492038 465 16842663526471324167
HIT 3 2143198380102 499 3110440371728990080
HIT 3 1997184630850 465 11641979627352169891
HIT 3 2143213518914 499 6698344307231866531
HIT 3 1344334463047 313 16675852073864609382
HIT 3 1627802304583 379 296156597830209687
HIT 3 1997169492039 465 13204471876204642859
HIT 3 2143198380103 499 14371694764440519341
HIT 3 2143219155010 499 9849598856698963076
HIT 3 1344334463048 313 3313680002030027164
HIT 3 1627802304584 379 13288487009004992354
HIT 3 1997169492040 465 17708265903351344011
HIT 3 2143198380104 499 4859843275473547716
HIT 3 1627813118023 379 4325041064737520171
HIT 3 1997180305479 465 14470442055445736664
HIT 3 2143209193543 499 7504182164565883139
HIT 3 1344334463049 313 9863067421800357976
HIT 3 1627802304585 379 1245084874053417293
HIT 3 1997169492041 465 14123305321457462708
HIT 3 2143198380105 499 230503523346587923
HIT 3 1997184630855 465 9895229675334788514
HIT 3 2143213518919 499 10750500217401920203
HIT 3 1627813118022 379 11008765064442726141
HIT 3 1997180305478 465 15965228548220307811
HIT 3 2143209193542 499 15654462313451211534
HIT 3 2143219155015 499 15229043556675808249
HIT 3 1997184630854 465 2537262015641147391
HIT 3 2143213518918 499 7809473475843076646
HIT 3 2143219155014 499 9537351730868822396
HIT 3 1627813118024 379 2676517969616891992
HIT 3 1997180305480 465 15142886619709599049
HIT 3 2143209193544 499 5880245936745553798
HIT 3 1344334463050 313 4333553364627377751
HIT 3 1627802304586 379 16931338766466970688
HIT 3 1997169492042 465 13083336368206505032
HIT 3 2143198380106 499 2306402760885656143
HIT 3 1997184630856 465 5766019527199055857
HIT 3 2143213518920 499 15102950331732086026
HIT 3 1627813118025 379 12133189616230239809
HIT 3 1997180305481 465 121882126809894809
HIT 3 2143209193545 499 9967564668689790830
HIT 3 1344334463051 313 16599204080378238321
HIT 3 1627802304587 379 16233880035196465535
HIT 3 1997169492043 465 2843182056771900266
HIT 3 2143198380107 499 14734428576710780625
HIT 3 2143219155016 499 2156508938968069737
HIT 3 1997184630857 465 200394987421339712
HIT 3 2143213518921 499 7093090384967812762
HIT 3 2143219155017 499 14112756001599902528
HIT 3 1344334463052 313 11485227529768967023
HIT 3 1627802304588 379 9504672284398069525
HIT 3 1997169492044 465 2591051156082720436
HIT 3 2143198380108 499 2772175771271402786
HIT 3 1627813118026 379 10974280436717505858
HIT 3 1997180305482 465 2424025365641175300
HIT 3 2143209193546 499 7465247784897258559
HIT 3 1997184630858 465 3027105836369809491
HIT 3 2143213518922 499 16330994506047157103
HIT 3 2143219155018 499 7702479864079241411
HIT 3 1344334463053 313 16802991733503127634
HIT 3 1627802304589 379 11994736952981808044
HIT 3 1997169492045 465 2167463599300887120
HIT 3 2143198380109 499 32904261552555798
HIT 3 1627813118027 379 12844348838007561659
HIT 3 1997180305483 465 7133707361617319824
HIT 3 2143209193547 499 12231178875899081312
HIT 3 1997184630859 465 7691801381458253628
HIT 3 2143213518923 499 7770124521764210288
HIT 3 1627813118028 379 10553296197889346728
HIT 3 1997180305484 465 12298603774051311429
HIT 3 2143209193548 499 3053246724449173339
HIT 3 1344334463054 313 16188069496081472260
HIT 3 1627802304590 379 2426607815005271502
HIT 3 1997169492046 465 5773542096184166708
HIT 3 2143198380110 499 1857983754284519920
HIT 3 2143219155019 499 13204811886293700612
HIT 3 1997184630860 465 17816757084053658559
HIT 3 2143213518924 499 8126766168599262049
HIT 3 2143219155020 499 3613076240385844157
HIT 3 1627813118029 379 2264804201955567055
HIT 3 1997180305485 465 3983900269667092079
HIT 3 2143209193549 499 6749826800623735168
HIT 3 1344334463055 313 2391372310289162819
HIT 3 1627802304591 379 14098122231710430885
HIT 3 1997169492047 465 11467195100268770517
HIT 3 2143198380111 499 6325777562666848874
HIT 3 1627813118030 379 1950720557027150244
HIT 3 1997180305486 465 11747178976212663884
HIT 3 2143209193550 499 16434856479720759362
HIT 3 1997184630861 465 2378144813678934468
HIT 3 2143213518925 499 17084690566417988000
HIT 3 1997184630862 465 14585943095555063434
HIT 3 2143213518926 499 4534813378961530490
HIT 3 2143219155021 499 2419216276208205695
HIT 3 1344334463056 313 11106231798035668428
HIT 3 1627802304592 379 4717266083592673192
HIT 3 1997169492048 465 16891100839243659569
HIT 3 2143198380112 499 16688892728807165848
HIT 3 2143219155022 499 17579926141462949332
HIT 3 1627813118031 379 2233555566297825328
HIT 3 1997180305487 465 650933018262815922
HIT 3 2143209193551 499 11922235425342680935
HIT 3 1344334463058 313 13100216693162235533
HIT 3 1627802304594 379 5201829938438683791
HIT 3 1997169492050 465 2655972460924950321
HIT 3 2143198380114 499 11472042562059563770
HIT 3 1344334463057 313 16118810170808861088
HIT 3 1627802304593 379 13706697703217465970
HIT 3 1997169492049 465 13952044181737472821
HIT 3 2143198380113 499 17291122246120765076
HIT 3 1997184630863 465 17396672104244984038
HIT 3 2143213518927 499 5507808816994064608
HIT 3 2143219155023 499 15866179888366463280
HIT 3 1627813118032 379 17803763896728665828
HIT 3 1997180305488 465 3116683756377962371
HIT 3 2143209193552 499 8378545390359546732
HIT 3 1627813118034 379 18085189007139139298
HIT 3 1997180305490 465 1445509892219635049
HIT 3 2143209193554 499 14554604651853312998
HIT 3 1997184630864 465 16612654491728296568
HIT 3 2143213518928 499 14715294632081798167
HIT 3 1344334463059 313 9948926208636886946
HIT 3 1627802304595 379 6254478727189657506
HIT 3 1997169492051 465 7185754437782852891
HIT 3 2143198380115 499 9857717783568886010
HIT 3 2143219155024 499 5950660760569539043
HIT 3 1997184630866 465 1745383144122742771
HIT 3 2143213518930 499 9579000768131301155
HIT 3 2143219155026 499 6873893034561221149
HIT 3 1627813118033 379 11656473945868351360
HIT 3 1997180305489 465 8862429868587095405
HIT 3 2143209193553 499 7216355190180410549
HIT 3 1997184630865 465 11406002506152648745
HIT 3 2143213518929 499 4735586625695752278
HIT 3 1344334463060 313 13014349919032472812
HIT 3 1627802304596 379 16425889318335974882
HIT 3 1997169492052 465 8376542040722044571
HIT 3 2143198380116 499 4939898655757283086
HIT 3 2143219155025 499 13856643706594176706
HIT 3 1627813118035 379 7771399628962172759
HIT 3 1997180305491 465 16391248015605931311
HIT 3 2143209193555 499 4824712796377355078
HIT 3 1344334463061 313 4494546894488252593
HIT 3 1627802304597 379 6680212254213645676
HIT 3 1997169492053 465 10826058481833222233
HIT 3 2143198380117 499 14275399891742260889
HIT 3 1997184630867 465 17793434852807608733
HIT 3 2143213518931 499 5160181929179105731
HIT 3 1344334463062 313 3827231285839934874
HIT 3 1627802304598 379 16102583460143645360
HIT 3 1997169492054 465 11067811422467701702
HIT 3 2143198380118 499 11172195246223363103
HIT 3 2143219155027 499 6459684945376742507
HIT 3 1627813118036 379 3977683222296484305
HIT 3 1997180305492 465 7905019266407776074
HIT 3 2143209193556 499 4714865281102682561
HIT 3 1997184630868 465 4945452134105874574
HIT 3 2143213518932 499 7444335909761478962
HIT 3 2143219155028 499 8965578521029565272
HIT 3 1344334463063 313 1612750308582336784
HIT 3 1627802304599 379 7045536808831032804
HIT 3 1997169492055 465 17516734190487211528
HIT 3 2143198380119 499 16726711248808116369
HIT 3 1627813118037 379 3561656517041955647
HIT 3 1997180305493 465 13560421159167264684
HIT 3 2143209193557 499 10332964635261001893
HIT 3 1997184630869 465 10479207892726646738
HIT 3 2143213518933 499 14913934646626040899
HIT 3 1344334463064 313 7746329195395936174
HIT 3 1627802304600 379 15233647926289973571
HIT 3 1997169492056 465 10316097797993969708
HIT 3 2143198380120 499 9132296344933066716
HIT 3 2143219155029 499 1357134302171559895
HIT 3 1627813118038 379 12546109334827631644
HIT 3 1997180305494 465 2615166677638307860
HIT 3 2143209193558 499 15169756404587079513
HIT 3 1997184630870 465 4693437069101488467
HIT 3 2143213518934 499 16813439945398641074
HIT 3 1344334463065 313 7867254734288368010
HIT 3 1627802304601 379 14805787756973349001
HIT 3 1997169492057 465 5432940843949235082
HIT 3 2143198380121 499 15877783281319871609
HIT 3 2143219155030 499 1463153241373819
HIT 3 1627813118039 379 3218280539819230130
HIT 3 1997180305495 465 11716583320714814793
HIT 3 2143209193559 499 12302619594320765061
HIT 3 1627813118040 379 16666506397914716692
HIT 3 1997180305496 465 2986561676737837645
HIT 3 2143209193560 499 1459677395356195852
HIT 3 1997184630871 465 1911584927103006296
HIT 3 2143213518935 499 4795871196255595111
HIT 3 1997184630872 465 854638527086038863
HIT 3 2143213518936 499 6341705241063623862
HIT 3 2143219155031 499 5375311711112582219
HIT 3 1344334463066 313 3148836143716220435
HIT 3 1627802304602 379 7684450478032815863
HIT 3 1997169492058 465 9598609288430169557
HIT 3 2143198380122 499 10519496375060875505
HIT 3 2143219155032 499 11305033897707139394
HIT 3 1344334463067 313 3779713595856886459
HIT 3 1344334463068 313 1825713680171193981
HIT 3 1627802304604 379 9092040025927130002
HIT 3 1997169492060 465 18128102710785941147
HIT 3 2143198380124 499 16736711887821268306
HIT 3 1627802304603 379 7673822245936502668
HIT 3 1997169492059 465 17213710939192949197
HIT 3 2143198380123 499 14147873438831900145
HIT 3 1627813118041 379 18296465705770118297
HIT 3 1997180305497 465 14729629042479275897
HIT 3 2143209193561 499 4854190502477540363
HIT 3 1997184630873 465 6949040525789018679
HIT 3 2143213518937 499 12889807431752545492
HIT 3 2143219155033 499 6575070839335608490
HIT 3 1627813118042 379 14750066927615541430
HIT 3 1997180305498 465 15814260953328371918
HIT 3 2143209193562 499 7111453276917781413
HIT 3 1627813118044 379 9858906404832277357
HIT 3 1997180305500 465 6460815708808713983
HIT 3 2143209193564 499 15793542731579827814
HIT 3 1344334463069 313 7047135259012566440
HIT 3 1627802304605 379 2051985390953540484
HIT 3 1997169492061 465 3207248484087170937
HIT 3 2143198380125 499 5264896460036550626
HIT 3 1997184630874 465 5337216441873971473
HIT 3 2143213518938 499 10056473410109605401
HIT 3 2143219155034 499 17697353667321324369
HIT 3 1627813118043 379 9929382331275945556
HIT 3 1997180305499 465 7015783371989326356
HIT 3 2143209193563 499 4497934395136445737
HIT 3 1997184630875 465 13128885773814724879
HIT 3 2143213518939 499 6631437743143143728
HIT 3 1997184630876 465 8514907617702782101
HIT 3 2143213518940 499 17628388368789201794
HIT 3 2143219155035 499 7938783330311788978
HIT 3 2143219155036 499 2112180645246996292
HIT 3 1344334463070 313 10883840678631309738
HIT 3 1627802304606 379 11614864991382282475
HIT 3 1997169492062 465 5576973441959417154
HIT 3 2143198380126 499 13420800249459656645
HIT 3 1344334463072 313 3820324711255401638
HIT 3 1627802304608 379 9987563619782758639
HIT 3 1997169492064 465 3048365468640190026
HIT 3 2143198380128 499 3768482491106026191
HIT 3 1344334463071 313 14275394297557480698
HIT 3 1627802304607 379 269297034785499196
HIT 3 1997169492063 465 17694273625089489525
HIT 3 2143198380127 499 376815657284140888
HIT 3 1627813118045 379 9815082044666521091
HIT 3 1997180305501 465 9317714393694445464
HIT 3 2143209193565 499 3348353884435512709
HIT 3 1997184630877 465 3161714769025414369
HIT 3 2143213518941 499 9879559889534704868
HIT 3 2143219155037 499 9062583666867559579
HIT 3 1627813118046 379 3833965064352011458
HIT 3 1997180305502 465 18058706422022477831
HIT 3 2143209193566 499 6491991879238831408
HIT 3 1627813118048 379 3146767338044890953
HIT 3 1997180305504 465 6788936614944259168
HIT 3 2143209193568 499 15852280797690752632
HIT 3 1997184630878 465 1173514239287011788
HIT 3 2143213518942 499 1119111322908760245
HIT 3 1997184630880 465 2569164469260454906
HIT 3 2143213518944 499 6858117349182878336
HIT 3 2143219155040 499 1206752074009183619
HIT 3 1344334463073 313 12203285369058571599
HIT 3 1627802304609 379 12957155343646167864
HIT 3 1997169492065 465 17811806431513393342
HIT 3 2143198380129 499 5324627037953286128
HIT 3 2143219155038 499 12238374987982313813
HIT 3 1627813118047 379 17433625569724471048
HIT 3 1997180305503 465 1236000109208139444
HIT 3 2143209193567 499 14413239356530931474
HIT 3 1344334463074 313 11177062641539653761
HIT 3 1627802304610 379 16393824445066888284
HIT 3 1997169492066 465 14924068226919762288
HIT 3 2143198380130 499 9204011312982582522
HIT 3 1997184630879 465 11886512901088907584
HIT 3 2143213518943 499 12176902349151350546
HIT 3 1344334463075 313 3344488669409140072
HIT 3 1627802304611 379 17986320771350731046
HIT 3 1997169492067 465 10155409626535043839
HIT 3 2143198380131 499 7103258940594355508
HIT 3 2143219155039 499 14850219919811831875
HIT 3 1344334463076 313 17353709664877509475
HIT 3 1627802304612 379 14738722758029182874
HIT 3 1997169492068 465 8801725145023555360
HIT 3 2143198380132 499 13214072365928090808
HIT 3 1627813118051 379 13186475536153163630
HIT 3 1997180305507 465 5626123285831239579
HIT 3 2143209193571 499 16336995293980838106
HIT 3 1627813118049 379 2001241118891531202
HIT 3 1997180305505 465 8062585204000688021
HIT 3 2143209193569 499 16170134052817463594
HIT 3 1997184630881 465 18052427913470570414
HIT 3 2143213518945 499 13225855360925535234
HIT 3 1627813118050 379 3303403712496860464
HIT 3 1997180305506 465 15772286149606989606
HIT 3 2143209193570 499 14490561902411583147
HIT 3 1997184630883 465 6088772670919276241
HIT 3 2143213518947 499 12296160823172357832
HIT 3 2143219155041 499 2675171568655369632
HIT 3 2143219155043 499 774345903300054451
HIT 3 1997184630882 465 4888683113967722287
HIT 3 2143213518946 499 12775096915792630998
HIT 3 2143219155042 499 10270249684648989807
HIT 3 1344334463077 313 10343033312690416364
HIT 3 1627802304613 379 4942549694689304909
HIT 3 1997169492069 465 7070854231278870248
HIT 3 2143198380133 499 11420272895336648735
HIT 3 1344334463078 313 13262201469214028296
HIT 3 1627802304614 379 4840968200886200808
HIT 3 1997169492070 465 6924359394748051366
HIT 3 2143198380134 499 4955248253818989906
HIT 3 1627813118052 379 10170375067098059545
HIT 3 1997180305508 465 3585405577646850386
HIT 3 2143209193572 499 13141933562189393578
HIT 3 1997184630884 465 9739839169229994426
HIT 3 2143213518948 499 16468785337104665462
HIT 3 1344334463079 313 17843990001146777887
HIT 3 1627802304615 379 17034301278859397164
HIT 3 1997169492071 465 4182590283963015951
HIT 3 2143198380135 499 18149808836046059321
HIT 3 2143219155044 499 17481501126615924757
HIT 3 1344334463080 313 6663555838459544470
HIT 3 1627802304616 379 13107118651521612097
HIT 3 1997169492072 465 6670845831284659639
HIT 3 2143198380136 499 5997513685423086180
HIT 3 1627813118053 379 14911443756916147674
HIT 3 1997180305509 465 17476072404111254878
HIT 3 2143209193573 499 11362307795856467402
HIT 3 1627813118054 379 6810628802753358601
HIT 3 1997180305510 465 8592768223867232327
HIT 3 2143209193574 499 17052971690916936987
HIT 3 1997184630886 465 14780568847324662013
HIT 3 2143213518950 499 13836460061538142591
HIT 3 1997184630885 465 7749175578606787431
HIT 3 2143213518949 499 14476580952959497672
HIT 3 1627813118056 379 11787798307710108165
HIT 3 1997180305512 465 16313566754653218123
HIT 3 2143209193576 499 1569519641993772785
HIT 3 1627813118055 379 7872973498602991825
HIT 3 1997180305511 465 10744401154919363976
HIT 3 2143209193575 499 15096865226819212828
HIT 3 2143219155045 499 1199538482426378688
HIT 3 2143219155046 499 2754893615485786741
HIT 3 1997184630888 465 6869527977449820933
HIT 3 2143213518952 499 11543788052241982208
HIT 3 2143219155048 499 4903160934694078286
HIT 3 1997184630887 465 16884449113735901670
HIT 3 2143213518951 499 3313812118154933256
HIT 3 2143219155047 499 13087997221774332562
HIT 3 1344334463082 313 8179200633311357363
HIT 3 1627802304618 379 15416282226760843899
HIT 3 1997169492074 465 17924175574614379081
HIT 3 2143198380138 499 905965056245461970
HIT 3 1344334463083 313 15818681325159587466
HIT 3 1627802304619 379 8037905891369440930
HIT 3 1997169492075 465 8854970013691091020
HIT 3 2143198380139 499 5518368729137914650
HIT 3 1344334463081 313 1318288089574423974
HIT 3 1627802304617 379 18435222724573941891
HIT 3 1997169492073 465 13533169929296334849
HIT 3 2143198380137 499 15781610561306452476
HIT 3 1344334463084 313 11563903428932802459
HIT 3 1627802304620 379 12342749683109023929
HIT 3 1997169492076 465 3143556177485360625
HIT 3 2143198380140 499 1510540296471911601
HIT 3 1627813118059 379 835123177804876134
HIT 3 1997180305515 465 11121912823542655330
HIT 3 2143209193579 499 14450711578543889348
HIT 3 1997184630891 465 15399338119586356672
HIT 3 2143213518955 499 18304155146050451697
HIT 3 2143219155051 499 9049230574237680471
HIT 3 1627813118058 379 13516147278452182569
HIT 3 1997180305514 465 6609057960541933678
HIT 3 2143209193578 499 14013756684877150658
HIT 3 1627813118057 379 17252353308000325545
HIT 3 1997180305513 465 17298249124721661680
HIT 3 2143209193577 499 12755239845003423176
HIT 3 1344334463085 313 13073838398362993399
HIT 3 1627802304621 379 6646200720733419979
HIT 3 1997169492077 465 178917069796854656
HIT 3 2143198380141 499 13840409584411647320
HIT 3 1627813118060 379 7225682647311621702
HIT 3 1997180305516 465 10423917843833002285
HIT 3 2143209193580 499 3626584749603035428
HIT 3 1997184630889 465 9541667992498144195
HIT 3 2143213518953 499 17475504437571626665
HIT 3 1997184630890 465 14032734705110274007
HIT 3 2143213518954 499 2029900185333657001
HIT 3 2143219155050 499 136254558437000723
HIT 3 1997184630892 465 12308066606596973305
HIT 3 2143213518956 499 8786059201950337468
HIT 3 2143219155049 499 5152557661920377435
HIT 3 2143219155052 499 9856951898760685999
HIT 3 1344334463088 313 8579477358787130047
HIT 3 1627802304624 379 3604417431862838164
HIT 3 1997169492080 465 6764552006777385109
HIT 3 2143198380144 499 10235343198765269734
HIT 3 1344334463086 313 15923369918719899931
HIT 3 1627802304622 379 16315267321739521874
HIT 3 1997169492078 465 4430887640577218580
HIT 3 2143198380142 499 1357633965167825929
HIT 3 1344334463087 313 18181338974050060275
HIT 3 1627802304623 379 4665471099218660897
HIT 3 1997169492079 465 10616928702547814282
HIT 3 2143198380143 499 7236624686945637725
HIT 3 1627813118061 379 17629396172045142963
HIT 3 1997180305517 465 9013462492100318135
HIT 3 2143209193581 499 4512334206507086611
HIT 3 1997184630893 465 13649445050151985285
HIT 3 2143213518957 499 3327152478443106636
HIT 3 2143219155053 499 14733105921081572615
HIT 3 1627813118064 379 17480427364312425656
HIT 3 1997180305520 465 16798901600687338773
HIT 3 2143209193584 499 10768458816456019789
HIT 3 1344334463089 313 17542776023771448216
HIT 3 1627802304625 379 816321480893951605
HIT 3 1997169492081 465 626144367875828577
HIT 3 2143198380145 499 2049288845398935096
HIT 3 1997184630896 465 14130402654773169075
HIT 3 2143213518960 499 8217405854314743383
HIT 3 2143219155056 499 11049196121345688078
HIT 3 1627813118063 379 9606559851717256794
HIT 3 1997180305519 465 15512054878653638897
HIT 3 2143209193583 499 4802356969390052975
HIT 3 1627813118062 379 3751816009134797917
HIT 3 1997180305518 465 15843748601271172426
HIT 3 2143209193582 499 7278823161483345885
HIT 3 1344334463090 313 13878331074849119526
HIT 3 1627802304626 379 10860021564632237995
HIT 3 1997169492082 465 13173994708812396539
HIT 3 2143198380146 499 7065756712573461141
HIT 3 1997184630894 465 15742856345903209743
HIT 3 2143213518958 499 4364790609669674690
HIT 3 1997184630895 465 15892195004725988800
HIT 3 2143213518959 499 4436794616369460502
HIT 3 2143219155054 499 9738134154187612768
HIT 3 2143219155055 499 7403803645671962639
HIT 3 1344334463092 313 14106905569661900643
HIT 3 1627802304628 379 10752028234220607249
HIT 3 1997169492084 465 7297312852837879723
HIT 3 2143198380148 499 16288626544981016439
HIT 3 1344334463091 313 914309176147254450
HIT 3 1627802304627 379 14533708650453509496
HIT 3 1997169492083 465 11788136807655632624
HIT 3 2143198380147 499 10714203282512598684
HIT 3 1627813118065 379 4714925881560375519
HIT 3 1997180305521 465 12622488680123735066
HIT 3 2143209193585 499 7957368578809289530
HIT 3 1997184630897 465 12336765723309714989
HIT 3 2143213518961 499 3462700244183231222
HIT 3 1627813118066 379 7536837960405007658
HIT 3 1997180305522 465 13515840651910107737
HIT 3 2143209193586 499 7581647832114879413
HIT 3 2143219155057 499 14152634049115352820
HIT 3 1997184630898 465 610279559513819227
HIT 3 2143213518962 499 12800368908635576579
HIT 3 1344334463093 313 6145707336335615998
HIT 3 1627802304629 379 14783153005985642383
HIT 3 1997169492085 465 9463914257523306209
HIT 3 2143198380149 499 12812423398650651830
HIT 3 2143219155058 499 179051958147267081
HIT 3 1627813118068 379 5684761383866233024
HIT 3 1997180305524 465 14719275407607724162
HIT 3 2143209193588 499 5639930069329555529
HIT 3 1344334463094 313 18043726352814371923
HIT 3 1627802304630 379 10024085599033845975
HIT 3 1997169492086 465 11367765313549810780
HIT 3 2143198380150 499 11458375954408853208
HIT 3 1627813118067 379 6050421320108075093
HIT 3 1997180305523 465 13566634994052011509
HIT 3 2143209193587 499 16426697158643299349
HIT 3 1997184630900 465 7003590443021556174
HIT 3 2143213518964 499 6299367815616316298
HIT 3 1997184630899 465 13360803068764427157
HIT 3 2143213518963 499 2970836145298658871
HIT 3 2143219155060 499 13152703641115320436
HIT 3 2143219155059 499 10408558334877189282
HIT 3 1344334463095 313 18438161691405895928
HIT 3 1627802304631 379 7550343730222372854
HIT 3 1997169492087 465 11465193343604422080
HIT 3 2143198380151 499 12319623559041036095
HIT 3 1344334463096 313 6357023575577749176
HIT 3 1627802304632 379 153886668469057682
HIT 3 1997169492088 465 6384333117514152717
HIT 3 2143198380152 499 7497929895745402994
HIT 3 1627813118069 379 7375751721509348355
HIT 3 1997180305525 465 7666639124835671523
HIT 3 2143209193589 499 13888244662140586995
HIT 3 1627813118070 379 15525865265736399288
HIT 3 1997180305526 465 7690625673185459111
HIT 3 2143209193590 499 2943501788296652079
HIT 3 1997184630901 465 9155126104477033986
HIT 3 2143213518965 499 8186405735871350335
HIT 3 2143219155061 499 14657306167537905011
HIT 3 1997184630902 465 6850610157754016602
HIT 3 2143213518966 499 15577394814254606544
HIT 3 2143219155062 499 2937842073975234073
HIT 3 1344334463097 313 4635224059007200745
HIT 3 1627802304633 379 13440833747874906922
HIT 3 1997169492089 465 7252481079225251544
HIT 3 2143198380153 499 9640744374502544479
HIT 3 1627813118071 379 15312758831696434574
HIT 3 1997180305527 465 17739826178903458207
HIT 3 2143209193591 499 9313319101718754294
HIT 3 1627813118072 379 4142700865168165162
HIT 3 1997180305528 465 13599223291130570210
HIT 3 2143209193592 499 14546796499835493359
HIT 3 1344334463098 313 15688928896112584157
HIT 3 1627802304634 379 2851807797936929554
HIT 3 1997169492090 465 2897080135191087571
HIT 3 2143198380154 499 10167508702266788804
HIT 3 1997184630903 465 11539431317418476627
HIT 3 2143213518967 499 8736657140581074002
HIT 3 1997184630904 465 17348984880156006834
HIT 3 2143213518968 499 4667585504572573407
HIT 3 2143219155063 499 13694251769946081273
HIT 3 2143219155064 499 18199433600850258331
HIT 3 1344334463099 313 11990859901604305153
HIT 3 1627802304635 379 1739006086436391374
HIT 3 1997169492091 465 14493742051270528805
HIT 3 2143198380155 499 7671655143410584241
HIT 3 1344334463100 313 16228065267167511838
HIT 3 1627802304636 379 11102572539294027814
HIT 3 1997169492092 465 11056183000111089611
HIT 3 2143198380156 499 6832031433354354686
HIT 3 1627813118074 379 724200398948323998
HIT 3 1997180305530 465 14304063905582074240
HIT 3 2143209193594 499 16627360668997017452
HIT 3 1627813118073 379 9934858777115347777
HIT 3 1997180305529 465 9105333226506017664
HIT 3 2143209193593 499 11528484183765354962
HIT 3 1997184630906 465 17745309588407349219
HIT 3 2143213518970 499 3255470409144059432
HIT 3 1997184630905 465 9048675684546957554
HIT 3 2143213518969 499 6679411170083425073
HIT 3 2143219155066 499 18429920744176484671
HIT 3 2143219155065 499 3481686530283967805
HIT 3 1627813118076 379 707473003529321255
HIT 3 1997180305532 465 372833338687831694
HIT 3 2143209193596 499 5400484648388948984
HIT 3 1344334463102 313 9845391819199041526
HIT 3 1627802304638 379 4296962809634059074
HIT 3 1997169492094 465 1477667111941606467
HIT 3 2143198380158 499 5911012780219588857
HIT 3 1627813118075 379 3488525122577334729
HIT 3 1997180305531 465 2644447386997396597
HIT 3 2143209193595 499 14415229774560616107
HIT 3 1344334463101 313 12615356363030355162
HIT 3 1627802304637 379 9487173137121561306
HIT 3 1997169492093 465 7677366319423252466
HIT 3 2143198380157 499 6884950592706564727
HIT 3 1997184630908 465 11617436787306066748
HIT 3 2143213518972 499 18257127415341571419
HIT 3 1997184630907 465 775394908765434874
HIT 3 2143213518971 499 13678493827396736166
HIT 3 2143219155068 499 16221566582299376928
HIT 3 2143219155067 499 11179210773940640437
HIT 3 1344334463103 313 1487549653218624153
HIT 3 1627802304639 379 3084012086365087856
HIT 3 1997169492095 465 7000216249539013199
HIT 3 2143198380159 499 10349927991077539284
HIT 3 1344334463104 313 12275328610826264444
HIT 3 1627802304640 379 15633280493203717467
HIT 3 1997169492096 465 10372197804354597060
HIT 3 2143198380160 499 4276158966072771186
HIT 3 1627813118077 379 8679271316932507801
HIT 3 1997180305533 465 12955049504119141889
HIT 3 2143209193597 499 16090887660461582568
HIT 3 1627813118078 379 15888153779490638019
HIT 3 1997180305534 465 16439014390634968890
HIT 3 2143209193598 499 12047604007395353928
HIT 3 1997184630909 465 16019783859325165325
HIT 3 2143213518973 499 3811202912155606735
HIT 3 1997184630910 465 16301258659056011552
HIT 3 2143213518974 499 8862048346682944016
HIT 3 2143219155069 499 13624539268889679327
HIT 3 1344334463105 313 2957617832686728748
HIT 3 1627802304641 379 4517181972628649671
HIT 3 1997169492097 465 18368689682474290982
HIT 3 2143198380161 499 13713100990596124009
HIT 3 2143219155070 499 11239202148518012656
HIT 3 1627813118079 379 10850590960418642318
HIT 3 1997180305535 465 4861740175710521556
HIT 3 2143209193599 499 12502310414825938975
HIT 3 1627813118080 379 3860491359757430967
HIT 3 1997180305536 465 2369205818697734102
HIT 3 2143209193600 499 13748550152146358199
HIT 3 1344334463106 313 708039859434019762
HIT 3 1627802304642 379 8777495099613493042
HIT 3 1997169492098 465 11630129562409974359
HIT 3 2143198380162 499 5532955575916313938
HIT 3 1997184630911 465 16131680656541973815
HIT 3 2143213518975 499 5755107336564016374
HIT 3 2143219155071 499 4161954634086388417
HIT 3 1997184630912 465 2700998689109299281
HIT 3 2143213518976 499 17563143175396805578
HIT 3 1344334463107 313 4077844020744583642
HIT 3 1627802304643 379 6721211333648685085
HIT 3 1997169492099 465 13901758603351196728
HIT 3 2143198380163 499 6950165402289459631
HIT 3 2143219155072 499 10893960355406886315
HIT 3 1344334463108 313 9250427408717994032
HIT 3 1627802304644 379 234277588620358208
HIT 3 1997169492100 465 3610851641766144186
HIT 3 2143198380164 499 16914594384471881281
HIT 3 1627813118081 379 15097432576878561821
HIT 3 1997180305537 465 17588718917109273631
HIT 3 2143209193601 499 500038891614523358
HIT 3 1627813118082 379 14750052597924689348
HIT 3 1997180305538 465 3119447578110811727
HIT 3 2143209193602 499 3655576884511744692
HIT 3 1997184630913 465 9828594637576434682
HIT 3 2143213518977 499 2476591675346901461
HIT 3 1997184630914 465 9507042736786516695
HIT 3 2143213518978 499 16295171509991854345
HIT 3 2143219155073 499 16018272004184611219
HIT 3 1627813118083 379 996429909127720059
HIT 3 2143219155074 499 18284480175553376654
HIT 3 1344334463109 313 2933476986808061575
HIT 3 1627802304645 379 15678474261582623154
HIT 3 1997169492101 465 2654036064753527396
HIT 3 2143198380165 499 2016884996677017698
HIT 3 1997180305539 465 9289499908309433543
HIT 3 2143209193603 499 17395461437075963225
HIT 3 1344334463110 313 15589997566662705568
HIT 3 1627802304646 379 2970966700285500945
HIT 3 1997169492102 465 7507141369230588496
HIT 3 2143198380166 499 16832731489133636155
HIT 3 1997184630915 465 8469236458660399141
HIT 3 2143213518979 499 11017545378944347029
HIT 3 1627813118084 379 12413737216016493814
HIT 3 1997180305540 465 11912825014428161308
HIT 3 2143209193604 499 3944295593258964301
HIT 3 2143219155075 499 3138448080798034472
HIT 3 1997184630916 465 6019397066741379744
HIT 3 2143213518980 499 2598901303059647387
HIT 3 1344334463111 313 9875792548054819171
HIT 3 1627802304647 379 1431854996328665307
HIT 3 1997169492103 465 10107264483866927601
HIT 3 2143198380167 499 16393621185053115611
HIT 3 2143219155076 499 6001398962923218691
HIT 3 1344334463112 313 17841747225271260147
HIT 3 1627802304648 379 3081551465067784779
HIT 3 1997169492104 465 3210090803807934400
HIT 3 2143198380168 499 2964322359227019365
HIT 3 1627813118085 379 370847828702496020
HIT 3 1997180305541 465 13030738690368851747
HIT 3 2143209193605 499 10535878653618753397
HIT 3 1627813118086 379 5561188979285285085
HIT 3 1997180305542 465 13052579130661684221
HIT 3 2143209193606 499 2103854186036886606
HIT 3 1997184630917 465 5829662675455307689
HIT 3 2143213518981 499 16745465073791834862
HIT 3 1997184630918 465 4770881439116853948
HIT 3 2143213518982 499 9673836417360597006
HIT 3 2143219155077 499 17316068256174438598
HIT 3 2143219155078 499 10782153314264539985
HIT 3 1344334463113 313 1067002592319700178
HIT 3 1627802304649 379 1509077262806984712
HIT 3 1997169492105 465 18377798756098800691
HIT 3 2143198380169 499 721941086065324772
HIT 3 1344334463114 313 1801216318220555277
HIT 3 1627802304650 379 11685978640845759023
HIT 3 1997169492106 465 3046533088998306253
HIT 3 2143198380170 499 11176743758240283962
HIT 3 1627813118087 379 11531591878048929779
HIT 3 1997180305543 465 16847794014620747710
HIT 3 2143209193607 499 9940065566142926751
HIT 3 1627813118088 379 6983182953553209494
HIT 3 1997180305544 465 13670694199246149172
HIT 3 2143209193608 499 12791372017232486363
HIT 3 1997184630919 465 15030997923565685685
HIT 3 2143213518983 499 4722120580530314837
HIT 3 1997184630920 465 5197897614333264368
HIT 3 2143213518984 499 1345726951727659659
HIT 3 2143219155079 499 6335567609104587791
HIT 3 2143219155080 499 2758846059062403930
HIT 3 1344334463116 313 11586070642566083649
HIT 3 1627802304652 379 1588782375986328331
HIT 3 1997169492108 465 2363672290044854925
HIT 3 2143198380172 499 3395733965340560995
HIT 3 1344334463115 313 3694283358220952673
HIT 3 1627802304651 379 5955248206916443448
HIT 3 1997169492107 465 389290376034242824
HIT 3 2143198380171 499 9967818204309488742
HIT 3 1627813118089 379 14762992900332035410
HIT 3 1997180305545 465 1154349131209160684
HIT 3 2143209193609 499 11923044730229329401
HIT 3 1997184630921 465 13107098277687111226
HIT 3 2143213518985 499 13186282161068720690
HIT 3 1627813118090 379 17124440374401089222
HIT 3 1997180305546 465 8327417830545999097
HIT 3 2143209193610 499 8587853276190334971
HIT 3 2143219155081 499 17112828099993387420
HIT 3 1344334463117 313 17851012639094979443
HIT 3 1627802304653 379 13084902028661989422
HIT 3 1997169492109 465 8983618071296194265
HIT 3 2143198380173 499 12532088388272547285
HIT 3 1997184630922 465 3560001171448666541
HIT 3 2143213518986 499 468209695186719206
HIT 3 2143219155082 499 1642723139362517511
HIT 3 1344334463118 313 5813856880335724027
HIT 3 1627802304654 379 9099801784634286600
HIT 3 1997169492110 465 4236059617024105292
HIT 3 2143198380174 499 9619545052368355968
HIT 3 1627813118092 379 6428236136233327078
HIT 3 1997180305548 465 18354486867051113979
HIT 3 2143209193612 499 16678456458022995453
HIT 3 1627813118091 379 4130713622490134098
HIT 3 1997180305547 465 5402663764927908730
HIT 3 2143209193611 499 5186249815182480543
HIT 3 1997184630924 465 11387977702706796477
HIT 3 2143213518988 499 18052696384357349322
HIT 3 1997184630923 465 6316992040211643196
HIT 3 2143213518987 499 3214828631742291175
HIT 3 2143219155084 499 12619434109321905352
HIT 3 1344334463119 313 17793910448290989917
HIT 3 1627802304655 379 11240626130050917190
HIT 3 1997169492111 465 13500266834430225857
HIT 3 2143198380175 499 17332566344291069920
HIT 3 2143219155083 499 6489408031317368665
HIT 3 1344334332048 313 8811552449069596351
HIT 3 1627802173584 379 7650053046185742981
HIT 3 1997169361040 465 7076535152565167927
HIT 3 2143198249104 499 14145866915305354363
HIT 3 1344334463120 313 9375637276137176017
HIT 3 1627802304656 379 18093667578794840856
HIT 3 1997169492112 465 17636927797475244785
HIT 3 2143198380176 499 12977473695006739744
HIT 3 1627813118093 379 2470992304081051872
HIT 3 1997180305549 465 4705419851407178214
HIT 3 2143209193613 499 7941570559602756381
HIT 3 1997184630925 465 9977953204730182426
HIT 3 2143213518989 499 17664398550812743019
HIT 3 1627813118094 379 8755059440451220923
HIT 3 1997180305550 465 14345529944626253214
HIT 3 2143209193614 499 8565736826543137077
HIT 3 2143219155085 499 16734721864865887368
HIT 3 1344334463121 313 8811552449069596351
HIT 3 1627802304657 379 7650053046185742981
HIT 3 1997169492113 465 7076535152565167927
HIT 3 2143198380177 499 14145866915305354363
HIT 3 1997184630926 465 6838842417705797811
HIT 3 2143213518990 499 5173629837344102896
HIT 3 2143219155086 499 10237399357210502464
HIT 3 1627813118095 379 8006313920563678727
HIT 3 1997180305551 465 3632157572412435865
HIT 3 2143209193615 499 9384765652891418623
HIT 3 1344334463122 313 7963571239139177176
HIT 3 1627802304658 379 18014636520093656056
HIT 3 1997169492114 465 8132819459364526477
HIT 3 2143198380178 499 9852677066390881818
HIT 3 1627813118096 379 17903502026561733645
HIT 3 1997180305552 465 17287031165396106324
HIT 3 2143209193616 499 14579095220502815257
HIT 3 1997184630927 465 12829987995246297186
HIT 3 2143213518991 499 10415584582303174598
HIT 3 1997184630928 465 14635406836974028503
HIT 3 2143213518992 499 2090462875133244097
HIT 3 2143219155087 499 651922204155113762
HIT 3 1344334463123 313 13868473575876227770
HIT 3 1627802304659 379 17012040041817243094
HIT 3 1997169492115 465 3966310237388242902
HIT 3 2143198380179 499 3228060553430324457
HIT 3 1344334594195 313 7963571239139177176
HIT 3 1627802435731 379 18014636520093656056
HIT 3 1997169623187 465 8132819459364526477
HIT 3 2143198511251 499 9852677066390881818
HIT 3 2143219155088 499 10562904243444475708
HIT 3 1344334594196 313 11409697493875629700
HIT 3 1627802435732 379 14070673866489058164
HIT 3 1997169623188 465 12651922566881030401
HIT 3 2143198511252 499 7172199385815668909
HIT 3 1344334659732 313 7902676849726140961
HIT 3 1627802501268 379 15438042108292500188
HIT 3 1997169688724 465 7290953310101620748
HIT 3 2143198576788 499 2820224222163177738
HIT 3 1344334725268 313 4957443535806339336
HIT 3 1627802566804 379 14130846791623211682
HIT 3 1997169754260 465 12797629370055725317
HIT 3 2143198642324 499 14424610082049903689
HIT 3 1344334790804 313 16250968202566920945
HIT 3 1627802632340 379 10406774051745595002
HIT 3 1997169819796 465 9095374378128467040
HIT 3 2143198707860 499 4643824362785937283
HIT 3 1344334856340 313 12482328106005078500
HIT 3 1627802697876 379 15203109983851429230
HIT 3 1997169885332 465 16157797973187740334
HIT 3 2143198773396 499 13155289025798154786
HIT 3 1344334921876 313 2200944910408920041
HIT 3 1627802763412 379 4278124544427632552
HIT 3 1997169950868 465 12939054321106678138
HIT 3 2143198838932 499 9175814352264321415
HIT 3 1344334987412 313 12506305106413509438
HIT 3 1627802828948 379 8168763917294530269
HIT 3 1997170016404 465 1222411897967933382
HIT 3 2143198904468 499 5726894819967782756
HIT 3 1344335052948 313 4630101034659380440
HIT 3 1627802894484 379 2662181105487439860
HIT 3 1997170081940 465 18221517682484388248
HIT 3 2143198970004 499 8848255653584199466
HIT 3 1344335118484 313 5905489641084533274
HIT 3 1627802960020 379 11371507742217251832
HIT 3 1997170147476 465 6608627122138801415
HIT 3 2143199035540 499 4807595330963097969
HIT 3 1627813118097 379 17008311397633442717
HIT 3 1344335184020 313 8789446240008671605
HIT 3 1997180305553 465 3443952497541946588
HIT 3 1627803025556 379 12554209037177779722
HIT 3 2143209193617 499 2607365053204557623
HIT 3 1997170213012 465 5562473364842179917
HIT 3 2143199101076 499 14204572839440386286
HIT 3 1344335249556 313 4729219320340939695
HIT 3 1627803091092 379 10524880446388082893
HIT 3 1997170278548 465 7843753451902202687
HIT 3 2143199166612 499 7017051545487305099
HIT 3 1344335315092 313 1735285314586606520
HIT 3 1627803156628 379 8789326173724385939
HIT 3 1997170344084 465 11261170523408485669
HIT 3 2143199232148 499 8104874850487214282
HIT 3 1344335380628 313 17142726574506102331
HIT 3 1627803222164 379 17684918891174552629
HIT 3 1997170409620 465 3242155314199975233
HIT 3 2143199297684 499 9486218817584073506
HIT 3 1344335446164 313 1630733725159707959
HIT 3 1627803287700 379 10613297421993922625
HIT 3 1997170475156 465 17209240073772318867
HIT 3 2143199363220 499 18391568221843295482
HIT 3 1344335511700 313 958767162529317487
HIT 3 1627803353236 379 17334043620450908125
HIT 3 1997170540692 465 3563752962178469759
HIT 3 2143199428756 499 11870688065628257104
HIT 3 1344335577236 313 4207633415460994220
HIT 3 1627803418772 379 7723887674496853640
HIT 3 1997170606228 465 1868646050276879290
HIT 3 2143199494292 499 433526170472601740
HIT 3 1344335642772 313 666456446351176341
HIT 3 1627803484308 379 11123399987979335378
HIT 3 1997170671764 465 3753126957640488634
HIT 3 2143199559828 499 12923087325347487302
HIT 3 1344335708308 313 5999297082787057370
HIT 3 1627803549844 379 1096470944174941021
HIT 3 1997170737300 465 17067145618170114239
HIT 3 2143199625364 499 11761561999681316006
HIT 3 1344335773844 313 10050502894703204005
HIT 3 1627803615380 379 13632886020018848751
HIT 3 1997170802836 465 15924787870943646368
HIT 3 2143199690900 499 15000839166158406645
HIT 3 1344335839380 313 6197767321224568213
HIT 3 1627803680916 379 2294201786893029036
HIT 3 1997170868372 465 5614501649535583365
HIT 3 2143199756436 499 16492517572623797470
HIT 3 1344335904916 313 10402610320881494092
HIT 3 1627803746452 379 11899085361849027924
HIT 3 1997170933908 465 10445405099959664905
HIT 3 2143199821972 499 11970610215695472623
HIT 3 1344335970452 313 11818895930422167282
HIT 3 1627803811988 379 16184836351027660240
HIT 3 1997170999444 465 2858633562921271883
HIT 3 2143199887508 499 17461108068508183417
HIT 3 1344336035988 313 17283395564750278766
HIT 3 1627803877524 379 3575534388754656734
HIT 3 1997171064980 465 6072105246320313272
HIT 3 2143199953044 499 17918357826937624144
HIT 3 1344336101524 313 11751815149620020374
HIT 3 1627803943060 379 6887317546983069023
HIT 3 1997171130516 465 2879074462138849618
HIT 3 2143200018580 499 9273135905566494812
HIT 3 1344336167060 313 1402705554336687756
HIT 3 1627804008596 379 14527649074489580893
HIT 3 1997171196052 465 15880310183306895939
HIT 3 2143200084116 499 4553702204372023829
HIT 3 1344336232596 313 987936916503701058
HIT 3 1627804074132 379 1485160327466242129
HIT 3 1997171261588 465 59778275087323257
HIT 3 2143200149652 499 13792588676684781100
HIT 3 1344336298132 313 5108488284684992431
HIT 3 1627804139668 379 13003953703896544832
HIT 3 1997171327124 465 16634140393756593670
HIT 3 2143200215188 499 15045077961002215073
HIT 3 1344336363668 313 4921327430414640834
HIT 3 1627804205204 379 11687964392430367773
HIT 3 1997171392660 465 14941637976306937724
HIT 3 2143200280724 499 16969906851406441676
HIT 3 1344336429204 313 8705552958381344546
HIT 3 1627804270740 379 6969831562935776420
HIT 3 1997171458196 465 11566053689202782166
HIT 3 2143200346260 499 9291309201982294512
HIT 3 1344336494740 313 8094805989382024790
HIT 3 1627804336276 379 18229418225155244495
HIT 3 1997171523732 465 17238415657663686158
HIT 3 2143200411796 499 14064630702901511973
HIT 3 1344336560276 313 11712255422319628130
HIT 3 1627804401812 379 10671318446578534693
HIT 3 1997171589268 465 520233066906295005
HIT 3 2143200477332 499 5331872025417964394
HIT 3 1344336625812 313 16233586523498005982
HIT 3 1627804467348 379 410166503075186003
HIT 3 1997171654804 465 16735243732210508096
HIT 3 2143200542868 499 17578727094839241431
HIT 3 1344336691348 313 18132258617960995969
HIT 3 1627804532884 379 11738925955527410985
HIT 3 1997171720340 465 14741793545252981646
HIT 3 2143200608404 499 12841295956724845131
HIT 3 1344336756884 313 2519907788974275462
HIT 3 1627804598420 379 805981036564382833
HIT 3 1997171785876 465 7524997631276327253
HIT 3 2143200673940 499 7588258748293319626
HIT 3 1344336822420 313 15493440772455808673
HIT 3 1627804663956 379 10967541602415358255
HIT 3 1997171851412 465 2830222093937199090
HIT 3 2143200739476 499 8857801962297565707
HIT 3 1344336887956 313 11667481335764630911
HIT 3 1627804729492 379 4035610177719268863
HIT 3 1997184630929 465 13743176352673075553
HIT 3 2143213518993 499 18195835870106644454
HIT 3 1997171916948 465 3566628274577132375
HIT 3 2143200805012 499 13739714518021287692
HIT 3 1344336953492 313 10696717778687211104
HIT 3 1627804795028 379 5689271402140694041
HIT 3 1997171982484 465 1686130739295692959
HIT 3 2143200870548 499 12414126362768915742
HIT 3 1344337019028 313 17586189222784792269
HIT 3 1627804860564 379 6242084893657010575
HIT 3 1997172048020 465 7934975907236123431
HIT 3 2143200936084 499 7927488851709602501
HIT 3 1344337084564 313 18204519751940376910
HIT 3 1627804926100 379 8655018569247639062
HIT 3 1997172113556 465 2110686534709734066
HIT 3 2143201001620 499 7840021640321852816
HIT 3 1344337150100 313 15817818881809785946
HIT 3 1627804991636 379 11359888068493417793
HIT 3 1997172179092 465 4210817149362983157
HIT 3 2143201067156 499 7369359184639835634
HIT 3 1344337215636 313 8299301972148007632
HIT 3 1627805057172 379 2668775994630364689
HIT 3 1997172244628 465 11660971153132175160
HIT 3 2143201132692 499 15022564759380976581
HIT 3 1344337281172 313 5735110966340907066
HIT 3 1627805122708 379 9889242499573568907
HIT 3 1997172310164 465 4679613231985696969
HIT 3 2143201198228 499 5577951731888659263
HIT 3 1344337346708 313 14936833405320369912
HIT 3 1627805188244 379 141430424973363390
HIT 3 1997172375700 465 15761350842639374798
HIT 3 2143201263764 499 13720628530692475915
HIT 3 1344337412244 313 11986089253366582268
HIT 3 1627805253780 379 14377718901050936575
HIT 3 1997172441236 465 7963488346072180960
HIT 3 2143201329300 499 5951933381915112286
HIT 3 1344337477780 313 4176517263847070460
HIT 3 1627805319316 379 7836197645559641402
HIT 3 1997172506772 465 16663574440949065928
HIT 3 2143201394836 499 3002645981878197217
HIT 3 1344337543316 313 17779078261384286254
HIT 3 1627805384852 379 16563083675371902234
HIT 3 1997172572308 465 11458597060042219565
HIT 3 2143201460372 499 15596191345535287962
HIT 3 1344337608852 313 9979272636046443367
HIT 3 1627805450388 379 2435149377686316102
HIT 3 1997172637844 465 3523764734038023037
HIT 3 2143201525908 499 5659703598713974353
HIT 3 1344337674388 313 5813804627824325318
HIT 3 1627805515924 379 10948817048008050629
HIT 3 1997172703380 465 17765615168660726227
HIT 3 2143201591444 499 16777141478258926281
HIT 3 1344337739924 313 11526970389503909230
HIT 3 1627805581460 379 1507612654843449089
HIT 3 1627812987026 379 4890317630392323364
HIT 3 1997180174482 465 10174398495243259528
HIT 3 2143209062546 499 6710148022207122237
HIT 3 1352935145618 315 13868473575876227770
HIT 3 1627813052562 379 4399065183660104360
HIT 3 1997180240018 465 7536184322463950170
HIT 3 2143209128082 499 1159274970661466455
HIT 3 1619223183506 377 299039479739045476
HIT 3 1623518150802 378 488223479918403813
HIT 3 1627813118098 379 17315310438682660268
HIT 3 1636403052690 381 8690491534669593790
HIT 3 1997172768916 465 3797830394529114099
HIT 3 1988590370962 463 3914133604848434987
HIT 3 1992885338258 464 7353531710282748777
HIT 3 1997180305554 465 7334583178515541546
HIT 3 2143201656980 499 2951282717573910686
HIT 3 2005770240146 467 17670955988797615771
HIT 3 2134619259026 497 8772377970467687788
HIT 3 2138914226322 498 14642745599561468976
HIT 3 2143209193618 499 416858778020549410
HIT 3 2151799128210 501 13119545323364190639
HIT 3 1344337805460 313 8688995307284811041
HIT 3 1627805646996 379 7361470467777132076
HIT 3 1627813249170 379 866569554927886087
HIT 3 1997172834452 465 1832701355042515912
HIT 3 2143201722516 499 9038140481287545790
HIT 3 1997180436626 465 10452728582071797817
HIT 3 2143209324690 499 11689314551690137828
HIT 3 1344337870996 313 1729355782182128640
HIT 3 1627805712532 379 4070359978380085574
HIT 3 1997172899988 465 10202147909793499896
HIT 3 2143201788052 499 14564311209655111274
HIT 3 1344337936532 313 7451451731645547555
HIT 3 1627805778068 379 3509570458928075592
HIT 3 1997172965524 465 17449891358079025382
HIT 3 2143201853588 499 8905411211946499241
HIT 3 1344338002068 313 8535594030401882704
HIT 3 1627805843604 379 3552868449051779878
HIT 3 1997173031060 465 3431114483175520577
HIT 3 2143201919124 499 15679436582464600689
HIT 3 1344338067604 313 16034628096572356366
HIT 3 1627805909140 379 7372410803411146139
HIT 3 1997173096596 465 758154597151690323
HIT 3 2143201984660 499 6152942186261499073
HIT 3 1344338133140 313 2928692661478778333
HIT 3 1627805974676 379 10667306790139408507
HIT 3 1997173162132 465 7572365076323494834
HIT 3 2143202050196 499 8071054706063059271
HIT 3 1344338198676 313 6769075588488168641
HIT 3 1627806040212 379 16853393634188780786
HIT 3 1997173227668 465 2166013009564116122
HIT 3 2143202115732 499 13882386493411839815
HIT 3 1344338264212 313 7885650276138717336
HIT 3 1627806105748 379 8848828040203476956
HIT 3 1997173293204 465 2859616429481463248
HIT 3 2143202181268 499 1237013635439486229
HIT 3 1344338329748 313 3780049110238248424
HIT 3 1627806171284 379 6727526496389022544
HIT 3 1997173358740 465 16523990240914654898
HIT 3 2143202246804 499 16945286683934716
HIT 3 1344338395284 313 6456826000961750643
HIT 3 1627806236820 379 4628108552745587363
HIT 3 1997173424276 465 7074091321074915528
HIT 3 2143202312340 499 9785943012401608095
HIT 3 1344338460820 313 5014874188727977403
HIT 3 1627806302356 379 2807860157544464602
HIT 3 1997173489812 465 7772054457358125632
HIT 3 2143202377876 499 17287826042100142130
HIT 3 1344338526356 313 61126151477087752
HIT 3 1627806367892 379 8052439484931940157
HIT 3 1997173555348 465 11502577811209723351
HIT 3 2143202443412 499 13964646968068118284
HIT 3 1344338591892 313 16816700048215416942
HIT 3 1627806433428 379 10309150688506495886
HIT 3 2143219155089 499 14637754387284266757
HIT 3 1335744659605 311 9763015776318858845
HIT 3 1340039626901 312 16807037301878743919
HIT 3 1344334594197 313 12374736472790133611
HIT 3 1352924528789 315 11001316130918699177
HIT 3 1619212501141 377 14161032973382330215
HIT 3 1623507468437 378 5573462455047294104
HIT 3 1627802435733 379 9318697386230245870
HIT 3 1636392370325 381 17481761346056612090
HIT 3 1988579688597 463 9543946303020309349
HIT 3 1992874655893 464 17774363126480298
HIT 3 1997169623189 465 4538255201752391837
HIT 3 2005759557781 467 2405525072408620234
HIT 3 2134608576661 497 13466488335755499297
HIT 3 2138903543957 498 16207229948003110617
HIT 3 2143198511253 499 17372352577873880262
HIT 3 2151788445845 501 16643693576621827425
HIT 3 652844925077 152 8682092707621097191
HIT 3 1344334659733 313 16250968202566920945
HIT 3 1627802501269 379 10406774051745595002
HIT 3 1997169688725 465 9095374378128467040
HIT 3 2143198576789 499 4643824362785937283
HIT 3 1344334725269 313 11409697493875629700
HIT 3 1627802566805 379 14070673866489058164
HIT 3 1997169754261 465 12651922566881030401
HIT 3 2143198642325 499 7172199385815668909
HIT 3 1997173620884 465 7461194405177483149
HIT 3 2143202508948 499 15278076346155633933
HIT 3 1344338657428 313 1284113828129812377
HIT 3 1627806498964 379 6655034728581464339
HIT 3 1997173686420 465 14752136638903608901
HIT 3 2143202574484 499 16580377159693914219
HIT 3 1344338722964 313 8041322109663906144
HIT 3 1627806564500 379 5501442217458951099
HIT 3 1997173751956 465 12008113590305759233
HIT 3 2143202640020 499 5936840095473063326
HIT 3 1344338788500 313 16052497866154515265
HIT 3 1627806630036 379 8705901499538270692
HIT 3 1997173817492 465 6357704224374830225
HIT 3 2143202705556 499 2318137279459241397
HIT 3 1344338854036 313 2525658969894933322
HIT 3 1627806695572 379 17032972999641496013
HIT 3 1997173883028 465 14094630389205848575
HIT 3 2143202771092 499 1028313102763946613
HIT 3 1344338919572 313 7409197015921336336
HIT 3 1627806761108 379 18158057776336391334
HIT 3 1997173948564 465 11127216868518299934
HIT 3 2143202836628 499 10117685340465900144
HIT 3 1344338985108 313 1713614102846114196
HIT 3 1627806826644 379 14473022557805626071
HIT 3 1997174014100 465 16100585578464796225
HIT 3 2143202902164 499 12993674992881130068
HIT 3 1344339050644 313 14645430947846053511
HIT 3 1627806892180 379 17662959060723473992
HIT 3 1997174079636 465 14455566329630100263
HIT 3 2143202967700 499 10159180448501900670
HIT 3 1344339116180 313 14513879369917154658
HIT 3 1627806957716 379 17545426184427084449
HIT 3 1997174145172 465 14297829239686626982
HIT 3 2143203033236 499 13143809186176488698
HIT 3 1344339181716 313 16029275833421453819
HIT 3 1627807023252 379 600723291387504816
HIT 3 1997174210708 465 1404498083916676520
HIT 3 2143203098772 499 7392977553086317474
HIT 3 1344339247252 313 11255555419015591873
HIT 3 1627807088788 379 13272545588884919634
HIT 3 1997174276244 465 681750932551807918
HIT 3 2143203164308 499 381405232412876563
HIT 3 1344339312788 313 6215535179611637563
HIT 3 1627807154324 379 3717301905935061133
HIT 3 1997174341780 465 14211647858902941510
HIT 3 2143203229844 499 7417837429534259312
HIT 3 1344339378324 313 6953233521887742145
HIT 3 1627807219860 379 862981434464571163
HIT 3 1997174407316 465 3946671951055467139
HIT 3 2143203295380 499 5380923032087739004
HIT 3 1344339443860 313 11680115388156777103
HIT 3 1627807285396 379 5868840079820680730
HIT 3 1997174472852 465 3437099390143940691
HIT 3 2143203360916 499 6295792519445005841
HIT 3 1344339509396 313 18037531661100197377
HIT 3 1627807350932 379 811774231793947895
HIT 3 1997174538388 465 10435132252341552619
HIT 3 2143203426452 499 16367790905851165798
HIT 3 1344339574932 313 13870880547071476180
HIT 3 1627807416468 379 10374277107924439210
HIT 3 1997174603924 465 2358303215437186703
HIT 3 2143203491988 499 4891863474995378497
HIT 3 1344339640468 313 3871028667510603872
HIT 3 1627807482004 379 12833823912211050986
HIT 3 1997174669460 465 7965262989204196400
HIT 3 2143203557524 499 16786322852236291156
HIT 3 1997184499858 465 5040679794385714477
HIT 3 2143213387922 499 4488832451646976053
HIT 3 1344339706004 313 7405677176921364246
HIT 3 1636407312530 381 17012040041817243094
HIT 3 1627807547540 379 10174893743486992296
HIT 3 1997184565394 465 2760411832906688186
HIT 3 2143213453458 499 15444482824967439005
HIT 3 1997174734996 465 13607206802414406633
HIT 3 2143203623060 499 4674443912829543134
HIT 3 1988594696338 463 6843053515881250830
HIT 3 1992889663634 464 7267904828939867919
HIT 3 1997184630930 465 15486790488001473987
HIT 3 2005774565522 467 5377967995767994183
HIT 3 2134623584402 497 15609739902965447551
HIT 3 2138918551698 498 14862141364632739071
HIT 3 2143213518994 499 402540728096235734
HIT 3 2151803453586 501 6613790311373366770
HIT 3 1344339771540 313 16497874187403476021
HIT 3 1627807613076 379 10266439035539505879
HIT 3 1997174800532 465 15834580567620258393
HIT 3 2143203688596 499 2481907509994370480
HIT 3 1344339837076 313 8329554271094643537
HIT 3 1627807678612 379 8089351019465117145
HIT 3 1997174866068 465 6023874933969754778
HIT 3 2143203754132 499 3264215978216053489
HIT 3 1344339902612 313 17214341928742319764
HIT 3 1627807744148 379 7074967563605254653
HIT 3 1997174931604 465 17474544163986587804
HIT 3 2143203819668 499 13132583686554692645
HIT 3 1344339968148 313 13295244198820306671
HIT 3 1627807809684 379 16183158553888342245
HIT 3 1997174997140 465 15463346254329472714
HIT 3 1997184762002 465 15112509147122152362
HIT 3 2143203885204 499 3260943942201708294
HIT 3 2143213650066 499 1580585648812170875
HIT 3 1344340033684 313 15514628945281572157
HIT 3 1627807875220 379 5799791267504865183
HIT 3 1997175062676 465 13753817310148086530
HIT 3 2143203950740 499 11233357554648145670
HIT 3 1344340099220 313 8192081997016844998
HIT 3 1627807940756 379 3567525238356945328
HIT 3 1997175128212 465 13453234607595581112
HIT 3 2143204016276 499 2017900366081929201
HIT 3 1344340164756 313 1721761513011703864
HIT 3 1627808006292 379 9306383966602556474
HIT 3 1997175193748 465 17987998885752946498
HIT 3 2143204081812 499 15601372738829783301
HIT 3 1344340230292 313 13831464290523745416
HIT 3 1627808071828 379 5402845463137231639
HIT 3 1997175259284 465 3466328323195485025
HIT 3 2143204147348 499 17660586864447530352
HIT 3 1344340295828 313 3962553856803371038
HIT 3 1627808137364 379 15105014897768683431
HIT 3 1997175324820 465 14763888470090955480
HIT 3 2143204212884 499 6253318228651463260
HIT 3 1344340361364 313 3030851355213082509
HIT 3 1627808202900 379 18381096853483949554
HIT 3 1997175390356 465 10186733939277741475
HIT 3 2143204278420 499 7648682377965688824
HIT 3 1344340426900 313 14333196331165735736
HIT 3 1627808268436 379 6963925966703446497
HIT 3 1997175455892 465 13688165337100912222
HIT 3 2143204343956 499 7469450371352613795
HIT 3 1344340492436 313 16521234114250825310
HIT 3 1627808333972 379 3861196712794635602
HIT 3 1997175521428 465 12904324379283693869
HIT 3 2143204409492 499 12582393123816775811
HIT 3 1344340557972 313 3566173619915731289
HIT 3 1627808399508 379 4659877670625277744
HIT 3 1997175586964 465 10796297346288362231
HIT 3 2143204475028 499 13580321029626103881
HIT 3 1344340623508 313 14764994790826154579
HIT 3 1627808465044 379 2630030314528189692
HIT 3 1997175652500 465 14467574898470813998
HIT 3 2143204540564 499 12136258425517008541
HIT 3 1344340689044 313 10687305866397392164
HIT 3 1627808530580 379 6926296070792766048
HIT 3 1997175718036 465 8566230588225633880
HIT 3 2143204606100 499 9309686689725879178
HIT 3 1344340754580 313 6103997514771174028
HIT 3 1627808596116 379 7626478841693079439
HIT 3 1997175783572 465 8729228778869012607
HIT 3 2143204671636 499 1928958041294216550
HIT 3 1344340820116 313 6751037111489396857
HIT 3 1627808661652 379 320674789282647100
HIT 3 1997175849108 465 4198751052562043577
HIT 3 2143204737172 499 11200216949069325545
HIT 3 1344340885652 313 11171616014677915159
HIT 3 1627808727188 379 13864286903816590966
HIT 3 1997175914644 465 8313206997392664249
HIT 3 2143204802708 499 9441584013770027291
HIT 3 1344340951188 313 6170909325033731759
HIT 3 1627808792724 379 7882249650635584371
HIT 3 1997175980180 465 15909144945017214901
HIT 3 2143204868244 499 10924312048604607499
HIT 3 1344341016724 313 2687044527629883569
HIT 3 1627808858260 379 8443335589397498781
HIT 3 1997176045716 465 11737035047314630213
HIT 3 2143204933780 499 2281570117570548422
HIT 3 1344341082260 313 2217415640298694183
HIT 3 1627808923796 379 4198090296735577700
HIT 3 1997176111252 465 8790773339313646339
HIT 3 2143204999316 499 13743174882467754419
HIT 3 1344341147796 313 3832722147619126306
HIT 3 1627808989332 379 556956267715518333
HIT 3 1997176176788 465 12382990284419189202
HIT 3 2143205064852 499 5482370819787864795
HIT 3 1344341213332 313 18001299859098751449
HIT 3 1627809054868 379 1157883055134304587
HIT 3 1997176242324 465 9802326134717648249
HIT 3 2143205130388 499 16371399271603600973
HIT 3 1344341278868 313 9668943897708774956
HIT 3 1627809120404 379 9556444637920984019
HIT 3 1997176307860 465 2239215602306963627
HIT 3 2143205195924 499 13912677875743175003
HIT 3 1344341344404 313 16602067241435113027
HIT 3 2143219024018 499 16754392028888673666
HIT 3 1627809185940 379 3110165873171897709
HIT 3 2005780136082 467 3966310237388242902
HIT 3 2143219089554 499 4080204711273528543
HIT 3 2134629220498 497 13366501763350279069
HIT 3 1997176373396 465 16123756934505139592
HIT 3 2138924187794 498 1156239475643500724
HIT 3 2143219155090 499 16612729270001203583
HIT 3 2151809089682 501 8663112343031764127
HIT 3 2143205261460 499 16942693230654322979
HIT 3 2143219286162 499 15709744061151693490
HIT 3 1344341409940 313 9634947252164781784
HIT 3 1627809251476 379 8021344944115889551
HIT 3 1997176438932 465 17683351741198753461
HIT 3 2143205326996 499 17120813930625740914
HIT 3 1344341475476 313 3656593581622643647
HIT 3 1627809317012 379 12551045051585715271
HIT 3 1997176504468 465 12344328389351992948
HIT 3 2143205392532 499 1098394921954242853
HIT 3 1344341541012 313 14509626330723595756
HIT 3 2151811252370 501 3228060553430324457
HIT 3 1627809382548 379 13570905525293549369
HIT 3 1997176570004 465 4678401419355144329
HIT 3 2143205458068 499 10479353606712291016
HIT 3 1344341606548 313 9442647036024965809
HIT 3 1627809448084 379 12515737614513061544
HIT 3 1997176635540 465 18196506249269533746
HIT 3 2143205523604 499 7486819808392748381
HIT 3 1344341672084 313 921839189543792162
HIT 3 1627809513620 379 1315579255488203295
HIT 3 1997176701076 465 5517003372866033751
HIT 3 2143205589140 499 5770255403647252208
HIT 3 1344341737620 313 17117693469571232837
HIT 3 1627809579156 379 15028246921257756424
HIT 3 1997176766612 465 8838878162282280740
HIT 3 2143205654676 499 7634642483077587075
HIT 3 1344341803156 313 5261980157858830338
HIT 3 1627809644692 379 1137332398826899044
HIT 3 1997176832148 465 11341122857226959051
HIT 3 2143205720212 499 4102931637816086219
HIT 3 1344341868692 313 8675216116523690275
HIT 3 1627809710228 379 17201119166278670124
HIT 3 1997176897684 465 324870516801025956
HIT 3 2143205785748 499 5795688724136938322
HIT 3 1344341934228 313 7267486381070642233
HIT 3 1627809775764 379 448088137518356317
HIT 3 1997176963220 465 6293666694611468833
HIT 3 2143205851284 499 1385845176481436093
HIT 3 1344341999764 313 13538027263136166563
HIT 3 1627809841300 379 4227912352451566512
HIT 3 1997177028756 465 2087361657796050843
HIT 3 2143205916820 499 14688125157972088239
HIT 3 1344342065300 313 15090245210497559337
HIT 3 1627809906836 379 17356493771197535172
HIT 3 1997177094292 465 14269863424441662053
HIT 3 2143205982356 499 3096735225454206076
HIT 3 1344342130836 313 1474527902554907015
HIT 3 1627809972372 379 15625486157789120214
HIT 3 1997177159828 465 699198541063707909
HIT 3 2143206047892 499 2649997359498627245
HIT 3 1344342196372 313 9463776655420392651
HIT 3 1627810037908 379 16845390926311850760
HIT 3 1997177225364 465 18305059322229679372
HIT 3 2143206113428 499 16293372781628309740
HIT 3 1344342261908 313 14469761752945099418
HIT 3 1627810103444 379 5642561501333886768
HIT 3 1997177290900 465 12749018598041293587
HIT 3 2143206178964 499 11703813287567300914
HIT 3 1344342327444 313 449895148407153594
HIT 3 1627810168980 379 9791551969320249393
HIT 3 1997177356436 465 7190705145237201238
HIT 3 2143206244500 499 16497878087114786132
HIT 3 1344342392980 313 9966237183712843034
HIT 3 1627810234516 379 6137799782057932360
HIT 3 1997177421972 465 5232517025272803621
HIT 3 2143206310036 499 2261810856276308998
HIT 3 1344342458516 313 3018095460822567860
HIT 3 1627810300052 379 1318229242914858154
HIT 3 1997177487508 465 10571045034629378288
HIT 3 2143206375572 499 8594694360710281986
HIT 3 1344342524052 313 106814182694255166
HIT 3 1627810365588 379 1825723250939595376
HIT 3 1997177553044 465 10541579713659018337
HIT 3 2143206441108 499 6851174484438260357
HIT 3 1344342589588 313 11880302239107754441
HIT 3 1627810431124 379 18411330568807491217
HIT 3 1997177618580 465 7560858616787442327
HIT 3 2143206506644 499 6569809083425020046
HIT 3 1344342655124 313 17082194248504143075
HIT 3 1627810496660 379 3026964961628569921
HIT 3 1997177684116 465 12866482863334535388
HIT 3 2143206572180 499 11591326309535124100
HIT 3 1344342720660 313 12810571502837001863
HIT 3 1627810562196 379 7913636756210609454
HIT 3 1997177749652 465 12991813800279173505
HIT 3 2143206637716 499 13752774457148960938
HIT 3 1344342786196 313 4938316017546770032
HIT 3 1627810627732 379 13428512168782096765
HIT 3 1997177815188 465 5285409533281605361
HIT 3 2143206703252 499 13979373423564422860
HIT 3 1344342851732 313 1672088411343096421
HIT 3 1627810693268 379 2175072446749768924
HIT 3 1997177880724 465 8210372224099845086
HIT 3 2143206768788 499 488470797378787360
HIT 3 1344342917268 313 15632265565965463815
HIT 3 1627810758804 379 5280708598037949738
HIT 3 1997177946260 465 16068978843207332111
HIT 3 2143206834324 499 2961450891206886710
HIT 3 1344342982804 313 7664719798488225767
HIT 3 1627810824340 379 9610562571959775619
HIT 3 1997178011796 465 17822071289423894606
HIT 3 2143206899860 499 12886575435645246772
HIT 3 1344343048340 313 10156429913048496671
HIT 3 1627810889876 379 8758374389212972801
HIT 3 1997178077332 465 13819051242521788236
HIT 3 2143206965396 499 8090065549330354352
HIT 3 1344343113876 313 7021417376845604403
HIT 3 1627810955412 379 566859034968128688
HIT 3 1997178142868 465 15127829201043726229
HIT 3 2143207030932 499 120264659449814950
HIT 3 1344343179412 313 7077519929115244857
HIT 3 1627811020948 379 3097247084233100051
HIT 3 1997178208404 465 17271863603149903319
HIT 3 2143207096468 499 234395313642806187
HIT 3 1344343244948 313 10659011884578230339
HIT 3 1627811086484 379 9166948543841131168
HIT 3 1997178273940 465 244375304737578254
HIT 3 2143207162004 499 1060374018505883723
HIT 3 1344343310484 313 266394037954493094
HIT 3 1627811152020 379 2697472222316774867
HIT 3 1997178339476 465 15683659468496162493
HIT 3 2143207227540 499 6801785140859662133
HIT 3 1344343376020 313 1622655570609023448
HIT 3 1627811217556 379 17693352090534991434
HIT 3 1997178405012 465 2146020796150668973
HIT 3 2143207293076 499 12537515118933007845
HIT 3 1344343441556 313 15071469555306062917
HIT 3 1627813118099 379 12083638948848447971
HIT 3 1997180305555 465 12219982782901898052
HIT 3 2143209193619 499 14178785929907381694
HIT 3 1627811283092 379 11502250897261964481
HIT 3 1997178470548 465 8014854044013910541
HIT 3 2143207358612 499 3031958268712854970
HIT 3 1344343507092 313 5277286925335977688
HIT 3 1627811348628 379 12847200057878230302
HIT 3 1997178536084 465 35734049538976805
HIT 3 2143207424148 499 7783744216190940101
HIT 3 1344343572628 313 4909584520609375935
HIT 3 1627811414164 379 9631046292998079074
HIT 3 1997178601620 465 13812508165902883677
HIT 3 2143207489684 499 13934472215510220204
HIT 3 1344343638164 313 15141131179027406192
HIT 3 1627811479700 379 7810653529879904930
HIT 3 1997178667156 465 14393142578076967747
HIT 3 2143207555220 499 1641854908962627193
HIT 3 1344343703700 313 5903077103126420630
HIT 3 1627811545236 379 3101652931711318275
HIT 3 1997178732692 465 15101119340179852203
HIT 3 2143207620756 499 9816523299140309453
HIT 3 1344343769236 313 1574556893155844406
HIT 3 1627811610772 379 10290941759054991275
HIT 3 1997178798228 465 11203406477616715925
HIT 3 2143207686292 499 8383872807653491947
HIT 3 1344343834772 313 12237359907697241438
HIT 3 1627811676308 379 3130081291219330593
HIT 3 1997178863764 465 12311974972814338916
HIT 3 2143207751828 499 17486626510496767531
HIT 3 1344343900308 313 5831474514120097855
HIT 3 1627811741844 379 1356033981477788806
HIT 3 1997178929300 465 12506773664162517161
HIT 3 2143207817364 499 7082342572758133907
HIT 3 1344343965844 313 16151701649633806820
HIT 3 1627811807380 379 15422606150718296007
HIT 3 1997178994836 465 3753245328375036386
HIT 3 2143207882900 499 10486425127283334382
HIT 3 1344344031380 313 13562013049311545040
HIT 3 1627811872916 379 14053013379142899817
HIT 3 1997179060372 465 9330675406733584564
HIT 3 2143207948436 499 10108003355255653102
HIT 3 1344344096916 313 4967389823407399342
HIT 3 1627811938452 379 15893364140455414795
HIT 3 1997179125908 465 14769134404831277706
HIT 3 2143208013972 499 11558266257773584611
HIT 3 1344344162452 313 10484132650084485057
HIT 3 1627812003988 379 9252310101003097770
HIT 3 1997179191444 465 15010498380464831337
HIT 3 2143208079508 499 5931255112581131978
HIT 3 1344344227988 313 4359211835415023918
HIT 3 1627812069524 379 399879972525654859
HIT 3 1997179256980 465 14681212642513087352
HIT 3 2143208145044 499 13152449834243938560
HIT 3 1344344293524 313 1476815490706141158
HIT 3 1627812135060 379 5706916605168240327
HIT 3 1997179322516 465 9767380105580485955
HIT 3 2143208210580 499 17979194072610585310
HIT 3 1344344359060 313 7055172489051455904
HIT 3 1627812200596 379 10266368132532521023
HIT 3 1997179388052 465 9044623480388942870
HIT 3 2143208276116 499 11262675190767367012
HIT 3 1344344424596 313 4450267033665767656
HIT 3 1627812266132 379 2809442976521607323
HIT 3 1997179453588 465 13090161403854818215
HIT 3 2143208341652 499 18268498161230255349
HIT 3 1344344490132 313 4581535459220415646
HIT 3 1627812331668 379 737126671588000192
HIT 3 1997179519124 465 17427357146801379403
HIT 3 2143208407188 499 6574870728617665762
HIT 3 1344344555668 313 6022902173674402720
HIT 3 1627812397204 379 14552755899862723633
HIT 3 1997179584660 465 5657605997078275282
HIT 3 2143208472724 499 14969739958374156609
HIT 3 1344344621204 313 18191265800818262401
HIT 3 1627812462740 379 18151710107195475645
HIT 3 1997179650196 465 4322877882926187601
HIT 3 2143208538260 499 4549522562920769663
HIT 3 1344344686740 313 9850618714169373429
HIT 3 1627812528276 379 15425560363812067266
HIT 3 1997179715732 465 13601175959060871281
HIT 3 2143208603796 499 1933314290140586281
HIT 3 1344344752276 313 222414863798433619
HIT 3 1627812593812 379 8639676947153826013
HIT 3 1997179781268 465 15559979650989577792
HIT 3 2143208669332 499 18342586765629275641
HIT 3 1344344817812 313 3732935396333958603
HIT 3 1627812659348 379 1456668930165942871
HIT 3 1997179846804 465 1082742245297702408
HIT 3 2143208734868 499 10023255188332387616
HIT 3 1344344883348 313 2609635392637134322
HIT 3 1627812724884 379 4161831698303463885
HIT 3 1997179912340 465 6810102367369219474
HIT 3 2143208800404 499 11880614298150402385
HIT 3 1344344948884 313 9780298847169962545
HIT 3 1627812790420 379 2967782201695463357
HIT 3 1997179977876 465 17181737785060242950
HIT 3 2143208865940 499 3599838493584559461
HIT 3 1335755079828 311 9780298847169962545
HIT 3 1344345014420 313 16163057498526172455
HIT 3 1627812855956 379 11406000872545988217
HIT 3 1997180043412 465 5099376388020177996
HIT 3 2143208931476 499 4862396482845250611
HIT 3 1344345079956 313 9763015776318858845
HIT 3 1352935014548 315 11509771704588642919
HIT 3 1627812921492 379 12998026962132137012
HIT 3 1997180108948 465 13860148418033464176
HIT 3 2143208997012 499 12749345029575216290
HIT 3 1344345145492 313 11509771704588642919
HIT 3 1619223052436 377 6155829730807222293
HIT 3 1623518019732 378 10661725536235739343
HIT 3 1627812987028 379 13705297598150628766
HIT 3 1636402921620 381 16274700456991889917
HIT 3 1988590239892 463 422175072110544498
HIT 3 1992885207188 464 4932184614488333720
HIT 3 1997180174484 465 15081224351952195812
HIT 3 2005770109076 467 8019474519738923170
HIT 3 2134619127956 497 9774426726849007989
HIT 3 2138914095252 498 11899262645736912488
HIT 3 2143209062548 499 14105248234522709051
HIT 3 2151798997140 501 9396858151747376432
HIT 3 1348640178324 314 6144480070691432240
HIT 3 1352935145620 315 12374736472790133611
HIT 3 1361525080212 317 15884581631528585178
HIT 3 1619223117972 377 11818641562799151076
HIT 3 1623518085268 378 1210296604769475000
HIT 3 1627813052564 379 15652418652693749507
HIT 3 1636402987156 381 3069088694968855390
HIT 3 1988590305428 463 3423735864567585182
HIT 3 1992885272724 464 724515928081176319
HIT 3 1997180240020 465 15296559688027720529
HIT 3 2005770174612 467 1521993573466165141
HIT 3 2134619193492 497 5464477992523043222
HIT 3 2138914160788 498 14356757232422775094
HIT 3 2143209128084 499 10277577808644109856
HIT 3 2151799062676 501 11751185231525043524
HIT 3 1348640243860 314 16807037301878743919
HIT 3 1352935211156 315 15884581631528585178
HIT 3 1357230178452 316 6144480070691432240
HIT 3 1361525145748 317 2644952659712739217
HIT 3 1365820113044 318 11401194867227335650
HIT 3 1370115080340 319 10104996193190635475
HIT 3 1374410047636 320 7341055821472296762
HIT 3 1378705014932 321 16779800208815020267
HIT 3 1382999982228 322 8499093950730215388
HIT 3 1387294949524 323 15982704050434752044
HIT 3 1391589916820 324 1867549515895524128
HIT 3 1395884884116 325 2870902346517836428
HIT 3 1400179851412 326 15185699236384652971
HIT 3 1404474818708 327 461536135750572292
HIT 3 1408769786004 328 6532856539226751334
HIT 3 1413064753300 329 17749302156408170974
HIT 3 1417359720596 330 6478642481210821830
HIT 3 1421654687892 331 9522204767858943610
HIT 3 1425949655188 332 10889663595367755752
HIT 3 1430244622484 333 15660798842647288667
HIT 3 1434539589780 334 16546366000038396545
HIT 3 1438834557076 335 16358568840489851930
HIT 3 1443129524372 336 14747149123948292334
HIT 3 1447424491668 337 18145678867932662006
HIT 3 1451719458964 338 18027694636920706471
HIT 3 1456014426260 339 10113940407058295426
HIT 3 1460309393556 340 16306850990693689834
HIT 3 1464604360852 341 16410170412180706701
HIT 3 1468899328148 342 3576424545846067723
HIT 3 1473194295444 343 16308238792409859637
HIT 3 1477489262740 344 14286307239447392845
HIT 3 1481784230036 345 15409027109318077510
HIT 3 1486079197332 346 5276422899887993444
HIT 3 1490374164628 347 16921673861603739818
HIT 3 1494669131924 348 7563101347487611701
HIT 3 1498964099220 349 2006420358914396597
HIT 3 1503259066516 350 1030281567221522518
HIT 3 1507554033812 351 607519810594760474
HIT 3 1511849001108 352 5202586590635525988
HIT 3 1516143968404 353 4623543059595225564
HIT 3 1520438935700 354 12268333100075976754
HIT 3 1524733902996 355 11622772844837175312
HIT 3 1529028870292 356 10076993185163153854
HIT 3 1533323837588 357 14117119304621498435
HIT 3 1537618804884 358 7636735403313465569
HIT 3 1541913772180 359 3192168230357966158
HIT 3 1546208739476 360 1250428823205580636
HIT 3 1550503706772 361 7833809736301354133
HIT 3 1554798674068 362 5141444283279081541
HIT 3 1559093641364 363 5066412879747931158
HIT 3 1563388608660 364 15995617251133435520
HIT 3 1567683575956 365 1518892228262186462
HIT 3 1571978543252 366 13642036280121640246
HIT 3 1576273510548 367 17341222512366306073
HIT 3 1580568477844 368 12457483926295920071
HIT 3 1584863445140 369 18276677231394606397
HIT 3 1589158412436 370 11353959418938149964
HIT 3 1593453379732 371 722662423818078432
HIT 3 1597748347028 372 16908852219616271747
HIT 3 1602043314324 373 13883700653070512647
HIT 3 1606338281620 374 1370463914863492128
HIT 3 1610633248916 375 3467901230113428300
HIT 3 1614928216212 376 15964341671463532832
HIT 3 1619223183508 377 18196550360214229221
HIT 3 1623518150804 378 16838741527261181029
HIT 3 1627813118100 379 17479713888769239046
HIT 3 1632108085396 380 4349632487775257001
HIT 3 1636403052692 381 4572383481773996397
HIT 3 1640698019988 382 11508985581442317309
HIT 3 1644992987284 383 15414409556954886347
HIT 3 1649287954580 384 4513205982688920951
HIT 3 1653582921876 385 7408106047260063427
HIT 3 1657877889172 386 9351140709954990542
HIT 3 1662172856468 387 12041914384986017790
HIT 3 1666467823764 388 6415073527518083976
HIT 3 1670762791060 389 11038012006593245554
HIT 3 1675057758356 390 4512294335375626155
HIT 3 1679352725652 391 1206370947572876410
HIT 3 1683647692948 392 15631598337891959138
HIT 3 1687942660244 393 13685918912868912324
HIT 3 1692237627540 394 958890849021522916
HIT 3 1696532594836 395 8363418692209512818
HIT 3 1700827562132 396 12831332543104332600
HIT 3 1705122529428 397 2550166211118464271
HIT 3 1709417496724 398 5794155647570934292
HIT 3 1713712464020 399 10531677377357384511
HIT 3 1718007431316 400 5307276315638283
HIT 3 1722302398612 401 9363441145816413510
HIT 3 1726597365908 402 8284725244177882773
HIT 3 1730892333204 403 15703942286668734680
HIT 3 1735187300500 404 17838717999029583307
HIT 3 1739482267796 405 16267713372283575124
HIT 3 1743777235092 406 11339267591097343359
HIT 3 1748072202388 407 13830310374309087776
HIT 3 1752367169684 408 4803847131906008690
HIT 3 1756662136980 409 9272931850401794141
HIT 3 1760957104276 410 3554534170035971773
HIT 3 1765252071572 411 4611831171908040250
HIT 3 1769547038868 412 16726279463755231372
HIT 3 1773842006164 413 1457718081978671883
HIT 3 1778136973460 414 8000891896165367134
HIT 3 1782431940756 415 793405812224581778
HIT 3 1786726908052 416 1598522623123101658
HIT 3 1791021875348 417 17054279771862559638
HIT 3 1795316842644 418 11137586798639329929
HIT 3 1799611809940 419 10778035046233959632
HIT 3 1803906777236 420 9599319904746942011
HIT 3 1808201744532 421 7414099831037249274
HIT 3 1812496711828 422 6105108384215138577
HIT 3 1816791679124 423 1810060808923540019
HIT 3 1821086646420 424 953895204903436429
HIT 3 1825381613716 425 9069165261554570379
HIT 3 1829676581012 426 17292566792127139126
HIT 3 1833971548308 427 15462240825920444244
HIT 3 1838266515604 428 11863630815206284275
HIT 3 1842561482900 429 8684800416485907398
HIT 3 1846856450196 430 2292806438270049029
HIT 3 1851151417492 431 11380528986128436016
HIT 3 1855446384788 432 7519027984268815468
HIT 3 1859741352084 433 4297727138858357608
HIT 3 1864036319380 434 14473141182612269407
HIT 3 1868331286676 435 5749354957762927601
HIT 3 1872626253972 436 2964425023358048770
HIT 3 1876921221268 437 3318099838994662690
HIT 3 1881216188564 438 11302369890997984784
HIT 3 1885511155860 439 12006317537335341276
HIT 3 1889806123156 440 14719664688701194801
HIT 3 1894101090452 441 8010980756985603992
HIT 3 1898396057748 442 2515335190754906432
HIT 3 1902691025044 443 8485939116480370806
HIT 3 1906985992340 444 8146674875517866769
HIT 3 1911280959636 445 9788336398292785058
HIT 3 1915575926932 446 5951900057655405683
HIT 3 1919870894228 447 16847369918840134808
HIT 3 1924165861524 448 10963388645601273189
HIT 3 1928460828820 449 14857985052399249684
HIT 3 1932755796116 450 18029874254056500123
HIT 3 1937050763412 451 3970400212626573019
HIT 3 1941345730708 452 17080782277079997926
HIT 3 1945640698004 453 5076879468318570268
HIT 3 1949935665300 454 11915396224111186746
HIT 3 1954230632596 455 3623763505134518575
HIT 3 1958525599892 456 8744899553427770598
HIT 3 1962820567188 457 1634447853652452498
HIT 3 1967115534484 458 10795532415113099880
HIT 3 1971410501780 459 16303931867770261103
HIT 3 1975705469076 460 9149229836058805964
HIT 3 1980000436372 461 227034903939289394
HIT 3 1984295403668 462 5243639494435407149
HIT 3 1988590370964 463 3088277198036786810
HIT 3 1992885338260 464 16972409367740583423
HIT 3 1997180305556 465 8970314006081062812
HIT 3 2001475272852 466 14032597335097539011
HIT 3 2005770240148 467 11386408391769682182
HIT 3 2010065207444 468 337785670169607206
HIT 3 2014360174740 469 12770461925551676709
HIT 3 2018655142036 470 17518151944062323011
HIT 3 2022950109332 471 5910342074815027515
HIT 3 2027245076628 472 1217139247957466172
HIT 3 2031540043924 473 17113097257961399834
HIT 3 2035835011220 474 6595852484610431531
HIT 3 2040129978516 475 6248361299457478208
HIT 3 2044424945812 476 13675041096318840996
HIT 3 2048719913108 477 4887610660077752664
HIT 3 2053014880404 478 537487914702115693
HIT 3 2057309847700 479 4581896556601532912
HIT 3 2061604814996 480 3841536777022622169
HIT 3 2065899782292 481 4279373792322757087
HIT 3 2070194749588 482 11479535653729460794
HIT 3 2074489716884 483 12498123011015803161
HIT 3 2078784684180 484 16898388113444574541
HIT 3 2083079651476 485 3584223801175276434
HIT 3 2087374618772 486 16975715189301049454
HIT 3 2091669586068 487 8298175218432403084
HIT 3 2095964553364 488 13757478037030684593
HIT 3 2100259520660 489 10362580011049983362
HIT 3 2104554487956 490 6224119619564994894
HIT 3 2108849455252 491 15384277760179709631
HIT 3 2113144422548 492 17486091019102039766
HIT 3 2117439389844 493 12289846961557827594
HIT 3 2121734357140 494 10163632080513503898
HIT 3 2126029324436 495 3172974279480494106
HIT 3 2130324291732 496 8503941342020558276
HIT 3 2134619259028 497 8160251654395293109
HIT 3 2138914226324 498 5333182474264727141
HIT 3 2143209193620 499 11083008992316862829
HIT 3 2147504160916 500 4586043554189349683
HIT 3 2151799128212 501 1789027732190150633
HIT 3 2156094095508 502 7094118884430870373
HIT 3 2160389062804 503 6243767174818426298
HIT 3 2164684030100 504 2740566831156049083
HIT 3 2168978997396 505 9377099360905224555
HIT 3 2173273964692 506 16093468384975883832
HIT 3 2177568931988 507 1246998688477383674
HIT 3 2181863899284 508 4357255987017423708
HIT 3 2186158866580 509 996362535591287445
HIT 3 2190453833876 510 3172718510876823744
HIT 3 2194748801172 511 14118312776588349237
HIT 3 1361525211284 317 11001316130918699177
HIT 3 1627813183636 379 2350575450090914310
HIT 3 1997180371092 465 15669328095687963345
HIT 3 2143209259156 499 13706501566677149614
HIT 3 1619223314580 377 6129155124450643361
HIT 3 1623518281876 378 18016451782765200456
HIT 3 1627813249172 379 3663376533047279275
HIT 3 1636403183764 381 870329848521310521
HIT 3 1988590502036 463 10194053246709351843
HIT 3 1992885469332 464 13212576659492699078
HIT 3 1997180436628 465 4264630787570454475
HIT 3 2005770371220 467 1736813385633467681
HIT 3 2134619390100 497 3543488002348987744
HIT 3 2138914357396 498 5732124792271203168
HIT 3 2143209324692 499 3988869296417115452
HIT 3 2151799259284 501 9471229713996215035
HIT 3 1627813314708 379 5189548840353184388
HIT 3 1997180502164 465 18300495041422487366
HIT 3 2143209390228 499 15780193526636046167
HIT 3 1627813380244 379 4608537237542334021
HIT 3 1997180567700 465 13581412181693970824
HIT 3 2143209455764 499 18133636073516847698
HIT 3 1627813445780 379 7098951524133926817
HIT 3 1997180633236 465 7362149173312089755
HIT 3 2143209521300 499 16068055420591273915
HIT 3 1627813511316 379 344619716615503966
HIT 3 1997184630931 465 12551575863519442359
HIT 3 2143213518995 499 8938308202231653448
HIT 3 1997180698772 465 6873971758409014064
HIT 3 2143209586836 499 4272688857919590255
HIT 3 1627813576852 379 1361427741976701539
HIT 3 1997180764308 465 6876385821643687948
HIT 3 2143209652372 499 5145684624524231450
HIT 3 1627813642388 379 13204002779457442740
HIT 3 1997180829844 465 9853853907980083691
HIT 3 2143209717908 499 200963641815717060
HIT 3 1627813707924 379 16706491234458908707
HIT 3 1997180895380 465 6576648506135872924
HIT 3 2143209783444 499 12681386175615736444
HIT 3 1627813773460 379 9911007657019165170
HIT 3 1997180960916 465 6611611989101123120
HIT 3 2143209848980 499 5367548419604158427
HIT 3 1627813838996 379 2744963445798931037
HIT 3 1997181026452 465 5065580963145220466
HIT 3 2143209914516 499 11275266274078086113
HIT 3 1627813904532 379 11909980293614254950
HIT 3 1997181091988 465 15528455074410711872
HIT 3 2143209980052 499 4986414805266704780
HIT 3 1627813970068 379 1545886096060349792
HIT 3 1997181157524 465 11382258913310900559
HIT 3 2143210045588 499 4332082033667496776
HIT 3 1627814035604 379 1740327511538284228
HIT 3 1997181223060 465 15567583046280874314
HIT 3 2143210111124 499 11065537251866000642
HIT 3 1627814101140 379 5923092578822328715
HIT 3 1997181288596 465 11635489347589740521
HIT 3 2143210176660 499 8897751216362066599
HIT 3 1627814166676 379 3982367088476434154
HIT 3 1997181354132 465 9501950303116708108
HIT 3 2143210242196 499 9615288167715224720
HIT 3 1627814232212 379 17996287748730407980
HIT 3 1997181419668 465 1171287118654245766
HIT 3 2143210307732 499 16675670065902694412
HIT 3 1627814297748 379 6981306139077623730
HIT 3 1997181485204 465 11624091749712978777
HIT 3 2143210373268 499 13427510395057484083
HIT 3 1627814363284 379 18025151182855679497
HIT 3 1997181550740 465 12515579685759966902
HIT 3 2143210438804 499 2056981792737575326
HIT 3 1627814428820 379 17816519343446603888
HIT 3 1997181616276 465 9128040126294732470
HIT 3 2143210504340 499 18409373004699669835
HIT 3 1627814494356 379 14979606760591626539
HIT 3 1997181681812 465 15356582147558011260
HIT 3 2143210569876 499 4937140590345775330
HIT 3 1627814559892 379 3820299942934077725
HIT 3 1997181747348 465 9438793659378799970
HIT 3 2143210635412 499 1919038838149550850
HIT 3 1627814625428 379 17859057318900074690
HIT 3 1997181812884 465 7573906547873136548
HIT 3 2143210700948 499 4889211887682836775
HIT 3 1627814690964 379 13976208733883438897
HIT 3 1997181878420 465 145236002801794499
HIT 3 2143210766484 499 7064150403429371816
HIT 3 2143219155091 499 10714809846484185908
HIT 3 1344334725271 313 16883787779951617785
HIT 3 1627814756500 379 8488512255169031860
HIT 3 1997181943956 465 9833122235244491295
HIT 3 2143210832020 499 3288871052206298716
HIT 3 1627814822036 379 3455797327811605926
HIT 3 1997182009492 465 17396841705330358836
HIT 3 2143210897556 499 2884133212091698601
HIT 3 1627814887572 379 15530574954491613559
HIT 3 1997182075028 465 15913118061638992458
HIT 3 2143210963092 499 3262670223050801533
HIT 3 1627814953108 379 16569483239599626585
HIT 3 1997182140564 465 4938310097630351251
HIT 3 2143211028628 499 3294464817382386662
HIT 3 1627815018644 379 7712551324933737802
HIT 3 1997182206100 465 9495127819926553933
HIT 3 2143211094164 499 12533448365224804014
HIT 3 1627815084180 379 7160829919949156158
HIT 3 1997182271636 465 4340403396131826772
HIT 3 2143211159700 499 9174286214786296463
HIT 3 1627815149716 379 7993198955061892740
HIT 3 1997182337172 465 15424464106023893882
HIT 3 2143211225236 499 10005245834775626845
HIT 3 1627815215252 379 15026750171557810404
HIT 3 1997182402708 465 1733011066184477572
HIT 3 2143211290772 499 5799714893187460174
HIT 3 1627815280788 379 3926686437853451908
HIT 3 1997182468244 465 13637450738644134727
HIT 3 2143211356308 499 3262497401764117862
HIT 3 1627815346324 379 16622883398396851365
HIT 3 1997182533780 465 6869741352075085260
HIT 3 2143211421844 499 16195715476616245972
HIT 3 1627815411860 379 12749213405938179075
HIT 3 1997182599316 465 15638071738365402930
HIT 3 2143211487380 499 3496591218826958731
HIT 3 1627815477396 379 17901722456514433805
HIT 3 1997182664852 465 13025942104134253571
HIT 3 2143211552916 499 4058391292958431284
HIT 3 1627815542932 379 10165101108728109334
HIT 3 1997182730388 465 5397019338224918143
HIT 3 2143211618452 499 9571300906014386462
HIT 3 1627815608468 379 17289089254099288200
HIT 3 1997182795924 465 11034144171982596430
HIT 3 2143211683988 499 15364532324584211671
HIT 3 1627815674004 379 11637642277198572909
HIT 3 1997182861460 465 30410547433020552
HIT 3 2143211749524 499 5901284248742333759
HIT 3 1627815739540 379 12876591638852120720
HIT 3 1997182926996 465 5162667755703826842
HIT 3 2143211815060 499 8600732369691810865
HIT 3 1627815805076 379 9724957594982257238
HIT 3 1997182992532 465 5402335472492281910
HIT 3 2143211880596 499 12609053185700965589
HIT 3 1627815870612 379 591011234079809507
HIT 3 1997183058068 465 10700942050833461673
HIT 3 2143211946132 499 10167650019726988131
HIT 3 1627815936148 379 12073000663228606428
HIT 3 1627812987029 379 9958564869097883018
HIT 3 1997180174485 465 15076450790635054416
HIT 3 2143209062549 499 13878834110549731363
HIT 3 1352935145621 315 7902676849726140961
HIT 3 1627813052565 379 8211759493308613358
HIT 3 1997180240021 465 6337289748211709028
HIT 3 2143209128085 499 14726800769829748831
HIT 3 1619223183509 377 2423385989561293728
HIT 3 1623518150805 378 8017008588720640548
HIT 3 1627813118101 379 15021153550255706401
HIT 3 1636403052693 381 15182827481553394813
HIT 3 1988590370965 463 9286818414747809286
HIT 3 1992885338261 464 12382665681093648455
HIT 3 1997180305557 465 7072709725210253301
HIT 3 2005770240149 467 4376467908116605661
HIT 3 2134619259029 497 8890590087935769416
HIT 3 2138914226325 498 5010626262798623484
HIT 3 2143209193621 499 11144117221693864613
HIT 3 2151799128213 501 2131633597764090192
HIT 3 1627813249173 379 14798343214741432893
HIT 3 1997180436629 465 8148889615419789136
HIT 3 2143209324693 499 7041447661026609834
HIT 3 1997183123604 465 3844562747657770585
HIT 3 2143212011668 499 3330749149545862950
HIT 3 1627816001684 379 14561238554760596960
HIT 3 1997183189140 465 3517489277648957295
HIT 3 2143212077204 499 4662951692063837856
HIT 3 1627816067220 379 8104297356892835880
HIT 3 1997183254676 465 15997782432592500541
HIT 3 2143212142740 499 17925378312130236950
HIT 3 1627816132756 379 4395752131747259523
HIT 3 1997183320212 465 3911769824101297066
HIT 3 2143212208276 499 13809076157596911702
HIT 3 1627816198292 379 185588044113130740
HIT 3 1997183385748 465 4549782297852985810
HIT 3 2143212273812 499 7913790197800246549
HIT 3 1627816263828 379 1603656655141552020
HIT 3 1997183451284 465 15514911458509055599
HIT 3 2143212339348 499 5440442528443952864
HIT 3 1627816329364 379 3247086195071907020
HIT 3 1997183516820 465 3109995944232854277
HIT 3 2143212404884 499 12672590204606517381
HIT 3 1627816394900 379 11387356987323474830
HIT 3 1627802566807 379 4105432445298677676
HIT 3 1997169754263 465 15118461308514744010
HIT 3 2143198642327 499 3269139901115727999
HIT 3 1997183582356 465 8076332388971165226
HIT 3 2143212470420 499 16189290514575070704
HIT 3 1627816460436 379 5685650062686093605
HIT 3 1997183647892 465 16960171620487284934
HIT 3 2143212535956 499 4996502590257467120
HIT 3 1627816525972 379 5601505931922221375
HIT 3 1997183713428 465 15612187322534716115
HIT 3 2143212601492 499 17522550799383223094
HIT 3 1627816591508 379 4756557770636856461
HIT 3 1997183778964 465 17912771907136505129
HIT 3 2143212667028 499 7883838757233906609
HIT 3 1627816657044 379 2862224827427663886
HIT 3 1997183844500 465 2006547474130250603
HIT 3 2143212732564 499 15976648584318079138
HIT 3 1627816722580 379 11679443039441828218
HIT 3 1997183910036 465 12173163666954801681
HIT 3 2143212798100 499 13543773103548715916
HIT 3 1627816788116 379 302290992071148789
HIT 3 1997183975572 465 9233258344204996834
HIT 3 2143212863636 499 14398226066511389427
HIT 3 1627816853652 379 14452994459571536428
HIT 3 1997184041108 465 6489009960501242826
HIT 3 2143212929172 499 1855546665534767962
HIT 3 1627816919188 379 9039682300003940174
HIT 3 1997184106644 465 13451983458745978530
HIT 3 2143212994708 499 5136871210869304550
HIT 3 1627816984724 379 8882655893585977196
HIT 3 1997184172180 465 4499515080146611867
HIT 3 2143213060244 499 16230422410099295131
HIT 3 1627817050260 379 13021564864762418142
HIT 3 1997184237716 465 6370693748220759139
HIT 3 2143213125780 499 9320941703670564476
HIT 3 1627817115796 379 3592254357502679703
HIT 3 1997184303252 465 11401426243428610575
HIT 3 2143213191316 499 14659227566367347044
HIT 3 1619227246740 377 3592254357502679703
HIT 3 1627817181332 379 14192265483464325575
HIT 3 1997184368788 465 804364624090557761
HIT 3 2143213256852 499 8454969301180661106
HIT 3 1627817246868 379 14161032973382330215
HIT 3 1636407181460 381 7500509671624227833
HIT 3 1997184434324 465 2546317386980435269
HIT 3 2143213322388 499 6520856213700757432
HIT 3 1627817312404 379 7500509671624227833
HIT 3 1988594565268 463 10706380700981674771
HIT 3 1992889532564 464 6059466308097081083
HIT 3 1997184499860 465 16858944069655152429
HIT 3 2005774434452 467 8257200938911309590
HIT 3 2134623453332 497 14005777997414738109
HIT 3 2138918420628 498 390297596388823998
HIT 3 2143213387924 499 13997160243324029922
HIT 3 2151803322516 501 15266198698556381090
HIT 3 1632112345236 380 2356651123428227071
HIT 3 1636407312532 381 9318697386230245870
HIT 3 1644997247124 383 15903542701175424463
HIT 3 1988594630804 463 15332023566578827760
HIT 3 1992889598100 464 1808678030724364114
HIT 3 1997184565396 465 6098741993604746463
HIT 3 2005774499988 467 12545341955968112254
HIT 3 2134623518868 497 7408404392427859002
HIT 3 2138918486164 498 16484400934051560650
HIT 3 2143213453460 499 14249821885110685098
HIT 3 2151803388052 501 9592197970297360250
HIT 3 1632112410772 380 5573462455047294104
HIT 3 1636407378068 381 15903542701175424463
HIT 3 1640702345364 382 2356651123428227071
HIT 3 1644997312660 383 2662275511223791702
HIT 3 1649292279956 384 15423887254316724593
HIT 3 1653587247252 385 16955155246011541604
HIT 3 1657882214548 386 17991283205920111274
HIT 3 1662177181844 387 10413202323401792139
HIT 3 1666472149140 388 18241752417889194424
HIT 3 1670767116436 389 4556509016193401239
HIT 3 1675062083732 390 6997550801078215322
HIT 3 1679357051028 391 2465092156307988889
HIT 3 1683652018324 392 2177582116096370386
HIT 3 1687946985620 393 18051555477395680590
HIT 3 1692241952916 394 14242567847175074509
HIT 3 1696536920212 395 3724603998421683721
HIT 3 1700831887508 396 6163191924409301664
HIT 3 1705126854804 397 11704433667272756007
HIT 3 1709421822100 398 7746103575929886096
HIT 3 1713716789396 399 15997079103071722261
HIT 3 1718011756692 400 6329437176145462662
HIT 3 1722306723988 401 15517288986660612031
HIT 3 1726601691284 402 7214989035091484022
HIT 3 1730896658580 403 16325116931325579701
HIT 3 1735191625876 404 9435771990551204277
HIT 3 1739486593172 405 6659415405615065465
HIT 3 1743781560468 406 15971443213611964605
HIT 3 1748076527764 407 1274466721450617093
HIT 3 1752371495060 408 4491045913193270517
HIT 3 1756666462356 409 838786072168114757
HIT 3 1760961429652 410 17431175012412049584
HIT 3 1765256396948 411 6858238158271055969
HIT 3 1769551364244 412 5946456747075209470
HIT 3 1773846331540 413 9845486562432977917
HIT 3 1778141298836 414 13771842791768690733
HIT 3 1782436266132 415 2811192749735762459
HIT 3 1786731233428 416 2351893267261666309
HIT 3 1791026200724 417 81250668385833399
HIT 3 1795321168020 418 8090980276175162503
HIT 3 1799616135316 419 6518639886426759019
HIT 3 1803911102612 420 13182517116268918320
HIT 3 1808206069908 421 12553771781246191840
HIT 3 1812501037204 422 6847471548187441476
HIT 3 1816796004500 423 11905678321159643430
HIT 3 1821090971796 424 18324623044831032773
HIT 3 1825385939092 425 16414526637841289854
HIT 3 1829680906388 426 6523761960782875993
HIT 3 1833975873684 427 7581339628447807402
HIT 3 1838270840980 428 1275426341358916483
HIT 3 1842565808276 429 2588453652078791928
HIT 3 1846860775572 430 840551463939491141
HIT 3 1851155742868 431 17505431051892507027
HIT 3 1855450710164 432 7817002245644299372
HIT 3 1859745677460 433 1615188335004380972
HIT 3 1864040644756 434 14051896348339574268
HIT 3 1868335612052 435 9185485887407136369
HIT 3 1872630579348 436 1463173531003674209
HIT 3 1876925546644 437 11302417434526173445
HIT 3 1881220513940 438 5221973202099834930
HIT 3 1885515481236 439 9441276669452345024
HIT 3 1889810448532 440 2847214158533751744
HIT 3 1894105415828 441 10431619344545494977
HIT 3 1898400383124 442 11509608251557256751
HIT 3 1902695350420 443 4070768266121747284
HIT 3 1906990317716 444 13079865959968975987
HIT 3 1911285285012 445 3342922705679149509
HIT 3 1915580252308 446 15326091210514138930
HIT 3 1919875219604 447 1510911350014687106
HIT 3 1924170186900 448 9733392529281094766
HIT 3 1928465154196 449 6801479787711686982
HIT 3 1932760121492 450 3082870750913190516
HIT 3 1937055088788 451 5987793785778732669
HIT 3 1941350056084 452 14868897027857005795
HIT 3 1945645023380 453 1691769711650966541
HIT 3 1949939990676 454 10984600860025302837
HIT 3 1954234957972 455 16135453478612765676
HIT 3 1958529925268 456 18400462491251598059
HIT 3 1962824892564 457 9503303535957419995
HIT 3 1967119859860 458 10391109448058595542
HIT 3 1971414827156 459 11825271172857324915
HIT 3 1975709794452 460 7559014932688531212
HIT 3 1980004761748 461 9545973087580166020
HIT 3 1984299729044 462 14877237686483460568
HIT 3 1988594696340 463 7703103802562466478
HIT 3 1992889663636 464 13417921535595062955
HIT 3 1997184630932 465 15905398050435716333
HIT 3 2001479598228 466 4594655760284241596
HIT 3 2005774565524 467 11980233441828912473
HIT 3 2010069532820 468 15089961908760497181
HIT 3 2014364500116 469 7270872209868193160
HIT 3 2018659467412 470 10609226298664486479
HIT 3 2022954434708 471 12706031765976335578
HIT 3 2027249402004 472 16722525825219543481
HIT 3 2031544369300 473 8481468743503715076
HIT 3 2035839336596 474 1413268009499836459
HIT 3 2040134303892 475 11513413368833243521
HIT 3 2044429271188 476 14737228483360748614
HIT 3 2048724238484 477 4364346985911457568
HIT 3 2053019205780 478 13083130256057566027
HIT 3 2057314173076 479 7453195358206649390
HIT 3 2061609140372 480 12972794920926261767
HIT 3 2065904107668 481 3163698767430845527
HIT 3 2070199074964 482 16890146854585070246
HIT 3 2074494042260 483 15593442651489628055
HIT 3 2078789009556 484 3549745181915000766
HIT 3 2083083976852 485 8449911033451077369
HIT 3 2087378944148 486 16153200236986535484
HIT 3 2091673911444 487 11299675798379533640
HIT 3 2095968878740 488 2768755164331031000
HIT 3 2100263846036 489 6114885585092072339
HIT 3 2104558813332 490 8444164285364210227
HIT 3 2108853780628 491 11814544970578524929
HIT 3 2113148747924 492 2018919674164606856
HIT 3 2117443715220 493 11754443441252129243
HIT 3 2121738682516 494 16664533862959307793
HIT 3 2126033649812 495 15377413924835373969
HIT 3 2130328617108 496 12217341085833072517
HIT 3 2134623584404 497 1578224675002493947
HIT 3 2138918551700 498 1430274423424789357
HIT 3 2143213518996 499 8545445508660621570
HIT 3 2147508486292 500 12681941974298343491
HIT 3 2151803453588 501 15413216863532617167
HIT 3 2156098420884 502 14393265995964609965
HIT 3 2160393388180 503 12036078219787296275
HIT 3 2164688355476 504 3035003762625039744
HIT 3 2168983322772 505 169859444608528184
HIT 3 2173278290068 506 15130393150892636126
HIT 3 2177573257364 507 6136167086349754355
HIT 3 2181868224660 508 6367587356037066183
HIT 3 2186163191956 509 9581740595851436999
HIT 3 2190458159252 510 5368147363157027578
HIT 3 2194753126548 511 4757054118366209561
HIT 3 1644997378196 383 17481761346056612090
HIT 3 1997184696468 465 911767167986572529
HIT 3 2143213584532 499 15181066965506528255
HIT 3 1988594827412 463 13004791805135274831
HIT 3 1992889794708 464 15987374364831452676
HIT 3 1997184762004 465 2261968019705053306
HIT 3 2005774696596 467 9471229713996215035
HIT 3 2134623715476 497 6382230739979046358
HIT 3 2138918682772 498 5392027436236280302
HIT 3 2143213650068 499 13665406663867552080
HIT 3 2151803584660 501 1736813385633467681
HIT 3 1997184827540 465 2273945931093543955
HIT 3 2143213715604 499 13800128235781566647
HIT 3 1997184893076 465 3705368193535403522
HIT 3 2143213781140 499 1368446531582543616
HIT 3 1997184958612 465 10918159311574795563
HIT 3 2143213846676 499 1380092421699054917
HIT 3 1997185024148 465 2688909400810797029
HIT 3 2143213912212 499 14876082459707168090
HIT 3 1997185089684 465 18332142365041548526
HIT 3 2143213977748 499 7806175664847002031
HIT 3 1997185155220 465 9635458842312684969
HIT 3 2143214043284 499 7755377425367884690
HIT 3 1997184499861 465 5869488200343915516
HIT 3 2143213387925 499 13974001586255999135
HIT 3 1636407312533 381 15438042108292500188
HIT 3 1997184565397 465 6349763010751802487
HIT 3 2143213453461 499 14552313743518878117
HIT 3 1988594696341 463 3364608967706145930
HIT 3 1992889663637 464 11212942385192910945
HIT 3 1997184630933 465 3789196084421793924
HIT 3 2005774565525 467 15877936603235286098
HIT 3 2134623584405 497 6955097775631127859
HIT 3 2138918551701 498 14695721027432685018
HIT 3 2143213518997 499 1528423700212159784
HIT 3 2151803453589 501 5485870999683064623
HIT 3 1997184762005 465 7252531043028978483
HIT 3 2143213650069 499 7572071596235636360
HIT 3 1997185220756 465 14755740592282370710
HIT 3 2143214108820 499 10958043678043586363
HIT 3 1997185286292 465 17727485564952835006
HIT 3 2143214174356 499 6910140134089336833
HIT 3 1997185351828 465 5930833730324002013
HIT 3 2143214239892 499 9274215944668417867
HIT 3 1997185417364 465 14483266658229719298
HIT 3 2143214305428 499 7802667185303601343
HIT 3 1997185482900 465 4848139659913049402
HIT 3 2143214370964 499 17719292502909040256
HIT 3 1997185548436 465 15678448985388946247
HIT 3 2143214436500 499 12625431040771708351
HIT 3 1997185613972 465 15596481921655476083
HIT 3 2143214502036 499 11289450326165634214
HIT 3 1997185679508 465 15803850361051564639
HIT 3 2143214567572 499 11891919015487054306
HIT 3 1997185745044 465 13760418864168218957
HIT 3 2143214633108 499 6877639638847477142
HIT 3 1997185810580 465 8506638152268059998
HIT 3 2143214698644 499 10333716088315926445
HIT 3 1997185876116 465 17666363565593008603
HIT 3 2143214764180 499 7371023861747406773
HIT 3 1997185941652 465 7380359556167146482
HIT 3 2143214829716 499 6057297179179301963
HIT 3 1997186007188 465 15074487200112765525
HIT 3 2143214895252 499 16246368209311250372
HIT 3 1997186072724 465 12034172074277667925
HIT 3 2143214960788 499 15606660028008696024
HIT 3 1997186138260 465 2694684954883294378
HIT 3 2143215026324 499 18263836692622854168
HIT 3 1997186203796 465 15078967668769309218
HIT 3 2143215091860 499 11677249166459232969
HIT 3 1997186269332 465 6761492240028272547
HIT 3 2143215157396 499 13572020973476207512
HIT 3 1997186334868 465 1685080171758071909
HIT 3 2143215222932 499 16018062637183588984
HIT 3 1997186400404 465 16126014222699559973
HIT 3 2143215288468 499 17256978804772907888
HIT 3 1997186465940 465 5862479651737463274
HIT 3 2143215354004 499 633002913652754100
HIT 3 1997186531476 465 8605234993152976150
HIT 3 2143215419540 499 12673149917268397134
HIT 3 1997186597012 465 8419170908418978
HIT 3 2143215485076 499 4920503524859007077
HIT 3 1997186662548 465 3551233535065894706
HIT 3 2143215550612 499 3384071013423764346
HIT 3 1997186728084 465 1581030835272442615
HIT 3 2143215616148 499 9990257217312488144
HIT 3 1997186793620 465 7116608857032780849
HIT 3 2143215681684 499 13293560249854087229
HIT 3 1997186859156 465 7727311282877819547
HIT 3 2143215747220 499 14691301386585252159
HIT 3 1997186924692 465 12193588879463044840
HIT 3 2143215812756 499 9641254533252445805
HIT 3 1997186990228 465 2699825127054128494
HIT 3 2143215878292 499 7454695756043731725
HIT 3 1997187055764 465 4588947426374807837
HIT 3 2143215943828 499 15901568045811168085
HIT 3 1997187121300 465 14692995126187822842
HIT 3 2143216009364 499 18278986747970731977
HIT 3 1997187186836 465 3391955224812823005
HIT 3 2143216074900 499 13024122270015291230
HIT 3 1997187252372 465 11131163557765051694
HIT 3 2143216140436 499 3188889913543166476
HIT 3 1997187317908 465 8455936248142048724
HIT 3 2143216205972 499 15541871434504940136
HIT 3 1997187383444 465 8340458881712983953
HIT 3 2143216271508 499 17256170102758040880
HIT 3 1997187448980 465 12598610145815282974
HIT 3 2143216337044 499 8089060424074438149
HIT 3 1997187514516 465 744446044716792813
HIT 3 2143216402580 499 2005418164325823846
HIT 3 1997187580052 465 9684624777747125836
HIT 3 2143216468116 499 13207672435775132002
HIT 3 1997187645588 465 4686625215969647826
HIT 3 2143216533652 499 11027599610951989704
HIT 3 1997187711124 465 541375100135804316
HIT 3 2143216599188 499 3035471298850869427
HIT 3 1997187776660 465 9876726623173630090
HIT 3 2143216664724 499 18236547038865407922
HIT 3 1997187842196 465 7873744623614819055
HIT 3 2143216730260 499 8080263839863784770
HIT 3 2143219024021 499 15498391437688216646
HIT 3 2005780136085 467 7290953310101620748
HIT 3 2143219089557 499 4509937337514831901
HIT 3 2134629220501 497 14825756637302100697
HIT 3 2138924187797 498 4095213001003407131
HIT 3 2143219155093 499 3669577214604376577
HIT 3 2151809089685 501 8028394190091760800
HIT 3 2143219286165 499 3458153719834802463
HIT 3 2151811252373 501 2820224222163177738
HIT 3 1997187907732 465 7659555079781677335
HIT 3 2143216795796 499 6713027233516007591
HIT 3 1997187973268 465 16205577876159853332
HIT 3 2143216861332 499 2698212172031116159
HIT 3 1997188038804 465 6955869660368920453
HIT 3 2143216926868 499 8575306581674463780
HIT 3 1997188104340 465 13947346386562402517
HIT 3 2143216992404 499 1919095187002382400
HIT 3 1997188169876 465 11546326574407355594
HIT 3 2143217057940 499 8033354198252210521
HIT 3 1997188235412 465 16556803866832985028
HIT 3 2143217123476 499 946369832093519419
HIT 3 1997188300948 465 9382300637813766043
HIT 3 2143217189012 499 11657261850448035632
HIT 3 1997188366484 465 11457189655520630691
HIT 3 2143217254548 499 14371946780334708907
HIT 3 1997188432020 465 16010399799698488665
HIT 3 2143217320084 499 7651048254674882943
HIT 3 1997188497556 465 11217903906534361695
HIT 3 2143217385620 499 640932284099232370
HIT 3 1997188563092 465 1274761554602373902
HIT 3 2143217451156 499 1706588213156401702
HIT 3 1997188628628 465 3579542103157851795
HIT 3 2143217516692 499 9004968106094502870
HIT 3 1997188694164 465 18365578607542968967
HIT 3 2143217582228 499 13899644274757807090
HIT 3 1997188759700 465 12368673233782740912
HIT 3 2143217647764 499 16617684478648708714
HIT 3 1997188825236 465 6732538387065134752
HIT 3 2143217713300 499 14164010515630068373
HIT 3 1997188890772 465 435992306762872724
HIT 3 2143217778836 499 13724922355606085982
HIT 3 1997188956308 465 4544880849635705342
HIT 3 2143217844372 499 4086591584665506023
HIT 3 1997189021844 465 17613361585033207086
HIT 3 2143217909908 499 15444151743650393641
HIT 3 1997189087380 465 9941020924236083454
HIT 3 2143217975444 499 4052718535211441362
HIT 3 1997189152916 465 1683796644120277714
HIT 3 2143218040980 499 9869420618394985403
HIT 3 1997189218452 465 11156221010639826983
HIT 3 2143218106516 499 343443908852177793
HIT 3 1997189283988 465 11093569182374266079
HIT 3 2143218172052 499 2950114711110193688
HIT 3 1997189349524 465 16794959527626905887
HIT 3 2143218237588 499 13113607931996572857
HIT 3 1997189415060 465 4170466530074057263
HIT 3 2143218303124 499 1012433255397656610
HIT 3 1997189480596 465 1276151193653067868
HIT 3 2143218368660 499 7946438780600873042
HIT 3 1997189546132 465 11208741022175985976
HIT 3 2143218434196 499 11274626645235001647
HIT 3 1997189611668 465 17801785370627228215
HIT 3 2143218499732 499 13890856414757613262
HIT 3 1997189677204 465 15333125302508310840
HIT 3 2143218565268 499 11279274142239935181
HIT 3 1997189742740 465 4030755392059503370
HIT 3 2143218630804 499 3230651939453421539
HIT 3 1997189808276 465 14503436015850480973
HIT 3 2143218696340 499 5556690455549996861
HIT 3 1997189873812 465 9980796195793595275
HIT 3 2143218761876 499 4141370726500222324
HIT 3 1997189939348 465 6136866307359781787
HIT 3 2143218827412 499 9083733232390621068
HIT 3 1988600070292 463 6136866307359781787
HIT 3 1997190004884 465 16167397481365270030
HIT 3 2143218892948 499 10180601293542592222
HIT 3 1997190070420 465 9543946303020309349
HIT 3 2005780005012 467 2275772626798005644
HIT 3 2143218958484 499 8579834916596212102
HIT 3 1997190135956 465 2275772626798005644
HIT 3 2134629089428 497 7040765363757458461
HIT 3 2138924056724 498 13889192612029790506
HIT 3 2143219024020 499 12736689640102051855
HIT 3 2151808958612 501 4435324503161285858
HIT 3 2001485168788 466 11340810051687507416
HIT 3 2005780136084 467 4538255201752391837
HIT 3 2014370070676 469 11373147935915196662
HIT 3 2134629154964 497 16490770267642802817
HIT 3 2138924122260 498 11957350906849622607
HIT 3 2143219089556 499 15199659528978188154
HIT 3 2151809024148 501 17117582297335868366
HIT 3 2001485234324 466 17774363126480298
HIT 3 2005780201620 467 11373147935915196662
HIT 3 2010075168916 468 11340810051687507416
HIT 3 2014370136212 469 9284331128673816140
HIT 3 2018665103508 470 7956501390089182244
HIT 3 2022960070804 471 15978716458808312674
HIT 3 2027255038100 472 15455461856003648622
HIT 3 2031550005396 473 10365985296220030596
HIT 3 2035844972692 474 12827656797108582701
HIT 3 2040139939988 475 17133971829214459641
HIT 3 2044434907284 476 16369796219357858988
HIT 3 2048729874580 477 843408489941186401
HIT 3 2053024841876 478 12681834482470628383
HIT 3 2057319809172 479 3490986654597664595
HIT 3 2061614776468 480 9052304279568210284
HIT 3 2065909743764 481 14476513241191361679
HIT 3 2070204711060 482 4001782995741761444
HIT 3 2074499678356 483 17520512014872641313
HIT 3 2078794645652 484 2499265526610097103
HIT 3 2083089612948 485 17547545508275821607
HIT 3 2087384580244 486 11008919447763169995
HIT 3 2091679547540 487 18335809753156367158
HIT 3 2095974514836 488 12871166144210535055
HIT 3 2100269482132 489 11660799402216193774
HIT 3 2104564449428 490 9615880753172596814
HIT 3 2108859416724 491 292434366345405586
HIT 3 2113154384020 492 14512709105009250956
HIT 3 2117449351316 493 12776512539564953335
HIT 3 2121744318612 494 17708635488565687106
HIT 3 2126039285908 495 6581779321886726897
HIT 3 2130334253204 496 17559987880951328313
HIT 3 2134629220500 497 17294714270333396948
HIT 3 2138924187796 498 8067138362625326186
HIT 3 2143219155092 499 1217028793933647869
HIT 3 2147514122388 500 10759725295254511023
HIT 3 2151809089684 501 1673668268942152894
HIT 3 2156104056980 502 18191907557838033858
HIT 3 2160399024276 503 8480122974191682488
HIT 3 2164693991572 504 14319210023459010819
HIT 3 2168988958868 505 1033257732443723392
HIT 3 2173283926164 506 17994454390620060781
HIT 3 2177578893460 507 15898405148954074034
HIT 3 2181873860756 508 17187830430065899321
HIT 3 2186168828052 509 14661850270654942602
HIT 3 2190463795348 510 7837603801788605983
HIT 3 2194758762644 511 561102342999745007
HIT 3 2014370201748 469 2405525072408620234
HIT 3 2143219220628 499 3431947960781641798
HIT 3 2134629351572 497 4891582582533160999
HIT 3 2138924318868 498 7345471051032687931
HIT 3 2143219286164 499 6909248620579369195
HIT 3 2151809220756 501 870329848521310521
HIT 3 2143219351700 499 606068546785756412
HIT 3 2143219417236 499 17041531000253178939
HIT 3 2143219482772 499 8152475928523528530
HIT 3 2143219548308 499 14398417256293715174
HIT 3 2143219613844 499 7280404679941909981
HIT 3 2143219679380 499 1021942261273017981
HIT 3 2143219744916 499 9320241497404514269
HIT 3 2143219810452 499 8144206593905123298
HIT 3 2143219875988 499 18361070849731606313
HIT 3 2143219941524 499 9374827411389593167
HIT 3 2143220007060 499 2326681370358462732
HIT 3 2143220072596 499 5572161850175697786
HIT 3 2143220138132 499 1027133062499401335
HIT 3 2143220203668 499 1988959492516847681
HIT 3 2143220269204 499 3554933944101694172
HIT 3 2143220334740 499 3525098985708708593
HIT 3 2143220400276 499 3394536008307274132
HIT 3 2143220465812 499 185146759690692851
HIT 3 2143220531348 499 17718368386334496420
HIT 3 2143220596884 499 9550372826983024575
HIT 3 2143220662420 499 14956573206542824760
HIT 3 2143220727956 499 14965262553750231698
HIT 3 2143220793492 499 15621523224815206116
HIT 3 2143220859028 499 17090452087063067955
HIT 3 2143220924564 499 6134196217644661890
HIT 3 2143220990100 499 13125764838718329501
HIT 3 2143221055636 499 12603740526244040731
HIT 3 2134631186580 497 12603740526244040731
HIT 3 2143221121172 499 7847301372649234701
HIT 3 2143221186708 499 13466488335755499297
HIT 3 2151811121300 501 11453221907852081417
HIT 3 2143221252244 499 11453221907852081417
HIT 3 2147516285076 500 8791846938374540607
HIT 3 2151811252372 501 17372352577873880262
HIT 3 2160401186964 503 17216212675019095290
HIT 3 2147516350612 500 16207229948003110617
HIT 3 2151811317908 501 17216212675019095290
HIT 3 2156106285204 502 8791846938374540607
HIT 3 2160401252500 503 5792328594539530379
HIT 3 2164696219796 504 8929211550691132731
HIT 3 2168991187092 505 9868719710591056123
HIT 3 2173286154388 506 17248404462888151225
HIT 3 2177581121684 507 16927620474806504981
HIT 3 2181876088980 508 16126863027778290810
HIT 3 2186171056276 509 9755621907530176532
HIT 3 2190466023572 510 14753431243249475124
HIT 3 2194760990868 511 16394171880932237267
HIT 3 2160401318036 503 16643693576621827425
HIT 3 1627812987030 379 7879309940441631040
HIT 3 1997180174486 465 441834753904337580
HIT 3 2143209062550 499 7134095813632192963
HIT 3 1352935145622 315 16883787779951617785
HIT 3 1627813052566 379 7050824480535493213
HIT 3 1997180240022 465 5460214876625899676
HIT 3 2143209128086 499 6792177663034292774
HIT 3 1619223183510 377 12910868117758393870
HIT 3 1623518150806 378 17569626590338829720
HIT 3 1627813118102 379 4213545360312468699
HIT 3 1636403052694 381 904456001641542432
HIT 3 1988590370966 463 13334149630075697320
HIT 3 1992885338262 464 13200690167974244809
HIT 3 1997180305558 465 14293309673151165071
HIT 3 2005770240150 467 16037231644322191570
HIT 3 2134619259030 497 4162219855508375670
HIT 3 2138914226326 498 4254196662863698512
HIT 3 2143209193622 499 13153676515668730761
HIT 3 2151799128214 501 10186043869571564829
HIT 3 1627813249174 379 7350475831569338933
HIT 3 1997180436630 465 13880372043048893276
HIT 3 2143209324694 499 5843583264021352088
HIT 3 1997184499862 465 7546101722186398502
HIT 3 2143213387926 499 14261067775417419838
HIT 3 1636407312534 381 4105432445298677676
HIT 3 1997184565398 465 11201408925813402110
HIT 3 2143213453462 499 456265618248324527
HIT 3 1988594696342 463 9764840084268537043
HIT 3 1992889663638 464 16960987461609100228
HIT 3 1997184630934 465 10293187320054439317
HIT 3 2005774565526 467 12464488029237783503
HIT 3 2134623584406 497 1742772293250761915
HIT 3 2138918551702 498 11233152093863516845
HIT 3 2143213518998 499 12078438944089758606
HIT 3 2151803453590 501 11841663752919109067
HIT 3 1997184762006 465 9805094513811850485
HIT 3 2143213650070 499 10918299852983235638
HIT 3 2143219024022 499 15953208086006716271
HIT 3 2005780136086 467 15118461308514744010
HIT 3 2143219089558 499 4389449807721585404
HIT 3 2134629220502 497 7480423136603919971
HIT 3 2138924187798 498 4017778286460023443
HIT 3 2143219155094 499 2003405197826775328
HIT 3 2151809089686 501 6039868612911326507
HIT 3 2143219286166 499 16149260699885561148
HIT 3 2151811252374 501 3269139901115727999
HIT 3 1627813118103 379 16834162684180589577
HIT 3 1997180305559 465 17221186633026584173
HIT 3 2143209193623 499 17097326650037160191
HIT 3 1627813118104 379 14949034405737758394
HIT 3 1997180305560 465 12440585726261751090
HIT 3 2143209193624 499 17845611496921957682
HIT 3 1997184630936 465 15413698234592774653
HIT 3 2143213519000 499 14709340473241625371
HIT 3 1997184630935 465 11814992775871305278
HIT 3 2143213518999 499 4352804697203460943
HIT 3 2143219155096 499 8301262697626682853
HIT 3 2143219155095 499 1036247109170364051
HIT 3 1627813118105 379 16512397700612807298
HIT 3 1997180305561 465 5208270076852526255
HIT 3 2143209193625 499 9454342789969142542
HIT 3 1627813118106 379 17604724451598157690
HIT 3 1997180305562 465 4741818187430884758
HIT 3 2143209193626 499 1716142714081788803
HIT 3 1997184630937 465 4418564067512782796
HIT 3 2143213519001 499 215817098166796875
HIT 3 1627813118107 379 11202102442976995199
HIT 3 1997180305563 465 988980973456913143
HIT 3 2143209193627 499 16702805738499511069
HIT 3 2143219155097 499 6750010580172687084
HIT 3 1997184630938 465 17864126857946588981
HIT 3 2143213519002 499 14793955220167459210
HIT 3 1997184630939 465 14593067896326623768
HIT 3 2143213519003 499 554761634216203204
HIT 3 2143219155098 499 6304529249642066662
HIT 3 2143219155099 499 15487141821901989553
HIT 3 1627813118108 379 12361243731555127719
HIT 3 1997180305564 465 6498545163723442255
HIT 3 2143209193628 499 6875151656911420862
HIT 3 1997184630940 465 11473344926463719948
HIT 3 2143213519004 499 1276900472849457777
HIT 3 2143219155100 499 15547866339546975324
HIT 3 1627813118109 379 15972407918871407333
HIT 3 1997180305565 465 5379190574394458226
HIT 3 2143209193629 499 8230092364053972246
HIT 3 1627813118110 379 4939596966235255446
HIT 3 1997180305566 465 1135534582713193072
HIT 3 2143209193630 499 5446459595949809100
HIT 3 1997184630941 465 2136254399342258630
HIT 3 2143213519005 499 16221814739648459709
HIT 3 2143219155101 499 6453108133438374123
HIT 3 1997184630942 465 13431359064702718466
HIT 3 2143213519006 499 18018430987469516879
HIT 3 1627813118111 379 1957780130337958849
HIT 3 1997180305567 465 858973606665236002
HIT 3 2143209193631 499 8759746163001859292
HIT 3 2143219155102 499 11812274712205771985
HIT 3 1627813118112 379 14297132959693420003
HIT 3 1997180305568 465 10228545468960758894
HIT 3 2143209193632 499 18437113996551989425
HIT 3 1997184630943 465 11560264708189868081
HIT 3 2143213519007 499 15379355649256759191
HIT 3 2143219155103 499 10160715287896353843
HIT 3 1997184630944 465 17584830116307578187
HIT 3 2143213519008 499 17549409390640016967
HIT 3 2143219155104 499 16443414019274151052
HIT 3 1627813118113 379 2044250343885087707
HIT 3 1997180305569 465 8570934429934247973
HIT 3 2143209193633 499 175937446209186935
HIT 3 1627813118114 379 6020132601638111111
HIT 3 1997180305570 465 3962453647567103267
HIT 3 2143209193634 499 1479042245856125446
HIT 3 1997184630946 465 9700905629334132629
HIT 3 2143213519010 499 4158919402375312960
HIT 3 1627813118115 379 15201367423045284568
HIT 3 1997180305571 465 1461838064177823955
HIT 3 2143209193635 499 5521551770545244062
HIT 3 1627813118116 379 13838389498040983258
HIT 3 1997180305572 465 325536367559181816
HIT 3 2143209193636 499 4022228148426238022
HIT 3 1997184630945 465 11056179279098969831
HIT 3 2143213519009 499 8690685658874153915
HIT 3 2143219155106 499 6633644230659937181
HIT 3 1997184630948 465 12264204540806509511
HIT 3 2143213519012 499 3367263837952436021
HIT 3 2143219155105 499 8781862561964905305
HIT 3 1997184630947 465 6856514698374070133
HIT 3 2143213519011 499 10060443516354384337
HIT 3 2143219155108 499 17547248928955657578
HIT 3 2143219155107 499 5837530505715321616
HIT 3 1627813118119 379 10179777566049353677
HIT 3 1997180305575 465 8553399559191988106
HIT 3 2143209193639 499 18347254978923223923
HIT 3 1997184630951 465 8447352096009368500
HIT 3 2143213519015 499 14508829549042435090
HIT 3 2143219155111 499 2488747338819461085
HIT 3 1627813118117 379 6509391986787958169
HIT 3 1997180305573 465 5029779533896596154
HIT 3 2143209193637 499 2337155044154530728
HIT 3 1627813118118 379 5225134922386749969
HIT 3 1997180305574 465 12863655419905808176
HIT 3 2143209193638 499 4706027940921847177
HIT 3 1627813118120 379 7440955073735536886
HIT 3 1997180305576 465 4298933209929370852
HIT 3 2143209193640 499 15788402376980249185
HIT 3 1997184630949 465 3226340028541111224
HIT 3 2143213519013 499 3217055238554106276
HIT 3 2143219155109 499 18022524101957632825
HIT 3 1997184630952 465 9665477501008258163
HIT 3 2143213519016 499 8965909351416855158
HIT 3 1997184630950 465 16219975701892048040
HIT 3 2143213519014 499 9558601877719032878
HIT 3 2143219155112 499 12485064137299678845
HIT 3 2143219155110 499 1156373918073601329
HIT 3 1627813118121 379 6542447463451274570
HIT 3 1997180305577 465 6491840910093468591
HIT 3 2143209193641 499 11286546805262187651
HIT 3 1997184630953 465 2865059666032263876
HIT 3 2143213519017 499 9574579161447854621
HIT 3 2143219155113 499 3193231992162075450
HIT 3 1627813118122 379 4342063693832081858
HIT 3 1997180305578 465 15284680208239560297
HIT 3 2143209193642 499 16321060408723561264
HIT 3 1627813118123 379 7237751429030565446
HIT 3 1997180305579 465 8012145288033223598
HIT 3 2143209193643 499 8040742833736318700
HIT 3 1997184630955 465 18335796150451165003
HIT 3 2143213519019 499 13320841199906022292
HIT 3 1997184630954 465 6226428187434606512
HIT 3 2143213519018 499 12949681007569410686
HIT 3 2143219155114 499 283664773665137002
HIT 3 2143219155115 499 10465902697649856251
HIT 3 1627813118124 379 8866021935412594488
HIT 3 1997180305580 465 4327597445343159996
HIT 3 2143209193644 499 418740497085422821
HIT 3 1627813118125 379 16455915056569713002
HIT 3 1997180305581 465 5057341002824654540
HIT 3 2143209193645 499 15552448429529117969
HIT 3 1997184630957 465 39259104424955330
HIT 3 2143213519021 499 11830476053208710693
HIT 3 2143219155117 499 9906119601652558110
HIT 3 1997184630956 465 4729209729625994464
HIT 3 2143213519020 499 3165829509583788160
HIT 3 2143219155116 499 11041017949410667576
HIT 3 1627813118126 379 13487879604151485863
HIT 3 1997180305582 465 16737589359448791167
HIT 3 1627813118128 379 2267113738077344341
HIT 3 1997180305584 465 10674900691268214901
HIT 3 2143209193648 499 2260054539773648323
HIT 3 2143209193646 499 13291564065279992621
HIT 3 1997184630960 465 14849928732086456833
HIT 3 2143213519024 499 11894692818629919749
HIT 3 1627813118127 379 8009903024088187344
HIT 3 1997180305583 465 2761018362958593486
HIT 3 2143209193647 499 14090386195503749114
HIT 3 2143219155120 499 8771027359675063714
HIT 3 1997184630958 465 2644296954487439033
HIT 3 2143213519022 499 890995364294036397
HIT 3 2143219155118 499 11982377193318211078
HIT 3 1997184630959 465 9851786326604369545
HIT 3 2143213519023 499 2989456081348920732
HIT 3 2143219155119 499 10373316434951282150
HIT 3 1627813118129 379 673443110868275692
HIT 3 1997180305585 465 11446672294684182235
HIT 3 2143209193649 499 7462788592322030609
HIT 3 1627813118130 379 681744071420417402
HIT 3 1997180305586 465 425463657162087132
HIT 3 2143209193650 499 6272626068447909039
HIT 3 1997184630962 465 11302303851124157300
HIT 3 2143213519026 499 3019327473412847438
HIT 3 1997184630961 465 5284793320765133856
HIT 3 2143213519025 499 16866364271068521447
HIT 3 2143219155122 499 8153637198693187806
HIT 3 2143219155121 499 15777945717094285223
HIT 3 1627813118132 379 18063053529056667273
HIT 3 1997180305588 465 7792044614685527782
HIT 3 2143209193652 499 17877807874039326065
HIT 3 1627813118131 379 4686157231192305535
HIT 3 1997180305587 465 7040139248370548587
HIT 3 2143209193651 499 1516625242980325731
HIT 3 1997184630964 465 15139602506311556067
HIT 3 2143213519028 499 17971410370137767990
HIT 3 2143219155124 499 1935130606764952859
HIT 3 1627813118133 379 13324362768189526630
HIT 3 1997180305589 465 10689524505464980003
HIT 3 2143209193653 499 4146437992537628825
HIT 3 1997184630963 465 6126052951444554270
HIT 3 2143213519027 499 2552081785714220311
HIT 3 1997184630965 465 18012726955465977433
HIT 3 2143213519029 499 4362892423963468702
HIT 3 2143219155123 499 12169953555530802811
HIT 3 2143219155125 499 8706284368501180152
HIT 3 1627813118134 379 15521391037626543360
HIT 3 1997180305590 465 11532400149499352307
HIT 3 2143209193654 499 12206843971433282140
HIT 3 1627813118135 379 609218407068879528
HIT 3 1997180305591 465 17856701685761860127
HIT 3 2143209193655 499 15036393135410801656
HIT 3 1997184630967 465 2405104348888509096
HIT 3 2143213519031 499 13528255632643143222
HIT 3 1997184630966 465 6444766495305165708
HIT 3 2143213519030 499 8899328828874898987
HIT 3 2143219155126 499 3954630430064437214
HIT 3 2143219155127 499 16678895186855818770
HIT 3 1627813118137 379 3446571617349509646
HIT 3 1997180305593 465 10393048811671522841
HIT 3 2143209193657 499 15005960167288235785
HIT 3 1997184630969 465 6078432794764108766
HIT 3 2143213519033 499 353326013238955347
HIT 3 2143219155129 499 14935106267348954420
HIT 3 1627813118136 379 3792707480579584835
HIT 3 1997180305592 465 12098950910091122470
HIT 3 2143209193656 499 15414881933045932483
HIT 3 1627813118138 379 12969296091686011997
HIT 3 1997180305594 465 12498097189720166364
HIT 3 2143209193658 499 11013207330955111796
HIT 3 1997184630968 465 5049100863543842653
HIT 3 2143213519032 499 10638629747214047064
HIT 3 1997184630970 465 7340332342856785098
HIT 3 2143213519034 499 3007122421204139308
HIT 3 1627813118139 379 11038942838896555130
HIT 3 1997180305595 465 16032906570659240854
HIT 3 2143209193659 499 2608255010975077922
HIT 3 2143219155130 499 270888825939277804
HIT 3 2143219155128 499 4198384880638708173
HIT 3 1627813118140 379 2569182232237084084
HIT 3 1997180305596 465 18150781528817028794
HIT 3 2143209193660 499 13469951084873130309
HIT 3 1997184630971 465 5549054196302683903
HIT 3 2143213519035 499 17577688897937095482
HIT 3 1997184630972 465 11390720051431971517
HIT 3 2143213519036 499 14814675802188586354
HIT 3 2143219155132 499 1340316549982899528
HIT 3 2143219155131 499 17645829283078544195
HIT 3 1627813118141 379 3791769361763575699
HIT 3 1997180305597 465 13483294405971337155
HIT 3 2143209193661 499 14650412823951787382
HIT 3 1997184630973 465 5060323329598468240
HIT 3 2143213519037 499 2478402564251398803
HIT 3 1627813118142 379 11774055225625152966
HIT 3 1997180305598 465 595626515380893236
HIT 3 2143209193662 499 11041499798960381353
HIT 3 2143219155133 499 6184971788654938229
HIT 3 1627813118143 379 3192702958203837712
HIT 3 1997180305599 465 7530230950267162373
HIT 3 2143209193663 499 5907953686083648125
HIT 3 1997184630974 465 6891803453698808481
HIT 3 2143213519038 499 17512569002775109520
HIT 3 1997184630975 465 1974893092760886983
HIT 3 2143213519039 499 15804996655793748741
HIT 3 2143219155135 499 16288101347136497013
HIT 3 1627813118144 379 8472378380506170294
HIT 3 1627813118145 379 14680024347136815826
HIT 3 1997180305600 465 16164708535291420901
HIT 3 1997180305601 465 8232450735008548384
HIT 3 2143209193664 499 3714305682722438098
HIT 3 2143209193665 499 12131078978943423207
HIT 3 2143219155134 499 5992837745169513469
HIT 3 1997184630977 465 10783405400010413773
HIT 3 2143213519041 499 6648357507442147748
HIT 3 1997184630976 465 8019159971383169344
HIT 3 2143213519040 499 2937996631365717318
HIT 3 1627813118146 379 6633566177970530690
HIT 3 1997180305602 465 3780968386219998297
HIT 3 2143209193666 499 12444671622312619999
HIT 3 2143219155137 499 3268854860238504086
HIT 3 2143219155136 499 3162172438110337335
HIT 3 1997184630978 465 9375162934591084385
HIT 3 2143213519042 499 7700264358664030892
HIT 3 2143219155138 499 15483015574622787452
HIT 3 1627813118148 379 16276167446318890817
HIT 3 1997180305604 465 11505483705425958504
HIT 3 2143209193668 499 5072342748764532867
HIT 3 1627813118147 379 1327533461260175445
HIT 3 1997180305603 465 6318687350153944295
HIT 3 2143209193667 499 6289077739975121585
HIT 3 1997184630980 465 10092415566176190750
HIT 3 2143213519044 499 2984029421332841372
HIT 3 1997184630979 465 6362271082970777707
HIT 3 2143213519043 499 3373244680078296156
HIT 3 2143219155140 499 5485841782112494903
HIT 3 2143219155139 499 13308216464701249843
HIT 3 1627813118150 379 5562309818913972980
HIT 3 1997180305606 465 9491040606206878838
HIT 3 2143209193670 499 7359057788132429484
HIT 3 1627813118149 379 5314488914810490496
HIT 3 1997180305605 465 6700148104719618218
HIT 3 2143209193669 499 3210636217631834985
HIT 3 1997184630982 465 12384290822472137975
HIT 3 2143213519046 499 3681578082296295248
HIT 3 2143219155142 499 3187206370624909354
HIT 3 1997184630981 465 14590382711177217492
HIT 3 2143213519045 499 13052173470012577423
HIT 3 1627813118151 379 4226625418321075960
HIT 3 1997180305607 465 135861903790717935
HIT 3 2143209193671 499 1436133578263291848
HIT 3 2143219155141 499 12185640551850083787
HIT 3 1997184630983 465 11118409402609843425
HIT 3 2143213519047 499 3716695517868221376
HIT 3 1627813118152 379 9539474815500936745
HIT 3 1997180305608 465 9916207283552102159
HIT 3 2143209193672 499 6399828100661135285
HIT 3 2143219155143 499 9659117420198325695
HIT 3 1627813118153 379 16473371977081351711
HIT 3 1997180305609 465 9236594804473545953
HIT 3 2143209193673 499 5360490354038143387
HIT 3 1997184630984 465 10302591888363271746
HIT 3 2143213519048 499 17269162427934096725
HIT 3 1997184630985 465 16964149572168410222
HIT 3 2143213519049 499 5692585707634058693
HIT 3 1627813118154 379 11335293581155295304
HIT 3 1997180305610 465 2616580525689516515
HIT 3 2143209193674 499 5363820086377499001
HIT 3 2143219155144 499 18403220073850994685
HIT 3 2143219155145 499 1297305396657445573
HIT 3 1627813118155 379 12930797976840953475
HIT 3 1997180305611 465 1149539133498573888
HIT 3 2143209193675 499 3863106668357601595
HIT 3 1997184630986 465 1287643120172451887
HIT 3 2143213519050 499 6759260125998665
HIT 3 1997184630987 465 14392414099922900340
HIT 3 2143213519051 499 10663715242539467595
HIT 3 2143219155146 499 11766244922528341422
HIT 3 2143219155147 499 16980588702707782714
HIT 3 1627813118157 379 18031295674582433987
HIT 3 1997180305613 465 15496844191980215249
HIT 3 2143209193677 499 8783336516479618092
HIT 3 1627813118156 379 12517516195794590155
HIT 3 1997180305612 465 16151366358669310566
HIT 3 2143209193676 499 8734460577183405863
HIT 3 1997184630989 465 4177468197651791363
HIT 3 2143213519053 499 10037577608626144085
HIT 3 1997184630988 465 7357412326970072934
HIT 3 2143213519052 499 3870463769347106016
HIT 3 2143219155149 499 1989666580850021374
HIT 3 1627813118159 379 13375497005701812758
HIT 3 1997180305615 465 9176818782635767032
HIT 3 2143209193679 499 14919136888824682786
HIT 3 2143219155148 499 12190155280563424814
HIT 3 1997184630991 465 7185502441314961963
HIT 3 2143213519055 499 16228375867442314666
HIT 3 1627813118158 379 6033546493137500519
HIT 3 1997180305614 465 1505585734601853734
HIT 3 2143209193678 499 18324388654846174280
HIT 3 2143219155151 499 15551161723700756544
HIT 3 1627813118160 379 2070626811449438364
HIT 3 1997180305616 465 1060859435422662918
HIT 3 2143209193680 499 16345149494952206413
HIT 3 1997184630992 465 8736170883456795633
HIT 3 2143213519056 499 17232367968201181594
HIT 3 1997184630990 465 7491781341068479182
HIT 3 2143213519054 499 1527158225894525852
HIT 3 2143219155152 499 10256364980412563619
HIT 3 2143219155150 499 1825678509767813131
HIT 3 1627813118162 379 1362845725081865532
HIT 3 1997180305618 465 10859481320983966350
HIT 3 2143209193682 499 4098946381600125475
HIT 3 1627813118161 379 16417350945123599494
HIT 3 1997180305617 465 4027613034729475223
HIT 3 2143209193681 499 2348284850894951426
HIT 3 1997184630994 465 13096823216213027661
HIT 3 2143213519058 499 6570905301649727694
HIT 3 2143219155154 499 9948077975723978402
HIT 3 1627813118163 379 14381359608272289812
HIT 3 1997180305619 465 9336894353860412392
HIT 3 2143209193683 499 160832928182106317
HIT 3 1997184630993 465 18046497625640511397
HIT 3 2143213519057 499 210469172307063501
HIT 3 2143219155153 499 14251286002060714884
HIT 3 1997184630995 465 16503090103888827659
HIT 3 2143213519059 499 15998443879308612099
HIT 3 2143219155155 499 13266120769418733052
HIT 3 1627813118165 379 3999694489833574004
HIT 3 1997180305621 465 16819647611214444336
HIT 3 2143209193685 499 18001121631844032356
HIT 3 1627813118164 379 6449702182257842912
HIT 3 1997180305620 465 16645916235201737099
HIT 3 2143209193684 499 8756486916230609982
HIT 3 1997184630997 465 3918400019734393253
HIT 3 2143213519061 499 15444351102859119449
HIT 3 1997184630996 465 9786397304610622999
HIT 3 2143213519060 499 17829264498315284527
HIT 3 2143219155157 499 17235738990819969852
HIT 3 1627813118166 379 8865464543107750495
HIT 3 1997180305622 465 17554091441890312680
HIT 3 2143209193686 499 10637190529327399833
HIT 3 1627813118167 379 4861678184345467138
HIT 3 1997180305623 465 14747297310580012864
HIT 3 2143209193687 499 2044208622204691444
HIT 3 2143219155156 499 16708315156207980634
HIT 3 1997184630999 465 2537178266391015324
HIT 3 2143213519063 499 15966981739643704695
HIT 3 1997184630998 465 10580231668095381234
HIT 3 2143213519062 499 15146669413283399418
HIT 3 2143219155159 499 13302944098830820590
HIT 3 2143219155158 499 1197884330186509860
HIT 3 1627813118168 379 11068201175793652446
HIT 3 1997180305624 465 14065395378673497215
HIT 3 2143209193688 499 1058734491831010795
HIT 3 1627813118169 379 8828481049044961839
HIT 3 1997180305625 465 15205154325540579988
HIT 3 2143209193689 499 10299804898057146155
HIT 3 1997184631000 465 7985856082983644830
HIT 3 2143213519064 499 18190967954380909912
HIT 3 1997184631001 465 2801840428211638424
HIT 3 2143213519065 499 71955090694895101
HIT 3 1627813118170 379 2063648870078608571
HIT 3 1997180305626 465 17600182317074755296
HIT 3 2143209193690 499 14916803328411149313
HIT 3 2143219155160 499 6413094498130130905
HIT 3 2143219155161 499 13224543061810150288
HIT 3 1627813118171 379 10744425074538960389
HIT 3 1997180305627 465 3159118945751210036
HIT 3 2143209193691 499 10370608239212091827
HIT 3 1997184631002 465 12646612581231804966
HIT 3 2143213519066 499 12580670948839951879
HIT 3 1997184631003 465 18042198901799310619
HIT 3 2143213519067 499 6116797250334911098
HIT 3 2143219155162 499 16642754733253473643
HIT 3 1627813118172 379 1484291943884707306
HIT 3 1997180305628 465 8767685167438740577
HIT 3 2143209193692 499 7594370461068376653
HIT 3 2143219155163 499 5619325459749007009
HIT 3 1627813118173 379 15290792157622800050
HIT 3 1997180305629 465 4411493659733915001
HIT 3 2143209193693 499 14668062573801463313
HIT 3 1627813118175 379 12095388340590537456
HIT 3 1997180305631 465 13063518343485634820
HIT 3 2143209193695 499 14448170107187945004
HIT 3 1997184631004 465 5897106917211458436
HIT 3 2143213519068 499 9531877736613850696
HIT 3 1627813118174 379 2851604896106495055
HIT 3 1997180305630 465 16273607640850005559
HIT 3 2143209193694 499 16201434979218608123
HIT 3 1997184631007 465 7560181380065392421
HIT 3 2143213519071 499 608290322008267238
HIT 3 2143219155164 499 9613934419119689272
HIT 3 1997184631005 465 4256811082966402503
HIT 3 2143213519069 499 14929291397074095958
HIT 3 2143219155167 499 4725112328242677791
HIT 3 2143219155165 499 11022199746655367183
HIT 3 1997184631006 465 7049716355530087816
HIT 3 2143213519070 499 18251584026305909542
HIT 3 2143219155166 499 17239124989391726595
HIT 3 1627813118177 379 15112784084422976854
HIT 3 1997180305633 465 18314146998542859923
HIT 3 2143209193697 499 5668801508709402004
HIT 3 1997184631009 465 5944635850332289727
HIT 3 2143213519073 499 12571978066537036870
HIT 3 1627813118176 379 4914033829673263701
HIT 3 1997180305632 465 14744629094275015443
HIT 3 2143209193696 499 11773644776151279402
HIT 3 2143219155169 499 6269066151045927796
HIT 3 1627813118178 379 14055838086514123927
HIT 3 1997180305634 465 7531980159314066491
HIT 3 2143209193698 499 2886843685977487358
HIT 3 1997184631008 465 8408785659479920214
HIT 3 2143213519072 499 5175992957366301376
HIT 3 1997184631010 465 15164583703271797140
HIT 3 2143213519074 499 15785228472887216840
HIT 3 1627813118179 379 7438105315012441834
HIT 3 1997180305635 465 5951677138951959773
HIT 3 2143209193699 499 8498184046308038278
HIT 3 2143219155168 499 3499523012727493807
HIT 3 2143219155170 499 14909435071781458319
HIT 3 1997184631011 465 16199252152148487490
HIT 3 2143213519075 499 7139796614836819135
HIT 3 1627813118180 379 387308944887634816
HIT 3 1997180305636 465 13581169597585032556
HIT 3 2143209193700 499 13029350723471773687
HIT 3 2143219155171 499 8095332861425886318
HIT 3 1997184631012 465 13658483038776948493
HIT 3 2143213519076 499 8234445821627769653
HIT 3 1627813118181 379 15415137479125201058
HIT 3 1997180305637 465 9921508583983946926
HIT 3 2143209193701 499 16669932999705507749
HIT 3 2143219155172 499 951978118316157306
HIT 3 1627813118182 379 13402308174673444081
HIT 3 1997180305638 465 11007635389563106813
HIT 3 2143209193702 499 10855660277593540141
HIT 3 1997184631013 465 18344676612888086182
HIT 3 2143213519077 499 5576632815658222839
HIT 3 1627813118183 379 630322543115731650
HIT 3 1997180305639 465 991167552647968169
HIT 3 2143209193703 499 15210812269960590574
HIT 3 2143219155173 499 6116188455628093674
HIT 3 1997184631014 465 13744126424113740179
HIT 3 2143213519078 499 11908809758684843975
HIT 3 2143219155174 499 14589295204292280535
HIT 3 1627813118184 379 5142953406917547277
HIT 3 1997180305640 465 1884896057208664330
HIT 3 2143209193704 499 2686467219030248231
HIT 3 1997184631015 465 1603197500609732713
HIT 3 2143213519079 499 13481567568290585801
HIT 3 2143219155175 499 18337305353292837151
HIT 3 1997184631016 465 7250796689516935592
HIT 3 2143213519080 499 14973592079007331213
HIT 3 1627813118186 379 16024021895089304298
HIT 3 1997180305642 465 11732077301400669713
HIT 3 2143209193706 499 6839517675772829016
HIT 3 1627813118185 379 6956967051475552051
HIT 3 1997180305641 465 3281626712522736373
HIT 3 2143209193705 499 8174260358998412283
HIT 3 2143219155176 499 4913322527644026642
HIT 3 1627813118187 379 9952064578860018239
HIT 3 1997180305643 465 10480910692136017186
HIT 3 2143209193707 499 2621774893415044776
HIT 3 1997184631018 465 8876585633806896898
HIT 3 2143213519082 499 8618439404194844346
HIT 3 2143219155178 499 10094580594074989853
HIT 3 1997184631019 465 201086190539937058
HIT 3 2143213519083 499 14939529978006190983
HIT 3 1627813118188 379 9501565560349515617
HIT 3 1997180305644 465 2591509957850471762
HIT 3 2143209193708 499 9461509776188468627
HIT 3 2143219155179 499 8547864831704691493
HIT 3 1997184631017 465 4980807218468057033
HIT 3 2143213519081 499 11159436201107514231
HIT 3 1997184631020 465 10490790990108574084
HIT 3 2143213519084 499 11575118570638224548
HIT 3 2143219155177 499 4782156531514841540
HIT 3 1627813118189 379 14158241707076464878
HIT 3 1997180305645 465 14275542208223067667
HIT 3 2143209193709 499 12237873634968510364
HIT 3 2143219155180 499 16817337890468882791
HIT 3 1627813118190 379 5767303414937128613
HIT 3 1997180305646 465 13284195387222567597
HIT 3 2143209193710 499 12320213420277926519
HIT 3 1997184631021 465 8932629244589298124
HIT 3 2143213519085 499 12244292779383342454
HIT 3 1997184631022 465 6121438721345897322
HIT 3 2143213519086 499 7713564427489797476
HIT 3 2143219155181 499 15626890985940653648
HIT 3 1627813118192 379 5668985081681332567
HIT 3 1997180305648 465 16214251998210613603
HIT 3 2143209193712 499 6592832054142596070
HIT 3 1627813118191 379 17711778209452677319
HIT 3 1997180305647 465 13975060253930998418
HIT 3 2143209193711 499 5453278677725325130
HIT 3 2143219155182 499 1716448187230619319
HIT 3 1997184631023 465 9637572840649508859
HIT 3 2143213519087 499 4396397978293619650
HIT 3 1997184631024 465 3423587512713121861
HIT 3 2143213519088 499 17103762088188915107
HIT 3 1627813118193 379 6890304496813239371
HIT 3 1997180305649 465 6049815470436775015
HIT 3 2143209193713 499 11345342563750783301
HIT 3 2143219155183 499 1368545743013936288
HIT 3 2143219155184 499 2281434762751552899
HIT 3 1627813118194 379 17982233777818670218
HIT 3 1997180305650 465 5025648968453309853
HIT 3 2143209193714 499 8205122272304020575
HIT 3 1997184631025 465 15182452367621971613
HIT 3 2143213519089 499 8266395047813078619
HIT 3 1997184631026 465 1121687112368249662
HIT 3 2143213519090 499 16743950521588067313
HIT 3 2143219155185 499 11836061373740023343
HIT 3 1627813118196 379 10012954186208755233
HIT 3 1997180305652 465 1078970007096964929
HIT 3 2143209193716 499 10309877974587484837
HIT 3 1627813118195 379 9081987141559372189
HIT 3 1997180305651 465 8439578250402686525
HIT 3 2143209193715 499 18434223686278039453
HIT 3 2143219155186 499 1495120449019104080
HIT 3 1997184631028 465 14808036505509952302
HIT 3 2143213519092 499 15332247352787540241
HIT 3 1627813118197 379 3489119726130788241
HIT 3 1997180305653 465 2714769606180739508
HIT 3 2143209193717 499 4733126778824426368
HIT 3 2143219155188 499 13911174287717245993
HIT 3 1997184631027 465 937371610109240861
HIT 3 2143213519091 499 17691104896087080375
HIT 3 1997184631029 465 327540726930784572
HIT 3 2143213519093 499 8432106116648452496
HIT 3 1627813118198 379 18335822682789000720
HIT 3 1997180305654 465 1372054560130933160
HIT 3 2143209193718 499 14921749282375930848
HIT 3 2143219155189 499 2195762694447946485
HIT 3 1627813118199 379 3499542369593316915
HIT 3 1997180305655 465 4646279276470762765
HIT 3 2143209193719 499 14209070243422399172
HIT 3 2143219155187 499 17387263753410030626
HIT 3 1997184631030 465 17141907056057670764
HIT 3 2143213519094 499 4431553250338198322
HIT 3 2143219155190 499 5450977599637150787
HIT 3 1997184631031 465 11819605381674848555
HIT 3 2143213519095 499 1772128127763650250
HIT 3 1627813118200 379 6072406106487652339
HIT 3 1997180305656 465 3237710337575743311
HIT 3 2143209193720 499 5693586352257013648
HIT 3 2143219155191 499 14729814118013744085
HIT 3 1627813118202 379 5355031349492979161
HIT 3 1997180305658 465 16827047740831167307
HIT 3 2143209193722 499 2759393052927671218
HIT 3 1627813118201 379 8334887532934653562
HIT 3 1997180305657 465 9761753401911319361
HIT 3 2143209193721 499 7139977778974102916
HIT 3 1997184631032 465 163922504499681700
HIT 3 2143213519096 499 4119214098668213972
HIT 3 2143219155192 499 6824696991234317572
HIT 3 1627813118203 379 10954940979105067249
HIT 3 1997180305659 465 10482147425166954853
HIT 3 2143209193723 499 8041791217471524766
HIT 3 1997184631034 465 4370675077993588216
HIT 3 2143213519098 499 15437702022754669608
HIT 3 1997184631033 465 11112382254623987206
HIT 3 2143213519097 499 416837892599259732
HIT 3 2143219155194 499 410521748005907545
HIT 3 2143219155193 499 10818659677435945271
HIT 3 1997184631035 465 7570311052265279250
HIT 3 2143213519099 499 11609549637194800584
HIT 3 1627813118204 379 8497593168292040663
HIT 3 1997180305660 465 3755214967080009462
HIT 3 2143209193724 499 11927402489294897556
HIT 3 2143219155195 499 9796055413603439933
HIT 3 1627813118205 379 2246177085008306295
HIT 3 1997180305661 465 11608163730343352242
HIT 3 2143209193725 499 6018172566225704304
HIT 3 1627813118206 379 13854198192989071513
HIT 3 1997180305662 465 1521395225796134923
HIT 3 2143209193726 499 14329284204594169194
HIT 3 1997184631036 465 16207724913555965226
HIT 3 2143213519100 499 7770140426143288309
HIT 3 1627813118207 379 3492561114120886052
HIT 3 1997180305663 465 6506454479334836587
HIT 3 2143209193727 499 17034898743479536269
HIT 3 1997184631037 465 18255113785816982269
HIT 3 2143213519101 499 5794687718009806499
HIT 3 1997184631038 465 11164724576258329966
HIT 3 2143213519102 499 1571865367224626925
HIT 3 2143219155196 499 7524200224743950246
HIT 3 2143219155197 499 17904479640183987134
HIT 3 1997184631039 465 14961383707170711684
HIT 3 2143213519103 499 3142770396892678607
HIT 3 2143219155198 499 7190713851045655330
HIT 3 1627813118208 379 5775131676891090127
HIT 3 1997180305664 465 8410615070446173047
HIT 3 2143209193728 499 535849252032192924
HIT 3 2143219155199 499 2891726195715240026
HIT 3 1627813118210 379 16348317276340785988
HIT 3 1997180305666 465 14684991583435905314
HIT 3 2143209193730 499 5123077712204831380
HIT 3 1627813118209 379 11103073028435653284
HIT 3 1997180305665 465 7143714800870578909
HIT 3 2143209193729 499 4943099466491570464
HIT 3 1997184631040 465 10354705857832466873
HIT 3 2143213519104 499 7216498335215748911
HIT 3 1627813118211 379 10897033102146773198
HIT 3 1997180305667 465 18285827822810230326
HIT 3 2143209193731 499 8900926049090846223
HIT 3 1997184631042 465 9248967420821101837
HIT 3 2143213519106 499 5089939593737229134
HIT 3 2143219155200 499 17457231765582484273
HIT 3 1997184631041 465 12042554244146427998
HIT 3 2143213519105 499 10100486308749562564
HIT 3 1997184631043 465 2682166950836044380
HIT 3 2143213519107 499 14322335383334704256
HIT 3 2143219155202 499 17051899396952950577
HIT 3 2143219155201 499 6161171756106395131
HIT 3 1627813118212 379 1442337925721128592
HIT 3 1997180305668 465 15270546411189781200
HIT 3 2143209193732 499 317325321432796091
HIT 3 2143219155203 499 16364245554927004515
HIT 3 1627813118214 379 15205267687918320203
HIT 3 1997180305670 465 2397363107662027827
HIT 3 2143209193734 499 18415375535627478614
HIT 3 1627813118213 379 990474881072987828
HIT 3 1997180305669 465 16987928757532356566
HIT 3 2143209193733 499 4887249805450730936
HIT 3 1997184631044 465 6405666285440754212
HIT 3 2143213519108 499 1663019466281212205
HIT 3 2143219155204 499 16973295709931324698
HIT 3 1627813118215 379 17678917576710807726
HIT 3 1997180305671 465 14707065418088033640
HIT 3 2143209193735 499 10465425955407592651
HIT 3 1997184631046 465 34337114726439795
HIT 3 2143213519110 499 1043526266312446237
HIT 3 1997184631045 465 9306996279860189141
HIT 3 2143213519109 499 7835323792998447444
HIT 3 2143219155205 499 7110962008587607107
HIT 3 1997184631047 465 7124659199910238478
HIT 3 2143213519111 499 13539767683184447752
HIT 3 2143219155206 499 4752343050460485990
HIT 3 1627813118216 379 17423699815574414085
HIT 3 1997180305672 465 17653683036239651466
HIT 3 2143209193736 499 5674120942566736876
HIT 3 2143219155207 499 2058869889701536066
HIT 3 1627813118217 379 17560403719552262263
HIT 3 1997180305673 465 713324760660165260
HIT 3 2143209193737 499 6790944029700444843
HIT 3 1997184631048 465 10403255277343890660
HIT 3 2143213519112 499 16467340795375410681
HIT 3 1627813118218 379 14520932799391190491
HIT 3 1997180305674 465 12947791515510074816
HIT 3 2143209193738 499 16150930935858230896
HIT 3 1627813118219 379 5758295755145424897
HIT 3 1997180305675 465 7630395807243094014
HIT 3 2143209193739 499 10607506404907043146
HIT 3 1997184631049 465 2719671408009617713
HIT 3 2143213519113 499 15069432958668855161
HIT 3 2143219155208 499 10852995809138045818
HIT 3 1997184631050 465 4391745125949856238
HIT 3 2143213519114 499 8457597621674748567
HIT 3 1997184631051 465 3484991153408136780
HIT 3 2143213519115 499 7005419112390284226
HIT 3 2143219155209 499 2604530125229810115
HIT 3 1627813118220 379 14147406421708745832
HIT 3 1997180305676 465 9364163367982167236
HIT 3 2143209193740 499 16001905066004014323
HIT 3 2143219155210 499 8798949378625419888
HIT 3 2143219155211 499 5756096524031803620
HIT 3 1627813118221 379 246360250208095208
HIT 3 1997180305677 465 16531410297981056048
HIT 3 2143209193741 499 12225215370026257528
HIT 3 1997184631052 465 10887442526292711408
HIT 3 2143213519116 499 2231106755573703371
HIT 3 1627813118222 379 5504211755189683050
HIT 3 1997180305678 465 15594805559505302016
HIT 3 2143209193742 499 863391721405453103
HIT 3 1997184631053 465 11836356933201363005
HIT 3 2143213519117 499 15452288520772338353
HIT 3 2143219155212 499 12964559263094079785
HIT 3 1997184631054 465 8181731883385963662
HIT 3 2143213519118 499 4105608300813093313
HIT 3 1627813118223 379 17420597289573765438
HIT 3 1997180305679 465 6170097727745148799
HIT 3 2143209193743 499 1731981746734419381
HIT 3 2143219155213 499 13417290128359356673
HIT 3 1627813118224 379 847870667481008269
HIT 3 1997180305680 465 3589973074178426902
HIT 3 2143209193744 499 15811173432221108069
HIT 3 2143219155214 499 17223835114881992221
HIT 3 1997184631055 465 8754048560914646167
HIT 3 2143213519119 499 10297023914133313420
HIT 3 2143219155215 499 11437204553435867493
HIT 3 1627813118225 379 4820945996557542316
HIT 3 1997180305681 465 14134385461647688798
HIT 3 2143209193745 499 6539747351086427542
HIT 3 1997184631056 465 13481543344629907702
HIT 3 2143213519120 499 13685251853207117933
HIT 3 1627813118226 379 11255973923552612292
HIT 3 1997180305682 465 16555981331281025722
HIT 3 2143209193746 499 10094785080207544331
HIT 3 1627813118227 379 5258224755804523457
HIT 3 1997180305683 465 3742014409578713481
HIT 3 2143209193747 499 5143692645533312354
HIT 3 1997184631057 465 15951722867369586853
HIT 3 2143213519121 499 15334987741630639037
HIT 3 2143219155216 499 3518181359193575919
HIT 3 1997184631058 465 6914242729276667326
HIT 3 2143213519122 499 3678335597123452911
HIT 3 2143219155217 499 9594623553546337274
HIT 3 1627813118228 379 4165914581435849538
HIT 3 1997180305684 465 639080484114537043
HIT 3 2143209193748 499 116199462024884416
HIT 3 2143219155218 499 17401906790687832440
HIT 3 1997184631059 465 10277495660694584371
HIT 3 2143213519123 499 10582338772866073913
HIT 3 1627813118229 379 3240385554273060631
HIT 3 1997180305685 465 3116758533313259989
HIT 3 2143209193749 499 80803111079578877
HIT 3 1627813118230 379 13438423220380814983
HIT 3 1997180305686 465 6989604066243485484
HIT 3 2143209193750 499 17970770942431187302
HIT 3 2143219155219 499 9681943330932654756
HIT 3 1997184631060 465 9475357153930692703
HIT 3 2143213519124 499 11587450875258494810
HIT 3 2143219155220 499 13455652390983646479
HIT 3 1627813118231 379 3434295234359615881
HIT 3 1997180305687 465 9587855648419774724
HIT 3 2143209193751 499 15855616360494320778
HIT 3 1997184631061 465 13432242523541220813
HIT 3 2143213519125 499 11689847601007221261
HIT 3 1997184631062 465 4626597257862131016
HIT 3 2143213519126 499 16403998378539465465
HIT 3 2143219155221 499 14004272135429162759
HIT 3 1627813118232 379 1088336077824601805
HIT 3 1997180305688 465 1812351388598883503
HIT 3 2143209193752 499 5602476371429691189
HIT 3 2143219155222 499 16362534105116620067
HIT 3 1997184631063 465 13850188256422462936
HIT 3 2143213519127 499 1599362313041446372
HIT 3 1627813118233 379 12840402934009387429
HIT 3 1997180305689 465 2629547171132817658
HIT 3 2143209193753 499 1545778955079823446
HIT 3 1997184631064 465 236151518328669295
HIT 3 2143213519128 499 2681094451980664613
HIT 3 1627813118234 379 8519558080591121972
HIT 3 1997180305690 465 6737148983568085656
HIT 3 2143209193754 499 7295394932573335901
HIT 3 2143219155223 499 7012501963144566861
HIT 3 1627813118235 379 10834940237976289775
HIT 3 1997180305691 465 11823455350322498721
HIT 3 2143209193755 499 5236761213825951929
HIT 3 1997184631065 465 10008316284732521310
HIT 3 2143213519129 499 13724309291299497267
HIT 3 2143219155224 499 2644325957002498436
HIT 3 1997184631066 465 4901471509160517857
HIT 3 2143213519130 499 12656761055781658335
HIT 3 2143219155225 499 15167872446636175469
HIT 3 1627813118236 379 14250897864399947726
HIT 3 1997180305692 465 2833571071218188326
HIT 3 2143209193756 499 2322399297037272070
HIT 3 2143219155226 499 8231498662659011393
HIT 3 1997184631067 465 15554275960167399175
HIT 3 2143213519131 499 12722897018688832776
HIT 3 1627813118237 379 13602511910539220085
HIT 3 1997180305693 465 15002306880293268973
HIT 3 2143209193757 499 9173925921564460747
HIT 3 1627813118238 379 17960876989301725632
HIT 3 1997180305694 465 6583164585553670494
HIT 3 2143209193758 499 18443814475540308884
HIT 3 1997184631068 465 8685210100887675203
HIT 3 2143213519132 499 14720694567014100925
HIT 3 2143219155227 499 8296780742292122854
HIT 3 2143219155228 499 12549017717495244367
HIT 3 1997184631069 465 17892868715738480921
HIT 3 2143213519133 499 896916717279060502
HIT 3 1627813118239 379 5405486973053049518
HIT 3 1997180305695 465 8402449188187187994
HIT 3 2143209193759 499 8979278872492978130
HIT 3 1997184631070 465 5081355849616028072
HIT 3 2143213519134 499 15589701292509621959
HIT 3 2143219155230 499 11770300375061743005
HIT 3 2143219155229 499 3221923922859001815
HIT 3 1997184631071 465 301118932203698548
HIT 3 2143213519135 499 9529599505630276117
HIT 3 1627813118242 379 12294467447878440403
HIT 3 1997180305698 465 880163207348871872
HIT 3 1627813118240 379 13350444062799440667
HIT 3 1997180305696 465 14891015825582542508
HIT 3 2143209193760 499 304326445478688920
HIT 3 2143209193762 499 3875187737968875043
HIT 3 1627813118241 379 3919939216936333119
HIT 3 1997180305697 465 18313847063003698651
HIT 3 2143209193761 499 10841229135006760272
HIT 3 2143219155231 499 9950635659625681979
HIT 3 1997184631072 465 6326860937557784838
HIT 3 2143213519136 499 13055335249178821347
HIT 3 1627813118243 379 12986545522536260782
HIT 3 1997180305699 465 17240196925307580125
HIT 3 2143209193763 499 17059663527227715018
HIT 3 1997184631074 465 10352986449059498521
HIT 3 2143213519138 499 3984774773409846959
HIT 3 1997184631073 465 14193655605810758791
HIT 3 2143213519137 499 13804147500486213191
HIT 3 2143219155232 499 12270768969890674854
HIT 3 2143219155234 499 15361905280172979736
HIT 3 2143219155233 499 12798312563106912698
HIT 3 1627813118244 379 7264203943001553992
HIT 3 1997180305700 465 3552202464584570385
HIT 3 2143209193764 499 16595989926343533173
HIT 3 1997184631075 465 8098077310314725022
HIT 3 2143213519139 499 18244681419474284244
HIT 3 1627813118245 379 4865998167588625873
HIT 3 1997180305701 465 4606920835581522139
HIT 3 2143209193765 499 5937080752163897601
HIT 3 1627813118246 379 814472405151342062
HIT 3 1997180305702 465 4774464767155154990
HIT 3 2143209193766 499 13011981461238785195
HIT 3 1997184631076 465 704183695187572502
HIT 3 2143213519140 499 16952745739966361912
HIT 3 2143219155235 499 13542896945423500459
HIT 3 1627813118247 379 14394052377662481594
HIT 3 1997184631077 465 8766983315630106200
HIT 3 2143213519141 499 1345734764003682042
HIT 3 1997184631078 465 3589586921436730309
HIT 3 2143213519142 499 1544026830699726534
HIT 3 1997180305703 465 5680379776357942709
HIT 3 2143209193767 499 1824464387055896529
HIT 3 2143219155236 499 10276608669431529131
HIT 3 2143219155237 499 16587805304086165526
HIT 3 2143219155238 499 16757287251367644881
HIT 3 1627813118248 379 14349777557126854089
HIT 3 1997180305704 465 10442527706515264615
HIT 3 2143209193768 499 3529077215035522150
HIT 3 1997184631079 465 16193092333399052387
HIT 3 2143213519143 499 3622650291909199457
HIT 3 1627813118249 379 10905676993770473425
HIT 3 1997180305705 465 18356909590278717832
HIT 3 2143209193769 499 14067696485162676734
HIT 3 1627813118250 379 7052974203754743233
HIT 3 1997180305706 465 10310915608469360938
HIT 3 2143209193770 499 9910908025885914712
HIT 3 2143219155239 499 14147515725041025449
HIT 3 1997184631080 465 3370818854941108105
HIT 3 2143213519144 499 11154764774414766247
HIT 3 1627813118251 379 12599130235905935700
HIT 3 1997180305707 465 4169165165792527526
HIT 3 2143209193771 499 13447645758502688842
HIT 3 1997184631081 465 1073413556397321118
HIT 3 2143213519145 499 13948526498427691
HIT 3 1997184631082 465 9745246805291599115
HIT 3 2143213519146 499 10854751500916469790
HIT 3 2143219155240 499 494301693947391528
HIT 3 2143219155241 499 7925516959147342690
HIT 3 2143219155242 499 13699619766255977707
HIT 3 1627813118253 379 13894458148493056353
HIT 3 1997180305709 465 3058683038674951683
HIT 3 2143209193773 499 3876087300606494743
HIT 3 1997184631083 465 1313074954606976766
HIT 3 2143213519147 499 13136793870634228972
HIT 3 1627813118254 379 13440382388315288123
HIT 3 1997180305710 465 6603094279893292920
HIT 3 2143209193774 499 15854900021160854138
HIT 3 1627813118252 379 1227853915078189695
HIT 3 1997180305708 465 6412235131406288812
HIT 3 2143209193772 499 9418499632775635906
HIT 3 1997184631085 465 12273458405410267735
HIT 3 2143213519149 499 2569333625685705786
HIT 3 2143219155243 499 18157651498983864208
HIT 3 1627813118255 379 1712786391638268559
HIT 3 1997180305711 465 11073859468894475382
HIT 3 2143209193775 499 1145401400734455578
HIT 3 1997184631086 465 727742187434746794
HIT 3 2143213519150 499 13243750777313172894
HIT 3 1997184631084 465 13094094455690541764
HIT 3 2143213519148 499 10612953838450776031
HIT 3 2143219155245 499 2459124452673588980
HIT 3 1627813118256 379 5309578268190763779
HIT 3 1997180305712 465 14089078706953096810
HIT 3 2143209193776 499 15155790385063887954
HIT 3 1997184631087 465 14332442218671822749
HIT 3 2143213519151 499 3823547638179543008
HIT 3 2143219155246 499 246162180286897003
HIT 3 1627813118257 379 17462769004891435703
HIT 3 1997180305713 465 408960011148613152
HIT 3 2143209193777 499 6740236232249821019
HIT 3 2143219155244 499 10259607194075758586
HIT 3 1627813118258 379 17900802388218187195
HIT 3 1997180305714 465 9194557074634664433
HIT 3 2143209193778 499 2658420191061037677
HIT 3 1997184631088 465 5713065331379669144
HIT 3 2143213519152 499 15442798058963041389
HIT 3 2143219155247 499 15184894200464340179
HIT 3 1627813118259 379 3268442496620992803
HIT 3 1997180305715 465 6714128016216170932
HIT 3 2143209193779 499 10425966508141191635
HIT 3 1997184631089 465 13323849446435841279
HIT 3 2143213519153 499 12630193910155889292
HIT 3 1997184631090 465 8589393336610855678
HIT 3 2143213519154 499 8830095049770679162
HIT 3 2143219155248 499 597508460322541524
HIT 3 1627813118260 379 15912230328249112583
HIT 3 1997180305716 465 12563703881915749103
HIT 3 2143209193780 499 14428375290593093426
HIT 3 1997184631091 465 9435722097584881469
HIT 3 2143213519155 499 13849927052756453059
HIT 3 2143219155249 499 1843080522024393184
HIT 3 1627812987189 379 15912230328249112583
HIT 3 1997180174645 465 12563703881915749103
HIT 3 2143209062709 499 14428375290593093426
HIT 3 1627813118261 379 13801940055955964161
HIT 3 1997180305717 465 13733479676448262454
HIT 3 2143209193781 499 6939964989370009576
HIT 3 2143219155250 499 7519165366610457160
HIT 3 1627813118262 379 17960325914574840917
HIT 3 1997180305718 465 14603469511512906946
HIT 3 2143209193782 499 17506362382810383428
HIT 3 1627813249334 379 10077520260642033417
HIT 3 1997180436790 465 973459798060594921
HIT 3 2143209324854 499 8384321177795125155
HIT 3 1997184631092 465 3500688667504451946
HIT 3 2143213519156 499 13433692797072741581
HIT 3 2143219155251 499 3064650100244760675
HIT 3 1627813118263 379 10077520260642033417
HIT 3 1997180305719 465 973459798060594921
HIT 3 2143209193783 499 8384321177795125155
HIT 3 1997184631093 465 2721552924321936481
HIT 3 2143213519157 499 3078741485519241749
HIT 3 1997184631094 465 16596423506321843169
HIT 3 2143213519158 499 4218526717331239278
HIT 3 2143219155252 499 11871064415303334566
HIT 3 1361525211448 317 10990708827911668846
HIT 3 1627813183800 379 391469298953241472
HIT 3 1997180371256 465 17815814669825559218
HIT 3 2143209259320 499 978478237399136131
HIT 3 1619223314744 377 7334719172949373620
HIT 3 1623518282040 378 15316031168543476351
HIT 3 1627813249336 379 2485563313997825685
HIT 3 1636403183928 381 16086835314939292300
HIT 3 1988590502200 463 1330734390101876808
HIT 3 1992885469496 464 5459464921567609650
HIT 3 1997180436792 465 16720451832819098235
HIT 3 2005770371384 467 13962089527790077044
HIT 3 2134619390264 497 17924901905799231556
HIT 3 2138914357560 498 17980229081255844517
HIT 3 2143209324856 499 10563076562262911580
HIT 3 2151799259448 501 6913208423296184011
HIT 3 1627813380408 379 2693883636371681043
HIT 3 1997180567864 465 4530938859658247342
HIT 3 2143209455928 499 9747357718422342209
HIT 3 2143219155254 499 5910757117068651506
HIT 3 1997184500023 465 11810629008637426324
HIT 3 2143213388087 499 15392909030232517409
HIT 3 1636407312695 381 17960325914574840917
HIT 3 1997184565559 465 13535503304487242793
HIT 3 2143213453623 499 10583264922536379284
HIT 3 1988594696503 463 5678089179273261055
HIT 3 1992889663799 464 3670949940342282687
HIT 3 1997184631095 465 7389228400315029227
HIT 3 2005774565687 467 8891634009900317345
HIT 3 2134623584567 497 4329604918126015437
HIT 3 2138918551863 498 4892550288128398035
HIT 3 2143213519159 499 4049857152676844737
HIT 3 2151803453751 501 14054495686334158329
HIT 3 1997184762167 465 6475733765349778853
HIT 3 2143213650231 499 14442474763702869026
HIT 3 2143219155253 499 2526546428747213338
HIT 3 1627813183801 379 4883881635916182188
HIT 3 1997180371257 465 2325853266089300033
HIT 3 2143209259321 499 10859350910128118096
HIT 3 1627813249337 379 2693883636371681043
HIT 3 1997180436793 465 4530938859658247342
HIT 3 2143209324857 499 9747357718422342209
HIT 3 1627813314873 379 391469298953241472
HIT 3 1997180502329 465 17815814669825559218
HIT 3 2143209390393 499 978478237399136131
HIT 3 1627813380409 379 5366656663640722336
HIT 3 1997180567865 465 1126482345222635532
HIT 3 2143209455929 499 6122830881401381940
HIT 3 1627813445945 379 4089066302928618255
HIT 3 1997180633401 465 16280369402656463270
HIT 3 2143209521465 499 2047945495381488557
HIT 3 1627813511481 379 10358174192271925497
HIT 3 1997180698937 465 1151811085264098526
HIT 3 2143209587001 499 2439989596381669588
HIT 3 1627813577017 379 9978732616644204106
HIT 3 1997180764473 465 8954359029848091552
HIT 3 2143209652537 499 5292938398717412214
HIT 3 1627813642553 379 877632884832968471
HIT 3 1997180830009 465 3205201870580756157
HIT 3 2143209718073 499 935398919828628029
HIT 3 1627813708089 379 6878501094876498877
HIT 3 1997180895545 465 10387488839293167159
HIT 3 2143209783609 499 5950463445741347939
HIT 3 1627813773625 379 4308325255764857170
HIT 3 1997180961081 465 4512691158212256470
HIT 3 2143209849145 499 14698000003258259786
HIT 3 1627813839161 379 17561756500011243782
HIT 3 1997181026617 465 17552899619225154253
HIT 3 2143209914681 499 817179266165854530
HIT 3 1627813904697 379 15853213364844518222
HIT 3 1997181092153 465 16098106864126202277
HIT 3 2143209980217 499 18332210825792899321
HIT 3 1627813970233 379 8540355594798059157
HIT 3 1997181157689 465 1329193162340085423
HIT 3 2143210045753 499 10580008440125523325
HIT 3 1627814035769 379 7638271622038420158
HIT 3 1997181223225 465 14764453113687515045
HIT 3 2143210111289 499 2893754959098872483
HIT 3 1627814101305 379 16638046581702915011
HIT 3 1997181288761 465 15918137782810445694
HIT 3 2143210176825 499 15943227761088555946
HIT 3 1627813380410 379 4666464417468392421
HIT 3 1997180567866 465 9250438699371787379
HIT 3 2143209455930 499 6526038780795516301
HIT 3 2143219024183 499 3045644866283081351
HIT 3 2005780136247 467 14603469511512906946
HIT 3 2143219089719 499 7566261124132772436
HIT 3 2134629220663 497 524874515478110746
HIT 3 2138924187959 498 17480357574532195379
HIT 3 2143219155255 499 18259313200458179316
HIT 3 2151809089847 501 13537785326471548829
HIT 3 2143219286327 499 7792399035023390077
HIT 3 2151811252535 501 17506362382810383428
HIT 3 1997184500024 465 10588938548343538138
HIT 3 2143213388088 499 3567946209563830531
HIT 3 1636407312696 381 4883881635916182188
HIT 3 1997184565560 465 6726283300208884639
HIT 3 2143213453624 499 2964874926411076401
HIT 3 1988594696504 463 17832294675843081196
HIT 3 1992889663800 464 17137329929833669025
HIT 3 1997184631096 465 15001928818961751390
HIT 3 2005774565688 467 7544736956958186697
HIT 3 2134623584568 497 9073128829674251884
HIT 3 2138918551864 498 5292507843219699270
HIT 3 2143213519160 499 9883882714036284349
HIT 3 2151803453752 501 15337150756281081367
HIT 3 1997184762168 465 17362487900911329251
HIT 3 2143213650232 499 1526124558618608212
HIT 3 1627814166841 379 5749901310390023253
HIT 3 1997181354297 465 12815791244996131624
HIT 3 2143210242361 499 1268401033997729957
HIT 3 1627814232377 379 7980313160528612006
HIT 3 1997181419833 465 2028626287030007615
HIT 3 2143210307897 499 8135073137916998170
HIT 3 1627814297913 379 2691214295423705
HIT 3 1997181485369 465 6979847563788274975
HIT 3 2143210373433 499 14461188650623988269
HIT 3 1627814363449 379 17263919612479299302
HIT 3 1997181550905 465 9618034180851941785
HIT 3 2143210438969 499 6470804188731536324
HIT 3 1627814428985 379 16985578338710619129
HIT 3 1997181616441 465 7295186346839601947
HIT 3 2143210504505 499 12330449077226244869
HIT 3 1627814494521 379 978917978524148900
HIT 3 1997181681977 465 8942720767848462465
HIT 3 2143210570041 499 8644033469823907502
HIT 3 1627814560057 379 5330080530479119355
HIT 3 1997181747513 465 16663108387692713983
HIT 3 2143210635577 499 7639557539211040891
HIT 3 1627814625593 379 3192544019950940563
HIT 3 1997181813049 465 12640613410727640264
HIT 3 2143210701113 499 10707491299988493986
HIT 3 1627814691129 379 16933187229800458643
HIT 3 1997181878585 465 1914525377995133802
HIT 3 2143210766649 499 9222171359226618462
HIT 3 1627814756665 379 3066143058578781598
HIT 3 1997181944121 465 4481057088492030297
HIT 3 2143210832185 499 16320462456717750686
HIT 3 1627814822201 379 18094697102238566083
HIT 3 1997182009657 465 17175618111662912013
HIT 3 2143210897721 499 1219603865068642400
HIT 3 1627814887737 379 11781459398789083636
HIT 3 1997182075193 465 12565915330853654715
HIT 3 2143210963257 499 376505060394856221
HIT 3 1627814953273 379 14380436381667920043
HIT 3 1997182140729 465 992214962525580637
HIT 3 2143211028793 499 5990194458965478715
HIT 3 1627815018809 379 5362709249786443437
HIT 3 1997182206265 465 213106468682212384
HIT 3 2143211094329 499 14470689067564748700
HIT 3 1627815084345 379 1393676892338433642
HIT 3 1997182271801 465 4573498763591579449
HIT 3 2143211159865 499 11475677100865773218
HIT 3 1627815149881 379 10636646793871304686
HIT 3 1997182337337 465 14646432790568748478
HIT 3 2143211225401 499 3056543903595634572
HIT 3 1627815215417 379 13516707465345279101
HIT 3 1997182402873 465 17086751450082998907
HIT 3 2143211290937 499 3848842328816639228
HIT 3 1627815280953 379 12256037330668689623
HIT 3 1997182468409 465 1196228731123665363
HIT 3 2143211356473 499 13631468632556609479
HIT 3 1627815346489 379 5340804133958313826
HIT 3 1997182533945 465 4287995323243265906
HIT 3 2143211422009 499 4327221901369380252
HIT 3 1627815412025 379 2192842685173110341
HIT 3 1997182599481 465 1009384507864460110
HIT 3 2143211487545 499 15565752563999194563
HIT 3 1627815477561 379 3076305055219749967
HIT 3 1997182665017 465 3571239630183667019
HIT 3 2143211553081 499 6919964516908480598
HIT 3 1627815543097 379 5413823198581422769
HIT 3 1997182730553 465 15255070750946492604
HIT 3 2143211618617 499 8279377916235637880
HIT 3 1627815608633 379 519074415623432822
HIT 3 1997182796089 465 16470793254060466228
HIT 3 2143211684153 499 14944801052022386039
HIT 3 1627815674169 379 15793970770074573840
HIT 3 1997182861625 465 2310145568853975256
HIT 3 2143211749689 499 8588807499766716067
HIT 3 1627815739705 379 13605271574371973738
HIT 3 1997182927161 465 6018322623469191690
HIT 3 2143211815225 499 6531152845263587443
HIT 3 1627815805241 379 13840535448783776833
HIT 3 1997182992697 465 16971880758434982798
HIT 3 2143211880761 499 10699396118632362648
HIT 3 1627815870777 379 11386837295745367272
HIT 3 1997183058233 465 16904606355503846708
HIT 3 2143211946297 499 10074557977081788774
HIT 3 1627815936313 379 5375234580138669159
HIT 3 1997183123769 465 4594718392090896880
HIT 3 2143212011833 499 9515868331273408030
HIT 3 1627816001849 379 10946757708326063732
HIT 3 1997183189305 465 9876428313679763308
HIT 3 2143212077369 499 3241320684923349497
HIT 3 1627816067385 379 4099439190851168996
HIT 3 1997183254841 465 6355496597186013983
HIT 3 2143212142905 499 15938663252291204693
HIT 3 1627816132921 379 3562414058663140199
HIT 3 1997183320377 465 4313893586121892641
HIT 3 2143212208441 499 6065935284236537242
HIT 3 1627816198457 379 6360208686462363937
HIT 3 1997183385913 465 11471396254525420510
HIT 3 2143212273977 499 5909811421319446838
HIT 3 1627816263993 379 17788772938838714996
HIT 3 1997183451449 465 16264136465279173492
HIT 3 2143212339513 499 7008452119608699618
HIT 3 1627816329529 379 3015111734639184248
HIT 3 1997183516985 465 6753847965113508730
HIT 3 2143212405049 499 7194277101633051169
HIT 3 1627816395065 379 12226303317912615358
HIT 3 1997183582521 465 4083684685959907822
HIT 3 2143212470585 499 14050453044170232341
HIT 3 1627816460601 379 13564528761545904631
HIT 3 1997183648057 465 6868455561101679583
HIT 3 2143212536121 499 9214228253797822977
HIT 3 1627816526137 379 1748018716269683046
HIT 3 1997183713593 465 10851403296911205172
HIT 3 2143212601657 499 11119980250031945964
HIT 3 1627816591673 379 12498402593439834549
HIT 3 1997183779129 465 18365527209709782807
HIT 3 2143212667193 499 11241929928240212224
HIT 3 1627816657209 379 1603006518308766204
HIT 3 1997183844665 465 3247275158067802175
HIT 3 2143212732729 499 4886613188779499893
HIT 3 1627816722745 379 14964629929069928671
HIT 3 1997183910201 465 7385414469428622693
HIT 3 2143212798265 499 3360924957568787141
HIT 3 1627816788281 379 17233724107067003009
HIT 3 1997183975737 465 1576197085047616522
HIT 3 2143212863801 499 249037306663501858
HIT 3 1627816853817 379 5130325908726357187
HIT 3 1997184041273 465 15034978099878267420
HIT 3 2143212929337 499 15002517237120511596
HIT 3 1627816919353 379 9267683351097906511
HIT 3 1997184106809 465 7096031931351052452
HIT 3 2143212994873 499 1792751652217102109
HIT 3 1627816984889 379 10200451642990350206
HIT 3 1997184172345 465 5104065538007720526
HIT 3 2143213060409 499 15682392239093345199
HIT 3 1627817050425 379 14149331986844724654
HIT 3 1997184237881 465 4580205215317588199
HIT 3 2143213125945 499 6903129667023746181
HIT 3 1627817115961 379 12421730723955474152
HIT 3 1997184303417 465 12053077677935498545
HIT 3 2143213191481 499 16364207504403485513
HIT 3 1619227246905 377 12421730723955474152
HIT 3 1627817181497 379 18411731853081277870
HIT 3 1997184368953 465 12081957443285837165
HIT 3 2143213257017 499 9014308177460933431
HIT 3 1627817247033 379 7334719172949373620
HIT 3 1636407181625 381 5553307381718278405
HIT 3 1997184434489 465 17046507618178243769
HIT 3 2143213322553 499 553090104573559866
HIT 3 1627817312569 379 5553307381718278405
HIT 3 1988594565433 463 11059051739700772769
HIT 3 1992889532729 464 17101889577078895691
HIT 3 1997184500025 465 11803540889472196457
HIT 3 2005774434617 467 1790559887181130246
HIT 3 2134623453497 497 6156760176689624946
HIT 3 2138918420793 498 3146781203429413054
HIT 3 2143213388089 499 1571781610971128542
HIT 3 2151803322681 501 1172069693730994140
HIT 3 1632112345401 380 12804623578846521316
HIT 3 1636407312697 381 2485563313997825685
HIT 3 1644997247289 383 10780201220599590599
HIT 3 1988594630969 463 16081081553528908879
HIT 3 1992889598265 464 7634559759283817086
HIT 3 1997184565561 465 14885741916001700955
HIT 3 2005774500153 467 7510479575613010103
HIT 3 2134623519033 497 3463751296775617505
HIT 3 2138918486329 498 4993462302872588020
HIT 3 2143213453625 499 8482353366600042128
HIT 3 2151803388217 501 14927650768246252045
HIT 3 1632112410937 380 15316031168543476351
HIT 3 1636407378233 381 10780201220599590599
HIT 3 1640702345529 382 12804623578846521316
HIT 3 1644997312825 383 1655389146029324789
HIT 3 1649292280121 384 15837458472131611050
HIT 3 1653587247417 385 12015499704626606704
HIT 3 1657882214713 386 9272327423780337938
HIT 3 1662177182009 387 7580884020199418908
HIT 3 1666472149305 388 6955193725213435831
HIT 3 1670767116601 389 17232357210193282950
HIT 3 1675062083897 390 10566010865348304814
HIT 3 1679357051193 391 4229843987768558547
HIT 3 1683652018489 392 6918765312889969650
HIT 3 1687946985785 393 16356671302598648673
HIT 3 1692241953081 394 478561880472015478
HIT 3 1696536920377 395 14703940567528637323
HIT 3 1700831887673 396 9667944732844508667
HIT 3 1705126854969 397 7427988810696086180
HIT 3 1709421822265 398 16043515925981288098
HIT 3 1713716789561 399 2990832053308570983
HIT 3 1718011756857 400 14915037495842004478
HIT 3 1722306724153 401 4115040372567385468
HIT 3 1726601691449 402 11274348454687815405
HIT 3 1730896658745 403 10756740793983725357
HIT 3 1735191626041 404 7108565847472382231
HIT 3 1739486593337 405 8919515057021216793
HIT 3 1743781560633 406 15329112910517879815
HIT 3 1748076527929 407 16729369279811694881
HIT 3 1752371495225 408 6830158711636329538
HIT 3 1756666462521 409 15047331214274880889
HIT 3 1760961429817 410 10086612887087935347
HIT 3 1765256397113 411 5176760977239315552
HIT 3 1769551364409 412 9414725660951957268
HIT 3 1773846331705 413 1358469948334722282
HIT 3 1778141299001 414 16817511502462343303
HIT 3 1782436266297 415 10548564359745427763
HIT 3 1786731233593 416 3810136148858173714
HIT 3 1791026200889 417 12310131891798239869
HIT 3 1795321168185 418 12400596846668142046
HIT 3 1799616135481 419 7543387080321484674
HIT 3 1803911102777 420 736857099073253029
HIT 3 1808206070073 421 11756275385024256156
HIT 3 1812501037369 422 8442224772699425855
HIT 3 1816796004665 423 12202901540854027436
HIT 3 1821090971961 424 597697946062966728
HIT 3 1825385939257 425 11985354920321025696
HIT 3 1829680906553 426 8317019179596711213
HIT 3 1833975873849 427 15047742780106038304
HIT 3 1838270841145 428 9390856464247996387
HIT 3 1842565808441 429 11625009638657150378
HIT 3 1846860775737 430 16762529981701649059
HIT 3 1851155743033 431 3347974443318766776
HIT 3 1855450710329 432 18146565964292104733
HIT 3 1859745677625 433 13040545868639637032
HIT 3 1864040644921 434 3587164147890934560
HIT 3 1868335612217 435 9254833844700092481
HIT 3 1872630579513 436 14114326882269630185
HIT 3 1876925546809 437 6724246122221274250
HIT 3 1881220514105 438 11292305009918585194
HIT 3 1885515481401 439 1799306287589432317
HIT 3 1889810448697 440 15669658165763455477
HIT 3 1894105415993 441 13222007465509385507
HIT 3 1898400383289 442 647720618076071028
HIT 3 1902695350585 443 10693738953002950220
HIT 3 1906990317881 444 18325853999221838155
HIT 3 1911285285177 445 2931964412426795341
HIT 3 1915580252473 446 14641764593520538795
HIT 3 1919875219769 447 6719443506010683574
HIT 3 1924170187065 448 11490119532925356101
HIT 3 1928465154361 449 13905372122229859792
HIT 3 1932760121657 450 8983155164340476110
HIT 3 1937055088953 451 4435615163403024624
HIT 3 1941350056249 452 14098312862706286777
HIT 3 1945645023545 453 2371709248878916967
HIT 3 1949939990841 454 6639762470268706790
HIT 3 1954234958137 455 10542701429795334940
HIT 3 1958529925433 456 5105594177655035129
HIT 3 1962824892729 457 9157025539592280881
HIT 3 1967119860025 458 8599782489171114546
HIT 3 1971414827321 459 8213181071728375766
HIT 3 1975709794617 460 1303072839849219356
HIT 3 1980004761913 461 2583088757106480499
HIT 3 1984299729209 462 16205527749300141075
HIT 3 1988594696505 463 2317940894435445499
HIT 3 1992889663801 464 4030335173322659812
HIT 3 1997184631097 465 18113903595038264703
HIT 3 2001479598393 466 8385836309021735862
HIT 3 2005774565689 467 11511130330227462838
HIT 3 2010069532985 468 9195142729224129249
HIT 3 2014364500281 469 16148515116827372053
HIT 3 2018659467577 470 2759188753348426362
HIT 3 2022954434873 471 17545713327191168960
HIT 3 2027249402169 472 10409111996244827141
HIT 3 2031544369465 473 4435656762575002475
HIT 3 2035839336761 474 3713955404851851018
HIT 3 2040134304057 475 10856375274947088640
HIT 3 2044429271353 476 11303382397967316327
HIT 3 2048724238649 477 16454143116680639180
HIT 3 2053019205945 478 2040295583053345728
HIT 3 2057314173241 479 9006505016579643123
HIT 3 2061609140537 480 17605635244245207640
HIT 3 2065904107833 481 2198417547078045312
HIT 3 2070199075129 482 13178314466042359058
HIT 3 2074494042425 483 8834494260358241273
HIT 3 2078789009721 484 1801455756335011381
HIT 3 2083083977017 485 10884185769483229056
HIT 3 2087378944313 486 4376823135017672478
HIT 3 2091673911609 487 2943405434723511873
HIT 3 2095968878905 488 17936781862917946653
HIT 3 2100263846201 489 14497647089308781563
HIT 3 2104558813497 490 4658557990730307729
HIT 3 2108853780793 491 12155943454459225438
HIT 3 2113148748089 492 1552234465172310892
HIT 3 2117443715385 493 4590832733077958663
HIT 3 2121738682681 494 14445278512925885616
HIT 3 2126033649977 495 15737704189846868740
HIT 3 2130328617273 496 17758693641408841871
HIT 3 2134623584569 497 15319826223703520104
HIT 3 2138918551865 498 788809300031266111
HIT 3 2143213519161 499 5886268889650416970
HIT 3 2147508486457 500 123016325042687860
HIT 3 2151803453753 501 18063534911602494884
HIT 3 2156098421049 502 1976199940768544214
HIT 3 2160393388345 503 13595881137313582900
HIT 3 2164688355641 504 6265828646016038806
HIT 3 2168983322937 505 5044204917671457402
HIT 3 2173278290233 506 11826597738986766791
HIT 3 2177573257529 507 9813687355859069716
HIT 3 2181868224825 508 15145585588014640319
HIT 3 2186163192121 509 8083838285013191524
HIT 3 2190458159417 510 10112303589194657943
HIT 3 2194753126713 511 16786366469187589479
HIT 3 1644997378361 383 16086835314939292300
HIT 3 1997184696633 465 5539289579460626273
HIT 3 2143213584697 499 8625843723548122514
HIT 3 1997184631098 465 12023723007842069514
HIT 3 2143213519162 499 11824981794660277355
HIT 3 2143219024184 499 8722152337680620374
HIT 3 2005780136248 467 2325853266089300033
HIT 3 2143219089720 499 3624977839481004714
HIT 3 2134629220664 497 9317724120971142074
HIT 3 2138924187960 498 12594141545925318817
HIT 3 2143219155256 499 16115112457187444327
HIT 3 2151809089848 501 11958559192362361523
HIT 3 2143219286328 499 451182122973790274
HIT 3 2151811252536 501 10859350910128118096
HIT 3 1988594827577 463 4940577445495918347
HIT 3 1992889794873 464 8231016393523332852
HIT 3 1997184762169 465 3154972689055272175
HIT 3 2005774696761 467 10186043869571564829
HIT 3 2134623715641 497 1745070570157457125
HIT 3 2138918682937 498 9961884117867163498
HIT 3 2143213650233 499 1576543068320409708
HIT 3 2151803584825 501 16037231644322191570
HIT 3 1997184827705 465 3770899898636327479
HIT 3 2143213715769 499 4102440813536422348
HIT 3 1997184893241 465 14078121218505583274
HIT 3 2143213781305 499 3348644410293989501
HIT 3 1997184958777 465 6181731421870135207
HIT 3 2143213846841 499 4780869431711524487
HIT 3 1997185024313 465 799634870257966187
HIT 3 2143213912377 499 11123749902823112178
HIT 3 1997185089849 465 8740942952296795251
HIT 3 2143213977913 499 1822217580837170107
HIT 3 1997185155385 465 18204790508074745127
HIT 3 2143214043449 499 9230740674625107753
HIT 3 1997185220921 465 296344365541192628
HIT 3 2143214108985 499 18423006428266944343
HIT 3 1997185286457 465 17350085473041565615
HIT 3 2143214174521 499 111088790438889720
HIT 3 1997185351993 465 16498002079218024536
HIT 3 2143214240057 499 6581870033227621323
HIT 3 1997185417529 465 8358936358333038943
HIT 3 2143214305593 499 9531828196228435412
HIT 3 1997185483065 465 17510325620347661368
HIT 3 2143214371129 499 13791695092528553769
HIT 3 1997185548601 465 9081004074268628977
HIT 3 2143214436665 499 9904040641171244591
HIT 3 1997185614137 465 16213842008574498010
HIT 3 2143214502201 499 3323268488831231920
HIT 3 1997185679673 465 2740594983341622173
HIT 3 2143214567737 499 1010515496504173313
HIT 3 1997185745209 465 2917499466205451309
HIT 3 2143214633273 499 14592441863953702711
HIT 3 1997185810745 465 11713252037883963056
HIT 3 2143214698809 499 4799322663357032849
HIT 3 1997185876281 465 12528547103962606725
HIT 3 2143214764345 499 13259382800913803104
HIT 3 1997185941817 465 12484206100844038986
HIT 3 2143214829881 499 5893856585256098912
HIT 3 1997186007353 465 2640598399448356168
HIT 3 2143214895417 499 18229105865555897568
HIT 3 1997186072889 465 4122130752189720225
HIT 3 2143214960953 499 16386603911459914927
HIT 3 1997186138425 465 14307496885537363527
HIT 3 2143215026489 499 1659274884601139463
HIT 3 1997186203961 465 13334758083562332210
HIT 3 2143215092025 499 13911286924833550263
HIT 3 1997186269497 465 12244505613597055657
HIT 3 2143215157561 499 17306006839095512671
HIT 3 1997186335033 465 9080583986157055294
HIT 3 2143215223097 499 2822688412739335286
HIT 3 1997186400569 465 16846697010465332995
HIT 3 2143215288633 499 14632405985849415426
HIT 3 1997186466105 465 13984961772350522851
HIT 3 2143215354169 499 17857873377641637369
HIT 3 1997186531641 465 8120909353062882437
HIT 3 2143215419705 499 747517938962816608
HIT 3 1997186597177 465 11688082856417115435
HIT 3 2143215485241 499 14163399335842246343
HIT 3 1997186662713 465 4151694275457826274
HIT 3 2143215550777 499 7459336107046335795
HIT 3 1997186728249 465 15798414448322524829
HIT 3 2143215616313 499 13575143737338392277
HIT 3 1997186793785 465 4082891068704604521
HIT 3 2143215681849 499 13433565538294220939
HIT 3 1997186859321 465 6041963718268681069
HIT 3 2143215747385 499 5537909575908435671
HIT 3 1997186924857 465 12242663230205858992
HIT 3 2143215812921 499 789738301319402519
HIT 3 1997186990393 465 12430941309835093341
HIT 3 2143215878457 499 15692743196779562185
HIT 3 1997187055929 465 9497414659958715082
HIT 3 2143215943993 499 2954426446357915730
HIT 3 1997187121465 465 5405141883129119834
HIT 3 2143216009529 499 17099630322443380316
HIT 3 1997187187001 465 5955504390353703483
HIT 3 2143216075065 499 7860153384260047885
HIT 3 1997187252537 465 1506821756906032839
HIT 3 2143216140601 499 16271924451046833509
HIT 3 1997187318073 465 8888097286755781001
HIT 3 2143216206137 499 18290625574996526157
HIT 3 2143219155258 499 6602028216622354265
HIT 3 1997184500027 465 10896855622576661316
HIT 3 2143213388091 499 2108330233853287683
HIT 3 1636407312699 381 4666464417468392421
HIT 3 1997184565563 465 10986608144558785138
HIT 3 2143213453627 499 8780017763337566165
HIT 3 1988594696507 463 2686273184060385502
HIT 3 1992889663803 464 7423232257286458739
HIT 3 1997184631099 465 4473905878641455145
HIT 3 2005774565691 467 11841663752919109067
HIT 3 2134623584571 497 4003318910460565791
HIT 3 2138918551867 498 6890730099627262726
HIT 3 2143213519163 499 18157359656907351991
HIT 3 2151803453755 501 12464488029237783503
HIT 3 1997184762171 465 6039868612911326507
HIT 3 2143213650235 499 16149260699885561148
HIT 3 1997187383609 465 12167388706555305509
HIT 3 2143216271673 499 2020901062100895135
HIT 3 1997187449145 465 6728915625502517084
HIT 3 2143216337209 499 7681424311371438642
HIT 3 1997187514681 465 5691305654543472638
HIT 3 2143216402745 499 578154212926578538
HIT 3 1997187580217 465 1156375064828917435
HIT 3 2143216468281 499 18259998879032390913
HIT 3 1997187645753 465 17466064370357412854
HIT 3 2143216533817 499 16740851706131056062
HIT 3 1997187711289 465 2770475619866899604
HIT 3 2143216599353 499 11844118138860242629
HIT 3 1997187776825 465 2590255362040313907
HIT 3 2143216664889 499 878995557524934652
HIT 3 1997187842361 465 5740693543300874038
HIT 3 2143216730425 499 3409473454408205021
HIT 3 1997187907897 465 1406145382896814651
HIT 3 2143216795961 499 17803438825278521988
HIT 3 1997187973433 465 18279067972258606464
HIT 3 2143216861497 499 10610110382701514282
HIT 3 1997188038969 465 14334753157805054953
HIT 3 2143216927033 499 17803847033029640618
HIT 3 1997188104505 465 10274702431913929921
HIT 3 2143216992569 499 1757066445719871814
HIT 3 1997188170041 465 15105552588615286635
HIT 3 2143217058105 499 14419781038406380434
HIT 3 1997188235577 465 1599176588507618169
HIT 3 2143217123641 499 12805781609271722154
HIT 3 1997188301113 465 13361226047217927214
HIT 3 2143217189177 499 1307025243817718583
HIT 3 1997188366649 465 416320314523578391
HIT 3 2143217254713 499 12321868628166947873
HIT 3 1997188432185 465 10786066446807099359
HIT 3 2143217320249 499 430395992938142329
HIT 3 1997188497721 465 5155357446727582566
HIT 3 2143217385785 499 15619401257490949093
HIT 3 1997188563257 465 6816933212097096782
HIT 3 2143217451321 499 16990959291897515489
HIT 3 1997188628793 465 8990680867093549993
HIT 3 2143217516857 499 2860874358554129479
HIT 3 1997188694329 465 7879543117797721995
HIT 3 2143217582393 499 12602106396439962273
HIT 3 1997188759865 465 2749075493782535857
HIT 3 2143217647929 499 475893551111919676
HIT 3 1997188825401 465 9281704072874333938
HIT 3 2143217713465 499 15752719263432660364
HIT 3 1997188890937 465 7772618726237432382
HIT 3 2143217779001 499 14538518093490103807
HIT 3 1997188956473 465 5438675878679705659
HIT 3 2143217844537 499 6224136483735394308
HIT 3 1997189022009 465 16517256628573680836
HIT 3 2143217910073 499 14523154149942251224
HIT 3 1997189087545 465 2024255395464512721
HIT 3 2143217975609 499 15306150173965537579
HIT 3 1997189153081 465 1256605100597229646
HIT 3 2143218041145 499 15821575736599764297
HIT 3 1997189218617 465 17151997623324246308
HIT 3 2143218106681 499 6519050626226377662
HIT 3 1997189284153 465 3559385230065125986
HIT 3 2143218172217 499 3723840924320098739
HIT 3 1997189349689 465 16606028611460045814
HIT 3 2143218237753 499 14782552310709316140
HIT 3 1997189415225 465 1218744300883871516
HIT 3 2143218303289 499 14238116501907866801
HIT 3 1997189480761 465 12052764190846715562
HIT 3 2143218368825 499 16486509068930919877
HIT 3 1997189546297 465 14004068218165131406
HIT 3 2143218434361 499 8725143875059284302
HIT 3 1997189611833 465 10849583051346348038
HIT 3 2143218499897 499 11047398088932237670
HIT 3 1997189677369 465 6781686959741045317
HIT 3 2143218565433 499 14114337161497741818
HIT 3 1997189742905 465 13102222720810668461
HIT 3 2143218630969 499 12646913222199597742
HIT 3 1997189808441 465 4121108557334114773
HIT 3 2143218696505 499 9877728082632463762
HIT 3 1997189873977 465 2318819824282801258
HIT 3 2143218762041 499 10654107240618146858
HIT 3 1997189939513 465 10696620892361970670
HIT 3 2143218827577 499 18090123630002337041
HIT 3 1988600070457 463 10696620892361970670
HIT 3 1997190005049 465 11268662618650100884
HIT 3 2143218893113 499 15684096889959237014
HIT 3 1997190070585 465 1330734390101876808
HIT 3 2005780005177 467 5116528235364464446
HIT 3 2143218958649 499 16805215468454372991
HIT 3 1997190136121 465 5116528235364464446
HIT 3 2134629089593 497 2635449891606573634
HIT 3 2138924056889 498 2895958806254145801
HIT 3 2143219024185 499 8839002635347259979
HIT 3 2151808958777 501 7854437334370134765
HIT 3 2001485168953 466 3003236482873245607
HIT 3 2005780136249 467 16720451832819098235
HIT 3 2014370070841 469 3888851400547668975
HIT 3 2134629155129 497 1755700654852965962
HIT 3 2138924122425 498 9097073645113521875
HIT 3 2143219089721 499 6796246889984572611
HIT 3 2151809024313 501 2852888126119293485
HIT 3 2001485234489 466 5459464921567609650
HIT 3 2005780201785 467 3888851400547668975
HIT 3 2010075169081 468 3003236482873245607
HIT 3 2014370136377 469 7632325117081248549
HIT 3 2018665103673 470 1246901536191692814
HIT 3 2022960070969 471 7822871858466320093
HIT 3 2027255038265 472 1692549242065529030
HIT 3 2031550005561 473 11401430496905371173
HIT 3 2035844972857 474 4854790476913107625
HIT 3 2040139940153 475 17447268341504494488
HIT 3 2044434907449 476 13162514015350268195
HIT 3 2048729874745 477 17847122291568789149
HIT 3 2053024842041 478 7160247353178144129
HIT 3 2057319809337 479 2229981610244329700
HIT 3 2061614776633 480 10769077752107352962
HIT 3 2065909743929 481 5395351778832797807
HIT 3 2070204711225 482 9798781510831688240
HIT 3 2074499678521 483 14273444907529590641
HIT 3 2078794645817 484 4834807217008340993
HIT 3 2083089613113 485 15435017633290592548
HIT 3 2087384580409 486 617970000848885154
HIT 3 2091679547705 487 2891893526940064950
HIT 3 2095974515001 488 8775384672086776191
HIT 3 2100269482297 489 16357685201983473395
HIT 3 2104564449593 490 2035924081375067871
HIT 3 2108859416889 491 9300198396743972369
HIT 3 2113154384185 492 12849413084852796046
HIT 3 2117449351481 493 12426325082024421501
HIT 3 2121744318777 494 14136575036167912892
HIT 3 2126039286073 495 2311902190059158362
HIT 3 2130334253369 496 1738287336933040515
HIT 3 2134629220665 497 8043845963563262137
HIT 3 2138924187961 498 9175413793776220895
HIT 3 2143219155257 499 14540107491383680061
HIT 3 2147514122553 500 10769503824642975315
HIT 3 2151809089849 501 3560149392695336525
HIT 3 2156104057145 502 13535168264647135273
HIT 3 2160399024441 503 12521529225715228527
HIT 3 2164693991737 504 16104340578728602101
HIT 3 2168988959033 505 7989402424812264156
HIT 3 2173283926329 506 1891734125967078181
HIT 3 2177578893625 507 9613395802777249965
HIT 3 2181873860921 508 12860710683136333647
HIT 3 2186168828217 509 11377017140845364302
HIT 3 2190463795513 510 17232497366345872699
HIT 3 2194758762809 511 4343061572283204857
HIT 3 2014370201913 469 13962089527790077044
HIT 3 2143219220793 499 17426440934480374255
HIT 3 2134629351737 497 308527203838397602
HIT 3 2138924319033 498 13400067604085677756
HIT 3 2143219286329 499 6197703880804577498
HIT 3 2151809220921 501 904456001641542432
HIT 3 2143219351865 499 7263038606191221306
HIT 3 2143219417401 499 13249096285305977781
HIT 3 2143219482937 499 13962102818215748942
HIT 3 2143219548473 499 10414202641950163966
HIT 3 2143219614009 499 15468903430493546280
HIT 3 2143219679545 499 16626128164655675900
HIT 3 2143219745081 499 3454161010554485126
HIT 3 2143219810617 499 506285902528466458
HIT 3 2143219876153 499 4056617812355669008
HIT 3 2143219941689 499 14963489859737354169
HIT 3 2143220007225 499 10540956598300086208
HIT 3 2143220072761 499 13183876384683154511
HIT 3 2143220138297 499 4035311424418055046
HIT 3 2143220203833 499 10550376764529768893
HIT 3 2143220269369 499 12818367863208666832
HIT 3 2143220334905 499 7235820782759947133
HIT 3 2143220400441 499 8398537520629580590
HIT 3 2143220465977 499 6663058638477046824
HIT 3 2143220531513 499 1274485662060596579
HIT 3 2143220597049 499 6466442158602270965
HIT 3 2143220662585 499 4207261785785855420
HIT 3 2143220728121 499 1497838442220704086
HIT 3 2143220793657 499 13178700243211294161
HIT 3 2143220859193 499 15231040618773938865
HIT 3 2143220924729 499 505333517394695817
HIT 3 2143220990265 499 860544449485273884
HIT 3 2143221055801 499 3398900926416372831
HIT 3 2134631186745 497 3398900926416372831
HIT 3 2143221121337 499 5600111492232210848
HIT 3 2143221186873 499 17924901905799231556
HIT 3 2151811121465 501 10957165110882181071
HIT 3 2143221252409 499 10957165110882181071
HIT 3 2147516285241 500 10908032130930367549
HIT 3 2151811252537 501 10563076562262911580
HIT 3 2160401187129 503 14604841806850311176
HIT 3 2147516350777 500 17980229081255844517
HIT 3 2151811318073 501 14604841806850311176
HIT 3 2156106285369 502 10908032130930367549
HIT 3 2160401252665 503 1547870752490496629
HIT 3 2164696219961 504 2421683953212452377
HIT 3 2168991187257 505 10186801786607634881
HIT 3 2173286154553 506 17689879968982133177
HIT 3 2177581121849 507 7295619026098590390
HIT 3 2181876089145 508 16756597264785428918
HIT 3 2186171056441 509 3829382021836367721
HIT 3 2190466023737 510 8637400846578718297
HIT 3 2194760991033 511 9514592524253636522
HIT 3 2160401318201 503 6913208423296184011
HIT 3 2143219024187 499 3233316155954181431
HIT 3 2005780136251 467 9250438699371787379
HIT 3 2143219089723 499 10120571966989582836
HIT 3 2134629220667 497 10573866111201749922
HIT 3 2138924187963 498 16768582060267008842
HIT 3 2143219155259 499 3700370240785748101
HIT 3 2151809089851 501 9805094513811850485
HIT 3 2143219286331 499 10918299852983235638
HIT 3 2151811252539 501 6526038780795516301
HIT 3 1997184631100 465 15848400920619237755
HIT 3 2143213519164 499 2161135610405574458
HIT 3 2143219155260 499 16162158750009886441
HIT 3 1997184631101 465 6893977906353921661
HIT 3 2143213519165 499 4936263137977689757
HIT 3 1997184631103 465 14853331100133550364
HIT 3 2143213519167 499 8489114534521852089
HIT 3 1997184631102 465 14218351223853516504
HIT 3 2143213519166 499 11884778454806440189
HIT 3 2143219155263 499 4123327781268208889
HIT 3 2143219155261 499 166823228718125023
HIT 3 2143219155262 499 17135614790360507135
HIT 3 1997184631104 465 2339766772378505188
HIT 3 2143213519168 499 15516140552670482743
HIT 3 1997184631105 465 15861488211985783350
HIT 3 2143213519169 499 15035018708698212828
HIT 3 2143219155264 499 17759720872886917576
HIT 3 1997184631106 465 12654785722647834514
HIT 3 2143213519170 499 12837456652179732236
HIT 3 2143219155265 499 17642075787073555333
HIT 3 1997184631107 465 5825451674341220407
HIT 3 2143213519171 499 14254203215880263486
HIT 3 2143219155266 499 14045820499795068038
HIT 3 2143219155267 499 8259865873283091996
HIT 3 1997184631108 465 5008393635478882873
HIT 3 2143213519172 499 8055951392025095905
HIT 3 1997184631109 465 13963701302976194421
HIT 3 2143213519173 499 961761815040241348
HIT 3 1997184631110 465 10293739314459182304
HIT 3 2143213519174 499 7752855772962872394
HIT 3 2143219155268 499 2621484572606285124
HIT 3 1997184631111 465 8140684866903251537
HIT 3 2143213519175 499 18277590761788235124
HIT 3 2143219155269 499 2952728678392758228
HIT 3 2143219155270 499 7817857759967624109
HIT 3 1997184631113 465 11571474139111828735
HIT 3 2143213519177 499 6881629951588224310
HIT 3 2143219155271 499 429401976256098518
HIT 3 1997184631114 465 3318139593464874692
HIT 3 2143213519178 499 7752720588360369965
HIT 3 1997184631112 465 12772365115750487075
HIT 3 2143213519176 499 12514831187342837283
HIT 3 1997184631115 465 546588831445754652
HIT 3 2143213519179 499 5521421569265809413
HIT 3 2143219155272 499 9509896047996478984
HIT 3 2143219155273 499 14969798035106092441
HIT 3 2143219155274 499 12917712884302635457
HIT 3 1997184631116 465 12103842908340317418
HIT 3 2143213519180 499 5543567752981758932
HIT 3 2143219155275 499 9653701929737156143
HIT 3 1997184631117 465 10605412509041391420
HIT 3 2143213519181 499 392190548821972923
HIT 3 1997184631118 465 6581017940404945970
HIT 3 2143213519182 499 148224358445400812
HIT 3 1997184631119 465 3666407394732439375
HIT 3 2143213519183 499 7444280996786861126
HIT 3 2143219155277 499 7280166671149198308
HIT 3 2143219155276 499 13985349906293054655
HIT 3 2143219155279 499 335653672213271262
HIT 3 2143219155278 499 6386414145640912749
HIT 3 1997184631121 465 15679718484365644882
HIT 3 2143213519185 499 13681026102097535507
HIT 3 1997184631122 465 2874173805588283951
HIT 3 2143213519186 499 5906929883731544665
HIT 3 1997184631120 465 13212565302447307420
HIT 3 2143213519184 499 4598532072922846635
HIT 3 1997184631123 465 13301155870642440652
HIT 3 2143213519187 499 15378421372441270210
HIT 3 2143219155281 499 14769814377952063956
HIT 3 2143219155282 499 7356448094118621288
HIT 3 2143219155280 499 11694721441787054699
HIT 3 1997184631124 465 15641916639345587134
HIT 3 2143213519188 499 18255050728910116357
HIT 3 2143219155283 499 1604047452671631326
HIT 3 1997184631126 465 1906274312623893168
HIT 3 2143213519190 499 3555188147443432648
HIT 3 1997184631125 465 3867430768949078953
HIT 3 2143213519189 499 11666575668033235912
HIT 3 2143219155286 499 3009493093883611009
HIT 3 1997184631127 465 8575253577774126395
HIT 3 2143213519191 499 9815680694684186827
HIT 3 2143219155285 499 8784749754810018826
HIT 3 2143219155284 499 1604405569459927993
HIT 3 1997184631129 465 4607019821721577051
HIT 3 2143213519193 499 17448407478096435372
HIT 3 2143219155287 499 14745818466618767382
HIT 3 1997184631128 465 11321806655060201590
HIT 3 2143213519192 499 12523717201316788220
HIT 3 1997184631130 465 14661443149511181105
HIT 3 2143213519194 499 14127968859010055700
HIT 3 2143219155289 499 17747185961109053223
HIT 3 1997184631131 465 4312226556563657543
HIT 3 2143213519195 499 8642573825206851849
HIT 3 2143219155290 499 4431884611635095933
HIT 3 2143219155288 499 8919152155007523710
HIT 3 1997184631133 465 6029395186108808121
HIT 3 2143213519197 499 7428893830222872963
HIT 3 1997184631132 465 17303367349911596116
HIT 3 2143213519196 499 3910031747346796355
HIT 3 1997184631134 465 11703455753075019745
HIT 3 2143213519198 499 1910538728382033417
HIT 3 2143219155291 499 15939691308445123694
HIT 3 2143219155292 499 17551871137516939133
HIT 3 2143219155294 499 3723076068184540023
HIT 3 2143219155293 499 11057663001710991842
HIT 3 1997184631137 465 8525438343287175556
HIT 3 2143213519201 499 8067236998679487714
HIT 3 1997184631135 465 7502759654670398936
HIT 3 2143213519199 499 8458413566597441877
HIT 3 1997184631138 465 14178816520120779187
HIT 3 2143213519202 499 11761907116212646672
HIT 3 1997184631136 465 1917292603768355890
HIT 3 2143213519200 499 13280075106469567308
HIT 3 2143219155296 499 11530756014159773048
HIT 3 2143219155297 499 9347115185181923491
HIT 3 1997184631140 465 12842104072000651547
HIT 3 2143213519204 499 16548866770449676422
HIT 3 1997184631139 465 587483916694475250
HIT 3 2143213519203 499 12427742505449822783
HIT 3 2143219155298 499 537356351680657411
HIT 3 2143219155295 499 16464355142895438291
HIT 3 1997184631141 465 8757001234258436823
HIT 3 2143213519205 499 15875499502325646735
HIT 3 2143219155299 499 7253329509368661569
HIT 3 2143219155300 499 15024530600919189322
HIT 3 1997184631142 465 5828787967896391296
HIT 3 2143213519206 499 16515640073956446197
HIT 3 1997184631144 465 2707707331220670748
HIT 3 2143213519208 499 13113131488988920362
HIT 3 2143219155301 499 7838467313387177760
HIT 3 1997184631145 465 17743224439999155035
HIT 3 2143213519209 499 5582815419043386916
HIT 3 1997184631143 465 8758570158376856678
HIT 3 2143213519207 499 9342646282840547399
HIT 3 2143219155304 499 1286958784112192155
HIT 3 1997184631146 465 9807573395857162517
HIT 3 2143213519210 499 211111198633441316
HIT 3 2143219155302 499 3404768343164086467
HIT 3 1997184631147 465 12568809966714623825
HIT 3 2143213519211 499 1303209917061776796
HIT 3 2143219155303 499 8157702807850827043
HIT 3 2143219155305 499 2327143311723394724
HIT 3 1997184631148 465 14578215060341374677
HIT 3 2143213519212 499 17009124079976710058
HIT 3 1997184631149 465 8045057602265509807
HIT 3 2143213519213 499 11192248191791793241
HIT 3 2143219155306 499 5747795048355980793
HIT 3 1997184631150 465 15113602353720340523
HIT 3 2143213519214 499 14294383963352725083
HIT 3 2143219155308 499 13400041880625663359
HIT 3 2143219155309 499 11615878775080947767
HIT 3 2143219155307 499 5084044300709949131
HIT 3 1997184631152 465 14635539181043232998
HIT 3 2143213519216 499 16978996107978363336
HIT 3 1997184631151 465 12302700610455190240
HIT 3 2143213519215 499 3976613763212441071
HIT 3 1997184631153 465 7294806994905134140
HIT 3 2143213519217 499 5718844631588294461
HIT 3 2143219155310 499 564344791356133182
HIT 3 1997184631154 465 12643382278118818174
HIT 3 2143213519218 499 513017406715853290
HIT 3 2143219155311 499 1256253621280986407
HIT 3 1997184631155 465 8472858856000658646
HIT 3 2143213519219 499 18370530496556839180
HIT 3 2143219155313 499 12168639663088313174
HIT 3 2143219155312 499 16043349780623288155
HIT 3 1997184631157 465 2970998101543969753
HIT 3 2143213519221 499 15669074644663066116
HIT 3 2143219155315 499 12689935292460349612
HIT 3 1997184631156 465 13200804200673007184
HIT 3 2143213519220 499 4885544191368324865
HIT 3 2143219155314 499 6258868338333106257
HIT 3 1997184500087 465 4426123624090616463
HIT 3 2143213388151 499 6473386778704271484
HIT 3 1997184631159 465 7154061402758386162
HIT 3 2143213519223 499 15205688357316804788
HIT 3 2143219155317 499 9338363595409851921
HIT 3 2143219155316 499 18061084070367501477
HIT 3 1997184631160 465 9956609737983450387
HIT 3 2143213519224 499 12165060775843595095
HIT 3 1997184762232 465 609893488453399455
HIT 3 2143213650296 499 10018553836187982019
HIT 3 1997184631158 465 4426123624090616463
HIT 3 2143213519222 499 6473386778704271484
HIT 3 1997184631161 465 609893488453399455
HIT 3 2143213519225 499 10018553836187982019
HIT 3 2143219155318 499 12534804878811507502
HIT 3 1644997378426 383 14332644685631817896
HIT 3 1997184696698 465 16648671688482758387
HIT 3 2143219155319 499 14278719480984252023
HIT 3 1997184696699 465 6455230949199327383
HIT 3 2143213584763 499 7466768466194000180
HIT 3 1997184762235 465 7902119405273241006
HIT 3 2143213650299 499 9062248888838098067
HIT 3 1997184827771 465 16648671688482758387
HIT 3 2143213715835 499 7192455561419421947
HIT 3 1997184893307 465 9740070763147627171
HIT 3 2143213781371 499 6284052111394906941
HIT 3 1997184958843 465 5704779643611015583
HIT 3 2143213846907 499 3013578604829257229
HIT 3 1997185024379 465 11537994506957909285
HIT 3 2143213912443 499 4681622033006309128
HIT 3 1997185089915 465 9430642410817537017
HIT 3 2143213977979 499 1480794913703149141
HIT 3 1997185155451 465 8980314384944079076
HIT 3 2143214043515 499 11348571401689179152
HIT 3 1997185220987 465 10528323380497201078
HIT 3 2143214109051 499 3773140174795287592
HIT 3 1997185286523 465 2298667333084069926
HIT 3 2143214174587 499 7184682189311559697
HIT 3 1997185352059 465 10133423036839750141
HIT 3 2143214240123 499 13589476753607291100
HIT 3 1997185417595 465 4096578005480218621
HIT 3 2143214305659 499 8387868536227845114
HIT 3 1997185483131 465 1047351142182164030
HIT 3 2143214371195 499 12619648931693668647
HIT 3 1997185548667 465 15363844285903392399
HIT 3 2143214436731 499 14057237252556620677
HIT 3 1997185614203 465 11919883995214868469
HIT 3 2143214502267 499 11802316141279983731
HIT 3 1997185679739 465 5576866827772710961
HIT 3 2143214567803 499 5080633711671304278
HIT 3 1997185745275 465 6050899127404011624
HIT 3 2143214633339 499 1773863351013641751
HIT 3 1997185810811 465 15798566391461941988
HIT 3 2143214698875 499 15764619102744251653
HIT 3 1997185876347 465 15347098928772011168
HIT 3 2143214764411 499 4064821949343106611
HIT 3 1997185941883 465 13872736006121097530
HIT 3 2143214829947 499 14829859596618955854
HIT 3 1997186007419 465 9081947691705695602
HIT 3 2143214895483 499 11265367954369161531
HIT 3 1997186072955 465 4550495026889947333
HIT 3 2143214961019 499 1595246096413481329
HIT 3 1997186138491 465 2660171388369813859
HIT 3 2143215026555 499 7383782453103630801
HIT 3 1997186204027 465 14474975224958576583
HIT 3 2143215092091 499 8138773496904174210
HIT 3 2143219024249 499 11889294151990157910
HIT 3 2005780136313 467 9956609737983450387
HIT 3 2143219089785 499 3986388022990976505
HIT 3 2134629220729 497 11410362119566096043
HIT 3 2138924188025 498 5637127077725535767
HIT 3 2143219155321 499 12005423352389916609
HIT 3 2151809089913 501 3360304640517025399
HIT 3 2143219286393 499 3898602201623209908
HIT 3 2151811252601 501 12165060775843595095
HIT 3 2143219155320 499 7128721976123760490
HIT 3 2143213584762 499 7192455561419421947
HIT 3 1988594827642 463 12531366428615188750
HIT 3 1992889794938 464 13067407236414528194
HIT 3 1997184762234 465 15015722776099390639
HIT 3 2005774696826 467 8213240896350163482
HIT 3 2134623715706 497 15519827335100491132
HIT 3 2138918683002 498 4190044646772081663
HIT 3 2143213650298 499 16693762546033799886
HIT 3 2151803584890 501 14099890428261565598
HIT 3 1997184893306 465 7902119405273241006
HIT 3 2143213781370 499 9062248888838098067
HIT 3 1997186269563 465 4051032138895747987
HIT 3 2143215157627 499 5802942593999114256
HIT 3 1997186335099 465 15960577646390623215
HIT 3 2143215223163 499 7667488731032009086
HIT 3 1997186400635 465 13758589109345148831
HIT 3 2143215288699 499 11103638273963702600
HIT 3 1997186466171 465 4410962456026825570
HIT 3 2143215354235 499 8841506457222416929
HIT 3 1997186531707 465 15276103645654132655
HIT 3 2143215419771 499 344506980526343397
HIT 3 1997186597243 465 12941080390174426356
HIT 3 2143215485307 499 7132037290341742841
HIT 3 1997186662779 465 897282591451520823
HIT 3 2143215550843 499 2085696791975542650
HIT 3 1997186728315 465 16187661821981159971
HIT 3 2143215616379 499 11846819052696817007
HIT 3 1997186793851 465 16382987493845584491
HIT 3 2143215681915 499 14605380502974908799
HIT 3 1997186859387 465 2849067635297014158
HIT 3 2143215747451 499 6164965906090560950
HIT 3 1997186924923 465 14550204173772689938
HIT 3 2143215812987 499 15270452634658555696
HIT 3 1997186990459 465 4815201842825242453
HIT 3 2143215878523 499 3341057545824339396
HIT 3 1997187055995 465 1184608982544490644
HIT 3 2143215944059 499 9188049875099373734
HIT 3 1997187121531 465 9088809325780991700
HIT 3 2143216009595 499 2498313972405959765
HIT 3 1997187187067 465 5348346291574301833
HIT 3 2143216075131 499 5143588878938622473
HIT 3 1997187252603 465 16798334525749441815
HIT 3 2143216140667 499 14367145884716743495
HIT 3 1997187318139 465 291045217176201186
HIT 3 2143216206203 499 2233535143062970484
HIT 3 1997187383675 465 698775099368065355
HIT 3 2143216271739 499 12387029021755651700
HIT 3 1997187449211 465 11620270549034262306
HIT 3 2143216337275 499 1400143350376289164
HIT 3 1997187514747 465 5736815711063061569
HIT 3 2143216402811 499 10267957731098388992
HIT 3 1997187580283 465 5475612943025752964
HIT 3 2143216468347 499 342377306611437207
HIT 3 1997187645819 465 7678190035318784941
HIT 3 2143216533883 499 8287733552575610620
HIT 3 1997187711355 465 13094823949908679342
HIT 3 2143216599419 499 3288771459726927743
HIT 3 1997187776891 465 6709960990861584065
HIT 3 2143216664955 499 14124471436160293234
HIT 3 1997187842427 465 3278458867384577650
HIT 3 2143216730491 499 6088133437251733391
HIT 3 1997187907963 465 2360825907651144289
HIT 3 2143216796027 499 4870631705789273586
HIT 3 1997187973499 465 2844488764571355890
HIT 3 2143216861563 499 9078439710224513566
HIT 3 1997188039035 465 16386464853147486137
HIT 3 2143216927099 499 8129254601700874428
HIT 3 1997188104571 465 14273241006191389585
HIT 3 2143216992635 499 2977438180243165353
HIT 3 1997188170107 465 4737384986313369401
HIT 3 2143217058171 499 13317541820105750042
HIT 3 1997188235643 465 792853270360327712
HIT 3 2143217123707 499 15817693523262070808
HIT 3 1997188301179 465 8620994768351941513
HIT 3 2143217189243 499 5833044625746857627
HIT 3 1997188366715 465 10205961084764967631
HIT 3 2143217254779 499 3103880661655078967
HIT 3 1997188432251 465 1830593358538825712
HIT 3 2143217320315 499 6516212978448176975
HIT 3 1997188497787 465 10064940857807950242
HIT 3 2143217385851 499 15868973760598159916
HIT 3 1997188563323 465 11619678852883183341
HIT 3 2143217451387 499 4899593276950905587
HIT 3 1997188628859 465 11142569005116273011
HIT 3 2143217516923 499 9332953570985860666
HIT 3 1997188694395 465 6376217409284418413
HIT 3 2143217582459 499 15298226425493159301
HIT 3 1997188759931 465 14650378150455809577
HIT 3 2143217647995 499 14174918258490341112
HIT 3 1997188825467 465 14046267808880410435
HIT 3 2143217713531 499 11415731667785840364
HIT 3 1997188891003 465 15701840317025649406
HIT 3 2143217779067 499 16971815825865393535
HIT 3 1997188956539 465 15283420953696163882
HIT 3 2143217844603 499 14234504520473327806
HIT 3 1997189022075 465 9110955797215936636
HIT 3 2143217910139 499 4203215886376481919
HIT 3 1997189087611 465 13470034509260903287
HIT 3 2143217975675 499 6345355704337223154
HIT 3 1997189153147 465 10173851998959818775
HIT 3 2143218041211 499 5928300881855931138
HIT 3 1997189218683 465 14987454995779290784
HIT 3 2143218106747 499 2091912629045480071
HIT 3 1997189284219 465 6943230473647848759
HIT 3 2143218172283 499 11083975462829342401
HIT 3 1997189349755 465 18417195811166206202
HIT 3 2143218237819 499 12784598267135906231
HIT 3 1997189415291 465 14837514585843773513
HIT 3 2143218303355 499 12112158245002990122
HIT 3 1997189480827 465 10846456737498619069
HIT 3 2143218368891 499 10548406546138689193
HIT 3 1997189546363 465 13587594314055766276
HIT 3 2143218434427 499 4248996932618331586
HIT 3 1997189611899 465 1075656580788604387
HIT 3 2143218499963 499 5716922700690330816
HIT 3 1997189677435 465 13344647424500746345
HIT 3 2143218565499 499 9379344276195496790
HIT 3 1997189742971 465 10358247334001939110
HIT 3 2143218631035 499 16297957733361661915
HIT 3 1997189808507 465 17474984254945052383
HIT 3 2143218696571 499 11268067515719722541
HIT 3 1997189874043 465 4473447254511886029
HIT 3 2143218762107 499 13965252230455682260
HIT 3 1997189939579 465 336918957438947113
HIT 3 2143218827643 499 16231856558347854525
HIT 3 1988600070523 463 336918957438947113
HIT 3 1997190005115 465 15475108576655984783
HIT 3 2143218893179 499 5936670121017374885
HIT 3 1997190070651 465 12531366428615188750
HIT 3 2005780005243 467 7884270372628459621
HIT 3 2143218958715 499 7415291890103593105
HIT 3 1997190136187 465 7884270372628459621
HIT 3 2134629089659 497 12861727298982532218
HIT 3 2138924056955 498 16492180520177715774
HIT 3 2143219024251 499 11532890163788585434
HIT 3 2151808958843 501 11375431717742554200
HIT 3 2001485169019 466 5963341182831905266
HIT 3 2005780136315 467 15015722776099390639
HIT 3 2014370070907 469 3635550270567321683
HIT 3 2134629155195 497 18383893777115526834
HIT 3 2138924122491 498 4696985665248627524
HIT 3 2143219089787 499 17071318428748678107
HIT 3 2151809024379 501 18318699456344349062
HIT 3 2001485234555 466 13067407236414528194
HIT 3 2005780201851 467 3635550270567321683
HIT 3 2010075169147 468 5963341182831905266
HIT 3 2014370136443 469 5347725623251990364
HIT 3 2018665103739 470 9103163701033333593
HIT 3 2022960071035 471 9991993436306332881
HIT 3 2027255038331 472 9929756584128486142
HIT 3 2031550005627 473 6877964440006904437
HIT 3 2035844972923 474 11649137773065409210
HIT 3 2040139940219 475 14548717399011926597
HIT 3 2044434907515 476 4392923346117326194
HIT 3 2048729874811 477 12763456806853525400
HIT 3 2053024842107 478 4882098852236031733
HIT 3 2057319809403 479 6792002209060989812
HIT 3 2061614776699 480 2358765856087394179
HIT 3 2065909743995 481 16562918759430096062
HIT 3 2070204711291 482 779060491502482147
HIT 3 2074499678587 483 14831999890209516546
HIT 3 2078794645883 484 15808386640430085903
HIT 3 2083089613179 485 7777741648364113202
HIT 3 2087384580475 486 9145565013164049304
HIT 3 2091679547771 487 9590704823633933002
HIT 3 2095974515067 488 5279428673715344748
HIT 3 2100269482363 489 211396096827244325
HIT 3 2104564449659 490 16285137301152805604
HIT 3 2108859416955 491 14211078079826367784
HIT 3 2113154384251 492 15504471751696862145
HIT 3 2117449351547 493 8003341566356989183
HIT 3 2121744318843 494 13653809890847829246
HIT 3 2126039286139 495 14843271507188306110
HIT 3 2130334253435 496 10876939245521294542
HIT 3 2134629220731 497 9450827749418312186
HIT 3 2138924188027 498 14588973252196044268
HIT 3 2143219155323 499 16980741782646825967
HIT 3 2147514122619 500 13859332469400453180
HIT 3 2151809089915 501 584540939479048993
HIT 3 2156104057211 502 15755885012894289003
HIT 3 2160399024507 503 1623155083835284118
HIT 3 1997184893308 465 16047432369076441770
HIT 3 2143213781372 499 7992625249906476289
HIT 3 2143219024253 499 13972947774141662383
HIT 3 2005780136317 467 16047432369076441770
HIT 3 2143219089789 499 13370353331096110110
HIT 3 2134629220733 497 752061652278719361
HIT 3 2138924188029 498 12656842367555423120
HIT 3 2143219155325 499 2329425107045145015
HIT 3 2151809089917 501 13880372043048893276
HIT 3 2143219286397 499 5843583264021352088
HIT 3 2143219024250 499 10965775734118886699
HIT 3 2005780136314 467 6455230949199327383
HIT 3 2143219089786 499 9567560800454778727
HIT 3 2134629220730 497 14369398182209637950
HIT 3 2138924188026 498 10654927302045444615
HIT 3 2143219155322 499 5967145323225412359
HIT 3 2151809089914 501 13525933994807694024
HIT 3 2143219286394 499 7700528839744430013
HIT 3 2151811252602 501 7466768466194000180
HIT 3 2164693991803 504 17570599590399891418
HIT 3 2168988959099 505 9445368924023004531
HIT 3 2173283926395 506 10693102427645426837
HIT 3 2177578893691 507 4355703068496216617
HIT 3 2181873860987 508 10079318547715202941
HIT 3 2186168828283 509 16108742791655323551
HIT 3 2190463795579 510 9963552919145570964
HIT 3 2194758762875 511 11036135821049774716
HIT 3 2014370201979 469 8213240896350163482
HIT 3 2143219220859 499 14581232270513761956
HIT 3 2134629351803 497 9431132353638856587
HIT 3 2138924319099 498 3461708225752999015
HIT 3 2143219286395 499 10701157365847109583
HIT 3 2151809220987 501 7350475831569338933
HIT 3 2143219351931 499 10218596008077117373
HIT 3 2143219417467 499 1719638688550500060
HIT 3 2143219483003 499 7471191066881123396
HIT 3 2143219548539 499 14189834901276210602
HIT 3 2143219614075 499 7063069870027533766
HIT 3 2143219679611 499 1403629567425828633
HIT 3 2143219745147 499 1099789608635584229
HIT 3 2143219810683 499 14923133773824819908
HIT 3 2143219876219 499 5903319225870920927
HIT 3 2143219941755 499 3193654380802770919
HIT 3 2143220007291 499 4411556172649303523
HIT 3 2143220072827 499 925565997621835339
HIT 3 2143220138363 499 13149979290928649814
HIT 3 2143220203899 499 6795390986431052111
HIT 3 2143220269435 499 4993373362423479734
HIT 3 2143220334971 499 7746779907974764347
HIT 3 2143220400507 499 13569826202501629904
HIT 3 2143220466043 499 9850551132756661737
HIT 3 2143220531579 499 16816118672813176113
HIT 3 2143220597115 499 4460585264725605211
HIT 3 2143220662651 499 8162835573137371982
HIT 3 2143220728187 499 2527088511463815007
HIT 3 2143220793723 499 14050303777283464695
HIT 3 2143220859259 499 10451203213528732979
HIT 3 2143220924795 499 7335054939188255949
HIT 3 2143220990331 499 10481692992427345653
HIT 3 2143221055867 499 2292491862653081048
HIT 3 2134631186811 497 2292491862653081048
HIT 3 2143221121403 499 2558860109403582634
HIT 3 2143221186939 499 15519827335100491132
HIT 3 2151811121531 501 15692735243685534562
HIT 3 2143221252475 499 15692735243685534562
HIT 3 2147516285307 500 1640384140892381742
HIT 3 2151811252603 501 16693762546033799886
HIT 3 2160401187195 503 10636826553403132050
HIT 3 2147516350843 500 4190044646772081663
HIT 3 2151811318139 501 10636826553403132050
HIT 3 2156106285435 502 1640384140892381742
HIT 3 2160401252731 503 1315262468634848439
HIT 3 2164696220027 504 5436001900830729047
HIT 3 2168991187323 505 1101922621124673592
HIT 3 2173286154619 506 12146082891876773804
HIT 3 2177581121915 507 13093046212085614646
HIT 3 2181876089211 508 14601777216138095140
HIT 3 2186171056507 509 12104837414904283346
HIT 3 2190466023803 510 3594061510517468357
HIT 3 2194760991099 511 16395635374567654208
HIT 3 2160401318267 503 14099890428261565598
HIT 3 2143219155324 499 1976712848165250828
HIT 3 2151811252605 501 7992625249906476289
HIT 3 2143219155326 499 8848358078063948318
HIT 3 2143219155327 499 11680894706615805151
HIT 3 2143219155328 499 2636311415491345244
HIT 3 2143219155329 499 2816539524009504152
HIT 3 2143219155331 499 7406409803419618359
HIT 3 2143219155332 499 15467681597640011191
HIT 3 2143219155333 499 2698463596453735759
HIT 3 2143219155330 499 869906959363025086
HIT 3 2143219155335 499 11679707474154278028
HIT 3 2143219155336 499 11160353697683714164
HIT 3 2143219155337 499 10142872554348061568
HIT 3 2143219155334 499 10980941395732633819
HIT 3 2143219155338 499 3447747640503656298
HIT 3 2143219155340 499 18357253783896306097
HIT 3 2143219155341 499 14422202484735819568
HIT 3 2143219155342 499 15888505994649907565
HIT 3 2143219155339 499 3579869018656813992
HIT 3 2143219155343 499 16875631977232407462
HIT 3 2143219155344 499 17193626149724879035
HIT 3 2143219155345 499 15388294896073217589
HIT 3 2143219155349 499 17951307963739904602
HIT 3 2143219155347 499 120913431553431099
HIT 3 2143219155346 499 2014712141606062747
HIT 3 2143219155351 499 953935849761047134
HIT 3 2143219155350 499 13537666303881357666
HIT 3 2143219155348 499 15356396586807910162
HIT 3 2143219155354 499 15785380380529213373
HIT 3 2143219155355 499 8339523696534536627
HIT 3 2143219155352 499 375113838773726214
HIT 3 2143219155353 499 16632196089536710263
HIT 3 2143219155358 499 17961388677222943022
HIT 3 2143219155359 499 17832751807130459367
HIT 3 2143219155356 499 1840612452812655092
HIT 3 2143219155357 499 143035742913707253
HIT 3 2143219155363 499 16087743360222474666
HIT 3 2143219155360 499 9580418100744788528
HIT 3 2143219155361 499 16641927884620644116
HIT 3 2143219155362 499 8084100491314000485
HIT 3 2143219155364 499 6067191113994718618
HIT 3 2143219155365 499 17932247227312574826
HIT 3 2143219155366 499 16393786376717320663
HIT 3 2143219155370 499 11717072268693337873
HIT 3 2143219155367 499 4938111345204998450
HIT 3 2143219155371 499 9583326003493803563
HIT 3 2143219155368 499 9265390593271759740
HIT 3 2143219155372 499 9083249850426825734
HIT 3 2143219155369 499 8648264720680242470
HIT 3 2143219155374 499 10730374939217930430
HIT 3 2143219155376 499 3156455142426664806
HIT 3 2143219155378 499 3661832621236076269
HIT 3 2143219155373 499 16925749054986360533
HIT 3 2143219155380 499 3689445235355779208
HIT 3 2143219155375 499 7525674087471734532
HIT 3 2143219155381 499 6884672026011520794
HIT 3 2143219155377 499 8516502722936622989
HIT 3 2143219155383 499 12117616823721749141
HIT 3 2143219155379 499 3389206766179810333
HIT 3 2143219155385 499 14808676438527567877
HIT 3 2143219155386 499 8096644088781922178
HIT 3 2143219155387 499 551638172473843240
HIT 3 2143219155388 499 9723356149588418572
HIT 3 2143219155382 499 10194729506633077214
HIT 3 2143219155390 499 740542783245762977
HIT 3 2143219155391 499 11988748275446017389
HIT 3 2143219155384 499 4787774708564041370
HIT 3 2143219155392 499 1131567504579108005
HIT 3 2143219155393 499 3971040369730046001
HIT 3 2143219155395 499 78254473650799436
HIT 3 2143219155396 499 11443078961066726150
HIT 3 2143219155397 499 7283653876687740342
HIT 3 2143219155389 499 5571609488380488661
HIT 3 2143219155398 499 10545082514492186984
HIT 3 2143219155399 499 4765713389908254578
HIT 3 2143219155401 499 8943124796752646227
HIT 3 2143219155402 499 4421284249993369225
HIT 3 2143219155403 499 2178784755379296280
HIT 3 2143219155404 499 3009695161336823235
HIT 3 2143219155394 499 2321433801091226439
HIT 3 2143219024333 499 3009695161336823235
HIT 3 2143219155405 499 16700661549579527735
HIT 3 2143219155406 499 16159067375773970976
HIT 3 2143219286478 499 376367991950531194
HIT 3 2143219155407 499 376367991950531194
HIT 3 2151811252687 501 16159067375773970976
HIT 3 2014370202064 469 5414024360021678458
HIT 3 2143219220944 499 1882565442945658517
HIT 3 2134629351888 497 8240894863411590898
HIT 3 2138924319184 498 8597296564355326417
HIT 3 2143219286480 499 3549476874350922991
HIT 3 2151809221072 501 6957789022222420585
HIT 3 2143219417552 499 8288114912381989075
HIT 3 2143219220945 499 1273962168466114252
HIT 3 2143219286481 499 8288114912381989075
HIT 3 2143219352017 499 1882565442945658517
HIT 3 2143219417553 499 12295363285325425793
HIT 3 2143219483089 499 18225945991490957601
HIT 3 2143219548625 499 3036729293532258280
HIT 3 2143219614161 499 3786478367561533648
HIT 3 2143219679697 499 15880492757893668863
HIT 3 2143219745233 499 1635704163296711880
HIT 3 2143219810769 499 4424985797156539443
HIT 3 2143219876305 499 15211075708066358852
HIT 3 2143219941841 499 11897663919825663093
HIT 3 2143220007377 499 13701579852138179188
HIT 3 2143220072913 499 15864416666134609766
HIT 3 2143220138449 499 16036958967325936064
HIT 3 2143220203985 499 14149998238123015083
HIT 3 2143220269521 499 13266065217172278715
HIT 3 2143220335057 499 4985947895672004904
HIT 3 2143220400593 499 5189821866927461063
HIT 3 2143220466129 499 4561244427782982424
HIT 3 2143220531665 499 13303461337356743716
HIT 3 2143220597201 499 7661319103090159091
HIT 3 2143220662737 499 843499243098678642
HIT 3 2143220728273 499 10026162476363653156
HIT 3 2143220793809 499 4268592461798592165
HIT 3 2143220859345 499 1673591016799653233
HIT 3 2143220924881 499 6730311817133225314
HIT 3 2143220990417 499 4696715141417687693
HIT 3 2143221055953 499 11266397908977062720
HIT 3 2134631186897 497 11266397908977062720
HIT 3 2143221121489 499 18000797199915828230
HIT 3 2143221187025 499 8240894863411590898
HIT 3 2151811121617 501 1449080158552411290
HIT 3 2143221252561 499 1449080158552411290
HIT 3 2147516285393 500 14013430244235076637
HIT 3 2151811252689 501 3549476874350922991
HIT 3 2160401187281 503 4898321075170119788
HIT 3 2147516350929 500 8597296564355326417
HIT 3 2151811318225 501 4898321075170119788
HIT 3 2156106285521 502 14013430244235076637
HIT 3 2160401252817 503 3006087061239640847
HIT 3 2164696220113 504 17254861386353822672
HIT 3 2168991187409 505 16721490472774617235
HIT 3 2173286154705 506 18295083960624326410
HIT 3 2177581122001 507 383782570653393444
HIT 3 2181876089297 508 7672038019422094262
HIT 3 2186171056593 509 6170063323372861707
HIT 3 2190466023889 510 12710426271078024423
HIT 3 2194760991185 511 2596051634522518605
HIT 3 2160401318353 503 6957789022222420585
HIT 3 2143219417554 499 377566550054499859
HIT 3 2151811252691 501 377566550054499859
HIT 3 2143219155400 499 15480796924190916212
HIT 3 2151811252688 501 1273962168466114252
HIT 3 2160401318386 503 18069869511197762072
DONE data/p_lam.txt sz=3 range=[0,512) n=22108160 zero=0 20.4s
