idx	deg	nvars	litbits	nmon	coefbits
0	4	6	6	73	13
1	4	9	5	45	10
2	2	10	24	7	43
3	2	7	12	8	16
4	1	26	28	26	34
5	2	4	14	6	18
6	2	17	26	17	54
7	4	44	24	528	57
8	4	21	6	231	12
9	8	17	6	14125	27
10	2	20	15	18	21
11	2	20	18	28	24
12	2	7	16	9	34
13	2	6	15	13	20
14	2	29	14	35	20
15	4	8	6	145	12
16	2	34	28	39	56
17	4	28	27	465	40
18	2	17	23	11	49
19	2	20	14	26	21
20	4	6	27	15	39
21	2	18	26	17	32
22	1	18	20	18	25
23	2	11	24	10	34
24	2	57	27	41	56
25	2	6	6	13	9
26	2	31	28	22	57
27	4	4	14	21	36
28	2	27	23	32	31
29	4	40	296	527	599
30	2	8	23	7	24
31	2	36	23	40	31
32	2	30	24	33	34
33	8	30	24	-1	-1
34	2	15	5	12	7
35	1	20	20	20	26
36	2	42	24	31	43
37	2	5	6	10	6
38	2	29	26	35	32
39	4	5	6	42	15
40	2	31	24	36	46
41	2	21	24	15	42
42	2	7	5	9	11
43	1	12	19	12	25
44	4	7	16	45	40
45	2	25	16	31	22
46	2	19	24	23	32
47	4	55	24	820	75
48	2	17	16	22	21
49	2	26	6	27	6
50	4	14	6	188	13
51	1	6	28	6	31
52	2	9	28	9	33
53	2	10	27	19	33
54	2	33	24	23	29
55	2	23	24	27	43
56	4	4	296	10	649
57	2	16	16	21	21
58	4	28	24	523	75
59	2	11	16	21	22
60	2	20	5	27	11
61	2	13	24	13	43
62	1	22	6	22	9
63	8	12	24	330	110
64	4	22	24	136	72
65	2	19	16	26	37
66	2	5	27	7	32
67	2	19	16	25	23
68	2	19	24	19	34
69	2	54	24	39	47
70	1	9	24	9	29
71	2	34	24	39	43
72	4	24	24	136	58
73	2	17	27	12	54
74	2	32	296	25	303
75	2	23	20	30	41
76	2	17	26	21	32
77	4	29	6	731	13
78	8	41	296	-1	-1
79	2	23	6	26	7
80	4	43	24	496	63
81	1	14	6	14	6
82	2	29	28	34	55
83	4	31	6	848	13
84	4	18	295	105	626
85	8	51	296	-1	-1
86	2	15	296	11	305
87	2	16	6	16	11
88	2	28	6	34	9
89	2	5	16	10	22
90	2	4	16	5	32
91	4	33	24	276	56
92	4	17	6	274	13
93	2	16	24	11	43
94	2	51	24	35	45
95	4	9	6	181	13
96	1	21	18	22	24
97	2	26	6	34	6
98	2	18	16	23	21
99	2	20	16	210	30
100	1	11	6	12	6
101	2	21	24	15	41
102	4	19	16	253	28
103	8	46	24	-1	-1
104	4	21	23	231	71
105	2	23	24	23	46
106	4	21	6	348	12
107	2	27	27	29	55
108	8	9	6	4645	30
109	4	10	6	715	26
110	2	12	296	9	327
111	2	23	24	16	29
112	2	32	6	43	6
113	2	26	16	33	22
114	4	7	15	44	26
115	2	12	25	14	30
116	2	13	23	16	43
117	2	36	24	41	44
118	2	11	27	9	50
119	2	15	15	30	21
120	2	10	28	13	33
121	2	15	6	18	9
122	2	23	27	25	32
123	2	6	22	13	27
124	2	52	24	37	29
125	2	34	296	27	317
126	4	19	296	105	618
127	2	32	24	35	32
128	4	15	6	228	13
129	2	18	6	21	9
130	4	14	24	150	47
131	2	26	28	30	33
132	4	33	6	978	12
133	2	8	296	7	329
134	1	16	19	16	25
135	2	47	296	37	314
136	2	32	20	38	26
137	2	22	20	29	26
138	4	8	6	129	13
139	4	4	5	28	12
140	1	18	6	19	10
141	2	34	24	24	42
142	2	5	16	6	21
143	2	8	16	8	22
144	2	11	295	8	299
145	2	11	11	22	17
146	4	53	24	703	60
147	2	33	24	24	41
148	8	22	24	22126	111
149	2	34	28	38	57
150	2	13	23	9	28
151	2	6	6	13	9
152	4	26	27	460	39
153	4	12	6	55	12
154	4	29	296	275	602
155	4	4	6	41	14
156	4	11	20	105	60
157	2	16	28	21	34
158	1	22	6	22	7
159	4	21	6	231	12
160	2	9	6	18	7
161	4	9	24	55	56
162	2	19	16	24	21
163	2	11	20	23	25
164	1	17	15	18	21
165	1	8	5	8	5
166	2	25	24	28	29
167	4	16	6	205	12
168	2	32	6	43	7
169	2	12	6	25	11
170	2	26	6	30	11
171	2	11	23	9	48
172	2	16	23	18	33
173	2	21	26	24	54
174	4	18	16	300	43
175	4	9	6	181	14
176	4	11	6	243	15
177	2	20	16	22	22
178	2	14	6	13	10
179	1	16	19	14	24
180	4	31	6	696	12
181	2	30	24	31	46
182	4	20	24	190	57
183	2	4	5	9	6
184	2	6	5	5	6
185	4	25	16	561	43
186	2	19	15	25	20
187	2	29	19	36	25
188	8	19	6	22701	27
189	4	21	6	349	12
190	1	11	28	11	57
191	2	22	23	16	30
192	2	26	28	33	33
193	2	8	23	5	47
194	2	7	5	15	11
195	2	25	6	34	6
196	2	32	24	37	30
197	2	20	6	28	9
198	2	14	28	19	33
199	4	17	24	91	59
200	2	18	5	21	11
201	2	23	16	23	22
202	2	48	296	38	319
203	4	9	6	65	12
204	2	37	296	28	300
205	2	29	24	30	32
206	2	27	6	31	6
207	2	15	6	17	7
208	1	18	6	19	6
209	4	12	24	36	67
210	2	39	296	32	306
211	2	14	6	15	6
212	2	18	16	36	23
213	2	38	26	27	55
214	2	11	6	23	7
215	2	12	28	15	34
216	4	19	6	136	13
217	2	22	24	25	51
218	4	19	16	325	42
219	1	8	24	8	44
220	2	14	6	19	6
221	2	9	15	7	20
222	2	18	20	25	26
223	2	16	12	13	19
224	1	10	16	10	21
225	4	28	6	559	14
226	2	17	6	20	7
227	2	29	24	31	48
228	2	39	296	31	319
229	2	31	6	41	7
230	1	20	6	20	6
231	2	5	6	11	7
232	2	4	16	8	21
233	2	31	24	36	48
234	2	33	12	45	18
235	2	24	16	32	36
236	4	11	6	243	17
237	2	8	6	8	11
238	4	34	24	778	59
239	2	23	27	24	56
240	2	25	28	29	34
241	2	26	24	35	29
242	2	22	6	29	9
243	2	24	24	29	44
244	2	30	28	34	34
245	2	7	6	14	6
246	2	20	24	20	46
247	2	10	28	21	35
248	2	18	20	23	41
249	2	10	24	8	32
250	2	31	28	34	57
251	2	22	24	26	44
252	4	13	6	339	15
253	2	22	27	30	47
254	2	28	24	30	30
255	2	19	24	13	29
256	2	8	28	36	88
257	4	20	6	295	13
258	2	29	24	31	29
259	2	25	24	29	29
260	2	19	24	20	33
261	2	16	21	12	25
262	2	19	13	25	19
263	2	32	296	25	320
264	4	27	24	405	54
265	4	7	6	113	14
266	2	10	24	55	57
267	2	19	16	25	21
268	2	29	24	21	28
269	2	22	6	253	12
270	4	33	24	664	57
271	4	18	25	171	37
272	2	30	26	34	54
273	4	25	6	489	14
274	2	15	16	20	24
275	2	20	6	28	6
276	1	4	15	4	20
277	2	8	27	17	33
278	4	9	16	21	27
279	2	4	19	10	30
280	4	7	28	44	40
281	4	10	6	55	12
282	4	40	296	526	628
283	4	18	24	190	55
284	2	27	6	31	7
285	2	14	6	19	8
286	1	20	6	20	10
287	4	50	296	778	604
288	2	49	24	36	44
289	4	14	5	3060	25
290	2	31	27	35	33
291	2	20	6	28	7
292	2	2	19	4	25
293	4	10	6	45	12
294	2	10	23	7	39
295	2	8	28	8	33
296	2	9	6	19	12
297	1	7	28	7	34
298	2	7	20	7	24
299	4	22	6	253	14
300	2	4	15	8	22
301	4	29	24	523	56
302	4	9	28	66	63
303	2	52	24	38	33
304	4	24	20	528	61
305	4	10	5	201	12
306	2	20	6	24	6
307	2	30	24	35	34
308	2	32	26	32	55
309	1	18	6	18	11
310	4	16	5	205	11
311	2	10	24	21	31
312	4	25	296	189	599
313	2	17	20	23	40
314	2	26	16	30	21
315	2	37	28	26	57
316	1	4	5	4	4
317	4	6	6	28	11
318	2	48	296	39	328
319	2	29	296	22	298
320	1	12	6	13	6
321	2	18	24	19	28
322	4	15	6	120	12
323	2	8	17	10	38
324	4	40	24	406	57
325	2	21	20	28	25
326	2	11	5	11	5
327	2	26	19	34	24
328	4	19	24	210	54
329	2	24	16	32	21
330	2	27	24	28	48
331	2	35	296	29	302
332	2	17	28	17	54
333	4	12	6	134	16
334	2	12	24	8	29
335	2	33	24	24	29
336	1	24	6	24	11
337	2	33	24	38	28
338	2	18	6	18	6
339	2	24	24	25	32
340	4	32	27	811	39
341	2	22	28	23	56
342	2	28	19	32	25
343	2	13	20	17	40
344	2	23	24	16	39
345	4	30	24	590	56
346	2	4	6	5	7
347	4	17	6	274	12
348	2	27	6	406	13
349	2	35	28	25	56
350	2	19	20	26	40
351	2	19	6	24	6
352	2	29	6	31	10
353	4	32	24	661	71
354	2	16	6	20	6
355	4	5	6	51	13
356	4	8	6	28	12
357	2	10	28	19	35
358	2	10	19	20	25
359	4	6	6	85	12
360	2	49	296	38	300
361	2	30	28	37	34
362	2	16	28	16	34
363	4	8	6	145	13
364	2	14	6	105	15
365	2	17	20	13	25
366	2	23	19	29	25
367	2	35	296	28	317
368	4	29	24	556	57
369	2	18	24	12	47
370	2	27	24	29	45
371	4	48	296	739	602
372	2	56	24	39	42
373	2	7	16	14	23
374	2	14	21	9	38
375	2	18	296	14	306
376	2	40	24	28	29
377	2	19	16	26	20
378	2	24	6	325	12
379	4	13	5	105	15
380	2	2	5	5	6
381	2	18	24	16	32
382	2	19	296	16	324
383	2	54	24	38	30
384	2	48	24	34	48
385	4	5	6	51	14
386	2	7	6	36	12
387	4	20	24	105	70
388	1	11	28	12	33
389	2	46	24	33	45
390	2	12	27	11	54
391	2	15	16	20	24
392	4	29	6	593	13
393	4	13	6	339	13
394	2	23	24	24	31
395	2	15	16	19	22
396	2	22	24	23	48
397	4	7	6	99	13
398	2	32	24	36	47
399	2	26	6	351	14
400	1	6	23	6	48
401	2	28	24	27	49
402	2	11	6	23	7
403	2	9	20	18	27
404	8	22	6	20401	26
405	2	44	24	32	47
406	2	5	28	11	35
407	2	24	26	29	32
408	2	38	23	27	47
409	8	11	5	1001	25
410	4	12	16	120	41
411	2	28	24	32	40
412	2	23	28	29	34
413	2	16	24	17	30
414	2	5	17	11	23
415	2	14	28	14	34
416	2	14	20	13	25
417	2	9	24	45	72
418	4	7	5	36	12
419	2	23	24	23	32
420	2	17	28	23	33
421	4	5	5	27	11
422	2	19	28	19	34
423	2	26	24	27	48
424	2	11	5	8	6
425	2	22	6	28	6
426	2	13	20	14	25
427	4	11	6	253	18
428	2	9	14	8	20
429	4	13	16	153	41
430	2	9	15	9	20
431	2	15	24	15	30
432	2	13	27	13	32
433	2	26	14	34	21
434	2	14	296	12	316
435	2	9	28	11	46
436	2	22	6	25	8
437	4	48	24	630	83
438	2	23	24	16	44
439	4	42	24	465	58
440	4	10	24	45	57
441	4	33	6	933	13
442	2	8	24	5	51
443	2	33	24	35	32
444	4	22	24	376	54
445	2	6	19	12	25
446	4	22	6	346	14
447	4	18	6	322	14
448	2	5	26	6	31
449	1	24	6	22	9
450	2	26	24	19	31
451	2	6	19	9	24
452	2	34	23	42	23
453	1	18	20	19	25
454	2	8	18	5	22
455	2	16	24	17	48
456	2	20	16	27	37
457	2	33	28	41	34
458	2	11	14	15	20
459	2	27	24	28	44
460	2	30	24	21	47
461	2	24	16	31	37
462	2	33	6	43	11
463	2	27	24	31	32
464	8	19	24	13685	117
465	2	20	27	16	33
466	4	6	6	73	12
467	2	11	6	23	9
468	2	19	20	26	26
469	1	6	6	6	7
470	4	6	6	85	13
471	2	18	6	22	6
472	2	26	20	34	26
473	2	20	19	24	25
474	2	12	14	24	21
475	2	30	24	21	28
476	2	54	24	39	33
477	2	34	24	39	33
478	2	12	27	16	48
479	2	55	24	39	44
480	4	27	6	522	13
481	2	5	23	6	28
482	4	11	6	265	14
483	2	35	24	25	28
484	2	27	24	28	41
485	4	22	6	990	17
486	2	21	6	26	7
487	2	20	6	21	9
488	2	15	6	19	8
489	2	19	6	19	11
490	2	9	17	12	23
491	2	22	16	23	23
492	2	7	16	8	21
493	4	15	6	208	13
494	2	18	24	22	24
495	2	30	6	40	9
496	2	11	26	14	46
497	8	16	24	5814	117
498	2	23	28	32	34
499	2	18	20	18	25
500	2	22	20	22	26
501	2	31	19	40	25
502	4	16	16	231	42
503	4	44	28	496	86
504	4	33	6	893	14
505	4	32	6	-1	-1
506	4	30	6	663	13
507	2	22	24	26	44
508	8	13	24	3500	95
509	2	32	296	25	302
510	4	28	24	210	71
511	2	6	28	21	39
512	2	24	14	32	21
513	2	29	24	30	29
514	2	31	28	35	34
515	4	19	24	271	57
516	2	33	28	38	57
517	1	6	19	6	23
518	2	8	16	10	33
519	2	38	296	30	301
520	2	6	20	12	26
521	4	28	24	460	58
522	2	7	27	15	33
523	2	34	6	43	10
524	4	10	6	201	14
525	2	37	24	27	43
526	2	49	24	36	41
527	2	18	24	21	41
528	2	4	27	5	40
529	2	6	22	12	28
530	8	14	6	5814	27
531	2	23	24	24	47
532	2	34	25	38	51
533	1	22	20	22	26
534	2	35	6	45	11
535	2	30	5	33	6
536	2	20	15	23	21
537	2	3	13	7	20
538	2	23	24	26	48
539	4	15	23	120	56
540	1	8	24	8	32
541	4	14	23	135	46
542	2	53	24	38	46
543	2	34	6	42	9
544	2	8	5	36	10
545	2	21	296	16	318
546	2	32	6	42	6
547	2	7	6	15	8
548	2	31	16	40	22
549	4	16	16	231	42
550	4	16	16	231	40
551	2	22	6	30	8
552	2	24	19	32	40
553	8	27	6	-1	-1
554	2	2	5	4	10
555	4	19	6	348	12
556	4	17	28	253	66
557	1	14	19	15	26
558	2	12	16	16	25
559	2	12	16	15	24
560	1	6	24	6	29
561	2	43	24	32	46
562	2	30	24	31	49
563	2	34	28	36	55
564	2	28	20	33	26
565	2	10	5	9	5
566	4	32	24	701	55
567	2	23	26	16	53
568	4	26	24	460	57
569	2	4	27	8	33
570	2	26	19	28	25
571	2	12	19	15	25
572	1	18	6	18	11
573	4	33	24	698	77
574	4	7	16	45	32
575	2	26	20	27	27
576	2	12	17	9	22
577	4	5	5	21	10
578	1	18	16	19	22
579	2	9	25	7	30
580	2	14	24	15	48
581	1	4	20	4	26
582	2	24	24	25	29
583	2	24	16	32	23
584	2	13	24	11	47
585	4	54	27	780	82
586	4	23	6	493	13
587	8	12	6	16641	29
588	1	6	6	6	6
589	2	7	16	15	22
590	4	7	16	99	29
591	2	26	16	35	22
592	4	7	22	21	53
593	2	17	24	20	33
594	2	33	6	40	10
595	2	23	28	30	48
596	1	5	27	6	32
597	2	17	19	14	24
598	4	22	24	136	56
599	2	19	22	13	30
600	2	11	6	23	9
601	2	5	19	7	24
602	2	7	24	5	43
603	2	18	6	22	6
604	2	10	6	13	6
605	4	23	28	300	40
606	4	16	24	136	56
607	2	9	14	18	20
608	2	49	24	34	29
609	2	20	27	26	32
610	2	4	23	9	28
611	4	6	6	73	14
612	2	16	296	13	325
613	1	23	16	24	21
614	2	11	24	10	28
615	2	13	24	10	33
616	4	12	294	45	597
617	2	53	24	37	29
618	4	12	6	131	12
619	8	5	6	182	24
620	2	17	14	23	20
621	2	30	6	34	11
622	2	31	24	35	29
623	4	24	23	171	60
624	2	36	24	25	30
625	2	13	13	26	20
626	2	32	28	37	56
627	4	35	296	404	604
628	2	9	20	8	25
629	4	27	6	460	14
630	2	6	20	12	26
631	2	26	27	18	56
632	2	29	24	33	29
633	4	6	16	36	42
634	2	32	24	37	34
635	8	9	16	1330	80
636	2	18	6	20	9
637	4	16	6	229	12
638	2	28	24	33	25
639	2	8	6	16	7
640	2	10	28	11	33
641	2	17	16	23	21
642	2	9	19	12	24
643	2	26	19	30	25
644	2	29	24	33	29
645	2	8	16	8	21
646	4	13	21	45	51
647	4	11	24	55	76
648	4	42	24	465	61
649	8	51	296	-1	-1
650	4	23	24	373	58
651	2	14	6	14	9
652	4	37	296	405	621
653	2	5	20	11	26
654	2	14	16	18	21
655	2	31	20	35	26
656	2	17	22	12	41
657	2	17	28	22	49
658	2	57	24	41	42
659	8	53	24	-1	-1
660	2	18	16	19	21
661	2	30	24	30	48
662	2	8	16	16	22
663	1	16	20	17	27
664	2	35	20	45	26
665	2	27	24	31	47
666	4	12	27	36	83
667	2	19	24	23	29
668	2	23	28	27	34
669	2	17	16	23	37
670	2	29	24	31	28
671	2	11	28	78	39
672	2	35	24	26	46
673	8	7	6	1765	29
674	4	32	24	276	58
675	2	19	24	20	32
676	2	4	16	8	22
677	2	13	16	13	21
678	4	3	11	19	23
679	2	24	6	28	6
680	4	32	296	324	616
681	2	4	6	9	9
682	2	24	27	32	33
683	2	25	18	33	24
684	2	7	25	14	31
685	2	44	296	35	315
686	2	24	6	26	8
687	2	34	24	38	48
688	2	22	24	16	42
689	2	16	16	21	21
690	2	11	24	9	28
691	2	17	24	16	44
692	2	33	24	22	43
693	4	3	5	25	10
694	2	10	24	7	33
695	2	25	6	34	10
696	2	29	24	30	49
697	2	56	24	41	31
698	4	19	24	230	58
699	4	19	28	105	82
700	2	36	24	25	33
701	2	32	24	23	29
702	4	12	296	45	620
703	2	19	28	22	34
704	2	19	24	23	27
705	4	26	24	190	59
706	2	4	20	5	39
707	1	12	28	13	33
708	2	11	23	12	23
709	2	7	5	7	5
710	2	26	28	33	34
711	2	28	27	20	54
712	1	23	15	24	21
713	4	14	6	188	12
714	1	9	24	8	29
715	2	22	296	17	328
716	2	9	27	10	33
717	2	29	14	33	20
718	2	15	28	11	54
719	2	2	5	4	5
720	2	18	12	18	18
721	4	8	6	129	14
722	2	48	28	34	57
723	2	7	6	8	9
724	2	18	27	12	54
725	2	16	20	20	25
726	2	9	5	12	11
727	2	40	28	28	55
728	2	16	16	21	22
729	2	21	23	15	40
730	2	46	296	36	319
731	4	42	296	559	603
732	4	18	24	171	58
733	1	22	12	22	19
734	4	34	6	817	13
735	4	21	6	12650	26
736	2	24	6	26	11
737	4	11	6	265	15
738	2	19	24	23	30
739	2	18	13	24	19
740	2	26	24	29	48
741	2	21	24	20	31
742	4	23	16	493	28
743	2	7	20	9	25
744	4	15	24	120	56
745	4	22	24	346	61
746	2	14	16	18	33
747	2	7	16	9	20
748	2	36	296	28	318
749	2	14	24	13	40
750	2	12	6	16	6
751	1	18	26	18	32
752	2	29	19	34	26
753	2	14	16	18	36
754	2	19	24	20	33
755	2	8	6	9	6
756	2	7	6	8	9
757	2	10	6	13	6
758	2	11	6	11	6
759	2	15	24	15	42
760	4	11	6	243	14
761	1	35	18	35	23
762	8	20	6	29847	27
763	2	24	16	32	31
764	2	31	23	22	43
765	2	21	6	231	12
766	4	11	5	55	12
767	2	28	20	30	26
768	2	13	28	10	56
769	2	23	6	31	10
770	2	14	20	18	39
771	2	39	296	30	300
772	8	9	6	495	25
773	2	23	16	30	21
774	2	32	24	37	45
775	2	15	24	15	49
776	4	8	6	129	12
777	4	15	6	208	13
778	1	8	28	8	56
779	2	6	19	7	24
780	4	17	23	153	72
781	2	26	28	30	57
782	2	12	24	11	45
783	2	29	24	31	33
784	4	9	6	181	14
785	4	16	24	153	60
786	2	24	6	27	7
787	4	22	24	253	77
788	4	15	295	66	599
789	2	22	16	26	22
790	2	6	6	9	9
791	2	26	24	18	44
792	4	7	5	44	12
793	2	17	20	22	26
794	4	25	6	591	13
795	2	15	16	20	20
796	2	13	27	26	33
797	2	23	24	24	30
798	2	20	24	24	24
799	4	7	6	36	12
800	4	16	296	78	605
801	1	7	20	8	24
802	2	19	295	15	304
803	2	18	14	15	21
804	2	9	5	11	6
805	2	46	24	33	47
806	2	3	6	6	8
807	4	16	6	229	13
808	2	20	16	26	23
809	2	9	14	17	20
810	2	18	6	18	10
811	2	11	15	22	21
812	2	17	6	23	10
813	2	11	27	14	48
814	2	36	24	41	48
815	2	9	6	18	10
816	2	22	296	17	305
817	2	45	296	35	301
818	2	16	24	18	27
819	8	12	24	330	117
820	4	20	20	402	32
821	2	18	24	16	34
822	2	18	20	22	26
823	4	4	6	41	12
824	2	38	24	27	29
825	8	21	6	18975	26
826	2	10	23	11	28
827	2	5	16	11	22
828	4	27	24	460	67
829	2	21	14	21	20
830	1	20	6	21	7
831	2	25	14	29	20
832	2	22	19	29	39
833	2	15	28	20	49
834	2	10	6	21	12
835	2	32	6	41	10
836	2	20	6	28	7
837	4	19	6	595	14
838	2	9	5	45	11
839	2	10	6	20	7
840	2	18	16	22	22
841	4	16	24	136	59
842	4	33	24	739	59
843	2	24	16	26	22
844	2	5	19	7	24
845	8	10	23	210	103
846	4	30	296	275	601
847	4	29	24	560	58
848	1	25	27	26	33
849	4	10	296	36	598
850	2	16	28	15	33
851	2	13	13	15	18
852	4	22	6	350	12
853	8	21	6	8855	27
854	4	20	11	295	23
855	4	6	6	85	13
856	2	5	15	7	22
857	2	5	26	11	33
858	2	10	6	14	6
859	2	27	296	21	306
860	2	27	6	31	8
861	2	17	20	23	26
862	4	43	24	465	56
863	2	7	27	8	32
864	2	23	24	23	46
865	2	17	15	21	20
866	2	24	19	48	25
867	2	14	28	17	34
868	4	25	6	591	12
869	2	34	28	24	57
870	2	10	28	20	34
871	2	25	6	29	11
872	2	17	16	23	22
873	4	26	6	460	13
874	2	7	28	7	33
875	2	12	6	15	10
876	2	14	6	17	10
877	4	9	5	21	11
878	2	22	6	26	9
879	2	14	16	18	22
880	2	6	20	12	26
881	4	14	5	120	11
882	2	2	28	4	33
883	4	7	6	44	13
884	2	20	28	20	57
885	2	17	24	20	47
886	2	21	24	15	28
887	4	5	6	61	14
888	2	22	16	29	37
889	4	26	6	490	16
890	2	10	6	9	11
891	2	29	24	33	31
892	2	24	24	325	37
893	1	6	27	6	32
894	2	16	24	16	30
895	1	24	16	24	23
896	2	7	20	14	26
897	4	18	27	228	85
898	1	4	15	4	20
899	2	28	296	22	301
900	2	2	5	5	6
901	2	26	23	31	28
902	4	33	24	698	60
903	2	28	25	34	31
904	1	6	24	6	29
905	2	26	24	30	43
906	2	16	16	16	21
907	2	13	20	25	26
908	2	22	6	26	6
909	4	8	24	15	57
910	2	15	24	14	46
911	1	9	28	9	56
912	2	16	20	21	25
913	2	16	20	12	40
914	1	7	24	7	29
915	4	19	16	325	56
916	2	22	18	30	24
917	4	6	15	73	29
918	4	25	6	461	12
919	2	49	24	34	29
920	4	10	6	66	12
921	2	20	6	210	13
922	1	8	24	8	47
923	4	23	6	493	12
924	2	14	25	9	52
925	2	28	6	30	11
926	2	15	20	18	26
927	2	19	28	24	34
928	2	25	24	29	33
929	2	7	6	15	10
930	1	10	6	10	10
931	2	21	6	26	6
932	8	53	24	-1	-1
933	2	7	6	14	11
934	2	6	5	21	6
935	2	12	20	78	31
936	2	13	6	13	10
937	2	11	16	14	23
938	4	18	23	78	54
939	4	19	24	91	56
940	4	33	24	276	73
941	4	11	6	36	14
942	2	20	6	210	13
943	2	27	20	30	26
944	2	29	16	34	21
945	2	27	28	31	54
946	2	25	6	34	12
947	4	23	16	493	28
948	2	18	24	13	28
949	2	12	6	13	6
950	4	28	24	462	59
951	2	44	24	31	43
952	2	22	6	23	6
953	2	8	15	10	32
954	2	16	6	20	6
955	2	29	24	33	30
956	2	34	24	38	29
957	2	12	6	24	7
958	4	28	24	210	58
959	4	11	23	28	56
960	2	5	19	11	25
961	2	16	13	15	19
962	2	22	24	26	44
963	2	20	6	28	6
964	2	15	6	21	10
965	2	28	24	32	47
966	2	14	295	10	318
967	2	10	14	20	21
968	2	30	6	38	11
969	2	30	24	35	28
970	4	24	6	401	13
971	4	26	15	406	28
972	2	22	28	28	34
973	2	17	23	12	47
974	8	34	24	17550	115
975	4	51	24	703	58
976	2	14	28	17	33
977	4	31	6	733	15
978	2	11	6	22	6
979	4	24	6	524	12
980	2	21	16	28	33
981	4	11	24	55	56
982	2	9	6	17	9
983	2	28	28	32	51
984	2	46	24	32	43
985	2	17	19	17	25
986	2	7	16	9	23
987	4	10	14	201	29
988	4	12	6	45	13
989	4	27	6	526	13
990	1	14	28	14	33
991	2	30	24	31	48
992	2	14	5	13	5
993	2	13	19	17	25
994	2	33	24	37	28
995	2	23	16	30	21
996	2	31	24	22	48
997	2	17	25	18	52
998	4	27	24	491	59
999	1	4	18	4	23
1000	4	16	24	170	57
1001	4	14	24	55	56
1002	2	18	6	21	10
1003	2	9	23	8	43
1004	2	15	28	15	56
1005	2	13	20	10	44
1006	2	27	24	31	27
1007	4	23	24	299	57
1008	4	54	24	780	60
1009	4	19	24	230	60
1010	2	17	24	12	52
1011	1	7	24	7	34
1012	4	7	6	99	13
1013	1	26	6	27	10
1014	4	27	24	491	77
1015	2	14	12	11	17
1016	2	15	24	20	30
1017	2	24	6	28	6
1018	4	14	6	166	13
1019	2	12	16	16	36
1020	2	11	16	23	22
1021	2	21	16	28	21
1022	2	10	6	21	7
1023	4	19	6	297	17
1024	2	6	5	7	5
1025	2	16	24	18	45
1026	1	6	20	7	25
1027	2	19	16	26	26
1028	2	24	6	24	11
1029	2	29	24	20	29
1030	2	50	296	40	301
1031	4	21	24	210	54
1032	4	32	6	812	12
1033	2	20	16	21	22
1034	4	17	5	190	13
1035	2	17	6	23	6
1036	2	15	26	20	47
1037	2	22	24	25	28
1038	2	8	15	21	24
1039	2	17	15	17	20
1040	4	34	6	933	14
1041	2	6	16	12	22
1042	4	13	16	78	27
1043	4	5	6	51	14
1044	1	10	6	11	8
1045	2	32	28	37	35
1046	2	8	24	7	32
1047	2	19	16	26	35
1048	2	11	24	10	43
1049	4	37	24	378	57
1050	2	18	28	17	56
1051	2	14	24	14	31
1052	4	9	27	163	40
1053	4	12	6	289	16
1054	2	27	24	31	34
1055	2	30	6	33	11
1056	4	15	6	105	11
1057	4	8	293	21	586
1058	2	35	15	45	21
1059	4	33	14	816	27
1060	2	16	6	15	9
1061	2	32	24	33	46
1062	4	12	6	55	12
1063	2	33	28	36	57
1064	2	33	27	43	33
1065	2	36	24	40	32
1066	8	27	24	31059	118
1067	4	10	6	201	14
1068	2	19	296	15	320
1069	2	30	24	35	41
1070	1	18	6	18	6
1071	1	10	16	10	22
1072	2	16	24	12	28
1073	4	8	6	136	15
1074	2	20	28	24	34
1075	2	10	296	7	312
1076	4	16	6	229	13
1077	4	8	6	129	13
1078	2	5	16	11	22
1079	4	20	6	276	13
1080	4	22	6	300	12
1081	2	29	24	31	43
1082	2	15	23	15	44
1083	2	6	6	13	7
1084	2	32	28	36	34
1085	4	24	6	405	13
1086	4	28	16	523	28
1087	8	7	6	450	24
1088	2	12	27	16	33
1089	4	16	6	528	14
1090	1	26	6	27	7
1091	4	33	24	661	54
1092	2	6	16	13	22
1093	2	26	24	28	28
1094	2	13	28	17	33
1095	2	20	24	21	50
1096	4	10	5	88	13
1097	2	24	16	32	23
1098	2	13	6	10	8
1099	2	19	20	24	40
1100	4	18	6	248	13
1101	2	26	19	35	25
1102	2	27	24	31	32
1103	2	30	6	496	13
1104	2	26	6	31	6
1105	2	18	16	24	26
1106	2	25	296	19	320
1107	4	35	24	703	75
1108	1	16	27	16	32
1109	2	10	6	20	7
1110	2	12	6	9	9
1111	2	25	25	30	32
1112	2	15	13	17	19
1113	2	9	16	11	21
1114	2	17	6	22	11
1115	2	20	24	23	48
1116	4	24	27	325	83
1117	2	18	23	11	44
1118	2	24	24	17	46
1119	2	14	5	11	5
1120	4	22	6	253	12
1121	2	10	296	8	314
1122	2	17	22	17	33
1123	2	34	23	39	27
1124	4	10	6	45	12
1125	2	10	24	7	31
1126	4	17	6	273	12
1127	2	27	24	31	41
1128	2	43	24	31	29
1129	4	31	6	664	13
1130	2	17	16	22	36
1131	4	15	6	169	17
1132	2	7	4	7	4
1133	2	15	28	19	34
1134	2	11	24	66	55
1135	2	9	14	12	20
1136	2	28	28	33	57
1137	2	21	27	14	56
1138	2	25	26	35	33
1139	4	16	18	231	58
1140	4	8	16	129	30
1141	4	24	23	433	57
1142	2	26	27	31	33
1143	8	35	24	-1	-1
1144	2	8	6	17	7
1145	2	12	16	25	23
1146	2	18	23	13	46
1147	2	11	19	22	26
1148	4	20	24	120	52
1149	2	47	296	36	329
1150	2	24	28	33	34
1151	2	11	6	66	12
1152	4	28	24	210	58
1153	2	6	15	12	22
1154	1	18	6	18	10
1155	2	22	6	30	7
1156	2	4	14	9	20
1157	2	24	24	24	28
1158	2	8	28	11	33
1159	2	10	6	55	13
1160	2	22	27	30	32
1161	2	7	296	6	300
1162	2	19	6	19	6
1163	1	16	25	16	31
1164	2	25	6	34	12
1165	2	19	28	23	33
1166	2	12	6	25	7
1167	4	49	24	630	58
1168	2	24	24	27	33
1169	2	2	5	3	6
1170	2	18	6	21	12
1171	2	33	6	39	10
1172	4	9	6	54	12
1173	2	44	24	31	47
1174	2	6	28	9	34
1175	2	19	24	23	33
1176	4	19	6	190	12
1177	2	38	24	27	32
1178	2	5	28	10	34
1179	1	6	26	6	30
1180	2	21	24	22	43
1181	2	55	24	40	44
1182	4	4	16	21	42
1183	4	9	19	45	46
1184	2	15	24	14	44
1185	2	26	6	34	9
1186	2	48	24	35	33
1187	2	4	26	6	47
1188	2	35	24	25	29
1189	2	20	23	24	28
1190	2	23	28	23	34
1191	2	9	6	18	7
1192	4	10	6	221	19
1193	2	14	28	13	57
1194	2	24	16	32	22
1195	2	14	24	10	27
1196	2	14	24	10	40
1197	2	47	24	33	32
1198	2	7	5	8	5
1199	4	21	6	324	13
1200	2	18	15	18	22
1201	2	31	16	40	22
1202	2	33	24	24	28
1203	2	30	24	22	33
1204	4	26	23	460	56
1205	2	27	19	31	25
1206	2	7	28	15	34
1207	2	19	16	25	21
1208	2	17	28	21	34
1209	4	25	24	377	59
1210	2	21	20	21	26
1211	1	25	18	26	23
1212	2	44	24	30	31
1213	1	17	6	18	6
1214	4	17	28	226	40
1215	2	15	28	21	34
1216	2	24	6	26	12
1217	2	2	15	4	21
1218	2	12	16	16	26
1219	2	5	6	6	6
1220	2	47	23	33	45
1221	2	35	28	39	54
1222	1	4	16	4	21
1223	4	24	6	405	13
1224	2	24	26	32	47
1225	2	22	14	30	20
1226	2	11	16	14	25
1227	2	35	27	39	56
1228	2	33	24	35	44
1229	2	21	24	21	48
1230	2	33	26	35	54
1231	2	14	27	15	55
1232	2	19	16	20	21
1233	4	48	24	595	56
1234	2	15	26	19	50
1235	2	10	16	12	22
1236	4	27	6	435	13
1237	4	48	24	630	59
1238	4	18	16	300	42
1239	2	24	6	300	19
1240	2	9	16	12	22
1241	2	25	27	33	48
1242	2	42	24	31	44
1243	2	19	17	23	23
1244	2	6	13	12	20
1245	2	8	23	7	46
1246	2	37	24	25	48
1247	2	28	24	27	49
1248	2	23	24	27	33
1249	4	33	24	661	56
1250	2	19	16	24	22
1251	2	9	6	8	9
1252	4	34	24	778	57
1253	2	24	296	19	301
1254	4	12	17	118	30
1255	1	11	24	11	40
1256	8	28	6	-1	-1
1257	4	56	28	820	86
1258	2	7	6	7	10
1259	2	22	17	30	23
1260	2	26	6	27	10
1261	4	18	16	300	42
1262	4	14	16	190	45
1263	4	20	24	231	55
1264	2	11	15	15	20
1265	8	27	6	35931	28
1266	2	27	24	19	47
1267	4	15	6	78	12
1268	2	19	20	19	26
1269	2	15	16	20	36
1270	4	20	6	8855	27
1271	2	7	23	5	26
1272	2	23	24	16	44
1273	2	10	28	21	35
1274	2	26	24	27	44
1275	2	24	24	28	31
1276	2	15	6	15	11
1277	2	28	296	22	306
1278	2	16	24	16	28
1279	2	26	23	30	32
1280	2	9	16	11	38
1281	2	9	5	45	11
1282	2	23	28	31	34
1283	2	26	6	35	10
1284	2	48	296	38	328
1285	2	24	296	18	326
1286	2	23	24	24	29
1287	1	11	24	11	28
1288	2	14	16	18	25
1289	2	12	20	16	39
1290	2	13	23	10	31
1291	2	27	24	28	28
1292	2	14	28	28	34
1293	2	12	27	15	48
1294	2	27	24	32	49
1295	2	34	19	45	25
1296	8	36	24	20475	116
1297	2	35	24	25	47
1298	1	10	24	10	49
1299	2	7	6	14	6
1300	2	16	6	20	10
1301	2	3	27	4	47
1302	4	5	5	21	11
1303	4	26	24	190	57
1304	2	23	24	16	29
1305	2	7	24	28	58
1306	4	28	6	559	14
1307	4	28	6	527	13
1308	2	7	21	6	25
1309	4	11	6	222	15
1310	2	2	15	4	20
1311	4	30	6	594	18
1312	4	24	6	401	13
1313	4	30	296	323	602
1314	2	18	21	18	25
1315	1	16	16	16	21
1316	2	34	6	42	7
1317	2	8	16	11	22
1318	2	4	6	8	9
1319	1	12	28	12	34
1320	2	12	16	25	23
1321	2	18	13	19	19
1322	2	24	16	31	21
1323	2	4	15	9	19
1324	4	9	6	55	11
1325	2	17	24	20	42
1326	2	9	23	6	29
1327	2	15	6	16	6
1328	4	22	24	324	57
1329	4	53	24	780	59
1330	2	11	20	22	27
1331	2	19	26	26	33
1332	1	7	20	7	26
1333	4	9	20	181	33
1334	2	27	6	29	8
1335	2	31	25	35	53
1336	2	25	24	18	34
1337	2	10	23	11	44
1338	2	25	24	28	29
1339	4	32	24	595	56
1340	2	27	6	28	10
1341	4	21	24	297	56
1342	4	49	24	630	72
1343	4	22	20	346	33
1344	1	18	6	18	10
1345	4	17	23	66	56
1346	2	26	27	29	57
1347	2	26	14	35	20
1348	4	9	6	65	15
1349	2	24	296	19	317
1350	2	28	24	28	44
1351	2	14	6	120	13
1352	2	8	20	10	40
1353	2	18	28	18	57
1354	2	24	6	28	6
1355	4	31	24	253	58
1356	2	17	21	12	43
1357	2	9	6	10	10
1358	4	23	24	136	57
1359	2	28	6	30	6
1360	2	23	24	23	49
1361	4	5	5	21	12
1362	4	31	6	770	13
1363	1	8	28	8	53
1364	4	29	296	253	604
1365	4	22	16	276	29
1366	2	21	23	22	33
1367	2	8	5	7	8
1368	2	10	24	7	48
1369	1	26	20	27	26
1370	8	31	6	-1	-1
1371	2	18	24	19	44
1372	1	11	6	11	9
1373	2	11	296	9	301
1374	4	20	22	295	44
1375	2	11	6	22	12
1376	2	24	16	31	22
1377	1	5	27	5	53
1378	2	16	6	136	14
1379	4	26	12	626	25
1380	2	30	24	21	51
1381	2	6	15	6	21
1382	2	5	28	10	34
1383	2	13	17	10	23
1384	2	7	24	28	58
1385	2	32	23	22	28
1386	2	12	22	13	44
1387	2	5	6	6	8
1388	2	33	26	35	55
1389	2	10	28	14	45
1390	2	28	24	31	33
1391	4	11	28	55	41
1392	4	36	296	405	599
1393	2	7	16	9	35
1394	2	9	15	19	21
1395	4	18	6	153	12
1396	4	8	28	28	76
1397	2	22	27	22	32
1398	2	44	296	35	301
1399	2	34	22	42	38
1400	2	14	6	11	11
1401	4	29	296	253	601
1402	2	24	23	18	27
1403	1	14	14	14	20
1404	4	28	16	728	28
1405	2	18	6	18	11
1406	2	50	24	36	47
1407	4	37	27	351	85
1408	2	16	6	32	12
1409	4	3	6	19	13
1410	2	18	6	171	13
1411	2	7	27	9	41
1412	2	11	24	8	47
1413	2	19	18	16	24
1414	1	20	16	20	21
1415	2	25	6	28	6
1416	4	40	24	406	57
1417	2	35	296	29	301
1418	2	40	24	28	48
1419	2	13	6	14	9
1420	2	6	24	9	28
1421	4	7	15	113	28
1422	2	42	28	31	56
1423	2	12	5	15	7
1424	2	23	6	31	6
1425	2	26	296	20	300
1426	2	32	24	37	49
1427	4	19	24	271	58
1428	4	7	6	44	13
1429	2	21	6	25	6
1430	2	17	18	34	24
1431	2	16	16	21	24
1432	2	10	6	20	10
1433	2	6	15	13	21
1434	2	8	13	6	17
1435	2	38	24	27	42
1436	2	28	24	33	49
1437	4	27	6	491	13
1438	4	27	6	494	13
1439	2	56	24	40	32
1440	2	28	24	20	32
1441	2	43	296	34	316
1442	2	26	24	31	48
1443	4	12	6	135	12
1444	4	56	24	820	75
1445	2	41	24	29	45
1446	4	18	24	228	78
1447	2	19	6	18	7
1448	2	21	27	24	56
1449	2	7	6	14	9
1450	2	18	16	27	37
1451	2	15	19	19	39
1452	4	22	5	253	11
1453	2	22	28	22	56
1454	4	40	24	406	58
1455	2	24	19	27	25
1456	2	19	24	22	46
1457	2	29	24	33	46
1458	4	6	6	85	13
1459	2	30	24	34	28
1460	4	5	6	27	12
1461	2	9	6	19	6
1462	2	28	24	29	50
1463	4	38	24	378	60
1464	2	18	24	16	30
1465	2	12	28	16	33
1466	2	14	6	17	7
1467	2	36	23	42	42
1468	1	12	6	12	10
1469	2	9	15	18	21
1470	2	19	19	24	25
1471	2	27	24	19	32
1472	4	15	19	78	30
1473	2	17	23	17	39
1474	2	25	15	35	22
1475	4	40	24	406	62
1476	2	21	6	26	6
1477	4	48	24	595	57
1478	2	40	28	28	57
1479	2	53	24	38	32
1480	4	13	6	91	12
1481	4	40	24	435	57
1482	4	27	6	526	13
1483	2	12	15	10	21
1484	2	23	24	16	45
1485	2	28	24	19	34
1486	4	21	24	231	60
1487	2	33	24	23	47
1488	2	21	24	14	27
1489	4	3	5	19	13
1490	2	40	24	28	45
1491	1	24	28	25	34
1492	2	22	6	30	8
1493	8	35	6	-1	-1
1494	4	13	6	152	14
1495	2	26	6	33	9
1496	4	31	24	594	78
1497	4	13	22	55	49
1498	4	12	6	313	14
1499	4	9	15	36	26
1500	2	38	24	28	46
1501	2	12	6	16	11
1502	4	6	14	28	26
1503	2	6	20	7	25
1504	2	9	24	45	74
1505	2	26	23	29	44
1506	2	20	24	24	34
1507	2	23	24	27	34
1508	2	12	27	25	33
1509	2	19	6	25	8
1510	4	19	5	136	11
1511	2	10	6	14	8
1512	2	34	15	42	21
1513	1	18	6	18	7
1514	4	17	6	153	12
1515	2	46	24	33	30
1516	4	30	24	559	75
1517	4	31	24	527	63
1518	2	37	28	27	55
1519	2	8	19	16	25
1520	2	33	6	45	7
1521	2	28	14	33	20
1522	4	16	6	205	13
1523	2	15	28	16	56
1524	2	25	24	27	43
1525	2	8	6	17	11
1526	4	40	24	435	54
1527	2	24	16	32	25
1528	2	16	16	17	22
1529	2	20	6	21	6
1530	4	15	6	136	13
1531	2	41	296	32	319
1532	2	56	24	40	29
1533	2	19	16	25	20
1534	4	22	16	465	42
1535	2	30	6	37	7
1536	8	15	6	8436	27
1537	2	16	24	11	44
1538	2	7	24	5	46
1539	4	14	17	188	29
1540	2	12	19	13	24
1541	4	2	5	6	8
1542	4	21	6	403	13
1543	2	6	16	12	22
1544	4	39	296	526	600
1545	4	27	24	491	57
1546	2	29	24	34	42
1547	2	30	23	34	32
1548	4	8	5	21	11
1549	2	25	23	26	47
1550	2	5	19	11	25
1551	2	12	6	12	6
1552	2	31	27	40	33
1553	2	11	16	14	21
1554	2	22	24	16	29
1555	2	11	27	23	35
1556	4	28	23	210	56
1557	2	22	26	30	32
1558	2	40	24	28	29
1559	1	11	20	11	26
1560	2	22	24	22	33
1561	2	10	16	13	32
1562	2	21	5	21	10
1563	4	33	24	701	60
1564	1	6	12	7	19
1565	2	17	6	21	6
1566	2	14	6	19	10
1567	2	21	24	21	27
1568	2	12	295	9	299
1569	4	31	24	628	58
1570	2	5	28	7	47
1571	4	11	15	105	40
1572	1	6	6	6	6
1573	4	33	6	812	13
1574	4	7	14	99	27
1575	4	8	15	145	30
1576	2	10	6	19	6
1577	2	30	16	40	22
1578	2	48	296	39	327
1579	2	23	12	23	18
1580	4	9	28	75	41
1581	4	8	6	65	12
1582	2	27	24	31	34
1583	2	19	24	20	43
1584	4	21	6	253	12
1585	2	33	296	25	318
1586	1	35	26	35	32
1587	2	4	5	8	10
1588	4	34	6	-1	-1
1589	4	24	24	171	57
1590	4	28	24	559	66
1591	1	10	6	11	6
1592	2	26	20	35	27
1593	2	23	28	32	34
1594	1	4	6	4	7
1595	4	10	6	201	14
1596	4	16	23	66	50
1597	4	10	24	55	56
1598	1	29	27	29	32
1599	4	8	28	15	81
1600	1	14	6	14	12
1601	2	16	6	20	10
1602	8	7	6	2241	29
1603	2	10	6	11	7
1604	2	44	24	30	45
1605	2	24	23	29	33
1606	4	14	6	170	14
1607	4	28	24	210	71
1608	2	17	24	18	29
1609	2	30	24	35	48
1610	2	30	24	21	29
1611	4	7	4	28	10
1612	4	30	6	730	13
1613	2	25	6	34	7
1614	2	30	24	22	44
1615	2	14	23	14	30
1616	2	27	26	28	55
1617	2	40	28	28	57
1618	2	14	28	17	50
1619	2	7	5	9	8
1620	4	10	28	89	40
1621	2	11	19	13	25
1622	2	20	6	21	10
1623	2	32	27	35	56
1624	4	18	15	252	28
1625	2	16	23	17	27
1626	2	38	24	27	29
1627	2	7	3	6	5
1628	2	37	24	27	48
1629	1	16	6	17	10
1630	1	4	6	4	6
1631	2	10	6	14	10
1632	2	14	6	17	11
1633	1	14	28	14	34
1634	2	48	24	35	49
1635	2	48	296	38	301
1636	2	25	28	29	34
1637	2	18	27	22	34
1638	2	19	24	23	49
1639	2	21	16	28	22
1640	1	4	5	4	6
1641	2	14	15	18	21
1642	2	13	6	17	7
1643	2	18	28	22	34
1644	2	21	27	28	32
1645	2	42	296	33	329
1646	4	5	27	61	40
1647	2	35	28	25	56
1648	2	17	6	18	6
1649	2	5	28	11	35
1650	2	30	24	34	30
1651	2	8	23	5	39
1652	1	4	20	4	23
1653	2	33	24	35	47
1654	4	16	6	528	19
1655	2	11	16	15	36
1656	2	50	24	36	29
1657	2	8	25	17	31
1658	1	38	6	38	10
1659	4	20	16	351	44
1660	2	14	24	15	32
1661	4	19	6	271	12
1662	2	12	6	16	6
1663	2	37	24	26	44
1664	2	30	296	23	316
1665	2	34	20	42	26
1666	4	29	296	275	629
1667	4	6	6	85	13
1668	2	7	16	9	34
1669	1	16	6	16	9
1670	2	17	24	13	48
1671	4	55	24	820	59
1672	2	30	24	22	29
1673	4	6	20	28	31
1674	4	6	6	73	18
1675	1	28	6	29	7
1676	2	19	6	26	6
1677	2	20	14	19	20
1678	2	28	24	30	30
1679	2	27	24	28	32
1680	2	28	6	33	7
1681	2	20	24	21	45
1682	2	33	24	23	45
1683	2	23	296	18	301
1684	2	10	19	21	25
1685	2	30	24	34	34
1686	2	26	24	30	30
1687	2	6	6	13	11
1688	4	12	6	134	13
1689	4	20	24	105	76
1690	2	17	6	22	8
1691	2	14	16	17	22
1692	4	8	6	136	12
1693	4	33	24	276	70
1694	1	22	6	22	11
1695	2	4	19	9	25
1696	4	4	20	36	31
1697	2	45	296	36	321
1698	2	19	24	18	34
1699	2	24	6	29	8
1700	2	10	22	7	46
1701	2	26	24	25	43
1702	2	4	25	8	30
1703	2	7	19	14	25
1704	2	21	20	26	26
1705	1	22	28	22	33
1706	2	8	6	7	11
1707	4	20	24	105	57
1708	2	6	20	13	26
1709	2	24	19	26	25
1710	1	24	20	24	26
1711	1	16	15	17	21
1712	1	11	28	12	34
1713	4	27	16	591	29
1714	1	6	6	6	6
1715	2	14	6	105	12
1716	2	14	28	18	33
1717	2	17	24	11	45
1718	2	37	25	26	53
1719	4	27	24	463	58
1720	2	10	24	6	31
1721	4	32	24	701	56
1722	2	22	16	23	21
1723	2	15	27	21	33
1724	2	35	24	26	45
1725	2	5	5	10	10
1726	2	13	20	17	41
1727	8	6	6	985	27
1728	2	7	19	15	25
1729	2	12	19	16	25
1730	2	10	19	7	24
1731	4	14	16	171	42
1732	4	4	28	26	40
1733	4	29	24	593	74
1734	2	12	20	9	24
1735	2	5	16	7	24
1736	2	36	24	25	34
1737	2	4	20	5	25
1738	2	25	24	26	48
1739	2	15	24	14	31
1740	2	51	24	35	32
1741	4	21	24	120	60
1742	2	24	16	33	22
1743	2	26	6	31	6
1744	4	9	16	78	40
1745	2	22	24	23	49
1746	4	49	23	595	58
1747	2	12	24	11	42
1748	2	14	16	12	21
1749	4	26	28	190	85
1750	2	23	27	24	57
1751	4	30	6	-1	-1
1752	1	13	24	13	30
1753	2	15	295	11	301
1754	2	22	23	25	47
1755	1	22	16	22	22
1756	2	17	27	20	33
1757	2	7	28	15	34
1758	2	31	24	34	49
1759	2	9	28	19	34
1760	1	17	6	17	10
1761	2	54	24	39	29
1762	2	14	5	11	10
1763	2	53	24	39	29
1764	2	41	28	29	56
1765	2	8	5	6	7
1766	4	4	5	28	11
1767	4	8	20	55	60
1768	2	17	19	21	24
1769	2	22	24	26	29
1770	4	26	24	378	61
1771	2	12	5	13	5
1772	2	6	6	13	9
1773	2	32	6	39	6
1774	2	24	28	33	34
1775	4	17	5	229	15
1776	2	22	6	253	12
1777	2	12	16	16	36
1778	2	3	5	6	10
1779	2	25	6	29	7
1780	2	17	6	21	9
1781	2	32	24	36	42
1782	2	19	6	21	9
1783	4	20	6	231	12
1784	2	27	24	28	33
1785	2	47	296	37	318
1786	4	11	6	265	14
1787	2	34	6	43	11
1788	2	4	14	8	21
1789	2	8	28	17	34
1790	2	20	27	20	56
1791	2	22	20	24	26
1792	2	32	6	42	6
1793	2	11	27	23	33
1794	4	22	24	120	55
1795	2	30	19	33	24
1796	4	14	12	188	26
1797	1	16	28	14	33
1798	4	19	6	190	13
1799	1	24	19	22	25
1800	1	18	6	18	9
1801	2	6	20	12	26
1802	4	9	6	181	14
1803	2	33	14	44	20
1804	2	3	5	6	5
1805	4	4	6	33	18
1806	2	9	6	11	6
1807	2	51	296	41	300
1808	2	6	15	7	22
1809	2	20	24	14	44
1810	2	16	28	15	33
1811	4	19	16	325	42
1812	4	10	20	91	60
1813	2	26	6	35	7
1814	2	13	16	26	22
1815	4	14	24	91	58
1816	4	20	6	274	18
1817	2	14	23	13	29
1818	2	21	6	28	11
1819	2	20	296	16	301
1820	4	6	6	85	13
1821	2	10	15	21	21
1822	2	18	16	22	22
1823	4	15	16	210	43
1824	2	21	23	24	26
1825	2	6	27	21	79
1826	1	7	28	7	58
1827	1	17	16	18	22
1828	2	6	25	7	30
1829	1	18	19	18	25
1830	2	2	6	4	7
1831	2	22	26	29	46
1832	2	12	6	16	7
1833	2	17	24	16	33
1834	1	22	24	22	48
1835	2	29	28	38	34
1836	2	33	23	37	40
1837	1	18	6	18	11
1838	4	14	6	170	13
1839	2	12	16	24	22
1840	4	9	6	180	13
1841	2	34	27	41	50
1842	2	33	24	37	41
1843	2	22	23	23	28
1844	2	23	295	18	326
1845	4	7	6	44	12
1846	2	17	24	18	28
1847	2	3	6	7	7
1848	2	9	6	19	12
1849	4	11	6	243	13
1850	2	3	14	7	20
1851	2	35	24	25	42
1852	4	30	24	628	59
1853	2	21	28	28	48
1854	4	10	16	91	42
1855	2	8	28	10	33
1856	4	11	6	243	17
1857	1	16	25	16	31
1858	2	29	6	35	10
1859	2	28	24	29	47
1860	2	35	24	40	43
1861	4	18	6	153	12
1862	2	47	24	33	28
1863	2	37	296	28	329
1864	2	20	16	210	29
1865	4	13	6	105	13
1866	2	32	24	36	29
1867	2	8	16	10	19
1868	1	8	6	8	9
1869	2	9	6	18	7
1870	2	30	28	35	53
1871	4	12	296	45	600
1872	2	25	28	26	56
1873	4	26	24	378	52
1874	2	16	28	20	50
1875	2	28	24	32	48
1876	1	14	15	14	20
1877	2	18	15	17	21
1878	2	35	28	37	56
1879	2	18	20	21	26
1880	2	22	6	253	14
1881	4	23	24	299	59
1882	2	21	24	21	44
1883	2	10	28	21	35
1884	2	11	20	15	26
1885	1	25	28	26	34
1886	2	19	6	20	11
1887	2	11	27	15	33
1888	1	7	6	8	7
1889	2	12	20	24	27
1890	1	7	24	7	45
1891	2	34	24	38	31
1892	2	13	296	10	315
1893	4	21	17	231	29
1894	2	52	24	38	46
1895	2	47	24	33	29
1896	2	8	14	5	19
1897	4	11	5	265	14
1898	2	24	14	29	21
1899	4	9	6	55	12
1900	2	12	6	11	9
1901	2	9	6	17	7
1902	2	23	6	29	7
1903	1	8	23	8	44
1904	2	9	23	6	43
1905	2	26	24	25	48
1906	2	48	28	35	55
1907	4	17	24	207	61
1908	2	33	27	42	33
1909	4	4	5	15	10
1910	2	5	16	7	36
1911	4	18	6	322	14
1912	2	4	19	9	24
1913	2	30	296	24	319
1914	2	24	23	17	32
1915	2	20	6	27	6
1916	2	22	12	21	18
1917	1	7	27	7	56
1918	4	13	27	78	84
1919	1	24	16	24	22
1920	2	37	296	29	306
1921	1	22	19	22	25
1922	4	18	24	153	57
1923	2	27	24	30	43
1924	2	41	296	32	301
1925	2	14	15	120	27
1926	2	30	28	21	57
1927	4	7	6	36	13
1928	2	7	15	9	33
1929	1	9	16	9	21
1930	2	33	24	35	30
1931	2	16	23	11	31
1932	2	35	24	25	29
1933	2	18	26	22	32
1934	2	9	23	11	42
1935	2	28	6	32	11
1936	2	19	23	13	32
1937	4	27	24	190	56
1938	2	28	23	20	46
1939	2	12	6	25	9
1940	2	34	28	39	55
1941	2	18	6	20	8
1942	4	48	296	777	603
1943	4	15	6	169	13
1944	1	16	19	17	25
1945	4	34	24	813	57
1946	2	28	6	35	6
1947	4	4	6	26	14
1948	2	35	24	39	47
1949	4	6	16	28	42
1950	8	18	6	11495	25
1951	2	8	28	17	35
1952	2	14	24	15	32
1953	2	24	15	28	21
1954	2	25	15	29	20
1955	2	26	24	26	43
1956	2	24	28	27	34
1957	4	12	5	55	11
1958	4	18	24	190	72
1959	4	40	296	526	630
1960	4	20	6	375	12
1961	2	23	6	29	11
1962	4	8	5	15	10
1963	2	44	296	34	328
1964	4	19	296	135	621
1965	4	7	6	99	13
1966	2	18	16	18	22
1967	2	26	6	33	6
1968	2	51	296	40	317
1969	2	16	28	19	34
1970	2	23	26	26	32
1971	1	25	28	26	33
1972	2	27	24	31	48
1973	4	32	24	661	56
1974	2	23	26	24	55
1975	2	35	26	36	56
1976	2	11	24	9	27
1977	2	12	24	13	44
1978	2	9	6	6	10
1979	8	13	16	5815	86
1980	4	42	296	559	622
1981	1	18	20	19	26
1982	4	12	6	118	12
1983	2	6	16	7	22
1984	2	15	27	19	48
1985	2	46	28	32	56
1986	4	21	16	406	41
1987	4	24	6	557	13
1988	2	6	27	7	47
1989	2	19	24	14	43
1990	8	26	24	27405	119
1991	4	8	3	28	7
1992	2	24	16	27	22
1993	2	5	20	6	26
1994	2	9	24	10	29
1995	2	55	24	39	48
1996	2	21	296	15	316
1997	2	14	6	19	6
1998	2	27	6	31	12
1999	2	8	23	5	33
2000	2	17	24	18	29
2001	4	19	24	271	57
2002	2	17	5	17	5
2003	2	10	6	13	10
2004	2	11	24	23	30
2005	4	48	24	595	59
2006	1	31	20	32	26
2007	2	8	28	8	31
2008	4	32	6	932	13
2009	2	9	6	9	6
2010	2	27	19	30	25
2011	4	11	6	265	14
2012	2	6	14	13	20
2013	2	12	28	16	34
2014	2	26	24	29	29
2015	2	13	16	15	22
2016	2	5	6	11	12
2017	2	22	24	29	44
2018	2	28	14	32	20
2019	2	23	16	29	22
2020	2	13	6	17	6
2021	2	23	24	28	43
2022	2	25	24	28	44
2023	2	32	18	36	18
2024	1	16	11	16	18
2025	2	7	5	7	5
2026	1	25	27	25	32
2027	2	14	16	18	37
2028	4	8	23	21	56
2029	2	20	20	28	26
2030	2	21	27	14	52
2031	4	20	6	402	12
2032	4	16	6	205	12
2033	2	15	24	11	30
2034	4	32	296	299	602
2035	2	4	18	9	24
2036	2	12	6	24	9
2037	2	12	13	15	19
2038	2	15	18	20	24
2039	4	27	6	491	17
2040	2	14	24	14	44
2041	4	20	23	231	56
2042	2	2	16	4	20
2043	2	33	24	23	34
2044	2	25	24	30	30
2045	2	3	17	4	35
2046	2	15	6	20	11
2047	2	56	28	40	56
2048	2	4	28	5	33
2049	2	9	5	7	9
2050	2	23	24	24	28
2051	2	29	24	21	44
2052	2	19	26	24	46
2053	2	35	24	25	43
2054	2	6	5	28	11
2055	2	10	6	20	11
2056	2	13	6	16	7
2057	2	10	12	21	19
2058	4	29	24	556	59
2059	2	48	24	35	45
2060	2	26	24	26	46
2061	2	21	28	25	35
2062	4	24	24	276	57
2063	2	22	6	253	17
2064	4	12	5	131	13
2065	2	15	6	18	7
2066	4	7	16	45	54
2067	2	5	5	10	10
2068	4	14	6	170	13
2069	2	22	5	25	5
2070	2	28	6	37	6
2071	2	15	296	12	339
2072	4	25	26	430	38
2073	2	24	24	32	30
2074	1	4	16	4	21
2075	2	13	27	12	54
2076	4	32	6	734	13
2077	2	22	19	30	25
2078	2	6	16	13	22
2079	2	30	24	22	47
2080	4	32	24	701	61
2081	2	23	6	26	6
2082	4	31	24	664	59
2083	2	37	24	26	29
2084	2	11	16	14	22
2085	2	24	27	48	33
2086	2	7	20	9	39
2087	4	33	24	703	59
2088	2	26	6	33	7
2089	2	15	6	20	11
2090	4	31	24	253	58
2091	2	16	24	16	43
2092	2	8	26	16	32
2093	2	15	16	19	25
2094	2	23	6	25	8
2095	2	10	20	55	33
2096	2	38	24	28	29
2097	2	13	6	16	10
2098	2	18	27	17	32
2099	2	5	6	10	7
2100	2	26	20	31	26
2101	2	5	26	11	33
2102	2	25	28	34	35
2103	2	14	6	15	11
2104	2	15	24	14	29
2105	4	30	24	628	57
2106	4	13	26	55	80
2107	2	15	27	15	55
2108	2	25	6	34	12
2109	1	10	5	11	8
2110	2	7	16	6	22
2111	2	15	24	14	50
2112	2	11	26	14	47
2113	2	22	24	27	42
2114	2	6	16	12	22
2115	2	33	18	41	23
2116	2	3	26	7	32
2117	4	40	26	406	85
2118	2	34	24	24	42
2119	8	15	6	3060	26
2120	4	24	6	557	12
2121	4	26	296	209	597
2122	2	4	5	10	11
2123	2	34	24	38	30
2124	4	23	20	496	62
2125	2	12	28	12	55
2126	2	11	16	14	19
2127	4	19	24	190	58
2128	2	14	28	105	39
2129	8	23	6	-1	-1
2130	2	14	16	19	36
2131	2	21	22	22	42
2132	4	31	24	590	57
2133	2	12	17	24	23
2134	2	9	26	7	32
2135	2	30	24	35	52
2136	4	16	5	205	11
2137	2	22	24	26	31
2138	2	7	14	15	21
2139	2	16	294	13	304
2140	4	21	20	403	32
2141	4	49	24	630	58
2142	4	6	5	126	24
2143	4	13	28	151	39
2144	2	14	16	13	22
2145	2	4	16	9	21
2146	2	13	28	12	32
2147	2	38	296	29	315
2148	2	16	26	18	32
2149	4	6	16	36	42
2150	2	7	28	9	34
2151	4	26	6	494	17
2152	2	54	24	39	45
2153	2	52	24	37	45
2154	4	5	6	61	13
2155	4	50	24	666	55
2156	2	19	24	19	29
2157	2	31	24	34	30
2158	1	7	24	7	45
2159	2	12	20	16	40
2160	4	19	24	190	77
2161	2	8	6	17	11
2162	8	8	16	705	80
2163	2	30	24	22	47
2164	1	6	20	6	27
2165	2	39	24	28	44
2166	2	25	6	351	12
2167	4	10	6	66	17
2168	1	23	15	24	21
2169	2	20	16	27	26
2170	2	20	16	19	22
2171	1	11	24	11	45
2172	2	23	6	26	12
2173	2	9	6	18	8
2174	2	9	19	12	40
2175	2	16	28	12	34
2176	2	37	296	29	325
2177	2	24	16	31	35
2178	4	8	6	129	14
2179	2	14	20	11	25
2180	2	29	296	23	316
2181	2	22	28	25	57
2182	2	15	19	18	25
2183	2	32	6	41	10
2184	2	19	26	23	32
2185	4	29	24	526	77
2186	4	3	6	25	18
2187	4	57	24	861	59
2188	2	32	24	37	48
2189	2	27	16	35	22
2190	2	21	24	22	31
2191	2	19	16	25	19
2192	4	39	296	495	604
2193	4	52	24	703	56
2194	2	44	24	30	44
2195	4	24	296	189	598
2196	4	29	24	496	58
2197	2	12	21	8	21
2198	4	6	6	28	12
2199	2	47	296	36	328
2200	2	18	24	18	32
2201	4	26	24	190	57
2202	2	12	24	16	30
2203	2	27	24	31	50
2204	2	23	28	32	34
2205	4	50	296	778	603
2206	4	4	16	21	36
2207	2	21	24	22	31
2208	4	7	6	44	11
2209	4	16	6	229	13
2210	2	33	24	36	42
2211	1	22	19	22	25
2212	4	12	6	289	13
2213	2	11	24	10	30
2214	4	29	20	559	33
2215	4	5	6	27	12
2216	4	24	28	433	41
2217	1	5	23	5	48
2218	2	22	27	22	32
2219	2	8	15	10	20
2220	2	28	24	33	30
2221	8	7	6	450	24
2222	2	3	17	6	23
2223	2	17	16	22	36
2224	2	20	6	21	6
2225	2	38	24	27	33
2226	2	12	28	8	56
2227	4	28	6	559	13
2228	2	7	13	9	20
2229	1	24	19	22	25
2230	2	25	24	18	28
2231	2	30	24	22	28
2232	2	46	24	33	34
2233	2	13	28	18	49
2234	2	8	28	11	34
2235	4	22	6	323	13
2236	2	18	20	25	26
2237	2	15	6	19	7
2238	2	8	28	6	51
2239	2	14	16	18	22
2240	2	18	6	17	10
2241	2	29	24	31	42
2242	2	49	24	36	29
2243	2	17	23	17	42
2244	2	35	24	42	43
2245	1	24	19	24	25
2246	2	24	24	25	31
2247	2	22	6	25	6
2248	2	3	20	7	25
2249	4	24	6	525	13
2250	2	9	6	10	6
2251	4	22	23	136	54
2252	4	21	6	231	12
2253	2	18	20	24	40
2254	2	27	24	31	42
2255	2	16	23	12	43
2256	4	8	24	21	56
2257	2	24	28	33	34
2258	2	49	24	35	28
2259	2	4	16	9	23
2260	4	55	24	780	59
2261	2	17	26	23	32
2262	2	14	23	15	44
2263	2	7	16	9	35
2264	1	8	16	9	21
2265	2	22	6	24	6
2266	4	11	6	243	13
2267	2	36	24	40	29
2268	2	3	6	7	7
2269	2	18	24	12	29
2270	4	13	24	105	72
2271	2	9	6	18	11
2272	2	5	5	21	12
2273	2	29	28	32	54
2274	2	19	296	14	300
2275	2	28	6	35	6
2276	4	16	6	188	12
2277	2	15	6	30	8
2278	4	11	16	105	40
2279	2	5	26	6	32
2280	2	34	15	43	20
2281	2	18	19	24	25
2282	4	39	295	494	600
2283	2	23	16	30	25
2284	4	24	24	325	56
2285	2	33	6	42	10
2286	1	4	20	4	25
2287	2	6	16	12	22
2288	2	20	6	231	12
2289	2	22	27	29	48
2290	4	29	6	556	13
2291	2	22	24	16	25
2292	8	15	6	3876	26
2293	2	17	28	20	33
2294	2	3	28	5	33
2295	2	17	23	12	28
2296	2	9	6	19	7
2297	4	25	6	591	12
2298	2	25	28	34	34
2299	4	17	24	207	54
2300	4	29	24	523	58
2301	2	30	24	31	30
2302	2	17	24	12	34
2303	2	3	5	6	11
2304	4	24	24	325	57
2305	2	7	6	15	10
2306	2	26	5	31	6
2307	2	26	6	31	9
2308	2	17	296	14	297
2309	2	21	19	27	25
2310	4	8	6	36	12
2311	2	14	5	18	7
2312	2	27	28	31	56
2313	4	7	15	45	53
2314	2	13	20	12	25
2315	2	27	296	22	302
2316	4	3	6	25	13
2317	2	14	28	13	58
2318	2	44	296	35	316
2319	2	4	6	9	11
2320	2	32	28	23	56
2321	2	24	24	28	45
2322	4	21	6	348	12
2323	2	13	16	17	20
2324	2	40	24	28	48
2325	2	9	28	9	34
2326	1	10	16	10	21
2327	2	22	16	30	22
2328	2	19	25	14	53
2329	2	31	24	35	30
2330	4	11	16	265	29
2331	2	35	6	45	10
2332	2	30	24	21	33
2333	2	8	18	10	24
2334	2	9	16	19	23
2335	2	34	24	37	32
2336	2	16	24	18	44
2337	2	22	24	15	27
2338	2	10	16	14	22
2339	2	4	6	9	11
2340	2	11	6	14	7
2341	2	11	20	14	41
2342	2	19	26	26	47
2343	2	16	27	18	55
2344	2	21	16	22	22
2345	4	25	23	171	51
2346	4	38	24	378	59
2347	2	20	24	28	30
2348	2	42	24	31	33
2349	2	7	6	14	7
2350	2	22	5	22	9
2351	1	6	23	6	43
2352	2	23	24	23	41
2353	2	7	16	9	22
2354	2	8	20	7	25
2355	2	33	20	41	26
2356	2	7	28	15	35
2357	2	6	14	7	18
2358	1	9	16	9	22
2359	2	10	28	7	50
2360	2	22	19	30	25
2361	2	12	6	24	9
2362	4	40	24	406	58
2363	2	4	16	5	20
2364	2	14	296	10	319
2365	2	22	6	253	14
2366	2	36	26	25	54
2367	2	7	27	8	32
2368	2	21	16	42	22
2369	4	20	16	375	28
2370	2	24	6	300	12
2371	2	10	16	13	34
2372	2	12	26	9	31
2373	2	14	24	10	31
2374	1	17	6	18	6
2375	2	10	24	55	76
2376	2	9	19	8	23
2377	4	14	6	166	13
2378	2	29	14	36	20
2379	2	56	28	41	57
2380	2	30	23	34	46
2381	2	28	24	29	27
2382	1	8	16	8	21
2383	2	37	26	27	54
2384	2	26	24	29	28
2385	2	17	24	18	34
2386	1	14	16	15	22
2387	2	9	28	6	57
2388	4	27	28	526	41
2389	2	9	20	12	40
2390	2	26	6	35	7
2391	2	10	24	8	33
2392	2	21	296	17	318
2393	4	24	6	401	13
2394	2	33	6	41	9
2395	2	26	27	30	50
2396	2	8	16	17	23
2397	2	14	293	10	312
2398	4	33	24	734	48
2399	2	7	26	7	31
2400	2	10	16	13	21
2401	4	23	6	325	13
2402	4	26	25	460	37
2403	2	18	23	13	28
2404	4	56	24	820	76
2405	2	14	27	13	33
2406	2	24	16	32	37
2407	2	13	20	13	25
2408	2	22	27	25	49
2409	4	25	16	561	42
2410	2	18	24	17	43
2411	2	23	24	16	29
2412	2	27	24	30	44
2413	1	18	6	18	10
2414	2	49	24	35	44
2415	4	22	16	435	41
2416	2	14	19	18	25
2417	2	22	6	26	7
2418	2	5	28	8	49
2419	2	15	6	20	6
2420	2	27	6	35	6
2421	2	23	19	31	25
2422	2	2	20	4	24
2423	2	36	24	41	29
2424	2	8	6	16	8
2425	2	32	6	41	10
2426	2	13	24	14	48
2427	2	4	6	8	10
2428	2	29	16	35	22
2429	2	17	24	11	33
2430	4	13	23	133	46
2431	2	10	22	7	31
2432	4	20	294	120	613
2433	2	17	17	14	23
2434	2	10	22	7	42
2435	4	12	6	313	14
2436	2	30	24	21	31
2437	2	24	6	33	11
2438	2	26	19	26	25
2439	2	2	23	3	28
2440	2	19	15	25	22
2441	1	22	6	22	11
2442	2	19	24	23	28
2443	4	28	24	526	56
2444	2	24	28	32	34
2445	2	8	296	6	299
2446	2	18	18	17	23
2447	1	6	6	6	11
2448	2	18	16	22	23
2449	4	53	24	703	63
2450	2	22	24	26	29
2451	2	8	28	11	33
2452	4	48	24	595	74
2453	4	33	6	856	13
2454	2	12	16	15	35
2455	2	18	24	18	32
2456	2	6	15	12	21
2457	2	45	24	31	43
2458	4	31	24	593	55
2459	2	6	15	7	34
2460	2	24	20	31	26
2461	4	17	6	153	13
2462	1	13	16	13	22
2463	4	11	6	104	12
2464	1	22	19	22	23
2465	2	20	296	16	315
2466	2	10	6	12	6
2467	2	33	24	37	42
2468	2	26	24	19	48
2469	4	19	6	171	13
2470	4	7	6	44	12
2471	2	8	293	6	295
2472	4	5	6	61	14
2473	4	21	6	231	12
2474	2	22	6	29	7
2475	2	29	28	34	34
2476	4	10	6	201	13
2477	2	19	6	15	8
2478	4	33	24	630	69
2479	2	12	6	78	13
2480	2	27	6	36	11
2481	2	8	5	11	10
2482	1	18	6	16	6
2483	2	29	22	21	42
2484	2	30	24	21	35
2485	2	8	6	17	8
2486	1	11	24	11	29
2487	2	33	20	44	26
2488	1	6	24	6	53
2489	2	27	20	31	26
2490	2	3	28	6	33
2491	2	23	6	46	12
2492	2	8	6	10	6
2493	2	25	24	29	41
2494	2	6	6	12	6
2495	2	3	28	6	34
2496	2	3	28	6	33
2497	4	5	6	21	11
2498	2	12	27	24	34
2499	8	20	5	10626	25
2500	2	18	6	171	13
2501	2	20	18	20	24
2502	2	21	6	27	6
2503	4	7	5	36	10
2504	2	4	6	10	11
2505	2	9	16	11	35
2506	4	51	24	703	57
2507	2	9	19	12	25
2508	4	4	5	15	11
2509	2	29	24	31	35
2510	4	10	28	201	42
2511	4	22	12	432	26
2512	2	6	17	12	23
2513	1	6	19	6	24
2514	1	23	28	24	34
2515	4	3	6	25	14
2516	2	16	25	15	31
2517	2	20	28	26	48
2518	4	22	6	323	13
2519	1	5	28	6	33
2520	2	30	24	22	29
2521	4	7	5	28	14
2522	8	35	22	-1	-1
2523	2	8	6	17	7
2524	2	33	6	42	6
2525	2	3	9	7	13
2526	2	18	24	19	45
2527	2	32	24	36	32
2528	2	18	6	21	9
2529	4	26	6	460	13
2530	2	7	27	14	33
2531	4	32	296	324	602
2532	2	24	16	31	22
2533	4	40	26	406	81
2534	4	17	24	153	72
2535	2	24	24	28	50
2536	2	7	16	15	22
2537	2	11	19	14	40
2538	1	7	19	7	24
2539	8	10	5	1729	25
2540	2	16	6	136	13
2541	1	12	20	12	26
2542	2	18	6	22	10
2543	2	32	15	39	21
2544	4	7	5	21	11
2545	2	6	17	12	23
2546	2	29	28	31	35
2547	4	13	296	45	601
2548	2	26	27	33	33
2549	1	13	6	13	11
2550	2	24	6	33	7
2551	2	30	28	35	57
2552	2	35	296	29	301
2553	2	13	296	9	317
2554	2	38	24	27	31
2555	2	24	19	31	25
2556	2	30	296	25	319
2557	2	11	28	14	33
2558	2	20	24	23	27
2559	2	18	16	22	22
2560	2	21	24	15	40
2561	4	12	16	120	41
2562	2	22	24	23	44
2563	4	5	15	28	43
2564	2	21	23	15	27
2565	2	10	24	7	24
2566	4	13	6	120	12
2567	4	33	24	665	59
2568	2	7	20	7	25
2569	2	30	24	32	50
2570	2	32	24	32	49
2571	2	18	6	21	6
2572	2	27	25	19	52
2573	4	14	6	66	13
2574	4	38	296	463	600
2575	2	23	20	31	41
2576	4	15	6	228	12
2577	2	21	28	27	48
2578	2	25	16	33	37
2579	2	14	16	18	22
2580	2	17	16	22	22
2581	4	7	5	28	11
2582	2	18	20	18	26
2583	2	17	24	17	49
2584	2	9	24	45	55
2585	4	24	16	351	29
2586	2	14	24	10	44
2587	2	25	24	18	44
2588	2	32	6	36	10
2589	2	22	6	24	6
2590	4	27	5	522	11
2591	1	10	16	10	21
2592	4	9	20	28	31
2593	2	31	296	26	319
2594	2	15	6	20	10
2595	2	6	24	21	78
2596	1	16	12	16	18
2597	2	31	24	33	35
2598	2	8	18	36	29
2599	4	25	24	171	57
2600	1	4	26	4	31
2601	2	13	20	13	25
2602	2	15	26	14	55
2603	2	19	6	26	11
2604	2	37	24	26	45
2605	4	18	24	153	58
2606	4	48	296	777	622
2607	2	22	6	30	7
2608	2	28	24	29	49
2609	4	13	23	119	50
2610	2	10	26	21	32
2611	2	45	24	32	48
2612	4	2	5	13	11
2613	2	25	27	29	56
2614	2	23	24	24	28
2615	2	22	19	23	25
2616	2	23	24	27	29
2617	2	26	16	35	23
2618	2	10	16	13	22
2619	2	15	6	15	11
2620	2	12	28	12	33
2621	2	38	24	28	49
2622	2	6	16	13	22
2623	1	8	25	8	30
2624	1	10	15	10	21
2625	2	9	28	12	47
2626	1	31	20	32	27
2627	2	12	6	11	11
2628	2	10	27	21	34
2629	2	37	296	28	300
2630	4	24	16	528	41
2631	2	9	24	12	29
2632	2	24	20	27	26
2633	2	51	24	37	29
2634	2	21	24	21	33
2635	2	17	24	18	44
2636	4	11	6	243	13
2637	2	10	6	13	11
2638	2	47	24	34	32
2639	4	49	24	595	57
2640	2	12	5	16	6
2641	2	31	6	40	10
2642	4	22	24	346	68
2643	1	11	24	11	49
2644	4	31	24	590	58
2645	2	5	14	7	22
2646	4	20	24	231	77
2647	2	41	296	33	317
2648	2	3	26	6	32
2649	1	22	14	23	20
2650	4	24	6	524	13
2651	2	7	5	7	5
2652	4	15	6	208	12
2653	4	13	6	152	14
2654	2	20	19	27	25
2655	2	12	19	8	29
2656	2	5	20	11	26
2657	8	9	6	5641	26
2658	4	14	6	91	13
2659	2	14	6	17	11
2660	4	31	6	737	13
2661	2	43	296	31	315
2662	2	17	6	18	10
2663	2	27	6	32	11
2664	2	28	6	435	13
2665	2	31	15	38	21
2666	2	9	6	18	6
2667	4	7	19	113	34
2668	4	26	15	553	27
2669	2	10	24	10	30
2670	2	18	6	22	6
2671	4	24	24	153	57
2672	2	17	23	12	30
2673	2	45	24	33	29
2674	4	27	24	406	59
2675	2	23	15	26	21
2676	8	19	6	22701	27
2677	4	35	24	351	57
2678	4	19	16	351	41
2679	2	18	6	22	9
2680	2	26	6	33	7
2681	8	6	6	1289	27
2682	1	12	19	13	25
2683	2	22	24	26	30
2684	2	16	28	21	35
2685	4	12	16	313	30
2686	4	6	5	15	9
2687	4	5	6	126	25
2688	4	31	24	253	76
2689	2	7	20	6	24
2690	2	10	6	21	7
2691	1	22	17	22	23
2692	2	29	27	33	53
2693	2	18	27	25	33
2694	2	8	28	6	33
2695	2	34	6	43	10
2696	1	12	28	12	34
2697	4	15	5	78	12
2698	2	8	20	17	26
2699	2	15	6	20	6
2700	4	19	6	190	12
2701	4	24	18	405	31
2702	1	8	6	8	11
2703	4	41	24	435	57
2704	4	17	6	153	12
2705	1	6	5	6	6
2706	2	22	20	44	26
2707	2	25	296	18	329
2708	2	31	24	35	44
2709	2	16	20	19	26
2710	2	24	6	32	7
2711	4	23	6	299	12
2712	4	24	16	496	42
2713	4	28	5	622	12
2714	2	25	296	19	319
2715	2	5	28	11	34
2716	4	11	16	105	40
2717	4	10	28	201	41
2718	2	18	24	12	30
2719	2	16	6	16	11
2720	2	34	28	41	34
2721	2	5	27	11	33
2722	2	29	6	35	9
2723	2	19	6	24	9
2724	2	8	15	6	20
2725	2	16	28	16	34
2726	2	2	12	3	16
2727	4	46	296	664	619
2728	2	8	23	9	23
2729	2	6	6	12	12
2730	2	19	24	19	43
2731	2	23	20	23	25
2732	2	11	6	22	6
2733	2	48	24	34	46
2734	2	20	296	16	314
2735	2	5	18	6	23
2736	4	29	23	210	61
2737	2	11	23	10	28
2738	2	11	6	23	7
2739	4	32	24	625	70
2740	1	22	16	22	22
2741	2	7	16	9	25
2742	4	31	28	696	41
2743	2	11	28	15	49
2744	2	28	6	32	9
2745	2	14	16	18	21
2746	2	32	18	37	24
2747	2	25	24	26	30
2748	2	26	23	19	47
2749	4	3	5	25	10
2750	2	16	20	21	26
2751	4	21	28	324	41
2752	2	8	16	9	21
2753	2	7	15	13	21
2754	4	14	6	188	13
2755	2	15	28	16	54
2756	2	28	24	19	47
2757	2	28	24	29	46
2758	2	5	20	6	25
2759	4	17	16	273	29
2760	2	26	6	26	10
2761	2	33	24	37	34
2762	2	34	24	40	31
2763	1	12	15	12	20
2764	2	29	24	33	42
2765	2	24	6	28	9
2766	2	49	24	34	29
2767	2	9	6	12	7
2768	1	22	6	22	11
2769	4	16	20	188	32
2770	1	6	26	6	31
2771	2	6	16	7	25
2772	2	7	24	9	29
2773	1	8	5	8	10
2774	4	11	6	36	14
2775	2	25	24	25	46
2776	2	4	6	10	12
2777	2	24	6	32	7
2778	1	10	24	10	45
2779	4	26	23	460	46
2780	2	17	24	18	42
2781	2	17	28	17	56
2782	2	31	24	35	31
2783	8	19	16	17210	83
2784	4	29	24	556	55
2785	4	56	24	780	76
2786	2	15	24	15	30
2787	2	15	296	11	305
2788	4	17	296	104	595
2789	2	10	6	19	10
2790	4	8	5	36	12
2791	2	32	24	32	28
2792	2	34	24	38	32
2793	2	2	20	5	26
2794	2	7	15	9	20
2795	2	10	14	20	21
2796	2	17	28	12	51
2797	4	7	6	99	14
2798	2	19	24	19	42
2799	2	30	6	38	11
2800	2	10	22	7	22
2801	4	23	24	300	54
2802	2	12	6	10	12
2803	2	34	6	40	6
2804	1	16	28	16	34
2805	2	23	19	30	39
2806	2	20	16	19	22
2807	2	9	6	19	6
2808	2	17	15	17	21
2809	2	21	28	28	48
2810	2	8	3	36	6
2811	2	16	24	17	32
2812	2	6	28	13	33
2813	2	12	5	78	12
2814	1	5	23	4	44
2815	4	17	20	251	33
2816	2	29	24	33	29
2817	2	14	24	9	49
2818	2	13	16	17	22
2819	4	49	24	595	70
2820	2	22	28	25	33
2821	2	29	24	19	27
2822	1	20	20	21	26
2823	2	12	28	24	35
2824	2	8	27	9	32
2825	2	7	28	9	33
2826	2	53	24	38	29
2827	2	10	24	9	49
2828	4	8	6	129	13
2829	2	10	15	11	20
2830	1	11	16	11	21
2831	2	46	296	37	314
2832	2	24	14	25	20
2833	2	29	24	30	32
2834	2	7	23	28	55
2835	2	29	6	33	10
2836	2	23	24	24	29
2837	2	23	6	29	9
2838	2	11	27	15	48
2839	2	43	24	31	35
2840	2	2	4	4	5
2841	2	24	6	28	7
2842	1	19	28	19	34
2843	4	9	6	181	14
2844	1	20	6	20	6
2845	2	5	28	7	34
2846	2	32	24	32	28
2847	2	24	6	31	6
2848	2	25	296	18	314
2849	2	9	23	6	48
2850	1	5	19	6	25
2851	2	5	28	10	34
2852	4	45	296	527	602
2853	4	10	6	90	12
2854	4	5	16	28	42
2855	2	20	26	27	32
2856	2	51	24	37	49
2857	2	29	24	21	48
2858	2	8	15	10	21
2859	4	4	6	41	13
2860	4	33	24	739	56
2861	2	25	28	18	57
2862	2	33	24	38	29
2863	1	6	20	7	25
2864	4	32	296	349	599
2865	2	10	28	7	50
2866	2	18	23	13	42
2867	2	20	16	26	36
2868	2	10	6	10	11
2869	2	10	5	8	9
2870	2	4	16	6	22
2871	2	11	23	10	46
2872	4	14	16	171	44
2873	2	10	22	7	26
2874	2	14	6	17	11
2875	4	6	6	85	17
2876	2	18	16	23	24
2877	2	19	15	26	21
2878	2	26	24	19	46
2879	4	14	24	150	51
2880	2	39	24	28	42
2881	2	21	28	27	49
2882	2	32	296	25	302
2883	4	32	6	890	13
2884	2	14	27	13	33
2885	2	29	24	21	42
2886	2	25	24	29	31
2887	4	12	24	66	57
2888	2	4	6	9	6
2889	2	7	28	14	35
2890	2	29	24	31	45
2891	4	12	6	289	14
2892	2	4	6	9	12
2893	2	12	16	78	27
2894	2	20	22	15	31
2895	4	13	5	120	11
2896	2	24	27	28	34
2897	4	12	16	120	41
2898	2	19	6	24	6
2899	4	5	28	27	37
2900	2	7	6	14	7
2901	4	36	296	434	604
2902	2	17	24	12	41
2903	2	38	296	29	316
2904	2	11	6	14	7
2905	4	22	16	435	58
2906	2	23	24	27	46
2907	4	18	6	7315	28
2908	4	14	6	2380	29
2909	1	12	27	12	32
2910	1	21	14	21	19
2911	1	24	6	24	7
2912	2	54	24	38	35
2913	4	31	24	625	57
2914	2	55	24	38	33
2915	2	12	295	9	316
2916	2	18	28	19	57
2917	2	10	6	21	8
2918	4	20	20	190	33
2919	1	24	15	25	21
2920	2	14	6	18	7
2921	2	35	6	45	10
2922	2	42	296	34	322
2923	4	14	16	190	40
2924	4	12	6	135	14
2925	2	21	24	16	34
2926	2	14	24	14	29
2927	2	19	6	23	9
2928	4	2	5	13	10
2929	2	35	24	37	43
2930	2	12	22	14	25
2931	2	20	24	14	30
2932	2	6	20	7	26
2933	2	44	24	31	44
2934	2	28	6	38	11
2935	2	6	16	7	18
2936	2	40	24	30	45
2937	2	8	23	5	46
2938	2	28	24	20	49
2939	2	23	6	23	11
2940	2	14	20	18	27
2941	2	28	28	33	35
2942	2	15	16	19	21
2943	2	29	296	22	315
2944	2	5	6	6	6
2945	2	31	28	35	52
2946	2	9	16	12	33
2947	4	34	28	778	87
2948	2	12	6	12	7
2949	4	9	24	55	54
2950	1	12	6	12	9
2951	2	7	6	7	7
2952	4	12	6	289	14
2953	2	12	19	13	24
2954	2	12	6	25	9
2955	2	4	6	8	9
2956	2	5	18	7	23
2957	4	11	6	265	14
2958	2	14	18	19	24
2959	2	4	16	5	16
2960	2	15	13	20	19
2961	2	11	6	12	6
2962	2	12	6	78	12
2963	2	11	28	23	34
2964	4	3	5	21	12
2965	2	8	5	12	10
2966	2	27	6	32	9
2967	1	14	6	15	10
2968	2	22	296	17	319
2969	2	28	6	31	6
2970	8	14	6	6936	28
2971	2	14	26	18	32
2972	2	26	6	35	6
2973	2	7	23	5	36
2974	4	38	24	378	76
2975	2	23	26	27	56
2976	2	26	27	19	55
2977	2	44	24	31	47
2978	1	20	6	20	11
2979	2	22	6	26	10
2980	4	10	6	66	12
2981	2	27	13	35	19
2982	2	11	19	23	25
2983	2	22	26	28	46
2984	2	14	24	9	27
2985	2	9	20	19	27
2986	1	12	27	12	32
2987	2	31	24	32	46
2988	2	21	25	28	31
2989	4	8	6	145	14
2990	2	18	6	18	11
2991	2	32	24	36	47
2992	2	10	6	55	12
2993	2	5	15	7	19
2994	2	4	20	9	26
2995	2	37	24	26	48
2996	2	51	24	36	29
2997	2	22	24	26	44
2998	2	34	20	38	26
2999	4	33	20	933	32
3000	2	51	296	41	307
3001	2	21	24	21	48
3002	1	8	19	8	25
3003	2	27	15	31	21
3004	1	28	6	29	7
3005	2	53	24	36	48
3006	4	30	6	660	14
3007	2	24	24	29	28
3008	8	53	24	-1	-1
3009	2	10	20	9	23
3010	2	31	24	35	29
3011	1	22	16	23	22
3012	2	35	23	25	47
3013	8	28	6	-1	-1
3014	1	25	16	26	22
3015	8	4	6	321	27
3016	1	7	24	7	49
3017	4	13	24	105	56
3018	2	5	20	7	40
3019	2	33	24	24	47
3020	4	9	6	54	12
3021	2	21	25	21	30
3022	2	6	6	13	7
3023	4	16	24	136	60
3024	4	30	6	560	16
3025	4	29	6	623	13
3026	4	24	24	153	54
3027	4	20	6	323	14
3028	4	9	6	163	14
3029	2	22	28	25	34
3030	2	4	19	5	40
3031	2	37	296	30	318
3032	2	20	15	19	21
3033	2	3	5	6	9
3034	1	20	6	21	7
3035	2	6	16	5	20
3036	2	21	27	28	47
3037	2	34	6	43	7
3038	4	6	6	85	14
3039	4	26	24	378	75
3040	4	20	24	273	60
3041	2	20	15	19	21
3042	2	15	6	20	6
3043	2	11	28	23	34
3044	2	20	24	15	40
3045	2	25	24	26	35
3046	2	25	20	29	26
3047	2	15	20	12	26
3048	4	10	15	66	28
3049	4	47	24	561	74
3050	2	24	6	29	9
3051	2	20	6	171	12
3052	2	39	24	28	29
3053	4	11	6	265	14
3054	4	28	24	210	78
3055	2	12	16	16	22
3056	2	41	296	31	316
3057	2	3	19	4	39
3058	2	25	27	18	54
3059	2	41	24	29	33
3060	2	29	296	21	299
3061	2	19	27	25	33
3062	2	4	28	5	32
3063	8	14	5	3060	24
3064	2	3	6	6	7
3065	4	23	24	276	56
3066	2	9	16	11	24
3067	2	15	19	19	25
3068	2	52	24	38	42
3069	2	8	28	16	34
3070	4	4	6	41	13
3071	2	9	14	9	19
3072	4	26	28	557	40
3073	1	16	6	16	9
3074	2	19	26	19	32
3075	2	6	21	7	40
3076	4	11	6	243	15
3077	1	27	14	28	20
3078	2	22	24	16	44
3079	2	30	24	34	41
3080	2	15	15	20	21
3081	2	40	296	32	327
3082	2	8	20	10	40
3083	8	16	6	10131	29
3084	2	22	16	21	22
3085	2	23	20	27	27
3086	2	13	19	17	40
3087	2	22	6	276	12
3088	2	33	296	25	300
3089	4	12	15	313	29
3090	2	19	16	29	35
3091	2	22	6	22	11
3092	2	12	23	12	38
3093	4	32	24	276	58
3094	4	20	16	351	41
3095	4	30	6	560	14
3096	4	7	6	99	14
3097	2	31	27	22	55
3098	2	22	15	30	21
3099	2	9	16	12	25
3100	2	19	19	19	25
3101	2	22	16	29	35
3102	2	56	24	40	44
3103	2	27	24	31	27
3104	2	25	24	18	28
3105	2	27	24	28	45
3106	4	19	20	323	33
3107	2	6	20	12	26
3108	2	9	16	9	21
3109	2	44	27	31	56
3110	4	31	21	625	41
3111	2	22	19	22	24
3112	2	12	16	16	25
3113	2	5	28	10	33
3114	2	9	6	9	6
3115	4	6	6	73	14
3116	2	23	24	23	48
3117	2	27	28	31	57
3118	8	40	296	-1	-1
3119	2	7	25	15	32
3120	2	4	16	5	22
3121	2	17	28	21	48
3122	2	19	16	26	21
3123	1	18	6	18	7
3124	4	11	6	66	12
3125	1	6	28	6	34
3126	2	45	24	33	48
3127	2	18	28	13	54
3128	2	12	28	24	34
3129	2	20	14	27	20
3130	2	18	16	24	19
3131	4	12	27	313	41
3132	2	6	28	8	46
3133	2	15	28	20	49
3134	2	39	296	32	317
3135	4	26	24	432	58
3136	2	32	24	34	44
3137	2	14	16	18	34
3138	2	15	5	16	5
3139	4	18	24	78	58
3140	2	14	6	120	11
3141	2	24	6	33	11
3142	2	35	24	25	42
3143	2	10	294	7	315
3144	2	37	24	25	33
3145	2	12	6	14	6
3146	2	19	24	21	29
3147	2	10	295	7	328
3148	2	21	20	26	25
3149	1	15	16	16	22
3150	4	24	6	492	14
3151	2	34	26	42	32
3152	2	28	24	32	29
3153	4	40	296	526	602
3154	4	19	5	273	12
3155	4	10	6	90	12
3156	2	5	16	11	23
3157	8	12	6	1820	25
3158	2	29	6	31	6
3159	2	9	16	6	20
3160	2	26	24	31	32
3161	2	51	24	36	29
3162	4	4	20	33	31
3163	2	27	24	28	45
3164	2	32	26	35	54
3165	2	24	15	28	22
3166	2	11	6	23	7
3167	4	23	16	465	57
3168	4	55	24	780	59
3169	2	29	24	32	48
3170	2	25	28	26	57
3171	2	36	24	25	29
3172	2	27	6	31	11
3173	2	19	296	14	323
3174	2	34	14	43	20
3175	2	3	5	6	10
3176	2	53	24	38	29
3177	8	31	24	-1	-1
3178	2	18	6	22	10
3179	4	5	5	27	11
3180	2	7	6	9	11
3181	2	31	24	34	34
3182	2	22	24	23	29
3183	2	16	24	18	43
3184	2	33	24	38	43
3185	1	11	20	12	25
3186	8	13	6	4692	28
3187	1	6	24	6	43
3188	2	11	18	15	23
3189	2	19	296	15	327
3190	2	22	19	29	24
3191	2	11	296	8	301
3192	2	31	24	22	40
3193	2	22	24	16	42
3194	4	28	22	210	53
3195	4	26	24	171	54
3196	2	10	24	55	56
3197	2	13	6	13	6
3198	2	15	14	16	20
3199	2	44	24	31	44
3200	2	7	28	5	33
3201	2	23	28	26	34
3202	2	24	28	31	49
3203	2	26	24	29	44
3204	2	19	16	26	22
3205	2	21	16	28	33
3206	2	22	28	21	56
3207	2	18	16	24	25
3208	2	24	24	25	49
3209	2	24	28	29	34
3210	1	10	5	10	8
3211	2	14	5	17	6
3212	2	33	24	37	44
3213	1	16	19	16	24
3214	4	24	6	12650	29
3215	4	43	296	594	599
3216	4	31	6	768	13
3217	1	11	24	11	33
3218	4	26	25	351	37
3219	2	5	16	6	18
3220	2	8	6	11	6
3221	2	9	6	19	12
3222	4	53	24	780	62
3223	2	8	16	5	21
3224	2	19	24	14	33
3225	2	9	18	10	23
3226	2	10	6	9	6
3227	2	7	16	10	21
3228	2	10	27	13	32
3229	2	19	14	19	21
3230	2	27	24	19	29
3231	2	24	6	300	14
3232	4	13	17	339	31
3233	2	12	6	16	6
3234	4	7	19	45	31
3235	1	16	6	17	6
3236	4	27	24	190	64
3237	2	22	16	29	37
3238	2	29	20	32	26
3239	2	35	24	40	34
3240	2	23	6	29	8
3241	4	31	6	664	19
3242	2	25	20	28	26
3243	2	22	19	30	38
3244	4	4	6	33	14
3245	2	28	24	32	45
3246	4	33	25	595	82
3247	2	21	26	20	32
3248	4	17	6	229	17
3249	2	10	24	6	43
3250	2	24	24	28	28
3251	2	18	28	21	34
3252	4	23	24	136	71
3253	1	25	6	26	7
3254	4	10	6	103	16
3255	2	18	6	22	7
3256	2	12	24	13	44
3257	4	31	27	699	40
3258	2	23	24	24	48
3259	2	11	12	23	19
3260	4	19	6	271	13
3261	4	12	6	289	14
3262	2	6	6	13	10
3263	2	7	19	6	23
3264	4	9	16	78	41
3265	2	10	5	66	12
3266	4	6	16	36	39
3267	2	4	20	8	26
3268	2	48	28	34	55
3269	2	8	25	16	32
3270	2	26	24	19	34
3271	4	34	296	377	600
3272	2	9	28	18	34
3273	4	23	6	493	13
3274	2	31	16	37	21
3275	2	11	15	22	21
3276	2	18	24	18	29
3277	2	4	28	8	33
3278	2	11	25	22	31
3279	4	11	6	243	14
3280	2	19	22	23	27
3281	2	14	5	105	11
3282	4	44	24	496	59
3283	2	8	27	17	33
3284	2	8	20	6	25
3285	2	20	6	210	13
3286	2	36	24	38	49
3287	2	27	19	35	26
3288	1	8	6	8	7
3289	4	10	6	90	13
3290	4	6	5	15	10
3291	2	12	23	8	43
3292	2	24	6	26	6
3293	2	25	27	29	53
3294	4	19	5	190	12
3295	2	23	23	27	38
3296	2	28	6	30	6
3297	2	16	23	20	27
3298	2	27	24	29	32
3299	4	7	20	36	31
3300	2	35	23	41	27
3301	4	22	24	136	57
3302	2	8	4	7	4
3303	2	13	23	13	31
3304	2	12	20	16	26
3305	2	17	23	17	47
3306	1	9	6	10	9
3307	2	9	19	11	24
3308	2	31	14	40	20
3309	4	30	6	659	13
3310	2	14	14	11	18
3311	2	25	24	17	34
3312	2	22	6	25	9
3313	4	13	16	153	38
3314	4	20	6	295	12
3315	4	10	6	221	13
3316	2	40	27	28	56
3317	4	13	296	45	605
3318	4	21	16	406	54
3319	2	28	19	33	25
3320	2	6	5	9	5
3321	2	22	13	30	19
3322	2	31	24	22	30
3323	2	22	19	22	24
3324	2	36	24	40	29
3325	4	33	24	661	58
3326	2	12	6	78	13
3327	2	11	16	23	22
3328	2	21	16	21	22
3329	2	35	24	40	29
3330	4	18	16	300	46
3331	2	31	24	34	43
3332	8	35	296	30654	1201
3333	2	9	24	45	52
3334	2	8	26	6	55
3335	2	6	23	12	30
3336	2	16	294	12	301
3337	4	33	20	851	33
3338	2	8	6	36	16
3339	4	17	6	153	12
3340	4	13	5	119	12
3341	2	56	24	41	48
3342	2	15	6	15	11
3343	2	8	16	7	21
3344	2	8	28	10	47
3345	2	27	28	32	34
3346	8	8	14	969	74
3347	2	36	24	25	29
3348	2	22	24	15	48
3349	2	10	6	8	6
3350	4	21	24	320	50
3351	2	2	5	3	4
3352	2	23	19	31	40
3353	2	5	6	11	6
3354	4	29	18	556	31
3355	2	8	16	11	26
3356	2	15	27	20	47
3357	1	6	19	6	24
3358	4	28	24	559	52
3359	2	23	23	16	43
3360	2	25	6	28	6
3361	4	14	24	45	57
3362	2	3	27	6	33
3363	1	22	16	22	22
3364	2	12	296	9	301
3365	2	24	16	31	21
3366	2	10	16	21	22
3367	4	16	16	253	41
3368	2	3	16	4	36
3369	2	14	6	105	13
3370	4	19	24	210	57
3371	2	12	27	16	33
3372	4	17	6	273	13
3373	2	18	15	24	20
3374	2	19	6	26	6
3375	4	14	6	166	17
3376	4	20	6	375	13
3377	2	19	24	14	41
3378	2	6	20	8	39
3379	4	23	12	432	24
3380	4	24	6	351	13
3381	2	5	15	7	25
3382	2	16	24	20	28
3383	2	18	13	22	20
3384	2	16	28	21	49
3385	2	32	24	36	45
3386	8	18	6	7315	26
3387	2	7	5	6	5
3388	2	9	28	7	33
3389	2	10	6	13	6
3390	2	29	24	21	31
3391	2	9	28	45	83
3392	2	7	5	15	9
3393	2	23	28	25	33
3394	2	16	6	17	6
3395	2	53	24	38	45
3396	2	7	16	15	23
3397	2	17	12	20	18
3398	2	19	16	24	22
3399	1	24	6	24	6
3400	4	35	24	325	62
3401	2	36	24	25	29
3402	2	8	20	5	39
3403	2	17	6	22	10
3404	2	8	15	36	28
3405	4	11	6	243	14
3406	2	14	27	18	33
3407	2	10	6	66	12
3408	2	38	24	27	27
3409	4	28	24	527	75
3410	2	53	24	38	43
3411	2	25	28	28	56
3412	2	40	28	28	55
3413	2	11	6	8	9
3414	1	18	6	19	11
3415	2	4	6	8	11
3416	2	29	24	20	29
3417	1	24	5	24	10
3418	2	18	6	18	6
3419	2	33	24	38	44
3420	4	5	28	61	41
3421	4	11	6	265	13
3422	2	12	14	25	21
3423	2	24	6	33	6
3424	2	19	28	21	57
3425	2	35	24	26	45
3426	2	22	15	23	21
3427	2	25	295	19	298
3428	2	29	28	34	57
3429	2	24	16	33	23
3430	2	24	20	32	40
3431	4	18	16	276	43
3432	2	4	16	5	34
3433	2	38	24	28	27
3434	2	2	15	5	21
3435	2	6	6	21	12
3436	2	23	15	32	21
3437	4	28	6	523	14
3438	2	10	23	7	27
3439	2	18	24	13	44
3440	2	24	28	28	33
3441	4	4	6	33	18
3442	2	47	24	33	49
3443	2	30	19	36	25
3444	1	8	13	8	19
3445	4	14	24	55	58
3446	2	3	16	6	22
3447	2	10	20	10	25
3448	2	34	24	38	33
3449	2	16	24	12	47
3450	4	31	6	772	13
3451	1	6	16	6	22
3452	4	18	6	171	12
3453	2	14	23	17	43
3454	2	9	18	19	24
3455	1	10	6	10	9
3456	2	21	24	21	29
3457	1	27	16	27	21
3458	1	7	24	7	45
3459	4	29	28	465	87
3460	2	29	6	32	7
3461	2	25	16	33	24
3462	2	8	28	16	34
3463	4	30	24	231	57
3464	2	22	20	25	25
3465	1	28	20	29	26
3466	2	8	18	17	23
3467	4	9	23	21	55
3468	2	18	24	12	44
3469	2	24	26	32	32
3470	4	24	6	300	13
3471	2	28	24	32	29
3472	4	18	15	171	27
3473	2	20	20	24	26
3474	2	16	6	21	6
3475	2	48	296	38	305
3476	2	21	295	15	328
3477	4	11	24	45	60
3478	2	8	6	10	6
3479	4	41	24	406	57
3480	2	2	19	3	24
3481	2	7	16	7	21
3482	4	5	6	61	15
3483	4	24	19	496	60
3484	2	35	24	25	47
3485	2	26	16	30	22
3486	4	32	6	772	13
3487	2	27	24	19	34
3488	2	18	6	21	11
3489	2	49	24	35	43
3490	4	16	5	229	13
3491	2	26	28	33	34
3492	4	12	5	45	10
3493	2	4	26	5	39
3494	2	9	28	12	48
3495	4	20	16	351	42
3496	2	25	24	29	29
3497	1	8	23	8	27
3498	2	19	24	14	34
3499	4	27	28	526	40
3500	2	7	20	9	39
3501	4	32	6	890	13
3502	2	24	24	28	28
3503	4	9	6	66	12
3504	4	20	6	402	13
3505	2	11	16	15	23
3506	2	43	296	34	316
3507	4	29	27	231	83
3508	2	9	6	18	6
3509	2	35	24	26	30
3510	2	24	28	31	34
3511	4	42	24	465	59
3512	2	21	24	24	45
3513	4	35	24	325	54
3514	2	10	6	13	6
3515	2	23	24	26	33
3516	2	14	16	17	22
3517	2	12	6	25	7
3518	1	12	24	12	42
3519	2	34	6	43	11
3520	2	11	6	14	7
3521	2	48	24	35	30
3522	2	21	6	20	6
3523	2	21	20	253	33
3524	2	18	16	18	22
3525	2	20	27	21	33
3526	2	16	15	15	21
3527	2	25	23	28	44
3528	2	27	24	28	44
3529	2	29	20	38	25
3530	2	17	27	22	47
3531	2	14	6	15	6
3532	2	24	24	27	44
3533	1	10	6	10	6
3534	2	21	6	28	7
3535	2	20	24	21	34
3536	2	7	5	8	8
3537	2	32	296	26	300
3538	2	12	28	14	51
3539	2	15	5	15	6
3540	2	31	24	35	28
3541	4	6	16	28	27
3542	4	15	296	66	603
3543	2	22	6	30	6
3544	2	10	27	7	32
3545	2	17	28	22	48
3546	2	22	16	25	21
3547	2	24	24	25	43
3548	2	23	24	24	46
3549	2	42	23	31	42
3550	2	48	296	39	316
3551	4	28	24	523	59
3552	2	50	27	36	56
3553	2	31	24	22	49
3554	2	54	24	39	32
3555	2	25	27	32	48
3556	4	11	16	77	26
3557	2	34	6	561	13
3558	2	14	6	17	6
3559	4	20	5	190	16
3560	2	23	28	28	34
3561	2	31	25	22	53
3562	2	26	23	29	28
3563	4	12	27	289	41
3564	4	6	6	28	12
3565	2	31	15	35	21
3566	2	33	24	36	41
3567	2	9	16	8	19
3568	2	13	20	18	39
3569	4	17	6	229	14
3570	4	53	24	741	59
3571	2	23	16	30	22
3572	2	14	24	15	29
3573	2	22	6	30	6
3574	4	15	24	136	58
3575	2	16	16	22	21
3576	2	10	296	8	316
3577	2	26	24	31	30
3578	4	24	24	153	75
3579	2	4	28	8	33
3580	2	14	15	18	19
3581	2	23	24	27	50
3582	2	12	5	15	10
3583	2	15	19	19	40
3584	2	25	24	27	28
3585	2	9	14	19	20
3586	2	30	24	33	48
3587	4	21	15	403	28
3588	4	47	24	561	59
3589	8	30	24	-1	-1
3590	2	16	28	16	32
3591	2	23	24	24	34
3592	2	9	28	19	35
3593	4	24	6	557	13
3594	2	11	27	8	32
3595	2	8	21	5	29
3596	2	19	24	20	34
3597	2	22	20	30	26
3598	2	35	24	25	48
3599	1	18	6	18	10
3600	1	12	14	12	20
3601	2	15	5	21	9
3602	2	18	18	36	24
3603	1	6	28	7	33
3604	1	6	24	6	49
3605	4	34	6	777	14
3606	2	5	6	11	7
3607	2	10	28	21	34
3608	1	8	6	8	11
3609	2	11	16	14	25
3610	2	21	26	15	55
3611	4	10	6	103	13
3612	4	26	24	171	56
3613	4	21	6	276	13
3614	4	28	23	523	46
3615	2	17	15	22	20
3616	1	20	28	20	34
3617	1	14	28	14	34
3618	2	11	24	8	49
3619	2	13	12	13	18
3620	2	23	26	16	55
3621	4	5	6	61	14
3622	2	19	28	26	34
3623	2	27	24	19	42
3624	4	25	24	406	58
3625	2	14	27	18	47
3626	2	7	19	11	24
3627	2	30	21	34	25
3628	4	19	24	210	57
3629	1	20	19	20	25
3630	2	24	6	26	9
3631	4	31	6	808	18
3632	2	37	23	25	28
3633	2	33	26	43	32
3634	2	12	16	16	21
3635	4	23	24	136	58
3636	2	8	13	16	19
3637	1	8	24	8	34
3638	2	47	296	37	306
3639	2	17	27	20	55
3640	4	11	6	243	12
3641	2	14	15	19	20
3642	2	9	17	11	36
3643	2	30	24	34	49
3644	2	17	25	20	30
3645	4	24	27	325	40
3646	2	5	28	11	33
3647	2	18	24	22	24
3648	1	8	5	8	9
3649	4	21	24	297	71
3650	2	18	15	171	28
3651	2	19	24	18	44
3652	4	27	6	591	13
3653	2	55	24	39	49
3654	4	8	6	54	12
3655	1	20	6	20	11
3656	2	16	16	22	21
3657	2	8	6	8	6
3658	2	4	16	6	26
3659	2	7	5	9	10
3660	2	17	6	22	11
3661	2	3	28	7	34
3662	4	11	16	105	49
3663	2	24	6	28	6
3664	2	21	16	28	21
3665	2	9	20	17	26
3666	1	18	20	18	26
3667	2	29	24	21	30
3668	2	4	11	9	17
3669	2	5	15	6	20
3670	2	3	20	5	25
3671	2	27	18	29	24
3672	4	3	5	21	11
3673	4	4	6	41	13
3674	2	10	6	21	12
3675	2	5	5	6	9
3676	2	12	295	9	316
3677	2	27	25	33	31
3678	2	13	16	17	36
3679	4	30	296	299	598
3680	2	25	27	29	32
3681	2	33	24	37	49
3682	4	17	24	78	58
3683	2	54	24	38	44
3684	1	16	14	16	19
3685	2	8	5	10	9
3686	2	9	14	11	20
3687	2	34	24	40	44
3688	2	35	24	25	45
3689	4	33	24	300	58
3690	4	18	6	322	13
3691	4	52	24	703	58
3692	2	23	28	30	34
3693	4	5	6	61	13
3694	2	8	295	6	295
3695	4	25	24	430	60
3696	2	14	24	10	47
3697	4	11	6	66	13
3698	4	12	23	36	49
3699	2	9	16	13	22
3700	4	12	6	134	17
3701	2	23	16	30	35
3702	2	22	24	26	30
3703	2	23	6	24	6
3704	2	7	24	5	24
3705	2	24	24	24	33
3706	8	32	6	-1	-1
3707	2	14	28	19	34
3708	4	19	23	271	75
3709	2	16	24	17	30
3710	2	14	6	105	12
3711	2	8	16	16	22
3712	2	24	27	31	33
3713	1	16	18	16	24
3714	4	18	24	190	57
3715	2	20	23	24	50
3716	2	11	15	22	21
3717	4	4	5	36	10
3718	2	44	24	31	48
3719	1	6	20	6	25
3720	2	35	296	28	325
3721	2	5	16	7	32
3722	2	16	12	16	19
3723	4	19	296	119	603
3724	2	22	6	26	9
3725	2	8	28	17	34
3726	2	19	6	210	14
3727	1	16	6	16	11
3728	2	13	20	17	40
3729	1	11	24	11	44
3730	2	19	26	38	32
3731	8	23	23	25650	103
3732	2	25	20	30	25
3733	2	33	24	24	42
3734	4	53	24	703	75
3735	2	8	6	16	11
3736	2	33	24	35	29
3737	4	17	24	91	57
3738	4	22	6	403	12
3739	2	10	27	7	51
3740	2	17	20	20	25
3741	2	5	23	15	55
3742	2	9	16	12	22
3743	2	15	19	21	25
3744	4	29	24	523	54
3745	2	11	20	14	26
3746	2	25	19	29	25
3747	2	20	6	21	6
3748	2	26	23	30	45
3749	4	28	24	435	58
3750	2	28	6	31	6
3751	1	6	5	6	6
3752	4	31	6	848	13
3753	4	22	6	298	14
3754	2	17	24	18	30
3755	2	25	6	34	10
3756	2	18	16	18	21
3757	2	16	16	21	20
3758	2	4	20	5	24
3759	2	15	17	16	22
3760	2	22	24	23	29
3761	2	12	28	25	35
3762	2	12	28	11	32
3763	2	43	24	31	42
3764	4	22	6	350	12
3765	2	36	23	40	39
3766	2	22	14	276	26
3767	4	8	296	21	592
3768	2	12	16	15	22
3769	1	6	23	6	44
3770	2	6	5	7	5
3771	2	20	6	18	7
3772	2	6	15	12	22
3773	2	26	24	19	44
3774	2	9	5	10	11
3775	2	10	20	13	25
3776	2	32	24	36	39
3777	8	21	24	14674	119
3778	2	23	16	30	23
3779	2	23	24	24	42
3780	2	4	6	9	10
3781	2	21	6	21	12
3782	2	15	24	10	40
3783	2	19	24	23	28
3784	4	25	296	190	601
3785	2	12	6	11	6
3786	2	23	296	18	316
3787	4	5	5	27	11
3788	2	35	296	27	305
3789	4	16	24	78	74
3790	2	12	6	9	10
3791	1	6	28	6	58
3792	2	11	24	66	59
3793	2	34	24	24	29
3794	2	11	26	8	32
3795	2	24	6	325	14
3796	2	10	24	7	30
3797	4	56	26	820	84
3798	2	18	28	190	41
3799	4	9	6	181	13
3800	2	26	6	33	9
3801	4	9	6	45	12
3802	2	18	19	21	25
3803	2	10	26	14	46
3804	2	23	24	27	45
3805	2	31	24	34	44
3806	2	31	27	34	56
3807	2	28	24	32	45
3808	2	7	16	15	21
3809	2	11	24	10	40
3810	2	35	24	25	29
3811	2	10	24	11	42
3812	2	6	26	13	32
3813	2	18	28	36	34
3814	4	18	24	171	50
3815	4	36	24	325	58
3816	4	29	24	210	56
3817	2	7	5	8	7
3818	2	13	16	10	22
3819	2	11	18	22	25
3820	2	13	28	18	46
3821	2	39	24	28	29
3822	2	14	24	10	45
3823	2	14	20	105	32
3824	2	18	6	21	11
3825	4	12	5	78	11
3826	4	30	24	628	57
3827	2	23	24	24	28
3828	4	34	6	1021	14
3829	2	48	24	34	32
3830	1	26	28	27	34
3831	1	8	24	8	33
3832	2	32	24	23	49
3833	2	44	28	31	56
3834	2	8	6	16	7
3835	2	6	27	12	34
3836	2	23	28	31	34
3837	2	36	24	25	47
3838	2	23	20	27	26
3839	2	28	24	31	32
3840	2	40	296	32	329
3841	4	44	24	528	75
3842	4	10	24	55	58
3843	4	18	6	248	14
3844	2	9	20	18	27
3845	2	31	20	39	26
3846	2	5	28	11	34
3847	2	4	6	9	7
3848	4	23	19	493	32
3849	2	11	6	23	11
3850	2	8	6	17	11
3851	4	29	24	523	60
3852	2	42	296	34	329
3853	2	24	6	27	8
3854	2	25	24	18	33
3855	4	17	6	210	13
3856	2	12	15	11	21
3857	2	30	27	34	32
3858	2	18	6	18	8
3859	4	18	23	78	57
3860	2	20	24	20	29
3861	2	21	24	14	47
3862	2	17	6	18	10
3863	2	25	24	18	49
3864	2	49	296	40	300
3865	2	10	28	21	34
3866	2	34	27	39	56
3867	2	4	5	5	7
3868	2	27	296	22	313
3869	2	16	6	16	6
3870	2	13	28	17	35
3871	8	3	6	129	24
3872	2	30	24	34	29
3873	4	9	6	77	12
3874	2	5	6	11	8
3875	2	14	5	14	10
3876	2	29	6	36	7
3877	2	11	6	78	12
3878	2	3	6	7	9
3879	2	23	24	26	52
3880	4	12	6	131	12
3881	2	21	24	15	29
3882	2	18	16	18	21
3883	2	5	6	7	9
3884	2	29	15	33	22
3885	1	7	20	8	25
3886	2	28	24	27	49
3887	4	29	24	210	59
3888	2	32	21	41	27
3889	2	14	6	18	9
3890	2	14	27	15	56
3891	2	13	6	13	6
3892	2	32	28	23	57
3893	4	12	6	266	14
3894	4	22	20	461	32
3895	2	40	28	30	55
3896	2	22	6	25	9
3897	2	54	28	38	57
3898	2	17	15	22	21
3899	2	30	15	33	21
3900	2	13	17	17	38
3901	2	21	24	23	45
3902	2	10	24	6	34
3903	4	28	6	496	14
3904	2	21	6	253	13
3905	2	16	24	11	42
3906	2	8	6	36	12
3907	4	26	24	190	74
3908	4	14	24	91	72
3909	2	28	19	32	26
3910	2	34	24	39	44
3911	2	36	24	42	33
3912	1	10	24	9	29
3913	2	17	14	18	20
3914	2	16	16	22	21
3915	2	4	20	5	34
3916	2	33	16	41	22
3917	2	10	16	13	23
3918	2	33	24	38	47
3919	2	47	28	33	58
3920	2	13	16	18	35
3921	1	20	10	20	16
3922	2	10	6	19	12
3923	2	9	23	6	41
3924	4	18	20	231	31
3925	4	24	6	12650	28
3926	2	26	24	19	43
3927	2	44	24	32	28
3928	2	29	24	21	47
3929	2	11	28	23	34
3930	2	19	24	13	43
3931	1	4	5	4	10
3932	2	12	6	78	12
3933	2	27	24	28	35
3934	2	12	6	24	7
3935	4	7	6	113	18
3936	4	4	16	15	36
3937	2	7	16	15	22
3938	4	8	6	136	19
3939	2	41	296	33	319
3940	2	2	28	4	33
3941	4	7	6	113	13
3942	2	29	24	30	45
3943	2	14	16	17	22
3944	2	18	24	21	29
3945	1	12	16	12	22
3946	2	27	6	35	6
3947	4	21	24	231	71
3948	4	24	24	153	74
3949	2	28	24	33	44
3950	2	30	6	36	6
3951	2	32	24	35	49
3952	2	21	296	15	319
3953	2	21	24	15	32
3954	2	43	24	31	29
3955	2	16	16	18	21
3956	4	45	296	628	600
3957	2	24	6	25	6
3958	2	27	296	21	304
3959	2	7	19	6	24
3960	2	31	24	35	39
3961	4	24	6	524	13
3962	4	24	16	496	41
3963	2	18	20	15	25
3964	2	9	20	10	26
3965	4	33	6	1020	13
3966	4	4	6	15	12
3967	2	26	12	33	19
3968	4	20	24	210	57
3969	2	18	24	18	30
3970	4	7	16	28	27
3971	2	33	24	35	44
3972	2	28	6	32	12
3973	4	4	16	21	43
3974	2	16	20	22	40
3975	2	8	23	7	32
3976	2	43	24	32	48
3977	2	8	16	10	25
3978	1	27	28	28	35
3979	4	32	24	664	58
3980	2	11	6	23	12
3981	2	23	24	22	33
3982	4	17	6	105	17
3983	2	31	6	41	11
3984	2	14	6	19	11
3985	1	12	28	12	34
3986	2	23	26	30	46
3987	2	5	15	7	20
3988	2	18	24	21	47
3989	2	20	6	27	10
3990	2	31	18	37	24
3991	1	14	27	14	33
3992	2	29	13	33	20
3993	2	23	24	23	45
3994	4	32	6	738	13
3995	2	12	28	25	35
3996	2	31	28	35	34
3997	2	8	19	10	39
3998	4	8	5	129	13
3999	8	25	24	31463	116
4000	2	30	296	23	305
4001	4	10	6	1001	25
4002	2	16	16	13	21
4003	4	24	6	557	12
4004	1	6	24	6	31
4005	2	8	27	11	47
4006	2	20	24	231	36
4007	2	24	23	25	33
4008	2	11	16	14	22
4009	2	31	6	36	10
4010	4	12	6	313	14
4011	4	13	6	105	12
4012	4	22	6	253	12
4013	2	17	17	22	37
4014	1	5	25	5	51
4015	2	7	16	9	22
4016	2	29	27	33	56
4017	2	41	296	31	327
4018	1	14	6	14	10
4019	2	15	28	16	55
4020	2	35	24	25	49
4021	2	25	24	29	44
4022	1	21	16	22	21
4023	2	32	24	35	33
4024	2	21	28	28	47
4025	2	13	22	10	38
4026	2	53	24	39	29
4027	2	22	24	15	43
4028	1	11	24	11	30
4029	4	41	296	559	601
4030	4	18	24	190	57
4031	4	50	296	778	632
4032	1	24	15	24	21
4033	2	16	24	16	50
4034	4	8	23	21	48
4035	4	22	24	210	57
4036	4	46	296	701	602
4037	2	14	16	19	22
4038	1	14	13	14	20
4039	2	38	24	27	27
4040	2	13	295	9	301
4041	8	11	6	11969	29
4042	2	9	6	12	6
4043	2	22	27	28	32
4044	1	18	6	18	6
4045	2	4	28	8	35
4046	2	8	20	5	25
4047	4	24	24	401	73
4048	2	8	27	6	32
4049	2	18	27	17	33
4050	4	8	24	28	48
4051	4	22	16	465	42
4052	2	23	28	26	57
4053	2	8	26	6	51
4054	2	20	20	171	31
4055	2	19	19	26	25
4056	4	19	16	325	42
4057	2	24	24	27	29
4058	2	28	24	31	34
4059	4	11	24	1001	116
4060	2	30	15	35	21
4061	2	28	15	33	20
4062	2	32	24	32	46
4063	2	11	24	10	34
4064	2	11	20	8	26
4065	2	25	24	30	43
4066	2	9	21	10	40
4067	2	18	24	13	28
4068	8	13	24	715	108
4069	4	35	24	778	58
4070	4	14	6	120	12
4071	2	10	6	20	7
4072	1	4	4	4	4
4073	2	9	5	7	5
4074	2	28	24	31	48
4075	2	35	24	25	28
4076	4	5	5	21	11
4077	2	20	6	27	7
4078	4	10	21	36	68
4079	2	23	23	27	45
4080	2	13	16	17	37
4081	4	9	5	77	12
4082	8	16	16	10426	83
4083	1	13	27	13	33
4084	2	18	296	13	327
4085	2	22	24	26	40
4086	2	57	24	41	28
4087	2	43	296	35	315
4088	2	26	28	27	55
4089	2	28	296	22	319
4090	2	55	24	39	34
4091	2	22	24	20	33
4092	2	31	6	35	10
4093	4	29	28	495	87
4094	2	10	16	13	24
4095	2	29	24	31	35
4096	4	47	24	595	57
4097	2	29	24	31	29
4098	2	14	26	13	31
4099	2	34	6	43	11
4100	2	7	16	7	21
4101	2	21	25	23	31
4102	2	21	6	20	7
4103	2	48	296	39	328
4104	2	17	24	17	47
4105	2	20	24	24	39
4106	2	10	16	14	21
4107	2	25	6	30	7
4108	4	21	6	903	14
4109	2	17	23	20	28
4110	2	21	23	42	29
4111	4	21	6	253	12
4112	2	24	28	29	56
4113	2	12	27	24	33
4114	2	33	28	36	57
4115	2	18	28	20	33
4116	2	15	20	20	41
4117	2	8	6	11	6
4118	2	24	24	28	34
4119	2	5	15	7	20
4120	2	23	24	23	33
4121	2	8	5	10	10
4122	4	13	295	55	598
4123	4	16	28	136	41
4124	2	14	6	18	6
4125	4	32	24	595	58
4126	2	37	24	26	32
4127	4	43	296	594	628
4128	2	11	14	23	21
4129	2	53	24	39	46
4130	2	5	5	7	5
4131	2	7	28	14	35
4132	4	7	6	43	12
4133	2	10	24	55	61
4134	2	45	24	33	43
4135	2	10	24	7	24
4136	4	8	16	66	55
4137	2	18	24	19	47
4138	2	13	6	17	7
4139	2	25	16	33	21
4140	2	51	24	36	43
4141	4	19	6	253	13
4142	2	15	28	20	49
4143	2	16	24	18	42
4144	1	11	17	12	23
4145	2	26	6	26	6
4146	2	31	28	36	34
4147	2	20	16	27	21
4148	2	42	24	30	29
4149	2	8	6	17	11
4150	2	32	24	34	33
4151	2	17	23	18	31
4152	2	12	27	13	55
4153	2	24	6	31	6
4154	2	15	18	12	24
4155	2	17	24	12	31
4156	4	12	6	313	14
4157	2	12	6	78	12
4158	2	22	28	26	34
4159	2	19	28	24	34
4160	2	6	27	13	33
4161	2	21	23	22	41
4162	4	9	6	54	12
4163	2	22	28	29	48
4164	2	21	6	28	8
4165	2	30	28	37	34
4166	2	7	16	6	22
4167	4	14	16	171	42
4168	2	24	6	300	18
4169	2	31	27	39	33
4170	2	33	24	36	44
4171	2	12	6	25	12
4172	2	19	6	20	8
4173	2	54	24	39	31
4174	2	5	19	10	24
4175	2	45	24	32	49
4176	4	4	15	15	41
4177	2	31	24	36	29
4178	2	16	28	15	55
4179	4	28	24	527	56
4180	2	31	20	528	32
4181	2	27	11	33	17
4182	2	18	6	17	10
4183	4	7	27	21	83
4184	4	12	296	45	618
4185	2	16	20	20	25
4186	2	6	25	9	29
4187	2	17	27	22	33
4188	4	28	24	406	54
4189	2	8	28	17	34
4190	4	10	5	210	13
4191	4	16	24	153	57
4192	2	30	296	24	302
4193	2	29	28	32	56
4194	4	32	23	595	58
4195	2	16	6	16	11
4196	2	14	28	18	33
4197	2	23	24	24	32
4198	2	25	24	26	34
4199	4	40	24	435	56
4200	2	23	16	30	22
4201	4	21	24	105	54
4202	2	18	6	171	13
4203	4	35	24	325	57
4204	2	6	6	13	12
4205	2	24	296	19	316
4206	2	35	18	40	25
4207	2	14	16	19	37
4208	2	18	295	13	300
4209	2	7	20	6	25
4210	2	10	28	13	50
4211	1	12	16	10	21
4212	2	15	16	20	20
4213	4	21	6	231	13
4214	2	34	24	39	43
4215	2	14	294	10	324
4216	1	6	20	6	25
4217	1	8	16	8	21
4218	2	12	6	12	6
4219	2	8	20	17	26
4220	2	6	12	7	18
4221	2	46	24	33	29
4222	2	10	6	55	13
4223	2	15	14	19	20
4224	2	30	28	35	33
4225	2	8	5	17	11
4226	4	27	296	252	599
4227	2	6	28	7	33
4228	2	32	14	43	20
4229	2	17	16	22	20
4230	2	33	23	37	26
4231	4	10	13	210	27
4232	2	32	24	36	30
4233	2	16	16	21	21
4234	2	45	24	29	44
4235	2	15	6	18	11
4236	4	33	24	300	59
4237	1	24	27	22	32
4238	2	33	26	42	32
4239	4	25	6	404	13
4240	2	4	6	9	7
4241	4	8	5	129	18
4242	1	6	6	6	4
4243	2	20	6	27	9
4244	2	8	26	10	31
4245	2	23	6	26	11
4246	2	8	20	5	25
4247	8	7	6	210	25
4248	4	29	24	556	58
4249	4	24	24	401	57
4250	1	6	19	7	24
4251	1	4	18	4	23
4252	2	10	28	13	34
4253	2	21	24	15	38
4254	2	50	24	36	29
4255	2	24	6	26	6
4256	4	15	23	55	50
4257	2	8	12	16	18
4258	2	54	26	38	55
4259	2	11	28	10	56
4260	4	31	6	768	18
4261	2	28	24	20	41
4262	2	27	6	28	7
4263	4	10	6	55	12
4264	4	35	15	858	36
4265	4	8	4	36	9
4266	4	26	24	494	59
4267	4	7	28	113	41
4268	2	9	28	11	33
4269	4	5	28	45	42
4270	2	12	6	78	12
4271	2	24	24	28	44
4272	2	16	23	18	47
4273	2	37	28	26	56
4274	2	13	28	15	33
4275	4	20	6	375	14
4276	2	49	28	35	55
4277	2	13	28	13	33
4278	4	14	24	105	71
4279	1	15	24	15	47
4280	4	21	6	375	13
4281	2	10	28	13	34
4282	2	19	27	20	55
4283	4	37	24	901	57
4284	2	17	24	23	30
4285	2	19	28	19	55
4286	2	15	20	19	41
4287	2	36	24	25	33
4288	2	12	24	12	34
4289	4	14	15	171	40
4290	2	11	6	23	11
4291	2	31	24	22	33
4292	2	10	6	20	12
4293	2	9	27	18	34
4294	4	14	6	120	12
4295	2	27	296	21	325
4296	2	13	6	26	10
4297	2	27	24	31	45
4298	2	32	6	42	11
4299	2	35	24	25	45
4300	2	54	24	39	32
4301	2	26	25	18	52
4302	2	15	20	17	26
4303	4	16	27	205	41
4304	2	14	24	10	28
4305	1	16	6	16	7
4306	2	28	6	30	7
4307	2	16	15	17	20
4308	2	15	21	11	34
4309	4	4	16	33	30
4310	4	20	28	402	41
4311	2	16	24	17	25
4312	1	4	22	4	28
4313	4	22	27	136	83
4314	2	51	24	36	43
4315	4	26	24	190	64
4316	4	19	27	271	40
4317	2	33	20	44	25
4318	2	21	23	14	47
4319	2	18	24	13	44
4320	2	20	16	26	21
4321	2	20	26	27	31
4322	2	16	28	15	58
4323	2	8	28	5	56
4324	2	17	24	18	32
4325	4	9	5	36	11
4326	2	8	19	16	25
4327	2	25	24	29	31
4328	2	12	16	15	23
4329	2	22	24	22	52
4330	2	32	6	37	6
4331	4	42	24	496	57
4332	4	30	23	593	53
4333	4	2	5	10	11
4334	4	16	296	91	595
4335	2	15	293	11	309
4336	4	19	6	297	13
4337	2	14	6	18	10
4338	2	25	20	29	26
4339	2	45	25	33	54
4340	1	22	16	22	22
4341	2	53	24	38	29
4342	2	54	24	38	49
4343	2	8	16	16	22
4344	2	23	18	27	24
4345	4	11	6	265	14
4346	1	14	6	14	7
4347	4	18	6	298	13
4348	2	11	23	8	24
4349	2	12	6	24	10
4350	2	18	14	22	20
4351	2	50	24	36	27
4352	2	4	28	5	33
4353	2	35	24	25	48
4354	2	16	27	20	48
4355	2	17	12	18	18
4356	2	37	296	29	299
4357	2	16	28	19	33
4358	4	23	24	276	54
4359	2	8	27	10	33
4360	4	30	24	559	57
4361	4	7	6	28	12
4362	2	15	15	15	21
4363	1	5	19	5	24
4364	2	20	28	27	34
4365	1	14	20	14	26
4366	2	20	6	26	6
4367	2	27	28	19	56
4368	2	22	24	15	49
4369	2	10	6	21	7
4370	4	40	296	494	602
4371	2	4	19	8	25
4372	2	11	6	23	12
4373	4	17	6	273	12
4374	4	13	24	105	54
4375	4	10	14	90	38
4376	2	6	6	13	9
4377	4	4	6	41	12
4378	2	23	28	26	34
4379	2	32	24	23	41
4380	1	42	6	42	9
4381	2	9	28	8	33
4382	2	21	16	22	22
4383	2	9	28	18	34
4384	4	24	24	325	65
4385	2	24	16	32	22
4386	2	30	6	38	10
4387	2	19	6	26	7
4388	2	22	24	25	34
4389	2	11	6	11	9
4390	2	19	20	20	25
4391	2	15	21	16	40
4392	2	27	24	19	42
4393	4	27	24	491	57
4394	2	25	24	29	31
4395	2	31	24	35	33
4396	2	54	24	39	44
4397	4	8	16	36	27
4398	2	14	6	19	8
4399	2	10	293	7	313
4400	2	3	19	6	25
4401	2	16	26	20	47
4402	2	22	6	253	14
4403	2	22	28	25	33
4404	2	6	13	13	18
4405	2	19	6	24	10
4406	2	33	24	35	33
4407	4	9	6	86	14
4408	4	24	6	492	14
4409	4	45	24	528	59
4410	2	9	26	11	47
4411	2	48	24	34	48
4412	4	20	6	295	14
4413	8	5	5	501	26
4414	2	23	5	27	11
4415	4	34	24	778	77
4416	2	13	24	9	39
4417	2	30	16	33	22
4418	4	9	6	163	12
4419	2	23	24	27	32
4420	2	33	24	36	45
4421	2	8	6	15	6
4422	2	12	6	78	16
4423	2	25	296	19	307
4424	2	10	15	21	22
4425	2	18	6	15	6
4426	2	9	5	8	8
4427	2	3	27	6	33
4428	2	19	6	26	6
4429	1	12	15	12	21
4430	2	15	5	15	10
4431	2	9	27	11	33
4432	2	18	16	18	21
4433	2	9	16	11	22
4434	2	6	14	12	21
4435	4	25	24	430	56
4436	2	5	20	6	25
4437	2	18	16	24	37
4438	4	17	6	251	13
4439	2	16	19	32	25
4440	2	23	24	27	47
4441	2	29	24	33	46
4442	2	17	24	17	39
4443	2	19	16	26	26
4444	2	17	28	20	56
4445	2	8	23	6	23
4446	2	3	6	7	9
4447	2	31	17	36	23
4448	2	12	6	12	7
4449	2	4	6	8	9
4450	4	34	24	778	59
4451	2	13	24	13	34
4452	1	24	28	24	34
4453	4	2	6	6	16
4454	2	32	15	42	20
4455	1	12	16	12	22
4456	2	33	24	35	45
4457	2	20	13	27	20
4458	4	3	5	15	12
4459	2	18	6	15	6
4460	4	20	16	351	59
4461	2	50	24	36	33
4462	2	19	27	38	34
4463	1	20	15	20	20
4464	8	10	6	1925	27
4465	2	7	20	10	41
4466	2	28	6	31	6
4467	2	18	16	24	35
4468	2	10	24	55	60
4469	2	7	16	10	27
4470	2	20	19	23	24
4471	2	14	24	13	29
4472	2	19	296	15	318
4473	2	18	24	13	45
4474	2	8	20	8	26
4475	4	5	6	61	13
4476	2	11	6	22	7
4477	2	7	19	9	24
4478	2	16	28	16	57
4479	2	12	6	14	9
4480	2	14	24	15	33
4481	2	24	28	28	56
4482	2	31	24	33	46
4483	2	2	15	5	20
4484	1	10	6	11	6
4485	1	11	6	12	6
4486	2	21	27	24	32
4487	2	19	14	26	20
4488	2	9	6	8	9
4489	2	42	24	30	29
4490	2	14	296	10	301
4491	2	32	24	36	30
4492	4	27	20	491	34
4493	4	25	24	375	60
4494	8	12	6	3276	26
4495	2	11	13	12	19
4496	2	43	296	33	317
4497	2	7	16	8	22
4498	2	15	24	16	30
4499	2	33	27	37	56
4500	2	17	28	11	54
4501	2	29	6	32	6
4502	2	15	6	16	8
4503	2	12	19	12	24
4504	4	14	6	188	13
4505	2	3	6	6	12
4506	2	19	24	19	29
4507	1	29	6	30	10
4508	4	37	24	325	57
4509	2	20	6	23	7
4510	2	25	20	33	41
4511	2	9	26	9	31
4512	4	16	20	229	32
4513	1	8	20	8	26
4514	4	27	26	526	83
4515	2	27	15	29	20
4516	2	54	24	39	48
4517	2	10	20	13	25
4518	2	23	27	31	48
4519	4	22	16	462	29
4520	8	22	24	19826	111
4521	4	10	15	103	28
4522	4	29	6	588	13
4523	4	10	27	45	37
4524	2	10	6	20	7
4525	2	25	24	18	32
4526	2	16	23	12	28
4527	2	27	28	19	54
4528	2	13	27	10	33
4529	4	10	5	28	11
4530	2	31	17	40	22
4531	2	12	6	25	7
4532	2	7	20	14	25
4533	2	22	26	22	55
4534	2	22	28	29	48
4535	2	11	16	23	23
4536	1	10	6	10	12
4537	2	24	6	300	13
4538	2	24	6	28	11
4539	4	32	24	701	57
4540	2	15	24	11	29
4541	2	31	24	35	45
4542	2	8	20	8	25
4543	2	22	24	26	45
4544	2	35	20	45	26
4545	4	6	6	73	13
4546	2	30	16	40	22
4547	4	19	6	136	13
4548	2	26	24	30	27
4549	2	8	14	16	21
4550	4	25	19	591	32
4551	2	11	13	23	20
4552	2	21	24	14	30
4553	2	25	19	29	24
4554	2	13	16	26	22
4555	4	26	6	23751	28
4556	2	24	24	27	31
4557	2	7	16	9	22
4558	2	19	6	18	6
4559	4	16	24	170	73
4560	4	7	24	210	115
4561	1	8	28	8	32
4562	2	38	28	27	55
4563	2	20	6	210	12
4564	2	6	6	12	6
4565	2	18	296	14	329
4566	2	34	24	38	27
4567	4	20	24	105	57
4568	4	7	5	28	10
4569	2	23	6	46	12
4570	8	24	6	-1	-1
4571	2	40	24	28	29
4572	1	35	28	35	34
4573	2	24	28	17	54
4574	4	8	5	55	11
4575	2	24	6	32	7
4576	4	13	23	133	46
4577	2	15	27	14	32
4578	2	39	28	28	57
4579	2	25	24	25	50
4580	4	17	24	153	58
4581	2	23	24	16	46
4582	4	20	24	210	57
4583	2	6	28	13	33
4584	2	18	6	24	6
4585	2	29	24	21	46
4586	2	21	24	15	27
4587	1	7	24	7	28
4588	4	5	5	27	10
4589	1	9	5	9	5
4590	2	56	24	39	47
4591	2	24	26	27	31
4592	4	8	5	136	13
4593	2	32	24	36	32
4594	4	23	24	373	59
4595	1	16	28	16	34
4596	2	24	16	24	21
4597	2	4	6	5	9
4598	2	28	24	32	46
4599	1	25	20	26	26
4600	2	13	19	10	24
4601	2	14	19	18	25
4602	2	5	28	7	33
4603	4	8	5	54	12
4604	2	28	27	33	33
4605	2	23	28	23	57
4606	2	25	24	18	43
4607	1	8	16	8	21
4608	2	31	24	32	41
4609	2	11	28	22	34
4610	2	20	6	210	13
4611	2	4	6	9	12
4612	2	49	24	34	49
4613	2	14	25	11	29
4614	1	30	15	31	21
4615	2	29	295	22	305
4616	2	24	23	28	32
4617	2	2	5	4	10
4618	2	15	20	20	42
4619	2	35	296	29	327
4620	2	29	26	34	54
4621	2	11	27	10	55
4622	2	29	24	33	47
4623	2	14	20	16	25
4624	2	30	27	21	55
4625	2	22	6	253	13
4626	2	10	12	12	18
4627	2	35	6	45	12
4628	4	9	5	65	11
4629	1	28	20	29	26
4630	2	17	24	17	47
4631	2	29	24	30	45
4632	2	17	19	22	25
4633	8	24	6	-1	-1
4634	2	24	28	31	33
4635	2	14	5	13	6
4636	4	15	6	465	14
4637	4	37	24	351	56
4638	2	14	6	18	7
4639	4	16	5	91	11
4640	2	33	24	35	49
4641	2	32	24	22	49
4642	2	25	16	34	22
4643	4	27	23	190	58
4644	8	42	296	-1	-1
4645	4	11	6	104	13
4646	2	10	20	8	42
4647	2	40	24	28	31
4648	2	19	6	22	7
4649	4	32	24	276	71
4650	2	5	6	7	6
4651	2	16	293	12	321
4652	2	22	16	24	22
4653	2	57	28	41	57
4654	2	8	16	17	22
4655	4	53	24	703	57
4656	2	3	6	5	11
4657	2	49	24	35	45
4658	4	23	24	276	57
4659	2	17	6	14	7
4660	2	26	296	21	318
4661	2	12	18	25	24
4662	4	9	4	21	9
4663	1	6	5	6	5
4664	4	31	23	664	52
4665	2	28	26	20	53
4666	2	23	16	31	21
4667	2	12	15	15	22
4668	2	22	6	44	7
4669	2	48	296	39	300
4670	2	19	6	26	8
4671	2	15	16	19	26
4672	2	18	6	24	7
4673	2	21	26	21	54
4674	2	8	296	6	306
4675	2	13	17	105	28
4676	2	10	16	20	23
4677	2	29	24	30	44
4678	2	17	26	21	31
4679	4	27	24	491	62
4680	2	11	28	23	34
4681	2	29	23	21	42
4682	2	8	5	10	5
4683	1	14	16	15	22
4684	2	27	20	30	26
4685	4	10	6	100	12
4686	2	22	6	28	11
4687	2	7	23	6	23
4688	2	19	6	18	11
4689	1	22	20	23	26
4690	2	16	18	19	23
4691	2	17	6	23	7
4692	2	25	24	26	49
4693	2	28	20	31	26
4694	2	33	24	35	45
4695	2	28	14	32	20
4696	2	20	27	19	33
4697	2	11	6	14	6
4698	2	30	24	35	45
4699	4	10	6	90	12
4700	2	7	16	9	27
4701	2	13	28	8	57
4702	4	5	6	51	12
4703	2	20	5	21	6
4704	2	18	6	20	6
4705	8	27	24	-1	-1
4706	1	22	20	23	25
4707	2	24	12	26	19
4708	2	34	15	39	22
4709	4	9	5	36	10
4710	2	23	27	16	56
4711	2	40	24	28	29
4712	2	18	21	13	39
4713	2	10	24	55	73
4714	2	23	296	18	328
4715	4	24	296	189	598
4716	2	14	28	14	54
4717	2	16	6	136	14
4718	2	21	28	28	48
4719	4	10	6	221	14
4720	2	18	24	17	44
4721	2	13	16	17	21
4722	1	5	24	6	28
4723	2	5	20	11	27
4724	2	4	6	10	10
4725	2	24	6	27	7
4726	2	32	20	39	26
4727	2	8	293	6	298
4728	2	19	16	26	32
4729	2	16	24	17	31
4730	2	34	27	38	54
4731	2	11	19	22	25
4732	4	21	6	403	13
4733	2	22	6	22	11
4734	4	5	16	28	41
4735	1	12	28	12	34
4736	2	20	16	27	22
4737	1	14	6	14	6
4738	2	15	24	17	32
4739	2	45	28	32	56
4740	4	17	23	91	73
4741	2	3	16	6	21
4742	1	4	28	4	34
4743	4	14	6	151	13
4744	2	24	16	27	21
4745	4	10	20	28	41
4746	2	12	6	24	9
4747	2	5	28	10	34
4748	2	32	24	22	47
4749	4	10	16	105	55
4750	4	29	24	465	56
4751	4	8	6	36	11
4752	2	21	6	26	9
4753	2	12	20	8	25
4754	1	20	6	20	12
4755	1	12	18	10	23
4756	4	27	6	654	13
4757	2	34	24	39	29
4758	4	2	18	13	29
4759	2	44	27	32	55
4760	2	8	24	36	61
4761	2	18	13	17	20
4762	2	5	15	7	20
4763	2	7	13	14	20
4764	2	18	6	25	10
4765	4	9	6	77	13
4766	4	5	16	21	40
4767	2	34	24	38	33
4768	2	11	17	14	37
4769	2	23	23	24	47
4770	8	8	6	2945	27
4771	2	14	295	11	309
4772	2	27	24	31	32
4773	2	14	16	18	21
4774	2	25	27	29	56
4775	2	10	20	8	23
4776	2	49	296	40	301
4777	2	13	16	17	20
4778	2	22	24	22	32
4779	2	27	15	32	21
4780	4	46	296	738	600
4781	2	16	24	12	28
4782	2	17	24	17	29
4783	2	27	15	32	21
4784	2	7	19	9	40
4785	4	28	24	210	55
4786	4	19	20	325	60
4787	2	12	28	8	55
4788	2	4	6	10	12
4789	4	21	6	324	12
4790	2	45	24	32	30
4791	2	35	24	25	49
4792	4	14	296	66	615
4793	2	5	13	10	18
4794	2	26	28	29	57
4795	2	17	28	20	34
4796	2	11	16	14	21
4797	4	2	5	13	10
4798	2	49	24	35	41
4799	4	31	24	625	59
4800	2	39	295	31	300
4801	2	12	20	25	25
4802	1	9	24	9	48
4803	4	6	6	73	13
4804	2	22	6	30	9
4805	2	32	24	37	45
4806	2	16	24	11	33
4807	1	14	6	14	5
4808	1	38	18	38	24
4809	4	26	24	190	57
4810	2	16	19	16	25
4811	4	50	24	666	59
4812	2	22	23	26	31
4813	2	8	295	6	315
4814	2	19	16	25	22
4815	2	40	24	29	28
4816	4	29	6	623	13
4817	2	20	6	23	7
4818	4	21	24	105	58
4819	2	41	24	29	29
4820	2	19	16	26	36
4821	2	10	15	21	21
4822	2	10	15	14	22
4823	2	10	15	13	20
4824	2	9	296	7	319
4825	2	2	28	4	32
4826	2	30	296	25	321
4827	2	14	26	18	47
4828	4	42	296	526	602
4829	1	20	20	20	26
4830	4	8	23	45	45
4831	4	13	24	105	55
4832	2	12	6	16	10
4833	4	13	296	55	602
4834	4	31	16	664	29
4835	2	27	16	32	22
4836	2	27	20	29	26
4837	2	2	28	5	33
4838	2	13	19	17	25
4839	4	49	24	595	58
4840	2	10	6	13	10
4841	1	15	6	16	6
4842	2	15	5	16	6
4843	2	9	6	18	11
4844	2	6	19	12	25
4845	2	8	296	6	312
4846	2	18	23	13	46
4847	1	19	6	20	11
4848	2	12	19	25	25
4849	2	15	6	12	11
4850	2	11	25	10	53
4851	2	10	20	21	26
4852	4	21	16	378	42
4853	4	11	6	243	14
4854	2	11	5	23	7
4855	2	2	28	5	34
4856	8	11	6	10165	30
4857	4	7	16	45	39
4858	4	25	6	23751	26
4859	4	33	24	698	74
4860	2	24	24	26	44
4861	2	25	6	29	6
4862	2	17	27	22	48
4863	2	11	20	14	26
4864	4	2	5	13	10
4865	2	8	27	16	32
4866	2	23	16	30	36
4867	4	23	6	324	13
4868	1	10	6	11	7
4869	4	26	6	405	12
4870	2	10	18	14	24
4871	2	5	15	7	19
4872	4	30	24	590	48
4873	2	21	15	20	21
4874	2	2	6	4	6
4875	2	32	6	42	7
4876	4	38	24	378	57
4877	2	9	23	6	25
4878	2	12	6	24	11
4879	2	25	16	33	23
4880	2	56	24	40	48
4881	2	20	28	28	34
4882	2	8	16	10	33
4883	2	34	24	24	32
4884	8	27	6	-1	-1
4885	2	21	27	22	55
4886	4	16	24	78	56
4887	4	18	28	298	41
4888	2	42	24	31	30
4889	2	35	24	37	47
4890	2	14	6	11	11
4891	2	16	27	11	56
4892	2	45	24	33	34
4893	4	32	24	561	58
4894	2	12	15	13	20
4895	4	21	28	403	40
4896	2	23	6	27	10
4897	2	22	27	16	53
4898	4	32	28	661	84
4899	4	24	24	300	61
4900	4	16	6	528	14
4901	4	32	25	276	83
4902	2	36	24	40	33
4903	2	28	24	20	44
4904	2	35	22	41	39
4905	2	12	28	8	53
4906	4	33	24	300	55
4907	2	27	27	29	57
4908	2	8	20	8	25
4909	2	25	6	34	6
4910	4	19	16	351	47
4911	8	25	296	8645	1199
4912	2	13	24	15	29
4913	2	26	6	31	10
4914	1	20	6	20	6
4915	2	35	24	25	48
4916	2	22	26	22	54
4917	1	20	27	20	33
4918	1	22	19	22	25
4919	2	10	18	13	24
4920	4	11	5	104	12
4921	4	3	28	25	39
4922	4	50	24	630	78
4923	2	9	5	9	7
4924	2	4	15	5	28
4925	4	16	6	91	12
4926	2	8	16	9	22
4927	4	30	6	628	13
4928	2	24	296	19	304
4929	2	24	296	19	315
4930	2	40	24	28	48
4931	2	42	24	30	28
4932	2	41	296	33	304
4933	2	20	23	21	42
4934	2	15	27	12	33
4935	2	13	14	18	19
4936	2	15	24	16	47
4937	2	28	24	29	30
4938	2	15	22	10	26
4939	2	25	20	34	26
4940	2	12	294	9	326
4941	2	30	24	34	47
4942	4	28	16	523	28
4943	2	16	6	136	14
4944	2	46	296	36	326
4945	2	19	20	18	25
4946	2	34	6	44	6
4947	2	14	16	11	21
4948	2	13	24	9	30
4949	4	17	24	226	51
4950	4	22	24	346	57
4951	2	14	20	11	26
4952	2	10	6	20	11
4953	2	11	6	23	7
4954	2	24	24	18	27
4955	1	12	5	13	11
4956	4	4	6	41	14
4957	2	28	24	29	34
4958	2	15	23	11	47
4959	4	16	6	136	12
4960	2	22	27	26	52
4961	2	13	6	26	7
4962	2	42	296	33	328
4963	2	4	6	8	9
4964	4	13	6	91	13
4965	2	21	20	25	25
4966	1	9	5	10	10
4967	2	14	28	16	34
4968	4	2	5	13	10
4969	2	12	6	25	7
4970	2	26	24	27	43
4971	2	11	14	23	21
4972	2	16	6	16	6
4973	2	35	24	25	41
4974	2	4	28	8	33
4975	4	23	16	465	43
4976	2	24	24	24	50
4977	1	9	16	9	21
4978	2	18	28	17	58
4979	2	13	19	13	25
4980	2	30	24	34	44
4981	2	7	23	28	54
4982	4	9	6	171	14
4983	2	18	16	22	22
4984	2	23	22	28	44
4985	2	22	28	23	34
4986	2	18	24	18	45
4987	2	20	16	26	23
4988	4	14	6	3060	25
4989	2	26	6	351	13
4990	4	19	6	348	13
4991	2	7	5	8	5
4992	2	16	6	16	6
4993	2	3	6	6	10
4994	2	28	24	30	49
4995	4	27	296	230	600
4996	4	9	6	54	12
4997	2	20	24	23	49
4998	2	22	6	276	12
4999	1	22	20	20	26
5000	4	26	24	171	74
5001	4	7	5	28	11
5002	4	21	24	297	58
5003	2	20	19	26	25
5004	2	20	6	27	9
5005	2	10	6	9	6
5006	2	28	24	20	47
5007	2	20	24	15	34
5008	2	49	24	35	30
5009	2	3	28	6	33
5010	2	8	16	10	20
5011	2	26	296	20	327
5012	2	8	16	36	28
5013	2	6	24	21	56
5014	2	21	6	28	6
5015	2	6	20	8	41
5016	2	16	20	16	25
5017	2	8	6	16	6
5018	4	2	18	10	30
5019	2	9	16	18	22
5020	4	11	6	66	12
5021	2	14	5	14	6
5022	2	35	24	26	30
5023	2	9	26	12	47
5024	2	10	19	13	39
5025	2	6	6	7	6
5026	2	32	15	37	22
5027	2	21	6	22	11
5028	2	20	27	28	34
5029	4	57	24	861	59
5030	4	11	23	36	56
5031	2	16	28	136	40
5032	4	5	6	27	12
5033	4	13	24	105	58
5034	2	31	28	38	34
5035	2	17	24	18	30
5036	4	15	24	120	59
5037	4	9	6	163	15
5038	2	16	6	20	6
5039	4	16	16	231	45
5040	2	30	24	34	31
5041	4	44	296	628	602
5042	4	21	16	406	42
5043	2	27	28	31	35
5044	4	6	16	36	42
5045	2	23	24	23	29
5046	4	30	6	594	12
5047	2	34	24	39	29
5048	4	14	6	166	13
5049	4	17	16	276	59
5050	4	11	6	243	14
5051	2	14	6	17	6
5052	2	10	28	10	33
5053	1	20	6	21	10
5054	4	29	24	593	60
5055	8	4	6	321	29
5056	2	33	6	43	9
5057	2	12	6	13	9
5058	4	33	24	739	59
5059	2	8	16	17	23
5060	2	25	28	34	34
5061	4	30	24	558	58
5062	2	11	28	14	34
5063	2	30	24	34	47
5064	2	16	296	13	301
5065	4	13	24	105	58
5066	2	10	28	20	35
5067	2	21	20	28	40
5068	2	8	16	16	22
5069	2	40	24	27	44
5070	2	13	24	9	43
5071	2	36	24	40	45
5072	2	6	14	9	20
5073	2	27	28	31	56
5074	2	10	28	7	54
5075	2	25	23	18	33
5076	2	15	24	16	28
5077	2	20	6	210	12
5078	2	22	27	29	33
5079	2	17	20	23	41
5080	2	13	24	18	29
5081	2	50	24	36	28
5082	2	24	24	25	27
5083	2	16	20	13	25
5084	2	16	23	15	47
5085	1	24	6	25	6
5086	4	30	6	590	14
5087	2	3	20	7	25
5088	1	24	15	24	22
5089	2	18	16	17	22
5090	2	23	28	26	33
5091	2	10	23	10	45
5092	2	19	6	24	10
5093	4	28	24	491	58
5094	2	14	18	17	23
5095	2	13	23	13	48
5096	2	7	28	5	51
5097	2	28	24	33	28
5098	2	3	6	6	10
5099	4	41	24	435	56
5100	2	15	24	11	32
5101	2	28	296	22	316
5102	2	41	296	33	305
5103	4	35	22	325	52
5104	4	15	11	208	24
5105	2	40	24	28	31
5106	2	19	24	14	45
5107	2	30	24	21	28
5108	2	12	6	16	6
5109	2	12	24	13	32
5110	2	7	27	15	34
5111	2	32	20	42	26
5112	4	9	6	77	12
5113	2	17	24	12	41
5114	2	5	6	10	6
5115	2	29	24	33	40
5116	4	15	24	136	55
5117	2	16	295	12	327
5118	2	13	28	26	35
5119	2	7	6	14	10
5120	2	15	12	20	18
5121	8	18	6	11495	26
5122	4	17	6	595	14
5123	4	6	6	28	12
5124	2	30	24	33	31
5125	2	22	6	21	6
5126	2	55	24	39	32
5127	2	29	28	38	34
5128	2	21	24	21	30
5129	2	23	24	24	31
5130	2	25	28	31	35
5131	2	5	16	6	23
5132	2	25	24	24	45
5133	2	4	17	8	22
5134	2	12	16	16	22
5135	2	11	6	23	12
5136	2	23	20	29	26
5137	2	17	16	16	22
5138	2	3	5	6	6
5139	4	24	24	401	48
5140	2	19	24	12	43
5141	4	10	20	45	31
5142	2	22	24	25	49
5143	2	19	24	20	41
5144	2	48	28	34	56
5145	2	8	24	7	29
5146	2	29	16	35	23
5147	2	9	16	11	21
5148	2	54	28	39	57
5149	4	22	6	432	12
5150	2	15	28	19	48
5151	2	12	19	78	32
5152	2	19	19	24	25
5153	2	16	6	16	6
5154	2	33	24	22	28
5155	2	5	25	10	31
5156	2	27	18	35	24
5157	1	12	18	12	24
5158	2	51	24	37	48
5159	4	22	6	990	14
5160	2	9	16	12	21
5161	2	3	27	7	33
5162	4	11	24	78	55
5163	4	37	24	901	56
5164	8	17	6	14399	26
5165	2	14	6	13	11
5166	2	17	6	23	11
5167	2	10	23	9	43
5168	2	11	24	12	29
5169	2	31	23	36	47
5170	2	33	24	24	49
5171	4	23	16	496	42
5172	4	12	6	313	14
5173	2	11	28	13	33
5174	4	10	6	201	17
5175	2	18	24	19	30
5176	4	41	24	435	58
5177	2	24	24	25	43
5178	4	50	24	666	57
5179	4	12	6	289	19
5180	1	8	24	8	45
5181	1	16	6	16	11
5182	2	30	24	22	49
5183	2	17	20	22	41
5184	2	26	6	33	6
5185	2	3	25	7	30
5186	4	23	24	373	59
5187	8	17	6	14125	28
5188	2	16	27	20	49
5189	2	22	27	22	33
5190	1	14	16	14	22
5191	1	10	6	10	11
5192	1	7	24	7	44
5193	4	16	6	188	12
5194	2	26	24	27	49
5195	2	19	6	25	6
5196	8	36	22	-1	-1
5197	2	29	6	36	7
5198	8	33	24	-1	-1
5199	4	10	5	100	11
5200	2	21	24	23	31
5201	2	13	24	13	28
5202	2	22	6	21	10
5203	2	32	18	42	24
5204	2	20	28	15	53
5205	2	11	16	22	22
5206	1	26	15	26	21
5207	2	23	6	276	14
5208	2	9	25	9	30
5209	4	18	15	298	28
5210	2	15	20	21	25
5211	2	25	28	29	53
5212	2	31	24	34	43
5213	2	30	24	33	49
5214	2	9	19	12	39
5215	2	47	24	34	49
5216	2	9	20	7	24
5217	8	5	6	681	26
5218	2	18	16	23	21
5219	4	16	24	153	64
5220	2	9	6	19	10
5221	4	33	24	698	73
5222	4	28	24	462	57
5223	8	22	6	34658	28
5224	2	29	28	33	57
5225	4	56	24	820	58
5226	4	34	22	892	44
5227	2	24	16	24	21
5228	1	22	15	22	21
5229	2	2	28	5	33
5230	2	33	6	40	7
5231	2	5	19	6	37
5232	2	46	24	32	34
5233	2	18	6	22	6
5234	2	15	295	11	315
5235	2	17	27	21	53
5236	2	22	6	26	6
5237	2	8	19	11	39
5238	4	28	296	230	602
5239	2	26	24	26	34
5240	2	32	24	36	42
5241	2	12	16	16	21
5242	4	30	6	-1	-1
5243	2	14	5	11	5
5244	4	9	5	45	11
5245	2	28	19	36	25
5246	2	9	5	12	5
5247	2	7	17	9	22
5248	1	4	6	5	6
5249	4	11	18	105	57
5250	4	12	296	45	602
5251	2	19	5	25	10
5252	1	9	16	9	21
5253	2	39	296	30	300
5254	2	8	24	6	48
5255	4	17	24	78	59
5256	4	10	5	45	12
5257	2	30	28	34	34
5258	2	13	27	14	32
5259	1	5	6	6	7
5260	2	28	22	32	41
5261	2	6	25	12	31
5262	2	25	6	29	11
5263	2	39	24	28	30
5264	4	32	26	812	39
5265	2	18	6	24	9
5266	1	20	16	20	22
5267	2	46	24	32	28
5268	2	10	6	21	10
5269	2	3	26	6	32
5270	2	21	28	24	56
5271	4	25	6	430	13
5272	1	6	27	6	56
5273	2	33	27	41	33
5274	1	28	6	29	6
5275	4	52	24	703	59
5276	4	43	24	465	61
5277	2	29	24	21	29
5278	4	9	28	78	68
5279	2	18	20	22	39
5280	2	26	24	19	28
5281	4	49	296	817	603
5282	2	10	23	7	23
5283	4	26	24	378	57
5284	4	19	6	210	13
5285	2	11	19	15	24
5286	4	6	6	15	12
5287	2	45	24	33	43
5288	2	13	6	105	12
5289	2	50	28	35	56
5290	2	23	24	27	43
5291	2	16	20	13	26
5292	2	7	27	9	32
5293	2	23	24	27	24
5294	2	4	6	8	6
5295	2	31	24	32	48
5296	2	42	26	30	54
5297	2	43	24	31	45
5298	2	28	24	32	29
5299	1	10	24	10	31
5300	2	13	24	12	28
5301	4	9	27	163	40
5302	2	25	24	26	43
5303	2	16	15	15	21
5304	4	19	6	322	13
5305	4	19	24	171	61
5306	2	23	27	30	48
5307	4	18	16	276	42
5308	2	4	6	9	6
5309	2	12	6	24	7
5310	1	14	19	14	25
5311	4	8	16	66	38
5312	4	13	6	152	12
5313	2	8	23	5	43
5314	2	23	28	32	34
5315	2	8	19	16	25
5316	1	29	6	30	7
5317	2	17	16	23	36
5318	2	6	6	12	12
5319	2	11	6	15	6
5320	4	7	6	99	13
5321	2	4	25	5	31
5322	2	11	24	10	29
5323	2	18	24	19	40
5324	2	28	22	31	36
5325	2	5	6	10	7
5326	2	9	16	18	22
5327	2	2	5	5	6
5328	2	19	27	19	33
5329	8	9	5	126	20
5330	2	27	6	33	6
5331	2	12	20	78	31
5332	2	30	24	34	28
5333	2	23	6	25	8
5334	2	14	6	18	6
5335	2	15	27	12	33
5336	2	19	20	25	41
5337	2	6	16	13	22
5338	4	8	6	129	13
5339	2	25	24	29	40
5340	2	30	26	34	55
5341	2	11	27	22	33
5342	2	6	6	12	8
5343	4	8	296	21	602
5344	4	23	16	496	43
5345	4	6	16	36	42
5346	2	35	28	25	57
5347	2	22	28	25	33
5348	2	43	296	34	306
5349	2	8	6	36	13
5350	2	16	28	18	55
5351	2	10	24	10	29
5352	2	12	6	15	11
5353	2	52	24	37	29
5354	2	12	6	13	10
5355	8	12	6	14305	29
5356	4	8	15	66	40
5357	1	14	20	14	25
5358	2	27	24	19	42
5359	2	10	6	55	11
5360	2	34	296	27	320
5361	2	8	26	10	32
5362	2	15	24	19	43
5363	4	6	5	28	11
5364	1	14	27	14	33
5365	2	22	6	30	6
5366	2	10	18	21	24
5367	2	21	27	22	55
5368	2	7	28	8	33
5369	2	32	20	42	26
5370	4	33	296	324	615
5371	2	30	17	33	24
5372	4	12	6	313	14
5373	4	19	24	171	56
5374	2	7	15	15	20
5375	2	16	28	18	53
5376	2	18	27	22	33
5377	2	23	24	24	48
5378	2	18	6	24	9
5379	2	23	6	31	6
5380	4	16	24	170	52
5381	4	8	16	66	42
5382	4	3	5	15	11
5383	4	27	6	491	13
5384	2	23	19	30	39
5385	2	8	28	6	55
5386	2	11	6	22	11
5387	2	23	296	18	318
5388	2	27	23	19	48
5389	2	5	16	7	21
5390	2	16	24	17	45
5391	2	31	28	38	34
5392	2	49	24	35	45
5393	2	31	24	22	31
5394	4	34	24	663	62
5395	4	28	296	252	597
5396	4	28	6	728	13
5397	2	7	27	11	32
5398	2	22	28	30	49
5399	2	23	20	25	26
5400	2	22	24	26	32
5401	4	12	22	104	60
5402	2	27	6	28	10
5403	4	29	6	660	13
5404	2	19	6	24	10
5405	8	45	296	-1	-1
5406	2	24	18	28	24
5407	2	34	28	36	57
5408	2	16	296	12	301
5409	2	15	27	11	56
5410	4	22	24	276	57
5411	2	4	5	10	10
5412	2	12	18	12	23
5413	2	22	6	30	12
5414	4	32	24	701	59
5415	2	4	27	9	33
5416	2	6	6	11	10
5417	2	33	296	25	319
5418	4	12	6	104	12
5419	2	35	19	45	25
5420	2	23	24	24	31
5421	1	10	28	10	33
5422	2	25	6	29	11
5423	2	17	6	23	11
5424	4	19	6	348	13
5425	2	5	6	11	11
5426	2	23	6	25	6
5427	2	29	24	21	30
5428	4	23	24	373	57
5429	2	14	16	19	22
5430	2	16	16	22	34
5431	2	4	27	9	33
5432	2	26	26	30	32
5433	2	23	6	31	12
5434	2	31	24	34	28
5435	2	18	28	23	48
5436	2	38	295	31	319
5437	4	15	20	55	46
5438	2	35	24	25	30
5439	2	23	24	27	28
5440	2	42	296	33	328
5441	2	17	26	21	32
5442	2	10	16	14	36
5443	4	14	6	105	12
5444	2	12	16	15	22
5445	2	27	24	31	29
5446	4	29	24	593	54
5447	2	21	20	21	26
5448	2	19	26	25	47
5449	2	30	28	35	55
5450	4	28	6	655	12
5451	2	14	25	18	30
5452	2	24	16	31	22
5453	2	17	24	18	35
5454	4	12	14	313	28
5455	4	20	6	820	14
5456	2	16	296	13	304
5457	2	19	296	14	306
5458	2	19	16	25	22
5459	2	19	24	13	47
5460	1	8	28	8	33
5461	2	8	16	11	22
5462	2	21	20	20	27
5463	4	30	6	594	13
5464	2	53	24	38	33
5465	4	35	296	377	622
5466	4	34	6	978	13
5467	2	11	24	10	33
5468	2	16	6	21	6
5469	4	20	20	348	32
5470	2	4	28	8	34
5471	2	4	28	9	34
5472	2	7	14	15	20
5473	1	4	15	4	18
5474	2	8	22	5	42
5475	4	21	20	231	32
5476	2	8	16	17	22
5477	2	7	28	9	32
5478	2	33	24	24	44
5479	2	28	296	22	305
5480	2	3	6	7	9
5481	4	53	28	703	87
5482	2	28	24	26	48
5483	2	34	14	44	20
5484	2	17	24	17	42
5485	2	10	6	20	7
5486	4	30	24	594	60
5487	4	18	24	91	56
5488	2	19	28	14	55
5489	1	39	9	39	15
5490	1	8	27	8	32
5491	2	12	24	8	48
5492	2	20	23	15	31
5493	4	27	24	465	83
5494	2	16	295	13	315
5495	2	24	6	28	10
5496	2	12	16	13	22
5497	2	18	14	21	20
5498	2	25	6	29	7
5499	4	5	6	51	12
5500	2	14	293	10	310
5501	1	4	20	4	25
5502	2	6	16	5	19
5503	2	10	6	8	11
5504	2	11	16	12	21
5505	4	25	6	431	13
5506	2	19	27	21	55
5507	4	10	6	221	14
5508	2	9	16	13	22
5509	2	44	24	32	34
5510	2	26	14	33	21
5511	2	16	26	18	54
5512	2	22	24	26	47
5513	2	13	19	17	39
5514	2	35	6	44	6
5515	2	30	15	34	21
5516	2	33	28	37	55
5517	2	23	6	27	11
5518	2	14	27	13	32
5519	4	16	24	120	70
5520	4	53	24	741	57
5521	4	22	24	346	57
5522	2	29	15	32	21
5523	2	10	5	14	5
5524	2	9	20	18	26
5525	2	33	27	43	33
5526	1	10	28	10	33
5527	2	5	16	7	21
5528	4	10	6	90	12
5529	1	9	24	9	42
5530	2	23	296	18	304
5531	2	24	20	28	26
5532	4	37	24	378	59
5533	4	33	24	300	57
5534	4	4	6	33	13
5535	2	32	15	36	21
5536	2	4	6	9	6
5537	2	13	28	12	34
5538	2	10	24	9	29
5539	2	41	296	31	315
5540	2	34	23	38	28
5541	2	22	13	30	20
5542	2	22	6	30	6
5543	2	10	28	14	34
5544	1	12	24	12	42
5545	2	27	6	30	6
5546	2	15	24	14	30
5547	4	24	24	325	73
5548	2	24	24	17	29
5549	1	29	15	29	21
5550	2	12	23	13	43
5551	2	15	6	13	6
5552	4	27	24	491	58
5553	4	12	5	131	12
5554	4	24	6	492	13
5555	2	6	5	21	10
5556	2	34	16	45	22
5557	2	16	16	21	36
5558	2	29	20	31	26
5559	4	20	16	351	41
5560	4	11	24	66	59
5561	4	21	24	120	57
5562	2	12	23	8	45
5563	1	10	6	10	11
5564	2	30	24	34	36
5565	2	44	24	31	47
5566	2	29	6	35	7
5567	2	30	23	34	32
5568	2	19	28	16	34
5569	2	32	24	32	29
5570	2	26	6	31	7
5571	2	14	28	13	58
5572	2	30	24	33	49
5573	4	5	20	27	32
5574	2	12	25	25	31
5575	2	33	24	37	34
5576	2	49	24	36	29
5577	4	25	24	153	72
5578	1	32	15	32	22
5579	2	22	24	22	30
5580	2	15	20	21	26
5581	2	3	5	6	5
5582	4	31	296	299	599
5583	2	55	24	39	29
5584	2	31	24	35	28
5585	2	13	14	26	20
5586	4	17	24	78	57
5587	2	33	27	37	54
5588	2	22	16	30	21
5589	2	23	24	26	30
5590	2	34	296	27	304
5591	2	26	28	30	34
5592	2	17	27	21	55
5593	2	31	24	35	28
5594	2	27	24	31	32
5595	2	16	6	20	11
5596	4	44	24	496	56
5597	2	25	6	29	7
5598	2	13	24	10	30
5599	2	7	6	7	11
5600	4	45	24	561	58
5601	4	14	24	55	75
5602	4	5	4	27	9
5603	4	8	10	55	24
5604	2	47	24	34	44
5605	2	25	27	33	33
5606	2	45	296	35	316
5607	4	29	6	729	13
5608	4	35	296	404	602
5609	2	20	296	15	306
5610	2	42	24	30	34
5611	2	21	24	23	48
5612	2	26	6	30	6
5613	2	19	15	26	21
5614	2	19	6	25	6
5615	2	8	6	16	9
5616	2	18	6	24	6
5617	4	20	16	351	43
5618	2	31	24	36	45
5619	2	4	5	9	10
5620	4	14	6	136	12
5621	2	24	27	48	34
5622	4	19	6	297	13
5623	4	10	15	91	32
5624	1	11	24	11	27
5625	2	14	20	105	33
5626	1	8	27	6	32
5627	2	29	295	22	321
5628	2	26	24	27	50
5629	2	20	22	24	28
5630	2	19	6	19	6
5631	2	24	6	32	6
5632	2	8	6	36	14
5633	2	14	13	16	18
5634	2	27	24	31	32
5635	4	9	6	163	15
5636	4	13	6	78	13
5637	4	33	28	809	40
5638	1	24	12	24	19
5639	2	25	20	33	26
5640	2	29	24	32	49
5641	2	12	23	13	31
5642	2	18	16	22	23
5643	4	51	24	666	57
5644	2	23	28	32	34
5645	2	12	19	14	25
5646	2	8	20	17	27
5647	2	28	28	33	33
5648	2	19	6	19	11
5649	2	22	24	16	40
5650	4	27	24	406	59
5651	4	13	24	45	59
5652	1	22	6	23	9
5653	2	33	6	39	6
5654	2	15	18	16	24
5655	2	19	27	26	48
5656	2	51	27	36	55
5657	2	56	24	40	47
5658	2	16	24	11	48
5659	2	27	24	32	47
5660	2	8	20	6	25
5661	2	7	28	6	33
5662	2	8	28	7	33
5663	2	50	24	35	44
5664	1	22	16	22	22
5665	2	10	6	18	7
5666	2	34	296	26	316
5667	2	20	24	19	35
5668	2	16	27	17	54
5669	2	7	19	5	39
5670	2	15	6	15	6
5671	4	17	6	105	16
5672	2	26	6	30	7
5673	4	23	28	276	85
5674	2	24	24	17	44
5675	2	24	16	32	20
5676	2	22	25	25	54
5677	2	30	24	21	42
5678	2	29	16	33	22
5679	4	53	24	741	60
5680	2	3	6	5	6
5681	2	35	26	25	55
5682	2	24	24	17	43
5683	2	27	24	19	29
5684	2	12	28	12	55
5685	4	23	24	300	56
5686	2	31	24	22	34
5687	4	22	24	253	59
5688	2	4	26	9	31
5689	1	11	27	11	56
5690	2	13	23	9	33
5691	2	26	24	19	29
5692	2	28	296	22	306
5693	2	25	24	24	30
5694	2	23	24	27	44
5695	2	35	23	39	33
5696	2	8	16	16	23
5697	4	12	6	78	12
5698	2	13	20	14	26
5699	4	4	6	41	13
5700	2	44	24	32	32
5701	2	8	4	6	4
5702	2	27	28	31	58
5703	2	45	24	32	48
5704	4	16	24	78	52
5705	2	34	6	43	6
5706	2	21	15	25	21
5707	4	32	24	592	59
5708	4	3	5	15	13
5709	2	26	296	21	315
5710	2	5	16	7	21
5711	4	17	15	171	25
5712	2	26	5	31	6
5713	2	30	20	40	25
5714	2	19	6	23	10
5715	2	23	27	26	56
5716	2	11	6	22	10
5717	2	32	296	25	300
5718	1	18	26	18	31
5719	2	12	19	9	24
5720	2	11	19	23	26
5721	1	12	16	12	22
5722	2	32	24	36	29
5723	2	32	296	26	314
5724	2	31	6	36	6
5725	4	22	6	253	16
5726	1	16	6	17	11
5727	2	19	27	26	33
5728	2	27	24	30	49
5729	2	35	28	25	56
5730	1	4	6	4	10
5731	2	24	24	17	46
5732	2	16	23	12	38
5733	2	22	27	30	33
5734	2	12	6	23	11
5735	2	35	15	44	20
5736	4	12	24	289	38
5737	2	3	5	6	8
5738	1	20	25	20	31
5739	4	25	6	591	13
5740	4	22	296	136	598
5741	2	30	24	21	40
5742	2	24	24	17	29
5743	2	26	24	30	45
5744	2	34	6	43	9
5745	2	17	6	17	6
5746	4	23	6	462	16
5747	1	24	6	25	10
5748	2	27	28	33	33
5749	2	8	6	8	6
5750	1	26	16	27	21
5751	1	6	24	6	41
5752	4	3	6	19	11
5753	4	14	24	91	59
5754	2	15	27	20	47
5755	2	7	28	14	34
5756	2	10	26	20	32
5757	2	6	20	12	26
5758	2	31	24	35	28
5759	4	22	24	136	56
5760	2	16	5	136	12
5761	2	19	20	20	25
5762	2	4	6	9	7
5763	2	30	296	23	302
5764	2	24	14	25	19
5765	2	18	26	24	32
5766	2	3	11	7	16
5767	1	4	5	4	11
5768	2	15	28	17	54
5769	4	44	24	528	55
5770	2	14	16	18	36
5771	4	15	6	208	12
5772	2	20	6	20	8
5773	1	10	6	11	6
5774	2	19	17	26	23
5775	2	40	24	28	48
5776	8	15	16	8665	79
5777	2	4	6	9	10
5778	4	41	296	494	603
5779	2	29	24	31	49
5780	2	2	6	4	11
5781	2	33	24	38	29
5782	2	40	296	31	316
5783	2	21	27	14	55
5784	4	17	6	105	13
5785	4	32	6	772	13
5786	2	15	6	136	17
5787	4	30	24	253	57
5788	1	25	20	25	27
5789	4	25	6	591	13
5790	2	20	24	23	45
5791	2	33	24	38	33
5792	4	54	24	703	58
5793	2	14	15	17	21
5794	2	23	24	17	47
5795	2	10	13	21	20
5796	4	7	24	15	60
5797	2	12	6	16	6
5798	2	19	5	20	5
5799	4	5	5	61	18
5800	2	5	16	11	22
5801	4	10	6	201	15
5802	2	51	24	37	29
5803	2	17	6	21	6
5804	2	54	27	39	55
5805	2	17	24	17	27
5806	2	16	296	13	326
5807	2	12	17	16	22
5808	2	25	14	29	20
5809	2	18	24	21	42
5810	2	24	24	27	30
5811	2	25	6	30	6
5812	2	33	27	42	33
5813	4	20	24	120	58
5814	2	25	24	18	42
5815	4	26	6	557	13
5816	2	18	20	24	26
5817	1	14	11	14	18
5818	2	19	15	26	21
5819	2	33	24	24	28
5820	2	8	28	10	32
5821	4	31	28	733	40
5822	2	38	24	28	42
5823	2	7	6	15	7
5824	2	23	28	23	34
5825	2	14	20	18	25
5826	4	12	6	131	12
5827	2	24	24	26	45
5828	1	8	5	8	11
5829	2	5	15	10	21
5830	1	26	24	26	30
5831	2	19	27	23	54
5832	2	16	6	13	6
5833	2	50	27	34	55
5834	2	13	6	15	10
5835	2	36	24	25	42
5836	2	8	16	10	35
5837	2	22	28	30	33
5838	4	32	24	561	46
5839	2	29	28	33	34
5840	2	40	24	30	28
5841	2	34	24	36	51
5842	2	14	28	16	32
5843	2	9	20	12	26
5844	2	7	23	7	28
5845	2	9	27	19	34
5846	2	22	6	253	12
5847	1	18	28	18	34
5848	2	12	24	13	49
5849	2	10	6	20	9
5850	2	11	16	11	21
5851	2	24	16	31	22
5852	2	26	24	27	42
5853	2	12	6	12	6
5854	2	34	24	24	43
5855	2	9	28	11	34
5856	2	28	24	30	35
5857	1	16	6	16	6
5858	4	34	27	736	83
5859	2	22	6	29	10
5860	4	6	13	36	36
5861	2	26	6	31	7
5862	2	12	16	16	21
5863	2	4	15	6	34
5864	2	17	6	14	6
5865	1	24	6	24	10
5866	2	24	20	32	39
5867	2	29	6	33	11
5868	2	55	26	39	54
5869	2	16	28	11	55
5870	2	8	6	16	7
5871	2	10	18	13	23
5872	4	5	6	45	12
5873	2	10	23	9	33
5874	2	10	23	7	26
5875	4	35	24	666	58
5876	2	11	26	22	31
5877	2	30	24	34	29
5878	2	19	25	23	31
5879	2	14	20	18	26
5880	2	25	6	35	12
5881	4	25	24	351	59
5882	2	28	24	33	34
5883	1	13	24	13	48
5884	2	54	24	39	29
5885	2	23	16	25	22
5886	2	37	26	26	53
5887	4	27	6	626	13
5888	4	13	28	45	85
5889	2	38	24	28	48
5890	8	9	6	4645	30
5891	2	26	28	28	34
5892	2	21	15	27	21
5893	2	9	16	11	26
5894	1	22	15	20	21
5895	2	9	28	13	32
5896	2	12	21	9	41
5897	4	10	5	55	11
5898	2	9	5	12	6
5899	2	12	27	23	34
5900	2	8	27	36	40
5901	2	27	6	28	10
5902	2	21	12	21	18
5903	2	13	5	14	6
5904	2	19	19	25	40
5905	2	17	28	21	56
5906	2	9	28	12	32
5907	2	2	18	4	23
5908	2	27	6	29	6
5909	2	20	24	24	43
5910	4	13	6	339	14
5911	2	30	23	21	30
5912	2	10	27	20	33
5913	2	19	6	26	12
5914	2	24	20	32	41
5915	2	5	14	6	30
5916	4	49	24	630	59
5917	2	22	24	26	29
5918	2	11	28	14	49
5919	2	14	24	15	45
5920	2	3	6	5	7
5921	2	30	24	22	25
5922	4	5	6	51	13
5923	4	13	6	152	12
5924	2	26	24	30	29
5925	2	11	6	23	11
5926	4	2	6	13	12
5927	2	14	296	11	301
5928	2	23	20	30	41
5929	2	11	6	22	6
5930	2	22	19	24	25
5931	2	8	27	16	33
5932	1	12	6	12	6
5933	8	27	6	-1	-1
5934	1	10	6	10	5
5935	2	10	5	14	10
5936	2	25	16	33	36
5937	2	11	16	8	21
5938	2	11	20	14	39
5939	2	24	26	31	45
5940	2	13	19	17	24
5941	2	45	23	32	29
5942	4	26	24	325	56
5943	4	28	6	465	14
5944	4	4	16	15	42
5945	2	12	16	11	21
5946	2	57	28	40	57
5947	2	11	20	22	25
5948	4	10	14	201	29
5949	4	28	20	491	33
5950	2	5	6	21	12
5951	2	23	24	23	42
5952	4	7	6	113	15
5953	2	22	24	25	30
5954	2	27	22	32	25
5955	2	33	28	41	34
5956	2	19	6	22	10
5957	2	9	27	8	32
5958	4	11	6	243	15
5959	2	3	27	6	32
5960	2	8	19	17	25
5961	4	31	6	810	12
5962	2	10	28	9	33
5963	2	32	16	42	22
5964	2	6	28	5	34
5965	2	13	27	26	33
5966	2	14	15	120	26
5967	4	44	24	496	58
5968	1	8	24	8	31
5969	2	18	20	190	33
5970	2	35	16	45	21
5971	2	15	16	20	37
5972	2	9	15	18	21
5973	4	25	6	461	13
5974	4	10	6	221	14
5975	2	20	24	24	32
5976	2	5	6	7	10
5977	4	20	16	378	42
5978	2	25	5	28	9
5979	2	16	28	19	34
5980	1	14	6	14	8
5981	4	26	24	378	54
5982	1	10	18	10	22
5983	2	32	6	39	6
5984	2	37	28	26	55
5985	4	3	13	10	36
5986	2	23	24	22	45
5987	2	27	6	31	7
5988	2	12	16	24	23
5989	2	19	24	13	30
5990	2	42	24	30	30
5991	1	9	24	9	31
5992	2	8	14	16	20
5993	2	14	16	14	21
5994	2	40	24	29	32
5995	2	12	27	16	33
5996	8	13	23	1820	114
5997	2	33	24	37	43
5998	2	11	17	21	24
5999	2	6	20	12	26
6000	2	34	20	41	26
6001	2	29	15	34	20
6002	2	10	24	55	59
6003	4	5	16	15	42
6004	2	33	23	39	35
6005	4	18	24	78	58
6006	4	25	24	171	72
6007	2	12	16	16	32
6008	4	22	6	461	13
6009	4	22	6	300	13
6010	4	10	6	221	14
6011	2	30	24	34	30
6012	4	35	24	818	58
6013	2	21	6	42	11
6014	2	54	24	38	44
6015	4	7	24	15	67
6016	2	50	296	39	320
6017	2	23	6	27	7
6018	4	44	296	628	606
6019	2	18	25	21	52
6020	2	11	5	15	10
6021	2	24	296	18	319
6022	2	20	6	20	6
6023	2	26	24	26	48
6024	2	13	24	8	48
6025	2	20	24	21	45
6026	2	24	16	32	20
6027	4	4	6	33	15
6028	2	31	26	22	55
6029	4	14	24	55	57
6030	2	14	295	10	317
6031	2	13	28	17	34
6032	2	5	16	6	21
6033	2	8	19	9	23
6034	2	10	15	21	22
6035	2	17	6	18	10
6036	2	23	28	23	56
6037	4	19	16	136	29
6038	2	5	27	6	47
6039	2	21	296	15	327
6040	2	30	24	34	31
6041	2	8	12	8	19
6042	2	22	24	16	29
6043	2	13	23	91	58
6044	2	11	15	22	22
6045	2	3	18	6	24
6046	2	14	24	13	29
6047	2	18	24	19	31
6048	2	10	13	20	20
6049	2	11	6	15	10
6050	2	13	24	12	34
6051	2	26	24	19	47
6052	1	20	6	21	6
6053	2	9	6	10	11
6054	2	4	6	7	6
6055	2	9	15	19	22
6056	4	11	28	36	39
6057	4	7	23	15	50
6058	2	29	6	35	8
6059	2	8	6	45	13
6060	8	30	6	-1	-1
6061	2	10	6	10	6
6062	4	16	16	231	43
6063	2	22	23	26	28
6064	2	14	6	18	8
6065	2	33	6	44	7
6066	4	35	25	899	78
6067	2	23	6	300	13
6068	4	20	6	253	13
6069	2	11	16	14	34
6070	2	12	28	16	49
6071	4	11	19	120	61
6072	2	8	6	17	11
6073	2	9	14	19	20
6074	1	6	5	6	6
6075	1	8	28	8	34
6076	4	32	24	528	64
6077	2	13	16	16	21
6078	2	21	296	16	317
6079	2	17	14	22	20
6080	2	20	27	14	54
6081	2	29	28	32	34
6082	2	8	5	8	8
6083	2	28	6	37	11
6084	2	34	23	38	31
6085	4	26	6	433	13
6086	4	7	19	55	55
6087	2	8	6	16	12
6088	2	9	28	9	33
6089	2	12	6	78	13
6090	2	12	19	16	39
6091	2	31	24	34	30
6092	2	37	24	26	45
6093	4	18	12	190	25
6094	2	28	6	33	9
6095	4	5	6	51	14
6096	2	41	296	32	301
6097	2	8	6	8	10
6098	2	10	5	11	6
6099	4	7	6	113	13
6100	4	28	6	523	13
6101	1	30	14	31	21
6102	2	23	16	31	21
6103	2	5	6	10	7
6104	4	28	296	252	602
6105	2	47	24	33	49
6106	4	13	6	339	14
6107	2	24	19	33	25
6108	2	35	24	25	41
6109	2	33	21	39	37
6110	2	12	24	11	46
6111	4	30	23	593	56
6112	2	17	24	13	43
6113	2	12	294	9	312
6114	2	7	28	15	35
6115	2	13	24	91	71
6116	2	17	26	18	56
6117	4	21	6	348	13
6118	4	19	6	348	12
6119	2	32	24	22	34
6120	2	34	24	38	30
6121	2	11	6	22	7
6122	4	11	24	36	59
6123	8	16	6	10165	26
6124	4	6	6	28	13
6125	4	28	20	527	33
6126	2	31	28	34	56
6127	2	4	27	8	33
6128	2	9	15	19	21
6129	2	16	296	12	302
6130	2	6	5	7	7
6131	2	18	5	15	6
6132	1	3	27	3	32
6133	2	29	6	33	7
6134	4	10	24	45	56
6135	4	27	24	190	58
6136	2	23	24	17	47
6137	2	20	24	14	48
6138	2	12	19	16	25
6139	2	14	28	11	33
6140	4	12	16	136	41
6141	2	12	18	16	24
6142	2	12	6	16	6
6143	2	20	6	27	6
6144	2	50	24	35	28
6145	2	18	26	25	32
6146	2	10	28	10	33
6147	2	33	24	24	33
6148	2	29	16	33	23
6149	2	11	6	22	7
6150	2	33	24	38	24
6151	2	25	24	18	48
6152	2	4	16	8	23
6153	2	19	6	22	10
6154	2	20	6	21	8
6155	2	8	15	9	21
6156	2	9	28	11	48
6157	2	19	14	26	20
6158	2	10	6	13	9
6159	2	26	296	20	305
6160	2	3	5	6	9
6161	2	7	14	14	20
6162	1	16	6	17	6
6163	4	33	24	300	57
6164	2	13	16	18	20
6165	2	24	20	27	26
6166	2	22	24	22	48
6167	2	12	24	13	44
6168	2	14	296	12	314
6169	2	33	24	38	48
6170	4	27	24	491	58
6171	2	10	6	55	12
6172	2	5	6	11	12
6173	2	46	296	38	321
6174	4	18	24	78	57
6175	4	16	6	3876	27
6176	2	42	24	29	31
6177	2	29	20	32	26
6178	8	11	16	2300	83
6179	2	46	296	38	321
6180	1	9	24	8	29
6181	2	34	24	42	24
6182	2	16	6	20	6
6183	4	17	24	136	56
6184	4	4	16	10	32
6185	4	34	21	853	42
6186	8	15	6	8436	26
6187	2	43	24	31	42
6188	2	30	24	34	33
6189	2	8	24	5	30
6190	4	17	20	153	31
6191	2	14	20	13	26
6192	2	19	16	24	22
6193	1	18	18	18	24
6194	2	31	28	35	55
6195	4	34	6	936	13
6196	2	31	6	40	7
6197	2	9	28	9	34
6198	2	16	24	12	29
6199	2	15	15	16	21
6200	2	10	6	20	12
6201	2	5	18	7	23
6202	2	19	26	21	32
6203	2	29	28	30	55
6204	2	24	6	24	7
6205	8	4	6	225	27
6206	4	8	18	65	29
6207	2	28	6	33	6
6208	2	20	28	26	49
6209	2	20	296	16	326
6210	2	24	28	26	34
6211	2	23	24	27	31
6212	1	11	26	11	55
6213	2	6	20	21	29
6214	4	22	16	435	42
6215	2	29	24	31	31
6216	2	7	24	6	29
6217	2	14	27	13	56
6218	2	13	12	14	18
6219	2	33	296	25	301
6220	2	5	14	11	21
6221	2	14	295	12	327
6222	4	33	6	850	14
6223	2	35	22	40	32
6224	2	28	6	32	7
6225	2	24	296	19	320
6226	2	48	24	34	30
6227	1	8	24	8	29
6228	2	51	296	39	316
6229	2	24	20	32	26
6230	4	22	28	461	41
6231	4	14	24	91	54
6232	4	23	6	493	13
6233	2	18	6	171	13
6234	2	9	24	6	26
6235	2	24	27	27	54
6236	2	23	24	24	47
6237	2	29	24	21	46
6238	2	12	20	16	25
6239	2	12	24	11	47
6240	2	19	20	26	26
6241	2	49	24	35	29
6242	1	11	24	11	44
6243	2	24	296	18	317
6244	2	7	16	14	22
6245	4	23	6	299	12
6246	2	30	16	37	22
6247	4	10	20	90	32
6248	2	24	24	28	29
6249	2	34	24	39	29
6250	2	24	6	25	6
6251	2	7	24	5	24
6252	2	2	16	3	20
6253	2	7	28	15	34
6254	2	21	296	16	296
6255	2	19	20	23	26
6256	2	29	28	33	57
6257	8	4	6	286	24
6258	2	32	6	42	10
6259	2	10	20	21	26
6260	4	39	24	406	56
6261	4	16	23	153	54
6262	2	2	27	3	32
6263	2	19	23	19	44
6264	2	11	20	14	26
6265	2	3	5	6	6
6266	4	12	6	78	12
6267	8	26	6	-1	-1
6268	1	14	26	14	31
6269	4	17	6	226	13
6270	2	18	16	24	26
6271	4	35	24	736	59
6272	2	7	16	7	20
6273	1	16	27	16	33
6274	4	16	5	229	11
6275	4	29	24	210	57
6276	2	34	16	42	22
6277	2	14	6	17	9
6278	4	23	24	136	55
6279	2	31	24	35	40
6280	2	13	296	10	320
6281	1	24	20	24	26
6282	2	35	23	39	44
6283	4	26	20	460	31
6284	4	12	6	118	13
6285	1	28	19	29	24
6286	2	10	6	55	12
6287	1	8	24	8	44
6288	2	21	24	20	29
6289	2	10	21	7	37
6290	2	19	6	19	8
6291	2	24	6	33	6
6292	4	14	16	171	42
6293	2	5	6	8	6
6294	2	20	6	24	6
6295	2	13	5	14	5
6296	4	22	6	253	13
6297	2	11	28	7	52
6298	4	30	24	628	78
6299	2	7	18	9	22
6300	2	19	28	21	56
6301	2	4	5	9	7
6302	2	8	6	10	11
6303	2	15	24	16	35
6304	2	3	16	7	22
6305	2	20	6	19	7
6306	4	5	6	45	14
6307	4	28	24	210	58
6308	2	26	6	35	6
6309	4	5	4	21	9
6310	2	27	28	29	58
6311	2	23	24	27	29
6312	1	10	16	11	22
6313	2	32	6	41	12
6314	1	9	24	9	35
6315	2	27	28	31	57
6316	2	22	24	27	30
6317	2	25	24	29	45
6318	2	10	20	20	26
6319	2	8	17	8	22
6320	2	13	294	9	299
6321	2	42	296	33	302
6322	2	10	20	21	26
6323	2	15	28	19	49
6324	2	22	294	17	325
6325	4	8	6	129	14
6326	4	19	24	171	58
6327	2	5	6	6	9
6328	2	22	6	253	17
6329	4	8	6	145	18
6330	4	14	28	166	40
6331	2	24	16	25	22
6332	2	14	26	13	32
6333	1	24	6	24	7
6334	1	10	12	10	19
6335	4	31	24	664	60
6336	4	4	27	15	36
6337	2	33	6	45	7
6338	2	10	6	21	6
6339	2	18	24	19	34
6340	2	44	24	32	49
6341	2	21	28	24	34
6342	2	22	6	29	6
6343	2	35	24	37	44
6344	8	9	6	1155	27
6345	2	33	24	23	27
6346	4	53	24	741	59
6347	4	11	6	243	15
6348	2	23	19	31	40
6349	2	18	24	19	50
6350	4	22	23	325	55
6351	4	24	6	300	13
6352	2	31	6	38	6
6353	2	23	16	31	37
6354	4	8	16	55	39
6355	2	28	6	37	7
6356	2	27	13	35	19
6357	2	17	6	17	9
6358	2	11	6	22	6
6359	2	19	28	26	34
6360	4	5	6	51	13
6361	2	8	18	10	23
6362	4	29	24	556	77
6363	2	6	27	12	32
6364	2	30	24	30	33
6365	4	10	24	28	47
6366	4	15	24	55	50
6367	2	18	5	171	11
6368	2	7	6	15	10
6369	2	11	24	9	28
6370	2	15	24	15	48
6371	4	9	6	45	12
6372	1	13	20	14	26
6373	4	13	24	36	77
6374	2	22	6	29	11
6375	4	14	6	91	13
6376	2	19	27	21	56
6377	2	10	27	20	34
6378	2	12	18	12	23
6379	2	11	14	23	21
6380	2	7	23	5	39
6381	1	11	24	11	30
6382	1	7	24	7	46
6383	2	32	24	23	47
6384	2	4	20	7	27
6385	2	16	6	16	11
6386	4	23	24	322	78
6387	2	9	5	45	15
6388	2	7	6	8	11
6389	2	8	6	36	12
6390	2	36	24	25	48
6391	2	12	24	14	39
6392	4	34	24	778	52
6393	4	12	6	91	13
6394	2	20	23	21	44
6395	2	13	19	26	25
6396	4	10	23	28	50
6397	4	16	16	253	41
6398	2	16	16	22	35
6399	2	35	24	37	32
6400	2	12	6	24	7
6401	4	3	20	19	33
6402	2	10	5	8	6
6403	4	12	24	66	56
6404	2	6	5	7	6
6405	4	29	6	691	13
6406	2	21	23	16	29
6407	2	16	16	21	24
6408	2	19	24	18	45
6409	4	28	6	590	13
6410	2	45	24	32	34
6411	2	7	27	9	46
6412	1	26	26	27	32
6413	4	9	27	28	35
6414	4	18	17	252	28
6415	2	28	15	38	21
6416	1	8	28	8	55
6417	2	11	16	12	21
6418	4	13	20	169	32
6419	2	25	296	19	315
6420	2	10	6	9	10
6421	4	26	16	626	29
6422	2	13	6	13	6
6423	2	28	24	29	29
6424	2	8	28	11	34
6425	4	48	296	701	628
6426	4	15	6	465	14
6427	1	24	28	24	34
6428	4	27	6	618	12
6429	4	8	6	145	14
6430	2	20	28	23	34
6431	2	22	6	25	6
6432	2	12	6	24	11
6433	4	12	6	66	12
6434	2	25	6	351	13
6435	2	22	6	253	13
6436	2	14	6	19	6
6437	2	7	6	9	10
6438	2	19	19	22	24
6439	4	44	24	528	74
6440	4	7	16	45	43
6441	8	40	296	-1	-1
6442	2	10	19	14	24
6443	4	17	21	207	66
6444	2	10	16	10	21
6445	2	24	16	31	21
6446	4	35	296	433	601
6447	2	11	24	10	32
6448	2	28	296	24	314
6449	2	14	6	19	10
6450	2	19	5	23	6
6451	2	26	28	29	35
6452	2	19	24	18	29
6453	2	40	24	28	44
6454	2	27	24	31	49
6455	2	10	16	13	35
6456	2	12	16	13	21
6457	2	34	23	37	30
6458	2	35	14	45	20
6459	2	2	5	4	6
6460	2	31	24	22	29
6461	2	19	24	20	31
6462	2	16	19	21	40
6463	2	22	28	30	33
6464	4	17	16	276	41
6465	2	20	6	23	6
6466	2	25	24	26	42
6467	2	12	27	16	32
6468	2	19	6	210	12
6469	2	7	6	8	6
6470	2	20	6	17	6
6471	2	27	24	19	28
6472	2	30	24	34	41
6473	4	12	23	45	55
6474	2	13	16	12	21
6475	2	22	26	29	47
6476	1	14	19	14	26
6477	2	12	24	13	47
6478	2	18	6	22	6
6479	2	19	16	20	21
6480	2	28	296	22	303
6481	2	49	27	35	55
6482	2	24	6	31	11
6483	2	12	28	13	33
6484	2	29	20	39	26
6485	2	27	24	27	53
6486	2	14	16	19	20
6487	2	26	28	28	34
6488	4	12	6	313	13
6489	2	49	24	34	49
6490	2	21	20	22	26
6491	4	9	6	163	15
6492	1	16	6	16	9
6493	2	45	296	35	314
6494	2	42	24	30	29
6495	4	7	16	45	41
6496	2	20	6	23	12
6497	2	23	15	22	20
6498	4	16	296	78	601
6499	2	27	13	35	19
6500	2	8	16	8	21
6501	2	55	24	39	45
6502	1	7	18	8	22
6503	1	5	5	6	5
6504	2	56	24	40	49
6505	2	25	16	29	21
6506	2	12	28	16	34
6507	2	7	22	6	27
6508	2	15	20	15	25
6509	4	12	23	45	56
6510	4	19	24	190	73
6511	2	49	24	34	44
6512	2	16	6	19	6
6513	2	54	24	39	33
6514	4	8	5	36	11
6515	2	5	13	9	20
6516	2	7	20	8	25
6517	2	19	28	26	34
6518	2	11	5	10	9
6519	2	18	24	18	45
6520	2	16	24	12	44
6521	2	20	6	27	11
6522	2	12	5	16	5
6523	4	21	296	135	620
6524	2	36	24	24	52
6525	2	18	28	24	48
6526	2	29	14	32	20
6527	2	6	14	8	19
6528	2	6	6	21	12
6529	2	19	295	14	299
6530	2	27	24	31	44
6531	4	10	5	90	11
6532	1	10	25	10	53
6533	2	5	6	7	5
6534	2	8	13	16	19
6535	2	18	6	15	6
6536	2	17	6	171	12
6537	2	15	6	20	6
6538	2	6	28	12	34
6539	4	45	296	628	603
6540	2	8	22	5	27
6541	2	34	23	24	43
6542	1	22	6	22	6
6543	4	22	6	461	13
6544	2	9	24	10	47
6545	2	51	296	40	303
6546	2	17	14	17	20
6547	4	32	24	663	75
6548	2	32	296	26	329
6549	2	3	20	7	26
6550	2	28	6	36	6
6551	2	28	24	29	49
6552	2	11	6	22	7
6553	2	19	6	26	9
6554	1	22	6	22	10
6555	4	21	24	297	61
6556	2	24	26	48	32
6557	2	30	27	35	56
6558	2	19	16	23	22
6559	2	6	5	12	11
6560	2	23	24	16	29
6561	2	18	28	17	34
6562	2	56	24	40	49
6563	2	10	20	8	26
6564	2	34	24	38	33
6565	1	16	6	16	6
6566	2	15	6	15	6
6567	4	17	16	276	43
6568	2	2	6	3	11
6569	2	19	16	22	21
6570	4	5	6	27	12
6571	2	17	24	12	44
6572	2	49	27	36	54
6573	1	10	6	10	7
6574	2	24	26	28	54
6575	2	57	24	41	47
6576	2	34	20	42	26
6577	4	22	24	136	56
6578	2	18	16	24	35
6579	4	35	23	858	53
6580	2	25	6	28	9
6581	1	20	20	20	25
6582	2	39	296	31	318
6583	2	23	24	16	33
6584	2	10	15	9	20
6585	2	16	24	16	45
6586	2	10	13	19	20
6587	2	24	16	33	21
6588	2	18	19	21	24
6589	1	28	26	29	32
6590	2	8	23	6	28
6591	2	24	6	26	9
6592	2	27	6	36	11
6593	2	11	20	15	25
6594	2	18	20	20	25
6595	2	34	24	37	30
6596	4	13	6	55	11
6597	2	23	24	24	31
6598	2	21	24	23	48
6599	2	18	16	171	28
6600	2	24	24	17	32
6601	1	20	28	18	34
6602	8	11	6	11603	28
6603	2	16	6	136	13
6604	2	12	6	9	6
6605	4	2	6	13	12
6606	4	17	15	210	27
6607	2	12	24	8	52
6608	2	8	16	17	22
6609	8	38	24	23751	118
6610	1	14	16	15	22
6611	2	24	18	325	32
6612	8	17	23	1001	106
6613	2	32	6	43	12
6614	2	23	16	31	26
6615	2	18	6	21	7
6616	2	19	16	18	22
6617	2	18	24	19	29
6618	4	20	6	295	12
6619	2	8	6	9	6
6620	2	21	19	27	40
6621	4	56	24	820	59
6622	2	30	24	34	30
6623	2	13	16	14	22
6624	2	16	24	16	28
6625	2	18	6	22	7
6626	2	8	6	11	11
6627	2	22	24	23	30
6628	2	14	23	17	23
6629	4	3	28	19	40
6630	2	5	14	7	19
6631	8	25	6	-1	-1
6632	2	8	16	17	22
6633	2	24	24	17	47
6634	2	12	16	25	22
6635	2	18	24	19	29
6636	4	40	24	435	70
6637	2	13	6	10	6
6638	2	9	6	19	12
6639	1	9	18	9	23
6640	2	11	15	22	22
6641	2	12	28	16	35
6642	2	18	6	171	16
6643	2	23	296	19	302
6644	4	43	296	593	602
6645	1	20	6	21	7
6646	2	28	27	36	33
6647	2	15	16	20	22
6648	4	56	24	820	57
6649	2	10	24	11	42
6650	4	23	18	1081	31
6651	2	25	28	29	57
6652	2	14	20	11	24
6653	2	56	24	39	45
6654	2	14	6	19	8
6655	4	8	20	28	31
6656	2	17	5	21	10
6657	2	15	22	15	43
6658	4	16	289	78	585
6659	2	32	20	40	26
6660	2	17	28	17	57
6661	2	34	24	24	31
6662	2	53	24	37	48
6663	2	17	24	18	45
6664	4	12	28	120	68
6665	4	22	26	435	69
6666	2	24	6	26	6
6667	2	30	296	24	320
6668	4	6	13	73	27
6669	2	11	6	23	10
6670	4	14	27	190	67
6671	2	32	24	36	44
6672	4	33	24	665	58
6673	2	14	23	9	40
6674	1	18	15	18	21
6675	2	8	6	17	7
6676	1	10	6	10	10
6677	4	15	6	171	12
6678	2	9	5	7	5
6679	8	9	6	4645	28
6680	2	9	13	10	19
6681	4	20	24	210	58
6682	2	10	16	13	20
6683	2	8	6	36	12
6684	2	34	24	38	41
6685	4	31	6	848	12
6686	2	10	19	14	38
6687	4	18	6	153	13
6688	2	28	6	33	7
6689	2	5	6	10	7
6690	2	11	6	14	11
6691	1	12	5	13	11
6692	2	33	27	40	33
6693	2	21	15	25	21
6694	2	12	15	24	21
6695	4	11	6	66	15
6696	2	44	24	31	43
6697	2	3	6	7	10
6698	2	32	16	42	22
6699	4	22	16	435	58
6700	2	20	6	24	6
6701	2	29	28	34	34
6702	4	22	6	8855	28
6703	2	16	24	12	49
6704	2	10	28	21	34
6705	4	25	24	171	74
6706	2	6	27	12	33
6707	4	31	14	700	27
6708	2	47	24	34	45
6709	2	11	5	10	10
6710	2	14	28	19	50
6711	2	11	28	22	33
6712	4	10	15	90	26
6713	2	20	6	23	11
6714	4	49	24	595	59
6715	4	11	18	243	31
6716	2	15	27	15	32
6717	2	8	6	11	11
6718	4	22	24	276	57
6719	2	25	296	18	305
6720	2	26	25	30	30
6721	2	10	6	11	6
6722	2	23	28	26	57
6723	2	19	6	22	10
6724	1	12	16	12	22
6725	4	27	24	378	54
6726	2	22	6	26	12
6727	2	9	16	12	24
6728	4	7	6	36	12
6729	2	22	6	24	11
6730	2	28	24	33	33
6731	1	6	23	6	43
6732	4	21	24	253	59
6733	2	32	24	23	44
6734	4	2	5	13	13
6735	2	18	28	18	33
6736	2	14	24	10	47
6737	2	50	24	35	28
6738	2	9	6	17	9
6739	2	20	15	27	21
6740	4	15	16	208	28
6741	4	16	6	188	12
6742	2	26	24	19	31
6743	2	25	19	33	40
6744	4	11	6	243	13
6745	2	9	22	6	27
6746	4	17	23	91	56
6747	2	32	24	23	45
6748	1	10	16	10	22
6749	4	21	24	253	53
6750	2	13	5	105	11
6751	2	26	15	30	21
6752	1	33	6	33	11
6753	2	21	24	21	33
6754	2	20	6	23	6
6755	4	9	6	171	13
6756	2	18	14	18	19
6757	2	31	23	22	44
6758	2	17	16	19	21
6759	2	13	28	18	48
6760	2	49	27	35	56
6761	4	16	27	170	85
6762	1	12	20	12	25
6763	2	6	6	12	8
6764	2	2	16	3	21
6765	2	5	14	10	20
6766	4	26	6	460	14
6767	4	25	24	351	58
6768	2	20	28	27	34
6769	2	26	296	20	306
6770	4	20	6	10626	26
6771	4	19	6	190	13
6772	2	8	6	36	15
6773	1	16	6	16	6
6774	2	18	6	190	13
6775	2	7	22	14	28
6776	2	28	24	32	44
6777	2	30	23	34	26
6778	2	15	6	20	6
6779	2	12	24	13	33
6780	4	21	23	105	51
6781	1	22	6	22	7
6782	2	18	24	12	34
6783	2	38	296	31	316
6784	2	9	28	9	34
6785	8	12	6	3276	29
6786	2	37	24	26	28
6787	4	14	6	188	12
6788	2	9	6	19	11
6789	2	32	24	36	48
6790	4	4	16	15	42
6791	1	5	23	5	48
6792	2	25	24	25	44
6793	2	8	295	6	318
6794	4	32	15	772	27
6795	2	9	27	18	34
6796	4	33	24	739	54
6797	2	33	24	38	44
6798	2	20	28	19	33
6799	2	8	6	17	11
6800	2	32	6	42	11
6801	2	12	25	13	53
6802	2	9	18	18	24
6803	2	32	26	39	31
6804	2	3	26	6	32
6805	1	16	6	16	11
6806	4	19	6	253	12
6807	2	2	5	5	6
6808	2	29	24	33	49
6809	2	11	27	11	32
6810	2	30	24	33	49
6811	2	24	6	27	6
6812	2	34	24	39	30
6813	2	25	18	26	23
6814	2	50	24	35	49
6815	2	29	6	38	6
6816	2	56	24	40	28
6817	1	8	6	9	10
6818	4	42	296	593	603
6819	2	20	27	26	47
6820	8	13	16	4747	78
6821	4	21	6	348	14
6822	2	24	24	23	33
6823	4	25	20	430	33
6824	1	18	6	18	11
6825	4	50	27	630	83
6826	2	44	296	35	320
6827	2	14	6	105	13
6828	2	4	19	6	39
6829	4	33	6	771	13
6830	4	28	6	523	13
6831	2	20	24	24	46
6832	2	19	296	15	306
6833	4	21	24	253	56
6834	2	48	24	35	30
6835	2	29	28	34	55
6836	2	3	27	7	32
6837	2	34	24	38	31
6838	2	12	6	16	11
6839	2	35	24	24	29
6840	2	7	19	9	37
6841	2	14	6	105	14
6842	2	31	24	22	45
6843	2	31	18	38	24
6844	2	29	24	34	28
6845	2	7	15	9	23
6846	8	30	24	-1	-1
6847	2	15	24	16	48
6848	2	7	20	13	27
6849	4	46	24	561	56
6850	2	2	19	4	24
6851	2	28	24	32	44
6852	2	29	28	20	56
6853	4	9	5	65	11
6854	2	10	6	66	12
6855	2	3	18	7	24
6856	2	14	18	17	24
6857	2	25	26	25	55
6858	2	54	24	38	32
6859	1	17	6	18	7
6860	4	20	24	210	59
6861	2	18	28	12	56
6862	2	9	6	19	11
6863	2	27	27	30	33
6864	2	21	28	22	57
6865	2	30	15	33	21
6866	2	13	6	15	6
6867	2	16	16	20	21
6868	2	11	12	23	19
6869	2	4	6	8	10
6870	2	22	16	30	38
6871	2	16	28	15	33
6872	2	49	296	40	320
6873	2	5	16	7	21
6874	1	7	24	7	26
6875	2	54	24	38	29
6876	2	37	296	27	326
6877	2	10	20	20	26
6878	2	12	20	16	25
6879	2	21	24	24	49
6880	2	15	16	18	22
6881	4	23	24	276	60
6882	4	13	23	119	51
6883	2	4	15	5	21
6884	2	13	16	10	20
6885	2	28	6	35	11
6886	4	2	5	13	12
6887	4	24	24	171	60
6888	2	7	13	8	19
6889	2	20	25	27	31
6890	2	44	296	35	319
6891	2	19	24	18	42
6892	2	17	19	17	24
6893	4	12	6	134	13
6894	2	8	20	16	25
6895	2	7	27	14	33
6896	2	26	6	27	6
6897	2	10	18	14	23
6898	4	12	6	45	11
6899	2	18	16	24	38
6900	8	27	24	35959	115
6901	4	30	28	590	85
6902	2	24	18	32	38
6903	2	26	24	19	46
6904	1	10	27	10	33
6905	2	47	24	34	29
6906	2	13	24	12	34
6907	2	5	16	6	19
6908	4	33	6	932	18
6909	2	24	24	24	29
6910	4	20	6	295	12
6911	4	19	20	253	32
6912	2	8	28	11	33
6913	2	16	6	20	6
6914	2	21	24	21	45
6915	2	25	28	28	56
6916	2	53	24	37	47
6917	2	44	24	30	44
6918	2	4	16	9	22
6919	2	24	24	25	43
6920	1	14	19	14	25
6921	2	33	22	38	22
6922	2	11	15	22	21
6923	2	27	24	28	34
6924	2	56	24	40	29
6925	2	29	24	32	29
6926	2	34	28	36	58
6927	2	28	6	36	12
6928	2	27	6	28	9
6929	2	32	24	36	29
6930	2	25	6	35	8
6931	2	40	24	28	33
6932	2	18	16	21	22
6933	2	14	6	18	7
6934	2	30	6	36	7
6935	1	18	6	18	10
6936	4	23	6	351	13
6937	4	13	4	91	9
6938	2	7	6	14	6
6939	2	19	27	26	46
6940	8	16	5	7893	25
6941	2	19	6	26	6
6942	2	24	296	19	328
6943	2	10	20	11	25
6944	2	27	18	31	23
6945	1	10	15	10	20
6946	2	35	28	25	57
6947	2	49	24	35	30
6948	2	25	28	29	34
6949	2	6	6	12	6
6950	2	12	6	24	10
6951	2	6	16	8	21
6952	4	18	16	274	28
6953	4	19	6	136	12
6954	1	8	25	9	29
6955	4	18	24	190	53
6956	2	14	19	15	24
6957	2	7	5	8	10
6958	2	35	24	25	44
6959	4	27	22	526	54
6960	2	32	24	33	29
6961	2	26	20	31	26
6962	2	10	16	13	35
6963	4	12	16	120	40
6964	2	23	26	31	32
6965	1	9	24	9	33
6966	4	6	14	85	27
6967	2	14	28	28	34
6968	2	37	296	28	324
6969	4	9	6	181	18
6970	4	25	6	489	13
6971	4	17	6	251	17
6972	2	23	24	27	24
6973	2	9	6	11	7
6974	2	12	15	24	22
6975	2	29	16	33	23
6976	2	13	28	14	56
6977	1	27	6	28	11
6978	2	38	296	30	302
6979	2	50	296	40	321
6980	2	31	24	35	30
6981	2	38	296	30	327
6982	2	10	27	21	34
6983	2	8	20	8	25
6984	2	5	16	6	20
6985	4	23	6	493	14
6986	2	23	24	27	41
6987	4	23	24	276	56
6988	2	20	20	24	26
6989	4	8	5	330	23
6990	2	26	24	27	29
6991	4	28	24	210	49
6992	2	7	16	6	21
6993	8	31	6	-1	-1
6994	2	24	19	26	25
6995	2	22	11	44	18
6996	2	34	15	43	22
6997	1	12	6	12	6
6998	4	26	6	406	13
6999	2	16	6	21	12
7000	2	23	24	22	54
7001	4	7	5	28	11
7002	8	6	6	985	29
7003	2	21	24	21	43
7004	2	25	22	29	26
7005	4	23	16	496	47
7006	4	28	6	523	13
7007	2	22	14	22	21
7008	4	3	6	25	12
7009	2	25	296	19	328
7010	4	2	16	13	26
7011	2	12	27	16	48
7012	2	51	296	40	316
7013	4	25	16	561	46
7014	2	13	16	18	21
7015	2	29	296	23	301
7016	2	3	28	5	34
7017	2	8	20	11	38
7018	1	10	24	10	29
7019	2	9	15	7	20
7020	2	40	296	32	302
7021	2	14	6	17	6
7022	2	7	12	15	18
7023	2	35	16	44	22
7024	2	26	296	20	304
7025	2	28	24	31	34
7026	2	35	6	45	12
7027	2	45	24	32	27
7028	2	7	6	15	6
7029	2	14	6	13	6
7030	2	12	24	13	46
7031	4	48	24	595	56
7032	2	14	23	18	28
7033	4	19	6	190	12
7034	4	56	24	820	57
7035	2	10	16	14	22
7036	2	11	16	13	22
7037	2	21	296	16	327
7038	4	14	6	91	18
7039	4	4	20	28	32
7040	8	9	6	1287	26
7041	2	22	28	26	51
7042	8	2	5	41	22
7043	4	20	6	210	13
7044	2	13	24	91	58
7045	2	34	24	36	29
7046	4	45	296	628	600
7047	4	15	6	136	12
7048	1	5	24	5	42
7049	2	9	20	11	39
7050	4	25	24	351	77
7051	2	56	24	40	29
7052	4	14	5	91	12
7053	1	16	14	16	20
7054	2	11	26	10	31
7055	2	9	16	8	21
7056	2	25	295	18	299
7057	2	3	20	5	26
7058	2	14	16	15	22
7059	2	47	27	34	56
7060	4	14	6	170	12
7061	2	21	295	15	300
7062	2	20	24	23	44
7063	4	20	21	120	65
7064	4	27	24	491	72
7065	4	27	28	621	40
7066	2	56	24	40	47
7067	2	14	20	18	26
7068	2	33	6	41	7
7069	2	8	6	16	12
7070	2	30	20	35	26
7071	2	4	16	9	20
7072	2	28	6	30	7
7073	2	7	6	15	7
7074	2	30	24	31	28
7075	4	22	24	346	58
7076	2	28	21	32	37
7077	2	21	28	15	56
7078	8	10	296	210	1201
7079	4	16	16	210	43
7080	4	6	5	28	10
7081	2	45	24	33	43
7082	2	31	16	37	22
7083	4	32	26	810	39
7084	4	25	296	190	600
7085	1	28	6	29	6
7086	2	32	20	36	25
7087	2	29	27	31	55
7088	2	18	6	22	8
7089	2	24	296	19	319
7090	2	20	24	23	50
7091	4	27	24	491	79
7092	2	52	24	38	49
7093	4	22	24	276	63
7094	2	8	6	16	10
7095	2	4	20	5	40
7096	2	23	24	26	39
7097	2	20	6	24	7
7098	2	24	6	26	10
7099	2	28	296	22	311
7100	2	9	20	12	40
7101	2	13	27	13	32
7102	2	29	28	33	55
7103	1	7	24	7	32
7104	4	12	5	91	11
7105	4	9	6	163	14
7106	2	23	296	18	301
7107	2	11	23	8	30
7108	2	22	20	28	26
7109	2	11	24	7	42
7110	2	20	6	27	6
7111	2	8	6	15	10
7112	4	7	6	36	12
7113	2	21	20	27	41
7114	2	12	6	13	9
7115	2	34	24	39	45
7116	4	11	16	243	30
7117	2	20	16	27	26
7118	2	30	24	32	26
7119	2	47	24	34	34
7120	4	7	6	21	12
7121	4	16	6	208	12
7122	1	6	20	6	26
7123	4	35	24	325	56
7124	2	21	6	20	7
7125	2	10	23	11	25
7126	2	4	20	5	26
7127	2	14	19	16	38
7128	2	7	6	14	11
7129	8	5	6	681	25
7130	4	16	6	188	14
7131	2	5	28	10	34
7132	4	9	6	45	12
7133	2	24	19	24	25
7134	2	17	24	18	32
7135	2	48	296	38	314
7136	8	24	6	-1	-1
7137	4	19	296	105	601
7138	1	5	6	5	9
7139	2	42	296	34	305
7140	4	25	6	591	14
7141	4	12	6	313	14
7142	2	24	24	28	33
7143	2	18	24	12	40
7144	1	18	13	18	20
7145	2	27	24	28	27
7146	2	26	24	29	46
7147	2	11	19	23	25
7148	2	43	24	30	30
7149	2	32	24	37	28
7150	4	16	24	78	75
7151	2	10	20	7	25
7152	2	20	6	210	13
7153	2	7	19	14	25
7154	2	29	6	33	12
7155	4	11	15	231	28
7156	4	26	6	584	13
7157	2	25	6	29	7
7158	2	32	296	26	316
7159	4	14	15	105	26
7160	4	19	24	230	59
7161	2	26	24	26	48
7162	2	10	6	14	8
7163	2	10	6	13	6
7164	2	6	20	7	26
7165	2	33	6	37	8
7166	4	11	24	78	56
7167	1	12	6	12	10
7168	2	21	16	28	22
7169	2	51	24	36	44
7170	4	15	13	228	25
7171	4	8	15	55	27
7172	1	7	24	7	33
7173	1	9	27	9	54
7174	4	6	13	28	24
7175	2	48	296	38	320
7176	8	12	6	16619	27
7177	2	17	14	18	20
7178	2	28	24	32	29
7179	2	14	6	19	6
7180	4	18	6	297	14
7181	2	6	5	7	7
7182	2	40	24	28	30
7183	2	20	24	21	30
7184	4	18	24	190	53
7185	2	5	6	11	6
7186	2	43	24	30	44
7187	2	11	5	12	6
7188	4	27	24	526	57
7189	2	22	28	171	42
7190	2	10	21	7	40
7191	4	11	12	66	22
7192	2	11	24	10	44
7193	2	31	6	36	6
7194	2	16	25	10	53
7195	2	14	28	19	33
7196	2	26	24	26	48
7197	2	26	6	29	9
7198	2	16	6	32	6
7199	2	27	28	30	34
7200	2	7	27	11	33
7201	2	40	296	31	320
7202	4	10	17	66	29
7203	2	29	24	31	46
7204	4	14	6	120	12
7205	2	35	18	45	24
7206	2	18	20	24	40
7207	4	29	27	593	84
7208	2	12	24	13	41
7209	1	24	20	24	26
7210	2	20	28	17	34
7211	2	19	27	23	33
7212	4	32	24	701	57
7213	2	9	4	6	4
7214	2	27	23	31	48
7215	2	9	28	12	34
7216	4	12	6	131	12
7217	2	22	26	29	47
7218	4	4	5	41	13
7219	2	6	6	12	7
7220	2	12	6	16	6
7221	2	5	16	9	21
7222	2	15	24	16	48
7223	4	30	24	253	56
7224	4	35	24	703	60
7225	2	12	16	24	23
7226	2	7	6	9	6
7227	2	49	24	35	44
7228	4	27	20	491	33
7229	1	3	5	3	5
7230	4	8	6	36	12
7231	2	11	20	22	26
7232	2	22	24	15	47
7233	2	4	19	6	37
7234	2	11	6	22	10
7235	2	48	24	34	43
7236	2	30	24	22	27
7237	2	42	296	34	317
7238	2	53	28	37	57
7239	2	16	16	21	21
7240	2	11	6	21	11
7241	2	16	28	17	33
7242	8	57	24	-1	-1
7243	2	19	12	20	18
7244	8	38	24	27405	118
7245	2	30	296	23	302
7246	2	27	24	30	43
7247	8	22	24	22126	107
7248	2	5	5	7	5
7249	4	15	23	120	53
7250	4	20	24	295	58
7251	4	52	27	741	84
7252	2	21	18	27	38
7253	2	8	15	17	22
7254	4	16	6	205	13
7255	2	31	15	40	21
7256	2	30	26	36	31
7257	2	16	296	13	301
7258	2	10	16	11	21
7259	2	29	6	35	6
7260	2	12	28	78	40
7261	4	21	6	348	17
7262	4	17	6	274	13
7263	2	9	28	17	34
7264	4	12	16	120	40
7265	2	11	26	14	44
7266	2	5	6	7	8
7267	2	9	5	6	9
7268	2	13	6	26	7
7269	2	22	24	16	33
7270	2	27	16	31	23
7271	2	8	6	17	6
7272	1	18	19	18	25
7273	2	25	20	35	26
7274	2	7	23	5	26
7275	2	6	28	7	33
7276	2	15	24	11	29
7277	2	7	19	8	24
7278	4	22	6	276	13
7279	1	16	28	16	34
7280	2	28	6	31	7
7281	2	11	24	12	43
7282	1	16	20	16	26
7283	1	22	15	22	21
7284	2	12	28	8	55
7285	2	12	6	24	7
7286	2	9	20	19	26
7287	2	29	24	33	47
7288	2	35	24	25	48
7289	1	11	5	11	5
7290	4	22	6	276	13
7291	8	11	6	10165	30
7292	2	21	23	22	32
7293	2	21	6	27	6
7294	1	17	20	18	26
7295	1	20	16	20	21
7296	2	20	24	23	46
7297	1	10	28	10	55
7298	1	6	24	6	33
7299	1	7	24	7	41
7300	2	25	296	19	318
7301	2	10	6	20	7
7302	2	12	28	25	34
7303	1	14	20	14	25
7304	2	13	24	9	28
7305	4	12	16	136	41
7306	2	23	16	31	22
7307	2	28	24	33	29
7308	4	38	23	378	55
7309	2	17	28	21	34
7310	2	19	24	19	42
7311	4	23	6	432	13
7312	1	24	6	24	7
7313	2	23	19	24	25
7314	2	8	16	10	22
7315	4	7	6	113	13
7316	2	31	24	36	34
7317	2	24	24	17	44
7318	2	29	24	30	46
7319	2	4	13	5	19
7320	2	33	28	43	33
7321	2	9	20	7	24
7322	2	11	20	9	24
7323	2	30	20	37	26
7324	2	8	28	6	32
7325	2	22	16	30	22
7326	4	3	5	25	10
7327	2	52	24	38	44
7328	4	21	6	403	14
7329	2	14	24	13	25
7330	4	42	296	560	609
7331	1	22	6	22	9
7332	2	14	16	18	22
7333	2	37	24	26	43
7334	4	32	24	276	78
7335	2	13	24	10	27
7336	2	56	24	41	44
7337	2	33	24	37	34
7338	2	15	6	16	11
7339	2	41	24	29	48
7340	2	12	6	13	7
7341	4	35	24	703	52
7342	2	27	24	30	29
7343	4	56	24	820	58
7344	2	6	6	9	6
7345	2	16	24	17	43
7346	2	29	15	30	21
7347	4	10	5	45	11
7348	2	24	24	25	28
7349	4	12	6	119	12
7350	1	4	6	4	6
7351	2	23	24	27	29
7352	2	34	24	38	33
7353	4	23	6	493	14
7354	2	13	16	15	22
7355	2	9	6	10	6
7356	4	7	6	44	12
7357	2	22	24	26	34
7358	2	50	24	36	34
7359	2	9	6	11	10
7360	2	3	6	6	11
7361	4	10	28	89	40
7362	2	17	15	23	20
7363	4	10	27	66	40
7364	2	34	24	39	29
7365	2	24	25	18	53
7366	1	8	24	8	43
7367	2	34	27	36	55
7368	2	48	24	34	49
7369	2	16	16	16	22
7370	2	11	5	9	5
7371	2	3	16	6	23
7372	2	20	24	20	48
7373	2	12	6	13	10
7374	4	16	6	3876	28
7375	2	15	24	14	33
7376	2	19	296	14	316
7377	4	25	24	406	57
7378	4	20	6	190	13
7379	2	38	296	30	306
7380	2	26	6	26	7
7381	4	22	6	432	13
7382	2	34	296	26	317
7383	2	29	24	31	42
7384	4	4	5	41	12
7385	1	24	6	24	7
7386	2	11	6	22	6
7387	2	17	24	17	44
7388	2	10	16	13	20
7389	2	37	24	26	43
7390	4	12	16	136	43
7391	4	44	24	496	77
7392	2	7	6	28	11
7393	2	23	28	30	49
7394	2	43	24	31	48
7395	2	7	23	5	28
7396	2	17	6	17	9
7397	2	29	6	31	7
7398	4	15	6	120	12
7399	2	14	28	18	32
7400	2	13	24	15	29
7401	2	18	6	22	9
7402	1	24	20	24	26
7403	1	10	27	10	33
7404	4	55	24	780	79
7405	4	12	296	45	602
7406	2	15	16	20	22
7407	2	7	22	6	34
7408	2	16	6	19	6
7409	1	18	6	19	10
7410	2	29	296	23	309
7411	4	23	24	300	56
7412	2	35	6	45	6
7413	2	12	19	24	25
7414	2	25	20	28	26
7415	4	17	6	210	13
7416	2	33	13	42	19
7417	4	9	24	55	73
7418	2	23	16	31	36
7419	2	10	15	20	22
7420	8	9	22	715	85
7421	2	15	24	11	45
7422	2	12	5	12	11
7423	2	9	24	10	43
7424	2	3	16	6	22
7425	4	49	296	817	605
7426	2	16	6	19	12
7427	2	32	24	36	29
7428	2	13	15	105	27
7429	2	3	28	7	33
7430	2	9	26	6	53
7431	2	15	6	19	11
7432	2	7	6	14	10
7433	2	18	16	24	22
7434	1	21	18	22	23
7435	2	22	6	253	14
7436	2	42	24	30	44
7437	2	20	20	20	26
7438	2	18	6	17	9
7439	2	5	18	6	23
7440	2	28	6	33	8
7441	2	22	24	26	32
7442	2	28	296	22	328
7443	2	19	24	23	46
7444	2	14	24	14	52
7445	2	13	6	17	9
7446	2	17	24	17	47
7447	2	22	16	29	36
7448	2	15	23	18	28
7449	2	15	22	10	31
7450	2	17	27	17	56
7451	4	12	24	91	56
7452	2	17	24	12	47
7453	2	14	6	15	6
7454	2	19	28	14	54
7455	2	16	24	12	29
7456	2	15	24	15	29
7457	1	11	24	11	47
7458	2	30	24	31	44
7459	1	12	20	12	26
7460	1	22	6	22	7
7461	1	10	20	10	25
7462	2	9	20	19	26
7463	2	47	28	34	55
7464	2	6	28	9	33
7465	2	6	6	21	13
7466	2	35	6	44	10
7467	2	14	24	10	45
7468	2	29	26	33	32
7469	2	31	24	22	48
7470	4	32	24	701	50
7471	2	8	6	10	6
7472	2	5	6	10	7
7473	2	7	6	13	10
7474	2	13	16	17	24
7475	2	19	24	21	32
7476	4	9	6	181	13
7477	2	25	24	29	29
7478	2	38	22	27	30
7479	2	9	19	10	25
7480	2	24	27	26	32
7481	8	30	6	-1	-1
7482	2	34	24	39	29
7483	2	12	6	24	6
7484	2	25	28	29	58
7485	2	7	23	6	42
7486	4	27	24	406	60
7487	2	12	27	24	33
7488	2	8	19	9	25
7489	2	24	28	23	33
7490	1	22	6	22	11
7491	4	26	6	463	13
7492	2	40	24	28	43
7493	2	28	6	32	11
7494	2	26	24	19	29
7495	2	24	28	27	35
7496	2	12	19	24	25
7497	1	14	20	14	25
7498	2	10	6	13	6
7499	2	33	24	23	29
7500	4	26	24	325	57
7501	4	5	6	51	14
7502	2	39	24	28	34
7503	2	14	6	17	9
7504	2	33	24	36	30
7505	2	30	22	35	26
7506	2	17	28	12	55
7507	1	12	28	13	34
7508	2	18	24	18	32
7509	2	10	17	11	22
7510	2	26	16	300	29
7511	1	8	23	8	48
7512	2	25	6	26	11
7513	2	25	24	25	29
7514	2	9	16	13	21
7515	2	28	296	22	301
7516	2	20	16	26	37
7517	2	30	296	24	304
7518	2	13	6	14	10
7519	4	37	24	351	73
7520	4	19	21	91	66
7521	2	15	296	11	303
7522	2	47	24	34	29
7523	2	9	19	13	25
7524	2	18	16	24	25
7525	2	4	6	9	11
7526	2	8	23	5	29
7527	4	12	6	131	12
7528	2	45	24	33	32
7529	2	23	28	27	34
7530	2	27	20	30	27
7531	2	21	6	21	7
7532	2	22	24	26	43
7533	2	54	24	38	29
7534	2	17	6	21	6
7535	2	10	20	20	26
7536	2	26	17	31	23
7537	2	7	16	14	22
7538	2	27	15	29	22
7539	4	24	28	376	42
7540	2	19	5	19	5
7541	4	14	16	171	42
7542	2	8	16	10	36
7543	2	24	20	32	26
7544	2	24	16	31	23
7545	4	21	6	348	12
7546	2	9	6	19	12
7547	8	33	6	-1	-1
7548	4	22	5	300	12
7549	1	26	28	27	34
7550	2	29	20	34	26
7551	4	31	6	737	13
7552	4	23	24	300	59
7553	2	6	20	12	25
7554	2	16	28	20	33
7555	2	34	6	44	7
7556	2	11	296	9	318
7557	2	13	22	9	27
7558	2	20	28	27	34
7559	2	27	20	35	25
7560	2	27	296	21	326
7561	2	42	296	33	315
7562	4	17	6	273	13
7563	2	11	6	14	9
7564	2	20	6	28	8
7565	4	34	20	934	33
7566	2	5	15	11	21
7567	2	13	11	14	17
7568	2	12	16	15	21
7569	2	7	16	9	25
7570	2	23	14	28	21
7571	1	6	24	6	46
7572	4	11	6	104	13
7573	2	25	6	31	9
7574	2	4	27	8	34
7575	4	13	23	55	50
7576	4	17	20	105	31
7577	2	2	6	5	11
7578	2	26	19	31	25
7579	1	10	24	10	44
7580	4	7	6	99	14
7581	8	47	24	-1	-1
7582	2	16	16	21	21
7583	2	13	26	14	31
7584	2	19	27	26	33
7585	4	6	6	73	13
7586	4	20	6	231	12
7587	4	47	24	595	57
7588	2	9	28	12	34
7589	4	27	24	526	60
7590	2	30	24	31	28
7591	2	4	6	10	14
7592	2	19	6	16	7
7593	2	12	22	9	27
7594	2	55	24	39	44
7595	2	14	6	18	6
7596	4	17	6	171	14
7597	2	11	296	8	325
7598	1	4	15	4	21
7599	2	34	15	43	22
7600	2	4	24	5	34
7601	1	3	20	3	25
7602	2	13	6	26	9
7603	1	26	16	26	22
7604	1	14	6	15	7
7605	2	17	24	17	29
7606	1	22	16	22	22
7607	2	17	20	20	26
7608	2	13	16	17	25
7609	2	22	6	25	11
7610	2	10	28	19	33
7611	2	30	296	23	314
7612	2	33	23	24	31
7613	4	7	6	99	15
7614	2	19	15	24	20
7615	2	10	12	14	18
7616	2	28	28	30	34
7617	2	3	16	7	22
7618	2	19	24	19	28
7619	4	9	6	36	16
7620	2	12	19	16	39
7621	4	37	24	351	56
7622	2	18	24	19	47
7623	2	27	19	32	25
7624	4	7	16	55	40
7625	2	20	16	26	37
7626	2	15	6	18	6
7627	2	35	28	39	57
7628	2	26	6	27	11
7629	2	51	296	40	326
7630	2	4	5	8	6
7631	4	3	5	15	9
7632	4	14	5	120	11
7633	4	30	6	767	13
7634	2	22	6	20	11
7635	4	22	6	403	13
7636	2	20	28	24	33
7637	2	28	28	20	54
7638	2	26	6	33	6
7639	2	18	20	24	40
7640	2	14	16	18	24
7641	2	42	24	30	29
7642	2	22	16	29	22
7643	2	21	27	23	33
7644	2	31	24	36	40
7645	4	19	24	271	61
7646	2	9	6	18	6
7647	2	29	6	33	9
7648	2	6	18	12	24
7649	2	9	27	8	33
7650	4	30	24	590	57
7651	2	5	20	7	24
7652	4	45	296	664	631
7653	2	14	16	18	21
7654	4	33	24	595	60
7655	2	33	19	39	25
7656	2	43	23	32	28
7657	2	26	24	26	47
7658	2	26	295	20	305
7659	2	6	19	12	25
7660	2	18	28	36	33
7661	1	10	18	8	24
7662	2	38	28	27	56
7663	2	34	27	38	56
7664	4	25	24	171	48
7665	4	3	15	21	26
7666	2	8	20	16	26
7667	2	13	28	26	34
7668	2	6	28	12	34
7669	2	25	20	30	26
7670	4	35	296	405	602
7671	2	34	19	45	25
7672	2	35	24	37	28
7673	4	7	6	113	14
7674	2	8	5	10	5
7675	2	12	27	24	33
7676	2	44	296	35	313
7677	2	34	26	42	32
7678	2	10	6	10	9
7679	1	10	6	10	8
7680	2	26	6	30	7
7681	2	11	16	22	23
7682	2	19	24	13	42
7683	2	32	24	23	44
7684	2	16	26	14	30
7685	2	21	16	30	21
7686	2	39	27	28	55
7687	1	6	5	6	5
7688	2	13	24	14	47
7689	2	7	12	14	18
7690	4	22	6	461	13
7691	4	7	6	113	14
7692	4	9	5	55	11
7693	2	27	24	30	47
7694	8	7	5	210	23
7695	2	12	24	8	42
7696	2	12	6	13	6
7697	2	10	28	7	55
7698	2	13	24	16	43
7699	2	25	27	32	48
7700	2	16	6	19	7
7701	2	7	20	9	25
7702	4	8	6	129	13
7703	1	7	27	7	55
7704	2	6	5	7	5
7705	2	16	16	21	34
7706	2	32	24	32	28
7707	2	29	24	34	28
7708	2	11	16	9	21
7709	2	11	20	15	25
7710	2	13	26	10	55
7711	4	34	6	891	13
7712	2	18	6	19	8
7713	2	6	15	12	21
7714	2	10	14	10	20
7715	1	20	6	20	6
7716	2	9	28	12	34
7717	2	7	28	9	48
7718	4	24	28	405	40
7719	2	19	28	25	34
7720	4	23	6	404	16
7721	1	13	27	13	33
7722	1	9	6	9	6
7723	2	8	28	8	33
7724	2	40	24	28	49
7725	2	17	24	12	48
7726	4	34	24	778	57
7727	2	34	14	45	20
7728	4	2	6	13	18
7729	2	11	28	15	33
7730	2	5	26	7	45
7731	2	4	12	9	18
7732	2	24	16	32	21
7733	2	25	20	29	26
7734	2	25	20	28	26
7735	4	46	24	528	58
7736	4	34	6	1021	13
7737	4	18	24	171	75
7738	4	24	24	153	58
7739	4	34	23	778	74
7740	2	43	28	31	57
7741	1	19	6	20	11
7742	4	15	16	190	40
7743	2	3	18	4	37
7744	2	25	24	29	29
7745	2	8	24	36	78
7746	1	4	19	4	24
7747	2	28	24	32	24
7748	2	9	6	11	6
7749	2	25	19	34	25
7750	2	23	16	31	24
7751	2	18	24	18	33
7752	2	23	296	18	299
7753	4	7	19	28	29
7754	4	29	24	210	57
7755	2	28	6	31	6
7756	2	33	24	37	43
7757	2	19	24	21	30
7758	4	11	20	45	31
7759	4	10	6	201	14
7760	2	40	24	28	44
7761	4	12	6	134	12
7762	2	51	296	40	304
7763	4	9	6	77	12
7764	2	10	6	10	6
7765	2	30	24	33	28
7766	2	22	24	26	29
7767	2	18	27	24	47
7768	2	7	20	7	25
7769	2	21	28	22	57
7770	2	24	24	17	44
7771	2	13	6	13	10
7772	2	11	20	22	26
7773	4	32	24	253	59
7774	2	15	6	12	7
7775	2	16	24	20	30
7776	4	9	20	21	48
7777	1	27	19	27	25
7778	2	6	28	7	44
7779	4	21	20	231	32
7780	2	8	6	10	11
7781	2	30	24	34	49
7782	4	29	296	275	597
7783	2	6	6	12	10
7784	2	18	24	13	49
7785	2	3	6	7	6
7786	2	13	24	10	45
7787	2	2	4	5	4
7788	2	10	20	13	40
7789	4	25	24	351	58
7790	2	34	20	43	26
7791	4	8	6	129	14
7792	2	16	24	18	43
7793	2	24	24	28	33
7794	2	29	24	31	43
7795	2	2	20	5	25
7796	2	22	24	15	30
7797	2	12	20	16	26
7798	2	14	16	18	25
7799	2	45	27	32	56
7800	2	17	16	23	24
7801	8	7	6	2241	26
7802	2	8	6	16	10
7803	4	15	6	228	13
7804	2	10	27	10	55
7805	2	29	16	465	28
7806	4	10	295	28	595
7807	2	22	24	26	43
7808	4	33	23	698	51
7809	4	40	24	406	56
7810	1	31	15	32	21
7811	2	27	24	31	45
7812	1	18	28	18	34
7813	2	25	28	26	58
7814	2	18	24	21	27
7815	1	7	24	7	49
7816	2	9	28	11	49
7817	2	18	296	14	327
7818	4	5	15	28	38
7819	2	21	6	26	11
7820	4	22	19	461	31
7821	4	21	24	320	53
7822	2	12	6	25	11
7823	2	9	6	12	6
7824	2	12	20	24	26
7825	4	48	296	777	601
7826	2	27	18	31	24
7827	1	10	20	10	25
7828	2	33	16	42	22
7829	8	23	24	3876	116
7830	2	49	26	34	55
7831	2	30	24	31	43
7832	2	22	24	23	46
7833	8	24	24	31002	114
7834	2	24	16	33	22
7835	2	20	6	28	8
7836	2	16	16	21	33
7837	2	14	24	13	45
7838	2	11	23	8	37
7839	2	5	6	6	6
7840	2	18	16	23	24
7841	2	19	24	20	31
7842	2	9	6	18	6
7843	2	21	27	22	33
7844	2	25	6	351	12
7845	2	25	25	30	55
7846	2	25	24	30	34
7847	2	5	19	10	24
7848	2	24	16	31	27
7849	2	19	295	14	296
7850	2	27	6	31	7
7851	4	26	24	190	58
7852	1	13	15	14	20
7853	4	47	24	595	75
7854	2	18	16	17	22
7855	2	2	24	5	29
7856	2	33	6	42	9
7857	4	7	6	99	19
7858	2	7	295	6	316
7859	2	35	24	25	44
7860	2	13	16	18	26
7861	2	19	28	14	57
7862	2	23	24	27	45
7863	2	30	6	39	9
7864	2	14	20	11	25
7865	2	17	27	21	33
7866	2	19	18	26	24
7867	2	21	16	27	35
7868	2	13	6	10	11
7869	2	35	24	26	32
7870	2	14	294	11	294
7871	2	7	19	15	25
7872	2	6	16	7	21
7873	4	23	6	17550	26
7874	4	9	16	66	45
7875	2	34	24	38	45
7876	4	20	16	378	43
7877	2	7	6	7	6
7878	4	24	28	492	41
7879	2	20	24	21	49
7880	2	25	20	35	27
7881	1	10	23	10	28
7882	2	19	24	13	29
7883	2	22	6	25	6
7884	2	51	28	36	56
7885	2	51	24	36	28
7886	4	12	19	134	32
7887	2	18	18	22	24
7888	2	10	16	21	23
7889	2	7	22	5	42
7890	2	14	20	17	25
7891	2	24	20	32	26
7892	4	13	24	78	59
7893	4	7	6	113	14
7894	2	17	296	13	319
7895	2	17	24	17	29
7896	2	31	24	34	29
7897	4	17	26	273	38
7898	2	10	16	19	22
7899	2	30	24	32	43
7900	4	17	5	105	11
7901	2	20	16	19	22
7902	2	22	24	22	31
7903	2	25	15	34	21
7904	2	21	20	21	25
7905	2	14	18	15	23
7906	8	7	6	330	24
7907	4	6	6	73	11
7908	2	32	296	24	306
7909	1	22	13	22	19
7910	2	25	28	25	55
7911	2	13	6	10	6
7912	2	43	24	31	28
7913	2	5	19	7	26
7914	2	16	6	20	8
7915	1	13	24	13	30
7916	2	17	26	17	56
7917	2	24	6	28	10
7918	2	3	27	6	32
7919	4	15	25	190	65
7920	4	7	6	44	12
7921	2	28	18	38	24
7922	2	20	6	22	10
7923	2	8	11	7	17
7924	2	17	16	19	23
7925	2	24	6	33	9
7926	2	10	15	13	19
7927	2	23	6	31	6
7928	2	15	5	14	6
7929	4	35	28	899	82
7930	4	13	6	105	12
7931	1	9	5	10	11
7932	2	17	6	171	13
7933	4	10	6	221	14
7934	4	15	28	228	41
7935	4	40	25	435	81
7936	1	17	15	18	21
7937	4	13	5	91	11
7938	4	22	24	346	77
7939	2	13	24	9	27
7940	4	15	6	207	12
7941	4	6	15	36	35
7942	2	7	6	6	6
7943	2	30	296	24	306
7944	1	4	23	4	28
7945	2	10	24	10	49
7946	1	6	24	6	29
7947	2	22	20	26	27
7948	4	32	28	661	85
7949	4	31	6	772	14
7950	2	19	6	24	10
7951	2	11	28	15	48
7952	4	7	4	21	9
7953	2	20	16	26	37
7954	2	14	28	18	48
7955	2	19	28	22	34
7956	2	53	24	38	29
7957	2	22	6	253	13
7958	2	22	15	30	22
7959	2	21	27	27	48
7960	4	6	17	85	30
7961	2	14	6	17	9
7962	2	28	28	32	47
7963	2	8	5	7	10
7964	2	33	20	37	26
7965	2	30	24	31	45
7966	2	30	16	34	22
7967	4	6	16	28	39
7968	2	4	28	9	34
7969	2	4	20	5	25
7970	4	28	19	589	31
7971	2	32	24	36	27
7972	4	13	23	55	53
7973	1	17	18	17	24
7974	2	10	6	7	6
7975	1	24	6	24	7
7976	2	29	24	34	33
7977	2	31	28	32	57
7978	2	46	296	35	328
7979	8	12	6	2730	29
7980	2	30	24	34	33
7981	2	4	18	5	37
7982	2	45	296	35	321
7983	2	26	24	29	30
7984	1	16	6	16	9
7985	2	9	6	18	7
7986	4	25	6	431	13
7987	2	30	24	34	45
7988	2	14	16	17	23
7989	2	47	24	34	29
7990	2	29	28	34	34
7991	2	18	296	13	321
7992	4	25	15	557	28
7993	2	25	296	18	316
7994	4	6	16	43	28
7995	1	20	16	20	21
7996	2	29	6	35	11
7997	2	14	5	15	5
7998	2	17	6	17	10
7999	2	5	20	10	26
8000	2	11	24	8	28
8001	2	13	6	26	10
8002	1	6	6	6	6
8003	2	3	28	6	34
8004	4	20	6	276	13
8005	2	6	6	12	7
8006	4	13	6	314	13
8007	2	10	6	14	9
8008	2	53	24	37	43
8009	2	24	6	32	7
8010	4	2	6	10	11
8011	2	32	14	37	20
8012	2	28	24	32	30
8013	2	22	13	25	20
8014	2	28	6	33	10
8015	2	11	6	8	12
8016	2	10	20	20	26
8017	2	4	13	8	19
8018	2	8	6	11	9
8019	2	8	5	5	10
8020	2	14	6	11	9
8021	4	14	23	55	52
8022	2	26	13	31	19
8023	2	12	27	16	48
8024	2	7	28	14	35
8025	4	21	24	120	60
8026	2	25	16	32	25
8027	2	11	15	14	21
8028	4	47	27	595	83
8029	4	14	295	55	596
8030	2	33	28	38	55
8031	4	8	6	55	12
8032	2	7	28	5	48
8033	4	27	24	494	59
8034	2	36	24	38	44
8035	2	17	16	21	22
8036	2	11	24	12	28
8037	4	6	19	36	58
8038	4	19	24	105	56
8039	2	33	14	43	20
8040	4	10	16	105	41
8041	4	30	24	594	58
8042	4	17	28	274	41
8043	2	20	6	20	6
8044	2	17	16	23	21
8045	4	13	27	119	85
8046	2	9	21	10	40
8047	2	21	16	28	21
8048	2	14	6	18	6
8049	2	3	18	4	34
8050	2	14	24	13	49
8051	8	8	6	715	25
8052	4	8	6	15	12
8053	2	8	19	8	24
8054	2	8	23	5	26
8055	2	8	24	6	28
8056	4	32	24	661	58
8057	2	26	24	30	47
8058	1	24	6	24	11
8059	2	21	16	28	25
8060	2	37	24	26	34
8061	4	7	6	28	12
8062	2	8	27	17	33
8063	4	18	6	298	13
8064	2	21	295	15	314
8065	1	24	13	24	19
8066	2	44	296	35	315
8067	4	48	24	630	74
8068	2	16	16	21	22
8069	2	28	6	35	6
8070	2	17	15	17	21
8071	2	19	20	23	26
8072	4	17	28	78	84
8073	2	6	296	6	342
8074	2	10	20	20	25
8075	2	22	6	23	12
8076	2	6	27	13	33
8077	2	32	6	39	8
8078	2	29	24	33	32
8079	4	19	23	271	54
8080	2	22	26	24	31
8081	2	19	16	26	25
8082	2	31	24	36	32
8083	2	33	23	23	28
8084	2	19	296	15	314
8085	2	32	6	40	7
8086	2	8	26	8	31
8087	2	20	23	20	26
8088	2	15	26	15	32
8089	2	24	296	19	299
8090	4	10	28	45	39
8091	1	6	27	6	33
8092	2	13	28	26	35
8093	2	7	24	6	39
8094	2	8	6	36	14
8095	4	15	6	120	15
8096	4	6	6	73	14
8097	2	8	5	36	9
8098	1	22	6	20	11
8099	2	8	27	17	33
8100	1	18	20	19	26
8101	4	26	24	553	37
8102	2	26	24	19	45
8103	2	19	6	24	9
8104	4	30	28	231	85
8105	2	40	24	27	28
8106	2	48	296	38	301
8107	2	32	18	38	23
8108	1	4	13	4	19
8109	2	45	24	33	48
8110	4	7	6	99	14
8111	2	8	19	16	25
8112	2	7	24	5	44
8113	4	14	24	133	63
8114	2	30	24	21	44
8115	2	22	16	29	22
8116	2	16	24	17	49
8117	2	11	14	23	21
8118	4	28	24	526	59
8119	2	29	24	33	28
8120	2	5	5	6	5
8121	2	10	6	21	11
8122	2	12	24	8	29
8123	2	12	28	16	34
8124	2	34	24	24	32
8125	4	26	6	557	13
8126	2	3	5	6	5
8127	2	29	24	30	31
8128	4	21	6	349	13
8129	2	14	28	28	35
8130	2	8	26	6	50
8131	4	43	24	465	73
8132	2	25	296	19	316
8133	4	5	18	51	31
8134	2	8	16	11	36
8135	2	13	27	26	34
8136	2	14	24	13	49
8137	2	23	27	24	33
8138	2	29	24	30	35
8139	2	18	24	13	45
8140	4	29	28	593	85
8141	2	16	27	17	55
8142	2	3	25	6	30
8143	2	22	6	24	10
8144	4	14	22	150	49
8145	2	12	19	16	39
8146	2	23	5	27	8
8147	2	27	28	28	34
8148	2	24	6	29	7
8149	1	22	20	23	26
8150	4	51	24	703	57
8151	1	12	6	13	6
8152	2	41	26	28	55
8153	2	15	16	20	25
8154	4	21	294	120	599
8155	2	34	18	43	24
8156	4	23	6	276	12
8157	2	13	27	14	55
8158	4	30	23	628	55
8159	2	9	11	18	18
8160	2	9	16	9	22
8161	4	36	24	741	60
8162	2	13	5	13	5
8163	2	23	24	16	34
8164	2	18	6	105	13
8165	4	32	296	324	603
8166	2	19	24	20	49
8167	2	27	24	19	42
8168	4	8	6	129	14
8169	8	18	6	5985	26
8170	1	20	20	18	26
8171	4	7	6	99	13
8172	4	12	6	313	14
8173	4	44	24	496	57
8174	2	30	6	34	11
8175	2	13	296	9	306
8176	2	20	24	24	47
8177	2	4	20	9	25
8178	4	11	6	77	12
8179	1	4	6	4	10
8180	1	31	26	32	32
8181	2	7	27	6	55
8182	1	11	12	11	16
8183	8	10	4	210	19
8184	2	22	16	29	20
8185	2	22	24	22	30
8186	2	9	20	19	26
8187	2	24	6	26	11
8188	2	17	19	13	24
8189	2	8	18	16	25
8190	2	8	6	16	7
8191	4	29	6	496	14
8192	4	8	16	145	30
8193	2	34	24	37	50
8194	1	18	16	18	22
8195	2	17	24	11	49
8196	4	33	24	739	61
8197	2	12	6	16	11
8198	2	30	296	23	320
8199	2	20	15	18	21
8200	2	28	23	20	28
8201	2	39	24	28	28
8202	4	15	16	190	41
8203	2	6	5	9	8
8204	4	10	5	55	11
8205	4	40	24	406	56
8206	2	14	28	18	34
8207	2	24	24	24	29
8208	2	4	16	9	22
8209	2	18	5	18	7
8210	1	8	24	8	34
8211	1	7	24	7	48
8212	1	27	6	28	6
8213	2	22	16	29	36
8214	2	31	24	33	46
8215	4	8	16	55	41
8216	2	10	6	14	6
8217	2	35	22	42	27
8218	2	29	28	31	55
8219	2	23	296	17	305
8220	2	13	6	15	7
8221	2	11	24	10	41
8222	2	12	6	25	7
8223	2	32	24	36	49
8224	2	21	27	15	55
8225	4	24	24	153	58
8226	2	14	16	19	36
8227	2	6	17	21	27
8228	2	24	6	26	9
8229	4	11	5	90	12
8230	2	19	19	22	25
8231	2	18	6	22	7
8232	2	26	24	18	48
8233	2	34	296	26	327
8234	2	29	24	33	31
8235	2	15	24	15	49
8236	4	10	6	221	12
8237	2	21	19	26	24
8238	4	7	5	105	13
8239	1	23	28	24	34
8240	2	11	6	11	11
8241	2	39	24	28	43
8242	2	16	6	13	10
8243	2	56	24	41	32
8244	2	14	11	18	16
8245	2	30	24	33	32
8246	2	18	28	22	34
8247	4	30	6	730	12
8248	2	14	20	18	26
8249	2	8	24	36	59
8250	2	11	24	8	24
8251	2	39	24	28	48
8252	2	8	14	5	19
8253	2	29	24	30	35
8254	2	6	19	12	25
8255	4	32	296	324	601
8256	2	21	6	23	6
8257	1	3	20	3	25
8258	4	29	24	495	71
8259	2	19	24	21	30
8260	4	29	24	493	59
8261	2	21	6	253	12
8262	2	18	6	21	11
8263	4	12	6	134	13
8264	2	16	20	16	26
8265	2	12	24	9	43
8266	2	5	16	11	22
8267	2	21	24	24	46
8268	2	17	16	23	37
8269	2	4	28	8	34
8270	2	22	28	28	34
8271	2	37	28	26	56
8272	2	4	20	8	26
8273	2	28	296	22	317
8274	2	19	15	25	21
8275	4	23	16	465	42
8276	4	33	24	739	73
8277	2	20	28	19	34
8278	2	12	13	11	19
8279	2	24	24	17	32
8280	2	16	296	13	316
8281	2	12	20	16	26
8282	2	5	6	7	6
8283	2	18	28	24	34
8284	2	16	6	21	11
8285	1	14	27	14	33
8286	1	12	24	12	45
8287	2	26	24	29	44
8288	4	15	296	66	622
8289	2	10	6	20	9
8290	2	26	6	35	7
8291	2	20	24	22	29
8292	2	21	24	16	48
8293	4	11	6	90	12
8294	2	14	295	10	317
8295	2	22	28	26	50
8296	2	27	24	31	46
8297	2	9	26	10	31
8298	2	26	16	31	21
8299	2	29	24	34	29
8300	4	24	295	190	614
8301	2	12	20	16	27
8302	2	6	20	13	26
8303	2	12	19	16	25
8304	2	24	19	32	25
8305	2	24	27	28	33
8306	4	25	20	404	32
8307	2	23	24	27	29
8308	2	8	291	6	300
8309	2	57	24	41	44
8310	2	28	6	34	11
8311	2	30	24	33	46
8312	2	10	6	20	7
8313	2	14	296	10	299
8314	2	18	6	17	11
8315	2	44	27	31	56
8316	2	27	24	27	46
8317	4	14	22	55	74
8318	1	9	24	9	49
8319	2	34	24	42	24
8320	2	23	24	24	44
8321	4	16	25	231	66
8322	4	9	6	181	14
8323	4	23	16	465	42
8324	2	20	24	21	49
8325	2	11	16	15	21
8326	1	8	24	8	45
8327	2	20	6	19	12
8328	4	30	24	594	61
8329	4	21	296	120	601
8330	8	13	23	715	109
8331	1	4	16	4	21
8332	4	27	24	190	60
8333	4	34	16	777	29
8334	2	6	19	7	24
8335	2	14	16	15	22
8336	4	44	296	628	599
8337	1	9	16	9	20
8338	2	5	11	10	17
8339	2	29	24	33	49
8340	2	20	24	14	44
8341	2	38	27	27	55
8342	2	18	23	22	38
8343	2	7	6	14	7
8344	1	11	19	12	24
8345	2	35	25	38	54
8346	2	11	15	22	21
8347	2	18	24	18	31
8348	2	8	23	11	44
8349	4	6	19	28	28
8350	4	4	20	36	29
8351	2	12	26	16	32
8352	2	17	27	22	47
8353	2	31	6	40	7
8354	2	8	6	7	6
8355	2	28	24	31	32
8356	2	7	6	9	10
8357	2	4	16	5	21
8358	4	9	16	78	41
8359	2	15	5	18	5
8360	2	8	24	5	28
8361	2	14	28	13	57
8362	4	18	16	276	42
8363	2	9	14	19	21
8364	2	8	6	16	7
8365	2	9	6	19	11
8366	2	17	24	18	30
8367	2	16	23	12	32
8368	2	22	16	22	23
8369	2	13	5	12	10
8370	2	27	24	27	29
8371	2	12	27	8	54
8372	4	16	16	210	40
8373	2	9	16	18	23
8374	4	57	24	861	58
8375	2	52	24	37	50
8376	2	16	24	12	28
8377	4	31	23	664	55
8378	2	19	24	13	45
8379	2	18	6	24	10
8380	2	17	24	17	50
8381	4	12	17	91	28
8382	2	11	15	15	20
8383	2	40	24	28	41
8384	4	32	24	701	58
8385	2	38	296	29	315
8386	2	12	15	15	22
8387	8	19	6	14565	26
8388	2	35	24	25	47
8389	2	17	15	21	21
8390	2	16	6	15	6
8391	2	14	28	18	34
8392	8	10	6	715	25
8393	2	19	20	26	26
8394	2	22	20	26	25
8395	2	14	24	10	45
8396	2	22	24	16	44
8397	2	37	24	27	28
8398	2	5	5	10	9
8399	4	19	16	325	58
8400	2	56	24	40	28
8401	2	9	26	12	47
8402	4	31	24	253	69
8403	2	22	6	23	6
8404	2	17	20	17	36
8405	2	6	16	8	35
8406	2	27	24	31	44
8407	2	28	28	32	52
8408	4	16	6	229	12
8409	4	15	24	105	62
8410	2	5	27	7	46
8411	4	10	6	103	13
8412	4	48	296	701	620
8413	2	18	24	21	27
8414	2	33	23	37	27
8415	4	10	23	28	54
8416	2	43	24	31	32
8417	2	16	24	17	34
8418	2	10	16	13	24
8419	2	12	20	16	26
8420	2	7	20	9	25
8421	2	21	24	22	31
8422	2	14	24	13	48
8423	1	17	26	17	31
8424	2	32	19	41	25
8425	2	12	25	14	31
8426	2	31	24	33	28
8427	4	12	28	131	39
8428	2	16	26	21	31
8429	2	16	256	20	262
8430	4	47	28	595	85
8431	2	20	20	27	26
8432	2	32	6	40	7
8433	4	21	6	349	12
8434	2	43	24	30	29
8435	2	32	6	42	6
8436	2	19	6	26	9
8437	4	20	24	210	74
8438	2	4	16	7	21
8439	2	22	28	26	57
8440	2	23	6	32	9
8441	2	15	28	16	56
8442	4	17	16	190	27
8443	2	12	24	12	31
8444	2	33	24	36	29
8445	2	23	16	31	26
8446	2	19	28	20	33
8447	2	16	6	32	7
8448	1	7	27	7	54
8449	4	27	24	491	54
8450	4	26	24	190	58
8451	4	53	24	741	59
8452	2	4	5	9	5
8453	2	30	24	35	29
8454	4	22	24	322	58
8455	2	14	24	15	29
8456	2	25	28	33	48
8457	4	7	6	99	12
8458	2	16	11	13	17
8459	2	15	295	11	299
8460	2	29	24	33	44
8461	2	18	24	13	44
8462	1	4	20	4	23
8463	2	6	27	7	33
8464	2	15	24	16	46
8465	2	43	24	30	46
8466	2	7	20	14	27
8467	4	26	24	460	52
8468	2	25	28	26	33
8469	2	24	28	32	33
8470	4	20	296	136	594
8471	2	7	6	8	9
8472	2	20	24	19	41
8473	2	23	296	18	301
8474	1	11	6	12	6
8475	4	12	24	91	72
8476	4	20	5	231	12
8477	2	16	28	16	34
8478	2	26	6	28	8
8479	1	10	16	10	21
8480	2	20	20	22	26
8481	2	22	23	15	28
8482	2	49	296	40	303
8483	4	34	24	300	58
8484	2	16	296	13	312
8485	8	38	24	27405	112
8486	1	22	17	20	23
8487	8	12	6	3605	27
8488	8	26	6	-1	-1
8489	1	22	6	22	6
8490	2	23	24	16	28
8491	4	27	24	491	58
8492	2	24	24	27	48
8493	4	9	20	65	32
8494	2	8	15	16	22
8495	2	13	16	17	21
8496	4	26	24	432	59
8497	4	30	24	590	58
8498	2	29	24	33	30
8499	4	15	6	300	14
8500	2	5	14	7	20
8501	1	16	20	16	26
8502	8	8	24	70	114
8503	2	29	24	20	33
8504	2	35	24	37	46
8505	2	50	24	36	29
8506	1	12	6	13	8
8507	2	19	6	19	7
8508	4	46	24	561	60
8509	2	6	15	7	24
8510	1	16	6	17	6
8511	4	12	296	45	599
8512	2	10	20	21	26
8513	2	19	28	26	33
8514	2	5	6	10	6
8515	4	45	24	561	58
8516	2	17	28	20	33
8517	2	25	296	18	305
8518	2	11	20	14	40
8519	2	16	16	21	21
8520	2	13	6	17	11
8521	4	34	24	666	59
8522	4	10	6	201	13
8523	2	48	24	35	48
8524	2	8	24	10	30
8525	2	25	20	31	26
8526	4	8	5	145	14
8527	4	34	6	857	14
8528	4	15	27	105	81
8529	2	33	24	35	48
8530	4	41	296	526	601
8531	2	25	20	29	25
8532	2	22	24	25	48
8533	2	21	16	28	37
8534	2	16	24	21	43
8535	2	4	16	5	22
8536	2	6	27	13	33
8537	2	16	16	17	22
8538	4	21	24	120	58
8539	2	16	20	15	25
8540	4	15	6	169	13
8541	2	12	19	16	24
8542	4	8	6	55	13
8543	2	24	16	31	35
8544	2	23	19	23	25
8545	2	29	24	32	30
8546	2	37	296	27	317
8547	4	19	6	323	14
8548	2	11	23	9	43
8549	2	24	28	25	34
8550	2	11	27	14	46
8551	2	7	14	8	19
8552	4	14	6	66	12
8553	2	25	24	28	40
8554	4	25	24	430	57
8555	4	4	5	33	12
8556	2	10	14	14	21
8557	4	26	6	463	13
8558	2	8	20	16	26
8559	2	32	24	35	47
8560	2	22	18	30	25
8561	2	21	23	22	33
8562	1	11	20	11	25
8563	2	11	16	22	23
8564	2	24	16	28	23
8565	2	32	22	22	26
8566	4	30	24	590	58
8567	2	6	6	21	11
8568	2	9	16	15	26
8569	2	19	6	19	7
8570	4	24	24	373	71
8571	1	22	28	22	33
8572	1	8	16	8	21
8573	4	53	24	780	59
8574	4	15	24	55	57
8575	2	20	15	18	21
8576	4	26	24	378	63
8577	2	9	13	18	20
8578	2	19	20	23	26
8579	2	33	24	36	45
8580	4	5	15	61	27
8581	4	41	24	435	57
8582	2	40	296	32	300
8583	1	24	25	24	30
8584	1	11	5	12	5
8585	4	4	6	36	12
8586	2	32	20	35	20
8587	4	30	6	659	15
8588	2	7	26	8	32
8589	4	11	5	36	11
8590	2	35	24	26	48
8591	2	8	28	16	35
8592	4	12	5	91	11
8593	2	19	25	24	31
8594	2	9	16	10	21
8595	2	19	296	15	301
8596	2	4	6	8	6
8597	4	39	24	406	54
8598	2	36	24	25	32
8599	2	4	6	9	6
8600	4	9	27	54	38
8601	2	24	6	27	12
8602	4	17	6	105	17
8603	2	27	28	32	34
8604	2	29	24	21	32
8605	2	10	16	13	35
8606	4	16	294	78	594
8607	2	44	24	32	40
8608	4	14	24	55	58
8609	4	19	24	105	72
8610	2	23	6	23	10
8611	2	6	28	7	33
8612	2	33	14	40	21
8613	2	10	6	13	10
8614	2	54	27	39	56
8615	2	50	24	35	29
8616	4	16	24	136	55
8617	4	42	24	465	59
8618	2	21	6	26	7
8619	2	48	24	35	34
8620	4	18	6	251	17
8621	2	28	28	33	35
8622	4	19	6	322	13
8623	2	33	26	38	56
8624	1	27	28	28	34
8625	2	21	6	231	17
8626	2	29	13	38	19
8627	2	16	28	16	55
8628	2	24	25	24	54
8629	8	32	6	-1	-1
8630	4	4	15	33	28
8631	1	3	5	3	10
8632	1	28	6	29	6
8633	2	30	23	22	32
8634	2	28	6	36	6
8635	2	8	20	10	25
8636	2	30	26	22	55
8637	4	31	6	590	14
8638	1	24	6	24	9
8639	2	35	24	26	49
8640	2	54	24	39	47
8641	4	20	5	153	18
8642	4	24	24	300	74
8643	2	13	15	10	20
8644	2	9	16	18	22
8645	1	26	6	24	7
8646	2	27	26	30	32
8647	4	23	5	325	12
8648	2	15	20	13	26
8649	4	7	13	105	24
8650	4	30	25	528	83
8651	2	25	16	29	22
8652	2	15	24	14	30
8653	2	31	24	32	49
8654	1	26	16	26	21
8655	2	19	16	24	22
8656	2	17	28	20	33
8657	2	7	24	15	30
8658	2	31	6	40	7
8659	2	37	24	26	43
8660	2	34	24	39	33
8661	2	18	6	15	6
8662	2	15	24	15	33
8663	2	50	24	36	29
8664	1	8	24	8	29
8665	4	34	24	300	72
8666	2	17	24	12	46
8667	2	9	6	9	6
8668	2	38	28	27	56
8669	4	23	6	1081	13
8670	1	17	16	18	23
8671	2	6	15	13	21
8672	2	13	6	17	6
8673	2	20	6	27	6
8674	2	27	296	22	319
8675	2	13	19	15	25
8676	2	7	15	9	21
8677	2	12	28	25	35
8678	1	18	20	18	25
8679	4	42	24	465	58
8680	8	43	24	-1	-1
8681	4	12	15	118	26
8682	2	26	16	31	22
8683	2	12	6	16	6
8684	2	14	6	14	10
8685	2	28	26	33	32
8686	2	11	19	15	25
8687	2	16	28	11	57
8688	1	10	6	10	6
8689	2	5	6	10	7
8690	2	20	6	19	6
8691	2	24	6	28	6
8692	2	15	6	20	11
8693	4	10	6	715	23
8694	2	29	24	31	32
8695	1	9	28	9	57
8696	2	27	22	19	46
8697	2	29	6	33	10
8698	2	39	24	28	34
8699	2	18	15	190	28
8700	2	16	28	20	33
8701	2	23	27	30	33
8702	1	18	6	18	6
8703	4	30	6	697	12
8704	1	5	24	5	49
8705	2	14	22	10	41
8706	4	51	296	818	602
8707	2	7	24	5	37
8708	2	32	24	35	45
8709	4	4	17	15	56
8710	2	4	19	8	24
8711	2	18	6	24	12
8712	2	18	24	17	34
8713	2	2	16	5	21
8714	2	23	28	23	56
8715	2	4	28	9	34
8716	2	11	6	23	7
8717	2	8	5	10	9
8718	2	45	24	32	47
8719	2	7	23	28	55
8720	2	14	6	120	12
8721	2	32	296	26	306
8722	2	9	16	12	26
8723	4	15	24	66	57
8724	4	22	6	346	12
8725	4	20	24	120	73
8726	2	5	26	10	32
8727	4	24	6	376	13
8728	2	12	14	16	20
8729	4	27	15	406	28
8730	8	7	6	450	25
8731	2	11	5	10	9
8732	1	22	6	23	6
8733	2	14	27	17	32
8734	4	22	23	136	54
8735	1	10	5	10	10
8736	1	22	6	22	10
8737	2	20	6	21	10
8738	2	3	6	7	11
8739	2	12	6	25	7
8740	1	12	6	12	6
8741	4	48	296	739	621
8742	4	12	6	135	11
8743	2	12	6	16	6
8744	4	23	24	300	57
8745	2	9	6	12	11
8746	2	25	6	26	8
8747	2	8	6	7	11
8748	2	2	28	4	34
8749	2	6	19	8	38
8750	2	18	5	18	5
8751	4	23	6	349	13
8752	2	20	24	15	31
8753	4	31	24	625	59
8754	1	3	17	3	22
8755	2	24	24	25	47
8756	1	10	27	10	33
8757	2	32	6	35	10
8758	1	6	24	6	48
8759	4	21	24	231	53
8760	2	5	28	11	34
8761	2	25	14	33	21
8762	2	42	24	30	35
8763	2	50	24	36	28
8764	4	10	290	28	589
8765	2	30	23	22	48
8766	2	46	28	33	56
8767	2	45	28	32	53
8768	4	17	24	78	55
8769	4	34	24	736	58
8770	2	25	24	29	44
8771	2	2	26	4	30
8772	2	9	28	10	33
8773	2	13	28	14	33
8774	2	23	28	31	34
8775	4	29	28	731	41
8776	4	25	6	591	12
8777	4	14	296	55	620
8778	1	12	24	12	34
8779	2	4	19	9	25
8780	4	7	6	21	17
8781	2	15	16	17	22
8782	1	20	27	20	33
8783	2	28	28	33	34
8784	2	33	296	25	320
8785	2	16	10	21	16
8786	2	17	27	16	55
8787	2	9	6	18	7
8788	2	5	6	10	9
8789	4	3	19	25	32
8790	2	9	6	10	6
8791	2	35	24	38	42
8792	2	21	6	26	6
8793	2	32	6	40	10
8794	2	45	296	36	317
8795	2	13	16	17	36
8796	2	12	28	78	42
8797	2	10	28	13	49
8798	2	33	19	41	25
8799	2	18	24	18	28
8800	2	33	296	27	302
8801	2	32	24	23	34
8802	2	27	24	31	40
8803	2	42	24	30	47
8804	2	7	11	9	17
8805	2	23	296	19	318
8806	2	50	296	39	320
8807	2	21	20	28	40
8808	2	21	28	28	33
8809	2	9	5	12	9
8810	2	36	24	25	28
8811	1	27	20	28	26
8812	2	17	20	22	40
8813	2	29	6	38	10
8814	2	25	16	29	21
8815	2	24	16	32	23
8816	2	20	24	23	33
8817	2	26	6	31	7
8818	2	30	24	22	30
8819	2	32	6	37	7
8820	2	14	28	14	34
8821	2	8	26	9	32
8822	4	6	15	36	38
8823	2	13	15	13	21
8824	2	15	28	18	33
8825	2	32	20	40	26
8826	4	7	6	99	13
8827	2	19	24	23	44
8828	2	25	16	33	26
8829	4	20	6	402	13
8830	2	10	12	20	18
8831	2	8	20	8	25
8832	4	15	6	208	13
8833	2	20	6	21	7
8834	2	46	296	36	299
8835	4	9	6	181	14
8836	4	15	6	185	13
8837	2	24	16	32	21
8838	4	55	24	780	57
8839	2	16	296	12	329
8840	2	34	23	42	28
8841	2	6	20	13	26
8842	2	12	6	24	7
8843	1	7	24	7	42
8844	4	29	24	435	57
8845	2	28	24	29	50
8846	2	11	293	9	293
8847	2	9	20	19	27
8848	4	20	6	402	18
8849	2	30	24	34	30
8850	2	24	24	28	47
8851	4	16	24	66	55
8852	2	56	24	40	33
8853	2	30	295	23	300
8854	2	34	6	42	12
8855	2	7	5	9	5
8856	2	15	6	20	11
8857	4	7	28	113	41
8858	2	48	24	34	49
8859	4	17	5	105	12
8860	2	18	20	17	26
8861	2	16	28	16	55
8862	2	25	28	33	50
8863	1	24	6	24	7
8864	2	8	6	16	12
8865	8	18	24	3060	119
8866	4	21	296	135	617
8867	2	10	6	10	6
8868	2	51	24	36	35
8869	2	15	5	15	6
8870	2	32	24	34	33
8871	4	10	6	103	13
8872	8	11	6	10165	30
8873	2	23	24	27	28
8874	2	10	15	11	20
8875	2	14	15	17	20
8876	2	24	24	26	33
8877	2	11	14	14	20
8878	4	7	5	44	11
8879	2	15	6	21	11
8880	2	11	28	12	34
8881	2	21	14	25	20
8882	2	10	25	14	46
8883	2	6	16	5	21
8884	4	11	5	104	12
8885	4	7	6	36	13
8886	2	10	5	7	5
8887	4	15	24	105	58
8888	2	35	296	28	301
8889	2	17	24	16	33
8890	2	20	16	23	22
8891	1	20	20	21	25
8892	2	50	296	39	325
8893	1	14	6	14	11
8894	2	35	28	40	56
8895	2	10	15	13	20
8896	2	26	24	18	29
8897	2	9	20	10	26
8898	2	3	14	6	20
8899	4	14	5	188	13
8900	2	28	6	32	11
8901	4	7	5	28	11
8902	2	28	24	20	48
8903	2	18	28	19	56
8904	2	18	24	19	42
8905	2	27	13	30	19
8906	2	20	6	22	11
8907	2	13	6	10	6
8908	2	44	27	31	55
8909	2	10	24	9	31
8910	2	19	20	26	41
8911	2	26	24	29	49
8912	2	17	24	21	44
8913	4	22	6	461	13
8914	2	24	6	27	6
8915	2	31	24	22	44
8916	2	42	296	33	305
8917	4	14	24	91	57
8918	2	13	6	26	12
8919	4	7	6	113	14
8920	2	6	6	13	10
8921	2	21	16	26	23
8922	2	22	6	29	11
8923	2	18	6	17	12
8924	2	6	18	13	25
8925	4	10	6	221	15
8926	2	42	296	33	302
8927	2	32	24	33	32
8928	2	9	28	19	34
8929	4	12	6	91	12
8930	4	31	24	625	53
8931	2	13	23	10	26
8932	2	8	27	5	31
8933	2	31	24	22	43
8934	4	22	6	253	13
8935	4	42	24	465	59
8936	2	33	24	24	43
8937	2	27	6	30	10
8938	2	5	27	11	33
8939	4	12	20	135	33
8940	2	18	24	18	33
8941	2	34	6	43	6
8942	2	9	6	19	7
8943	4	13	6	339	15
8944	2	31	24	33	46
8945	4	24	6	557	13
8946	1	24	16	24	23
8947	2	19	28	25	48
8948	4	7	15	45	33
8949	2	21	296	14	301
8950	4	7	6	28	12
8951	2	27	15	31	21
8952	2	42	296	33	320
8953	1	24	6	24	12
8954	2	42	296	33	321
8955	2	4	5	9	11
8956	1	10	16	10	19
8957	4	10	13	45	23
8958	2	26	20	29	26
8959	4	8	16	55	42
8960	2	7	28	5	56
8961	2	18	6	171	14
8962	2	18	24	18	44
8963	2	20	24	24	29
8964	2	26	24	29	49
8965	2	14	12	14	18
8966	2	4	15	9	21
8967	2	11	28	22	34
8968	2	3	16	4	18
8969	2	27	28	32	33
8970	2	20	27	24	32
8971	4	34	24	703	60
8972	2	17	19	23	24
8973	4	6	6	85	14
8974	1	22	6	22	6
8975	2	12	27	25	34
8976	4	17	24	136	56
8977	4	11	6	243	15
8978	2	24	27	32	32
8979	2	11	6	22	10
8980	4	17	6	171	12
8981	4	15	6	208	13
8982	2	7	6	15	10
8983	4	7	26	28	35
8984	2	22	24	26	46
8985	2	9	23	6	28
8986	4	24	24	153	57
8987	2	29	26	34	55
8988	2	10	6	21	6
8989	2	5	16	10	22
8990	2	34	19	40	25
8991	2	27	24	30	49
8992	2	12	28	14	33
8993	2	13	26	17	46
8994	1	8	15	8	20
8995	2	6	20	13	25
8996	2	28	15	32	21
8997	2	16	296	12	310
8998	2	28	16	36	22
8999	2	19	6	18	7
9000	2	10	6	13	8
9001	4	17	6	105	13
9002	1	10	16	10	22
9003	4	31	23	231	55
9004	2	42	296	33	301
9005	2	56	28	40	56
9006	1	18	5	18	6
9007	4	21	6	348	13
9008	4	18	295	105	598
9009	2	14	26	17	32
9010	1	5	6	5	10
9011	2	22	28	26	35
9012	2	42	24	30	28
9013	2	20	16	24	22
9014	1	7	20	8	25
9015	2	8	24	9	29
9016	4	30	24	528	61
9017	4	15	20	120	32
9018	2	3	17	6	22
9019	2	8	6	10	12
9020	4	7	24	21	58
9021	2	14	20	19	26
9022	2	2	20	5	26
9023	2	18	295	13	299
9024	2	18	16	24	37
9025	2	9	25	11	31
9026	2	12	28	16	34
9027	2	34	24	40	41
9028	1	18	16	19	23
9029	2	29	6	33	7
9030	2	30	27	31	56
9031	2	45	296	36	305
9032	2	6	16	12	21
9033	2	17	18	23	39
9034	2	33	24	38	34
9035	2	25	294	18	313
9036	2	29	6	36	12
9037	4	17	6	273	13
9038	2	27	6	29	6
9039	2	8	20	16	26
9040	1	6	24	6	28
9041	2	20	6	21	8
9042	2	21	14	26	20
9043	2	35	24	25	29
9044	2	15	24	16	45
9045	4	18	6	171	13
9046	2	15	20	21	27
9047	4	21	26	231	38
9048	2	21	23	22	33
9049	1	16	6	16	6
9050	2	33	24	35	42
9051	2	30	26	34	55
9052	2	22	24	23	46
9053	1	10	13	11	20
9054	4	22	24	346	59
9055	2	12	24	10	45
9056	4	7	24	15	67
9057	4	18	6	171	12
9058	4	25	24	430	59
9059	1	8	6	8	6
9060	2	22	23	27	42
9061	4	22	18	346	31
9062	2	14	24	14	28
9063	2	6	6	11	11
9064	4	31	6	808	13
9065	2	17	19	19	25
9066	2	19	16	24	22
9067	1	12	16	13	22
9068	2	37	296	28	326
9069	4	15	6	228	14
9070	2	20	6	19	6
9071	2	24	24	18	33
9072	2	27	27	31	55
9073	2	16	16	21	22
9074	2	24	27	29	33
9075	2	33	24	36	34
9076	2	19	28	25	34
9077	2	26	6	27	12
9078	2	24	16	26	22
9079	2	12	6	78	13
9080	2	10	19	20	26
9081	2	12	22	9	46
9082	2	12	28	24	34
9083	2	8	6	36	12
9084	4	3	20	25	30
9085	2	12	24	13	31
9086	4	4	28	41	40
9087	2	47	296	37	314
9088	4	9	6	65	12
9089	4	7	6	21	12
9090	2	20	296	15	319
9091	2	27	24	28	45
9092	4	14	6	166	13
9093	2	24	28	28	57
9094	2	12	6	16	10
9095	2	9	27	19	33
9096	4	7	24	15	67
9097	4	14	6	91	13
9098	2	9	6	6	11
9099	2	5	5	6	7
9100	4	17	6	251	13
9101	2	22	24	27	29
9102	2	27	24	28	30
9103	4	32	6	776	13
9104	2	8	6	17	6
9105	2	20	6	27	11
9106	1	8	20	8	25
9107	2	16	296	12	315
9108	2	23	17	30	37
9109	2	7	15	14	21
9110	2	14	24	14	28
9111	4	19	6	210	14
9112	2	46	24	33	34
9113	2	27	295	22	323
9114	8	8	6	2945	30
9115	2	14	15	18	20
9116	2	26	24	19	44
9117	2	11	19	11	25
9118	8	8	6	3649	29
9119	2	22	24	20	48
9120	4	48	24	595	56
9121	2	55	24	39	30
9122	2	43	296	34	320
9123	2	38	23	27	28
9124	2	5	6	10	10
9125	4	22	6	275	13
9126	2	22	23	22	28
9127	2	19	28	20	33
9128	4	32	6	932	14
9129	2	8	15	10	20
9130	2	10	6	21	7
9131	2	23	24	27	33
9132	2	14	24	10	34
9133	4	13	6	78	12
9134	8	6	16	322	83
9135	2	7	14	9	20
9136	2	27	296	22	302
9137	2	23	24	17	28
9138	4	13	296	45	603
9139	2	27	6	33	7
9140	2	30	24	34	29
9141	4	22	20	276	32
9142	2	11	28	14	34
9143	2	25	23	29	32
9144	2	9	28	18	34
9145	4	12	24	91	57
9146	2	11	5	13	10
9147	2	6	28	7	34
9148	4	23	24	276	73
9149	4	18	6	120	13
9150	2	14	6	19	12
9151	2	38	24	27	43
9152	2	48	24	34	49
9153	2	46	27	33	55
9154	4	10	16	91	42
9155	2	15	6	20	7
9156	1	9	28	9	54
9157	2	33	24	38	29
9158	4	21	5	231	12
9159	1	20	6	20	7
9160	2	5	6	10	7
9161	1	22	6	20	6
9162	2	30	23	33	32
9163	4	35	24	740	59
9164	2	13	24	17	44
9165	4	19	15	231	27
9166	2	19	6	23	8
9167	4	18	6	251	12
9168	2	5	16	11	22
9169	2	18	6	17	6
9170	2	20	16	26	23
9171	2	22	16	30	38
9172	2	11	24	66	56
9173	2	34	26	40	53
9174	2	11	13	22	20
9175	4	13	4	105	9
9176	1	20	6	21	6
9177	2	48	296	38	307
9178	2	12	5	16	9
9179	2	10	26	21	32
9180	4	22	24	346	58
9181	4	10	6	201	14
9182	2	10	22	7	27
9183	2	6	28	13	34
9184	2	7	20	7	25
9185	4	4	6	41	12
9186	2	40	28	28	57
9187	2	14	20	19	25
9188	2	34	24	39	45
9189	2	13	20	15	25
9190	2	20	6	210	13
9191	2	8	6	10	9
9192	8	17	293	1365	1189
9193	4	8	20	28	30
9194	4	22	14	253	26
9195	8	17	24	5985	104
9196	2	8	26	17	33
9197	2	20	23	24	42
9198	2	31	6	39	10
9199	4	24	20	492	33
9200	2	22	6	30	7
9201	4	23	296	171	602
9202	2	27	24	28	44
9203	8	28	23	8855	108
9204	2	11	25	23	32
9205	2	11	6	21	11
9206	4	9	6	66	13
9207	8	33	24	-1	-1
9208	2	11	27	8	32
9209	4	23	21	404	70
9210	2	23	28	27	34
9211	4	27	24	462	76
9212	2	9	24	8	44
9213	2	9	6	16	12
9214	2	24	28	33	34
9215	2	16	23	15	28
9216	4	25	24	430	53
9217	2	8	16	8	22
9218	4	54	24	741	58
9219	2	42	28	31	57
9220	4	17	6	250	13
9221	2	25	6	29	7
9222	2	27	6	35	6
9223	2	38	24	27	45
9224	2	10	16	20	22
9225	4	10	5	100	12
9226	2	23	296	18	303
9227	4	8	6	54	12
9228	4	13	22	45	54
9229	4	18	6	105	13
9230	4	33	24	739	55
9231	2	16	26	18	53
9232	2	24	6	28	12
9233	4	23	6	373	13
9234	2	7	22	5	22
9235	2	13	5	13	5
9236	2	21	24	24	34
9237	2	30	19	38	26
9238	4	6	17	73	29
9239	2	20	6	24	12
9240	4	10	6	90	12
9241	4	36	24	325	58
9242	2	8	5	5	9
9243	4	11	6	265	18
9244	4	34	6	857	14
9245	2	19	6	26	9
9246	4	20	6	375	13
9247	2	12	5	16	11
9248	2	26	16	33	22
9249	4	28	20	622	32
9250	2	18	28	19	56
9251	8	32	6	-1	-1
9252	2	24	6	33	7
9253	2	31	27	35	55
9254	4	15	6	78	12
9255	2	35	24	26	53
9256	2	25	6	29	6
9257	2	31	28	36	55
9258	2	28	6	34	7
9259	2	47	25	34	54
9260	4	30	24	253	59
9261	1	38	6	38	11
9262	2	8	28	6	33
9263	4	40	296	526	602
9264	2	28	24	29	44
9265	1	4	5	4	3
9266	4	28	6	728	13
9267	4	2	5	6	18
9268	2	38	24	27	42
9269	2	11	15	23	21
9270	4	20	24	231	60
9271	2	28	24	30	46
9272	4	4	20	15	60
9273	2	30	24	21	44
9274	4	22	20	275	32
9275	2	20	25	21	51
9276	4	22	23	346	70
9277	2	24	20	28	26
9278	2	32	6	42	6
9279	4	48	24	630	61
9280	2	29	24	33	46
9281	4	6	16	28	44
9282	4	20	16	351	43
9283	2	44	296	35	305
9284	2	25	6	29	6
9285	1	16	6	16	7
9286	2	22	296	17	301
9287	2	14	27	13	56
9288	4	31	24	664	61
9289	2	28	24	33	46
9290	2	9	5	12	6
9291	2	27	24	31	31
9292	2	20	24	20	42
9293	4	24	16	528	42
9294	2	19	19	22	25
9295	2	4	27	7	32
9296	4	29	15	556	29
9297	2	13	16	17	22
9298	2	30	23	34	32
9299	4	19	24	271	59
9300	2	14	16	18	21
9301	2	10	6	20	12
9302	2	3	6	7	9
9303	2	56	24	39	46
9304	4	27	6	522	13
9305	4	54	24	741	59
9306	2	11	6	15	11
9307	4	26	16	464	29
9308	4	49	24	666	59
9309	4	29	6	496	12
9310	2	7	15	9	17
9311	2	32	16	42	22
9312	2	53	24	38	28
9313	2	18	16	15	22
9314	2	27	296	21	301
9315	2	6	20	5	25
9316	2	10	5	14	7
9317	2	11	28	13	34
9318	2	15	28	16	56
9319	2	29	28	33	56
9320	2	23	28	27	57
9321	4	14	6	105	12
9322	2	44	28	31	56
9323	2	12	17	15	22
9324	4	4	16	21	43
9325	2	18	5	14	9
9326	4	8	6	145	14
9327	4	26	6	460	13
9328	2	9	16	12	22
9329	2	9	13	18	19
9330	2	9	13	19	20
9331	4	11	27	55	82
9332	2	2	5	4	9
9333	4	19	24	190	58
9334	4	11	5	90	13
9335	2	5	6	6	9
9336	2	11	6	22	7
9337	4	29	24	556	57
9338	1	6	6	6	6
9339	2	35	24	37	29
9340	2	32	6	42	11
9341	4	14	6	166	12
9342	2	20	16	40	22
9343	2	10	6	21	7
9344	2	45	296	36	317
9345	2	14	6	19	6
9346	2	36	296	29	314
9347	4	12	6	66	11
9348	4	10	6	221	14
9349	1	18	16	18	22
9350	2	9	14	6	18
9351	2	6	6	21	11
9352	4	12	16	131	27
9353	4	23	16	465	43
9354	2	12	24	11	32
9355	2	19	6	22	6
9356	4	12	6	118	13
9357	4	6	15	36	41
9358	2	30	25	34	52
9359	2	12	19	24	26
9360	4	8	24	15	54
9361	1	10	24	10	45
9362	2	21	19	28	24
9363	2	19	16	25	26
9364	2	25	6	29	8
9365	2	30	24	35	31
9366	4	9	24	21	57
9367	4	31	28	528	85
9368	4	46	24	528	59
9369	1	28	6	28	10
9370	1	9	5	10	5
9371	2	32	6	42	6
9372	2	34	15	43	21
9373	4	26	14	464	27
9374	2	22	14	30	20
9375	2	11	6	12	9
9376	1	10	6	10	7
9377	2	19	6	24	7
9378	1	16	6	16	6
9379	2	10	27	8	56
9380	4	3	5	25	13
9381	2	8	6	8	10
9382	2	9	6	12	12
9383	2	8	28	7	55
9384	2	33	20	42	25
9385	2	6	16	8	21
9386	2	42	296	33	303
9387	2	10	28	13	33
9388	2	4	16	8	21
9389	2	11	19	22	25
9390	4	27	24	435	57
9391	2	41	26	29	54
9392	2	30	24	21	44
9393	2	46	24	33	29
9394	2	24	24	17	48
9395	2	12	24	11	46
9396	2	3	19	5	25
9397	2	35	24	25	33
9398	2	28	28	20	56
9399	2	25	6	34	11
9400	2	48	25	35	54
9401	1	25	6	26	7
9402	2	6	16	8	18
9403	8	43	296	-1	-1
9404	8	11	6	715	26
9405	2	23	23	28	42
9406	2	20	25	21	31
9407	2	7	6	14	11
9408	2	24	24	28	46
9409	2	23	6	27	6
9410	2	42	24	30	29
9411	2	11	15	22	21
9412	2	12	15	15	22
9413	4	33	24	665	63
9414	4	9	27	66	39
9415	2	11	27	14	32
9416	8	7	16	486	79
9417	2	18	296	13	314
9418	2	9	18	12	38
9419	2	44	296	35	302
9420	1	27	26	28	31
9421	2	40	23	28	28
9422	2	8	25	6	49
9423	2	9	6	18	11
9424	4	12	6	134	13
9425	2	20	24	24	49
9426	1	11	6	12	7
9427	2	7	20	9	26
9428	2	27	24	31	43
9429	1	9	27	9	55
9430	2	9	6	6	10
9431	2	9	28	10	34
9432	4	35	24	775	57
9433	2	16	20	13	26
9434	2	9	24	6	33
9435	2	48	24	35	43
9436	2	23	24	24	32
9437	2	42	24	31	40
9438	2	5	6	11	7
9439	2	54	24	38	29
9440	2	34	24	39	45
9441	1	12	20	12	25
9442	2	9	28	12	33
9443	2	20	296	16	300
9444	2	17	6	23	6
9445	2	5	23	6	44
9446	2	15	28	16	57
9447	2	2	6	4	10
9448	2	21	27	28	33
9449	2	19	28	19	34
9450	2	24	24	25	29
9451	2	32	296	25	301
9452	4	20	24	375	36
9453	2	19	23	14	27
9454	1	12	6	12	11
9455	4	11	16	105	42
9456	2	34	6	38	7
9457	2	51	25	36	54
9458	4	49	24	666	59
9459	2	18	28	22	33
9460	2	12	24	11	47
9461	4	4	15	15	39
9462	4	7	6	44	12
9463	2	26	24	27	29
9464	2	33	24	38	47
9465	2	18	16	22	22
9466	4	27	16	654	29
9467	2	20	296	15	324
9468	2	17	16	22	23
9469	1	12	28	12	34
9470	4	6	5	15	14
9471	2	19	16	23	22
9472	2	22	20	28	25
9473	4	12	6	313	14
9474	4	32	24	661	57
9475	2	21	24	24	29
9476	2	8	23	5	26
9477	2	6	16	12	23
9478	4	47	24	561	76
9479	2	30	24	34	49
9480	2	3	20	6	26
9481	2	6	25	12	30
9482	2	8	6	16	6
9483	2	23	28	31	34
9484	1	20	6	21	6
9485	2	9	17	18	23
9486	2	12	24	11	32
9487	2	20	24	23	45
9488	4	8	6	145	17
9489	4	16	6	205	16
9490	2	18	24	21	45
9491	2	28	28	32	34
9492	2	8	24	5	49
9493	2	21	28	22	57
9494	2	21	16	28	25
9495	2	36	26	42	54
9496	2	7	6	7	6
9497	2	25	25	33	46
9498	2	5	5	21	11
9499	2	18	6	19	10
9500	2	33	24	37	47
9501	1	11	24	11	51
9502	2	21	6	26	11
9503	2	21	6	21	11
9504	2	53	24	36	45
9505	2	12	19	24	26
9506	2	16	18	21	38
9507	2	8	15	17	20
9508	2	11	6	22	9
9509	2	19	27	22	34
9510	2	12	23	12	28
9511	2	21	24	25	47
9512	2	26	24	19	45
9513	8	33	6	-1	-1
9514	4	34	24	700	55
9515	4	20	6	374	13
9516	2	5	15	11	21
9517	4	29	296	252	601
9518	2	50	296	39	301
9519	2	11	23	12	40
9520	4	20	14	375	26
9521	2	15	6	20	10
9522	2	10	6	19	9
9523	2	6	20	12	26
9524	4	12	19	134	30
9525	2	24	6	300	12
9526	1	12	28	12	33
9527	2	23	28	31	34
9528	2	34	24	38	28
9529	4	18	19	210	31
9530	4	31	24	253	54
9531	4	51	24	666	64
9532	4	17	6	153	14
9533	2	9	27	7	32
9534	2	25	6	29	10
9535	2	15	24	16	31
9536	2	9	28	10	52
9537	2	15	6	21	7
9538	1	22	6	22	11
9539	2	24	16	32	21
9540	2	15	20	15	26
9541	4	6	6	15	12
9542	2	24	23	25	45
9543	2	15	15	19	21
9544	2	16	5	16	6
9545	2	26	6	33	10
9546	2	13	17	17	23
9547	4	5	6	51	13
9548	2	7	19	14	24
9549	2	44	28	31	56
9550	1	22	6	22	6
9551	4	24	6	300	14
9552	4	5	6	51	12
9553	1	6	28	6	53
9554	4	31	6	733	13
9555	2	30	24	22	30
9556	4	35	24	351	59
9557	1	12	28	12	58
9558	2	34	16	43	21
9559	2	24	26	32	32
9560	2	8	6	16	10
9561	2	23	16	31	35
9562	2	16	28	12	54
9563	1	6	15	6	19
9564	2	17	20	17	25
9565	2	7	3	6	3
9566	4	27	24	190	59
9567	2	22	19	30	25
9568	4	28	24	378	71
9569	2	34	24	35	44
9570	2	5	18	10	24
9571	2	23	6	27	10
9572	2	24	293	18	297
9573	4	31	24	253	74
9574	4	16	24	66	58
9575	2	33	27	37	55
9576	2	12	28	24	34
9577	2	48	296	38	314
9578	4	31	24	528	55
9579	2	42	296	32	317
9580	2	5	6	11	10
9581	2	8	28	10	33
9582	4	4	6	33	13
9583	4	21	6	403	13
9584	2	31	24	31	43
9585	2	28	15	32	21
9586	2	11	24	12	44
9587	4	12	20	289	33
9588	2	5	19	11	25
9589	4	41	24	435	72
9590	2	32	24	23	29
9591	2	43	296	34	313
9592	2	14	27	19	33
9593	2	28	16	33	22
9594	4	35	6	1022	14
9595	1	20	6	20	11
9596	2	3	20	7	25
9597	1	13	15	14	21
9598	2	8	19	17	26
9599	1	9	24	9	49
9600	4	22	15	253	28
9601	2	5	24	10	30
9602	2	35	28	37	58
9603	4	11	20	243	33
9604	2	8	20	17	26
9605	2	13	5	10	5
9606	2	12	13	16	20
9607	2	21	24	24	29
9608	2	14	14	120	26
9609	2	13	16	18	20
9610	2	4	26	10	35
9611	1	6	25	6	29
9612	2	7	24	28	59
9613	4	17	6	251	12
9614	2	11	28	12	33
9615	1	21	14	22	20
9616	4	31	24	592	60
9617	4	5	6	51	15
9618	2	51	28	37	55
9619	4	5	5	27	11
9620	2	11	24	12	39
9621	4	35	24	325	59
9622	2	40	24	28	33
9623	2	35	24	24	28
9624	2	9	24	10	41
9625	4	9	16	77	26
9626	2	10	16	14	22
9627	2	2	26	4	33
9628	2	22	24	16	33
9629	2	13	28	14	55
9630	2	9	15	12	25
9631	2	18	6	136	17
9632	2	7	6	14	7
9633	2	14	6	12	10
9634	2	17	24	18	33
9635	4	13	23	91	55
9636	4	22	24	346	73
9637	4	17	6	205	18
9638	2	43	26	31	53
9639	2	50	28	36	57
9640	2	10	27	8	33
9641	2	9	17	18	24
9642	2	18	22	24	28
9643	2	36	27	38	56
9644	2	8	13	16	20
9645	2	24	24	27	33
9646	1	9	28	9	57
9647	2	23	27	23	56
9648	2	15	28	11	56
9649	4	16	6	91	13
9650	4	48	296	739	601
9651	2	23	296	17	305
9652	4	9	5	54	12
9653	2	7	19	36	30
9654	2	21	26	24	55
9655	2	14	6	120	14
9656	4	7	23	15	53
9657	2	9	16	18	23
9658	2	52	24	37	29
9659	2	6	6	13	10
9660	2	24	24	28	33
9661	2	26	24	18	47
9662	2	27	24	31	33
9663	2	20	24	19	45
9664	8	3	6	129	26
9665	2	13	21	18	41
9666	2	38	24	27	28
9667	4	28	24	210	72
9668	2	40	296	31	298
9669	4	8	6	145	14
9670	2	10	6	36	13
9671	2	17	20	20	26
9672	2	23	24	16	29
9673	2	12	23	8	28
9674	4	25	28	325	86
9675	2	32	22	36	40
9676	2	24	296	19	301
9677	2	24	24	28	29
9678	2	12	20	16	26
9679	4	34	26	778	80
9680	1	26	6	26	11
9681	2	29	20	35	27
9682	1	9	25	10	31
9683	2	15	24	16	48
9684	2	27	6	33	6
9685	4	12	23	36	56
9686	1	24	6	25	11
9687	2	32	24	37	29
9688	2	9	23	11	30
9689	1	22	19	20	25
9690	1	19	6	20	6
9691	2	8	5	8	7
9692	4	20	26	378	67
9693	2	28	16	32	22
9694	4	9	6	163	12
9695	2	18	16	24	25
9696	4	22	16	346	29
9697	2	30	14	34	20
9698	2	32	20	37	25
9699	2	28	6	32	7
9700	4	30	23	628	62
9701	2	32	296	26	309
9702	2	6	20	7	25
9703	2	2	20	4	25
9704	1	6	20	7	25
9705	4	30	24	628	55
9706	2	14	23	15	46
9707	4	13	24	45	56
9708	2	46	296	36	318
9709	4	9	28	66	70
9710	1	13	28	13	57
9711	2	25	19	34	25
9712	2	5	26	6	30
9713	2	45	24	32	34
9714	1	11	24	11	43
9715	8	15	24	3060	113
9716	4	16	24	170	57
9717	2	43	296	35	305
9718	4	24	6	433	13
9719	2	23	15	27	21
9720	2	21	16	28	20
9721	4	23	24	136	79
9722	2	15	24	15	44
9723	2	7	16	9	36
9724	2	20	27	26	48
9725	2	50	24	36	46
9726	2	22	28	22	34
9727	2	24	6	25	9
9728	2	43	24	31	28
9729	2	35	24	25	31
9730	4	12	16	313	29
9731	2	10	16	13	22
9732	2	8	5	36	11
9733	2	5	4	6	5
9734	2	17	16	22	36
9735	4	18	16	276	41
9736	2	30	24	34	30
9737	2	26	19	27	24
9738	2	31	24	35	28
9739	1	10	15	10	22
9740	2	35	28	24	57
9741	2	14	14	17	20
9742	2	13	6	26	9
9743	1	10	6	11	6
9744	2	24	16	32	21
9745	2	36	24	25	28
9746	1	7	6	7	6
9747	2	25	16	33	21
9748	2	22	24	22	29
9749	2	18	28	23	49
9750	2	7	6	14	7
9751	4	47	24	595	58
9752	2	26	28	30	34
9753	2	11	18	23	24
9754	2	8	6	16	11
9755	4	23	6	524	19
9756	2	36	296	29	303
9757	2	5	20	10	26
9758	4	6	23	126	92
9759	4	36	24	815	59
9760	2	10	20	21	26
9761	4	18	24	190	50
9762	2	18	24	13	29
9763	2	18	20	18	25
9764	2	27	15	32	21
9765	2	18	24	21	45
9766	2	19	5	22	6
9767	2	22	14	24	20
9768	2	29	24	20	28
9769	2	4	28	5	43
9770	2	21	6	21	11
9771	2	10	20	14	41
9772	2	9	27	5	55
9773	2	10	19	13	24
9774	2	10	6	13	11
9775	2	29	24	34	32
9776	2	14	27	13	32
9777	2	26	26	33	32
9778	2	8	27	5	51
9779	2	18	16	24	21
9780	2	27	15	32	21
9781	2	32	24	23	30
9782	1	14	18	14	23
9783	2	31	14	40	20
9784	2	23	6	25	8
9785	4	12	16	136	59
9786	1	16	28	17	34
9787	2	33	24	38	29
9788	2	20	20	18	25
9789	4	24	6	300	13
9790	2	38	24	28	33
9791	2	11	6	9	6
9792	2	30	24	35	26
9793	2	13	24	12	30
9794	2	23	6	31	9
9795	4	53	24	780	73
9796	2	15	6	19	12
9797	2	6	26	9	31
9798	2	26	20	35	26
9799	4	10	6	45	12
9800	2	45	24	32	44
9801	4	45	24	528	62
9802	2	3	5	6	10
9803	2	25	27	29	52
9804	2	12	15	25	21
9805	2	6	6	12	6
9806	4	6	5	126	22
9807	2	21	24	21	49
9808	2	2	6	4	12
9809	2	11	6	15	9
9810	2	11	16	14	35
9811	4	16	6	229	12
9812	1	21	15	21	21
9813	2	11	28	11	33
9814	2	22	16	29	22
9815	2	20	6	210	13
9816	4	13	24	1365	115
9817	4	14	16	190	42
9818	2	25	6	34	7
9819	4	25	24	561	64
9820	2	18	19	24	39
9821	2	21	24	24	50
9822	4	28	27	559	84
9823	2	35	24	25	33
9824	2	17	294	12	327
9825	4	34	24	666	59
9826	2	27	25	29	31
9827	4	5	5	21	11
9828	4	33	6	850	13
9829	2	14	28	17	34
9830	2	13	26	12	53
9831	2	8	6	15	7
9832	4	17	6	136	12
9833	8	5	6	681	29
9834	2	6	6	12	7
9835	4	15	20	185	39
9836	4	8	5	21	11
9837	2	4	6	9	6
9838	1	8	6	8	5
9839	2	29	27	33	32
9840	2	4	5	8	11
9841	2	31	24	32	48
9842	8	26	24	34713	117
9843	2	19	6	20	6
9844	2	35	24	38	33
9845	4	24	6	1176	14
9846	2	12	5	11	9
9847	4	2	16	10	25
9848	4	5	6	55	12
9849	2	29	6	32	11
9850	2	38	296	30	318
9851	4	23	24	136	54
9852	2	16	18	21	38
9853	2	13	24	12	29
9854	2	8	24	7	34
9855	4	19	28	91	80
9856	2	32	6	42	6
9857	4	27	20	526	33
9858	2	4	16	5	16
9859	2	40	25	29	53
9860	4	9	16	181	29
9861	2	4	17	6	37
9862	2	45	24	32	28
9863	2	11	16	14	37
9864	2	7	28	9	45
9865	2	22	23	15	49
9866	2	19	16	25	21
9867	2	14	16	19	22
9868	2	33	24	38	48
9869	2	15	26	11	50
9870	4	6	6	43	16
9871	1	14	25	15	30
9872	1	8	27	8	31
9873	2	23	24	26	45
9874	2	22	28	22	57
9875	2	25	24	29	30
9876	2	30	296	25	316
9877	2	10	14	21	20
9878	2	11	6	22	11
9879	2	8	6	10	11
9880	2	10	6	13	6
9881	4	17	20	595	34
9882	4	10	6	90	12
9883	2	28	6	38	10
9884	2	7	26	8	31
9885	2	26	25	27	54
9886	4	10	20	201	33
9887	2	14	20	18	26
9888	2	34	24	36	52
9889	2	9	16	12	34
9890	2	7	6	15	6
9891	2	17	24	17	50
9892	2	32	21	36	21
9893	2	3	6	5	6
9894	2	12	23	8	49
9895	2	24	14	33	20
9896	2	22	19	26	25
9897	2	12	16	25	22
9898	4	18	19	136	32
9899	2	14	18	14	23
9900	1	40	26	40	32
9901	2	2	28	5	32
9902	2	13	19	17	25
9903	4	29	24	593	62
9904	2	9	16	18	22
9905	2	4	3	5	3
9906	2	8	28	16	35
9907	2	9	24	8	48
9908	1	22	17	22	23
9909	4	11	6	36	12
9910	4	19	20	271	33
9911	2	29	24	32	48
9912	4	15	6	228	13
9913	4	8	5	55	12
9914	2	28	24	31	30
9915	2	27	23	32	47
9916	2	32	6	38	7
9917	2	27	25	18	53
9918	2	20	20	28	26
9919	2	14	6	19	6
9920	2	15	6	14	11
9921	2	10	22	11	40
9922	2	23	24	16	33
9923	2	20	28	24	54
9924	2	16	24	17	49
9925	2	23	23	16	44
9926	2	5	5	7	5
9927	2	21	24	22	44
9928	2	13	24	15	49
9929	4	17	6	229	14
9930	4	23	23	322	54
9931	4	24	16	496	41
9932	2	24	20	33	26
9933	4	21	24	120	56
9934	2	6	15	7	16
9935	2	12	24	12	45
9936	1	6	20	6	25
9937	2	14	6	18	6
9938	2	23	15	29	21
9939	4	32	12	812	25
9940	2	13	13	26	19
9941	2	6	6	13	6
9942	2	36	24	25	30
9943	2	18	15	17	21
9944	2	34	20	45	26
9945	2	7	14	10	31
9946	2	30	21	34	37
9947	4	31	24	253	53
9948	2	34	16	43	23
9949	2	24	16	31	22
9950	2	24	16	31	23
9951	4	11	5	115	12
9952	2	22	16	29	20
9953	2	10	6	19	7
9954	1	24	18	24	24
9955	4	45	24	528	57
9956	4	28	6	527	13
9957	1	24	25	24	32
9958	2	33	23	39	42
9959	2	14	20	18	26
9960	4	23	6	276	13
9961	2	27	14	31	21
9962	2	30	24	34	48
9963	2	17	24	17	48
9964	2	34	23	38	44
9965	4	21	296	120	582
9966	2	19	296	14	303
9967	2	19	20	25	41
9968	2	30	23	34	28
9969	2	24	16	28	22
9970	2	19	24	19	46
9971	2	29	24	30	30
9972	2	38	296	29	328
9973	4	9	6	77	13
9974	2	29	28	20	56
9975	2	12	24	13	44
9976	2	9	26	12	32
9977	4	12	26	91	37
9978	4	12	28	91	81
9979	2	12	20	15	41
9980	2	19	20	25	40
9981	2	34	296	27	305
9982	2	25	24	18	29
9983	2	11	20	14	26
9984	2	35	25	45	32
9985	1	28	6	29	9
9986	1	11	27	10	55
9987	2	24	6	300	12
9988	2	13	16	18	37
9989	1	6	6	6	5
9990	4	11	295	45	605
9991	4	32	24	627	59
9992	4	48	296	778	602
9993	2	12	20	24	27
9994	2	3	16	4	24
9995	4	20	6	375	12
9996	2	23	28	16	55
9997	2	23	6	27	6
9998	2	11	6	78	13
9999	2	37	24	41	33
10000	2	2	19	5	24
10001	2	8	28	7	49
10002	2	24	6	300	14
10003	2	23	6	24	6
10004	1	17	6	18	11
10005	4	13	6	78	12
10006	2	33	6	40	6
10007	2	8	24	36	56
10008	2	24	24	24	45
10009	2	28	24	20	47
10010	4	18	24	190	56
10011	2	10	20	14	25
10012	4	26	24	494	58
10013	2	49	24	35	43
10014	4	10	18	55	29
10015	2	21	23	22	29
10016	4	11	5	115	11
10017	1	27	6	28	6
10018	2	16	6	20	12
10019	4	10	6	221	14
10020	2	33	24	39	42
10021	4	13	5	152	12
10022	2	28	6	33	10
10023	1	19	26	20	31
10024	2	3	27	5	33
10025	4	25	16	561	42
10026	2	47	24	33	42
10027	2	12	6	24	11
10028	2	32	24	22	43
10029	2	32	24	35	30
10030	2	7	20	14	27
10031	2	24	14	25	20
10032	2	10	28	21	34
10033	2	4	16	5	33
10034	2	38	296	29	301
10035	4	12	6	118	12
10036	2	34	6	43	11
10037	2	15	24	16	44
10038	2	14	19	17	19
10039	4	18	6	248	12
10040	1	27	6	28	10
10041	2	33	24	35	40
10042	2	25	6	31	9
10043	2	16	24	17	28
10044	2	31	24	36	29
10045	4	34	24	666	56
10046	2	49	24	35	27
10047	2	2	28	5	32
10048	4	28	24	210	58
10049	2	8	5	10	5
10050	4	30	24	628	61
10051	4	8	16	66	42
10052	2	27	24	31	41
10053	4	23	6	377	14
10054	2	8	24	36	78
10055	2	11	20	8	20
10056	1	32	28	32	34
10057	2	19	15	19	20
10058	2	10	6	20	11
10059	2	3	26	6	30
10060	2	8	20	6	24
10061	2	15	14	17	19
10062	4	11	6	243	14
10063	4	13	6	91	12
10064	2	13	20	12	26
10065	2	15	24	16	42
10066	2	15	16	20	22
10067	4	22	24	346	63
10068	2	24	28	23	55
10069	2	12	16	78	26
10070	2	25	27	28	55
10071	2	24	24	24	54
10072	4	16	296	78	626
10073	2	9	16	12	25
10074	2	26	14	35	20
10075	2	7	5	36	11
10076	2	34	24	38	27
10077	2	26	28	30	56
10078	2	12	4	13	4
10079	1	12	20	12	27
10080	2	27	24	28	29
10081	2	14	28	9	55
10082	2	39	24	28	47
10083	2	8	26	7	31
10084	2	26	19	378	32
10085	4	20	28	295	41
10086	2	20	6	24	7
10087	4	16	6	229	13
10088	4	11	16	120	39
10089	2	11	296	8	312
10090	2	38	296	30	302
10091	4	19	6	322	12
10092	1	24	6	24	6
10093	2	28	24	20	34
10094	2	10	6	14	6
10095	2	10	28	14	35
10096	4	29	24	528	57
10097	2	17	24	16	45
10098	4	40	296	526	604
10099	2	5	6	11	7
10100	2	22	16	253	29
10101	2	21	19	42	26
10102	4	20	6	375	14
10103	2	48	296	37	314
10104	8	4	5	225	28
10105	2	50	27	36	56
10106	4	37	296	433	601
10107	4	29	24	435	57
10108	2	6	15	7	21
10109	2	27	6	34	6
10110	2	31	24	33	39
10111	2	26	24	29	48
10112	2	17	28	23	33
10113	4	18	24	228	56
10114	2	8	5	7	9
10115	4	21	6	403	13
10116	2	13	5	14	5
10117	2	43	294	35	302
10118	2	21	16	21	22
10119	2	12	19	16	40
10120	2	13	293	9	312
10121	2	14	6	18	6
10122	4	32	295	324	603
10123	8	34	24	-1	-1
10124	2	12	23	14	23
10125	2	7	5	8	5
10126	2	51	24	36	29
10127	2	8	6	12	11
10128	2	4	15	8	20
10129	4	33	6	777	13
10130	2	19	16	24	22
10131	2	13	27	13	51
10132	8	17	6	4845	26
10133	4	22	6	275	12
10134	4	8	16	66	56
10135	4	8	23	28	56
10136	2	34	24	38	34
10137	2	22	20	29	41
10138	2	13	28	26	34
10139	4	12	24	78	50
10140	4	14	6	151	13
10141	1	33	15	34	21
10142	4	42	24	435	58
10143	1	22	20	20	26
10144	4	21	27	378	68
10145	2	10	6	21	8
10146	4	20	24	295	73
10147	4	17	6	91	12
10148	4	8	6	145	15
10149	2	24	6	27	11
10150	2	24	6	33	9
10151	2	9	28	6	56
10152	2	46	296	35	316
10153	4	37	24	351	56
10154	2	16	296	12	302
10155	2	9	6	19	10
10156	2	24	27	25	32
10157	2	17	28	23	33
10158	1	29	14	30	20
10159	4	8	5	36	11
10160	4	20	6	274	13
10161	2	13	16	26	22
10162	2	23	20	25	26
10163	1	8	20	8	25
10164	2	40	24	28	43
10165	2	34	24	38	30
10166	2	26	24	29	49
10167	4	19	16	325	57
10168	2	3	5	7	7
10169	2	12	6	16	6
10170	1	10	16	10	21
10171	2	8	15	8	20
10172	4	25	296	153	609
10173	2	9	16	12	20
10174	2	5	6	11	6
10175	2	25	16	33	23
10176	2	19	16	16	22
10177	2	43	28	30	56
10178	4	35	24	325	62
10179	2	15	16	20	35
10180	2	24	296	19	304
10181	2	25	19	351	33
10182	1	18	20	18	26
10183	2	5	6	11	9
10184	2	16	24	17	49
10185	2	4	15	5	19
10186	4	29	6	731	13
10187	4	21	6	320	13
10188	2	24	6	31	10
10189	2	11	16	11	22
10190	2	20	6	24	7
10191	2	10	6	21	9
10192	2	8	16	10	35
10193	2	42	296	33	326
10194	1	14	6	14	6
10195	4	9	6	163	14
10196	2	21	6	25	9
10197	2	31	24	36	29
10198	2	20	15	28	21
10199	2	34	24	38	45
10200	2	25	28	33	33
10201	1	8	28	8	34
10202	4	8	5	45	11
10203	2	56	24	39	45
10204	4	40	24	406	58
10205	4	25	24	434	58
10206	1	16	6	16	5
10207	4	14	19	66	31
10208	2	9	20	11	25
10209	2	10	16	20	22
10210	4	38	24	406	56
10211	2	12	26	25	32
10212	2	21	6	28	6
10213	2	7	27	13	33
10214	2	8	28	16	34
10215	2	46	296	37	315
10216	4	24	6	525	13
10217	4	19	25	91	74
10218	4	37	296	463	600
10219	4	28	24	435	55
10220	4	9	24	55	48
10221	4	24	16	528	41
10222	2	31	24	22	32
10223	2	27	24	31	29
10224	2	15	24	11	43
10225	1	8	14	8	19
10226	4	10	6	201	13
10227	2	15	24	16	31
10228	4	51	28	666	86
10229	8	10	6	715	27
10230	2	35	296	27	302
10231	2	8	22	5	43
10232	2	13	6	26	11
10233	4	11	6	222	16
10234	4	27	6	554	13
10235	4	29	27	231	80
10236	1	5	24	5	28
10237	2	9	17	18	23
10238	2	13	24	12	34
10239	4	12	20	118	33
10240	2	19	6	26	11
10241	2	28	20	435	33
10242	2	32	28	37	57
10243	2	25	16	30	22
10244	2	14	17	120	29
10245	1	8	5	8	8
10246	2	24	23	17	44
10247	2	24	28	29	34
10248	2	45	296	36	306
10249	2	2	6	4	6
10250	2	39	296	31	328
10251	4	18	6	210	13
10252	4	36	24	859	58
10253	4	29	28	593	40
10254	2	9	24	10	28
10255	2	18	22	22	35
10256	8	24	6	-1	-1
10257	2	15	6	15	11
10258	2	10	6	10	6
10259	2	25	24	25	50
10260	2	7	23	28	53
10261	2	24	19	32	39
10262	2	21	24	22	27
10263	2	38	24	28	34
10264	2	18	20	18	25
10265	2	21	23	25	43
10266	2	32	24	23	44
10267	2	22	6	44	11
10268	2	24	27	28	32
10269	2	23	24	16	31
10270	2	26	16	29	22
10271	2	21	14	42	20
10272	2	17	28	23	33
10273	4	45	28	561	87
10274	4	11	6	77	12
10275	4	11	23	222	37
10276	2	10	6	10	6
10277	2	19	22	13	31
10278	4	34	24	813	53
10279	2	11	28	22	34
10280	4	5	28	55	39
10281	2	49	28	35	56
10282	1	24	28	25	33
10283	4	29	24	231	59
10284	2	26	23	19	42
10285	2	10	23	20	29
10286	2	25	23	26	48
10287	2	22	6	23	6
10288	2	23	27	24	32
10289	2	38	28	27	55
10290	2	36	24	41	39
10291	1	14	27	14	33
10292	2	22	24	16	29
10293	2	21	24	21	47
10294	2	7	16	9	36
10295	4	26	24	406	60
10296	2	45	28	31	57
10297	2	17	19	11	28
10298	2	22	16	22	22
10299	2	38	28	27	56
10300	2	32	24	36	45
10301	2	37	24	27	49
10302	2	4	20	7	27
10303	4	48	296	778	600
10304	2	16	16	21	35
10305	2	35	21	40	24
10306	2	27	24	31	29
10307	8	56	24	-1	-1
10308	2	10	23	10	44
10309	4	48	24	630	59
10310	1	15	6	16	6
10311	2	20	15	27	21
10312	8	6	15	322	75
10313	4	29	6	623	13
10314	2	31	6	38	12
10315	2	29	24	33	29
10316	2	19	20	25	40
10317	2	24	24	17	29
10318	2	48	28	34	57
10319	4	23	24	276	57
10320	2	21	24	15	31
10321	4	14	27	120	84
10322	2	25	20	29	26
10323	2	29	24	32	47
10324	4	15	6	120	11
10325	4	23	6	492	13
10326	2	6	26	12	32
10327	2	7	16	14	22
10328	2	39	296	31	317
10329	2	25	24	18	28
10330	2	4	28	8	34
10331	2	23	16	29	22
10332	4	45	24	561	58
10333	2	23	24	27	27
10334	2	21	28	21	34
10335	2	53	24	38	34
10336	2	32	24	37	33
10337	4	22	6	323	13
10338	2	10	24	11	32
10339	2	17	24	20	47
10340	2	27	28	31	34
10341	1	26	28	26	34
10342	2	7	6	9	6
10343	4	8	6	145	12
10344	2	15	24	20	30
10345	2	14	28	17	34
10346	2	19	6	24	6
10347	2	23	6	29	6
10348	2	6	15	12	21
10349	2	25	17	35	23
10350	2	8	6	16	10
10351	4	54	28	741	86
10352	2	28	24	29	30
10353	2	10	28	13	33
10354	2	14	19	18	24
10355	4	10	6	103	12
10356	2	9	18	9	23
10357	2	4	6	8	9
10358	2	20	23	14	44
10359	2	21	20	22	24
10360	4	48	296	778	619
10361	4	51	24	666	54
10362	2	22	15	26	22
10363	4	8	25	55	36
10364	4	12	22	134	35
10365	2	34	24	39	49
10366	2	27	15	31	21
10367	2	7	6	9	11
10368	2	6	6	13	10
10369	4	54	24	741	56
10370	8	21	6	16170	27
10371	2	18	24	17	32
10372	2	8	16	10	21
10373	2	12	28	10	34
10374	2	3	6	6	6
10375	2	27	28	31	57
10376	4	24	6	325	14
10377	1	26	6	26	8
10378	2	14	20	16	25
10379	2	19	24	14	33
10380	2	15	15	20	21
10381	4	9	6	163	15
10382	2	7	16	9	18
10383	4	33	24	739	56
10384	2	14	20	19	26
10385	4	22	5	253	13
10386	4	28	24	378	72
10387	1	36	28	36	34
10388	2	11	20	11	26
10389	2	23	6	28	6
10390	2	16	26	16	56
10391	2	26	24	29	35
10392	2	25	16	33	21
10393	4	29	296	253	601
10394	2	13	28	15	53
10395	2	25	296	19	305
10396	2	10	23	7	43
10397	4	23	23	300	67
10398	2	48	24	34	48
10399	4	24	6	525	17
10400	1	11	16	12	21
10401	4	21	24	300	51
10402	2	18	28	24	34
10403	2	19	16	26	21
10404	2	29	24	33	28
10405	2	44	296	35	300
10406	2	11	296	8	300
10407	2	7	6	14	7
10408	2	9	4	8	4
10409	2	10	6	21	11
10410	8	9	295	210	1195
10411	2	49	24	36	34
10412	2	10	24	11	46
10413	2	15	6	14	11
10414	4	17	6	210	13
10415	2	42	27	30	55
10416	4	6	5	15	11
10417	2	9	23	10	23
10418	2	22	24	16	26
10419	2	7	26	7	30
10420	2	26	24	29	50
10421	1	18	6	18	10
10422	1	30	20	31	26
10423	2	10	20	21	26
10424	2	16	23	12	28
10425	2	8	6	16	8
10426	2	7	5	9	5
10427	2	20	16	28	22
10428	2	20	19	27	39
10429	2	18	24	21	29
10430	2	21	23	24	26
10431	2	11	24	8	43
10432	2	49	296	38	318
10433	2	21	16	25	21
10434	2	13	16	14	21
10435	4	13	294	55	609
10436	4	19	24	190	63
10437	2	8	20	9	25
10438	2	10	5	13	5
10439	4	21	5	276	12
10440	2	14	28	18	49
10441	1	19	6	20	7
10442	2	17	15	23	20
10443	2	15	16	20	35
10444	2	7	20	10	41
10445	4	7	23	15	45
10446	2	10	15	13	20
10447	2	5	16	6	32
10448	2	26	28	35	34
10449	2	19	24	20	48
10450	2	22	28	30	49
10451	2	25	27	29	33
10452	2	7	27	11	33
10453	2	12	28	8	55
10454	2	24	24	25	28
10455	1	29	20	30	26
10456	4	45	296	628	602
10457	2	9	6	18	11
10458	2	27	24	28	49
10459	2	35	6	44	11
10460	2	34	6	41	11
10461	2	13	5	10	5
10462	4	22	296	170	620
10463	2	10	24	7	45
10464	2	10	6	20	11
10465	2	6	16	8	26
10466	2	39	28	28	56
10467	2	28	24	27	45
10468	2	33	24	36	33
10469	1	4	6	4	8
10470	4	7	23	21	45
10471	2	12	6	12	6
10472	2	14	24	10	29
10473	2	4	16	5	34
10474	2	16	23	20	23
10475	4	14	15	169	27
10476	8	19	6	16653	28
10477	2	5	6	21	12
10478	2	7	5	8	5
10479	4	50	24	666	58
10480	4	49	296	817	628
10481	4	29	24	496	60
10482	2	9	16	11	21
10483	2	16	28	18	33
10484	2	8	6	11	6
10485	4	12	6	289	16
10486	4	15	6	78	13
10487	8	9	6	5641	29
10488	2	34	28	39	55
10489	4	21	15	403	28
10490	2	3	20	4	41
10491	2	13	12	26	18
10492	2	34	24	36	44
10493	2	34	24	39	30
10494	2	27	24	30	34
10495	2	30	24	35	30
10496	2	24	20	28	26
10497	4	13	15	105	27
10498	2	9	22	10	41
10499	2	19	6	16	6
10500	2	12	19	16	38
10501	2	6	6	12	11
10502	2	15	19	18	24
10503	2	22	24	15	41
10504	4	12	6	91	12
10505	2	17	24	18	44
10506	4	10	27	55	39
10507	2	5	6	11	7
10508	2	7	6	7	7
10509	2	14	5	19	11
10510	2	19	6	26	6
10511	4	25	6	625	13
10512	2	20	6	27	7
10513	4	4	6	36	12
10514	2	35	24	25	45
10515	2	31	27	36	55
10516	2	11	24	8	29
10517	2	8	16	8	21
10518	2	22	13	30	19
10519	4	22	16	461	28
10520	2	23	24	24	33
10521	2	31	24	36	34
10522	2	22	24	23	48
10523	2	20	24	20	28
10524	4	11	24	36	66
10525	4	6	24	126	111
10526	2	9	15	19	21
10527	2	2	28	5	34
10528	2	9	24	8	43
10529	2	31	28	35	35
10530	2	12	19	24	25
10531	1	16	6	16	7
10532	2	12	28	16	34
10533	2	24	24	23	30
10534	4	19	6	231	13
10535	2	28	13	36	20
10536	2	28	24	31	45
10537	2	27	16	31	21
10538	2	4	26	8	31
10539	2	17	6	23	11
10540	4	10	5	36	13
10541	2	50	296	39	319
10542	4	24	6	557	12
10543	2	28	16	38	22
10544	2	21	6	28	6
10545	2	7	6	14	11
10546	4	35	24	325	57
10547	2	7	13	14	19
10548	2	52	24	37	45
10549	2	26	296	20	301
10550	2	19	6	16	6
10551	2	30	28	22	55
10552	2	10	16	20	22
10553	2	11	6	13	9
10554	2	25	26	34	32
10555	1	10	6	10	7
10556	2	7	16	10	26
10557	4	3	17	25	30
10558	4	8	16	55	43
10559	4	10	6	66	12
10560	4	43	28	465	86
10561	2	22	24	22	29
10562	2	11	24	7	24
10563	2	28	28	20	54
10564	2	13	24	9	44
10565	4	33	28	777	41
10566	2	18	296	13	298
10567	2	6	15	7	30
10568	2	15	6	20	6
10569	4	15	6	228	13
10570	2	14	16	18	21
10571	2	11	6	14	6
10572	2	13	20	17	41
10573	2	28	28	31	52
10574	1	28	11	29	18
10575	2	14	16	18	21
10576	2	8	27	10	32
10577	4	4	5	32	13
10578	2	45	24	32	48
10579	4	12	5	91	11
10580	2	5	24	15	52
10581	1	18	28	16	34
10582	4	32	21	628	67
10583	2	35	28	25	56
10584	2	24	6	24	12
10585	4	24	6	557	17
10586	2	15	24	16	34
10587	2	24	27	24	56
10588	4	5	6	61	15
10589	2	30	296	24	325
10590	2	19	16	22	21
10591	2	12	24	8	42
10592	4	6	24	126	115
10593	2	18	6	36	7
10594	4	17	16	253	44
10595	2	20	20	21	25
10596	4	11	6	66	12
10597	2	22	28	23	57
10598	2	10	16	13	22
10599	1	18	6	19	9
10600	2	28	6	34	12
10601	2	9	6	12	10
10602	2	22	16	29	33
10603	2	22	24	22	29
10604	2	18	6	171	14
10605	2	12	6	16	6
10606	2	19	24	14	28
10607	2	21	15	21	21
10608	2	29	24	31	43
10609	2	24	25	325	36
10610	2	35	26	41	54
10611	4	28	24	435	60
10612	2	5	5	6	11
10613	1	8	16	8	22
10614	2	24	6	300	13
10615	2	25	24	18	48
10616	1	6	16	6	22
10617	2	24	6	24	11
10618	1	28	6	29	6
10619	2	8	5	10	6
10620	4	14	24	120	57
10621	4	21	16	378	43
10622	1	8	27	8	32
10623	2	18	26	17	31
10624	2	32	6	42	7
10625	2	18	24	19	45
10626	2	8	16	5	21
10627	4	35	23	325	56
10628	2	12	16	25	22
10629	2	50	24	35	52
10630	4	8	24	21	47
10631	4	24	15	376	28
10632	2	16	20	13	25
10633	4	46	24	528	56
10634	2	40	296	32	330
10635	2	40	296	32	316
10636	2	8	6	16	8
10637	4	25	24	434	71
10638	4	24	24	401	52
10639	4	51	24	703	55
10640	4	31	24	625	60
10641	4	35	24	739	56
10642	2	33	14	41	21
10643	4	34	6	936	13
10644	2	31	24	36	32
10645	2	27	296	21	327
10646	8	14	6	5220	26
10647	4	15	23	55	48
10648	8	9	6	660	26
10649	2	32	24	22	28
10650	2	31	6	40	8
10651	1	15	28	16	34
10652	4	22	24	325	59
10653	2	25	28	35	34
10654	2	8	18	7	22
10655	2	6	6	28	11
10656	2	32	6	38	11
10657	2	15	16	15	21
10658	2	16	27	20	32
10659	2	19	6	26	9
10660	2	8	16	10	35
10661	1	9	16	10	21
10662	2	7	24	28	57
10663	1	12	17	12	23
10664	4	5	6	21	12
10665	2	22	24	23	44
10666	4	11	6	253	19
10667	2	25	24	16	47
10668	2	34	24	42	40
10669	4	25	16	561	58
10670	2	30	28	36	34
10671	2	49	24	35	29
10672	2	45	24	32	32
10673	4	26	24	460	59
10674	2	31	24	36	43
10675	2	24	24	25	29
10676	4	23	6	403	13
10677	2	2	26	5	32
10678	2	24	23	17	43
10679	2	11	294	8	297
10680	4	30	6	590	13
10681	2	29	6	36	10
10682	2	24	20	25	26
10683	4	54	24	741	58
10684	4	26	20	460	33
10685	2	24	16	23	22
10686	4	16	5	205	12
10687	2	7	15	10	31
10688	4	47	296	701	599
10689	2	24	6	27	11
10690	2	19	296	15	304
10691	2	29	24	29	49
10692	2	18	28	190	39
10693	2	54	24	39	48
10694	2	19	24	20	48
10695	4	50	24	666	58
10696	2	8	28	17	34
10697	2	22	19	28	25
10698	2	11	19	14	24
10699	4	15	6	208	14
10700	4	4	19	36	31
10701	2	31	27	38	32
10702	2	12	16	11	20
10703	1	10	24	10	44
10704	2	5	6	6	8
10705	2	46	296	35	317
10706	4	10	6	221	13
10707	2	20	20	27	26
10708	2	44	296	35	316
10709	4	10	28	90	38
10710	2	4	28	8	34
10711	2	15	24	15	46
10712	2	12	6	16	6
10713	2	12	20	16	26
10714	1	9	27	9	55
10715	2	32	23	40	29
10716	4	33	24	661	57
10717	2	17	15	20	20
10718	4	19	24	190	55
10719	2	53	24	38	29
10720	2	9	16	10	21
10721	2	15	24	16	30
10722	4	24	6	373	12
10723	2	14	5	11	5
10724	4	19	24	105	57
10725	4	21	16	406	41
10726	2	18	6	15	8
10727	2	27	296	22	313
10728	2	24	27	24	51
10729	2	13	24	12	34
10730	2	19	20	16	26
10731	2	19	14	38	20
10732	2	24	6	31	12
10733	1	11	24	11	43
10734	2	33	24	38	34
10735	2	35	296	28	315
10736	2	26	6	29	7
10737	2	24	28	25	54
10738	4	30	24	628	59
10739	2	32	24	36	41
10740	2	22	6	23	11
10741	2	29	15	34	22
10742	2	2	5	4	5
10743	1	36	6	36	7
10744	2	6	6	13	9
10745	4	9	20	163	33
10746	4	19	24	271	58
10747	4	25	24	434	54
10748	2	11	14	14	20
10749	2	23	6	27	7
10750	4	33	24	300	81
10751	2	10	19	20	26
10752	4	7	16	21	27
10753	2	10	6	20	12
10754	4	12	6	131	12
10755	2	12	20	23	26
10756	2	16	19	12	24
10757	2	22	295	16	327
10758	4	42	296	559	602
10759	2	16	6	13	11
10760	2	7	16	6	21
10761	1	31	6	31	7
10762	2	18	20	22	26
10763	1	16	15	16	21
10764	2	36	24	25	33
10765	4	43	23	496	56
10766	2	20	6	171	13
10767	2	9	5	9	8
10768	2	26	6	31	10
10769	2	22	6	23	9
10770	4	24	6	401	13
10771	2	38	296	31	326
10772	2	21	26	16	53
10773	2	7	20	9	41
10774	2	35	24	36	32
10775	2	13	21	9	29
10776	4	15	24	136	74
10777	4	18	16	153	29
10778	2	54	26	39	56
10779	4	19	24	190	55
10780	2	19	15	23	21
10781	4	13	6	314	13
10782	2	5	6	10	7
10783	2	42	24	30	43
10784	2	13	16	17	21
10785	2	4	19	5	24
10786	2	14	6	17	6
10787	4	32	24	701	76
10788	2	21	21	15	44
10789	4	33	6	933	13
10790	2	18	28	19	56
10791	2	4	28	8	34
10792	2	8	6	16	6
10793	4	22	23	346	67
10794	2	16	24	16	33
10795	2	28	28	20	57
10796	4	10	6	201	14
10797	2	3	26	5	29
10798	2	30	6	38	11
10799	2	25	16	33	21
10800	2	25	6	29	7
10801	2	13	22	10	26
10802	2	18	24	17	48
10803	2	7	23	5	27
10804	2	5	23	10	29
10805	2	31	28	22	56
10806	4	11	6	265	19
10807	2	12	13	24	20
10808	4	23	6	276	13
10809	2	25	24	27	48
10810	2	5	20	6	25
10811	2	11	6	8	8
10812	2	22	24	22	49
10813	2	7	20	15	27
10814	2	42	24	30	30
10815	2	53	28	37	57
10816	2	14	28	9	56
10817	4	6	6	85	13
10818	2	13	6	105	13
10819	2	11	23	8	44
10820	4	9	5	28	11
10821	2	7	23	6	38
10822	2	21	15	28	21
10823	2	31	24	35	34
10824	2	30	6	36	6
10825	2	21	24	21	29
10826	2	14	16	15	22
10827	2	20	20	27	26
10828	2	5	15	6	20
10829	4	21	296	120	597
10830	4	22	296	152	599
10831	2	23	24	28	31
10832	2	40	296	32	301
10833	2	15	6	16	6
10834	4	6	20	73	33
10835	2	14	20	11	25
10836	2	12	19	25	25
10837	4	8	6	145	13
10838	8	17	6	7905	27
10839	2	33	24	24	30
10840	2	8	24	6	40
10841	2	51	28	36	56
10842	2	13	27	26	33
10843	2	53	28	37	55
10844	4	17	28	210	41
10845	2	17	17	20	23
10846	8	31	6	-1	-1
10847	2	34	28	39	52
10848	2	8	26	5	53
10849	4	13	24	45	53
10850	2	54	24	39	29
10851	4	32	24	253	74
10852	2	20	16	26	21
10853	2	17	24	18	29
10854	2	22	296	17	304
10855	4	44	24	496	58
10856	2	8	16	10	22
10857	2	29	6	33	6
10858	2	17	20	18	25
10859	2	33	6	42	6
10860	4	49	24	666	57
10861	2	48	296	38	316
10862	2	51	24	37	44
10863	4	35	296	377	600
10864	2	28	28	32	34
10865	4	14	6	166	12
10866	4	18	24	190	59
10867	2	33	16	41	22
10868	2	55	24	40	47
10869	2	19	20	22	26
10870	8	30	296	14674	1201
10871	2	4	16	5	21
10872	2	24	16	32	23
10873	2	18	6	171	14
10874	2	7	24	28	58
10875	4	13	17	91	30
10876	2	13	19	14	25
10877	4	30	6	556	12
10878	2	18	6	22	10
10879	4	14	6	406	14
10880	2	9	20	12	25
10881	2	10	28	7	57
10882	2	24	28	17	57
10883	4	6	16	36	35
10884	2	16	27	32	33
10885	2	27	24	31	29
10886	2	30	295	23	326
10887	2	29	28	20	56
10888	4	54	24	741	58
10889	2	12	15	24	21
10890	2	28	24	30	31
10891	2	21	24	21	32
10892	2	22	14	23	20
10893	2	16	5	17	8
10894	4	6	6	73	13
10895	2	7	16	6	22
10896	2	11	20	11	25
10897	2	10	6	14	6
10898	2	8	22	6	44
10899	2	33	28	38	35
10900	2	7	16	14	23
10901	2	17	24	16	45
10902	2	54	24	38	49
10903	2	8	16	11	26
10904	4	12	16	120	39
10905	2	8	6	17	9
10906	2	12	6	16	6
10907	4	24	24	153	71
10908	4	12	6	134	12
10909	2	20	19	19	25
10910	2	10	6	13	11
10911	2	33	24	36	44
10912	2	9	24	9	28
10913	2	18	16	24	34
10914	2	9	24	45	73
10915	2	4	15	6	20
10916	2	2	20	5	25
10917	2	30	24	31	30
10918	2	44	24	31	46
10919	2	49	295	38	324
10920	2	2	6	4	6
10921	2	18	24	21	48
10922	1	20	13	18	20
10923	2	6	28	5	33
10924	4	24	11	492	25
10925	2	19	26	25	32
10926	2	19	18	23	23
10927	2	18	24	19	45
10928	1	6	16	6	22
10929	2	20	26	24	31
10930	2	14	28	11	33
10931	2	14	20	28	26
10932	2	34	19	43	24
10933	2	12	15	16	21
10934	4	10	14	66	25
10935	2	33	28	34	57
10936	2	5	17	7	21
10937	2	19	19	23	25
10938	2	23	24	28	43
10939	4	27	24	406	58
10940	2	7	6	9	6
10941	2	8	5	36	10
10942	4	44	24	496	56
10943	2	9	12	19	19
10944	2	32	24	32	47
10945	2	11	6	11	7
10946	2	17	19	21	24
10947	2	28	24	27	34
10948	2	11	6	23	9
10949	2	28	28	36	34
10950	8	33	24	-1	-1
10951	2	32	24	23	49
10952	4	22	6	461	13
10953	2	20	16	23	22
10954	4	20	6	8855	28
10955	2	18	28	24	48
10956	4	28	24	210	61
10957	2	18	24	13	46
10958	4	7	4	28	8
10959	4	16	24	153	75
10960	2	21	16	21	22
10961	2	16	21	12	41
10962	8	16	23	5814	113
10963	2	22	16	30	20
10964	2	30	24	35	48
10965	2	24	19	28	25
10966	2	25	21	28	27
10967	2	6	19	13	25
10968	2	22	20	23	25
10969	4	32	6	664	13
10970	4	35	24	858	55
10971	2	16	16	21	37
10972	2	19	24	20	42
10973	2	12	5	16	6
10974	2	14	15	18	21
10975	2	23	13	27	20
10976	1	22	6	22	7
10977	2	31	24	22	28
10978	2	35	24	39	26
10979	4	10	19	103	31
10980	4	24	6	492	13
10981	2	15	14	12	19
10982	2	31	6	41	6
10983	2	27	28	30	57
10984	4	17	296	78	601
10985	2	21	16	28	34
10986	1	9	28	9	57
10987	2	8	28	5	33
10988	2	32	24	37	30
10989	2	25	25	18	53
10990	4	11	16	90	28
10991	4	2	5	10	10
10992	1	4	18	4	22
10993	4	10	6	201	13
10994	1	12	20	12	27
10995	2	18	6	171	14
10996	2	8	28	17	35
10997	4	53	23	741	72
10998	2	18	296	13	301
10999	4	22	6	300	13
11000	4	4	27	33	38
11001	2	11	19	14	25
11002	2	16	295	12	328
11003	2	24	20	31	26
11004	2	35	296	26	304
11005	4	16	6	120	15
11006	1	10	20	11	26
11007	2	30	24	34	27
11008	2	4	15	9	22
11009	4	8	6	54	12
11010	2	19	24	23	48
11011	4	9	6	66	14
11012	2	13	20	18	25
11013	4	35	24	325	75
11014	2	19	15	24	20
11015	4	23	6	300	18
11016	2	18	19	171	33
11017	2	15	6	18	9
11018	2	10	6	8	6
11019	2	34	6	44	12
11020	2	20	6	27	11
11021	2	7	15	9	34
11022	2	17	6	14	10
11023	2	19	19	19	24
11024	2	19	24	25	45
11025	2	12	23	12	46
11026	2	18	6	17	7
11027	4	22	6	276	13
11028	2	2	20	5	25
11029	4	28	6	523	14
11030	2	40	24	28	33
11031	4	39	296	434	606
11032	2	13	6	15	7
11033	4	20	6	153	13
11034	2	12	6	91	14
11035	2	44	25	31	54
11036	2	22	28	26	57
11037	2	9	20	11	25
11038	2	18	20	18	26
11039	2	7	20	15	26
11040	2	55	27	39	54
11041	2	33	28	42	34
11042	4	28	6	622	13
11043	4	7	6	99	16
11044	2	24	20	26	26
11045	2	34	16	44	23
11046	1	13	6	13	11
11047	2	32	27	36	56
11048	4	38	24	378	58
11049	2	12	18	9	23
11050	2	33	24	37	32
11051	4	19	6	271	17
11052	4	9	20	55	39
11053	8	7	6	2241	25
11054	2	16	20	16	24
11055	4	12	16	136	41
11056	2	8	20	5	24
11057	2	10	6	66	12
11058	1	16	20	16	25
11059	4	2	5	13	15
11060	2	6	5	21	11
11061	4	15	6	188	13
11062	4	26	6	626	13
11063	1	4	6	4	9
11064	2	20	24	14	29
11065	2	7	19	14	25
11066	2	33	20	41	26
11067	2	29	28	21	56
11068	4	6	6	210	24
11069	2	28	24	19	29
11070	2	7	6	15	7
11071	2	7	5	7	5
11072	2	19	6	24	11
11073	1	12	6	12	7
11074	4	18	6	120	12
11075	2	19	24	21	29
11076	2	13	27	15	33
11077	4	9	18	163	31
11078	2	5	6	11	11
11079	2	55	24	39	48
11080	4	24	24	171	57
11081	2	27	24	30	48
11082	2	31	23	34	37
11083	2	16	16	16	22
11084	2	5	27	10	33
11085	2	36	24	38	49
11086	2	2	4	3	6
11087	2	2	28	4	34
11088	2	6	6	7	6
11089	1	11	5	11	10
11090	2	12	16	12	21
11091	2	19	24	19	29
11092	2	22	24	22	46
11093	2	11	19	9	24
11094	4	8	6	21	12
11095	2	18	24	19	28
11096	2	20	6	23	6
11097	2	3	16	6	21
11098	4	21	6	403	13
11099	2	33	6	43	11
11100	2	16	24	18	48
11101	4	16	5	153	12
11102	4	48	28	630	85
11103	2	28	22	32	42
11104	4	30	24	558	58
11105	2	15	6	15	7
11106	2	33	6	43	6
11107	2	10	6	20	7
11108	2	21	6	20	10
11109	2	19	20	23	26
11110	2	20	12	24	19
11111	1	8	23	8	28
11112	2	10	14	19	21
11113	2	23	24	23	45
11114	4	12	26	117	36
11115	2	33	24	24	42
11116	2	29	24	34	44
11117	2	26	24	30	32
11118	2	33	22	38	43
11119	2	24	16	300	30
11120	2	19	6	19	6
11121	2	7	16	15	22
11122	4	11	20	265	33
11123	2	23	19	31	25
11124	4	3	6	15	14
11125	2	7	20	10	40
11126	2	24	24	26	44
11127	2	19	24	21	33
11128	2	10	6	55	10
11129	2	6	13	13	20
11130	2	11	19	11	24
11131	2	9	16	12	25
11132	4	19	296	105	615
11133	2	7	16	9	20
11134	2	20	24	15	28
11135	2	25	6	35	6
11136	2	24	296	19	300
11137	2	17	16	20	22
11138	2	18	28	21	33
11139	1	31	6	32	11
11140	4	13	6	55	18
11141	2	8	27	17	32
11142	2	30	24	34	34
11143	2	9	25	11	30
11144	2	4	6	8	7
11145	2	19	27	24	33
11146	2	24	24	27	30
11147	2	9	20	18	26
11148	2	18	16	21	21
11149	2	14	25	13	55
11150	2	9	19	12	24
11151	2	4	28	5	33
11152	2	42	24	30	44
11153	4	13	6	91	12
11154	2	10	6	10	7
11155	4	11	6	77	12
11156	2	33	28	23	57
11157	2	13	14	13	19
11158	4	24	20	524	32
11159	2	19	20	23	26
11160	2	5	16	6	22
11161	2	46	296	37	317
11162	2	11	27	11	31
11163	4	21	24	297	58
11164	2	23	22	16	29
11165	2	15	24	14	34
11166	2	22	256	30	282
11167	2	47	24	34	29
11168	2	5	13	11	18
11169	2	10	6	20	6
11170	2	51	27	36	56
11171	2	31	19	35	25
11172	2	12	25	25	32
11173	2	11	24	66	58
11174	2	10	27	21	33
11175	1	5	24	6	29
11176	2	28	18	33	24
11177	4	31	24	664	61
11178	2	17	20	23	26
11179	2	32	28	42	33
11180	2	35	296	28	319
11181	2	57	24	41	31
11182	2	20	5	18	5
11183	2	22	6	29	11
11184	2	23	24	16	43
11185	4	29	6	593	13
11186	2	5	6	7	9
11187	2	19	22	20	24
11188	2	9	20	18	26
11189	2	32	24	35	33
11190	4	32	6	772	14
11191	2	5	6	6	6
11192	2	12	16	16	22
11193	2	10	10	14	16
11194	2	9	15	13	21
11195	4	8	6	64	12
11196	2	38	27	27	56
11197	4	8	23	15	53
11198	4	10	20	91	60
11199	8	14	6	1001	27
11200	2	47	24	33	34
11201	2	24	24	17	34
11202	4	22	6	432	17
11203	2	31	24	22	44
11204	2	26	24	27	41
11205	1	8	20	9	25
11206	4	36	24	741	74
11207	2	21	18	24	24
11208	2	20	6	27	11
11209	4	8	24	15	60
11210	4	25	22	171	55
11211	2	7	28	15	35
11212	8	2	6	31	23
11213	2	31	6	38	6
11214	2	15	20	19	40
11215	4	12	16	136	41
11216	4	14	16	171	42
11217	2	29	23	32	45
11218	4	32	6	701	13
11219	2	10	28	8	53
11220	2	35	24	40	43
11221	1	6	26	7	31
11222	4	13	6	78	12
11223	2	40	24	28	43
11224	4	21	24	136	57
11225	2	10	19	9	22
11226	4	29	6	593	13
11227	2	5	6	10	10
11228	2	24	6	33	8
11229	2	17	24	16	50
11230	2	8	25	8	29
11231	2	33	6	41	8
11232	2	46	24	32	45
11233	2	12	27	9	32
11234	2	8	28	10	48
11235	4	19	22	105	54
11236	2	20	16	26	35
11237	2	9	22	6	32
11238	2	8	16	11	22
11239	2	23	296	18	305
11240	2	20	16	28	22
11241	2	9	16	10	21
11242	2	32	15	40	21
11243	2	18	24	12	28
11244	2	4	6	9	7
11245	1	19	6	20	10
11246	2	25	6	30	6
11247	2	14	15	18	21
11248	2	20	23	15	47
11249	4	22	24	120	60
11250	2	14	6	19	8
11251	1	6	22	6	25
11252	2	22	27	23	32
11253	1	22	6	22	12
11254	2	14	295	12	315
11255	2	28	24	29	33
11256	4	28	20	559	33
11257	2	24	24	29	34
11258	4	18	6	298	13
11259	1	18	27	18	32
11260	2	24	19	48	25
11261	2	29	6	31	6
11262	2	20	24	21	44
11263	2	4	14	8	20
11264	4	27	24	460	59
11265	4	27	24	462	75
11266	2	8	5	11	5
11267	2	10	27	7	32
11268	2	5	28	10	34
11269	2	14	6	19	6
11270	2	28	24	32	44
11271	4	28	6	523	12
11272	2	33	24	37	33
11273	2	23	28	28	34
11274	1	20	6	21	7
11275	4	20	5	299	12
11276	2	32	296	25	301
11277	2	27	24	19	41
11278	2	10	18	14	22
11279	2	7	16	7	20
11280	4	8	6	145	12
11281	4	9	4	45	9
11282	4	15	16	190	57
11283	2	35	296	26	300
11284	2	26	27	30	33
11285	2	8	6	16	11
11286	1	22	19	23	26
11287	2	30	24	35	30
11288	2	29	27	31	56
11289	2	26	19	33	25
11290	2	15	24	16	45
11291	2	12	28	12	34
11292	2	20	20	19	26
11293	2	13	6	12	10
11294	4	35	24	325	55
11295	2	29	24	32	46
11296	4	31	6	737	13
11297	2	19	6	24	6
11298	2	54	24	37	44
11299	4	2	6	13	18
11300	2	9	6	9	6
11301	2	25	6	35	7
11302	2	32	24	35	32
11303	4	5	6	21	12
11304	4	21	296	152	602
11305	2	31	6	41	7
11306	2	31	27	22	56
11307	1	12	16	12	22
11308	2	16	24	12	42
11309	2	40	6	820	13
11310	2	17	16	17	22
11311	2	5	20	10	26
11312	1	14	15	14	22
11313	2	5	20	10	26
11314	2	10	27	13	33
11315	2	24	26	33	32
11316	2	10	22	6	45
11317	2	19	6	24	12
11318	2	25	23	26	31
11319	4	7	6	44	12
11320	2	22	24	16	47
11321	4	24	27	153	81
11322	2	22	24	22	33
11323	2	26	24	30	49
11324	2	13	16	17	25
11325	2	24	13	29	19
11326	2	30	27	21	55
11327	2	25	6	30	7
11328	2	19	6	25	6
11329	4	12	24	78	56
11330	2	34	24	42	38
11331	4	24	24	171	58
11332	2	10	16	19	23
11333	1	6	27	7	32
11334	4	12	6	119	13
11335	2	18	20	24	26
11336	2	17	6	23	7
11337	2	11	19	15	25
11338	2	26	6	30	12
11339	2	33	6	40	6
11340	2	11	19	14	40
11341	4	24	6	325	12
11342	2	20	24	23	29
11343	2	23	6	27	7
11344	2	43	24	30	33
11345	4	22	28	346	41
11346	4	18	20	248	41
11347	2	12	28	16	33
11348	4	10	15	91	39
11349	4	11	6	231	12
11350	2	12	15	14	21
11351	2	30	6	40	9
11352	2	17	16	22	33
11353	8	24	6	26650	28
11354	2	18	28	21	56
11355	4	20	16	351	42
11356	2	3	28	4	47
11357	2	32	24	35	29
11358	4	11	6	243	15
11359	4	17	15	253	41
11360	2	19	26	23	32
11361	2	17	19	22	39
11362	2	5	20	11	26
11363	2	30	24	22	30
11364	2	27	20	35	26
11365	1	20	10	20	17
11366	2	22	24	22	31
11367	2	12	24	13	45
11368	2	7	28	14	35
11369	2	48	27	34	56
11370	2	22	24	23	28
11371	2	47	27	34	56
11372	2	26	12	30	19
11373	2	10	18	11	23
11374	2	14	16	18	26
11375	4	22	20	325	32
11376	2	32	296	25	302
11377	2	21	28	22	33
11378	2	28	6	32	11
11379	2	14	294	11	298
11380	4	50	24	630	56
11381	8	33	6	-1	-1
11382	2	21	24	24	48
11383	2	8	28	7	56
11384	2	15	28	16	53
11385	2	15	24	10	30
11386	2	17	26	23	31
11387	2	14	28	15	53
11388	2	12	21	8	44
11389	2	13	20	16	25
11390	2	6	6	12	7
11391	2	27	11	28	17
11392	4	10	16	91	40
11393	4	11	6	104	12
11394	4	3	13	10	34
11395	2	10	28	13	34
11396	2	22	24	16	33
11397	2	34	24	39	30
11398	2	26	6	351	12
11399	2	25	27	34	33
11400	2	28	26	28	55
11401	2	27	16	31	22
11402	2	11	20	15	26
11403	2	54	24	38	28
11404	2	28	296	22	302
11405	1	16	27	16	33
11406	2	8	16	17	23
11407	2	9	13	17	19
11408	2	10	6	20	7
11409	4	25	20	625	32
11410	2	10	28	13	33
11411	2	22	15	30	21
11412	2	23	296	16	302
11413	2	29	24	30	31
11414	2	12	16	16	35
11415	2	8	22	6	27
11416	2	15	19	16	25
11417	2	28	6	34	11
11418	2	7	25	15	31
11419	2	4	19	9	23
11420	2	42	24	30	42
11421	2	14	16	18	37
11422	2	7	6	14	11
11423	8	31	6	-1	-1
11424	2	52	24	38	48
11425	2	13	24	15	33
11426	4	13	16	171	42
11427	2	8	28	10	34
11428	1	22	6	23	6
11429	2	34	20	40	26
11430	2	10	28	8	34
11431	2	26	24	27	32
11432	2	36	24	41	27
11433	4	49	24	630	59
11434	4	21	6	403	13
11435	2	7	5	36	12
11436	2	24	20	32	26
11437	2	7	24	28	57
11438	8	10	5	1573	24
11439	2	24	6	24	10
11440	2	21	20	28	40
11441	2	2	5	4	9
11442	2	12	19	11	24
11443	1	24	6	25	8
11444	2	7	6	14	7
11445	4	27	24	406	59
11446	2	16	24	15	43
11447	4	15	15	190	36
11448	2	33	24	38	29
11449	2	27	24	31	48
11450	4	25	6	461	14
11451	2	35	15	44	22
11452	2	8	6	16	7
11453	4	26	6	626	13
11454	2	15	12	20	19
11455	2	22	23	23	26
11456	2	3	14	6	20
11457	2	12	6	16	7
11458	2	27	24	28	34
11459	2	56	24	40	44
11460	1	23	6	24	9
11461	2	18	24	18	34
11462	2	29	28	35	34
11463	1	8	27	8	56
11464	2	19	24	19	32
11465	4	25	24	351	57
11466	4	33	24	276	59
11467	2	12	6	24	7
11468	2	6	12	7	18
11469	2	14	26	15	32
11470	4	51	24	666	75
11471	2	10	16	13	35
11472	4	19	24	171	57
11473	4	19	296	119	612
11474	2	20	28	24	52
11475	2	2	5	5	8
11476	2	8	20	5	25
11477	2	8	20	16	25
11478	4	20	24	190	58
11479	2	53	24	38	41
11480	2	7	27	14	33
11481	2	35	24	26	47
11482	4	8	6	145	13
11483	2	24	19	27	25
11484	4	8	28	15	83
11485	1	28	15	28	21
11486	2	13	6	26	7
11487	4	10	6	182	14
11488	4	11	20	265	33
11489	2	6	6	21	13
11490	2	28	24	29	48
11491	2	14	19	18	25
11492	2	11	16	9	20
11493	4	14	6	166	12
11494	4	3	5	19	12
11495	2	11	24	10	45
11496	4	23	6	325	13
11497	2	8	20	7	24
11498	2	12	28	13	54
11499	2	9	15	10	21
11500	8	9	6	4645	28
11501	2	8	6	7	6
11502	4	23	16	496	41
11503	2	20	6	19	10
11504	1	12	6	12	6
11505	2	7	24	28	58
11506	2	8	19	8	24
11507	1	6	24	6	48
11508	4	24	16	496	42
11509	4	3	6	19	13
11510	2	24	24	29	34
11511	2	20	6	27	6
11512	4	16	6	205	12
11513	2	27	15	28	21
11514	2	19	296	16	305
11515	2	14	12	28	17
11516	4	5	28	21	65
11517	1	10	27	10	56
11518	2	2	27	4	31
11519	2	26	6	29	6
11520	4	8	6	54	12
11521	2	3	6	7	11
11522	2	19	24	14	27
11523	4	31	23	592	55
11524	2	40	24	28	41
11525	4	19	24	230	77
11526	2	19	296	14	317
11527	2	31	28	32	54
11528	2	43	24	31	29
11529	2	6	15	21	27
11530	2	20	6	23	7
11531	2	23	27	27	32
11532	4	16	23	153	71
11533	2	10	296	8	307
11534	4	7	6	99	14
11535	2	14	5	14	10
11536	2	11	296	9	299
11537	2	4	18	10	19
11538	2	12	5	11	8
11539	2	23	24	27	29
11540	4	17	6	273	13
11541	2	33	27	37	53
11542	4	26	28	190	82
11543	2	20	6	21	6
11544	2	49	24	36	29
11545	2	15	5	18	7
11546	2	7	14	14	21
11547	2	21	24	22	47
11548	2	29	24	20	29
11549	4	32	23	627	55
11550	2	9	20	10	26
11551	2	24	28	32	34
11552	4	16	6	188	16
11553	2	27	15	34	20
11554	8	15	24	3876	116
11555	2	18	24	17	43
11556	2	28	17	33	24
11557	2	8	5	8	5
11558	1	31	16	32	22
11559	2	43	24	31	49
11560	2	17	24	12	29
11561	2	37	24	26	28
11562	2	14	16	18	27
11563	4	13	296	55	598
11564	4	6	6	73	12
11565	2	14	18	15	23
11566	1	8	24	8	44
11567	4	41	27	435	84
11568	2	17	5	20	7
11569	4	19	6	741	14
11570	2	9	12	10	19
11571	2	57	27	41	55
11572	2	10	6	21	6
11573	1	22	28	20	35
11574	4	36	296	405	600
11575	2	6	24	21	57
11576	2	33	16	41	22
11577	1	27	6	28	10
11578	2	16	16	17	21
11579	2	29	24	21	43
11580	8	7	6	2241	29
11581	2	6	20	12	26
11582	4	14	6	166	12
11583	4	2	15	9	26
11584	2	22	22	25	42
11585	2	31	24	22	43
11586	1	26	6	26	11
11587	2	8	6	10	9
11588	2	15	6	12	10
11589	2	32	24	23	44
11590	4	17	24	78	72
11591	2	12	15	10	20
11592	2	5	28	10	34
11593	2	28	28	20	57
11594	2	10	28	20	34
11595	2	19	15	24	21
11596	4	9	15	21	26
11597	2	21	24	22	46
11598	4	19	5	231	11
11599	1	22	19	20	24
11600	4	16	15	205	27
11601	2	31	6	528	13
11602	4	19	24	190	59
11603	2	17	24	18	49
11604	2	14	28	17	54
11605	2	13	15	26	21
11606	2	22	6	253	13
11607	2	11	16	14	26
11608	4	17	24	207	56
11609	2	27	27	28	56
11610	4	14	24	55	59
11611	4	30	24	593	61
11612	2	22	20	29	26
11613	2	19	24	21	49
11614	2	27	28	35	34
11615	2	12	16	16	21
11616	2	25	6	29	12
11617	2	31	21	35	27
11618	2	20	24	15	33
11619	2	20	6	21	11
11620	2	8	5	10	6
11621	2	21	16	42	21
11622	2	20	24	20	45
11623	2	23	24	22	44
11624	2	44	296	35	317
11625	2	10	24	10	34
11626	2	21	21	24	26
11627	2	21	24	22	32
11628	2	17	6	23	6
11629	2	8	20	36	31
11630	2	37	24	26	32
11631	1	20	6	20	11
11632	2	15	20	21	26
11633	2	28	24	32	32
11634	2	56	24	40	31
11635	2	14	24	9	42
11636	2	8	24	36	57
11637	2	7	27	36	40
11638	4	37	296	463	622
11639	4	23	296	170	601
11640	4	33	296	376	618
11641	4	33	24	698	70
11642	2	18	6	22	6
11643	4	34	24	779	60
11644	2	9	6	11	10
11645	2	5	5	21	11
11646	4	32	20	890	33
11647	2	7	19	6	24
11648	4	22	5	350	12
11649	4	7	6	113	14
11650	2	24	25	32	46
11651	2	46	296	37	314
11652	2	20	24	21	50
11653	2	7	6	15	7
11654	2	22	24	26	47
11655	4	26	24	494	56
11656	2	30	24	21	32
11657	2	5	28	11	35
11658	4	28	24	523	60
11659	2	24	24	25	31
11660	2	22	14	29	20
11661	4	11	6	222	15
11662	2	10	6	14	10
11663	4	10	16	91	42
11664	2	20	20	24	26
11665	2	29	24	30	29
11666	2	29	24	31	49
11667	2	24	23	29	44
11668	2	15	6	21	6
11669	4	10	6	100	13
11670	4	9	6	163	14
11671	2	14	16	19	25
11672	2	10	28	7	51
11673	2	31	6	496	16
11674	8	28	24	-1	-1
11675	2	31	24	33	34
11676	2	29	24	31	49
11677	2	57	24	41	29
11678	2	48	24	35	31
11679	2	43	24	32	45
11680	2	10	6	20	7
11681	2	11	28	14	34
11682	2	33	24	35	30
11683	4	28	6	491	13
11684	2	33	296	27	302
11685	1	18	16	19	22
11686	2	15	23	15	26
11687	1	13	24	13	33
11688	1	8	23	8	26
11689	2	29	6	38	6
11690	2	18	28	13	56
11691	4	22	6	346	13
11692	4	6	6	85	13
11693	4	30	24	558	53
11694	2	55	24	39	31
11695	2	13	16	17	24
11696	2	35	24	25	29
11697	2	14	5	13	10
11698	2	33	24	35	34
11699	2	22	22	16	32
11700	2	11	295	9	313
11701	1	5	24	5	26
11702	4	19	24	210	58
11703	4	5	6	51	12
11704	2	9	20	18	25
11705	2	27	6	32	7
11706	4	14	24	105	57
11707	2	35	24	37	46
11708	4	12	6	119	13
11709	2	18	26	22	31
11710	2	34	20	41	36
11711	2	6	16	12	23
11712	1	23	26	24	32
11713	2	4	28	7	34
11714	4	20	24	105	58
11715	2	19	24	19	48
11716	8	3	6	109	29
11717	4	29	6	593	13
11718	2	40	24	28	31
11719	2	17	26	22	47
11720	2	8	28	11	33
11721	4	30	24	556	58
11722	2	57	24	41	49
11723	2	35	24	25	49
11724	2	31	6	41	6
11725	2	23	24	26	30
11726	2	26	6	35	7
11727	4	26	6	557	13
11728	2	6	19	13	25
11729	2	24	24	24	44
11730	2	4	16	6	33
11731	2	14	6	18	10
11732	2	6	18	7	23
11733	2	29	28	34	56
11734	4	27	20	522	34
11735	2	29	20	34	26
11736	2	19	27	23	32
11737	2	27	24	30	49
11738	2	35	24	25	46
11739	2	32	24	37	34
11740	2	23	24	23	48
11741	2	7	5	8	8
11742	2	6	6	12	7
11743	1	20	14	20	20
11744	2	22	17	26	23
11745	4	2	4	9	10
11746	2	23	6	26	10
11747	2	29	6	34	6
11748	2	31	24	33	29
11749	2	18	6	171	13
11750	4	24	6	557	13
11751	4	8	6	129	14
11752	2	20	6	28	6
11753	4	50	24	666	58
11754	2	10	24	9	31
11755	2	38	24	27	45
11756	1	9	22	9	28
11757	2	17	24	18	48
11758	2	31	24	22	44
11759	4	53	24	741	58
11760	4	17	6	171	13
11761	2	20	24	24	43
11762	2	19	20	23	26
11763	2	4	28	5	47
11764	2	37	296	28	324
11765	4	10	4	78	9
11766	2	14	6	105	12
11767	2	12	27	11	32
11768	2	24	24	24	33
11769	1	4	6	4	6
11770	2	25	20	33	41
11771	2	7	5	6	6
11772	4	9	26	54	38
11773	2	56	24	40	35
11774	2	19	20	22	26
11775	2	6	16	8	32
11776	4	29	296	275	602
11777	4	25	24	430	53
11778	2	3	5	6	15
11779	2	34	25	45	31
11780	2	21	24	22	49
11781	2	4	15	5	31
11782	2	24	24	28	48
11783	2	10	14	14	20
11784	2	11	20	11	24
11785	2	16	6	13	6
11786	2	9	17	18	23
11787	4	8	22	21	64
11788	2	3	6	7	7
11789	2	14	25	19	31
11790	1	24	16	24	22
11791	4	10	6	221	15
11792	2	30	6	38	9
11793	4	24	6	350	13
11794	2	16	15	21	21
11795	4	14	6	105	12
11796	2	4	6	8	12
11797	1	17	20	18	26
11798	2	5	6	7	7
11799	4	12	6	313	14
11800	2	7	5	14	11
11801	2	25	6	29	11
11802	2	9	6	18	11
11803	2	2	27	4	32
11804	1	4	15	4	19
11805	1	12	20	13	25
11806	2	29	28	32	57
11807	2	35	296	28	301
11808	2	15	6	14	11
11809	2	33	5	40	6
11810	2	9	5	9	5
11811	2	12	12	24	19
11812	2	17	24	18	30
11813	4	33	24	276	70
11814	2	47	24	34	47
11815	2	15	27	20	33
11816	2	29	6	39	11
11817	4	20	5	295	12
11818	2	43	296	35	303
11819	2	51	24	36	28
11820	2	12	25	78	38
11821	4	24	24	325	63
11822	2	11	24	10	48
11823	1	5	24	5	39
11824	2	9	6	18	10
11825	2	7	19	14	25
11826	1	33	6	33	7
11827	2	38	24	27	46
11828	2	49	28	34	56
11829	2	24	24	24	33
11830	8	19	16	20120	84
11831	2	30	27	34	55
11832	2	9	6	7	10
11833	2	32	296	25	315
11834	2	26	6	30	6
11835	2	30	16	34	23
11836	2	44	24	31	33
11837	4	9	18	163	30
11838	2	15	14	18	19
11839	4	16	5	188	12
11840	2	3	14	5	20
11841	2	15	24	16	44
11842	2	8	24	36	57
11843	2	32	296	25	319
11844	2	23	16	26	22
11845	2	24	6	31	11
11846	2	25	24	28	26
11847	2	15	21	10	30
11848	4	18	24	190	59
11849	2	14	6	105	11
11850	2	24	16	28	21
11851	4	3	6	15	12
11852	2	19	296	15	304
11853	2	24	6	300	13
11854	2	42	24	30	28
11855	4	12	6	118	12
11856	1	17	6	18	10
11857	2	7	16	9	24
11858	4	11	6	243	13
11859	2	28	24	33	46
11860	2	20	24	15	29
11861	2	26	20	35	27
11862	2	14	6	16	6
11863	1	8	24	8	30
11864	2	4	6	8	11
11865	2	27	28	28	56
11866	2	10	5	14	9
11867	1	24	23	25	29
11868	2	6	28	12	35
11869	4	15	24	55	72
11870	1	20	28	20	34
11871	2	29	24	33	44
11872	2	32	6	37	7
11873	2	15	27	14	55
11874	4	24	24	136	58
11875	2	15	24	16	33
11876	2	20	6	20	11
11877	2	50	24	36	47
11878	2	10	16	14	24
11879	4	22	6	350	18
11880	2	7	17	9	22
11881	2	28	15	32	21
11882	2	15	16	20	24
11883	2	19	23	20	42
11884	1	16	20	16	26
11885	2	19	16	24	22
11886	4	28	23	210	56
11887	4	9	22	21	49
11888	4	12	6	289	13
11889	2	8	6	17	7
11890	2	19	24	19	29
11891	4	18	6	248	17
11892	2	35	24	38	49
11893	2	4	28	8	33
11894	4	19	20	297	33
11895	2	8	6	8	6
11896	2	44	25	31	53
11897	4	16	16	253	42
11898	2	26	13	35	19
11899	4	4	6	41	13
11900	2	8	24	6	24
11901	1	26	16	26	22
11902	2	16	19	21	26
11903	4	10	6	221	14
11904	2	29	26	29	55
11905	2	20	24	19	47
11906	4	23	24	373	59
11907	8	14	5	5814	26
11908	2	12	28	16	49
11909	2	15	6	12	6
11910	2	20	5	24	10
11911	2	38	24	27	44
11912	2	21	27	26	33
11913	2	12	5	12	10
11914	2	24	19	32	25
11915	4	11	256	132	546
11916	1	8	6	8	5
11917	2	10	6	13	6
11918	1	6	24	6	46
11919	2	26	24	30	43
11920	4	10	6	201	14
11921	2	15	28	21	34
11922	2	29	28	20	57
11923	2	20	6	21	12
11924	2	21	17	21	22
11925	4	6	6	28	15
11926	2	46	296	38	305
11927	2	8	5	36	16
11928	2	20	24	21	45
11929	2	7	19	9	25
11930	2	24	24	28	43
11931	2	14	15	13	21
11932	2	19	26	25	31
11933	2	17	27	21	33
11934	1	14	16	14	21
11935	2	35	24	25	29
11936	4	33	24	276	53
11937	2	9	6	7	10
11938	2	3	5	6	6
11939	2	9	6	12	6
11940	2	7	15	7	19
11941	2	8	20	17	26
11942	2	25	24	18	28
11943	2	17	20	23	26
11944	1	16	19	16	24
11945	4	18	16	300	42
11946	2	22	6	21	6
11947	2	17	23	12	34
11948	2	23	16	30	26
11949	4	6	6	15	11
11950	2	14	16	14	21
11951	1	9	20	9	24
11952	4	27	28	491	76
11953	2	7	20	9	25
11954	2	25	24	18	47
11955	2	30	22	35	31
11956	2	20	6	21	11
11957	4	6	6	28	12
11958	2	9	16	11	26
11959	2	22	16	29	20
11960	1	27	16	28	24
11961	4	25	16	528	57
11962	4	10	6	66	12
11963	1	20	16	21	21
11964	2	43	24	31	42
11965	2	6	20	7	37
11966	2	28	24	20	44
11967	2	30	6	33	11
11968	4	23	24	373	55
11969	4	34	24	736	57
11970	2	9	16	12	22
11971	2	15	6	20	11
11972	2	20	19	27	25
11973	1	8	23	8	26
11974	4	23	16	465	47
11975	2	5	24	15	55
11976	2	26	24	27	48
11977	2	11	24	11	46
11978	2	12	5	16	6
11979	4	9	6	55	17
11980	2	10	20	14	40
11981	2	33	6	41	6
11982	8	10	6	7001	28
11983	2	15	28	19	49
11984	2	20	19	19	25
11985	2	12	6	78	13
11986	2	10	24	10	41
11987	2	20	24	14	43
11988	2	5	28	6	33
11989	2	12	16	15	36
11990	2	25	24	30	49
11991	2	27	296	21	315
11992	2	21	24	16	32
11993	2	16	5	18	10
11994	2	46	27	32	54
11995	8	22	24	26450	102
11996	2	12	16	16	22
11997	2	12	20	24	26
11998	2	7	6	9	12
11999	2	21	15	22	21
12000	2	5	19	10	24
12001	4	18	6	229	13
12002	4	37	28	378	82
12003	2	27	24	19	48
12004	2	11	19	23	25
12005	2	13	28	10	55
12006	2	16	290	12	311
12007	2	14	22	9	29
12008	1	4	6	4	10
12009	2	21	6	253	12
12010	2	27	6	35	10
12011	1	22	6	22	10
12012	4	14	6	166	12
12013	4	43	296	628	605
12014	2	26	6	351	13
12015	4	7	6	28	12
12016	4	5	6	61	13
12017	4	12	6	289	14
12018	4	31	24	253	59
12019	2	29	6	33	6
12020	2	32	24	22	34
12021	2	23	6	28	11
12022	2	7	19	15	25
12023	2	6	28	8	42
12024	2	30	24	31	33
12025	2	12	28	8	53
12026	4	17	24	171	57
12027	2	24	6	300	14
12028	2	22	24	26	29
12029	2	19	6	24	7
12030	2	31	19	39	25
12031	2	8	6	17	7
12032	2	11	6	23	11
12033	2	3	11	6	17
12034	4	20	6	375	17
12035	4	12	6	118	12
12036	1	6	5	6	9
12037	2	28	24	29	29
12038	2	47	24	34	33
12039	2	4	20	6	25
12040	1	12	18	10	23
12041	4	13	20	152	32
12042	2	18	27	18	33
12043	1	6	6	6	6
12044	2	12	6	15	8
12045	2	11	6	14	6
12046	2	22	6	24	7
12047	2	13	27	14	33
12048	2	24	13	29	19
12049	1	8	15	8	19
12050	2	22	15	26	20
12051	2	17	23	12	29
12052	1	8	12	8	17
12053	4	3	6	25	12
12054	2	26	28	27	33
12055	2	18	20	190	32
12056	2	14	6	11	6
12057	2	7	27	8	32
12058	2	19	16	26	22
12059	2	12	16	24	22
12060	4	40	24	406	58
12061	2	45	24	32	43
12062	2	29	28	33	58
12063	2	26	25	28	31
12064	2	6	6	21	12
12065	2	14	6	13	6
12066	2	15	28	16	56
12067	2	21	16	27	21
12068	2	24	24	25	43
12069	2	54	24	37	29
12070	2	7	28	8	33
12071	4	4	16	41	30
12072	2	15	24	16	30
12073	2	28	28	32	50
12074	4	28	28	559	83
12075	2	49	26	35	54
12076	2	8	24	36	76
12077	2	25	15	29	21
12078	2	34	27	24	55
12079	2	31	296	24	301
12080	2	8	6	36	13
12081	2	16	17	19	23
12082	2	2	28	4	32
12083	2	31	16	40	22
12084	2	21	24	16	44
12085	2	17	19	17	25
12086	2	48	24	35	29
12087	2	8	20	17	26
12088	2	8	5	21	10
12089	4	32	24	561	56
12090	2	9	19	13	25
12091	2	24	6	33	12
12092	2	10	14	7	19
12093	1	6	12	6	18
12094	4	11	24	66	56
12095	4	51	24	630	59
12096	2	23	24	27	24
12097	2	35	24	36	34
12098	2	25	24	27	31
12099	2	21	24	22	35
12100	2	18	6	18	10
12101	2	12	14	15	20
12102	2	50	24	35	29
12103	2	13	6	12	10
12104	8	17	6	11894	27
12105	2	22	16	30	21
12106	2	17	25	23	31
12107	2	36	24	37	33
12108	2	21	24	22	45
12109	2	9	20	12	41
12110	2	12	6	78	12
12111	2	33	6	43	9
12112	2	13	15	10	21
12113	2	21	6	28	11
12114	2	17	24	18	46
12115	1	24	6	24	10
12116	4	57	24	820	72
12117	2	17	16	17	22
12118	2	21	28	15	57
12119	2	44	296	34	304
12120	4	15	16	210	41
12121	2	22	6	23	6
12122	2	17	24	13	49
12123	4	15	6	228	13
12124	4	7	19	55	54
12125	2	6	17	7	22
12126	2	18	28	17	33
12127	2	32	28	36	58
12128	1	14	20	10	25
12129	2	8	24	7	24
12130	2	14	20	18	40
12131	2	21	6	20	11
12132	4	3	5	25	11
12133	2	16	24	11	26
12134	4	13	28	119	40
12135	2	8	27	17	33
12136	1	8	24	8	31
12137	2	7	5	9	5
12138	2	13	24	13	34
12139	2	4	18	9	25
12140	2	10	16	10	22
12141	2	20	6	23	11
12142	2	20	6	18	7
12143	2	22	20	30	26
12144	2	8	28	5	33
12145	2	14	28	9	50
12146	2	18	22	13	46
12147	2	4	20	9	26
12148	2	14	26	18	47
12149	2	15	24	15	29
12150	1	6	20	6	23
12151	4	13	6	119	13
12152	2	27	296	21	316
12153	2	4	27	5	33
12154	2	4	28	4	32
12155	4	23	6	404	12
12156	4	24	6	492	13
12157	2	40	296	31	317
12158	2	19	6	20	6
12159	2	25	27	26	33
12160	2	40	24	29	45
12161	2	31	24	32	27
12162	1	25	19	26	24
12163	2	20	26	14	53
12164	2	28	23	33	28
12165	2	8	25	6	50
12166	2	18	19	23	25
12167	2	22	6	30	9
12168	2	33	6	39	7
12169	1	28	6	28	9
12170	2	24	6	30	10
12171	2	26	24	27	34
12172	2	26	28	28	34
12173	2	18	25	16	31
12174	4	19	16	351	41
12175	4	23	24	373	59
12176	4	15	6	153	16
12177	2	19	28	26	35
12178	2	25	17	30	23
12179	4	24	25	351	37
12180	2	16	296	12	300
12181	1	6	17	6	22
12182	2	18	24	13	42
12183	2	5	20	11	26
12184	2	30	24	34	30
12185	2	9	24	6	44
12186	4	6	5	28	10
12187	2	21	6	23	6
12188	2	10	16	9	22
12189	4	33	24	661	60
12190	2	7	28	6	32
12191	2	3	5	7	10
12192	2	21	6	253	12
12193	2	20	6	24	11
12194	2	47	24	34	48
12195	2	31	15	39	21
12196	2	19	6	16	10
12197	2	24	16	32	26
12198	1	22	6	22	7
12199	2	16	24	20	26
12200	2	42	296	33	320
12201	2	8	21	7	23
12202	2	18	6	190	12
12203	2	21	6	21	6
12204	2	32	24	36	34
12205	2	3	6	6	5
12206	2	31	16	40	22
12207	4	22	6	346	13
12208	2	10	15	21	21
12209	4	33	26	701	75
12210	4	25	24	351	56
12211	4	15	6	169	12
12212	4	7	15	21	26
12213	2	57	24	41	45
12214	2	26	20	28	26
12215	2	9	12	10	17
12216	4	33	24	630	59
12217	4	30	24	628	75
12218	2	22	24	22	42
12219	2	19	20	26	26
12220	2	26	296	20	302
12221	2	30	16	36	22
12222	2	51	296	41	306
12223	2	16	24	18	47
12224	2	21	20	28	41
12225	2	48	24	34	45
12226	2	16	24	11	52
12227	2	33	28	24	55
12228	2	18	6	25	6
12229	2	5	16	5	36
12230	4	8	5	64	11
12231	2	47	24	34	33
12232	2	19	16	26	21
12233	2	57	24	41	45
12234	4	5	23	27	34
12235	4	31	24	625	57
12236	2	23	6	300	12
12237	2	26	24	26	32
12238	2	22	16	22	22
12239	2	15	23	19	25
12240	2	31	23	36	44
12241	2	24	26	27	32
12242	1	22	6	22	10
12243	2	26	28	18	57
12244	2	15	6	17	11
12245	2	35	24	39	47
12246	2	20	25	19	52
12247	2	11	18	22	23
12248	4	24	6	401	14
12249	2	22	20	23	26
12250	4	7	5	36	11
12251	2	25	24	18	33
12252	1	29	16	30	22
12253	2	23	296	18	301
12254	1	18	6	18	11
12255	4	37	24	378	59
12256	2	8	6	17	11
12257	2	8	6	16	7
12258	2	14	26	18	32
12259	2	43	296	35	301
12260	2	23	6	31	11
12261	4	49	28	595	87
12262	2	10	6	14	10
12263	2	16	24	11	29
12264	4	26	24	171	72
12265	2	37	24	26	42
12266	2	20	28	18	33
12267	2	6	6	7	11
12268	2	10	6	21	10
12269	2	6	19	7	23
12270	2	19	23	14	45
12271	2	9	5	6	9
12272	2	25	24	27	50
12273	2	12	5	10	10
12274	1	6	28	6	34
12275	2	31	6	38	7
12276	2	11	6	11	6
12277	8	29	6	-1	-1
12278	2	7	22	5	29
12279	2	28	24	30	44
12280	4	24	6	324	12
12281	4	13	23	105	55
12282	1	11	6	11	9
12283	2	33	6	41	7
12284	8	25	16	-1	-1
12285	2	51	296	40	316
12286	2	36	296	29	300
12287	2	10	28	11	34
12288	2	17	24	18	32
12289	2	28	24	33	28
12290	4	8	6	45	12
12291	4	24	24	171	52
12292	8	22	6	34658	26
12293	4	13	24	55	57
12294	2	27	6	35	11
12295	2	13	15	14	20
12296	2	22	296	17	300
12297	4	27	6	491	12
12298	2	34	6	43	8
12299	1	4	28	4	33
12300	4	11	23	78	45
12301	2	6	5	5	8
12302	2	12	15	15	21
12303	2	18	11	21	18
12304	2	25	28	34	34
12305	4	12	6	289	15
12306	2	33	24	35	29
12307	4	18	6	120	17
12308	2	19	19	24	25
12309	4	53	24	741	72
12310	2	18	24	16	48
12311	2	34	24	39	31
12312	2	14	6	18	7
12313	4	11	24	55	36
12314	2	29	26	20	53
12315	2	27	24	31	32
12316	2	24	28	16	55
12317	1	5	5	5	7
12318	4	48	24	630	74
12319	2	25	19	28	25
12320	4	34	6	891	14
12321	2	46	296	37	301
12322	2	8	15	17	22
12323	2	24	24	17	29
12324	4	35	24	325	57
12325	2	11	20	21	26
12326	2	27	24	28	29
12327	4	14	6	105	12
12328	4	13	16	119	28
12329	2	36	296	29	304
12330	2	44	296	35	301
12331	4	16	28	136	40
12332	4	11	14	104	26
12333	2	15	6	20	6
12334	4	15	24	185	48
12335	4	28	24	435	58
12336	4	26	23	190	74
12337	2	31	28	40	34
12338	4	4	6	33	15
12339	4	19	28	297	40
12340	2	7	6	14	11
12341	4	48	23	630	75
12342	2	12	16	15	21
12343	4	24	6	557	18
12344	4	14	24	105	57
12345	2	15	28	15	57
12346	2	5	4	7	6
12347	2	6	15	11	21
12348	1	18	16	18	22
12349	2	34	28	45	34
12350	2	56	24	40	49
12351	2	47	24	33	33
12352	4	8	6	55	17
12353	2	12	16	16	22
12354	2	16	6	136	13
12355	2	29	20	33	25
12356	2	29	16	34	22
12357	2	5	20	7	40
12358	4	22	24	253	64
12359	2	9	16	11	22
12360	2	33	18	38	24
12361	2	6	15	13	21
12362	4	11	6	243	14
12363	1	24	12	24	19
12364	2	9	6	19	10
12365	2	11	23	8	43
12366	2	17	28	18	56
12367	2	15	26	15	31
12368	2	3	28	5	33
12369	2	33	24	35	47
12370	1	10	24	10	49
12371	4	22	28	325	85
12372	2	8	16	10	24
12373	2	9	28	18	34
12374	1	11	24	11	41
12375	4	10	24	28	57
12376	2	22	23	16	45
12377	4	25	5	405	12
12378	2	26	6	35	6
12379	2	30	296	24	300
12380	2	23	17	23	22
12381	2	34	24	42	43
12382	4	47	296	701	622
12383	2	46	24	33	29
12384	4	22	6	403	13
12385	2	31	27	38	33
12386	2	10	25	21	31
12387	2	34	27	40	33
12388	2	15	15	15	21
12389	2	27	296	21	301
12390	2	3	26	4	45
12391	4	14	22	45	72
12392	2	8	15	10	22
12393	2	22	27	20	57
12394	2	17	25	23	46
12395	4	16	24	136	72
12396	2	25	24	25	44
12397	4	24	24	153	56
12398	2	6	20	12	26
12399	2	19	23	13	29
12400	2	26	6	300	14
12401	4	21	24	210	59
12402	4	13	296	55	602
12403	4	14	24	55	58
12404	2	17	24	12	49
12405	4	9	5	77	12
12406	2	20	28	21	54
12407	2	17	6	21	6
12408	4	22	24	253	55
12409	2	9	25	19	31
12410	2	55	27	39	55
12411	2	4	18	5	33
12412	2	13	296	10	301
12413	1	10	24	10	32
12414	2	12	18	24	25
12415	2	19	18	23	24
12416	2	6	6	9	9
12417	2	10	6	13	11
12418	2	20	6	21	6
12419	4	6	5	73	15
12420	1	7	24	7	48
12421	4	38	296	434	603
12422	2	16	24	18	43
12423	2	6	17	8	37
12424	2	20	6	210	12
12425	2	32	24	37	34
12426	4	24	6	325	13
12427	1	9	20	9	25
12428	2	24	28	27	49
12429	2	16	20	13	25
12430	2	5	6	10	10
12431	2	14	293	10	325
12432	2	32	24	22	29
12433	2	17	27	20	56
12434	2	16	14	20	19
12435	2	27	24	31	30
12436	2	21	18	28	39
12437	1	15	6	16	6
12438	4	19	6	323	13
12439	2	9	16	12	24
12440	2	21	24	15	47
12441	2	10	6	14	11
12442	4	23	24	136	63
12443	2	39	24	28	44
12444	4	28	24	378	59
12445	2	36	24	42	48
12446	4	27	296	252	603
12447	2	45	24	32	47
12448	2	31	24	33	41
12449	2	36	23	40	29
12450	4	21	25	253	79
12451	4	32	296	349	625
12452	2	19	16	26	22
12453	2	7	22	6	40
12454	2	23	14	32	20
12455	2	19	27	16	33
12456	2	15	24	16	45
12457	4	46	28	561	83
12458	2	23	24	24	46
12459	4	10	16	91	44
12460	2	21	28	24	58
12461	4	34	27	778	83
12462	4	25	6	591	12
12463	2	10	5	36	13
12464	2	18	28	13	53
12465	2	12	16	78	27
12466	8	43	296	-1	-1
12467	2	3	6	7	7
12468	2	22	24	22	28
12469	4	25	24	351	58
12470	2	29	24	21	46
12471	2	4	6	8	11
12472	2	21	23	15	43
12473	4	18	6	120	12
12474	2	41	296	33	300
12475	4	23	28	493	41
12476	2	25	24	18	33
12477	2	9	4	9	8
12478	4	16	6	205	12
12479	2	21	24	15	48
12480	1	27	6	28	7
12481	2	5	14	10	21
12482	8	19	6	8855	26
12483	2	18	26	20	32
12484	2	11	20	23	26
12485	2	30	296	23	316
12486	2	45	296	36	318
12487	1	28	16	29	22
12488	2	19	296	15	321
12489	2	43	24	30	32
12490	2	22	6	253	11
12491	4	40	23	406	69
12492	2	25	20	35	26
12493	2	18	16	23	36
12494	2	25	6	34	12
12495	4	18	6	298	14
12496	2	30	27	22	56
12497	4	15	26	169	37
12498	2	4	6	5	10
12499	8	19	24	2380	112
12500	2	8	6	16	6
12501	2	34	26	39	56
12502	1	7	24	7	28
12503	2	21	25	27	31
12504	2	33	24	37	29
12505	2	3	5	6	10
12506	4	23	24	136	57
12507	2	6	12	7	18
12508	2	12	16	11	22
12509	2	8	6	36	12
12510	4	45	24	528	57
12511	2	2	15	4	20
12512	2	29	24	33	42
12513	1	20	6	20	6
12514	4	18	20	210	33
12515	4	16	296	78	602
12516	4	25	296	189	618
12517	2	14	22	10	40
12518	2	6	20	5	25
12519	2	22	20	24	26
12520	2	30	28	34	50
12521	2	25	6	35	6
12522	8	34	24	-1	-1
12523	2	9	23	10	31
12524	4	10	16	91	40
12525	4	33	24	630	77
12526	4	32	6	665	16
12527	2	20	16	23	22
12528	2	18	6	22	11
12529	2	27	6	30	7
12530	2	29	16	35	23
12531	4	24	6	20475	25
12532	2	28	24	29	45
12533	4	26	6	434	14
12534	2	26	24	27	30
12535	4	12	6	134	13
12536	2	7	17	14	23
12537	1	18	26	18	32
12538	2	16	6	136	13
12539	2	13	20	17	40
12540	2	4	6	9	10
12541	4	10	6	103	12
12542	2	22	296	18	300
12543	4	6	16	28	41
12544	2	32	24	36	44
12545	2	34	24	36	27
12546	2	19	5	20	7
12547	4	20	6	171	13
12548	2	5	11	6	11
12549	4	5	20	21	59
12550	2	45	296	36	305
12551	4	24	20	492	33
12552	2	8	18	8	23
12553	2	35	24	25	50
12554	2	24	6	31	11
12555	2	25	26	28	31
12556	4	18	24	136	59
12557	4	8	5	55	11
12558	4	22	6	252	13
12559	2	24	6	28	9
12560	2	12	27	24	34
12561	2	17	24	12	51
12562	2	15	6	21	11
12563	2	23	24	26	33
12564	2	9	6	11	10
12565	2	49	24	36	29
12566	2	15	24	15	27
12567	2	15	16	20	21
12568	2	28	6	31	11
12569	2	22	6	276	14
12570	4	9	21	21	51
12571	2	31	24	35	48
12572	4	14	28	170	41
12573	4	29	24	465	81
12574	2	20	28	15	55
12575	2	11	16	15	36
12576	2	8	28	6	51
12577	2	20	28	27	34
12578	2	5	16	6	20
12579	2	17	16	20	21
12580	2	12	13	25	20
12581	4	49	24	595	54
12582	4	18	24	190	62
12583	2	22	16	22	21
12584	2	30	16	37	23
12585	4	18	24	248	48
12586	4	5	6	27	12
12587	2	39	26	28	55
12588	2	28	25	27	54
12589	4	19	294	105	592
12590	2	8	5	12	5
12591	2	4	6	8	7
12592	2	29	28	30	57
12593	2	14	28	15	58
12594	4	7	256	74	516
12595	2	18	20	24	40
12596	4	36	24	859	54
12597	2	26	24	25	33
12598	2	24	20	32	26
12599	1	8	20	8	27
12600	2	23	24	23	28
12601	2	27	28	30	34
12602	4	13	20	152	32
12603	1	5	24	5	27
12604	2	7	6	15	11
12605	2	13	23	9	46
12606	2	8	20	12	26
12607	2	26	16	34	22
12608	2	4	6	4	6
12609	2	6	16	7	18
12610	4	27	6	435	13
12611	4	12	6	313	13
12612	2	10	6	20	8
12613	2	5	28	10	34
12614	4	50	296	778	602
12615	4	14	6	166	13
12616	2	6	6	12	6
12617	2	47	24	33	44
12618	2	29	27	36	32
12619	2	7	17	9	37
12620	1	18	6	18	10
12621	2	4	28	8	34
12622	2	36	24	25	33
12623	2	20	24	21	42
12624	2	14	296	11	305
12625	2	8	27	11	32
12626	4	13	5	105	10
12627	4	15	16	208	28
12628	4	6	16	36	36
12629	2	29	6	34	6
12630	2	52	24	37	44
12631	2	22	16	29	26
12632	2	14	28	14	55
12633	2	51	24	36	28
12634	2	24	20	31	41
12635	2	26	6	31	6
12636	4	9	6	77	13
12637	2	14	6	11	6
12638	1	15	27	16	33
12639	2	31	24	22	29
12640	2	20	24	21	30
12641	4	28	24	435	56
12642	1	10	28	10	33
12643	2	10	26	10	53
12644	2	26	27	31	33
12645	2	44	24	32	30
12646	1	26	6	26	11
12647	2	15	24	16	29
12648	2	34	25	40	32
12649	2	29	296	23	327
12650	2	14	15	105	27
12651	4	26	15	591	28
12652	2	11	19	23	26
12653	2	2	6	4	6
12654	2	40	296	31	329
12655	4	16	6	205	12
12656	1	20	6	20	6
12657	2	25	20	34	26
12658	4	48	24	630	72
12659	2	15	28	21	33
12660	2	22	24	23	48
12661	2	18	6	25	6
12662	2	27	24	31	43
12663	2	49	24	35	48
12664	2	13	20	17	26
12665	8	9	6	330	24
12666	2	12	16	24	23
12667	4	17	6	250	13
12668	2	35	24	37	31
12669	2	19	6	26	10
12670	2	53	24	36	49
12671	4	9	5	77	11
12672	2	6	16	12	22
12673	4	14	5	120	13
12674	4	35	24	775	55
12675	2	8	24	36	70
12676	1	14	15	14	20
12677	2	18	13	17	19
12678	2	33	24	24	48
12679	2	15	12	20	19
12680	4	5	5	55	11
12681	2	11	6	15	6
12682	2	7	28	7	34
12683	2	7	20	8	24
12684	4	15	6	136	13
12685	2	23	24	16	44
12686	4	5	5	27	16
12687	4	9	6	77	11
12688	2	9	12	19	18
12689	2	7	28	6	56
12690	2	22	28	26	35
12691	2	19	24	14	29
12692	4	6	28	15	40
12693	2	9	24	10	32
12694	2	9	5	8	10
12695	8	31	24	12650	117
12696	4	33	24	739	58
12697	1	8	5	8	10
12698	2	9	18	7	23
12699	2	16	28	11	53
12700	1	10	6	10	6
12701	2	30	24	21	41
12702	2	21	20	28	41
12703	2	28	22	20	31
12704	2	32	24	37	50
12705	2	22	296	17	305
12706	1	9	24	9	28
12707	2	14	6	18	6
12708	4	27	24	190	80
12709	2	26	16	26	22
12710	2	30	28	36	34
12711	2	19	28	19	57
12712	2	30	24	22	32
12713	2	24	6	32	7
12714	8	33	22	-1	-1
12715	2	20	15	23	21
12716	2	6	19	11	26
12717	2	18	15	22	20
12718	2	33	24	38	48
12719	2	15	24	11	44
12720	2	33	27	41	33
12721	2	8	6	45	13
12722	2	5	28	10	34
12723	2	31	27	39	33
12724	4	17	6	273	18
12725	1	6	24	6	29
12726	2	21	26	21	54
12727	2	14	24	14	28
12728	2	14	16	19	23
12729	2	8	24	7	44
12730	4	12	26	28	69
12731	2	15	20	12	25
12732	2	16	28	20	33
12733	2	13	16	17	21
12734	2	6	16	7	22
12735	2	22	27	23	32
12736	4	5	5	51	12
12737	4	20	6	276	13
12738	4	3	5	21	10
12739	4	23	23	404	55
12740	2	11	24	23	30
12741	1	19	6	20	7
12742	4	17	28	226	40
12743	4	21	19	231	31
12744	2	18	16	23	19
12745	2	35	24	39	43
12746	4	35	296	404	622
12747	2	20	16	21	22
12748	1	36	17	36	24
12749	2	19	6	26	11
12750	2	24	6	28	7
12751	2	10	15	8	21
12752	4	33	6	978	13
12753	2	14	28	10	56
12754	2	8	6	17	10
12755	2	32	24	23	48
12756	2	3	6	6	7
12757	2	7	28	14	34
12758	4	11	5	115	12
12759	2	6	16	8	24
12760	4	11	6	265	15
12761	2	12	6	78	12
12762	4	11	5	55	12
12763	2	9	27	18	33
12764	2	16	5	19	5
12765	8	9	6	1430	26
12766	2	11	27	15	47
12767	2	18	24	17	35
12768	2	26	24	29	33
12769	4	26	6	494	13
12770	2	15	23	18	42
12771	2	18	28	24	34
12772	4	40	296	494	606
12773	4	33	24	630	59
12774	2	18	6	22	6
12775	1	10	24	10	31
12776	4	11	6	243	14
12777	2	16	6	105	12
12778	4	23	6	493	14
12779	4	5	5	51	16
12780	2	12	16	24	23
12781	2	21	24	24	30
12782	1	12	19	12	25
12783	4	22	24	346	58
12784	4	22	24	322	57
12785	4	27	24	190	57
12786	1	13	27	13	55
12787	4	34	18	778	30
12788	2	2	20	3	25
12789	2	15	14	19	20
12790	2	10	6	21	6
12791	2	15	6	14	6
12792	2	26	23	19	28
12793	4	19	24	105	58
12794	2	20	24	24	42
12795	1	7	23	7	45
12796	4	34	6	936	16
12797	2	24	16	33	22
12798	2	9	5	12	11
12799	1	22	28	22	34
12800	4	7	19	99	33
12801	2	14	6	13	10
12802	2	25	26	33	47
12803	2	10	16	20	22
12804	2	19	24	19	49
12805	2	24	20	32	26
12806	2	7	20	14	26
12807	2	15	27	16	56
12808	4	22	24	253	57
12809	2	19	24	20	45
12810	2	4	6	8	8
12811	1	8	27	8	33
12812	2	8	28	36	40
12813	2	21	24	24	33
12814	2	13	16	14	21
12815	2	11	20	23	26
12816	2	16	24	12	30
12817	4	8	28	129	41
12818	2	42	26	30	55
12819	2	4	20	8	25
12820	2	28	24	32	44
12821	4	29	23	593	57
12822	2	53	24	38	45
12823	4	27	16	495	29
12824	2	28	28	31	34
12825	4	21	6	324	12
12826	4	14	15	120	27
12827	2	18	296	12	315
12828	1	21	6	22	9
12829	4	11	24	55	69
12830	2	23	14	26	20
12831	2	26	6	35	10
12832	2	25	296	18	306
12833	2	15	20	20	41
12834	1	12	6	12	11
12835	2	12	6	16	7
12836	2	26	6	30	10
12837	2	40	24	29	29
12838	2	13	28	17	48
12839	4	11	24	28	71
12840	2	6	28	7	47
12841	8	29	296	14674	1201
12842	1	6	15	6	20
12843	2	8	6	16	6
12844	2	30	24	30	35
12845	2	6	6	12	10
12846	4	32	24	661	55
12847	1	22	6	22	11
12848	2	8	16	10	22
12849	4	22	24	322	74
12850	4	20	6	375	14
12851	2	33	24	38	44
12852	2	34	6	630	13
12853	2	25	24	26	29
12854	2	24	16	32	24
12855	4	22	23	350	56
12856	4	8	17	129	31
12857	2	10	4	10	4
12858	2	27	24	19	48
12859	4	11	6	115	12
12860	2	9	20	6	25
12861	4	24	6	300	13
12862	2	14	16	18	21
12863	2	14	26	19	32
12864	2	23	24	26	28
12865	2	16	28	19	34
12866	2	11	16	15	22
12867	2	11	16	22	23
12868	2	17	27	14	32
12869	2	5	6	10	10
12870	2	2	11	5	17
12871	2	20	6	23	6
12872	2	28	23	32	42
12873	2	22	14	29	20
12874	2	19	6	23	11
12875	2	37	24	26	44
12876	2	10	20	21	27
12877	4	15	6	208	12
12878	1	8	24	8	49
12879	2	14	6	11	7
12880	2	6	16	7	33
12881	2	28	27	20	56
12882	2	35	24	37	34
12883	2	24	16	31	21
12884	4	19	6	190	12
12885	2	11	6	11	9
12886	4	11	24	36	55
12887	2	29	16	32	22
12888	2	42	24	30	44
12889	2	18	28	20	33
12890	2	24	6	33	6
12891	2	18	15	15	22
12892	4	30	18	660	31
12893	1	13	24	13	49
12894	2	29	27	31	57
12895	4	4	5	36	13
12896	1	20	6	20	7
12897	2	32	6	40	6
12898	2	13	28	10	32
12899	2	21	20	25	26
12900	2	47	24	34	45
12901	2	19	24	21	43
12902	2	50	296	39	318
12903	2	57	24	41	47
12904	4	33	24	698	52
12905	2	13	16	17	21
12906	2	34	24	38	44
12907	2	17	24	21	29
12908	4	10	6	715	23
12909	4	12	6	131	13
12910	4	19	6	322	13
12911	2	2	6	5	12
12912	2	23	24	27	47
12913	2	4	5	10	11
12914	2	7	6	13	7
12915	2	20	15	27	21
12916	2	2	19	4	24
12917	4	17	6	273	13
12918	2	27	16	29	22
12919	4	21	24	297	58
12920	2	19	296	14	301
12921	2	22	27	24	33
12922	8	17	5	9576	25
12923	2	15	24	11	28
12924	1	13	6	14	10
12925	2	14	28	17	48
12926	2	46	24	33	30
12927	2	28	24	27	30
12928	2	21	19	25	25
12929	2	16	24	12	43
12930	2	26	27	28	32
12931	2	26	6	351	13
12932	1	20	27	20	33
12933	2	10	6	12	10
12934	2	35	27	38	56
12935	2	8	15	10	20
12936	1	17	16	17	22
12937	4	9	6	181	17
12938	4	24	24	376	56
12939	2	56	24	39	28
12940	2	15	6	15	7
12941	2	15	16	20	22
12942	2	17	23	12	44
12943	2	26	24	31	30
12944	2	7	18	15	25
12945	8	16	21	1001	104
12946	4	9	6	181	14
12947	2	18	20	22	26
12948	2	17	24	17	32
12949	2	4	16	5	17
12950	2	16	6	13	6
12951	2	13	28	12	34
12952	4	25	23	430	56
12953	2	20	16	18	22
12954	2	32	24	23	32
12955	2	12	26	24	33
12956	2	20	24	24	29
12957	2	18	6	20	7
12958	2	8	5	5	5
12959	2	20	15	27	21
12960	1	6	24	6	28
12961	2	54	24	38	48
12962	4	23	6	493	13
12963	4	12	22	36	54
12964	2	15	24	15	44
12965	2	7	27	28	81
12966	2	12	24	14	37
12967	2	4	6	9	6
12968	4	30	24	253	58
12969	2	14	28	18	48
12970	2	28	296	22	301
12971	2	31	5	36	6
12972	2	7	6	13	10
12973	2	4	14	5	24
12974	2	14	28	9	55
12975	2	18	16	24	21
12976	1	8	24	8	29
12977	4	28	24	378	78
12978	4	19	6	297	12
12979	2	4	20	5	25
12980	2	5	15	10	20
12981	2	15	24	19	47
12982	8	10	16	1782	84
12983	2	9	20	10	25
12984	2	16	6	15	6
12985	2	28	27	30	56
12986	2	3	16	7	21
12987	2	19	15	25	22
12988	2	16	19	21	25
12989	4	8	6	145	14
12990	2	5	6	10	7
12991	4	4	5	15	11
12992	4	31	24	253	56
12993	2	22	6	30	7
12994	2	15	19	16	24
12995	4	11	25	243	39
12996	2	14	14	17	20
12997	2	9	13	18	20
12998	2	12	6	16	7
12999	2	24	24	29	28
13000	2	11	15	22	20
13001	2	26	6	35	10
13002	2	19	15	20	21
13003	2	12	19	15	24
13004	2	28	6	38	6
13005	2	7	28	6	32
13006	2	15	16	19	22
13007	2	8	6	10	7
13008	4	20	24	190	78
13009	4	22	6	462	13
13010	2	19	16	25	21
13011	1	16	6	16	6
13012	2	43	24	31	44
13013	2	8	14	15	20
13014	2	30	6	34	11
13015	1	22	18	22	24
13016	2	17	6	19	6
13017	2	9	28	19	34
13018	2	7	15	9	21
13019	2	29	15	34	20
13020	2	10	6	13	11
13021	2	29	24	33	32
13022	2	30	28	35	58
13023	2	16	16	21	26
13024	4	34	24	739	57
13025	2	37	296	28	326
13026	4	10	26	66	39
13027	2	3	6	6	6
13028	2	33	24	38	28
13029	2	55	24	39	48
13030	1	22	6	22	6
13031	2	20	296	14	327
13032	4	23	16	465	43
13033	4	8	6	45	12
13034	2	14	24	13	41
13035	4	20	20	295	33
13036	4	9	6	181	14
13037	2	15	16	20	22
13038	2	18	16	23	25
13039	2	12	6	16	11
13040	4	15	6	169	13
13041	2	29	24	30	44
13042	4	35	24	858	56
13043	2	3	17	6	22
13044	2	15	6	136	12
13045	2	36	27	41	55
13046	2	18	24	19	47
13047	4	26	6	406	12
13048	2	23	296	18	301
13049	2	10	6	13	10
13050	8	33	6	-1	-1
13051	2	15	16	20	20
13052	2	15	5	14	8
13053	4	42	24	435	57
13054	2	6	5	21	11
13055	4	12	6	91	12
13056	4	25	24	348	59
13057	2	24	24	27	27
13058	8	20	6	26274	26
13059	4	40	24	406	58
13060	2	15	12	17	18
13061	2	49	24	35	48
13062	4	40	296	527	598
13063	4	9	22	21	58
13064	8	30	24	-1	-1
13065	2	22	22	23	42
13066	2	12	6	13	6
13067	2	7	12	14	18
13068	4	24	24	276	55
13069	1	12	18	12	24
13070	1	7	28	7	33
13071	2	10	6	66	14
13072	2	29	24	32	45
13073	2	6	20	7	25
13074	2	27	296	22	329
13075	2	12	15	16	20
13076	8	7	6	431	26
13077	4	7	4	28	9
13078	2	14	6	17	10
13079	1	30	28	30	34
13080	2	15	22	15	42
13081	2	20	6	23	11
13082	2	30	24	33	34
13083	2	14	20	17	25
13084	2	10	5	13	10
13085	2	10	6	13	9
13086	4	27	24	463	58
13087	4	20	17	295	29
13088	4	19	24	210	58
13089	2	7	13	8	19
13090	2	35	24	25	48
13091	2	40	23	30	47
13092	2	31	24	34	33
13093	2	26	16	28	22
13094	2	22	26	30	32
13095	2	25	28	29	34
13096	2	7	296	6	301
13097	2	26	12	30	18
13098	4	6	5	43	11
13099	2	12	28	16	33
13100	2	29	25	30	52
13101	4	16	6	136	13
13102	2	31	24	35	34
13103	4	18	6	231	12
13104	2	11	27	10	32
13105	4	13	16	55	27
13106	2	5	26	11	31
13107	2	7	16	9	21
13108	4	12	6	131	13
13109	2	5	28	7	33
13110	2	35	28	25	56
13111	2	8	16	10	22
13112	2	20	28	15	54
13113	2	8	24	7	37
13114	2	6	25	13	30
13115	4	8	6	145	13
13116	2	13	20	17	41
13117	2	25	24	28	49
13118	1	14	25	15	31
13119	2	25	24	26	29
13120	4	57	24	820	64
13121	4	33	6	936	13
13122	4	19	6	322	13
13123	4	24	24	325	50
13124	2	28	296	22	301
13125	2	10	18	21	24
13126	2	6	6	21	12
13127	4	33	17	739	55
13128	2	5	6	11	11
13129	4	10	16	221	31
13130	2	33	6	39	11
13131	2	10	28	14	50
13132	2	23	23	24	29
13133	2	17	16	22	36
13134	2	23	23	26	47
13135	1	14	6	12	11
13136	2	11	20	12	26
13137	4	18	22	228	52
13138	8	2	6	31	22
13139	2	25	28	34	34
13140	2	13	20	13	25
13141	2	16	6	19	6
13142	4	24	16	528	43
13143	2	31	26	38	31
13144	2	21	25	22	53
13145	2	12	28	16	34
13146	2	20	24	21	48
13147	2	5	16	6	34
13148	2	10	28	10	34
13149	2	7	16	7	22
13150	2	12	6	25	12
13151	2	19	24	17	44
13152	2	25	27	25	54
13153	2	14	24	13	35
13154	4	31	24	664	57
13155	2	15	6	19	8
13156	4	17	6	171	13
13157	4	22	24	346	51
13158	2	39	296	31	326
13159	4	19	16	325	43
13160	2	26	296	20	302
13161	2	25	25	34	31
13162	4	20	24	273	55
13163	2	8	24	7	29
13164	2	12	27	12	32
13165	1	21	19	22	25
13166	2	5	6	6	11
13167	2	17	21	20	43
13168	1	26	13	27	20
13169	2	10	26	21	32
13170	4	25	14	406	27
13171	4	10	6	100	12
13172	2	16	24	17	49
13173	4	15	19	190	60
13174	2	32	6	41	7
13175	4	33	10	933	23
13176	4	31	24	253	58
13177	2	3	18	6	23
13178	4	27	24	406	54
13179	4	11	6	104	12
13180	2	13	20	14	25
13181	2	19	16	26	26
13182	1	12	6	12	6
13183	4	37	24	351	63
13184	2	20	24	14	47
13185	4	4	6	33	13
13186	2	40	24	28	43
13187	2	16	16	21	22
13188	2	33	6	41	8
13189	2	7	16	8	21
13190	2	29	20	33	25
13191	2	9	24	10	44
13192	2	33	24	24	43
13193	4	7	18	99	32
13194	2	7	20	7	25
13195	8	31	24	12650	115
13196	2	19	23	19	29
13197	2	10	6	13	8
13198	2	48	24	34	47
13199	2	4	4	8	7
13200	4	33	24	276	74
13201	2	20	6	27	6
13202	2	6	16	8	33
13203	2	15	6	20	6
13204	2	14	28	18	49
13205	2	15	25	11	49
13206	4	31	24	528	52
13207	2	26	6	35	8
13208	2	27	16	406	28
13209	4	25	6	430	13
13210	2	7	16	14	23
13211	2	7	6	15	12
13212	2	38	24	28	31
13213	2	32	24	34	30
13214	2	30	24	21	33
13215	2	3	16	4	24
13216	8	12	5	2730	25
13217	2	16	296	12	306
13218	4	28	24	559	57
13219	2	3	4	6	4
13220	2	35	296	29	328
13221	2	16	24	16	31
13222	2	20	20	26	40
13223	2	7	20	9	41
13224	4	15	13	120	25
13225	4	11	20	105	62
13226	2	18	5	22	6
13227	4	22	6	346	13
13228	4	22	16	346	29
13229	1	16	6	16	7
13230	2	40	24	28	30
13231	2	39	296	31	329
13232	2	32	16	42	22
13233	4	25	26	430	83
13234	4	6	6	73	13
13235	2	30	24	33	44
13236	2	18	23	12	42
13237	8	25	6	35386	27
13238	2	31	27	41	33
13239	8	20	24	14168	113
13240	2	19	16	26	21
13241	2	36	24	25	32
13242	2	4	15	5	15
13243	2	12	28	24	35
13244	8	29	6	-1	-1
13245	1	10	6	11	11
13246	2	9	5	12	9
13247	2	10	15	11	21
13248	1	4	28	4	33
13249	2	11	20	23	27
13250	2	5	16	10	23
13251	2	8	16	17	23
13252	2	13	20	17	39
13253	2	6	28	12	33
13254	4	18	24	190	54
13255	2	17	25	18	54
13256	4	12	20	136	60
13257	2	5	13	21	25
13258	2	24	20	33	26
13259	4	21	23	105	64
13260	2	27	24	28	45
13261	2	15	20	19	39
13262	2	12	24	9	33
13263	4	40	296	527	596
13264	2	4	5	8	10
13265	1	18	6	19	8
13266	2	7	5	9	6
13267	2	17	24	16	43
13268	2	3	20	5	26
13269	2	2	18	4	24
13270	1	24	18	24	24
13271	2	19	16	26	25
13272	2	19	28	26	49
13273	2	33	24	37	43
13274	2	27	24	28	45
13275	8	34	6	-1	-1
13276	2	16	296	13	319
13277	2	17	296	12	316
13278	2	14	14	14	20
13279	2	21	19	23	25
13280	4	8	6	55	12
13281	2	11	6	8	7
13282	2	8	6	10	11
13283	2	10	6	14	6
13284	4	41	296	526	602
13285	2	27	15	406	27
13286	2	19	6	23	6
13287	4	14	6	66	14
13288	2	21	24	14	47
13289	4	17	24	136	77
13290	2	10	6	13	11
13291	2	10	20	7	24
13292	4	19	24	171	73
13293	2	4	20	8	25
13294	2	21	16	28	26
13295	1	20	20	21	26
13296	2	16	6	32	11
13297	2	28	24	20	45
13298	2	51	24	36	41
13299	4	15	21	66	47
13300	2	15	6	19	6
13301	2	34	27	40	56
13302	4	17	24	153	74
13303	2	52	24	37	46
13304	2	7	24	5	44
13305	2	29	24	30	42
13306	4	13	6	119	12
13307	2	12	295	9	299
13308	2	33	23	37	32
13309	4	12	24	45	57
13310	2	18	24	12	28
13311	2	35	24	25	48
13312	2	15	15	19	21
13313	2	10	18	6	26
13314	2	11	15	15	21
13315	2	14	28	18	34
13316	1	17	6	16	6
13317	2	19	16	26	21
13318	4	9	16	75	27
13319	2	9	13	8	19
13320	2	24	6	32	10
13321	1	17	15	18	20
13322	2	29	24	20	44
13323	2	28	24	33	44
13324	2	8	16	17	22
13325	2	35	24	40	34
13326	2	34	26	41	32
13327	1	8	20	8	25
13328	2	24	6	300	14
13329	1	10	24	10	44
13330	2	14	6	18	7
13331	8	28	24	7315	112
13332	2	31	24	22	29
13333	2	8	5	8	6
13334	4	3	6	14	12
13335	2	10	16	13	34
13336	2	17	28	11	56
13337	1	5	26	5	54
13338	2	5	28	11	33
13339	1	24	14	24	20
13340	2	7	6	8	6
13341	2	36	23	25	46
13342	2	10	15	13	33
13343	2	22	16	29	20
13344	2	17	16	18	21
13345	1	22	25	22	31
13346	2	20	24	14	45
13347	2	6	6	13	12
13348	2	57	24	41	29
13349	2	14	6	16	6
13350	4	32	19	812	31
13351	2	14	20	17	25
13352	4	14	6	169	12
13353	2	19	24	19	45
13354	2	21	27	28	45
13355	2	19	24	19	48
13356	2	7	6	14	7
13357	2	12	6	16	12
13358	4	10	16	201	29
13359	2	5	15	6	20
13360	2	22	27	29	48
13361	4	28	6	496	14
13362	2	9	16	11	21
13363	2	25	16	34	22
13364	4	13	5	91	12
13365	4	48	296	739	599
13366	2	5	17	6	36
13367	2	19	6	24	11
13368	4	8	5	36	11
13369	2	10	24	7	30
13370	4	7	6	330	25
13371	4	16	28	170	87
13372	4	15	24	66	62
13373	2	19	24	13	29
13374	2	24	24	24	34
13375	4	11	6	115	12
13376	2	41	296	31	305
13377	4	12	6	134	12
13378	2	22	27	27	34
13379	2	22	19	26	36
13380	2	44	24	31	42
13381	2	24	6	31	7
13382	2	20	6	25	11
13383	2	24	28	33	35
13384	8	20	5	14882	25
13385	2	20	6	210	13
13386	2	14	24	10	45
13387	4	22	24	136	74
13388	2	18	6	20	6
13389	2	11	27	13	33
13390	2	43	24	30	33
13391	2	23	295	18	327
13392	1	14	20	15	25
13393	2	33	16	40	22
13394	2	25	296	19	325
13395	4	4	6	33	11
13396	2	12	6	16	6
13397	2	28	6	37	11
13398	2	21	18	20	24
13399	2	29	27	33	56
13400	2	30	24	34	32
13401	2	9	24	8	45
13402	4	25	6	406	18
13403	2	15	24	11	27
13404	4	2	5	13	13
13405	2	23	28	23	56
13406	4	4	16	15	36
13407	4	2	6	13	12
13408	2	9	6	18	7
13409	2	17	20	17	25
13410	2	7	24	28	53
13411	2	34	28	39	57
13412	2	14	13	18	19
13413	4	15	20	136	30
13414	2	55	24	39	29
13415	2	43	296	34	301
13416	2	43	296	35	321
13417	2	24	28	28	55
13418	2	11	28	22	34
13419	2	51	296	40	319
13420	4	22	24	276	72
13421	4	21	24	230	76
13422	4	12	28	300	41
13423	4	13	6	152	13
13424	2	23	27	24	55
13425	2	12	6	16	10
13426	4	17	16	253	41
13427	2	8	5	5	5
13428	2	24	24	17	52
13429	2	35	24	25	44
13430	2	3	20	6	26
13431	2	20	6	23	6
13432	4	17	6	273	13
13433	1	8	20	8	25
13434	2	19	28	13	56
13435	1	29	28	30	35
13436	1	25	27	25	33
13437	2	9	15	10	20
13438	8	12	6	3276	26
13439	2	24	24	29	27
13440	2	10	5	10	5
13441	2	10	28	12	34
13442	2	54	24	37	49
13443	2	16	16	22	25
13444	2	10	6	21	9
13445	2	6	28	21	41
13446	2	28	28	33	35
13447	2	23	25	27	53
13448	2	33	24	37	46
13449	2	21	24	23	48
13450	2	5	28	11	34
13451	1	9	24	9	28
13452	4	17	6	105	12
13453	4	20	6	295	12
13454	4	18	16	300	41
13455	2	12	20	15	41
13456	2	6	28	12	34
13457	2	5	17	11	23
13458	2	15	16	20	22
13459	2	20	28	28	34
13460	2	14	20	18	25
13461	2	20	20	21	25
13462	2	7	15	7	21
13463	2	23	296	17	315
13464	2	23	24	26	50
13465	4	18	16	276	42
13466	2	29	24	31	30
13467	2	20	24	15	46
13468	2	10	16	14	23
13469	2	5	28	9	34
13470	2	44	25	31	54
13471	4	17	16	253	41
13472	4	48	24	630	76
13473	2	28	24	20	29
13474	2	24	6	28	11
13475	2	13	16	12	22
13476	4	16	6	205	13
13477	4	5	16	21	39
13478	4	18	28	276	69
13479	2	19	27	38	33
13480	2	5	6	11	6
13481	4	14	6	165	12
13482	2	53	24	37	31
13483	2	19	18	25	39
13484	2	21	6	28	6
13485	2	24	28	31	34
13486	2	16	28	17	34
13487	4	28	24	559	59
13488	2	21	24	16	43
13489	1	7	27	7	55
13490	1	7	24	7	33
13491	4	28	24	210	59
13492	2	12	296	9	300
13493	2	21	6	23	7
13494	4	4	5	36	13
13495	2	29	6	36	6
13496	1	8	16	8	22
13497	2	15	24	19	38
13498	2	18	16	22	21
13499	2	21	26	24	56
13500	2	8	23	36	57
13501	2	24	27	31	47
13502	4	20	27	375	38
13503	2	24	24	24	47
13504	2	55	24	39	43
13505	2	37	24	26	47
13506	2	17	27	23	33
13507	2	8	16	7	21
13508	2	15	15	16	21
13509	2	25	28	33	34
13510	2	54	24	38	44
13511	2	9	24	10	40
13512	4	28	24	523	57
13513	2	33	16	42	22
13514	2	24	24	17	47
13515	2	8	6	17	11
13516	2	14	25	17	31
13517	2	28	27	30	33
13518	2	33	24	37	34
13519	2	8	6	17	10
13520	2	26	20	26	26
13521	2	21	28	21	33
13522	4	13	25	91	37
13523	2	7	5	7	5
13524	2	19	24	13	32
13525	2	18	28	16	57
13526	2	3	5	5	4
13527	4	26	24	325	75
13528	2	32	17	38	23
13529	4	15	6	228	13
13530	2	5	28	10	34
13531	4	18	6	298	13
13532	2	14	28	18	33
13533	2	9	20	12	25
13534	1	17	16	18	21
13535	4	13	23	45	56
13536	8	26	6	-1	-1
13537	1	12	6	12	6
13538	2	19	6	26	10
13539	2	45	24	32	44
13540	8	5	5	182	22
13541	1	18	6	18	6
13542	2	48	296	39	320
13543	2	33	6	43	10
13544	2	15	16	19	36
13545	2	50	296	39	306
13546	2	24	16	32	20
13547	2	15	5	16	5
13548	4	24	6	401	15
13549	2	9	20	12	25
13550	2	23	24	24	49
13551	2	32	24	22	29
13552	2	17	23	17	44
13553	1	28	6	28	9
13554	2	4	16	8	22
13555	4	14	16	190	42
13556	4	29	5	622	13
13557	2	33	26	38	55
13558	2	23	15	29	21
13559	2	25	24	17	45
13560	2	20	24	23	34
13561	8	17	16	12440	85
13562	8	35	6	-1	-1
13563	4	4	6	33	12
13564	2	5	27	6	46
13565	4	6	6	28	12
13566	2	8	28	16	34
13567	1	8	6	8	7
13568	2	24	6	28	7
13569	2	5	16	6	34
13570	2	27	24	28	42
13571	2	18	6	24	11
13572	4	13	6	351	14
13573	4	15	24	105	55
13574	4	7	5	61	12
13575	2	24	24	17	41
13576	2	17	28	23	33
13577	4	40	24	435	57
13578	2	9	20	12	41
13579	2	12	20	16	27
13580	2	21	24	23	33
13581	1	7	6	7	6
13582	1	7	24	7	34
13583	2	23	16	30	36
13584	2	50	24	35	33
13585	2	29	24	21	48
13586	2	10	23	7	28
13587	2	11	16	15	35
13588	4	57	24	861	59
13589	2	24	23	17	47
13590	4	37	24	378	73
13591	2	7	24	5	28
13592	4	19	16	325	42
13593	4	8	5	21	11
13594	1	16	6	16	10
13595	2	21	27	28	33
13596	2	9	23	10	37
13597	2	22	15	30	21
13598	8	37	24	27405	113
13599	2	22	28	16	56
13600	2	16	23	17	27
13601	2	7	28	11	33
13602	8	6	6	1205	27
13603	2	32	16	42	22
13604	2	16	24	18	49
13605	8	18	6	12145	25
13606	1	6	24	6	45
13607	4	57	24	861	57
13608	2	4	18	8	24
13609	2	25	296	18	327
13610	2	7	20	15	27
13611	2	40	27	28	55
13612	2	14	19	14	24
13613	2	27	20	27	26
13614	4	25	6	404	13
13615	2	32	24	37	46
13616	4	20	28	375	40
13617	2	48	28	34	57
13618	1	16	6	16	6
13619	4	17	295	78	610
13620	2	23	22	27	42
13621	1	4	6	4	6
13622	2	11	13	14	19
13623	2	9	20	19	26
13624	2	22	6	29	6
13625	2	9	6	9	6
13626	2	25	6	34	9
13627	4	6	6	73	13
13628	2	29	296	22	317
13629	4	18	6	666	13
13630	1	8	24	8	44
13631	2	18	28	17	34
13632	2	40	24	28	29
13633	4	22	6	346	13
13634	2	13	18	10	23
13635	2	49	296	38	316
13636	4	25	6	351	12
13637	2	19	28	24	34
13638	4	20	6	820	13
13639	2	12	19	24	25
13640	2	30	16	38	22
13641	4	14	19	166	31
13642	2	5	15	10	22
13643	2	23	24	24	34
13644	2	14	22	9	27
13645	2	17	16	17	22
13646	1	7	27	7	53
13647	2	34	18	43	25
13648	2	22	28	22	57
13649	2	13	27	14	32
13650	4	16	20	120	31
13651	2	31	6	36	6
13652	2	8	22	5	32
13653	2	19	28	26	33
13654	2	15	20	19	37
13655	2	22	14	26	21
13656	2	22	19	29	39
13657	2	50	24	36	48
13658	2	29	28	36	34
13659	1	8	6	8	6
13660	2	21	296	16	328
13661	2	26	25	33	31
13662	2	29	296	22	329
13663	1	11	24	11	44
13664	1	5	18	6	23
13665	2	21	19	28	40
13666	2	9	14	9	20
13667	2	37	24	26	48
13668	2	27	24	27	28
13669	2	31	24	34	47
13670	1	7	24	7	28
13671	4	48	24	630	59
13672	4	16	6	153	12
13673	2	22	24	20	34
13674	2	25	6	31	10
13675	4	36	296	405	603
13676	2	9	14	18	21
13677	2	2	20	5	25
13678	4	22	6	300	13
13679	2	22	6	25	9
13680	2	8	20	17	27
13681	4	25	24	375	59
13682	2	22	16	28	22
13683	2	19	24	14	29
13684	2	12	16	16	20
13685	2	52	24	38	29
13686	2	55	24	39	44
13687	4	25	23	463	56
13688	2	34	24	39	44
13689	2	6	20	7	26
13690	2	30	20	36	27
13691	2	11	16	14	21
13692	2	7	6	14	6
13693	2	16	19	20	25
13694	2	48	24	34	45
13695	2	12	27	78	39
13696	4	10	6	88	17
13697	2	11	23	12	23
13698	2	15	16	14	22
13699	1	8	6	8	6
13700	2	17	24	20	33
13701	8	9	6	495	25
13702	4	11	6	36	13
13703	1	26	28	26	34
13704	2	13	295	9	325
13705	4	29	296	275	595
13706	2	27	6	35	9
13707	2	20	16	20	22
13708	4	19	24	171	58
13709	4	3	6	25	17
13710	2	8	18	16	24
13711	4	32	23	253	57
13712	2	33	22	39	22
13713	2	19	6	19	6
13714	2	20	5	21	7
13715	4	17	24	136	58
13716	2	5	6	10	11
13717	2	20	16	27	21
13718	2	29	26	33	32
13719	2	9	6	12	8
13720	2	22	6	276	13
13721	2	10	6	19	7
13722	8	39	296	-1	-1
13723	2	7	16	6	21
13724	2	26	24	28	30
13725	2	3	5	6	11
13726	2	12	27	16	33
13727	2	21	6	253	18
13728	4	11	24	36	55
13729	2	8	27	10	32
13730	2	3	26	7	30
13731	4	12	6	289	13
13732	1	20	27	20	33
13733	2	24	16	24	22
13734	2	14	20	18	26
13735	2	27	24	28	30
13736	2	7	16	9	21
13737	4	9	6	163	14
13738	2	6	22	8	42
13739	2	13	6	14	7
13740	2	6	16	7	21
13741	4	15	22	66	52
13742	2	13	24	14	48
13743	4	21	6	903	13
13744	2	6	16	8	35
13745	2	19	24	23	51
13746	2	10	24	11	24
13747	1	26	28	27	34
13748	2	40	24	28	44
13749	2	12	26	12	31
13750	2	31	28	22	56
13751	2	34	6	43	7
13752	2	31	6	38	6
13753	2	20	6	24	9
13754	2	27	24	19	34
13755	2	3	28	4	47
13756	2	12	24	9	47
13757	2	12	24	8	34
13758	2	13	16	17	37
13759	2	48	296	38	300
13760	2	12	6	25	12
13761	2	23	6	300	13
13762	2	5	5	6	5
13763	2	38	24	27	41
13764	4	48	296	739	606
13765	8	9	5	1287	23
13766	1	6	27	7	33
13767	2	13	5	14	5
13768	2	14	11	11	17
13769	4	22	6	325	16
13770	2	14	6	105	18
13771	2	23	16	30	21
13772	4	19	6	322	13
13773	4	24	27	492	40
13774	2	11	16	14	34
13775	2	5	5	7	5
13776	2	19	28	14	57
13777	2	26	296	20	316
13778	1	8	28	8	34
13779	2	19	6	24	10
13780	2	17	20	23	26
13781	4	24	24	401	75
13782	2	3	15	4	31
13783	2	20	19	26	38
13784	1	18	6	18	11
13785	2	7	6	15	11
13786	2	17	24	17	44
13787	2	26	24	19	29
13788	1	8	24	8	50
13789	2	11	24	10	33
13790	2	34	296	26	316
13791	4	11	6	115	13
13792	2	37	24	26	47
13793	2	44	296	34	324
13794	2	12	23	11	33
13795	4	29	296	252	598
13796	2	10	14	10	19
13797	2	11	18	11	23
13798	2	17	16	23	21
13799	2	17	20	23	27
13800	4	34	6	936	14
13801	2	3	28	6	34
13802	2	11	6	22	11
13803	2	5	6	11	12
13804	2	23	24	24	34
13805	2	49	296	38	300
13806	2	23	6	32	6
13807	2	30	24	32	48
13808	2	30	24	34	27
13809	2	12	6	14	11
13810	4	8	6	28	12
13811	2	20	19	23	33
13812	2	25	26	25	55
13813	2	24	24	17	28
13814	8	7	6	210	24
13815	4	48	24	630	59
13816	2	11	22	8	25
13817	2	8	28	10	33
13818	2	32	25	43	31
13819	4	21	6	322	13
13820	4	2	6	13	13
13821	2	17	20	23	26
13822	2	33	16	39	22
13823	1	8	6	8	6
13824	4	17	5	251	11
13825	4	34	24	666	77
13826	1	6	14	6	20
13827	4	11	6	265	17
13828	2	30	24	22	49
13829	2	32	28	23	55
13830	2	17	24	16	32
13831	2	14	15	18	21
13832	1	5	28	6	32
13833	2	9	5	9	6
13834	2	22	28	26	57
13835	2	28	24	31	50
13836	2	20	16	26	22
13837	2	10	6	20	7
13838	4	28	6	559	13
13839	4	8	28	54	40
13840	4	12	20	104	32
13841	2	20	27	27	33
13842	2	28	22	31	27
13843	2	3	6	6	8
13844	2	18	27	18	32
13845	2	8	27	7	54
13846	4	30	16	697	29
13847	2	8	24	6	48
13848	4	4	6	41	13
13849	4	10	16	103	28
13850	2	18	296	13	300
13851	4	10	16	91	43
13852	4	4	16	21	44
13853	2	25	24	29	41
13854	2	42	296	34	323
13855	2	14	5	16	9
13856	2	50	24	35	41
13857	2	20	18	27	39
13858	2	7	14	15	21
13859	2	4	16	5	33
13860	2	13	296	10	319
13861	2	8	19	6	24
13862	2	18	6	23	8
13863	2	27	296	22	302
13864	2	28	296	22	324
13865	2	3	6	7	8
13866	2	5	5	6	5
13867	2	33	6	39	8
13868	2	12	296	9	324
13869	2	6	24	12	29
13870	2	35	24	25	49
13871	4	16	16	231	41
13872	2	24	24	27	43
13873	2	21	16	28	36
13874	4	23	16	493	28
13875	2	8	5	9	6
13876	2	19	27	23	33
13877	2	15	24	16	28
13878	4	14	24	105	58
13879	2	28	23	20	47
13880	2	22	14	24	20
13881	4	15	24	66	57
13882	2	17	26	14	31
13883	4	16	15	253	38
13884	2	7	16	10	36
13885	2	15	296	11	301
13886	2	37	296	29	300
13887	2	9	15	7	20
13888	2	26	6	31	7
13889	2	13	27	26	33
13890	4	20	20	323	32
13891	4	22	23	136	60
13892	2	35	24	39	29
13893	2	24	6	300	14
13894	2	9	23	8	33
13895	2	6	26	12	33
13896	1	6	24	6	29
13897	2	55	24	39	45
13898	8	26	6	-1	-1
13899	2	35	24	40	52
13900	2	23	6	27	8
13901	2	21	24	15	28
13902	2	7	20	14	27
13903	2	27	6	29	10
13904	2	38	24	27	47
13905	2	4	6	8	6
13906	2	24	24	29	43
13907	2	10	28	14	34
13908	4	32	24	661	57
13909	2	17	6	23	6
13910	2	30	296	24	326
13911	2	22	16	26	22
13912	2	12	20	25	26
13913	4	21	24	253	58
13914	2	23	24	24	31
13915	8	3	6	65	25
13916	2	25	24	25	26
13917	4	35	22	775	54
13918	2	17	15	14	21
13919	4	18	24	171	58
13920	2	12	16	15	23
13921	2	15	24	15	48
13922	1	18	15	19	21
13923	2	34	6	43	10
13924	4	27	24	491	56
13925	4	24	24	401	55
13926	2	17	6	22	8
13927	2	12	19	12	24
13928	2	18	20	20	26
13929	2	10	27	21	34
13930	1	18	26	19	32
13931	2	19	16	26	26
13932	2	20	20	28	25
13933	4	35	24	325	76
13934	2	10	15	21	20
13935	2	33	20	43	26
13936	8	35	23	20475	112
13937	4	12	6	118	12
13938	2	34	17	42	23
13939	4	19	6	253	14
13940	2	19	20	19	25
13941	4	19	24	190	57
13942	2	7	20	14	26
13943	2	4	5	9	6
13944	2	7	27	15	34
13945	2	10	28	13	48
13946	2	15	16	16	22
13947	2	30	6	36	9
13948	2	19	24	14	45
13949	4	24	28	325	84
13950	2	2	6	3	7
13951	2	5	26	6	43
13952	2	18	16	21	23
13953	2	3	26	7	31
13954	4	31	24	253	58
13955	2	48	24	34	33
13956	2	13	6	17	6
13957	2	12	16	12	22
13958	2	20	28	23	33
13959	2	28	23	33	42
13960	4	3	16	19	28
13961	2	20	27	26	33
13962	4	8	5	15	10
13963	4	22	28	276	85
13964	2	6	15	12	21
13965	2	19	20	22	26
13966	2	9	6	18	9
13967	4	15	22	55	58
13968	2	46	296	37	319
13969	2	56	24	39	29
13970	4	19	6	322	17
13971	2	19	6	23	10
13972	2	56	24	40	46
13973	2	26	6	31	6
13974	2	20	16	27	21
13975	1	8	16	9	22
13976	2	21	6	25	6
13977	4	11	6	265	13
13978	2	26	6	28	6
13979	2	10	28	55	40
13980	2	11	16	23	22
13981	2	7	6	9	6
13982	2	49	24	36	48
13983	2	22	296	17	298
13984	2	29	24	32	33
13985	4	24	6	17550	26
13986	2	6	27	13	32
13987	2	9	6	19	7
13988	2	19	16	26	22
13989	4	23	296	189	597
13990	4	6	28	73	41
13991	2	17	20	22	41
13992	2	8	16	17	22
13993	8	32	6	-1	-1
13994	2	11	24	12	47
13995	4	13	24	45	78
13996	2	45	24	33	48
13997	2	16	28	20	33
13998	2	11	24	8	41
13999	2	8	5	5	5
14000	2	9	6	11	6
14001	4	16	16	136	28
14002	2	12	15	24	20
14003	4	5	5	21	10
14004	2	14	20	18	26
14005	2	18	28	23	49
14006	2	18	6	22	6
14007	4	22	24	210	60
14008	2	38	296	30	305
14009	2	41	24	29	33
14010	2	25	24	29	28
14011	2	53	26	37	54
14012	4	22	24	276	58
14013	2	51	24	37	34
14014	2	20	19	27	25
14015	2	3	5	7	6
14016	4	16	24	136	57
14017	2	33	28	36	57
14018	2	21	24	22	43
14019	2	31	26	34	54
14020	2	11	295	9	304
14021	4	19	23	105	56
14022	2	15	16	12	21
14023	4	14	6	2380	29
14024	2	13	23	10	28
14025	2	32	24	23	29
14026	2	27	6	32	8
14027	2	23	13	26	20
14028	2	33	28	37	57
14029	2	10	6	13	6
14030	2	23	6	24	10
14031	2	32	296	25	326
14032	4	14	15	171	39
14033	2	20	27	23	56
14034	2	9	6	7	6
14035	2	17	24	17	49
14036	4	31	23	625	58
14037	2	18	5	17	9
14038	2	21	6	231	12
14039	2	7	17	9	22
14040	2	11	14	23	20
14041	2	12	6	25	7
14042	2	7	6	9	10
14043	2	27	23	31	31
14044	2	40	28	28	57
14045	2	19	24	14	49
14046	1	10	20	10	26
14047	2	15	28	19	47
14048	4	7	4	28	9
14049	4	7	16	28	27
14050	2	7	16	15	23
14051	4	26	20	491	32
14052	2	20	20	26	41
14053	2	10	16	21	23
14054	2	11	18	23	24
14055	2	12	28	25	35
14056	2	4	5	10	13
14057	2	5	6	10	6
14058	4	6	6	85	12
14059	2	9	15	12	22
14060	4	12	24	91	59
14061	4	21	6	230	13
14062	4	30	28	594	86
14063	2	8	20	17	26
14064	2	26	27	27	56
14065	1	7	24	7	28
14066	2	18	24	20	43
14067	2	48	296	38	329
14068	2	8	22	9	27
14069	4	30	6	590	14
14070	2	13	26	17	46
14071	2	14	6	13	6
14072	2	19	27	18	32
14073	2	3	6	5	7
14074	2	19	24	13	40
14075	4	12	5	78	12
14076	2	7	6	8	9
14077	2	5	19	7	22
14078	2	8	16	7	20
14079	2	33	24	23	44
14080	2	22	24	25	45
14081	2	22	6	25	7
14082	2	14	24	15	29
14083	4	33	24	630	58
14084	4	25	24	171	59
14085	2	36	24	38	28
14086	2	3	5	7	5
14087	2	26	27	27	33
14088	2	10	6	20	10
14089	2	17	20	21	26
14090	2	12	20	23	26
14091	2	26	15	31	21
14092	2	44	24	31	29
14093	2	3	19	6	26
14094	4	13	6	169	13
14095	2	7	16	14	21
14096	2	16	16	21	24
14097	4	36	24	818	57
14098	4	29	6	731	13
14099	2	24	6	27	11
14100	2	27	24	31	44
14101	2	21	24	20	49
14102	4	5	19	21	29
14103	2	12	6	13	6
14104	2	27	6	406	12
14105	2	22	28	29	49
14106	2	13	6	17	10
14107	4	22	16	435	43
14108	4	31	6	733	12
14109	4	17	24	171	59
14110	2	9	20	18	25
14111	2	37	24	26	28
14112	4	7	19	44	31
14113	2	3	28	6	33
14114	2	5	14	7	20
14115	1	16	23	16	28
14116	2	14	6	18	7
14117	4	14	16	190	54
14118	2	12	24	8	26
14119	2	11	6	66	12
14120	4	45	296	664	599
14121	2	32	296	25	318
14122	2	32	24	36	45
14123	4	38	296	464	601
14124	2	25	24	25	42
14125	4	12	6	91	12
14126	2	16	20	21	26
14127	2	41	296	32	327
14128	4	12	21	36	51
14129	2	6	5	5	5
14130	2	10	20	14	41
14131	4	2	16	9	26
14132	4	6	6	73	13
14133	4	45	23	496	54
14134	2	31	23	35	43
14135	2	41	296	33	320
14136	4	28	24	435	56
14137	2	54	24	39	29
14138	2	21	28	22	34
14139	2	4	16	5	30
14140	4	27	24	460	57
14141	4	4	6	41	14
14142	4	7	20	99	33
14143	4	29	24	231	80
14144	2	21	20	20	27
14145	2	12	28	8	52
14146	2	22	6	29	10
14147	4	4	5	33	13
14148	2	5	5	7	5
14149	2	29	28	34	57
14150	2	30	28	37	34
14151	1	11	6	11	6
14152	2	10	6	21	7
14153	4	7	6	113	13
14154	2	9	19	12	38
14155	2	46	296	37	307
14156	2	14	16	17	22
14157	4	8	6	129	14
14158	4	33	24	700	74
14159	2	7	6	14	10
14160	2	10	16	11	19
14161	2	12	27	13	33
14162	2	13	26	13	30
14163	2	12	23	8	47
14164	2	16	24	16	44
14165	4	33	24	630	58
14166	2	5	19	7	24
14167	2	26	24	30	44
14168	2	49	28	34	57
14169	4	27	24	460	58
14170	2	16	24	18	33
14171	4	57	24	861	59
14172	2	18	6	171	13
14173	1	26	20	27	25
14174	2	5	6	6	6
14175	4	12	5	45	10
14176	2	17	23	11	41
14177	2	38	24	26	32
14178	2	34	24	39	48
14179	2	13	22	9	30
14180	2	4	6	7	7
14181	4	13	20	91	31
14182	8	25	24	5985	115
14183	2	18	24	21	44
14184	2	18	15	22	20
14185	2	15	24	16	44
14186	4	20	24	231	59
14187	2	3	24	6	29
14188	4	10	19	91	62
14189	2	17	28	18	34
14190	2	27	24	32	31
14191	2	20	6	20	7
14192	4	11	6	1365	27
14193	2	4	6	8	11
14194	2	7	14	14	21
14195	2	28	18	38	24
14196	2	24	14	25	21
14197	4	22	24	323	58
14198	1	14	6	15	10
14199	4	24	6	557	18
14200	2	8	295	6	318
14201	2	55	27	39	56
14202	4	39	24	406	58
14203	2	10	6	13	10
14204	2	25	24	28	48
14205	2	11	24	66	58
14206	2	22	24	25	44
14207	2	8	27	8	31
14208	4	42	296	593	601
14209	4	19	16	325	44
14210	2	10	16	13	22
14211	1	4	19	4	25
14212	2	29	296	22	302
14213	2	10	28	7	49
14214	2	8	28	17	34
14215	4	9	5	21	11
14216	2	42	28	29	57
14217	2	5	6	10	8
14218	2	24	6	25	11
14219	4	15	27	120	38
14220	2	24	24	17	31
14221	2	32	24	36	30
14222	4	19	27	210	38
14223	2	29	24	34	29
14224	2	7	6	8	9
14225	2	21	16	23	21
14226	2	11	24	66	55
14227	2	15	24	13	45
14228	2	3	14	7	21
14229	2	6	6	13	6
14230	2	54	24	39	29
14231	2	9	16	7	20
14232	4	48	296	777	618
14233	2	9	6	11	6
14234	2	15	19	14	24
14235	4	51	296	818	608
14236	4	37	28	351	83
14237	4	42	296	527	604
14238	2	17	15	17	21
14239	1	33	15	34	23
14240	2	8	6	10	7
14241	2	40	24	28	29
14242	1	18	28	18	33
14243	4	22	26	300	39
14244	4	46	24	561	58
14245	1	8	18	8	24
14246	2	14	6	14	9
14247	2	5	19	6	23
14248	4	12	24	91	58
14249	2	17	24	11	31
14250	4	18	24	228	57
14251	2	21	19	42	25
14252	2	17	6	17	10
14253	2	14	6	19	9
14254	2	4	18	8	24
14255	4	6	16	36	43
14256	4	31	24	528	72
14257	2	11	13	23	19
14258	2	25	28	30	52
14259	2	5	6	10	9
14260	2	2	16	4	22
14261	2	12	16	9	21
14262	2	41	24	29	29
14263	2	33	24	24	44
14264	2	32	23	23	47
14265	2	10	28	19	34
14266	2	16	20	136	33
14267	2	13	27	12	32
14268	4	12	16	134	29
14269	2	53	24	38	48
14270	2	20	6	27	9
14271	2	19	24	18	32
14272	4	5	6	27	12
14273	2	13	5	12	8
14274	2	19	19	18	25
14275	2	17	28	14	33
14276	4	19	6	271	13
14277	4	37	24	351	56
14278	2	18	20	22	26
14279	2	15	6	15	6
14280	4	14	6	169	13
14281	4	19	6	271	13
14282	2	26	24	26	49
14283	2	12	27	78	40
14284	2	15	28	15	33
14285	2	22	19	23	24
14286	2	33	28	42	34
14287	2	19	17	26	23
14288	2	13	295	9	313
14289	2	14	20	17	26
14290	2	15	28	11	57
14291	2	13	24	91	73
14292	1	8	16	8	21
14293	2	13	28	15	33
14294	2	28	17	35	23
14295	4	21	22	105	52
14296	2	5	20	11	26
14297	4	25	24	375	59
14298	2	14	16	18	21
14299	4	20	6	375	14
14300	4	12	6	66	12
14301	2	23	296	19	314
14302	2	21	16	28	27
14303	4	22	16	276	28
14304	2	13	6	17	11
14305	2	22	6	23	6
14306	4	14	27	120	38
14307	2	4	20	8	26
14308	2	18	24	19	31
14309	4	16	6	229	13
14310	2	45	24	32	47
14311	1	30	20	31	25
14312	2	19	24	19	31
14313	2	6	6	12	10
14314	2	9	22	18	27
14315	4	20	6	295	13
14316	2	34	26	44	32
14317	2	34	27	42	33
14318	2	15	24	16	29
14319	4	14	5	105	11
14320	4	5	5	21	10
14321	2	20	16	24	22
14322	2	32	296	25	329
14323	4	16	16	171	28
14324	2	18	6	24	8
14325	1	8	28	8	33
14326	2	19	27	26	33
14327	2	15	16	15	22
14328	8	14	16	5881	84
14329	2	14	20	17	25
14330	2	14	24	14	27
14331	4	19	18	297	30
14332	2	24	24	28	42
14333	2	41	296	32	320
14334	2	17	24	17	41
14335	2	9	5	9	5
14336	2	17	6	17	6
14337	2	21	16	22	22
14338	2	18	24	19	31
14339	2	18	6	171	12
14340	2	25	24	30	45
14341	4	14	24	45	58
14342	2	13	16	17	21
14343	2	10	6	9	6
14344	2	18	20	24	40
14345	4	24	6	557	13
14346	2	49	24	34	44
14347	4	27	28	491	40
14348	2	6	16	13	23
14349	4	11	5	66	11
14350	4	28	24	496	58
14351	4	33	24	630	58
14352	4	12	5	55	11
14353	4	18	26	248	38
14354	4	24	16	528	41
14355	2	22	24	22	29
14356	2	23	20	25	26
14357	2	17	24	18	28
14358	2	16	14	13	20
14359	1	10	6	10	7
14360	2	15	6	20	6
14361	4	15	20	120	31
14362	4	23	20	432	33
14363	4	18	22	78	50
14364	2	12	23	11	48
14365	2	11	6	14	7
14366	2	9	27	11	33
14367	2	16	24	11	48
14368	1	5	26	6	31
14369	4	32	6	738	13
14370	2	11	22	8	37
14371	2	30	24	22	28
14372	2	19	15	26	20
14373	2	8	24	9	44
14374	2	22	18	30	24
14375	1	14	26	14	32
14376	4	13	16	78	28
14377	2	10	6	14	12
14378	2	22	20	30	41
14379	2	25	27	28	33
14380	2	19	24	23	25
14381	2	18	19	22	25
14382	2	19	19	25	39
14383	2	24	296	19	327
14384	2	24	14	26	19
14385	2	15	25	16	53
14386	2	17	24	18	43
14387	4	17	24	153	56
14388	2	21	28	21	58
14389	2	16	26	19	32
14390	4	17	6	273	12
14391	2	18	27	18	56
14392	2	9	13	17	20
14393	4	11	24	55	63
14394	4	52	24	703	58
14395	2	50	24	36	34
14396	2	17	20	23	26
14397	2	2	5	4	9
14398	2	15	20	21	26
14399	2	42	24	30	45
14400	2	22	6	25	10
14401	4	12	6	134	12
14402	2	26	18	30	23
14403	2	26	24	19	49
14404	4	26	23	190	57
14405	2	13	6	14	9
14406	2	46	28	32	57
14407	2	26	24	19	43
14408	2	8	5	10	6
14409	2	22	24	16	49
14410	2	13	16	17	27
14411	1	11	26	11	55
14412	4	32	16	892	29
14413	2	9	5	8	5
14414	2	3	5	6	8
14415	2	32	24	36	45
14416	2	52	28	37	57
14417	2	15	19	20	39
14418	4	33	296	376	603
14419	2	23	23	15	47
14420	2	19	28	38	34
14421	4	7	5	99	14
14422	4	11	6	265	14
14423	1	10	16	10	22
14424	4	14	16	190	41
14425	2	25	6	29	6
14426	2	28	24	30	43
14427	2	18	16	24	22
14428	2	4	27	8	31
14429	2	22	6	29	7
14430	4	2	5	9	11
14431	2	17	12	22	19
14432	4	28	24	210	59
14433	2	30	27	34	33
14434	1	7	24	7	29
14435	2	47	28	33	55
14436	4	14	6	188	13
14437	2	56	24	40	46
14438	4	19	24	271	59
14439	2	9	27	18	34
14440	4	19	18	248	30
14441	2	15	16	19	33
14442	2	33	296	25	301
14443	2	27	6	31	6
14444	2	11	24	66	59
14445	2	22	17	276	28
14446	2	28	24	32	31
14447	2	8	28	6	55
14448	2	8	16	11	22
14449	2	26	28	26	34
14450	2	31	296	24	301
14451	4	7	19	45	57
14452	2	20	5	17	6
14453	4	24	6	350	12
14454	2	30	24	21	28
14455	2	14	6	13	11
14456	2	23	28	24	34
14457	2	5	16	7	18
14458	4	33	6	812	13
14459	2	18	23	20	27
14460	2	11	17	14	36
14461	4	24	24	401	73
14462	2	29	6	36	12
14463	2	42	24	30	34
14464	2	24	6	33	10
14465	2	25	6	30	8
14466	2	24	20	32	40
14467	2	18	16	20	22
14468	2	27	24	28	28
14469	2	13	16	17	22
14470	2	50	24	36	48
14471	1	24	16	24	22
14472	1	24	27	22	33
14473	4	22	24	276	58
14474	2	48	24	34	45
14475	2	5	28	6	47
14476	2	9	19	19	25
14477	2	26	24	31	44
14478	8	27	24	-1	-1
14479	2	18	26	22	32
14480	2	19	24	21	32
14481	2	12	6	14	6
14482	1	8	6	8	7
14483	2	28	24	31	44
14484	2	27	27	36	33
14485	1	15	27	16	33
14486	4	3	5	19	11
14487	2	18	24	15	32
14488	2	14	16	18	21
14489	2	18	15	18	21
14490	2	15	24	16	32
14491	2	12	13	25	21
14492	4	44	24	496	59
14493	2	10	20	13	26
14494	4	32	24	561	58
14495	2	48	296	38	301
14496	2	19	28	26	34
14497	2	18	17	23	37
14498	2	25	24	29	33
14499	1	7	20	8	25
14500	4	14	296	66	602
14501	4	25	24	325	58
14502	2	14	15	19	21
14503	4	28	6	622	13
14504	4	14	5	120	12
14505	2	7	16	14	21
14506	1	7	27	7	32
14507	2	3	16	6	21
14508	1	18	6	18	11
14509	2	7	27	8	33
14510	2	17	6	19	8
14511	4	26	21	460	62
14512	4	9	6	181	14
14513	2	4	16	6	20
14514	4	7	16	45	41
14515	2	34	16	45	23
14516	2	9	26	6	53
14517	2	21	24	14	49
14518	4	16	6	229	17
14519	2	38	24	28	49
14520	1	22	28	22	34
14521	2	22	16	29	21
14522	2	12	23	8	43
14523	4	9	6	163	14
14524	4	15	6	78	12
14525	2	29	24	31	30
14526	2	14	14	18	20
14527	4	17	16	276	47
14528	1	39	13	39	19
14529	2	20	24	20	50
14530	2	5	16	10	22
14531	2	27	28	31	54
14532	2	10	6	20	11
14533	2	6	5	9	9
14534	4	16	24	66	57
14535	2	24	16	32	25
14536	2	21	6	25	10
14537	2	42	296	34	317
14538	2	24	20	28	26
14539	4	28	6	590	13
14540	4	17	22	207	69
14541	2	27	28	30	34
14542	2	33	24	37	31
14543	2	15	21	10	42
14544	2	5	20	6	24
14545	2	29	24	33	48
14546	2	49	24	36	49
14547	2	27	28	31	34
14548	4	9	22	45	52
14549	2	10	17	20	23
14550	2	11	14	13	21
14551	2	5	6	10	5
14552	4	22	19	461	31
14553	2	27	24	19	32
14554	2	22	16	21	21
14555	4	24	6	525	13
14556	4	25	6	431	12
14557	2	7	28	15	35
14558	2	14	6	19	10
14559	2	10	5	11	8
14560	4	19	6	190	13
14561	4	31	24	560	78
14562	2	19	27	21	54
14563	2	13	6	12	6
14564	4	6	28	78	41
14565	2	42	296	33	304
14566	2	32	24	23	34
14567	2	8	6	17	11
14568	2	24	16	31	21
14569	2	6	6	12	7
14570	1	13	27	13	56
14571	8	14	6	4692	28
14572	4	7	28	99	41
14573	2	16	24	17	28
14574	2	12	23	8	47
14575	2	15	20	12	25
14576	2	24	16	31	22
14577	2	12	6	13	10
14578	2	14	25	13	52
14579	4	17	6	595	14
14580	2	30	19	36	25
14581	2	33	24	36	34
14582	2	23	16	30	23
14583	2	28	28	33	58
14584	2	47	24	33	45
14585	2	23	24	27	45
14586	4	20	16	351	58
14587	2	35	24	25	44
14588	2	23	27	27	33
14589	4	24	6	492	12
14590	2	13	16	18	22
14591	4	22	27	276	40
14592	2	31	28	41	34
14593	2	14	18	19	24
14594	2	17	20	22	40
14595	2	27	18	29	24
14596	2	26	6	33	7
14597	2	12	6	24	11
14598	2	27	6	32	7
14599	2	9	6	11	6
14600	2	19	6	20	10
14601	4	18	16	300	43
14602	2	21	24	21	49
14603	2	7	28	10	49
14604	2	20	24	24	24
14605	2	9	6	18	12
14606	4	35	24	351	57
14607	2	16	16	18	21
14608	2	9	28	18	35
14609	1	10	6	10	8
14610	2	44	24	32	45
14611	2	15	16	12	21
14612	2	7	6	14	11
14613	2	23	24	25	34
14614	4	4	6	41	14
14615	2	28	23	32	27
14616	4	51	296	818	626
14617	2	24	296	19	321
14618	1	23	19	23	25
14619	2	6	19	13	26
14620	2	34	20	42	26
14621	2	43	296	34	316
14622	2	9	16	18	23
14623	2	51	24	36	33
14624	1	8	20	8	26
14625	2	22	6	276	14
14626	2	9	20	19	26
14627	2	30	6	38	6
14628	4	18	23	171	55
14629	2	10	16	13	22
14630	2	28	24	20	29
14631	2	33	15	41	21
14632	2	29	16	33	22
14633	2	49	296	38	328
14634	4	18	6	190	13
14635	2	25	296	20	316
14636	4	33	24	739	55
14637	2	32	22	36	34
14638	4	12	24	36	70
14639	2	13	6	10	7
14640	1	12	6	13	11
14641	2	11	25	8	29
14642	4	37	24	351	72
14643	2	27	296	23	328
14644	4	30	6	663	14
14645	2	13	24	12	46
14646	2	11	19	14	40
14647	2	4	27	9	33
14648	2	21	296	15	320
14649	2	45	28	33	57
14650	1	22	19	22	25
14651	2	11	6	9	6
14652	2	13	16	16	36
14653	2	21	20	21	26
14654	4	20	6	295	14
14655	2	18	6	18	9
14656	4	29	6	623	13
14657	2	11	15	14	22
14658	4	10	5	66	10
14659	2	25	6	29	11
14660	2	10	5	8	10
14661	2	20	26	23	31
14662	2	7	16	14	23
14663	4	40	24	406	74
14664	1	18	16	18	22
14665	4	36	24	325	59
14666	2	5	5	10	11
14667	2	2	6	5	12
14668	4	24	6	557	13
14669	2	11	6	22	10
14670	4	50	24	630	57
14671	2	45	24	31	34
14672	2	10	24	7	40
14673	4	15	27	120	39
14674	2	18	17	24	37
14675	2	20	6	24	12
14676	4	7	16	45	51
14677	4	25	24	405	58
14678	2	31	24	21	43
14679	2	16	24	12	30
14680	2	51	24	36	29
14681	2	10	25	13	30
14682	4	35	24	325	58
14683	2	26	6	30	12
14684	2	44	24	31	29
14685	2	9	6	19	12
14686	4	22	6	461	12
14687	2	19	16	25	37
14688	4	18	24	136	58
14689	2	25	28	29	33
14690	2	28	6	32	6
14691	4	16	24	170	55
14692	2	31	17	40	23
14693	4	23	24	153	58
14694	2	11	18	23	24
14695	2	18	19	18	25
14696	4	28	6	465	13
14697	2	14	24	13	46
14698	2	9	20	18	26
14699	4	29	24	435	58
14700	2	23	24	24	47
14701	2	18	28	16	57
14702	2	7	28	9	47
14703	2	22	24	26	44
14704	2	13	19	14	24
14705	4	51	296	818	603
14706	4	14	16	166	28
14707	2	7	23	5	43
14708	2	15	16	22	21
14709	2	45	296	35	299
14710	4	22	24	346	55
14711	2	14	15	18	20
14712	1	8	6	8	9
14713	2	18	24	17	46
14714	2	8	27	9	50
14715	4	9	6	45	12
14716	2	14	24	15	34
14717	2	10	18	21	24
14718	2	20	24	21	35
14719	2	22	6	30	6
14720	4	9	6	77	17
14721	2	8	5	5	10
14722	2	28	24	32	29
14723	2	41	296	30	319
14724	2	3	6	6	11
14725	4	26	24	432	75
14726	2	21	296	16	328
14727	2	9	18	11	24
14728	2	27	26	29	32
14729	2	20	16	24	22
14730	4	20	24	105	79
14731	4	24	6	492	13
14732	2	24	16	28	22
14733	2	8	20	11	40
14734	2	27	296	22	325
14735	2	15	6	21	11
14736	2	10	6	7	6
14737	2	17	20	18	26
14738	1	4	5	5	6
14739	4	14	13	136	25
14740	4	11	22	28	48
14741	2	36	24	25	31
14742	4	8	27	145	40
14743	2	30	296	23	303
14744	2	11	19	22	25
14745	2	22	24	16	46
14746	2	3	5	7	5
14747	4	9	6	55	12
14748	1	4	26	4	32
14749	2	30	24	32	30
14750	4	12	24	104	47
14751	4	31	24	594	76
14752	2	16	16	20	22
14753	2	7	20	15	26
14754	4	21	6	230	14
14755	4	49	24	561	58
14756	2	10	23	7	28
14757	2	31	28	36	58
14758	2	14	28	11	33
14759	2	8	27	17	34
14760	2	23	16	25	22
14761	4	8	28	54	40
14762	2	24	24	28	49
14763	2	35	26	25	53
14764	4	34	24	778	58
14765	2	18	28	24	48
14766	2	33	24	35	29
14767	2	12	18	78	30
14768	2	24	24	28	34
14769	2	23	16	31	34
14770	2	18	23	21	45
14771	1	5	5	6	8
14772	4	33	24	698	74
14773	8	13	6	19605	30
14774	4	16	6	169	13
14775	2	12	24	8	46
14776	2	21	16	28	37
14777	2	30	24	34	39
14778	2	7	24	28	59
14779	2	34	24	39	29
14780	2	6	13	9	17
14781	2	37	296	28	317
14782	2	20	19	20	23
14783	4	5	6	61	11
14784	4	3	15	19	26
14785	2	37	28	42	58
14786	4	46	24	528	57
14787	2	26	28	19	55
14788	2	27	24	30	55
14789	4	44	24	496	58
14790	2	20	15	28	21
14791	2	35	296	27	304
14792	2	16	16	22	36
14793	2	17	25	23	31
14794	2	36	24	25	33
14795	4	10	24	66	55
14796	4	11	6	77	13
14797	1	14	28	14	33
14798	2	21	15	23	20
14799	4	15	22	55	51
14800	2	18	24	13	47
14801	2	18	24	19	29
14802	2	27	24	31	46
14803	2	22	27	24	33
14804	2	22	14	30	20
14805	2	8	19	10	40
14806	2	15	24	16	47
14807	2	15	6	20	6
14808	2	20	24	23	49
14809	2	23	28	16	56
14810	2	9	28	7	33
14811	4	56	24	780	62
14812	2	11	6	23	9
14813	2	25	15	32	21
14814	2	20	24	22	30
14815	2	18	26	24	32
14816	2	40	27	29	55
14817	2	22	15	26	21
14818	2	33	16	39	22
14819	4	7	6	44	11
14820	2	6	6	12	7
14821	4	11	28	265	42
14822	2	28	27	33	50
14823	4	22	24	346	53
14824	2	14	14	17	20
14825	2	19	6	18	6
14826	2	12	6	13	6
14827	2	15	28	16	56
14828	4	11	23	55	54
14829	2	13	23	10	29
14830	2	8	6	16	10
14831	4	7	21	15	66
14832	8	36	23	-1	-1
14833	2	49	24	35	28
14834	2	6	28	12	34
14835	4	10	6	201	13
14836	2	26	24	27	35
14837	2	27	24	19	50
14838	2	8	295	6	298
14839	2	10	5	10	6
14840	4	31	24	253	64
14841	4	42	296	560	602
14842	2	13	12	17	18
14843	2	14	14	16	19
14844	2	6	27	7	32
14845	2	22	6	23	6
14846	4	19	24	230	54
14847	4	24	20	374	32
14848	4	21	24	120	58
14849	2	16	28	15	35
14850	2	25	6	28	7
14851	2	28	20	37	26
14852	2	15	6	15	10
14853	4	16	6	153	13
14854	2	16	24	18	34
14855	4	16	24	153	60
14856	2	22	6	30	6
14857	2	20	16	26	21
14858	1	8	19	8	23
14859	2	10	20	13	26
14860	4	4	16	15	57
14861	2	24	6	33	7
14862	4	32	24	528	59
14863	2	11	26	10	55
14864	2	10	6	13	11
14865	2	3	15	5	20
14866	2	43	296	33	327
14867	2	15	24	16	33
14868	2	10	18	21	24
14869	2	43	296	34	314
14870	4	26	6	626	14
14871	2	8	6	16	7
14872	2	10	6	21	7
14873	2	20	6	24	10
14874	2	14	20	15	26
14875	2	8	296	6	301
14876	2	32	6	38	8
14877	2	21	14	22	20
14878	2	8	24	7	47
14879	2	22	27	26	34
14880	2	23	28	26	56
14881	4	4	6	41	11
14882	2	5	6	11	10
14883	4	5	28	51	42
14884	2	22	6	26	11
14885	2	24	295	19	323
14886	2	47	24	33	48
14887	4	16	24	66	58
14888	2	12	6	25	7
14889	4	7	14	28	25
14890	2	7	4	7	4
14891	2	7	6	15	7
14892	4	36	23	325	72
14893	2	9	6	18	10
14894	2	45	24	32	48
14895	2	16	24	17	30
14896	2	33	24	24	45
14897	2	18	24	13	33
14898	2	8	24	5	34
14899	2	26	27	28	33
14900	1	23	20	24	27
14901	1	4	19	4	24
14902	2	24	20	31	26
14903	2	22	24	27	29
14904	2	18	6	18	6
14905	2	19	24	18	34
14906	2	35	27	39	55
14907	1	11	24	10	42
14908	2	14	28	17	34
14909	4	3	5	19	11
14910	2	38	28	27	56
14911	4	19	16	351	39
14912	2	3	6	7	7
14913	2	4	16	5	16
14914	2	14	24	10	29
14915	1	27	6	28	10
14916	2	36	26	25	55
14917	2	14	28	11	33
14918	4	32	24	528	59
14919	8	9	5	715	24
14920	2	29	6	35	10
14921	2	25	26	29	32
14922	2	4	20	6	40
14923	4	9	6	36	12
14924	1	10	13	11	19
14925	4	12	24	36	75
14926	2	7	19	9	37
14927	2	31	6	40	6
14928	4	21	24	231	77
14929	2	5	16	11	23
14930	1	12	6	13	8
14931	2	21	24	23	38
14932	4	20	24	210	57
14933	2	12	295	9	303
14934	1	31	6	31	6
14935	2	6	28	13	34
14936	2	33	24	24	29
14937	2	18	19	24	40
14938	2	14	26	14	55
14939	2	18	24	16	46
14940	2	30	24	35	30
14941	2	24	24	25	35
14942	2	10	16	14	24
14943	2	28	14	31	21
14944	4	24	16	496	43
14945	4	8	24	15	57
14946	2	9	23	6	42
14947	2	55	28	39	57
14948	2	30	24	34	48
14949	2	21	14	42	20
14950	2	22	16	22	22
14951	2	10	6	7	9
14952	2	2	5	4	8
14953	2	21	23	23	46
14954	2	4	5	8	10
14955	2	8	296	6	296
14956	4	18	24	190	57
14957	2	8	26	17	32
14958	2	6	6	6	6
14959	2	13	27	10	52
14960	2	9	19	12	24
14961	2	14	6	120	13
14962	2	22	24	16	47
14963	4	25	6	434	13
14964	2	2	16	4	22
14965	2	12	19	91	31
14966	2	33	28	24	55
14967	2	29	24	30	31
14968	2	19	28	16	34
14969	2	27	6	33	11
14970	4	9	27	162	41
14971	2	8	16	11	23
14972	2	15	22	15	26
14973	2	30	24	33	46
14974	4	10	14	105	42
14975	2	17	16	22	37
14976	2	8	6	16	7
14977	2	7	24	6	27
14978	2	3	18	6	23
14979	2	9	27	19	33
14980	4	16	6	528	14
14981	4	37	24	351	55
14982	2	40	296	31	319
14983	4	15	6	228	12
14984	2	9	16	17	23
14985	4	14	6	170	11
14986	4	15	6	228	14
14987	2	12	16	78	28
14988	2	16	20	21	39
14989	1	18	6	18	10
14990	4	23	24	346	61
14991	1	8	27	8	55
14992	4	27	6	526	13
14993	2	29	6	35	7
14994	2	17	24	18	49
14995	4	21	24	231	52
14996	2	30	24	33	49
14997	2	11	20	8	25
14998	2	9	16	10	21
14999	2	15	28	12	33
15000	4	24	6	300	13
15001	2	32	27	36	55
15002	2	52	24	38	32
15003	2	11	5	15	9
15004	2	19	20	19	26
15005	2	3	16	5	22
15006	2	19	24	19	30
15007	4	13	22	36	53
15008	2	11	19	22	26
15009	2	22	24	20	48
15010	2	24	27	32	33
15011	2	21	23	22	29
15012	1	4	26	4	31
15013	1	8	24	8	33
15014	2	37	22	42	38
15015	2	4	27	8	32
15016	2	11	6	23	12
15017	2	14	26	17	31
15018	4	11	294	36	593
15019	2	25	6	351	14
15020	2	11	24	8	43
15021	2	30	20	35	25
15022	2	8	16	11	23
15023	4	33	28	661	85
15024	4	18	6	298	12
15025	2	9	14	19	20
15026	2	30	24	35	43
15027	2	13	28	13	54
15028	2	16	24	18	49
15029	2	27	6	32	7
15030	2	31	24	35	41
15031	2	18	24	17	33
15032	2	50	24	36	48
15033	4	32	24	595	57
15034	2	7	20	8	25
15035	2	34	24	38	43
15036	1	27	20	28	27
15037	2	36	24	42	40
15038	4	17	6	273	13
15039	4	18	6	120	17
15040	2	24	16	31	36
15041	2	11	6	22	7
15042	4	22	20	346	32
15043	2	32	296	25	328
15044	2	5	19	6	22
15045	2	14	5	11	5
15046	2	15	23	11	45
15047	2	11	24	66	56
15048	4	24	24	300	59
15049	2	19	27	25	33
15050	2	21	24	22	28
15051	2	29	6	33	6
15052	4	8	5	45	10
15053	2	4	6	9	11
15054	2	26	14	29	20
15055	2	12	6	16	11
15056	2	3	17	7	24
15057	2	11	20	22	26
15058	2	29	24	34	48
15059	2	21	14	21	20
15060	2	3	28	6	33
15061	2	23	28	24	54
15062	4	31	24	625	56
15063	2	12	5	91	11
15064	2	25	6	29	10
15065	2	22	6	26	6
15066	4	5	16	21	41
15067	2	13	16	14	22
15068	2	30	24	35	45
15069	1	24	28	25	35
15070	4	13	24	78	61
15071	2	27	24	29	44
15072	2	10	18	20	25
15073	2	18	20	25	26
15074	4	21	24	253	59
15075	4	25	6	461	12
15076	4	5	16	28	41
15077	2	32	24	36	29
15078	2	22	16	23	22
15079	2	8	5	7	8
15080	4	22	27	325	84
15081	2	44	28	30	55
15082	2	8	6	36	16
15083	1	22	6	22	10
15084	2	20	16	23	22
15085	2	14	24	9	32
15086	4	17	16	253	40
15087	2	10	28	9	34
15088	2	26	16	30	22
15089	4	31	6	737	13
15090	2	20	26	27	32
15091	2	25	296	18	303
15092	2	13	6	25	7
15093	1	20	28	20	34
15094	2	29	24	33	45
15095	2	25	296	19	300
15096	2	33	24	34	28
15097	2	22	28	16	58
15098	1	9	20	10	25
15099	4	5	6	61	14
15100	4	13	24	78	53
15101	4	28	6	655	12
15102	8	19	16	20120	85
15103	8	24	6	-1	-1
15104	4	26	6	557	14
15105	2	32	27	37	33
15106	2	22	24	23	49
15107	1	7	24	7	40
15108	2	5	28	11	34
15109	2	22	28	16	56
15110	2	15	18	21	24
15111	4	8	4	36	9
15112	1	33	19	34	25
15113	2	3	27	6	33
15114	2	17	6	23	10
15115	4	22	6	253	12
15116	2	11	19	22	25
15117	2	14	28	15	33
15118	2	29	15	33	21
15119	2	8	13	10	19
15120	4	22	6	461	14
15121	2	26	24	19	30
15122	2	18	26	22	32
15123	4	20	6	375	13
15124	2	46	296	36	304
15125	4	10	6	55	12
15126	2	21	6	20	6
15127	4	41	296	526	601
15128	2	14	24	15	47
15129	2	10	16	9	21
15130	2	27	24	19	35
15131	2	32	6	38	10
15132	2	24	6	300	14
15133	2	26	6	35	11
15134	2	8	296	6	303
15135	2	32	24	36	32
15136	2	17	24	17	46
15137	4	8	15	66	40
15138	4	40	296	526	632
15139	2	19	6	23	6
15140	1	22	20	22	25
15141	2	56	24	40	48
15142	2	14	23	17	23
15143	2	30	24	22	31
15144	2	40	26	28	54
15145	2	10	6	14	11
15146	2	21	19	26	25
15147	2	24	16	31	22
15148	2	22	12	29	19
15149	4	22	16	465	43
15150	2	11	24	10	44
15151	2	8	16	10	21
15152	2	11	20	14	41
15153	2	15	16	20	21
15154	2	22	24	16	42
15155	2	8	5	8	5
15156	4	20	24	295	77
15157	4	11	16	105	40
15158	4	22	6	231	18
15159	2	13	20	10	25
15160	2	11	15	12	21
15161	2	10	27	14	48
15162	2	15	296	11	315
15163	4	7	6	113	13
15164	4	14	16	171	54
15165	4	9	23	21	56
15166	2	24	26	300	39
15167	2	16	24	18	48
15168	4	6	5	28	10
15169	2	29	6	34	7
15170	2	4	11	8	15
15171	2	16	20	136	33
15172	2	16	28	11	56
15173	4	49	28	595	86
15174	1	10	24	10	43
15175	2	22	15	30	21
15176	1	6	26	6	53
15177	4	30	6	692	12
15178	2	45	27	33	55
15179	4	8	18	55	30
15180	2	26	19	26	25
15181	2	38	24	28	45
15182	2	9	24	6	31
15183	2	4	6	10	12
15184	2	12	28	25	34
15185	2	36	296	27	306
15186	2	18	23	18	44
15187	2	17	25	16	52
15188	2	17	6	17	6
15189	2	19	20	26	25
15190	2	26	6	33	12
15191	4	11	6	104	13
15192	1	10	28	10	34
15193	2	10	19	14	25
15194	2	14	5	11	10
15195	8	48	24	-1	-1
15196	2	24	6	325	13
15197	2	8	19	5	39
15198	2	26	24	19	43
15199	2	17	14	19	20
15200	4	16	6	136	12
15201	2	31	24	22	44
15202	2	24	6	33	9
15203	4	20	6	190	13
15204	2	23	19	25	25
15205	2	17	5	14	10
15206	2	4	5	5	5
15207	2	7	24	5	27
15208	4	17	16	253	42
15209	2	36	24	40	43
15210	2	47	24	34	43
15211	2	13	28	18	34
15212	2	5	28	11	34
15213	2	9	20	11	25
15214	2	20	16	26	37
15215	2	9	5	12	5
15216	2	9	23	6	44
15217	2	34	16	40	23
15218	2	30	24	32	31
15219	2	32	24	34	46
15220	4	34	24	736	56
15221	8	6	6	985	29
15222	4	36	24	777	59
15223	4	46	24	561	57
15224	2	15	28	20	33
15225	2	14	23	15	32
15226	4	28	6	523	14
15227	2	33	27	35	56
15228	2	16	16	21	34
15229	8	16	16	10426	82
15230	2	16	24	15	29
15231	2	25	24	27	34
15232	2	23	24	23	46
15233	2	20	20	26	41
15234	2	13	16	17	26
15235	2	18	20	22	26
15236	2	43	28	31	55
15237	2	24	24	28	30
15238	4	16	6	91	13
15239	2	17	16	21	23
15240	4	8	22	45	63
15241	2	8	5	8	10
15242	2	21	11	21	17
15243	2	7	26	14	33
15244	2	18	24	19	44
15245	1	11	24	11	40
15246	2	9	6	18	7
15247	4	44	24	465	73
15248	2	12	6	24	8
15249	4	3	6	25	12
15250	2	9	18	11	23
15251	2	8	18	7	22
15252	1	22	28	22	34
15253	2	4	27	5	42
15254	2	18	6	22	9
15255	2	19	16	25	21
15256	2	16	5	18	7
15257	4	30	24	590	56
15258	2	26	6	29	7
15259	2	22	16	29	36
15260	2	22	6	30	7
15261	2	26	24	27	44
15262	2	22	6	26	6
15263	2	47	24	34	48
15264	2	28	28	32	56
15265	4	2	5	13	11
15266	1	10	6	10	10
15267	4	33	24	698	52
15268	2	22	19	30	25
15269	4	12	6	289	14
15270	4	20	24	120	57
15271	2	7	23	5	43
15272	2	23	28	26	58
15273	2	23	24	26	43
15274	2	24	27	31	48
15275	1	6	5	6	10
15276	2	24	20	31	41
15277	2	22	27	26	56
15278	2	7	20	10	40
15279	2	31	6	38	6
15280	2	10	16	13	22
15281	2	13	28	16	34
15282	4	11	5	253	11
15283	4	4	6	33	12
15284	2	4	28	8	34
15285	2	21	6	22	11
15286	4	17	24	153	59
15287	2	9	18	18	24
15288	2	20	17	26	38
15289	2	24	24	28	48
15290	4	23	27	324	38
15291	1	13	27	14	32
15292	2	15	16	20	26
15293	2	27	26	31	54
15294	2	4	27	8	32
15295	2	16	6	16	6
15296	2	35	24	26	31
15297	4	7	6	99	14
15298	4	31	24	590	57
15299	4	17	296	91	648
15300	2	9	6	11	11
15301	4	21	6	403	17
15302	4	5	5	21	10
15303	1	18	6	18	11
15304	2	37	296	30	329
15305	4	13	6	339	14
15306	2	27	25	29	31
15307	2	12	6	16	10
15308	1	22	28	20	34
15309	4	34	296	350	597
15310	2	22	25	16	53
15311	2	7	5	7	5
15312	4	40	296	494	627
15313	2	19	24	23	29
15314	2	4	20	9	26
15315	2	9	15	12	21
15316	2	5	6	11	7
15317	2	54	27	38	55
15318	2	30	20	36	27
15319	2	2	15	5	20
15320	2	2	20	3	25
15321	8	14	24	715	112
15322	2	23	19	30	25
15323	2	18	12	20	19
15324	1	12	6	12	6
15325	2	14	28	15	33
15326	2	19	20	19	25
15327	4	38	26	406	84
15328	2	19	20	24	26
15329	2	9	28	19	34
15330	2	27	6	29	7
15331	2	6	6	12	9
15332	2	40	24	28	45
15333	2	27	27	31	33
15334	2	8	20	16	26
15335	2	27	24	30	28
15336	2	16	6	136	13
15337	2	14	20	17	26
15338	2	9	6	9	6
15339	2	25	27	34	33
15340	1	17	20	18	26
15341	2	25	24	29	43
15342	4	6	6	15	11
15343	4	30	24	231	56
15344	4	26	6	524	13
15345	1	12	6	12	10
15346	2	14	6	18	6
15347	2	9	16	19	23
15348	2	29	24	30	29
15349	2	23	6	31	10
15350	4	17	24	66	57
15351	4	5	6	61	13
15352	4	15	6	120	12
15353	2	29	25	21	53
15354	2	11	6	12	7
15355	2	19	27	19	33
15356	2	20	19	24	25
15357	2	22	28	22	57
15358	2	15	20	20	26
15359	2	25	24	29	46
15360	2	11	6	12	8
15361	2	10	5	13	5
15362	2	31	6	38	10
15363	2	14	16	18	35
15364	4	47	24	595	59
15365	2	32	28	22	57
15366	2	6	5	7	5
15367	2	5	16	6	21
15368	1	18	6	18	12
15369	4	18	24	228	58
15370	2	24	16	32	37
15371	2	20	24	20	32
15372	2	12	15	25	21
15373	2	20	16	25	26
15374	4	8	6	45	12
15375	2	31	296	24	317
15376	4	7	6	99	12
15377	2	8	6	8	8
15378	2	28	20	33	25
15379	2	9	27	12	33
15380	2	18	16	23	37
15381	2	10	27	7	50
15382	8	24	24	17550	113
15383	2	14	24	14	32
15384	4	33	296	376	602
15385	4	16	24	205	52
15386	2	19	24	13	31
15387	2	17	16	22	21
15388	4	24	6	524	13
15389	2	19	24	23	34
15390	4	11	28	243	40
15391	2	28	295	22	299
15392	2	23	28	16	57
15393	1	10	24	10	44
15394	2	24	16	25	22
15395	2	39	24	28	28
15396	2	5	14	10	21
15397	2	12	12	24	20
15398	4	11	6	243	14
15399	4	26	6	460	14
15400	1	20	16	20	21
15401	2	27	28	33	34
15402	2	35	296	29	319
15403	1	16	28	16	34
15404	2	30	296	23	301
15405	2	24	28	25	54
15406	4	55	24	780	58
15407	1	5	23	6	28
15408	2	14	28	17	50
15409	2	29	24	21	29
15410	2	18	24	21	34
15411	2	7	23	5	28
15412	2	26	24	27	29
15413	2	9	18	6	23
15414	4	27	24	406	78
15415	2	22	16	26	21
15416	2	19	28	26	34
15417	2	17	15	14	20
15418	4	42	296	560	602
15419	4	3	28	25	38
15420	2	12	19	13	24
15421	2	23	6	29	6
15422	4	25	23	351	57
15423	2	6	6	7	11
15424	2	26	6	29	12
15425	2	22	18	276	30
15426	2	20	6	19	6
15427	4	6	6	78	16
15428	2	30	24	34	45
15429	2	8	16	6	21
15430	2	13	6	13	6
15431	2	11	15	22	21
15432	1	11	24	10	28
15433	4	21	6	230	12
15434	2	19	28	32	33
15435	2	54	24	38	28
15436	2	3	27	6	33
15437	4	8	20	45	39
15438	4	7	15	99	27
15439	8	15	6	-1	-1
15440	2	48	24	35	34
15441	4	29	24	593	54
15442	4	14	16	171	41
15443	2	39	24	28	44
15444	2	6	6	12	7
15445	4	16	6	120	13
15446	8	9	6	126	23
15447	2	13	24	14	42
15448	2	5	6	7	11
15449	2	12	6	24	12
15450	2	24	6	32	11
15451	4	9	6	163	14
15452	2	4	6	5	6
15453	2	34	24	24	28
15454	2	9	6	9	6
15455	2	11	16	14	22
15456	1	6	16	6	21
15457	2	14	6	105	14
15458	1	5	22	5	42
15459	2	15	27	15	33
15460	2	21	24	23	46
15461	8	34	24	-1	-1
15462	2	27	16	31	22
15463	2	5	6	10	7
15464	2	28	6	32	8
15465	2	9	16	12	26
15466	2	24	24	26	34
15467	4	53	24	741	75
15468	4	7	6	113	14
15469	2	14	20	18	40
15470	2	25	24	28	28
15471	2	34	27	44	33
15472	4	28	24	496	62
15473	2	15	6	20	10
15474	2	18	24	18	44
15475	2	10	20	9	25
15476	4	27	6	621	13
15477	2	17	24	20	29
15478	2	23	24	23	50
15479	2	25	20	33	40
15480	2	30	28	34	57
15481	4	10	24	55	58
15482	2	11	28	10	57
15483	2	3	6	5	6
15484	4	41	296	527	598
15485	2	31	24	35	26
15486	2	20	6	27	11
15487	4	17	28	226	40
15488	2	19	17	25	37
15489	2	22	16	26	22
15490	2	15	13	13	19
15491	4	2	5	10	8
15492	4	8	6	136	14
15493	2	6	18	12	24
15494	2	8	6	16	11
15495	2	22	16	29	21
15496	2	42	24	29	32
15497	4	13	6	152	12
15498	2	7	6	14	10
15499	2	32	24	35	29
15500	2	18	6	190	13
15501	4	32	24	701	73
15502	2	23	6	31	7
15503	2	50	24	34	34
15504	2	11	28	14	49
15505	2	43	296	35	315
15506	2	29	24	30	28
15507	2	10	27	20	33
15508	4	33	22	698	50
15509	2	22	27	26	49
15510	2	28	24	20	48
15511	4	11	20	104	32
15512	2	25	6	29	6
15513	2	45	24	33	34
15514	2	22	6	253	13
15515	2	46	24	32	29
15516	4	19	6	297	13
15517	4	12	6	313	15
15518	4	34	23	739	56
15519	2	33	24	36	32
15520	8	12	6	3276	26
15521	1	6	24	6	30
15522	4	23	5	276	13
15523	2	29	24	33	31
15524	2	3	16	5	22
15525	4	19	24	271	54
15526	1	7	19	8	24
15527	2	29	6	34	6
15528	2	40	24	30	48
15529	4	18	6	5985	26
15530	2	26	24	29	29
15531	4	16	296	90	601
15532	2	6	19	8	38
15533	2	11	28	10	34
15534	2	20	6	19	6
15535	2	14	27	14	33
15536	4	25	24	430	59
15537	2	14	5	11	10
15538	4	30	24	628	59
15539	2	34	24	36	35
15540	2	19	6	22	10
15541	2	25	24	26	29
15542	4	9	20	78	60
15543	2	20	14	26	19
15544	8	26	24	20475	119
15545	2	18	6	19	6
15546	2	13	6	14	8
15547	8	8	21	70	101
15548	2	29	24	33	30
15549	2	12	27	10	32
15550	2	21	27	28	47
15551	4	36	22	325	53
15552	2	7	28	7	33
15553	8	3	6	65	26
15554	4	11	6	243	14
15555	2	35	295	28	304
15556	4	15	6	153	13
15557	4	14	24	91	64
15558	2	32	24	35	34
15559	2	24	24	24	27
15560	2	2	16	4	21
15561	2	16	16	20	23
15562	4	55	24	820	59
15563	4	28	23	523	56
15564	4	13	6	339	15
15565	2	27	24	32	29
15566	1	14	6	14	11
15567	2	10	294	7	325
15568	2	12	16	15	37
15569	2	22	24	23	34
15570	2	20	6	210	13
15571	2	32	296	25	303
15572	1	3	16	3	22
15573	4	14	6	188	12
15574	4	15	24	66	58
15575	2	8	6	10	6
15576	2	29	15	31	21
15577	2	15	6	16	6
15578	2	14	6	19	12
15579	2	49	296	40	302
15580	4	12	19	300	32
15581	2	54	24	39	48
15582	4	12	24	91	58
15583	1	29	25	30	31
15584	2	11	6	22	6
15585	2	26	23	30	26
15586	4	11	5	104	16
15587	2	10	6	20	7
15588	2	22	24	16	42
15589	2	23	20	25	26
15590	2	24	6	25	9
15591	1	43	16	43	22
15592	2	13	24	15	29
15593	4	34	24	300	58
15594	2	23	27	27	55
15595	2	21	24	16	45
15596	2	48	24	34	49
15597	2	13	28	17	47
15598	2	14	6	19	11
15599	4	8	20	73	29
15600	4	4	6	36	14
15601	2	10	296	8	319
15602	2	27	24	28	44
15603	2	14	296	10	319
15604	2	12	24	10	52
15605	2	28	24	29	44
15606	4	20	6	8855	29
15607	2	15	24	11	25
15608	2	17	16	17	21
15609	2	10	16	7	22
15610	2	13	19	13	24
15611	1	10	20	10	25
15612	2	49	24	36	31
15613	4	10	6	103	18
15614	2	15	13	15	18
15615	4	4	19	15	45
15616	2	7	20	9	39
15617	4	19	16	351	41
15618	2	7	16	7	21
15619	2	25	6	34	6
15620	2	13	24	15	30
15621	2	27	6	36	7
15622	2	32	6	42	11
15623	2	34	16	43	22
15624	2	24	28	17	55
15625	2	12	6	16	6
15626	2	19	6	24	11
15627	2	10	6	20	10
15628	2	23	16	30	24
15629	2	9	6	17	12
15630	2	13	24	14	31
15631	4	18	6	298	12
15632	2	10	6	14	7
15633	2	8	19	7	23
15634	2	23	16	27	22
15635	2	27	23	19	42
15636	2	10	16	14	21
15637	2	23	28	24	59
15638	2	36	24	25	48
15639	2	31	27	36	33
15640	2	10	20	7	25
15641	2	33	25	37	52
15642	4	8	6	45	12
15643	2	7	24	28	77
15644	4	14	296	66	599
15645	2	22	20	28	41
15646	4	22	6	253	12
15647	2	18	16	22	22
15648	4	14	24	120	51
15649	1	21	28	21	34
15650	2	14	6	18	11
15651	2	16	28	14	55
15652	4	47	24	528	55
15653	4	6	6	73	18
15654	2	26	24	25	32
15655	2	23	296	17	304
15656	2	40	24	28	44
15657	2	22	24	15	29
15658	2	11	15	14	21
15659	2	9	24	9	45
15660	2	33	24	35	29
15661	1	11	24	11	43
15662	2	11	22	10	42
15663	2	24	28	18	56
15664	2	10	16	14	22
15665	2	18	22	18	27
15666	1	14	23	14	29
15667	2	11	6	10	8
15668	4	16	5	91	11
15669	2	14	6	15	6
15670	4	35	296	404	631
15671	4	24	24	153	59
15672	2	18	24	13	43
15673	4	33	24	698	57
15674	2	24	28	32	34
15675	4	34	24	778	59
15676	1	10	19	11	24
15677	2	26	16	34	22
15678	2	31	20	38	26
15679	1	26	26	27	32
15680	2	6	18	12	23
15681	2	27	24	28	45
15682	2	8	28	15	34
15683	2	6	15	8	20
15684	2	24	16	32	34
15685	4	30	24	628	59
15686	1	16	20	16	26
15687	2	29	296	22	321
15688	2	14	24	13	29
15689	2	29	24	31	48
15690	4	31	27	625	86
15691	2	12	28	15	47
15692	2	13	21	8	45
15693	4	5	5	27	11
15694	4	12	20	136	60
15695	1	20	13	18	19
15696	4	26	6	460	13
15697	2	17	24	18	30
15698	2	12	6	78	12
15699	2	21	6	28	6
15700	4	33	24	300	71
15701	4	17	6	251	16
15702	2	13	5	13	10
15703	4	23	6	351	13
15704	2	24	28	29	34
15705	4	30	24	628	58
15706	4	32	6	734	13
15707	2	21	6	21	9
15708	2	53	24	37	46
15709	2	10	12	11	17
15710	2	13	19	26	25
15711	2	53	24	37	29
15712	2	24	6	31	11
15713	2	14	296	12	315
15714	2	37	296	29	317
15715	4	26	6	494	14
15716	2	36	24	38	49
15717	2	11	24	10	31
15718	2	4	20	10	32
15719	4	10	26	90	36
15720	1	16	16	16	22
15721	2	46	295	38	300
15722	2	24	6	31	6
15723	4	27	24	190	64
15724	2	49	24	34	49
15725	2	24	16	32	22
15726	4	19	6	248	13
15727	2	27	24	31	32
15728	2	6	5	21	16
15729	2	9	16	10	21
15730	2	8	18	36	31
15731	1	6	24	6	24
15732	2	19	28	19	56
15733	2	11	18	9	22
15734	2	8	5	5	9
15735	4	11	6	243	13
15736	2	9	23	6	42
15737	2	4	14	9	20
15738	2	32	24	37	47
15739	2	26	6	30	7
15740	2	25	16	33	21
15741	1	16	19	14	25
15742	2	22	6	253	14
15743	2	24	6	300	19
15744	2	28	6	36	6
15745	2	25	16	33	24
15746	4	5	20	61	32
15747	2	6	6	21	12
15748	2	27	24	30	30
15749	2	20	6	19	8
15750	2	18	20	20	25
15751	2	4	6	10	12
15752	4	3	6	19	19
15753	2	48	296	38	302
15754	4	31	24	590	55
15755	2	19	23	22	44
15756	2	9	6	19	11
15757	2	9	6	12	11
15758	2	10	18	66	30
15759	4	9	6	181	14
15760	2	16	17	20	22
15761	2	9	24	10	46
15762	4	18	6	322	17
15763	4	28	296	230	603
15764	2	17	19	14	25
15765	1	19	6	20	7
15766	2	22	24	23	28
15767	2	17	6	17	10
15768	2	29	6	35	6
15769	2	8	16	11	36
15770	2	34	24	36	33
15771	4	31	24	664	58
15772	1	22	28	22	34
15773	4	24	19	378	31
15774	2	24	20	28	25
15775	2	31	294	24	297
15776	2	12	28	15	33
15777	4	9	6	54	12
15778	2	6	28	13	34
15779	2	28	24	32	31
15780	1	22	6	22	9
15781	2	22	16	29	25
15782	2	57	24	41	45
15783	2	13	28	18	34
15784	4	33	24	276	58
15785	2	11	6	15	9
15786	2	21	13	27	19
15787	2	35	24	41	49
15788	1	4	6	4	11
15789	8	25	6	33850	26
15790	2	23	20	23	26
15791	2	4	26	8	33
15792	2	20	14	28	20
15793	4	9	5	45	10
15794	2	21	24	22	42
15795	1	4	5	4	10
15796	4	29	6	624	14
15797	2	21	26	20	31
15798	2	20	26	26	47
15799	2	11	24	8	24
15800	2	23	16	30	25
15801	4	14	6	151	13
15802	2	12	24	13	30
15803	2	46	24	32	44
15804	2	42	24	30	34
15805	2	28	24	32	47
15806	4	27	24	460	57
15807	2	11	28	11	33
15808	2	21	24	15	41
15809	2	16	26	15	32
15810	1	4	6	4	9
15811	4	54	24	741	70
15812	2	4	27	5	32
15813	1	18	18	18	24
15814	2	16	16	21	35
15815	2	8	20	8	26
15816	4	24	6	524	13
15817	4	23	16	465	43
15818	4	16	16	91	28
15819	1	10	28	10	33
15820	4	4	6	33	14
15821	4	11	6	243	14
15822	4	24	16	528	43
15823	4	29	24	556	58
15824	2	25	6	351	12
15825	2	12	6	25	7
15826	2	30	24	33	49
15827	2	17	6	17	11
15828	2	7	27	15	33
15829	2	33	27	41	33
15830	2	31	28	40	34
15831	2	26	15	30	20
15832	2	20	24	15	41
15833	2	23	6	27	9
15834	2	19	6	25	8
15835	2	10	22	7	43
15836	2	10	20	14	26
15837	2	24	6	32	6
15838	2	29	27	30	57
15839	2	24	24	25	28
15840	2	12	19	12	25
15841	2	4	15	9	22
15842	2	21	6	26	7
15843	1	16	15	17	21
15844	2	25	24	26	32
15845	2	53	24	36	48
15846	1	40	20	40	25
15847	4	9	28	45	36
15848	2	40	24	28	29
15849	4	24	6	405	12
15850	2	16	20	21	25
15851	4	24	6	431	14
15852	4	4	6	15	11
15853	2	8	4	6	4
15854	4	12	24	36	48
15855	2	6	25	12	31
15856	2	33	24	36	35
15857	4	18	6	171	11
15858	2	44	296	35	328
15859	4	25	6	430	13
15860	1	16	28	17	57
15861	4	15	23	136	66
15862	4	29	24	593	57
15863	2	19	24	13	29
15864	4	21	24	136	57
15865	2	50	24	36	34
15866	4	11	16	243	29
15867	2	2	19	3	23
15868	4	16	5	208	12
15869	2	41	24	29	29
15870	2	19	6	25	9
15871	2	7	25	7	31
15872	2	30	24	33	28
15873	2	22	24	25	45
15874	2	10	6	13	10
15875	2	8	18	6	24
15876	2	7	6	14	11
15877	2	11	291	8	305
15878	2	16	5	15	10
15879	2	19	28	13	55
15880	4	25	6	404	13
15881	2	29	24	33	44
15882	2	14	28	18	49
15883	4	2	5	9	10
15884	2	16	6	19	6
15885	2	39	296	31	330
15886	4	26	11	464	24
15887	4	25	6	351	13
15888	2	12	25	13	31
15889	2	33	23	36	48
15890	2	11	14	22	21
15891	2	51	24	36	28
15892	2	3	6	7	12
15893	2	16	6	21	12
15894	2	19	6	24	6
15895	2	38	296	31	300
15896	1	9	24	9	35
15897	2	21	26	24	54
15898	4	35	296	376	601
15899	8	28	24	-1	-1
15900	4	34	24	778	59
15901	4	14	6	188	13
15902	4	57	24	861	59
15903	2	8	295	6	315
15904	2	12	5	13	5
15905	2	20	17	19	23
15906	2	18	6	36	11
15907	2	49	27	36	55
15908	2	23	15	25	21
15909	2	18	27	23	46
15910	2	14	28	18	33
15911	2	16	23	16	44
15912	2	26	15	26	21
15913	2	6	27	13	33
15914	2	21	20	28	41
15915	1	4	6	4	9
15916	2	24	26	31	32
15917	4	47	24	595	57
15918	2	17	28	22	34
15919	2	8	19	6	23
15920	2	22	24	16	30
15921	2	14	20	18	26
15922	2	3	13	6	19
15923	1	7	23	7	30
15924	4	12	6	289	13
15925	2	54	24	39	44
15926	2	34	24	38	44
15927	2	31	25	22	52
15928	1	19	19	20	24
15929	1	12	27	10	32
15930	2	19	16	26	21
15931	2	9	16	18	22
15932	4	34	24	741	56
15933	2	11	17	15	22
15934	2	8	20	16	26
15935	4	8	6	145	15
15936	2	35	296	28	306
15937	4	19	5	348	12
15938	4	25	6	461	13
15939	2	15	6	19	11
15940	2	17	24	12	44
15941	2	26	25	31	32
15942	2	28	24	30	31
15943	2	6	28	12	33
15944	2	5	6	10	10
15945	2	3	5	6	5
15946	4	14	24	91	56
15947	2	17	6	17	6
15948	2	34	24	39	47
15949	2	24	20	31	26
15950	2	21	14	28	20
15951	2	8	14	8	20
15952	2	22	22	29	44
15953	4	12	24	91	58
15954	4	7	16	99	28
15955	4	21	6	299	14
15956	2	10	6	55	14
15957	2	12	12	16	18
15958	4	2	28	13	40
15959	1	16	6	14	10
15960	4	22	6	461	12
15961	2	14	27	17	33
15962	2	13	28	14	58
15963	2	30	24	33	29
15964	2	10	6	21	11
15965	2	4	6	8	7
15966	2	13	28	14	34
15967	4	2	5	10	10
15968	2	11	6	23	8
15969	2	19	6	24	6
15970	2	11	15	22	21
15971	2	26	24	27	29
15972	2	23	20	31	26
15973	4	2	6	13	17
15974	2	22	24	16	29
15975	4	14	24	91	57
15976	2	7	5	14	11
15977	4	30	296	275	603
15978	4	17	6	153	12
15979	4	51	24	703	59
15980	4	29	24	523	71
15981	4	23	16	299	29
15982	4	33	24	630	62
15983	4	7	6	113	13
15984	4	29	24	523	58
15985	2	34	24	24	43
15986	2	27	24	28	47
15987	2	24	24	18	45
15988	2	43	24	30	45
15989	2	15	12	12	18
15990	2	38	24	27	31
15991	2	11	20	22	27
15992	2	36	24	40	33
15993	2	23	26	31	46
15994	2	21	28	26	34
15995	2	22	6	276	13
15996	4	25	6	591	13
15997	1	13	6	14	7
15998	2	14	28	19	34
15999	2	21	24	22	34
16000	2	16	24	16	29
16001	2	8	6	11	9
16002	2	22	19	29	40
16003	4	14	6	169	12
16004	2	5	20	11	26
16005	2	25	24	26	28
16006	2	29	24	20	29
16007	4	11	6	265	14
16008	4	8	20	55	61
16009	2	14	19	18	25
16010	2	8	17	17	24
16011	2	32	24	37	45
16012	2	51	296	40	320
16013	2	17	6	21	6
16014	4	26	6	584	13
16015	2	18	28	13	52
16016	1	28	16	29	23
16017	2	29	24	34	45
16018	4	9	6	54	12
16019	2	56	24	40	33
16020	2	4	28	8	34
16021	2	19	26	23	32
16022	1	22	6	22	6
16023	2	37	24	26	45
16024	2	21	24	23	47
16025	4	24	16	528	43
16026	2	8	295	6	323
16027	1	6	6	6	9
16028	2	27	24	28	30
16029	4	9	6	163	13
16030	2	26	22	29	32
16031	1	13	6	14	10
16032	2	35	24	25	49
16033	4	6	6	42	12
16034	2	33	24	24	41
16035	4	25	24	351	55
16036	2	12	6	25	10
16037	2	14	16	18	22
16038	4	23	16	465	41
16039	4	56	24	820	78
16040	8	22	6	12650	29
16041	2	26	17	30	22
16042	4	9	6	28	12
16043	2	29	23	34	25
16044	2	19	23	13	45
16045	4	12	16	120	42
16046	2	35	23	39	47
16047	2	27	17	35	23
16048	2	28	24	20	33
16049	2	30	24	35	45
16050	4	12	20	313	33
16051	2	14	20	18	40
16052	1	18	6	18	7
16053	2	28	22	34	29
16054	2	7	16	14	22
16055	2	22	24	16	34
16056	2	20	24	23	34
16057	2	24	24	17	48
16058	4	25	28	430	85
16059	2	11	16	15	25
16060	1	16	6	16	11
16061	2	34	24	39	29
16062	2	16	6	21	6
16063	1	6	6	6	6
16064	8	9	6	5641	26
16065	2	27	24	31	44
16066	2	6	20	12	26
16067	2	25	18	30	24
16068	2	18	24	12	42
16069	2	29	24	33	45
16070	2	33	20	40	25
16071	2	23	16	30	36
16072	4	10	27	88	38
16073	2	18	6	22	8
16074	4	18	23	91	56
16075	2	24	16	25	21
16076	4	50	24	666	62
16077	4	21	23	120	73
16078	2	18	296	14	306
16079	4	8	19	129	31
16080	2	12	6	25	7
16081	4	12	6	91	12
16082	4	33	296	376	601
16083	4	24	6	524	13
16084	2	6	28	12	34
16085	4	20	6	295	12
16086	2	3	28	6	34
16087	2	9	20	11	25
16088	4	47	24	528	58
16089	4	29	24	435	52
16090	2	14	6	18	7
16091	2	31	24	22	28
16092	2	10	16	10	21
16093	2	13	24	10	45
16094	4	4	6	28	12
16095	2	20	19	20	25
16096	2	10	6	20	13
16097	2	32	21	36	21
16098	4	10	6	88	12
16099	1	4	5	4	4
16100	2	19	6	26	9
16101	2	4	16	6	20
16102	4	33	26	739	83
16103	2	25	24	26	44
16104	2	16	19	136	31
16105	2	14	18	18	25
16106	2	30	6	34	7
16107	2	27	24	31	34
16108	2	29	24	30	34
16109	4	20	6	299	12
16110	4	28	24	435	71
16111	2	10	22	7	30
16112	2	23	19	23	25
16113	2	12	12	24	18
16114	2	12	20	16	26
16115	2	16	24	20	27
16116	2	17	24	16	44
16117	4	22	24	325	54
16118	2	31	24	33	27
16119	2	15	6	15	6
16120	2	25	27	34	33
16121	2	7	16	11	22
16122	2	32	6	43	7
16123	2	7	15	9	20
16124	2	3	27	6	32
16125	4	32	24	276	53
16126	4	23	20	375	32
16127	2	25	24	29	34
16128	2	27	16	33	21
16129	2	29	6	33	7
16130	4	23	6	462	12
16131	4	10	16	105	41
16132	2	9	16	12	21
16133	2	16	26	12	51
16134	2	11	24	9	30
16135	2	19	6	26	9
16136	2	26	24	29	43
16137	2	10	20	11	26
16138	4	31	24	592	59
16139	2	24	28	32	33
16140	2	9	5	11	5
16141	4	9	5	77	12
16142	2	9	6	18	7
16143	2	5	28	7	33
16144	2	11	20	13	26
16145	2	17	28	13	56
16146	2	30	24	20	29
16147	2	14	16	19	21
16148	2	15	15	18	20
16149	2	5	27	7	32
16150	2	31	24	22	47
16151	2	3	6	7	7
16152	2	18	296	13	315
16153	2	5	25	10	30
16154	2	35	24	25	29
16155	2	24	296	19	315
16156	2	51	296	40	329
16157	4	31	24	664	55
16158	2	12	16	14	22
16159	2	27	24	19	27
16160	2	27	24	19	25
16161	1	27	27	28	33
16162	2	8	5	11	9
16163	8	18	6	7315	27
16164	4	20	28	210	87
16165	4	57	24	820	64
16166	2	7	5	8	9
16167	4	14	6	188	13
16168	1	7	28	8	33
16169	2	13	28	16	34
16170	2	32	24	37	45
16171	4	7	16	45	39
16172	4	27	24	190	67
16173	2	32	28	22	57
16174	2	3	12	6	19
16175	2	31	28	40	34
16176	2	52	24	37	48
16177	4	13	25	91	34
16178	1	28	6	29	7
16179	1	6	5	6	5
16180	2	23	24	27	44
16181	2	5	6	10	10
16182	2	16	16	22	26
16183	4	30	24	628	56
16184	4	14	24	91	72
16185	2	22	15	29	21
16186	2	21	28	26	34
16187	2	14	16	19	25
16188	2	4	6	9	6
16189	2	5	28	7	34
16190	2	18	6	16	6
16191	2	24	28	28	33
16192	2	27	24	31	34
16193	4	22	16	465	42
16194	4	18	5	153	11
16195	2	4	16	8	22
16196	2	13	24	12	49
16197	4	20	6	271	12
16198	1	4	6	5	9
16199	2	10	26	14	31
16200	2	26	28	30	58
16201	2	32	28	40	34
16202	2	16	28	16	55
16203	2	6	16	8	21
16204	2	17	25	23	31
16205	2	29	6	34	6
16206	2	26	28	30	34
16207	2	39	24	28	29
16208	2	14	24	10	42
16209	4	26	24	378	59
16210	2	26	28	31	34
16211	4	19	27	91	85
16212	2	8	24	36	59
16213	2	30	23	34	38
16214	1	18	18	19	24
16215	4	25	6	434	14
16216	1	8	5	9	5
16217	2	10	16	20	22
16218	1	19	16	20	21
16219	2	24	24	25	30
16220	1	6	28	6	35
16221	2	26	24	29	32
16222	4	33	28	739	84
16223	2	8	294	6	314
16224	1	18	16	19	22
16225	2	10	28	20	34
16226	2	14	295	11	296
16227	2	32	20	38	26
16228	2	14	27	18	46
16229	2	33	24	24	31
16230	2	24	6	33	7
16231	1	8	25	8	30
16232	2	17	27	16	51
16233	2	17	16	22	25
16234	4	25	24	171	57
16235	1	26	6	26	10
16236	2	21	22	15	47
16237	8	34	24	-1	-1
16238	2	11	6	12	6
16239	4	13	294	55	612
16240	2	18	24	13	43
16241	2	4	27	9	33
16242	2	32	296	26	317
16243	2	56	24	40	44
16244	2	14	6	18	11
16245	2	22	25	171	37
16246	4	12	6	134	13
16247	1	22	27	22	33
16248	2	15	5	12	9
16249	2	22	6	26	6
16250	2	24	20	32	26
16251	4	40	24	406	59
16252	2	16	24	11	26
16253	2	22	6	25	7
16254	2	9	24	8	47
16255	2	4	28	9	34
16256	4	10	6	103	13
16257	2	14	295	10	310
16258	2	30	24	35	29
16259	2	9	28	45	84
16260	2	9	6	10	6
16261	2	39	24	28	28
16262	2	10	6	11	6
16263	2	6	27	7	32
16264	2	9	15	12	20
16265	2	38	296	30	316
16266	2	3	15	6	21
16267	2	22	16	30	22
16268	8	2	6	41	24
16269	2	16	24	16	53
16270	8	14	6	29267	26
16271	4	27	21	190	48
16272	2	39	24	28	33
16273	2	47	296	37	302
16274	2	10	23	7	37
16275	2	5	5	6	5
16276	2	16	24	18	33
16277	2	30	24	30	31
16278	2	30	24	35	30
16279	2	11	20	15	25
16280	2	31	24	33	29
16281	2	42	24	30	33
16282	2	10	27	14	48
16283	2	27	24	30	49
16284	4	29	24	559	57
16285	2	15	26	11	52
16286	2	20	14	19	19
16287	4	28	24	523	60
16288	2	18	16	19	22
16289	2	24	6	33	7
16290	1	20	13	20	20
16291	2	24	24	28	47
16292	2	21	28	24	54
16293	2	34	24	39	44
16294	4	15	16	210	44
16295	4	23	6	299	14
16296	2	7	6	9	6
16297	2	41	24	29	30
16298	4	19	16	325	40
16299	2	13	24	14	41
16300	1	22	20	23	28
16301	4	7	16	113	28
16302	2	17	15	22	21
16303	2	14	24	10	44
16304	2	30	28	34	56
16305	2	25	6	29	11
16306	2	6	16	8	34
16307	2	25	16	33	26
16308	4	17	26	105	38
16309	4	18	6	322	14
16310	2	12	5	12	5
16311	1	10	6	8	10
16312	2	9	5	12	5
16313	4	33	6	933	14
16314	2	28	24	29	52
16315	2	12	5	16	11
16316	2	22	24	26	41
16317	2	27	23	31	28
16318	4	10	23	28	55
16319	4	15	6	228	12
16320	2	34	24	38	35
16321	2	10	6	20	7
16322	2	8	16	12	21
16323	4	16	6	188	18
16324	2	11	20	14	39
16325	2	20	24	24	44
16326	2	23	6	24	6
16327	1	14	19	15	26
16328	4	25	24	377	54
16329	2	21	6	20	8
16330	2	26	6	26	6
16331	2	24	14	32	20
16332	2	10	24	7	27
16333	2	28	27	30	33
16334	2	11	28	23	35
16335	4	25	24	406	55
16336	2	25	6	35	11
16337	2	30	28	34	56
16338	2	14	16	17	22
16339	2	8	24	5	26
16340	2	29	24	34	44
16341	4	28	6	693	12
16342	4	15	24	55	58
16343	2	28	24	31	29
16344	2	13	16	10	22
16345	1	26	25	26	31
16346	2	25	27	31	33
16347	2	26	6	28	12
16348	2	26	24	18	33
16349	2	12	16	25	22
16350	4	22	6	375	12
16351	2	15	28	15	33
16352	2	31	6	38	6
16353	2	17	16	23	26
16354	4	30	296	252	628
16355	2	23	28	28	34
16356	2	13	27	17	33
16357	2	20	28	21	35
16358	2	15	24	15	29
16359	2	16	24	16	43
16360	4	20	5	299	12
16361	2	22	26	23	55
16362	4	13	24	105	54
16363	4	37	296	433	601
16364	1	20	19	20	25
16365	2	17	22	13	28
16366	2	34	17	41	23
16367	2	15	23	10	42
16368	4	15	15	105	27
16369	2	33	28	41	34
16370	2	5	19	6	38
16371	2	24	16	32	21
16372	2	51	24	37	48
16373	2	22	6	30	11
16374	4	9	16	66	41
16375	2	15	14	21	20
16376	4	52	24	741	57
16377	1	14	6	15	6
16378	2	26	6	31	10
16379	2	25	6	31	7
16380	4	37	24	351	56
16381	2	33	24	38	33
16382	2	26	24	30	45
16383	2	11	19	15	40
16384	2	27	16	36	22
16385	4	14	6	188	12
16386	2	9	6	11	10
16387	2	37	24	26	28
16388	2	14	15	18	21
16389	1	28	19	29	25
16390	2	23	24	24	42
16391	2	10	16	19	22
16392	2	24	16	32	36
16393	2	23	24	27	44
16394	2	33	28	24	57
16395	2	26	296	20	304
16396	2	49	296	39	327
16397	2	33	24	35	48
16398	2	22	23	27	27
16399	2	22	20	30	26
16400	2	9	16	11	20
16401	2	22	24	23	29
16402	4	13	16	339	30
16403	2	19	27	23	33
16404	2	40	24	28	44
16405	4	7	16	45	54
16406	1	12	28	12	34
16407	2	21	6	20	9
16408	2	7	5	7	6
16409	2	33	23	24	47
16410	2	23	6	28	12
16411	2	48	24	34	49
16412	2	3	18	5	25
16413	1	8	17	8	21
16414	4	45	24	528	58
16415	2	8	27	10	33
16416	2	16	24	17	29
16417	4	39	296	526	601
16418	2	24	23	17	47
16419	2	40	28	28	55
16420	2	16	28	20	33
16421	2	4	28	9	33
16422	2	31	25	34	31
16423	2	24	6	32	7
16424	2	22	6	26	6
16425	4	13	6	169	12
16426	2	21	13	22	20
16427	2	8	20	16	26
16428	4	22	24	276	76
16429	2	10	24	55	57
16430	4	16	23	170	55
16431	1	16	19	16	25
16432	2	14	20	11	26
16433	2	19	28	25	34
16434	2	8	20	11	26
16435	4	12	16	136	45
16436	4	21	6	230	12
16437	2	10	6	13	10
16438	2	3	15	4	20
16439	2	48	296	38	317
16440	2	7	20	6	24
16441	2	18	295	14	327
16442	2	30	23	35	32
16443	1	24	27	24	33
16444	4	5	16	28	56
16445	2	18	15	24	21
16446	2	22	6	22	11
16447	4	17	26	273	38
16448	2	28	296	22	327
16449	2	14	19	13	24
16450	2	17	26	171	38
16451	2	26	24	19	33
16452	2	12	6	16	6
16453	2	15	15	12	20
16454	2	32	27	36	57
16455	2	27	24	31	29
16456	1	23	6	24	9
16457	2	33	6	41	9
16458	2	26	28	25	57
16459	2	5	16	7	21
16460	2	28	24	20	29
16461	1	24	20	24	26
16462	2	14	24	15	33
16463	2	16	16	22	25
16464	2	13	24	16	38
16465	2	7	6	15	11
16466	2	27	24	31	27
16467	4	15	16	210	43
16468	8	22	24	3876	115
16469	4	16	24	66	58
16470	2	11	6	22	12
16471	2	9	19	12	40
16472	2	23	16	26	22
16473	2	44	24	32	48
16474	2	18	20	25	25
16475	2	9	24	10	34
16476	2	50	28	36	56
16477	4	11	5	66	11
16478	2	14	6	18	10
16479	2	7	6	8	6
16480	4	27	6	591	13
16481	2	24	25	27	32
16482	4	38	24	378	56
16483	4	3	6	19	12
16484	4	23	24	153	58
16485	2	20	16	27	21
16486	4	24	6	325	13
16487	4	24	296	170	629
16488	2	22	24	26	28
16489	2	33	28	36	57
16490	1	19	28	20	34
16491	2	14	28	105	42
16492	2	14	24	13	49
16493	2	15	28	18	33
16494	2	31	24	35	48
16495	2	28	24	29	29
16496	2	6	28	7	48
16497	4	51	24	703	58
16498	1	6	28	6	34
16499	2	10	5	11	6
16500	4	28	6	693	13
16501	2	12	19	16	25
16502	2	14	296	10	315
16503	4	18	15	322	28
16504	1	6	6	6	6
16505	2	5	26	11	31
16506	2	16	6	19	12
16507	2	9	6	19	12
16508	2	14	6	17	6
16509	1	24	6	25	10
16510	2	2	5	4	8
16511	2	31	25	35	51
16512	4	23	20	300	33
16513	2	15	24	14	49
16514	2	10	15	21	22
16515	4	12	5	55	14
16516	2	20	6	171	13
16517	4	32	24	661	59
16518	2	29	24	34	28
16519	2	10	26	13	32
16520	2	8	6	16	12
16521	2	14	19	19	38
16522	2	9	28	6	53
16523	2	12	28	12	33
16524	2	37	296	30	305
16525	4	22	24	346	58
16526	2	5	16	6	21
16527	1	8	16	8	22
16528	8	21	24	14674	120
16529	2	34	16	45	22
16530	2	7	28	9	32
16531	2	10	15	13	20
16532	2	7	26	10	47
16533	2	21	23	22	44
16534	4	19	6	322	12
16535	2	36	28	41	55
16536	2	18	16	21	21
16537	2	10	6	55	14
16538	4	6	6	73	15
16539	2	2	5	5	5
16540	1	8	13	8	18
16541	2	7	26	6	30
16542	2	12	6	14	8
16543	1	14	28	14	33
16544	4	15	22	120	51
16545	2	34	6	45	11
16546	2	45	26	32	54
16547	8	4	15	120	60
16548	2	12	19	12	25
16549	2	14	6	17	10
16550	2	12	26	25	33
16551	4	46	296	738	600
16552	2	45	28	32	57
16553	4	12	6	313	14
16554	4	7	6	113	14
16555	4	8	6	129	14
16556	2	16	6	17	12
16557	2	31	6	38	7
16558	4	19	6	275	13
16559	1	8	24	8	29
16560	2	24	24	28	30
16561	2	33	6	38	6
16562	4	29	15	767	28
16563	2	6	16	12	22
16564	2	23	24	27	48
16565	1	24	6	25	6
16566	4	22	6	461	13
16567	4	17	24	66	57
16568	2	31	16	38	22
16569	2	7	6	14	7
16570	2	19	6	210	13
16571	4	33	28	698	85
16572	2	27	24	31	32
16573	4	18	16	300	43
16574	2	13	16	18	36
16575	2	8	6	6	6
16576	2	8	28	15	34
16577	4	43	24	496	59
16578	2	11	27	23	34
16579	2	5	5	11	8
16580	2	20	6	19	10
16581	4	14	24	45	74
16582	2	11	16	10	22
16583	2	14	6	14	8
16584	2	12	28	16	48
16585	2	12	20	25	27
16586	4	14	20	66	31
16587	2	12	28	15	34
16588	2	21	16	25	21
16589	2	30	24	22	53
16590	2	30	24	34	24
16591	2	6	5	21	10
16592	2	23	24	27	43
16593	4	17	6	274	13
16594	2	6	15	12	22
16595	2	11	23	10	27
16596	2	8	6	16	7
16597	2	4	15	6	35
16598	2	21	6	23	6
16599	2	11	20	22	26
16600	2	22	24	26	42
16601	2	56	24	40	32
16602	2	6	19	11	25
16603	4	6	20	73	33
16604	1	15	16	16	22
16605	2	15	18	15	24
16606	2	15	6	15	8
16607	2	31	28	22	54
16608	4	14	5	91	11
16609	2	16	22	11	44
16610	2	7	6	15	7
16611	4	8	24	15	55
16612	4	10	24	36	60
16613	2	35	28	26	56
16614	2	19	296	15	300
16615	1	20	28	20	35
16616	1	24	6	24	6
16617	4	10	23	36	56
16618	8	33	24	17550	114
16619	2	6	28	13	33
16620	4	55	24	780	58
16621	2	26	16	31	23
16622	2	49	296	36	353
16623	2	7	18	14	25
16624	2	46	296	37	301
16625	2	12	6	24	9
16626	4	48	24	630	65
16627	4	4	28	15	39
16628	4	6	28	73	40
16629	2	23	24	23	45
16630	2	48	24	35	47
16631	2	25	296	19	316
16632	2	20	6	40	9
16633	2	6	6	13	7
16634	2	11	24	10	46
16635	2	14	5	13	5
16636	2	37	296	29	329
16637	2	24	24	28	29
16638	4	16	16	231	46
16639	2	12	20	15	27
16640	2	23	16	30	36
16641	2	25	26	34	32
16642	2	9	28	19	34
16643	2	29	24	32	36
16644	2	18	6	22	6
16645	2	7	6	14	7
16646	4	22	296	153	601
16647	2	8	25	16	31
16648	2	11	16	14	23
16649	2	24	18	25	23
16650	2	12	19	13	24
16651	2	11	16	22	22
16652	4	17	28	229	41
16653	4	33	6	933	16
16654	2	18	26	13	54
16655	2	16	26	22	46
16656	4	9	16	66	45
16657	2	9	24	6	33
16658	2	18	16	15	22
16659	4	9	16	163	30
16660	2	20	14	27	20
16661	4	27	24	406	61
16662	2	23	28	24	56
16663	2	4	15	8	21
16664	2	23	13	31	19
16665	4	17	296	104	618
16666	2	15	19	20	25
16667	4	14	20	188	32
16668	1	16	19	16	25
16669	2	9	6	18	11
16670	2	14	24	15	43
16671	2	54	26	39	55
16672	2	43	24	31	28
16673	2	32	28	36	57
16674	4	25	6	461	13
16675	8	7	6	450	26
16676	2	26	24	29	44
16677	2	21	24	22	33
16678	2	26	23	27	29
16679	4	8	6	145	14
16680	2	24	16	32	22
16681	2	12	16	25	23
16682	2	5	13	10	19
16683	4	15	16	190	41
16684	2	22	26	24	32
16685	4	33	6	933	16
16686	2	11	16	14	36
16687	2	19	20	19	25
16688	2	25	5	29	6
16689	4	19	16	325	42
16690	2	19	26	25	46
16691	2	14	16	18	22
16692	2	10	16	13	35
16693	2	20	16	17	22
16694	4	8	16	45	26
16695	2	26	24	18	27
16696	2	30	28	36	34
16697	2	56	28	40	56
16698	2	10	5	8	10
16699	4	9	12	66	25
16700	2	18	6	171	14
16701	2	23	16	30	36
16702	2	4	16	5	20
16703	4	25	6	404	12
16704	4	21	24	297	73
16705	2	13	17	18	38
16706	2	13	16	17	25
16707	2	7	6	11	6
16708	2	14	24	13	45
16709	2	4	14	6	21
16710	2	6	20	12	25
16711	4	13	6	152	13
16712	2	14	24	105	36
16713	2	11	6	13	6
16714	2	21	24	14	29
16715	1	18	6	19	6
16716	2	13	25	16	45
16717	4	32	24	496	58
16718	2	21	6	28	6
16719	2	18	16	23	34
16720	2	14	296	12	298
16721	2	33	6	39	9
16722	2	32	28	22	55
16723	2	12	28	24	35
16724	2	29	27	32	33
16725	1	5	23	5	43
16726	2	18	28	22	34
16727	2	35	296	29	306
16728	2	4	6	8	10
16729	2	25	24	26	42
16730	2	8	296	6	323
16731	2	28	296	22	305
16732	2	16	24	12	33
16733	8	34	24	-1	-1
16734	2	46	24	33	30
16735	2	3	20	6	25
16736	2	15	6	20	6
16737	2	18	15	19	20
16738	4	22	24	346	55
16739	2	12	6	15	7
16740	2	31	6	39	6
16741	2	13	6	17	9
16742	2	16	28	19	33
16743	2	8	28	10	47
16744	2	8	20	17	26
16745	4	32	27	701	82
16746	2	10	26	13	46
16747	2	8	16	11	21
16748	1	20	27	21	32
16749	2	26	6	26	11
16750	2	24	24	17	29
16751	4	18	296	91	600
16752	2	45	24	33	41
16753	2	17	28	21	33
16754	2	15	25	16	31
16755	2	18	27	24	34
16756	2	12	16	16	21
16757	2	8	6	16	10
16758	2	17	28	21	33
16759	2	24	24	25	44
16760	2	20	15	20	21
16761	2	14	5	16	10
16762	2	26	24	25	30
16763	2	15	24	14	49
16764	4	6	5	28	11
16765	2	9	20	18	26
16766	8	7	6	1765	29
16767	2	3	16	7	21
16768	4	17	6	210	13
16769	2	35	24	38	28
16770	4	18	28	252	39
16771	2	4	15	8	21
16772	2	12	27	16	48
16773	2	8	14	17	20
16774	4	27	6	495	13
16775	2	24	6	300	14
16776	2	19	6	24	7
16777	2	27	28	19	56
16778	2	11	6	22	10
16779	1	18	6	18	11
16780	4	22	19	403	31
16781	4	2	6	9	12
16782	2	14	27	13	54
16783	2	20	25	23	54
16784	4	38	24	378	59
16785	4	14	6	166	12
16786	2	33	24	37	41
16787	2	22	6	24	10
16788	2	32	24	36	33
16789	2	35	24	26	49
16790	4	23	16	465	41
16791	2	10	26	21	32
16792	2	3	5	6	10
16793	4	32	24	276	62
16794	2	12	15	16	20
16795	1	8	6	8	4
16796	1	24	16	22	22
16797	1	4	5	4	9
16798	2	12	15	12	21
16799	2	20	16	26	21
16800	4	11	6	104	12
16801	2	31	28	36	57
16802	4	22	6	432	11
16803	2	9	6	10	9
16804	2	23	24	27	29
16805	2	4	28	5	43
16806	2	34	296	26	301
16807	1	12	6	13	11
16808	4	27	6	554	17
16809	2	7	13	9	16
16810	2	16	24	11	44
16811	2	6	18	12	24
16812	2	12	25	13	53
16813	4	7	6	35	12
16814	2	5	13	11	20
16815	4	31	24	253	62
16816	2	10	296	7	302
16817	2	14	5	13	6
16818	1	23	27	24	33
16819	2	51	296	40	326
16820	4	34	24	778	60
16821	4	27	24	462	60
16822	2	30	24	35	49
16823	2	8	28	16	33
16824	4	24	24	401	66
16825	8	40	296	-1	-1
16826	2	16	16	20	21
16827	4	42	296	593	601
16828	4	12	19	91	27
16829	2	22	6	30	6
16830	4	15	20	207	31
16831	2	8	6	9	11
16832	2	4	6	9	7
16833	2	22	24	23	29
16834	2	9	6	17	7
16835	2	13	16	13	21
16836	2	12	24	8	26
16837	2	20	28	26	48
16838	2	27	28	32	34
16839	4	33	24	739	57
16840	2	29	24	34	29
16841	4	7	6	36	12
16842	2	10	16	13	36
16843	1	8	24	8	48
16844	2	16	6	12	10
16845	2	10	20	13	40
16846	2	21	28	28	33
16847	2	19	27	26	47
16848	2	12	6	15	6
16849	2	13	16	17	34
16850	2	4	6	9	7
16851	2	53	24	38	44
16852	2	10	28	11	33
16853	4	16	6	229	13
16854	2	4	6	8	6
16855	2	32	24	34	43
16856	2	27	6	33	10
16857	2	18	6	171	13
16858	2	11	20	22	26
16859	2	18	20	21	26
16860	2	3	28	6	34
16861	2	11	27	12	33
16862	4	2	5	10	12
16863	2	23	24	27	32
16864	2	25	21	17	26
16865	2	19	16	26	25
16866	2	18	18	22	24
16867	2	35	296	28	304
16868	4	12	5	78	11
16869	2	23	6	25	10
16870	1	6	20	6	25
16871	2	6	20	21	31
16872	4	10	6	90	12
16873	2	33	27	37	55
16874	2	16	24	18	44
16875	2	32	28	36	51
16876	4	10	5	66	11
16877	2	5	6	11	10
16878	1	6	28	6	34
16879	4	4	20	41	33
16880	2	5	28	7	33
16881	4	26	6	23751	28
16882	2	15	20	21	27
16883	2	21	6	26	6
16884	2	19	24	23	51
16885	4	17	24	153	57
16886	2	34	26	40	53
16887	4	13	24	55	59
16888	2	31	24	31	29
16889	4	18	6	171	12
16890	2	7	15	9	21
16891	2	25	24	18	32
16892	1	18	6	18	10
16893	2	27	28	30	56
16894	2	2	26	5	31
16895	2	9	18	13	24
16896	4	9	24	21	57
16897	4	8	6	55	12
16898	4	3	18	10	56
16899	2	9	16	10	22
16900	2	24	23	17	43
16901	2	16	24	11	44
16902	1	18	14	18	20
16903	2	18	16	24	26
16904	2	20	28	24	56
16905	2	36	24	25	33
16906	2	46	24	33	49
16907	2	34	24	24	43
16908	4	12	27	313	41
16909	2	21	24	14	43
16910	2	23	24	24	48
16911	2	22	24	22	43
16912	2	14	6	17	10
16913	2	10	6	14	10
16914	2	15	5	20	10
16915	2	10	24	7	29
16916	2	20	6	210	14
16917	2	29	6	36	12
16918	2	16	16	20	21
16919	1	25	6	26	7
16920	4	50	24	630	57
16921	4	10	5	201	13
16922	2	21	20	22	25
16923	2	18	296	13	305
16924	2	10	28	9	33
16925	4	15	23	66	55
16926	2	28	296	22	317
16927	1	7	24	8	30
16928	2	47	24	34	29
16929	1	20	20	20	26
16930	2	55	24	39	46
16931	4	23	24	136	72
16932	2	22	25	16	53
16933	8	28	24	35960	118
16934	2	22	6	25	10
16935	2	20	20	17	25
16936	4	12	26	131	39
16937	2	19	24	21	47
16938	2	28	24	20	49
16939	2	8	20	10	25
16940	8	54	24	-1	-1
16941	2	8	24	8	29
16942	4	5	5	27	10
16943	2	19	20	25	26
16944	2	25	24	18	33
16945	2	35	296	27	325
16946	2	26	22	35	28
16947	2	14	28	17	33
16948	2	30	6	40	11
16949	2	28	16	32	22
16950	2	15	5	13	6
16951	8	36	23	20475	111
16952	2	41	24	29	49
16953	2	18	5	18	9
16954	2	33	24	35	48
16955	2	25	15	29	22
16956	2	3	15	4	18
16957	4	8	24	15	61
16958	2	20	24	15	29
16959	2	27	24	28	49
16960	2	19	20	24	26
16961	2	21	6	22	10
16962	4	5	6	27	12
16963	2	24	20	27	26
16964	1	28	13	29	18
16965	2	53	24	37	45
16966	2	31	23	22	48
16967	2	6	18	10	23
16968	2	12	6	25	7
16969	2	27	6	32	9
16970	4	15	16	120	26
16971	2	43	24	31	44
16972	2	21	16	21	22
16973	2	6	16	8	21
16974	2	13	20	17	40
16975	8	18	6	16951	28
16976	2	9	20	12	36
16977	4	11	6	265	14
16978	2	2	19	4	25
16979	2	13	6	17	6
16980	2	4	27	4	43
16981	4	12	12	131	25
16982	2	54	24	39	29
16983	2	23	6	32	7
16984	2	25	6	26	6
16985	2	15	296	11	309
16986	2	53	24	37	49
16987	2	33	24	38	46
16988	4	32	24	528	72
16989	2	6	20	13	26
16990	2	5	18	6	23
16991	2	44	24	31	45
16992	2	17	16	22	35
16993	2	15	20	19	41
16994	2	16	24	17	52
16995	2	5	20	10	26
16996	1	22	6	23	12
16997	2	8	27	8	34
16998	2	14	6	105	12
16999	4	42	296	593	604
17000	2	20	24	23	46
17001	2	9	6	55	12
17002	2	15	24	19	29
17003	4	33	24	630	59
17004	2	16	14	21	20
17005	2	12	28	13	34
17006	4	9	6	181	12
17007	4	26	16	405	28
17008	2	15	24	11	48
17009	2	31	24	33	29
17010	4	22	6	403	13
17011	2	24	16	31	22
17012	4	27	24	435	54
17013	2	29	24	20	51
17014	2	13	24	8	27
17015	2	21	6	22	6
17016	2	13	19	24	25
17017	2	10	6	55	13
17018	2	13	5	16	8
17019	2	10	15	13	20
17020	4	13	6	91	17
17021	2	33	24	35	29
17022	2	18	24	19	48
17023	2	18	16	21	21
17024	4	12	28	313	41
17025	4	26	24	494	58
17026	2	39	24	28	29
17027	2	13	6	26	7
17028	8	41	24	35960	119
17029	4	17	6	153	13
17030	4	19	6	323	12
17031	4	32	24	276	57
17032	2	29	15	34	21
17033	2	15	21	19	21
17034	2	29	24	21	38
17035	4	8	26	55	38
17036	2	6	6	13	12
17037	2	12	24	13	29
17038	2	4	26	9	32
17039	2	4	13	5	13
17040	2	35	16	45	22
17041	2	17	24	18	30
17042	1	22	20	22	27
17043	8	8	14	705	73
17044	2	32	24	23	42
17045	4	47	24	595	59
17046	1	4	5	4	9
17047	2	8	20	17	26
17048	4	14	6	166	12
17049	2	5	16	7	25
17050	2	25	13	34	20
17051	2	15	15	14	22
17052	4	33	24	698	57
17053	2	24	28	17	56
17054	2	5	6	11	5
17055	2	16	24	16	45
17056	4	24	6	405	17
17057	2	20	6	210	13
17058	2	24	28	17	55
17059	2	20	16	19	22
17060	2	10	6	9	6
17061	2	27	295	22	317
17062	4	20	6	231	13
17063	8	22	24	3876	119
17064	4	25	24	463	59
17065	4	9	5	54	11
17066	2	21	24	25	32
17067	2	28	24	31	27
17068	2	36	27	41	56
17069	2	13	24	10	25
17070	2	23	16	30	34
17071	4	11	24	78	57
17072	4	12	5	117	12
17073	2	13	20	26	26
17074	4	15	24	120	72
17075	2	37	296	28	319
17076	2	34	13	43	19
17077	1	6	24	6	33
17078	4	19	6	275	13
17079	1	30	6	30	10
17080	2	24	16	31	21
17081	2	19	24	21	29
17082	4	16	24	153	57
17083	4	32	296	324	600
17084	2	15	20	16	26
17085	2	30	24	31	35
17086	4	13	24	91	58
17087	2	35	28	40	55
17088	2	19	6	25	7
17089	2	56	24	40	31
17090	2	49	24	35	29
17091	2	10	24	7	26
17092	4	21	24	320	50
17093	2	12	6	55	12
17094	4	14	21	150	42
17095	4	30	24	558	63
17096	2	8	20	16	27
17097	8	27	6	-1	-1
17098	2	8	24	9	28
17099	4	18	6	5985	28
17100	2	46	296	38	328
17101	2	22	6	253	12
17102	2	8	6	16	7
17103	4	22	24	346	55
17104	2	36	28	25	56
17105	2	7	16	6	21
17106	2	14	14	13	19
17107	2	18	24	13	31
17108	1	24	28	24	33
17109	2	24	28	17	54
17110	2	16	16	21	21
17111	4	7	16	28	27
17112	8	28	6	-1	-1
17113	2	14	6	13	9
17114	2	18	24	12	46
17115	1	7	15	7	19
17116	4	33	6	850	13
17117	2	26	19	35	25
17118	2	20	24	19	32
17119	2	26	16	33	22
17120	8	27	24	-1	-1
17121	2	11	19	12	24
17122	2	8	6	17	7
17123	2	6	15	8	20
17124	2	17	27	17	55
17125	2	2	20	5	26
17126	2	16	16	16	22
17127	2	7	16	6	21
17128	2	17	23	20	33
17129	2	8	296	6	296
17130	2	18	28	17	33
17131	2	7	28	9	33
17132	4	17	20	273	33
17133	2	25	295	20	319
17134	2	14	6	13	10
17135	1	18	19	16	24
17136	2	46	296	38	301
17137	2	25	24	28	35
17138	2	12	6	23	11
17139	1	12	6	12	10
17140	2	31	6	35	7
17141	2	12	16	16	21
17142	1	8	24	8	29
17143	2	16	6	21	10
17144	2	27	6	28	6
17145	2	34	6	43	8
17146	4	27	6	620	14
17147	2	22	19	25	25
17148	2	12	24	14	39
17149	2	46	296	36	321
17150	2	26	6	30	10
17151	4	3	16	10	40
17152	2	11	22	11	41
17153	4	30	24	628	64
17154	2	14	28	18	35
17155	2	34	24	39	49
17156	2	8	16	9	21
17157	4	5	28	21	39
17158	1	18	19	16	25
17159	2	7	28	8	32
17160	2	3	28	7	33
17161	2	54	24	39	31
17162	2	19	6	16	11
17163	2	10	6	13	10
17164	2	12	15	24	22
17165	2	6	6	13	6
17166	4	31	24	594	60
17167	2	15	16	20	24
17168	2	4	5	8	6
17169	2	14	27	19	47
17170	2	29	15	34	21
17171	2	24	20	32	39
17172	2	34	20	45	26
17173	2	33	28	35	57
17174	2	21	6	21	8
17175	2	23	28	26	33
17176	2	25	296	20	301
17177	2	9	20	11	37
17178	2	5	23	15	51
17179	4	21	6	230	13
17180	2	16	6	20	6
17181	4	7	24	15	57
17182	2	16	16	21	24
17183	2	29	24	20	43
17184	2	23	23	16	47
17185	4	22	27	403	39
17186	2	6	28	7	47
17187	1	18	15	18	21
17188	2	49	296	37	318
17189	2	4	20	8	26
17190	1	5	28	6	34
17191	2	17	6	14	10
17192	2	8	16	11	21
17193	2	19	23	23	46
17194	2	11	24	8	39
17195	4	18	6	120	12
17196	2	14	25	15	30
17197	2	10	24	9	29
17198	2	10	6	20	11
17199	4	8	16	66	42
17200	2	20	24	19	44
17201	2	7	26	8	31
17202	2	28	23	20	42
17203	4	28	6	587	14
17204	4	42	28	496	84
17205	2	14	26	17	49
17206	2	34	296	27	306
17207	2	28	296	22	329
17208	2	9	6	19	7
17209	8	22	24	22126	113
17210	4	14	6	2380	26
17211	8	8	6	2945	28
17212	4	38	24	378	54
17213	1	14	6	14	7
17214	2	22	24	26	45
17215	2	28	6	32	8
17216	4	31	24	560	55
17217	4	16	21	205	42
17218	2	7	6	14	12
17219	2	15	28	20	33
17220	2	6	6	21	12
17221	2	30	24	21	29
17222	2	15	24	18	51
17223	2	5	20	11	26
17224	2	29	28	33	56
17225	4	20	16	351	57
17226	4	32	24	528	55
17227	2	36	24	25	30
17228	4	25	24	430	58
17229	2	24	6	253	14
17230	4	5	5	61	16
17231	2	16	6	13	10
17232	2	13	20	26	27
17233	2	20	16	26	20
17234	4	11	6	243	14
17235	2	2	26	4	32
17236	2	29	24	33	34
17237	2	17	6	20	10
17238	2	5	20	10	25
17239	4	9	20	77	32
17240	2	18	28	190	39
17241	2	33	6	43	7
17242	2	12	24	11	46
17243	2	2	19	4	25
17244	2	30	16	33	22
17245	8	16	6	-1	-1
17246	2	22	20	30	26
17247	4	56	24	820	59
17248	4	12	22	36	55
17249	2	23	28	31	34
17250	2	17	20	17	25
17251	8	28	24	-1	-1
17252	2	8	6	12	10
17253	4	31	24	253	56
17254	1	6	6	7	7
17255	2	40	296	32	317
17256	2	29	6	38	6
17257	2	29	24	29	30
17258	2	25	24	29	45
17259	2	32	6	39	11
17260	4	12	6	131	12
17261	4	14	24	105	58
17262	2	17	6	34	11
17263	2	11	296	8	300
17264	4	21	6	230	12
17265	2	13	16	15	21
17266	4	10	24	55	71
17267	2	12	19	16	26
17268	2	7	16	9	20
17269	4	15	6	136	13
17270	8	44	24	-1	-1
17271	2	9	28	7	33
17272	2	48	296	39	315
17273	2	11	20	10	25
17274	2	11	6	22	7
17275	2	21	28	20	57
17276	2	6	5	7	9
17277	4	12	16	131	28
17278	2	19	24	21	45
17279	4	15	6	228	13
17280	4	17	26	251	37
17281	2	12	296	9	301
17282	4	22	296	152	599
17283	2	16	14	20	20
17284	2	12	18	12	24
17285	2	27	24	32	27
17286	2	12	6	15	10
17287	2	20	24	20	42
17288	4	7	16	45	39
17289	2	14	18	105	30
17290	4	19	24	271	76
17291	4	12	24	91	58
17292	2	20	24	21	29
17293	4	24	24	401	54
17294	2	32	28	36	52
17295	2	33	24	37	46
17296	2	9	23	6	32
17297	2	21	6	22	6
17298	2	5	16	11	23
17299	2	15	24	16	47
17300	2	23	24	26	33
17301	2	8	24	7	44
17302	4	6	14	36	41
17303	2	10	17	14	37
17304	2	13	6	13	6
17305	2	18	24	18	29
17306	2	32	24	32	47
17307	4	11	20	77	34
17308	1	9	6	9	6
17309	1	22	16	22	22
17310	2	18	20	20	26
17311	4	14	24	91	59
17312	4	3	5	15	11
17313	2	54	24	38	34
17314	4	40	24	435	57
17315	2	12	6	13	6
17316	2	49	24	35	33
17317	2	27	20	31	26
17318	2	31	16	35	22
17319	2	23	26	17	55
17320	2	17	24	20	43
17321	4	17	296	78	601
17322	2	2	28	3	34
17323	2	27	296	20	303
17324	2	31	24	35	46
17325	2	31	24	34	45
17326	2	2	19	5	22
17327	8	18	295	2380	1192
17328	2	27	24	31	27
17329	1	41	20	41	26
17330	4	10	6	201	14
17331	2	24	16	32	21
17332	2	44	24	30	30
17333	2	22	26	23	55
17334	4	12	6	313	18
17335	2	19	16	22	22
17336	2	11	6	23	11
17337	2	24	19	36	25
17338	4	10	6	55	16
17339	2	5	6	10	10
17340	4	23	24	136	57
17341	2	38	296	30	329
17342	2	15	24	16	45
17343	2	29	24	31	30
17344	2	18	6	24	6
17345	2	12	27	8	56
17346	2	12	15	16	20
17347	2	37	24	26	42
17348	4	37	24	378	76
17349	2	51	24	36	29
17350	2	32	6	38	12
17351	2	6	15	12	21
17352	4	7	295	21	599
17353	2	25	24	29	43
17354	2	39	296	31	327
17355	2	25	6	30	11
17356	2	2	5	4	6
17357	4	26	27	378	40
17358	2	3	28	7	33
17359	2	7	12	13	19
17360	2	13	6	10	6
17361	2	8	25	11	31
17362	2	21	24	25	34
17363	4	19	23	91	57
17364	2	9	5	11	5
17365	2	9	5	10	10
17366	1	22	8	22	14
17367	1	15	16	16	21
17368	2	26	6	35	7
17369	2	24	24	29	31
17370	4	34	24	736	74
17371	2	31	14	38	20
17372	2	16	24	16	29
17373	2	15	24	16	29
17374	2	32	6	38	11
17375	2	49	24	34	29
17376	4	9	28	54	40
17377	2	31	27	33	56
17378	1	6	19	6	22
17379	2	8	21	9	21
17380	2	17	19	23	25
17381	2	21	24	15	42
17382	4	25	6	434	14
17383	2	8	28	8	33
17384	4	20	6	375	13
17385	1	14	14	12	20
17386	4	10	24	66	48
17387	2	7	5	11	5
17388	2	26	26	34	32
17389	2	16	6	13	10
17390	4	11	6	265	14
17391	2	11	28	14	34
17392	2	45	28	33	57
17393	1	20	6	20	7
17394	2	10	5	10	5
17395	4	4	27	15	57
17396	2	9	28	18	34
17397	2	12	6	78	14
17398	1	12	6	12	6
17399	2	12	24	8	44
17400	4	36	24	325	58
17401	2	8	6	17	8
17402	4	8	16	55	43
17403	4	29	24	231	77
17404	2	6	5	21	13
17405	2	18	20	24	26
17406	4	21	16	378	44
17407	4	28	24	465	54
17408	2	14	20	17	26
17409	2	20	18	40	24
17410	2	15	24	16	47
17411	2	17	24	16	31
17412	2	23	28	27	57
17413	4	25	28	561	70
17414	2	32	23	37	32
17415	4	24	27	401	84
17416	4	15	19	188	31
17417	2	16	26	32	32
17418	2	14	16	13	22
17419	1	14	6	15	6
17420	2	25	24	28	33
17421	2	23	23	27	31
17422	2	29	6	465	14
17423	4	23	16	435	58
17424	2	9	6	18	10
17425	4	27	5	521	13
17426	2	14	20	18	26
17427	2	55	28	39	56
17428	2	14	20	17	26
17429	2	9	6	18	7
17430	2	15	6	14	12
17431	2	18	20	15	26
17432	2	12	6	25	11
17433	2	28	16	34	22
17434	2	8	5	36	11
17435	4	11	6	104	12
17436	2	13	28	14	57
17437	2	13	6	10	10
17438	4	50	24	666	59
17439	4	49	24	666	59
17440	2	8	26	17	32
17441	2	29	6	35	11
17442	2	36	296	29	303
17443	4	21	6	210	12
17444	2	6	20	6	25
17445	2	7	6	14	12
17446	2	4	6	10	11
17447	2	16	6	21	11
17448	4	19	6	253	13
17449	2	15	28	16	56
17450	2	27	26	28	32
17451	2	37	296	28	306
17452	4	27	6	494	13
17453	4	23	6	349	13
17454	2	43	296	34	305
17455	4	22	24	276	59
17456	2	20	23	14	47
17457	4	7	6	113	13
17458	2	14	6	17	11
17459	2	23	16	31	21
17460	2	23	24	24	45
17461	8	43	24	-1	-1
17462	1	11	24	11	47
17463	2	22	24	16	48
17464	2	14	24	16	32
17465	4	13	6	78	13
17466	2	28	24	29	53
17467	2	23	296	19	301
17468	4	17	23	207	70
17469	1	14	28	12	34
17470	2	26	6	35	6
17471	4	46	296	701	602
17472	2	45	26	33	54
17473	2	23	15	27	20
17474	2	11	16	11	22
17475	2	12	6	78	16
17476	2	12	6	55	15
17477	2	21	19	26	24
17478	2	17	16	23	19
17479	2	20	25	24	30
17480	2	22	18	30	24
17481	4	24	24	433	70
17482	4	10	6	201	14
17483	4	14	6	151	12
17484	2	19	24	23	29
17485	2	21	16	27	37
17486	2	21	6	27	6
17487	2	15	6	15	6
17488	2	16	19	32	25
17489	4	36	24	859	56
17490	1	4	19	4	23
17491	2	4	6	5	6
17492	2	42	24	30	29
17493	2	28	20	31	26
17494	2	18	6	21	9
17495	2	29	24	21	48
17496	2	34	16	45	22
17497	2	17	20	22	26
17498	2	8	28	8	32
17499	2	18	14	19	20
17500	1	12	16	12	22
17501	2	32	296	26	301
17502	4	24	6	557	13
17503	2	11	6	22	7
17504	2	28	6	32	11
17505	2	20	6	23	11
17506	2	19	24	19	32
17507	2	19	27	23	33
17508	2	47	296	37	318
17509	4	34	24	778	58
17510	2	14	18	19	39
17511	2	2	5	5	10
17512	2	9	28	7	33
17513	2	4	6	10	12
17514	1	9	5	10	6
17515	2	9	20	12	25
17516	2	17	28	21	34
17517	2	9	16	9	21
17518	2	8	14	10	20
17519	4	13	5	91	11
17520	2	35	24	39	51
17521	2	33	27	37	57
17522	2	27	28	31	34
17523	2	24	24	29	49
17524	2	7	5	7	5
17525	2	32	6	37	7
17526	2	23	24	24	49
17527	2	23	6	29	6
17528	2	7	20	9	26
17529	2	15	6	21	6
17530	1	25	6	26	7
17531	2	32	20	40	26
17532	2	8	6	11	11
17533	2	11	24	21	30
17534	4	30	24	590	71
17535	2	16	19	21	40
17536	4	22	6	253	13
17537	2	33	6	41	10
17538	4	20	6	375	12
17539	8	52	24	-1	-1
17540	2	8	16	10	21
17541	2	32	16	35	21
17542	2	19	28	23	34
17543	2	10	20	14	26
17544	4	30	6	697	14
17545	1	6	5	4	5
17546	1	24	28	24	34
17547	4	32	24	561	77
17548	2	22	24	25	45
17549	1	14	20	14	26
17550	2	11	6	10	8
17551	1	7	27	8	31
17552	1	8	24	7	43
17553	4	5	5	27	10
17554	2	24	24	25	46
17555	2	16	23	12	42
17556	4	12	12	118	25
17557	2	18	16	19	22
17558	2	20	27	24	33
17559	2	3	5	6	8
17560	2	11	24	11	34
17561	2	31	296	24	306
17562	2	20	6	23	11
17563	2	16	16	21	21
17564	2	11	24	6	24
17565	2	21	6	26	10
17566	4	22	6	231	13
17567	2	18	27	19	54
17568	2	16	13	32	19
17569	4	7	296	21	580
17570	4	5	5	61	11
17571	2	17	26	18	55
17572	1	22	20	23	26
17573	2	24	16	27	22
17574	2	27	24	28	29
17575	2	14	16	14	21
17576	1	8	19	8	25
17577	2	32	24	36	29
17578	2	27	6	32	8
17579	2	8	15	8	19
17580	2	13	23	14	47
17581	2	7	28	7	33
17582	4	51	24	703	58
17583	2	19	24	20	29
17584	4	22	16	435	41
17585	2	17	6	19	6
17586	8	30	24	-1	-1
17587	2	29	24	31	45
17588	2	18	28	22	34
17589	2	6	28	12	33
17590	4	8	6	129	13
17591	2	12	6	24	7
17592	2	24	16	32	21
17593	4	5	16	45	30
17594	2	7	6	9	6
17595	2	10	14	14	23
17596	1	16	6	16	7
17597	2	26	16	26	22
17598	2	20	6	28	12
17599	1	18	6	18	9
17600	1	20	27	20	33
17601	2	30	28	22	57
17602	2	25	16	33	24
17603	2	10	6	13	9
17604	4	13	20	55	30
17605	2	12	16	16	21
17606	1	18	13	18	20
17607	2	44	24	31	48
17608	2	22	28	29	34
17609	2	16	24	16	29
17610	4	5	20	61	34
17611	2	13	6	15	6
17612	4	9	5	21	11
17613	4	32	23	276	57
17614	2	20	28	21	33
17615	2	22	16	30	22
17616	2	20	6	19	7
17617	2	12	12	16	17
17618	2	14	24	13	34
17619	2	11	28	11	33
17620	2	17	22	17	47
17621	4	32	6	701	13
17622	2	3	5	6	6
17623	4	4	16	33	29
17624	4	27	24	433	58
17625	2	6	6	21	6
17626	2	22	24	26	28
17627	4	12	16	66	27
17628	2	22	6	22	6
17629	4	15	6	120	12
17630	2	16	24	17	49
17631	4	17	24	136	59
17632	2	22	16	30	35
17633	2	10	23	11	43
17634	2	23	16	31	36
17635	2	6	14	12	20
17636	2	8	13	11	19
17637	2	13	28	15	34
17638	4	5	6	21	17
17639	2	14	6	19	6
17640	2	31	26	22	55
17641	2	30	28	22	57
17642	1	10	6	8	6
17643	2	30	24	34	34
17644	4	14	6	406	18
17645	4	15	6	120	12
17646	2	24	28	32	48
17647	8	14	24	3060	116
17648	2	18	18	24	24
17649	2	30	6	36	7
17650	2	13	28	26	33
17651	4	8	28	55	69
17652	4	32	24	276	59
17653	1	4	5	4	9
17654	4	10	16	91	42
17655	4	12	6	104	17
17656	4	3	6	21	12
17657	2	18	28	20	34
17658	2	12	27	11	32
17659	2	4	5	5	10
17660	2	55	28	40	56
17661	4	19	19	190	32
17662	4	26	27	460	80
17663	4	15	6	228	18
17664	4	31	6	808	14
17665	4	23	27	465	69
17666	2	28	24	29	42
17667	2	57	24	41	33
17668	2	57	24	41	33
17669	2	31	24	36	30
17670	4	33	23	739	72
17671	2	22	24	22	45
17672	4	30	6	590	14
17673	2	30	22	34	37
17674	2	27	15	31	21
17675	2	29	24	21	31
17676	4	19	20	271	32
17677	2	23	23	17	42
17678	2	28	296	22	321
17679	2	21	28	21	58
17680	4	12	19	289	32
17681	2	10	19	21	25
17682	2	8	25	8	30
17683	2	28	24	20	45
17684	4	24	6	557	13
17685	1	10	27	10	31
17686	4	11	6	115	12
17687	1	12	19	12	25
17688	2	17	28	20	56
17689	4	27	296	230	602
17690	2	27	295	22	314
17691	4	12	28	136	68
17692	4	20	5	231	11
17693	2	7	22	5	46
17694	4	4	16	15	27
17695	2	28	23	20	28
17696	2	26	28	26	57
17697	1	4	26	4	31
17698	2	41	23	29	29
17699	2	9	14	7	16
17700	4	10	26	28	82
17701	2	14	25	13	54
17702	4	33	23	300	56
17703	2	33	24	38	40
17704	2	3	5	6	6
17705	2	23	296	19	312
17706	8	30	24	-1	-1
17707	2	52	24	37	44
17708	4	22	24	346	61
17709	2	27	24	27	29
17710	2	14	6	120	12
17711	2	19	19	23	25
17712	2	14	6	14	10
17713	2	35	296	28	302
17714	2	49	28	36	56
17715	1	36	6	36	9
17716	4	12	19	91	30
17717	2	20	16	23	22
17718	2	40	24	28	29
17719	1	8	23	8	47
17720	4	26	24	190	72
17721	2	8	296	6	328
17722	2	40	24	29	28
17723	1	22	6	22	9
17724	2	14	296	10	329
17725	8	34	6	-1	-1
17726	2	48	296	35	321
17727	2	28	24	32	52
17728	2	20	24	19	29
17729	4	30	27	465	84
17730	2	20	24	14	34
17731	2	7	26	15	33
17732	2	20	6	210	13
17733	2	14	24	13	32
17734	2	17	24	18	50
17735	2	27	24	19	32
17736	4	10	19	21	47
17737	2	33	24	36	49
17738	4	14	296	55	619
17739	2	35	23	38	30
17740	2	28	5	35	10
17741	2	22	27	26	55
17742	4	5	20	51	33
17743	4	48	24	595	58
17744	2	3	20	5	25
17745	2	8	28	6	55
17746	8	10	6	1925	25
17747	2	21	28	25	34
17748	2	49	296	38	327
17749	2	25	24	26	29
17750	2	4	20	6	39
17751	4	9	6	163	15
17752	4	11	19	265	34
17753	2	18	6	17	6
17754	2	27	15	35	21
17755	2	12	24	9	34
17756	4	14	24	55	52
17757	2	21	24	21	33
17758	2	27	28	27	57
17759	2	8	6	8	8
17760	2	22	6	253	13
17761	2	3	6	7	6
17762	2	24	24	27	43
17763	2	29	28	37	34
17764	2	2	28	5	32
17765	4	10	6	182	15
17766	2	31	12	41	19
17767	2	24	23	29	32
17768	2	19	20	23	26
17769	2	43	296	35	303
17770	4	24	16	496	43
17771	2	5	6	6	11
17772	2	16	5	17	8
17773	2	34	27	44	32
17774	4	25	6	461	13
17775	2	8	4	5	5
17776	2	26	296	20	300
17777	1	24	6	22	6
17778	2	12	20	24	26
17779	2	21	6	21	11
17780	1	8	24	8	46
17781	2	24	27	28	53
17782	4	51	296	818	601
17783	2	5	14	7	22
17784	4	47	24	595	58
17785	2	18	6	22	12
17786	2	9	5	11	9
17787	2	17	24	20	29
17788	4	44	24	496	58
17789	4	25	6	591	12
17790	2	21	6	253	14
17791	4	19	6	348	13
17792	2	43	24	31	44
17793	4	7	24	21	58
17794	2	27	24	29	42
17795	2	25	16	33	36
17796	4	32	16	890	29
17797	4	7	6	113	13
17798	4	32	27	850	39
17799	2	7	6	9	6
17800	4	34	24	666	58
17801	2	38	24	27	52
17802	1	22	20	23	25
17803	1	28	9	29	15
17804	2	19	6	16	6
17805	2	5	28	6	45
17806	4	18	24	190	58
17807	2	28	6	32	7
17808	4	11	28	243	42
17809	2	10	24	8	43
17810	2	23	6	25	11
17811	2	14	13	19	19
17812	2	14	28	17	34
17813	1	22	20	23	26
17814	1	6	20	6	25
17815	2	11	6	20	12
17816	2	13	24	14	46
17817	2	7	28	14	35
17818	4	21	24	253	63
17819	2	15	27	15	54
17820	2	11	6	14	6
17821	2	26	6	30	6
17822	2	13	15	10	20
17823	2	34	24	40	41
17824	2	24	24	23	30
17825	4	27	296	252	594
17826	2	22	6	253	13
17827	4	31	6	733	13
17828	2	19	6	25	6
17829	2	23	24	24	44
17830	4	26	24	435	59
17831	2	10	18	10	24
17832	2	48	24	35	31
17833	4	51	24	703	55
17834	2	12	24	9	48
17835	2	15	26	136	38
17836	8	23	6	26898	28
17837	2	17	15	22	21
17838	4	12	13	91	25
17839	8	5	5	625	25
17840	4	26	18	460	30
17841	4	19	24	230	57
17842	2	10	6	20	11
17843	4	14	6	105	13
17844	1	24	15	24	21
17845	2	17	24	17	42
17846	4	27	24	491	55
17847	2	7	15	15	22
17848	2	34	24	39	29
17849	2	14	5	17	6
17850	2	16	20	16	26
17851	2	20	14	24	20
17852	2	37	24	26	43
17853	4	33	6	893	16
17854	2	22	22	26	27
17855	2	18	18	24	38
17856	2	10	20	14	25
17857	2	20	16	27	21
17858	4	3	6	15	11
17859	2	13	28	16	33
17860	1	20	15	18	20
17861	4	7	5	44	12
17862	2	21	14	21	21
17863	2	24	24	24	29
17864	4	49	24	666	78
17865	4	15	296	66	601
17866	2	33	27	35	56
17867	2	19	295	14	327
17868	2	13	15	9	34
17869	2	21	28	22	53
17870	2	35	296	28	317
17871	1	22	6	22	10
17872	4	25	24	463	60
17873	2	20	6	19	6
17874	2	17	22	23	27
17875	2	12	24	9	41
17876	2	32	20	38	26
17877	1	18	19	18	24
17878	4	31	6	848	13
17879	1	4	16	4	22
17880	2	17	28	171	40
17881	2	16	16	21	36
17882	2	36	24	25	43
17883	2	19	16	25	21
17884	2	16	6	13	6
17885	2	30	23	21	43
17886	2	30	24	34	48
17887	1	18	13	18	19
17888	4	37	296	434	603
17889	2	22	26	22	32
17890	2	5	20	11	26
17891	4	45	24	496	73
17892	2	17	24	13	33
17893	4	19	24	190	55
17894	1	8	15	8	21
17895	1	7	28	7	56
17896	2	44	296	35	327
17897	2	18	5	14	9
17898	2	8	23	7	44
17899	2	26	24	27	29
17900	2	23	24	27	25
17901	2	22	20	26	26
17902	2	12	15	9	21
17903	2	9	18	18	23
17904	2	51	24	36	29
17905	4	7	27	28	38
17906	2	26	20	32	26
17907	2	6	20	8	40
17908	2	10	28	13	34
17909	1	12	20	13	26
17910	4	20	16	351	41
17911	4	26	23	460	46
17912	2	19	6	23	11
17913	2	9	18	18	25
17914	4	33	28	853	41
17915	2	26	6	33	11
17916	2	36	24	25	45
17917	2	3	5	5	5
17918	2	7	15	9	21
17919	4	3	5	15	11
17920	4	6	6	73	14
17921	4	23	16	253	29
17922	2	22	296	17	301
17923	2	26	24	27	29
17924	2	27	24	31	28
17925	2	7	14	14	21
17926	2	26	25	26	49
17927	2	18	6	17	6
17928	2	34	17	42	22
17929	2	10	19	9	25
17930	4	17	16	276	40
17931	2	31	28	38	34
17932	4	17	24	66	58
17933	4	3	16	21	28
17934	4	12	6	119	12
17935	2	20	16	26	23
17936	4	18	27	171	39
17937	2	33	12	43	19
17938	2	15	18	19	39
17939	2	9	28	8	34
17940	2	13	20	10	25
17941	2	16	16	19	22
17942	2	34	24	38	43
17943	2	26	24	30	33
17944	2	3	6	6	6
17945	2	14	16	17	22
17946	2	27	24	31	33
17947	4	15	6	136	12
17948	2	33	24	38	49
17949	2	7	24	10	44
17950	1	8	28	8	33
17951	4	8	20	55	32
17952	1	9	24	9	29
17953	2	31	27	40	33
17954	2	12	27	13	32
17955	2	16	6	19	7
17956	2	26	296	20	304
17957	2	22	24	20	48
17958	2	16	16	13	22
17959	2	20	6	21	11
17960	2	32	24	36	30
17961	2	9	6	12	6
17962	2	40	24	30	45
17963	2	18	28	24	34
17964	2	13	22	10	43
17965	2	43	296	34	327
17966	2	28	25	33	50
17967	4	18	16	300	42
17968	2	25	6	30	11
17969	2	17	15	23	21
17970	4	13	20	120	32
17971	2	23	6	27	11
17972	2	12	15	25	21
17973	2	28	13	32	20
17974	1	8	19	8	24
17975	4	26	6	557	13
17976	2	4	28	8	33
17977	2	12	28	78	40
17978	2	7	16	6	22
17979	2	8	28	12	34
17980	2	30	24	22	34
17981	2	21	6	26	6
17982	4	26	24	378	58
17983	2	31	6	35	11
17984	2	49	24	36	28
17985	2	28	12	33	19
17986	2	12	20	11	26
17987	1	17	6	18	6
17988	2	14	6	105	12
17989	2	37	24	42	31
17990	4	7	19	55	58
17991	2	17	5	18	10
17992	4	13	16	153	42
17993	4	12	6	313	14
17994	2	43	296	35	311
17995	2	33	16	43	22
17996	2	33	15	43	20
17997	4	14	6	188	16
17998	2	28	19	30	24
17999	2	7	28	15	35
18000	4	9	6	45	12
18001	1	16	15	16	21
18002	2	6	5	7	10
18003	2	8	28	5	56
18004	2	10	6	21	6
18005	2	33	24	37	45
18006	2	25	24	30	52
18007	2	8	5	9	11
18008	2	10	13	13	18
18009	2	21	20	28	26
18010	2	17	24	13	41
18011	4	13	6	339	14
18012	2	23	24	24	41
18013	2	31	24	33	32
18014	2	14	18	17	23
18015	2	14	10	18	17
18016	2	11	15	23	21
18017	2	27	6	30	12
18018	2	24	5	27	10
18019	4	8	20	65	31
18020	4	16	16	253	43
18021	2	21	22	15	26
18022	2	18	19	20	25
18023	2	6	5	9	5
18024	8	12	6	14305	30
18025	1	24	6	24	11
18026	4	34	16	1023	28
18027	2	14	24	13	30
18028	4	33	6	851	14
18029	1	10	24	10	31
18030	2	22	296	18	316
18031	4	10	23	28	55
18032	2	3	6	6	7
18033	4	7	6	113	13
18034	2	8	23	6	43
18035	2	18	24	19	47
18036	2	45	24	33	28
18037	4	18	28	248	41
18038	2	45	28	31	57
18039	2	53	24	37	43
18040	2	32	24	36	48
18041	4	28	24	491	58
18042	2	30	24	32	42
18043	2	10	24	7	29
18044	2	25	24	26	35
18045	4	30	24	496	59
18046	2	22	6	22	8
18047	8	54	24	-1	-1
18048	2	13	5	13	10
18049	2	4	14	5	19
18050	4	4	28	10	40
18051	2	31	24	35	44
18052	4	35	24	325	56
18053	2	23	14	25	20
18054	4	4	6	28	14
18055	2	5	5	15	15
18056	2	22	17	30	24
18057	2	10	15	7	21
18058	4	21	20	253	33
18059	2	50	296	40	304
18060	2	27	28	28	55
18061	1	10	6	8	8
18062	4	8	5	54	15
18063	4	22	24	276	59
18064	4	17	6	595	14
18065	4	37	296	405	602
18066	2	12	28	12	33
18067	2	14	6	18	6
18068	2	12	6	25	7
18069	2	21	28	25	57
18070	2	33	19	41	25
18071	4	32	24	627	54
18072	2	35	14	44	21
18073	2	25	28	17	56
18074	2	29	20	38	26
18075	2	11	16	78	28
18076	2	31	24	22	33
18077	2	26	28	30	52
18078	2	11	24	7	35
18079	4	14	20	170	32
18080	2	26	16	31	22
18081	2	35	23	41	46
18082	2	27	23	28	38
18083	2	13	22	14	26
18084	2	14	26	18	32
18085	2	19	6	19	11
18086	4	30	24	594	59
18087	2	15	23	11	47
18088	2	4	26	5	32
18089	4	9	5	65	11
18090	2	25	6	34	12
18091	2	12	28	14	33
18092	2	23	17	31	23
18093	2	30	6	38	7
18094	2	11	15	66	26
18095	2	19	24	20	27
18096	2	23	24	24	29
18097	2	35	6	44	6
18098	2	20	28	17	34
18099	2	13	296	10	312
18100	1	8	24	8	27
18101	2	3	19	6	24
18102	2	12	6	16	11
18103	2	26	26	31	55
18104	2	25	296	20	314
18105	8	10	6	2171	25
18106	2	3	16	4	37
18107	2	24	16	32	25
18108	2	11	6	11	6
18109	2	3	6	6	8
18110	2	21	6	27	10
18111	2	18	6	15	11
18112	1	6	28	6	52
18113	2	55	24	39	29
18114	4	29	6	-1	-1
18115	1	11	25	11	52
18116	2	9	4	11	4
18117	4	12	16	136	44
18118	4	7	16	45	38
18119	4	37	24	351	57
18120	2	15	5	16	5
18121	2	17	16	23	24
18122	2	33	24	37	34
18123	2	19	19	23	25
18124	2	27	24	31	49
18125	4	15	27	120	84
18126	2	21	28	14	54
18127	2	35	296	28	300
18128	2	21	24	21	33
18129	2	20	27	28	33
18130	2	47	24	33	43
18131	2	24	16	32	21
18132	2	30	6	40	6
18133	2	23	296	18	301
18134	4	45	24	496	59
18135	2	10	296	7	305
18136	2	4	5	9	6
18137	2	40	24	28	32
18138	4	10	5	55	11
18139	2	46	296	38	329
18140	2	19	23	23	42
18141	4	35	24	351	53
18142	4	14	6	166	14
18143	2	15	13	15	19
18144	1	4	28	4	33
18145	4	42	296	559	603
18146	2	26	24	26	30
18147	4	35	24	775	58
18148	4	20	6	276	12
18149	2	9	28	19	34
18150	2	14	27	14	32
18151	4	7	5	36	15
18152	2	34	22	24	42
18153	8	14	6	3060	24
18154	2	7	6	14	10
18155	4	31	17	808	30
18156	2	26	23	18	43
18157	1	24	26	24	33
18158	2	27	16	31	22
18159	2	20	28	24	33
18160	1	8	5	8	10
18161	4	14	6	188	13
18162	2	23	24	23	42
18163	2	9	6	13	11
18164	1	24	6	25	11
18165	2	35	24	25	32
18166	2	13	26	9	54
18167	2	29	15	35	20
18168	4	33	23	276	54
18169	4	6	5	43	11
18170	2	6	16	8	33
18171	2	13	20	26	27
18172	2	20	20	17	26
18173	2	12	6	10	6
18174	2	32	24	37	41
18175	1	12	28	12	33
18176	8	21	6	10626	26
18177	2	25	24	29	33
18178	4	18	6	252	18
18179	2	33	28	42	34
18180	1	6	24	6	33
18181	4	46	24	561	59
18182	2	16	24	17	31
18183	2	15	28	19	47
18184	1	16	6	16	7
18185	4	16	296	78	613
18186	2	55	24	39	45
18187	2	25	6	29	6
18188	2	25	24	28	49
18189	2	13	6	105	13
18190	2	24	6	31	10
18191	2	32	28	37	33
18192	2	44	296	34	327
18193	2	10	28	11	55
18194	2	40	296	32	305
18195	2	22	28	25	55
18196	2	21	24	22	27
18197	4	7	20	99	33
18198	2	33	296	26	314
18199	4	23	24	349	56
18200	2	19	27	25	32
18201	2	3	5	5	11
18202	2	14	6	18	6
18203	2	33	24	23	40
18204	4	30	5	697	13
18205	2	35	24	38	34
18206	4	16	24	66	56
18207	4	25	23	430	56
18208	2	5	5	11	10
18209	2	27	24	31	30
18210	1	9	6	10	9
18211	2	26	24	27	31
18212	2	28	24	33	32
18213	2	15	24	16	33
18214	1	22	14	22	20
18215	2	20	24	19	45
18216	4	25	28	171	84
18217	2	18	23	13	28
18218	2	53	24	38	30
18219	4	20	6	153	12
18220	4	26	28	464	40
18221	2	20	16	26	24
18222	4	16	24	120	58
18223	2	5	20	10	27
18224	2	6	6	13	6
18225	2	15	28	15	33
18226	2	20	18	18	24
18227	4	9	24	45	61
18228	2	6	16	7	20
18229	2	27	24	31	48
18230	1	18	16	18	22
18231	2	15	28	15	57
18232	4	24	28	153	87
18233	1	19	6	20	6
18234	2	31	296	23	303
18235	2	30	15	38	21
18236	2	46	24	32	32
18237	2	6	25	13	31
18238	2	16	16	21	36
18239	2	14	15	18	21
18240	8	18	24	9975	115
18241	2	28	23	31	23
18242	4	55	24	780	78
18243	4	17	24	171	72
18244	2	10	28	7	55
18245	2	50	28	35	56
18246	4	6	6	85	14
18247	4	12	4	91	9
18248	4	8	17	66	60
18249	1	20	15	20	21
18250	2	10	24	6	32
18251	2	29	24	20	31
18252	4	6	16	36	40
18253	2	16	24	17	45
18254	4	20	24	210	59
18255	2	30	24	34	35
18256	2	22	24	20	28
18257	4	18	24	190	70
18258	2	22	16	29	36
18259	2	25	23	29	41
18260	1	4	28	4	34
18261	2	32	28	33	56
18262	2	32	6	40	7
18263	2	26	14	35	20
18264	2	10	24	7	31
18265	2	20	28	20	34
18266	4	50	296	778	602
18267	2	14	16	18	25
18268	2	22	24	16	30
18269	2	8	6	15	11
18270	4	52	24	703	57
18271	2	12	6	25	12
18272	2	25	24	18	31
18273	2	9	6	18	7
18274	2	6	18	7	23
18275	2	13	16	16	26
18276	2	18	27	22	32
18277	2	12	6	14	9
18278	2	33	20	43	26
18279	4	14	6	151	13
18280	2	29	6	35	7
18281	4	4	6	33	12
18282	2	9	6	7	11
18283	2	33	16	38	21
18284	2	20	6	19	7
18285	2	23	24	16	32
18286	2	47	24	34	53
18287	4	13	6	152	13
18288	2	8	24	7	42
18289	4	56	23	820	56
18290	2	11	6	13	11
18291	2	29	24	33	34
18292	2	25	24	25	45
18293	2	7	13	15	20
18294	4	32	24	276	76
18295	2	13	6	15	6
18296	2	28	6	30	6
18297	2	52	24	37	45
18298	2	28	24	27	46
18299	2	14	16	11	21
18300	2	31	24	35	34
18301	4	48	296	777	602
18302	2	7	6	13	6
18303	8	15	6	3060	25
18304	2	20	28	23	58
18305	4	16	23	78	50
18306	2	41	28	29	57
18307	2	34	24	38	48
18308	1	27	14	28	20
18309	4	22	16	435	42
18310	2	22	24	26	34
18311	4	44	296	593	601
18312	2	10	24	55	60
18313	2	10	16	14	22
18314	2	23	24	23	29
18315	4	21	6	231	14
18316	2	9	6	18	6
18317	2	18	16	20	22
18318	1	12	16	12	23
18319	2	17	24	18	42
18320	4	34	6	1023	13
18321	1	6	24	6	47
18322	4	20	296	136	600
18323	2	12	6	13	11
18324	2	22	18	26	23
18325	2	10	16	36	30
18326	1	24	27	24	34
18327	2	14	24	15	30
18328	2	27	24	28	44
18329	2	35	24	37	48
18330	2	18	13	20	19
18331	2	4	16	9	22
18332	4	5	5	51	12
18333	2	22	6	30	10
18334	4	30	24	253	73
18335	4	27	24	430	58
18336	1	22	19	22	25
18337	2	24	6	33	6
18338	2	8	16	6	22
18339	2	5	20	6	25
18340	4	54	24	780	58
18341	2	10	17	21	23
18342	2	55	24	38	52
18343	2	7	19	9	25
18344	2	25	24	27	34
18345	1	7	20	8	25
18346	2	44	28	31	57
18347	4	13	16	153	42
18348	4	15	24	168	52
18349	2	9	16	12	19
18350	2	22	6	30	7
18351	2	9	16	8	21
18352	4	9	6	28	13
18353	2	8	24	6	27
18354	4	15	16	190	46
18355	4	35	24	351	72
18356	2	18	24	13	29
18357	2	5	19	10	25
18358	1	7	24	7	44
18359	2	12	6	16	11
18360	2	23	24	24	29
18361	4	16	5	171	11
18362	2	32	24	36	46
18363	2	52	24	37	30
18364	2	22	6	26	6
18365	4	7	6	45	12
18366	2	22	26	30	32
18367	4	29	28	623	40
18368	2	12	6	12	11
18369	2	12	28	13	33
18370	2	29	6	33	10
18371	4	29	15	496	27
18372	2	16	28	18	33
18373	2	24	16	23	22
18374	4	46	296	664	604
18375	4	28	24	527	78
18376	2	20	22	15	32
18377	2	13	6	15	6
18378	4	9	28	65	41
18379	4	31	24	253	59
18380	2	22	26	26	31
18381	2	24	296	19	327
18382	2	31	24	35	33
18383	4	24	27	524	39
18384	1	24	28	24	34
18385	4	2	6	10	11
18386	2	12	23	9	42
18387	2	32	24	32	51
18388	4	34	27	934	40
18389	2	17	28	12	55
18390	4	7	24	126	112
18391	4	32	24	661	60
18392	2	30	28	35	57
18393	2	10	20	13	26
18394	4	5	5	51	11
18395	2	28	24	29	33
18396	2	20	28	27	33
18397	8	12	6	3740	27
18398	2	10	15	7	20
18399	2	9	16	10	21
18400	2	34	16	43	22
18401	1	11	5	12	11
18402	4	19	6	297	12
18403	2	12	6	16	7
18404	4	8	6	114	14
18405	2	7	14	6	18
18406	2	8	20	16	26
18407	1	24	6	25	11
18408	4	6	6	28	12
18409	2	9	15	9	20
18410	4	5	16	28	40
18411	2	18	6	24	6
18412	4	6	6	85	11
18413	1	12	27	10	34
18414	4	6	14	28	23
18415	4	14	24	120	57
18416	2	31	6	38	11
18417	4	3	16	19	30
18418	2	22	18	25	23
18419	2	29	15	33	21
18420	2	30	295	23	315
18421	4	18	6	153	12
18422	2	23	24	26	44
18423	2	16	6	13	6
18424	4	27	6	435	16
18425	4	21	19	378	61
18426	1	17	19	18	24
18427	2	37	294	29	318
18428	2	3	20	6	27
18429	4	5	16	21	54
18430	2	12	6	16	12
18431	4	5	6	61	13
18432	1	16	20	16	25
18433	2	29	19	36	24
18434	4	30	24	558	58
18435	2	19	24	13	39
18436	2	12	23	9	28
18437	1	26	6	26	6
18438	2	12	19	16	38
18439	1	11	24	11	34
18440	2	33	23	23	48
18441	2	14	6	19	10
18442	1	22	28	22	34
18443	2	23	24	27	53
18444	4	26	6	434	14
18445	4	4	5	28	9
18446	2	6	20	13	27
18447	4	12	5	131	11
18448	2	33	20	42	26
18449	2	25	15	30	21
18450	2	7	24	28	78
18451	2	9	6	11	10
18452	2	13	14	14	19
18453	4	25	16	561	42
18454	2	19	23	20	47
18455	2	12	6	24	12
18456	2	13	16	17	21
18457	2	18	28	22	34
18458	4	19	6	348	14
18459	4	23	6	373	14
18460	2	30	23	22	27
18461	1	8	28	8	57
18462	2	22	24	16	34
18463	4	24	14	325	27
18464	2	7	28	8	33
18465	4	13	19	105	30
18466	2	18	6	24	6
18467	1	8	24	8	43
18468	2	18	23	21	31
18469	2	7	25	8	30
18470	2	25	23	29	32
18471	2	7	28	7	33
18472	2	12	28	16	34
18473	4	6	5	21	16
18474	8	11	24	1365	94
18475	2	13	15	13	21
18476	4	32	24	595	60
18477	2	47	296	37	330
18478	2	30	24	30	30
18479	8	15	16	8665	87
18480	2	5	28	7	49
18481	4	18	18	298	29
18482	4	12	24	91	59
18483	2	26	24	27	45
18484	2	33	24	38	45
18485	2	48	296	39	320
18486	2	15	26	11	54
18487	2	10	16	14	35
18488	2	6	6	13	11
18489	4	18	22	171	70
18490	2	30	28	34	56
18491	2	6	27	5	32
18492	2	23	6	26	11
18493	2	41	24	29	42
18494	4	24	24	325	53
18495	4	24	6	492	14
18496	2	46	296	36	328
18497	2	32	13	42	20
18498	2	7	6	8	11
18499	2	8	20	10	40
18500	2	32	6	43	10
18501	2	34	28	43	34
18502	4	9	22	21	53
18503	4	26	6	626	14
18504	2	32	25	34	55
18505	2	14	24	13	44
18506	2	12	16	15	35
18507	2	28	17	32	22
18508	2	10	12	13	18
18509	2	16	16	22	36
18510	2	22	6	26	6
18511	4	9	6	54	12
18512	2	9	19	12	25
18513	1	13	24	13	48
18514	2	32	6	42	12
18515	2	12	24	13	34
18516	2	4	27	8	31
18517	4	10	20	89	31
18518	4	14	20	166	32
18519	2	41	24	29	30
18520	2	32	28	38	34
18521	1	14	6	15	10
18522	2	22	6	253	13
18523	2	21	24	23	29
18524	2	53	24	38	32
18525	2	14	16	18	21
18526	2	22	6	253	13
18527	2	9	6	19	7
18528	2	31	20	35	26
18529	1	6	6	6	7
18530	2	12	27	16	33
18531	2	26	6	378	12
18532	2	2	23	4	28
18533	2	3	16	7	22
18534	2	6	6	13	12
18535	2	23	24	22	46
18536	2	26	6	30	11
18537	4	14	16	171	43
18538	2	50	24	36	42
18539	2	26	28	26	56
18540	2	26	16	35	23
18541	2	6	23	13	29
18542	2	22	24	22	29
18543	2	10	6	13	7
18544	2	8	28	11	47
18545	2	8	24	36	59
18546	2	34	23	24	31
18547	2	14	19	14	24
18548	4	21	24	120	53
18549	2	25	16	33	35
18550	1	4	5	4	5
18551	2	18	27	12	53
18552	1	6	6	6	6
18553	2	5	15	10	21
18554	2	7	24	5	24
18555	4	4	14	15	28
18556	2	9	6	12	10
18557	2	17	24	13	42
18558	4	6	16	36	31
18559	2	9	296	7	326
18560	4	45	24	561	62
18561	2	14	5	15	10
18562	2	24	19	32	39
18563	2	17	20	22	26
18564	4	5	14	21	36
18565	2	37	24	26	48
18566	2	31	28	34	57
18567	2	27	20	28	25
18568	2	20	16	28	22
18569	2	31	24	22	44
18570	2	23	24	26	49
18571	2	21	296	15	316
18572	2	26	24	19	31
18573	4	32	24	276	74
18574	2	35	25	38	54
18575	2	19	16	22	22
18576	2	8	26	17	33
18577	2	5	6	10	6
18578	4	7	6	28	12
18579	4	36	24	900	59
18580	2	11	5	11	8
18581	2	51	24	36	34
18582	2	9	6	12	7
18583	2	22	6	30	6
18584	4	30	20	628	33
18585	4	48	24	595	59
18586	2	39	24	28	43
18587	2	10	23	13	29
18588	2	22	296	16	300
18589	2	12	27	10	32
18590	4	16	16	231	57
18591	2	32	24	36	43
18592	1	24	24	24	30
18593	2	11	6	22	7
18594	2	4	15	8	21
18595	2	13	15	26	21
18596	2	26	20	26	26
18597	4	22	14	276	26
18598	2	25	6	29	6
18599	2	11	6	8	7
18600	2	9	6	19	11
18601	2	34	6	44	10
18602	2	15	24	14	48
18603	2	8	16	10	21
18604	4	19	295	105	601
18605	2	28	6	33	10
18606	2	28	28	27	58
18607	4	4	6	33	14
18608	2	39	296	32	326
18609	2	5	5	7	5
18610	1	12	27	12	33
18611	2	20	6	210	12
18612	2	25	6	26	6
18613	2	25	28	29	55
18614	2	9	19	45	30
18615	2	7	20	14	26
18616	4	27	24	460	68
18617	2	27	24	30	43
18618	2	4	20	9	26
18619	2	7	26	14	32
18620	2	8	5	10	8
18621	2	29	24	33	49
18622	2	13	16	13	21
18623	2	12	16	13	22
18624	1	11	17	11	22
18625	2	10	6	7	10
18626	2	13	24	91	80
18627	2	32	24	33	33
18628	2	24	24	28	46
18629	2	30	296	24	326
18630	2	19	28	21	33
18631	2	35	296	29	325
18632	2	14	16	11	22
18633	2	14	20	18	26
18634	2	20	28	28	35
18635	2	21	16	21	22
18636	2	20	6	210	14
18637	2	10	6	14	6
18638	1	8	28	8	33
18639	2	54	24	38	29
18640	4	21	20	375	32
18641	2	19	16	26	37
18642	2	23	28	25	34
18643	2	10	26	11	31
18644	1	7	24	7	44
18645	2	21	22	25	28
18646	4	40	24	406	58
18647	4	26	24	432	58
18648	2	10	20	14	26
18649	4	8	5	15	11
18650	4	35	24	325	57
18651	2	11	6	23	11
18652	2	14	28	18	33
18653	2	3	28	6	33
18654	2	22	28	26	34
18655	2	10	15	21	21
18656	2	27	24	19	45
18657	2	21	26	21	32
18658	2	6	20	8	37
18659	2	28	24	20	44
18660	2	25	24	28	34
18661	4	19	16	325	42
18662	4	13	24	105	58
18663	2	13	17	10	36
18664	2	14	24	15	33
18665	2	20	24	24	42
18666	8	21	23	2380	109
18667	2	9	16	12	22
18668	2	13	16	16	25
18669	4	11	16	105	39
18670	2	45	296	34	320
18671	4	12	6	45	12
18672	2	37	24	26	31
18673	2	7	23	5	43
18674	4	14	24	150	55
18675	2	21	6	28	6
18676	2	32	21	42	27
18677	4	26	24	494	51
18678	2	8	18	10	38
18679	4	34	24	300	73
18680	2	22	24	22	34
18681	2	26	16	26	22
18682	2	29	27	32	33
18683	4	2	6	9	12
18684	1	35	6	36	10
18685	2	19	6	25	6
18686	2	16	28	17	34
18687	2	52	24	38	41
18688	2	13	24	12	34
18689	1	6	24	6	27
18690	2	31	24	22	32
18691	2	19	24	19	43
18692	4	10	5	66	11
18693	2	9	16	18	22
18694	4	11	16	105	42
18695	2	32	23	36	29
18696	2	17	15	14	21
18697	2	22	6	25	6
18698	2	8	16	5	22
18699	4	12	6	91	13
18700	2	29	15	35	21
18701	2	17	19	23	40
18702	2	22	28	21	33
18703	2	38	24	28	35
18704	2	17	24	21	29
18705	2	9	16	12	36
18706	2	18	28	19	58
18707	2	8	20	17	26
18708	1	4	5	4	5
18709	2	14	16	17	22
18710	2	54	24	38	48
18711	2	29	24	30	49
18712	2	3	28	7	35
18713	2	5	19	11	25
18714	2	12	25	16	31
18715	2	9	14	12	20
18716	2	23	296	19	316
18717	2	13	11	14	17
18718	4	11	6	77	12
18719	4	12	24	91	58
18720	2	16	26	20	32
18721	2	10	24	9	49
18722	4	22	6	276	13
18723	2	56	28	40	56
18724	2	10	24	11	27
18725	2	11	6	14	8
18726	4	20	6	295	13
18727	4	51	24	703	58
18728	2	6	6	13	6
18729	2	16	296	13	324
18730	4	18	6	248	12
18731	2	19	24	13	29
18732	2	23	24	24	30
18733	2	8	6	17	9
18734	2	24	24	26	33
18735	2	31	24	35	29
18736	2	16	27	13	33
18737	4	12	5	118	11
18738	2	14	27	18	33
18739	2	36	23	42	43
18740	2	2	20	5	25
18741	2	14	28	14	34
18742	2	34	16	44	22
18743	2	17	16	23	22
18744	2	3	6	7	8
18745	2	31	24	35	43
18746	2	11	16	15	27
18747	4	19	26	273	38
18748	2	11	12	22	19
18749	2	13	16	17	21
18750	2	8	26	8	32
18751	2	17	24	17	28
18752	2	2	6	5	6
18753	2	36	24	41	33
18754	4	14	27	105	82
18755	4	28	23	559	56
18756	2	43	296	35	319
18757	2	5	28	9	34
18758	4	23	18	351	30
18759	2	27	16	32	22
18760	4	25	24	377	72
18761	1	8	6	9	6
18762	1	6	20	6	25
18763	4	27	24	465	56
18764	2	31	24	34	43
18765	4	33	27	701	83
18766	4	11	23	36	53
18767	2	49	296	38	303
18768	2	8	27	12	32
18769	4	18	5	231	12
18770	2	10	17	21	24
18771	4	18	6	120	13
18772	2	24	16	32	20
18773	4	13	6	55	12
18774	2	29	24	31	44
18775	2	5	6	10	6
18776	2	21	24	24	46
18777	2	54	28	38	57
18778	2	30	24	33	28
18779	2	27	28	28	58
18780	2	14	19	18	25
18781	2	31	16	41	22
18782	2	3	14	7	19
18783	4	30	6	560	13
18784	4	17	16	105	27
18785	2	18	27	21	51
18786	2	25	24	29	33
18787	2	16	6	20	6
18788	2	8	28	11	33
18789	2	46	24	33	52
18790	2	14	24	16	28
18791	2	17	14	23	20
18792	2	12	20	11	25
18793	1	14	19	14	25
18794	2	44	296	34	315
18795	2	12	5	13	8
18796	8	34	24	-1	-1
18797	2	18	27	18	33
18798	2	52	24	38	32
18799	2	33	25	39	45
18800	2	34	296	27	304
18801	2	14	5	17	7
18802	1	10	25	8	31
18803	4	14	16	120	27
18804	4	23	24	373	58
18805	4	19	16	253	29
18806	8	19	6	3060	27
18807	8	22	24	14950	112
18808	4	12	6	1365	28
18809	4	12	23	91	54
18810	1	12	6	12	6
18811	4	23	16	465	41
18812	2	31	24	34	41
18813	2	24	16	31	22
18814	2	36	296	29	329
18815	2	16	26	11	55
18816	2	5	28	10	34
18817	4	24	6	401	13
18818	1	17	26	18	31
18819	2	16	24	15	31
18820	1	26	14	26	20
18821	1	10	15	10	20
18822	1	18	17	19	23
18823	2	33	23	37	25
18824	2	25	20	26	26
18825	2	14	20	16	26
18826	2	15	24	16	28
18827	2	28	17	32	23
18828	4	11	26	265	39
18829	8	43	296	-1	-1
18830	2	8	15	5	20
18831	2	22	27	26	54
18832	4	23	24	299	58
18833	4	33	6	893	12
18834	2	9	23	10	33
18835	2	7	15	9	25
18836	2	7	20	14	27
18837	8	6	6	70	23
18838	2	28	28	29	54
18839	4	54	24	780	59
18840	2	13	15	18	21
18841	2	33	24	37	29
18842	4	13	6	55	13
18843	4	4	6	5	24
18844	2	22	20	29	41
18845	1	10	28	11	34
18846	2	34	24	38	46
18847	4	8	6	36	12
18848	2	5	15	11	21
18849	2	11	6	22	11
18850	2	6	25	13	32
18851	2	8	24	16	29
18852	2	26	16	31	22
18853	2	37	23	25	42
18854	2	16	6	136	13
18855	2	6	6	7	6
18856	2	4	6	15	11
18857	2	24	23	25	33
18858	2	12	27	15	32
18859	2	32	23	35	41
18860	4	7	14	28	25
18861	2	21	16	28	25
18862	2	22	6	30	12
18863	2	30	24	34	27
18864	2	4	15	8	20
18865	4	22	23	276	72
18866	2	25	20	29	26
18867	2	22	20	25	26
18868	2	17	24	13	47
18869	4	39	24	378	62
18870	2	7	6	14	7
18871	4	9	6	54	12
18872	4	11	24	253	38
18873	2	33	24	38	42
18874	4	13	26	152	38
18875	1	16	20	17	26
18876	2	9	19	11	40
18877	2	18	6	22	9
18878	2	10	6	14	8
18879	2	13	20	18	40
18880	2	12	27	15	47
18881	2	27	24	28	46
18882	4	13	6	151	13
18883	4	27	24	190	55
18884	2	20	296	15	303
18885	4	17	26	91	81
18886	2	19	18	23	24
18887	2	24	20	33	26
18888	2	14	12	18	19
18889	4	12	6	91	12
18890	4	6	5	28	10
18891	2	17	16	22	37
18892	1	8	19	8	25
18893	4	26	24	431	57
18894	2	10	25	20	31
18895	2	17	24	11	44
18896	2	9	28	10	48
18897	2	10	16	13	22
18898	4	8	24	21	55
18899	2	16	16	21	25
18900	4	14	28	171	68
18901	2	19	24	22	29
18902	2	12	28	13	34
18903	2	12	26	12	54
18904	1	4	15	4	20
18905	2	47	24	34	41
18906	2	38	24	27	47
18907	2	46	24	32	29
18908	2	21	24	20	30
18909	2	17	19	17	25
18910	2	4	6	5	8
18911	2	16	14	21	20
18912	2	9	24	8	46
18913	2	27	23	32	48
18914	2	27	6	30	6
18915	4	35	24	325	58
18916	4	18	16	120	29
18917	1	26	26	26	31
18918	2	15	6	12	9
18919	4	11	16	105	43
18920	2	10	19	21	26
18921	2	10	20	9	26
18922	2	25	28	28	34
18923	2	27	28	31	56
18924	4	28	24	210	58
18925	2	6	16	5	21
18926	8	24	16	-1	-1
18927	4	35	6	1023	13
18928	4	9	6	65	12
18929	2	25	6	29	8
18930	2	33	24	37	28
18931	2	25	28	28	54
18932	4	19	6	297	13
18933	2	18	24	19	29
18934	2	11	27	11	32
18935	1	26	20	27	27
18936	2	56	27	40	55
18937	4	27	24	190	56
18938	2	22	12	28	18
18939	2	10	6	20	11
18940	2	11	15	14	21
18941	2	20	24	20	28
18942	2	20	28	15	57
18943	4	19	6	248	13
18944	2	8	20	10	40
18945	2	16	6	21	6
18946	2	25	28	29	55
18947	2	44	24	31	31
18948	2	10	6	13	6
18949	2	27	24	31	48
18950	2	33	24	23	31
18951	4	25	18	625	30
18952	2	12	6	16	7
18953	2	19	16	26	22
18954	4	7	4	36	9
18955	4	30	6	590	14
18956	2	23	24	26	43
18957	4	20	27	375	40
18958	2	18	16	22	22
18959	1	4	19	5	25
18960	4	16	24	153	56
18961	2	22	6	29	11
18962	1	32	6	33	10
18963	4	40	23	406	55
18964	2	22	24	20	31
18965	4	14	6	120	13
18966	2	18	6	18	6
18967	2	26	24	18	29
18968	2	19	24	13	43
18969	1	8	24	8	33
18970	4	5	16	21	41
18971	4	16	6	205	14
18972	2	31	24	34	46
18973	2	22	20	22	26
18974	2	15	22	11	46
18975	2	18	24	13	28
18976	2	8	6	17	7
18977	2	19	24	19	43
18978	2	6	16	12	22
18979	2	11	28	11	56
18980	2	19	6	25	11
18981	2	14	20	19	25
18982	2	24	16	31	22
18983	2	19	14	23	21
18984	2	24	24	25	48
18985	4	7	5	28	11
18986	2	20	16	19	22
18987	2	23	28	24	56
18988	2	12	6	24	7
18989	2	29	28	35	35
18990	2	17	14	23	20
18991	2	37	24	27	49
18992	4	27	24	526	54
18993	2	12	6	16	10
18994	4	25	14	591	27
18995	4	9	6	181	15
18996	2	48	24	34	30
18997	2	10	16	20	23
18998	2	23	16	30	21
18999	2	20	10	23	17
19000	2	17	24	15	49
19001	2	4	5	10	11
19002	2	8	6	7	10
19003	2	28	24	33	47
19004	2	37	24	26	31
19005	4	9	17	163	32
19006	8	13	6	19605	28
19007	2	22	6	29	6
19008	2	20	6	21	7
19009	2	28	27	32	55
19010	2	20	24	23	49
19011	2	30	24	22	43
19012	2	16	296	12	323
19013	4	22	6	462	13
19014	4	14	6	188	13
19015	2	23	6	26	6
19016	2	24	14	300	26
19017	4	16	28	205	40
19018	4	8	6	45	13
19019	2	32	6	43	11
19020	2	29	28	33	57
19021	4	48	24	595	58
19022	2	34	24	39	31
19023	2	30	24	33	43
19024	2	19	20	26	26
19025	2	8	6	17	7
19026	2	24	24	17	28
19027	2	33	24	23	47
19028	2	7	6	8	11
19029	1	5	5	6	5
19030	2	33	24	36	29
19031	2	22	296	17	321
19032	2	33	19	43	25
19033	2	24	24	27	45
19034	2	40	27	29	55
19035	2	7	5	14	6
19036	2	14	20	19	25
19037	2	16	292	12	323
19038	2	27	24	28	29
19039	2	26	24	25	32
19040	4	27	6	435	13
19041	2	3	16	4	21
19042	4	12	6	55	15
19043	2	30	20	37	26
19044	4	25	295	171	609
19045	2	21	22	22	42
19046	2	20	20	23	26
19047	4	16	5	136	12
19048	2	18	6	171	12
19049	2	27	23	30	27
19050	2	27	6	29	6
19051	2	8	14	8	19
19052	2	3	5	6	9
19053	2	21	20	28	40
19054	2	2	5	5	12
19055	2	5	14	11	20
19056	2	2	20	3	25
19057	2	9	14	8	20
19058	2	11	295	9	297
19059	4	17	23	226	58
19060	4	8	6	129	13
19061	2	13	23	10	41
19062	4	10	24	45	59
19063	2	25	24	28	49
19064	2	3	26	5	32
19065	2	3	17	6	23
19066	4	2	296	15	1277
19067	2	12	24	78	60
19068	4	10	24	28	57
19069	2	7	6	7	10
19070	2	13	6	12	9
19071	1	16	6	16	12
19072	2	5	17	7	21
19073	2	24	6	28	11
19074	2	14	6	19	9
19075	2	25	24	29	27
19076	2	11	6	23	7
19077	2	3	15	7	21
19078	1	26	27	26	33
19079	2	19	6	26	8
19080	2	9	19	19	25
19081	1	18	6	18	10
19082	2	6	6	5	7
19083	2	27	16	33	22
19084	2	53	24	38	42
19085	2	24	6	33	12
19086	4	32	6	890	13
19087	2	43	24	31	47
19088	4	15	23	66	54
19089	2	30	24	34	48
19090	2	9	6	10	6
19091	2	13	16	9	21
19092	4	22	296	136	591
19093	2	43	296	34	300
19094	2	6	15	5	20
19095	2	30	24	35	28
19096	4	5	6	61	13
19097	4	28	20	693	32
19098	4	56	24	861	62
19099	1	5	24	5	45
19100	2	14	19	18	25
19101	4	19	13	322	25
19102	4	12	5	45	10
19103	2	43	296	35	325
19104	2	11	16	11	21
19105	2	16	24	17	43
19106	2	18	24	17	49
19107	2	27	24	19	32
19108	2	13	20	26	27
19109	2	30	27	37	32
19110	1	7	24	7	43
19111	2	34	16	45	22
19112	4	12	16	120	40
19113	2	32	6	42	7
19114	2	26	6	34	11
19115	4	14	6	66	12
19116	2	17	24	18	46
19117	2	8	16	10	25
19118	8	20	296	3876	1202
19119	2	8	16	5	20
19120	2	14	6	18	6
19121	2	20	25	27	31
19122	2	10	27	13	32
19123	4	23	24	351	58
19124	1	12	28	12	34
19125	2	19	6	19	11
19126	4	32	6	811	14
19127	2	5	13	10	18
19128	2	16	6	32	12
19129	2	24	15	27	21
19130	4	18	6	171	12
19131	2	20	27	17	33
19132	2	11	6	22	6
19133	2	19	15	24	21
19134	4	12	6	78	12
19135	2	12	6	12	6
19136	2	45	24	32	44
19137	2	23	6	26	11
19138	4	37	24	378	58
19139	1	24	20	24	26
19140	4	17	24	66	56
19141	2	26	27	26	56
19142	2	8	20	8	25
19143	2	24	6	29	6
19144	4	12	23	36	57
19145	2	19	27	22	32
19146	4	24	6	492	13
19147	1	20	6	20	11
19148	1	24	6	22	5
19149	4	15	24	136	55
19150	2	2	27	4	32
19151	2	7	15	9	21
19152	4	19	22	210	51
19153	4	17	6	226	17
19154	2	13	24	14	30
19155	2	31	15	35	21
19156	1	6	6	6	9
19157	2	23	27	23	54
19158	1	7	24	7	29
19159	4	34	24	778	55
19160	4	28	24	523	56
19161	2	33	16	45	22
19162	2	5	5	6	9
19163	2	32	24	32	48
19164	2	16	20	19	26
19165	2	29	24	29	49
19166	2	30	6	34	11
19167	4	27	23	495	58
19168	2	12	22	9	40
19169	2	14	5	18	5
19170	2	50	296	40	301
19171	2	22	16	29	25
19172	4	25	24	463	48
19173	4	9	6	36	11
19174	4	32	24	661	59
19175	2	28	296	22	312
19176	2	17	20	17	26
19177	4	30	6	697	16
19178	2	25	28	29	33
19179	2	14	27	17	49
19180	4	37	24	859	58
19181	2	21	24	21	40
19182	2	9	6	19	11
19183	8	49	24	-1	-1
19184	4	21	24	297	60
19185	2	19	24	18	29
19186	4	10	5	201	14
19187	4	34	24	778	58
19188	2	6	28	12	34
19189	2	26	24	27	44
19190	2	7	6	14	12
19191	2	20	27	24	54
19192	2	26	28	35	34
19193	4	56	24	820	59
19194	2	18	24	12	28
19195	2	30	20	38	26
19196	2	23	16	30	26
19197	2	35	24	26	46
19198	2	27	20	31	26
19199	2	22	6	253	14
19200	4	30	295	299	599
19201	2	35	24	25	29
19202	1	9	28	10	34
19203	1	9	6	10	6
19204	2	23	28	27	35
19205	2	11	14	23	20
19206	2	22	20	26	25
19207	4	22	6	298	12
19208	1	12	20	12	26
19209	2	3	11	3	16
19210	2	20	6	19	6
19211	2	17	19	19	25
19212	2	53	24	37	29
19213	2	6	24	21	58
19214	2	14	28	105	41
19215	2	19	6	23	6
19216	2	2	16	5	21
19217	4	40	24	435	57
19218	2	14	6	16	9
19219	1	12	27	12	33
19220	4	35	24	818	53
19221	2	19	28	26	34
19222	1	8	24	8	49
19223	2	9	24	45	62
19224	8	18	6	10603	25
19225	2	8	15	7	20
19226	4	14	16	190	40
19227	2	10	15	8	21
19228	4	6	6	85	13
19229	2	49	296	38	320
19230	2	19	5	20	5
19231	2	24	6	27	7
19232	1	24	6	24	10
19233	4	9	6	36	11
19234	2	21	26	28	32
19235	2	33	16	41	22
19236	2	18	27	22	34
19237	2	31	24	36	41
19238	2	16	16	21	24
19239	2	8	16	8	22
19240	4	22	24	346	55
19241	2	8	15	7	21
19242	4	30	24	590	57
19243	2	22	24	23	31
19244	4	8	6	330	18
19245	2	24	16	32	22
19246	2	17	6	23	7
19247	1	3	19	3	24
19248	2	26	20	29	25
19249	4	14	16	190	42
19250	2	26	6	25	7
19251	2	17	24	20	31
19252	2	10	27	14	33
19253	2	6	6	12	11
19254	4	35	28	858	73
19255	4	8	6	36	12
19256	4	29	6	623	13
19257	2	11	5	8	9
19258	2	7	6	15	11
19259	2	5	6	10	6
19260	2	16	26	18	51
19261	2	19	6	18	8
19262	2	17	16	17	22
19263	2	11	22	10	28
19264	2	9	6	18	10
19265	2	8	20	10	25
19266	2	10	20	11	25
19267	2	33	6	40	6
19268	4	31	24	253	58
19269	1	8	6	8	9
19270	4	24	296	189	599
19271	2	34	6	44	9
19272	2	39	24	28	45
19273	4	30	27	231	78
19274	2	8	25	5	30
19275	2	7	28	14	35
19276	2	22	27	24	33
19277	2	24	296	19	326
19278	4	28	6	622	13
19279	2	21	24	15	29
19280	2	4	6	9	11
19281	4	11	24	1001	113
19282	2	8	6	11	6
19283	2	30	23	35	28
19284	2	22	17	30	22
19285	4	19	6	253	13
19286	2	30	24	22	48
19287	2	22	296	18	313
19288	2	13	6	12	10
19289	2	22	23	26	41
19290	4	16	296	91	592
19291	2	30	27	34	55
19292	4	18	296	105	601
19293	8	16	6	10165	28
19294	2	13	24	14	44
19295	2	12	6	25	9
19296	4	54	24	780	58
19297	2	8	15	8	20
19298	2	7	17	7	22
19299	4	12	24	104	48
19300	4	10	6	28	12
19301	2	28	15	32	21
19302	2	7	23	6	28
19303	2	32	296	25	319
19304	2	9	28	8	56
19305	2	10	6	55	13
19306	2	28	28	31	34
19307	4	24	20	492	32
19308	2	18	6	22	6
19309	2	32	16	39	23
19310	2	53	24	38	45
19311	1	20	6	18	6
19312	2	20	6	24	6
19313	2	15	28	16	34
19314	2	12	28	16	47
19315	2	23	16	30	23
19316	2	8	19	7	24
19317	4	23	24	348	78
19318	2	6	20	5	26
19319	2	5	20	7	24
19320	2	10	24	7	28
19321	2	35	24	39	46
19322	4	29	24	231	62
19323	2	45	296	35	328
19324	2	35	6	44	7
19325	2	42	24	31	27
19326	2	10	27	13	32
19327	4	53	24	741	72
19328	2	17	16	17	22
19329	4	24	6	401	13
19330	2	22	16	30	24
19331	2	27	28	31	56
19332	4	54	23	741	58
19333	2	13	20	14	25
19334	2	17	6	21	6
19335	2	28	24	32	42
19336	2	9	24	45	57
19337	2	18	5	19	6
19338	2	18	24	13	26
19339	1	14	6	14	10
19340	4	14	6	188	13
19341	4	34	6	891	14
19342	2	50	27	35	54
19343	4	8	13	65	25
19344	4	7	20	21	31
19345	2	43	28	30	56
19346	2	15	16	20	22
19347	2	3	15	6	20
19348	2	27	24	27	29
19349	2	7	6	15	12
19350	2	10	24	7	43
19351	2	27	295	22	299
19352	4	20	6	375	13
19353	4	17	6	105	13
19354	2	16	6	13	10
19355	2	11	24	66	53
19356	2	10	14	11	20
19357	4	18	24	91	55
19358	2	24	26	28	33
19359	2	12	20	25	27
19360	4	21	16	378	40
19361	4	53	24	741	55
19362	2	28	24	29	28
19363	2	14	20	18	40
19364	4	24	6	401	13
19365	4	51	296	818	621
19366	2	29	24	34	48
19367	4	10	6	201	14
19368	2	6	16	7	22
19369	2	27	6	29	10
19370	2	48	296	39	305
19371	2	16	16	21	33
19372	2	13	16	18	35
19373	4	18	24	78	53
19374	4	29	6	559	13
19375	1	21	6	22	6
19376	2	31	15	41	21
19377	2	23	16	276	29
19378	2	10	17	14	38
19379	2	27	6	36	6
19380	2	33	24	35	48
19381	4	22	6	346	12
19382	4	19	24	230	55
19383	2	28	24	29	31
19384	2	10	16	14	36
19385	2	6	15	5	20
19386	2	21	6	231	12
19387	2	8	6	17	12
19388	2	18	28	18	57
19389	2	22	21	16	40
19390	2	26	24	26	48
19391	2	13	26	16	31
19392	8	27	24	27405	113
19393	4	24	24	171	71
19394	2	10	20	21	25
19395	2	55	24	39	30
19396	2	12	19	16	39
19397	2	15	20	12	25
19398	2	33	27	36	56
19399	4	30	24	628	59
19400	2	41	24	29	49
19401	2	22	26	27	55
19402	4	12	5	118	11
19403	2	11	23	10	28
19404	2	9	6	18	13
19405	2	33	23	37	43
19406	2	25	27	26	55
19407	2	25	26	33	32
19408	2	21	295	16	313
19409	2	20	16	26	24
19410	2	51	24	37	32
19411	2	15	23	19	28
19412	2	4	6	9	11
19413	2	34	16	39	22
19414	2	22	6	253	14
19415	8	29	24	10626	120
19416	2	30	14	36	20
19417	2	23	6	46	9
19418	4	8	23	15	56
19419	2	6	20	8	40
19420	2	23	24	23	49
19421	2	20	23	15	46
19422	2	27	6	31	6
19423	4	23	6	524	13
19424	2	32	24	23	49
19425	2	5	5	6	5
19426	2	18	28	22	34
19427	2	21	6	25	6
19428	2	30	28	35	57
19429	2	20	6	25	9
19430	2	19	24	19	48
19431	4	10	24	45	57
19432	1	17	16	18	22
19433	2	35	24	39	46
19434	4	9	6	65	12
19435	2	29	28	33	58
19436	2	29	6	37	10
19437	2	48	296	38	314
19438	4	9	28	66	71
19439	2	22	24	23	49
19440	2	31	24	34	44
19441	2	20	23	24	23
19442	4	3	6	25	16
19443	4	16	6	91	13
19444	2	20	6	24	10
19445	4	10	6	221	14
19446	2	11	6	22	10
19447	2	27	24	32	49
19448	2	5	19	6	24
19449	4	23	24	276	59
19450	2	29	26	30	55
19451	4	12	16	120	43
19452	4	46	296	664	621
19453	2	31	16	40	22
19454	1	8	6	8	5
19455	4	22	6	325	13
19456	2	7	18	8	38
19457	2	33	24	38	28
19458	4	13	6	104	12
19459	2	14	23	10	43
19460	2	50	296	40	328
19461	2	36	24	25	32
19462	2	23	16	31	36
19463	1	20	6	20	8
19464	4	16	296	78	627
19465	4	17	24	207	64
19466	2	56	28	41	56
19467	2	8	5	8	5
19468	2	3	19	4	37
19469	2	5	15	7	19
19470	2	12	28	16	33
19471	4	30	24	590	57
19472	2	9	6	45	12
19473	2	26	24	30	46
19474	2	29	24	31	47
19475	2	18	28	17	55
19476	4	17	6	273	14
19477	4	27	24	190	59
19478	2	31	23	22	33
19479	1	10	18	10	23
19480	4	7	20	99	33
19481	4	2	6	6	14
19482	2	6	6	5	6
19483	2	11	6	15	11
19484	2	22	16	23	22
19485	2	15	20	15	26
19486	2	37	24	26	30
19487	4	32	24	661	59
19488	2	17	26	18	54
19489	2	8	20	10	25
19490	2	20	6	23	6
19491	2	27	16	32	22
19492	2	27	28	29	54
19493	2	37	24	27	44
19494	1	9	26	9	55
19495	1	4	20	4	23
19496	2	17	28	20	34
19497	2	20	16	27	22
19498	2	19	18	20	23
19499	2	20	6	28	12
19500	2	28	24	28	29
19501	2	6	5	12	5
19502	4	12	6	104	12
19503	2	33	27	37	55
19504	2	32	24	36	32
19505	1	8	27	8	33
19506	2	11	13	9	18
19507	2	22	6	26	7
19508	2	10	15	13	20
19509	2	17	20	17	26
19510	2	5	28	10	35
19511	1	6	5	4	7
19512	4	16	6	205	12
19513	4	32	24	701	56
19514	4	18	6	298	17
19515	2	6	15	7	32
19516	2	45	28	33	55
19517	2	21	24	21	49
19518	4	18	18	300	59
19519	2	30	24	34	44
19520	2	20	24	23	44
19521	2	11	15	23	21
19522	2	24	24	24	47
19523	1	10	24	10	42
19524	2	32	24	36	34
19525	4	10	27	105	68
19526	2	16	20	17	26
19527	2	21	24	24	31
19528	2	22	14	30	20
19529	2	12	28	16	34
19530	2	11	16	14	24
19531	2	11	6	23	10
19532	2	17	24	18	28
19533	2	9	28	19	35
19534	1	24	6	24	10
19535	2	34	24	35	45
19536	2	26	296	19	300
19537	4	55	24	820	57
19538	2	28	27	20	54
19539	2	17	6	23	7
19540	2	27	24	29	34
19541	1	7	24	7	29
19542	2	7	6	14	7
19543	4	3	6	25	12
19544	2	10	5	9	5
19545	2	36	24	38	29
19546	2	16	27	11	56
19547	2	3	18	7	24
19548	2	26	24	26	30
19549	4	29	24	210	74
19550	2	16	16	20	26
19551	2	29	22	33	38
19552	2	7	28	14	35
19553	4	16	24	170	74
19554	2	15	6	30	11
19555	2	8	27	12	32
19556	2	14	6	11	7
19557	2	18	23	13	44
19558	2	22	25	20	53
19559	2	13	24	12	32
19560	2	12	28	11	57
19561	2	11	16	14	25
19562	2	25	6	29	7
19563	1	12	15	12	20
19564	2	6	5	12	6
19565	2	8	28	6	32
19566	2	19	20	18	26
19567	2	34	6	40	12
19568	2	21	24	24	49
19569	2	20	6	27	11
19570	2	19	27	21	55
19571	2	17	24	17	45
19572	2	25	24	27	48
19573	2	23	6	27	7
19574	4	21	6	349	18
19575	2	26	6	35	9
19576	1	13	6	14	6
19577	2	20	24	15	30
19578	2	42	28	29	57
19579	2	28	23	32	42
19580	2	5	15	10	22
19581	2	21	24	14	33
19582	2	21	28	22	33
19583	2	7	28	9	48
19584	2	8	20	12	25
19585	4	35	24	325	57
19586	2	12	6	9	6
19587	2	18	16	24	26
19588	2	18	27	24	34
19589	4	40	24	435	59
19590	4	10	5	28	11
19591	2	10	5	14	5
19592	2	34	24	38	44
19593	2	17	13	17	19
19594	2	12	6	25	10
19595	2	24	24	26	35
19596	2	20	24	15	43
19597	2	3	18	7	25
19598	2	31	24	22	48
19599	1	24	28	24	34
19600	4	24	6	378	13
19601	8	18	24	8645	119
19602	4	32	6	738	13
19603	2	10	27	13	32
19604	2	34	16	39	22
19605	4	2	28	9	39
19606	2	12	6	24	11
19607	2	32	18	42	24
19608	1	8	27	8	33
19609	4	15	6	228	13
19610	2	27	16	28	21
19611	2	34	28	38	57
19612	2	5	16	7	35
19613	4	20	6	190	13
19614	1	20	16	20	22
19615	1	22	16	22	22
19616	4	11	16	105	34
19617	2	26	6	351	12
19618	2	5	5	6	5
19619	4	15	6	465	14
19620	2	22	28	26	56
19621	4	23	24	351	54
19622	2	21	24	24	43
19623	2	18	24	13	44
19624	2	23	24	27	29
19625	2	33	24	23	29
19626	2	11	16	14	21
19627	2	19	19	26	24
19628	2	7	6	7	6
19629	4	16	19	153	31
19630	2	38	296	29	326
19631	2	33	24	24	44
19632	2	22	24	26	28
19633	2	22	24	25	30
19634	2	23	16	31	23
19635	2	24	27	26	32
19636	2	16	6	21	6
19637	2	15	24	14	34
19638	2	39	24	28	44
19639	2	24	14	33	20
19640	2	4	13	9	20
19641	4	28	6	523	13
19642	2	12	17	15	23
19643	2	34	23	35	27
19644	2	35	24	25	44
19645	2	16	19	32	25
19646	2	20	6	210	12
19647	2	10	14	10	19
19648	4	17	24	207	57
19649	2	18	6	171	13
19650	4	16	20	136	33
19651	4	13	16	153	42
19652	2	9	28	13	33
19653	4	25	15	561	40
19654	4	26	6	626	13
19655	4	34	6	778	12
19656	2	17	24	20	34
19657	2	13	19	16	25
19658	2	18	15	24	33
19659	2	6	5	7	10
19660	2	23	16	29	22
19661	2	16	20	20	26
19662	2	32	6	41	10
19663	2	5	5	7	10
19664	2	20	5	25	9
19665	4	21	6	320	19
19666	2	35	24	25	43
19667	2	23	20	32	26
19668	4	17	5	273	12
19669	2	23	24	16	31
19670	2	12	23	13	30
19671	4	8	16	66	40
19672	1	7	24	7	43
19673	2	13	23	15	28
19674	2	19	26	24	31
19675	2	11	28	23	33
19676	2	19	28	24	34
19677	2	7	27	8	33
19678	2	17	6	34	7
19679	8	12	6	3605	26
19680	4	6	5	15	12
19681	2	21	16	20	21
19682	4	8	16	45	40
19683	2	21	24	21	48
19684	2	6	14	12	21
19685	2	23	24	23	30
19686	2	23	28	28	56
19687	1	9	23	9	30
19688	2	17	16	20	22
19689	4	4	20	33	33
19690	4	9	6	153	14
19691	2	9	28	19	34
19692	2	15	19	11	23
19693	2	25	24	18	28
19694	2	5	6	10	7
19695	2	22	24	20	30
19696	4	18	24	136	58
19697	2	22	6	25	6
19698	2	12	24	11	45
19699	2	32	27	42	32
19700	2	21	28	42	34
19701	1	16	6	17	11
19702	2	30	19	37	25
19703	2	34	24	37	49
19704	2	14	296	12	325
19705	2	47	24	33	43
19706	2	16	16	16	21
19707	4	26	6	557	14
19708	2	42	296	33	301
19709	2	15	5	136	11
19710	4	12	6	289	19
19711	1	30	6	31	9
19712	2	20	24	24	30
19713	8	12	6	3605	26
19714	2	30	24	34	29
19715	2	32	296	25	306
19716	2	12	6	12	6
19717	2	16	296	12	301
19718	4	7	6	99	13
19719	4	18	6	248	13
19720	4	30	24	231	71
19721	4	15	6	120	12
19722	2	24	24	17	49
19723	2	13	6	10	10
19724	2	14	16	17	21
19725	1	28	15	29	21
19726	2	32	24	37	41
19727	2	23	6	25	11
19728	4	28	24	496	54
19729	2	24	16	31	22
19730	2	16	16	22	37
19731	2	5	16	10	22
19732	2	21	6	21	9
19733	2	20	16	27	21
19734	4	22	16	435	42
19735	1	4	28	4	33
19736	2	11	6	22	10
19737	4	27	6	491	13
19738	4	4	6	41	12
19739	2	8	6	10	10
19740	2	20	296	15	301
19741	2	13	24	14	29
19742	1	6	28	6	34
19743	1	12	15	13	21
19744	8	30	24	-1	-1
19745	2	53	24	39	34
19746	4	14	6	66	12
19747	4	17	16	276	56
19748	2	23	24	26	40
19749	2	3	19	7	24
19750	2	12	20	16	25
19751	2	12	26	16	46
19752	2	26	28	28	35
19753	2	18	6	22	9
19754	2	30	296	24	302
19755	1	7	24	7	34
19756	2	26	296	20	314
19757	4	12	296	45	600
19758	2	8	6	16	7
19759	2	2	13	5	18
19760	2	14	20	18	25
19761	2	14	26	9	54
19762	2	9	23	9	23
19763	4	27	6	460	13
19764	2	19	16	24	22
19765	2	15	28	20	48
19766	2	38	26	27	53
19767	2	27	28	30	57
19768	2	31	19	40	25
19769	2	14	24	15	48
19770	4	11	24	55	58
19771	2	28	24	27	32
19772	4	23	28	300	87
19773	2	16	24	11	43
19774	4	25	24	404	56
19775	2	15	6	20	9
19776	2	14	28	17	33
19777	1	12	19	12	23
19778	2	23	18	27	25
19779	2	13	24	91	61
19780	4	17	22	207	52
19781	1	6	15	6	20
19782	4	26	24	432	56
19783	4	7	6	61	12
19784	2	7	19	15	25
19785	1	12	28	12	33
19786	4	29	20	729	33
19787	4	6	6	28	12
19788	2	12	16	12	21
19789	2	10	6	13	6
19790	2	46	296	36	304
19791	2	10	24	7	26
19792	4	33	24	276	77
19793	2	17	19	18	25
19794	2	20	18	18	24
19795	2	2	28	4	33
19796	2	8	20	16	27
19797	2	43	24	32	44
19798	1	6	26	6	54
19799	2	9	27	9	55
19800	2	40	24	28	28
19801	2	21	16	28	20
19802	2	14	24	15	29
19803	2	14	6	18	9
19804	4	10	6	221	13
19805	2	9	6	19	6
19806	2	11	19	9	23
19807	2	13	24	9	48
19808	4	25	6	430	13
19809	1	5	18	5	23
19810	2	30	6	36	6
19811	2	10	20	9	26
19812	2	3	27	7	33
19813	2	23	24	27	49
19814	2	13	24	9	43
19815	2	33	6	43	10
19816	2	16	6	20	6
19817	4	28	24	378	59
19818	2	37	24	27	33
19819	1	9	6	9	10
19820	1	7	24	7	45
19821	2	18	19	24	24
19822	4	11	16	105	42
19823	4	20	24	210	57
19824	4	23	24	153	76
19825	4	20	24	273	59
19826	2	3	19	6	24
19827	4	26	6	550	13
19828	2	32	24	37	29
19829	2	25	24	29	26
19830	2	26	6	35	7
19831	2	37	24	27	34
19832	4	29	6	623	18
19833	1	8	16	6	22
19834	1	10	19	10	25
19835	2	22	6	26	11
19836	4	22	6	231	12
19837	2	42	24	30	34
19838	4	17	24	207	77
19839	2	16	26	11	55
19840	2	23	28	27	34
19841	2	4	13	5	13
19842	2	12	20	78	32
19843	4	22	6	461	13
19844	8	11	6	11969	28
19845	2	45	26	33	54
19846	2	2	15	5	21
19847	2	22	19	22	25
19848	2	27	12	30	19
19849	2	10	295	7	304
19850	4	19	6	297	13
19851	2	29	19	36	25
19852	2	23	24	23	44
19853	2	17	24	20	28
19854	2	34	24	39	33
19855	2	11	20	11	24
19856	1	6	16	6	21
19857	2	9	28	18	35
19858	2	19	28	18	56
19859	2	34	24	36	35
19860	2	12	19	24	26
19861	4	10	14	221	28
19862	2	12	6	15	10
19863	4	17	24	66	58
19864	2	27	23	19	43
19865	4	23	6	346	14
19866	2	33	27	43	33
19867	2	24	16	31	35
19868	2	16	6	20	6
19869	2	11	15	22	22
19870	2	25	24	24	49
19871	2	3	16	6	21
19872	2	2	15	4	20
19873	1	12	16	12	21
19874	2	16	6	16	6
19875	4	12	6	91	14
19876	4	16	20	229	33
19877	2	15	6	19	9
19878	2	20	27	28	32
19879	2	4	14	8	19
19880	2	19	27	19	56
19881	2	27	13	35	19
19882	2	14	27	11	33
19883	4	53	28	741	82
19884	1	8	24	8	31
19885	1	14	6	15	6
19886	2	12	15	24	21
19887	4	10	6	90	17
19888	2	5	14	6	20
19889	2	16	27	11	53
19890	2	26	27	26	56
19891	4	33	24	630	59
19892	2	33	6	38	6
19893	4	13	6	120	12
19894	2	17	6	17	9
19895	2	8	23	6	42
19896	2	43	28	31	57
19897	2	2	28	5	33
19898	2	22	24	26	44
19899	2	32	24	34	33
19900	2	17	6	23	10
19901	4	11	6	243	15
19902	2	13	27	12	32
19903	2	21	24	20	46
19904	2	30	6	33	12
19905	2	36	28	40	55
19906	4	8	16	73	28
19907	2	26	24	25	46
19908	2	10	20	11	34
19909	4	22	24	253	59
19910	2	42	296	33	301
19911	2	16	24	16	46
19912	2	7	6	14	7
19913	2	24	16	27	21
19914	4	9	6	181	14
19915	2	8	16	8	20
19916	2	16	24	18	29
19917	2	23	24	27	27
19918	4	31	6	733	13
19919	2	14	6	13	6
19920	2	12	6	13	12
19921	2	21	20	21	26
19922	2	23	16	25	22
19923	8	21	24	16698	119
19924	2	26	28	29	57
19925	2	3	17	5	22
19926	4	29	24	556	49
19927	4	18	16	300	42
19928	2	31	6	38	11
19929	2	5	6	11	9
19930	2	9	6	18	7
19931	2	29	26	33	54
19932	2	23	24	27	43
19933	4	50	24	666	74
19934	4	20	6	190	12
19935	4	8	23	28	55
19936	2	30	24	21	29
19937	2	22	24	26	49
19938	4	32	24	276	61
19939	2	31	28	34	56
19940	2	16	16	21	26
19941	2	9	6	19	6
19942	1	12	13	13	19
19943	2	29	24	30	45
19944	2	20	20	27	26
19945	2	12	23	8	45
19946	1	22	16	22	22
19947	1	12	16	13	21
19948	2	17	24	13	44
19949	2	28	6	32	6
19950	2	28	18	31	25
19951	8	26	24	23751	119
19952	2	7	5	8	10
19953	2	16	6	20	11
19954	1	8	15	8	20
19955	4	20	6	210	14
19956	4	7	11	44	24
19957	8	12	5	1365	25
19958	2	27	15	35	22
19959	2	19	26	18	32
19960	4	48	24	630	58
19961	2	33	24	38	45
19962	4	17	6	251	16
19963	2	3	19	6	24
19964	2	18	28	15	33
19965	2	26	24	30	44
19966	2	29	28	33	56
19967	4	11	26	45	73
19968	4	24	24	348	59
19969	2	32	296	25	320
19970	2	7	6	7	8
19971	2	18	18	18	23
19972	4	16	24	136	54
19973	4	12	6	288	13
19974	2	10	293	7	302
19975	4	33	24	700	60
19976	2	32	14	36	20
19977	2	22	15	26	21
19978	4	44	24	496	59
19979	2	31	26	37	32
19980	2	2	20	5	24
19981	2	29	28	31	34
19982	2	45	296	35	318
19983	1	8	24	8	32
19984	1	22	20	22	26
19985	2	20	24	19	52
19986	4	19	6	322	14
19987	2	11	27	22	34
19988	4	35	24	325	59
19989	2	18	28	13	56
19990	2	35	26	38	55
19991	2	27	24	30	45
19992	2	12	23	8	42
19993	1	10	6	10	8
19994	4	15	5	169	13
19995	2	16	15	16	21
19996	4	12	21	36	50
19997	2	25	24	27	48
19998	2	30	13	35	20
19999	2	6	6	13	12
20000	2	13	24	12	33
20001	4	32	24	528	59
20002	2	9	6	8	6
20003	2	19	6	16	9
20004	2	26	24	31	32
20005	2	12	20	24	27
20006	2	18	6	21	6
20007	2	9	6	12	6
20008	2	4	6	5	6
20009	4	19	6	171	13
20010	2	8	6	36	17
20011	2	31	24	35	35
20012	2	30	14	35	20
20013	1	23	19	23	26
20014	2	15	24	15	29
20015	4	13	16	120	28
20016	2	15	293	11	312
20017	2	7	6	14	12
20018	4	23	24	373	57
20019	8	10	6	1729	27
20020	2	14	28	18	33
20021	4	32	6	772	13
20022	2	29	24	36	30
20023	2	24	28	26	34
20024	2	3	24	4	41
20025	2	20	6	21	12
20026	2	12	28	24	34
20027	1	22	14	22	20
20028	1	4	6	4	10
20029	2	16	16	17	22
20030	2	11	290	9	296
20031	2	27	26	32	32
20032	2	37	296	28	304
20033	4	9	3	45	7
20034	1	8	27	8	33
20035	2	10	24	7	31
20036	1	8	5	8	10
20037	4	17	24	78	48
20038	1	7	24	7	29
20039	1	4	20	4	25
20040	2	9	19	10	25
20041	2	22	20	29	39
20042	2	20	19	24	25
20043	2	25	16	33	21
20044	2	17	16	21	22
20045	2	26	28	31	33
20046	2	15	23	11	42
20047	2	33	28	37	55
20048	2	8	15	16	21
20049	8	26	22	5985	105
20050	2	11	19	23	26
20051	2	31	27	22	54
20052	2	50	24	35	45
20053	4	37	296	433	601
20054	1	16	16	17	21
20055	2	12	6	78	14
20056	2	13	5	12	9
20057	4	21	16	378	41
20058	4	6	5	85	15
20059	4	55	24	780	58
20060	2	29	6	36	11
20061	2	47	24	34	48
20062	2	20	16	26	37
20063	2	14	28	10	55
20064	2	10	19	14	26
20065	4	11	6	222	14
20066	1	8	24	8	45
20067	2	20	28	28	35
20068	4	21	16	324	29
20069	2	18	6	171	14
20070	4	23	23	404	48
20071	4	33	15	978	28
20072	1	6	16	7	21
20073	2	46	296	38	299
20074	2	19	296	16	327
20075	4	14	6	120	12
20076	2	15	21	20	27
20077	2	12	6	15	6
20078	4	22	22	346	44
20079	2	33	26	40	32
20080	2	22	24	20	29
20081	2	25	24	29	45
20082	2	24	6	32	6
20083	2	16	6	13	10
20084	2	12	28	24	34
20085	4	9	6	65	12
20086	4	14	296	66	595
20087	2	39	24	28	44
20088	2	27	6	406	12
20089	4	29	24	556	58
20090	2	11	6	15	6
20091	4	35	24	351	57
20092	2	12	6	25	7
20093	2	13	6	26	7
20094	1	11	27	10	54
20095	4	46	296	738	603
20096	4	16	6	205	12
20097	2	20	24	24	47
20098	1	15	25	15	31
20099	1	16	6	17	7
20100	2	19	24	13	48
20101	2	33	24	35	32
20102	1	9	24	9	27
20103	4	26	16	460	28
20104	1	10	24	10	47
20105	2	18	28	21	33
20106	4	11	23	66	51
20107	2	10	23	7	23
20108	8	4	5	70	21
20109	2	16	296	13	327
20110	2	14	294	11	294
20111	2	7	16	9	21
20112	2	24	24	24	43
20113	4	3	6	19	12
20114	2	16	24	18	29
20115	2	20	6	28	8
20116	2	12	23	15	28
20117	2	9	19	19	24
20118	2	29	26	32	54
20119	2	8	24	36	37
20120	4	26	6	405	13
20121	2	43	296	34	305
20122	4	20	22	190	35
20123	4	12	6	289	13
20124	2	22	24	23	46
20125	4	38	23	378	56
20126	2	9	27	12	33
20127	1	16	19	16	24
20128	2	23	26	29	32
20129	4	16	5	205	12
20130	2	18	15	17	21
20131	2	21	295	15	299
20132	2	34	6	38	7
20133	8	30	18	-1	-1
20134	2	34	26	42	49
20135	4	18	6	229	13
20136	2	31	24	32	44
20137	2	15	6	30	6
20138	2	20	15	27	20
20139	4	39	24	406	57
20140	2	16	27	15	55
20141	2	39	24	28	44
20142	2	25	6	28	7
20143	2	5	16	10	22
20144	4	26	24	378	59
20145	4	53	24	703	58
20146	2	29	24	20	47
20147	4	4	14	15	50
20148	2	21	24	21	28
20149	2	51	296	41	318
20150	2	21	25	28	46
20151	2	23	19	23	25
20152	4	19	6	190	12
20153	4	20	16	378	59
20154	2	18	27	13	56
20155	2	2	6	5	11
20156	2	27	16	30	22
20157	2	7	28	7	34
20158	2	34	24	36	34
20159	2	57	24	41	44
20160	2	42	24	30	28
20161	8	15	6	8436	26
20162	4	54	24	780	58
20163	2	23	19	26	25
20164	4	25	6	431	13
20165	2	19	24	19	29
20166	1	15	13	16	18
20167	2	22	15	30	21
20168	4	8	5	28	11
20169	2	24	28	32	34
20170	2	16	24	18	31
20171	2	36	28	41	54
20172	2	16	6	16	11
20173	4	4	6	33	12
20174	1	22	19	22	25
20175	2	18	24	19	30
20176	2	10	6	55	13
20177	4	42	24	435	56
20178	2	19	20	16	26
20179	2	9	6	13	9
20180	2	22	24	26	42
20181	2	5	6	10	10
20182	4	20	6	276	13
20183	2	36	24	25	29
20184	2	8	19	16	24
20185	4	14	6	188	11
20186	2	12	6	11	6
20187	2	26	24	29	45
20188	4	21	16	378	55
20189	2	12	20	16	26
20190	4	16	24	153	57
20191	2	9	12	10	18
20192	4	35	24	775	58
20193	4	12	6	313	14
20194	8	46	296	-1	-1
20195	2	11	6	22	7
20196	2	19	20	22	27
20197	2	27	24	28	40
20198	4	34	23	778	72
20199	2	44	296	35	301
20200	2	28	24	32	43
20201	2	32	6	41	10
20202	8	30	296	14674	1203
20203	2	23	16	26	22
20204	2	12	6	24	11
20205	2	21	24	15	40
20206	4	33	296	376	602
20207	2	20	6	40	10
20208	1	22	6	22	11
20209	1	27	6	27	10
20210	2	42	24	29	47
20211	2	5	5	6	5
20212	2	21	24	15	29
20213	2	3	20	5	26
20214	1	20	6	20	6
20215	1	20	15	20	22
20216	2	12	20	25	26
20217	1	28	16	29	22
20218	2	12	6	11	6
20219	4	28	6	465	16
20220	2	22	27	27	50
20221	4	17	24	153	69
20222	2	23	16	29	22
20223	4	20	6	276	12
20224	2	24	15	32	21
20225	2	11	24	66	77
20226	2	9	16	11	22
20227	2	16	24	17	45
20228	4	26	6	626	14
20229	2	8	20	10	26
20230	4	6	6	85	14
20231	2	9	6	19	7
20232	4	32	24	701	58
20233	2	38	296	30	316
20234	2	31	20	40	26
20235	2	4	6	10	12
20236	8	40	24	35960	119
20237	4	7	16	36	24
20238	2	21	24	21	43
20239	2	21	20	42	26
20240	4	19	6	322	17
20241	2	5	19	10	26
20242	2	27	28	33	34
20243	2	22	6	30	11
20244	2	10	6	55	12
20245	2	27	16	35	22
20246	2	23	24	16	43
20247	2	22	28	27	56
20248	2	8	16	36	29
20249	2	29	296	21	301
20250	2	8	16	17	23
20251	4	24	24	401	57
20252	1	4	20	4	25
20253	4	27	6	621	13
20254	2	40	24	29	33
20255	2	2	25	5	31
20256	2	2	5	4	4
20257	4	29	16	623	28
20258	2	50	24	36	29
20259	2	17	26	21	51
20260	2	13	6	26	8
20261	2	9	28	19	34
20262	2	13	16	25	22
20263	1	18	6	18	6
20264	2	10	28	9	32
20265	2	10	6	13	7
20266	2	5	6	7	11
20267	2	35	20	45	26
20268	2	11	24	8	29
20269	2	30	296	23	321
20270	4	21	20	300	50
20271	2	13	24	9	29
20272	2	22	6	253	13
20273	1	6	25	6	30
20274	2	24	14	24	20
20275	2	11	6	21	6
20276	2	20	14	27	20
20277	2	50	24	35	29
20278	2	12	28	23	34
20279	2	12	16	16	22
20280	2	20	24	14	31
20281	4	10	6	66	13
20282	2	9	27	19	33
20283	2	14	16	18	21
20284	2	20	28	24	34
20285	2	27	6	31	8
20286	2	12	24	9	43
20287	2	44	24	31	44
20288	2	23	24	27	26
20289	1	6	6	6	8
20290	2	46	296	37	327
20291	2	24	16	31	26
20292	2	4	18	5	37
20293	1	20	26	20	31
20294	4	17	6	153	13
20295	2	52	24	37	49
20296	2	9	6	11	7
20297	4	9	6	163	14
20298	2	24	6	28	10
20299	2	30	18	40	25
20300	2	23	27	23	56
20301	4	14	6	166	13
20302	1	20	28	20	34
20303	2	9	5	6	5
20304	2	3	19	7	25
20305	2	22	24	23	41
20306	2	16	24	20	28
20307	2	32	20	39	26
20308	4	17	6	153	13
20309	2	6	20	9	25
20310	2	20	6	24	11
20311	2	8	28	6	50
20312	2	49	24	34	34
20313	4	11	6	77	11
20314	2	21	24	16	33
20315	2	7	16	10	35
20316	2	13	5	17	6
20317	2	16	6	13	9
20318	2	27	6	32	11
20319	2	18	14	20	19
20320	2	5	16	6	22
20321	2	11	19	11	24
20322	2	27	28	32	58
20323	4	33	6	851	14
20324	4	28	24	435	59
20325	4	11	24	55	78
20326	2	32	24	37	48
20327	1	22	20	23	26
20328	2	4	16	5	20
20329	2	14	6	18	10
20330	1	20	16	20	22
20331	4	21	24	105	58
20332	1	20	18	21	24
20333	2	21	16	25	22
20334	2	6	6	12	11
20335	2	33	24	39	42
20336	1	8	11	8	16
20337	2	11	6	8	11
20338	4	12	6	91	16
20339	2	24	6	27	9
20340	2	40	296	32	302
20341	2	30	27	34	33
20342	2	18	20	25	26
20343	4	29	15	560	28
20344	1	9	6	10	7
20345	2	21	6	20	6
20346	2	32	26	37	32
20347	2	24	24	24	30
20348	2	20	16	23	22
20349	2	9	19	9	24
20350	4	14	16	120	28
20351	2	10	16	14	21
20352	2	15	6	20	11
20353	2	20	24	14	34
20354	2	22	28	44	34
20355	2	31	24	32	35
20356	1	14	16	14	22
20357	4	10	6	221	14
20358	2	10	16	9	22
20359	2	32	24	36	29
20360	1	21	19	22	25
20361	8	26	24	-1	-1
20362	2	12	27	14	33
20363	2	31	24	22	29
20364	2	24	6	32	6
20365	2	8	15	16	21
20366	4	2	14	9	24
20367	2	29	27	21	54
20368	4	30	24	496	58
20369	2	22	25	30	30
20370	2	18	24	18	33
20371	4	26	24	190	59
20372	4	31	6	734	13
20373	2	8	6	17	12
20374	2	7	6	15	11
20375	2	37	296	30	325
20376	4	8	6	28	12
20377	2	19	16	24	22
20378	2	26	24	29	33
20379	2	10	6	21	11
20380	2	9	5	11	10
20381	4	21	24	231	77
20382	2	51	24	36	49
20383	4	7	15	105	28
20384	2	22	28	253	40
20385	4	55	24	780	58
20386	2	21	27	22	33
20387	2	8	6	15	7
20388	2	6	16	13	21
20389	2	21	295	15	312
20390	2	8	26	16	32
20391	2	30	24	32	50
20392	2	7	24	5	44
20393	2	4	16	5	23
20394	4	11	6	265	14
20395	4	13	14	105	26
20396	2	13	24	12	46
20397	2	5	28	10	35
20398	2	16	24	16	43
20399	2	31	24	22	49
20400	4	6	15	36	37
20401	4	16	13	205	25
20402	2	10	6	11	6
20403	2	13	20	18	41
20404	2	32	24	34	33
20405	2	25	26	29	56
20406	4	25	6	351	12
20407	4	12	6	104	11
20408	1	15	15	16	20
20409	2	13	24	12	33
20410	2	10	23	11	39
20411	2	48	296	39	329
20412	2	7	6	15	11
20413	4	7	6	113	14
20414	2	31	28	34	56
20415	2	8	16	10	25
20416	1	9	27	10	32
20417	2	13	6	17	12
20418	2	20	6	210	13
20419	4	18	28	210	41
20420	4	14	295	55	600
20421	1	13	20	14	26
20422	2	30	14	36	20
20423	2	2	15	4	20
20424	4	27	296	230	599
20425	2	23	6	25	6
20426	4	10	16	105	42
20427	4	14	6	151	12
20428	2	10	16	14	21
20429	1	14	16	14	22
20430	4	32	6	696	14
20431	2	23	27	28	33
20432	2	17	15	23	21
20433	2	16	15	20	21
20434	2	28	24	32	45
20435	4	17	5	251	12
20436	2	26	6	33	10
20437	2	34	24	42	38
20438	2	20	24	14	31
20439	2	9	6	18	7
20440	2	27	24	31	34
20441	4	2	6	6	13
20442	4	21	6	324	12
20443	2	8	20	10	40
20444	8	24	16	-1	-1
20445	2	24	6	29	7
20446	2	9	28	18	35
20447	2	16	5	15	5
20448	2	22	27	30	33
20449	2	8	5	11	10
20450	8	32	23	-1	-1
20451	2	16	28	17	33
20452	4	30	24	590	57
20453	2	18	24	18	47
20454	8	34	24	17550	115
20455	2	8	24	9	26
20456	2	10	6	21	11
20457	1	8	24	8	29
20458	2	18	20	22	26
20459	2	15	16	20	24
20460	8	6	6	985	25
20461	2	14	6	15	9
20462	2	5	15	6	21
20463	4	33	25	739	83
20464	4	8	24	28	57
20465	2	14	24	13	33
20466	2	33	24	37	29
20467	2	19	6	26	11
20468	2	41	296	31	326
20469	4	13	5	105	12
20470	2	9	24	9	27
20471	2	27	6	30	10
20472	2	3	14	7	20
20473	2	27	15	35	21
20474	2	4	18	5	23
20475	2	4	28	8	33
20476	2	29	24	31	34
20477	4	30	24	628	57
20478	4	20	6	190	13
20479	2	27	26	29	32
20480	2	33	24	33	44
20481	2	24	6	25	8
20482	2	14	25	13	54
20483	2	45	28	32	57
20484	4	32	24	701	49
20485	2	49	24	34	32
20486	2	8	28	16	33
20487	4	26	20	405	33
20488	2	15	24	15	50
20489	2	6	16	12	23
20490	2	27	24	31	46
20491	4	29	6	731	14
20492	2	20	17	27	23
20493	2	20	24	15	42
20494	2	12	16	11	21
20495	2	5	20	7	24
20496	2	30	24	31	46
20497	4	34	24	300	57
20498	2	11	16	21	23
20499	2	2	5	5	5
20500	2	48	24	35	43
20501	2	30	20	34	26
20502	2	26	24	27	27
20503	1	10	24	10	29
20504	2	26	24	29	34
20505	2	14	24	9	47
20506	2	8	16	10	22
20507	2	25	23	18	42
20508	2	41	27	29	55
20509	2	24	6	31	11
20510	2	29	24	33	44
20511	4	55	24	820	58
20512	2	12	20	16	39
20513	4	22	24	276	56
20514	2	8	6	8	7
20515	2	30	24	34	29
20516	2	16	23	11	32
20517	4	15	16	210	55
20518	2	36	296	29	300
20519	2	21	22	15	42
20520	2	12	5	11	7
20521	2	40	24	29	44
20522	4	4	6	33	13
20523	2	14	20	11	25
20524	1	10	28	10	33
20525	2	13	5	12	9
20526	2	7	12	14	18
20527	2	8	6	8	9
20528	2	16	27	20	32
20529	2	30	24	35	30
20530	2	8	28	6	33
20531	2	14	16	18	22
20532	4	2	6	13	12
20533	2	15	19	30	25
20534	4	24	24	492	36
20535	2	14	17	18	37
20536	2	5	5	7	5
20537	4	12	28	55	84
20538	2	16	294	11	299
20539	2	19	24	21	41
20540	4	4	6	28	12
20541	2	12	16	13	21
20542	2	6	16	13	21
20543	2	7	24	6	24
20544	2	16	23	16	48
20545	2	18	19	18	25
20546	4	4	28	33	41
20547	2	32	20	43	26
20548	4	16	24	152	56
20549	2	9	23	8	38
20550	2	48	24	35	28
20551	2	12	6	24	7
20552	2	5	27	7	33
20553	4	29	26	593	39
20554	4	32	6	738	13
20555	2	7	28	14	34
20556	2	32	24	36	30
20557	4	38	24	378	58
20558	2	9	6	19	6
20559	1	12	17	12	23
20560	4	51	24	703	77
20561	4	2	5	9	11
20562	4	6	5	15	10
20563	1	6	24	6	28
20564	2	8	6	17	8
20565	2	10	16	13	20
20566	2	14	24	13	49
20567	2	17	24	12	42
20568	2	27	24	31	42
20569	2	10	6	20	6
20570	2	27	28	34	34
20571	2	22	24	23	34
20572	2	25	6	29	7
20573	4	17	23	78	54
20574	2	24	6	32	12
20575	2	16	16	136	29
20576	2	8	15	12	21
20577	2	25	24	26	33
20578	2	31	24	36	42
20579	2	7	6	6	9
20580	4	35	24	739	59
20581	4	19	6	297	13
20582	2	48	24	34	29
20583	4	3	6	25	12
20584	4	27	24	190	57
20585	4	40	24	406	59
20586	2	22	6	22	7
20587	2	15	6	12	6
20588	4	56	24	820	58
20589	2	3	20	6	25
20590	1	4	5	4	10
20591	2	25	6	35	10
20592	4	5	28	27	39
20593	4	19	6	323	13
20594	2	37	296	30	299
20595	2	8	20	45	30
20596	4	10	6	45	12
20597	2	35	26	40	54
20598	1	16	15	16	21
20599	4	29	24	465	60
20600	4	24	6	300	13
20601	4	19	6	190	13
20602	2	28	16	31	22
20603	2	22	28	22	57
20604	4	16	21	205	46
20605	4	22	24	120	57
20606	2	10	5	10	7
20607	4	22	6	462	14
20608	2	30	24	34	44
20609	2	27	6	31	10
20610	2	49	24	34	43
20611	4	37	24	351	63
20612	2	44	24	31	29
20613	2	31	24	34	42
20614	2	19	14	16	21
20615	2	12	28	13	55
20616	2	8	20	10	25
20617	4	33	24	698	58
20618	2	10	20	11	26
20619	1	14	28	14	33
20620	2	27	16	31	22
20621	2	26	24	29	30
20622	4	13	6	152	11
20623	2	17	23	12	28
20624	2	11	13	22	18
20625	2	10	6	10	10
20626	2	7	6	36	13
20627	2	38	24	27	32
20628	4	31	26	808	39
20629	2	35	296	27	301
20630	1	8	18	8	23
20631	2	22	18	25	24
20632	4	41	24	435	58
20633	4	9	5	715	25
20634	2	28	6	33	7
20635	2	5	5	10	7
20636	2	8	16	11	21
20637	2	26	6	378	12
20638	4	12	6	289	15
20639	2	48	24	35	29
20640	2	23	14	31	21
20641	2	35	296	27	306
20642	4	25	6	434	13
20643	4	22	24	346	79
20644	8	10	6	1573	24
20645	2	21	28	21	57
20646	4	10	6	90	12
20647	2	6	16	12	22
20648	4	27	25	406	83
20649	4	33	6	890	13
20650	2	24	24	28	27
20651	2	20	6	24	6
20652	4	19	24	91	55
20653	2	18	15	22	21
20654	2	6	4	7	4
20655	2	10	16	13	22
20656	4	34	28	739	82
20657	2	27	15	34	22
20658	4	29	6	767	13
20659	2	24	28	33	34
20660	2	14	24	13	32
20661	4	32	24	701	63
20662	2	17	20	21	26
20663	2	32	28	43	35
20664	2	34	28	38	57
20665	2	53	24	36	45
20666	2	9	28	12	49
20667	2	12	6	25	10
20668	2	46	27	33	55
20669	2	31	17	38	23
20670	2	7	5	7	9
20671	2	10	20	19	26
20672	2	52	28	37	57
20673	2	19	6	19	6
20674	2	14	16	18	25
20675	2	23	16	32	22
20676	2	27	296	22	305
20677	2	19	16	26	22
20678	2	16	296	13	316
20679	2	43	24	31	48
20680	1	14	6	14	6
20681	4	11	6	265	14
20682	4	5	6	21	12
20683	2	21	28	21	34
20684	1	37	6	37	7
20685	4	10	6	221	19
20686	2	31	28	35	52
20687	2	16	296	13	328
20688	2	29	24	20	46
20689	4	12	16	134	28
20690	4	28	6	465	13
20691	2	11	21	11	26
20692	4	11	6	243	14
20693	2	24	20	24	26
20694	4	21	6	12650	27
20695	2	5	15	6	23
20696	2	22	6	29	6
20697	4	23	24	300	55
20698	2	16	26	20	32
20699	2	7	6	14	7
20700	4	23	296	170	602
20701	4	19	16	190	29
20702	4	16	16	231	41
20703	2	6	18	12	25
20704	2	23	24	23	47
20705	2	33	28	35	56
20706	2	16	24	12	31
20707	2	18	16	24	21
20708	2	37	24	42	48
20709	4	19	6	8855	26
20710	1	11	24	11	48
20711	2	33	24	38	46
20712	1	18	19	19	25
20713	2	11	6	8	6
20714	2	12	6	16	6
20715	2	10	24	7	43
20716	2	29	22	34	31
20717	2	7	6	14	6
20718	2	48	296	38	302
20719	4	11	23	36	55
20720	2	9	23	10	26
20721	2	20	24	23	29
20722	4	34	24	736	51
20723	4	5	6	27	12
20724	4	22	23	120	54
20725	4	6	5	73	12
20726	2	7	5	9	5
20727	2	56	24	40	49
20728	4	29	6	528	17
20729	2	34	24	39	40
20730	4	40	24	406	58
20731	4	15	296	66	598
20732	2	14	28	18	34
20733	4	26	24	325	57
20734	2	18	28	24	49
20735	2	9	28	10	33
20736	2	35	24	40	49
20737	2	27	24	19	34
20738	2	26	6	351	13
20739	2	34	6	43	12
20740	2	11	19	22	25
20741	2	16	296	12	300
20742	4	29	295	275	615
20743	2	31	24	35	43
20744	2	22	6	30	6
20745	1	14	6	14	7
20746	2	8	20	11	25
20747	2	26	28	34	33
20748	2	33	24	38	28
20749	2	14	28	17	34
20750	2	11	15	22	21
20751	4	9	6	77	13
20752	1	7	6	8	6
20753	2	6	5	5	8
20754	2	30	19	37	26
20755	2	48	26	34	52
20756	4	6	6	28	12
20757	2	19	6	16	10
20758	4	10	6	88	15
20759	2	9	5	10	10
20760	4	48	296	739	612
20761	2	34	28	38	56
20762	4	8	6	145	14
20763	4	18	16	153	28
20764	2	27	28	19	56
20765	2	40	24	28	34
20766	2	54	24	38	31
20767	1	8	5	8	8
20768	2	31	24	22	34
20769	2	28	27	33	33
20770	4	15	20	120	31
20771	2	6	16	21	29
20772	4	6	27	85	38
20773	1	24	20	24	26
20774	2	32	24	34	26
20775	2	25	6	34	6
20776	2	42	24	31	34
20777	2	10	24	8	33
20778	2	19	24	14	28
20779	2	10	6	20	10
20780	2	5	14	10	21
20781	2	8	20	8	25
20782	4	7	19	28	30
20783	2	7	28	8	33
20784	2	14	16	19	21
20785	2	4	5	8	9
20786	4	34	24	778	62
20787	2	10	6	11	9
20788	2	20	6	210	12
20789	2	6	6	7	7
20790	2	17	24	18	32
20791	4	20	24	210	57
20792	2	12	27	15	47
20793	1	20	6	20	6
20794	2	48	296	38	302
20795	2	10	20	14	25
20796	4	17	24	91	54
20797	1	10	6	10	9
20798	4	39	25	406	81
20799	2	21	25	27	46
20800	4	15	296	66	602
20801	2	34	28	39	55
20802	4	23	15	373	28
20803	2	18	6	22	6
20804	4	33	28	276	84
20805	8	11	6	330	27
20806	4	9	6	181	12
20807	2	4	6	3	12
20808	2	15	20	19	26
20809	4	15	24	136	55
20810	1	26	16	24	22
20811	2	25	18	33	23
20812	2	29	24	33	34
20813	2	5	27	11	32
20814	1	5	5	5	7
20815	2	39	296	32	327
20816	2	23	24	26	30
20817	8	44	24	-1	-1
20818	4	5	5	45	10
20819	2	14	16	18	26
20820	2	4	5	10	10
20821	4	31	24	664	58
20822	4	27	24	406	74
20823	2	26	27	28	55
20824	2	25	28	18	57
20825	2	16	6	20	11
20826	2	5	16	6	21
20827	2	20	6	27	6
20828	2	9	28	12	34
20829	4	18	16	276	56
20830	4	2	5	9	12
20831	2	8	6	5	9
20832	2	24	26	18	55
20833	2	20	24	24	27
20834	2	18	6	21	6
20835	2	22	6	26	7
20836	2	32	28	37	57
20837	2	10	6	55	13
20838	2	21	24	15	41
20839	2	8	28	11	34
20840	2	18	28	17	34
20841	4	17	15	273	28
20842	2	13	24	13	45
20843	4	18	24	91	59
20844	4	8	24	21	57
20845	1	8	24	8	48
20846	2	25	27	18	57
20847	4	12	6	313	15
20848	2	9	24	9	43
20849	2	8	6	7	6
20850	2	22	24	25	48
20851	2	33	24	37	29
20852	2	20	16	26	22
20853	4	22	16	435	41
20854	2	25	20	35	26
20855	2	20	24	14	31
20856	8	9	6	5421	29
20857	4	8	6	36	15
20858	2	2	6	4	6
20859	2	22	24	25	32
20860	2	6	20	5	25
20861	2	34	24	39	48
20862	2	12	6	24	9
20863	4	14	16	153	28
20864	2	4	12	8	19
20865	2	34	25	36	54
20866	2	21	27	22	46
20867	2	17	6	19	6
20868	4	29	6	528	13
20869	2	16	6	21	10
20870	2	8	16	16	22
20871	2	46	24	33	34
20872	2	33	6	41	7
20873	2	27	28	30	58
20874	2	12	15	16	21
20875	2	3	15	6	21
20876	4	18	18	91	47
20877	2	23	28	17	57
20878	1	14	15	14	21
20879	2	15	24	16	28
20880	2	19	16	25	33
20881	2	14	19	17	24
20882	2	29	26	33	55
20883	2	38	24	28	48
20884	4	36	296	434	604
20885	2	31	24	34	33
20886	2	19	24	20	30
20887	2	18	296	14	314
20888	2	22	16	29	21
20889	2	16	27	13	32
20890	2	9	18	12	38
20891	4	6	14	36	34
20892	2	10	6	14	7
20893	8	40	24	31465	117
20894	2	22	24	23	44
20895	2	5	6	11	11
20896	2	12	23	8	39
20897	4	16	24	153	65
20898	2	17	24	13	32
20899	1	22	17	22	23
20900	2	8	6	16	12
20901	2	7	6	15	12
20902	4	10	6	88	12
20903	2	13	16	18	18
20904	2	6	27	8	47
20905	2	18	16	23	37
20906	2	50	296	39	303
20907	2	25	28	28	57
20908	2	8	5	6	5
20909	2	10	16	13	21
20910	2	28	19	32	26
20911	2	28	6	32	7
20912	4	44	24	496	56
20913	4	10	6	28	12
20914	4	7	6	36	12
20915	2	14	28	10	57
20916	2	49	24	34	33
20917	2	20	28	19	56
20918	4	18	24	136	57
20919	2	49	296	38	301
20920	2	34	24	39	46
20921	2	21	24	16	34
20922	4	29	6	593	13
20923	2	22	20	26	26
20924	1	12	20	12	26
20925	1	4	5	4	6
20926	4	30	296	299	598
20927	2	11	296	8	311
20928	2	20	6	21	9
20929	2	26	6	31	10
20930	2	21	28	26	34
20931	4	33	24	665	60
20932	2	3	18	7	22
20933	2	26	24	27	30
20934	2	9	6	19	11
20935	4	13	6	78	12
20936	2	31	28	22	55
20937	2	29	20	34	26
20938	1	10	27	10	33
20939	2	19	24	21	45
20940	2	26	24	26	29
20941	2	23	24	27	47
20942	4	32	24	627	77
20943	2	38	24	27	29
20944	2	5	16	7	34
20945	2	16	27	21	48
20946	2	26	24	19	29
20947	2	16	19	21	25
20948	2	28	24	31	33
20949	2	39	24	28	48
20950	2	13	6	17	8
20951	4	18	16	300	42
20952	2	33	24	36	29
20953	1	14	6	14	6
20954	4	19	16	325	40
20955	1	16	6	16	6
20956	2	16	16	16	20
20957	2	30	27	36	33
20958	2	26	24	19	28
20959	2	19	20	24	41
20960	2	4	5	10	12
20961	2	16	27	11	54
20962	2	22	24	25	39
20963	2	19	28	24	34
20964	2	19	296	14	316
20965	2	10	6	55	18
20966	2	12	27	13	32
20967	4	27	23	406	76
20968	2	20	6	23	9
20969	2	19	24	21	49
20970	2	21	16	27	25
20971	2	15	16	25	21
20972	2	23	6	24	11
20973	4	31	6	733	13
20974	4	22	6	300	12
20975	2	31	24	34	33
20976	2	13	295	9	315
20977	2	15	16	15	21
20978	2	33	16	40	22
20979	2	10	24	7	45
20980	2	18	27	136	40
20981	1	8	19	9	23
20982	4	44	24	496	57
20983	2	13	8	17	15
20984	1	12	6	12	10
20985	2	13	24	15	29
20986	2	7	295	6	312
20987	2	20	26	27	32
20988	4	6	5	85	13
20989	4	8	19	145	32
20990	4	13	6	91	13
20991	2	7	13	6	19
20992	2	26	24	19	33
20993	4	11	16	105	42
20994	2	13	18	26	24
20995	2	14	6	120	13
20996	4	6	20	28	32
20997	1	6	28	6	56
20998	2	9	6	12	7
20999	2	10	28	14	34
21000	2	32	13	37	18
21001	2	19	16	26	22
21002	2	17	20	22	26
21003	2	18	6	19	11
21004	2	9	20	11	26
21005	2	33	24	37	29
21006	4	9	27	66	62
21007	2	11	6	23	11
21008	2	28	24	27	46
21009	2	20	24	19	29
21010	2	18	296	13	326
21011	2	19	16	23	22
21012	1	20	20	20	26
21013	2	18	27	17	56
21014	2	13	16	17	35
21015	4	28	6	728	13
21016	4	6	6	85	14
21017	4	18	6	297	13
21018	2	16	24	11	43
21019	4	30	6	663	14
21020	4	51	24	666	74
21021	2	20	27	20	56
21022	2	51	24	36	27
21023	4	22	16	465	57
21024	1	14	15	14	21
21025	2	4	5	9	11
21026	4	26	24	430	53
21027	2	29	15	36	21
21028	4	9	20	66	60
21029	2	12	27	25	33
21030	2	24	26	17	54
21031	2	30	24	22	33
21032	2	33	24	36	32
21033	2	9	5	9	5
21034	2	14	20	13	26
21035	2	32	24	32	50
21036	2	9	6	19	10
21037	4	7	18	99	31
21038	2	18	28	17	32
21039	4	26	24	460	59
21040	2	9	6	12	10
21041	2	19	16	25	21
21042	2	8	28	36	41
21043	2	16	6	13	6
21044	4	19	24	190	58
21045	2	22	24	26	30
21046	2	10	16	13	21
21047	1	16	16	16	22
21048	2	35	24	38	32
21049	2	26	22	17	42
21050	1	20	6	20	10
21051	2	19	296	15	319
21052	2	12	6	24	11
21053	2	47	24	33	32
21054	2	31	24	34	33
21055	2	3	16	7	22
21056	2	20	26	26	47
21057	2	5	16	10	22
21058	1	6	15	6	21
21059	2	29	28	38	33
21060	4	13	6	339	19
21061	2	23	16	46	22
21062	2	8	6	10	6
21063	2	31	24	34	42
21064	2	21	28	28	48
21065	2	4	27	9	33
21066	2	54	24	38	43
21067	2	23	24	23	30
21068	1	22	28	22	34
21069	2	10	16	13	36
21070	2	6	15	12	21
21071	2	10	16	20	23
21072	2	15	16	21	22
21073	2	25	24	29	46
21074	2	15	6	21	6
21075	4	35	296	377	600
21076	4	17	23	78	69
21077	2	26	18	31	23
21078	2	30	28	496	41
21079	2	4	14	5	19
21080	1	28	6	29	6
21081	2	11	16	14	20
21082	2	3	15	6	20
21083	2	20	27	24	53
21084	2	32	24	23	45
21085	2	16	19	16	23
21086	2	6	16	12	22
21087	1	8	24	8	33
21088	4	11	16	105	53
21089	2	32	24	33	45
21090	2	20	24	24	27
21091	2	30	24	31	48
21092	2	8	6	16	9
21093	4	33	24	739	56
21094	4	5	15	21	40
21095	1	6	19	6	24
21096	1	7	24	7	35
21097	2	9	16	7	21
21098	2	23	6	32	7
21099	4	3	13	10	47
21100	2	27	24	28	34
21101	2	11	16	22	22
21102	2	19	13	26	19
21103	2	56	28	40	57
21104	2	5	5	7	6
21105	2	8	6	16	10
21106	4	28	296	230	600
21107	4	37	24	351	59
21108	1	33	18	34	24
21109	4	27	24	378	58
21110	2	18	24	12	27
21111	2	9	22	6	44
21112	2	6	19	12	25
21113	4	14	5	91	11
21114	2	6	6	12	7
21115	4	13	6	105	12
21116	2	8	24	6	32
21117	2	10	24	55	54
21118	4	11	22	28	44
21119	2	14	6	18	6
21120	2	26	6	29	10
21121	2	9	24	45	62
21122	4	23	6	373	13
21123	2	19	6	19	6
21124	2	20	24	21	33
21125	2	14	18	18	24
21126	4	16	28	66	84
21127	2	52	24	38	33
21128	2	9	6	18	6
21129	2	25	24	29	45
21130	2	14	6	13	6
21131	1	6	24	6	32
21132	2	14	27	18	33
21133	2	25	28	34	34
21134	2	22	6	30	8
21135	2	18	20	22	26
21136	2	24	18	31	38
21137	2	35	24	38	30
21138	2	4	28	8	33
21139	2	26	24	27	29
21140	4	26	296	209	600
21141	4	30	24	496	57
21142	2	30	24	30	31
21143	2	18	6	18	6
21144	2	6	20	13	25
21145	2	30	20	34	26
21146	2	18	24	19	46
21147	2	21	24	24	49
21148	2	22	16	30	36
21149	2	9	19	11	25
21150	2	30	6	33	6
21151	4	24	24	401	55
21152	4	28	25	559	84
21153	2	21	6	28	7
21154	2	9	24	6	42
21155	2	5	16	6	26
21156	2	17	6	23	11
21157	4	22	15	300	26
21158	1	8	20	8	26
21159	2	26	6	29	6
21160	2	25	24	17	29
21161	4	5	6	45	13
21162	1	14	6	14	6
21163	2	17	16	22	20
21164	2	31	24	35	45
21165	1	23	19	24	25
21166	2	28	24	29	29
21167	4	15	22	66	73
21168	4	16	6	136	12
21169	2	22	6	26	10
21170	2	12	28	24	34
21171	2	4	6	9	7
21172	2	29	24	31	49
21173	2	31	6	38	6
21174	2	22	24	23	30
21175	4	2	5	9	10
21176	1	8	6	8	10
21177	2	45	28	32	56
21178	2	7	28	7	33
21179	2	12	24	8	28
21180	2	31	24	22	49
21181	2	18	27	24	33
21182	2	19	28	26	34
21183	2	30	24	32	44
21184	2	24	19	27	24
21185	2	12	24	25	30
21186	2	46	24	32	44
21187	2	54	24	38	48
21188	4	24	16	496	42
21189	4	6	6	43	12
21190	4	18	6	248	12
21191	4	7	6	99	14
21192	4	14	24	55	54
21193	2	57	24	41	31
21194	4	22	16	435	58
21195	2	43	24	31	28
21196	4	32	6	665	13
21197	2	26	6	31	6
21198	2	9	6	19	11
21199	2	8	6	16	6
21200	2	9	4	7	5
21201	1	9	24	9	32
21202	2	15	23	15	31
21203	2	15	24	16	29
21204	2	25	24	26	31
21205	2	20	16	27	21
21206	2	34	15	44	21
21207	2	7	20	9	25
21208	2	25	295	19	320
21209	2	34	28	24	55
21210	2	5	6	6	6
21211	4	19	16	351	42
21212	4	18	24	248	67
21213	2	3	15	5	21
21214	2	21	24	15	28
21215	2	30	24	31	28
21216	2	9	5	55	11
21217	4	9	6	181	13
21218	4	2	16	13	24
21219	2	26	27	33	33
21220	2	9	19	18	25
21221	2	30	24	32	30
21222	4	18	24	171	78
21223	2	24	295	19	315
21224	2	24	28	28	34
21225	4	14	24	55	73
21226	4	6	28	73	42
21227	4	20	24	231	59
21228	2	9	6	12	6
21229	4	33	25	661	79
21230	4	50	24	666	59
21231	2	49	296	38	320
21232	2	21	296	14	330
21233	1	43	6	43	11
21234	2	17	24	18	30
21235	2	6	20	13	25
21236	2	18	24	22	30
21237	2	24	6	26	6
21238	4	8	5	15	11
21239	2	10	16	7	21
21240	4	27	6	489	12
21241	2	25	28	26	33
21242	2	9	6	19	6
21243	2	15	5	18	5
21244	2	16	6	18	6
21245	2	21	14	22	20
21246	2	35	24	40	44
21247	4	8	6	36	11
21248	2	40	23	28	28
21249	2	30	296	25	303
21250	2	18	296	14	327
21251	4	17	16	276	44
21252	2	18	20	15	26
21253	4	29	24	495	73
21254	2	31	24	34	44
21255	2	11	23	7	23
21256	1	16	27	17	33
21257	2	11	6	22	9
21258	4	17	16	276	42
21259	4	19	5	190	12
21260	2	27	20	33	26
21261	2	33	6	41	11
21262	4	3	6	15	14
21263	2	10	20	13	25
21264	2	47	24	33	46
21265	8	11	6	11969	28
21266	2	45	296	35	320
21267	2	17	28	23	34
21268	1	7	28	7	55
21269	2	18	24	21	48
21270	2	10	6	66	13
21271	2	10	16	13	36
21272	4	45	24	561	59
21273	2	13	15	14	21
21274	2	15	26	11	54
21275	2	13	17	18	22
21276	4	16	24	170	56
21277	2	42	24	30	48
21278	2	5	20	11	25
21279	2	13	6	17	6
21280	4	31	24	231	58
21281	2	13	24	9	44
21282	2	7	6	14	11
21283	2	14	6	105	14
21284	2	22	16	23	21
21285	2	9	27	18	34
21286	4	9	6	181	14
21287	2	18	296	13	321
21288	2	18	20	24	25
21289	2	42	296	33	315
21290	4	16	24	152	57
21291	2	7	19	6	42
21292	1	8	25	9	31
21293	1	18	20	18	26
21294	2	21	24	21	30
21295	2	52	24	36	30
21296	2	40	27	28	56
21297	2	23	25	30	45
21298	2	6	6	12	8
21299	2	18	16	21	22
21300	2	51	24	37	28
21301	4	12	6	117	12
21302	2	7	5	9	5
21303	4	15	23	120	56
21304	2	11	20	8	25
21305	2	13	16	10	21
21306	2	7	15	8	20
21307	2	24	28	28	34
21308	2	10	6	55	17
21309	4	14	6	188	17
21310	2	9	24	9	44
21311	2	7	16	9	26
21312	2	55	24	39	45
21313	2	29	6	31	9
21314	4	12	16	66	27
21315	2	16	6	20	10
21316	2	13	16	17	20
21317	2	24	26	28	52
21318	2	22	24	26	43
21319	2	14	6	105	13
21320	2	23	6	300	13
21321	1	12	13	13	19
21322	2	20	24	21	30
21323	2	8	28	6	53
21324	2	6	19	12	25
21325	4	24	23	153	52
21326	2	29	24	33	40
21327	1	33	6	34	7
21328	2	32	296	26	305
21329	2	38	24	27	28
21330	8	17	24	9576	105
21331	2	3	6	7	11
21332	2	12	24	14	43
21333	8	23	21	23050	83
21334	2	4	15	5	26
21335	2	15	20	12	26
21336	4	12	6	134	13
21337	2	7	6	14	6
21338	4	28	24	435	56
21339	2	12	20	24	26
21340	2	24	6	28	6
21341	4	24	24	347	71
21342	1	8	28	8	33
21343	4	11	6	243	15
21344	2	31	24	35	32
21345	4	44	24	528	78
21346	2	18	6	171	13
21347	2	44	24	31	31
21348	2	22	19	29	25
21349	1	10	27	10	33
21350	2	3	19	6	24
21351	2	43	24	31	28
21352	4	11	6	104	12
21353	2	22	24	22	26
21354	8	31	24	-1	-1
21355	8	7	16	686	82
21356	2	26	28	19	56
21357	2	30	24	34	43
21358	2	5	15	10	22
21359	2	24	24	25	32
21360	4	9	5	55	10
21361	2	20	27	14	55
21362	4	21	23	297	58
21363	2	3	6	7	6
21364	2	15	14	15	20
21365	2	23	27	27	33
21366	2	20	24	19	33
21367	2	9	19	10	39
21368	2	5	27	10	33
21369	2	33	24	37	34
21370	2	23	19	27	26
21371	4	6	6	28	12
21372	2	23	28	29	48
21373	4	33	24	664	59
21374	4	21	19	903	32
21375	4	10	5	90	11
21376	4	22	296	136	600
21377	2	10	26	9	31
21378	2	12	28	25	34
21379	2	22	20	26	26
21380	2	10	6	13	12
21381	2	8	19	8	24
21382	4	21	23	120	55
21383	2	26	24	29	29
21384	2	29	24	21	33
21385	2	24	16	27	22
21386	2	32	16	40	22
21387	2	22	24	26	42
21388	2	6	20	9	25
21389	4	17	28	105	40
21390	2	14	23	17	38
21391	2	16	15	20	20
21392	2	31	28	36	57
21393	2	5	25	9	30
21394	2	57	24	41	39
21395	2	31	20	35	26
21396	2	14	24	17	38
21397	2	24	16	29	22
21398	2	12	6	78	13
21399	4	6	6	73	14
21400	2	20	24	19	45
21401	2	9	16	12	21
21402	2	22	26	26	54
21403	2	20	24	21	29
21404	2	12	6	10	12
21405	4	20	24	210	77
21406	2	10	296	7	329
21407	2	22	28	30	34
21408	2	11	23	12	23
21409	2	36	24	41	39
21410	4	13	28	133	73
21411	2	15	6	20	6
21412	2	24	6	300	13
21413	2	35	24	25	45
21414	2	31	24	22	47
21415	4	10	6	45	12
21416	2	12	28	25	34
21417	2	31	24	22	52
21418	2	27	24	30	46
21419	2	13	16	13	22
21420	2	11	18	22	25
21421	2	7	26	8	30
21422	2	17	6	23	6
21423	1	22	6	23	9
21424	2	35	19	45	25
21425	2	4	27	9	33
21426	2	15	295	11	303
21427	2	25	27	35	33
21428	2	21	23	15	32
21429	4	19	24	190	61
21430	4	17	20	105	32
21431	2	8	20	36	31
21432	4	26	295	210	616
21433	1	10	13	10	18
21434	2	31	6	38	6
21435	2	20	6	24	6
21436	2	16	296	12	295
21437	2	13	24	14	48
21438	2	18	16	24	26
21439	2	28	27	28	55
21440	1	7	20	8	25
21441	2	20	13	27	20
21442	1	45	28	45	34
21443	2	13	296	10	311
21444	4	7	16	45	41
21445	2	4	28	9	34
21446	2	7	6	15	7
21447	2	18	28	22	35
21448	2	16	296	12	316
21449	2	6	6	12	10
21450	2	12	16	15	25
21451	2	13	6	15	11
21452	8	50	24	-1	-1
21453	2	11	14	12	19
21454	2	13	24	16	39
21455	1	10	24	10	35
21456	2	6	15	8	22
21457	2	11	27	22	33
21458	4	5	5	27	11
21459	1	10	6	10	9
21460	2	13	28	13	57
21461	4	10	6	45	12
21462	2	28	20	31	26
21463	2	5	28	6	33
21464	4	10	6	66	12
21465	4	22	24	253	56
21466	4	10	6	66	12
21467	2	4	6	9	10
21468	2	10	6	20	10
21469	2	11	20	14	39
21470	2	3	5	6	10
21471	2	13	296	9	328
21472	2	16	6	136	12
21473	2	10	16	13	37
21474	2	20	27	28	34
21475	2	11	20	12	26
21476	2	21	24	20	46
21477	2	31	6	36	9
21478	2	48	296	39	315
21479	1	14	6	12	10
21480	2	17	18	23	23
21481	2	9	6	18	9
21482	2	10	6	21	6
21483	2	18	16	18	21
21484	4	18	24	190	58
21485	2	12	5	11	5
21486	2	20	22	14	31
21487	2	11	20	15	41
21488	2	13	20	26	26
21489	2	29	295	22	318
21490	4	35	24	325	56
21491	2	18	28	16	56
21492	1	11	24	11	31
21493	2	9	6	12	10
21494	2	20	18	24	23
21495	2	48	24	35	42
21496	2	10	19	13	37
21497	4	20	6	190	18
21498	2	22	20	29	40
21499	1	22	6	22	9
21500	2	14	6	120	13
21501	2	29	296	22	301
21502	2	27	18	33	23
21503	2	8	6	9	10
21504	2	11	24	10	46
21505	2	6	15	8	19
21506	2	24	23	17	26
21507	4	11	24	78	58
21508	2	26	28	29	58
21509	2	6	5	21	14
21510	2	25	27	18	50
21511	4	18	16	300	43
21512	4	25	24	348	61
21513	2	8	28	16	34
21514	2	33	296	25	318
21515	2	29	24	21	32
21516	2	21	23	22	45
21517	2	25	6	29	10
21518	2	4	20	5	35
21519	2	22	26	26	32
21520	2	10	28	14	33
21521	4	9	6	77	12
21522	2	14	19	18	40
21523	2	19	28	19	55
21524	2	14	23	10	45
21525	1	14	6	14	7
21526	1	20	16	20	22
21527	2	34	6	43	6
21528	1	13	6	13	6
21529	4	24	21	136	51
21530	4	24	6	492	12
21531	2	35	24	25	29
21532	4	12	6	91	12
21533	4	28	24	523	57
21534	4	13	6	119	12
21535	2	29	28	34	56
21536	2	32	24	35	43
21537	4	9	6	163	14
21538	2	24	20	32	41
21539	4	18	6	190	12
21540	2	25	26	33	46
21541	4	51	296	818	601
21542	4	24	6	374	13
21543	2	29	24	33	28
21544	4	46	24	561	60
21545	2	19	24	21	28
21546	2	10	16	10	21
21547	2	14	24	14	30
21548	2	32	28	37	56
21549	2	18	26	22	49
21550	2	31	6	41	6
21551	2	19	18	18	23
21552	2	16	24	19	43
21553	2	23	6	23	12
21554	2	9	19	11	25
21555	2	23	5	22	10
21556	2	30	24	33	53
21557	2	9	27	11	44
21558	2	10	16	13	21
21559	2	12	6	16	10
21560	2	40	296	32	305
21561	2	6	20	12	26
21562	1	10	20	10	25
21563	2	23	14	29	20
21564	2	29	16	38	22
21565	2	13	19	14	24
21566	2	42	24	31	47
21567	2	48	296	39	306
21568	2	29	16	35	22
21569	2	26	24	19	48
21570	8	10	6	2171	27
21571	2	10	20	20	26
21572	2	2	5	5	6
21573	2	26	19	31	25
21574	2	30	16	36	22
21575	2	20	27	27	33
21576	2	11	14	14	20
21577	4	19	6	323	13
21578	4	33	24	739	55
21579	4	12	6	91	16
21580	2	25	6	34	6
21581	4	23	16	465	43
21582	2	22	6	26	6
21583	4	26	24	494	56
21584	4	25	28	561	70
21585	4	16	6	205	12
21586	2	9	13	9	18
21587	2	15	13	20	18
21588	1	8	26	8	32
21589	2	16	6	21	10
21590	2	32	23	33	44
21591	2	4	17	8	22
21592	2	23	16	31	36
21593	4	26	24	460	47
21594	2	19	20	26	41
21595	2	7	6	9	6
21596	2	19	6	25	7
21597	2	15	24	16	45
21598	1	5	24	4	31
21599	2	20	24	15	29
21600	4	17	26	78	81
21601	2	12	24	9	31
21602	2	8	28	16	35
21603	4	14	24	91	59
21604	2	17	6	18	6
21605	2	6	6	7	11
21606	4	22	21	349	51
21607	2	8	24	36	57
21608	2	28	24	33	48
21609	2	8	20	16	26
21610	1	11	24	11	49
21611	2	30	296	24	320
21612	2	14	6	13	7
21613	2	23	19	31	39
21614	1	24	16	24	22
21615	8	26	296	8645	1192
21616	2	18	27	24	33
21617	4	31	24	664	56
21618	4	12	27	91	39
21619	2	25	28	26	56
21620	2	47	24	34	42
21621	4	12	16	120	43
21622	4	7	4	28	8
21623	2	13	6	26	11
21624	2	32	28	36	58
21625	2	11	6	9	6
21626	4	25	6	591	13
21627	1	24	6	25	6
21628	2	26	6	30	6
21629	4	9	6	163	14
21630	2	8	28	10	48
21631	2	21	16	28	37
21632	2	12	28	13	33
21633	2	20	6	210	12
21634	2	10	296	7	321
21635	2	44	24	31	48
21636	2	6	6	12	12
21637	2	24	24	17	29
21638	2	5	6	10	6
21639	2	15	28	20	34
21640	2	32	24	36	46
21641	4	33	24	661	58
21642	2	12	20	15	41
21643	2	20	6	210	12
21644	4	27	28	495	40
21645	2	35	24	42	30
21646	2	22	6	253	12
21647	2	19	26	26	46
21648	4	20	16	351	42
21649	4	57	24	820	59
21650	2	13	24	10	33
21651	2	24	6	31	7
21652	1	18	16	18	21
21653	2	15	28	19	46
21654	2	23	6	23	11
21655	2	22	27	24	33
21656	2	8	22	7	22
21657	4	31	24	253	59
21658	2	21	16	42	23
21659	1	8	5	8	6
21660	1	9	15	10	21
21661	4	33	24	773	48
21662	2	8	6	12	6
21663	4	3	5	19	11
21664	2	24	6	32	11
21665	2	26	27	30	56
21666	2	8	5	8	5
21667	4	23	24	300	62
21668	2	14	28	105	40
21669	4	19	6	348	12
21670	2	23	16	31	22
21671	2	9	6	8	11
21672	4	8	6	55	12
21673	2	25	6	29	6
21674	1	4	19	4	25
21675	2	19	23	14	33
21676	2	19	28	21	56
21677	2	23	24	16	49
21678	1	5	27	5	55
21679	4	24	24	153	57
21680	4	9	6	181	13
21681	1	8	20	8	25
21682	4	53	24	780	58
21683	2	12	6	15	10
21684	4	34	28	936	40
21685	2	15	20	15	26
21686	2	33	24	37	45
21687	2	8	24	5	33
21688	2	20	6	210	13
21689	2	30	16	34	22
21690	4	21	24	105	57
21691	2	13	20	10	26
21692	4	20	16	351	57
21693	2	29	28	30	56
21694	4	13	6	351	19
21695	2	13	6	14	10
21696	2	17	24	16	45
21697	2	8	19	10	24
21698	2	20	16	19	22
21699	1	15	6	16	6
21700	2	13	28	17	47
21701	2	29	24	31	31
21702	4	16	24	66	57
21703	4	27	6	406	15
21704	4	21	6	253	14
21705	2	5	6	7	6
21706	2	30	24	35	34
21707	2	23	296	18	313
21708	2	5	6	10	12
21709	4	47	24	561	57
21710	2	10	5	9	5
21711	2	22	28	23	33
21712	2	40	24	28	49
21713	4	9	6	181	14
21714	4	40	24	435	60
21715	2	26	24	19	48
21716	2	25	24	28	28
21717	2	28	14	30	20
21718	2	35	24	25	43
21719	2	10	6	20	11
21720	2	14	26	19	32
21721	4	23	6	373	13
21722	2	11	27	22	33
21723	2	24	16	32	21
21724	2	24	15	29	22
21725	2	22	23	16	46
21726	4	26	24	190	52
21727	2	4	28	8	34
21728	2	18	20	15	25
21729	2	12	28	25	34
21730	2	15	18	20	24
21731	4	24	24	171	74
21732	4	39	28	406	85
21733	2	12	24	13	29
21734	1	14	6	14	10
21735	2	15	20	21	26
21736	2	27	6	31	11
21737	2	18	24	21	32
21738	2	31	24	34	28
21739	1	16	6	16	6
21740	4	14	5	169	12
21741	4	10	16	105	45
21742	2	6	26	7	31
21743	2	7	6	15	7
21744	2	23	16	30	37
21745	2	24	24	17	40
21746	2	11	6	22	8
21747	2	9	6	19	10
21748	1	12	18	12	24
21749	2	14	16	17	22
21750	2	3	15	4	19
21751	2	33	24	24	33
21752	2	21	24	22	30
21753	2	4	5	15	11
21754	2	24	28	48	34
21755	2	4	16	5	21
21756	2	32	23	37	31
21757	2	21	24	22	34
21758	2	47	24	34	34
21759	4	19	24	105	56
21760	2	4	16	8	22
21761	2	15	15	12	21
21762	2	11	24	10	29
21763	2	2	20	5	26
21764	4	24	23	153	56
21765	1	24	18	24	23
21766	4	11	16	120	42
21767	2	12	6	15	8
21768	2	13	27	17	33
21769	2	23	24	23	31
21770	2	5	28	11	34
21771	2	13	24	12	46
21772	2	24	19	25	25
21773	2	17	6	23	10
21774	2	8	27	16	33
21775	4	23	6	299	14
21776	4	23	24	136	55
21777	2	11	6	22	6
21778	4	28	24	210	57
21779	4	3	20	25	32
21780	4	28	24	210	60
21781	4	14	6	166	13
21782	2	15	15	18	20
21783	2	29	6	35	11
21784	2	18	19	24	26
21785	2	6	6	12	10
21786	4	8	24	15	74
21787	4	32	24	701	57
21788	4	25	24	406	63
21789	4	20	6	298	13
21790	1	8	14	8	20
21791	2	19	295	16	326
21792	2	25	16	31	22
21793	2	7	28	6	33
21794	2	48	24	35	29
21795	4	21	296	120	591
21796	2	23	16	26	22
21797	4	22	6	461	13
21798	2	11	5	66	10
21799	2	30	24	34	29
21800	2	18	6	15	9
21801	2	49	24	35	42
21802	2	24	19	27	24
21803	2	12	6	25	11
21804	1	26	19	27	26
21805	2	21	6	21	7
21806	2	12	6	14	11
21807	2	46	24	33	29
21808	2	29	27	32	57
21809	4	11	24	78	47
21810	2	12	6	15	8
21811	4	33	24	698	56
21812	2	29	24	34	45
21813	4	15	6	120	13
21814	2	22	24	22	30
21815	4	31	24	528	74
21816	2	26	28	19	56
21817	2	22	14	26	20
21818	2	16	19	21	39
21819	4	45	296	664	602
21820	2	40	24	28	42
21821	1	14	16	14	22
21822	2	51	24	37	44
21823	4	2	20	10	33
21824	4	32	26	811	39
21825	2	11	6	12	10
21826	2	25	24	27	41
21827	2	18	15	18	21
21828	2	11	6	23	7
21829	2	9	16	6	20
21830	2	34	24	39	47
21831	2	31	24	35	30
21832	2	11	296	9	297
21833	8	27	296	12397	1203
21834	2	45	24	32	44
21835	4	27	6	406	13
21836	1	16	6	16	11
21837	2	12	23	9	30
21838	4	26	24	460	57
21839	2	15	6	12	6
21840	2	12	19	13	29
21841	2	20	24	21	47
21842	4	16	24	66	78
21843	2	4	26	6	45
21844	8	9	5	210	24
21845	2	16	24	16	30
21846	2	24	16	28	22
21847	4	18	6	210	12
21848	2	10	16	14	25
21849	2	5	18	7	38
21850	2	29	28	33	34
21851	2	45	24	32	33
21852	2	8	16	5	20
21853	2	19	28	26	34
21854	2	15	18	19	24
21855	2	16	23	12	43
21856	2	8	6	16	7
21857	2	56	24	40	29
21858	2	42	296	34	327
21859	2	15	24	18	44
21860	2	31	296	24	301
21861	2	27	6	35	7
21862	2	47	296	37	320
21863	2	11	24	11	33
21864	4	18	6	229	13
21865	2	30	14	36	20
21866	2	9	20	12	26
21867	2	53	24	37	48
21868	1	9	16	10	21
21869	2	14	294	11	310
21870	2	31	26	22	53
21871	4	31	6	808	13
21872	4	47	24	595	57
21873	2	30	28	21	55
21874	2	10	6	13	10
21875	1	11	16	12	22
21876	2	20	6	23	8
21877	4	16	6	153	17
21878	2	11	6	11	10
21879	2	11	24	45	60
21880	2	25	23	18	33
21881	1	6	12	6	19
21882	4	19	25	351	67
21883	2	41	24	29	47
21884	2	12	17	16	22
21885	2	48	296	38	319
21886	1	22	28	23	34
21887	2	19	24	23	48
21888	2	24	20	28	26
21889	2	21	296	15	301
21890	2	2	5	5	9
21891	4	28	24	210	54
21892	2	17	28	21	33
21893	2	5	20	6	26
21894	4	20	296	136	601
21895	4	21	24	320	48
21896	2	5	6	11	11
21897	2	17	28	23	35
21898	2	11	17	22	24
21899	2	4	20	8	25
21900	2	11	6	13	6
21901	2	33	6	40	6
21902	2	14	24	10	39
21903	2	20	6	27	7
21904	2	22	20	30	27
21905	2	4	4	10	9
21906	4	5	18	28	59
21907	2	25	27	29	56
21908	2	18	24	17	33
21909	4	50	24	630	57
21910	2	25	28	28	34
21911	2	15	28	18	33
21912	2	5	26	10	32
21913	2	4	28	9	34
21914	1	24	26	25	31
21915	2	25	21	17	45
21916	2	15	16	20	20
21917	2	12	6	16	6
21918	2	21	296	15	305
21919	2	24	24	24	43
21920	2	27	24	28	32
21921	4	24	19	375	32
21922	2	35	24	26	44
21923	4	27	18	522	30
21924	2	8	16	10	38
21925	2	24	28	27	33
21926	2	34	24	39	45
21927	2	18	24	21	30
21928	2	26	24	31	32
21929	2	48	24	35	29
21930	2	32	24	36	33
21931	2	7	6	15	7
21932	2	38	24	27	27
21933	2	10	296	7	317
21934	2	20	16	26	25
21935	2	7	3	8	6
21936	2	41	296	32	299
21937	2	17	23	17	41
21938	1	12	6	12	9
21939	2	6	16	7	24
21940	2	22	24	23	43
21941	4	20	24	295	47
21942	2	11	13	13	19
21943	2	8	6	9	6
21944	2	24	24	17	29
21945	2	12	19	24	26
21946	4	27	24	190	57
21947	2	33	22	23	46
21948	2	8	6	16	7
21949	4	20	27	375	39
21950	2	8	16	10	21
21951	2	29	24	32	47
21952	8	9	6	210	23
21953	2	24	26	32	33
21954	4	34	28	978	40
21955	2	21	28	24	56
21956	2	10	20	20	26
21957	2	53	24	37	48
21958	2	27	16	30	23
21959	1	24	20	24	26
21960	2	14	16	18	24
21961	2	26	28	29	56
21962	2	10	18	13	24
21963	4	54	24	780	57
21964	2	24	6	30	6
21965	4	31	24	625	55
21966	2	7	15	11	20
21967	2	15	293	11	299
21968	8	10	16	1782	74
21969	1	10	24	10	47
21970	2	43	296	34	300
21971	2	29	6	33	6
21972	2	45	296	35	328
21973	4	19	24	210	58
21974	2	16	24	18	27
21975	2	25	24	26	45
21976	2	3	11	6	19
21977	4	23	6	253	13
21978	2	27	24	31	31
21979	2	19	24	18	44
21980	1	28	28	29	34
21981	1	4	16	4	16
21982	2	16	28	12	57
21983	2	25	24	26	27
21984	2	8	292	6	324
21985	2	17	6	18	11
21986	2	26	16	351	28
21987	2	9	19	9	24
21988	2	43	24	30	34
21989	1	6	13	6	18
21990	4	30	6	590	13
21991	1	8	24	8	34
21992	4	53	24	741	78
21993	8	3	5	85	28
21994	2	7	5	6	5
21995	2	2	5	4	9
21996	2	21	28	22	57
21997	2	16	6	32	7
21998	2	11	24	12	44
21999	2	10	27	7	32
22000	2	23	24	27	33
22001	2	15	296	11	300
22002	2	12	20	16	40
22003	4	47	24	561	63
22004	2	23	20	31	26
22005	2	10	6	7	6
22006	2	16	27	11	53
22007	4	41	24	435	58
22008	2	5	28	11	34
22009	4	18	6	210	12
22010	2	18	15	22	20
22011	8	20	6	7315	26
22012	4	29	24	491	57
22013	2	30	24	34	28
22014	4	9	15	65	26
22015	2	12	6	25	7
22016	4	14	295	77	598
22017	2	20	19	27	25
22018	2	21	6	24	6
22019	2	22	21	23	42
22020	2	23	25	32	31
22021	4	21	24	231	60
22022	2	7	15	14	21
22023	2	40	295	32	318
22024	2	19	28	23	34
22025	2	13	6	17	9
22026	2	34	24	24	45
22027	2	12	27	16	33
22028	4	12	18	313	31
22029	2	33	6	41	6
22030	2	33	24	35	50
22031	2	13	5	15	5
22032	2	30	24	21	45
22033	2	12	6	12	6
22034	2	15	24	16	46
22035	2	16	20	17	26
22036	2	13	6	26	11
22037	2	33	6	42	9
22038	2	5	6	7	7
22039	4	24	6	525	13
22040	2	11	16	14	36
22041	8	12	24	330	110
22042	2	7	16	10	21
22043	2	10	28	9	34
22044	2	13	23	10	43
22045	2	6	16	13	21
22046	2	15	20	20	26
22047	2	4	18	10	28
22048	2	14	20	13	25
22049	4	4	15	15	29
22050	2	5	15	7	20
22051	4	45	24	561	57
22052	2	16	19	16	24
22053	2	5	5	21	11
22054	2	12	15	11	21
22055	2	26	24	30	34
22056	2	16	6	136	12
22057	4	8	6	73	15
22058	2	20	6	19	6
22059	2	23	15	26	21
22060	2	4	19	9	24
22061	4	44	296	628	602
22062	2	20	6	21	11
22063	2	3	6	6	8
22064	4	9	19	21	66
22065	2	28	28	32	34
22066	2	4	28	5	43
22067	2	34	27	45	33
22068	2	26	15	33	21
22069	1	19	28	19	35
22070	2	17	24	16	49
22071	4	11	6	115	12
22072	2	17	28	17	58
22073	2	29	24	31	42
22074	2	8	20	8	25
22075	2	19	24	23	42
22076	2	53	24	38	51
22077	4	7	23	21	55
22078	2	11	28	23	34
22079	2	26	23	31	30
22080	2	10	6	55	12
22081	2	26	24	26	48
22082	4	27	6	522	14
22083	4	14	6	66	13
22084	1	20	27	21	33
22085	2	14	24	15	43
22086	2	29	24	31	33
22087	2	34	24	24	44
22088	2	24	20	27	25
22089	2	25	24	30	30
22090	2	12	6	24	7
22091	4	13	23	45	53
22092	2	7	16	7	21
22093	2	10	296	8	299
22094	2	14	6	19	10
22095	2	6	6	13	10
22096	2	19	6	26	6
22097	4	23	24	120	54
22098	1	18	16	18	21
22099	2	14	16	17	21
22100	2	22	24	26	30
22101	4	17	24	66	74
22102	2	31	28	34	57
22103	2	4	16	6	21
22104	4	16	296	78	598
22105	2	9	16	19	22
22106	2	10	6	21	7
22107	2	7	6	6	6
22108	2	26	27	28	33
22109	2	8	18	8	22
22110	2	13	6	26	7
22111	2	27	6	31	9
22112	2	20	28	19	34
22113	4	32	23	701	72
22114	2	24	23	27	28
22115	1	4	16	4	21
22116	1	12	20	12	26
22117	2	25	24	18	28
22118	4	21	6	323	12
22119	1	7	27	7	54
22120	1	14	13	14	19
22121	1	6	24	6	32
22122	2	10	28	10	32
22123	2	35	24	26	30
22124	4	19	6	210	12
22125	2	22	16	29	37
22126	2	25	15	34	21
22127	2	8	6	36	12
22128	2	30	24	34	44
22129	1	16	6	16	6
22130	2	16	24	15	45
22131	2	10	6	13	6
22132	2	35	296	29	301
22133	4	23	18	299	29
22134	2	14	19	14	24
22135	4	12	5	91	12
22136	1	11	24	11	34
22137	2	19	28	19	33
22138	2	12	20	15	26
22139	2	18	23	13	31
22140	2	28	13	30	20
22141	2	32	24	36	46
22142	2	24	24	25	47
22143	2	38	296	30	305
22144	2	21	6	25	11
22145	2	22	24	24	47
22146	4	7	16	55	40
22147	2	23	6	24	11
22148	4	13	6	339	15
22149	2	21	24	25	48
22150	4	10	6	221	13
22151	2	5	15	7	20
22152	2	16	23	12	39
22153	2	33	16	44	22
22154	2	15	24	16	46
22155	4	27	6	491	17
22156	4	14	24	55	58
22157	2	29	15	38	21
22158	2	10	20	12	25
22159	2	11	6	22	7
22160	1	6	28	4	32
22161	8	19	16	23240	84
22162	4	25	6	434	13
22163	2	5	16	11	23
22164	4	18	6	171	13
22165	2	13	6	14	6
22166	2	11	26	8	50
22167	2	12	296	9	303
22168	2	38	24	28	30
22169	4	50	24	666	57
22170	2	29	6	465	12
22171	2	24	16	32	23
22172	2	51	23	36	29
22173	2	40	24	29	48
22174	2	10	16	20	23
22175	4	18	6	210	13
22176	2	14	19	19	38
22177	2	10	28	14	34
22178	8	18	6	5985	28
22179	2	9	28	17	34
22180	4	23	6	432	13
22181	2	19	16	26	22
22182	2	24	6	33	6
22183	2	25	16	34	23
22184	4	8	24	21	57
22185	2	7	19	8	24
22186	1	4	5	4	5
22187	4	10	23	28	55
22188	2	3	5	7	10
22189	2	11	23	10	42
22190	2	20	24	14	29
22191	2	33	28	41	34
22192	2	23	26	16	53
22193	2	32	28	42	34
22194	2	39	296	32	321
22195	2	3	6	6	6
22196	2	21	24	15	43
22197	4	21	6	231	12
22198	2	24	24	17	45
22199	2	26	24	30	34
22200	4	8	28	129	40
22201	1	6	23	6	41
22202	2	21	15	25	21
22203	2	18	6	15	7
22204	4	14	5	169	12
22205	2	54	24	39	47
22206	4	12	24	55	75
22207	2	17	6	23	10
22208	2	15	5	15	10
22209	1	19	6	20	9
22210	4	36	24	900	59
22211	4	8	6	145	14
22212	4	39	24	406	58
22213	2	9	28	9	33
22214	4	19	24	210	77
22215	4	21	24	253	73
22216	2	8	15	10	19
22217	2	25	24	17	44
22218	2	27	24	19	48
22219	2	6	6	12	6
22220	2	35	28	26	56
22221	2	26	24	19	44
22222	2	18	5	19	6
22223	2	12	15	24	22
22224	4	40	296	494	602
22225	2	27	24	28	48
22226	2	8	24	5	26
22227	2	12	14	13	20
22228	4	19	6	136	18
22229	2	15	24	18	43
22230	2	12	24	13	29
22231	2	42	24	30	45
22232	8	18	295	2380	1196
22233	2	17	15	23	21
22234	2	25	24	17	29
22235	4	47	24	561	62
22236	2	17	16	14	22
22237	4	17	16	276	41
22238	2	26	20	27	26
22239	2	24	16	32	23
22240	2	30	25	496	38
22241	2	28	24	31	33
22242	2	30	28	21	55
22243	2	14	16	18	37
22244	4	13	296	55	600
22245	2	3	6	7	7
22246	4	25	22	430	53
22247	1	15	6	16	7
22248	4	21	6	231	12
22249	2	31	24	35	44
22250	2	31	24	33	49
22251	2	4	5	8	5
22252	2	12	24	13	27
22253	2	13	294	9	326
22254	2	11	28	10	33
22255	2	40	24	29	44
22256	2	50	296	39	305
22257	4	17	16	253	47
22258	2	24	28	25	34
22259	2	10	4	11	4
22260	2	24	20	27	26
22261	2	31	24	34	33
22262	4	29	24	210	75
22263	2	27	24	31	41
22264	2	17	28	21	34
22265	4	29	296	300	601
22266	2	17	296	12	319
22267	2	12	28	9	33
22268	2	4	16	8	21
22269	2	16	24	17	43
22270	2	22	24	23	43
22271	2	37	26	26	55
22272	2	29	19	34	22
22273	2	7	16	14	22
22274	2	20	6	21	6
22275	2	8	22	9	38
22276	4	28	20	622	33
22277	8	26	6	-1	-1
22278	2	12	16	16	25
22279	2	26	16	34	22
22280	4	39	24	406	56
22281	2	12	14	16	20
22282	2	20	24	24	48
22283	4	22	20	462	32
22284	2	20	6	20	6
22285	4	33	24	701	60
22286	2	20	16	26	21
22287	4	30	6	661	19
22288	2	4	6	8	7
22289	2	20	24	19	47
22290	4	17	6	153	12
22291	4	13	19	55	31
22292	2	36	28	25	57
22293	2	8	28	7	33
22294	4	30	6	730	14
22295	2	20	24	23	49
22296	2	13	28	17	34
22297	1	14	6	14	7
22298	8	6	6	378	26
22299	2	2	6	4	11
22300	2	14	295	10	305
22301	4	23	24	136	55
22302	2	20	6	21	8
22303	4	17	6	171	14
22304	2	2	4	5	9
22305	4	25	6	591	14
22306	2	4	16	5	35
22307	2	15	24	12	29
22308	4	10	18	55	30
22309	2	25	16	33	35
22310	2	15	16	12	21
22311	4	15	24	136	57
22312	1	33	17	33	23
22313	2	20	16	21	22
22314	2	13	24	16	24
22315	2	38	28	27	57
22316	2	24	24	28	39
22317	2	9	16	12	36
22318	4	57	24	861	59
22319	2	22	296	16	301
22320	2	8	6	36	13
22321	2	4	16	9	22
22322	4	44	24	496	57
22323	2	14	19	17	24
22324	2	20	28	20	56
22325	2	16	296	12	304
22326	2	40	24	28	44
22327	2	7	16	7	19
22328	2	5	5	6	5
22329	4	22	6	461	14
22330	2	10	6	13	11
22331	2	21	19	28	25
22332	2	26	296	20	318
22333	2	33	296	25	305
22334	2	13	28	14	33
22335	2	10	6	21	9
22336	4	21	295	135	596
22337	2	2	6	5	10
22338	1	20	28	18	34
22339	2	32	27	37	33
22340	2	12	15	13	21
22341	2	20	24	20	48
22342	4	5	6	21	12
22343	2	47	24	33	28
22344	2	15	16	20	33
22345	2	23	16	30	36
22346	2	26	6	30	7
22347	4	25	6	489	12
22348	2	56	24	40	32
22349	2	26	27	31	32
22350	1	21	15	22	21
22351	2	32	24	37	47
22352	8	32	24	14950	117
22353	2	40	24	29	44
22354	2	38	24	27	30
22355	2	27	16	35	23
22356	2	21	22	14	47
22357	1	6	6	6	5
22358	8	16	24	4845	119
22359	4	16	24	136	69
22360	2	11	16	14	24
22361	2	20	6	210	16
22362	2	30	6	34	7
22363	2	10	24	55	57
22364	2	7	6	9	10
22365	2	29	6	36	6
22366	2	28	24	31	44
22367	4	12	6	131	13
22368	2	14	6	18	11
22369	2	23	24	24	43
22370	2	26	27	351	40
22371	2	8	5	11	5
22372	2	5	19	6	36
22373	4	20	6	274	12
22374	2	22	24	26	43
22375	4	20	24	231	57
22376	2	25	16	33	26
22377	2	25	24	26	45
22378	2	9	6	10	6
22379	2	21	26	27	47
22380	2	10	5	11	7
22381	4	5	16	21	40
22382	2	35	24	25	48
22383	4	33	6	851	18
22384	2	44	24	32	46
22385	4	50	24	666	58
22386	4	14	16	190	41
22387	2	31	6	38	9
22388	2	9	28	9	33
22389	2	8	6	8	9
22390	2	13	23	9	27
22391	2	16	17	13	23
22392	2	40	28	28	55
22393	4	18	6	322	14
22394	2	2	6	4	9
22395	1	24	6	24	7
22396	4	34	6	777	13
22397	2	12	20	15	26
22398	2	13	28	26	34
22399	2	22	20	30	26
22400	4	17	27	66	83
22401	2	28	16	34	22
22402	2	18	24	13	28
22403	4	3	6	25	13
22404	4	7	6	99	13
22405	2	17	5	14	6
22406	2	34	24	24	45
22407	4	8	23	15	57
22408	2	27	24	28	28
22409	2	6	20	6	24
22410	2	15	6	20	6
22411	4	18	25	298	38
22412	4	22	24	346	74
22413	2	49	24	34	46
22414	2	39	296	31	303
22415	4	10	16	201	30
22416	4	27	19	555	32
22417	2	12	16	15	21
22418	4	22	28	350	81
22419	2	8	26	16	32
22420	1	18	6	16	11
22421	2	14	16	18	37
22422	2	10	19	13	25
22423	2	23	296	18	318
22424	2	32	25	35	53
22425	2	18	6	24	8
22426	2	7	16	9	22
22427	2	8	28	9	33
22428	2	6	28	13	34
22429	4	32	27	628	86
22430	2	25	24	18	43
22431	2	31	24	22	48
22432	2	12	20	11	25
22433	2	48	24	35	47
22434	1	20	6	20	10
22435	2	20	24	21	44
22436	4	34	24	666	60
22437	4	25	24	351	72
22438	2	34	28	24	56
22439	2	6	6	12	10
22440	2	27	24	28	26
22441	4	39	24	406	59
22442	2	22	24	26	33
22443	2	15	16	20	37
22444	4	24	24	401	55
22445	2	20	16	40	22
22446	2	19	24	19	30
22447	2	8	20	10	38
22448	2	3	5	6	11
22449	4	44	296	559	604
22450	2	27	23	32	40
22451	2	28	24	32	30
22452	2	10	24	8	45
22453	2	21	6	253	17
22454	2	22	24	16	44
22455	2	7	20	15	27
22456	2	42	24	30	45
22457	4	35	20	1023	33
22458	2	10	12	13	19
22459	4	51	24	666	64
22460	4	6	28	85	41
22461	1	40	27	40	33
22462	1	16	17	17	22
22463	4	16	6	528	14
22464	1	14	26	14	31
22465	2	9	20	18	27
22466	2	14	27	13	32
22467	2	28	15	33	21
22468	1	23	19	24	25
22469	2	5	26	7	32
22470	2	55	27	39	56
22471	2	26	24	25	35
22472	2	12	6	24	8
22473	2	24	24	17	33
22474	2	29	24	30	28
22475	2	26	6	26	11
22476	1	12	20	12	26
22477	1	4	26	4	31
22478	2	7	28	15	34
22479	1	11	27	12	32
22480	2	19	23	14	30
22481	4	10	6	90	12
22482	2	2	6	4	5
22483	2	6	19	9	23
22484	2	20	20	26	40
22485	1	11	16	11	21
22486	2	28	24	31	48
22487	2	5	6	11	6
22488	4	17	16	276	42
22489	4	34	24	703	64
22490	2	32	296	26	321
22491	1	9	28	8	57
22492	4	50	28	630	84
22493	2	6	23	21	55
22494	8	10	24	495	116
22495	4	27	24	491	54
22496	2	27	28	28	56
22497	2	17	16	14	22
22498	2	9	24	8	45
22499	2	16	16	20	22
22500	2	12	16	12	21
22501	2	17	26	12	53
22502	2	31	16	34	23
22503	2	12	19	12	24
22504	2	11	15	23	21
22505	2	9	6	18	7
22506	1	22	6	22	6
22507	4	20	24	273	59
22508	2	5	16	6	25
22509	2	6	25	12	31
22510	1	22	14	22	19
22511	2	8	6	8	8
22512	2	10	27	14	32
22513	2	7	6	7	6
22514	4	16	24	205	58
22515	2	16	24	12	28
22516	2	3	16	7	22
22517	2	45	24	33	49
22518	2	38	24	27	46
22519	4	26	6	433	13
22520	2	19	6	24	11
22521	4	8	5	64	11
22522	2	33	26	37	53
22523	2	23	6	27	11
22524	1	22	19	22	24
22525	2	8	6	17	7
22526	1	8	24	8	33
22527	4	10	6	221	14
22528	2	26	15	32	20
22529	4	7	2	36	5
22530	2	32	24	33	46
22531	2	22	27	29	47
22532	2	2	6	4	7
22533	2	14	20	17	25
22534	2	24	6	29	9
22535	2	7	16	10	34
22536	2	12	16	25	23
22537	2	56	24	40	43
22538	4	3	25	25	38
22539	4	17	6	229	14
22540	2	27	24	19	30
22541	4	4	12	41	23
22542	2	16	24	12	28
22543	4	23	6	350	13
22544	2	20	15	210	29
22545	4	23	6	375	13
22546	4	26	24	190	59
22547	2	17	6	18	6
22548	1	4	5	4	10
22549	2	2	27	5	32
22550	2	7	20	6	25
22551	2	26	24	27	46
22552	2	10	24	7	34
22553	4	11	296	45	592
22554	2	10	28	13	46
22555	2	35	24	25	49
22556	2	36	24	41	45
22557	2	14	5	18	6
22558	8	8	6	2945	28
22559	1	12	6	12	6
22560	2	13	15	17	21
22561	2	13	20	15	26
22562	1	18	6	19	7
22563	4	53	27	703	83
22564	4	18	296	105	605
22565	2	22	15	28	20
22566	2	8	6	36	14
22567	2	31	6	40	9
22568	2	19	14	38	21
22569	2	8	6	10	12
22570	2	48	23	34	28
22571	4	20	6	153	12
22572	2	17	24	12	48
22573	2	23	20	31	25
22574	2	35	24	40	41
22575	2	13	15	12	20
22576	2	37	296	28	313
22577	2	9	16	18	22
22578	2	8	25	5	49
22579	4	23	24	136	59
22580	2	19	27	19	33
22581	4	15	25	207	37
22582	2	5	17	10	23
22583	2	9	6	18	10
22584	2	19	6	25	8
22585	2	15	6	16	9
22586	4	15	28	210	69
22587	4	27	16	526	29
22588	2	3	6	7	8
22589	2	11	16	22	21
22590	4	9	6	181	15
22591	2	31	24	35	30
22592	4	32	18	776	31
22593	2	23	16	31	23
22594	4	16	6	120	12
22595	1	14	27	14	33
22596	1	7	24	7	29
22597	2	21	27	22	55
22598	1	11	6	11	10
22599	4	21	5	403	12
22600	1	24	13	24	19
22601	4	20	6	402	12
22602	2	15	28	19	48
22603	2	12	15	25	21
22604	2	27	16	32	22
22605	4	26	6	626	13
22606	2	11	24	66	60
22607	2	19	24	18	29
22608	2	18	18	24	24
22609	2	14	16	17	21
22610	1	12	20	12	27
22611	2	14	6	13	9
22612	4	24	24	405	58
22613	2	18	14	22	20
22614	2	14	6	11	6
22615	2	18	6	23	6
22616	2	14	16	17	21
22617	2	24	24	28	27
22618	2	32	24	33	30
22619	4	19	24	271	73
22620	2	52	24	38	46
22621	4	28	28	559	84
22622	1	21	25	22	31
22623	2	28	28	32	55
22624	2	8	6	16	9
22625	2	6	16	7	16
22626	2	15	16	19	22
22627	2	17	16	22	23
22628	4	7	6	99	14
22629	2	30	296	24	315
22630	2	18	28	22	34
22631	2	24	23	18	45
22632	4	25	24	434	58
22633	2	25	18	33	39
22634	2	13	24	14	45
22635	2	17	28	12	52
22636	4	35	24	858	56
22637	4	33	24	300	59
22638	2	13	24	14	28
22639	4	9	5	21	10
22640	2	11	16	23	22
22641	1	14	6	12	6
22642	2	15	28	16	33
22643	2	7	14	8	20
22644	2	8	16	17	23
22645	2	24	28	28	56
22646	2	14	16	18	20
22647	2	22	24	22	33
22648	2	21	6	23	11
22649	4	9	6	77	14
22650	2	30	6	34	6
22651	2	19	16	26	35
22652	4	30	24	590	59
22653	4	24	26	401	76
22654	2	9	28	19	34
22655	2	11	24	10	28
22656	2	29	24	31	33
22657	4	19	15	325	41
22658	2	30	24	34	43
22659	4	17	6	171	16
22660	2	48	294	38	326
22661	4	12	6	91	12
22662	2	28	12	435	26
22663	2	11	16	14	20
22664	2	56	24	41	48
22665	2	25	24	18	29
22666	2	29	27	34	56
22667	2	6	6	12	12
22668	4	20	24	231	57
22669	2	9	23	10	29
22670	2	27	24	19	42
22671	8	36	24	-1	-1
22672	2	4	15	5	23
22673	2	22	27	30	33
22674	4	30	24	231	57
22675	2	37	24	27	44
22676	2	23	6	29	12
22677	2	17	24	12	32
22678	2	29	296	22	316
22679	2	44	24	31	40
22680	2	18	22	13	41
22681	4	35	24	740	71
22682	2	3	16	4	18
22683	2	33	6	43	12
22684	4	16	13	205	26
22685	4	40	296	527	603
22686	1	9	24	9	40
22687	4	24	23	153	56
22688	2	12	20	13	26
22689	2	21	296	17	306
22690	8	12	24	1820	107
22691	2	3	6	7	6
22692	2	44	24	31	33
22693	2	15	14	20	20
22694	2	8	6	10	8
22695	2	22	6	253	14
22696	4	31	24	594	55
22697	2	21	23	25	29
22698	2	13	16	17	25
22699	1	24	18	24	24
22700	2	24	24	17	31
22701	2	10	6	66	13
22702	2	16	6	19	10
22703	2	17	26	20	32
22704	2	19	24	23	28
22705	2	6	15	13	21
22706	2	5	6	11	6
22707	2	11	16	9	21
22708	2	23	16	30	23
22709	4	20	27	295	84
22710	2	20	6	26	6
22711	4	27	24	406	58
22712	2	27	6	32	11
22713	2	13	15	26	21
22714	2	35	6	45	7
22715	2	31	15	40	21
22716	4	4	16	15	31
22717	2	7	20	9	26
22718	4	31	24	253	55
22719	2	51	28	37	57
22720	2	25	24	18	44
22721	4	4	19	21	58
22722	2	9	24	6	48
22723	2	7	24	5	29
22724	4	20	6	295	13
22725	4	10	21	28	46
22726	4	11	13	265	27
22727	4	8	6	73	14
22728	2	22	6	253	12
22729	4	8	6	54	13
22730	1	12	27	12	33
22731	2	11	6	22	7
22732	2	16	28	19	33
22733	2	16	18	13	23
22734	2	7	6	15	11
22735	4	2	28	13	39
22736	2	24	27	17	55
22737	4	23	24	404	58
22738	2	27	16	32	22
22739	4	17	24	171	58
22740	2	14	26	19	32
22741	2	15	20	20	40
22742	2	15	24	11	49
22743	2	27	28	34	33
22744	4	52	24	703	77
22745	2	8	28	10	48
22746	1	14	23	14	28
22747	2	7	6	15	11
22748	4	7	25	44	36
22749	2	10	6	11	6
22750	2	6	20	8	40
22751	4	7	6	99	14
22752	4	22	6	253	12
22753	2	24	16	32	36
22754	4	24	6	557	13
22755	2	21	24	23	45
22756	4	12	6	266	15
22757	4	18	24	190	56
22758	1	24	6	24	7
22759	4	19	6	253	12
22760	4	20	6	171	12
22761	1	16	16	17	21
22762	1	18	6	18	7
22763	2	33	28	36	56
22764	2	19	6	23	6
22765	2	39	296	32	301
22766	2	14	18	18	23
22767	2	24	6	33	6
22768	4	5	16	21	25
22769	2	38	24	28	44
22770	2	19	24	21	29
22771	2	20	16	21	22
22772	4	22	5	276	11
22773	2	26	28	31	34
22774	2	36	24	25	28
22775	2	8	23	7	33
22776	2	20	16	210	28
22777	2	2	16	4	20
22778	2	21	28	25	54
22779	4	14	6	134	12
22780	2	33	24	24	38
22781	2	23	296	18	299
22782	2	7	6	9	7
22783	2	12	18	16	23
22784	2	10	6	13	6
22785	2	4	25	8	31
22786	2	22	20	29	41
22787	2	17	16	18	22
22788	2	19	6	19	10
22789	2	44	26	31	53
22790	2	27	28	31	57
22791	2	15	27	15	55
22792	2	15	21	10	24
22793	2	22	20	23	26
22794	2	19	16	25	21
22795	2	10	28	14	34
22796	8	2	6	41	25
22797	4	27	24	406	72
22798	2	44	24	31	32
22799	2	11	6	14	6
22800	2	27	24	31	29
22801	2	6	5	21	11
22802	4	55	24	820	69
22803	2	29	24	33	29
22804	2	26	19	30	25
22805	2	15	16	20	36
22806	2	15	24	11	32
22807	4	15	22	120	56
22808	2	3	6	6	10
22809	2	32	24	22	43
22810	4	24	6	524	13
22811	4	34	23	892	61
22812	2	53	24	39	33
22813	2	24	27	28	51
22814	2	11	19	14	25
22815	2	13	5	10	7
22816	2	33	6	42	6
22817	1	6	5	6	6
22818	2	11	28	22	34
22819	2	10	24	6	29
22820	2	12	6	16	9
22821	4	21	24	105	56
22822	2	2	16	4	20
22823	2	22	15	23	21
22824	2	30	27	22	56
22825	2	12	24	9	45
22826	4	20	6	190	12
22827	2	10	19	20	25
22828	2	12	20	14	25
22829	2	27	28	31	55
22830	2	15	23	10	25
22831	4	16	23	205	59
22832	4	17	24	91	55
22833	2	37	24	42	47
22834	4	41	296	526	626
22835	2	33	24	37	29
22836	2	42	24	30	44
22837	2	8	6	10	12
22838	2	4	6	8	9
22839	2	32	24	34	50
22840	2	12	24	8	52
22841	4	13	6	119	12
22842	2	11	16	22	22
22843	2	3	20	6	26
22844	2	8	6	17	8
22845	8	24	6	20475	27
22846	2	13	24	13	46
22847	4	20	6	253	13
22848	1	11	20	11	26
22849	2	20	16	26	35
22850	4	23	28	253	86
22851	2	13	16	18	33
22852	2	25	20	34	25
22853	2	26	24	26	49
22854	2	11	20	22	26
22855	2	24	23	28	45
22856	2	19	10	24	16
22857	4	23	24	373	54
22858	4	8	6	145	18
22859	2	33	19	43	25
22860	2	29	23	31	44
22861	2	53	27	38	56
22862	2	4	6	9	12
22863	2	28	24	20	42
22864	4	18	5	190	12
22865	2	18	20	22	26
22866	2	24	26	17	55
22867	2	50	24	35	44
22868	4	26	6	378	17
22869	2	26	25	31	53
22870	4	13	6	351	12
22871	2	9	24	9	45
22872	2	9	13	19	20
22873	2	22	6	30	10
22874	2	7	16	14	22
22875	2	27	27	28	32
22876	2	9	15	12	20
22877	2	16	6	21	6
22878	2	21	24	15	34
22879	4	18	16	276	42
22880	2	11	5	9	5
22881	4	27	24	462	55
22882	2	32	6	43	11
22883	2	34	23	42	37
22884	2	21	20	26	26
22885	4	6	6	73	14
22886	2	25	24	28	44
22887	2	13	26	10	31
22888	2	6	6	12	9
22889	2	22	24	16	30
22890	4	29	27	494	85
22891	2	28	24	29	49
22892	2	25	24	29	50
22893	2	17	24	18	49
22894	2	7	16	8	21
22895	4	30	6	807	17
22896	4	48	296	739	604
22897	4	21	6	375	13
22898	2	3	16	6	23
22899	2	50	24	36	50
22900	4	26	24	153	59
22901	2	39	27	28	53
22902	1	18	27	18	33
22903	2	22	16	26	21
22904	4	4	5	41	12
22905	2	24	20	26	25
22906	2	13	23	14	42
22907	4	46	24	528	59
22908	4	34	24	276	61
22909	2	8	18	16	25
22910	4	11	6	243	14
22911	4	8	5	21	11
22912	2	14	28	18	49
22913	1	7	28	7	58
22914	2	14	24	9	34
22915	4	13	16	153	41
22916	2	50	24	36	45
22917	2	24	16	27	22
22918	2	31	24	35	48
22919	2	8	16	16	22
22920	2	4	6	10	11
22921	4	12	24	45	56
22922	4	15	24	66	53
22923	2	5	20	11	25
22924	2	15	16	15	21
22925	1	24	20	24	25
22926	4	3	5	19	12
22927	1	13	6	14	10
22928	4	9	6	163	15
22929	4	6	6	85	12
22930	4	18	6	153	17
22931	4	22	24	253	59
22932	2	56	24	39	32
22933	2	25	24	25	28
22934	2	16	24	16	42
22935	2	16	5	105	11
22936	4	53	24	666	56
22937	2	32	24	35	33
22938	4	27	6	461	16
22939	4	13	14	105	26
22940	4	14	20	66	31
22941	2	8	28	17	35
22942	4	21	23	300	55
22943	2	6	18	12	23
22944	2	22	24	26	44
22945	2	21	24	22	47
22946	2	10	16	13	37
22947	4	15	6	153	13
22948	1	27	24	28	46
22949	4	6	6	73	12
22950	2	22	5	26	6
22951	2	31	24	33	41
22952	4	8	6	129	12
22953	2	8	23	6	30
22954	2	4	12	8	18
22955	8	28	24	-1	-1
22956	2	22	19	29	39
22957	2	29	6	36	6
22958	4	24	6	401	13
22959	2	12	6	10	6
22960	2	30	24	31	35
22961	2	9	28	12	34
22962	2	10	16	13	20
22963	2	20	27	15	53
22964	2	19	28	24	34
22965	2	30	20	38	26
22966	2	5	28	9	34
22967	4	20	24	210	60
22968	1	22	28	23	34
22969	2	29	6	36	6
22970	1	10	6	10	6
22971	2	19	15	19	21
22972	1	8	23	8	28
22973	2	21	16	28	21
22974	2	34	6	41	11
22975	4	19	18	322	30
22976	2	54	24	38	32
22977	2	3	5	6	6
22978	2	26	6	31	8
22979	2	20	6	28	6
22980	4	40	24	406	58
22981	2	14	295	12	326
22982	2	5	19	7	37
22983	2	9	27	12	33
22984	2	6	20	5	25
22985	1	6	16	6	21
22986	4	9	24	55	69
22987	4	18	6	298	13
22988	8	20	24	2380	116
22989	2	48	24	35	43
22990	4	5	6	51	16
22991	2	13	20	10	26
22992	4	17	6	273	13
22993	2	33	24	37	27
22994	4	33	24	300	58
22995	4	8	6	136	13
22996	4	28	23	559	56
22997	4	29	6	589	13
22998	2	35	24	39	47
22999	2	4	15	6	35
23000	4	7	6	36	12
23001	2	16	20	19	26
23002	2	21	296	17	316
23003	2	24	16	24	22
23004	2	9	14	55	25
23005	4	26	24	432	57
23006	2	12	19	11	25
23007	2	32	6	528	13
23008	2	19	6	24	7
23009	2	32	6	42	11
23010	2	6	6	13	7
23011	2	22	6	24	11
23012	2	20	6	24	7
23013	4	15	24	136	58
23014	2	26	24	26	28
23015	2	9	14	18	21
23016	2	48	24	35	28
23017	4	23	16	465	44
23018	2	31	24	22	35
23019	2	14	16	19	22
23020	4	20	24	295	58
23021	2	22	6	28	6
23022	2	23	6	46	9
23023	4	18	24	91	62
23024	2	32	24	23	32
23025	2	22	6	25	12
23026	1	21	16	22	21
23027	2	7	6	15	7
23028	2	25	24	25	30
23029	2	9	18	17	25
23030	2	40	24	28	29
23031	2	18	21	13	25
23032	4	17	26	226	38
23033	2	34	20	45	27
23034	2	18	26	16	55
23035	2	11	20	15	25
23036	4	19	24	271	56
23037	8	40	23	35960	113
23038	2	19	6	19	6
23039	1	10	27	11	32
23040	2	4	26	6	45
23041	2	21	26	42	32
23042	2	26	296	21	300
23043	1	4	15	4	20
23044	2	7	5	7	5
23045	2	14	16	11	22
23046	2	21	6	28	6
23047	2	6	6	13	7
23048	4	15	5	120	11
23049	2	15	19	30	25
23050	4	34	24	779	59
23051	2	16	20	21	25
23052	2	11	20	22	26
23053	1	8	6	8	8
23054	2	22	23	15	48
23055	2	17	27	28	47
23056	2	5	16	11	22
23057	1	22	6	22	11
23058	2	18	19	24	39
23059	4	45	24	528	58
23060	4	24	6	461	13
23061	4	29	24	465	58
23062	2	41	24	29	34
23063	1	20	17	20	23
23064	2	20	16	24	21
23065	1	8	6	9	6
23066	2	28	13	30	19
23067	1	7	23	7	48
23068	2	18	24	19	44
23069	2	9	28	6	51
23070	2	9	6	18	7
23071	2	11	20	22	26
23072	2	9	28	19	34
23073	2	20	6	27	6
23074	4	23	296	171	607
23075	4	8	6	129	13
23076	2	19	16	23	22
23077	2	7	6	15	11
23078	1	23	14	24	21
23079	4	46	24	561	72
23080	2	38	23	28	31
23081	4	25	23	463	53
23082	1	14	28	14	34
23083	2	35	24	25	31
23084	2	11	18	14	24
23085	2	24	20	33	26
23086	2	19	16	22	22
23087	4	11	6	104	16
23088	2	12	16	15	23
23089	2	41	296	31	305
23090	2	9	6	19	11
23091	2	13	20	14	25
23092	4	9	6	181	15
23093	2	22	18	23	23
23094	2	34	296	29	305
23095	2	12	6	16	11
23096	2	2	16	5	19
23097	4	14	6	136	12
23098	2	31	19	40	26
23099	4	32	6	932	13
23100	2	27	15	31	21
23101	4	21	295	136	612
23102	2	29	6	36	7
23103	1	4	12	4	16
23104	2	22	28	29	34
23105	2	21	24	15	30
23106	4	17	5	105	12
23107	8	4	6	319	24
23108	2	49	24	34	45
23109	2	18	12	24	17
23110	4	8	28	129	41
23111	2	30	24	33	35
23112	4	25	24	430	53
23113	2	51	24	37	45
23114	1	7	16	7	21
23115	4	17	6	273	13
23116	2	29	23	34	33
23117	2	31	28	34	57
23118	2	11	5	10	5
23119	2	7	16	10	19
23120	2	7	28	9	49
23121	2	26	24	29	43
23122	2	13	27	16	51
23123	2	5	15	6	24
23124	1	8	5	8	6
23125	4	11	5	115	10
23126	1	33	28	33	33
23127	2	54	27	39	55
23128	1	10	16	10	21
23129	8	38	24	27405	114
23130	2	36	23	41	41
23131	2	28	22	20	28
23132	2	21	20	28	41
23133	2	21	28	42	35
23134	1	10	24	10	29
23135	2	15	16	20	22
23136	2	26	28	30	33
23137	2	20	24	19	48
23138	2	4	5	5	9
23139	2	13	16	17	37
23140	2	32	24	23	46
23141	4	30	6	730	13
23142	2	19	16	25	21
23143	2	11	16	15	37
23144	2	11	295	8	315
23145	2	26	21	19	46
23146	2	7	24	5	30
23147	4	11	24	78	57
23148	2	24	24	28	28
23149	2	13	20	15	26
23150	8	18	6	8796	26
23151	4	11	24	66	71
23152	4	38	24	378	60
23153	4	29	24	559	58
23154	2	19	27	23	56
23155	2	29	28	30	56
23156	4	19	6	348	14
23157	4	22	16	435	41
23158	2	32	24	36	47
23159	1	6	24	6	44
23160	4	15	21	185	42
23161	4	45	24	528	58
23162	4	2	6	10	14
23163	2	32	6	42	8
23164	2	8	6	10	9
23165	2	10	5	13	5
23166	2	18	15	22	21
23167	4	14	24	91	60
23168	2	14	16	18	22
23169	2	24	16	28	22
23170	2	13	24	10	26
23171	2	22	6	23	6
23172	2	11	24	9	43
23173	4	54	24	780	58
23174	2	14	28	19	49
23175	2	26	24	26	49
23176	2	39	24	28	30
23177	2	20	24	24	49
23178	2	19	20	25	41
23179	2	7	6	14	6
23180	2	35	24	24	44
23181	2	19	296	16	303
23182	2	11	6	22	7
23183	2	7	6	9	6
23184	2	13	23	12	26
23185	4	10	6	90	12
23186	2	37	24	26	43
23187	2	15	24	15	43
23188	2	30	296	22	307
23189	4	13	24	55	73
23190	2	18	27	21	53
23191	2	23	24	16	49
23192	1	29	19	29	24
23193	4	28	6	523	14
23194	2	14	24	9	34
23195	2	30	24	33	46
23196	2	10	6	20	6
23197	1	17	6	18	9
23198	2	19	26	19	53
23199	1	16	6	17	12
23200	8	12	6	1820	25
23201	1	6	5	6	6
23202	2	20	6	19	6
23203	2	12	6	16	6
23204	2	22	24	23	42
23205	2	14	20	11	25
23206	2	16	296	12	308
23207	1	20	27	20	33
23208	2	44	23	30	28
23209	1	7	5	7	9
23210	2	3	6	7	6
23211	8	28	23	-1	-1
23212	4	34	24	666	59
23213	4	24	6	557	13
23214	2	4	5	8	5
23215	2	23	20	26	26
23216	2	57	27	41	56
23217	2	33	27	35	55
23218	2	24	16	24	22
23219	4	31	23	628	55
23220	4	26	6	433	17
23221	1	33	19	34	25
23222	2	24	6	26	6
23223	2	22	27	26	53
23224	2	22	28	26	57
23225	2	24	24	17	46
23226	4	28	20	523	33
23227	4	23	6	323	12
23228	1	7	24	7	45
23229	4	2	5	13	12
23230	2	16	5	15	6
23231	8	27	24	-1	-1
23232	4	21	6	403	12
23233	2	7	25	14	32
23234	8	16	24	1365	106
23235	2	13	22	10	26
23236	2	4	20	9	26
23237	2	36	24	25	44
23238	2	11	27	13	32
23239	4	30	24	253	76
23240	2	6	6	13	6
23241	2	33	6	43	11
23242	2	56	24	40	34
23243	4	23	24	351	59
23244	2	28	24	29	34
23245	4	4	5	36	13
23246	2	14	19	13	24
23247	2	34	24	24	45
23248	4	43	24	496	63
23249	2	29	296	23	314
23250	4	23	6	404	12
23251	4	3	5	19	11
23252	1	24	6	24	8
23253	4	8	6	55	11
23254	2	19	6	24	9
23255	2	19	24	17	29
23256	2	19	24	19	32
23257	4	5	6	55	17
23258	2	4	28	5	34
23259	4	19	24	210	53
23260	2	12	294	9	326
23261	2	8	16	15	23
23262	4	14	6	120	12
23263	2	33	26	23	54
23264	2	31	28	35	57
23265	8	7	296	126	1198
23266	2	7	27	14	33
23267	1	10	6	10	5
23268	4	25	16	431	28
23269	2	25	16	33	37
23270	2	5	6	11	11
23271	2	29	15	34	22
23272	2	4	28	8	34
23273	2	11	16	23	23
23274	1	24	6	24	7
23275	2	38	24	28	43
23276	4	12	6	134	13
23277	2	52	24	37	48
23278	2	15	16	20	25
23279	2	26	6	35	7
23280	4	8	293	21	600
23281	4	9	6	181	14
23282	2	7	6	14	9
23283	2	30	24	35	41
23284	2	14	26	19	46
23285	2	4	26	5	31
23286	2	10	6	14	7
23287	2	23	24	26	48
23288	4	15	24	136	73
23289	4	18	6	120	13
23290	2	53	24	38	33
23291	4	11	24	55	53
23292	2	29	28	34	57
23293	2	50	24	36	44
23294	4	22	24	276	58
23295	4	18	23	91	57
23296	1	19	28	20	34
23297	2	19	15	26	21
23298	4	23	296	153	603
23299	2	24	24	17	29
23300	2	16	20	21	40
23301	2	13	15	15	21
23302	2	29	27	34	33
23303	2	31	5	38	6
23304	4	15	6	228	13
23305	2	5	28	11	34
23306	2	38	24	28	53
23307	2	38	24	28	33
23308	2	12	27	24	33
23309	2	6	6	13	12
23310	2	7	6	9	10
23311	1	32	16	33	23
23312	1	16	27	17	32
23313	4	14	6	66	12
23314	2	19	24	18	47
23315	2	5	27	11	33
23316	2	49	24	33	29
23317	4	3	6	25	12
23318	2	23	17	27	23
23319	4	14	6	188	12
23320	2	42	24	29	45
23321	2	25	19	34	25
23322	2	23	16	30	23
23323	4	24	28	528	69
23324	4	28	296	252	602
23325	1	13	6	14	6
23326	2	37	24	27	29
23327	2	9	6	11	11
23328	2	11	25	10	31
23329	2	29	15	34	21
23330	2	11	24	8	34
23331	2	10	6	14	10
23332	2	32	296	25	302
23333	4	23	16	465	44
23334	4	4	20	15	33
23335	2	12	16	9	22
23336	4	4	6	33	14
23337	1	6	5	7	11
23338	2	31	24	22	32
23339	2	12	16	12	22
23340	4	14	28	169	40
23341	2	22	15	25	21
23342	4	16	23	78	57
23343	4	27	24	435	58
23344	2	35	6	45	10
23345	2	14	20	19	26
23346	2	8	28	9	33
23347	8	20	24	7315	120
23348	2	28	24	29	46
23349	2	7	23	5	26
23350	2	17	20	20	26
23351	2	28	6	31	7
23352	2	11	15	23	21
23353	2	9	6	12	7
23354	2	8	19	16	25
23355	2	6	24	21	70
23356	2	23	296	17	318
23357	2	16	5	15	5
23358	2	8	6	10	9
23359	2	24	6	325	13
23360	2	32	24	35	46
23361	2	23	20	276	32
23362	2	13	6	26	11
23363	2	10	296	8	327
23364	1	10	26	10	31
23365	1	16	19	16	25
23366	4	24	24	171	57
23367	2	42	296	33	315
23368	2	21	6	26	6
23369	2	23	6	31	11
23370	2	30	24	22	28
23371	2	20	24	20	34
23372	2	4	5	8	10
23373	4	55	24	780	58
23374	2	12	295	9	299
23375	2	17	24	16	29
23376	2	16	296	12	300
23377	2	32	6	38	7
23378	1	6	5	6	5
23379	4	16	6	3876	23
23380	4	28	6	496	13
23381	2	6	16	12	22
23382	2	23	20	31	34
23383	1	12	16	12	22
23384	4	33	24	701	52
23385	2	9	13	12	18
23386	2	18	13	22	19
23387	4	7	5	36	11
23388	2	22	18	30	39
23389	2	18	27	19	32
23390	4	6	6	73	17
23391	2	20	16	210	28
23392	4	32	24	627	63
23393	2	3	5	6	6
23394	2	18	24	18	29
23395	2	14	296	10	300
23396	2	29	27	31	33
23397	2	8	16	16	23
23398	2	5	27	6	44
23399	1	6	18	6	23
23400	2	11	16	23	23
23401	2	34	16	41	22
23402	8	8	5	126	21
23403	2	22	28	26	54
23404	2	19	24	21	29
23405	2	5	28	11	34
23406	2	31	24	32	46
23407	2	18	20	18	26
23408	2	8	294	6	312
23409	1	7	24	7	29
23410	2	3	27	7	32
23411	2	49	296	40	314
23412	4	10	24	36	58
23413	4	17	6	153	12
23414	4	5	6	27	12
23415	2	7	20	7	24
23416	1	8	24	8	33
23417	2	24	24	28	29
23418	2	28	6	33	11
23419	2	18	6	21	6
23420	2	19	16	26	22
23421	2	24	6	32	10
23422	2	29	24	20	33
23423	2	15	6	21	11
23424	2	25	28	18	57
23425	4	10	6	715	23
23426	2	20	24	24	32
23427	2	22	6	30	10
23428	4	17	6	273	13
23429	2	28	24	32	32
23430	2	24	16	32	35
23431	4	18	6	120	12
23432	2	13	24	14	33
23433	4	19	6	136	12
23434	2	24	6	30	9
23435	2	45	24	33	44
23436	2	11	20	14	40
23437	2	31	16	40	22
23438	2	44	296	34	320
23439	2	31	15	38	20
23440	2	10	6	66	13
23441	1	6	15	6	21
23442	2	5	25	7	42
23443	8	52	24	-1	-1
23444	2	11	24	10	32
23445	4	31	6	807	14
23446	2	45	24	32	34
23447	2	8	24	36	58
23448	4	25	24	404	78
23449	2	19	6	22	7
23450	1	6	15	7	20
23451	4	55	24	780	58
23452	1	16	6	16	10
23453	2	9	4	45	9
23454	2	32	15	43	21
23455	2	12	24	9	28
23456	4	8	16	15	27
23457	2	31	24	35	32
23458	4	27	6	621	16
23459	1	10	18	10	23
23460	2	15	20	21	25
23461	1	6	19	6	24
23462	2	12	6	91	12
23463	2	18	26	13	53
23464	2	22	13	25	19
23465	2	31	24	22	31
23466	2	12	6	16	6
23467	2	30	6	34	10
23468	2	14	20	15	26
23469	4	2	28	6	39
23470	2	4	14	7	20
23471	2	8	6	17	10
23472	1	29	6	30	12
23473	2	5	16	6	20
23474	4	29	24	593	58
23475	4	27	24	491	62
23476	2	30	6	36	12
23477	4	35	24	325	56
23478	1	16	23	16	29
23479	4	19	6	120	12
23480	4	11	6	243	14
23481	1	12	14	10	19
23482	4	16	6	528	14
23483	2	33	19	41	25
23484	2	17	23	21	29
23485	2	27	20	32	26
23486	2	14	28	17	55
23487	2	33	24	38	48
23488	2	42	24	30	48
23489	2	18	6	24	7
23490	2	12	16	11	21
23491	1	30	14	30	20
23492	2	11	26	23	33
23493	2	15	27	11	52
23494	2	19	28	19	56
23495	2	6	24	21	56
23496	2	47	27	34	55
23497	2	24	23	17	42
23498	2	22	6	29	6
23499	4	23	6	373	14
23500	4	13	16	91	28
23501	2	21	16	28	37
23502	4	3	5	25	14
23503	2	2	20	5	25
23504	2	22	16	29	21
23505	2	5	16	7	20
23506	4	6	6	35	24
23507	2	10	24	7	39
23508	2	13	16	26	23
23509	2	32	20	43	26
23510	4	21	28	378	70
23511	2	20	5	25	5
23512	2	24	24	27	46
23513	4	12	24	66	57
23514	4	33	20	1020	32
23515	2	18	16	22	21
23516	2	5	15	6	20
23517	2	21	6	24	6
23518	2	26	296	20	316
23519	1	7	24	7	31
23520	2	14	6	19	7
23521	2	45	24	33	30
23522	2	15	295	11	305
23523	2	19	6	38	9
23524	2	20	6	210	14
23525	1	13	6	14	11
23526	2	22	20	29	26
23527	2	56	27	41	56
23528	2	11	16	14	36
23529	2	10	6	20	6
23530	2	9	20	13	25
23531	2	29	24	32	33
23532	2	30	24	33	32
23533	2	22	28	25	55
23534	2	13	28	15	34
23535	2	4	26	5	46
23536	2	29	24	21	29
23537	8	14	16	5881	76
23538	2	16	16	21	22
23539	2	34	23	39	47
23540	2	29	26	34	55
23541	2	7	6	14	10
23542	2	26	6	351	14
23543	2	11	6	23	10
23544	4	26	6	405	13
23545	2	27	24	19	33
23546	1	24	6	24	11
23547	2	21	296	16	301
23548	1	29	15	30	22
23549	2	12	16	24	22
23550	2	10	20	14	26
23551	2	14	24	15	48
23552	2	23	20	23	25
23553	2	22	24	22	45
23554	4	52	24	741	63
23555	2	8	16	11	20
23556	2	10	24	7	28
23557	2	34	24	23	44
23558	2	14	24	10	29
23559	2	11	28	22	34
23560	1	8	5	9	6
23561	2	7	16	14	22
23562	2	13	20	14	25
23563	2	33	19	40	25
23564	2	32	296	25	320
23565	2	32	296	25	316
23566	2	23	27	24	33
23567	1	7	24	7	45
23568	2	15	28	20	48
23569	2	15	15	14	21
23570	4	40	296	527	599
23571	2	20	24	23	46
23572	2	5	16	6	21
23573	2	5	24	15	53
23574	4	41	28	435	85
23575	4	8	28	28	39
23576	2	42	24	28	30
23577	2	20	296	15	317
23578	4	14	5	105	11
23579	4	14	6	169	12
23580	2	30	24	35	47
23581	2	8	22	5	30
23582	2	21	20	253	34
23583	2	15	16	19	37
23584	2	5	28	7	33
23585	2	32	20	41	26
23586	4	51	296	859	602
23587	2	4	20	5	35
23588	2	17	24	20	27
23589	8	19	6	13685	27
23590	2	19	27	22	32
23591	4	28	24	491	58
23592	2	14	24	15	48
23593	2	44	296	35	325
23594	4	7	20	28	31
23595	4	19	6	210	12
23596	4	10	6	201	14
23597	2	24	6	25	8
23598	2	18	28	36	34
23599	2	43	24	31	48
23600	2	13	294	9	303
23601	2	9	28	9	33
23602	2	7	20	9	39
23603	2	3	19	7	25
23604	2	30	27	21	57
23605	2	24	24	28	31
23606	2	24	296	19	313
23607	2	7	16	10	33
23608	2	5	6	11	7
23609	2	24	16	32	22
23610	2	6	16	7	21
23611	2	18	6	24	7
23612	1	12	28	12	56
23613	2	13	294	9	302
23614	2	18	16	23	21
23615	4	37	24	378	77
23616	2	40	296	31	301
23617	2	31	24	36	28
23618	4	15	28	185	41
23619	2	16	24	15	47
23620	2	8	24	6	27
23621	2	10	27	13	32
23622	2	4	16	3	21
23623	1	10	6	10	9
23624	2	13	20	17	40
23625	2	7	27	9	47
23626	2	7	6	14	7
23627	1	20	6	20	6
23628	1	4	5	4	8
23629	2	15	16	18	22
23630	4	8	5	36	12
23631	2	14	20	13	25
23632	4	34	296	350	605
23633	2	11	16	23	22
23634	2	3	20	6	25
23635	4	21	27	348	39
23636	2	17	6	19	11
23637	2	6	6	13	12
23638	2	6	20	7	24
23639	8	11	6	11969	27
23640	4	20	6	276	13
23641	2	26	28	33	33
23642	4	40	24	406	57
23643	2	16	24	16	32
23644	2	3	6	6	6
23645	2	33	16	43	22
23646	2	18	28	22	34
23647	4	12	6	134	16
23648	4	12	6	313	17
23649	4	12	27	104	39
23650	2	14	28	11	33
23651	2	12	6	25	6
23652	8	7	24	70	95
23653	8	34	24	-1	-1
23654	4	15	16	210	43
23655	2	24	26	27	31
23656	2	31	24	35	29
23657	2	32	24	32	49
23658	2	22	16	22	22
23659	4	15	24	136	59
23660	2	31	26	21	54
23661	2	24	16	31	36
23662	2	8	28	10	45
23663	1	42	20	42	26
23664	2	3	5	6	10
23665	2	27	6	31	6
23666	2	27	24	19	27
23667	2	53	28	38	57
23668	4	11	16	105	43
23669	2	37	28	26	57
23670	2	24	19	28	24
23671	2	6	16	8	22
23672	2	14	16	16	21
23673	2	9	18	11	38
23674	2	12	16	12	22
23675	2	27	26	31	32
23676	4	19	19	348	31
23677	2	34	24	35	29
23678	2	22	6	253	16
23679	4	10	5	55	12
23680	2	7	16	10	24
23681	2	34	6	39	6
23682	2	20	6	19	6
23683	2	6	16	7	21
23684	2	48	24	34	48
23685	2	6	20	12	26
23686	2	8	5	36	13
23687	2	9	20	11	26
23688	2	21	6	26	10
23689	2	10	22	14	28
23690	2	15	27	18	47
23691	2	26	24	26	45
23692	2	22	24	25	41
23693	2	30	6	34	12
23694	2	20	6	28	6
23695	2	13	27	16	51
23696	1	6	24	6	29
23697	4	13	6	55	13
23698	2	13	16	17	26
23699	2	15	18	12	23
23700	2	12	24	8	42
23701	4	33	23	630	60
23702	2	13	27	12	56
23703	2	14	6	18	6
23704	2	13	6	15	10
23705	2	13	16	17	20
23706	2	10	6	36	14
23707	2	4	16	5	21
23708	4	8	25	129	38
23709	4	42	24	465	71
23710	2	24	24	24	33
23711	2	12	28	11	33
23712	2	15	24	11	31
23713	2	32	24	34	49
23714	4	14	6	91	12
23715	2	8	24	7	40
23716	1	24	20	24	26
23717	2	31	6	38	6
23718	1	7	5	7	5
23719	2	34	24	39	43
23720	2	19	18	25	24
23721	2	5	28	11	34
23722	2	29	26	34	32
23723	2	29	23	33	44
23724	4	6	16	36	42
23725	2	8	28	5	55
23726	1	12	28	12	55
23727	4	40	24	465	59
23728	2	17	24	13	34
23729	2	29	23	20	29
23730	2	16	6	21	6
23731	2	24	28	24	33
23732	2	15	6	20	6
23733	2	8	26	6	47
23734	4	18	6	248	12
23735	2	15	24	19	43
23736	1	9	28	9	33
23737	2	32	24	33	28
23738	2	3	12	5	17
23739	8	6	5	210	22
23740	2	43	24	31	45
23741	4	26	24	351	58
23742	2	47	24	34	50
23743	2	34	24	35	48
23744	2	22	16	24	22
23745	2	28	26	32	31
23746	2	19	27	19	55
23747	2	29	6	35	7
23748	2	27	296	21	314
23749	2	31	26	40	32
23750	2	7	24	28	58
23751	2	8	28	11	46
23752	2	12	20	25	27
23753	2	7	6	15	8
23754	2	18	6	171	12
23755	2	27	28	32	34
23756	2	29	24	33	30
23757	2	11	6	23	11
23758	1	13	19	14	25
23759	2	14	16	13	21
23760	4	17	5	153	11
23761	4	9	21	21	72
23762	2	27	25	19	52
23763	2	22	24	23	32
23764	1	9	23	9	41
23765	4	28	6	465	14
23766	4	34	24	736	57
23767	4	8	16	55	38
23768	4	33	24	698	59
23769	2	8	296	6	301
23770	1	16	6	17	10
23771	2	34	27	39	56
23772	2	27	24	31	41
23773	2	9	16	9	20
23774	2	22	26	30	31
23775	2	28	6	32	10
23776	4	24	15	557	28
23777	2	10	24	7	33
23778	2	7	24	5	29
23779	2	11	20	14	25
23780	2	12	16	24	22
23781	4	18	6	322	13
23782	2	27	24	31	49
23783	2	21	16	26	22
23784	1	14	6	12	7
23785	2	4	25	5	28
23786	2	21	24	15	29
23787	1	7	24	7	33
23788	2	55	26	39	53
23789	2	8	28	7	33
23790	2	6	28	7	46
23791	2	28	15	34	21
23792	2	33	27	36	56
23793	4	48	296	739	601
23794	2	27	24	30	46
23795	2	9	6	12	7
23796	1	18	20	18	25
23797	2	40	296	31	326
23798	2	45	24	32	50
23799	2	30	26	33	53
23800	4	18	6	248	12
23801	2	3	5	6	11
23802	2	10	28	20	35
23803	2	2	15	4	20
23804	2	12	6	10	6
23805	2	24	17	28	23
23806	2	48	296	38	316
23807	4	29	28	658	41
23808	2	13	5	14	6
23809	2	21	296	16	317
23810	1	14	6	14	10
23811	2	18	23	12	31
23812	1	9	24	9	29
23813	2	48	24	34	30
23814	2	26	27	29	54
23815	2	16	14	21	20
23816	2	30	24	35	46
23817	4	16	13	91	24
23818	2	20	14	24	20
23819	2	23	24	25	29
23820	4	23	6	300	14
23821	2	17	20	23	25
23822	2	41	296	33	301
23823	4	37	26	325	84
23824	2	14	14	14	20
23825	2	17	24	21	29
23826	4	4	16	41	27
23827	4	12	16	313	30
23828	2	22	18	23	24
23829	2	30	24	34	29
23830	4	40	24	406	59
23831	8	14	6	1820	24
23832	4	3	28	25	41
23833	2	22	20	26	26
23834	4	37	24	351	58
23835	4	31	6	696	13
23836	2	35	28	42	55
23837	2	10	28	21	33
23838	2	5	15	6	20
23839	2	34	24	38	28
23840	4	4	6	33	12
23841	2	27	24	28	32
23842	2	14	6	14	6
23843	2	24	28	33	34
23844	2	22	28	30	34
23845	2	10	16	12	21
23846	2	24	16	28	22
23847	2	18	16	25	21
23848	2	9	16	12	21
23849	2	25	6	28	11
23850	2	14	6	19	6
23851	2	5	28	7	33
23852	4	23	20	300	32
23853	2	22	24	23	48
23854	2	17	16	23	22
23855	2	22	6	27	9
23856	2	19	6	24	8
23857	2	14	23	15	29
23858	2	7	16	8	21
23859	2	16	20	16	26
23860	2	8	16	8	21
23861	2	14	16	17	22
23862	4	21	295	120	601
23863	2	16	20	15	26
23864	2	20	16	26	34
23865	1	20	15	18	21
23866	2	14	16	18	34
23867	2	12	24	8	27
23868	4	30	24	590	59
23869	2	32	256	35	265
23870	2	18	6	22	8
23871	2	15	24	16	40
23872	4	22	27	432	40
23873	2	14	6	18	11
23874	8	15	16	7205	85
23875	2	17	24	23	30
23876	4	23	24	276	72
23877	4	42	24	435	75
23878	2	16	27	16	34
23879	2	25	24	26	28
23880	2	26	24	19	30
23881	2	7	6	14	7
23882	2	31	24	34	46
23883	2	3	27	5	33
23884	2	22	14	30	20
23885	2	48	24	35	29
23886	2	24	24	24	47
23887	2	9	12	8	19
23888	4	7	15	21	26
23889	2	27	24	31	48
23890	4	27	18	464	31
23891	1	24	19	24	25
23892	4	19	24	190	58
23893	4	23	24	300	55
23894	2	53	296	39	314
23895	4	10	6	201	12
23896	2	4	28	8	34
23897	2	7	16	14	22
23898	2	20	28	21	35
23899	2	56	24	41	31
23900	2	45	28	32	56
23901	1	11	24	10	31
23902	4	18	28	248	40
23903	4	14	5	151	13
23904	4	43	296	628	602
23905	2	10	6	13	6
23906	2	13	24	12	32
23907	2	10	28	13	34
23908	2	24	25	28	52
23909	2	6	15	5	21
23910	2	4	6	8	10
23911	4	48	28	630	86
23912	4	18	24	78	59
23913	2	3	27	4	46
23914	4	2	4	13	9
23915	2	20	17	19	23
23916	2	2	5	3	10
23917	2	14	5	13	6
23918	4	12	24	91	73
23919	2	13	24	10	28
23920	4	17	28	207	83
23921	1	34	16	35	22
23922	2	19	15	23	20
23923	2	31	20	35	26
23924	2	7	6	15	7
23925	2	31	24	35	24
23926	2	8	17	10	23
23927	4	24	24	401	47
23928	2	18	28	22	34
23929	2	28	24	31	44
23930	2	31	24	35	48
23931	2	30	28	40	33
23932	2	24	295	18	327
23933	4	16	24	78	58
23934	2	31	24	22	42
23935	4	28	6	35960	28
23936	2	22	16	29	25
23937	2	55	28	39	56
23938	1	7	24	7	34
23939	1	30	20	31	26
23940	2	18	15	20	21
23941	2	25	26	30	55
23942	4	29	23	231	58
23943	2	4	6	9	7
23944	2	12	16	16	23
23945	2	24	20	31	26
23946	2	4	15	5	28
23947	4	12	6	289	14
23948	2	30	23	20	42
23949	2	11	14	23	21
23950	4	19	16	190	30
23951	2	21	296	16	317
23952	4	17	5	105	12
23953	2	24	24	17	41
23954	2	16	24	17	28
23955	2	31	20	41	26
23956	2	19	6	25	6
23957	2	18	10	17	16
23958	2	20	16	26	21
23959	2	14	20	17	26
23960	2	21	17	21	23
23961	4	7	6	113	14
23962	2	21	24	24	29
23963	2	24	6	26	6
23964	1	4	6	4	9
23965	4	11	295	36	615
23966	2	10	5	9	9
23967	2	4	15	8	22
23968	8	21	6	30250	27
23969	4	16	6	229	13
23970	1	16	6	16	6
23971	2	35	24	25	29
23972	2	20	24	21	32
23973	2	12	6	15	6
23974	1	22	20	22	26
23975	2	10	19	7	19
23976	2	29	28	32	57
23977	2	13	6	17	6
23978	4	12	13	119	26
23979	2	30	24	35	34
23980	2	25	16	33	21
23981	2	17	13	14	19
23982	2	4	14	9	21
23983	2	21	24	23	30
23984	2	34	28	39	56
23985	2	4	20	8	26
23986	2	28	24	27	48
23987	2	15	19	16	25
23988	2	23	24	17	33
23989	4	32	24	625	54
23990	2	24	14	32	20
23991	2	19	23	14	31
23992	4	4	6	33	14
23993	4	25	296	189	602
23994	2	27	14	32	21
23995	2	21	28	28	49
23996	2	17	26	17	31
23997	2	12	17	16	37
23998	2	12	25	12	30
23999	1	22	28	22	35
24000	2	6	6	12	8
24001	4	26	6	626	13
24002	2	29	28	31	34
24003	2	8	20	17	26
24004	2	24	6	28	11
24005	2	41	296	32	320
24006	2	21	24	24	49
24007	2	24	6	29	9
24008	2	10	20	21	27
24009	2	20	24	14	29
24010	2	6	6	7	8
24011	4	33	6	933	13
24012	2	8	24	7	32
24013	4	7	13	99	26
24014	2	10	6	20	11
24015	2	9	15	18	22
24016	2	16	6	20	6
24017	2	28	28	32	55
24018	2	11	18	22	25
24019	4	14	5	170	12
24020	2	9	6	10	6
24021	2	33	24	36	30
24022	2	28	24	33	45
24023	4	35	23	858	76
24024	4	19	24	230	53
24025	2	38	294	28	327
24026	2	17	28	23	33
24027	2	9	28	10	56
24028	2	4	28	8	34
24029	2	20	5	21	5
24030	2	24	28	31	34
24031	4	16	6	120	13
24032	4	19	6	348	13
24033	1	8	18	8	23
24034	2	14	16	19	22
24035	2	11	6	22	7
24036	2	9	26	12	32
24037	8	22	6	30250	27
24038	2	13	28	18	34
24039	4	11	6	265	13
24040	2	5	20	7	25
24041	2	4	5	9	8
24042	4	39	24	406	58
24043	2	24	24	24	42
24044	2	15	20	15	24
24045	2	12	6	9	11
24046	2	29	24	33	42
24047	1	8	6	8	9
24048	2	10	16	14	34
24049	2	7	23	10	42
24050	2	10	16	13	19
24051	4	35	24	858	77
24052	4	17	24	207	57
24053	2	29	24	32	32
24054	2	29	24	30	49
24055	4	14	6	166	13
24056	2	47	23	34	43
24057	2	27	24	19	44
24058	2	35	24	40	33
24059	4	14	16	171	42
24060	2	32	27	36	33
24061	2	9	28	10	33
24062	2	13	24	12	27
24063	4	21	24	120	54
24064	4	23	24	300	62
24065	2	13	16	12	22
24066	2	24	19	27	25
24067	4	10	6	66	12
24068	4	12	6	131	13
24069	4	9	15	66	26
24070	2	10	16	20	22
24071	4	23	24	322	57
24072	2	14	6	15	6
24073	2	32	296	24	327
24074	2	27	296	21	313
24075	1	29	6	29	9
24076	2	34	16	45	22
24077	2	40	25	29	54
24078	2	16	16	21	21
24079	2	15	28	15	55
24080	2	22	24	23	33
24081	2	20	28	21	34
24082	4	38	23	406	54
24083	2	14	6	18	8
24084	2	31	24	21	29
24085	4	26	28	433	40
24086	4	22	6	253	13
24087	2	30	19	38	24
24088	4	26	6	406	16
24089	2	11	6	23	12
24090	2	15	16	20	35
24091	2	8	16	16	22
24092	2	23	12	25	19
24093	2	32	24	36	41
24094	2	12	6	25	7
24095	2	45	24	33	33
24096	4	10	6	221	13
24097	4	6	20	73	33
24098	2	31	24	35	25
24099	2	24	24	27	41
24100	2	31	14	36	21
24101	4	13	296	55	598
24102	1	8	5	9	5
24103	4	8	6	36	13
24104	2	33	24	37	45
24105	2	10	28	20	33
24106	2	11	16	14	21
24107	2	4	6	7	6
24108	2	9	6	18	10
24109	4	26	6	460	14
24110	2	28	28	32	34
24111	2	19	6	24	11
24112	2	5	27	11	33
24113	2	16	296	12	302
24114	2	50	24	35	47
24115	1	11	24	11	49
24116	2	34	24	24	52
24117	4	10	16	100	30
24118	4	21	24	120	57
24119	2	23	28	16	55
24120	2	35	24	25	48
24121	2	14	24	13	49
24122	2	28	27	32	56
24123	2	8	6	11	7
24124	2	12	26	10	31
24125	2	16	15	19	20
24126	2	20	24	23	28
24127	2	8	24	9	24
24128	2	19	24	13	45
24129	2	27	24	32	30
24130	2	25	20	30	26
24131	1	8	6	8	6
24132	8	40	24	31465	110
24133	1	22	15	22	21
24134	2	34	24	39	42
24135	2	23	23	16	30
24136	1	7	27	7	32
24137	2	14	14	13	20
24138	4	53	24	741	56
24139	2	10	19	11	25
24140	2	54	24	39	47
24141	2	40	24	27	43
24142	1	28	27	29	32
24143	2	8	16	11	19
24144	4	7	20	61	32
24145	4	9	5	36	11
24146	2	5	20	10	27
24147	1	14	19	14	25
24148	2	14	28	17	34
24149	1	18	6	18	10
24150	2	40	24	28	43
24151	2	21	21	21	39
24152	4	28	16	496	28
24153	2	28	11	31	17
24154	2	12	28	10	57
24155	2	28	24	28	49
24156	2	14	295	10	300
24157	4	5	16	28	36
24158	2	42	24	30	45
24159	4	8	6	145	14
24160	1	16	6	16	10
24161	4	28	24	210	56
24162	2	28	23	30	48
24163	2	5	15	6	20
24164	2	42	23	30	29
24165	2	50	24	36	44
24166	4	10	295	36	608
24167	2	29	24	32	30
24168	2	8	24	7	44
24169	4	24	16	325	28
24170	2	49	24	36	27
24171	2	17	27	21	55
24172	4	6	5	15	11
24173	2	22	26	24	32
24174	2	7	296	6	315
24175	2	30	14	38	20
24176	2	27	24	28	28
24177	2	21	22	22	26
24178	2	19	24	23	32
24179	1	6	25	6	30
24180	2	31	24	35	41
24181	2	24	26	300	39
24182	2	21	6	28	6
24183	8	30	24	-1	-1
24184	4	23	23	404	54
24185	2	22	27	22	32
24186	4	17	6	273	13
24187	2	9	16	12	35
24188	4	8	6	65	12
24189	2	14	26	18	31
24190	2	22	14	26	20
24191	2	45	24	33	29
24192	4	25	24	171	69
24193	4	12	6	300	14
24194	4	10	6	201	17
24195	4	7	6	99	18
24196	2	13	6	12	6
24197	2	10	296	8	303
24198	2	19	6	23	6
24199	2	22	6	29	6
24200	4	26	6	460	14
24201	2	14	20	19	41
24202	2	12	28	24	34
24203	2	15	6	16	6
24204	4	20	24	120	77
24205	2	11	20	12	25
24206	2	21	23	25	26
24207	2	33	19	561	31
24208	4	23	6	375	12
24209	2	8	24	7	29
24210	2	14	16	17	22
24211	4	28	6	622	14
24212	2	28	25	36	30
24213	2	26	6	31	12
24214	2	20	27	27	33
24215	2	25	28	33	49
24216	2	19	24	23	48
24217	2	7	18	8	23
24218	2	26	24	19	29
24219	4	8	21	21	59
24220	4	8	23	15	57
24221	2	12	24	78	36
24222	1	8	15	8	21
24223	2	17	15	23	21
24224	2	16	24	12	32
24225	4	10	22	21	53
24226	2	14	6	17	9
24227	4	45	24	561	57
24228	2	12	24	13	44
24229	2	14	5	78	11
24230	4	8	16	55	41
24231	2	12	28	25	35
24232	8	10	6	7001	30
24233	4	10	6	90	12
24234	2	24	21	28	39
24235	2	17	6	18	6
24236	2	23	23	17	46
24237	4	40	24	406	59
24238	1	8	19	9	24
24239	2	22	6	22	10
24240	2	28	24	20	28
24241	4	17	24	226	60
24242	2	27	6	31	11
24243	2	12	28	25	34
24244	2	14	15	14	21
24245	2	6	27	13	33
24246	2	39	24	28	34
24247	4	17	24	207	59
24248	2	20	6	28	6
24249	2	43	24	30	48
24250	1	6	24	6	30
24251	4	24	16	528	42
24252	2	2	26	4	30
24253	2	49	28	35	56
24254	2	2	20	4	25
24255	2	17	24	18	50
24256	4	5	19	27	30
24257	2	23	16	26	23
24258	2	8	15	6	20
24259	2	3	20	7	26
24260	2	9	24	10	27
24261	2	31	28	39	34
24262	2	13	6	16	10
24263	2	11	6	14	11
24264	2	30	24	35	29
24265	2	15	18	19	24
24266	2	45	24	31	48
24267	2	12	16	15	22
24268	4	7	15	99	30
24269	2	17	16	23	21
24270	2	23	24	26	48
24271	1	6	5	6	4
24272	2	8	5	36	13
24273	2	17	16	23	22
24274	4	24	6	524	14
24275	2	19	24	20	29
24276	4	8	20	65	31
24277	2	26	24	30	32
24278	2	13	17	15	23
24279	2	6	16	12	22
24280	2	9	20	19	26
24281	2	6	6	7	6
24282	2	33	24	35	49
24283	4	7	6	99	14
24284	2	25	28	26	57
24285	4	14	295	55	599
24286	4	22	6	403	13
24287	4	28	24	523	56
24288	2	21	24	22	35
24289	2	8	24	5	29
24290	2	10	26	13	46
24291	2	33	24	38	45
24292	2	51	24	36	29
24293	4	11	6	243	14
24294	4	13	6	169	13
24295	2	15	24	15	49
24296	4	39	296	495	601
24297	4	23	16	465	42
24298	4	14	24	45	56
24299	4	28	296	252	613
24300	8	30	6	-1	-1
24301	2	9	22	6	39
24302	2	32	23	37	45
24303	2	9	23	10	23
24304	2	24	16	32	22
24305	1	18	6	19	8
24306	4	53	24	780	58
24307	2	14	20	13	25
24308	2	5	6	6	6
24309	2	35	24	39	30
24310	4	16	24	153	55
24311	2	22	296	16	313
24312	2	21	18	28	38
24313	2	17	24	12	33
24314	4	15	23	136	58
24315	4	5	6	61	14
24316	2	5	6	10	6
24317	2	32	28	36	34
24318	4	2	5	10	11
24319	1	12	14	12	20
24320	4	22	6	14950	27
24321	2	14	28	10	56
24322	2	11	16	22	22
24323	2	22	6	28	6
24324	2	11	24	10	32
24325	2	17	24	17	45
24326	4	8	5	15	10
24327	4	9	6	181	14
24328	2	32	24	34	32
24329	4	23	6	493	13
24330	4	31	28	737	41
24331	2	3	11	6	18
24332	2	20	6	27	6
24333	2	24	16	28	22
24334	4	24	6	557	13
24335	2	16	16	18	22
24336	2	11	15	10	19
24337	4	4	13	21	36
24338	4	22	24	253	60
24339	2	11	24	9	44
24340	2	9	28	6	55
24341	4	21	24	231	54
24342	2	49	24	35	45
24343	2	32	24	23	28
24344	2	35	27	37	54
24345	2	48	24	34	49
24346	2	17	6	23	6
24347	4	26	6	378	13
24348	1	19	11	19	17
24349	2	24	23	17	44
24350	2	19	20	24	26
24351	2	13	16	16	21
24352	2	30	6	36	8
24353	4	20	6	375	12
24354	2	15	24	16	44
24355	4	26	6	626	13
24356	2	30	28	38	34
24357	4	7	24	15	55
24358	2	30	24	35	27
24359	2	22	28	25	34
24360	1	14	6	14	6
24361	2	2	18	5	21
24362	2	11	24	66	58
24363	4	8	24	15	57
24364	2	20	19	19	24
24365	2	51	296	40	329
24366	4	17	24	207	56
24367	2	27	24	19	48
24368	4	11	24	28	51
24369	2	23	6	27	9
24370	4	34	24	661	57
24371	4	8	14	55	39
24372	2	21	24	22	43
24373	2	13	18	9	38
24374	8	3	6	129	30
24375	4	13	20	339	33
24376	2	12	17	12	22
24377	2	53	24	37	29
24378	4	9	6	181	14
24379	4	8	6	129	14
24380	4	7	24	21	60
24381	2	22	296	16	321
24382	4	8	27	45	37
24383	4	10	24	28	48
24384	4	37	24	351	58
24385	2	24	24	28	27
24386	4	30	28	628	41
24387	4	22	16	465	47
24388	2	9	6	12	6
24389	2	26	6	378	13
24390	2	35	28	44	34
24391	4	40	24	406	71
24392	2	11	6	12	11
24393	4	13	16	171	45
24394	2	27	16	33	21
24395	2	14	16	18	21
24396	2	24	23	25	31
24397	4	18	16	276	41
24398	2	10	24	6	44
24399	2	33	6	37	10
24400	2	7	16	6	20
24401	2	24	6	325	12
24402	2	12	28	25	35
24403	2	11	20	8	25
24404	2	24	28	32	48
24405	2	12	6	25	6
24406	2	18	6	22	10
24407	2	4	6	5	11
24408	4	23	6	493	12
24409	4	22	24	346	57
24410	4	12	24	36	56
24411	2	7	20	15	27
24412	2	11	295	9	312
24413	4	33	24	698	64
24414	2	12	16	16	18
24415	4	35	6	1023	13
24416	2	31	24	36	29
24417	4	42	24	465	58
24418	2	21	6	28	11
24419	2	19	24	13	42
24420	2	18	16	18	22
24421	2	22	28	25	34
24422	2	20	28	14	56
24423	4	16	6	120	14
24424	2	32	16	42	22
24425	4	14	5	166	12
24426	4	20	6	374	13
24427	2	28	24	20	27
24428	4	16	16	231	43
24429	2	21	20	21	26
24430	2	27	24	31	32
24431	2	10	16	13	24
24432	4	6	6	28	13
24433	4	11	28	115	40
24434	2	33	24	24	45
24435	2	9	6	18	12
24436	2	18	16	24	37
24437	2	47	296	37	303
24438	2	35	24	37	42
24439	4	31	24	528	57
24440	2	10	28	20	34
24441	2	14	24	17	47
24442	2	21	24	14	28
24443	2	34	24	35	34
24444	2	3	18	6	24
24445	2	14	24	13	42
24446	8	23	6	14950	26
24447	4	34	6	901	14
24448	2	10	6	11	6
24449	2	9	5	12	6
24450	1	10	28	11	34
24451	2	21	6	28	11
24452	2	13	28	26	34
24453	2	12	20	25	27
24454	2	18	24	12	47
24455	4	26	19	557	31
24456	2	9	27	18	32
24457	4	8	6	145	13
24458	2	32	27	37	33
24459	2	28	6	31	7
24460	4	15	6	171	13
24461	2	13	296	9	313
24462	2	18	28	19	34
24463	2	23	28	30	48
24464	2	17	6	21	6
24465	4	17	16	253	41
24466	1	4	6	4	6
24467	2	39	296	32	305
24468	2	12	6	12	8
24469	2	11	27	10	55
24470	2	39	296	30	307
24471	2	11	6	22	7
24472	4	19	6	348	13
24473	2	17	6	21	6
24474	2	18	24	18	44
24475	4	10	16	201	29
24476	4	34	296	377	602
24477	2	7	22	6	24
24478	4	5	15	21	37
24479	1	18	6	18	11
24480	2	9	19	12	25
24481	2	28	27	34	33
24482	4	32	24	661	49
24483	2	29	24	31	34
24484	4	32	6	738	13
24485	2	7	24	28	58
24486	2	25	28	35	33
24487	2	8	28	17	34
24488	4	27	24	406	55
24489	2	8	24	6	48
24490	2	23	27	31	33
24491	2	12	16	24	22
24492	2	19	24	13	31
24493	2	14	28	12	57
24494	2	33	296	25	313
24495	4	17	14	190	27
24496	2	10	28	11	34
24497	4	18	6	274	12
24498	2	31	27	34	54
24499	4	10	6	201	13
24500	2	8	6	36	14
24501	2	7	20	6	26
24502	2	14	6	15	7
24503	2	8	5	36	11
24504	2	36	24	41	48
24505	8	28	6	-1	-1
24506	4	32	6	889	13
24507	2	32	296	25	319
24508	2	4	28	8	34
24509	4	17	27	273	40
24510	2	21	20	20	25
24511	2	47	296	37	300
24512	2	18	14	19	19
24513	2	17	16	21	22
24514	4	24	6	1176	14
24515	2	21	6	21	10
24516	2	12	20	16	26
24517	2	10	5	13	6
24518	2	31	23	22	33
24519	2	28	19	435	32
24520	2	32	23	23	32
24521	2	26	23	19	29
24522	2	12	26	16	46
24523	2	25	295	19	301
24524	2	9	16	11	20
24525	2	35	296	29	301
24526	4	17	6	190	14
24527	2	19	5	24	10
24528	2	10	20	13	25
24529	2	21	16	27	20
24530	2	7	20	10	40
24531	2	28	6	435	14
24532	2	9	6	45	11
24533	4	22	6	461	13
24534	2	11	20	12	26
24535	2	10	16	20	22
24536	2	5	5	10	10
24537	2	23	24	23	30
24538	4	12	6	313	13
24539	2	12	295	9	314
24540	4	5	6	42	13
24541	2	32	296	26	300
24542	4	22	27	276	84
24543	2	10	19	21	26
24544	2	20	27	21	32
24545	2	17	15	22	21
24546	2	18	15	17	21
24547	2	30	23	35	43
24548	2	13	27	26	33
24549	2	9	6	10	7
24550	2	27	24	28	48
24551	2	12	6	78	13
24552	2	18	6	22	7
24553	2	31	28	34	57
24554	4	4	16	33	26
24555	2	10	6	20	7
24556	4	23	23	377	54
24557	2	5	6	10	9
24558	2	16	15	20	20
24559	2	16	24	18	32
24560	2	23	28	27	58
24561	2	18	24	21	34
24562	4	11	20	243	33
24563	2	28	18	35	24
24564	2	17	6	23	10
24565	2	14	24	13	33
24566	1	22	6	22	7
24567	4	18	24	171	59
24568	4	7	5	28	11
24569	1	10	24	10	40
24570	2	23	24	24	45
24571	4	7	6	44	13
24572	2	10	16	11	22
24573	8	13	6	715	24
24574	2	33	16	41	22
24575	2	16	20	16	25
24576	2	24	6	33	12
24577	2	30	6	37	6
24578	2	21	296	15	307
24579	2	12	6	78	16
24580	2	3	20	7	25
24581	1	4	6	4	6
24582	4	24	6	524	12
24583	2	11	6	22	11
24584	2	33	24	38	34
24585	2	21	27	28	48
24586	2	26	6	26	9
24587	2	22	6	28	11
24588	2	13	14	16	20
24589	2	8	6	16	7
24590	2	21	15	28	21
24591	2	15	20	20	25
24592	2	6	20	13	27
24593	2	17	26	17	31
24594	4	20	24	210	74
24595	2	29	296	23	301
24596	4	19	295	105	595
24597	2	6	6	12	6
24598	2	50	28	35	57
24599	1	4	6	4	6
24600	2	20	28	40	34
24601	2	16	25	21	46
24602	1	14	16	14	21
24603	4	10	5	28	11
24604	2	8	28	6	54
24605	4	11	6	243	14
24606	2	7	6	8	6
24607	2	11	19	15	39
24608	4	18	24	190	79
24609	2	12	20	16	26
24610	8	15	24	3876	113
24611	2	28	296	22	305
24612	2	43	24	31	27
24613	2	38	296	29	301
24614	4	12	19	136	61
24615	2	13	24	15	27
24616	2	23	6	31	6
24617	2	31	24	21	28
24618	1	16	6	16	6
24619	2	17	23	17	30
24620	2	26	24	19	29
24621	2	24	23	25	31
24622	4	21	24	253	57
24623	2	16	24	11	47
24624	2	16	16	16	22
24625	2	3	19	7	24
24626	4	12	6	135	12
24627	4	16	17	136	29
24628	1	18	24	18	30
24629	2	27	16	31	22
24630	2	48	24	33	35
24631	4	45	296	629	628
24632	2	54	24	38	48
24633	4	13	6	105	12
24634	4	11	5	77	11
24635	2	8	28	17	34
24636	2	12	14	24	20
24637	8	26	24	5985	116
24638	2	18	28	24	48
24639	2	31	27	22	56
24640	2	28	24	20	45
24641	1	12	6	12	8
24642	2	17	20	23	26
24643	4	6	28	28	67
24644	2	38	24	27	49
24645	2	8	22	6	42
24646	2	2	15	4	22
24647	2	18	15	24	21
24648	2	5	15	7	20
24649	2	28	21	33	36
24650	4	26	5	460	12
24651	4	30	6	561	12
24652	2	23	296	19	319
24653	2	26	24	30	27
24654	4	12	20	104	32
24655	1	9	28	9	56
24656	2	32	24	34	33
24657	4	19	6	323	13
24658	4	8	6	21	12
24659	1	12	28	13	33
24660	4	20	5	190	12
24661	4	14	6	188	13
24662	2	16	16	22	26
24663	4	7	6	113	14
24664	2	8	6	16	11
24665	2	24	24	29	33
24666	2	15	27	19	47
24667	4	20	24	105	57
24668	4	25	24	430	56
24669	2	17	6	17	6
24670	2	34	6	43	7
24671	2	22	16	29	25
24672	2	23	6	46	10
24673	2	24	24	25	34
24674	2	9	6	19	7
24675	2	13	25	26	31
24676	2	30	24	21	32
24677	2	42	24	30	44
24678	2	5	20	10	26
24679	2	12	24	11	50
24680	2	10	17	13	38
24681	2	14	20	10	35
24682	2	17	24	13	42
24683	2	20	28	14	54
24684	8	12	16	3784	82
24685	4	17	6	274	17
24686	2	10	6	21	12
24687	2	30	24	34	34
24688	2	26	24	30	43
24689	2	31	24	22	41
24690	2	33	24	37	45
24691	4	23	27	432	39
24692	2	11	28	21	34
24693	2	13	28	10	34
24694	1	4	6	4	6
24695	1	16	16	16	21
24696	2	14	6	19	7
24697	2	48	24	35	29
24698	2	6	16	7	24
24699	4	18	6	252	18
24700	2	35	24	26	42
24701	2	44	296	35	304
24702	2	6	6	13	6
24703	2	7	28	15	34
24704	2	10	18	14	23
24705	2	24	24	29	29
24706	4	11	16	105	41
24707	2	17	24	16	29
24708	4	25	24	430	74
24709	2	24	6	24	9
24710	8	23	6	22126	29
24711	1	16	6	16	9
24712	2	19	15	23	21
24713	1	8	6	8	6
24714	2	7	19	14	25
24715	4	15	24	168	57
24716	2	24	6	33	8
24717	1	20	15	20	20
24718	2	30	24	32	48
24719	2	7	5	14	6
24720	2	22	6	21	6
24721	4	15	24	66	58
24722	4	22	14	350	27
24723	2	14	16	18	21
24724	2	17	19	23	25
24725	4	43	24	465	56
24726	1	16	27	16	33
24727	2	19	24	19	29
24728	2	7	20	15	26
24729	2	20	6	24	6
24730	2	14	5	28	10
24731	2	15	22	10	32
24732	2	34	296	26	302
24733	4	16	6	136	12
24734	2	27	24	27	49
24735	4	20	6	375	16
24736	2	17	6	18	6
24737	2	38	24	28	41
24738	2	32	23	36	29
24739	1	16	16	16	22
24740	2	22	6	30	7
24741	2	37	24	26	46
24742	1	18	20	18	26
24743	2	16	24	11	33
24744	2	23	24	27	47
24745	2	12	15	24	21
24746	2	18	24	12	45
24747	2	31	6	35	9
24748	2	45	27	31	54
24749	4	20	16	378	41
24750	2	22	6	24	6
24751	4	24	24	276	59
24752	4	20	24	105	73
24753	2	10	6	55	12
24754	2	25	6	325	14
24755	2	52	24	38	32
24756	1	6	19	7	24
24757	2	7	6	9	11
24758	4	16	6	136	12
24759	4	19	296	119	629
24760	2	35	24	25	28
24761	2	19	6	16	12
24762	1	8	25	8	30
24763	2	27	24	31	33
24764	4	2	3	9	10
24765	1	6	5	6	6
24766	2	35	16	45	22
24767	2	17	24	17	30
24768	1	12	6	12	11
24769	4	48	296	778	602
24770	2	13	20	9	40
24771	4	12	23	36	46
24772	1	11	5	11	5
24773	2	9	6	12	11
24774	2	24	6	31	9
24775	2	10	27	7	48
24776	2	10	27	7	47
24777	2	25	28	26	58
24778	2	43	28	31	56
24779	2	8	16	7	21
24780	2	20	6	210	14
24781	4	19	24	91	57
24782	4	10	6	45	12
24783	2	14	5	11	5
24784	2	18	24	19	45
24785	2	56	24	39	29
24786	2	33	6	38	11
24787	2	42	24	31	44
24788	2	11	24	7	24
24789	2	11	12	23	18
24790	2	22	24	16	33
24791	4	18	6	666	13
24792	4	24	24	300	53
24793	1	24	15	24	21
24794	2	4	20	6	39
24795	4	14	6	91	13
24796	4	9	16	153	29
24797	2	22	16	30	23
24798	4	7	6	99	14
24799	2	12	20	15	26
24800	2	19	6	26	10
24801	2	47	24	34	33
24802	2	27	6	30	6
24803	4	46	296	664	602
24804	2	22	27	29	48
24805	2	8	18	17	24
24806	2	15	24	16	31
24807	1	20	6	21	10
24808	2	33	6	40	6
24809	2	4	16	7	22
24810	4	31	296	299	604
24811	2	29	24	21	46
24812	2	9	15	10	20
24813	2	12	27	25	33
24814	8	25	24	20475	118
24815	2	14	6	120	13
24816	2	51	24	36	33
24817	2	21	24	16	30
24818	2	20	16	19	22
24819	4	13	23	91	55
24820	1	14	20	14	25
24821	2	6	20	13	25
24822	2	9	6	11	6
24823	4	7	16	45	46
24824	2	32	20	37	26
24825	2	5	5	7	6
24826	1	5	6	5	6
24827	2	31	19	41	25
24828	2	38	296	30	305
24829	2	25	23	29	41
24830	2	19	16	26	33
24831	2	22	23	25	38
24832	2	22	6	26	7
24833	2	22	24	20	32
24834	2	28	6	31	8
24835	2	7	28	6	49
24836	2	7	16	15	22
24837	2	26	28	31	57
24838	2	49	24	35	30
24839	2	22	6	22	9
24840	1	36	19	36	26
24841	2	26	6	33	10
24842	2	39	296	31	300
24843	2	21	19	28	25
24844	2	23	24	17	28
24845	4	9	22	55	59
24846	2	7	15	9	21
24847	2	32	24	37	33
24848	2	26	6	351	12
24849	4	35	23	325	55
24850	4	22	6	276	13
24851	2	21	27	21	56
24852	4	8	23	15	57
24853	2	9	6	18	12
24854	8	25	6	33850	28
24855	2	40	24	28	31
24856	2	50	24	36	34
24857	2	21	6	21	11
24858	8	23	24	3060	109
24859	2	13	28	15	33
24860	2	33	20	38	26
24861	2	19	24	21	34
24862	2	6	6	7	11
24863	1	22	15	22	21
24864	2	11	27	22	34
24865	2	33	24	23	45
24866	4	3	6	21	13
24867	2	16	24	17	49
24868	2	30	24	33	43
24869	2	28	28	31	34
24870	2	7	6	14	8
24871	2	16	16	22	26
24872	8	40	24	31465	115
24873	2	21	24	15	46
24874	4	10	6	88	14
24875	2	22	6	26	9
24876	4	14	19	166	31
24877	2	23	14	29	20
24878	2	34	24	39	26
24879	2	25	28	35	34
24880	2	50	296	40	307
24881	4	49	24	595	58
24882	1	8	15	8	21
24883	1	3	15	3	19
24884	2	30	24	32	32
24885	8	6	6	1289	27
24886	2	24	16	31	20
24887	2	8	24	7	28
24888	2	56	24	40	33
24889	1	7	28	7	58
24890	4	12	24	45	52
24891	2	24	28	31	49
24892	2	16	27	18	33
24893	2	26	6	35	12
24894	2	48	24	35	33
24895	2	18	16	15	22
24896	2	11	6	23	11
24897	1	21	27	22	34
24898	4	34	6	1023	13
24899	2	8	293	6	303
24900	2	9	6	12	6
24901	2	12	16	16	21
24902	2	26	24	19	33
24903	2	16	6	16	11
24904	2	29	24	33	45
24905	1	9	26	10	32
24906	2	31	6	40	6
24907	8	5	6	501	31
24908	2	22	6	22	7
24909	2	29	28	34	34
24910	4	25	6	20475	26
24911	2	29	24	34	36
24912	2	4	16	6	37
24913	2	14	24	10	47
24914	2	26	24	26	45
24915	2	3	16	6	21
24916	4	20	6	231	16
24917	2	52	24	38	32
24918	4	33	24	630	58
24919	2	40	27	29	53
24920	2	34	6	595	12
24921	4	26	296	230	600
24922	2	34	24	38	28
24923	2	35	23	40	44
24924	2	21	19	28	40
24925	2	26	24	31	30
24926	2	12	19	25	25
24927	2	7	5	7	10
24928	4	35	24	325	75
24929	2	6	28	13	34
24930	2	8	27	5	32
24931	2	17	23	11	46
24932	2	8	24	5	27
24933	2	20	27	23	33
24934	2	32	24	33	48
24935	8	42	24	-1	-1
24936	4	26	24	378	59
24937	2	33	24	35	33
24938	2	53	24	37	33
24939	2	33	24	38	42
24940	4	24	6	351	13
24941	2	32	24	36	47
24942	4	19	24	105	62
24943	2	34	28	42	34
24944	8	6	5	378	25
24945	2	9	20	18	26
24946	2	8	15	16	21
24947	2	7	18	7	23
24948	2	11	23	9	28
24949	1	22	6	22	11
24950	2	12	25	15	45
24951	1	4	6	4	7
24952	4	25	24	171	58
24953	2	4	20	8	25
24954	4	10	6	221	13
24955	2	33	6	43	6
24956	2	7	16	7	21
24957	2	23	23	27	43
24958	2	18	24	18	48
24959	2	13	295	9	299
24960	2	29	24	21	34
24961	2	57	24	41	49
24962	2	3	12	7	17
24963	2	34	24	39	41
24964	4	51	24	703	58
24965	4	30	24	253	73
24966	2	5	6	7	6
24967	2	22	16	25	21
24968	2	15	6	20	8
24969	2	20	25	24	31
24970	2	14	23	13	44
24971	2	22	27	25	53
24972	2	19	16	24	22
24973	2	19	6	25	7
24974	4	33	24	300	56
24975	2	35	24	25	28
24976	2	15	16	20	22
24977	2	40	296	32	300
24978	2	12	17	15	22
24979	2	17	24	11	42
24980	2	33	20	45	26
24981	2	29	24	21	47
24982	2	31	24	34	33
24983	4	3	5	19	13
24984	2	12	6	9	6
24985	2	7	15	9	20
24986	2	26	6	33	12
24987	2	15	26	15	52
24988	4	21	16	231	28
24989	2	18	6	18	11
24990	2	21	28	16	56
24991	2	7	28	7	31
24992	4	47	24	595	58
24993	8	7	6	2241	26
24994	4	24	27	300	40
24995	2	8	21	5	39
24996	2	12	27	16	48
24997	2	9	6	7	11
24998	2	32	6	36	6
24999	2	32	296	26	306
25000	2	56	24	40	32
25001	2	28	28	32	34
25002	2	7	27	8	32
25003	1	43	16	43	22
25004	2	14	20	11	25
25005	2	19	20	25	40
25006	2	18	24	19	46
25007	2	24	20	33	27
25008	2	5	6	10	7
25009	2	2	26	5	31
25010	2	19	16	22	21
25011	4	5	6	51	13
25012	2	53	28	38	57
25013	8	35	24	20475	117
25014	2	4	6	5	10
25015	2	12	15	16	21
25016	4	48	24	595	77
25017	4	32	24	528	58
25018	2	51	24	36	29
25019	2	24	19	28	24
25020	2	25	24	17	29
25021	2	22	296	17	306
25022	4	5	6	61	12
25023	1	20	18	20	24
25024	2	12	28	13	53
25025	2	34	24	35	30
25026	2	53	28	38	55
25027	2	24	24	28	48
25028	2	11	16	14	21
25029	2	21	28	42	34
25030	2	6	28	7	45
25031	2	50	24	36	47
25032	2	34	20	43	26
25033	4	9	22	55	44
25034	2	27	6	36	7
25035	2	2	28	5	32
25036	4	4	16	15	41
25037	2	13	16	17	25
25038	2	33	22	39	22
25039	2	3	6	6	10
25040	2	14	16	16	21
25041	2	20	6	20	6
25042	4	31	6	664	16
25043	2	51	296	40	328
25044	2	28	24	20	44
25045	2	31	6	528	13
25046	2	15	16	14	21
25047	2	27	24	31	43
25048	2	17	16	18	21
25049	4	11	24	55	68
25050	1	30	18	30	23
25051	8	17	24	8265	117
25052	2	10	16	13	22
25053	2	20	19	24	25
25054	4	10	19	221	34
25055	2	10	6	55	14
25056	4	7	4	15	8
25057	4	31	26	594	38
25058	2	10	20	21	27
25059	2	23	16	30	36
25060	2	27	6	30	11
25061	2	11	24	10	27
25062	4	14	6	166	17
25063	2	23	24	24	29
25064	4	35	23	818	57
25065	2	28	6	29	11
25066	2	22	6	23	6
25067	4	12	6	289	14
25068	2	13	20	9	41
25069	2	23	6	23	7
25070	2	17	24	17	48
25071	4	12	6	289	14
25072	2	26	24	29	44
25073	2	10	6	11	10
25074	4	20	24	210	73
25075	2	26	24	19	29
25076	2	6	5	21	11
25077	2	8	15	10	20
25078	4	17	27	105	38
25079	2	21	17	21	23
25080	2	39	24	27	34
25081	2	29	24	33	49
25082	1	8	28	8	33
25083	4	21	19	378	60
25084	1	6	16	6	19
25085	4	5	6	51	13
25086	2	17	6	20	10
25087	2	23	24	24	40
25088	2	31	6	39	11
25089	2	31	24	36	46
25090	2	5	5	7	10
25091	2	11	16	14	20
25092	2	42	24	30	29
25093	4	21	6	231	17
25094	4	22	24	276	51
25095	4	4	25	41	37
25096	4	6	5	28	12
25097	2	37	24	27	42
25098	2	27	27	31	54
25099	2	56	24	40	33
25100	2	28	296	22	328
25101	2	19	6	24	7
25102	2	32	26	37	54
25103	2	26	6	31	6
25104	2	31	24	22	44
25105	2	11	296	8	315
25106	2	17	24	18	29
25107	2	32	24	36	47
25108	4	23	24	276	55
25109	2	19	24	20	47
25110	4	23	16	524	29
25111	2	48	24	35	47
25112	8	15	6	8436	25
25113	2	13	28	14	56
25114	2	11	23	8	27
25115	2	34	24	36	48
25116	2	30	20	40	26
25117	2	24	25	48	31
25118	4	8	5	28	11
25119	2	4	15	5	30
25120	2	18	16	24	37
25121	2	27	24	19	44
25122	1	8	24	8	45
25123	2	15	295	11	326
25124	2	48	24	34	29
25125	4	24	23	401	53
25126	2	18	24	16	30
25127	2	10	26	7	53
25128	4	26	24	460	55
25129	2	12	6	25	10
25130	2	10	28	21	34
25131	2	9	18	18	24
25132	4	34	23	778	50
25133	4	26	6	460	13
25134	2	19	296	16	316
25135	2	4	19	9	24
25136	4	30	296	299	598
25137	2	8	6	36	14
25138	2	11	6	22	6
25139	1	24	20	24	25
25140	2	23	16	24	22
25141	2	9	5	11	10
25142	2	11	16	15	22
25143	2	22	16	29	34
25144	1	16	16	16	21
25145	2	2	16	4	22
25146	2	49	24	34	33
25147	2	9	28	9	32
25148	4	51	24	666	58
25149	2	20	6	24	6
25150	4	20	16	378	41
25151	2	25	24	29	46
25152	2	12	18	11	23
25153	2	12	19	10	24
25154	2	14	18	14	23
25155	4	31	24	664	54
25156	2	9	16	11	25
25157	4	15	24	66	56
25158	2	54	26	39	55
25159	2	28	26	31	49
25160	2	33	28	43	34
25161	2	7	24	5	28
25162	2	5	19	6	38
25163	2	16	20	21	40
25164	2	34	28	37	58
25165	2	13	20	10	26
25166	2	14	15	17	21
25167	2	17	23	12	28
25168	2	23	28	24	33
25169	2	24	16	33	22
25170	2	29	24	30	32
25171	4	10	14	91	38
25172	4	2	5	9	12
25173	2	27	24	31	48
25174	2	11	5	11	5
25175	4	35	27	325	83
25176	2	9	18	11	23
25177	1	20	27	20	33
25178	4	11	16	105	41
25179	2	5	6	10	10
25180	1	7	24	7	31
25181	2	26	28	28	33
25182	4	11	24	78	61
25183	2	18	6	22	10
25184	4	34	6	936	14
25185	2	23	19	27	25
25186	2	9	5	9	5
25187	2	24	16	32	35
25188	2	14	16	17	22
25189	2	19	16	22	22
25190	2	5	6	11	9
25191	4	14	6	105	13
25192	8	25	24	5985	112
25193	2	9	6	18	9
25194	4	24	24	276	58
25195	4	9	16	78	42
25196	1	20	6	20	6
25197	2	5	20	7	39
25198	2	10	27	11	33
25199	2	19	24	20	30
25200	2	19	6	16	6
25201	2	31	6	40	6
25202	2	29	27	33	56
25203	2	25	12	29	18
25204	4	32	24	661	48
25205	2	27	20	35	25
25206	2	10	27	7	50
25207	2	31	20	38	25
25208	2	19	20	20	25
25209	2	17	6	23	9
25210	1	24	16	24	22
25211	1	18	28	18	34
25212	2	17	16	20	22
25213	2	23	15	31	21
25214	2	29	19	34	24
25215	2	22	14	24	20
25216	2	11	6	12	6
25217	2	33	24	38	29
25218	4	22	6	403	14
25219	4	31	24	253	53
25220	4	20	24	231	56
25221	2	23	16	24	22
25222	2	17	6	18	10
25223	2	23	16	29	22
25224	4	18	20	153	31
25225	4	13	24	45	53
25226	2	22	6	23	6
25227	2	7	28	9	34
25228	2	30	24	34	40
25229	1	20	27	20	34
25230	4	21	6	276	12
25231	2	21	6	22	6
25232	2	9	16	12	37
25233	2	11	16	11	21
25234	2	8	6	16	7
25235	2	8	20	45	31
25236	2	11	28	11	33
25237	2	20	24	24	28
25238	2	33	24	24	29
25239	2	12	6	10	6
25240	2	9	6	9	6
25241	2	15	6	20	10
25242	2	30	24	31	46
25243	2	35	6	45	9
25244	4	33	24	276	58
25245	4	7	22	15	53
25246	2	23	24	16	28
25247	2	24	19	26	25
25248	2	7	19	14	25
25249	2	32	6	40	8
25250	1	6	24	6	46
25251	2	11	27	15	47
25252	2	11	16	14	22
25253	2	7	6	14	7
25254	1	7	16	8	20
25255	2	22	6	24	7
25256	2	27	20	35	25
25257	2	21	24	24	34
25258	4	5	19	21	31
25259	2	10	19	11	24
25260	2	24	19	24	25
25261	2	14	20	18	25
25262	2	11	6	66	12
25263	2	20	20	25	25
25264	2	12	19	12	24
25265	4	18	296	105	600
25266	2	29	24	33	45
25267	2	15	24	15	43
25268	2	9	27	10	32
25269	2	30	24	33	32
25270	2	24	24	24	45
25271	4	40	296	526	603
25272	2	25	28	33	49
25273	2	23	24	24	49
25274	2	6	28	7	32
25275	2	32	20	43	26
25276	2	18	19	17	24
25277	4	36	24	859	56
25278	2	14	5	11	5
25279	1	5	26	5	54
25280	1	22	20	22	26
25281	2	30	24	31	49
25282	2	22	6	30	7
25283	1	14	26	14	31
25284	2	13	24	9	48
25285	4	10	20	45	31
25286	1	7	24	7	32
25287	2	19	27	18	55
25288	2	28	19	33	25
25289	2	26	24	18	46
25290	2	21	24	23	31
25291	1	6	6	6	6
25292	2	2	6	5	7
25293	2	51	24	36	45
25294	4	7	16	45	33
25295	2	15	27	19	45
25296	4	11	28	253	41
25297	2	14	12	17	18
25298	2	18	26	12	55
25299	2	33	24	36	44
25300	2	10	16	13	22
25301	2	12	6	24	9
25302	4	12	24	78	57
25303	4	28	24	325	59
25304	4	54	24	780	77
25305	2	47	27	34	55
25306	2	28	23	33	32
25307	2	8	16	10	34
25308	2	19	28	24	34
25309	2	30	6	36	7
25310	2	27	24	28	31
25311	4	22	20	990	34
25312	2	31	24	22	30
25313	2	9	256	14	278
25314	2	8	15	10	34
25315	2	15	16	18	22
25316	4	9	5	54	11
25317	4	15	6	78	12
25318	2	7	5	6	10
25319	4	4	12	33	25
25320	2	31	15	41	21
25321	4	6	6	85	14
25322	2	22	6	21	6
25323	2	9	27	19	34
25324	2	11	13	21	20
25325	2	23	16	31	35
25326	4	17	6	210	14
25327	4	11	295	45	589
25328	2	28	25	20	52
25329	2	11	6	10	6
25330	2	30	6	34	8
25331	2	32	24	22	45
25332	2	24	27	31	33
25333	2	16	16	153	29
25334	2	17	16	21	22
25335	2	5	24	15	55
25336	2	44	24	31	48
25337	2	7	28	15	34
25338	4	22	15	461	28
25339	2	3	6	7	12
25340	2	20	16	27	24
25341	4	31	24	253	58
25342	4	3	16	15	28
25343	2	5	16	7	21
25344	2	10	13	13	19
25345	2	9	5	9	10
25346	2	33	20	41	26
25347	2	25	295	18	305
25348	2	22	20	26	26
25349	2	22	28	24	33
25350	2	19	27	19	33
25351	1	6	15	7	21
25352	2	25	18	30	24
25353	4	32	6	810	13
25354	4	28	24	559	56
25355	2	8	5	5	9
25356	2	18	24	18	29
25357	2	14	6	11	6
25358	1	18	26	18	32
25359	4	12	28	300	41
25360	4	28	6	622	14
25361	2	44	24	31	30
25362	4	16	296	78	602
25363	2	27	28	33	33
25364	4	12	24	36	57
25365	4	18	24	136	54
25366	2	21	28	24	53
25367	2	2	16	5	21
25368	2	25	6	34	6
25369	2	46	296	36	327
25370	4	22	24	276	62
25371	2	18	23	22	42
25372	2	27	24	19	29
25373	4	9	6	163	14
25374	2	8	17	10	22
25375	2	6	5	21	9
25376	2	12	20	13	25
25377	4	8	23	21	51
25378	4	16	6	528	14
25379	2	24	26	24	53
25380	2	10	6	20	12
25381	2	40	296	32	319
25382	4	2	5	13	11
25383	4	32	24	561	74
25384	2	23	27	30	47
25385	4	9	6	55	15
25386	1	16	15	16	21
25387	4	12	16	120	41
25388	2	25	24	26	45
25389	2	19	24	19	33
25390	2	32	6	38	11
25391	2	10	6	55	19
25392	2	2	15	3	22
25393	2	23	295	18	299
25394	2	21	24	21	46
25395	4	34	24	778	56
25396	2	28	20	30	27
25397	1	14	6	15	10
25398	2	32	6	37	7
25399	2	29	6	33	11
25400	2	26	6	33	11
25401	2	4	6	9	12
25402	2	18	28	36	34
25403	2	28	23	32	30
25404	2	10	24	8	28
25405	2	25	6	34	7
25406	1	14	16	14	22
25407	2	11	24	10	29
25408	2	5	19	11	26
25409	4	22	6	12650	26
25410	2	27	24	28	34
25411	2	27	28	35	34
25412	4	17	26	171	85
25413	2	24	6	27	10
25414	2	18	24	16	29
25415	2	4	26	8	32
25416	4	21	24	231	61
25417	2	20	25	24	49
25418	2	32	15	42	21
25419	2	7	16	13	20
25420	2	6	19	13	25
25421	2	26	24	29	29
25422	2	51	296	40	319
25423	2	22	16	29	20
25424	2	24	26	33	32
25425	2	39	24	28	43
25426	2	6	15	12	22
25427	2	4	26	5	32
25428	4	19	22	91	48
25429	4	20	6	294	12
25430	4	8	23	21	55
25431	4	23	24	373	59
25432	4	12	20	313	34
25433	2	24	27	28	50
25434	2	24	14	24	20
25435	4	32	6	850	12
25436	2	20	24	24	29
25437	4	20	22	105	53
25438	2	24	6	29	9
25439	2	4	18	8	23
25440	2	18	24	19	29
25441	2	27	27	32	55
25442	2	17	24	20	47
25443	2	22	19	25	25
25444	2	33	6	42	11
25445	2	9	6	7	11
25446	2	14	28	18	49
25447	2	12	27	13	32
25448	8	26	23	23751	108
25449	4	10	6	221	13
25450	2	8	16	10	19
25451	4	23	28	276	82
25452	1	14	6	14	6
25453	2	21	24	24	45
25454	2	20	6	27	6
25455	4	35	6	-1	-1
25456	4	3	6	19	11
25457	2	5	20	6	25
25458	2	10	17	21	24
25459	2	22	6	30	6
25460	4	44	24	496	59
25461	2	48	24	34	29
25462	2	9	16	18	23
25463	2	28	24	29	46
25464	4	24	23	401	52
25465	2	17	24	17	33
25466	1	24	6	24	10
25467	2	23	14	27	20
25468	2	18	296	14	328
25469	2	26	24	27	45
25470	2	32	23	36	39
25471	2	11	6	8	9
25472	2	6	6	12	10
25473	2	14	26	13	56
25474	2	25	24	27	29
25475	2	35	296	28	300
25476	2	35	24	26	45
25477	4	29	24	496	57
25478	2	23	24	24	29
25479	2	11	24	8	28
25480	2	13	296	10	349
25481	2	25	16	32	23
25482	2	21	24	22	30
25483	2	6	20	8	41
25484	2	8	27	6	51
25485	1	12	25	12	30
25486	2	25	6	34	9
25487	2	12	24	8	39
25488	2	16	6	136	13
25489	2	16	6	19	10
25490	2	31	24	34	35
25491	4	31	24	590	76
25492	2	4	5	9	11
25493	2	14	6	55	12
25494	2	7	27	15	34
25495	2	9	19	18	26
25496	2	17	16	22	37
25497	2	8	16	17	23
25498	2	7	20	8	24
25499	2	22	15	30	21
25500	2	16	6	21	11
25501	2	33	19	42	25
25502	4	47	28	595	82
25503	2	31	23	35	42
25504	2	30	28	40	34
25505	2	21	28	27	47
25506	2	10	14	21	21
25507	4	5	6	61	13
25508	2	10	12	20	19
25509	2	5	14	10	19
25510	2	13	20	17	25
25511	4	25	6	434	13
25512	2	13	27	17	47
25513	2	25	6	34	11
25514	2	13	19	26	25
25515	4	11	27	55	83
25516	2	11	296	9	322
25517	2	43	24	30	31
25518	4	10	6	201	14
25519	2	7	14	9	20
25520	2	24	26	17	52
25521	2	6	24	21	69
25522	4	42	24	465	57
25523	1	20	6	20	11
25524	2	14	28	13	53
25525	2	8	24	5	32
25526	2	14	24	14	47
25527	4	21	296	120	603
25528	2	30	296	24	302
25529	2	23	6	26	7
25530	4	12	6	313	15
25531	1	15	6	16	6
25532	2	37	296	28	319
25533	2	38	296	30	306
25534	2	19	24	19	30
25535	4	14	6	105	12
25536	2	33	23	38	40
25537	4	11	24	55	57
25538	4	21	20	210	32
25539	4	18	24	91	48
25540	2	5	6	10	7
25541	2	11	19	22	25
25542	4	20	16	820	30
25543	4	27	24	463	59
25544	4	21	6	324	17
25545	2	37	24	26	49
25546	2	13	24	12	44
25547	2	22	24	22	44
25548	2	5	28	10	35
25549	4	19	6	253	13
25550	2	33	24	36	45
25551	1	29	6	30	7
25552	2	10	6	21	7
25553	1	6	24	6	27
25554	4	8	6	63	12
25555	2	19	296	14	298
25556	2	31	6	41	6
25557	4	10	15	91	38
25558	2	29	25	30	53
25559	2	10	26	11	32
25560	2	7	24	28	56
25561	2	10	16	55	28
25562	4	35	23	818	61
25563	4	20	27	276	38
25564	2	10	15	14	21
25565	4	15	18	210	59
25566	2	22	19	28	25
25567	4	19	6	297	13
25568	2	23	22	17	25
25569	2	11	27	15	33
25570	2	29	6	465	13
25571	4	26	6	464	13
25572	4	34	14	857	26
25573	2	34	27	38	54
25574	2	17	23	18	28
25575	2	37	24	42	46
25576	2	7	6	14	11
25577	4	21	24	231	53
25578	2	10	18	11	24
25579	2	31	24	36	30
25580	1	26	6	26	6
25581	4	43	296	628	601
25582	1	6	16	7	22
25583	2	19	16	23	22
25584	4	24	16	528	39
25585	4	4	28	15	38
25586	2	3	5	6	11
25587	2	4	6	9	6
25588	2	13	23	9	32
25589	2	35	28	37	58
25590	2	10	19	9	23
25591	4	3	5	19	10
25592	4	29	24	465	59
25593	2	33	23	36	29
25594	2	13	24	10	32
25595	2	21	6	21	9
25596	2	11	11	22	18
25597	2	23	10	25	16
25598	2	26	6	33	6
25599	2	31	15	37	22
25600	2	37	24	27	44
25601	2	22	16	29	38
25602	4	23	28	373	85
25603	2	16	28	16	57
25604	1	20	28	20	34
25605	2	12	27	16	32
25606	2	49	24	35	44
25607	2	15	24	16	35
25608	2	23	23	24	42
25609	2	10	16	20	22
25610	2	24	6	32	6
25611	2	24	28	28	34
25612	2	35	23	40	43
25613	2	2	5	5	8
25614	4	8	25	15	36
25615	8	13	6	4692	25
25616	2	15	6	18	6
25617	4	6	6	85	14
25618	2	8	6	17	11
25619	4	32	17	892	30
25620	2	17	23	12	43
25621	2	51	24	37	49
25622	4	29	296	253	602
25623	2	10	5	55	15
25624	2	9	5	12	6
25625	4	41	296	495	627
25626	2	33	24	35	32
25627	1	5	6	5	6
25628	2	22	28	21	34
25629	1	24	19	24	25
25630	2	20	16	21	22
25631	2	36	296	29	314
25632	2	6	6	7	6
25633	2	8	16	6	22
25634	1	8	28	8	33
25635	2	28	6	32	11
25636	2	7	25	9	30
25637	2	42	24	29	32
25638	2	20	6	27	7
25639	2	20	6	210	14
25640	2	14	24	9	44
25641	8	22	6	10626	25
25642	8	20	6	-1	-1
25643	1	8	24	7	28
25644	2	11	16	15	36
25645	2	8	24	7	29
25646	4	17	6	105	12
25647	2	28	20	36	25
25648	2	27	24	30	42
25649	2	22	6	26	7
25650	2	12	16	25	23
25651	4	10	20	28	31
25652	2	20	25	19	31
25653	2	12	6	14	9
25654	2	5	16	6	21
25655	4	33	24	698	56
25656	4	14	6	136	12
25657	2	25	24	18	44
25658	2	17	17	14	23
25659	2	9	18	6	24
25660	2	14	23	17	26
25661	2	25	6	29	6
25662	2	23	20	26	25
25663	2	16	6	20	6
25664	2	23	6	27	10
25665	2	52	24	38	47
25666	4	10	22	66	43
25667	2	10	6	55	11
25668	2	28	24	32	30
25669	1	9	6	9	10
25670	2	34	24	39	47
25671	2	10	17	21	23
25672	4	35	24	325	67
25673	4	18	17	120	29
25674	2	22	296	16	304
25675	4	50	24	666	58
25676	2	33	24	23	48
25677	2	23	24	24	45
25678	2	19	14	26	20
25679	4	20	6	402	13
25680	2	16	28	16	35
25681	2	6	15	7	20
25682	2	22	294	17	303
25683	2	17	28	12	57
25684	2	18	16	22	22
25685	8	41	24	35960	115
25686	2	16	6	20	6
25687	2	7	12	15	19
25688	2	14	6	16	6
25689	2	19	18	20	24
25690	4	33	6	936	12
25691	2	30	24	35	30
25692	2	30	18	35	24
25693	1	8	24	8	42
25694	2	23	22	17	32
25695	2	23	20	32	26
25696	4	9	5	65	11
25697	1	19	6	20	6
25698	2	8	28	11	32
25699	4	38	24	378	58
25700	8	15	24	3060	110
25701	2	3	19	5	25
25702	2	9	18	6	23
25703	4	7	5	99	14
25704	2	17	24	17	48
25705	1	8	21	8	25
25706	1	20	6	18	7
25707	2	15	28	20	49
25708	4	52	24	741	59
25709	8	6	5	1289	23
25710	2	19	16	26	22
25711	2	30	24	33	42
25712	4	17	6	273	13
25713	2	7	20	9	39
25714	4	9	6	77	12
25715	2	23	24	17	28
25716	2	6	6	7	6
25717	2	10	20	20	26
25718	2	22	24	15	48
25719	4	3	27	10	65
25720	2	51	24	37	30
25721	2	31	28	33	56
25722	1	8	28	8	55
25723	1	22	13	22	20
25724	2	12	15	25	22
25725	2	8	27	10	32
25726	2	18	15	19	20
25727	2	32	296	26	300
25728	4	2	16	10	26
25729	2	18	6	22	6
25730	4	23	24	404	55
25731	2	16	23	11	43
25732	2	10	6	9	11
25733	2	28	24	31	43
25734	4	31	6	808	12
25735	2	22	24	26	45
25736	2	4	28	5	33
25737	2	36	27	41	56
25738	2	40	296	32	329
25739	2	8	15	16	21
25740	2	28	24	29	41
25741	4	39	24	406	59
25742	1	24	6	24	11
25743	4	15	6	185	13
25744	2	23	5	23	5
25745	4	11	24	55	71
25746	2	28	6	435	12
25747	4	17	6	273	13
25748	4	25	24	463	60
25749	2	29	24	32	31
25750	2	12	24	9	47
25751	2	6	16	12	23
25752	2	20	6	27	9
25753	2	29	12	35	19
25754	2	17	18	23	39
25755	4	27	28	378	84
25756	2	17	15	14	21
25757	2	4	18	8	23
25758	1	21	5	22	9
25759	2	7	24	5	45
25760	2	4	6	8	6
25761	2	15	16	12	21
25762	2	17	26	23	32
25763	2	11	28	22	35
25764	2	11	27	14	33
25765	4	8	5	21	11
25766	2	9	6	19	12
25767	4	12	6	134	13
25768	4	17	6	273	13
25769	1	7	28	7	57
25770	2	5	16	10	23
25771	4	27	26	552	39
25772	2	20	17	19	23
25773	2	36	24	25	44
25774	2	19	16	210	29
25775	2	4	27	8	32
25776	2	4	6	9	11
25777	4	22	24	324	53
25778	2	21	6	25	6
25779	2	10	20	13	25
25780	2	20	24	21	45
25781	4	9	6	54	12
25782	2	7	6	14	7
25783	2	6	15	8	23
25784	2	21	19	28	25
25785	4	9	6	163	14
25786	2	32	23	35	44
25787	2	26	23	19	28
25788	4	4	6	41	13
25789	2	9	24	8	33
25790	2	9	5	10	5
25791	4	29	296	275	600
25792	2	29	16	33	22
25793	1	24	16	24	22
25794	4	11	6	243	14
25795	4	20	23	295	55
25796	8	20	6	16170	27
25797	2	42	24	30	44
25798	4	12	24	91	58
25799	2	23	6	31	6
25800	4	9	15	66	40
25801	2	19	24	20	31
25802	2	7	20	14	26
25803	4	43	24	496	74
25804	4	31	28	590	71
25805	2	27	6	31	6
25806	4	22	6	432	13
25807	2	11	28	14	33
25808	2	18	24	19	29
25809	4	35	28	818	75
25810	1	24	16	24	22
25811	2	20	24	15	29
25812	1	8	24	8	46
25813	2	24	6	32	9
25814	2	29	24	33	46
25815	4	13	24	105	51
25816	2	43	24	31	43
25817	2	11	24	7	39
25818	2	17	5	21	6
25819	1	19	16	20	21
25820	2	16	6	21	10
25821	4	14	24	55	55
25822	2	17	24	12	32
25823	2	16	24	11	40
25824	4	15	16	210	42
25825	2	20	24	20	49
25826	4	20	16	351	43
25827	2	30	12	40	19
25828	2	7	6	15	10
25829	2	32	16	37	22
25830	2	10	25	20	31
25831	2	6	16	12	23
25832	4	10	6	221	14
25833	2	39	24	28	48
25834	2	18	16	23	37
25835	2	26	16	28	22
25836	2	7	24	28	55
25837	2	18	16	171	28
25838	2	31	24	34	30
25839	1	17	18	18	23
25840	4	16	24	136	68
25841	2	9	23	10	33
25842	2	11	6	23	7
25843	2	15	296	11	304
25844	2	18	24	13	32
25845	2	15	12	12	18
25846	4	25	14	404	25
25847	2	10	24	10	30
25848	1	6	24	6	43
25849	2	12	6	25	11
25850	1	12	24	12	34
25851	2	5	20	11	26
25852	2	51	27	36	55
25853	2	18	26	21	32
25854	2	14	16	18	26
25855	1	8	5	8	9
25856	2	21	24	15	42
25857	2	8	5	12	9
25858	2	7	28	15	33
25859	2	20	18	24	24
25860	1	19	16	20	22
25861	2	6	24	21	72
25862	2	6	16	8	25
25863	4	4	6	41	14
25864	2	23	28	16	57
25865	1	25	28	26	34
25866	2	43	24	31	44
25867	2	25	24	29	45
25868	2	49	24	34	30
25869	2	13	5	14	9
25870	2	10	6	21	11
25871	2	16	24	11	48
25872	2	13	16	17	19
25873	2	24	11	26	17
25874	2	12	20	25	26
25875	2	56	27	40	55
25876	4	9	6	163	14
25877	2	23	27	24	55
25878	2	20	6	24	9
25879	2	23	6	26	6
25880	2	35	24	25	32
25881	2	18	6	18	6
25882	2	10	6	13	7
25883	2	15	18	20	23
25884	2	9	6	12	9
25885	1	14	20	14	25
25886	2	6	6	7	6
25887	2	13	6	16	11
25888	2	14	22	10	46
25889	2	22	20	22	26
25890	2	20	14	20	20
25891	2	26	28	28	34
25892	2	38	28	28	56
25893	2	37	296	30	329
25894	4	28	18	559	31
25895	2	30	6	40	7
25896	4	22	16	465	57
25897	2	25	23	29	47
25898	2	19	23	19	33
25899	1	16	6	16	8
25900	2	19	6	19	6
25901	4	11	16	105	41
25902	4	6	20	73	33
25903	2	25	6	35	7
25904	2	8	21	6	29
25905	2	26	24	29	33
25906	2	11	22	12	26
25907	2	17	27	23	33
25908	4	17	6	105	12
25909	1	6	27	6	54
25910	4	21	16	406	42
25911	2	18	16	25	22
25912	2	38	296	29	301
25913	1	14	28	14	33
25914	4	22	6	990	14
25915	2	21	296	17	299
25916	4	38	296	434	621
25917	2	6	16	12	21
25918	4	34	24	300	59
25919	2	22	24	26	47
25920	2	6	6	12	6
25921	4	25	6	461	13
25922	2	21	20	22	29
25923	2	38	24	26	28
25924	2	22	6	24	6
25925	2	26	15	28	21
25926	2	13	28	26	35
25927	2	10	19	20	25
25928	2	5	6	6	6
25929	2	34	23	42	23
25930	8	2	5	31	21
25931	4	44	23	528	69
25932	2	13	27	15	33
25933	2	6	6	13	7
25934	2	8	24	5	45
25935	2	44	296	35	330
25936	2	30	296	24	317
25937	4	45	24	561	58
25938	1	18	26	19	32
25939	2	51	24	36	32
25940	2	33	6	43	12
25941	2	23	16	30	37
25942	2	22	6	253	17
25943	2	23	24	27	46
25944	4	11	6	243	12
25945	2	12	6	24	11
25946	2	21	6	25	11
25947	2	18	23	22	40
25948	2	24	6	33	9
25949	2	32	24	23	52
25950	2	15	27	12	32
25951	2	20	27	24	50
25952	1	11	24	11	27
25953	2	8	6	16	7
25954	2	23	13	300	25
25955	2	32	24	35	27
25956	2	24	6	33	11
25957	2	22	6	22	8
25958	1	17	6	18	9
25959	4	12	6	134	12
25960	4	12	19	289	33
25961	1	14	28	15	34
25962	2	7	20	7	24
25963	4	5	6	27	12
25964	2	25	24	28	32
25965	2	6	16	12	22
25966	2	17	16	23	34
25967	2	40	28	29	57
25968	2	18	19	24	24
25969	2	19	24	19	53
25970	4	13	23	119	52
25971	2	38	24	28	48
25972	4	6	6	15	12
25973	2	24	15	32	21
25974	4	22	6	461	13
25975	1	24	6	24	10
25976	2	22	23	16	42
25977	2	19	14	22	20
25978	2	23	14	26	20
25979	2	51	24	36	45
25980	2	30	296	23	328
25981	4	15	6	208	12
25982	4	12	16	134	29
25983	2	26	24	30	48
25984	2	30	15	34	21
25985	1	24	6	24	8
25986	2	10	16	21	23
25987	2	36	24	41	29
25988	2	19	6	20	12
25989	2	20	296	15	315
25990	2	11	296	8	314
25991	2	5	5	6	5
25992	4	30	24	528	58
25993	2	13	16	18	36
25994	2	10	15	21	22
25995	2	35	24	37	29
25996	2	9	28	10	33
25997	2	12	6	78	13
25998	4	29	24	465	59
25999	2	18	6	19	7
26000	4	15	24	136	73
26001	4	35	296	433	603
26002	1	21	28	22	34
26003	2	7	6	14	7
26004	4	14	6	66	13
26005	4	21	6	375	12
26006	2	30	24	35	28
26007	4	10	16	90	28
26008	2	32	6	42	10
26009	4	33	24	661	60
26010	2	3	15	6	21
26011	2	14	6	19	10
26012	2	16	16	21	23
26013	2	10	6	20	11
26014	4	12	6	313	14
26015	2	27	24	19	30
26016	2	3	6	6	6
26017	2	35	24	38	49
26018	2	4	11	8	16
26019	4	19	6	253	13
26020	2	45	24	32	34
26021	2	12	26	13	32
26022	2	10	6	14	9
26023	2	16	292	12	302
26024	1	12	24	12	48
26025	8	20	24	8855	110
26026	2	20	24	20	34
26027	4	9	6	181	14
26028	2	23	28	26	34
26029	2	8	24	7	46
26030	4	19	6	348	13
26031	4	19	24	271	56
26032	4	35	296	405	601
26033	2	54	24	39	29
26034	1	35	6	35	6
26035	2	29	19	38	25
26036	2	11	28	8	34
26037	2	10	6	10	6
26038	2	24	6	300	14
26039	2	44	296	34	305
26040	1	14	5	15	6
26041	2	12	28	13	56
26042	2	22	16	29	22
26043	4	2	20	9	31
26044	2	7	19	15	25
26045	4	19	15	273	28
26046	2	22	20	24	26
26047	2	5	27	10	33
26048	2	54	24	39	29
26049	2	22	17	23	23
26050	2	30	24	31	32
26051	2	10	6	14	10
26052	4	19	16	325	44
26053	2	48	296	39	328
26054	2	19	26	26	32
26055	2	39	24	28	47
26056	2	22	28	16	52
26057	2	25	296	21	328
26058	2	9	27	9	53
26059	2	11	16	14	25
26060	1	6	28	6	33
26061	2	16	6	20	6
26062	2	33	24	24	29
26063	2	9	28	7	34
26064	2	22	24	26	29
26065	2	19	27	16	33
26066	2	19	26	23	32
26067	4	3	6	19	12
26068	8	22	6	30250	28
26069	2	11	13	21	20
26070	4	26	24	378	58
26071	2	6	28	12	34
26072	2	19	24	21	33
26073	2	17	296	12	301
26074	2	32	24	36	45
26075	2	29	24	31	32
26076	2	5	6	10	6
26077	4	32	24	701	69
26078	2	12	20	16	25
26079	4	8	6	36	12
26080	2	20	24	21	47
26081	2	9	26	18	32
26082	2	15	6	136	12
26083	2	10	22	8	46
26084	2	22	6	29	10
26085	1	14	11	14	17
26086	2	21	6	24	11
26087	4	23	28	496	69
26088	2	20	6	210	13
26089	2	12	16	9	22
26090	2	22	28	26	56
26091	2	36	24	42	29
26092	2	7	19	15	25
26093	4	22	24	253	58
26094	2	19	24	19	40
26095	2	26	24	25	33
26096	4	30	24	231	73
26097	2	17	6	17	12
26098	2	3	5	6	4
26099	2	9	6	6	6
26100	4	8	24	45	50
26101	2	21	15	21	21
26102	2	17	23	17	28
26103	2	9	6	12	7
26104	8	54	24	-1	-1
26105	2	9	24	45	64
26106	2	17	6	23	10
26107	2	10	15	9	20
26108	2	24	6	28	7
26109	4	21	28	406	69
26110	2	30	28	36	34
26111	2	15	24	14	31
26112	4	20	6	190	12
26113	2	11	24	8	26
26114	2	12	6	24	12
26115	4	22	24	320	56
26116	4	45	24	496	60
26117	2	44	24	31	32
26118	2	5	16	7	21
26119	2	10	6	20	11
26120	8	19	296	3740	1196
26121	2	32	6	41	11
26122	2	36	28	40	56
26123	2	9	6	18	12
26124	4	12	18	135	29
26125	2	10	16	13	21
26126	2	27	24	19	48
26127	2	19	295	15	301
26128	4	55	24	780	58
26129	4	15	23	66	68
26130	4	12	15	118	27
26131	1	6	5	6	8
26132	4	19	6	348	13
26133	1	7	28	8	34
26134	4	19	6	275	17
26135	2	9	16	11	20
26136	2	6	14	8	23
26137	4	22	20	403	33
26138	2	28	27	34	33
26139	4	23	24	348	62
26140	4	22	23	120	54
26141	4	9	6	163	13
26142	4	11	6	265	14
26143	2	14	16	18	36
26144	4	9	20	163	33
26145	2	3	6	7	10
26146	2	34	24	36	41
26147	4	12	14	91	24
26148	2	23	24	27	28
26149	2	8	6	10	6
26150	2	33	26	43	32
26151	4	30	6	697	13
26152	2	35	24	25	46
26153	2	27	28	28	56
26154	2	8	13	8	20
26155	2	38	27	26	54
26156	2	10	16	14	21
26157	4	42	296	559	603
26158	2	4	6	8	7
26159	2	31	16	40	22
26160	2	11	27	22	33
26161	4	35	24	775	57
26162	2	27	24	31	47
26163	1	27	14	28	20
26164	2	7	20	9	25
26165	2	8	18	17	24
26166	4	18	24	91	56
26167	1	22	16	22	21
26168	4	13	6	152	15
26169	4	6	6	85	13
26170	2	51	27	36	55
26171	2	26	16	30	21
26172	1	12	6	12	6
26173	4	8	24	15	74
26174	2	28	24	29	44
26175	2	16	20	20	40
26176	4	9	6	45	12
26177	4	20	24	295	59
26178	2	45	296	36	328
26179	8	10	24	1001	115
26180	2	14	18	16	24
26181	1	8	20	8	25
26182	4	57	24	820	57
26183	1	18	6	19	10
26184	2	6	20	7	25
26185	4	29	24	465	60
26186	4	54	24	741	63
26187	2	31	24	33	27
26188	4	8	6	55	12
26189	4	11	6	66	12
26190	2	8	16	10	20
26191	2	25	6	28	8
26192	2	33	24	35	28
26193	2	21	24	21	27
26194	2	12	6	91	12
26195	2	25	16	29	22
26196	2	25	6	34	10
26197	2	20	28	14	56
26198	4	3	5	15	12
26199	4	39	24	406	75
26200	2	15	15	15	21
26201	2	29	296	23	319
26202	1	7	23	7	46
26203	4	21	6	295	12
26204	2	31	19	40	26
26205	4	17	6	229	13
26206	2	4	20	8	25
26207	2	31	6	38	6
26208	2	23	6	24	10
26209	1	16	27	16	33
26210	2	22	19	22	25
26211	4	12	6	131	13
26212	2	15	24	16	46
26213	2	13	28	18	34
26214	2	14	28	14	55
26215	2	19	296	15	316
26216	4	57	24	861	59
26217	2	21	27	24	33
26218	2	10	28	11	34
26219	2	21	24	22	44
26220	2	23	6	31	6
26221	4	53	24	741	60
26222	2	18	16	21	22
26223	2	8	6	17	7
26224	2	13	6	14	10
26225	2	14	27	13	56
26226	4	33	24	773	48
26227	2	28	24	30	45
26228	2	35	24	25	32
26229	4	18	16	276	42
26230	2	32	28	38	34
26231	4	16	26	136	38
26232	2	18	24	19	33
26233	2	10	15	13	22
26234	2	17	6	21	10
26235	2	17	24	12	48
26236	2	3	6	7	9
26237	2	34	296	27	301
26238	1	18	27	18	33
26239	2	23	6	32	8
26240	2	7	20	9	26
26241	2	26	5	378	11
26242	8	19	6	19503	27
26243	2	11	6	23	7
26244	2	33	24	23	32
26245	1	4	6	4	7
26246	2	22	15	28	21
26247	4	29	6	623	14
26248	4	23	24	299	77
26249	4	17	24	171	55
26250	2	26	24	25	34
26251	2	11	28	23	34
26252	2	46	24	32	44
26253	2	35	24	25	45
26254	2	20	24	20	33
26255	2	17	6	21	7
26256	4	11	6	243	13
26257	4	26	24	190	58
26258	4	4	6	33	16
26259	2	18	296	13	299
26260	4	12	5	1820	23
26261	4	33	23	739	56
26262	2	33	6	595	14
26263	1	17	6	18	8
26264	2	12	24	11	44
26265	1	24	6	22	9
26266	4	23	24	373	48
26267	2	10	24	7	43
26268	2	22	24	26	34
26269	2	4	6	9	11
26270	1	11	24	11	49
26271	4	16	6	205	15
26272	2	34	28	38	57
26273	2	15	24	11	31
26274	2	8	23	6	38
26275	1	14	16	14	21
26276	2	29	24	29	33
26277	2	3	28	6	34
26278	2	44	24	32	30
26279	4	34	24	666	57
26280	2	16	296	13	314
26281	4	24	6	493	13
26282	4	36	24	325	58
26283	2	25	296	18	320
26284	2	32	23	36	46
26285	2	4	6	8	10
26286	4	26	6	464	13
26287	2	40	28	29	56
26288	2	28	6	34	6
26289	2	24	24	24	28
26290	8	20	6	14882	28
26291	2	16	24	12	34
26292	2	8	6	36	9
26293	4	18	6	171	12
26294	2	4	6	9	10
26295	2	10	16	10	21
26296	2	21	23	21	33
26297	2	30	296	23	304
26298	2	10	24	11	24
26299	2	4	20	8	26
26300	2	13	16	26	22
26301	2	12	6	25	9
26302	2	34	28	39	55
26303	2	31	28	35	56
26304	2	33	27	23	56
26305	2	10	16	55	29
26306	2	14	15	13	20
26307	2	7	28	9	33
26308	1	18	18	16	24
26309	2	35	24	42	29
26310	2	30	24	35	29
26311	2	33	15	42	21
26312	2	7	6	15	7
26313	4	47	26	561	84
26314	2	35	296	27	302
26315	2	9	18	18	24
26316	2	14	12	17	18
26317	2	20	14	40	20
26318	4	3	6	25	13
26319	2	5	6	9	12
26320	2	35	296	28	327
26321	1	5	13	6	18
26322	4	9	20	181	33
26323	4	32	24	528	73
26324	2	50	24	36	45
26325	4	47	24	595	58
26326	4	8	5	45	15
26327	1	26	19	24	25
26328	4	15	6	208	13
26329	1	11	20	12	26
26330	4	22	17	461	29
26331	2	23	6	23	8
26332	2	30	24	34	34
26333	2	19	27	23	56
26334	4	6	5	73	14
26335	2	19	16	16	22
26336	2	27	20	29	26
26337	2	24	6	33	10
26338	4	20	16	351	55
26339	2	8	24	9	44
26340	2	21	28	28	34
26341	2	18	6	22	6
26342	2	30	22	22	43
26343	2	30	24	34	46
26344	2	13	6	17	9
26345	2	5	19	6	38
26346	2	10	6	13	8
26347	2	19	28	19	34
26348	4	14	6	188	12
26349	2	13	6	13	7
26350	4	14	6	166	15
26351	2	19	24	21	30
26352	2	7	28	9	48
26353	8	44	296	-1	-1
26354	2	29	24	21	29
26355	4	6	6	73	12
26356	2	35	6	45	7
26357	2	24	20	31	41
26358	2	19	28	14	57
26359	2	32	28	42	34
26360	2	47	27	34	56
26361	2	19	15	23	21
26362	2	43	24	30	29
26363	2	24	6	24	7
26364	2	15	15	15	21
26365	2	29	28	21	58
26366	2	10	24	10	41
26367	1	5	15	6	20
26368	2	9	27	11	33
26369	4	5	16	21	37
26370	2	11	28	23	35
26371	4	29	28	560	87
26372	2	23	24	24	29
26373	2	30	24	22	50
26374	2	11	24	8	24
26375	4	2	5	13	11
26376	2	23	6	26	11
26377	2	20	20	17	26
26378	1	29	6	30	6
26379	2	22	24	16	32
26380	2	31	24	22	45
26381	4	5	6	61	13
26382	2	22	24	16	44
26383	2	18	13	17	19
26384	2	7	5	8	5
26385	8	12	6	16641	30
26386	2	24	26	28	55
26387	2	52	24	37	29
26388	4	8	6	145	14
26389	2	13	16	17	26
26390	2	20	28	21	34
26391	2	29	28	30	57
26392	2	25	22	29	43
26393	2	33	19	39	25
26394	2	6	20	8	39
26395	2	18	28	18	34
26396	2	21	27	22	32
26397	4	21	296	120	600
26398	2	16	6	19	6
26399	2	27	24	18	29
26400	8	8	6	2945	29
26401	2	3	28	6	34
26402	2	36	24	41	41
26403	4	14	24	91	58
26404	4	43	24	465	78
26405	8	24	6	-1	-1
26406	2	12	19	25	25
26407	2	6	26	12	32
26408	4	26	16	557	29
26409	4	42	24	435	59
26410	2	23	6	24	6
26411	4	4	16	15	44
26412	2	30	15	40	22
26413	4	10	6	201	14
26414	2	4	20	9	26
26415	2	21	15	28	32
26416	4	21	6	403	14
26417	2	6	15	8	20
26418	4	11	16	105	42
26419	2	20	28	15	53
26420	2	29	24	34	48
26421	2	29	24	33	31
26422	2	5	16	6	25
26423	2	28	16	34	22
26424	2	32	6	41	7
26425	2	18	24	17	46
26426	2	16	27	13	32
26427	2	19	24	18	47
26428	2	29	24	21	28
26429	1	21	6	22	6
26430	4	34	24	300	77
26431	2	17	20	21	26
26432	2	14	16	18	23
26433	4	10	6	221	16
26434	2	34	24	36	44
26435	2	37	26	26	55
26436	2	3	6	5	6
26437	2	5	27	11	34
26438	4	38	24	406	55
26439	4	23	24	373	70
26440	4	15	6	208	12
26441	4	26	24	464	57
26442	2	28	23	32	47
26443	4	15	19	105	30
26444	2	16	24	20	30
26445	2	24	28	28	58
26446	2	3	14	7	20
26447	2	32	24	32	45
26448	2	15	19	18	25
26449	2	13	24	10	28
26450	4	30	24	559	60
26451	2	21	16	42	22
26452	2	35	24	38	43
26453	4	29	16	593	29
26454	2	29	27	35	34
26455	2	30	28	22	56
26456	4	19	20	210	32
26457	2	18	6	21	6
26458	4	10	16	91	38
26459	2	39	24	28	44
26460	2	29	16	33	23
26461	2	28	20	31	25
26462	2	30	27	35	56
26463	2	44	296	35	316
26464	4	11	16	105	56
26465	4	22	6	298	19
26466	4	12	24	91	58
26467	4	9	6	181	15
26468	1	24	28	25	33
26469	2	12	6	24	11
26470	4	4	6	36	12
26471	4	20	6	276	18
26472	2	6	12	9	15
26473	2	24	28	32	35
26474	2	44	24	31	34
26475	4	3	27	19	40
26476	1	24	24	24	30
26477	2	43	24	30	33
26478	2	11	26	15	32
26479	2	24	24	23	28
26480	4	20	24	252	58
26481	4	15	16	210	40
26482	2	17	6	171	12
26483	2	34	24	24	48
26484	2	10	6	66	13
26485	2	10	20	10	26
26486	2	22	6	30	6
26487	2	24	296	19	301
26488	2	14	5	19	10
26489	1	4	4	4	4
26490	4	27	24	491	57
26491	4	24	6	376	13
26492	2	17	26	17	32
26493	2	21	24	21	49
26494	4	27	6	626	13
26495	2	33	19	40	25
26496	2	45	24	33	42
26497	2	24	24	28	41
26498	8	28	24	7315	119
26499	4	18	6	171	12
26500	4	7	6	113	14
26501	4	31	6	733	13
26502	1	8	6	8	7
26503	2	17	28	19	34
26504	4	19	6	190	13
26505	1	20	15	20	21
26506	2	6	20	13	26
26507	2	27	24	28	31
26508	2	26	6	30	12
26509	2	9	28	8	33
26510	4	13	24	45	59
26511	2	19	26	26	32
26512	4	28	6	559	13
26513	2	34	6	42	7
26514	4	11	22	55	54
26515	2	6	18	7	36
26516	2	22	6	30	6
26517	2	25	14	34	21
26518	1	4	16	5	22
26519	2	12	16	16	22
26520	2	21	6	22	6
26521	2	14	5	18	10
26522	2	5	24	15	49
26523	4	12	6	289	14
26524	4	17	6	226	13
26525	1	22	16	22	22
26526	2	23	296	18	316
26527	4	52	24	703	53
26528	2	17	24	17	47
26529	2	10	6	21	8
26530	2	44	24	31	48
26531	4	23	28	493	40
26532	4	28	296	252	601
26533	2	36	24	40	42
26534	4	6	17	15	27
26535	2	18	6	21	11
26536	4	10	5	88	11
26537	2	26	295	21	327
26538	2	9	6	9	11
26539	2	2	18	4	22
26540	2	11	296	9	325
26541	2	9	23	6	46
26542	2	7	6	13	8
26543	8	38	23	27405	110
26544	2	13	16	18	19
26545	2	27	28	30	57
26546	2	32	6	42	7
26547	1	19	13	19	18
26548	2	10	20	14	39
26549	2	32	24	35	44
26550	4	33	6	978	13
26551	2	22	6	253	13
26552	2	5	6	11	12
26553	2	2	13	5	19
26554	2	13	6	13	11
26555	2	14	6	19	6
26556	2	32	15	37	21
26557	4	8	5	15	11
26558	2	24	296	19	325
26559	1	24	15	24	21
26560	4	27	23	526	57
26561	2	29	28	29	57
26562	2	21	15	21	21
26563	4	38	24	406	59
26564	4	5	6	51	14
26565	4	13	25	153	66
26566	2	30	24	33	29
26567	2	9	20	12	25
26568	2	13	14	17	19
26569	2	8	23	7	32
26570	2	33	6	41	10
26571	2	33	28	44	34
26572	2	10	5	7	5
26573	2	8	6	17	6
26574	4	7	5	36	11
26575	2	13	15	26	22
26576	2	29	296	22	320
26577	2	34	24	36	30
26578	2	13	295	9	319
26579	1	35	6	35	10
26580	2	23	295	18	327
26581	2	18	16	24	22
26582	2	44	27	31	54
26583	2	24	28	33	34
26584	2	24	24	28	28
26585	4	23	6	377	13
26586	2	7	23	28	72
26587	4	16	24	153	59
26588	2	50	296	39	328
26589	2	22	24	15	29
26590	2	11	5	12	6
26591	2	12	16	12	21
26592	2	28	24	33	47
26593	2	27	6	31	6
26594	4	20	6	153	13
26595	2	2	28	5	34
26596	2	19	6	26	11
26597	1	6	24	6	44
26598	1	20	6	20	7
26599	4	6	16	36	42
26600	2	18	21	22	37
26601	2	18	24	17	29
26602	4	20	24	231	57
26603	2	12	24	13	27
26604	4	15	6	78	12
26605	2	15	16	20	22
26606	4	12	15	45	27
26607	2	10	6	21	14
26608	2	22	6	25	10
26609	2	6	6	12	11
26610	2	22	24	30	31
26611	2	33	24	38	31
26612	2	4	6	9	10
26613	2	20	19	25	25
26614	2	28	24	27	47
26615	2	22	24	23	30
26616	2	40	27	30	56
26617	1	5	21	5	42
26618	2	30	296	24	300
26619	8	29	6	-1	-1
26620	2	30	24	34	39
26621	1	8	16	8	21
26622	2	11	24	9	29
26623	2	9	6	19	11
26624	2	11	6	12	6
26625	2	11	28	14	47
26626	2	13	6	25	7
26627	2	16	20	21	40
26628	2	36	27	25	56
26629	1	18	6	19	8
26630	1	24	16	22	22
26631	4	51	24	666	71
26632	2	29	25	39	31
26633	1	6	16	7	21
26634	4	3	6	25	13
26635	2	8	26	17	33
26636	2	29	24	21	29
26637	2	2	28	3	32
26638	2	32	24	32	49
26639	2	44	24	32	45
26640	2	32	24	35	29
26641	4	50	296	778	623
26642	4	6	6	73	12
26643	4	4	6	33	14
26644	2	15	28	21	34
26645	2	17	24	16	47
26646	2	4	28	8	33
26647	1	12	6	12	11
26648	4	20	294	120	612
26649	2	20	26	28	32
26650	2	8	17	17	23
26651	2	15	22	16	26
26652	1	31	27	31	34
26653	2	22	20	30	26
26654	2	22	26	26	53
26655	2	4	28	8	34
26656	2	28	24	33	48
26657	2	6	20	7	26
26658	2	15	15	15	21
26659	2	7	4	7	4
26660	2	19	24	23	25
26661	2	11	18	8	24
26662	2	19	28	22	56
26663	4	10	6	90	12
26664	4	25	24	153	76
26665	4	11	6	243	14
26666	4	24	6	377	13
26667	2	33	26	39	49
26668	4	29	24	496	76
26669	2	9	5	9	8
26670	2	7	16	7	21
26671	1	29	16	30	21
26672	2	46	24	32	32
26673	2	11	26	12	32
26674	2	19	6	19	6
26675	2	31	14	39	21
26676	2	13	20	13	26
26677	2	14	6	18	6
26678	2	45	296	35	301
26679	2	35	24	26	44
26680	1	28	6	29	6
26681	2	22	28	16	56
26682	4	37	296	434	619
26683	2	9	28	11	33
26684	2	29	24	32	43
26685	2	23	17	30	37
26686	4	9	15	171	28
26687	2	11	26	22	32
26688	4	22	24	136	58
26689	4	26	6	464	13
26690	4	30	20	561	33
26691	4	10	6	66	12
26692	4	30	6	660	19
26693	2	24	6	253	14
26694	2	6	18	8	39
26695	2	13	19	14	24
26696	2	21	24	22	46
26697	2	24	15	31	21
26698	4	13	6	152	13
26699	2	12	20	16	25
26700	1	10	15	11	21
26701	2	34	27	38	33
26702	2	7	16	9	31
26703	8	9	23	126	107
26704	1	20	16	18	22
26705	8	5	6	501	26
26706	2	18	16	24	36
26707	1	8	14	8	20
26708	2	8	19	8	24
26709	2	13	28	26	34
26710	2	8	14	10	20
26711	4	35	24	740	75
26712	4	14	24	28	59
26713	4	17	6	273	13
26714	2	29	24	33	44
26715	4	33	6	893	13
26716	2	21	24	22	50
26717	4	24	6	433	13
26718	2	13	24	14	48
26719	2	24	27	31	33
26720	2	25	23	29	43
26721	2	21	6	25	6
26722	2	16	24	15	32
26723	2	6	28	12	35
26724	2	33	28	42	34
26725	2	14	6	105	12
26726	4	15	16	210	43
26727	2	29	24	21	48
26728	2	36	24	41	46
26729	1	22	15	22	20
26730	2	7	16	7	20
26731	2	12	12	12	18
26732	2	57	24	40	45
26733	2	8	24	7	30
26734	2	14	6	18	11
26735	2	29	27	38	33
26736	4	19	24	230	59
26737	2	15	24	16	34
26738	8	11	23	1001	108
26739	2	44	296	35	321
26740	4	31	24	528	59
26741	2	3	6	6	6
26742	2	33	24	37	27
26743	2	31	15	41	21
26744	2	16	15	13	21
26745	2	32	24	36	46
26746	2	14	16	19	24
26747	2	9	296	7	300
26748	2	9	6	19	7
26749	2	35	23	42	28
26750	4	25	16	561	45
26751	4	3	6	25	13
26752	2	9	14	12	20
26753	2	36	24	25	34
26754	1	20	14	20	20
26755	2	8	6	36	13
26756	2	10	6	21	7
26757	2	37	24	26	33
26758	2	4	20	6	37
26759	2	12	12	24	19
26760	2	21	16	27	25
26761	2	25	21	30	26
26762	2	15	24	16	34
26763	4	9	6	163	18
26764	2	22	6	29	11
26765	2	22	28	22	57
26766	2	20	14	21	20
26767	2	8	16	10	20
26768	2	2	13	4	19
26769	2	28	26	33	53
26770	2	20	6	19	7
26771	2	29	24	33	33
26772	4	35	24	818	57
26773	2	33	14	40	20
26774	1	37	19	37	24
26775	2	25	28	18	55
26776	2	24	24	27	29
26777	2	10	16	13	36
26778	2	13	24	10	29
26779	4	11	16	105	55
26780	2	11	16	14	30
26781	2	12	24	78	55
26782	2	12	15	16	21
26783	4	15	24	185	50
26784	2	27	18	33	24
26785	2	28	256	34	264
26786	1	21	19	22	24
26787	2	50	24	36	43
26788	4	5	5	27	10
26789	2	54	24	39	43
26790	2	30	24	22	33
26791	1	16	6	16	6
26792	2	32	24	34	42
26793	2	21	5	21	8
26794	2	49	24	36	46
26795	4	23	23	136	56
26796	2	33	24	36	33
26797	1	20	25	20	32
26798	8	22	296	4845	1205
26799	2	8	4	7	4
26800	2	26	24	19	29
26801	2	29	296	22	329
26802	2	21	28	19	34
26803	4	7	16	55	41
26804	4	16	24	66	55
26805	2	11	16	15	21
26806	1	27	18	28	23
26807	2	51	24	36	29
26808	2	12	24	8	52
26809	2	21	28	27	48
26810	4	11	6	66	12
26811	2	5	6	9	11
26812	2	12	24	78	73
26813	2	17	6	17	6
26814	2	7	20	14	26
26815	2	20	20	24	26
26816	2	29	24	30	47
26817	2	56	24	40	44
26818	2	8	20	10	25
26819	4	23	16	496	43
26820	2	10	28	20	34
26821	4	16	16	253	58
26822	2	28	16	31	22
26823	2	20	6	27	6
26824	4	11	23	45	56
26825	2	33	24	37	48
26826	2	16	20	18	26
26827	2	15	5	20	6
26828	4	19	13	136	26
26829	2	7	6	8	6
26830	1	10	24	10	26
26831	2	9	24	45	53
26832	4	42	296	559	623
26833	2	11	296	8	301
26834	1	12	28	12	33
26835	2	32	24	32	33
26836	2	33	6	39	6
26837	2	31	296	24	319
26838	2	8	6	11	6
26839	1	10	6	11	8
26840	2	33	24	35	30
26841	2	27	6	35	7
26842	1	18	25	18	31
26843	2	20	24	15	44
26844	2	30	296	23	317
26845	4	2	19	10	31
26846	2	11	6	11	6
26847	2	22	18	30	24
26848	2	33	296	27	320
26849	2	35	24	25	30
26850	2	12	19	23	25
26851	2	18	27	22	32
26852	2	19	26	25	31
26853	2	12	28	20	49
26854	2	12	5	15	6
26855	2	15	24	14	44
26856	2	24	24	28	42
26857	2	8	16	16	22
26858	2	22	23	15	28
26859	2	18	24	13	48
26860	2	44	24	32	48
26861	4	11	28	66	40
26862	2	21	24	21	31
26863	1	10	24	10	47
26864	2	35	6	44	7
26865	4	29	24	528	60
26866	2	6	20	6	26
26867	2	6	6	7	10
26868	2	26	15	28	21
26869	2	19	23	20	29
26870	2	7	6	14	6
26871	2	18	28	19	33
26872	2	20	16	27	33
26873	2	13	5	13	5
26874	2	7	28	9	33
26875	2	5	20	10	26
26876	1	10	16	10	22
26877	2	31	24	32	34
26878	2	10	294	8	297
26879	2	17	16	22	32
26880	4	2	6	10	11
26881	2	5	28	11	34
26882	1	30	28	30	34
26883	1	8	6	8	8
26884	2	31	6	40	9
26885	2	28	296	21	329
26886	4	7	6	113	14
26887	2	14	23	13	28
26888	2	9	26	12	32
26889	2	29	24	30	49
26890	4	32	24	595	58
26891	2	16	6	19	6
26892	2	10	25	19	31
26893	1	24	15	24	21
26894	1	12	16	12	21
26895	2	7	24	28	52
26896	2	30	24	33	45
26897	2	42	296	32	312
26898	4	18	6	171	12
26899	2	10	27	14	48
26900	4	9	16	78	45
26901	8	14	24	2380	116
26902	2	21	15	22	21
26903	2	19	26	26	32
26904	2	14	25	13	30
26905	2	21	6	26	7
26906	4	17	16	276	41
26907	1	14	15	14	21
26908	4	54	24	780	59
26909	2	16	6	21	10
26910	4	10	15	201	28
26911	4	36	24	325	57
26912	2	42	24	30	33
26913	4	26	24	378	56
26914	2	5	6	10	10
26915	2	8	6	16	10
26916	4	28	24	210	69
26917	2	7	16	9	20
26918	4	9	6	163	18
26919	2	37	296	29	319
26920	2	15	15	21	21
26921	2	32	6	42	10
26922	4	56	28	820	87
26923	4	4	6	33	14
26924	8	31	296	17250	1205
26925	2	28	24	33	29
26926	2	12	28	8	54
26927	2	35	11	44	18
26928	2	4	11	5	15
26929	2	25	18	25	23
26930	4	11	5	66	10
26931	2	21	20	21	26
26932	2	2	5	4	10
26933	2	18	26	22	32
26934	2	18	24	18	44
26935	8	8	6	2355	26
26936	2	14	24	14	44
26937	2	6	28	7	33
26938	8	24	6	23400	28
26939	2	20	6	17	6
26940	2	26	296	21	329
26941	4	48	296	739	619
26942	2	7	24	28	57
26943	2	7	28	6	33
26944	2	10	6	66	13
26945	2	20	16	26	21
26946	4	42	24	465	58
26947	1	18	15	19	20
26948	4	8	6	45	12
26949	4	29	28	593	77
26950	2	8	28	7	29
26951	4	25	24	325	57
26952	2	17	6	23	9
26953	2	12	20	16	25
26954	2	2	6	4	11
26955	2	33	28	43	34
26956	4	20	6	153	13
26957	1	6	23	6	28
26958	4	22	6	253	13
26959	1	11	18	12	23
26960	2	5	20	21	31
26961	2	23	23	27	39
26962	2	36	24	38	49
26963	2	14	24	13	44
26964	2	33	14	38	21
26965	2	4	15	5	20
26966	2	20	19	19	25
26967	2	28	27	33	33
26968	2	33	28	42	34
26969	2	51	24	36	47
26970	2	27	15	35	21
26971	2	24	25	31	46
26972	2	23	20	31	41
26973	2	20	15	27	21
26974	1	20	6	21	6
26975	1	10	16	10	21
26976	2	16	6	153	12
26977	8	12	5	715	23
26978	1	22	6	23	12
26979	2	50	28	36	56
26980	2	30	24	22	33
26981	2	19	24	23	27
26982	2	23	15	46	21
26983	2	40	24	28	43
26984	2	48	24	35	29
26985	2	14	24	13	48
26986	2	16	24	12	48
26987	4	19	6	322	13
26988	4	20	6	271	12
26989	2	20	28	24	34
26990	4	24	24	373	55
26991	4	15	24	136	58
26992	2	12	28	16	34
26993	2	5	18	7	23
26994	2	27	6	35	11
26995	4	3	6	25	14
26996	2	15	28	15	33
26997	4	18	6	171	12
26998	4	23	16	496	41
26999	1	23	6	23	10
27000	2	53	24	38	44
27001	4	48	296	739	602
27002	2	29	26	35	31
27003	4	20	16	210	28
27004	2	21	15	42	21
27005	4	31	16	733	27
27006	2	23	24	27	44
27007	2	14	5	120	14
27008	2	23	24	17	34
27009	1	20	6	20	10
27010	2	11	19	23	26
27011	2	10	296	7	312
27012	4	22	6	990	14
27013	2	42	23	30	31
27014	2	11	12	23	19
27015	2	22	24	22	46
27016	4	14	20	66	32
27017	2	10	28	11	35
27018	2	31	24	32	48
27019	1	12	6	12	8
27020	2	30	6	34	9
27021	4	26	24	460	58
27022	2	19	24	19	48
27023	2	7	24	5	28
27024	2	29	24	31	42
27025	4	18	27	153	85
27026	2	37	24	26	44
27027	4	49	296	739	602
27028	2	26	27	33	32
27029	1	6	5	6	8
27030	2	12	15	14	20
27031	2	20	20	26	40
27032	2	10	19	14	39
27033	2	14	27	15	55
27034	2	8	17	16	24
27035	2	9	5	9	9
27036	2	17	16	18	21
27037	2	8	16	5	21
27038	2	10	24	55	60
27039	1	21	16	22	22
27040	2	19	28	26	33
27041	4	7	24	15	55
27042	2	12	5	11	5
27043	2	26	24	29	33
27044	2	8	21	6	37
27045	4	3	16	25	28
27046	2	15	6	12	10
27047	2	45	24	32	47
27048	2	37	23	26	32
27049	2	17	28	23	34
27050	2	31	6	38	10
27051	2	7	6	9	6
27052	2	37	27	26	55
27053	2	35	24	25	31
27054	2	18	20	20	26
27055	1	16	6	17	10
27056	4	8	6	136	14
27057	2	2	6	5	6
27058	2	6	20	7	23
27059	2	9	19	18	24
27060	2	28	24	32	24
27061	1	24	20	24	25
27062	4	30	6	594	14
27063	2	10	14	21	21
27064	2	29	6	33	7
27065	2	17	16	19	21
27066	2	2	27	5	33
27067	2	5	18	6	36
27068	2	5	20	6	25
27069	2	16	28	20	35
27070	2	50	28	35	56
27071	2	27	24	31	43
27072	2	24	18	32	38
27073	2	18	6	17	10
27074	2	14	6	17	6
27075	2	3	15	5	20
27076	2	8	23	5	29
27077	2	12	20	24	27
27078	4	32	14	811	27
27079	2	6	26	12	32
27080	4	20	24	273	57
27081	2	20	6	19	6
27082	2	12	27	9	52
27083	2	12	5	16	10
27084	2	15	24	15	27
27085	4	25	24	375	57
27086	2	33	24	37	30
27087	1	16	15	16	21
27088	2	27	20	30	25
27089	2	12	6	24	7
27090	2	8	20	8	24
27091	4	22	24	276	61
27092	2	11	26	12	31
27093	2	31	24	32	34
27094	8	4	13	120	63
27095	2	5	20	10	25
27096	4	12	24	91	56
27097	2	19	27	14	56
27098	2	43	28	30	56
27099	2	18	24	19	46
27100	4	12	6	300	14
27101	2	27	28	35	34
27102	2	30	27	34	56
27103	2	37	296	30	305
27104	2	16	296	13	320
27105	4	20	6	374	13
27106	4	29	20	731	32
27107	2	10	6	21	6
27108	4	10	12	182	25
27109	2	22	24	26	44
27110	8	5	6	681	30
27111	2	10	6	14	6
27112	2	7	12	15	19
27113	2	4	19	8	25
27114	4	14	16	171	40
27115	4	26	6	584	14
27116	2	10	28	20	35
27117	2	11	6	22	11
27118	2	28	28	20	56
27119	2	28	24	33	44
27120	2	26	27	35	33
27121	2	19	295	14	314
27122	2	25	6	351	14
27123	2	27	24	28	31
27124	4	49	24	666	58
27125	2	3	20	7	25
27126	2	24	24	28	30
27127	2	22	6	210	14
27128	2	17	16	23	22
27129	2	33	24	24	32
27130	2	30	6	38	7
27131	2	23	6	23	10
27132	2	5	16	10	22
27133	4	16	24	120	57
27134	1	6	5	6	9
27135	2	11	24	66	71
27136	2	23	24	23	47
27137	2	18	27	24	48
27138	2	10	27	21	33
27139	2	18	16	22	21
27140	2	15	20	15	26
27141	1	10	6	10	6
27142	2	12	6	16	10
27143	2	11	27	12	32
27144	2	6	20	12	25
27145	2	8	20	16	27
27146	2	34	20	42	27
27147	2	3	16	6	21
27148	2	4	6	9	7
27149	2	20	28	27	48
27150	2	18	6	171	12
27151	2	30	24	35	48
27152	4	15	16	171	27
27153	1	16	16	17	22
27154	4	40	24	465	60
27155	4	40	24	465	56
27156	2	24	20	26	26
27157	2	32	15	42	22
27158	2	30	6	38	11
27159	1	6	16	6	20
27160	2	4	27	8	33
27161	4	2	4	10	8
27162	2	50	24	35	48
27163	2	4	6	9	7
27164	2	8	296	6	304
27165	2	24	24	28	43
27166	2	8	15	10	20
27167	2	50	24	35	45
27168	4	27	6	586	12
27169	2	8	6	16	10
27170	4	34	20	817	32
27171	1	8	25	8	53
27172	1	6	24	6	31
27173	2	15	15	12	20
27174	2	11	15	22	21
27175	2	34	6	45	8
27176	2	28	24	20	49
27177	2	29	6	33	11
27178	2	5	20	10	24
27179	2	36	296	28	307
27180	2	33	24	35	28
27181	2	25	6	34	6
27182	2	48	24	35	43
27183	2	5	20	10	25
27184	4	15	20	465	33
27185	2	16	6	21	6
27186	2	12	16	15	37
27187	4	50	296	778	630
27188	4	22	16	435	41
27189	2	54	24	38	44
27190	4	10	6	55	12
27191	2	27	6	36	7
27192	2	19	6	26	6
27193	2	17	6	14	11
27194	2	34	296	26	321
27195	2	54	24	39	44
27196	4	20	16	378	43
27197	2	12	23	14	23
27198	1	14	6	15	7
27199	4	18	23	78	52
27200	2	24	24	17	29
27201	2	24	6	31	11
27202	4	23	24	373	48
27203	4	14	23	55	56
27204	4	15	23	136	56
27205	2	21	19	22	24
27206	4	11	28	90	41
27207	2	37	27	26	56
27208	2	12	16	15	21
27209	2	30	6	36	11
27210	2	16	16	21	22
27211	2	35	6	44	10
27212	4	20	6	153	18
27213	2	14	5	13	5
27214	2	15	6	21	12
27215	2	22	19	30	25
27216	2	7	16	9	24
27217	2	7	16	9	21
27218	2	13	16	18	36
27219	2	32	24	33	29
27220	2	17	24	18	30
27221	2	34	24	38	33
27222	2	17	20	22	40
27223	8	31	6	-1	-1
27224	4	26	17	351	29
27225	2	20	20	24	26
27226	2	22	27	29	48
27227	2	20	6	27	6
27228	2	14	24	10	29
27229	2	6	24	21	57
27230	2	14	28	13	33
27231	2	25	295	18	302
27232	2	24	24	27	47
27233	2	6	6	7	10
27234	4	16	6	153	16
27235	2	14	19	15	24
27236	2	21	24	23	28
27237	2	35	24	38	49
27238	4	21	296	120	627
27239	2	3	6	6	11
27240	4	43	28	496	85
27241	2	34	24	36	29
27242	4	23	24	136	74
27243	2	27	24	31	49
27244	2	29	24	32	41
27245	2	4	28	9	33
27246	2	29	24	21	44
27247	2	10	6	13	7
27248	8	37	24	23751	115
27249	4	17	6	105	13
27250	2	8	28	11	47
27251	2	14	24	13	30
27252	2	12	22	9	41
27253	2	3	14	7	19
27254	8	15	24	3876	114
27255	2	27	24	29	52
27256	2	20	6	28	7
27257	4	17	24	171	57
27258	1	35	22	35	27
27259	2	17	6	22	11
27260	2	34	6	43	6
27261	8	33	24	-1	-1
27262	4	34	6	978	14
27263	2	13	20	16	26
27264	2	53	24	37	30
27265	4	19	6	297	13
27266	4	19	6	210	16
27267	2	12	6	24	7
27268	2	19	295	14	305
27269	2	10	16	9	21
27270	4	27	24	491	77
27271	2	26	6	28	6
27272	2	20	28	17	33
27273	4	17	24	153	58
27274	2	18	6	17	11
27275	4	7	23	21	52
27276	4	42	24	465	58
27277	4	11	296	45	624
27278	2	22	24	22	48
27279	2	29	6	35	6
27280	2	24	16	32	22
27281	2	29	27	38	33
27282	2	17	28	14	34
27283	2	32	23	36	27
27284	2	30	6	33	11
27285	1	8	24	8	32
27286	4	33	26	816	39
27287	2	8	6	12	10
27288	2	20	6	28	9
27289	2	32	24	23	42
27290	2	11	24	8	42
27291	2	7	27	5	50
27292	2	3	16	6	21
27293	4	17	16	276	42
27294	2	35	20	42	40
27295	4	11	6	243	14
27296	2	35	23	41	31
27297	4	25	28	625	41
27298	4	24	11	525	24
27299	2	7	20	14	26
27300	2	15	6	21	6
27301	2	9	28	11	33
27302	4	19	6	275	14
27303	2	21	24	15	44
27304	2	22	24	16	43
27305	2	31	24	34	28
27306	4	22	296	170	603
27307	2	7	6	7	6
27308	1	22	16	22	22
27309	4	15	6	208	13
27310	4	2	5	10	10
27311	2	12	19	25	26
27312	2	14	24	10	27
27313	2	18	6	25	7
27314	2	25	6	34	6
27315	4	16	295	90	600
27316	4	28	6	496	13
27317	4	15	6	153	12
27318	4	11	5	36	11
27319	4	15	16	171	40
27320	2	14	6	105	13
27321	4	30	24	556	58
27322	2	6	16	8	19
27323	2	32	28	39	33
27324	2	19	24	19	33
27325	2	29	24	30	45
27326	2	32	24	34	28
27327	2	13	16	15	22
27328	2	9	6	18	7
27329	2	6	16	12	22
27330	2	31	24	33	43
27331	2	9	26	9	32
27332	2	7	6	6	6
27333	2	44	28	32	57
27334	2	31	20	40	26
27335	2	25	28	29	34
27336	2	21	24	22	32
27337	4	9	4	21	8
27338	1	6	27	6	56
27339	8	3	5	129	26
27340	4	11	6	243	14
27341	4	2	20	10	31
27342	2	16	24	11	44
27343	2	17	24	17	46
27344	4	18	6	5985	28
27345	2	16	6	15	6
27346	1	5	28	4	52
27347	2	16	19	21	39
27348	1	22	18	20	24
27349	4	23	6	300	12
27350	2	7	6	9	6
27351	2	29	20	34	26
27352	2	11	16	14	21
27353	4	26	6	433	13
27354	2	18	24	13	28
27355	2	26	6	30	6
27356	4	8	20	66	63
27357	4	29	6	527	13
27358	2	2	28	4	33
27359	2	15	24	14	41
27360	2	20	25	20	53
27361	2	18	28	24	34
27362	2	4	6	9	8
27363	2	8	6	11	11
27364	2	31	24	35	33
27365	2	24	6	33	6
27366	2	15	24	18	27
27367	4	5	5	55	13
27368	2	42	24	29	44
27369	2	18	28	19	54
27370	2	12	6	25	7
27371	2	4	28	9	33
27372	2	12	16	24	22
27373	4	15	6	188	13
27374	2	30	24	22	34
27375	2	33	24	35	44
27376	2	10	20	13	26
27377	2	34	24	40	45
27378	2	13	28	15	33
27379	4	8	22	45	44
27380	2	2	27	4	33
27381	2	29	24	33	45
27382	2	22	6	26	11
27383	2	22	24	20	29
27384	2	3	18	6	25
27385	2	6	25	12	31
27386	2	9	19	11	24
27387	2	13	28	17	34
27388	2	7	6	9	10
27389	4	4	14	33	28
27390	4	2	6	10	14
27391	2	3	5	7	6
27392	2	11	6	22	6
27393	1	12	6	12	10
27394	4	10	6	221	14
27395	1	25	19	26	24
27396	2	11	28	8	51
27397	1	8	15	8	20
27398	2	15	15	19	21
27399	2	22	20	30	26
27400	2	32	24	32	48
27401	2	28	27	29	55
27402	2	19	24	13	47
27403	2	13	16	17	26
27404	4	17	24	171	58
27405	4	8	21	15	43
27406	2	48	24	34	29
27407	2	14	295	10	326
27408	2	10	23	11	38
27409	2	5	28	15	35
27410	2	21	24	22	44
27411	8	12	24	1001	112
27412	2	26	16	31	22
27413	2	21	24	14	47
27414	2	7	6	14	7
27415	2	14	19	19	25
27416	2	32	20	42	26
27417	2	35	28	25	56
27418	2	51	24	37	47
27419	4	11	6	115	12
27420	2	38	24	28	29
27421	2	18	5	17	8
27422	2	29	24	32	44
27423	4	32	6	664	14
27424	4	23	296	153	603
27425	2	28	296	22	301
27426	4	32	6	701	13
27427	1	14	27	15	32
27428	4	17	26	187	82
27429	4	16	6	136	13
27430	2	12	16	24	22
27431	2	17	24	20	30
27432	2	15	26	18	32
27433	4	24	24	378	56
27434	4	12	6	131	16
27435	4	30	6	807	13
27436	4	25	6	557	13
27437	4	15	22	120	47
27438	2	37	24	26	45
27439	4	34	24	300	55
27440	2	12	28	16	48
27441	8	7	6	1765	27
27442	1	22	19	22	25
27443	2	11	25	22	32
27444	2	27	6	35	6
27445	8	8	6	2945	26
27446	2	33	24	37	45
27447	2	7	18	15	24
27448	1	13	6	13	9
27449	2	26	27	19	52
27450	2	15	6	18	11
27451	2	44	24	32	47
27452	2	5	27	10	33
27453	2	47	28	34	57
27454	2	13	295	10	319
27455	2	21	28	22	57
27456	4	7	18	113	32
27457	2	32	6	40	12
27458	2	18	24	17	44
27459	2	6	19	7	25
27460	2	41	24	29	32
27461	4	7	6	99	13
27462	2	11	24	9	24
27463	2	20	24	20	48
27464	2	10	20	13	26
27465	4	2	14	13	26
27466	4	14	5	66	15
27467	4	5	28	55	42
27468	2	7	14	9	20
27469	2	30	25	33	32
27470	2	17	6	17	11
27471	2	25	28	26	56
27472	2	14	296	11	321
27473	2	4	14	9	20
27474	2	10	16	13	33
27475	2	12	16	13	22
27476	2	11	24	10	34
27477	1	10	6	10	10
27478	4	20	24	190	54
27479	2	8	28	17	34
27480	2	5	15	6	20
27481	4	15	13	136	26
27482	2	5	6	10	12
27483	2	17	6	23	10
27484	2	20	19	24	25
27485	2	14	6	19	12
27486	4	8	6	36	12
27487	1	4	16	4	20
27488	4	26	6	591	13
27489	2	3	20	5	25
27490	4	5	16	61	28
27491	4	17	24	153	60
27492	2	12	6	78	17
27493	4	21	6	324	13
27494	2	11	256	22	258
27495	4	51	24	703	59
27496	2	22	24	16	33
27497	4	8	19	145	33
27498	2	27	27	33	32
27499	2	21	6	26	8
27500	8	24	6	-1	-1
27501	2	40	26	28	54
27502	4	4	6	41	13
27503	4	21	16	378	47
27504	2	33	28	37	56
27505	2	7	6	9	7
27506	4	21	24	231	60
27507	8	48	296	-1	-1
27508	2	13	24	10	45
27509	2	7	6	15	7
27510	2	41	296	33	320
27511	4	11	15	104	26
27512	2	20	16	26	26
27513	2	9	6	18	9
27514	2	49	296	40	329
27515	2	33	24	38	45
27516	2	14	16	18	22
27517	2	9	6	10	6
27518	2	12	28	11	33
27519	2	11	4	66	9
27520	1	21	6	22	9
27521	4	11	6	265	14
27522	2	21	22	15	42
27523	2	10	6	13	9
27524	2	31	6	40	6
27525	4	28	24	523	57
27526	2	19	6	23	7
27527	2	26	6	28	12
27528	4	25	24	325	56
27529	2	46	296	36	327
27530	2	34	24	38	30
27531	2	40	24	28	45
27532	2	25	28	29	34
27533	2	10	6	13	6
27534	2	14	19	18	25
27535	8	26	24	7315	113
27536	1	4	14	4	20
27537	2	21	26	21	32
27538	2	31	24	34	29
27539	4	33	24	628	76
27540	1	7	24	7	43
27541	2	20	12	27	19
27542	2	19	20	20	23
27543	2	14	5	10	6
27544	2	10	6	19	10
27545	1	8	6	8	6
27546	2	4	26	5	46
27547	2	34	23	24	49
27548	2	17	24	12	47
27549	2	13	6	15	7
27550	1	7	24	7	29
27551	2	27	6	29	9
27552	2	20	15	24	21
27553	2	17	25	23	31
27554	2	17	23	18	46
27555	4	11	6	243	18
27556	2	10	6	11	10
27557	2	9	19	7	24
27558	2	20	23	21	46
27559	2	10	6	20	7
27560	2	8	16	16	22
27561	4	45	28	528	85
27562	8	11	24	1001	115
27563	2	21	23	24	29
27564	4	11	6	66	12
27565	2	14	14	11	19
27566	2	28	24	31	44
27567	2	16	16	22	34
27568	2	11	16	14	21
27569	2	10	20	21	26
27570	2	13	16	13	22
27571	4	25	24	463	57
27572	2	29	24	31	44
27573	2	6	16	9	22
27574	2	6	14	21	24
27575	8	27	6	-1	-1
27576	2	46	296	36	319
27577	2	22	18	29	24
27578	2	14	6	105	13
27579	2	24	14	27	21
27580	4	30	6	660	17
27581	2	10	26	20	32
27582	4	7	20	45	32
27583	1	26	6	27	9
27584	2	20	16	23	22
27585	2	55	24	38	33
27586	2	35	19	45	26
27587	4	10	6	55	12
27588	1	8	6	8	10
27589	4	27	24	190	59
27590	1	22	27	22	33
27591	4	20	24	231	58
27592	2	10	22	7	33
27593	2	15	6	30	6
27594	2	24	17	32	38
27595	2	19	6	23	8
27596	2	34	296	26	302
27597	2	13	28	18	33
27598	2	26	6	27	11
27599	2	18	15	24	21
27600	4	9	6	54	12
27601	2	29	296	23	319
27602	2	20	24	21	30
27603	2	17	19	18	25
27604	2	6	16	8	34
27605	2	11	16	14	36
27606	2	11	20	23	26
27607	2	12	28	13	31
27608	4	12	23	66	59
27609	2	27	23	19	30
27610	2	19	6	26	12
27611	1	12	6	13	11
27612	4	26	6	626	13
27613	2	10	6	11	6
27614	2	32	24	36	47
27615	2	24	6	24	10
27616	2	3	6	6	6
27617	2	21	24	14	30
27618	2	33	23	24	32
27619	4	19	6	271	12
27620	2	16	20	16	26
27621	2	14	6	120	12
27622	2	45	24	33	29
27623	2	33	24	23	29
27624	2	6	16	13	22
27625	2	18	27	21	32
27626	2	28	27	31	33
27627	2	31	6	35	6
27628	2	16	24	11	29
27629	2	24	6	27	8
27630	2	19	16	16	22
27631	1	31	26	31	31
27632	2	55	24	39	34
27633	4	16	24	78	59
27634	4	4	16	21	42
27635	2	51	24	36	43
27636	2	4	6	9	9
27637	2	31	17	35	23
27638	2	18	6	25	8
27639	2	20	6	210	13
27640	2	16	6	20	6
27641	1	16	28	16	34
27642	2	24	296	19	312
27643	4	18	6	248	12
27644	2	23	6	25	6
27645	4	43	296	628	603
27646	1	24	6	24	11
27647	4	34	6	978	13
27648	4	4	5	41	12
27649	2	18	6	23	6
27650	2	5	24	15	60
27651	2	53	23	38	28
27652	4	5	6	27	12
27653	2	19	5	26	10
27654	2	5	28	10	34
27655	2	33	6	43	6
27656	2	10	28	11	53
27657	2	8	20	16	26
27658	2	51	24	37	28
27659	2	20	6	171	18
27660	2	20	24	24	43
27661	1	22	27	23	32
27662	2	34	24	36	44
27663	2	22	16	29	20
27664	2	16	16	21	36
27665	4	33	21	739	51
27666	2	28	296	22	311
27667	2	33	24	36	44
27668	4	33	24	739	58
27669	1	26	16	27	22
27670	2	33	27	42	33
27671	2	10	16	19	22
27672	4	16	296	78	613
27673	2	15	296	11	327
27674	2	17	15	14	20
27675	4	12	6	313	13
27676	1	20	12	20	18
27677	8	24	6	-1	-1
27678	2	10	22	7	47
27679	2	33	24	39	38
27680	2	9	28	18	34
27681	2	3	28	4	48
27682	4	15	6	136	12
27683	2	7	16	7	21
27684	2	5	16	7	37
27685	1	18	20	18	26
27686	2	25	24	29	42
27687	2	5	28	7	46
27688	2	9	5	9	5
27689	4	12	6	66	12
27690	2	24	28	28	55
27691	2	21	24	23	46
27692	4	52	24	741	75
27693	4	7	6	45	15
27694	2	37	24	26	44
27695	2	29	15	36	21
27696	2	16	24	20	40
27697	2	16	16	21	36
27698	2	14	19	17	25
27699	2	18	6	171	14
27700	2	51	24	37	48
27701	4	52	24	703	78
27702	2	23	20	29	41
27703	2	14	28	15	33
27704	2	14	16	19	36
27705	2	20	13	28	19
27706	2	34	296	26	326
27707	2	3	15	6	21
27708	2	17	24	17	45
27709	4	16	5	91	12
27710	2	27	6	29	6
27711	2	26	23	35	29
27712	4	32	24	663	69
27713	2	18	6	190	13
27714	1	6	15	6	20
27715	4	14	24	120	61
27716	4	33	24	703	57
27717	2	11	24	12	31
27718	2	29	6	31	11
27719	2	7	25	7	30
27720	2	23	28	31	34
27721	2	13	6	15	6
27722	2	12	16	24	22
27723	2	3	6	7	6
27724	2	14	28	15	56
27725	2	25	28	18	55
27726	2	7	24	5	42
27727	2	17	6	14	11
27728	2	32	6	36	10
27729	2	22	28	28	34
27730	2	11	16	15	21
27731	2	12	28	12	33
27732	2	11	17	22	24
27733	2	25	28	17	56
27734	2	9	6	10	7
27735	2	22	28	26	34
27736	2	49	24	35	32
27737	2	51	24	37	49
27738	2	15	24	15	27
27739	4	6	5	28	11
27740	2	9	6	7	11
27741	2	9	23	10	41
27742	1	8	6	8	6
27743	1	6	16	6	21
27744	2	7	28	28	83
27745	2	5	28	6	34
27746	4	32	24	664	58
27747	2	19	24	19	32
27748	2	32	296	26	317
27749	2	9	6	18	12
27750	2	51	296	40	306
27751	2	24	24	28	43
27752	2	16	24	16	44
27753	4	19	19	297	31
27754	2	16	24	17	47
27755	4	18	24	171	59
27756	2	40	24	28	42
27757	4	6	15	85	28
27758	2	22	24	26	44
27759	2	5	27	10	33
27760	2	24	24	17	28
27761	2	18	12	22	19
27762	2	10	6	66	12
27763	4	9	19	77	31
27764	2	29	24	21	43
27765	2	6	16	12	22
27766	2	8	6	11	6
27767	2	27	6	35	7
27768	4	24	6	524	13
27769	4	24	24	300	57
27770	2	4	28	5	44
27771	2	29	24	31	28
27772	4	26	6	433	16
27773	2	15	14	20	19
27774	2	6	6	7	8
27775	4	34	28	892	75
27776	2	33	24	23	29
27777	2	16	28	17	55
27778	2	9	28	11	48
27779	2	15	24	16	27
27780	1	12	28	10	34
27781	2	33	6	38	10
27782	4	3	4	21	7
27783	2	14	296	10	315
27784	2	11	23	7	43
27785	2	50	27	35	56
27786	2	25	24	28	43
27787	4	4	16	15	26
27788	2	16	24	11	43
27789	4	32	28	812	42
27790	2	13	16	15	21
27791	2	24	23	28	45
27792	4	22	20	435	62
27793	2	39	28	28	57
27794	4	34	6	934	13
27795	4	14	6	151	17
27796	2	4	20	8	25
27797	2	25	24	29	28
27798	1	8	6	8	6
27799	2	12	6	24	6
27800	4	31	24	253	73
27801	2	13	24	12	49
27802	2	3	5	6	9
27803	2	22	15	25	21
27804	2	14	16	18	37
27805	4	37	296	405	600
27806	4	33	20	975	33
27807	2	23	16	300	28
27808	2	7	20	10	41
27809	4	10	12	88	24
27810	1	16	16	16	22
27811	2	6	20	13	26
27812	4	50	296	818	600
27813	2	8	28	7	33
27814	1	9	24	9	30
27815	2	24	24	17	42
27816	2	49	24	34	46
27817	2	7	28	14	34
27818	4	34	24	736	58
27819	2	7	6	15	7
27820	2	30	24	35	44
27821	2	28	6	435	12
27822	4	23	6	300	13
27823	2	29	24	34	43
27824	2	6	6	12	11
27825	2	32	18	528	30
27826	2	18	18	24	24
27827	2	21	6	26	12
27828	4	48	24	595	56
27829	2	11	24	66	52
27830	2	22	15	21	21
27831	2	7	22	5	22
27832	2	23	6	29	10
27833	2	22	296	17	300
27834	2	23	28	32	34
27835	2	49	24	34	44
27836	4	8	6	65	17
27837	2	20	20	19	26
27838	4	32	24	561	77
27839	2	22	6	44	11
27840	2	22	16	30	22
27841	4	24	24	351	57
27842	4	5	6	61	13
27843	2	10	28	11	51
27844	2	22	16	29	25
27845	2	31	13	40	19
27846	2	18	24	19	30
27847	4	39	295	464	607
27848	2	6	6	13	12
27849	2	33	24	37	30
27850	1	24	6	24	8
27851	2	22	296	18	326
27852	2	17	6	18	11
27853	4	30	21	628	52
27854	2	19	296	15	319
27855	8	8	6	2945	30
27856	2	14	6	16	10
27857	2	18	5	20	11
27858	2	30	15	34	21
27859	2	20	18	24	24
27860	2	12	5	12	5
27861	2	38	24	27	47
27862	2	6	11	13	18
27863	2	39	296	30	305
27864	2	27	24	31	32
27865	2	8	14	8	19
27866	2	13	6	26	7
27867	4	23	22	136	53
27868	4	13	6	91	12
27869	4	23	24	300	60
27870	2	51	24	37	31
27871	1	6	24	6	49
27872	4	22	6	300	12
27873	2	24	6	33	11
27874	2	15	6	21	12
27875	2	20	6	23	6
27876	2	20	6	27	11
27877	1	14	12	14	17
27878	2	8	6	5	6
27879	4	10	5	36	11
27880	2	8	28	36	42
27881	2	20	27	20	32
27882	1	7	5	7	5
27883	2	31	15	35	20
27884	2	30	6	34	9
27885	4	8	6	145	14
27886	2	34	24	24	40
27887	2	8	6	21	13
27888	8	33	24	-1	-1
27889	2	15	6	18	6
27890	2	10	18	14	38
27891	4	5	16	21	40
27892	4	55	24	780	74
27893	4	8	20	145	34
27894	4	3	18	19	30
27895	2	27	20	31	25
27896	4	24	24	325	55
27897	4	13	24	91	55
27898	2	34	26	43	32
27899	4	7	6	99	13
27900	2	12	28	15	34
27901	2	31	25	22	54
27902	2	27	28	30	57
27903	2	11	6	22	7
27904	2	24	20	31	26
27905	4	24	6	376	13
27906	2	7	16	10	36
27907	2	3	6	7	11
27908	2	9	26	12	31
27909	4	31	26	625	84
27910	2	45	296	36	321
27911	2	6	23	7	44
27912	2	2	28	4	35
27913	1	16	6	16	6
27914	2	9	25	8	30
27915	4	45	24	528	75
27916	2	13	16	105	28
27917	2	14	23	9	45
27918	1	8	26	9	32
27919	2	31	296	24	317
27920	4	46	24	528	55
27921	2	15	14	20	20
27922	4	15	24	105	59
27923	2	31	24	35	26
27924	2	26	6	31	6
27925	2	30	296	24	304
27926	4	8	6	65	12
27927	4	3	5	25	11
27928	2	19	25	21	53
27929	4	15	19	190	59
27930	2	8	6	45	16
27931	4	15	6	136	13
27932	1	14	12	12	18
27933	2	52	24	38	49
27934	2	21	296	16	304
27935	2	12	296	9	300
27936	2	30	24	35	34
27937	2	3	5	7	10
27938	2	24	18	29	24
27939	1	4	6	4	7
27940	2	32	28	35	56
27941	2	40	28	27	57
27942	2	17	27	12	54
27943	4	8	28	15	37
27944	2	8	20	10	26
27945	2	28	6	32	7
27946	2	8	14	17	21
27947	1	31	6	31	6
27948	2	23	19	31	39
27949	2	7	17	10	37
27950	2	12	23	24	29
27951	1	8	6	6	8
27952	2	54	24	39	44
27953	2	47	24	33	44
27954	2	25	6	35	7
27955	2	18	24	19	47
27956	4	18	6	171	16
27957	2	47	296	37	300
27958	2	48	24	35	48
27959	4	27	24	406	79
27960	2	37	24	26	45
27961	4	33	24	698	56
27962	1	4	5	4	5
27963	2	25	27	29	56
27964	2	14	6	17	10
27965	1	12	28	12	33
27966	2	21	15	26	21
27967	2	14	6	17	10
27968	4	16	24	205	56
27969	2	17	28	17	56
27970	2	11	24	8	38
27971	2	40	296	32	312
27972	4	27	24	491	57
27973	4	40	24	406	58
27974	4	15	24	136	57
27975	2	15	26	20	32
27976	2	35	24	25	48
27977	1	12	6	12	9
27978	2	8	6	16	11
27979	2	24	24	25	48
27980	4	39	24	406	58
27981	2	20	27	24	32
27982	2	26	24	24	44
27983	8	14	5	5814	25
27984	2	27	16	30	22
27985	2	35	24	39	45
27986	2	27	19	35	24
27987	1	12	20	12	25
27988	4	31	24	561	60
27989	2	24	16	31	22
27990	2	35	24	25	28
27991	2	20	24	20	49
27992	4	33	24	698	63
27993	2	15	27	16	55
27994	4	25	5	431	11
27995	1	6	20	7	25
27996	2	17	24	20	49
27997	2	37	24	26	30
27998	8	15	16	8665	87
27999	2	48	24	34	31
28000	2	7	24	28	55
28001	2	47	24	34	44
28002	2	29	24	29	30
28003	2	20	6	21	6
28004	2	28	28	34	34
28005	2	40	24	27	44
28006	2	18	24	18	44
28007	2	11	16	14	36
28008	2	16	19	17	24
28009	2	24	6	300	13
28010	2	3	28	4	46
28011	4	20	6	375	13
28012	4	24	6	524	13
28013	2	29	24	20	29
28014	2	6	16	13	22
28015	2	18	24	21	47
28016	2	14	12	17	17
28017	1	6	28	6	34
28018	2	22	24	24	49
28019	2	25	28	30	55
28020	8	38	24	27405	115
28021	1	16	28	17	34
28022	2	32	28	36	54
28023	2	30	15	38	21
28024	4	7	16	45	54
28025	4	24	24	325	60
28026	1	42	6	42	9
28027	2	13	24	14	46
28028	4	2	6	6	11
28029	2	21	24	15	44
28030	2	49	24	34	44
28031	2	10	24	21	31
28032	2	30	28	31	57
28033	4	29	24	593	78
28034	2	12	24	16	29
28035	2	21	20	28	26
28036	2	27	24	32	30
28037	2	8	17	16	23
28038	2	12	16	16	22
28039	4	24	6	374	13
28040	4	31	296	299	602
28041	2	16	24	12	29
28042	8	10	294	210	1188
28043	2	57	24	41	32
28044	4	15	6	78	12
28045	2	2	4	4	5
28046	2	4	19	5	24
28047	4	14	24	45	54
28048	2	32	296	25	329
28049	2	28	24	32	47
28050	2	24	24	25	44
28051	2	9	28	10	33
28052	4	9	24	36	57
28053	2	26	24	27	29
28054	2	5	16	7	21
28055	2	24	296	18	300
28056	2	13	6	17	6
28057	2	9	23	8	27
28058	2	17	23	17	44
28059	4	24	6	524	13
28060	2	10	28	14	32
28061	2	28	296	22	317
28062	2	31	6	37	9
28063	4	6	16	28	31
28064	2	13	17	12	23
28065	2	5	6	6	6
28066	2	31	24	36	44
28067	2	8	6	8	9
28068	4	27	6	491	13
28069	1	20	15	20	21
28070	4	30	6	590	13
28071	2	34	24	39	34
28072	4	32	24	592	60
28073	2	8	19	11	37
28074	2	29	20	33	26
28075	2	7	15	8	22
28076	4	28	24	435	71
28077	2	12	6	16	12
28078	2	26	296	20	302
28079	2	19	23	23	29
28080	2	47	24	34	47
28081	2	8	6	36	14
28082	8	6	5	985	28
28083	2	6	19	12	26
28084	2	25	27	33	48
28085	4	31	6	848	13
28086	4	12	28	55	39
28087	2	10	23	7	47
28088	2	27	20	31	26
28089	4	20	6	231	12
28090	2	36	28	38	57
28091	2	33	24	33	33
28092	2	6	6	13	6
28093	2	28	24	20	48
28094	4	13	28	133	71
28095	2	22	16	29	21
28096	2	16	6	105	12
28097	2	8	6	10	7
28098	2	8	24	9	27
28099	1	16	6	14	10
28100	4	16	20	153	33
28101	2	9	15	18	21
28102	2	7	27	15	33
28103	2	26	24	27	48
28104	2	26	25	35	31
28105	2	27	19	31	25
28106	1	16	6	16	9
28107	4	47	24	561	57
28108	2	4	27	6	34
28109	2	6	4	7	5
28110	1	11	24	11	36
28111	2	18	16	22	21
28112	2	19	26	20	32
28113	2	27	27	28	56
28114	2	4	6	8	11
28115	4	30	6	663	12
28116	2	5	20	11	25
28117	4	28	24	523	59
28118	2	23	16	28	22
28119	2	21	6	28	6
28120	2	14	6	11	10
28121	2	30	24	35	42
28122	4	29	28	623	41
28123	2	18	6	18	6
28124	2	24	6	31	9
28125	2	4	19	8	26
28126	4	3	16	25	29
28127	2	24	28	18	55
28128	4	23	24	322	51
28129	4	12	22	36	53
28130	2	8	5	8	5
28131	2	25	24	18	42
28132	2	19	15	26	21
28133	2	12	6	78	13
28134	2	7	14	7	20
28135	4	22	16	465	42
28136	8	30	6	-1	-1
28137	2	27	16	33	22
28138	2	9	16	11	17
28139	2	36	24	25	48
28140	2	23	27	31	33
28141	2	9	24	17	30
28142	2	17	16	19	21
28143	2	4	5	9	6
28144	2	51	296	40	303
28145	2	9	6	13	10
28146	2	27	6	406	14
28147	2	31	24	34	46
28148	2	10	8	20	14
28149	4	25	23	153	55
28150	2	16	6	20	11
28151	2	32	6	43	7
28152	2	28	19	32	25
28153	2	14	16	18	22
28154	2	4	20	5	40
28155	2	18	24	13	45
28156	2	22	24	23	48
28157	4	10	16	91	41
28158	2	5	28	7	33
28159	2	27	24	28	43
28160	2	21	24	21	32
28161	2	10	24	55	58
28162	4	7	6	28	15
28163	4	49	24	666	60
28164	2	5	26	15	83
28165	8	24	296	5814	1193
28166	2	40	24	27	29
28167	4	27	24	405	60
28168	2	10	28	7	34
28169	8	18	6	5985	26
28170	2	13	16	18	36
28171	2	31	6	38	7
28172	4	22	6	276	12
28173	4	13	24	105	51
28174	1	22	6	22	6
28175	2	42	296	33	325
28176	2	2	18	4	23
28177	2	33	24	35	30
28178	2	13	16	26	23
28179	2	30	24	35	30
28180	4	12	6	313	14
28181	4	30	296	299	597
28182	2	49	24	35	29
28183	4	11	5	66	12
28184	2	13	24	91	49
28185	2	33	24	24	42
28186	2	21	6	22	6
28187	2	19	296	14	329
28188	2	8	6	10	6
28189	2	56	24	40	29
28190	2	3	27	6	33
28191	2	41	296	32	301
28192	4	22	24	136	60
28193	2	28	6	33	6
28194	4	20	24	274	54
28195	2	37	296	29	329
28196	2	4	16	6	24
28197	2	13	6	12	6
28198	2	18	24	19	34
28199	2	2	15	5	21
28200	2	21	15	27	21
28201	4	15	6	208	13
28202	2	54	24	39	43
28203	2	13	20	10	26
28204	4	7	6	36	12
28205	4	18	28	208	40
28206	2	3	6	6	9
28207	2	35	23	25	43
28208	2	7	6	28	11
28209	2	14	6	18	10
28210	2	8	16	10	19
28211	4	33	23	276	72
28212	2	9	15	19	22
28213	4	8	6	129	15
28214	2	28	28	33	33
28215	2	8	6	10	8
28216	1	14	20	14	27
28217	2	19	18	25	37
28218	2	17	15	22	23
28219	2	5	20	11	25
28220	2	8	14	9	20
28221	2	20	16	26	23
28222	2	22	18	26	24
28223	4	12	16	134	28
28224	2	20	24	15	27
28225	2	7	24	28	56
28226	2	28	23	32	47
28227	4	20	16	231	28
28228	2	17	24	20	28
28229	2	33	24	23	43
28230	2	9	19	8	25
28231	2	21	19	21	25
28232	2	29	17	39	23
28233	2	5	6	10	10
28234	2	9	28	18	35
28235	2	19	24	19	45
28236	2	31	23	36	28
28237	2	19	24	13	29
28238	1	21	27	21	32
28239	2	16	27	12	54
28240	8	17	6	14125	26
28241	2	9	28	8	33
28242	2	21	15	28	20
28243	1	5	6	6	6
28244	2	10	16	10	21
28245	2	25	28	26	58
28246	2	49	24	35	30
28247	2	5	13	10	19
28248	4	4	6	41	13
28249	2	36	28	25	57
28250	4	14	6	166	13
28251	2	26	16	30	22
28252	4	11	6	104	12
28253	2	33	27	37	55
28254	4	8	6	145	14
28255	2	23	16	30	34
28256	2	16	16	21	36
28257	2	24	24	28	38
28258	2	13	6	25	12
28259	2	22	24	22	50
28260	4	24	6	461	13
28261	2	4	28	6	47
28262	2	22	28	30	49
28263	4	4	6	41	16
28264	2	21	16	21	22
28265	4	23	24	300	63
28266	1	8	6	8	6
28267	2	25	6	30	6
28268	2	33	24	36	42
28269	2	24	24	28	31
28270	2	23	6	26	8
28271	2	50	24	35	45
28272	2	18	28	12	55
28273	4	31	22	253	57
28274	2	17	20	22	26
28275	2	36	24	41	43
28276	2	9	5	7	9
28277	4	21	6	253	13
28278	4	15	6	185	13
28279	2	7	16	8	21
28280	4	3	5	19	13
28281	2	14	296	12	327
28282	4	8	6	36	12
28283	2	12	24	13	29
28284	2	39	24	28	28
28285	2	18	21	22	24
28286	2	28	24	32	46
28287	2	33	21	39	24
28288	2	25	24	26	49
28289	4	18	6	229	13
28290	2	31	20	41	26
28291	4	8	6	36	12
28292	4	32	24	661	59
28293	2	25	20	29	26
28294	4	31	296	299	619
28295	2	18	6	22	12
28296	2	25	24	29	47
28297	1	8	6	8	6
28298	4	5	6	21	13
28299	4	16	296	78	601
28300	2	10	27	21	34
28301	1	18	20	14	26
28302	4	4	6	41	14
28303	2	5	5	7	5
28304	2	8	6	11	11
28305	1	5	5	5	5
28306	2	7	24	28	73
28307	2	5	18	7	22
28308	2	17	16	23	22
28309	2	31	24	22	28
28310	2	31	24	33	29
28311	2	4	16	5	21
28312	2	8	6	16	7
28313	2	51	24	35	44
28314	2	51	24	37	28
28315	4	45	24	528	73
28316	1	15	27	16	33
28317	4	29	6	593	13
28318	2	37	26	42	55
28319	2	24	6	29	11
28320	2	11	296	8	315
28321	4	8	16	66	42
28322	4	3	15	25	27
28323	8	55	24	-1	-1
28324	2	23	16	300	29
28325	4	16	24	136	56
28326	2	27	24	30	29
28327	2	5	5	7	9
28328	2	32	6	42	7
28329	2	18	24	20	33
28330	4	11	22	36	50
28331	1	18	16	18	22
28332	4	44	24	496	58
28333	2	14	6	120	12
28334	2	14	13	19	19
28335	1	10	6	10	6
28336	4	14	18	66	30
28337	2	24	28	31	49
28338	2	29	6	34	7
28339	2	35	17	44	23
28340	2	31	24	36	48
28341	1	22	14	22	21
28342	4	28	24	435	74
28343	2	19	28	19	34
28344	4	37	24	351	57
28345	2	10	24	7	44
28346	2	17	26	17	31
28347	2	20	16	19	22
28348	2	12	16	24	22
28349	2	20	16	19	22
28350	2	26	19	33	25
28351	2	7	24	5	43
28352	2	14	5	17	6
28353	2	2	20	4	25
28354	2	27	6	31	7
28355	2	24	19	33	25
28356	2	41	296	32	312
28357	1	17	6	18	11
28358	2	27	24	19	49
28359	4	30	24	556	73
28360	2	24	6	27	6
28361	2	21	24	21	27
28362	4	7	6	45	13
28363	4	10	296	28	600
28364	2	26	296	20	326
28365	4	8	28	55	69
28366	2	49	24	36	29
28367	1	4	28	4	34
28368	4	5	27	51	41
28369	2	14	24	9	53
28370	2	20	26	27	32
28371	2	25	24	25	43
28372	2	56	24	40	32
28373	2	20	20	20	26
28374	2	19	20	24	26
28375	2	32	24	36	45
28376	2	21	296	16	328
28377	4	19	296	119	591
28378	4	24	293	170	596
28379	2	7	296	6	320
28380	2	15	28	11	55
28381	2	47	24	34	34
28382	4	25	296	189	599
28383	1	22	6	20	6
28384	2	34	23	38	40
28385	2	16	24	11	47
28386	2	37	24	26	46
28387	1	23	6	24	11
28388	2	2	12	5	18
28389	2	13	24	13	48
28390	2	31	24	36	43
28391	2	31	24	33	30
28392	8	47	24	-1	-1
28393	1	4	28	4	34
28394	2	16	6	16	6
28395	2	7	18	6	23
28396	2	29	24	21	45
28397	2	30	24	22	44
28398	2	18	16	24	24
28399	2	20	6	19	6
28400	2	14	6	19	6
28401	4	9	16	78	40
28402	2	23	6	46	10
28403	2	12	26	24	32
28404	2	4	28	8	33
28405	4	13	6	91	12
28406	4	18	6	190	14
28407	2	19	6	16	6
28408	2	5	15	6	35
28409	2	27	28	31	54
28410	2	9	15	6	20
28411	1	26	20	27	26
28412	4	13	6	105	12
28413	2	12	12	16	19
28414	2	27	19	30	25
28415	1	21	6	22	6
28416	8	29	24	-1	-1
28417	4	51	296	818	604
28418	2	4	16	8	22
28419	2	32	27	42	33
28420	2	11	23	7	32
28421	2	17	16	23	21
28422	4	24	24	300	57
28423	4	11	6	265	14
28424	2	22	16	25	22
28425	2	28	28	33	34
28426	1	14	6	14	11
28427	2	6	16	7	21
28428	2	20	6	18	6
28429	2	21	6	22	6
28430	2	8	21	6	37
28431	2	21	24	24	45
28432	2	24	19	30	39
28433	4	17	6	273	14
28434	2	19	27	25	33
28435	1	24	20	24	26
28436	4	7	16	55	42
28437	4	26	23	494	57
28438	2	15	16	20	21
28439	4	10	5	45	11
28440	2	21	15	20	21
28441	2	19	28	19	34
28442	2	34	24	42	26
28443	4	30	6	660	13
28444	2	5	6	6	10
28445	4	54	24	780	59
28446	4	24	20	528	62
28447	2	11	16	23	22
28448	2	33	24	38	29
28449	2	7	12	9	18
28450	4	9	6	54	12
28451	4	18	19	153	31
28452	2	20	24	24	29
28453	2	12	6	78	12
28454	2	18	25	21	31
28455	4	32	6	890	19
28456	2	14	295	10	305
28457	4	49	296	739	602
28458	2	24	24	17	29
28459	1	8	15	8	21
28460	2	31	20	36	26
28461	4	30	24	594	58
28462	2	33	20	41	25
28463	2	57	24	41	44
28464	4	15	23	136	69
28465	2	7	6	15	6
28466	2	39	295	31	327
28467	2	27	6	33	12
28468	2	11	20	9	24
28469	2	30	23	22	49
28470	2	13	295	10	314
28471	2	15	6	15	6
28472	2	22	24	23	45
28473	4	15	295	66	624
28474	4	7	18	36	28
28475	2	28	24	20	48
28476	2	18	28	13	56
28477	2	10	28	21	34
28478	2	7	6	8	6
28479	2	29	24	29	47
28480	2	8	23	5	29
28481	2	11	16	14	21
28482	2	16	6	136	13
28483	2	11	26	15	47
28484	2	20	26	40	33
28485	8	25	6	-1	-1
28486	4	14	6	188	18
28487	2	11	16	22	22
28488	2	34	24	38	48
28489	2	24	24	24	47
28490	1	8	16	8	22
28491	2	22	28	24	34
28492	2	22	24	22	44
28493	2	28	16	31	23
28494	2	22	16	26	22
28495	2	8	25	16	31
28496	2	22	24	26	45
28497	2	28	6	435	12
28498	2	52	24	37	29
28499	4	10	19	201	32
28500	4	26	24	378	79
28501	2	29	24	34	40
28502	4	13	24	105	57
28503	2	27	24	29	35
28504	2	31	16	35	22
28505	1	26	28	26	34
28506	4	54	24	780	76
28507	2	15	28	30	35
28508	2	15	15	16	21
28509	2	6	6	12	7
28510	4	23	6	325	13
28511	2	30	24	31	41
28512	2	28	296	22	316
28513	2	10	21	7	24
28514	2	13	24	10	45
28515	2	9	6	12	6
28516	2	16	24	17	31
28517	2	32	24	23	29
28518	2	24	20	32	27
28519	2	23	15	46	22
28520	2	17	296	12	317
28521	4	7	295	21	614
28522	2	21	16	27	23
28523	2	9	28	10	54
28524	2	27	6	31	6
28525	4	22	15	276	26
28526	1	20	28	21	34
28527	2	19	24	23	27
28528	2	53	24	36	30
28529	2	14	24	14	48
28530	2	45	296	36	301
28531	2	56	24	40	28
28532	2	55	24	40	32
28533	2	35	24	26	43
28534	2	51	24	36	34
28535	2	40	26	28	54
28536	2	9	20	18	26
28537	4	9	6	181	14
28538	2	16	27	17	57
28539	4	42	24	465	58
28540	2	31	27	36	34
28541	2	27	6	406	14
28542	1	10	24	10	43
28543	2	28	24	32	29
28544	2	16	24	17	29
28545	2	18	6	17	10
28546	2	14	19	19	25
28547	2	10	20	7	26
28548	2	24	6	32	9
28549	2	9	5	12	5
28550	2	14	28	9	57
28551	4	21	24	298	57
28552	2	19	24	19	32
28553	2	18	6	19	6
28554	2	19	24	20	43
28555	2	8	16	17	22
28556	2	33	296	25	315
28557	2	20	16	26	21
28558	2	30	296	24	300
28559	4	5	6	61	14
28560	2	14	19	14	24
28561	2	28	24	32	43
28562	2	8	6	36	12
28563	2	25	24	29	29
28564	4	16	6	205	12
28565	2	8	18	16	25
28566	2	36	28	25	55
28567	2	20	24	15	43
28568	2	12	6	23	10
28569	2	20	19	23	25
28570	4	28	27	435	84
28571	1	9	28	9	55
28572	2	29	28	34	34
28573	2	9	296	7	313
28574	1	10	6	10	11
28575	4	34	24	778	57
28576	2	20	20	27	41
28577	4	10	20	103	32
28578	2	26	6	30	8
28579	2	8	28	16	34
28580	2	23	27	29	33
28581	2	46	296	38	316
28582	2	34	24	37	29
28583	2	8	16	17	22
28584	2	20	6	40	10
28585	1	6	24	6	33
28586	2	26	24	19	29
28587	2	26	28	29	35
28588	2	9	28	11	33
28589	4	15	24	55	59
28590	4	48	296	777	619
28591	2	10	22	7	46
28592	2	4	25	9	32
28593	1	22	6	23	8
28594	2	33	24	38	44
28595	2	13	16	18	22
28596	1	12	24	12	29
28597	2	29	24	33	44
28598	4	31	24	664	54
28599	2	34	19	45	25
28600	2	15	19	21	25
28601	2	8	16	10	35
28602	2	12	20	10	25
28603	2	22	17	29	23
28604	2	4	20	5	25
28605	4	24	24	378	57
28606	2	12	6	16	7
28607	2	25	20	34	27
28608	2	16	28	21	48
28609	2	10	6	10	8
28610	2	24	18	28	24
28611	4	31	6	625	13
28612	1	14	16	15	22
28613	2	28	24	20	29
28614	2	56	24	40	48
28615	2	32	27	37	57
28616	2	8	15	17	22
28617	2	50	28	36	57
28618	2	23	23	25	27
28619	2	11	292	9	292
28620	2	19	16	24	22
28621	2	32	24	22	33
28622	2	12	15	13	21
28623	2	12	6	12	10
28624	4	3	6	25	13
28625	2	12	24	13	29
28626	1	12	5	12	11
28627	4	14	15	171	40
28628	4	16	6	3876	28
28629	4	16	6	229	13
28630	2	6	6	12	7
28631	2	32	24	37	44
28632	2	20	28	23	34
28633	2	27	6	31	11
28634	2	13	22	8	46
28635	2	12	27	12	33
28636	2	17	23	12	31
28637	2	14	19	10	39
28638	2	24	6	33	6
28639	1	29	28	30	34
28640	2	18	18	17	24
28641	4	31	6	848	13
28642	2	12	28	16	35
28643	2	20	6	21	9
28644	1	14	6	14	6
28645	2	24	6	33	6
28646	4	30	24	253	50
28647	2	29	27	33	34
28648	2	9	19	19	25
28649	2	48	296	39	304
28650	2	30	6	34	7
28651	2	29	20	34	27
28652	2	7	20	14	26
28653	2	32	296	24	352
28654	4	11	18	66	30
28655	2	28	27	37	33
28656	2	24	296	19	300
28657	2	28	20	32	26
28658	4	19	6	275	12
28659	2	7	15	7	19
28660	2	24	24	26	44
28661	2	40	24	28	42
28662	4	22	6	461	14
28663	2	34	16	43	22
28664	2	12	6	16	9
28665	2	18	5	18	5
28666	2	10	27	20	33
28667	2	11	6	12	6
28668	2	22	6	22	9
28669	2	29	24	20	29
28670	2	27	24	31	43
28671	2	20	28	26	48
28672	2	16	5	17	7
28673	2	17	28	21	34
28674	2	35	24	25	43
28675	2	32	24	34	28
28676	4	18	23	276	64
28677	2	45	24	31	43
28678	4	16	6	136	12
28679	2	34	28	38	56
28680	1	9	17	9	21
28681	2	7	20	6	26
28682	2	10	6	13	10
28683	2	28	24	32	45
28684	1	12	19	12	25
28685	4	7	28	28	39
28686	2	6	28	12	34
28687	2	27	27	32	33
28688	8	10	23	210	89
28689	2	12	14	16	19
28690	2	20	25	24	32
28691	2	12	24	78	80
28692	2	28	6	33	6
28693	2	13	16	17	22
28694	2	15	5	12	5
28695	2	15	5	15	5
28696	2	4	23	8	29
28697	2	12	6	16	9
28698	2	14	26	15	53
28699	2	25	24	18	44
28700	2	20	28	28	33
28701	2	31	26	22	55
28702	2	6	6	13	11
28703	2	31	6	39	12
28704	4	31	24	253	59
28705	2	5	6	11	7
28706	2	28	24	29	49
28707	2	32	6	43	7
28708	1	34	6	35	10
28709	2	9	24	45	70
28710	2	8	23	9	46
28711	2	14	16	11	21
28712	2	19	28	24	34
28713	4	44	24	496	64
28714	2	7	6	9	9
28715	2	11	6	22	11
28716	2	26	16	28	22
28717	2	30	6	33	11
28718	2	11	23	8	42
28719	8	26	24	27405	115
28720	2	35	6	45	7
28721	2	19	27	20	55
28722	4	56	24	820	59
28723	2	18	16	24	37
28724	2	2	6	4	10
28725	2	56	24	40	46
28726	2	55	24	39	29
28727	2	8	18	17	25
28728	2	31	24	22	47
28729	2	25	15	34	21
28730	2	33	296	25	306
28731	2	10	19	20	25
28732	4	14	27	120	84
28733	2	20	15	28	21
28734	2	20	20	23	26
28735	1	8	24	8	30
28736	2	6	28	5	34
28737	2	35	28	26	56
28738	2	28	24	29	29
28739	2	22	24	16	43
28740	4	21	6	403	14
28741	4	23	6	1081	13
28742	1	40	18	40	24
28743	2	23	6	23	7
28744	2	17	24	21	35
28745	4	6	6	28	14
28746	2	12	20	11	25
28747	2	35	24	24	29
28748	4	20	6	402	13
28749	2	2	6	4	7
28750	2	19	26	25	46
28751	2	18	6	17	7
28752	4	29	24	523	60
28753	1	22	6	22	8
28754	4	30	24	231	57
28755	2	29	24	33	49
28756	2	25	24	30	47
28757	2	33	23	35	28
28758	8	12	6	14305	29
28759	4	8	20	15	50
28760	2	20	25	28	31
28761	2	9	28	18	34
28762	2	21	27	22	33
28763	8	7	16	686	84
28764	2	22	20	23	26
28765	1	7	19	7	25
28766	2	16	295	12	328
28767	2	14	294	11	296
28768	2	23	15	24	21
28769	4	15	28	105	41
28770	4	10	22	28	55
28771	2	25	27	33	47
28772	4	22	6	298	13
28773	2	4	28	9	34
28774	2	10	6	21	6
28775	4	22	6	346	18
28776	2	15	24	18	46
28777	2	7	6	14	7
28778	4	32	22	661	43
28779	4	22	27	346	85
28780	2	12	16	12	21
28781	2	25	20	34	26
28782	2	18	17	24	23
28783	2	15	28	11	56
28784	2	8	27	16	33
28785	2	15	26	20	33
28786	2	7	6	8	7
28787	2	23	24	24	31
28788	2	18	5	17	11
28789	2	23	19	27	25
28790	2	47	296	34	315
28791	2	27	28	32	34
28792	2	29	6	35	11
28793	2	30	27	30	56
28794	2	37	24	26	31
28795	4	24	16	528	42
28796	2	32	24	36	35
28797	4	7	5	36	11
28798	2	34	24	38	33
28799	2	28	6	435	12
28800	4	35	24	325	57
28801	4	15	6	78	12
28802	2	37	24	26	31
28803	2	27	24	28	45
28804	2	24	28	33	33
28805	4	31	16	808	27
28806	2	50	24	35	34
28807	4	14	25	66	38
28808	2	10	6	21	10
28809	2	28	296	22	302
28810	2	17	27	13	54
28811	4	11	6	243	14
28812	2	22	27	23	33
28813	4	7	24	210	114
28814	1	6	16	6	21
28815	2	31	28	37	33
28816	2	19	26	26	32
28817	2	15	17	15	23
28818	2	16	24	17	45
28819	2	11	6	78	12
28820	2	24	20	26	25
28821	2	35	6	45	12
28822	2	29	24	30	29
28823	2	2	18	5	24
28824	2	12	6	16	10
28825	2	18	6	22	6
28826	2	24	19	32	25
28827	2	13	25	14	52
28828	1	4	20	4	26
28829	2	18	24	19	34
28830	2	37	296	29	316
28831	4	13	6	119	12
28832	2	24	6	28	6
28833	2	17	27	17	32
28834	1	23	6	24	6
28835	2	12	28	25	35
28836	1	26	18	26	24
28837	2	22	6	28	6
28838	2	29	24	32	49
28839	2	7	16	9	19
28840	2	11	16	14	35
28841	2	56	24	40	30
28842	4	29	28	556	83
28843	2	3	18	7	23
28844	2	22	25	16	54
28845	2	31	15	40	22
28846	4	7	26	44	40
28847	4	10	24	36	71
28848	2	15	6	15	6
28849	4	26	24	190	58
28850	2	20	24	21	29
28851	1	24	16	22	22
28852	2	3	28	6	33
28853	2	29	6	34	6
28854	1	12	6	12	5
28855	2	5	16	10	21
28856	2	4	13	5	24
28857	2	32	296	26	302
28858	2	25	24	18	34
28859	1	9	24	9	28
28860	1	9	24	9	46
28861	4	18	6	190	11
28862	4	11	6	265	14
28863	2	9	15	10	20
28864	2	7	23	5	44
28865	4	7	16	45	40
28866	2	12	20	16	25
28867	2	11	16	14	34
28868	2	36	24	41	29
28869	2	17	20	22	25
28870	1	14	5	14	6
28871	2	11	6	23	7
28872	2	15	6	19	10
28873	2	26	6	34	6
28874	2	10	5	8	5
28875	2	10	23	8	30
28876	4	28	23	210	55
28877	2	34	28	39	56
28878	2	9	6	11	6
28879	2	21	24	15	26
28880	2	17	27	21	51
28881	2	45	25	32	53
28882	4	21	24	231	59
28883	2	19	26	20	52
28884	2	32	24	36	48
28885	2	26	20	29	26
28886	2	12	24	78	72
28887	2	18	26	24	47
28888	2	4	16	5	21
28889	2	32	24	33	30
28890	2	30	26	33	55
28891	2	5	6	11	6
28892	1	22	15	22	21
28893	1	10	24	10	45
28894	2	12	28	24	35
28895	2	18	19	24	25
28896	2	52	24	37	34
28897	4	18	24	190	56
28898	4	16	19	78	48
28899	2	6	27	5	32
28900	2	13	6	13	9
28901	4	33	6	933	13
28902	2	6	5	7	9
28903	2	25	24	25	42
28904	2	22	6	24	10
28905	1	10	5	10	11
28906	2	22	6	25	10
28907	2	20	28	27	33
28908	2	14	6	18	6
28909	2	6	16	13	22
28910	2	4	16	6	20
28911	2	27	24	28	29
28912	2	32	24	35	44
28913	1	6	6	7	6
28914	2	25	296	18	306
28915	2	34	24	39	30
28916	2	10	24	7	30
28917	2	12	6	25	7
28918	4	11	6	243	14
28919	2	37	24	26	45
28920	4	34	24	778	55
28921	4	23	24	346	59
28922	2	35	23	39	29
28923	4	42	24	435	57
28924	1	16	20	14	26
28925	4	19	6	297	13
28926	4	34	24	778	72
28927	2	13	296	10	315
28928	1	6	24	6	47
28929	4	33	6	816	13
28930	2	16	296	12	301
28931	2	8	20	16	25
28932	2	22	6	25	11
28933	2	12	20	11	25
28934	2	18	28	24	49
28935	2	20	24	14	48
28936	4	5	6	27	16
28937	4	39	24	378	58
28938	2	8	23	5	48
28939	1	16	12	16	19
28940	4	5	14	21	38
28941	2	17	6	21	12
28942	4	26	25	434	84
28943	4	12	6	91	12
28944	2	8	6	17	9
28945	2	23	16	29	21
28946	2	13	16	17	36
28947	2	26	6	26	6
28948	2	10	6	13	6
28949	4	14	5	55	12
28950	4	13	24	55	58
28951	2	14	24	17	40
28952	2	24	296	19	314
28953	2	6	6	21	18
28954	8	11	5	715	25
28955	4	8	6	145	19
28956	2	26	28	19	56
28957	2	37	296	28	299
28958	2	22	16	30	34
28959	2	8	6	17	7
28960	2	14	19	14	24
28961	2	53	24	37	48
28962	2	12	16	15	21
28963	2	27	24	30	42
28964	2	25	15	26	22
28965	2	23	6	26	12
28966	4	24	28	401	88
28967	2	11	24	10	34
28968	2	28	6	31	6
28969	4	22	6	253	13
28970	4	18	16	300	43
28971	4	34	24	700	57
28972	2	6	28	13	34
28973	2	27	24	31	26
28974	2	19	27	26	32
28975	1	11	20	12	25
28976	4	38	24	378	58
28977	2	23	16	30	35
28978	2	21	24	15	32
28979	2	30	24	22	49
28980	4	12	6	266	19
28981	4	22	24	253	75
28982	4	11	27	66	36
28983	2	13	28	17	34
28984	2	7	20	15	26
28985	2	43	24	31	34
28986	2	30	27	34	33
28987	2	24	28	28	57
28988	2	22	296	17	303
28989	1	16	19	16	24
28990	2	32	24	42	30
28991	1	20	20	20	26
28992	4	18	24	228	56
28993	4	37	296	433	602
28994	2	27	24	28	30
28995	8	29	296	12650	1204
28996	4	15	27	169	40
28997	2	4	16	8	22
28998	2	36	24	25	48
28999	2	11	296	9	308
29000	2	29	14	39	20
29001	2	18	24	18	30
29002	2	14	16	19	22
29003	4	5	6	61	14
29004	2	22	6	253	13
29005	2	12	24	13	42
29006	4	3	6	25	12
29007	2	42	24	29	29
29008	4	30	6	590	13
29009	4	24	16	528	42
29010	4	10	5	88	11
29011	2	27	28	30	56
29012	4	16	15	528	28
29013	4	21	24	231	56
29014	2	22	24	25	48
29015	2	34	13	44	20
29016	2	12	20	24	27
29017	2	34	23	24	33
29018	4	5	6	51	19
29019	2	23	20	28	26
29020	2	8	28	6	56
29021	2	4	6	8	11
29022	2	12	6	24	7
29023	2	36	24	41	46
29024	4	18	16	300	39
29025	4	22	24	346	56
29026	4	16	20	136	31
29027	4	16	16	210	55
29028	2	21	24	24	43
29029	4	8	15	66	37
29030	2	21	24	22	44
29031	2	9	24	10	43
29032	8	32	24	14950	118
29033	2	25	16	33	25
29034	2	21	16	42	23
29035	4	33	24	739	57
29036	4	14	10	105	22
29037	2	21	16	27	25
29038	2	19	28	23	54
29039	4	19	6	271	13
29040	2	25	24	26	48
29041	2	22	24	26	27
29042	2	26	24	19	35
29043	2	32	28	43	34
29044	2	13	293	9	324
29045	4	8	6	145	14
29046	2	14	20	17	26
29047	2	24	24	23	45
29048	2	22	28	23	34
29049	1	16	15	14	21
29050	2	22	24	23	33
29051	2	34	24	39	46
29052	2	25	24	27	32
29053	2	4	6	8	12
29054	1	12	15	12	20
29055	2	7	20	15	25
29056	2	12	20	16	39
29057	8	48	24	-1	-1
29058	2	8	6	9	6
29059	1	22	16	22	22
29060	4	6	6	73	13
29061	1	6	27	4	32
29062	2	8	20	9	25
29063	1	16	25	16	31
29064	2	18	296	12	322
29065	2	16	24	16	45
29066	4	17	20	229	32
29067	2	38	296	31	314
29068	2	14	20	18	26
29069	1	26	6	26	11
29070	2	12	294	9	315
29071	2	18	23	21	38
29072	2	27	24	31	48
29073	2	14	6	18	12
29074	2	11	24	10	29
29075	2	18	24	12	48
29076	2	31	28	22	57
29077	4	17	6	273	17
29078	2	7	24	28	57
29079	4	23	24	136	58
29080	2	11	22	11	27
29081	2	16	6	16	6
29082	2	7	16	7	22
29083	2	9	6	18	6
29084	2	11	24	8	32
29085	2	5	28	7	33
29086	2	4	18	9	23
29087	2	14	6	105	14
29088	2	25	6	31	6
29089	2	27	6	33	6
29090	2	28	6	32	7
29091	2	24	296	18	318
29092	1	6	24	6	41
29093	2	25	24	27	44
29094	2	9	24	19	30
29095	2	9	15	18	21
29096	4	12	20	135	33
29097	2	28	6	33	12
29098	2	23	24	27	29
29099	2	44	24	32	32
29100	2	11	21	9	45
29101	2	22	23	26	27
29102	2	21	24	22	29
29103	2	13	27	13	55
29104	8	24	6	-1	-1
29105	2	6	6	7	10
29106	2	7	10	8	15
29107	4	33	296	324	617
29108	2	8	5	10	10
29109	2	23	20	46	27
29110	2	22	295	17	312
29111	2	12	27	12	32
29112	2	13	24	14	31
29113	2	29	27	34	33
29114	2	28	24	32	47
29115	2	22	19	29	40
29116	2	9	16	11	24
29117	2	17	28	12	57
29118	4	18	20	253	61
29119	4	13	26	314	39
29120	2	8	24	9	27
29121	2	15	6	20	10
29122	2	42	24	30	34
29123	4	18	6	190	13
29124	2	11	24	12	40
29125	2	35	28	25	56
29126	2	28	6	38	6
29127	2	23	25	30	46
29128	2	27	6	35	11
29129	4	35	23	899	64
29130	2	13	6	17	7
29131	2	8	16	11	25
29132	2	20	24	22	52
29133	2	11	20	14	40
29134	2	19	6	23	7
29135	2	19	296	15	316
29136	2	9	6	9	11
29137	2	31	6	38	9
29138	2	4	26	5	31
29139	4	19	24	91	56
29140	2	18	6	16	6
29141	2	31	24	33	42
29142	4	21	23	105	57
29143	4	15	6	208	12
29144	2	32	296	25	321
29145	2	15	28	16	56
29146	4	11	16	243	29
29147	2	20	16	27	25
29148	2	8	6	10	11
29149	2	23	6	25	6
29150	2	26	24	19	46
29151	2	23	18	24	24
29152	4	15	24	136	55
29153	2	8	5	10	9
29154	2	18	12	171	26
29155	2	32	24	32	29
29156	2	16	27	16	32
29157	4	12	6	134	14
29158	4	18	6	251	13
29159	2	22	6	29	7
29160	4	10	6	221	14
29161	4	5	6	21	12
29162	2	49	24	36	34
29163	4	10	6	90	14
29164	8	11	6	11969	29
29165	2	35	27	25	54
29166	2	31	19	36	25
29167	2	33	24	35	35
29168	2	6	16	12	22
29169	2	15	16	20	25
29170	2	12	16	16	22
29171	2	18	28	22	33
29172	2	15	6	16	6
29173	2	26	24	31	45
29174	4	22	24	120	51
29175	2	25	15	30	21
29176	4	12	16	105	41
29177	2	16	16	13	21
29178	2	30	20	37	26
29179	2	30	28	38	34
29180	2	33	28	23	57
29181	2	56	24	40	44
29182	4	12	28	117	41
29183	4	10	24	66	55
29184	2	16	24	17	29
29185	2	17	16	23	21
29186	2	30	27	34	33
29187	1	22	27	22	33
29188	4	3	16	10	39
29189	4	15	20	120	31
29190	2	42	24	30	45
29191	2	16	28	17	57
29192	2	21	296	16	321
29193	2	45	296	36	305
29194	2	8	17	11	38
29195	2	25	24	26	27
29196	2	19	16	26	36
29197	2	7	14	7	19
29198	2	25	6	29	6
29199	4	20	28	295	86
29200	2	8	26	17	32
29201	4	20	6	210	16
29202	4	28	25	462	82
29203	4	35	24	325	58
29204	2	27	23	19	42
29205	4	31	295	299	599
29206	4	53	24	741	59
29207	4	22	6	350	13
29208	2	25	16	30	22
29209	4	12	16	136	42
29210	2	23	12	31	19
29211	4	37	296	405	603
29212	4	22	16	461	29
29213	2	17	296	12	314
29214	2	34	20	43	26
29215	2	7	16	9	20
29216	2	25	28	25	56
29217	2	5	16	11	22
29218	2	20	6	231	17
29219	2	14	17	19	38
29220	4	5	5	61	11
29221	2	24	28	27	54
29222	2	18	23	12	30
29223	4	15	6	228	12
29224	1	24	6	24	6
29225	4	45	26	528	83
29226	1	20	6	20	10
29227	2	2	28	4	32
29228	1	24	6	24	6
29229	4	19	16	325	42
29230	2	27	24	29	48
29231	2	7	24	5	24
29232	2	15	24	16	28
29233	2	8	27	17	33
29234	1	10	24	10	28
29235	2	15	20	20	25
29236	2	43	24	30	29
29237	2	22	28	22	34
29238	2	9	6	12	11
29239	4	22	23	346	53
29240	1	6	6	6	6
29241	4	5	6	51	13
29242	2	8	27	16	33
29243	2	7	15	10	34
29244	2	9	28	9	33
29245	4	33	296	376	621
29246	2	11	15	11	20
29247	4	20	6	276	13
29248	2	19	18	25	38
29249	2	24	24	25	28
29250	2	8	16	17	22
29251	2	18	24	19	44
29252	2	13	24	10	48
29253	4	7	5	36	11
29254	2	29	28	39	33
29255	2	18	6	15	11
29256	2	12	27	16	33
29257	4	23	28	276	41
29258	2	29	6	34	7
29259	2	17	23	17	26
29260	2	12	24	78	59
29261	8	22	16	35386	86
29262	2	27	24	28	45
29263	2	32	24	37	48
29264	4	7	6	113	14
29265	4	9	6	54	11
29266	2	15	24	19	42
29267	4	10	16	90	27
29268	2	13	27	10	32
29269	2	20	6	27	11
29270	2	19	16	25	21
29271	2	18	16	22	22
29272	2	20	24	14	44
29273	4	18	28	91	78
29274	2	13	6	12	7
29275	2	12	6	16	7
29276	2	12	24	78	59
29277	4	34	24	778	58
29278	2	27	24	31	24
29279	4	22	23	323	51
29280	2	24	6	300	12
29281	2	6	28	13	34
29282	2	29	27	20	55
29283	2	17	6	14	6
29284	4	10	6	221	14
29285	2	54	24	39	48
29286	2	28	6	36	7
29287	4	14	6	91	13
29288	2	14	6	18	6
29289	2	33	16	41	23
29290	2	5	28	6	48
29291	2	3	6	7	6
29292	2	5	5	9	6
29293	2	19	6	25	11
29294	4	29	23	231	58
29295	2	13	28	25	34
29296	2	18	24	13	30
29297	2	21	24	21	44
29298	4	15	26	136	84
29299	2	21	18	28	24
29300	2	7	26	15	33
29301	1	11	24	11	28
29302	2	19	6	22	10
29303	2	23	19	27	25
29304	2	29	24	32	31
29305	2	35	24	26	39
29306	4	7	6	99	14
29307	1	6	24	6	45
29308	2	17	24	13	34
29309	2	12	6	24	11
29310	2	16	24	12	29
29311	2	8	6	17	8
29312	2	8	20	36	32
29313	2	28	27	34	33
29314	2	29	11	34	18
29315	2	8	5	6	5
29316	8	12	6	1365	26
29317	2	26	6	30	7
29318	2	10	28	13	34
29319	2	29	24	33	32
29320	2	11	24	10	35
29321	4	55	24	780	75
29322	2	46	24	33	29
29323	1	6	23	6	26
29324	2	42	24	30	48
29325	1	4	5	4	4
29326	2	32	24	33	32
29327	4	15	6	465	13
29328	2	3	23	7	29
29329	2	10	26	55	84
29330	2	25	6	30	9
29331	2	30	14	38	20
29332	4	25	6	489	13
29333	2	27	14	31	20
29334	2	12	16	16	21
29335	2	25	15	29	22
29336	4	52	24	703	58
29337	4	22	6	12650	29
29338	2	33	28	24	57
29339	2	22	6	30	6
29340	1	5	6	6	6
29341	2	21	6	25	6
29342	4	46	24	528	59
29343	4	15	24	136	55
29344	2	7	28	9	44
29345	2	15	24	18	29
29346	2	15	24	19	24
29347	2	10	6	21	11
29348	2	33	25	38	54
29349	2	9	24	6	45
29350	2	8	5	5	7
29351	2	31	6	40	11
29352	4	18	6	171	12
29353	2	17	16	23	36
29354	2	48	296	38	301
29355	8	52	24	-1	-1
29356	2	26	6	35	7
29357	4	22	6	325	12
29358	2	16	16	21	22
29359	2	17	24	18	33
29360	2	9	28	12	34
29361	2	10	6	20	10
29362	2	8	295	6	315
29363	4	25	6	591	13
29364	2	28	28	30	55
29365	2	11	6	22	11
29366	2	7	24	28	57
29367	2	15	6	30	9
29368	2	27	18	35	24
29369	8	22	6	17479	26
29370	2	15	18	20	24
29371	2	7	28	14	34
29372	4	22	16	435	43
29373	2	8	27	16	33
29374	4	7	24	15	54
29375	4	38	24	378	58
29376	2	18	19	18	25
29377	4	15	16	210	43
29378	2	11	6	23	6
29379	2	10	20	13	26
29380	2	5	16	11	22
29381	2	24	6	24	11
29382	4	19	16	271	29
29383	2	27	25	35	31
29384	4	22	6	323	11
29385	4	23	6	299	14
29386	2	14	16	18	21
29387	2	20	28	21	55
29388	4	16	24	66	57
29389	2	9	25	11	31
29390	4	29	27	623	39
29391	4	5	6	27	12
29392	2	20	16	28	21
29393	2	22	23	16	25
29394	2	8	16	10	24
29395	2	22	15	30	21
29396	2	24	24	28	47
29397	1	14	6	14	11
29398	2	4	6	8	7
29399	2	11	27	14	33
29400	4	8	20	63	32
29401	2	4	5	10	11
29402	2	5	20	10	27
29403	4	33	15	893	28
29404	2	10	23	8	43
29405	1	4	28	4	33
29406	2	49	24	35	53
29407	4	21	18	324	30
29408	2	18	296	13	297
29409	2	3	16	4	35
29410	2	32	296	26	326
29411	1	5	20	6	25
29412	2	24	6	300	14
29413	2	18	6	15	7
29414	1	4	15	4	20
29415	8	32	24	-1	-1
29416	4	22	15	346	28
29417	4	32	6	776	13
29418	1	22	19	22	25
29419	2	22	24	23	42
29420	4	54	24	780	75
29421	2	49	24	36	45
29422	2	14	20	19	40
29423	4	25	6	430	13
29424	2	24	14	32	21
29425	4	34	24	778	59
29426	2	26	24	27	44
29427	2	10	27	9	31
29428	2	41	24	29	35
29429	4	29	24	210	59
29430	4	28	296	230	597
29431	2	21	27	27	32
29432	2	7	5	7	8
29433	4	24	24	153	59
29434	8	19	24	2380	112
29435	2	11	16	15	38
29436	4	10	6	66	12
29437	4	50	24	666	58
29438	1	18	19	18	25
29439	2	6	16	8	35
29440	2	6	5	5	8
29441	4	11	22	55	58
29442	2	28	24	29	42
29443	1	5	24	5	24
29444	4	18	18	248	35
29445	2	34	6	43	10
29446	2	24	25	33	31
29447	2	25	24	28	45
29448	4	51	24	703	58
29449	4	4	6	15	12
29450	2	28	16	32	22
29451	2	9	6	9	8
29452	2	15	20	20	38
29453	2	39	24	28	29
29454	2	10	16	8	22
29455	4	2	6	13	11
29456	1	12	6	12	6
29457	2	12	27	8	54
29458	4	10	25	201	39
29459	4	10	6	330	29
29460	4	33	6	850	12
29461	2	17	6	14	6
29462	2	22	6	21	11
29463	4	16	6	228	13
29464	2	21	18	21	24
29465	8	19	24	7315	116
29466	2	30	24	22	31
29467	2	6	6	9	10
29468	4	32	6	811	13
29469	2	34	27	35	54
29470	2	9	16	12	22
29471	2	25	24	25	44
29472	2	7	27	15	33
29473	2	20	16	27	22
29474	2	19	18	20	37
29475	4	21	24	300	78
29476	2	25	6	26	7
29477	2	30	15	33	22
29478	2	33	24	37	30
29479	2	4	15	5	20
29480	2	45	296	35	301
29481	1	20	28	20	34
29482	2	28	24	32	49
29483	2	7	15	10	34
29484	2	25	6	30	12
29485	1	4	5	4	10
29486	2	23	24	24	47
29487	2	40	24	28	34
29488	2	19	27	22	33
29489	2	14	5	17	11
29490	1	4	19	4	24
29491	4	14	6	66	17
29492	1	11	23	11	26
29493	2	21	16	20	21
29494	2	10	17	13	37
29495	2	23	6	22	6
29496	4	22	24	346	57
29497	2	5	19	11	25
29498	2	18	16	17	22
29499	4	9	16	78	42
29500	4	40	23	406	56
29501	1	16	19	16	24
29502	2	18	6	171	14
29503	1	16	19	16	24
29504	1	6	5	6	7
29505	2	7	5	7	9
29506	4	53	24	703	74
29507	2	25	17	34	22
29508	2	20	16	24	22
29509	2	35	24	25	31
29510	2	33	27	37	56
29511	2	4	6	9	6
29512	2	21	24	22	42
29513	2	30	14	36	20
29514	2	32	24	32	46
29515	4	4	5	41	12
29516	2	10	23	6	28
29517	2	31	27	38	33
29518	1	8	23	8	46
29519	2	30	24	34	44
29520	2	20	16	24	22
29521	2	10	27	20	34
29522	4	14	16	171	42
29523	2	17	27	20	33
29524	2	11	6	23	12
29525	4	9	6	146	13
29526	2	9	6	12	11
29527	2	35	24	25	33
29528	8	16	295	1365	1197
29529	2	27	6	35	6
29530	2	7	15	15	21
29531	2	9	6	7	6
29532	2	4	27	8	31
29533	2	20	16	28	22
29534	2	15	6	15	11
29535	2	9	20	12	25
29536	2	34	28	39	58
29537	2	24	6	28	9
29538	2	15	6	21	6
29539	2	7	28	15	34
29540	2	31	24	32	31
29541	2	3	6	7	6
29542	2	7	24	5	28
29543	2	31	20	39	26
29544	2	5	14	10	20
29545	2	43	24	31	41
29546	4	11	6	66	19
29547	2	10	16	14	21
29548	4	28	296	230	602
29549	4	18	6	248	12
29550	2	18	28	24	49
29551	1	28	6	29	6
29552	2	8	20	17	26
29553	2	5	28	9	34
29554	2	14	6	17	10
29555	2	5	5	6	7
29556	2	35	296	28	326
29557	2	30	296	25	314
29558	2	34	28	36	56
29559	2	10	16	13	35
29560	2	10	22	7	41
29561	2	5	16	10	21
29562	2	24	15	33	21
29563	2	44	296	34	315
29564	1	7	24	7	45
29565	2	27	23	31	46
29566	2	20	5	24	10
29567	2	48	24	34	45
29568	8	5	6	681	30
29569	2	9	24	8	48
29570	2	2	6	4	11
29571	2	27	24	28	32
29572	2	10	20	14	25
29573	4	26	6	460	12
29574	2	23	24	16	47
29575	1	10	27	10	34
29576	4	21	24	253	56
29577	4	32	16	701	29
29578	4	25	24	171	58
29579	4	7	16	45	41
29580	2	48	296	38	330
29581	2	10	20	14	25
29582	2	30	24	34	33
29583	2	14	24	17	24
29584	2	19	15	23	21
29585	2	12	6	25	7
29586	2	23	24	23	44
29587	4	20	6	375	14
29588	2	30	23	21	28
29589	4	13	6	152	12
29590	4	36	24	703	49
29591	4	8	24	21	47
29592	2	17	16	21	22
29593	2	44	28	30	57
29594	2	33	6	41	6
29595	4	9	6	77	12
29596	2	23	27	24	56
29597	2	8	20	5	25
29598	2	19	24	21	49
29599	2	19	19	16	25
29600	4	14	24	133	56
29601	2	13	19	26	25
29602	1	19	28	20	34
29603	2	7	13	11	19
29604	1	8	20	8	25
29605	2	11	22	11	22
29606	2	30	6	36	12
29607	2	14	24	14	28
29608	1	8	6	8	6
29609	2	14	28	13	34
29610	4	10	23	28	45
29611	2	26	24	19	30
29612	2	22	18	26	24
29613	2	13	26	14	32
29614	4	23	24	300	58
29615	4	19	6	348	13
29616	2	20	24	19	29
29617	2	21	26	21	55
29618	2	29	24	21	44
29619	2	24	26	30	31
29620	4	21	22	253	35
29621	2	17	6	34	10
29622	2	26	19	35	25
29623	2	46	24	32	32
29624	2	33	24	36	46
29625	2	14	5	11	7
29626	2	10	19	14	25
29627	2	9	20	12	26
29628	2	6	19	12	25
29629	2	15	24	16	44
29630	2	24	20	33	26
29631	2	48	296	38	326
29632	2	16	13	13	19
29633	2	11	292	8	312
29634	2	5	22	15	68
29635	2	2	20	5	25
29636	4	7	28	113	39
29637	2	17	24	17	32
29638	2	30	24	22	45
29639	2	37	296	29	325
29640	1	18	16	18	22
29641	2	48	26	35	54
29642	2	15	16	20	34
29643	4	20	6	295	13
29644	2	15	23	15	28
29645	2	45	24	31	43
29646	2	20	15	28	21
29647	4	19	6	322	13
29648	4	9	6	171	14
29649	4	30	24	231	58
29650	1	30	28	31	35
29651	2	53	24	36	32
29652	4	9	6	45	12
29653	2	19	5	19	6
29654	2	35	23	40	31
29655	4	20	6	295	12
29656	2	10	22	55	53
29657	4	4	6	33	12
29658	2	21	24	15	34
29659	1	4	27	4	33
29660	2	23	23	26	27
29661	1	16	6	16	8
29662	2	14	20	17	26
29663	2	26	24	29	33
29664	2	29	24	33	46
29665	2	24	28	28	56
29666	2	7	23	6	28
29667	2	51	296	40	301
29668	1	20	15	20	21
29669	2	3	26	6	32
29670	2	10	19	20	25
29671	1	10	24	10	31
29672	4	15	24	66	57
29673	4	9	6	21	12
29674	2	14	20	15	25
29675	2	14	296	11	329
29676	2	13	24	9	44
29677	2	24	16	31	37
29678	4	12	6	135	12
29679	4	3	18	19	32
29680	1	18	20	18	26
29681	4	14	6	166	12
29682	4	7	14	55	38
29683	1	25	16	26	22
29684	8	11	16	2974	80
29685	2	5	6	11	7
29686	2	11	24	10	45
29687	2	29	27	34	33
29688	2	7	13	6	19
29689	2	7	24	8	29
29690	1	22	26	22	32
29691	2	39	296	31	300
29692	2	23	24	16	45
29693	2	29	6	35	10
29694	2	5	14	10	19
29695	4	24	6	492	13
29696	1	20	6	20	6
29697	2	40	24	29	29
29698	2	20	19	23	25
29699	2	30	28	38	34
29700	2	18	28	17	57
29701	4	36	24	775	60
29702	2	6	16	8	21
29703	2	20	6	18	6
29704	2	10	6	13	6
29705	2	13	20	15	26
29706	2	7	15	8	20
29707	2	4	28	8	34
29708	1	10	28	10	34
29709	2	34	27	39	55
29710	2	17	24	18	30
29711	2	7	6	14	6
29712	2	6	6	12	7
29713	4	25	6	463	13
29714	2	16	28	16	33
29715	2	31	6	36	6
29716	4	17	15	273	25
29717	8	11	16	2339	83
29718	2	15	15	19	19
29719	4	31	6	808	12
29720	4	30	6	730	13
29721	2	28	24	29	33
29722	2	18	6	17	11
29723	2	13	20	12	25
29724	4	21	16	406	41
29725	2	15	27	11	51
29726	2	31	19	35	25
29727	2	32	6	42	11
29728	2	23	24	26	32
29729	2	21	15	21	21
29730	2	17	27	18	32
29731	2	26	28	35	34
29732	2	17	20	23	26
29733	2	12	24	11	33
29734	2	10	27	20	33
29735	2	9	18	18	24
29736	8	46	24	-1	-1
29737	2	8	27	8	33
29738	2	20	16	20	22
29739	2	31	24	33	27
29740	2	18	6	171	14
29741	2	3	27	6	33
29742	4	5	6	27	12
29743	1	11	5	12	8
29744	4	7	15	36	41
29745	2	22	20	29	41
29746	2	31	24	33	47
29747	2	31	28	36	56
29748	4	33	6	933	13
29749	2	15	294	11	317
29750	2	21	24	23	49
29751	2	15	6	17	11
29752	1	10	6	10	11
29753	2	24	6	29	7
29754	2	28	6	36	6
29755	2	19	25	25	45
29756	2	22	24	25	32
29757	4	7	5	28	12
29758	2	29	28	33	54
29759	2	21	16	27	34
29760	4	14	19	45	46
29761	2	15	14	20	21
29762	2	8	294	6	315
29763	1	17	6	18	6
29764	2	21	24	22	45
29765	2	17	27	18	33
29766	2	33	28	23	57
29767	2	45	24	31	44
29768	4	34	24	778	56
29769	4	7	6	113	13
29770	2	13	24	9	48
29771	2	12	6	16	6
29772	2	14	26	17	32
29773	2	5	27	11	33
29774	1	9	24	9	29
29775	2	34	27	39	55
29776	2	46	24	32	46
29777	2	6	16	13	22
29778	2	12	26	15	31
29779	4	30	296	299	615
29780	4	4	6	41	12
29781	4	11	6	66	17
29782	4	30	24	590	55
29783	4	16	23	205	53
29784	1	14	28	15	33
29785	2	9	6	12	9
29786	4	16	19	231	60
29787	2	26	24	31	44
29788	2	14	295	10	314
29789	4	4	28	33	41
29790	2	46	24	33	47
29791	2	10	23	13	43
29792	4	29	24	556	58
29793	2	18	18	24	39
29794	4	19	6	190	13
29795	2	28	24	29	29
29796	2	10	6	9	6
29797	2	10	5	11	9
29798	2	31	13	34	18
29799	2	44	296	35	300
29800	2	22	24	22	29
29801	4	41	24	435	59
29802	2	4	16	9	22
29803	2	35	24	25	45
29804	2	24	6	28	6
29805	4	3	6	19	12
29806	2	34	24	36	43
29807	2	11	22	9	39
29808	4	13	16	153	57
29809	4	2	6	13	12
29810	1	22	6	22	6
29811	2	13	16	18	21
29812	2	11	296	8	296
29813	2	23	24	16	47
29814	2	4	15	5	22
29815	4	57	24	861	59
29816	2	16	6	136	13
29817	4	14	6	188	13
29818	2	9	16	10	22
29819	2	27	27	30	55
29820	2	16	20	18	25
29821	2	21	24	21	30
29822	4	18	26	136	84
29823	2	50	24	35	43
29824	2	21	24	24	33
29825	2	22	15	30	21
29826	2	27	296	21	329
29827	4	22	23	461	36
29828	2	6	6	7	8
29829	2	48	24	35	29
29830	4	29	6	496	12
29831	2	9	15	11	20
29832	2	23	6	27	7
29833	2	30	296	23	299
29834	2	15	5	12	7
29835	4	23	24	373	58
29836	4	24	16	465	45
29837	2	10	21	7	25
29838	1	20	13	20	19
29839	2	25	24	18	32
29840	1	10	19	10	25
29841	2	16	6	136	13
29842	2	22	6	253	13
29843	2	11	6	14	6
29844	8	29	23	-1	-1
29845	4	28	23	523	55
29846	2	11	16	11	21
29847	2	14	28	17	51
29848	2	9	16	12	21
29849	2	18	14	21	19
29850	2	28	23	32	41
29851	4	12	16	136	39
29852	2	42	296	33	318
29853	2	10	15	20	22
29854	1	7	24	7	50
29855	4	5	6	51	12
29856	8	11	6	2275	27
29857	2	56	24	39	29
29858	2	22	16	28	22
29859	2	30	28	35	54
29860	2	21	6	26	11
29861	1	11	24	11	41
29862	1	20	6	20	8
29863	2	24	6	28	7
29864	8	22	6	12650	28
29865	2	25	24	25	28
29866	8	15	24	3060	104
29867	2	24	24	25	45
29868	2	22	6	21	9
29869	2	4	16	7	22
29870	4	32	28	701	84
29871	2	30	23	34	25
29872	2	45	24	33	44
29873	8	19	6	7315	26
29874	2	22	27	16	57
29875	2	19	296	14	328
29876	2	5	5	6	6
29877	2	13	28	10	34
29878	2	26	6	27	7
29879	4	30	6	560	14
29880	2	8	5	9	10
29881	1	28	6	29	11
29882	2	24	296	19	320
29883	1	10	24	10	28
29884	2	12	6	25	12
29885	1	18	6	18	6
29886	2	18	296	13	329
29887	2	8	26	36	37
29888	2	7	6	14	12
29889	2	8	16	5	20
29890	2	19	20	24	26
29891	2	2	20	5	26
29892	2	5	18	6	38
29893	4	27	6	555	13
29894	2	3	6	7	7
29895	2	21	24	16	43
29896	2	8	19	10	25
29897	2	19	6	210	12
29898	2	32	6	561	15
29899	4	37	24	351	58
29900	2	34	24	39	46
29901	2	54	24	39	45
29902	4	2	5	13	12
29903	2	32	27	37	33
29904	4	10	6	88	13
29905	2	9	6	18	10
29906	4	5	6	61	18
29907	1	14	14	14	20
29908	4	18	24	91	58
29909	4	6	6	85	14
29910	1	24	6	24	11
29911	2	10	16	21	22
29912	2	15	18	30	25
29913	4	23	20	493	33
29914	2	25	28	28	56
29915	2	14	6	120	12
29916	4	18	5	210	13
29917	2	9	15	19	22
29918	2	12	23	8	33
29919	2	32	26	32	55
29920	2	33	24	36	48
29921	4	18	24	78	71
29922	2	27	24	28	47
29923	4	24	24	401	58
29924	2	25	24	18	30
29925	2	27	28	31	34
29926	2	25	296	20	301
29927	2	8	13	16	19
29928	2	11	19	23	25
29929	4	20	24	210	56
29930	2	31	24	34	29
29931	2	22	6	21	10
29932	1	6	24	6	48
29933	2	21	25	27	31
29934	2	3	15	5	20
29935	4	18	6	322	13
29936	2	12	6	25	9
29937	2	19	6	19	9
29938	1	13	20	13	25
29939	4	19	6	190	12
29940	4	11	6	243	13
29941	2	10	27	20	33
29942	2	6	6	13	12
29943	2	19	6	23	11
29944	4	14	18	169	30
29945	2	16	15	136	26
29946	2	10	20	11	25
29947	2	14	6	19	8
29948	4	5	16	28	42
29949	2	6	16	7	21
29950	4	22	296	153	603
29951	2	22	6	30	10
29952	2	19	28	13	53
29953	2	4	16	7	22
29954	4	28	295	230	625
29955	2	26	27	34	33
29956	2	13	6	15	6
29957	4	18	6	248	13
29958	2	34	26	36	54
29959	4	54	28	741	86
29960	1	7	24	7	28
29961	2	17	5	14	8
29962	4	25	24	406	59
29963	2	6	20	12	26
29964	2	22	24	26	45
29965	4	10	22	28	43
29966	8	20	6	16170	25
29967	4	29	6	729	13
29968	2	13	24	91	57
29969	2	23	16	30	36
29970	4	8	16	55	56
29971	2	4	24	8	30
29972	2	15	16	20	37
29973	2	41	28	29	55
29974	2	17	18	23	24
29975	2	3	27	7	33
29976	2	14	6	11	9
29977	4	16	23	66	53
29978	2	16	6	16	6
29979	2	9	17	11	22
29980	4	5	23	70	97
29981	2	33	24	24	34
29982	2	15	16	20	35
29983	2	30	295	23	302
29984	2	7	19	9	24
29985	2	9	15	12	20
29986	2	18	24	19	25
29987	4	26	24	351	59
29988	2	12	20	16	27
29989	2	10	24	7	29
29990	4	4	15	15	27
29991	2	24	24	18	42
29992	2	32	14	38	20
29993	2	6	6	13	6
29994	2	5	5	7	5
29995	2	12	28	16	34
29996	2	9	16	11	35
29997	4	12	6	55	12
29998	4	12	6	1365	26
29999	2	12	6	25	7
30000	2	28	294	21	315
30001	4	14	16	171	42
30002	2	28	24	29	34
30003	2	25	19	30	25
30004	4	48	296	778	618
30005	4	13	6	105	12
30006	1	6	24	6	44
30007	2	31	23	36	28
30008	2	44	296	35	313
30009	2	32	26	39	32
30010	2	13	6	26	7
30011	4	18	6	231	13
30012	2	8	26	6	30
30013	2	14	6	11	11
30014	2	8	27	10	47
30015	2	53	24	38	34
30016	2	3	27	5	32
30017	2	9	6	45	12
30018	2	5	28	10	34
30019	2	12	16	24	22
30020	4	27	24	435	57
30021	2	30	24	22	29
30022	2	16	25	20	31
30023	2	6	6	13	7
30024	2	14	6	18	11
30025	2	34	24	38	39
30026	4	13	296	45	598
30027	2	17	15	18	20
30028	8	3	6	85	25
30029	4	27	24	465	53
30030	2	24	6	33	8
30031	2	14	6	18	12
30032	2	16	12	16	18
30033	2	34	24	37	39
30034	2	24	16	32	25
30035	2	6	19	8	38
30036	2	8	23	7	32
30037	2	6	19	12	25
30038	2	15	19	17	24
30039	2	8	24	9	39
30040	2	32	28	33	56
30041	2	27	24	27	31
30042	1	22	16	22	21
30043	2	23	20	24	25
30044	2	2	4	3	4
30045	2	45	24	33	30
30046	4	17	6	251	13
30047	4	19	296	135	617
30048	2	4	15	9	21
30049	2	35	296	27	328
30050	2	36	24	38	33
30051	4	55	24	780	59
30052	4	15	16	190	42
30053	2	5	5	6	5
30054	2	56	27	40	56
30055	2	18	16	24	20
30056	2	19	24	14	48
30057	2	55	24	39	31
30058	2	19	16	22	22
30059	2	17	26	13	50
30060	2	28	24	27	48
30061	2	8	16	7	20
30062	1	9	5	9	5
30063	2	20	6	23	11
30064	1	25	20	25	25
30065	2	23	6	32	10
30066	4	12	5	66	10
30067	2	6	16	7	24
30068	2	30	24	21	28
30069	2	17	16	22	35
30070	2	37	24	26	44
30071	2	6	20	7	25
30072	2	28	6	32	7
30073	2	5	6	10	11
30074	4	22	27	276	40
30075	2	24	23	24	29
30076	4	18	24	190	61
30077	2	8	26	7	31
30078	1	18	20	18	26
30079	2	32	28	34	57
30080	4	20	27	273	85
30081	4	49	24	630	57
30082	2	8	24	9	44
30083	2	8	16	10	36
30084	2	28	24	32	34
30085	8	28	23	-1	-1
30086	2	48	296	39	325
30087	2	9	26	12	32
30088	2	10	20	21	26
30089	2	23	20	29	25
30090	2	42	296	33	300
30091	2	28	24	20	44
30092	2	20	24	23	30
30093	1	16	15	17	20
30094	2	4	14	5	19
30095	2	24	6	33	7
30096	2	30	24	35	41
30097	2	22	24	23	31
30098	4	8	24	45	51
30099	4	25	24	351	56
30100	2	31	24	35	41
30101	2	7	27	8	32
30102	2	38	24	28	30
30103	2	12	20	24	26
30104	2	11	13	9	18
30105	4	46	24	561	59
30106	4	15	16	210	40
30107	2	19	296	14	306
30108	2	13	24	14	46
30109	4	12	6	134	16
30110	2	12	6	14	11
30111	2	26	23	30	37
30112	2	22	24	23	41
30113	2	2	6	4	9
30114	1	24	16	24	22
30115	2	16	6	21	9
30116	2	36	27	25	56
30117	2	8	16	11	22
30118	4	3	6	21	11
30119	2	17	28	11	56
30120	2	4	6	8	6
30121	4	18	19	153	31
30122	4	33	296	324	599
30123	1	17	6	18	7
30124	2	15	6	21	8
30125	2	12	6	13	11
30126	2	27	23	31	28
30127	2	22	24	23	45
30128	4	15	16	210	43
30129	2	54	26	38	54
30130	2	9	6	19	7
30131	2	32	6	40	11
30132	2	8	16	16	22
30133	2	11	24	12	26
30134	2	12	17	9	22
30135	2	28	20	34	26
30136	2	15	14	20	20
30137	1	20	6	21	11
30138	2	20	24	14	52
30139	4	22	23	349	51
30140	2	25	27	17	55
30141	4	9	6	163	13
30142	2	30	24	35	33
30143	4	19	16	325	40
30144	2	6	6	13	7
30145	2	16	24	12	25
30146	2	11	18	78	30
30147	2	21	24	23	43
30148	2	7	28	9	33
30149	2	45	24	31	42
30150	2	24	28	24	33
30151	2	26	24	27	42
30152	2	15	20	15	25
30153	2	12	24	8	24
30154	2	26	20	34	26
30155	2	2	27	5	32
30156	2	21	24	21	32
30157	2	27	15	33	20
30158	2	29	24	33	41
30159	2	7	6	8	6
30160	4	10	295	28	613
30161	2	12	20	16	26
30162	1	12	6	13	11
30163	2	35	28	25	56
30164	2	15	16	20	37
30165	4	7	6	105	13
30166	2	35	24	41	49
30167	2	33	26	38	53
30168	2	29	24	30	31
30169	4	29	24	523	57
30170	2	24	6	300	13
30171	4	25	6	404	13
30172	2	26	23	19	34
30173	1	17	6	18	6
30174	2	15	16	20	21
30175	2	27	24	31	49
30176	4	6	16	36	41
30177	2	2	6	5	11
30178	2	24	6	33	6
30179	2	10	16	14	23
30180	2	12	28	16	33
30181	2	47	24	34	28
30182	4	8	6	145	13
30183	4	11	6	265	14
30184	2	27	19	35	25
30185	2	22	6	26	11
30186	2	16	24	18	51
30187	2	24	6	33	6
30188	2	8	19	9	25
30189	2	8	5	9	5
30190	2	9	6	12	7
30191	2	5	14	10	20
30192	2	18	6	21	10
30193	2	12	16	25	22
30194	2	11	19	14	25
30195	1	4	15	4	20
30196	4	12	13	104	26
30197	2	19	23	13	32
30198	2	24	16	32	21
30199	2	34	24	24	28
30200	2	43	23	30	43
30201	2	13	19	10	25
30202	2	30	24	34	32
30203	2	33	15	42	21
30204	2	21	20	27	40
30205	4	9	6	77	13
30206	2	24	6	27	6
30207	2	25	295	19	328
30208	1	27	6	28	11
30209	2	34	24	24	44
30210	2	50	28	36	58
30211	1	14	15	15	22
30212	2	9	13	18	19
30213	2	9	18	7	23
30214	2	20	6	231	14
30215	2	12	6	13	8
30216	2	8	6	8	6
30217	1	25	6	26	10
30218	2	13	19	105	31
30219	2	5	6	10	6
30220	2	31	6	36	6
30221	4	14	5	66	12
30222	2	33	24	24	46
30223	4	9	6	163	14
30224	4	33	24	630	56
30225	2	7	6	7	6
30226	1	4	5	4	7
30227	4	4	16	21	40
30228	1	18	12	18	18
30229	2	24	20	33	26
30230	2	32	19	40	25
30231	2	21	24	16	45
30232	4	18	6	153	18
30233	2	12	6	15	11
30234	4	35	24	325	69
30235	4	8	5	36	11
30236	2	31	6	35	7
30237	2	12	28	24	34
30238	2	6	24	15	63
30239	4	9	16	163	31
30240	2	40	296	31	305
30241	2	15	24	16	33
30242	2	8	5	6	5
30243	2	30	24	34	30
30244	1	12	17	13	23
30245	2	3	6	6	8
30246	2	18	24	17	43
30247	4	14	24	105	52
30248	4	3	6	21	14
30249	2	26	19	34	25
30250	2	22	24	24	30
30251	2	7	28	8	33
30252	2	23	6	32	9
30253	2	10	6	20	7
30254	8	10	24	715	109
30255	2	22	24	15	29
30256	2	18	6	22	11
30257	2	35	24	39	40
30258	2	31	23	34	36
30259	2	7	5	9	10
30260	4	4	15	15	30
30261	4	8	28	45	75
30262	2	35	24	45	30
30263	2	24	6	32	8
30264	2	20	16	26	24
30265	2	21	23	21	27
30266	2	35	23	41	33
30267	2	15	20	19	40
30268	2	11	16	14	37
30269	2	23	16	30	35
30270	4	16	6	229	13
30271	2	4	16	8	23
30272	2	7	6	9	11
30273	2	7	15	7	20
30274	2	24	6	28	7
30275	2	4	16	5	21
30276	2	34	24	38	33
30277	4	26	24	378	59
30278	2	10	16	13	21
30279	4	15	5	78	11
30280	2	42	296	33	301
30281	2	21	27	21	55
30282	2	33	24	24	44
30283	1	8	5	9	6
30284	1	8	16	8	21
30285	4	35	23	818	55
30286	4	22	6	325	13
30287	2	10	16	12	22
30288	2	32	6	40	7
30289	2	26	24	25	27
30290	2	26	23	30	31
30291	2	47	24	34	48
30292	2	20	19	20	25
30293	2	10	26	14	31
30294	2	8	6	16	7
30295	2	23	16	30	21
30296	1	11	20	12	25
30297	2	25	24	18	41
30298	2	25	16	33	37
30299	2	10	6	20	7
30300	2	12	6	24	11
30301	4	29	24	494	59
30302	2	5	6	10	6
30303	2	53	24	38	44
30304	4	26	24	460	59
30305	2	21	24	22	28
30306	2	25	16	34	22
30307	2	24	24	23	33
30308	2	7	24	15	30
30309	2	25	19	29	25
30310	8	6	6	210	24
30311	2	54	24	39	44
30312	4	3	5	25	13
30313	4	17	23	78	56
30314	2	32	6	41	9
30315	4	9	6	146	13
30316	1	12	6	12	6
30317	2	28	15	37	21
30318	2	19	24	14	32
30319	2	12	28	15	47
30320	2	6	19	7	25
30321	2	11	16	22	22
30322	4	45	24	528	63
30323	4	22	6	323	12
30324	2	11	5	11	7
30325	2	4	19	8	25
30326	2	13	6	10	9
30327	2	4	20	8	26
30328	2	13	24	8	33
30329	2	13	16	17	35
30330	2	18	28	22	49
30331	2	17	24	18	47
30332	8	21	24	2380	116
30333	8	11	6	11969	29
30334	2	24	17	31	24
30335	2	14	6	120	13
30336	4	28	24	403	57
30337	4	23	24	300	56
30338	2	11	6	15	6
30339	4	5	6	51	12
30340	2	11	24	10	31
30341	2	15	28	16	55
30342	2	12	6	25	12
30343	1	24	6	24	7
30344	4	10	20	201	35
30345	1	8	24	8	29
30346	2	5	6	10	6
30347	1	9	6	10	10
30348	1	29	6	30	6
30349	4	6	6	28	12
30350	2	35	22	42	46
30351	2	33	28	36	57
30352	2	47	296	37	305
30353	2	23	16	31	22
30354	4	3	6	25	13
30355	2	29	16	36	22
30356	2	20	28	17	34
30357	2	29	296	23	313
30358	1	24	19	24	25
30359	4	40	24	406	58
30360	2	13	6	26	7
30361	2	28	18	34	25
30362	1	11	6	12	6
30363	2	12	28	15	34
30364	2	23	6	29	7
30365	4	10	28	88	40
30366	2	12	17	16	23
30367	2	14	16	15	22
30368	1	22	6	22	7
30369	2	19	27	22	33
30370	4	14	5	151	11
30371	1	6	26	6	31
30372	2	8	24	5	48
30373	8	53	24	-1	-1
30374	2	21	17	28	23
30375	1	16	16	16	22
30376	2	3	17	6	22
30377	2	24	23	16	28
30378	2	25	24	18	28
30379	2	32	26	36	50
30380	2	10	5	9	5
30381	4	19	6	741	12
30382	4	9	28	66	65
30383	2	18	296	14	306
30384	4	16	296	78	630
30385	1	19	6	20	10
30386	2	7	16	14	23
30387	2	31	24	35	44
30388	2	28	16	435	28
30389	2	16	18	17	24
30390	2	4	25	8	30
30391	2	34	24	39	45
30392	2	17	28	21	53
30393	2	54	24	38	43
30394	2	23	16	25	22
30395	4	20	6	190	14
30396	2	30	24	22	46
30397	2	25	24	27	41
30398	1	20	15	20	21
30399	2	15	13	18	20
30400	2	14	6	18	9
30401	2	18	6	17	6
30402	4	11	6	77	12
30403	4	9	6	77	12
30404	2	20	28	20	56
30405	4	13	6	105	16
30406	8	26	23	7315	108
30407	2	10	23	7	45
30408	4	24	6	373	12
30409	2	46	24	32	33
30410	4	8	5	36	11
30411	2	18	16	23	37
30412	4	28	6	496	13
30413	2	26	28	30	55
30414	4	13	23	105	74
30415	2	10	27	14	47
30416	2	14	28	13	34
30417	2	34	17	39	23
30418	2	23	14	24	20
30419	2	7	24	28	58
30420	2	18	24	16	44
30421	4	17	5	251	16
30422	2	9	6	18	7
30423	2	4	6	8	6
30424	2	38	24	27	47
30425	2	14	18	17	23
30426	4	23	24	276	58
30427	2	41	296	32	305
30428	2	20	16	27	21
30429	1	22	28	23	34
30430	2	50	24	36	42
30431	2	4	5	5	5
30432	4	14	24	91	59
30433	2	22	6	22	6
30434	2	9	28	19	34
30435	2	21	24	22	34
30436	2	13	27	14	54
30437	2	12	26	16	32
30438	1	16	20	17	25
30439	2	22	28	29	34
30440	2	22	27	23	33
30441	2	15	26	10	54
30442	2	16	24	17	33
30443	2	30	296	23	317
30444	2	20	27	18	55
30445	2	16	27	21	48
30446	4	25	25	463	37
30447	2	8	23	6	32
30448	2	19	20	23	25
30449	4	14	6	91	12
30450	2	15	24	16	46
30451	2	48	296	36	329
30452	2	30	24	34	34
30453	2	15	24	11	47
30454	2	8	6	8	10
30455	2	33	24	35	46
30456	2	19	28	20	56
30457	2	19	6	18	6
30458	4	32	6	890	13
30459	2	5	5	6	5
30460	4	26	6	23751	26
30461	2	16	6	20	11
30462	2	32	6	39	9
30463	2	13	28	17	49
30464	2	29	24	32	46
30465	2	10	19	14	25
30466	2	12	28	25	34
30467	4	17	23	66	56
30468	4	22	28	253	86
30469	2	23	16	31	22
30470	4	20	22	105	47
30471	2	24	24	28	38
30472	1	14	20	14	25
30473	1	10	24	10	45
30474	2	18	24	21	32
30475	2	12	20	11	26
30476	2	30	23	35	29
30477	2	38	24	27	48
30478	8	15	6	3060	27
30479	2	9	27	12	32
30480	1	11	24	11	49
30481	2	19	28	22	33
30482	2	12	28	16	34
30483	1	14	6	14	6
30484	4	20	16	351	55
30485	2	14	15	19	20
30486	2	29	22	39	28
30487	2	43	296	35	315
30488	4	27	28	435	40
30489	4	24	24	401	58
30490	2	19	16	22	22
30491	2	35	24	25	45
30492	1	6	28	6	33
30493	2	17	15	14	20
30494	2	22	6	30	11
30495	2	26	6	27	8
30496	2	5	6	6	6
30497	4	31	24	253	53
30498	2	12	6	24	7
30499	2	51	24	36	43
30500	1	12	20	12	25
30501	1	10	25	10	54
30502	8	35	296	30654	1204
30503	4	6	6	21	13
30504	4	14	20	188	32
30505	2	38	24	27	49
30506	2	12	296	9	305
30507	2	14	6	18	11
30508	2	17	26	18	32
30509	2	12	6	16	11
30510	4	25	24	325	59
30511	2	31	6	528	12
30512	1	4	16	4	21
30513	2	27	24	31	43
30514	2	24	24	24	29
30515	2	33	24	39	24
30516	2	33	28	40	34
30517	4	11	6	243	13
30518	2	8	295	6	313
30519	2	10	24	11	24
30520	4	33	28	738	41
30521	2	23	28	27	35
30522	2	30	24	33	32
30523	2	30	296	23	326
30524	4	25	28	590	40
30525	2	22	26	253	39
30526	2	7	11	14	18
30527	2	2	5	4	6
30528	2	17	16	22	37
30529	2	29	24	30	49
30530	4	30	24	628	54
30531	2	24	26	28	53
30532	2	14	16	18	36
30533	2	33	24	24	27
30534	2	27	24	31	34
30535	4	20	6	153	12
30536	4	14	6	151	13
30537	4	33	24	698	60
30538	2	24	6	32	7
30539	2	10	6	20	7
30540	2	17	5	23	6
30541	4	11	28	265	42
30542	4	27	24	190	56
30543	4	19	16	325	43
30544	2	18	6	24	6
30545	2	12	17	13	22
30546	2	4	6	5	8
30547	2	5	16	10	22
30548	2	22	20	27	26
30549	4	6	6	85	13
30550	4	21	24	253	56
30551	2	12	16	25	23
30552	2	6	28	13	34
30553	2	12	28	11	56
30554	4	21	24	120	51
30555	2	25	24	26	29
30556	4	30	6	807	13
30557	4	14	6	166	12
30558	2	34	24	39	28
30559	4	14	6	151	12
30560	4	30	24	496	62
30561	2	12	17	16	23
30562	2	20	16	25	34
30563	2	12	27	14	32
30564	2	9	23	6	42
30565	4	19	6	323	13
30566	2	30	28	35	56
30567	2	28	28	32	57
30568	2	3	14	4	32
30569	4	12	17	119	29
30570	2	25	6	28	10
30571	2	24	28	27	56
30572	2	11	16	23	23
30573	2	10	6	14	6
30574	2	28	24	20	34
30575	2	23	296	19	319
30576	8	26	24	30303	119
30577	2	16	15	21	20
30578	4	19	6	297	14
30579	2	24	13	28	19
30580	4	36	296	434	616
30581	2	55	24	39	30
30582	2	32	27	41	34
30583	2	19	16	25	24
30584	4	9	18	66	29
30585	4	19	6	348	16
30586	2	20	6	18	7
30587	2	13	16	14	23
30588	4	11	19	105	60
30589	2	4	5	8	5
30590	2	14	18	11	24
30591	4	20	6	295	16
30592	4	11	26	55	84
30593	1	18	6	18	7
30594	2	28	23	32	47
30595	4	22	23	346	54
30596	2	9	16	7	22
30597	2	17	24	17	42
30598	4	7	23	15	45
30599	2	10	26	14	32
30600	2	8	6	17	11
30601	2	12	28	24	34
30602	2	11	21	12	37
30603	4	12	6	135	12
30604	2	8	19	6	35
30605	4	11	20	265	34
30606	4	29	24	231	56
30607	2	20	16	26	34
30608	1	13	5	14	5
30609	2	24	25	24	54
30610	4	14	16	171	45
30611	2	17	28	21	33
30612	1	7	24	7	41
30613	2	21	24	22	45
30614	4	25	16	561	42
30615	1	23	27	24	33
30616	2	7	15	15	21
30617	2	10	16	21	22
30618	2	11	15	23	22
30619	4	13	16	171	57
30620	4	29	24	556	72
30621	2	33	24	37	32
30622	2	13	6	13	6
30623	2	29	24	21	52
30624	1	26	6	27	6
30625	2	15	5	17	5
30626	2	4	5	9	5
30627	1	8	6	8	10
30628	2	3	6	6	7
30629	4	16	24	153	57
30630	2	57	24	41	29
30631	2	13	6	15	10
30632	2	37	24	42	32
30633	2	53	26	38	56
30634	4	2	5	10	10
30635	2	5	12	10	19
30636	8	22	6	-1	-1
30637	2	15	24	11	31
30638	2	14	19	13	25
30639	2	21	24	24	33
30640	2	22	6	26	6
30641	2	13	24	14	28
30642	2	29	16	35	22
30643	2	7	28	9	47
30644	2	18	16	22	21
30645	2	8	6	16	7
30646	1	20	6	20	11
30647	2	25	26	18	52
30648	2	6	6	21	13
30649	2	41	24	29	48
30650	4	27	23	190	54
30651	2	13	18	15	23
30652	2	45	24	32	48
30653	2	11	17	13	23
30654	2	9	6	19	7
30655	2	16	27	19	32
30656	2	36	24	38	34
30657	2	31	14	36	20
30658	4	19	24	271	60
30659	2	15	24	15	29
30660	4	19	6	231	12
30661	2	35	296	27	301
30662	2	31	28	38	34
30663	2	31	24	36	47
30664	2	30	24	31	30
30665	2	25	6	30	6
30666	2	49	24	35	46
30667	2	8	19	17	25
30668	4	21	24	231	74
30669	2	24	20	32	40
30670	2	19	15	25	21
30671	2	31	24	22	48
30672	4	13	15	55	25
30673	4	15	28	210	71
30674	4	24	6	525	13
30675	2	17	6	23	10
30676	2	20	26	27	33
30677	2	10	22	7	25
30678	2	25	24	29	44
30679	2	31	28	37	34
30680	4	14	6	188	12
30681	2	17	27	17	55
30682	2	23	27	24	56
30683	1	16	28	14	33
30684	2	23	24	24	44
30685	2	29	15	33	22
30686	2	4	12	6	17
30687	1	22	16	20	22
30688	2	7	24	28	54
30689	2	11	28	14	48
30690	2	5	6	7	10
30691	2	32	24	33	49
30692	2	14	26	14	32
30693	2	25	6	351	15
30694	2	34	296	26	316
30695	4	27	24	491	76
30696	1	16	6	16	11
30697	2	27	6	36	7
30698	2	21	27	25	33
30699	4	32	6	701	14
30700	2	11	6	23	8
30701	2	35	26	40	55
30702	4	15	6	120	13
30703	4	25	6	434	13
30704	2	50	296	39	301
30705	2	15	28	21	33
30706	2	13	27	26	33
30707	2	16	20	15	26
30708	2	24	20	24	26
30709	2	2	15	5	22
30710	2	22	6	21	6
30711	4	14	6	136	12
30712	2	34	6	42	7
30713	2	4	5	8	9
30714	2	11	24	10	45
30715	2	26	25	35	31
30716	4	52	24	703	59
30717	4	7	6	113	14
30718	2	12	20	24	27
30719	2	24	22	18	29
30720	2	28	27	20	54
30721	2	31	24	22	32
30722	4	33	6	933	13
30723	2	3	6	7	11
30724	4	24	6	492	13
30725	4	30	23	556	57
30726	2	8	20	7	26
30727	2	18	6	15	6
30728	2	29	19	33	25
30729	4	9	6	45	12
30730	4	20	6	171	13
30731	2	12	28	13	34
30732	2	32	28	42	35
30733	4	12	6	131	13
30734	2	9	6	9	6
30735	2	33	24	37	29
30736	2	24	6	30	10
30737	2	17	27	19	55
30738	2	19	28	24	34
30739	2	30	15	34	21
30740	2	4	28	5	33
30741	1	8	15	9	20
30742	2	18	15	18	21
30743	1	18	6	16	6
30744	4	33	296	299	600
30745	2	28	18	31	24
30746	2	42	296	34	328
30747	2	27	24	28	46
30748	4	9	23	21	56
30749	4	7	6	113	14
30750	4	3	6	25	14
30751	2	45	24	32	29
30752	2	7	28	8	33
30753	2	53	24	37	49
30754	2	14	23	9	45
30755	2	24	24	28	28
30756	2	19	6	19	6
30757	2	8	6	5	6
30758	4	33	24	664	62
30759	2	20	16	22	22
30760	2	13	24	17	45
30761	2	17	15	21	21
30762	2	7	6	14	11
30763	2	33	24	37	47
30764	2	22	19	22	25
30765	2	4	11	5	17
30766	4	10	18	201	32
30767	2	19	6	25	6
30768	2	23	27	23	33
30769	2	14	294	11	306
30770	1	27	15	28	21
30771	1	18	6	16	6
30772	1	18	20	19	26
30773	2	22	14	30	20
30774	2	21	6	26	7
30775	4	21	20	299	32
30776	2	24	296	19	321
30777	2	2	5	4	5
30778	2	12	24	13	44
30779	4	6	15	28	37
30780	2	9	18	12	38
30781	4	34	6	898	13
30782	4	56	24	820	59
30783	4	30	27	253	80
30784	2	26	24	26	49
30785	2	15	20	12	25
30786	2	30	24	33	44
30787	4	56	24	820	58
30788	2	30	24	22	48
30789	4	12	6	289	14
30790	2	27	24	31	44
30791	4	15	6	228	13
30792	2	17	6	21	8
30793	4	24	6	557	13
30794	2	10	24	9	47
30795	2	32	28	39	34
30796	4	25	24	430	79
30797	2	8	27	6	32
30798	2	19	24	13	44
30799	2	10	25	13	30
30800	4	14	6	188	13
30801	2	35	16	45	23
30802	2	49	24	34	29
30803	2	8	28	6	56
30804	2	28	6	32	8
30805	1	22	28	22	35
30806	4	10	5	90	11
30807	4	43	24	465	62
30808	2	7	27	9	33
30809	2	21	16	27	27
30810	2	22	25	26	53
30811	2	10	6	13	6
30812	1	21	16	22	21
30813	2	52	24	37	44
30814	2	14	6	105	14
30815	2	8	6	16	12
30816	2	6	13	5	17
30817	2	3	6	6	12
30818	2	19	24	19	28
30819	4	16	28	153	83
30820	2	23	28	16	57
30821	2	9	14	19	21
30822	4	9	6	163	13
30823	2	21	24	24	45
30824	2	33	24	37	32
30825	2	16	24	15	29
30826	2	8	20	16	26
30827	2	8	15	17	21
30828	2	8	24	36	59
30829	2	26	28	351	41
30830	2	29	15	35	21
30831	2	10	20	11	26
30832	4	4	19	33	31
30833	4	29	19	560	31
30834	1	34	20	34	26
30835	2	34	15	43	22
30836	2	6	16	13	23
30837	2	23	28	29	33
30838	4	19	295	119	601
30839	4	16	24	78	57
30840	2	36	24	41	44
30841	2	31	24	36	45
30842	4	10	6	221	14
30843	2	21	27	25	33
30844	4	29	24	593	59
30845	2	9	28	10	34
30846	1	8	28	8	55
30847	2	33	24	35	42
30848	4	28	6	523	13
30849	4	15	28	66	79
30850	2	26	27	35	33
30851	2	4	6	5	6
30852	2	9	20	8	27
30853	2	15	24	16	46
30854	2	24	13	24	20
30855	2	20	16	28	22
30856	2	11	15	23	21
30857	2	29	19	34	25
30858	2	5	19	11	25
30859	2	4	20	5	39
30860	2	12	20	16	26
30861	4	15	6	78	11
30862	2	17	23	11	41
30863	1	10	15	10	21
30864	2	29	24	32	45
30865	2	6	6	5	11
30866	4	17	16	276	44
30867	2	28	16	33	22
30868	2	14	24	13	50
30869	2	9	26	19	33
30870	2	27	24	19	43
30871	2	19	20	25	26
30872	4	5	16	27	25
30873	2	18	6	22	11
30874	4	24	6	524	13
30875	2	5	23	6	40
30876	2	15	295	11	315
30877	4	33	24	630	54
30878	4	21	6	231	18
30879	2	17	24	19	42
30880	2	4	16	5	32
30881	2	24	20	33	26
30882	2	29	15	31	21
30883	2	11	24	10	25
30884	4	17	17	273	30
30885	2	10	28	20	34
30886	2	5	16	6	20
30887	2	10	16	13	22
30888	2	36	24	25	43
30889	2	23	6	300	17
30890	2	4	13	8	20
30891	4	7	6	113	14
30892	2	30	24	33	45
30893	2	4	4	10	9
30894	4	21	296	120	601
30895	2	18	17	17	23
30896	4	13	16	339	30
30897	2	28	24	32	29
30898	2	18	25	17	31
30899	2	22	14	30	20
30900	2	11	28	12	34
30901	4	26	26	494	85
30902	2	18	27	19	55
30903	2	2	6	4	6
30904	8	16	24	1001	110
30905	2	18	24	16	32
30906	2	17	16	22	21
30907	2	11	18	23	25
30908	2	35	24	26	49
30909	1	18	16	19	22
30910	2	29	24	34	31
30911	1	4	28	4	32
30912	2	40	27	28	55
30913	2	27	6	378	12
30914	2	15	6	20	8
30915	2	28	15	34	21
30916	1	6	20	6	23
30917	2	9	6	12	11
30918	2	32	16	39	23
30919	2	18	5	24	11
30920	4	4	26	33	37
30921	2	22	6	253	14
30922	2	17	24	17	42
30923	2	6	6	13	7
30924	2	7	15	14	21
30925	2	33	28	24	57
30926	2	21	19	27	40
30927	2	14	28	13	33
30928	2	4	20	9	25
30929	1	29	28	30	34
30930	2	30	296	24	298
30931	2	26	24	26	35
30932	4	11	16	105	37
30933	2	18	6	17	12
30934	2	8	16	10	37
30935	2	30	26	36	32
30936	2	28	6	32	10
30937	2	18	12	20	19
30938	2	21	28	28	49
30939	2	10	6	9	6
30940	2	18	28	36	34
30941	2	17	15	20	21
30942	4	32	24	627	73
30943	2	14	24	10	29
30944	2	15	6	20	7
30945	2	21	27	22	54
30946	2	19	6	19	11
30947	2	22	27	25	32
30948	4	19	14	741	28
30949	2	20	20	28	26
30950	4	48	24	595	71
30951	2	20	6	24	11
30952	2	54	24	39	29
30953	2	22	24	22	33
30954	2	8	23	6	46
30955	2	29	24	30	48
30956	4	16	27	78	79
30957	4	23	296	170	601
30958	4	28	24	378	56
30959	4	46	296	701	602
30960	4	12	6	289	15
30961	2	18	16	23	26
30962	4	23	24	136	55
30963	4	27	6	494	13
30964	2	34	6	43	10
30965	2	40	28	28	56
30966	2	20	20	24	26
30967	2	18	22	18	42
30968	2	48	296	38	316
30969	2	11	18	14	38
30970	4	29	24	496	60
30971	1	15	6	16	9
30972	1	24	6	24	6
30973	2	11	15	21	20
30974	2	6	5	7	8
30975	4	31	6	808	12
30976	4	37	296	405	626
30977	2	6	20	8	41
30978	4	8	6	21	12
30979	2	36	23	39	43
30980	1	4	19	5	24
30981	2	34	23	38	47
30982	2	29	6	36	10
30983	2	25	24	27	46
30984	1	14	6	14	8
30985	2	25	6	30	6
30986	4	17	16	171	29
30987	2	23	6	23	7
30988	2	23	27	30	48
30989	2	21	295	15	314
30990	2	45	24	32	44
30991	2	3	6	6	11
30992	2	27	24	31	44
30993	2	43	27	31	55
30994	2	7	26	7	31
30995	1	6	6	6	11
30996	1	18	16	18	22
30997	4	24	6	401	13
30998	2	24	6	33	11
30999	4	7	23	15	46
31000	2	19	19	24	25
31001	2	25	24	27	44
31002	2	22	13	26	19
31003	2	33	24	37	45
31004	2	30	23	35	28
31005	4	23	24	276	61
31006	2	21	24	24	44
31007	2	8	16	5	21
31008	2	25	24	25	33
31009	4	21	24	231	57
31010	2	11	5	22	11
31011	2	13	24	13	51
31012	4	37	296	405	629
31013	2	12	16	16	26
31014	2	9	23	9	43
31015	2	25	28	34	34
31016	1	20	5	20	6
31017	2	11	19	22	25
31018	2	30	6	34	11
31019	2	24	24	28	43
31020	2	34	24	36	33
31021	2	22	6	29	6
31022	2	19	296	15	321
31023	4	23	16	465	47
31024	2	32	23	23	29
31025	4	14	24	55	58
31026	1	3	18	3	23
31027	2	20	16	26	26
31028	2	14	6	15	7
31029	2	17	296	12	300
31030	4	49	24	595	75
31031	2	5	5	10	9
31032	4	12	20	118	31
31033	4	14	6	406	14
31034	2	28	27	32	56
31035	4	16	6	229	12
31036	4	28	24	523	73
31037	2	27	24	31	29
31038	4	25	6	401	12
31039	2	17	24	18	48
31040	2	17	19	21	25
31041	2	14	24	13	34
31042	2	12	6	78	13
31043	1	24	6	24	11
31044	2	11	6	15	11
31045	4	10	6	90	12
31046	2	35	296	27	306
31047	2	14	296	10	301
31048	4	11	16	120	58
31049	4	13	6	290	19
31050	2	12	6	24	11
31051	2	15	6	20	7
31052	2	26	20	35	27
31053	2	25	24	18	40
31054	2	24	20	33	26
31055	2	21	16	25	22
31056	2	27	24	19	46
31057	2	16	23	16	27
31058	2	31	6	34	6
31059	1	18	6	18	9
31060	2	15	6	12	11
31061	2	43	296	31	349
31062	4	8	296	21	593
31063	2	14	16	19	21
31064	2	26	24	25	29
31065	2	23	15	26	21
31066	2	24	16	28	21
31067	2	6	5	13	11
31068	2	24	24	27	45
31069	4	5	6	27	16
31070	2	8	5	36	11
31071	4	10	6	201	14
31072	4	17	6	595	19
31073	4	24	6	433	13
31074	2	20	27	24	32
31075	2	15	24	16	42
31076	8	54	24	-1	-1
31077	2	11	23	11	33
31078	2	20	6	27	10
31079	2	12	16	24	21
31080	2	15	6	15	12
31081	4	29	27	556	41
31082	2	36	24	25	28
31083	2	27	6	32	7
31084	2	4	19	9	24
31085	2	8	21	6	44
31086	2	8	296	6	298
31087	2	17	24	17	45
31088	2	6	20	12	27
31089	2	15	28	11	56
31090	2	7	16	9	35
31091	2	11	16	23	22
31092	2	11	16	23	23
31093	8	22	16	-1	-1
31094	2	22	24	26	47
31095	2	11	6	23	7
31096	1	24	6	24	10
31097	2	8	26	7	31
31098	1	4	15	4	18
31099	2	24	24	28	35
31100	4	13	16	153	41
31101	2	3	16	7	22
31102	1	16	6	17	11
31103	2	5	6	21	12
31104	4	13	295	55	600
31105	2	15	24	16	44
31106	2	21	24	21	48
31107	2	9	6	18	11
31108	2	6	24	21	73
31109	2	7	6	8	6
31110	2	8	27	17	33
31111	1	14	6	14	11
31112	2	7	16	7	22
31113	2	2	20	3	25
31114	1	12	24	12	35
31115	2	35	22	25	28
31116	2	26	16	33	22
31117	2	17	20	23	27
31118	2	21	28	22	34
31119	4	30	24	231	79
31120	4	11	16	105	43
31121	2	18	28	24	34
31122	2	34	296	27	320
31123	2	10	6	21	6
31124	2	23	16	30	36
31125	4	9	4	54	9
31126	4	15	24	66	56
31127	2	21	16	25	22
31128	2	22	24	16	49
31129	2	8	27	6	32
31130	4	9	16	78	42
31131	2	16	28	16	33
31132	4	18	24	136	54
31133	2	25	24	29	43
31134	4	14	24	55	58
31135	2	29	24	33	32
31136	2	10	19	66	30
31137	1	10	14	10	20
31138	4	27	24	406	60
31139	1	33	23	33	29
31140	2	23	28	29	34
31141	4	18	24	228	57
31142	2	13	20	17	38
31143	4	12	24	36	55
31144	4	14	6	2380	25
31145	2	14	23	13	46
31146	2	30	24	34	48
31147	2	26	16	33	22
31148	2	12	27	8	53
31149	4	13	5	105	11
31150	1	4	16	4	21
31151	2	11	23	11	29
31152	4	25	27	401	81
31153	4	19	20	190	32
31154	4	5	6	27	12
31155	2	13	24	10	44
31156	2	28	28	20	56
31157	2	34	23	39	49
31158	2	32	24	36	44
31159	4	27	6	491	13
31160	1	20	6	21	11
31161	2	33	17	45	23
31162	2	13	28	16	51
31163	4	8	5	55	11
31164	2	12	6	11	11
31165	2	13	16	12	21
31166	2	10	296	7	315
31167	2	14	6	15	6
31168	2	9	24	45	58
31169	4	9	6	36	12
31170	2	21	16	28	36
31171	2	29	24	33	47
31172	2	16	24	15	29
31173	1	10	24	10	47
31174	4	4	15	41	28
31175	1	6	24	6	43
31176	2	28	18	35	24
31177	2	14	28	16	34
31178	2	11	26	9	31
31179	2	42	296	33	328
31180	2	22	24	25	34
31181	4	31	24	590	65
31182	2	12	16	91	28
31183	2	33	24	24	47
31184	2	6	26	21	38
31185	2	30	20	36	26
31186	4	20	6	190	12
31187	2	42	24	30	32
31188	4	20	24	295	73
31189	2	20	6	210	13
31190	4	24	24	325	57
31191	2	16	17	13	23
31192	2	12	28	13	33
31193	2	25	24	18	29
31194	2	41	24	29	44
31195	4	9	6	181	14
31196	4	28	28	526	84
31197	4	28	6	559	17
31198	2	13	23	16	37
31199	2	20	24	23	31
31200	2	4	6	8	11
31201	2	25	24	29	45
31202	2	11	23	8	41
31203	2	16	28	20	34
31204	4	10	6	221	15
31205	2	23	23	27	38
31206	4	9	6	163	19
31207	2	19	6	19	7
31208	2	40	24	28	41
31209	2	19	26	25	31
31210	4	24	6	433	16
31211	2	6	16	7	19
31212	2	16	6	136	13
31213	2	12	26	16	32
31214	2	23	13	26	19
31215	2	25	6	29	6
31216	2	5	6	10	6
31217	4	13	28	104	40
31218	2	29	16	31	22
31219	2	22	6	25	6
31220	2	29	20	35	26
31221	2	17	20	17	26
31222	2	24	24	25	34
31223	2	33	24	35	27
31224	2	35	28	45	34
31225	4	10	6	66	12
31226	1	20	18	20	24
31227	2	13	27	13	32
31228	2	31	24	34	44
31229	4	8	19	21	29
31230	4	44	27	496	85
31231	1	21	6	21	6
31232	4	11	24	45	76
31233	4	25	6	591	13
31234	2	3	6	7	7
31235	2	20	6	210	13
31236	2	30	24	35	43
31237	2	4	6	7	9
31238	2	7	20	9	40
31239	2	8	6	6	10
31240	4	23	24	351	59
31241	4	23	22	404	53
31242	2	27	28	36	34
31243	2	11	6	78	12
31244	2	17	24	20	29
31245	2	22	24	23	45
31246	2	14	16	19	22
31247	4	7	6	36	12
31248	2	8	6	17	7
31249	1	12	19	12	25
31250	2	4	6	8	7
31251	2	16	14	17	20
31252	4	32	6	851	16
31253	2	20	24	24	43
31254	4	25	6	431	13
31255	2	9	15	18	20
31256	2	25	6	29	6
31257	2	22	6	253	14
31258	2	20	18	19	24
31259	4	13	6	169	12
31260	2	10	18	11	24
31261	2	35	28	26	56
31262	4	15	16	210	41
31263	1	9	24	9	32
31264	4	6	16	28	27
31265	2	18	15	21	21
31266	4	8	27	36	34
31267	4	31	24	231	56
31268	1	20	14	18	20
31269	4	39	24	406	58
31270	2	54	24	39	45
31271	2	11	19	22	26
31272	4	24	296	189	598
31273	2	35	24	38	43
31274	2	48	24	34	29
31275	2	34	27	35	56
31276	2	31	24	35	44
31277	2	24	28	33	34
31278	4	25	6	591	16
31279	2	28	296	22	304
31280	4	24	6	557	13
31281	2	5	14	10	20
31282	2	23	15	26	22
31283	2	13	20	26	26
31284	2	22	26	30	45
31285	2	11	12	12	19
31286	2	15	6	14	7
31287	4	49	24	630	76
31288	2	7	20	9	41
31289	2	26	6	34	6
31290	2	8	16	10	23
31291	2	17	16	22	25
31292	2	30	296	23	315
31293	2	4	17	9	23
31294	2	21	28	27	49
31295	2	12	16	15	30
31296	2	33	24	38	48
31297	2	13	6	12	11
31298	2	22	19	29	25
31299	2	24	16	33	22
31300	4	25	16	561	58
31301	2	12	15	24	21
31302	2	2	20	4	25
31303	2	22	6	27	6
31304	4	18	24	171	58
31305	2	8	28	10	33
31306	2	2	28	5	32
31307	2	24	16	27	21
31308	2	36	24	40	44
31309	2	19	20	25	26
31310	4	22	296	136	599
31311	2	18	6	18	9
31312	4	53	24	741	73
31313	2	32	6	38	10
31314	4	33	24	703	61
31315	4	13	22	45	69
31316	4	15	5	136	13
31317	2	32	14	37	20
31318	2	27	27	29	56
31319	4	42	24	435	57
31320	2	10	28	55	84
31321	4	31	6	848	13
31322	4	19	6	253	13
31323	2	31	24	22	47
31324	2	23	6	25	7
31325	2	8	18	16	24
31326	2	6	28	12	34
31327	2	14	24	15	32
31328	2	33	24	38	28
31329	2	21	24	24	30
31330	2	19	6	16	8
31331	2	16	6	21	6
31332	4	21	20	253	52
31333	2	18	24	18	28
31334	2	19	24	23	43
31335	2	30	24	34	49
31336	2	10	20	7	25
31337	2	29	6	35	10
31338	2	8	24	36	56
31339	2	20	20	23	26
31340	4	14	5	166	14
31341	2	2	28	4	33
31342	2	30	24	21	42
31343	2	12	6	78	12
31344	4	11	28	115	41
31345	2	18	16	24	21
31346	4	7	6	113	14
31347	2	23	20	27	26
31348	2	21	16	28	36
31349	2	37	24	26	43
31350	4	7	6	21	12
31351	2	16	24	18	49
31352	2	22	6	30	10
31353	2	12	19	25	25
31354	2	3	14	4	21
31355	1	14	6	14	9
31356	2	18	28	36	35
31357	2	23	24	24	33
31358	2	19	6	20	6
31359	2	6	26	12	33
31360	2	4	5	9	8
31361	2	27	296	22	327
31362	2	6	4	7	4
31363	2	45	24	33	41
31364	2	7	28	6	56
31365	2	50	24	35	45
31366	2	4	16	5	35
31367	2	17	24	17	29
31368	4	29	6	556	13
31369	4	22	6	461	14
31370	2	24	28	28	50
31371	1	16	14	14	21
31372	2	32	24	35	46
31373	2	12	6	16	11
31374	2	22	14	30	20
31375	2	20	6	24	8
31376	4	23	24	351	58
31377	2	11	5	11	5
31378	4	30	24	253	57
31379	2	13	24	15	29
31380	4	24	24	378	59
31381	2	32	23	37	31
31382	2	15	20	17	25
31383	2	5	6	11	9
31384	2	12	27	14	33
31385	4	24	6	1176	14
31386	2	28	24	20	32
31387	1	27	6	28	11
31388	2	13	24	14	47
31389	2	25	28	26	58
31390	2	19	6	26	6
31391	2	21	16	27	20
31392	8	8	5	330	22
31393	2	28	24	32	33
31394	1	7	17	7	23
31395	2	19	16	25	21
31396	2	10	14	19	21
31397	2	10	15	9	20
31398	4	13	6	91	13
31399	2	23	15	29	21
31400	2	22	256	26	287
31401	2	35	24	39	47
31402	4	51	296	818	604
31403	2	33	296	25	305
31404	2	22	6	44	12
31405	2	26	295	21	315
31406	2	32	24	35	49
31407	2	4	17	8	23
31408	2	4	15	10	26
31409	4	22	6	403	13
31410	4	57	24	861	58
31411	2	12	24	16	30
31412	2	10	15	21	21
31413	2	3	28	6	33
31414	2	17	6	21	9
31415	2	13	15	14	20
31416	2	45	24	31	32
31417	2	23	19	30	25
31418	4	26	6	459	13
31419	2	31	24	33	48
31420	4	6	16	36	41
31421	4	17	24	91	53
31422	1	15	15	16	20
31423	2	8	20	5	24
31424	4	12	16	105	43
31425	2	31	24	36	48
31426	4	20	6	276	13
31427	4	39	24	406	58
31428	2	15	6	17	6
31429	4	9	5	77	11
31430	2	8	6	16	6
31431	2	9	26	18	32
31432	2	9	19	10	25
31433	2	38	24	27	29
31434	2	27	27	19	55
31435	2	18	26	18	32
31436	2	11	6	23	7
31437	2	3	20	5	27
31438	2	50	24	36	43
31439	2	20	6	27	7
31440	2	14	24	13	42
31441	2	22	6	210	13
31442	2	32	24	37	29
31443	2	14	6	14	6
31444	2	15	26	14	31
31445	2	9	27	11	46
31446	2	36	24	25	29
31447	2	13	24	10	46
31448	2	8	6	17	9
31449	2	16	13	16	20
31450	1	12	18	13	24
31451	4	48	296	778	603
31452	4	30	23	465	57
31453	1	4	20	4	25
31454	2	23	295	17	302
31455	4	56	24	861	58
31456	2	12	16	15	26
31457	2	48	296	39	301
31458	2	30	24	34	46
31459	2	12	6	15	8
31460	2	16	24	12	43
31461	2	8	24	36	57
31462	2	37	295	29	320
31463	2	22	16	29	21
31464	2	24	6	29	11
31465	4	9	6	86	16
31466	2	14	27	9	52
31467	2	22	27	25	56
31468	2	28	24	20	49
31469	4	26	6	433	13
31470	2	5	20	9	26
31471	4	8	6	63	12
31472	2	17	6	14	6
31473	1	14	6	12	11
31474	2	12	6	23	7
31475	4	26	6	584	13
31476	1	11	27	11	32
31477	2	29	6	33	6
31478	2	31	22	35	38
31479	1	10	26	9	53
31480	4	10	6	201	15
31481	4	33	24	661	60
31482	4	7	295	21	595
31483	4	18	296	91	620
31484	4	31	24	590	77
31485	2	22	16	29	22
31486	2	32	296	24	302
31487	2	11	24	12	24
31488	4	32	24	528	51
31489	2	21	6	28	6
31490	4	16	6	188	12
31491	2	14	15	16	20
31492	2	15	295	11	315
31493	2	38	28	27	55
31494	2	23	27	16	55
31495	2	6	20	12	26
31496	1	26	27	27	32
31497	2	21	24	22	43
31498	2	14	6	17	6
31499	2	31	24	22	32
31500	2	11	16	15	36
31501	2	40	24	28	44
31502	2	11	16	15	21
31503	2	34	15	43	21
31504	4	22	16	465	42
31505	8	24	6	23400	27
31506	2	11	19	14	39
31507	8	26	24	5985	115
31508	2	27	24	32	29
31509	4	18	16	231	29
31510	4	38	24	378	62
31511	4	24	6	276	12
31512	2	24	28	28	34
31513	1	10	5	10	6
31514	2	18	26	171	37
31515	4	29	24	435	75
31516	2	13	6	26	7
31517	2	9	16	18	23
31518	2	10	20	20	27
31519	2	7	14	8	20
31520	2	7	16	9	20
31521	2	24	24	28	44
31522	4	12	24	45	56
31523	2	17	24	20	49
31524	2	26	24	30	32
31525	4	34	6	778	13
31526	2	32	24	32	45
31527	4	22	6	432	14
31528	4	28	6	523	14
31529	4	7	19	55	60
31530	1	16	20	17	26
31531	2	11	19	11	25
31532	2	43	296	34	321
31533	1	26	6	26	7
31534	2	15	24	16	47
31535	2	18	28	21	56
31536	2	31	28	38	34
31537	4	31	24	561	56
31538	4	33	6	701	14
31539	2	12	20	25	27
31540	2	30	23	34	42
31541	4	8	16	28	25
31542	2	20	6	27	6
31543	2	20	28	27	34
31544	1	14	6	14	6
31545	2	27	24	31	48
31546	2	12	6	25	7
31547	2	53	23	37	29
31548	2	7	6	14	9
31549	2	17	6	34	9
31550	2	20	18	26	37
31551	2	29	24	34	34
31552	2	6	16	7	34
31553	2	12	27	14	32
31554	2	24	28	18	57
31555	1	24	27	24	33
31556	2	6	6	12	10
31557	2	34	24	24	48
31558	2	22	16	30	22
31559	2	27	295	22	302
31560	2	10	16	20	22
31561	2	21	16	27	26
31562	2	52	24	38	44
31563	2	10	23	8	47
31564	2	56	28	40	57
31565	1	24	19	22	26
31566	4	16	6	188	13
31567	2	15	28	19	48
31568	2	15	6	20	6
31569	2	6	16	12	22
31570	2	31	24	33	41
31571	2	12	27	23	34
31572	2	21	16	28	25
31573	2	20	6	20	7
31574	4	18	24	190	60
31575	2	30	15	36	21
31576	2	27	28	33	33
31577	2	9	20	7	25
31578	1	16	28	16	34
31579	2	14	28	17	49
31580	4	31	24	465	57
31581	2	13	24	9	29
31582	2	11	12	15	19
31583	4	11	6	243	14
31584	1	16	27	17	33
31585	2	37	296	27	320
31586	4	23	15	299	27
31587	1	16	26	16	31
31588	2	20	6	40	12
31589	4	50	24	666	74
31590	2	20	23	21	28
31591	4	47	24	595	58
31592	4	7	6	99	13
31593	2	17	6	21	9
31594	2	31	26	35	55
31595	2	50	28	36	57
31596	4	44	24	496	58
31597	2	4	6	8	11
31598	4	32	28	661	85
31599	2	8	6	16	6
31600	2	8	6	16	7
31601	2	19	28	24	34
31602	2	26	14	30	20
31603	2	14	19	28	26
31604	2	9	14	13	19
31605	2	5	19	7	38
31606	2	17	28	11	55
31607	2	23	296	17	301
31608	4	11	6	243	14
31609	2	20	23	15	28
31610	4	7	5	28	10
31611	2	48	25	34	53
31612	2	45	24	33	47
31613	2	32	20	38	26
31614	2	16	27	17	54
31615	8	16	6	10165	25
31616	2	25	23	17	33
31617	2	9	16	9	21
31618	2	9	5	10	10
31619	1	16	6	16	6
31620	2	12	28	25	34
31621	2	53	24	38	29
31622	2	8	27	8	32
31623	2	26	6	30	8
31624	2	24	6	28	9
31625	2	16	26	22	46
31626	2	15	6	21	6
31627	4	4	6	41	12
31628	2	10	24	21	29
31629	2	20	16	26	23
31630	2	14	28	17	34
31631	4	5	6	51	14
31632	2	11	6	22	6
31633	4	19	6	322	13
31634	2	15	24	14	47
31635	1	20	20	20	26
31636	1	27	28	28	34
31637	4	15	6	136	12
31638	2	50	28	36	57
31639	2	49	24	35	42
31640	2	36	24	41	43
31641	2	25	296	19	316
31642	2	30	24	22	49
31643	2	17	16	23	22
31644	4	9	24	21	58
31645	4	40	24	406	58
31646	4	11	6	243	14
31647	2	23	28	31	48
31648	2	3	5	6	5
31649	2	30	24	31	33
31650	2	10	28	20	34
31651	2	26	6	28	6
31652	2	15	28	20	34
31653	2	19	28	20	57
31654	2	8	20	11	25
31655	2	14	6	11	10
31656	2	35	24	25	45
31657	2	7	16	8	22
31658	4	10	16	91	41
31659	4	53	28	741	87
31660	1	7	18	7	23
31661	2	19	6	23	11
31662	1	15	6	16	9
31663	2	17	24	11	45
31664	2	31	16	38	22
31665	4	24	6	524	13
31666	2	13	6	18	11
31667	2	11	24	12	40
31668	2	29	6	34	7
31669	2	25	24	28	42
31670	4	44	296	628	602
31671	1	16	16	16	22
31672	4	20	20	295	32
31673	2	27	28	33	34
31674	4	13	295	55	600
31675	1	18	19	18	24
31676	4	24	27	171	86
31677	2	6	15	13	21
31678	4	28	24	210	59
31679	2	25	28	26	56
31680	2	26	16	35	23
31681	2	10	5	13	10
31682	2	28	24	27	44
31683	2	19	296	14	295
31684	2	19	6	23	11
31685	1	6	28	6	34
31686	2	23	23	27	38
31687	2	23	6	300	12
31688	2	15	28	11	54
31689	2	5	16	10	22
31690	2	30	24	35	33
31691	2	7	28	9	48
31692	1	8	5	8	5
31693	2	17	24	20	42
31694	2	9	5	7	5
31695	2	30	24	22	45
31696	4	16	15	136	26
31697	2	33	295	25	327
31698	2	13	6	26	11
31699	2	14	28	10	56
31700	4	52	24	741	58
31701	2	16	24	12	37
31702	4	4	15	10	26
31703	4	11	16	36	28
31704	2	10	27	7	54
31705	2	22	16	29	25
31706	2	23	24	24	30
31707	1	31	6	32	7
31708	4	17	6	273	13
31709	2	33	6	595	12
31710	2	23	24	27	33
31711	2	41	296	33	304
31712	2	27	24	31	30
31713	2	54	28	39	56
31714	2	48	24	35	43
31715	4	4	16	15	39
31716	4	6	16	28	38
31717	2	24	16	48	22
31718	4	8	16	129	29
31719	2	28	6	32	11
31720	2	28	24	20	46
31721	2	6	26	12	32
31722	2	35	24	39	44
31723	2	10	20	10	24
31724	2	31	24	22	47
31725	4	11	24	55	58
31726	2	20	6	20	11
31727	4	27	6	491	13
31728	2	11	20	22	27
31729	2	19	24	13	43
31730	2	14	16	18	37
31731	2	57	24	41	29
31732	4	31	24	231	59
31733	4	10	16	91	42
31734	1	10	6	10	11
31735	4	7	16	45	42
31736	2	33	24	35	43
31737	2	30	28	22	57
31738	2	10	6	13	9
31739	2	48	24	35	45
31740	2	7	24	5	43
31741	2	22	6	26	10
31742	2	14	6	18	11
31743	2	9	25	6	30
31744	2	16	23	17	48
31745	2	21	28	20	34
31746	2	22	6	22	7
31747	2	30	24	21	41
31748	4	27	24	526	57
31749	2	44	24	31	34
31750	2	12	6	16	6
31751	2	27	28	35	34
31752	4	9	6	163	18
31753	2	4	5	5	9
31754	2	48	23	34	43
31755	4	18	24	171	57
31756	2	43	24	31	43
31757	2	33	28	43	34
31758	1	14	16	14	21
31759	4	26	23	190	55
31760	2	25	20	29	25
31761	2	4	5	10	12
31762	2	33	6	41	6
31763	2	29	295	22	319
31764	2	23	6	46	7
31765	2	13	20	12	25
31766	2	41	296	32	315
31767	1	20	6	21	9
31768	4	21	24	252	71
31769	2	20	24	23	33
31770	2	33	21	37	26
31771	2	21	26	24	56
31772	2	28	24	30	33
31773	8	12	6	2730	26
31774	8	17	16	12440	82
31775	2	20	6	19	9
31776	4	26	24	460	56
31777	4	3	19	19	28
31778	2	21	17	21	23
31779	2	4	18	8	24
31780	4	20	6	8855	28
31781	4	22	16	323	28
31782	2	12	20	24	26
31783	2	18	22	24	28
31784	2	14	16	19	22
31785	4	10	6	221	13
31786	4	9	6	54	12
31787	2	29	6	465	13
31788	2	33	24	38	31
31789	4	20	24	273	76
31790	4	17	17	226	30
31791	4	9	16	78	42
31792	2	23	6	32	6
31793	2	16	16	21	35
31794	2	9	14	18	20
31795	2	54	24	39	44
31796	4	5	6	51	12
31797	4	34	6	1021	13
31798	4	26	24	378	59
31799	2	9	24	45	60
31800	4	15	24	55	58
31801	4	12	22	36	48
31802	1	7	24	7	48
31803	2	30	24	22	47
31804	4	22	24	346	56
31805	2	30	24	22	29
31806	2	18	16	24	21
31807	2	4	6	9	7
31808	1	10	20	10	25
31809	1	37	26	37	31
31810	2	29	24	30	32
31811	2	32	24	33	46
31812	2	31	6	35	7
31813	2	29	24	20	48
31814	2	27	15	32	21
31815	4	53	24	741	73
31816	2	10	16	20	23
31817	1	6	5	6	6
31818	2	25	6	28	7
31819	1	10	24	10	29
31820	4	10	5	89	12
31821	2	13	14	15	20
31822	2	29	296	22	305
31823	2	56	24	40	32
31824	2	11	6	14	9
31825	2	10	6	20	10
31826	4	15	28	136	85
31827	4	33	24	627	62
31828	2	26	16	30	22
31829	2	28	27	32	33
31830	2	7	5	6	5
31831	2	19	18	24	24
31832	2	23	24	26	37
31833	2	9	6	19	7
31834	2	24	28	31	49
31835	2	28	24	20	43
31836	2	18	20	23	41
31837	2	14	6	105	14
31838	2	20	18	21	23
31839	4	31	6	664	13
31840	2	18	6	24	10
31841	2	15	24	16	43
31842	4	7	6	44	11
31843	2	22	6	30	6
31844	4	12	6	45	12
31845	4	17	296	104	617
31846	2	22	19	22	24
31847	4	18	28	248	41
31848	1	18	6	19	6
31849	2	25	24	29	48
31850	4	7	6	99	14
31851	2	19	27	23	55
31852	2	17	24	11	29
31853	2	33	24	36	45
31854	2	18	24	22	37
31855	4	6	6	85	12
31856	1	6	6	6	5
31857	2	55	27	40	55
31858	2	10	23	10	32
31859	2	13	22	13	43
31860	2	24	6	32	6
31861	8	8	5	70	20
31862	2	20	19	24	24
31863	2	8	28	6	50
31864	2	37	296	28	314
31865	2	16	14	21	20
31866	2	27	24	30	45
31867	2	45	24	32	40
31868	2	27	24	28	29
31869	4	22	6	253	13
31870	2	18	16	24	21
31871	1	12	16	12	22
31872	2	32	24	33	47
31873	2	25	24	26	30
31874	2	34	24	35	48
31875	2	24	24	29	33
31876	2	34	24	38	29
31877	2	11	296	9	296
31878	8	32	24	-1	-1
31879	2	14	28	13	58
31880	2	26	6	31	9
31881	2	33	6	42	7
31882	4	6	16	28	38
31883	2	13	5	15	11
31884	2	9	6	11	11
31885	2	8	16	17	23
31886	4	24	6	405	13
31887	2	17	16	34	21
31888	2	33	24	36	48
31889	2	23	16	30	20
31890	2	4	6	8	7
31891	2	31	6	41	9
31892	2	24	20	26	26
31893	4	8	6	129	14
31894	2	9	26	12	32
31895	1	18	6	19	6
31896	2	17	26	18	54
31897	2	20	6	24	7
31898	4	44	24	528	58
31899	2	43	24	30	29
31900	2	22	6	29	10
31901	2	3	5	6	5
31902	2	22	23	15	40
31903	4	19	18	348	30
31904	8	28	24	35960	112
31905	2	26	24	19	33
31906	2	8	24	5	47
31907	2	51	296	40	301
31908	1	14	6	15	6
31909	2	16	24	12	45
31910	2	11	20	14	26
31911	2	5	6	11	7
31912	4	18	16	300	42
31913	2	18	6	171	14
31914	2	7	13	14	18
31915	2	23	24	16	48
31916	2	10	5	7	6
31917	2	33	24	24	34
31918	2	19	24	18	48
31919	1	22	28	23	33
31920	2	13	6	17	6
31921	2	16	296	13	315
31922	4	42	24	465	59
31923	4	33	6	933	13
31924	2	10	20	21	26
31925	2	26	296	20	316
31926	2	44	296	35	321
31927	4	25	23	430	66
31928	2	5	6	11	6
31929	2	28	24	32	49
31930	4	20	6	402	13
31931	2	10	16	20	22
31932	2	32	24	33	29
31933	2	12	296	9	303
31934	2	20	23	15	42
31935	2	34	19	44	25
31936	2	22	14	26	21
31937	4	19	16	325	42
31938	2	45	24	32	44
31939	4	14	6	188	14
31940	2	49	24	36	42
31941	2	14	6	18	6
31942	2	7	16	14	22
31943	2	18	23	13	39
31944	1	7	6	7	6
31945	2	21	6	21	7
31946	2	22	6	24	6
31947	2	5	28	10	34
31948	2	23	6	27	11
31949	1	27	6	28	6
31950	1	6	13	6	19
31951	2	20	16	40	22
31952	4	21	23	320	54
31953	2	19	24	13	40
31954	2	30	25	35	52
31955	2	26	23	18	31
31956	1	22	25	22	31
31957	2	18	24	13	24
31958	4	19	6	322	13
31959	1	23	13	24	20
31960	2	19	23	14	25
31961	2	5	28	6	46
31962	2	26	19	30	25
31963	4	39	24	406	60
31964	2	11	6	23	6
31965	4	14	16	169	29
31966	2	15	6	15	6
31967	2	9	26	19	32
31968	2	25	296	20	301
31969	2	7	19	8	23
31970	2	27	24	31	32
31971	4	27	24	190	58
31972	1	17	6	17	6
31973	4	7	5	99	13
31974	2	27	5	31	8
31975	2	17	16	22	34
31976	2	13	6	15	11
31977	4	8	24	28	68
31978	2	10	20	13	25
31979	2	20	24	23	49
31980	2	9	5	12	9
31981	2	18	24	21	33
31982	2	26	6	33	6
31983	4	19	6	253	12
31984	2	10	17	10	23
31985	2	7	16	9	25
31986	2	25	24	25	29
31987	4	8	6	128	14
31988	2	14	296	11	306
31989	2	10	20	13	38
31990	2	23	27	17	56
31991	1	16	25	14	31
31992	2	29	23	34	30
31993	4	3	6	21	12
31994	2	34	24	36	29
31995	8	18	24	7315	116
31996	2	32	28	34	56
31997	2	29	20	31	26
31998	2	12	20	25	26
31999	4	4	6	33	14
32000	4	8	24	15	57
32001	2	18	16	24	21
32002	2	14	26	18	32
32003	4	5	6	51	14
32004	1	12	24	12	46
32005	2	28	28	33	34
32006	4	10	16	91	47
32007	2	28	24	29	30
32008	4	17	16	231	41
32009	2	5	20	10	26
32010	4	16	6	91	12
32011	2	32	296	25	316
32012	2	11	295	9	312
32013	4	20	24	273	58
32014	4	33	23	701	73
32015	4	10	295	28	593
32016	2	24	24	28	34
32017	2	20	15	24	21
32018	2	3	6	6	10
32019	4	23	24	276	74
32020	8	2	6	25	24
32021	2	31	296	24	305
32022	8	30	296	17250	1206
32023	2	27	20	28	26
32024	2	14	6	16	7
32025	2	10	14	21	21
32026	2	30	6	34	10
32027	2	8	18	17	24
32028	4	17	6	273	13
32029	2	15	23	16	43
32030	8	15	296	1001	1202
32031	2	23	16	30	20
32032	2	34	24	36	29
32033	1	29	20	30	25
32034	2	30	24	32	49
32035	2	17	24	18	49
32036	2	15	24	10	43
32037	2	23	16	29	22
32038	2	19	16	26	21
32039	2	8	6	6	9
32040	2	15	28	16	54
32041	4	10	294	28	594
32042	2	12	20	13	25
32043	2	16	6	136	13
32044	2	11	16	22	22
32045	2	20	16	24	22
32046	2	7	6	9	6
32047	2	24	6	24	6
32048	2	13	18	15	24
32049	2	38	28	27	57
32050	2	17	24	16	30
32051	2	20	16	27	36
32052	2	15	16	21	21
32053	2	18	19	19	24
32054	4	35	24	325	78
32055	2	16	20	21	40
32056	4	7	6	36	13
32057	2	17	28	23	34
32058	2	4	6	9	6
32059	2	32	24	36	29
32060	2	28	24	20	49
32061	2	8	5	7	5
32062	8	15	6	3060	26
32063	2	16	6	21	6
32064	2	13	13	17	20
32065	2	34	16	43	22
32066	4	48	296	739	604
32067	2	6	6	12	7
32068	2	31	24	22	47
32069	4	45	24	528	56
32070	4	27	23	491	56
32071	2	24	6	31	6
32072	4	12	18	134	30
32073	2	9	25	11	46
32074	4	12	6	313	14
32075	2	9	26	19	32
32076	4	17	24	91	58
32077	4	22	24	231	78
32078	2	23	296	18	325
32079	2	12	27	25	33
32080	2	25	24	27	33
32081	2	5	6	11	6
32082	1	24	19	24	25
32083	4	18	6	248	14
32084	2	29	24	32	41
32085	2	14	25	14	30
32086	2	27	24	30	32
32087	4	5	16	21	36
32088	2	4	28	9	34
32089	2	20	28	28	34
32090	2	46	24	32	43
32091	2	21	6	21	11
32092	2	31	28	22	55
32093	2	11	5	8	6
32094	4	10	6	90	13
32095	4	24	24	325	57
32096	2	15	19	15	25
32097	2	35	24	25	48
32098	2	47	24	34	29
32099	2	13	6	17	11
32100	2	7	18	6	24
32101	2	19	295	16	326
32102	4	42	24	465	57
32103	2	6	24	21	74
32104	2	23	28	31	34
32105	2	19	296	14	317
32106	2	24	16	27	22
32107	2	14	27	18	33
32108	2	13	24	14	27
32109	2	19	16	18	22
32110	4	39	296	463	600
32111	2	23	16	26	21
32112	2	11	15	11	20
32113	4	22	24	276	58
32114	2	13	295	9	319
32115	2	20	6	24	10
32116	2	25	20	34	26
32117	1	24	6	24	6
32118	4	49	24	561	56
32119	8	47	24	-1	-1
32120	2	19	24	20	29
32121	2	28	6	435	14
32122	4	13	6	135	13
32123	2	33	24	38	30
32124	2	25	26	29	32
32125	2	21	20	20	26
32126	1	4	28	4	34
32127	2	24	12	28	19
32128	2	20	16	23	23
32129	4	8	6	63	14
32130	2	30	24	33	30
32131	2	16	6	105	12
32132	2	25	6	35	11
32133	4	41	28	435	85
32134	4	24	16	351	28
32135	4	12	6	289	14
32136	2	13	6	14	6
32137	2	26	24	30	29
32138	2	38	296	30	321
32139	4	27	24	491	60
32140	4	47	24	595	77
32141	4	24	24	401	56
32142	2	13	28	17	48
32143	4	14	24	91	57
32144	2	11	24	66	59
32145	2	11	6	22	7
32146	2	5	4	15	8
32147	4	9	24	21	57
32148	2	38	28	27	57
32149	4	15	6	120	12
32150	1	21	6	22	11
32151	2	33	6	42	9
32152	1	12	6	12	7
32153	2	54	24	39	46
32154	2	9	13	18	19
32155	2	20	24	20	44
32156	2	24	6	29	12
32157	2	26	6	31	7
32158	2	16	19	15	24
32159	2	29	15	37	20
32160	1	9	24	9	32
32161	4	18	6	171	12
32162	4	33	6	851	13
32163	8	34	296	27027	1199
32164	2	13	6	13	9
32165	4	24	296	189	601
32166	2	29	23	33	27
32167	2	11	13	12	18
32168	2	13	16	13	21
32169	2	14	16	15	21
32170	2	12	24	13	32
32171	2	32	16	42	21
32172	4	26	6	460	13
32173	2	14	20	15	25
32174	2	29	16	34	23
32175	2	6	12	7	18
32176	4	20	16	351	57
32177	2	10	24	7	31
32178	4	18	6	210	13
32179	2	27	18	30	24
32180	2	11	20	23	26
32181	4	37	295	405	599
32182	4	13	22	78	55
32183	2	7	23	6	27
32184	2	5	6	10	9
32185	4	8	23	15	56
32186	2	12	28	16	33
32187	2	32	25	43	31
32188	2	23	295	18	318
32189	2	27	24	31	47
32190	2	24	24	16	28
32191	1	12	6	12	6
32192	2	18	27	25	33
32193	2	21	6	253	12
32194	2	32	24	31	46
32195	2	25	27	29	54
32196	2	25	24	29	48
32197	2	54	24	38	30
32198	2	4	6	10	17
32199	2	26	24	26	47
32200	2	17	16	23	37
32201	2	10	27	8	33
32202	2	23	24	24	49
32203	2	7	6	14	11
32204	2	29	296	22	318
32205	2	55	24	39	49
32206	2	15	5	21	8
32207	2	28	24	31	46
32208	2	10	6	19	10
32209	2	13	24	12	33
32210	4	14	24	78	59
32211	2	3	16	6	21
32212	4	21	20	348	33
32213	2	11	5	10	6
32214	4	39	24	378	58
32215	2	11	16	23	23
32216	2	10	6	55	13
32217	2	6	18	12	23
32218	2	40	296	32	306
32219	2	32	24	31	29
32220	2	8	5	36	12
32221	2	10	6	14	12
32222	2	10	16	13	20
32223	2	25	24	26	43
32224	2	8	6	36	12
32225	1	14	15	14	20
32226	4	25	16	561	58
32227	1	22	18	22	23
32228	4	34	6	817	13
32229	1	8	24	8	49
32230	2	8	14	6	19
32231	4	31	24	560	56
32232	2	17	24	12	28
32233	2	34	13	43	19
32234	2	21	24	24	30
32235	2	9	16	11	25
32236	2	30	24	32	33
32237	2	18	6	18	10
32238	1	15	6	16	9
32239	8	19	23	13685	113
32240	4	32	24	253	59
32241	2	20	14	25	21
32242	2	40	24	29	41
32243	2	22	6	23	6
32244	2	31	20	40	27
32245	2	20	6	210	17
32246	4	32	6	734	13
32247	2	34	23	38	42
32248	2	28	24	32	28
32249	4	44	296	628	602
32250	4	12	24	66	55
32251	8	31	6	-1	-1
32252	4	9	14	77	27
32253	2	26	18	35	24
32254	2	34	24	39	32
32255	2	9	20	19	26
32256	2	16	27	20	47
32257	2	50	28	36	56
32258	2	11	24	9	42
32259	2	14	26	13	31
32260	1	28	27	29	54
32261	1	5	6	5	6
32262	4	27	296	252	604
32263	2	19	6	24	10
32264	2	15	27	16	56
32265	2	11	24	8	26
32266	2	15	24	14	29
32267	2	12	6	16	6
32268	2	21	19	20	24
32269	2	46	23	32	31
32270	2	37	28	27	56
32271	2	28	24	33	31
32272	2	40	296	31	314
32273	2	25	28	25	56
32274	2	8	27	17	34
32275	2	16	16	18	21
32276	2	11	6	14	10
32277	4	27	296	230	600
32278	2	12	6	25	10
32279	1	20	6	20	11
32280	1	21	14	22	20
32281	2	26	24	29	30
32282	2	7	6	14	8
32283	2	24	6	30	6
32284	2	32	27	43	33
32285	2	34	23	37	48
32286	8	19	6	16653	28
32287	2	29	24	32	47
32288	2	34	24	38	29
32289	2	14	20	18	41
32290	2	19	6	25	6
32291	2	18	28	21	34
32292	2	11	6	22	12
32293	1	17	6	18	10
32294	2	22	24	16	32
32295	4	37	24	351	59
32296	2	16	24	11	49
32297	4	8	6	28	12
32298	4	16	6	136	13
32299	4	30	24	465	60
32300	2	17	256	26	262
32301	2	16	22	12	28
32302	2	8	16	7	21
32303	2	8	6	17	6
32304	4	51	24	703	75
32305	4	25	6	591	13
32306	2	10	6	13	8
32307	2	17	24	18	46
32308	4	20	6	190	13
32309	4	15	24	66	53
32310	4	15	6	120	12
32311	2	19	23	14	46
32312	2	4	16	10	30
32313	4	11	16	243	30
32314	2	48	296	39	327
32315	4	6	6	85	12
32316	2	27	24	31	46
32317	2	44	26	32	55
32318	2	17	18	21	23
32319	1	26	6	24	11
32320	2	10	24	11	28
32321	4	4	16	15	56
32322	2	23	24	23	29
32323	2	10	27	20	33
32324	4	31	28	560	88
32325	2	10	16	13	21
32326	4	19	6	348	13
32327	2	24	16	28	21
32328	2	15	6	20	6
32329	2	13	24	12	48
32330	1	7	24	7	46
32331	2	24	19	31	25
32332	2	18	24	21	27
32333	2	40	24	28	48
32334	4	16	20	185	31
32335	2	28	24	20	33
32336	1	10	16	10	22
32337	2	13	24	9	48
32338	4	30	24	556	57
32339	4	17	24	66	53
32340	2	26	15	33	21
32341	2	32	24	37	32
32342	2	41	23	29	47
32343	4	14	24	91	56
32344	4	12	6	313	14
32345	2	19	23	23	42
32346	2	29	6	34	12
32347	2	22	24	26	43
32348	2	3	6	6	9
32349	2	36	24	40	34
32350	2	6	24	15	72
32351	2	22	24	16	29
32352	2	11	6	23	6
32353	2	11	11	23	18
32354	2	24	24	28	44
32355	2	15	24	15	32
32356	2	51	296	40	303
32357	4	26	24	463	55
32358	2	19	6	24	6
32359	2	21	18	21	24
32360	4	13	24	78	75
32361	2	7	16	7	21
32362	2	14	20	105	33
32363	4	19	24	171	58
32364	2	19	16	26	24
32365	2	37	296	29	302
32366	2	24	24	27	24
32367	2	9	6	8	11
32368	4	18	24	228	55
32369	4	34	24	701	53
32370	2	23	24	26	44
32371	2	14	6	19	11
32372	2	16	24	17	32
32373	2	21	24	22	30
32374	2	23	28	27	57
32375	2	5	16	7	21
32376	2	20	17	25	22
32377	2	10	5	13	10
32378	2	26	24	26	30
32379	2	14	19	18	39
32380	2	7	16	7	21
32381	1	18	5	19	6
32382	2	7	6	9	10
32383	2	14	6	15	6
32384	2	38	24	27	32
32385	2	16	296	13	301
32386	2	15	15	18	22
32387	2	34	24	38	49
32388	2	31	24	34	35
32389	4	32	23	701	57
32390	2	23	28	24	34
32391	2	23	16	23	21
32392	2	23	17	27	23
32393	4	23	6	299	14
32394	2	23	19	23	24
32395	1	5	28	5	53
32396	2	8	294	6	314
32397	2	22	14	22	20
32398	2	13	24	14	48
32399	4	13	16	152	27
32400	2	6	6	13	12
32401	2	39	24	27	48
32402	2	30	25	22	53
32403	1	22	16	22	22
32404	2	25	6	35	6
32405	2	31	28	22	56
32406	2	53	24	38	29
32407	4	18	24	91	58
32408	2	16	25	16	52
32409	2	18	16	24	24
32410	2	16	24	18	45
32411	2	12	20	16	40
32412	2	11	26	22	32
32413	2	12	25	25	32
32414	2	17	23	14	29
32415	2	12	24	13	41
32416	2	4	28	5	40
32417	2	23	19	29	25
32418	2	11	24	9	42
32419	2	8	27	11	32
32420	8	46	24	-1	-1
32421	2	6	23	21	55
32422	2	48	24	34	44
32423	4	9	6	163	13
32424	2	25	25	28	31
32425	2	19	25	24	31
32426	8	17	16	12440	76
32427	2	31	24	33	45
32428	2	5	20	7	25
32429	1	6	26	6	32
32430	4	33	24	630	57
32431	2	20	6	21	6
32432	2	12	19	25	25
32433	2	12	25	25	32
32434	2	16	20	14	25
32435	2	50	27	35	56
32436	2	7	16	14	22
32437	1	10	6	10	6
32438	4	12	16	91	28
32439	2	36	28	40	54
32440	2	8	17	10	21
32441	2	23	6	23	11
32442	2	35	24	38	30
32443	4	16	5	171	12
32444	2	13	20	18	26
32445	2	16	15	20	20
32446	2	23	24	27	42
32447	4	10	6	90	13
32448	2	33	24	36	33
32449	2	13	15	26	21
32450	2	31	24	32	48
32451	2	10	28	21	34
32452	4	6	6	78	13
32453	2	26	24	26	42
32454	1	8	16	8	22
32455	2	26	24	30	31
32456	4	15	16	210	39
32457	4	17	22	91	52
32458	2	19	16	16	21
32459	2	17	6	23	7
32460	2	21	6	20	11
32461	2	32	6	40	6
32462	2	14	22	14	40
32463	2	33	28	23	57
32464	2	18	16	22	21
32465	2	24	16	31	20
32466	2	32	24	35	31
32467	2	34	27	40	55
32468	2	43	24	31	42
32469	2	12	16	25	23
32470	2	23	24	24	45
32471	4	13	6	119	12
32472	4	13	24	119	56
32473	4	35	24	351	58
32474	2	16	6	20	6
32475	8	51	24	-1	-1
32476	2	27	6	31	9
32477	2	22	24	26	34
32478	2	20	16	17	22
32479	4	43	24	496	62
32480	4	52	24	703	74
32481	2	25	296	18	316
32482	2	19	6	23	10
32483	2	33	24	24	34
32484	2	18	15	21	21
32485	1	11	24	11	29
32486	4	16	6	205	13
32487	4	12	6	289	12
32488	2	33	18	41	24
32489	2	9	17	19	23
32490	2	13	17	18	36
32491	2	23	24	23	30
32492	1	9	6	9	9
32493	2	52	28	37	55
32494	2	31	24	22	28
32495	2	9	6	12	8
32496	2	18	23	22	39
32497	2	26	24	18	45
32498	8	46	24	-1	-1
32499	2	18	13	21	19
32500	2	27	24	31	30
32501	2	17	16	22	21
32502	4	32	6	629	12
32503	4	15	6	153	13
32504	2	40	24	28	48
32505	2	7	6	14	8
32506	2	14	28	19	34
32507	2	9	27	12	43
32508	2	11	22	10	26
32509	2	30	15	38	21
32510	2	24	28	28	34
32511	4	52	24	703	57
32512	2	33	24	36	43
32513	2	5	28	7	33
32514	2	9	16	19	22
32515	4	27	15	524	29
32516	8	21	24	12650	107
32517	2	5	25	7	32
32518	2	48	24	35	29
32519	2	14	6	18	7
32520	2	18	26	19	54
32521	2	22	24	24	46
32522	2	11	25	78	37
32523	2	15	26	19	47
32524	2	18	24	17	44
32525	4	9	24	21	71
32526	2	12	24	24	30
32527	2	33	24	24	43
32528	2	16	28	20	33
32529	2	22	20	24	26
32530	2	2	6	4	6
32531	2	12	6	25	10
32532	2	28	24	29	46
32533	2	44	24	31	30
32534	2	25	6	29	11
32535	2	50	24	36	32
32536	2	23	16	31	21
32537	2	27	24	29	44
32538	4	48	24	630	56
32539	2	26	26	25	55
32540	4	21	24	120	56
32541	1	4	28	4	33
32542	4	25	6	489	14
32543	4	32	6	701	14
32544	2	11	6	23	12
32545	2	29	24	31	29
32546	2	43	24	31	29
32547	2	24	24	25	50
32548	2	19	16	23	22
32549	2	41	24	28	46
32550	2	18	25	25	31
32551	4	4	5	15	11
32552	2	30	296	23	312
32553	2	26	6	28	9
32554	4	24	24	153	55
32555	1	10	5	11	5
32556	2	14	15	18	20
32557	2	7	28	14	34
32558	2	13	16	17	24
32559	4	22	24	253	60
32560	2	16	296	12	320
32561	4	14	20	136	32
32562	2	3	6	7	6
32563	2	51	24	37	32
32564	4	26	6	460	14
32565	4	4	16	33	27
32566	2	27	19	29	24
32567	2	20	20	28	26
32568	2	28	18	31	23
32569	2	2	26	5	31
32570	2	25	28	35	34
32571	4	17	6	153	13
32572	2	22	24	23	49
32573	4	31	296	299	599
32574	4	27	6	522	13
32575	2	40	24	27	31
32576	1	10	25	10	31
32577	4	14	24	120	60
32578	2	26	6	28	10
32579	4	29	24	210	78
32580	2	11	6	23	7
32581	2	20	28	27	33
32582	2	20	26	24	55
32583	2	24	6	28	11
32584	2	12	23	8	32
32585	2	13	16	17	27
32586	4	6	16	85	28
32587	1	18	6	18	6
32588	2	35	296	27	329
32589	4	33	6	777	14
32590	2	34	28	45	34
32591	2	11	20	22	26
32592	4	8	6	145	14
32593	2	33	24	38	28
32594	2	12	19	16	25
32595	4	9	24	55	53
32596	2	6	20	13	27
32597	2	17	6	23	11
32598	2	27	24	31	45
32599	2	21	6	25	6
32600	2	22	24	16	45
32601	4	22	6	346	13
32602	4	49	24	595	61
32603	2	9	16	11	21
32604	2	24	23	28	45
32605	4	28	24	435	74
32606	1	6	6	6	6
32607	2	6	6	12	10
32608	2	28	27	31	55
32609	2	17	28	23	34
32610	2	19	296	13	299
32611	2	13	5	13	5
32612	4	7	6	21	12
32613	2	40	296	32	326
32614	4	30	24	556	74
32615	2	6	6	21	13
32616	4	37	24	351	56
32617	2	17	24	15	32
32618	2	24	6	28	6
32619	4	25	24	171	57
32620	2	28	24	20	47
32621	4	17	5	171	11
32622	2	7	27	14	33
32623	2	38	296	31	327
32624	2	32	24	36	43
32625	4	19	16	348	27
32626	2	50	296	40	329
32627	2	5	28	11	34
32628	4	32	24	701	56
32629	2	8	27	17	33
32630	4	14	6	120	12
32631	2	30	24	34	31
32632	1	4	6	4	11
32633	1	24	6	22	7
32634	2	21	6	20	6
32635	4	35	27	325	84
32636	2	11	17	10	22
32637	2	22	20	29	40
32638	2	15	28	16	56
32639	2	4	20	8	27
32640	2	22	28	22	57
32641	2	20	23	15	47
32642	4	22	26	435	69
32643	2	24	24	27	29
32644	2	33	6	42	7
32645	4	10	6	201	15
32646	2	25	16	28	22
32647	2	9	16	12	36
32648	2	40	296	32	318
32649	4	20	25	190	37
32650	1	18	16	19	22
32651	4	16	6	188	13
32652	4	16	6	91	12
32653	2	12	11	9	16
32654	2	11	28	22	34
32655	4	10	6	221	14
32656	2	10	22	11	22
32657	2	33	28	37	55
32658	4	10	6	715	28
32659	4	12	6	134	13
32660	4	17	6	229	12
32661	2	40	24	28	48
32662	2	17	24	20	52
32663	2	27	24	28	29
32664	2	34	24	36	30
32665	1	12	16	10	22
32666	2	8	28	11	48
32667	4	33	24	703	59
32668	2	26	18	33	24
32669	4	10	6	201	14
32670	2	24	296	19	327
32671	2	14	20	17	26
32672	4	25	6	434	13
32673	4	29	24	493	60
32674	2	24	24	28	29
32675	2	9	6	12	6
32676	2	52	24	37	29
32677	1	16	6	16	8
32678	2	20	24	24	43
32679	2	11	18	22	25
32680	2	21	19	28	39
32681	2	8	28	16	35
32682	2	10	6	55	13
32683	2	10	6	21	6
32684	2	8	28	5	54
32685	4	25	24	406	60
32686	1	19	5	20	11
32687	1	29	16	30	22
32688	2	24	15	28	21
32689	2	20	24	19	34
32690	2	31	16	35	22
32691	4	11	6	77	13
32692	2	15	24	11	31
32693	4	11	24	55	57
32694	2	9	27	8	33
32695	4	12	16	120	43
32696	1	22	28	20	33
32697	2	10	16	14	22
32698	8	8	6	2945	28
32699	2	36	296	29	305
32700	1	8	23	8	45
32701	4	25	6	351	18
32702	2	14	26	10	52
32703	2	19	20	22	25
32704	2	26	6	35	7
32705	1	14	6	14	7
32706	2	10	24	7	24
32707	4	3	27	21	41
32708	2	32	296	25	300
32709	2	24	16	27	22
32710	4	21	14	403	27
32711	2	9	5	6	7
32712	4	20	24	210	58
32713	1	7	24	7	47
32714	2	17	6	20	10
32715	2	8	23	7	29
32716	2	12	24	13	42
32717	2	20	6	22	10
32718	4	17	6	251	12
32719	4	11	6	265	14
32720	2	7	5	9	10
32721	2	19	296	15	320
32722	2	13	6	16	10
32723	2	13	24	14	29
32724	4	31	6	625	16
32725	2	48	24	34	34
32726	2	27	15	28	21
32727	2	8	20	11	38
32728	2	30	24	35	43
32729	2	26	24	29	41
32730	8	27	6	-1	-1
32731	2	37	296	29	304
32732	4	12	15	313	28
32733	4	8	27	55	68
32734	8	5	4	182	20
32735	1	6	28	6	32
32736	4	24	24	378	58
32737	4	14	19	188	32
32738	4	27	27	190	84
32739	2	25	28	18	55
32740	2	30	20	33	26
32741	2	21	24	15	48
32742	4	27	28	190	79
32743	2	18	6	24	6
32744	2	22	16	24	21
32745	1	8	24	8	32
32746	2	19	28	16	34
32747	2	32	24	37	32
32748	2	47	24	34	51
32749	2	40	24	29	33
32750	2	8	6	11	6
32751	2	17	24	20	29
32752	2	17	24	17	33
32753	2	50	27	36	55
32754	2	20	14	23	20
32755	2	14	6	18	6
32756	2	27	28	32	56
32757	2	11	16	14	22
32758	2	11	23	15	43
32759	2	14	292	10	323
32760	2	24	5	28	5
32761	2	5	6	10	11
32762	2	41	296	33	327
32763	4	4	19	33	31
32764	2	6	16	5	21
32765	2	11	28	23	35
32766	2	30	23	34	39
32767	4	3	6	21	19
32768	2	10	16	13	22
32769	2	8	15	10	20
32770	2	15	15	12	22
32771	1	16	16	16	22
32772	2	5	26	7	30
32773	2	19	6	26	12
32774	2	7	6	9	10
32775	2	32	24	32	42
32776	2	19	6	26	6
32777	4	11	20	66	30
32778	2	25	24	26	35
32779	2	23	17	32	23
32780	2	17	5	14	6
32781	2	26	16	30	22
32782	2	9	6	12	9
32783	2	17	23	18	32
32784	2	28	20	37	26
32785	2	9	6	19	12
32786	2	8	19	7	25
32787	2	17	15	153	26
32788	4	19	20	325	61
32789	2	25	6	34	9
32790	2	19	24	19	50
32791	2	8	6	8	7
32792	2	27	27	28	33
32793	2	27	24	31	27
32794	2	28	6	30	10
32795	2	22	16	26	22
32796	2	11	28	21	34
32797	2	9	25	12	31
32798	2	26	6	31	6
32799	2	24	6	27	9
32800	2	19	12	16	19
32801	4	29	24	465	58
32802	2	15	6	15	12
32803	2	7	19	9	23
32804	2	24	28	27	34
32805	2	30	23	34	23
32806	4	11	6	115	12
32807	2	17	20	14	26
32808	2	18	24	19	49
32809	4	33	24	773	47
32810	2	14	6	18	6
32811	2	12	19	25	25
32812	4	7	6	113	14
32813	2	5	26	6	32
32814	2	20	6	26	7
32815	2	51	296	41	329
32816	2	24	13	33	19
32817	2	25	28	27	57
32818	2	27	24	30	44
32819	1	9	28	10	33
32820	2	7	16	15	23
32821	4	54	24	741	61
32822	4	29	24	556	58
32823	2	21	28	42	34
32824	4	18	28	274	41
32825	2	32	15	42	21
32826	2	6	6	28	13
32827	2	3	16	7	21
32828	2	17	24	12	33
32829	2	22	6	26	8
32830	2	49	24	34	47
32831	2	25	24	18	45
32832	2	3	5	5	8
32833	2	24	6	31	11
32834	2	7	20	9	39
32835	2	31	24	33	45
32836	2	27	6	31	6
32837	2	26	24	19	29
32838	2	14	6	15	10
32839	2	31	26	32	56
32840	2	22	26	30	32
32841	4	29	6	496	12
32842	2	27	6	31	6
32843	2	22	23	16	32
32844	4	22	24	346	58
32845	1	10	24	10	30
32846	4	15	16	228	29
32847	4	10	6	221	14
32848	4	19	6	323	13
32849	2	3	5	5	11
32850	2	24	28	28	56
32851	2	31	20	35	26
32852	2	16	19	22	40
32853	4	11	5	77	11
32854	2	20	6	17	6
32855	2	34	20	45	26
32856	2	14	20	19	26
32857	1	18	20	18	26
32858	2	42	24	29	49
32859	2	26	28	28	34
32860	2	32	24	43	30
32861	2	15	24	16	48
32862	2	29	23	20	29
32863	4	13	6	133	12
32864	2	18	24	19	45
32865	2	14	16	19	22
32866	2	16	23	11	33
32867	2	16	6	17	9
32868	2	14	24	13	45
32869	2	11	24	10	33
32870	2	31	15	36	21
32871	2	20	6	19	10
32872	2	4	14	5	19
32873	2	9	5	10	9
32874	2	23	24	24	29
32875	2	10	18	9	24
32876	2	16	24	11	29
32877	4	31	24	253	59
32878	2	8	24	36	55
32879	4	13	24	78	58
32880	2	29	6	34	7
32881	2	12	24	13	44
32882	1	24	20	24	26
32883	2	32	24	23	34
32884	4	9	5	86	11
32885	2	20	18	23	24
32886	2	38	24	28	53
32887	1	8	28	8	55
32888	2	19	27	19	33
32889	4	8	6	129	14
32890	2	19	24	19	43
32891	1	25	16	25	21
32892	2	17	24	18	48
32893	2	33	18	45	24
32894	2	27	296	21	314
32895	2	5	6	11	10
32896	2	6	3	5	3
32897	2	10	6	55	17
32898	2	16	6	136	15
32899	2	33	24	35	32
32900	8	20	24	3060	113
32901	2	6	5	7	9
32902	2	16	6	21	11
32903	2	17	27	17	33
32904	2	9	16	12	20
32905	1	18	20	18	26
32906	2	46	296	36	327
32907	2	13	23	9	31
32908	2	26	6	29	10
32909	4	33	6	739	12
32910	2	11	15	23	22
32911	4	3	16	10	43
32912	2	16	19	17	24
32913	2	21	24	24	29
32914	4	13	5	55	12
32915	2	19	20	26	26
32916	4	56	24	820	58
32917	2	15	16	20	26
32918	4	23	294	170	598
32919	2	9	19	9	24
32920	2	23	6	23	11
32921	2	38	296	29	316
32922	2	7	18	14	24
32923	2	34	20	40	26
32924	2	17	24	17	47
32925	2	21	6	21	11
32926	2	34	24	38	29
32927	2	33	6	43	12
32928	4	16	24	153	57
32929	2	28	24	32	48
32930	2	9	19	18	25
32931	2	18	5	17	5
32932	1	10	27	10	33
32933	2	13	6	16	7
32934	2	26	21	30	21
32935	2	32	28	23	56
32936	2	17	20	21	25
32937	2	30	6	35	11
32938	2	7	20	7	25
32939	1	10	19	10	24
32940	4	20	6	274	12
32941	2	11	6	23	7
32942	2	20	16	21	22
32943	2	27	17	31	23
32944	8	20	24	16170	110
32945	2	29	6	465	12
32946	2	31	25	34	54
32947	4	19	6	348	13
32948	8	24	6	-1	-1
32949	2	4	16	6	23
32950	4	55	24	780	74
32951	2	11	6	22	11
32952	4	24	20	401	32
32953	2	27	24	31	34
32954	2	29	25	30	54
32955	2	29	6	33	11
32956	4	8	6	129	14
32957	4	16	16	231	41
32958	4	29	24	465	56
32959	2	16	24	20	25
32960	4	23	20	465	61
32961	2	24	12	33	19
32962	1	4	16	4	22
32963	2	31	296	25	304
32964	4	14	6	91	13
32965	4	14	15	136	27
32966	2	13	6	26	6
32967	2	24	24	26	53
32968	2	21	22	15	26
32969	1	6	13	6	19
32970	2	25	16	33	22
32971	2	17	6	19	10
32972	2	5	6	15	12
32973	1	6	5	7	9
32974	4	2	3	9	7
32975	2	26	18	30	24
32976	2	27	15	33	21
32977	2	34	24	38	41
32978	8	14	16	4747	85
32979	2	5	16	10	21
32980	2	19	28	25	34
32981	2	35	6	45	7
32982	2	19	6	22	6
32983	2	6	28	12	34
32984	2	12	20	24	27
32985	2	17	16	17	22
32986	2	8	6	8	10
32987	4	31	24	560	60
32988	2	4	16	5	16
32989	2	8	13	15	19
32990	2	11	6	22	11
32991	4	28	6	496	13
32992	2	12	16	16	21
32993	2	22	6	253	13
32994	2	19	24	21	44
32995	2	33	24	23	45
32996	2	9	6	9	6
32997	4	8	27	129	41
32998	2	5	16	6	21
32999	2	30	24	20	27
33000	2	9	296	7	319
33001	4	19	6	136	13
33002	4	19	6	190	13
33003	2	45	24	31	44
33004	2	24	6	31	10
33005	4	28	24	435	60
33006	2	7	20	9	26
33007	2	20	24	23	33
33008	4	30	24	590	48
33009	2	16	27	16	31
33010	2	33	24	37	45
33011	4	6	5	28	11
33012	2	10	20	19	27
33013	2	35	24	25	29
33014	1	20	6	21	11
33015	2	22	6	253	12
33016	4	10	22	28	54
33017	2	24	16	28	22
33018	8	32	296	20150	1203
33019	1	6	24	6	49
33020	4	23	24	373	59
33021	2	16	24	16	46
33022	4	30	24	253	75
33023	2	8	16	5	21
33024	2	5	17	10	24
33025	2	48	296	39	320
33026	2	16	6	136	12
33027	2	14	296	11	297
33028	2	29	6	35	7
33029	2	23	16	30	21
33030	2	10	19	8	28
33031	2	10	24	55	56
33032	4	18	23	78	55
33033	2	7	28	6	33
33034	2	8	19	6	24
33035	2	12	19	25	26
33036	2	17	23	17	48
33037	2	19	24	13	29
33038	1	16	6	14	11
33039	4	16	16	231	42
33040	2	21	28	24	56
33041	2	31	27	41	34
33042	2	13	23	14	45
33043	2	5	15	6	23
33044	2	17	6	18	11
33045	2	7	19	9	25
33046	4	8	23	15	74
33047	4	18	24	78	57
33048	1	9	24	9	43
33049	2	9	24	10	39
33050	1	6	24	6	47
33051	2	10	6	20	7
33052	2	2	14	4	20
33053	1	24	6	24	10
33054	4	25	6	625	13
33055	2	26	23	30	39
33056	4	23	24	300	56
33057	4	18	6	274	17
33058	4	8	16	55	36
33059	2	16	24	18	34
33060	2	42	24	30	44
33061	2	21	23	22	43
33062	2	41	23	29	46
33063	2	23	28	30	49
33064	1	7	18	7	23
33065	4	3	6	19	14
33066	1	19	6	20	10
33067	2	21	23	16	24
33068	2	40	27	29	54
33069	2	14	6	19	6
33070	2	8	296	6	302
33071	4	8	6	55	13
33072	2	25	23	30	43
33073	2	21	20	21	25
33074	1	7	24	7	51
33075	2	23	24	26	30
33076	2	22	16	22	21
33077	2	21	16	26	22
33078	2	12	28	9	31
33079	4	48	24	595	58
33080	2	25	25	33	46
33081	2	35	296	28	328
33082	8	14	6	6936	25
33083	4	26	6	406	12
33084	4	19	19	325	60
33085	2	17	24	20	40
33086	4	2	6	13	12
33087	1	11	27	12	34
33088	2	33	24	23	32
33089	4	13	28	133	42
33090	2	44	296	35	302
33091	2	18	16	22	22
33092	2	5	28	10	34
33093	2	26	24	19	32
33094	2	11	16	7	21
33095	2	11	6	12	6
33096	4	14	16	171	42
33097	2	33	24	36	35
33098	2	6	26	5	31
33099	2	14	24	14	29
33100	4	23	6	276	14
33101	2	24	6	300	13
33102	2	22	6	44	10
33103	2	28	24	31	46
33104	4	22	13	253	24
33105	2	14	16	17	21
33106	4	8	20	64	31
33107	2	23	24	23	32
33108	2	15	28	16	57
33109	2	27	6	35	10
33110	4	17	6	273	13
33111	4	26	28	378	41
33112	2	17	20	20	26
33113	4	10	6	90	16
33114	2	18	24	17	44
33115	2	6	20	11	26
33116	1	11	24	11	45
33117	2	26	24	19	48
33118	2	23	16	31	25
33119	2	16	6	19	8
33120	2	5	17	6	37
33121	2	14	16	19	21
33122	2	5	6	21	12
33123	4	32	23	625	57
33124	4	16	24	205	55
33125	2	9	19	10	24
33126	2	34	24	38	32
33127	2	30	28	35	56
33128	2	16	24	16	29
33129	2	12	6	78	14
33130	4	20	16	351	42
33131	4	26	6	460	14
33132	4	27	27	526	40
33133	2	6	28	7	33
33134	2	34	24	36	52
33135	2	7	16	9	21
33136	2	12	22	8	47
33137	2	6	6	13	6
33138	2	48	24	35	33
33139	4	8	6	145	12
33140	2	11	16	21	23
33141	4	24	24	378	55
33142	1	8	16	8	21
33143	2	27	28	27	56
33144	4	3	6	25	12
33145	2	51	296	40	315
33146	4	15	6	105	11
33147	1	11	20	12	26
33148	2	11	23	7	31
33149	2	7	24	28	54
33150	2	14	6	11	6
33151	4	27	28	491	86
33152	2	12	6	16	6
33153	2	8	23	7	42
33154	2	15	16	19	20
33155	2	11	27	12	50
33156	4	22	296	136	599
33157	2	7	6	13	6
33158	4	22	24	346	75
33159	2	25	6	351	14
33160	4	16	6	153	13
33161	2	35	24	26	29
33162	2	18	20	22	25
33163	2	23	16	30	35
33164	2	8	6	17	10
33165	2	20	28	19	34
33166	2	15	6	15	10
33167	2	20	6	27	7
33168	4	21	296	190	630
33169	4	23	296	171	603
33170	2	11	6	23	12
33171	2	47	25	34	54
33172	2	7	6	14	12
33173	4	7	16	45	56
33174	1	9	24	9	33
33175	2	31	24	36	34
33176	4	27	24	406	54
33177	1	18	15	14	21
33178	4	18	23	91	58
33179	2	31	24	34	33
33180	2	34	24	39	48
33181	4	8	6	28	12
33182	1	22	6	23	6
33183	2	16	295	12	315
33184	4	5	6	61	14
33185	2	31	26	40	32
33186	2	7	25	8	30
33187	2	33	296	25	320
33188	2	6	5	7	9
33189	2	25	24	29	42
33190	2	26	6	31	10
33191	4	30	296	275	605
33192	4	17	16	276	47
33193	2	20	24	20	44
33194	2	4	20	5	36
33195	4	52	24	703	59
33196	4	27	28	190	82
33197	2	5	15	6	19
33198	4	51	296	818	600
33199	8	53	24	-1	-1
33200	2	7	6	14	7
33201	4	14	19	120	30
33202	2	46	24	33	48
33203	2	4	6	5	6
33204	2	10	24	10	48
33205	2	20	18	23	23
33206	4	17	296	78	616
33207	2	12	20	25	26
33208	2	21	6	28	6
33209	2	6	13	13	19
33210	2	30	19	34	25
33211	2	10	20	13	26
33212	4	30	24	628	55
33213	4	9	20	65	32
33214	2	30	24	33	47
33215	2	23	6	25	6
33216	2	21	23	15	30
33217	2	54	28	39	56
33218	4	31	6	664	13
33219	2	4	12	5	16
33220	1	8	24	8	29
33221	2	18	28	24	34
33222	2	14	6	17	6
33223	4	13	16	153	39
33224	2	6	5	12	10
33225	2	17	6	22	8
33226	2	33	25	23	52
33227	4	16	6	188	13
33228	2	32	24	36	42
33229	4	11	28	66	39
33230	4	24	6	557	13
33231	2	20	16	27	23
33232	4	31	24	625	78
33233	2	30	15	36	21
33234	2	4	16	5	19
33235	2	11	12	11	18
33236	2	27	24	28	29
33237	2	9	6	12	10
33238	4	27	24	190	58
33239	1	8	16	8	22
33240	4	15	24	136	52
33241	2	10	5	13	8
33242	2	19	24	14	47
33243	2	13	15	13	20
33244	2	18	19	19	24
33245	1	18	19	18	25
33246	2	12	12	24	20
33247	4	15	20	207	32
33248	2	24	6	33	6
33249	2	10	6	10	10
33250	4	27	24	491	77
33251	2	28	24	32	26
33252	1	26	6	26	11
33253	2	7	5	9	5
33254	4	11	6	243	14
33255	2	44	296	35	327
33256	2	10	19	13	25
33257	2	22	24	15	31
33258	2	56	24	40	34
33259	2	43	296	33	329
33260	8	18	6	7315	26
33261	2	9	16	6	21
33262	2	25	24	25	29
33263	2	11	28	8	34
33264	2	21	24	15	28
33265	2	14	28	17	33
33266	2	45	296	35	316
33267	2	34	24	39	29
33268	2	34	26	43	32
33269	2	31	6	35	9
33270	2	16	6	20	11
33271	2	15	19	17	25
33272	2	6	19	8	36
33273	2	31	24	35	28
33274	4	49	24	666	72
33275	4	26	24	190	53
33276	2	8	14	16	20
33277	2	15	6	14	6
33278	2	29	24	32	44
33279	4	45	296	628	603
33280	2	9	6	6	6
33281	4	11	24	1001	112
33282	2	33	28	37	55
33283	4	30	24	231	77
33284	1	18	6	18	8
33285	2	20	16	27	22
33286	4	46	24	528	76
33287	2	43	296	34	323
33288	2	22	24	26	50
33289	2	36	24	25	29
33290	2	17	19	21	25
33291	4	56	24	780	57
33292	4	9	16	21	27
33293	2	17	24	17	33
33294	4	17	16	253	42
33295	2	3	6	6	11
33296	1	6	24	6	29
33297	2	34	24	38	29
33298	2	32	24	34	35
33299	2	10	6	20	13
33300	2	50	296	40	303
33301	2	52	24	37	47
33302	8	9	6	495	24
33303	2	12	6	24	8
33304	2	4	16	8	22
33305	1	10	12	10	18
33306	2	10	24	7	43
33307	1	20	16	18	22
33308	2	27	6	33	6
33309	2	12	6	25	7
33310	2	22	24	16	41
33311	4	7	15	99	30
33312	2	46	24	33	34
33313	1	12	12	12	17
33314	4	23	6	493	13
33315	4	19	5	7315	25
33316	1	22	6	22	10
33317	2	10	17	13	23
33318	2	14	6	17	10
33319	2	3	27	7	33
33320	2	32	296	25	302
33321	2	32	24	35	28
33322	2	14	13	19	20
33323	2	50	24	35	45
33324	4	16	6	78	12
33325	2	22	24	23	32
33326	2	32	24	36	30
33327	2	15	26	16	31
33328	2	8	26	8	32
33329	2	37	296	29	317
33330	4	23	5	276	11
33331	4	27	6	654	13
33332	2	15	15	15	22
33333	2	14	15	17	21
33334	4	19	24	210	59
33335	2	6	18	9	22
33336	2	54	28	39	56
33337	2	24	296	19	299
33338	4	10	5	55	11
33339	2	10	16	13	33
33340	4	14	16	171	44
33341	2	14	6	11	11
33342	1	22	28	22	34
33343	2	33	24	37	44
33344	2	4	6	8	9
33345	4	18	16	300	41
33346	2	10	20	13	25
33347	2	33	24	38	35
33348	2	22	22	27	44
33349	1	19	16	20	22
33350	2	10	22	7	27
33351	2	34	296	26	306
33352	2	9	28	18	34
33353	2	31	6	38	7
33354	1	4	16	4	22
33355	1	13	28	13	33
33356	2	23	6	27	7
33357	2	27	24	28	31
33358	4	9	6	163	14
33359	2	20	28	24	52
33360	2	26	24	19	32
33361	2	27	6	30	12
33362	2	27	19	406	32
33363	4	13	28	119	40
33364	8	14	22	4420	98
33365	1	5	24	5	25
33366	4	20	6	402	12
33367	2	32	24	31	32
33368	8	20	16	23381	83
33369	2	21	24	22	29
33370	2	12	15	16	21
33371	2	45	27	33	56
33372	2	25	24	18	31
33373	2	17	27	17	56
33374	2	21	27	22	33
33375	2	34	28	43	33
33376	4	21	296	120	626
33377	2	30	24	31	30
33378	4	5	6	55	13
33379	2	8	27	16	32
33380	2	12	25	9	31
33381	4	6	27	73	39
33382	2	42	24	29	31
33383	2	33	24	38	33
33384	2	13	28	17	49
33385	2	10	28	13	46
33386	4	4	5	41	13
33387	2	18	24	19	34
33388	2	28	16	33	22
33389	4	31	23	625	66
33390	2	33	24	37	47
33391	2	21	28	28	50
33392	2	17	6	21	6
33393	1	20	16	21	22
33394	4	28	6	496	13
33395	2	9	16	12	25
33396	2	17	21	12	26
33397	4	16	5	91	12
33398	2	16	6	17	6
33399	2	30	28	33	55
33400	4	20	6	375	13
33401	2	30	27	34	57
33402	2	11	14	23	20
33403	2	28	6	31	6
33404	4	22	24	461	37
33405	2	33	15	43	21
33406	4	3	18	19	30
33407	2	5	17	11	23
33408	2	35	27	40	54
33409	2	11	6	11	6
33410	2	8	15	8	20
33411	2	24	20	27	26
33412	4	28	296	252	605
33413	2	6	19	12	26
33414	4	19	294	120	618
33415	2	27	296	22	327
33416	4	12	6	131	15
33417	2	12	21	8	43
33418	2	7	6	8	6
33419	2	14	27	17	32
33420	1	12	6	12	6
33421	4	27	17	554	29
33422	2	17	24	12	32
33423	1	4	20	4	24
33424	2	49	24	35	49
33425	2	12	20	15	26
33426	2	24	6	28	6
33427	4	9	25	163	39
33428	4	19	24	230	57
33429	4	7	5	44	11
33430	2	44	24	32	34
33431	2	33	24	38	42
33432	2	17	6	23	7
33433	2	4	15	8	19
33434	4	17	24	153	55
33435	2	8	26	9	49
33436	1	9	26	9	55
33437	2	23	20	30	40
33438	4	30	24	590	56
33439	2	9	5	9	10
33440	2	15	28	15	56
33441	1	7	28	7	54
33442	2	12	27	14	33
33443	2	14	6	105	14
33444	2	17	6	171	12
33445	1	22	28	22	34
33446	2	18	27	22	49
33447	2	21	28	22	34
33448	2	7	15	14	22
33449	4	32	24	661	57
33450	2	14	28	15	33
33451	2	26	25	351	38
33452	8	17	24	3876	117
33453	2	12	16	11	22
33454	2	29	24	34	33
33455	4	20	27	351	70
33456	2	26	6	28	6
33457	4	5	5	51	13
33458	2	10	6	21	6
33459	2	15	6	20	10
33460	4	12	6	131	12
33461	4	19	6	190	12
33462	2	27	24	31	47
33463	2	45	296	36	314
33464	2	18	16	20	23
33465	2	14	296	12	320
33466	2	19	24	19	50
33467	2	13	28	9	57
33468	2	8	27	16	33
33469	4	54	24	780	58
33470	2	35	24	24	28
33471	2	22	28	21	34
33472	2	27	28	36	34
33473	2	33	295	25	321
33474	2	25	23	30	44
33475	2	48	25	35	53
33476	2	15	28	12	34
33477	4	14	296	55	603
33478	4	13	6	105	12
33479	2	31	24	34	39
33480	2	26	24	18	48
33481	2	16	23	17	48
33482	4	30	24	628	54
33483	2	19	24	23	43
33484	2	54	24	39	29
33485	4	12	6	119	13
33486	4	30	24	590	58
33487	2	25	20	29	26
33488	2	24	24	29	49
33489	2	9	20	11	39
33490	2	26	18	35	24
33491	4	11	6	115	12
33492	2	49	296	39	319
33493	2	18	5	190	11
33494	2	20	23	21	29
33495	2	14	24	9	49
33496	4	12	28	91	40
33497	2	8	23	5	42
33498	2	18	14	25	20
33499	2	16	16	21	36
33500	2	17	20	22	25
33501	2	20	24	23	41
33502	1	21	27	22	32
33503	4	32	6	932	13
33504	4	20	24	295	59
33505	2	12	6	25	7
33506	1	26	20	27	27
33507	2	19	20	25	26
33508	4	13	16	153	40
33509	2	11	24	11	30
33510	2	7	15	9	20
33511	2	27	24	30	30
33512	2	23	6	300	12
33513	2	23	6	24	11
33514	2	17	16	23	23
33515	1	6	28	6	54
33516	2	16	24	16	28
33517	2	32	24	32	42
33518	4	7	24	21	48
33519	2	22	13	29	19
33520	2	26	24	30	49
33521	2	35	24	25	49
33522	4	33	23	698	57
33523	4	11	6	265	14
33524	2	18	23	18	32
33525	2	35	6	45	6
33526	2	7	6	8	6
33527	2	26	19	26	25
33528	2	4	20	9	25
33529	2	30	24	34	34
33530	2	10	19	11	23
33531	2	16	6	105	14
33532	4	8	6	129	13
33533	2	21	24	22	34
33534	2	47	296	37	302
33535	2	28	6	30	9
33536	2	10	6	11	6
33537	2	9	18	18	24
33538	4	12	6	91	12
33539	2	37	296	30	326
33540	2	22	18	27	38
33541	2	12	15	15	21
33542	2	24	6	33	7
33543	2	15	23	16	45
33544	2	31	6	38	6
33545	2	40	27	28	55
33546	2	21	6	21	6
33547	2	13	16	10	21
33548	1	8	25	8	54
33549	2	32	28	37	55
33550	2	13	24	15	46
33551	4	20	6	820	14
33552	2	13	295	10	298
33553	4	34	6	857	14
33554	2	22	16	25	22
33555	1	6	5	6	6
33556	2	5	26	6	32
33557	2	33	6	45	8
33558	2	31	27	34	56
33559	2	24	20	28	25
33560	2	27	24	32	45
33561	4	20	16	378	43
33562	4	17	6	153	12
33563	2	26	295	21	301
33564	1	4	16	4	21
33565	4	23	16	465	42
33566	2	22	21	26	40
33567	2	12	18	91	30
33568	1	18	6	18	11
33569	4	12	16	131	29
33570	4	12	16	136	57
33571	2	44	24	32	45
33572	2	33	6	41	7
33573	2	35	24	25	46
33574	2	2	5	4	10
33575	2	34	6	39	10
33576	2	8	6	17	11
33577	2	33	28	38	35
33578	4	29	24	494	59
33579	2	52	24	37	30
33580	2	12	15	25	21
33581	2	18	28	16	57
33582	2	12	6	23	7
33583	2	10	6	55	12
33584	2	7	23	5	28
33585	2	5	28	11	34
33586	4	12	18	91	30
33587	4	15	5	78	10
33588	2	33	28	37	57
33589	2	15	15	21	21
33590	2	15	28	16	33
33591	2	18	6	19	6
33592	2	21	27	14	55
33593	2	14	16	15	21
33594	2	14	6	17	11
33595	4	23	6	493	13
33596	2	20	24	20	48
33597	4	12	6	313	14
33598	2	6	5	7	11
33599	2	23	23	28	43
33600	2	29	24	21	32
33601	8	16	24	3060	112
33602	2	21	6	22	12
33603	4	40	24	435	58
33604	2	20	6	27	6
33605	4	17	5	105	13
33606	1	16	20	16	27
33607	2	10	13	13	19
33608	2	16	18	20	24
33609	2	21	24	21	46
33610	2	32	18	42	24
33611	4	16	27	188	39
33612	2	26	15	33	21
33613	2	8	23	5	47
33614	4	7	26	45	68
33615	2	24	16	32	26
33616	2	47	296	37	300
33617	2	18	6	20	8
33618	2	53	24	38	31
33619	2	8	23	9	23
33620	2	49	24	35	29
33621	2	37	24	26	29
33622	4	21	16	406	42
33623	2	40	24	28	34
33624	2	18	296	13	301
33625	4	23	28	375	40
33626	2	14	20	18	26
33627	2	11	20	22	26
33628	2	8	6	16	11
33629	2	19	6	26	11
33630	2	45	24	32	34
33631	2	3	19	7	24
33632	4	7	5	28	10
33633	2	10	28	21	34
33634	2	17	16	22	36
33635	1	12	6	12	11
33636	4	9	6	77	13
33637	2	14	16	17	21
33638	2	17	24	12	48
33639	4	23	19	349	30
33640	4	47	28	595	84
33641	2	26	27	30	54
33642	2	35	25	26	54
33643	1	41	18	41	24
33644	1	10	25	10	54
33645	1	12	6	13	10
33646	2	20	16	26	23
33647	1	11	25	11	54
33648	4	13	24	55	62
33649	2	5	28	11	34
33650	4	46	295	628	603
33651	2	10	6	20	12
33652	2	13	24	12	31
33653	4	21	6	231	12
33654	4	9	20	65	33
33655	2	21	15	21	21
33656	4	34	24	813	54
33657	4	22	16	465	44
33658	4	24	6	401	14
33659	1	6	15	6	20
33660	2	12	16	24	22
33661	4	26	28	490	40
33662	2	24	24	28	27
33663	8	13	23	2940	99
33664	2	33	24	34	34
33665	4	7	6	113	14
33666	2	19	6	23	6
33667	2	6	19	12	25
33668	2	25	6	34	6
33669	4	6	6	66	14
33670	2	17	24	20	29
33671	2	55	24	39	30
33672	2	14	24	14	43
33673	2	25	20	31	27
33674	2	19	6	19	9
33675	2	21	6	25	6
33676	2	6	6	13	10
33677	4	11	6	243	14
33678	2	3	6	6	6
33679	2	40	24	30	28
33680	2	27	20	32	25
33681	4	4	5	33	12
33682	4	29	24	593	78
33683	2	18	24	18	47
33684	2	22	24	23	30
33685	2	21	24	13	43
33686	1	8	6	8	8
33687	2	28	12	34	18
33688	4	31	24	560	58
33689	2	6	28	12	35
33690	4	7	17	113	30
33691	2	16	24	16	42
33692	4	23	6	276	13
33693	2	20	19	27	25
33694	2	15	6	20	9
33695	1	4	26	4	30
33696	2	11	24	7	47
33697	2	18	296	13	301
33698	4	23	15	276	28
33699	2	41	27	29	55
33700	2	6	20	12	26
33701	2	51	24	37	44
33702	2	23	24	24	35
33703	2	11	20	11	25
33704	2	11	6	66	12
33705	2	24	16	24	21
33706	2	10	20	8	26
33707	2	16	6	21	6
33708	1	23	6	24	6
33709	2	22	24	16	47
33710	4	34	24	736	58
33711	2	9	12	12	19
33712	2	27	24	19	28
33713	2	32	6	36	7
33714	2	17	6	21	6
33715	4	23	24	300	57
33716	4	29	6	593	14
33717	1	26	6	26	7
33718	2	17	6	22	8
33719	4	6	5	28	12
33720	4	27	6	522	13
33721	2	17	28	34	34
33722	2	46	24	32	29
33723	2	42	24	30	31
33724	2	24	18	23	24
33725	2	56	24	40	48
33726	2	33	6	44	7
33727	2	7	20	14	25
33728	2	22	16	30	22
33729	2	26	28	18	56
33730	8	8	6	715	27
33731	4	16	16	528	29
33732	2	38	24	27	40
33733	4	5	16	21	43
33734	4	7	15	21	25
33735	4	25	6	625	13
33736	2	11	15	21	22
33737	2	27	26	31	32
33738	4	18	19	276	61
33739	4	20	18	820	31
33740	2	20	24	14	47
33741	2	14	294	10	318
33742	4	27	6	526	16
33743	4	9	28	45	40
33744	2	15	23	11	47
33745	2	26	6	31	10
33746	2	5	20	6	26
33747	2	33	6	40	10
33748	2	14	5	17	10
33749	4	18	6	153	13
33750	2	13	20	17	40
33751	1	14	14	14	20
33752	2	20	6	24	7
33753	4	32	6	-1	-1
33754	2	30	24	33	40
33755	2	6	20	13	27
33756	8	11	5	330	24
33757	2	7	6	15	7
33758	4	25	24	406	59
33759	1	8	5	8	6
33760	4	9	6	65	11
33761	2	24	24	18	27
33762	2	16	24	16	45
33763	2	18	16	22	22
33764	2	28	14	36	20
33765	2	8	5	5	5
33766	2	28	28	32	58
33767	4	29	24	556	59
33768	4	29	24	231	77
33769	2	49	296	40	307
33770	4	27	6	495	14
33771	2	56	24	40	29
33772	2	13	20	17	40
33773	4	16	6	171	12
33774	2	14	6	28	6
33775	4	7	6	99	14
33776	2	14	295	11	295
33777	4	20	16	351	43
33778	2	31	24	22	31
33779	4	16	6	91	12
33780	2	12	24	13	27
33781	2	15	28	10	51
33782	2	24	20	32	41
33783	2	10	15	11	21
33784	2	32	296	25	305
33785	2	3	20	7	26
33786	8	17	6	12145	27
33787	2	22	5	24	6
33788	4	8	16	36	27
33789	1	24	16	24	22
33790	4	26	6	626	18
33791	2	21	16	20	22
33792	4	45	24	528	56
33793	2	19	16	25	21
33794	2	4	6	8	6
33795	2	23	28	23	34
33796	2	7	6	15	11
33797	2	24	26	31	32
33798	2	26	6	31	6
33799	4	17	24	136	57
33800	2	20	24	21	46
33801	1	18	6	18	7
33802	2	5	6	21	11
33803	4	14	24	91	55
33804	2	11	22	12	26
33805	2	31	24	34	34
33806	4	43	24	496	58
33807	2	20	6	24	7
33808	1	28	26	28	32
33809	2	27	6	31	6
33810	1	13	27	14	32
33811	2	3	13	6	18
33812	1	6	28	6	53
33813	4	23	15	299	27
33814	2	32	296	26	318
33815	2	10	6	20	8
33816	4	32	24	593	58
33817	2	22	6	24	10
33818	8	14	6	6936	27
33819	2	16	28	11	54
33820	2	9	6	9	6
33821	4	28	24	210	58
33822	4	48	296	739	616
33823	2	40	28	29	55
33824	1	39	6	39	9
33825	2	37	296	28	300
33826	2	10	28	14	35
33827	4	32	24	528	59
33828	2	7	18	9	23
33829	1	4	13	4	17
33830	2	2	20	4	25
33831	2	30	6	38	6
33832	2	21	28	21	34
33833	2	15	22	16	28
33834	2	23	27	31	33
33835	2	44	23	32	42
33836	2	6	19	12	26
33837	2	13	27	17	47
33838	2	29	24	30	31
33839	4	31	24	560	80
33840	2	13	296	10	314
33841	2	14	20	18	25
33842	2	34	6	45	8
33843	4	14	5	105	12
33844	1	22	6	22	6
33845	2	8	18	10	23
33846	2	19	24	20	34
33847	2	18	24	19	30
33848	1	8	6	8	5
33849	2	8	6	17	12
33850	2	20	24	17	30
33851	2	33	296	25	301
33852	2	24	24	27	28
33853	4	28	24	210	62
33854	4	21	6	349	13
33855	4	12	16	136	40
33856	4	44	24	496	56
33857	2	16	24	12	40
33858	2	12	5	13	5
33859	2	5	19	11	25
33860	4	5	5	21	14
33861	4	28	24	527	56
33862	2	16	16	21	21
33863	2	11	20	11	26
33864	2	11	296	9	326
33865	2	18	17	24	23
33866	2	22	6	30	6
33867	2	18	16	22	22
33868	2	40	24	28	34
33869	2	18	26	19	32
33870	4	18	23	91	54
33871	4	33	24	661	56
33872	2	45	24	33	49
33873	4	34	24	666	74
33874	1	20	6	21	8
33875	2	11	19	15	25
33876	2	34	28	39	57
33877	2	12	6	15	10
33878	2	45	24	32	43
33879	2	21	23	21	26
33880	2	8	25	8	31
33881	2	19	296	13	311
33882	4	14	19	153	31
33883	2	10	15	13	23
33884	2	4	16	9	23
33885	2	7	15	6	20
33886	2	2	13	5	19
33887	2	32	6	41	8
33888	2	41	24	29	33
33889	4	10	6	201	13
33890	4	31	25	594	83
33891	1	18	20	14	25
33892	4	32	24	661	73
33893	2	14	6	105	12
33894	2	15	24	15	51
33895	4	17	6	273	13
33896	2	28	6	35	10
33897	2	42	24	31	42
33898	2	12	6	16	10
33899	2	29	6	435	14
33900	2	12	6	14	6
33901	2	10	16	13	20
33902	4	5	16	27	28
33903	2	33	24	39	24
33904	4	12	28	136	69
33905	4	4	6	41	13
33906	2	18	6	36	7
33907	4	50	24	666	56
33908	2	38	296	30	305
33909	4	7	6	113	15
33910	2	10	16	21	22
33911	1	12	20	12	26
33912	2	17	28	22	34
33913	1	20	6	20	11
33914	2	27	26	28	55
33915	4	13	24	91	56
33916	8	56	24	-1	-1
33917	2	9	28	11	47
33918	2	32	20	39	26
33919	2	11	16	23	22
33920	2	12	20	15	25
33921	2	31	6	38	6
33922	4	22	6	346	14
33923	2	20	20	210	33
33924	2	8	6	45	12
33925	2	45	24	33	29
33926	4	11	6	243	13
33927	2	29	24	33	43
33928	2	21	24	21	47
33929	2	32	27	34	56
33930	1	8	6	8	10
33931	1	12	20	12	26
33932	2	7	6	28	11
33933	2	14	6	17	6
33934	2	6	15	7	20
33935	2	28	24	32	34
33936	2	39	27	28	55
33937	4	7	24	21	56
33938	2	15	15	15	20
33939	2	23	16	29	20
33940	1	34	16	34	22
33941	2	26	24	29	44
33942	4	12	6	313	14
33943	2	35	296	28	305
33944	2	7	20	9	23
33945	2	29	24	21	48
33946	2	17	15	34	20
33947	2	30	24	22	27
33948	2	26	24	18	37
33949	2	27	16	31	22
33950	2	9	27	12	32
33951	2	20	6	28	8
33952	2	12	5	12	10
33953	2	15	6	30	10
33954	2	23	24	17	29
33955	8	10	6	1729	25
33956	4	24	24	378	74
33957	2	11	19	10	24
33958	2	29	6	34	6
33959	2	17	296	12	306
33960	2	10	6	55	13
33961	2	10	5	13	11
33962	1	8	20	8	26
33963	2	2	6	3	12
33964	2	31	25	35	53
33965	2	18	6	22	8
33966	4	26	23	190	59
33967	2	36	24	25	44
33968	2	27	24	31	42
33969	4	5	4	21	9
33970	2	22	6	25	6
33971	4	21	22	300	73
33972	1	22	6	23	7
33973	2	20	13	24	20
33974	2	25	24	28	42
33975	2	11	20	23	27
33976	2	9	6	12	6
33977	4	32	24	496	56
33978	2	7	296	6	304
33979	2	24	18	28	24
33980	4	17	16	253	40
33981	2	15	24	16	28
33982	2	22	6	24	7
33983	2	15	27	14	33
33984	2	16	20	21	40
33985	2	15	6	15	9
33986	4	35	28	858	75
33987	4	10	6	221	14
33988	2	35	25	25	54
33989	2	12	19	25	25
33990	2	25	6	29	10
33991	1	8	14	9	20
33992	2	44	24	31	42
33993	8	7	5	2241	26
33994	2	20	5	19	7
33995	2	33	28	36	57
33996	4	28	24	559	75
33997	2	34	24	39	29
33998	2	18	24	17	33
33999	1	13	24	13	28
34000	2	19	24	18	48
34001	2	27	24	32	44
34002	4	25	24	430	78
34003	2	45	26	33	54
34004	4	17	13	105	26
34005	4	7	5	28	10
34006	4	19	16	325	42
34007	1	8	6	8	11
34008	2	23	23	24	46
34009	1	6	15	6	20
34010	2	7	6	14	9
34011	2	10	27	9	33
34012	2	11	6	12	10
34013	4	9	20	77	32
34014	4	23	28	136	84
34015	4	35	296	404	599
34016	2	31	6	38	6
34017	2	20	24	21	42
34018	2	10	24	7	43
34019	4	24	28	401	84
34020	2	6	5	9	5
34021	2	32	24	36	30
34022	2	31	24	22	29
34023	2	14	295	11	311
34024	2	15	20	15	25
34025	2	11	6	22	11
34026	2	29	20	35	26
34027	2	20	6	21	10
34028	4	47	24	595	56
34029	2	25	6	28	11
34030	2	17	19	22	40
34031	2	23	24	27	28
34032	2	10	6	13	6
34033	2	30	23	35	47
34034	1	16	6	16	11
34035	4	29	28	729	40
34036	1	22	6	22	11
34037	2	7	5	9	10
34038	2	8	15	17	22
34039	2	10	25	11	30
34040	2	24	6	32	10
34041	2	23	24	16	33
34042	2	32	20	37	26
34043	2	11	26	8	49
34044	2	7	6	14	6
34045	2	30	24	34	45
34046	2	3	16	4	29
34047	2	30	18	36	24
34048	2	14	20	18	39
34049	2	17	296	12	305
34050	2	22	20	26	26
34051	4	10	28	221	40
34052	2	26	24	31	44
34053	2	12	5	13	5
34054	2	32	24	36	30
34055	2	29	26	33	31
34056	2	30	6	32	11
34057	2	24	27	28	49
34058	4	29	13	623	26
34059	4	26	20	553	33
34060	2	31	27	32	55
34061	2	7	6	15	12
34062	2	11	6	11	10
34063	2	32	28	32	54
34064	1	7	24	7	29
34065	4	5	26	61	38
34066	2	12	26	9	32
34067	2	25	18	29	24
34068	1	14	6	14	9
34069	2	17	24	13	48
34070	2	18	20	20	26
34071	2	43	296	35	317
34072	2	8	28	17	34
34073	2	12	28	24	34
34074	2	29	6	31	7
34075	4	15	28	465	41
34076	2	24	6	31	9
34077	4	24	20	492	32
34078	2	6	6	13	6
34079	2	23	6	25	7
34080	1	22	19	20	25
34081	4	18	24	228	60
34082	4	25	6	431	13
34083	2	16	24	17	30
34084	2	12	15	16	21
34085	2	33	15	41	21
34086	1	4	5	4	6
34087	2	29	24	34	48
34088	4	21	6	253	13
34089	1	18	6	18	6
34090	2	55	24	39	48
34091	8	34	6	-1	-1
34092	2	34	24	36	43
34093	2	21	24	24	49
34094	2	8	24	7	33
34095	2	32	24	33	49
34096	4	52	24	703	77
34097	2	25	17	28	23
34098	2	14	16	14	21
34099	2	13	6	10	10
34100	4	6	6	73	14
34101	2	24	6	300	14
34102	4	23	17	493	28
34103	4	35	24	325	57
34104	2	16	20	19	26
34105	2	32	24	32	44
34106	4	10	24	28	57
34107	4	40	28	378	85
34108	4	10	6	66	12
34109	2	20	6	28	10
34110	2	12	28	15	49
34111	2	42	24	30	44
34112	2	17	296	12	303
34113	2	25	24	29	44
34114	4	26	24	460	78
34115	2	7	6	14	7
34116	4	12	28	131	40
34117	2	8	16	11	35
34118	2	2	16	5	22
34119	2	32	24	32	42
34120	2	6	16	12	22
34121	4	20	13	276	26
34122	8	4	5	35	20
34123	4	12	13	131	25
34124	4	27	24	465	72
34125	4	9	6	66	16
34126	2	5	20	6	38
34127	2	32	16	39	22
34128	2	45	24	32	29
34129	2	8	294	6	298
34130	2	5	16	6	20
34131	1	13	16	13	22
34132	2	30	24	34	43
34133	2	30	24	22	48
34134	2	21	20	22	26
34135	2	10	6	18	12
34136	2	12	20	25	26
34137	2	2	5	4	8
34138	4	38	296	434	603
34139	2	7	20	15	27
34140	2	12	15	25	21
34141	2	47	296	37	302
34142	2	4	5	5	5
34143	2	28	15	32	21
34144	2	29	20	32	26
34145	2	36	24	40	49
34146	2	4	16	6	22
34147	4	3	5	15	13
34148	2	22	6	30	6
34149	2	26	24	27	28
34150	4	9	16	181	30
34151	2	21	24	25	46
34152	2	17	26	22	47
34153	2	20	6	23	12
34154	4	42	296	560	631
34155	2	33	16	45	22
34156	4	17	16	253	43
34157	2	15	23	11	27
34158	2	15	24	16	49
34159	2	13	296	9	319
34160	1	8	16	8	20
34161	1	29	6	29	6
34162	2	26	24	27	30
34163	2	48	23	35	30
34164	1	14	28	14	34
34165	2	8	6	16	7
34166	4	10	6	201	14
34167	2	16	6	136	13
34168	2	12	23	24	29
34169	2	22	24	16	29
34170	2	12	28	15	47
34171	2	17	16	21	22
34172	2	9	6	11	6
34173	2	29	19	35	25
34174	2	8	6	10	11
34175	2	20	23	21	47
34176	2	16	15	32	21
34177	4	29	24	495	74
34178	2	19	25	26	30
34179	2	31	14	36	21
34180	2	15	6	20	6
34181	2	7	15	10	32
34182	4	26	24	171	69
34183	2	54	24	39	33
34184	4	34	6	1023	13
34185	2	5	28	10	34
34186	2	16	15	136	28
34187	2	26	24	29	43
34188	4	31	28	625	86
34189	1	8	6	8	5
34190	2	13	6	10	8
34191	2	13	20	10	24
34192	2	35	24	25	44
34193	2	30	28	40	34
34194	2	6	20	13	27
34195	2	18	27	22	34
34196	2	11	19	22	26
34197	4	13	5	91	11
34198	2	10	28	7	51
34199	4	30	28	628	85
34200	2	13	28	17	33
34201	4	13	16	153	43
34202	8	34	24	-1	-1
34203	2	23	27	27	33
34204	2	10	28	7	48
34205	1	6	12	6	17
34206	2	18	16	24	36
34207	4	14	19	169	31
34208	4	35	24	351	75
34209	4	23	26	373	74
34210	2	19	24	23	31
34211	2	19	16	25	21
34212	2	6	19	5	24
34213	2	19	20	38	26
34214	2	48	296	38	306
34215	2	16	24	11	47
34216	2	45	26	31	54
34217	2	11	16	10	21
34218	2	24	24	28	44
34219	2	12	11	25	18
34220	2	6	6	12	12
34221	2	33	26	37	55
34222	2	10	26	10	29
34223	2	13	16	10	22
34224	2	8	24	7	31
34225	2	15	16	20	26
34226	4	23	24	300	59
34227	2	30	19	34	24
34228	2	26	27	30	54
34229	2	29	16	38	22
34230	2	9	16	11	35
34231	2	27	6	34	12
34232	2	31	6	40	9
34233	2	32	23	22	47
34234	2	25	6	30	11
34235	2	16	16	19	22
34236	2	7	24	5	31
34237	2	17	23	17	31
34238	2	12	24	8	40
34239	2	8	24	7	32
34240	4	14	16	171	42
34241	2	11	24	10	46
34242	1	24	16	24	22
34243	2	12	16	16	36
34244	2	11	20	13	25
34245	2	21	24	23	44
34246	2	21	19	14	24
34247	4	5	5	27	11
34248	2	11	15	11	20
34249	2	6	28	7	34
34250	4	4	6	41	13
34251	2	15	16	19	23
34252	2	34	24	39	33
34253	2	10	16	14	22
34254	2	14	20	18	26
34255	4	12	6	91	13
34256	4	34	24	300	75
34257	2	11	12	22	20
34258	2	21	24	14	47
34259	4	25	6	591	14
34260	2	20	5	17	11
34261	8	47	24	-1	-1
34262	2	12	19	16	25
34263	2	26	16	27	22
34264	2	49	26	35	53
34265	4	33	6	1020	12
34266	2	21	27	23	54
34267	1	7	24	7	33
34268	2	11	27	10	54
34269	2	27	6	36	7
34270	8	29	24	10626	112
34271	1	16	15	16	21
34272	4	13	5	105	11
34273	4	14	24	55	58
34274	1	29	16	30	22
34275	2	9	16	12	35
34276	2	14	6	18	6
34277	2	18	28	22	34
34278	4	24	28	401	83
34279	2	12	26	8	53
34280	2	5	5	6	9
34281	1	17	28	18	35
34282	2	24	24	25	44
34283	2	3	11	5	16
34284	2	22	16	253	29
34285	4	33	6	816	14
34286	2	9	28	6	51
34287	2	8	24	5	42
34288	2	28	6	35	6
34289	2	10	27	13	33
34290	2	32	20	42	26
34291	2	34	24	36	32
34292	8	34	22	-1	-1
34293	4	5	14	21	36
34294	2	2	20	3	25
34295	4	27	6	491	13
34296	2	24	6	300	14
34297	4	3	5	15	20
34298	2	27	23	19	31
34299	2	16	21	17	45
34300	2	10	6	66	12
34301	4	25	6	591	13
34302	2	16	296	13	320
34303	2	29	28	35	34
34304	4	27	24	405	58
34305	2	4	20	9	25
34306	2	44	24	31	27
34307	4	24	6	492	13
34308	8	9	6	5641	28
34309	2	17	28	13	54
34310	8	4	6	321	24
34311	2	12	24	13	46
34312	4	11	19	265	33
34313	2	36	24	38	43
34314	2	24	24	25	29
34315	1	24	18	25	24
34316	1	14	6	12	7
34317	4	5	6	61	16
34318	2	18	24	19	33
34319	2	32	296	26	330
34320	2	16	27	21	33
34321	2	33	24	37	49
34322	4	12	295	45	596
34323	2	9	18	12	38
34324	2	5	12	9	18
34325	4	40	24	435	56
34326	2	26	28	31	56
34327	2	33	24	37	32
34328	2	25	28	35	34
34329	2	12	6	12	11
34330	4	11	24	28	48
34331	2	10	6	21	6
34332	2	18	28	21	56
34333	2	10	5	14	5
34334	1	21	20	22	26
34335	2	32	24	36	44
34336	1	9	6	10	12
34337	4	20	16	351	48
34338	2	28	24	29	30
34339	2	11	28	12	34
34340	2	14	23	10	32
34341	2	12	16	16	21
34342	2	27	296	21	302
34343	4	20	24	231	74
34344	2	40	296	32	319
34345	2	16	6	20	10
34346	2	16	20	15	26
34347	4	24	16	496	43
34348	4	33	24	698	70
34349	2	48	28	35	57
34350	4	34	24	739	51
34351	2	56	24	40	48
34352	4	21	24	320	74
34353	4	16	16	229	28
34354	2	21	6	20	6
34355	4	5	24	70	114
34356	4	25	6	489	13
34357	4	19	6	171	11
34358	1	25	28	26	34
34359	2	8	20	8	25
34360	2	49	24	35	45
34361	2	14	20	13	25
34362	1	8	6	8	9
34363	2	34	25	42	31
34364	2	28	16	33	22
34365	2	9	6	55	12
34366	2	4	15	5	25
34367	2	16	24	16	34
34368	2	35	28	38	58
34369	2	28	24	30	49
34370	2	23	24	24	33
34371	2	19	16	25	22
34372	4	46	296	738	621
34373	2	35	27	25	54
34374	1	18	19	18	25
34375	1	6	24	6	43
34376	2	2	28	4	32
34377	4	11	28	105	69
34378	1	7	14	7	20
34379	4	11	6	243	15
34380	2	14	20	18	39
34381	2	15	6	12	11
34382	2	4	6	9	6
34383	2	7	16	9	22
34384	4	27	27	626	39
34385	2	9	19	10	24
34386	1	12	5	12	6
34387	2	24	14	33	20
34388	2	29	24	34	48
34389	2	28	24	32	29
34390	2	55	24	39	47
34391	2	10	6	14	8
34392	2	16	24	15	43
34393	1	8	6	8	11
34394	4	17	24	78	57
34395	2	24	16	31	22
34396	4	26	6	464	17
34397	4	9	20	78	62
34398	2	14	24	13	49
34399	2	10	22	8	29
34400	4	4	6	33	14
34401	2	7	6	15	6
34402	2	13	292	9	309
34403	4	10	24	28	70
34404	2	22	16	29	25
34405	4	15	6	208	12
34406	2	38	24	27	29
34407	2	23	24	27	46
34408	2	10	6	9	6
34409	2	23	27	16	56
34410	2	35	24	26	48
34411	4	9	24	55	48
34412	8	21	6	8855	26
34413	2	18	15	22	21
34414	2	46	24	33	48
34415	2	34	24	39	27
34416	2	22	18	30	23
34417	2	16	6	136	13
34418	2	23	27	31	33
34419	2	25	24	16	33
34420	2	32	296	25	301
34421	2	8	28	8	33
34422	2	22	16	26	22
34423	4	15	6	188	12
34424	2	31	296	24	316
34425	4	2	5	13	13
34426	2	14	6	14	10
34427	2	17	6	171	13
34428	2	14	27	13	56
34429	4	51	296	818	604
34430	2	15	16	20	25
34431	2	47	24	34	47
34432	2	18	6	15	11
34433	2	24	6	29	6
34434	2	23	27	27	33
34435	4	49	24	666	59
34436	2	18	24	12	42
34437	2	45	24	33	33
34438	4	19	6	271	13
34439	2	9	6	10	6
34440	2	12	20	15	25
34441	2	5	19	11	25
34442	4	18	24	91	63
34443	2	25	24	18	51
34444	2	14	6	19	6
34445	2	20	16	27	20
34446	2	25	24	29	26
34447	2	12	14	24	21
34448	2	9	20	12	39
34449	2	34	28	39	58
34450	4	31	296	275	625
34451	2	30	24	33	29
34452	2	34	24	36	31
34453	4	7	5	36	12
34454	4	22	22	136	55
34455	1	10	15	10	21
34456	2	5	19	11	25
34457	2	36	28	38	56
34458	2	23	16	30	37
34459	2	18	28	13	56
34460	4	16	23	66	57
34461	2	9	27	18	34
34462	4	7	16	45	38
34463	2	8	27	7	33
34464	2	24	24	17	49
34465	2	21	6	21	9
34466	4	47	24	561	58
34467	2	8	24	6	29
34468	4	34	6	1023	14
34469	4	12	24	66	58
34470	2	24	24	28	49
34471	2	14	6	18	7
34472	4	49	24	630	56
34473	2	15	22	10	29
34474	4	16	16	231	38
34475	2	23	27	16	53
34476	2	17	16	23	22
34477	2	14	24	13	45
34478	2	31	26	40	32
34479	2	11	12	22	19
34480	2	25	28	29	56
34481	2	11	19	23	25
34482	4	14	24	105	36
34483	2	36	27	41	55
34484	4	3	20	14	30
34485	2	31	24	22	29
34486	2	35	296	27	306
34487	2	31	22	35	27
34488	2	39	296	31	317
34489	2	24	24	25	34
34490	4	10	6	103	12
34491	4	40	24	465	58
34492	2	32	6	42	7
34493	2	29	6	33	9
34494	8	8	5	495	23
34495	2	16	24	18	33
34496	2	3	16	6	21
34497	2	10	20	20	27
34498	2	29	24	34	30
34499	4	34	24	740	58
34500	2	20	24	26	45
34501	2	17	24	17	34
34502	2	27	24	19	33
34503	4	18	15	190	26
34504	2	31	24	22	33
34505	2	19	16	25	22
34506	4	22	6	990	12
34507	2	47	24	34	29
34508	4	19	14	271	26
34509	4	12	6	135	13
34510	4	14	22	55	51
34511	1	7	28	7	55
34512	2	29	296	23	318
34513	4	34	24	813	57
34514	2	6	22	8	40
34515	2	6	6	21	8
34516	2	10	6	55	14
34517	4	23	296	171	601
34518	2	25	12	35	18
34519	2	20	17	26	37
34520	4	44	296	628	616
34521	2	21	24	24	31
34522	2	7	19	8	25
34523	2	32	28	23	56
34524	2	30	14	34	20
34525	4	2	5	9	12
34526	1	17	27	18	32
34527	2	50	24	35	32
34528	2	14	15	18	20
34529	2	6	18	12	23
34530	4	56	24	820	58
34531	4	12	6	66	12
34532	2	18	6	21	9
34533	2	10	27	13	33
34534	4	10	6	90	13
34535	2	13	16	14	22
34536	4	11	6	265	14
34537	2	27	27	31	34
34538	4	24	6	1176	14
34539	2	29	24	33	45
34540	4	25	16	591	29
34541	2	18	16	21	22
34542	2	32	24	34	32
34543	2	14	18	19	39
34544	4	13	6	91	12
34545	2	23	20	23	25
34546	2	11	24	11	47
34547	2	9	16	11	33
34548	4	8	24	330	110
34549	2	27	25	35	31
34550	4	2	6	9	13
34551	4	26	24	464	52
34552	4	12	6	313	15
34553	1	22	16	22	22
34554	4	13	6	152	12
34555	4	54	24	741	59
34556	4	17	24	206	55
34557	2	24	6	27	6
34558	1	22	6	22	6
34559	2	27	24	30	42
34560	2	22	24	26	50
34561	4	7	22	21	53
34562	4	20	16	351	42
34563	2	8	16	16	23
34564	4	30	24	231	56
34565	1	10	16	10	22
34566	2	19	28	24	34
34567	4	6	6	126	21
34568	2	4	26	9	32
34569	2	16	24	11	40
34570	2	36	24	42	48
34571	4	8	15	145	28
34572	2	26	24	26	30
34573	4	18	6	248	13
34574	4	25	25	325	83
34575	4	26	24	430	55
34576	2	12	17	24	24
34577	2	18	6	20	7
34578	2	16	26	11	53
34579	8	9	6	330	23
34580	2	28	6	32	7
34581	2	8	21	6	26
34582	2	11	5	11	10
34583	2	18	16	24	37
34584	2	29	23	21	46
34585	2	40	24	27	34
34586	2	18	16	24	35
34587	2	33	24	34	49
34588	2	16	18	20	24
34589	4	23	23	375	54
34590	2	12	24	8	31
34591	2	26	20	35	26
34592	2	24	28	27	57
34593	2	11	28	12	34
34594	2	7	23	6	48
34595	4	26	23	494	69
34596	2	23	13	26	20
34597	2	6	16	8	35
34598	4	9	5	54	11
34599	2	24	28	31	34
34600	4	31	24	628	57
34601	2	21	16	27	37
34602	4	26	6	405	13
34603	2	18	24	19	45
34604	2	16	24	10	34
34605	2	26	6	30	9
34606	2	30	24	21	29
34607	2	22	6	30	7
34608	2	42	24	30	29
34609	1	10	6	11	8
34610	2	18	24	19	45
34611	1	11	20	12	26
34612	2	14	24	13	29
34613	2	6	6	12	7
34614	2	20	20	24	26
34615	4	10	6	201	13
34616	1	28	16	28	21
34617	4	19	26	297	39
34618	2	31	24	35	29
34619	2	27	24	19	26
34620	1	16	20	16	26
34621	2	33	6	41	11
34622	2	16	15	18	20
34623	2	33	16	41	22
34624	2	43	26	30	54
34625	2	7	17	14	23
34626	1	6	20	7	24
34627	4	3	6	21	12
34628	4	29	24	593	57
34629	2	32	6	38	12
34630	2	35	24	38	44
34631	2	30	24	32	32
34632	2	9	20	7	25
34633	2	9	14	12	20
34634	2	16	24	15	32
34635	2	9	6	10	10
34636	2	16	24	17	34
34637	2	25	6	33	10
34638	2	16	24	11	29
34639	2	7	25	15	31
34640	2	9	19	12	40
34641	2	5	6	11	6
34642	2	31	28	34	55
34643	2	4	6	8	11
34644	1	16	28	16	34
34645	2	12	6	12	6
34646	2	27	23	31	28
34647	2	14	6	13	11
34648	1	10	5	10	8
34649	2	10	15	21	21
34650	2	57	24	41	43
34651	2	24	6	28	6
34652	4	26	6	460	14
34653	2	6	16	13	22
34654	2	14	5	11	5
34655	2	29	24	32	42
34656	4	14	6	188	12
34657	2	13	6	14	9
34658	2	15	15	15	20
34659	2	7	24	6	24
34660	2	30	24	35	28
34661	4	7	27	15	63
34662	2	34	18	44	24
34663	4	24	23	401	60
34664	4	10	21	28	58
34665	2	7	28	7	33
34666	2	10	296	7	319
34667	4	7	23	15	45
34668	2	16	28	20	34
34669	2	32	26	41	31
34670	2	32	16	37	22
34671	4	9	16	78	42
34672	2	6	6	10	13
34673	2	19	28	22	34
34674	2	41	296	31	305
34675	2	3	6	6	6
34676	4	10	6	201	13
34677	2	26	22	29	24
34678	2	8	6	12	6
34679	2	16	24	11	43
34680	2	22	16	30	22
34681	4	26	24	460	48
34682	2	45	296	35	327
34683	2	12	5	16	11
34684	2	41	296	32	306
34685	2	23	22	27	35
34686	2	21	6	26	6
34687	1	8	19	8	25
34688	4	22	23	136	57
34689	1	10	24	10	32
34690	2	14	20	18	41
34691	2	12	24	13	24
34692	2	20	6	210	13
34693	2	20	296	15	322
34694	1	10	6	11	6
34695	2	28	24	32	29
34696	2	29	24	33	24
34697	2	26	23	29	42
34698	4	16	27	66	83
34699	4	26	24	432	59
34700	4	32	6	701	13
34701	2	16	5	15	6
34702	2	29	24	30	45
34703	2	18	23	13	48
34704	2	25	24	29	32
34705	2	18	20	24	26
34706	1	8	19	8	25
34707	4	12	27	36	77
34708	2	32	14	39	20
34709	2	28	28	29	58
34710	4	26	24	401	60
34711	2	9	28	11	49
34712	4	15	20	66	50
34713	2	5	5	10	7
34714	4	37	23	859	54
34715	2	9	15	9	20
34716	2	54	27	38	56
34717	2	12	294	9	314
34718	2	2	16	5	22
34719	2	22	24	15	29
34720	4	32	24	661	57
34721	4	11	6	66	12
34722	2	8	16	16	22
34723	2	7	16	9	20
34724	4	35	27	325	85
34725	2	11	24	12	43
34726	2	22	23	16	43
34727	2	24	23	28	27
34728	2	43	24	29	43
34729	2	5	25	10	32
34730	4	15	6	78	14
34731	2	30	24	34	45
34732	2	8	24	5	30
34733	4	10	16	91	52
34734	2	25	23	30	45
34735	2	23	6	27	6
34736	4	36	24	859	59
34737	2	31	6	39	6
34738	1	22	26	22	32
34739	4	21	5	230	12
34740	2	8	15	10	21
34741	2	55	24	40	33
34742	2	27	28	32	34
34743	2	20	28	17	32
34744	2	7	16	13	22
34745	2	27	24	31	32
34746	2	49	28	35	57
34747	2	32	27	36	56
34748	2	21	24	23	33
34749	2	32	24	23	45
34750	2	22	24	26	37
34751	4	12	23	91	71
34752	2	8	28	16	34
34753	1	14	14	14	21
34754	2	27	24	19	42
34755	2	31	24	32	32
34756	2	9	19	19	25
34757	4	9	15	78	38
34758	2	9	20	12	25
34759	2	4	6	5	10
34760	2	34	26	43	32
34761	2	14	6	18	6
34762	2	11	28	15	34
34763	2	7	24	6	28
34764	2	13	26	18	32
34765	4	28	6	589	13
34766	2	17	27	14	32
34767	8	12	6	16641	30
34768	2	34	24	36	45
34769	2	12	23	11	29
34770	2	56	25	39	54
34771	4	33	6	739	13
34772	2	6	20	12	27
34773	2	24	24	28	31
34774	1	4	5	4	5
34775	2	16	24	18	44
34776	2	44	296	35	321
34777	2	15	16	20	32
34778	2	24	20	26	26
34779	2	7	28	8	33
34780	4	19	21	105	69
34781	4	28	24	559	57
34782	2	18	23	19	28
34783	2	5	5	7	8
34784	2	19	24	19	45
34785	2	27	27	31	33
34786	2	13	16	13	21
34787	4	14	20	190	60
34788	4	8	16	66	40
34789	4	9	6	65	12
34790	2	22	28	23	55
34791	2	28	6	33	11
34792	2	11	19	23	25
34793	2	27	24	31	44
34794	1	11	6	12	10
34795	2	14	296	12	324
34796	2	20	27	19	33
34797	2	21	27	26	33
34798	2	9	5	9	5
34799	2	44	24	31	47
34800	2	22	23	23	31
34801	2	14	26	11	32
34802	4	20	28	190	39
34803	2	20	6	27	6
34804	4	24	12	1176	26
34805	4	21	25	295	38
34806	2	17	20	17	25
34807	2	21	18	27	39
34808	2	8	20	17	26
34809	2	4	6	8	10
34810	2	7	5	6	5
34811	1	6	6	6	10
34812	2	13	24	10	43
34813	4	44	24	496	57
34814	2	28	24	29	41
34815	2	48	296	38	329
34816	4	45	24	561	57
34817	2	12	23	13	42
34818	4	9	6	77	16
34819	2	7	19	15	25
34820	2	9	12	12	19
34821	4	15	6	153	12
34822	2	3	28	6	34
34823	4	12	5	91	11
34824	4	29	6	528	14
34825	2	25	16	33	35
34826	2	33	24	37	47
34827	2	20	28	26	49
34828	2	12	15	16	21
34829	2	33	24	38	48
34830	2	10	6	55	14
34831	2	15	24	11	44
34832	4	28	6	556	14
34833	2	28	24	33	30
34834	4	9	6	77	17
34835	1	10	28	10	34
34836	2	12	17	24	23
34837	4	16	24	136	62
34838	2	25	24	26	31
34839	4	9	6	146	14
34840	2	31	24	22	45
34841	2	24	6	32	7
34842	2	5	5	10	6
34843	1	24	20	24	26
34844	2	32	24	23	32
34845	2	29	24	29	47
34846	2	39	296	31	306
34847	2	9	28	13	33
34848	2	51	24	37	42
34849	2	24	25	31	31
34850	4	23	6	351	13
34851	2	30	24	35	48
34852	4	9	6	163	17
34853	2	16	27	13	33
34854	2	24	6	32	7
34855	2	12	19	25	25
34856	4	34	24	630	59
34857	2	54	27	38	55
34858	2	16	6	16	6
34859	2	12	18	8	37
34860	2	6	6	12	6
34861	2	16	28	11	55
34862	2	13	6	26	10
34863	4	37	24	351	57
34864	4	35	24	351	58
34865	4	16	23	120	57
34866	2	9	13	10	19
34867	2	7	15	9	19
34868	4	29	24	210	59
34869	2	26	6	35	7
34870	2	18	16	17	21
34871	2	8	28	8	33
34872	2	31	24	32	25
34873	2	27	6	30	11
34874	4	18	6	251	12
34875	2	30	6	37	9
34876	2	28	24	32	40
34877	4	25	6	434	17
34878	1	30	6	31	7
34879	2	21	16	28	35
34880	2	8	6	11	9
34881	2	5	6	10	11
34882	2	21	27	28	47
34883	2	23	20	29	26
34884	2	16	24	18	45
34885	2	3	15	6	21
34886	2	24	6	33	12
34887	2	22	24	24	32
34888	2	19	16	25	22
34889	1	13	24	13	29
34890	2	34	24	40	29
34891	2	10	13	13	20
34892	2	19	296	15	329
34893	2	25	16	30	22
34894	2	31	28	41	33
34895	2	18	20	18	26
34896	2	25	26	325	38
34897	2	31	6	41	11
34898	2	19	19	23	25
34899	2	14	6	11	6
34900	2	15	6	21	10
34901	4	51	296	859	600
34902	2	8	6	10	6
34903	2	18	19	15	25
34904	2	16	24	17	49
34905	2	23	15	26	21
34906	2	15	15	17	21
34907	4	13	18	339	32
34908	2	4	28	9	33
34909	2	26	28	30	52
34910	4	30	6	593	16
34911	4	23	24	300	57
34912	4	34	24	736	57
34913	4	31	24	590	63
34914	2	18	6	21	7
34915	2	18	6	21	10
34916	2	9	6	19	7
34917	2	42	296	31	316
34918	8	27	6	-1	-1
34919	2	14	6	105	14
34920	2	25	6	28	6
34921	2	29	16	35	22
34922	2	4	19	8	24
34923	4	18	6	322	12
34924	2	15	28	20	34
34925	2	20	16	18	21
34926	2	33	24	39	40
34927	2	13	20	17	40
34928	2	19	6	19	6
34929	2	28	23	32	43
34930	2	9	6	12	8
34931	2	27	24	19	28
34932	2	30	6	36	6
34933	4	27	24	491	58
34934	2	22	6	26	7
34935	4	26	6	626	13
34936	2	32	24	33	29
34937	2	20	13	21	19
34938	2	21	16	27	21
34939	2	13	27	17	33
34940	2	12	24	13	29
34941	2	12	27	15	48
34942	2	20	16	27	34
34943	2	26	24	26	41
34944	2	2	6	5	6
34945	4	19	6	348	13
34946	2	13	6	17	11
34947	2	22	6	210	12
34948	2	12	23	13	30
34949	2	18	17	22	23
34950	4	13	24	78	55
34951	1	9	24	9	46
34952	4	35	296	377	603
34953	2	22	24	25	37
34954	4	6	6	85	13
34955	2	13	16	17	35
34956	4	12	19	313	33
34957	2	11	20	23	27
34958	2	12	295	9	299
34959	2	17	6	14	6
34960	4	30	24	628	71
34961	2	16	11	136	24
34962	4	33	6	851	13
34963	2	7	24	14	30
34964	2	4	28	5	43
34965	2	9	14	12	19
34966	4	4	5	41	14
34967	2	20	24	14	33
34968	4	25	24	373	57
34969	2	15	16	19	22
34970	2	11	15	11	21
34971	1	15	6	16	6
34972	2	4	4	5	4
34973	2	13	16	26	23
34974	2	10	6	21	9
34975	2	6	27	13	33
34976	1	30	16	31	22
34977	4	12	22	45	56
34978	2	19	16	25	23
34979	2	10	6	10	6
34980	4	10	20	201	33
34981	2	7	16	9	22
34982	2	56	24	40	42
34983	2	37	296	28	320
34984	2	8	5	21	10
34985	2	19	296	14	316
34986	1	20	28	20	33
34987	2	8	18	36	29
34988	2	32	24	36	44
34989	2	19	25	20	53
34990	4	20	27	276	39
34991	2	26	296	20	321
34992	4	9	6	65	17
34993	2	29	20	435	31
34994	1	12	18	13	24
34995	2	23	16	30	26
34996	2	55	24	38	34
34997	4	33	6	933	13
34998	2	21	24	23	43
34999	2	12	5	13	5
35000	2	32	15	36	21
35001	2	16	296	12	315
35002	2	9	6	10	12
35003	2	24	24	29	46
35004	1	12	25	12	31
35005	4	28	24	435	74
35006	4	17	6	274	12
35007	1	6	23	6	28
35008	2	11	16	14	24
35009	2	49	24	35	46
35010	4	21	296	120	603
35011	4	23	24	300	58
35012	2	27	24	30	47
35013	2	11	24	12	39
35014	2	24	20	31	26
35015	4	15	6	208	12
35016	2	14	295	11	295
35017	2	6	28	13	34
35018	4	26	6	494	13
35019	2	33	24	38	45
35020	4	56	24	820	59
35021	2	10	28	20	33
35022	2	13	28	13	33
35023	4	30	24	253	54
35024	2	25	24	18	47
35025	4	18	24	91	55
35026	4	27	6	491	13
35027	2	3	6	6	11
35028	2	10	20	13	25
35029	2	11	16	14	22
35030	4	21	6	320	13
35031	2	17	14	34	20
35032	2	14	25	19	46
35033	1	4	28	4	32
35034	1	9	28	10	35
35035	2	13	6	17	6
35036	2	30	24	22	28
35037	1	16	18	16	25
35038	2	55	27	38	56
35039	4	26	24	171	57
35040	8	13	24	715	113
35041	8	25	24	5985	113
35042	8	22	24	22126	112
35043	4	33	6	853	13
35044	2	11	24	9	29
35045	2	10	16	13	20
35046	2	23	24	24	46
35047	4	35	24	325	59
35048	8	9	6	5641	27
35049	2	34	27	44	34
35050	4	2	14	9	27
35051	2	8	20	10	40
35052	4	21	28	275	86
35053	4	20	24	231	57
35054	2	20	25	23	31
35055	2	17	16	18	22
35056	8	20	6	8835	26
35057	2	21	23	15	46
35058	1	14	14	14	20
35059	2	14	293	10	310
35060	2	12	28	25	35
35061	2	35	24	36	44
35062	4	28	6	559	18
35063	2	17	24	17	32
35064	2	10	24	55	58
35065	4	26	27	494	39
35066	2	8	16	10	24
35067	2	33	296	26	301
35068	8	7	6	2241	32
35069	2	32	27	23	55
35070	2	33	6	43	7
35071	2	24	6	33	11
35072	2	9	27	17	34
35073	2	14	28	19	33
35074	2	6	28	12	33
35075	2	6	6	12	12
35076	4	18	6	231	12
35077	2	26	15	30	21
35078	4	25	23	171	58
35079	4	27	296	252	600
35080	2	10	19	21	25
35081	4	9	6	36	12
35082	4	24	24	171	58
35083	4	26	24	460	58
35084	8	13	6	1820	25
35085	2	15	27	16	56
35086	2	19	16	25	23
35087	4	40	296	527	602
35088	2	41	24	29	33
35089	2	26	6	30	9
35090	2	9	19	19	26
35091	2	28	24	20	43
35092	2	7	16	10	21
35093	2	11	6	23	6
35094	1	11	6	12	6
35095	4	17	20	205	32
35096	2	15	15	18	21
35097	2	10	20	11	26
35098	2	18	28	13	55
35099	2	24	18	32	23
35100	2	7	16	9	34
35101	2	17	26	18	32
35102	4	21	6	299	13
35103	1	11	28	11	56
35104	2	12	15	24	21
35105	2	27	6	34	7
35106	2	13	20	17	39
35107	1	21	28	22	34
35108	2	2	16	5	22
35109	2	4	5	5	10
35110	4	14	296	77	602
35111	4	12	6	119	12
35112	8	32	6	-1	-1
35113	2	19	20	25	26
35114	4	9	5	77	12
35115	2	6	27	12	34
35116	2	7	16	14	23
35117	2	34	26	36	55
35118	2	12	27	16	33
35119	1	11	5	11	5
35120	2	14	6	105	13
35121	2	10	16	20	22
35122	2	29	24	33	43
35123	2	25	6	28	10
35124	4	34	24	700	58
35125	1	8	27	8	54
35126	1	18	13	18	20
35127	2	17	25	21	30
35128	2	32	24	34	32
35129	2	22	6	26	10
35130	2	23	23	26	45
35131	1	24	6	25	10
35132	4	21	16	378	43
35133	8	27	6	35931	27
35134	2	30	24	22	33
35135	2	55	26	39	53
35136	2	24	28	28	57
35137	1	7	14	7	20
35138	4	16	6	205	13
35139	4	29	24	231	55
35140	2	16	24	11	30
35141	2	54	26	39	54
35142	2	31	6	39	7
35143	2	10	16	14	21
35144	2	10	6	20	7
35145	2	24	23	29	33
35146	2	19	24	14	31
35147	2	5	28	10	33
35148	2	8	28	5	57
35149	2	25	24	18	44
35150	1	7	27	7	55
35151	2	9	16	11	21
35152	4	3	16	25	28
35153	4	18	22	228	52
35154	2	43	28	32	57
35155	2	33	16	44	23
35156	4	21	24	120	71
35157	2	10	6	66	13
35158	2	14	24	15	44
35159	2	24	22	28	27
35160	2	4	16	9	21
35161	4	14	24	91	63
35162	2	6	14	8	19
35163	1	24	16	24	22
35164	2	45	24	32	33
35165	4	28	6	435	13
35166	4	23	24	276	57
35167	4	3	27	19	36
35168	2	50	24	36	41
35169	2	10	6	20	7
35170	2	27	14	33	20
35171	2	10	6	11	7
35172	4	34	24	741	58
35173	2	30	28	22	55
35174	2	6	17	13	23
35175	4	17	6	226	13
35176	4	14	22	45	51
35177	2	4	6	9	7
35178	2	33	24	35	49
35179	2	26	28	31	55
35180	2	21	24	15	33
35181	4	30	24	590	50
35182	1	6	6	6	6
35183	2	31	28	22	57
35184	2	20	6	27	6
35185	2	13	28	17	48
35186	4	21	6	253	14
35187	2	8	16	10	23
35188	2	16	27	22	48
35189	2	9	12	12	18
35190	2	12	6	16	9
35191	2	27	24	28	45
35192	2	10	13	21	19
35193	2	40	296	32	316
35194	1	10	28	10	35
35195	1	8	16	8	22
35196	4	19	17	273	30
35197	4	15	294	66	597
35198	4	32	24	627	59
35199	4	28	6	496	12
35200	4	31	24	625	58
35201	2	9	24	6	29
35202	4	26	28	378	87
35203	2	20	24	23	29
35204	2	23	14	24	21
35205	4	29	24	556	76
35206	4	34	15	1021	27
35207	2	22	6	21	11
35208	2	8	20	5	23
35209	1	6	19	6	25
35210	4	5	6	51	18
35211	2	14	6	11	6
35212	2	10	16	13	21
35213	2	22	28	23	34
35214	4	32	24	595	57
35215	2	4	27	9	33
35216	2	16	15	17	20
35217	2	20	28	27	34
35218	2	4	20	7	25
35219	4	27	24	465	82
35220	4	48	24	595	62
35221	2	22	24	25	43
35222	4	22	295	136	594
35223	4	8	24	15	57
35224	2	17	16	22	22
35225	2	5	6	6	8
35226	2	28	15	35	21
35227	2	40	296	32	328
35228	2	37	24	26	32
35229	2	6	6	11	7
35230	2	26	6	35	6
35231	2	12	6	24	7
35232	2	9	6	18	12
35233	2	8	27	5	29
35234	2	16	6	21	6
35235	2	27	24	30	29
35236	2	25	28	30	34
35237	1	8	15	8	20
35238	2	42	296	31	301
35239	1	21	25	21	30
35240	2	26	28	31	34
35241	2	21	16	27	23
35242	2	20	26	24	32
35243	4	35	24	325	58
35244	4	22	6	461	13
35245	2	6	18	12	25
35246	2	6	6	13	11
35247	2	19	20	19	25
35248	2	8	15	17	21
35249	2	21	26	22	50
35250	1	22	18	20	23
35251	2	20	24	23	27
35252	2	38	24	28	29
35253	2	2	19	3	24
35254	2	28	23	33	47
35255	4	27	24	190	60
35256	2	5	26	10	31
35257	2	5	15	6	20
35258	2	17	16	23	22
35259	4	5	6	27	12
35260	2	21	24	16	33
35261	2	25	28	30	34
35262	1	18	6	18	6
35263	1	12	16	12	22
35264	2	38	24	28	34
35265	1	8	23	8	32
35266	2	25	24	29	34
35267	2	28	24	32	29
35268	2	18	6	22	11
35269	2	6	20	13	26
35270	2	43	24	31	47
35271	2	23	24	16	41
35272	2	22	20	23	26
35273	2	31	24	22	49
35274	2	11	24	7	40
35275	2	15	6	20	9
35276	2	9	14	18	21
35277	2	27	24	28	40
35278	2	32	27	23	56
35279	1	8	6	8	6
35280	2	25	296	18	329
35281	2	3	18	6	23
35282	2	15	27	19	49
35283	2	10	6	20	12
35284	1	23	6	24	6
35285	2	19	24	20	28
35286	2	10	6	21	11
35287	2	12	22	8	44
35288	2	54	24	39	45
35289	2	3	18	6	23
35290	2	36	24	25	30
35291	1	6	26	6	31
35292	2	8	6	17	11
35293	4	31	24	664	58
35294	2	9	25	18	31
35295	2	35	24	36	44
35296	2	8	28	10	34
35297	1	8	24	8	34
35298	2	54	24	39	44
35299	2	31	6	35	9
35300	2	25	24	29	29
35301	2	32	20	40	26
35302	2	11	6	23	12
35303	4	8	24	15	54
35304	2	37	24	26	48
35305	2	25	16	33	36
35306	2	30	296	24	327
35307	2	33	6	44	6
35308	4	23	26	300	83
35309	2	15	24	16	26
35310	4	42	24	465	58
35311	1	8	6	9	10
35312	4	23	6	275	13
35313	4	28	24	210	72
35314	2	5	20	11	26
35315	2	21	23	22	33
35316	2	35	24	25	29
35317	2	9	6	19	7
35318	2	5	25	11	31
35319	2	22	28	253	41
35320	2	5	24	15	75
35321	4	16	20	136	31
35322	8	21	23	12650	108
35323	2	19	294	15	317
35324	8	12	24	495	115
35325	2	6	6	13	7
35326	4	50	296	818	623
35327	2	27	23	19	50
35328	2	31	24	34	48
35329	2	27	24	31	35
35330	2	11	19	21	24
35331	2	7	6	14	7
35332	2	20	23	15	28
35333	2	37	296	28	306
35334	2	33	24	38	41
35335	8	30	6	-1	-1
35336	2	31	24	35	27
35337	2	4	15	6	19
35338	2	41	24	29	44
35339	4	32	6	932	14
35340	2	12	6	78	13
35341	4	14	296	55	603
35342	1	17	6	18	10
35343	2	15	24	15	34
35344	4	11	24	55	58
35345	2	20	16	23	21
35346	2	23	20	26	26
35347	4	13	24	119	53
35348	2	38	24	26	29
35349	8	14	6	4165	25
35350	1	8	6	9	6
35351	2	5	6	7	11
35352	4	7	6	113	14
35353	4	18	16	300	43
35354	2	10	18	20	24
35355	2	23	6	31	6
35356	2	35	27	38	57
35357	2	15	28	17	33
35358	1	18	6	19	6
35359	2	23	20	27	25
35360	4	10	24	55	77
35361	4	9	6	163	14
35362	2	54	24	39	48
35363	2	12	26	16	32
35364	1	24	6	24	11
35365	2	21	27	27	33
35366	4	25	28	404	41
35367	2	24	6	26	6
35368	2	42	296	32	301
35369	4	8	24	45	35
35370	4	36	24	325	58
35371	2	15	22	16	32
35372	2	35	28	36	57
35373	2	10	28	11	33
35374	2	31	6	38	6
35375	2	13	24	14	32
35376	2	26	24	27	30
35377	2	37	24	41	34
35378	1	12	6	12	11
35379	1	30	25	30	31
35380	1	10	19	10	24
35381	2	9	19	18	25
35382	4	51	24	666	58
35383	4	24	24	401	57
35384	2	13	23	10	27
35385	2	20	11	23	17
35386	4	14	296	66	618
35387	2	28	23	32	39
35388	2	11	24	10	42
35389	2	16	24	15	36
35390	2	10	6	55	12
35391	2	37	24	41	47
35392	2	16	26	11	52
35393	2	8	6	11	7
35394	2	13	5	10	6
35395	2	27	28	30	34
35396	2	27	24	30	30
35397	4	8	6	55	12
35398	2	21	23	22	32
35399	2	2	6	5	6
35400	2	19	24	14	50
35401	4	24	6	401	13
35402	2	25	18	35	24
35403	4	33	24	630	61
35404	1	28	6	29	9
35405	2	44	24	31	44
35406	1	24	6	24	10
35407	2	43	24	30	34
35408	2	32	6	40	6
35409	2	9	26	19	33
35410	4	17	6	153	12
35411	4	10	296	28	597
35412	2	21	16	28	21
35413	4	28	24	435	60
35414	2	22	6	30	7
35415	4	27	25	554	39
35416	1	9	24	9	34
35417	2	53	24	37	29
35418	2	21	16	27	26
35419	2	21	20	24	26
35420	8	33	6	-1	-1
35421	2	36	27	25	55
35422	2	10	20	8	43
35423	1	3	12	3	16
35424	4	31	6	733	13
35425	2	55	24	40	30
35426	2	7	5	36	16
35427	4	32	23	701	56
35428	4	8	6	45	11
35429	2	4	20	8	26
35430	2	13	6	14	6
35431	4	17	15	273	27
35432	2	22	28	25	56
35433	2	6	14	13	21
35434	4	15	16	210	39
35435	2	19	27	19	56
35436	2	18	18	21	23
35437	4	13	5	91	11
35438	2	12	18	24	24
35439	2	22	24	26	48
35440	2	21	27	16	53
35441	2	16	20	13	26
35442	2	22	24	23	47
35443	2	5	15	11	21
35444	2	20	28	24	56
35445	2	8	5	45	12
35446	2	31	24	22	28
35447	2	8	296	6	296
35448	2	25	24	30	25
35449	2	57	24	41	44
35450	4	3	6	25	12
35451	2	35	24	25	32
35452	4	10	24	45	55
35453	2	19	24	18	44
35454	2	55	24	39	29
35455	2	14	6	15	9
35456	4	18	24	171	58
35457	4	35	24	325	58
35458	4	28	24	559	62
35459	2	16	296	12	298
35460	2	29	24	33	29
35461	2	50	27	36	55
35462	2	47	24	33	30
35463	4	25	15	625	28
35464	2	8	15	9	21
35465	2	12	5	15	11
35466	2	30	296	25	328
35467	2	19	28	19	56
35468	2	9	23	6	42
35469	2	4	6	8	9
35470	2	25	6	29	6
35471	4	24	22	401	48
35472	2	18	6	23	6
35473	2	14	24	14	31
35474	4	31	6	734	16
35475	8	32	24	-1	-1
35476	2	33	24	37	46
35477	4	23	24	300	56
35478	2	34	27	43	33
35479	2	18	24	21	27
35480	2	32	6	528	13
35481	2	30	24	34	45
35482	4	13	24	55	57
35483	2	5	16	6	21
35484	4	32	16	664	29
35485	4	19	296	119	599
35486	4	16	28	231	68
35487	2	11	27	8	33
35488	2	54	24	39	29
35489	2	13	24	15	30
35490	2	10	6	55	14
35491	2	28	24	29	48
35492	2	3	5	6	10
35493	2	33	24	38	44
35494	4	18	23	190	74
35495	2	17	20	23	26
35496	4	32	296	275	602
35497	2	5	16	10	23
35498	2	23	6	27	10
35499	2	11	6	23	7
35500	2	19	27	26	33
35501	2	2	5	5	7
35502	4	40	24	406	58
35503	4	22	6	403	12
35504	2	5	16	7	22
35505	2	22	23	16	42
35506	4	26	6	460	13
35507	2	18	24	17	48
35508	2	31	6	528	14
35509	2	16	28	16	57
35510	4	29	6	623	13
35511	2	24	6	32	6
35512	2	24	17	28	23
35513	2	27	24	19	28
35514	2	6	24	21	51
35515	2	27	16	31	22
35516	4	23	24	351	51
35517	2	27	24	19	42
35518	2	11	24	10	32
35519	4	26	6	351	13
35520	2	7	16	9	20
35521	2	3	28	7	35
35522	2	33	24	37	34
35523	4	45	24	561	58
35524	4	23	24	300	58
35525	4	11	22	36	50
35526	2	19	24	19	31
35527	4	17	24	171	72
35528	2	28	6	31	6
35529	2	12	27	9	32
35530	4	30	24	590	74
35531	2	24	16	28	22
35532	4	12	5	45	11
35533	2	6	16	8	37
35534	2	16	13	20	19
35535	4	16	24	170	58
35536	4	7	5	36	11
35537	2	31	18	40	24
35538	2	6	6	12	10
35539	2	17	23	18	41
35540	4	25	6	401	13
35541	2	11	24	10	28
35542	4	20	24	273	58
35543	2	12	24	9	27
35544	4	12	22	36	69
35545	4	26	24	378	59
35546	2	21	28	23	33
35547	2	32	20	40	25
35548	2	14	293	11	293
35549	1	10	5	10	6
35550	2	57	24	41	28
35551	2	16	6	136	13
35552	2	2	28	5	34
35553	2	10	6	19	7
35554	2	32	28	23	57
35555	1	26	6	27	7
35556	8	18	21	5985	106
35557	2	5	5	6	7
35558	2	28	6	33	6
35559	2	9	16	19	22
35560	2	12	6	91	13
35561	2	36	24	25	44
35562	2	20	16	17	22
35563	2	33	24	38	46
35564	2	9	6	12	6
35565	1	16	15	16	21
35566	2	12	6	16	6
35567	2	20	16	26	37
35568	2	11	24	10	43
35569	4	25	295	209	598
35570	4	32	24	663	73
35571	2	5	19	6	24
35572	2	16	16	32	22
35573	2	10	293	7	300
35574	2	18	5	15	6
35575	2	16	6	16	6
35576	2	4	20	3	25
35577	2	6	20	8	41
35578	1	24	6	24	6
35579	2	22	28	30	34
35580	4	44	23	496	53
35581	2	19	16	26	34
35582	4	26	24	190	52
35583	2	23	296	17	317
35584	2	14	28	18	47
35585	2	8	25	9	30
35586	4	23	295	136	609
35587	2	8	27	10	32
35588	2	20	16	24	22
35589	4	24	24	171	57
35590	1	22	14	22	20
35591	2	13	22	10	28
35592	2	25	20	34	26
35593	2	5	5	11	10
35594	2	15	28	14	34
35595	4	8	6	21	12
35596	2	3	6	7	11
35597	2	23	28	26	34
35598	4	2	14	6	23
35599	2	20	6	27	7
35600	2	22	28	23	34
35601	2	18	24	13	29
35602	2	3	26	5	32
35603	2	15	19	21	25
35604	2	46	296	36	320
35605	2	7	20	7	25
35606	2	19	6	26	7
35607	1	20	6	18	10
35608	4	15	292	66	592
35609	4	29	24	526	58
35610	4	7	16	55	42
35611	2	11	28	22	34
35612	8	17	24	4845	106
35613	2	27	24	32	43
35614	2	18	6	22	6
35615	2	21	16	20	22
35616	2	14	6	19	7
35617	2	7	27	9	46
35618	2	19	6	25	7
35619	2	41	296	32	319
35620	4	2	19	9	30
35621	2	19	24	19	43
35622	4	20	6	375	13
35623	2	9	20	11	40
35624	4	3	6	19	13
35625	1	14	6	14	6
35626	2	7	15	14	21
35627	2	33	6	42	7
35628	2	6	6	7	6
35629	2	7	20	14	26
35630	4	39	24	406	55
35631	2	3	6	5	6
35632	2	18	24	13	42
35633	4	15	6	136	13
35634	2	24	24	16	34
35635	4	8	6	55	13
35636	2	24	23	28	42
35637	4	19	296	91	602
35638	2	10	6	19	11
35639	2	10	6	55	12
35640	4	19	23	91	73
35641	2	14	28	28	35
35642	2	19	27	18	33
35643	2	33	28	41	34
35644	2	10	20	21	25
35645	1	22	6	22	10
35646	2	17	6	171	12
35647	2	23	295	17	298
35648	2	18	24	16	48
35649	2	15	24	16	29
35650	2	22	24	16	48
35651	2	8	20	10	25
35652	2	25	6	351	13
35653	2	19	6	23	11
35654	4	14	6	66	12
35655	1	16	25	16	31
35656	2	23	24	26	34
35657	2	9	15	19	21
35658	2	30	24	34	28
35659	4	29	24	560	58
35660	2	21	6	253	13
35661	2	23	16	30	26
35662	8	31	24	-1	-1
35663	2	23	28	27	51
35664	2	51	24	36	44
35665	1	16	6	16	11
35666	2	5	6	10	11
35667	8	22	24	8855	117
35668	2	8	6	36	12
35669	2	33	28	38	57
35670	2	16	16	21	20
35671	2	27	28	32	57
35672	2	20	16	26	24
35673	2	21	28	28	48
35674	4	17	23	78	60
35675	4	29	24	495	56
35676	2	17	6	17	8
35677	4	33	6	893	13
35678	2	4	6	10	12
35679	2	19	26	23	54
35680	1	18	6	18	6
35681	2	4	5	10	11
35682	2	11	28	22	34
35683	2	16	25	18	31
35684	2	34	24	39	33
35685	2	24	16	27	22
35686	4	18	6	251	13
35687	2	18	6	21	11
35688	4	20	6	375	18
35689	2	10	6	55	11
35690	2	16	24	18	42
35691	4	4	20	10	25
35692	2	17	6	17	6
35693	2	31	24	36	29
35694	2	5	6	6	6
35695	2	23	28	25	34
35696	4	14	6	91	12
35697	2	24	6	33	6
35698	2	12	20	15	40
35699	2	25	6	30	9
35700	2	27	20	35	25
35701	8	31	6	-1	-1
35702	2	34	20	45	25
35703	2	12	28	14	34
35704	2	18	24	18	29
35705	2	3	28	7	34
35706	2	13	23	8	29
35707	2	26	24	30	46
35708	2	35	296	28	328
35709	4	21	5	251	11
35710	4	12	6	91	12
35711	4	6	5	15	11
35712	2	35	23	25	29
35713	4	12	6	119	12
35714	2	12	18	25	24
35715	2	13	23	18	41
35716	2	35	24	39	28
35717	4	41	296	559	598
35718	2	3	17	5	23
35719	2	9	27	18	34
35720	2	16	20	16	26
35721	2	29	28	34	57
35722	2	21	6	21	7
35723	2	30	24	35	46
35724	2	30	24	35	53
35725	2	30	24	33	29
35726	2	26	15	31	21
35727	2	26	24	29	30
35728	4	24	24	433	71
35729	4	41	24	435	60
35730	2	19	24	14	43
35731	2	7	6	9	10
35732	1	23	6	24	12
35733	2	32	24	22	48
35734	2	22	22	25	37
35735	2	7	18	7	23
35736	2	13	23	10	33
35737	4	10	5	28	11
35738	2	2	28	4	33
35739	2	5	18	10	24
35740	2	9	24	8	30
35741	8	21	16	30912	84
35742	2	6	16	8	33
35743	2	17	26	23	32
35744	2	38	24	27	35
35745	2	14	21	15	27
35746	2	18	6	171	13
35747	4	21	20	253	33
35748	2	14	296	10	326
35749	4	9	24	21	58
35750	2	33	16	42	22
35751	1	9	24	9	26
35752	2	12	15	13	20
35753	2	15	18	30	23
35754	2	8	26	6	29
35755	2	32	296	26	315
35756	2	19	24	14	43
35757	2	13	22	9	42
35758	2	10	28	10	55
35759	1	15	6	16	11
35760	2	6	6	7	6
35761	2	10	5	14	6
35762	2	7	28	15	34
35763	2	22	16	29	36
35764	2	5	14	6	18
35765	2	14	28	17	34
35766	4	18	24	171	56
35767	2	10	23	11	38
35768	2	7	16	14	22
35769	2	25	24	27	31
35770	1	20	14	20	19
35771	2	16	6	17	11
35772	4	23	24	300	57
35773	4	17	16	253	40
35774	2	43	24	31	43
35775	4	20	16	351	42
35776	2	15	16	20	22
35777	2	5	20	10	26
35778	2	13	6	16	6
35779	2	48	296	37	327
35780	2	10	24	11	43
35781	1	22	14	22	20
35782	1	8	19	8	25
35783	1	9	5	10	9
35784	2	22	6	23	7
35785	2	23	16	31	35
35786	2	17	16	18	21
35787	1	12	5	12	6
35788	4	10	28	90	40
35789	2	20	28	27	33
35790	2	43	24	31	43
35791	2	8	6	17	7
35792	2	12	6	16	6
35793	8	24	6	-1	-1
35794	4	23	16	465	41
35795	2	5	16	7	21
35796	4	9	16	163	29
35797	2	19	6	23	6
35798	2	7	27	5	50
35799	4	16	20	528	34
35800	2	10	20	9	25
35801	2	5	20	7	26
35802	4	14	6	188	17
35803	2	19	20	24	26
35804	2	33	24	38	50
35805	2	10	15	13	21
35806	2	6	6	13	10
35807	2	27	24	30	49
35808	4	11	6	115	12
35809	2	34	24	38	30
35810	2	26	28	34	34
35811	2	33	22	38	31
35812	1	11	24	11	47
35813	2	9	28	12	34
35814	2	24	20	31	41
35815	4	18	6	190	12
35816	4	50	296	818	603
35817	2	11	5	13	6
35818	2	4	28	8	34
35819	2	14	6	18	6
35820	1	6	6	6	11
35821	4	12	6	313	14
35822	2	19	27	21	55
35823	2	24	6	300	13
35824	4	7	6	105	14
35825	2	56	24	41	30
35826	4	26	6	584	12
35827	1	4	15	4	20
35828	1	16	28	16	34
35829	2	7	5	9	5
35830	2	42	24	30	49
35831	2	14	14	17	20
35832	2	5	27	7	33
35833	4	10	5	103	12
35834	2	36	24	41	34
35835	8	24	6	34226	27
35836	2	26	6	351	15
35837	2	6	6	6	6
35838	8	17	6	8796	26
35839	2	7	294	6	319
35840	2	21	24	21	29
35841	2	19	27	25	48
35842	2	6	20	11	26
35843	2	21	22	21	45
35844	2	32	24	36	27
35845	2	17	24	18	44
35846	4	23	16	465	43
35847	2	15	27	15	55
35848	2	10	20	13	26
35849	2	21	24	14	29
35850	2	3	15	5	22
35851	4	7	16	45	39
35852	2	27	24	19	45
35853	2	14	28	11	34
35854	4	9	15	66	44
35855	2	5	20	7	26
35856	2	32	24	23	43
35857	2	9	16	7	22
35858	4	11	24	55	56
35859	4	28	22	559	53
35860	2	31	28	35	56
35861	2	25	16	33	25
35862	2	24	24	17	49
35863	2	24	26	32	32
35864	4	12	16	136	41
35865	2	23	20	24	26
35866	2	16	6	21	7
35867	4	18	6	231	12
35868	4	14	16	105	27
35869	2	14	16	19	25
35870	2	32	24	22	33
35871	2	33	14	39	20
35872	2	33	6	44	7
35873	2	8	6	10	11
35874	2	15	24	10	44
35875	2	30	24	34	47
35876	2	20	20	25	26
35877	4	6	6	15	12
35878	2	42	27	29	55
35879	4	35	22	857	51
35880	4	7	22	15	44
35881	2	9	20	55	31
35882	2	6	5	7	9
35883	2	21	28	21	34
35884	2	20	6	17	12
35885	4	22	6	323	12
35886	4	6	6	28	13
35887	2	24	15	29	21
35888	4	43	296	628	603
35889	2	24	6	26	6
35890	2	31	26	38	32
35891	1	6	5	6	6
35892	8	5	14	126	75
35893	2	5	16	10	21
35894	2	10	6	10	6
35895	4	22	13	231	25
35896	2	25	24	29	29
35897	2	5	16	10	22
35898	2	19	24	20	28
35899	2	8	5	5	5
35900	2	17	22	12	45
35901	8	25	6	-1	-1
35902	2	24	18	26	24
35903	2	5	28	10	33
35904	2	19	15	25	21
35905	2	28	24	20	32
35906	8	24	6	29847	28
35907	4	26	6	460	13
35908	2	23	24	16	49
35909	2	24	296	19	301
35910	2	18	6	22	11
35911	2	24	6	24	7
35912	2	10	6	21	12
35913	2	31	27	36	55
35914	2	33	24	37	48
35915	2	50	24	36	50
35916	2	33	24	38	45
35917	2	16	26	20	32
35918	2	30	20	36	25
35919	2	30	20	35	26
35920	1	24	6	24	11
35921	2	23	16	30	21
35922	2	21	24	21	44
35923	2	20	6	24	8
35924	2	47	24	33	33
35925	2	33	24	34	28
35926	2	4	6	9	6
35927	2	30	28	32	57
35928	2	24	6	300	13
35929	2	14	6	18	6
35930	2	13	24	14	29
35931	2	7	22	6	32
35932	2	9	6	18	11
35933	2	8	15	7	20
35934	2	12	6	16	6
35935	2	42	24	30	44
35936	2	23	16	23	22
35937	2	56	24	41	48
35938	2	10	16	21	23
35939	2	18	16	24	24
35940	2	5	6	7	6
35941	2	34	24	36	42
35942	2	10	6	13	6
35943	4	20	6	402	13
35944	2	10	6	20	10
35945	1	18	20	19	26
35946	4	14	6	151	18
35947	2	37	23	26	28
35948	2	26	24	18	29
35949	4	21	6	320	14
35950	2	32	24	36	24
35951	2	8	6	11	6
35952	2	9	5	11	5
35953	1	11	5	11	5
35954	2	34	24	39	43
35955	4	2	15	6	27
35956	2	57	24	41	34
35957	4	11	6	77	13
35958	2	7	23	5	23
35959	2	24	6	27	10
35960	2	8	6	16	9
35961	2	11	16	8	21
35962	2	33	28	41	34
35963	4	18	16	298	29
35964	2	31	24	36	28
35965	2	25	24	26	43
35966	2	24	16	31	21
35967	2	22	24	22	30
35968	8	30	24	-1	-1
35969	4	18	6	298	13
35970	2	29	16	33	22
35971	4	30	24	465	59
35972	2	30	24	34	27
35973	2	23	23	28	33
35974	2	10	5	7	10
35975	2	15	6	21	7
35976	2	8	16	17	22
35977	2	16	19	15	25
35978	2	11	28	11	33
35979	2	17	26	20	53
35980	4	11	26	265	39
35981	2	17	6	21	6
35982	2	8	27	17	32
35983	4	13	20	171	60
35984	1	22	6	23	6
35985	2	7	23	6	46
35986	2	17	26	22	31
35987	4	10	6	55	13
35988	2	24	19	27	25
35989	1	11	24	11	34
35990	4	35	24	325	58
35991	2	36	23	41	48
35992	2	31	28	35	52
35993	2	46	24	32	44
35994	2	32	23	37	30
35995	2	22	23	26	26
35996	2	10	6	20	7
35997	2	10	5	14	6
35998	2	9	16	12	20
35999	2	32	6	42	7
36000	4	23	24	300	77
36001	1	18	26	18	32
36002	1	38	6	38	8
36003	2	25	24	30	45
36004	2	24	19	33	25
36005	2	20	26	15	54
36006	2	32	24	37	48
36007	2	7	5	7	5
36008	4	17	24	78	60
36009	2	28	24	19	45
36010	2	8	16	10	22
36011	2	35	296	29	328
36012	2	24	20	33	26
36013	2	21	26	22	32
36014	2	7	13	14	19
36015	2	33	24	36	34
36016	4	17	16	253	39
36017	2	32	14	41	20
36018	2	10	26	12	31
36019	2	22	28	29	49
36020	2	11	24	10	43
36021	2	20	6	27	11
36022	2	34	24	39	33
36023	2	23	16	30	21
36024	4	41	296	495	601
36025	2	2	16	4	22
36026	4	33	24	701	75
36027	2	19	28	19	57
36028	4	22	22	350	55
36029	2	12	24	8	44
36030	2	19	24	23	29
36031	4	6	6	73	13
36032	2	23	24	26	33
36033	2	30	24	34	28
36034	2	15	28	15	34
36035	2	21	24	22	45
36036	2	52	24	37	31
36037	1	8	20	8	23
36038	2	10	6	13	9
36039	2	38	296	30	305
36040	4	10	22	21	54
36041	4	7	24	21	64
36042	2	10	6	21	7
36043	4	12	6	104	12
36044	2	5	6	10	7
36045	2	10	6	66	12
36046	1	18	16	18	22
36047	2	15	6	15	6
36048	2	5	15	11	21
36049	2	8	15	11	20
36050	2	28	6	435	12
36051	2	46	24	32	33
36052	2	16	16	136	29
36053	2	26	28	19	56
36054	1	16	18	16	23
36055	4	19	6	297	12
36056	2	28	295	22	317
36057	4	18	295	91	601
36058	2	28	24	20	29
36059	4	24	28	433	41
36060	2	20	20	26	40
36061	2	14	24	17	36
36062	2	19	26	21	55
36063	2	33	14	42	20
36064	2	17	28	19	34
36065	4	19	6	210	12
36066	2	24	28	28	35
36067	1	11	6	12	11
36068	2	26	28	35	34
36069	2	24	6	32	11
36070	2	21	24	23	33
36071	4	12	23	36	50
36072	2	32	15	36	21
36073	2	20	17	18	23
36074	4	18	24	190	53
36075	2	27	24	29	46
36076	2	32	24	35	50
36077	2	34	28	43	34
36078	4	19	6	348	12
36079	2	7	16	9	18
36080	1	22	16	22	22
36081	2	25	16	33	26
36082	2	42	28	30	57
36083	2	28	20	34	26
36084	2	24	6	27	10
36085	4	20	24	231	74
36086	2	43	24	31	33
36087	2	22	22	25	27
36088	4	31	27	253	84
36089	2	25	15	34	20
36090	2	13	15	26	22
36091	2	24	6	26	10
36092	8	21	24	10626	112
36093	1	10	14	10	20
36094	2	20	20	28	26
36095	2	7	19	14	25
36096	1	28	6	29	7
36097	2	28	296	22	321
36098	2	23	24	25	31
36099	2	34	24	38	46
36100	4	12	18	289	32
36101	2	6	16	7	22
36102	2	24	16	32	24
36103	2	41	24	29	32
36104	2	19	24	19	34
36105	2	25	26	34	32
36106	4	19	256	251	518
36107	2	18	295	14	314
36108	4	10	6	103	18
36109	4	23	23	300	52
36110	4	14	6	188	13
36111	2	25	24	25	28
36112	2	22	5	24	10
36113	2	26	6	35	11
36114	4	10	6	88	12
36115	2	25	28	34	33
36116	1	24	6	22	11
36117	4	22	294	152	594
36118	8	26	6	-1	-1
36119	4	24	24	401	48
36120	4	22	6	346	13
36121	2	14	15	18	24
36122	4	27	24	406	55
36123	2	21	19	28	25
36124	2	24	24	28	44
36125	2	18	6	17	10
36126	4	5	5	27	14
36127	2	40	24	28	49
36128	2	15	20	19	39
36129	2	30	22	35	45
36130	2	22	6	30	11
36131	4	33	24	739	60
36132	2	20	6	27	6
36133	4	31	24	625	59
36134	4	10	6	55	12
36135	4	8	6	129	14
36136	2	15	6	136	16
36137	2	54	24	38	32
36138	2	9	5	6	5
36139	2	10	23	11	39
36140	4	25	16	561	42
36141	1	8	6	8	6
36142	4	33	24	698	57
36143	2	13	16	14	22
36144	1	10	24	10	46
36145	2	19	16	19	21
36146	2	13	296	9	329
36147	2	14	24	13	29
36148	2	25	25	29	31
36149	2	11	6	8	7
36150	2	24	19	32	24
36151	2	10	20	11	24
36152	4	15	24	136	53
36153	2	20	27	19	33
36154	2	32	24	36	45
36155	2	20	6	19	7
36156	2	20	24	21	41
36157	2	49	26	33	55
36158	2	9	12	12	19
36159	2	21	15	20	21
36160	4	7	6	99	14
36161	4	12	14	313	28
36162	2	30	6	34	9
36163	2	9	6	9	8
36164	8	31	6	-1	-1
36165	2	10	19	14	39
36166	2	8	5	9	6
36167	2	32	24	36	40
36168	2	33	24	36	29
36169	2	28	20	32	26
36170	2	27	28	30	56
36171	2	42	24	30	32
36172	2	28	20	33	25
36173	8	8	24	126	114
36174	1	7	6	8	6
36175	2	7	22	5	22
36176	2	19	296	15	301
36177	4	25	24	463	52
36178	4	10	6	89	12
36179	4	23	16	465	42
36180	2	8	5	9	8
36181	2	31	26	36	32
36182	2	25	20	351	34
36183	2	17	24	13	30
36184	4	28	23	559	71
36185	2	15	6	16	6
36186	4	33	296	376	597
36187	2	16	24	16	40
36188	4	35	296	377	601
36189	2	26	24	27	28
36190	2	6	28	13	35
36191	2	8	5	17	9
36192	4	43	24	496	60
36193	2	32	24	35	42
36194	4	11	24	45	54
36195	4	33	24	300	58
36196	2	14	25	13	54
36197	2	19	5	23	6
36198	1	24	28	24	34
36199	1	20	16	21	22
36200	2	10	5	11	5
36201	2	8	15	36	28
36202	1	20	19	20	25
36203	4	10	6	100	13
36204	1	18	20	18	25
36205	2	26	28	30	34
36206	1	11	19	12	24
36207	2	9	22	6	29
36208	2	27	24	31	30
36209	2	18	16	23	20
36210	2	25	6	33	6
36211	4	12	22	45	54
36212	2	34	24	36	31
36213	4	11	25	28	75
36214	2	10	16	14	36
36215	4	24	6	492	13
36216	4	12	28	313	41
36217	2	22	296	16	302
36218	2	9	15	12	20
36219	2	26	24	29	28
36220	2	18	6	17	6
36221	4	8	16	66	41
36222	2	22	15	29	21
36223	4	16	6	188	13
36224	2	22	296	16	302
36225	4	21	6	403	12
36226	4	2	20	9	24
36227	2	56	24	41	28
36228	4	2	6	6	12
36229	4	14	27	169	39
36230	2	30	296	23	307
36231	2	19	24	20	44
36232	2	6	6	12	7
36233	4	18	16	276	41
36234	1	4	4	4	8
36235	2	22	20	22	26
36236	4	3	4	15	7
36237	2	2	16	4	23
36238	2	28	24	32	45
36239	2	26	24	30	27
36240	2	23	6	25	12
36241	2	5	20	6	25
36242	4	13	16	153	43
36243	4	19	24	171	55
36244	4	22	16	465	43
36245	2	20	6	171	12
36246	2	12	6	16	8
36247	4	22	6	461	13
36248	2	26	28	28	33
36249	4	2	20	6	29
36250	2	32	19	40	25
36251	2	26	6	33	6
36252	2	23	15	27	20
36253	2	27	24	30	30
36254	1	16	6	17	11
36255	2	8	5	6	5
36256	4	13	24	105	56
36257	2	6	6	12	9
36258	2	29	24	30	32
36259	2	30	24	21	42
36260	4	22	6	323	13
36261	2	23	6	27	11
36262	2	8	5	45	11
36263	2	15	24	14	41
36264	2	26	6	378	13
36265	4	28	24	559	55
36266	2	8	15	10	20
36267	2	7	20	9	26
36268	2	29	24	29	29
36269	4	18	24	248	62
36270	2	22	24	23	45
36271	2	32	14	41	20
36272	2	6	14	13	20
36273	2	30	19	38	25
36274	2	22	296	18	321
36275	4	20	6	375	13
36276	4	6	16	73	29
36277	2	47	24	33	29
36278	2	49	296	39	301
36279	2	35	24	41	48
36280	2	27	26	31	32
36281	1	26	15	24	21
36282	4	18	6	252	12
36283	2	17	24	18	48
36284	2	31	24	33	33
36285	4	8	6	129	14
36286	4	10	5	75	11
36287	2	52	24	38	45
36288	4	21	24	273	57
36289	2	8	6	17	11
36290	2	12	20	10	25
36291	4	33	6	1020	13
36292	2	15	16	19	25
36293	4	6	26	73	40
36294	2	12	6	16	10
36295	4	21	24	253	58
36296	4	22	6	298	13
36297	2	24	24	25	35
36298	2	12	28	13	33
36299	4	35	6	1023	13
36300	1	11	24	11	28
36301	8	11	6	1001	25
36302	2	25	6	29	6
36303	2	29	20	33	25
36304	2	34	23	40	40
36305	2	10	16	14	22
36306	4	18	24	190	58
36307	2	10	6	21	7
36308	2	14	28	14	56
36309	2	5	2	6	2
36310	2	10	6	20	7
36311	2	13	5	13	10
36312	2	14	26	18	45
36313	4	23	15	373	27
36314	2	16	6	20	9
36315	2	14	16	11	22
36316	2	8	16	36	28
36317	4	4	27	33	39
36318	4	4	14	41	25
36319	4	7	6	28	15
36320	2	25	24	29	30
36321	2	32	24	23	43
36322	2	20	24	20	32
36323	2	12	17	15	22
36324	2	28	16	33	22
36325	4	21	6	324	13
36326	4	31	24	253	57
36327	2	17	6	22	12
36328	2	3	5	6	5
36329	2	54	24	38	32
36330	4	35	24	325	55
36331	2	40	6	820	13
36332	4	8	6	15	12
36333	2	3	27	7	32
36334	4	10	5	201	19
36335	4	8	6	36	17
36336	2	8	23	36	55
36337	2	7	4	14	5
36338	2	11	6	22	6
36339	2	10	6	20	11
36340	2	10	6	66	11
36341	1	18	20	18	26
36342	2	31	24	35	30
36343	2	10	15	20	21
36344	4	21	23	231	56
36345	2	4	15	8	21
36346	4	25	6	591	13
36347	4	13	6	152	13
36348	2	12	5	13	8
36349	4	22	24	322	59
36350	2	10	6	13	6
36351	2	15	6	18	6
36352	4	22	18	461	30
36353	2	24	24	17	34
36354	2	8	28	17	35
36355	2	48	24	35	29
36356	2	42	296	33	305
36357	2	7	26	15	33
36358	2	27	27	31	33
36359	2	16	16	15	21
36360	4	13	24	133	47
36361	2	29	24	31	29
36362	2	6	16	7	21
36363	2	18	25	22	32
36364	2	16	24	20	29
36365	2	8	6	16	12
36366	4	22	14	323	26
36367	2	43	296	35	329
36368	2	11	28	8	52
36369	1	10	24	10	47
36370	2	19	16	25	35
36371	2	20	295	15	316
36372	2	4	6	5	6
36373	2	29	24	33	50
36374	2	35	26	39	52
36375	2	26	16	30	22
36376	2	52	24	37	48
36377	2	24	20	31	40
36378	2	53	24	38	48
36379	2	16	5	20	8
36380	2	5	28	6	46
36381	2	19	17	25	23
36382	2	8	6	11	6
36383	2	6	6	13	9
36384	4	25	16	528	42
36385	2	14	24	13	46
36386	4	26	6	460	13
36387	2	37	24	27	34
36388	2	14	28	15	57
36389	4	15	24	120	70
36390	2	37	24	25	45
36391	2	9	6	19	11
36392	2	4	18	7	24
36393	2	13	6	17	10
36394	2	31	24	22	44
36395	2	23	24	23	49
36396	2	10	16	21	23
36397	2	29	6	34	10
36398	2	23	27	30	48
36399	2	25	6	34	6
36400	2	7	23	5	26
36401	2	14	15	14	20
36402	2	11	23	10	27
36403	4	6	25	85	39
36404	2	9	27	19	33
36405	2	16	24	16	28
36406	2	3	16	4	26
36407	2	19	27	18	56
36408	2	25	24	27	44
36409	2	26	6	33	12
36410	2	24	16	31	26
36411	1	11	24	11	28
36412	2	31	24	35	27
36413	2	35	24	25	43
36414	2	24	16	32	22
36415	2	21	16	27	24
36416	2	25	19	33	40
36417	1	11	18	11	22
36418	2	33	6	43	12
36419	2	41	296	33	320
36420	4	11	6	243	14
36421	2	31	24	22	29
36422	2	27	24	28	44
36423	1	16	6	16	7
36424	2	18	23	12	33
36425	4	42	24	465	58
36426	4	24	6	401	13
36427	4	20	16	351	57
36428	2	17	16	20	22
36429	2	11	6	22	7
36430	2	11	17	14	22
36431	4	43	24	496	73
36432	2	32	24	33	41
36433	2	24	19	32	40
36434	2	7	28	15	34
36435	2	34	28	39	57
36436	2	23	24	26	30
36437	2	19	24	19	48
36438	2	23	24	23	45
36439	2	10	16	13	18
36440	2	25	24	29	49
36441	2	6	28	12	34
36442	1	41	16	41	22
36443	4	10	24	45	57
36444	4	11	27	243	41
36445	1	18	6	18	7
36446	4	24	6	276	14
36447	2	17	16	23	25
36448	2	26	23	18	46
36449	4	17	16	253	40
36450	2	12	6	13	9
36451	4	22	24	322	56
36452	2	8	16	10	24
36453	2	9	5	12	8
36454	2	21	24	24	29
36455	4	8	6	55	12
36456	2	16	16	16	22
36457	4	14	6	120	12
36458	2	5	6	7	7
36459	2	21	24	21	50
36460	2	24	24	17	31
36461	4	22	23	349	56
36462	4	22	6	350	14
36463	1	11	28	11	57
36464	2	24	28	17	53
36465	2	33	24	37	30
36466	2	29	28	32	57
36467	1	10	20	10	26
36468	2	19	13	22	20
36469	2	28	24	20	34
36470	2	29	28	34	55
36471	4	4	6	33	15
36472	2	8	14	10	20
36473	4	34	6	1021	13
36474	2	34	27	38	56
36475	4	51	296	859	601
36476	2	5	15	11	20
36477	2	23	296	18	321
36478	4	27	296	252	597
36479	2	17	24	16	48
36480	4	20	16	325	41
36481	4	16	6	188	12
36482	2	48	296	38	316
36483	2	5	4	6	7
36484	2	11	6	23	7
36485	2	23	24	24	32
36486	2	6	16	8	24
36487	2	10	295	7	299
36488	2	19	15	19	20
36489	2	7	23	5	43
36490	4	10	28	201	42
36491	2	55	24	39	30
36492	4	28	24	435	77
36493	2	9	6	11	8
36494	2	18	24	17	43
36495	1	14	12	14	19
36496	2	5	17	7	38
36497	4	14	24	150	48
36498	4	11	26	66	37
36499	2	12	6	25	7
36500	1	22	6	22	7
36501	1	26	16	27	22
36502	2	7	18	8	23
36503	2	5	20	11	26
36504	4	24	6	325	12
36505	2	30	20	37	26
36506	2	8	23	5	44
36507	2	10	20	11	23
36508	4	34	24	736	57
36509	2	10	15	21	21
36510	1	14	20	14	25
36511	4	5	6	21	17
36512	2	29	24	33	34
36513	4	23	296	189	597
36514	2	21	19	28	25
36515	2	41	24	29	32
36516	2	26	6	30	8
36517	2	29	18	34	24
36518	2	25	27	28	33
36519	4	15	24	120	58
36520	2	9	5	6	10
36521	2	29	6	33	6
36522	2	24	24	32	45
36523	2	45	296	35	319
36524	2	12	16	15	36
36525	2	19	19	24	25
36526	2	20	20	25	25
36527	4	23	6	300	12
36528	2	19	16	20	21
36529	2	18	24	13	43
36530	8	8	6	3649	30
36531	2	35	24	38	44
36532	2	12	24	9	40
36533	2	8	20	10	37
36534	1	27	27	28	33
36535	2	20	16	27	26
36536	2	19	24	14	46
36537	4	11	20	265	34
36538	1	20	16	20	22
36539	2	10	295	7	300
36540	2	29	24	33	48
36541	2	6	15	7	18
36542	2	43	24	31	44
36543	2	8	16	10	22
36544	2	20	25	24	31
36545	2	40	28	28	55
36546	2	45	24	32	44
36547	2	5	15	7	20
36548	2	8	24	6	28
36549	4	18	6	231	13
36550	2	49	24	34	34
36551	4	24	24	300	59
36552	2	7	15	9	24
36553	4	13	24	105	58
36554	2	7	15	15	21
36555	2	10	20	21	26
36556	2	30	296	25	300
36557	2	7	28	9	46
36558	2	9	16	12	31
36559	2	14	20	17	25
36560	2	25	16	33	22
36561	2	21	28	28	34
36562	2	7	6	6	8
36563	4	29	6	560	12
36564	8	33	24	-1	-1
36565	2	28	24	20	34
36566	1	11	24	11	28
36567	4	35	24	703	58
36568	4	11	16	243	30
36569	4	20	28	276	40
36570	2	19	23	19	26
36571	4	51	24	666	58
36572	2	20	15	27	21
36573	4	11	24	36	48
36574	4	19	14	190	26
36575	4	7	6	113	14
36576	2	33	24	37	32
36577	8	44	24	-1	-1
36578	2	27	6	32	9
36579	2	31	24	33	45
36580	2	18	6	25	10
36581	4	31	24	556	58
36582	2	7	6	15	7
36583	2	20	17	24	23
36584	2	22	24	22	45
36585	8	12	6	1820	25
36586	2	11	16	9	22
36587	4	2	5	13	11
36588	4	30	296	299	602
36589	2	28	24	32	31
36590	1	22	6	22	9
36591	4	27	28	491	86
36592	1	27	6	27	10
36593	4	10	24	66	58
36594	2	21	16	27	24
36595	2	11	6	23	11
36596	4	6	28	73	41
36597	2	24	27	30	33
36598	2	12	20	13	25
36599	2	20	28	21	33
36600	2	12	16	16	35
36601	2	54	24	38	49
36602	4	24	16	496	47
36603	4	8	22	15	44
36604	2	5	27	10	33
36605	2	11	15	11	20
36606	4	27	6	491	12
36607	2	17	6	22	6
36608	4	33	6	892	13
36609	2	51	24	37	29
36610	2	34	24	38	25
36611	2	31	24	34	29
36612	2	26	16	31	22
36613	2	28	24	32	34
36614	2	26	24	27	30
36615	2	12	25	16	31
36616	2	24	28	33	34
36617	2	23	24	24	42
36618	2	13	24	12	42
36619	2	29	28	32	58
36620	2	14	23	17	29
36621	1	13	19	13	24
36622	2	14	6	18	11
36623	2	9	6	9	6
36624	1	10	16	10	21
36625	2	16	6	21	8
36626	2	54	28	39	57
36627	2	13	16	18	22
36628	4	14	6	166	13
36629	2	21	19	26	24
36630	4	21	16	378	41
36631	2	22	6	25	6
36632	2	20	16	26	25
36633	2	33	28	35	56
36634	2	11	20	8	41
36635	2	22	6	30	7
36636	4	31	6	737	14
36637	4	51	24	630	58
36638	4	21	28	120	80
36639	2	11	6	22	7
36640	2	28	23	33	47
36641	4	19	24	190	58
36642	4	35	24	775	58
36643	4	10	5	55	11
36644	2	14	28	10	55
36645	2	24	23	17	45
36646	2	34	6	43	9
36647	4	33	24	276	59
36648	2	17	6	21	11
36649	2	29	6	36	7
36650	2	14	6	15	6
36651	4	12	6	91	12
36652	4	18	6	153	12
36653	2	13	27	10	32
36654	2	13	15	17	21
36655	2	21	24	22	28
36656	8	18	16	14730	80
36657	2	31	6	40	11
36658	2	19	24	20	47
36659	2	8	24	36	61
36660	2	26	28	35	33
36661	2	12	16	25	23
36662	2	30	6	38	8
36663	2	26	12	31	19
36664	2	9	3	9	3
36665	8	46	24	-1	-1
36666	4	10	24	28	67
36667	1	4	6	4	6
36668	2	11	6	13	6
36669	2	10	5	11	5
36670	2	7	6	15	7
36671	4	44	24	496	57
36672	4	21	28	378	69
36673	2	21	24	24	42
36674	4	10	23	55	55
36675	2	12	6	23	7
36676	2	7	6	9	11
36677	4	20	6	295	13
36678	2	36	24	25	35
36679	8	5	6	625	28
36680	8	3	6	85	25
36681	2	44	20	990	32
36682	2	14	26	17	31
36683	2	34	19	44	25
36684	2	8	4	7	4
36685	2	22	28	22	57
36686	8	25	6	-1	-1
36687	2	24	6	31	11
36688	2	14	5	18	6
36689	2	48	296	38	321
36690	4	11	6	66	12
36691	2	19	6	23	9
36692	2	26	17	33	23
36693	2	18	24	13	35
36694	2	53	24	39	48
36695	2	22	24	25	47
36696	2	9	6	19	8
36697	2	17	6	14	6
36698	2	22	25	16	50
36699	2	25	16	29	22
36700	4	17	24	171	58
36701	2	50	24	36	44
36702	2	26	27	26	33
36703	2	4	4	5	7
36704	2	31	24	35	27
36705	2	18	16	20	21
36706	2	21	20	28	40
36707	2	24	6	325	15
36708	2	3	28	7	34
36709	2	8	16	10	21
36710	2	43	296	34	321
36711	4	33	24	703	62
36712	2	14	24	10	41
36713	4	14	6	166	12
36714	2	27	6	28	6
36715	4	7	16	28	27
36716	2	35	24	37	53
36717	2	32	24	23	33
36718	2	23	20	30	41
36719	2	53	24	38	48
36720	2	22	24	24	33
36721	2	20	14	21	20
36722	2	38	296	30	302
36723	4	12	24	66	53
36724	2	16	26	20	33
36725	2	15	6	20	9
36726	2	4	6	10	13
36727	1	4	28	4	31
36728	2	18	6	25	10
36729	2	29	24	32	29
36730	1	8	28	8	34
36731	4	22	20	253	32
36732	2	15	20	21	25
36733	4	33	24	739	72
36734	4	29	24	560	59
36735	4	13	19	169	31
36736	2	19	24	23	29
36737	4	19	6	271	11
36738	2	13	24	12	34
36739	4	14	16	171	42
36740	2	14	19	28	25
36741	2	14	13	15	19
36742	4	8	6	114	12
36743	4	14	6	169	13
36744	2	13	28	9	54
36745	2	11	5	14	6
36746	2	9	6	11	9
36747	2	44	296	34	301
36748	4	17	6	229	12
36749	2	12	24	78	62
36750	2	9	6	10	6
36751	4	17	6	273	13
36752	2	4	28	5	33
36753	4	29	6	729	13
36754	2	19	6	19	11
36755	2	12	6	25	12
36756	8	19	6	22701	26
36757	4	10	5	55	11
36758	2	53	24	38	31
36759	4	22	28	346	40
36760	4	14	5	105	11
36761	8	21	16	30912	85
36762	2	50	27	36	55
36763	4	24	6	557	13
36764	2	33	24	37	30
36765	2	8	28	10	48
36766	2	11	6	10	6
36767	2	24	256	28	273
36768	2	24	28	32	34
36769	4	36	23	325	55
36770	4	33	24	698	60
36771	1	7	24	7	29
36772	2	7	5	8	10
36773	2	15	21	11	45
36774	4	8	6	129	13
36775	4	26	6	626	14
36776	4	9	6	181	14
36777	2	16	19	21	39
36778	2	12	14	25	20
36779	2	22	6	29	6
36780	2	16	27	19	33
36781	2	14	16	18	26
36782	2	15	24	16	30
36783	2	12	27	24	34
36784	1	18	28	18	34
36785	4	16	295	78	626
36786	2	35	24	40	29
36787	2	5	16	10	22
36788	2	25	24	18	44
36789	2	7	19	14	25
36790	8	33	24	17550	110
36791	1	24	15	24	21
36792	2	4	16	5	25
36793	2	6	19	7	25
36794	1	24	6	24	11
36795	2	6	16	13	21
36796	8	33	24	-1	-1
36797	2	32	27	23	55
36798	2	33	28	23	57
36799	2	8	18	16	24
36800	4	9	6	181	13
36801	1	16	19	16	25
36802	2	26	6	33	10
36803	2	11	24	10	41
36804	2	11	24	10	44
36805	2	31	24	35	51
36806	2	10	19	7	25
36807	4	30	24	231	57
36808	2	24	20	32	26
36809	2	11	18	14	24
36810	2	9	26	10	32
36811	2	8	5	7	5
36812	2	15	23	17	42
36813	2	24	28	31	34
36814	2	9	14	19	21
36815	4	4	5	41	12
36816	2	14	28	17	34
36817	4	5	6	21	12
36818	2	4	6	8	10
36819	4	11	5	55	11
36820	2	4	6	8	6
36821	2	17	6	14	7
36822	8	15	6	3876	27
36823	2	20	6	210	14
36824	2	25	24	26	44
36825	2	3	6	6	11
36826	2	15	6	136	13
36827	4	17	6	153	13
36828	2	12	27	9	32
36829	2	14	18	11	24
36830	2	15	19	15	25
36831	4	19	6	348	13
36832	1	20	6	21	9
36833	2	53	28	38	57
36834	2	17	16	14	22
36835	2	11	6	15	6
36836	2	8	6	36	13
36837	4	19	24	230	64
36838	4	32	24	276	53
36839	2	27	16	32	22
36840	2	37	24	26	46
36841	4	17	24	136	73
36842	4	35	24	778	60
36843	2	10	21	7	26
36844	2	23	15	25	20
36845	2	7	17	8	22
36846	2	28	28	20	56
36847	1	27	13	28	19
36848	4	24	24	153	58
36849	2	13	6	18	9
36850	2	17	6	23	6
36851	4	11	6	243	13
36852	2	27	296	21	327
36853	2	21	20	21	25
36854	1	29	6	29	6
36855	2	3	6	7	6
36856	4	22	16	231	28
36857	4	18	19	322	31
36858	1	16	6	17	11
36859	2	44	24	31	27
36860	2	35	24	25	46
36861	2	20	6	19	8
36862	2	5	4	6	4
36863	4	8	295	21	603
36864	2	7	21	5	26
36865	2	32	24	37	29
36866	2	19	23	12	32
36867	2	11	16	14	22
36868	4	7	6	99	15
36869	2	20	16	27	34
36870	4	34	24	663	61
36871	2	30	28	38	34
36872	8	30	295	19826	1202
36873	2	8	6	16	10
36874	2	19	6	26	6
36875	4	16	6	136	12
36876	1	5	28	6	32
36877	2	6	5	13	6
36878	2	16	27	16	33
36879	4	13	6	339	14
36880	4	25	24	171	58
36881	2	16	6	17	6
36882	2	10	28	20	35
36883	2	53	24	37	34
36884	4	26	6	494	14
36885	2	22	27	16	54
36886	4	12	5	55	15
36887	2	33	23	36	33
36888	4	12	19	289	32
36889	2	12	16	13	22
36890	2	5	26	10	32
36891	2	9	19	9	25
36892	2	7	6	14	7
36893	2	9	24	6	44
36894	2	12	26	12	31
36895	2	23	6	31	6
36896	2	15	23	11	27
36897	4	9	5	45	11
36898	4	20	24	295	57
36899	1	6	19	6	24
36900	2	7	28	28	85
36901	4	45	24	561	57
36902	4	8	23	21	59
36903	2	9	24	9	30
36904	2	32	25	36	52
36905	4	13	23	45	55
36906	2	30	21	35	26
36907	2	13	16	15	21
36908	4	9	27	54	39
36909	4	32	24	661	57
36910	4	19	6	297	13
36911	4	15	16	210	42
36912	2	8	16	17	23
36913	2	9	27	13	33
36914	2	5	28	11	34
36915	2	5	28	6	44
36916	2	25	24	26	49
36917	4	24	6	401	14
36918	2	32	28	35	57
36919	2	32	16	42	22
36920	2	25	18	33	39
36921	2	13	28	15	34
36922	4	53	24	741	58
36923	2	5	6	10	11
36924	2	56	24	40	48
36925	2	30	24	34	32
36926	2	40	24	29	34
36927	8	11	6	2535	26
36928	2	4	15	5	24
36929	2	30	24	33	49
36930	4	21	28	253	39
36931	2	19	27	25	33
36932	2	9	16	17	22
36933	8	11	296	495	1182
36934	2	15	296	11	328
36935	2	33	23	24	46
36936	2	22	6	28	7
36937	2	17	26	14	31
36938	2	32	14	38	21
36939	2	25	28	18	56
36940	8	26	24	23751	117
36941	4	16	294	78	596
36942	4	24	6	492	13
36943	2	15	6	16	6
36944	2	10	17	8	22
36945	2	11	6	22	11
36946	2	10	6	14	10
36947	2	23	24	23	33
36948	2	31	24	33	50
36949	2	18	6	22	6
36950	2	26	6	351	12
36951	2	28	296	22	314
36952	2	13	19	105	30
36953	4	12	6	289	14
36954	2	34	27	24	53
36955	2	20	6	25	11
36956	1	14	20	12	26
36957	2	26	26	30	54
36958	2	10	23	7	28
36959	2	11	20	22	26
36960	2	21	16	20	21
36961	4	24	6	524	12
36962	4	50	28	666	86
36963	1	6	16	6	19
36964	2	29	24	33	29
36965	2	19	28	18	56
36966	2	29	6	33	9
36967	2	34	6	43	6
36968	1	6	26	6	54
36969	4	12	16	136	40
36970	4	8	23	21	45
36971	4	7	6	113	14
36972	2	13	294	10	313
36973	4	24	16	276	28
36974	2	11	18	23	24
36975	2	10	23	7	26
36976	4	9	6	65	16
36977	1	4	13	4	18
36978	4	16	296	78	622
36979	2	14	16	18	26
36980	4	15	6	171	18
36981	2	12	6	11	8
36982	2	15	26	21	31
36983	2	2	5	3	4
36984	4	8	16	55	57
36985	2	11	296	8	300
36986	4	8	4	45	9
36987	1	18	6	18	6
36988	2	34	26	36	55
36989	1	6	5	6	7
36990	2	35	6	45	6
36991	2	22	24	26	48
36992	2	32	296	26	315
36993	2	44	24	30	30
36994	2	28	28	29	57
36995	2	40	26	28	54
36996	2	9	15	7	21
36997	2	5	5	7	6
36998	2	36	24	40	27
36999	4	10	6	201	13
37000	2	5	6	10	11
37001	2	8	14	16	20
37002	1	18	19	18	24
37003	2	18	24	12	34
37004	4	9	20	181	33
37005	2	30	24	34	28
37006	2	6	6	21	14
37007	4	29	6	658	14
37008	2	33	24	36	34
37009	2	22	6	276	12
37010	2	49	24	34	48
37011	2	19	24	21	29
37012	2	30	12	40	18
37013	2	8	6	17	12
37014	2	20	24	19	44
37015	2	24	28	24	55
37016	2	5	6	11	6
37017	1	14	6	14	6
37018	2	24	6	32	11
37019	2	20	25	27	45
37020	2	20	26	14	52
37021	2	33	15	41	21
37022	4	29	296	275	601
37023	4	10	6	36	16
37024	2	38	296	29	322
37025	1	16	18	16	24
37026	4	35	24	775	53
37027	2	51	296	40	320
37028	2	14	6	105	12
37029	4	26	27	190	85
37030	2	26	24	30	29
37031	2	15	6	19	9
37032	2	28	24	20	28
37033	2	28	296	22	325
37034	2	25	24	30	47
37035	2	27	6	33	8
37036	4	25	16	561	41
37037	2	5	20	10	27
37038	2	32	24	36	29
37039	4	48	23	561	54
37040	2	32	23	36	42
37041	1	10	15	10	21
37042	2	20	28	15	53
37043	2	7	24	5	42
37044	2	16	5	19	10
37045	2	15	26	19	47
37046	4	26	6	378	12
37047	2	8	6	16	7
37048	4	20	6	402	13
37049	2	44	24	32	41
37050	2	24	296	19	323
37051	2	24	20	31	26
37052	2	12	19	15	23
37053	4	13	28	91	40
37054	4	45	24	561	59
37055	2	27	15	31	20
37056	8	12	6	2275	26
37057	2	31	24	34	32
37058	2	14	6	18	9
37059	4	16	6	205	13
37060	2	16	16	19	21
37061	2	31	6	36	7
37062	4	20	21	120	43
37063	4	42	296	560	600
37064	2	56	28	40	56
37065	2	13	22	15	24
37066	2	50	296	40	307
37067	2	19	24	20	30
37068	2	31	24	35	29
37069	2	28	28	33	33
37070	4	49	24	666	59
37071	2	24	6	29	6
37072	2	22	28	26	57
37073	2	42	24	30	29
37074	2	5	28	10	34
37075	2	26	296	21	301
37076	2	22	20	23	26
37077	2	14	294	10	297
37078	2	12	16	15	36
37079	2	30	15	32	22
37080	4	55	24	780	57
37081	4	22	6	320	14
37082	2	34	24	37	30
37083	4	13	6	339	14
37084	2	21	24	25	41
37085	2	19	6	25	9
37086	2	30	24	20	28
37087	4	38	24	378	58
37088	4	20	24	105	76
37089	2	27	6	32	7
37090	4	19	16	325	41
37091	2	19	6	16	6
37092	4	20	6	253	12
37093	2	4	6	9	5
37094	2	11	20	22	27
37095	1	14	19	14	23
37096	4	33	24	739	60
37097	2	17	24	21	45
37098	4	8	296	21	614
37099	2	17	6	21	8
37100	2	31	24	34	31
37101	2	14	24	9	45
37102	2	29	296	22	316
37103	2	28	28	29	56
37104	2	24	23	18	27
37105	2	17	6	17	6
37106	2	6	6	13	6
37107	2	7	23	5	38
37108	2	20	6	23	6
37109	2	11	18	11	23
37110	2	16	28	17	56
37111	4	33	24	253	58
37112	1	16	28	16	34
37113	2	18	15	16	21
37114	2	18	20	25	27
37115	2	20	16	27	21
37116	2	10	6	20	12
37117	4	23	6	373	14
37118	2	21	6	253	13
37119	2	28	296	22	321
37120	2	14	23	17	42
37121	2	32	24	35	45
37122	2	16	24	12	32
37123	4	33	24	703	59
37124	4	10	6	90	12
37125	2	6	16	8	25
37126	2	18	20	21	26
37127	2	16	6	17	6
37128	1	16	15	16	21
37129	2	15	28	14	57
37130	2	11	28	10	57
37131	2	18	24	13	43
37132	2	8	6	16	9
37133	4	29	24	559	58
37134	2	17	28	13	55
37135	2	30	20	38	26
37136	2	12	18	15	24
37137	2	13	20	17	40
37138	2	26	6	30	6
37139	2	30	296	24	315
37140	2	28	6	406	12
37141	4	16	27	528	41
37142	2	9	296	7	316
37143	2	24	6	33	7
37144	2	22	28	25	56
37145	2	29	24	33	33
37146	2	3	15	7	21
37147	2	6	20	21	32
37148	2	13	6	10	6
37149	4	23	18	1081	32
37150	2	31	24	33	35
37151	2	25	16	29	21
37152	2	21	19	21	25
37153	2	24	16	31	36
37154	2	21	24	24	29
37155	2	12	20	25	26
37156	2	44	24	31	28
37157	2	15	16	20	22
37158	2	14	27	18	33
37159	2	7	6	9	9
37160	2	22	18	29	38
37161	2	15	26	12	31
37162	2	34	26	38	54
37163	4	50	24	630	56
37164	4	16	295	78	597
37165	2	10	27	7	49
37166	2	15	6	15	6
37167	2	4	20	7	26
37168	4	18	6	298	12
37169	2	29	296	23	304
37170	2	26	6	35	6
37171	2	50	296	39	321
37172	2	48	24	34	31
37173	4	28	23	210	53
37174	2	16	16	21	25
37175	2	34	24	35	47
37176	4	19	6	348	12
37177	1	14	28	12	34
37178	1	11	28	11	56
37179	2	28	24	32	45
37180	2	25	24	29	33
37181	2	14	27	18	33
37182	2	13	24	10	42
37183	4	30	296	323	596
37184	4	22	6	462	13
37185	2	22	28	22	57
37186	2	6	16	5	21
37187	4	20	22	105	50
37188	2	17	23	12	47
37189	1	13	13	13	19
37190	2	34	20	41	26
37191	2	23	16	29	37
37192	2	21	28	21	56
37193	8	14	6	2380	26
37194	2	17	24	13	45
37195	4	22	6	346	13
37196	2	19	23	22	28
37197	4	15	6	208	12
37198	2	24	6	32	6
37199	2	48	296	38	317
37200	2	29	24	33	42
37201	2	18	16	23	24
37202	2	13	24	14	32
37203	2	28	26	33	33
37204	2	30	24	34	30
37205	2	25	27	29	56
37206	4	22	24	276	58
37207	2	7	14	15	21
37208	2	23	16	30	22
37209	2	3	16	5	21
37210	8	16	6	1820	25
37211	4	44	296	628	602
37212	2	10	5	10	9
37213	1	6	18	6	23
37214	2	21	27	28	33
37215	2	54	26	39	55
37216	2	7	6	14	10
37217	2	14	6	13	6
37218	4	30	6	659	13
37219	2	33	6	41	6
37220	1	26	27	27	33
37221	4	24	24	153	56
37222	2	8	6	16	7
37223	2	29	6	33	8
37224	1	16	15	16	21
37225	2	20	28	23	33
37226	2	27	24	29	29
37227	2	5	27	11	32
37228	2	28	24	20	31
37229	2	17	6	23	7
37230	2	8	24	36	59
37231	4	28	6	465	12
37232	2	14	5	15	7
37233	2	12	20	16	41
37234	2	19	24	19	46
37235	4	6	6	73	14
37236	2	34	6	42	9
37237	2	15	16	16	22
37238	2	32	6	42	11
37239	2	23	24	17	31
37240	2	26	16	30	22
37241	2	18	6	24	11
37242	4	16	15	229	28
37243	2	27	24	30	28
37244	2	34	24	38	44
37245	2	28	6	32	7
37246	2	6	6	12	10
37247	2	16	20	15	26
37248	2	35	27	26	56
37249	4	21	16	406	42
37250	4	6	16	36	42
37251	2	12	6	15	6
37252	8	15	6	8228	29
37253	2	14	6	17	11
37254	4	32	24	663	58
37255	2	34	6	43	11
37256	1	8	24	8	35
37257	2	10	256	20	276
37258	2	10	6	21	9
37259	2	12	23	8	33
37260	1	6	15	6	20
37261	4	28	6	622	13
37262	4	9	6	36	12
37263	2	19	24	23	30
37264	2	3	6	7	5
37265	2	55	24	38	44
37266	2	54	24	39	45
37267	4	20	24	273	55
37268	2	27	6	31	6
37269	4	10	6	90	13
37270	2	21	295	15	298
37271	2	6	28	8	48
37272	2	21	295	16	305
37273	4	33	24	276	57
37274	2	11	6	78	13
37275	2	18	16	18	22
37276	8	32	6	-1	-1
37277	4	32	23	253	54
37278	2	34	24	24	34
37279	4	8	16	66	46
37280	4	7	6	36	13
37281	2	20	6	210	14
37282	2	19	20	25	40
37283	2	12	24	13	44
37284	4	19	6	120	12
37285	4	15	24	136	54
37286	2	2	6	5	9
37287	1	11	24	10	41
37288	2	23	24	24	48
37289	2	23	16	46	22
37290	2	28	28	20	56
37291	4	25	6	489	13
37292	2	4	13	6	21
37293	2	8	27	8	32
37294	2	25	16	34	22
37295	2	26	24	28	27
37296	2	31	19	38	25
37297	4	38	296	494	620
37298	1	10	27	10	32
37299	2	19	24	19	44
37300	4	18	24	136	57
37301	2	25	24	18	40
37302	4	2	17	10	29
37303	4	12	6	119	12
37304	8	7	6	2241	28
37305	2	13	16	17	35
37306	2	12	24	78	57
37307	2	30	24	32	50
37308	2	11	24	66	53
37309	2	27	21	31	29
37310	1	6	6	6	10
37311	2	23	6	26	6
37312	4	23	19	375	30
37313	2	34	16	42	22
37314	1	4	16	4	20
37315	2	5	16	11	23
37316	4	12	6	45	12
37317	2	18	22	22	24
37318	2	21	16	27	26
37319	2	27	6	30	10
37320	4	33	6	893	13
37321	2	51	25	36	53
37322	2	10	6	20	7
37323	2	30	24	35	38
37324	2	25	19	29	25
37325	2	25	24	18	48
37326	2	22	296	16	328
37327	2	11	23	10	46
37328	2	8	13	10	18
37329	8	4	5	190	27
37330	1	12	14	12	20
37331	4	11	5	104	12
37332	2	13	6	14	8
37333	4	7	6	113	14
37334	2	33	24	23	34
37335	4	4	5	15	12
37336	2	9	26	12	43
37337	2	28	17	31	23
37338	2	6	16	9	20
37339	2	34	24	36	45
37340	2	11	5	9	9
37341	2	30	28	30	57
37342	2	19	18	25	39
37343	2	8	19	10	25
37344	2	29	23	21	28
37345	2	10	5	11	8
37346	2	7	6	8	9
37347	2	33	12	45	18
37348	2	27	16	31	22
37349	2	21	28	24	56
37350	2	34	28	37	57
37351	2	16	6	136	10
37352	4	8	6	45	12
37353	4	18	24	91	61
37354	1	22	19	22	24
37355	4	13	6	105	12
37356	2	29	24	32	29
37357	2	11	5	66	11
37358	4	24	6	524	13
37359	4	31	24	664	71
37360	2	51	24	36	39
37361	2	23	18	26	24
37362	2	18	6	171	12
37363	8	30	295	14674	1200
37364	2	12	6	25	6
37365	2	27	20	31	26
37366	2	19	6	23	9
37367	2	17	16	22	24
37368	2	27	24	19	29
37369	2	18	15	19	20
37370	2	3	18	6	24
37371	2	12	18	16	38
37372	2	3	26	7	32
37373	4	29	19	528	33
37374	2	32	24	36	33
37375	1	7	11	8	16
37376	2	29	24	30	33
37377	2	18	26	22	31
37378	2	4	16	8	22
37379	2	9	19	10	25
37380	2	26	28	351	41
37381	4	11	6	265	18
37382	1	25	6	26	6
37383	2	8	16	10	23
37384	8	30	24	-1	-1
37385	4	9	5	77	12
37386	4	4	20	41	32
37387	4	37	296	463	601
37388	1	20	20	20	25
37389	1	28	15	29	21
37390	4	45	24	561	59
37391	4	51	296	818	603
37392	2	47	24	34	45
37393	4	19	6	322	13
37394	2	22	20	30	26
37395	1	12	16	12	21
37396	2	5	28	11	34
37397	4	19	28	271	40
37398	2	30	24	30	45
37399	2	16	24	20	26
37400	4	23	6	276	12
37401	4	56	24	820	59
37402	2	26	16	31	22
37403	2	27	24	19	32
37404	2	18	16	24	26
37405	2	31	24	33	33
37406	4	37	296	405	602
37407	2	8	19	9	24
37408	1	5	24	5	49
37409	4	29	24	210	61
37410	2	22	24	20	27
37411	2	7	16	14	23
37412	2	25	25	18	54
37413	2	18	6	36	10
37414	2	14	6	14	7
37415	2	28	28	29	57
37416	2	28	24	31	33
37417	4	4	6	41	17
37418	4	8	27	45	75
37419	2	19	24	18	44
37420	4	7	6	113	18
37421	2	16	6	15	6
37422	4	26	24	378	50
37423	2	10	6	21	9
37424	2	6	4	7	5
37425	2	40	24	28	30
37426	2	18	24	19	29
37427	2	14	16	19	36
37428	4	18	24	190	53
37429	2	13	20	10	25
37430	2	46	24	32	49
37431	2	53	24	38	28
37432	2	30	16	34	16
37433	2	20	6	24	9
37434	2	18	18	23	39
37435	4	24	14	557	27
37436	2	17	20	22	40
37437	2	20	14	24	21
37438	1	8	28	8	33
37439	2	34	24	24	33
37440	4	7	5	99	18
37441	2	23	23	25	29
37442	4	6	20	43	31
37443	2	21	24	22	44
37444	2	35	24	40	29
37445	4	8	22	15	66
37446	4	11	24	55	57
37447	2	31	24	22	32
37448	2	23	6	27	6
37449	2	26	28	27	33
37450	2	14	20	19	40
37451	2	2	5	4	5
37452	2	26	24	19	48
37453	2	10	15	10	20
37454	4	7	20	99	33
37455	2	32	23	36	37
37456	2	18	16	22	22
37457	2	40	24	28	29
37458	4	26	24	430	60
37459	4	14	296	55	601
37460	1	24	28	22	34
37461	4	17	6	226	13
37462	2	23	28	24	34
37463	2	22	28	23	33
37464	2	33	20	43	26
37465	2	31	296	24	328
37466	2	31	6	38	6
37467	2	7	20	9	37
37468	4	12	6	289	14
37469	2	22	28	28	33
37470	2	22	19	26	25
37471	2	39	24	28	31
37472	4	16	294	78	596
37473	1	9	24	9	47
37474	2	33	15	41	21
37475	2	26	6	35	7
37476	2	30	6	36	9
37477	4	53	24	741	58
37478	2	31	24	35	27
37479	2	45	28	31	55
37480	4	21	24	136	56
37481	2	5	20	15	31
37482	2	7	15	10	35
37483	4	19	24	190	64
37484	2	30	16	33	22
37485	2	8	24	36	58
37486	2	15	24	15	29
37487	2	9	5	18	10
37488	4	10	24	55	58
37489	1	18	6	18	6
37490	4	7	6	44	13
37491	1	8	5	8	10
37492	4	13	24	91	58
37493	2	33	24	36	28
37494	2	29	6	435	12
37495	4	14	24	105	75
37496	2	19	16	26	22
37497	2	5	6	6	9
37498	2	22	6	24	11
37499	8	4	5	225	27
37500	2	44	24	31	47
37501	2	22	16	29	33
37502	2	13	6	26	11
37503	2	18	5	18	5
37504	2	18	28	18	33
37505	2	22	24	20	45
37506	2	8	5	8	7
37507	2	16	24	12	28
37508	2	13	28	12	33
37509	8	12	6	1820	26
37510	4	7	28	21	38
37511	4	8	27	15	77
37512	2	16	6	136	14
37513	4	18	24	228	56
37514	4	6	20	15	31
37515	2	23	13	31	20
37516	2	28	28	20	56
37517	2	19	20	22	25
37518	1	12	5	12	6
37519	4	16	16	231	42
37520	2	16	16	21	37
37521	2	22	6	25	6
37522	2	4	16	9	21
37523	2	20	17	24	23
37524	4	39	295	494	625
37525	2	27	24	31	45
37526	2	27	24	28	29
37527	8	21	24	10626	120
37528	4	19	24	210	58
37529	2	12	16	15	22
37530	2	16	20	20	26
37531	8	24	24	19550	117
37532	2	22	12	30	19
37533	1	16	28	16	34
37534	2	22	24	26	46
37535	2	6	24	21	58
37536	1	5	24	5	25
37537	4	13	16	153	42
37538	2	19	6	19	11
37539	2	19	16	25	25
37540	2	20	24	24	49
37541	4	28	23	523	57
37542	2	8	24	6	44
37543	4	20	24	210	56
37544	2	18	24	17	33
37545	4	16	22	153	55
37546	4	5	6	51	14
37547	2	10	294	7	311
37548	2	40	24	28	29
37549	1	12	20	12	26
37550	2	27	6	35	9
37551	2	32	27	39	34
37552	2	4	15	5	15
37553	2	21	24	22	28
37554	4	38	24	378	59
37555	2	52	28	36	56
37556	4	10	5	28	12
37557	2	20	28	24	34
37558	2	22	24	15	33
37559	2	24	26	31	32
37560	4	12	6	313	13
37561	1	10	24	10	44
37562	4	54	24	780	77
37563	2	22	28	23	57
37564	2	25	24	25	44
37565	4	16	24	170	56
37566	2	21	28	19	33
37567	4	20	16	351	41
37568	2	19	24	23	41
37569	4	8	6	145	14
37570	2	39	24	28	31
37571	2	10	20	14	41
37572	2	9	6	19	11
37573	4	14	24	105	59
37574	1	10	14	10	20
37575	2	12	6	24	10
37576	4	34	24	666	50
37577	2	27	24	28	30
37578	2	8	16	11	23
37579	2	15	28	19	48
37580	2	20	16	18	22
37581	2	8	16	11	32
37582	8	8	6	3649	29
37583	2	24	24	28	46
37584	2	27	24	31	41
37585	1	11	24	11	30
37586	2	55	24	39	33
37587	2	19	14	19	20
37588	2	2	6	5	11
37589	4	50	24	666	59
37590	4	19	24	190	59
37591	1	10	22	10	28
37592	1	23	20	23	26
37593	4	32	16	776	28
37594	2	11	16	23	22
37595	2	23	6	23	11
37596	2	13	6	17	8
37597	2	32	296	25	326
37598	2	12	27	8	52
37599	1	8	20	8	25
37600	2	57	24	41	31
37601	2	10	6	13	6
37602	2	29	24	34	47
37603	2	8	6	17	11
37604	2	17	24	21	47
37605	2	30	16	38	23
37606	2	31	28	41	35
37607	2	7	20	15	26
37608	2	48	24	34	32
37609	2	26	24	19	32
37610	1	14	15	14	20
37611	2	27	27	30	32
37612	2	13	5	14	5
37613	2	20	24	23	44
37614	2	22	24	16	44
37615	2	20	24	17	29
37616	2	27	6	32	11
37617	2	20	16	26	21
37618	4	21	6	251	13
37619	2	14	27	18	33
37620	4	12	6	78	12
37621	2	20	19	28	24
37622	2	12	16	9	22
37623	2	24	15	31	20
37624	2	20	6	28	6
37625	2	16	21	20	26
37626	2	19	28	15	33
37627	2	15	6	16	9
37628	1	22	20	23	25
37629	1	6	23	6	28
37630	2	8	16	16	21
37631	2	53	24	39	44
37632	4	11	16	120	42
37633	2	19	24	14	42
37634	2	31	20	40	25
37635	2	10	6	21	11
37636	4	43	296	594	606
37637	1	24	27	24	32
37638	1	12	5	12	5
37639	2	19	18	24	24
37640	2	11	25	8	31
37641	4	6	6	66	13
37642	1	22	6	22	8
37643	2	29	27	21	55
37644	1	18	28	18	33
37645	2	33	20	41	26
37646	2	32	6	38	7
37647	2	24	24	27	31
37648	2	22	20	26	26
37649	2	38	296	30	300
37650	2	9	5	9	7
37651	2	10	24	9	43
37652	1	8	6	8	8
37653	4	28	6	559	16
37654	2	14	20	11	25
37655	2	14	6	19	11
37656	2	7	20	9	40
37657	2	27	20	35	26
37658	2	23	6	27	6
37659	2	17	24	16	45
37660	2	10	28	13	34
37661	2	10	15	14	21
37662	2	21	15	42	22
37663	2	14	23	15	27
37664	1	31	16	31	21
37665	2	30	28	36	34
37666	2	14	256	18	279
37667	2	55	24	39	28
37668	4	48	24	630	59
37669	2	6	6	13	11
37670	2	33	24	37	34
37671	2	4	6	9	12
37672	2	4	6	9	10
37673	4	17	6	210	12
37674	2	26	16	34	31
37675	2	11	12	22	20
37676	2	35	24	36	42
37677	2	34	24	36	32
37678	4	30	24	496	55
37679	4	33	24	773	67
37680	2	41	28	29	57
37681	2	2	15	5	20
37682	4	25	23	171	55
37683	2	15	24	10	31
37684	2	3	19	6	25
37685	1	7	24	7	42
37686	2	43	24	31	34
37687	2	24	24	26	35
37688	2	25	28	33	34
37689	4	11	5	1001	26
37690	1	6	5	6	6
37691	4	12	6	313	14
37692	2	34	20	41	26
37693	2	6	15	12	22
37694	2	47	24	33	34
37695	2	20	24	22	32
37696	2	24	6	26	6
37697	1	30	14	30	19
37698	2	22	20	44	26
37699	4	22	24	136	59
37700	2	16	25	19	48
37701	2	33	24	34	28
37702	2	5	16	6	21
37703	2	33	6	42	10
37704	2	41	296	31	300
37705	2	7	14	7	19
37706	2	28	19	435	33
37707	2	25	27	33	47
37708	2	7	23	28	56
37709	2	56	24	39	31
37710	2	27	24	30	27
37711	2	9	19	19	25
37712	2	30	26	22	55
37713	2	26	24	28	44
37714	2	22	26	29	46
37715	2	54	28	38	56
37716	4	12	28	289	42
37717	2	7	6	14	9
37718	2	12	17	25	23
37719	2	27	25	19	54
37720	2	32	24	34	35
37721	1	10	24	10	30
37722	4	11	6	265	13
37723	4	41	24	435	60
37724	2	47	24	34	48
37725	4	32	24	701	70
37726	2	17	24	18	42
37727	2	46	25	32	54
37728	2	26	6	33	6
37729	2	11	6	22	8
37730	2	23	6	24	10
37731	2	35	24	37	44
37732	2	12	26	16	46
37733	4	14	27	66	37
37734	2	14	28	10	57
37735	2	11	24	11	49
37736	4	26	6	433	19
37737	2	23	24	24	49
37738	2	30	26	38	32
37739	2	18	28	22	34
37740	2	10	16	14	36
37741	2	43	296	34	316
37742	2	17	24	18	45
37743	2	32	6	37	7
37744	2	14	28	17	34
37745	4	8	16	36	28
37746	2	23	27	30	48
37747	1	13	24	12	41
37748	2	16	18	21	38
37749	1	26	27	26	33
37750	2	32	6	39	11
37751	2	32	24	36	45
37752	1	26	6	27	7
37753	2	34	19	40	25
37754	2	31	6	38	9
37755	2	14	6	18	9
37756	1	11	16	12	21
37757	4	28	6	655	12
37758	2	8	6	16	7
37759	2	45	24	33	49
37760	2	9	13	12	19
37761	2	21	6	231	12
37762	4	9	6	715	25
37763	1	20	6	20	7
37764	2	29	28	33	34
37765	2	24	16	32	21
37766	2	45	28	33	55
37767	1	16	16	16	22
37768	2	38	24	27	44
37769	2	50	24	36	31
37770	2	22	24	26	28
37771	2	13	20	25	27
37772	2	16	16	21	35
37773	2	4	18	3	23
37774	2	9	20	18	26
37775	2	27	16	35	22
37776	2	9	16	8	21
37777	2	16	23	11	45
37778	2	32	24	33	47
37779	1	10	6	10	9
37780	2	19	19	23	25
37781	4	35	24	325	59
37782	2	12	27	8	53
37783	2	9	16	11	22
37784	2	11	6	23	7
37785	4	8	6	129	15
37786	2	18	6	21	11
37787	2	17	24	18	41
37788	2	21	16	21	22
37789	2	24	6	32	11
37790	1	14	11	14	18
37791	2	9	20	9	25
37792	4	8	24	45	48
37793	2	35	296	27	321
37794	2	25	6	30	7
37795	2	11	6	14	11
37796	2	26	24	19	41
37797	2	31	24	22	48
37798	2	6	28	7	32
37799	4	3	6	25	13
37800	2	44	24	32	34
37801	2	33	24	24	33
37802	4	17	296	78	619
37803	2	14	23	17	33
37804	2	8	24	6	33
37805	2	12	6	25	7
37806	2	26	18	35	24
37807	4	17	16	253	40
37808	2	8	24	17	30
37809	2	10	6	20	7
37810	4	7	28	45	40
37811	1	8	28	8	56
37812	2	23	24	27	44
37813	4	6	15	85	28
37814	2	14	25	9	53
37815	2	4	5	10	11
37816	4	30	6	594	14
37817	1	24	28	22	33
37818	2	5	15	11	20
37819	2	6	27	13	33
37820	4	14	24	45	58
37821	2	17	28	23	34
37822	4	14	23	150	51
37823	4	8	6	73	12
37824	2	36	24	25	44
37825	2	24	6	27	6
37826	2	12	6	24	12
37827	8	19	24	10395	116
37828	2	16	15	20	21
37829	4	3	27	25	41
37830	4	8	24	21	36
37831	2	11	15	23	22
37832	2	24	18	32	39
37833	1	12	15	12	21
37834	2	26	15	29	20
37835	2	5	28	10	33
37836	2	54	24	38	49
37837	2	14	25	19	31
37838	2	2	6	4	6
37839	1	26	6	27	10
37840	2	8	16	9	19
37841	2	35	24	24	29
37842	1	34	27	34	32
37843	2	27	24	31	28
37844	2	10	6	20	7
37845	4	13	16	153	38
37846	4	10	16	90	28
37847	4	3	16	10	56
37848	2	33	28	43	34
37849	2	16	296	12	328
37850	2	8	6	36	16
37851	2	32	6	40	6
37852	2	9	19	12	39
37853	1	12	16	12	22
37854	2	26	6	30	11
37855	2	15	25	13	53
37856	1	5	24	5	28
37857	2	21	26	22	32
37858	2	9	296	7	305
37859	2	14	24	17	30
37860	1	18	20	18	26
37861	2	22	6	26	10
37862	2	14	6	17	11
37863	4	18	28	300	70
37864	4	16	6	205	13
37865	2	11	14	23	21
37866	2	35	24	26	29
37867	2	21	16	23	22
37868	2	13	28	13	34
37869	2	25	6	29	12
37870	2	35	295	28	300
37871	4	11	5	66	11
37872	2	6	28	7	34
37873	2	16	296	13	301
37874	2	38	296	28	329
37875	2	20	6	20	11
37876	2	33	24	37	31
37877	4	3	6	25	13
37878	2	16	24	17	53
37879	2	33	24	36	49
37880	2	24	26	27	32
37881	2	37	20	666	32
37882	2	23	28	31	49
37883	4	30	23	590	65
37884	2	21	6	28	6
37885	4	22	6	300	18
37886	2	29	28	33	34
37887	2	24	24	25	43
37888	1	20	13	20	20
37889	2	7	16	15	22
37890	4	20	16	351	41
37891	2	29	28	34	59
37892	2	22	6	23	11
37893	2	25	24	26	46
37894	2	29	24	33	48
37895	2	26	6	31	7
37896	4	20	6	402	12
37897	2	13	14	17	32
37898	2	21	6	28	6
37899	4	23	23	404	48
37900	2	20	20	27	26
37901	2	11	16	11	21
37902	1	10	16	10	20
37903	4	30	296	275	603
37904	2	12	15	25	21
37905	2	27	6	31	11
37906	4	7	5	99	12
37907	2	10	28	55	84
37908	2	10	16	13	35
37909	4	15	6	208	13
37910	2	47	24	34	49
37911	2	33	24	39	30
37912	2	21	6	26	12
37913	1	5	24	5	30
37914	2	24	24	17	41
37915	4	23	24	136	56
37916	2	12	19	16	24
37917	4	15	6	153	12
37918	2	15	23	19	43
37919	2	16	28	16	34
37920	4	17	16	253	43
37921	2	29	24	31	29
37922	2	19	16	25	36
37923	4	5	5	21	10
37924	2	9	19	8	25
37925	2	10	28	14	34
37926	2	23	24	16	33
37927	4	28	24	406	60
37928	4	30	6	663	12
37929	2	21	16	22	22
37930	2	4	28	5	46
37931	2	48	26	35	55
37932	4	24	24	325	76
37933	1	16	27	14	33
37934	2	15	16	19	37
37935	2	27	296	21	328
37936	2	17	24	20	44
37937	2	6	19	12	25
37938	2	10	13	13	19
37939	2	6	5	7	10
37940	2	11	6	22	7
37941	2	26	26	31	32
37942	2	16	16	20	22
37943	2	21	24	21	29
37944	2	31	28	35	50
37945	2	28	24	27	48
37946	4	18	22	171	55
37947	2	33	28	37	56
37948	2	11	6	22	11
37949	2	31	24	32	48
37950	4	11	24	45	76
37951	2	6	27	13	33
37952	2	14	16	17	25
37953	2	22	23	16	44
37954	4	16	6	136	12
37955	4	22	296	136	597
37956	2	25	24	18	45
37957	4	27	24	406	77
37958	4	24	6	492	13
37959	2	40	24	29	44
37960	2	31	24	36	30
37961	2	12	20	14	25
37962	2	9	19	6	23
37963	2	28	24	20	47
37964	4	10	6	201	13
37965	4	8	23	21	54
37966	2	11	13	23	19
37967	4	11	6	265	14
37968	2	37	296	28	317
37969	2	25	17	26	23
37970	4	25	16	561	42
37971	1	16	6	16	6
37972	4	57	24	861	58
37973	4	33	24	739	78
37974	4	27	24	491	57
37975	2	28	19	34	25
37976	2	13	6	14	6
37977	4	7	5	36	11
37978	4	11	28	55	83
37979	1	22	15	22	21
37980	2	33	24	38	49
37981	8	23	16	-1	-1
37982	4	29	296	252	614
37983	2	11	27	20	34
37984	4	28	24	378	72
37985	2	10	6	13	6
37986	2	31	24	34	48
37987	2	5	28	11	34
37988	2	12	17	91	28
37989	2	11	14	22	21
37990	2	10	16	20	23
37991	2	18	24	21	47
37992	2	28	26	34	32
37993	2	48	24	35	50
37994	2	9	24	8	43
37995	2	28	296	21	302
37996	2	6	6	5	6
37997	8	11	6	11969	28
37998	2	57	24	41	48
37999	2	47	24	34	45
38000	2	4	28	6	48
38001	1	12	6	12	11
38002	2	52	296	40	314
38003	8	28	6	-1	-1
38004	2	40	6	780	14
38005	2	21	27	21	56
38006	2	54	24	39	33
38007	2	26	24	30	47
38008	2	22	22	26	41
38009	2	18	16	24	25
38010	2	26	15	35	21
38011	2	22	28	25	34
38012	2	45	24	32	31
38013	2	24	28	32	48
38014	2	51	296	41	307
38015	4	7	21	21	41
38016	2	7	28	9	33
38017	2	9	18	7	24
38018	2	14	16	19	22
38019	2	23	26	24	56
38020	2	31	28	34	55
38021	2	19	26	19	33
38022	2	4	25	8	30
38023	2	33	6	41	6
38024	2	33	24	36	49
38025	2	11	24	10	29
38026	2	29	6	30	7
38027	1	14	24	14	30
38028	2	22	28	30	33
38029	2	37	26	27	55
38030	2	24	296	18	305
38031	4	28	16	527	28
38032	2	11	6	23	12
38033	4	26	6	557	13
38034	2	16	24	17	53
38035	1	20	28	18	33
38036	2	36	24	25	33
38037	2	23	24	27	44
38038	4	25	24	325	58
38039	4	9	20	45	30
38040	1	26	6	26	12
38041	2	22	6	29	6
38042	2	10	14	13	20
38043	4	12	6	289	14
38044	2	29	296	22	316
38045	4	40	24	465	58
38046	1	8	16	9	22
38047	2	25	24	27	41
38048	2	24	6	300	12
38049	2	28	24	20	32
38050	2	28	24	20	45
38051	2	33	6	37	6
38052	2	6	20	12	26
38053	4	8	5	45	11
38054	2	27	19	33	26
38055	4	23	6	299	14
38056	1	12	16	13	22
38057	2	8	13	16	19
38058	2	8	16	11	36
38059	2	34	296	26	329
38060	2	13	15	14	21
38061	4	7	21	15	42
38062	1	13	24	13	44
38063	4	26	24	351	81
38064	4	25	18	351	31
38065	2	14	27	12	33
38066	4	6	6	73	13
38067	4	15	23	136	56
38068	1	10	24	10	49
38069	2	18	6	18	11
38070	2	14	24	14	53
38071	2	46	24	33	48
38072	2	6	15	7	20
38073	2	15	16	20	34
38074	2	2	19	5	24
38075	2	7	6	14	5
38076	2	23	12	27	18
38077	4	11	16	115	28
38078	2	20	6	210	14
38079	4	23	6	276	13
38080	2	16	24	11	46
38081	8	33	24	14950	113
38082	2	21	6	253	16
38083	2	30	24	21	29
38084	4	7	6	44	16
38085	2	19	24	13	49
38086	4	11	6	115	12
38087	2	31	6	38	9
38088	2	23	6	31	6
38089	2	56	24	40	30
38090	2	17	15	23	21
38091	2	40	24	28	29
38092	2	28	16	406	27
38093	2	10	18	9	22
38094	2	10	16	14	22
38095	4	10	6	201	14
38096	2	22	27	24	34
38097	4	29	24	560	57
38098	2	33	6	42	6
38099	2	49	28	35	57
38100	2	11	20	8	23
38101	2	20	6	210	14
38102	2	23	23	16	28
38103	2	15	6	136	13
38104	2	29	24	34	44
38105	2	16	12	19	17
38106	2	44	24	30	29
38107	2	18	6	17	6
38108	2	12	18	9	23
38109	2	21	6	21	11
38110	2	22	28	22	57
38111	4	21	24	253	57
38112	2	8	19	16	25
38113	1	24	27	24	33
38114	2	7	16	14	22
38115	1	16	17	14	23
38116	2	13	22	14	32
38117	2	26	20	33	25
38118	1	8	5	8	7
38119	2	25	20	34	26
38120	2	6	6	7	11
38121	2	24	20	33	26
38122	2	13	6	10	6
38123	2	20	16	25	37
38124	4	12	24	36	58
38125	4	16	6	153	13
38126	2	53	24	38	54
38127	2	12	14	9	19
38128	2	41	296	32	320
38129	1	22	16	22	21
38130	2	20	17	26	37
38131	1	10	14	10	20
38132	2	13	27	17	32
38133	2	9	14	18	21
38134	1	8	5	8	9
38135	2	14	13	11	18
38136	2	24	23	28	39
38137	1	12	20	12	25
38138	4	24	24	401	63
38139	2	23	16	30	24
38140	2	35	24	38	46
38141	4	19	5	323	11
38142	2	8	5	6	9
38143	2	20	6	17	7
38144	2	11	24	10	34
38145	2	15	25	15	52
38146	1	7	24	7	49
38147	4	30	24	558	60
38148	2	20	27	24	34
38149	2	24	296	19	306
38150	2	32	28	37	34
38151	1	20	20	20	26
38152	4	9	6	171	14
38153	4	27	24	460	62
38154	2	3	5	6	9
38155	4	31	6	664	13
38156	2	3	6	6	10
38157	1	20	15	20	22
38158	2	5	28	6	45
38159	2	21	16	28	21
38160	2	8	24	11	44
38161	2	28	24	30	28
38162	4	23	6	276	14
38163	2	10	6	20	7
38164	4	17	296	78	601
38165	2	12	20	16	40
38166	2	24	16	32	23
38167	2	23	24	27	34
38168	2	31	24	22	29
38169	4	13	23	78	57
38170	2	33	13	45	20
38171	4	12	24	78	57
38172	2	13	16	13	21
38173	2	26	24	31	48
38174	4	26	23	435	54
38175	2	8	16	10	19
38176	4	32	24	561	57
38177	4	13	6	339	13
38178	8	21	6	30250	27
38179	2	9	19	9	23
38180	2	18	15	24	21
38181	2	17	15	34	21
38182	1	6	23	6	42
38183	2	6	16	7	21
38184	2	12	295	9	328
38185	4	26	6	490	13
38186	2	6	6	12	6
38187	8	25	24	5985	115
38188	2	19	23	23	30
38189	2	4	19	5	24
38190	2	34	24	38	31
38191	4	18	6	322	13
38192	2	21	23	22	44
38193	2	48	296	38	318
38194	2	5	6	10	11
38195	2	43	296	34	305
38196	1	16	6	16	6
38197	2	5	14	21	26
38198	2	12	6	91	12
38199	2	8	6	16	6
38200	4	30	24	496	79
38201	2	14	27	18	32
38202	2	25	20	34	26
38203	4	32	24	528	57
38204	2	35	24	38	42
38205	4	8	16	55	40
38206	2	28	24	29	40
38207	2	10	20	20	27
38208	2	32	296	26	313
38209	2	35	296	27	330
38210	2	8	26	17	33
38211	1	12	20	12	26
38212	2	30	17	38	22
38213	2	23	27	29	33
38214	8	12	22	330	103
38215	2	27	6	30	8
38216	2	5	6	11	7
38217	2	24	6	29	6
38218	2	9	16	12	36
38219	2	10	6	55	13
38220	2	12	24	11	49
38221	1	6	24	6	43
38222	2	40	24	28	34
38223	4	56	24	820	58
38224	2	6	5	5	5
38225	2	16	6	16	11
38226	2	11	15	21	22
38227	4	15	6	208	12
38228	2	43	296	34	316
38229	1	24	6	22	6
38230	2	32	26	36	54
38231	2	17	26	14	32
38232	2	4	5	9	6
38233	2	18	16	17	21
38234	4	13	296	45	594
38235	2	5	28	7	48
38236	2	6	20	7	25
38237	2	5	27	10	34
38238	2	8	20	6	25
38239	2	8	20	11	26
38240	2	20	20	23	26
38241	4	14	296	77	600
38242	4	17	6	273	13
38243	4	18	24	171	60
38244	2	40	28	28	56
38245	4	19	6	136	13
38246	2	27	24	31	50
38247	2	6	6	12	7
38248	2	25	14	30	20
38249	2	20	19	18	24
38250	1	6	24	6	42
38251	2	25	26	27	54
38252	2	27	16	35	22
38253	2	14	28	11	34
38254	2	27	6	35	9
38255	2	13	6	26	11
38256	2	27	6	30	12
38257	2	16	296	12	320
38258	2	11	19	23	26
38259	4	13	6	55	12
38260	2	30	6	465	12
38261	2	20	19	27	25
38262	4	17	6	251	13
38263	2	32	6	41	10
38264	4	45	24	496	59
38265	2	32	6	36	10
38266	2	10	6	55	9
38267	2	11	296	8	297
38268	2	51	296	41	300
38269	2	13	18	26	24
38270	4	34	24	739	59
38271	2	29	24	20	34
38272	2	12	6	16	6
38273	2	42	24	31	44
38274	2	16	6	15	6
38275	2	11	28	9	56
38276	2	13	28	26	34
38277	2	11	291	9	308
38278	2	19	24	23	33
38279	2	45	24	32	41
38280	4	34	24	700	72
38281	2	16	23	12	43
38282	2	17	6	20	8
38283	2	8	20	16	26
38284	2	7	6	7	6
38285	2	12	19	25	25
38286	1	12	13	12	18
38287	2	13	28	18	48
38288	2	30	6	34	10
38289	2	6	28	21	40
38290	2	23	296	18	317
38291	2	7	16	8	22
38292	2	14	26	11	32
38293	1	18	20	18	26
38294	4	23	6	493	12
38295	4	13	6	91	12
38296	2	19	27	26	48
38297	2	9	16	12	22
38298	2	7	28	5	55
38299	2	3	20	7	26
38300	2	24	28	32	35
38301	4	19	24	171	60
38302	2	24	28	32	49
38303	2	11	25	14	31
38304	2	35	28	25	55
38305	2	5	4	6	7
38306	2	23	6	29	6
38307	4	5	16	21	36
38308	2	9	20	12	25
38309	2	17	15	23	21
38310	2	26	296	20	328
38311	2	30	20	35	26
38312	2	23	25	26	52
38313	1	18	25	18	47
38314	2	53	24	37	45
38315	2	6	15	6	21
38316	2	13	24	26	31
38317	1	38	6	38	7
38318	2	21	28	22	34
38319	2	10	6	11	11
38320	2	11	6	10	9
38321	2	28	24	28	48
38322	4	2	27	9	41
38323	4	7	20	113	33
38324	2	44	296	35	300
38325	2	5	16	10	22
38326	1	10	6	10	6
38327	2	4	6	15	12
38328	2	9	6	19	12
38329	1	18	16	18	23
38330	2	14	16	17	21
38331	2	6	6	12	10
38332	2	4	16	8	22
38333	2	7	28	8	32
38334	1	26	20	26	25
38335	4	37	24	351	58
38336	1	23	18	24	23
38337	2	8	14	16	20
38338	4	30	6	730	13
38339	2	9	6	18	7
38340	1	5	23	5	30
38341	2	5	16	7	21
38342	2	50	24	35	45
38343	2	14	16	18	24
38344	2	9	19	11	38
38345	2	13	16	18	21
38346	4	10	6	88	13
38347	2	23	24	27	47
38348	2	11	16	23	23
38349	4	28	6	728	13
38350	8	8	5	825	26
38351	4	20	24	105	52
38352	2	33	24	24	31
38353	2	6	26	8	46
38354	2	26	24	18	29
38355	2	10	18	11	23
38356	2	21	24	22	29
38357	4	26	24	351	68
38358	4	32	24	625	54
38359	2	12	19	24	25
38360	2	14	16	105	28
38361	2	9	25	12	31
38362	2	31	28	36	57
38363	4	24	23	378	56
38364	4	16	6	229	13
38365	2	11	6	14	10
38366	2	20	19	27	24
38367	4	22	16	435	44
38368	2	5	20	11	26
38369	2	13	16	13	22
38370	2	14	16	18	36
38371	2	16	6	15	11
38372	2	25	12	30	19
38373	2	33	296	25	316
38374	2	32	20	42	26
38375	2	27	24	30	40
38376	2	20	6	21	7
38377	2	28	24	27	41
38378	2	54	24	38	29
38379	2	21	19	28	25
38380	2	33	16	38	22
38381	4	7	6	99	14
38382	2	9	6	8	6
38383	4	9	25	66	36
38384	2	16	5	13	6
38385	4	9	6	75	12
38386	1	18	6	18	7
38387	2	29	24	33	32
38388	2	22	24	26	29
38389	2	8	24	7	45
38390	2	7	6	6	11
38391	8	24	23	29575	112
38392	2	11	6	22	11
38393	2	7	28	7	33
38394	8	18	16	17210	85
38395	2	30	24	34	30
38396	4	21	6	230	15
38397	4	3	13	10	26
38398	2	19	28	19	33
38399	1	18	6	18	10
38400	2	4	15	10	24
38401	2	16	24	18	47
38402	4	34	6	978	14
38403	4	26	6	433	13
38404	2	19	6	23	9
38405	2	10	291	7	315
38406	4	21	16	351	43
38407	4	13	6	314	18
38408	2	37	23	41	30
38409	2	25	24	27	32
38410	2	16	6	21	6
38411	4	3	5	19	13
38412	2	4	6	8	11
38413	2	25	24	29	46
38414	2	12	6	24	8
38415	4	6	5	28	10
38416	2	14	24	13	47
38417	2	12	27	16	33
38418	2	8	16	16	22
38419	2	28	24	31	28
38420	1	8	28	8	34
38421	2	46	27	31	56
38422	1	10	24	10	30
38423	4	5	6	27	12
38424	2	42	24	30	32
38425	2	6	5	7	10
38426	1	8	26	8	32
38427	4	40	296	526	616
38428	2	13	16	18	23
38429	2	20	23	23	43
38430	2	18	24	19	34
38431	2	31	24	35	45
38432	4	32	6	892	13
38433	2	10	6	20	6
38434	2	16	24	17	45
38435	8	13	24	1365	115
38436	2	5	25	11	30
38437	2	35	16	45	23
38438	2	6	16	12	22
38439	2	7	27	14	34
38440	2	9	16	11	21
38441	4	22	6	300	14
38442	2	23	14	46	20
38443	2	11	16	14	22
38444	4	53	24	741	58
38445	4	8	6	129	13
38446	4	9	6	54	12
38447	2	7	5	8	8
38448	2	5	27	6	31
38449	2	31	28	31	56
38450	1	6	28	6	55
38451	4	19	24	210	60
38452	2	6	6	13	10
38453	2	12	12	25	19
38454	2	11	6	22	12
38455	1	14	6	12	7
38456	2	16	18	17	24
38457	4	35	24	858	52
38458	2	20	28	23	58
38459	2	19	24	19	48
38460	2	29	28	33	55
38461	4	32	23	701	56
38462	4	23	24	300	82
38463	2	8	28	17	34
38464	2	18	6	17	10
38465	2	27	24	28	45
38466	4	13	6	152	12
38467	2	44	296	35	301
38468	2	35	28	45	34
38469	4	12	15	134	27
38470	2	34	24	38	32
38471	2	28	24	31	49
38472	2	25	296	19	317
38473	2	8	6	16	12
38474	2	9	6	11	11
38475	8	5	6	681	28
38476	2	27	24	28	30
38477	1	4	6	4	10
38478	8	35	22	23751	109
38479	2	26	28	29	53
38480	2	10	26	20	32
38481	2	14	6	17	7
38482	4	14	6	66	12
38483	4	34	24	736	59
38484	2	4	16	6	36
38485	1	5	24	5	41
38486	2	8	6	16	11
38487	2	7	12	14	19
38488	2	27	27	30	57
38489	4	20	24	105	59
38490	4	20	16	351	43
38491	1	21	24	22	30
38492	2	30	24	22	29
38493	2	54	24	39	29
38494	2	28	6	32	7
38495	2	9	28	9	33
38496	4	26	24	171	56
38497	4	22	24	276	57
38498	2	14	16	19	21
38499	2	25	24	26	53
38500	2	24	16	31	21
38501	1	7	24	7	42
38502	2	21	24	22	42
38503	2	32	23	36	45
38504	4	7	15	113	28
38505	2	24	6	325	12
38506	2	5	16	6	21
38507	2	29	24	32	31
38508	4	20	28	375	41
38509	2	5	6	11	10
38510	2	5	28	5	33
38511	4	5	16	21	43
38512	4	21	24	105	57
38513	2	18	15	21	21
38514	2	2	5	5	5
38515	4	15	24	105	59
38516	2	21	19	21	25
38517	2	14	27	28	33
38518	2	8	6	16	10
38519	4	10	16	91	41
38520	2	9	16	10	21
38521	2	9	6	8	6
38522	2	18	20	24	25
38523	4	30	6	663	12
38524	2	25	24	26	50
38525	4	12	6	134	12
38526	2	9	23	6	30
38527	2	22	28	16	57
38528	2	38	24	28	34
38529	2	22	25	16	54
38530	2	9	27	19	33
38531	4	46	24	528	59
38532	2	9	15	11	21
38533	2	16	28	19	34
38534	2	15	6	15	6
38535	2	12	6	16	6
38536	2	6	20	8	28
38537	4	17	24	136	59
38538	4	35	28	325	81
38539	2	16	24	11	31
38540	4	4	6	15	15
38541	2	23	24	23	31
38542	2	7	16	9	18
38543	4	33	24	739	59
38544	4	20	6	295	14
38545	4	9	6	45	12
38546	2	40	24	28	41
38547	2	19	24	14	42
38548	4	41	296	527	603
38549	2	22	25	16	53
38550	2	7	16	10	24
38551	2	23	20	27	25
38552	2	13	26	12	55
38553	2	48	24	34	32
38554	4	17	24	207	54
38555	2	18	24	19	44
38556	2	5	6	11	6
38557	4	13	6	152	13
38558	2	24	24	28	27
38559	4	29	6	623	13
38560	2	18	16	15	22
38561	2	5	17	10	23
38562	2	22	16	30	21
38563	2	22	6	26	11
38564	2	29	23	21	45
38565	2	44	24	31	53
38566	2	32	24	36	27
38567	2	17	16	23	35
38568	4	8	5	21	10
38569	2	24	27	25	54
38570	4	28	24	496	74
38571	4	4	5	33	12
38572	2	5	20	9	27
38573	4	10	6	90	12
38574	2	17	16	23	21
38575	4	21	296	152	602
38576	4	42	24	465	58
38577	1	25	6	26	6
38578	2	48	28	34	57
38579	2	34	24	24	48
38580	2	9	15	10	21
38581	2	23	27	30	48
38582	2	17	6	23	8
38583	4	15	16	210	58
38584	4	16	16	231	42
38585	2	12	19	25	26
38586	2	16	6	19	6
38587	2	19	295	15	318
38588	2	6	20	12	27
38589	2	24	28	33	34
38590	2	8	26	11	32
38591	2	35	24	38	30
38592	2	21	296	15	316
38593	4	15	6	136	12
38594	2	22	28	26	57
38595	4	33	6	893	13
38596	2	13	27	8	56
38597	4	6	28	85	42
38598	2	16	296	12	319
38599	8	9	16	1330	77
38600	2	13	6	10	6
38601	4	8	22	21	43
38602	4	15	18	190	60
38603	2	6	24	21	73
38604	2	34	26	39	56
38605	1	7	23	7	47
38606	4	36	296	434	604
38607	4	32	6	851	17
38608	4	7	16	45	42
38609	4	11	5	36	9
38610	2	29	24	33	44
38611	2	26	24	29	42
38612	2	17	24	21	28
38613	4	24	296	189	603
38614	1	18	6	19	9
38615	2	15	20	16	26
38616	2	26	24	18	43
38617	2	18	28	22	34
38618	4	49	24	630	58
38619	2	13	20	14	26
38620	2	10	28	21	34
38621	2	19	24	14	46
38622	4	5	4	21	9
38623	2	54	24	38	47
38624	4	22	24	346	56
38625	4	10	16	91	42
38626	4	7	6	99	14
38627	2	10	28	11	56
38628	2	19	24	13	27
38629	2	26	24	30	44
38630	2	11	16	22	22
38631	2	37	296	29	304
38632	4	21	23	253	52
38633	2	9	5	7	5
38634	4	22	6	403	12
38635	2	18	15	15	20
38636	2	7	6	14	11
38637	2	6	6	7	11
38638	2	5	15	7	21
38639	2	20	6	24	9
38640	2	19	24	13	48
38641	1	24	16	22	21
38642	4	10	6	90	13
38643	2	14	28	13	57
38644	4	23	24	136	73
38645	2	16	24	11	32
38646	2	13	27	14	32
38647	2	29	22	34	26
38648	4	18	17	190	30
38649	4	31	24	253	56
38650	2	22	16	29	37
38651	4	7	4	36	8
38652	4	53	24	741	77
38653	2	22	24	23	30
38654	2	23	24	16	46
38655	2	33	24	37	29
38656	2	34	26	39	53
38657	2	31	27	34	57
38658	1	24	16	24	22
38659	1	4	27	4	32
38660	2	19	6	23	6
38661	2	5	20	7	25
38662	2	26	28	27	34
38663	4	30	24	590	79
38664	2	10	6	14	11
38665	2	4	6	10	11
38666	2	38	296	29	314
38667	4	4	16	15	42
38668	2	34	24	37	31
38669	1	10	24	10	42
38670	2	9	6	11	6
38671	1	5	24	5	38
38672	4	44	24	496	58
38673	2	9	20	18	26
38674	2	20	24	14	49
38675	2	14	6	18	9
38676	2	22	24	26	48
38677	2	14	26	13	32
38678	4	24	6	405	13
38679	8	11	6	10165	28
38680	4	15	5	78	11
38681	4	25	6	625	17
38682	2	2	20	5	25
38683	2	19	6	25	11
38684	2	20	24	23	28
38685	2	15	28	15	33
38686	2	4	28	5	48
38687	2	11	5	15	6
38688	4	9	28	21	38
38689	2	8	24	36	75
38690	4	22	21	276	47
38691	2	15	24	11	49
38692	1	10	6	10	11
38693	4	23	24	276	58
38694	4	8	15	145	26
38695	2	24	6	28	6
38696	2	11	20	23	26
38697	4	12	24	36	56
38698	2	15	27	17	32
38699	2	44	296	35	317
38700	2	29	296	23	321
38701	2	5	11	10	18
38702	1	20	6	20	8
38703	4	10	6	221	12
38704	2	41	296	32	302
38705	2	35	24	36	43
38706	8	8	23	126	91
38707	2	14	28	13	33
38708	2	37	24	27	29
38709	2	13	6	14	6
38710	4	24	24	300	60
38711	2	49	28	36	56
38712	2	33	24	37	32
38713	2	21	19	28	25
38714	8	40	24	-1	-1
38715	1	4	28	4	32
38716	2	23	24	23	46
38717	2	24	20	32	26
38718	2	12	15	24	22
38719	4	12	6	313	14
38720	2	13	20	18	26
38721	4	9	20	77	31
38722	2	18	6	171	13
38723	2	3	16	7	21
38724	2	17	19	21	24
38725	2	17	23	17	33
38726	4	30	6	697	14
38727	2	42	296	33	317
38728	2	20	24	21	49
38729	2	55	24	39	44
38730	4	17	6	153	12
38731	2	57	27	41	56
38732	2	29	6	31	11
38733	2	15	14	15	18
38734	2	37	24	27	30
38735	8	34	24	-1	-1
38736	2	33	15	43	21
38737	2	10	21	6	31
38738	2	13	20	18	26
38739	2	19	296	15	304
38740	2	45	296	35	320
38741	8	27	24	31465	117
38742	4	11	16	265	29
38743	2	25	18	30	24
38744	2	27	24	32	41
38745	2	7	6	15	5
38746	2	23	24	27	46
38747	4	19	6	297	13
38748	2	14	6	11	11
38749	2	23	16	30	35
38750	2	25	296	19	315
38751	2	20	19	19	25
38752	2	6	6	21	12
38753	2	19	25	22	30
38754	2	24	24	25	29
38755	2	4	5	8	6
38756	4	7	6	113	14
38757	2	23	6	25	11
38758	4	18	24	190	60
38759	2	25	6	35	6
38760	2	21	296	17	304
38761	2	3	6	7	6
38762	2	8	5	36	11
38763	2	17	16	22	35
38764	4	17	6	105	13
38765	2	9	24	8	34
38766	4	16	24	153	57
38767	4	26	6	626	13
38768	4	11	28	243	42
38769	2	14	5	14	5
38770	2	17	24	16	30
38771	2	8	6	16	11
38772	2	12	20	23	27
38773	2	14	6	11	11
38774	2	12	6	16	9
38775	4	30	24	556	56
38776	4	26	24	460	57
38777	2	6	20	12	26
38778	4	21	24	298	76
38779	2	14	296	11	320
38780	2	25	24	18	31
38781	2	34	24	36	50
38782	4	16	295	90	595
38783	2	22	6	21	6
38784	2	29	24	34	29
38785	2	31	6	38	9
38786	2	17	20	23	25
38787	2	50	27	36	54
38788	2	30	24	22	27
38789	1	8	6	8	4
38790	2	5	15	10	21
38791	2	28	6	34	12
38792	2	14	26	13	55
38793	4	32	24	701	56
38794	4	37	296	433	603
38795	1	15	6	15	10
38796	2	27	24	19	48
38797	2	29	24	31	47
38798	4	15	6	188	13
38799	2	9	6	19	12
38800	2	8	16	10	21
38801	1	26	6	26	6
38802	1	4	14	4	20
38803	1	45	6	45	10
38804	2	5	28	10	34
38805	2	11	24	10	33
38806	2	30	28	35	57
38807	2	20	24	21	28
38808	2	32	24	23	45
38809	2	4	5	10	12
38810	2	8	20	5	23
38811	2	38	24	28	29
38812	4	15	6	185	18
38813	2	32	6	39	11
38814	2	29	24	21	34
38815	2	26	6	378	13
38816	2	54	25	38	54
38817	2	29	15	38	21
38818	2	16	26	19	32
38819	2	11	13	22	19
38820	2	52	24	37	29
38821	4	27	24	405	60
38822	2	50	28	35	56
38823	2	30	20	38	25
38824	4	33	14	933	27
38825	2	33	296	25	321
38826	2	7	27	28	84
38827	1	3	14	3	19
38828	2	3	20	5	26
38829	2	8	16	10	37
38830	2	31	27	36	54
38831	2	43	24	32	30
38832	4	24	6	405	14
38833	2	23	6	24	9
38834	2	20	24	24	49
38835	4	4	6	33	12
38836	2	15	27	19	47
38837	2	6	17	21	28
38838	2	27	24	19	28
38839	2	4	24	9	29
38840	2	12	24	13	44
38841	2	8	19	8	23
38842	2	13	28	16	52
38843	1	9	24	9	46
38844	2	2	20	4	26
38845	2	34	24	39	44
38846	4	21	16	406	43
38847	2	10	5	13	9
38848	2	30	296	24	302
38849	2	16	20	22	39
38850	2	8	3	7	6
38851	4	6	16	36	46
38852	2	10	6	20	7
38853	4	12	5	91	11
38854	2	4	12	8	19
38855	2	10	16	14	21
38856	2	26	6	31	6
38857	2	20	20	26	40
38858	2	15	24	16	44
38859	2	32	24	32	33
38860	2	6	16	7	34
38861	4	19	24	210	60
38862	2	23	16	32	22
38863	2	25	6	29	6
38864	2	31	24	21	44
38865	1	12	18	13	24
38866	2	8	12	9	18
38867	2	16	16	32	22
38868	2	17	20	14	26
38869	2	13	14	17	20
38870	2	5	5	6	9
38871	2	4	28	8	33
38872	2	27	28	28	57
38873	4	45	24	528	56
38874	2	18	20	24	26
38875	2	20	6	18	7
38876	2	9	16	11	21
38877	2	12	24	12	31
38878	2	19	15	25	21
38879	2	7	28	15	35
38880	4	8	5	15	11
38881	1	11	19	12	24
38882	1	6	28	6	34
38883	2	12	17	16	23
38884	2	10	15	14	20
38885	2	14	24	13	34
38886	1	10	18	10	23
38887	4	9	6	65	14
38888	4	29	24	210	60
38889	4	23	23	376	56
38890	4	8	4	21	9
38891	2	8	24	6	28
38892	2	22	16	30	22
38893	2	23	6	25	6
38894	2	12	6	25	7
38895	2	6	15	8	23
38896	2	23	24	27	29
38897	2	23	24	24	49
38898	1	10	6	8	8
38899	4	5	5	27	10
38900	2	32	24	37	33
38901	2	18	16	22	22
38902	2	17	20	22	26
38903	1	7	24	7	45
38904	2	7	27	9	33
38905	2	12	28	15	49
38906	2	14	24	13	44
38907	2	21	24	24	28
38908	2	30	23	35	27
38909	2	27	24	31	44
38910	2	27	6	31	7
38911	2	7	5	15	6
38912	2	8	16	10	24
38913	2	14	24	15	34
38914	2	26	6	30	7
38915	4	7	27	36	39
38916	2	25	18	33	40
38917	4	25	6	625	13
38918	4	18	6	252	12
38919	2	19	25	23	31
38920	2	12	19	16	25
38921	2	23	28	27	34
38922	2	8	6	17	7
38923	1	8	20	6	25
38924	4	8	16	55	43
38925	2	11	6	15	6
38926	2	40	296	31	301
38927	4	24	6	524	13
38928	2	40	28	29	57
38929	4	25	24	171	58
38930	2	24	6	29	7
38931	2	34	28	39	56
38932	2	29	15	36	21
38933	2	15	6	15	6
38934	2	29	14	33	20
38935	2	20	15	27	21
38936	2	24	24	17	44
38937	4	11	6	265	15
38938	2	22	28	26	57
38939	2	22	23	26	42
38940	4	5	16	61	27
38941	2	28	24	27	28
38942	2	8	16	5	21
38943	2	15	26	14	52
38944	2	5	6	10	11
38945	2	31	24	35	30
38946	4	29	24	435	58
38947	4	8	6	45	12
38948	4	24	16	528	40
38949	2	12	16	25	23
38950	2	7	6	13	7
38951	2	18	24	19	54
38952	2	35	18	45	25
38953	2	30	13	465	25
38954	8	23	24	25650	96
38955	2	8	6	16	12
38956	1	14	28	14	34
38957	2	9	5	12	5
38958	2	44	24	31	45
38959	1	6	28	6	34
38960	2	7	5	9	5
38961	1	22	24	22	29
38962	2	4	18	8	24
38963	2	25	6	33	11
38964	2	32	24	35	28
38965	2	18	24	12	45
38966	4	33	6	853	13
38967	2	35	27	40	54
38968	2	30	24	21	28
38969	2	42	296	33	315
38970	4	14	6	188	12
38971	2	14	28	14	34
38972	4	33	24	661	60
38973	2	21	296	17	301
38974	2	10	6	21	7
38975	2	7	23	9	28
38976	2	22	16	24	21
38977	2	21	19	20	25
38978	2	26	296	20	320
38979	2	3	27	7	33
38980	4	33	6	818	13
38981	2	26	22	19	28
38982	1	20	20	20	25
38983	4	40	24	406	57
38984	1	6	5	6	5
38985	2	13	28	14	34
38986	2	28	6	31	11
38987	2	9	28	13	32
38988	2	27	27	31	33
38989	2	4	25	9	31
38990	2	3	16	7	22
38991	2	6	6	13	8
38992	2	42	24	30	47
38993	2	14	294	11	322
38994	4	18	24	190	56
38995	2	7	16	9	37
38996	2	22	6	26	10
38997	2	12	6	12	9
38998	2	30	24	21	44
38999	1	20	6	20	12
39000	2	12	12	25	19
39001	2	10	6	14	6
39002	2	34	6	43	11
39003	2	8	16	11	34
39004	4	5	15	28	39
39005	2	11	28	14	34
39006	2	18	296	14	320
39007	4	15	6	208	13
39008	4	24	6	300	12
39009	1	20	6	20	10
39010	2	5	4	6	5
39011	2	12	14	15	20
39012	2	29	6	34	7
39013	4	8	6	136	14
39014	2	24	28	29	34
39015	4	15	6	208	13
39016	2	21	27	27	46
39017	2	20	18	27	24
39018	2	22	16	29	36
39019	2	4	6	5	11
39020	2	8	16	10	25
39021	2	22	16	29	21
39022	2	37	28	26	57
39023	2	23	16	29	21
39024	2	19	23	13	31
39025	2	8	6	36	13
39026	2	38	24	27	29
39027	2	23	24	16	45
39028	2	8	17	17	23
39029	2	12	27	16	32
39030	4	5	15	21	38
39031	4	15	24	185	47
39032	2	24	24	17	32
